round,targets,mode,sample,ms,pending
0,1,idle,0,0.023624999999981355,0
0,1,idle,1,0.014000000000010004,0
0,1,idle,2,0.009875000000022283,0
0,1,idle,3,0.008250000000003865,0
0,1,idle,4,0.0085420000000056,0
0,1,idle,5,0.008250000000003865,0
0,1,idle,6,0.013416000000006534,0
0,1,idle,7,0.011041999999974905,0
0,1,idle,8,0.008042000000017424,0
0,1,idle,9,0.046125000000017735,0
0,1,idle,10,0.028582999999997583,0
0,1,idle,11,0.20016699999999332,0
0,1,idle,12,0.01274999999998272,0
0,1,idle,13,0.004750000000001364,0
0,1,idle,14,0.0047919999999805896,0
0,1,idle,15,0.00533300000000736,0
0,1,idle,16,0.003500000000002501,0
0,1,idle,17,0.003457999999994854,0
0,1,idle,18,0.003375000000005457,0
0,1,idle,19,0.0037920000000042364,0
0,1,idle,20,0.003208000000000766,0
0,1,idle,21,0.003124999999982947,0
0,1,idle,22,0.00808399999999665,0
0,1,idle,23,0.008292000000011512,0
0,1,idle,24,0.003415999999987207,0
0,1,idle,25,0.004000000000019099,0
0,1,idle,26,0.003249999999979991,0
0,1,idle,27,0.002999999999985903,0
0,1,idle,28,0.00304199999999355,0
0,1,idle,29,0.003250000000008413,0
0,1,idle,30,0.003959000000008928,0
0,1,idle,31,0.006582999999977801,0
0,1,idle,32,0.004500000000007276,0
0,1,idle,33,0.004333000000002585,0
0,1,idle,34,0.0031250000000113687,0
0,1,idle,35,0.003957999999983031,0
0,1,idle,36,0.0031250000000113687,0
0,1,idle,37,0.0031250000000113687,0
0,1,idle,38,0.009500000000002728,0
0,1,idle,39,0.7298329999999851,0
0,1,idle,40,0.020166000000017448,0
0,1,idle,41,0.006249999999994316,0
0,1,idle,42,0.003917000000001281,0
0,1,idle,43,0.004124999999987722,0
0,1,idle,44,0.0035829999999918982,0
0,1,idle,45,0.010083000000008724,0
0,1,idle,46,0.004707999999993717,0
0,1,idle,47,0.003957999999983031,0
0,1,idle,48,0.0033749999999770353,0
0,1,idle,49,0.0031670000000190157,0
0,1,idle,50,0.005167000000000144,0
0,1,idle,51,0.004000000000019099,0
0,1,idle,52,0.003166999999990594,0
0,1,idle,53,0.003708000000017364,0
0,1,idle,54,0.005708999999995967,0
0,1,idle,55,0.0037909999999783395,0
0,1,idle,56,0.004000000000019099,0
0,1,idle,57,0.003250000000008413,0
0,1,idle,58,0.003333999999995285,0
0,1,idle,59,0.003457999999994854,0
0,1,idle,60,0.003084000000001197,0
0,1,idle,61,0.003999999999990678,0
0,1,idle,62,0.005667000000016742,0
0,1,idle,63,0.006459000000006654,0
0,1,idle,64,0.01012499999998795,0
0,1,idle,65,0.003415999999987207,0
0,1,idle,66,0.003291999999987638,0
0,1,idle,67,0.008749999999992042,0
0,1,idle,68,0.004000000000019099,0
0,1,idle,69,0.003375000000005457,0
0,1,idle,70,0.004707999999993717,0
0,1,idle,71,0.003208000000000766,0
0,1,idle,72,0.007709000000005517,0
0,1,idle,73,0.0049999999999954525,0
0,1,idle,74,0.003290999999990163,0
0,1,idle,75,0.0032090000000266627,0
0,1,idle,76,0.004541999999986501,0
0,1,idle,77,0.01870800000000372,0
0,1,idle,78,0.007000000000005002,0
0,1,idle,79,0.003500000000002501,0
0,1,idle,80,0.0031670000000190157,0
0,1,idle,81,0.0030830000000037217,0
0,1,idle,82,0.0037079999999889424,0
0,1,idle,83,0.0031670000000190157,0
0,1,idle,84,0.0037920000000042364,0
0,1,idle,85,0.009083000000003949,0
0,1,idle,86,0.0034589999999923293,0
0,1,idle,87,0.0032910000000185846,0
0,1,idle,88,0.0038749999999936335,0
0,1,idle,89,0.003208999999998241,0
0,1,idle,90,0.0030830000000037217,0
0,1,idle,91,0.003166999999990594,0
0,1,idle,92,0.0030420000000219716,0
0,1,idle,93,0.0037920000000042364,0
0,1,idle,94,0.0030830000000037217,0
0,1,idle,95,0.003375000000005457,0
0,1,idle,96,0.0058749999999747615,0
0,1,idle,97,0.003084000000001197,0
0,1,idle,98,0.0037919999999758147,0
0,1,idle,99,0.0030830000000037217,0
0,1,idle,100,0.003084000000001197,0
0,1,idle,101,0.004790999999983114,0
0,1,idle,102,0.00329200000001606,0
0,1,idle,103,0.003957999999983031,0
0,1,idle,104,0.003124999999982947,0
0,1,idle,105,0.008165999999988571,0
0,1,idle,106,0.004583000000025095,0
0,1,idle,107,0.008082999999999174,0
0,1,idle,108,0.0036249999999995453,0
0,1,idle,109,0.0037920000000042364,0
0,1,idle,110,0.0041250000000161435,0
0,1,idle,111,0.003375000000005457,0
0,1,idle,112,0.00329200000001606,0
0,1,idle,113,0.003250000000008413,0
0,1,idle,114,0.0038340000000118835,0
0,1,idle,115,0.006915999999989708,0
0,1,idle,116,0.00333299999999781,0
0,1,idle,117,0.00329200000001606,0
0,1,idle,118,0.0031250000000113687,0
0,1,idle,119,0.0037089999999864176,0
0,1,idle,120,0.0030410000000244963,0
0,1,idle,121,0.004457999999999629,0
0,1,idle,122,0.003375000000005457,0
0,1,idle,123,0.003375000000005457,0
0,1,idle,124,0.0037079999999889424,0
0,1,idle,125,0.0030000000000143245,0
0,1,idle,126,0.003208999999998241,0
0,1,idle,127,0.0030000000000143245,0
0,1,idle,128,0.005499999999983629,0
0,1,idle,129,0.0031660000000215405,0
0,1,idle,130,0.0037089999999864176,0
0,1,idle,131,0.0030410000000244963,0
0,1,idle,132,0.003124999999982947,0
0,1,idle,133,0.0041250000000161435,0
0,1,idle,134,0.0030829999999753,0
0,1,idle,135,0.018458999999978687,0
0,1,idle,136,0.005374999999986585,0
0,1,idle,137,0.0036249999999995453,0
0,1,idle,138,0.0030830000000037217,0
0,1,idle,139,0.003375000000005457,0
0,1,idle,140,0.009125000000011596,0
0,1,idle,141,0.0036670000000071923,0
0,1,idle,142,0.003208000000000766,0
0,1,idle,143,0.003208000000000766,0
0,1,idle,144,0.0035419999999817264,0
0,1,idle,145,0.0034169999999846823,0
0,1,idle,146,0.0038339999999834617,0
0,1,idle,147,0.013290999999981068,0
0,1,idle,148,0.0037499999999965894,0
0,1,idle,149,0.00795800000000213,0
0,1,idle,150,0.003291999999987638,0
0,1,idle,151,0.00858299999998735,0
0,1,idle,152,0.009083000000003949,0
0,1,idle,153,0.003249999999979991,0
0,1,idle,154,0.003208000000000766,0
0,1,idle,155,0.003291999999987638,0
0,1,idle,156,0.004000000000019099,0
0,1,idle,157,0.003084000000001197,0
0,1,idle,158,0.00329200000001606,0
0,1,idle,159,0.003208000000000766,0
0,1,idle,160,0.0030830000000037217,0
0,1,idle,161,0.005541999999991276,0
0,1,idle,162,0.003417000000013104,0
0,1,idle,163,0.00333299999999781,0
0,1,idle,164,0.004667000000011967,0
0,1,idle,165,0.0030409999999960746,0
0,1,idle,166,0.003084000000001197,0
0,1,idle,167,0.004041999999998325,0
0,1,idle,168,0.004249999999984766,0
0,1,idle,169,0.0030000000000143245,0
0,1,idle,170,0.0029580000000066775,0
0,1,idle,171,0.00304199999999355,0
0,1,idle,172,0.0036249999999995453,0
0,1,idle,173,0.003375000000005457,0
0,1,idle,174,0.008708000000012817,0
0,1,idle,175,0.00333299999999781,0
0,1,idle,176,0.003124999999982947,0
0,1,idle,177,0.0047499999999729425,0
0,1,idle,178,0.003208999999998241,0
0,1,idle,179,0.008791000000002214,0
0,1,idle,180,0.0033749999999770353,0
0,1,idle,181,0.003084000000001197,0
0,1,idle,182,0.008874999999989086,0
0,1,idle,183,0.00333299999999781,0
0,1,idle,184,0.003208999999998241,0
0,1,idle,185,0.0030830000000037217,0
0,1,idle,186,0.0036249999999995453,0
0,1,idle,187,0.0031659999999931188,0
0,1,idle,188,0.0036249999999995453,0
0,1,idle,189,0.008791000000002214,0
0,1,idle,190,0.0036249999999995453,0
0,1,idle,191,0.003542000000010148,0
0,1,idle,192,0.003166999999990594,0
0,1,idle,193,0.005459000000001879,0
0,1,idle,194,0.0030830000000037217,0
0,1,idle,195,0.003084000000001197,0
0,1,idle,196,0.003999999999990678,0
0,1,idle,197,0.0030830000000037217,0
0,1,idle,198,0.003917000000001281,0
0,1,idle,199,0.003500000000002501,0
0,1,idle,200,0.0032910000000185846,0
0,1,idle,201,0.002999999999985903,0
0,1,idle,202,0.0030829999999753,0
0,1,idle,203,0.009666999999978998,0
0,1,idle,204,0.003250000000008413,0
0,1,idle,205,0.003208000000000766,0
0,1,idle,206,0.0030420000000219716,0
0,1,idle,207,0.003500000000002501,0
0,1,idle,208,0.002999999999985903,0
0,1,idle,209,0.008458000000018728,0
0,1,idle,210,0.003249999999979991,0
0,1,idle,211,0.0033330000000262316,0
0,1,idle,212,0.0035839999999893735,0
0,1,idle,213,0.0031250000000113687,0
0,1,idle,214,0.003833000000014408,0
0,1,idle,215,0.003084000000001197,0
0,1,idle,216,0.003500000000002501,0
0,1,idle,217,0.0030830000000037217,0
0,1,idle,218,0.0029580000000066775,0
0,1,idle,219,0.003958999999980506,0
0,1,idle,220,0.002957999999978256,0
0,1,idle,221,0.0036670000000071923,0
0,1,idle,222,0.0038750000000220552,0
0,1,idle,223,0.003250000000008413,0
0,1,idle,224,0.004000000000019099,0
0,1,idle,225,0.0031250000000113687,0
0,1,idle,226,0.004874999999998408,0
0,1,idle,227,0.003791000000006761,0
0,1,idle,228,0.003084000000001197,0
0,1,idle,229,0.00333299999999781,0
0,1,idle,230,0.0036670000000071923,0
0,1,idle,231,0.03579100000001745,0
0,1,idle,232,0.004541999999986501,0
0,1,idle,233,0.003917000000001281,0
0,1,idle,234,0.003250000000008413,0
0,1,idle,235,0.009500000000002728,0
0,1,idle,236,0.003290999999990163,0
0,1,idle,237,0.009166999999990821,0
0,1,idle,238,0.00333299999999781,0
0,1,idle,239,0.0030830000000037217,0
0,1,idle,240,0.004667000000011967,0
0,1,idle,241,0.007708000000008042,0
0,1,idle,242,0.003540999999984251,0
0,1,idle,243,0.0030000000000143245,0
0,1,idle,244,0.0030830000000037217,0
0,1,idle,245,0.0030000000000143245,0
0,1,idle,246,0.0038329999999859865,0
0,1,idle,247,0.0031250000000113687,0
0,1,idle,248,0.0029590000000041528,0
0,1,idle,249,0.0030000000000143245,0
0,1,idle,250,0.002957999999978256,0
0,1,idle,251,0.003541000000012673,0
0,1,idle,252,0.00304199999999355,0
0,1,idle,253,0.0030000000000143245,0
0,1,idle,254,0.003708000000017364,0
0,1,idle,255,0.0029169999999965057,0
0,1,idle,256,0.003708000000017364,0
0,1,idle,257,0.0030830000000037217,0
0,1,idle,258,0.00491600000000858,0
0,1,idle,259,0.004084000000005972,0
0,1,idle,260,0.002999999999985903,0
0,1,idle,261,0.004082999999980075,0
0,1,idle,262,0.008250000000003865,0
0,1,idle,263,0.0037499999999965894,0
0,1,idle,264,0.0031670000000190157,0
0,1,idle,265,0.0030829999999753,0
0,1,idle,266,0.0035829999999918982,0
0,1,idle,267,0.003958000000011452,0
0,1,idle,268,0.0030830000000037217,0
0,1,idle,269,0.0034169999999846823,0
0,1,idle,270,0.003084000000001197,0
0,1,idle,271,0.007374999999996135,0
0,1,idle,272,0.0036670000000071923,0
0,1,idle,273,0.007915999999994483,0
0,1,idle,274,0.00508299999998485,0
0,1,idle,275,0.003250000000008413,0
0,1,idle,276,0.0030420000000219716,0
0,1,idle,277,0.0036659999999812953,0
0,1,idle,278,0.003334000000023707,0
0,1,idle,279,0.0036249999999995453,0
0,1,idle,280,0.003124999999982947,0
0,1,idle,281,0.0029580000000066775,0
0,1,idle,282,0.00358300000002032,0
0,1,idle,283,0.003208000000000766,0
0,1,idle,284,0.0031670000000190157,0
0,1,idle,285,0.00304199999999355,0
0,1,idle,286,0.0030420000000219716,0
0,1,idle,287,0.0029169999999965057,0
0,1,idle,288,0.0038750000000220552,0
0,1,idle,289,0.0030830000000037217,0
0,1,idle,290,0.0037499999999965894,0
0,1,idle,291,0.00462500000000432,0
0,1,idle,292,0.00837500000000091,0
0,1,idle,293,0.0036249999999995453,0
0,1,idle,294,0.00333299999999781,0
0,1,idle,295,0.003166999999990594,0
0,1,idle,296,0.0029580000000066775,0
0,1,idle,297,0.0030000000000143245,0
0,1,idle,298,0.003708000000017364,0
0,1,idle,299,0.002999999999985903,0
0,1,idle,300,0.00358300000002032,0
0,1,idle,301,0.002999999999985903,0
0,1,idle,302,0.00304199999999355,0
0,1,idle,303,0.004249999999984766,0
0,1,idle,304,0.0030000000000143245,0
0,1,idle,305,0.004790999999983114,0
0,1,idle,306,0.003375000000005457,0
0,1,idle,307,0.00329200000001606,0
0,1,idle,308,0.00795800000000213,0
0,1,idle,309,0.0038749999999936335,0
0,1,idle,310,0.003208999999998241,0
0,1,idle,311,0.0031250000000113687,0
0,1,idle,312,0.0031250000000113687,0
0,1,idle,313,0.0030000000000143245,0
0,1,idle,314,0.0037499999999965894,0
0,1,idle,315,0.008208999999993694,0
0,1,idle,316,0.0034169999999846823,0
0,1,idle,317,0.0031660000000215405,0
0,1,idle,318,0.003291999999987638,0
0,1,idle,319,0.008417000000008557,0
0,1,idle,320,0.003457999999994854,0
0,1,idle,321,0.0035419999999817264,0
0,1,idle,322,0.004457999999999629,0
0,1,idle,323,0.0018330000000048585,0
0,1,idle,324,0.0017499999999870397,0
0,1,idle,325,0.003375000000005457,0
0,1,idle,326,0.0013749999999959073,0
0,1,idle,327,0.0014999999999929514,0
0,1,idle,328,0.0030409999999960746,0
0,1,idle,329,0.0013329999999882602,0
0,1,idle,330,0.0014579999999853044,0
0,1,idle,331,0.001207999999991216,0
0,1,idle,332,0.0012080000000196378,0
0,1,idle,333,0.0038749999999936335,0
0,1,idle,334,0.001458000000013726,0
0,1,idle,335,0.0014579999999853044,0
0,1,idle,336,0.0012920000000065102,0
0,1,idle,337,0.0011660000000119908,0
0,1,idle,338,0.0011660000000119908,0
0,1,idle,339,0.001458000000013726,0
0,1,idle,340,0.0014169999999751326,0
0,1,idle,341,0.0013340000000141572,0
0,1,idle,342,0.001165999999983569,0
0,1,idle,343,0.001125000000001819,0
0,1,idle,344,0.0016660000000001673,0
0,1,idle,345,0.001333000000016682,0
0,1,idle,346,0.003916999999972859,0
0,1,idle,347,0.0012920000000065102,0
0,1,idle,348,0.001167000000009466,0
0,1,idle,349,0.0012920000000065102,0
0,1,idle,350,0.001165999999983569,0
0,1,idle,351,0.0013749999999959073,0
0,1,idle,352,0.001291000000009035,0
0,1,idle,353,0.0015420000000005984,0
0,1,idle,354,0.0012920000000065102,0
0,1,idle,355,0.001165999999983569,0
0,1,idle,356,0.0020000000000095497,0
0,1,idle,357,0.004209000000003016,0
0,1,idle,358,0.0012920000000065102,0
0,1,idle,359,0.001291000000009035,0
0,1,idle,360,0.0012080000000196378,0
0,1,idle,361,0.0014170000000035543,0
0,1,idle,362,0.001167000000009466,0
0,1,idle,363,0.0011660000000119908,0
0,1,idle,364,0.0012499999999988631,0
0,1,idle,365,0.0012080000000196378,0
0,1,idle,366,0.0012499999999988631,0
0,1,idle,367,0.0014170000000035543,0
0,1,idle,368,0.001125000000001819,0
0,1,idle,369,0.001209000000017113,0
0,1,idle,370,0.001167000000009466,0
0,1,idle,371,0.001165999999983569,0
0,1,idle,372,0.0014170000000035543,0
0,1,idle,373,0.0012080000000196378,0
0,1,idle,374,0.0012920000000065102,0
0,1,idle,375,0.003249999999979991,0
0,1,idle,376,0.0012920000000065102,0
0,1,idle,377,0.001458000000013726,0
0,1,idle,378,0.0011249999999733973,0
0,1,idle,379,0.0012499999999988631,0
0,1,idle,380,0.0014999999999929514,0
0,1,idle,381,0.001167000000009466,0
0,1,idle,382,0.0014170000000035543,0
0,1,idle,383,0.001165999999983569,0
0,1,idle,384,0.001165999999983569,0
0,1,idle,385,0.0015420000000005984,0
0,1,idle,386,0.003208999999998241,0
0,1,idle,387,0.0014170000000035543,0
0,1,idle,388,0.002250000000003638,0
0,1,idle,389,0.0012089999999886913,0
0,1,idle,390,0.0014170000000035543,0
0,1,idle,391,0.0035839999999893735,0
0,1,idle,392,0.0012499999999988631,0
0,1,idle,393,0.0015410000000031232,0
0,1,idle,394,0.0012920000000065102,0
0,1,idle,395,0.0030000000000143245,0
0,1,idle,396,0.0012080000000196378,0
0,1,idle,397,0.0012080000000196378,0
0,1,idle,398,0.001458000000013726,0
0,1,idle,399,0.0030830000000037217,0
0,1,idle,400,0.0030830000000037217,0
0,1,idle,401,0.0012089999999886913,0
0,1,idle,402,0.002958999999975731,0
0,1,idle,403,0.0030830000000037217,0
0,1,idle,404,0.001375000000024329,0
0,1,idle,405,0.001167000000009466,0
0,1,idle,406,0.0028750000000172804,0
0,1,idle,407,0.0017500000000154614,0
0,1,idle,408,0.0014169999999751326,0
0,1,idle,409,0.0014590000000112013,0
0,1,idle,410,0.001209000000017113,0
0,1,idle,411,0.0015000000000213731,0
0,1,idle,412,0.001333000000016682,0
0,1,idle,413,0.001458000000013726,0
0,1,idle,414,0.0014579999999853044,0
0,1,idle,415,0.001207999999991216,0
0,1,idle,416,0.0015410000000031232,0
0,1,idle,417,0.0012080000000196378,0
0,1,idle,418,0.0011660000000119908,0
0,1,idle,419,0.001458000000013726,0
0,1,idle,420,0.001207999999991216,0
0,1,idle,421,0.0017910000000256332,0
0,1,idle,422,0.0012499999999988631,0
0,1,idle,423,0.0011660000000119908,0
0,1,idle,424,0.0014170000000035543,0
0,1,idle,425,0.0013339999999857355,0
0,1,idle,426,0.0012089999999886913,0
0,1,idle,427,0.0012499999999988631,0
0,1,idle,428,0.001167000000009466,0
0,1,idle,429,0.001209000000017113,0
0,1,idle,430,0.0014590000000112013,0
0,1,idle,431,0.001167000000009466,0
0,1,idle,432,0.0012499999999988631,0
0,1,idle,433,0.0013339999999857355,0
0,1,idle,434,0.0012089999999886913,0
0,1,idle,435,0.0013749999999959073,0
0,1,idle,436,0.0034169999999846823,0
0,1,idle,437,0.0012499999999988631,0
0,1,idle,438,0.0012080000000196378,0
0,1,idle,439,0.0010830000000225937,0
0,1,idle,440,0.00333299999999781,0
0,1,idle,441,0.0016249999999899956,0
0,1,idle,442,0.003291999999987638,0
0,1,idle,443,0.0012499999999988631,0
0,1,idle,444,0.0012080000000196378,0
0,1,idle,445,0.0012499999999988631,0
0,1,idle,446,0.0016249999999899956,0
0,1,idle,447,0.001207999999991216,0
0,1,idle,448,0.0018330000000048585,0
0,1,idle,449,0.0012499999999988631,0
0,1,idle,450,0.0012909999999806132,0
0,1,idle,451,0.0013749999999959073,0
0,1,idle,452,0.001333000000016682,0
0,1,idle,453,0.0018750000000125056,0
0,1,idle,454,0.0036249999999995453,0
0,1,idle,455,0.0013340000000141572,0
0,1,idle,456,0.0015420000000005984,0
0,1,idle,457,0.003500000000002501,0
0,1,idle,458,0.0012499999999988631,0
0,1,idle,459,0.001333000000016682,0
0,1,idle,460,0.0011669999999810443,0
0,1,idle,461,0.0015420000000005984,0
0,1,idle,462,0.011665999999991072,0
0,1,idle,463,0.0028340000000071086,0
0,1,idle,464,0.0016250000000184173,0
0,1,idle,465,0.0014170000000035543,0
0,1,idle,466,0.0012909999999806132,0
0,1,idle,467,0.0017499999999870397,0
0,1,idle,468,0.0013339999999857355,0
0,1,idle,469,0.005416999999994232,0
0,1,idle,470,0.002500000000026148,0
0,1,idle,471,0.0012499999999988631,0
0,1,idle,472,0.0016250000000184173,0
0,1,idle,473,0.0014170000000035543,0
0,1,idle,474,0.001416000000006079,0
0,1,idle,475,0.0018330000000048585,0
0,1,idle,476,0.025666000000001077,0
0,1,idle,477,0.054000000000002046,0
0,1,idle,478,0.0020409999999912998,0
0,1,idle,479,0.002332999999993035,0
0,1,idle,480,0.0015420000000005984,0
0,1,idle,481,0.0013329999999882602,0
0,1,idle,482,0.0052080000000103155,0
0,1,idle,483,0.003375000000005457,0
0,1,idle,484,0.0012920000000065102,0
0,1,idle,485,0.0012920000000065102,0
0,1,idle,486,0.005583000000001448,0
0,1,idle,487,0.0017080000000078144,0
0,1,idle,488,0.0015410000000031232,0
0,1,idle,489,0.001167000000009466,0
0,1,idle,490,0.001207999999991216,0
0,1,idle,491,0.0012499999999988631,0
0,1,idle,492,0.0015410000000031232,0
0,1,idle,493,0.0015420000000005984,0
0,1,idle,494,0.001209000000017113,0
0,1,idle,495,0.0012499999999988631,0
0,1,idle,496,0.0012499999999988631,0
0,1,idle,497,0.0012909999999806132,0
0,1,idle,498,0.001416000000006079,0
0,1,idle,499,0.0012499999999988631,0
0,1,idle,500,0.0011660000000119908,0
0,1,idle,501,0.0012499999999988631,0
0,1,idle,502,0.0019170000000201526,0
0,1,idle,503,0.0016250000000184173,0
0,1,idle,504,0.0012920000000065102,0
0,1,idle,505,0.001207999999991216,0
0,1,idle,506,0.0012499999999988631,0
0,1,idle,507,0.001125000000001819,0
0,1,idle,508,0.0013749999999959073,0
0,1,idle,509,0.003625000000027967,0
0,1,idle,510,0.0015840000000082455,0
0,1,idle,511,0.002292000000011285,0
0,1,idle,512,0.0012499999999988631,0
0,1,idle,513,0.003500000000002501,0
0,1,idle,514,0.0015420000000005984,0
0,1,idle,515,0.0014169999999751326,0
0,1,idle,516,0.001333000000016682,0
0,1,idle,517,0.0015000000000213731,0
0,1,idle,518,0.002458000000018501,0
0,1,idle,519,0.0037089999999864176,0
0,1,idle,520,0.0013329999999882602,0
0,1,idle,521,0.001209000000017113,0
0,1,idle,522,0.001458000000013726,0
0,1,idle,523,0.001167000000009466,0
0,1,idle,524,0.003250000000008413,0
0,1,idle,525,0.001291000000009035,0
0,1,idle,526,0.0012080000000196378,0
0,1,idle,527,0.001167000000009466,0
0,1,idle,528,0.001333000000016682,0
0,1,idle,529,0.0013329999999882602,0
0,1,idle,530,0.0014579999999853044,0
0,1,idle,531,0.0014999999999929514,0
0,1,idle,532,0.0012499999999988631,0
0,1,idle,533,0.011791999999985592,0
0,1,idle,534,0.0020000000000095497,0
0,1,idle,535,0.0015409999999747015,0
0,1,idle,536,0.0014999999999929514,0
0,1,idle,537,0.0012499999999988631,0
0,1,idle,538,0.0012089999999886913,0
0,1,idle,539,0.0015420000000005984,0
0,1,idle,540,0.0013749999999959073,0
0,1,idle,541,0.001125000000001819,0
0,1,idle,542,0.019709000000005972,0
0,1,idle,543,0.0024999999999977263,0
0,1,idle,544,0.0013749999999959073,0
0,1,idle,545,0.0015829999999823485,0
0,1,idle,546,0.0014999999999929514,0
0,1,idle,547,0.0013329999999882602,0
0,1,idle,548,0.0012080000000196378,0
0,1,idle,549,0.0012089999999886913,0
0,1,idle,550,0.0012499999999988631,0
0,1,idle,551,0.0022919999999828633,0
0,1,idle,552,0.001209000000017113,0
0,1,idle,553,0.001167000000009466,0
0,1,idle,554,0.001165999999983569,0
0,1,idle,555,0.001125000000001819,0
0,1,idle,556,0.0014999999999929514,0
0,1,idle,557,0.0012499999999988631,0
0,1,idle,558,0.0011660000000119908,0
0,1,idle,559,0.001167000000009466,0
0,1,idle,560,0.001167000000009466,0
0,1,idle,561,0.0015420000000005984,0
0,1,idle,562,0.0012080000000196378,0
0,1,idle,563,0.001125000000001819,0
0,1,idle,564,0.001125000000001819,0
0,1,idle,565,0.0011660000000119908,0
0,1,idle,566,0.004416999999989457,0
0,1,idle,567,0.0014589999999827796,0
0,1,idle,568,0.0012499999999988631,0
0,1,idle,569,0.0011669999999810443,0
0,1,idle,570,0.003249999999979991,0
0,1,idle,571,0.0013749999999959073,0
0,1,idle,572,0.003500000000002501,0
0,1,idle,573,0.001207999999991216,0
0,1,idle,574,0.0019580000000019027,0
0,1,idle,575,0.001291000000009035,0
0,1,idle,576,0.003375000000005457,0
0,1,idle,577,0.0015839999999798238,0
0,1,idle,578,0.0013749999999959073,0
0,1,idle,579,0.0029590000000041528,0
0,1,idle,580,0.0013749999999959073,0
0,1,idle,581,0.046499999999980446,0
0,1,idle,582,0.0227079999999944,0
0,1,idle,583,0.01233299999998394,0
0,1,idle,584,0.004333000000002585,0
0,1,idle,585,0.0035419999999817264,0
0,1,idle,586,0.004124999999987722,0
0,1,idle,587,0.004790999999983114,0
0,1,idle,588,0.003500000000002501,0
0,1,idle,589,0.003208000000000766,0
0,1,idle,590,0.003333999999995285,0
0,1,idle,591,0.003166999999990594,0
0,1,idle,592,0.005540999999993801,0
0,1,idle,593,0.004082999999980075,0
0,1,idle,594,0.004290999999994938,0
0,1,idle,595,0.003540999999984251,0
0,1,idle,596,0.003333999999995285,0
0,1,idle,597,0.003334000000023707,0
0,1,idle,598,0.003750000000025011,0
0,1,idle,599,0.003458000000023276,0
0,1,idle,600,0.003249999999979991,0
0,1,idle,601,0.003084000000001197,0
0,1,idle,602,0.003375000000005457,0
0,1,idle,603,0.0038329999999859865,0
0,1,idle,604,0.003417000000013104,0
0,1,idle,605,0.0049159999999801585,0
0,1,idle,606,0.003208999999998241,0
0,1,idle,607,0.003249999999979991,0
0,1,idle,608,0.019499999999993634,0
0,1,idle,609,0.008292000000011512,0
0,1,idle,610,0.003791000000006761,0
0,1,idle,611,0.003833000000014408,0
0,1,idle,612,0.010208000000005768,0
0,1,idle,613,0.0061249999999972715,0
0,1,idle,614,0.00566699999998832,0
0,1,idle,615,0.00358300000002032,0
0,1,idle,616,0.006332999999983713,0
0,1,idle,617,0.0038750000000220552,0
0,1,idle,618,0.003458000000023276,0
0,1,idle,619,0.003999999999990678,0
0,1,idle,620,0.004000000000019099,0
0,1,idle,621,0.003334000000023707,0
0,1,idle,622,0.0036670000000071923,0
0,1,idle,623,0.0037089999999864176,0
0,1,idle,624,0.004165999999997894,0
0,1,idle,625,0.0031659999999931188,0
0,1,idle,626,0.003208999999998241,0
0,1,idle,627,0.003166999999990594,0
0,1,idle,628,0.0030830000000037217,0
0,1,idle,629,0.003291999999987638,0
0,1,idle,630,0.003917000000001281,0
0,1,idle,631,0.0029580000000066775,0
0,1,idle,632,0.0030000000000143245,0
0,1,idle,633,0.003833000000014408,0
0,1,idle,634,0.003124999999982947,0
0,1,idle,635,0.003666000000009717,0
0,1,idle,636,0.0033330000000262316,0
0,1,idle,637,0.01245899999997846,0
0,1,idle,638,0.003666000000009717,0
0,1,idle,639,0.003500000000002501,0
0,1,idle,640,0.0037909999999783395,0
0,1,idle,641,0.003584000000017795,0
0,1,idle,642,0.00925000000000864,0
0,1,idle,643,0.015083000000004176,0
0,1,idle,644,0.003500000000002501,0
0,1,idle,645,0.005332999999978938,0
0,1,idle,646,0.003249999999979991,0
0,1,idle,647,0.003375000000005457,0
0,1,idle,648,0.005750000000006139,0
0,1,idle,649,0.003250000000008413,0
0,1,idle,650,0.009375000000005684,0
0,1,idle,651,0.009500000000002728,0
0,1,idle,652,0.003500000000002501,0
0,1,idle,653,0.00333299999999781,0
0,1,idle,654,0.01245899999997846,0
0,1,idle,655,0.0033749999999770353,0
0,1,idle,656,0.0038749999999936335,0
0,1,idle,657,0.0031670000000190157,0
0,1,idle,658,0.003124999999982947,0
0,1,idle,659,0.0032910000000185846,0
0,1,idle,660,0.003290999999990163,0
0,1,idle,661,0.0038339999999834617,0
0,1,idle,662,0.0035419999999817264,0
0,1,idle,663,0.0036249999999995453,0
0,1,idle,664,0.0030830000000037217,0
0,1,idle,665,0.002999999999985903,0
0,1,idle,666,0.0037499999999965894,0
0,1,idle,667,0.003375000000005457,0
0,1,idle,668,0.004290999999994938,0
0,1,idle,669,0.003250000000008413,0
0,1,idle,670,0.0030830000000037217,0
0,1,idle,671,0.003459000000020751,0
0,1,idle,672,0.003999999999990678,0
0,1,idle,673,0.0030829999999753,0
0,1,idle,674,0.0030420000000219716,0
0,1,idle,675,0.00304199999999355,0
0,1,idle,676,0.0035829999999918982,0
0,1,idle,677,0.003916999999972859,0
0,1,idle,678,0.003915999999975384,0
0,1,idle,679,0.0031659999999931188,0
0,1,idle,680,0.003290999999990163,0
0,1,idle,681,0.011207999999982121,0
0,1,idle,682,0.003917000000001281,0
0,1,idle,683,0.003500000000002501,0
0,1,idle,684,0.003208999999998241,0
0,1,idle,685,0.0030420000000219716,0
0,1,idle,686,0.002999999999985903,0
0,1,idle,687,0.0037089999999864176,0
0,1,idle,688,0.003124999999982947,0
0,1,idle,689,0.0030420000000219716,0
0,1,idle,690,0.003084000000001197,0
0,1,idle,691,0.003250000000008413,0
0,1,idle,692,0.007957999999973708,0
0,1,idle,693,0.003917000000001281,0
0,1,idle,694,0.003250000000008413,0
0,1,idle,695,0.003208000000000766,0
0,1,idle,696,0.003708000000017364,0
0,1,idle,697,0.003166999999990594,0
0,1,idle,698,0.005417000000022654,0
0,1,idle,699,0.003166999999990594,0
0,1,idle,700,0.004000000000019099,0
0,1,idle,701,0.0031250000000113687,0
0,1,idle,702,0.003333999999995285,0
0,1,idle,703,0.003833000000014408,0
0,1,idle,704,0.003500000000002501,0
0,1,idle,705,0.011750000000006366,0
0,1,idle,706,0.003291999999987638,0
0,1,idle,707,0.0031670000000190157,0
0,1,idle,708,0.003916000000003805,0
0,1,idle,709,0.0034589999999923293,0
0,1,idle,710,0.008333000000021684,0
0,1,idle,711,0.003166999999990594,0
0,1,idle,712,0.0031250000000113687,0
0,1,idle,713,0.004707999999993717,0
0,1,idle,714,0.004250000000013188,0
0,1,idle,715,0.0031659999999931188,0
0,1,idle,716,0.00304199999999355,0
0,1,idle,717,0.0030830000000037217,0
0,1,idle,718,0.003166999999990594,0
0,1,idle,719,0.0036669999999787706,0
0,1,idle,720,0.0030000000000143245,0
0,1,idle,721,0.0030830000000037217,0
0,1,idle,722,0.003084000000001197,0
0,1,idle,723,0.003500000000002501,0
0,1,idle,724,0.0040410000000008495,0
0,1,idle,725,0.0031660000000215405,0
0,1,idle,726,0.003208999999998241,0
0,1,idle,727,0.003208000000000766,0
0,1,idle,728,0.0031250000000113687,0
0,1,idle,729,0.00304199999999355,0
0,1,idle,730,0.0036249999999995453,0
0,1,idle,731,0.0035419999999817264,0
0,1,idle,732,0.003124999999982947,0
0,1,idle,733,0.0031670000000190157,0
0,1,idle,734,0.007958999999999605,0
0,1,idle,735,0.004000000000019099,0
0,1,idle,736,0.003290999999990163,0
0,1,idle,737,0.00766699999999787,0
0,1,idle,738,0.00358300000002032,0
0,1,idle,739,0.003124999999982947,0
0,1,idle,740,0.003791000000006761,0
0,1,idle,741,0.0037920000000042364,0
0,1,idle,742,0.0034169999999846823,0
0,1,idle,743,0.003457999999994854,0
0,1,idle,744,0.0036249999999995453,0
0,1,idle,745,0.003750000000025011,0
0,1,idle,746,0.004750000000001364,0
0,1,idle,747,0.0036670000000071923,0
0,1,idle,748,0.003417000000013104,0
0,1,idle,749,0.0029580000000066775,0
0,1,idle,750,0.003084000000001197,0
0,1,idle,751,0.0040830000000084965,0
0,1,idle,752,0.0029580000000066775,0
0,1,idle,753,0.0029159999999990305,0
0,1,idle,754,0.003290999999990163,0
0,1,idle,755,0.0031250000000113687,0
0,1,idle,756,0.009083000000003949,0
0,1,idle,757,0.003250000000008413,0
0,1,idle,758,0.00304199999999355,0
0,1,idle,759,0.0030420000000219716,0
0,1,idle,760,0.002999999999985903,0
0,1,idle,761,0.0037920000000042364,0
0,1,idle,762,0.003250000000008413,0
0,1,idle,763,0.004082999999980075,0
0,1,idle,764,0.003208000000000766,0
0,1,idle,765,0.0037090000000148393,0
0,1,idle,766,0.003666000000009717,0
0,1,idle,767,0.012624999999985675,0
0,1,idle,768,0.0037920000000042364,0
0,1,idle,769,0.003208999999998241,0
0,1,idle,770,0.003250000000008413,0
0,1,idle,771,0.0031659999999931188,0
0,1,idle,772,0.004208000000005541,0
0,1,idle,773,0.003208000000000766,0
0,1,idle,774,0.0030830000000037217,0
0,1,idle,775,0.0074580000000139535,0
0,1,idle,776,0.00433400000000006,0
0,1,idle,777,0.00837500000000091,0
0,1,idle,778,0.047291000000001304,0
0,1,idle,779,0.006583999999975276,0
0,1,idle,780,0.0036670000000071923,0
0,1,idle,781,0.003542000000010148,0
0,1,idle,782,0.0040830000000084965,0
0,1,idle,783,0.003208000000000766,0
0,1,idle,784,0.0031250000000113687,0
0,1,idle,785,0.002999999999985903,0
0,1,idle,786,0.003208999999998241,0
0,1,idle,787,0.0038750000000220552,0
0,1,idle,788,0.003917000000001281,0
0,1,idle,789,0.003166999999990594,0
0,1,idle,790,0.0030409999999960746,0
0,1,idle,791,0.0030830000000037217,0
0,1,idle,792,0.00304199999999355,0
0,1,idle,793,0.003791000000006761,0
0,1,idle,794,0.010750000000001592,0
0,1,idle,795,0.003250000000008413,0
0,1,idle,796,0.003250000000008413,0
0,1,idle,797,0.0038340000000118835,0
0,1,idle,798,0.004291999999992413,0
0,1,idle,799,0.003291999999987638,0
0,1,idle,800,0.003375000000005457,0
0,1,idle,801,0.003457999999994854,0
0,1,idle,802,0.0031250000000113687,0
0,1,idle,803,0.0041250000000161435,0
0,1,idle,804,0.005291999999997188,0
0,1,idle,805,0.003542000000010148,0
0,1,idle,806,0.003208000000000766,0
0,1,idle,807,0.003333999999995285,0
0,1,idle,808,0.0036669999999787706,0
0,1,idle,809,0.003249999999979991,0
0,1,idle,810,0.0032910000000185846,0
0,1,idle,811,0.004792000000009011,0
0,1,idle,812,0.003166999999990594,0
0,1,idle,813,0.003084000000001197,0
0,1,idle,814,0.0037079999999889424,0
0,1,idle,815,0.003375000000005457,0
0,1,idle,816,0.003250000000008413,0
0,1,idle,817,0.009332999999998037,0
0,1,idle,818,0.004041999999998325,0
0,1,idle,819,0.003833000000014408,0
0,1,idle,820,0.0031660000000215405,0
0,1,idle,821,0.007749999999987267,0
0,1,idle,822,0.003375000000005457,0
0,1,idle,823,0.0031250000000113687,0
0,1,idle,824,0.0036249999999995453,0
0,1,idle,825,0.003208999999998241,0
0,1,idle,826,0.0036249999999995453,0
0,1,idle,827,0.003249999999979991,0
0,1,idle,828,0.003500000000002501,0
0,1,idle,829,0.00862500000002342,0
0,1,idle,830,0.007875000000012733,0
0,1,idle,831,0.0036249999999995453,0
0,1,idle,832,0.003208000000000766,0
0,1,idle,833,0.00304199999999355,0
0,1,idle,834,0.003208000000000766,0
0,1,idle,835,0.00358300000002032,0
0,1,idle,836,0.003084000000001197,0
0,1,idle,837,0.0031250000000113687,0
0,1,idle,838,0.0031250000000113687,0
0,1,idle,839,0.0031659999999931188,0
0,1,idle,840,0.003457999999994854,0
0,1,idle,841,0.0030420000000219716,0
0,1,idle,842,0.0029169999999965057,0
0,1,idle,843,0.004791000000011536,0
0,1,idle,844,0.008207999999996218,0
0,1,idle,845,0.004958000000016227,0
0,1,idle,846,0.0034169999999846823,0
0,1,idle,847,0.003290999999990163,0
0,1,idle,848,0.0074580000000139535,0
0,1,idle,849,0.003542000000010148,0
0,1,idle,850,0.003084000000001197,0
0,1,idle,851,0.0036249999999995453,0
0,1,idle,852,0.002957999999978256,0
0,1,idle,853,0.002958999999975731,0
0,1,idle,854,0.003084000000001197,0
0,1,idle,855,0.003750000000025011,0
0,1,idle,856,0.0036249999999995453,0
0,1,idle,857,0.0041250000000161435,0
0,1,idle,858,0.003084000000001197,0
0,1,idle,859,0.007583000000010998,0
0,1,idle,860,0.0036249999999995453,0
0,1,idle,861,0.0037920000000042364,0
0,1,idle,862,0.003375000000005457,0
0,1,idle,863,0.003208000000000766,0
0,1,idle,864,0.003084000000001197,0
0,1,idle,865,0.002999999999985903,0
0,1,idle,866,0.003457999999994854,0
0,1,idle,867,0.003375000000005457,0
0,1,idle,868,0.0029590000000041528,0
0,1,idle,869,0.0030830000000037217,0
0,1,idle,870,0.0029580000000066775,0
0,1,idle,871,0.0030830000000037217,0
0,1,idle,872,0.003542000000010148,0
0,1,idle,873,0.0029590000000041528,0
0,1,idle,874,0.0029580000000066775,0
0,1,idle,875,0.003166999999990594,0
0,1,idle,876,0.004457999999999629,0
0,1,idle,877,0.003999999999990678,0
0,1,idle,878,0.0031250000000113687,0
0,1,idle,879,0.0029590000000041528,0
0,1,idle,880,0.0030000000000143245,0
0,1,idle,881,0.003542000000010148,0
0,1,idle,882,0.004041999999998325,0
0,1,idle,883,0.0031250000000113687,0
0,1,idle,884,0.0030830000000037217,0
0,1,idle,885,0.002999999999985903,0
0,1,idle,886,0.0030409999999960746,0
0,1,idle,887,0.003542000000010148,0
0,1,idle,888,0.007708000000008042,0
0,1,idle,889,0.00437499999998181,0
0,1,idle,890,0.0031659999999931188,0
0,1,idle,891,0.01329100000000949,0
0,1,idle,892,0.00329200000001606,0
0,1,idle,893,0.00837500000000091,0
0,1,idle,894,0.003208000000000766,0
0,1,idle,895,0.003084000000001197,0
0,1,idle,896,0.0031250000000113687,0
0,1,idle,897,0.0031250000000113687,0
0,1,idle,898,0.0038749999999936335,0
0,1,idle,899,0.0072920000000067375,0
0,1,idle,900,0.004458999999997104,0
0,1,idle,901,0.007374999999996135,0
0,1,idle,902,0.008042000000017424,0
0,1,idle,903,0.0040830000000084965,0
0,1,idle,904,0.003124999999982947,0
0,1,idle,905,0.02400000000000091,0
0,1,idle,906,0.0037920000000042364,0
0,1,idle,907,0.007708000000008042,0
0,1,idle,908,0.009292000000016287,0
0,1,idle,909,0.003249999999979991,0
0,1,idle,910,0.004207999999977119,0
0,1,idle,911,0.007667000000026292,0
0,1,idle,912,0.00329200000001606,0
0,1,idle,913,0.004041999999998325,0
0,1,idle,914,0.003208999999998241,0
0,1,idle,915,0.003084000000001197,0
0,1,idle,916,0.0030410000000244963,0
0,1,idle,917,0.002999999999985903,0
0,1,idle,918,0.003459000000020751,0
0,1,idle,919,0.0037079999999889424,0
0,1,idle,920,0.00329200000001606,0
0,1,idle,921,0.00304199999999355,0
0,1,idle,922,0.002999999999985903,0
0,1,idle,923,0.00304199999999355,0
0,1,idle,924,0.0034999999999740794,0
0,1,idle,925,0.0030829999999753,0
0,1,idle,926,0.002999999999985903,0
0,1,idle,927,0.003500000000002501,0
0,1,idle,928,0.0031250000000113687,0
0,1,idle,929,0.004084000000005972,0
0,1,idle,930,0.0030409999999960746,0
0,1,idle,931,0.0028340000000071086,0
0,1,idle,932,0.0030830000000037217,0
0,1,idle,933,0.0028749999999888587,0
0,1,idle,934,0.003166999999990594,0
0,1,idle,935,0.0037499999999965894,0
0,1,idle,936,0.0030000000000143245,0
0,1,idle,937,0.003084000000001197,0
0,1,idle,938,0.007999999999981355,0
0,1,idle,939,0.00329200000001606,0
0,1,idle,940,0.003708000000017364,0
0,1,idle,941,0.004666000000014492,0
0,1,idle,942,0.0030830000000037217,0
0,1,idle,943,0.007666000000000395,0
0,1,idle,944,0.0038749999999936335,0
0,1,idle,945,0.003957999999983031,0
0,1,idle,946,0.002999999999985903,0
0,1,idle,947,0.002999999999985903,0
0,1,idle,948,0.00333299999999781,0
0,1,idle,949,0.003500000000002501,0
0,1,idle,950,0.0037499999999965894,0
0,1,idle,951,0.003417000000013104,0
0,1,idle,952,0.00433400000000006,0
0,1,idle,953,0.007958999999999605,0
0,1,idle,954,0.0036670000000071923,0
0,1,idle,955,0.002999999999985903,0
0,1,idle,956,0.007791999999994914,0
0,1,idle,957,0.0031670000000190157,0
0,1,idle,958,0.002957999999978256,0
0,1,idle,959,0.0030829999999753,0
0,1,idle,960,0.002958999999975731,0
0,1,idle,961,0.004041999999998325,0
0,1,idle,962,0.0028749999999888587,0
0,1,idle,963,0.003500000000002501,0
0,1,idle,964,0.0029169999999965057,0
0,1,idle,965,0.0031670000000190157,0
0,1,idle,966,0.010874999999998636,0
0,1,idle,967,0.003542000000010148,0
0,1,idle,968,0.0031250000000113687,0
0,1,idle,969,0.003166999999990594,0
0,1,idle,970,0.0031250000000113687,0
0,1,idle,971,0.004457999999999629,0
0,1,idle,972,0.0031670000000190157,0
0,1,idle,973,0.004417000000017879,0
0,1,idle,974,0.002999999999985903,0
0,1,idle,975,0.00304199999999355,0
0,1,idle,976,0.00304199999999355,0
0,1,idle,977,0.0040830000000084965,0
0,1,idle,978,0.007916999999991958,0
0,1,idle,979,0.003250000000008413,0
0,1,idle,980,0.0030409999999960746,0
0,1,idle,981,0.0029590000000041528,0
0,1,idle,982,0.003833000000014408,0
0,1,idle,983,0.0037920000000042364,0
0,1,idle,984,0.00304199999999355,0
0,1,idle,985,0.0072499999999990905,0
0,1,idle,986,0.0037499999999965894,0
0,1,idle,987,0.0038750000000220552,0
0,1,idle,988,0.003250000000008413,0
0,1,idle,989,0.007834000000002561,0
0,1,idle,990,0.0031660000000215405,0
0,1,idle,991,0.003291999999987638,0
0,1,idle,992,0.003958999999980506,0
0,1,idle,993,0.003124999999982947,0
0,1,idle,994,0.002958999999975731,0
0,1,idle,995,0.0030409999999960746,0
0,1,idle,996,0.0030409999999960746,0
0,1,idle,997,0.0027919999999994616,0
0,1,idle,998,0.0034999999999740794,0
0,1,idle,999,0.002999999999985903,0
0,1,event,0,0.07716699999997445,1
0,1,event,1,0.007541000000003351,0
0,1,event,2,0.005084000000010747,0
0,1,event,3,0.004917000000006055,0
0,1,event,4,0.004000000000019099,0
0,1,event,5,0.0028749999999888587,0
0,1,event,6,0.008749999999992042,0
0,1,event,7,0.0029580000000066775,0
0,1,event,8,0.0028340000000071086,0
0,1,event,9,0.0041250000000161435,0
0,1,event,10,0.007042000000012649,0
0,1,event,11,0.0034169999999846823,0
0,1,event,12,0.0029580000000066775,0
0,1,event,13,0.0027080000000125892,0
0,1,event,14,0.0034169999999846823,0
0,1,event,15,0.0027500000000202363,0
0,1,event,16,0.0027499999999918145,0
0,1,event,17,0.035459000000003016,0
0,1,event,18,0.004540999999989026,0
0,1,event,19,0.0035839999999893735,0
0,1,event,20,0.0028749999999888587,0
0,1,event,21,0.004041999999998325,0
0,1,event,22,0.0028329999999812117,0
0,1,event,23,0.0028749999999888587,0
0,1,event,24,0.0028330000000096334,0
0,1,event,25,0.0031670000000190157,0
0,1,event,26,0.0026249999999947704,0
0,1,event,27,0.002666000000004942,0
0,1,event,28,0.0030409999999960746,0
0,1,event,29,0.0027499999999918145,0
0,1,event,30,0.0030000000000143245,0
0,1,event,31,0.0026249999999947704,0
0,1,event,32,0.002541000000007898,0
0,1,event,33,0.0074580000000139535,0
0,1,event,34,0.003249999999979991,0
0,1,event,35,0.0034589999999923293,0
0,1,event,36,0.004208000000005541,0
0,1,event,37,0.011500000000012278,0
0,1,event,38,0.0036669999999787706,0
0,1,event,39,0.0030000000000143245,0
0,1,event,40,0.003542000000010148,0
0,1,event,41,0.004499999999978854,0
0,1,event,42,0.0027080000000125892,0
0,1,event,43,0.0027919999999994616,0
0,1,event,44,0.0028340000000071086,0
0,1,event,45,0.003166999999990594,0
0,1,event,46,0.0033749999999770353,0
0,1,event,47,0.0025840000000130203,0
0,1,event,48,0.0029170000000249274,0
0,1,event,49,0.0029159999999990305,0
0,1,event,50,0.0027080000000125892,0
0,1,event,51,0.0072920000000067375,0
0,1,event,52,0.0038749999999936335,0
0,1,event,53,0.006874999999979536,0
0,1,event,54,0.0027499999999918145,0
0,1,event,55,0.0028749999999888587,0
0,1,event,56,0.010125000000016371,0
0,1,event,57,0.0027919999999994616,0
0,1,event,58,0.0028330000000096334,0
0,1,event,59,0.0026249999999947704,0
0,1,event,60,0.0387500000000216,1
0,1,event,61,0.005750000000006139,0
0,1,event,62,0.0028749999999888587,0
0,1,event,63,0.003500000000002501,0
0,1,event,64,0.0030000000000143245,0
0,1,event,65,0.0029169999999965057,0
0,1,event,66,0.0034169999999846823,0
0,1,event,67,0.0027499999999918145,0
0,1,event,68,0.003458000000023276,0
0,1,event,69,0.0026670000000024174,0
0,1,event,70,0.0027919999999994616,0
0,1,event,71,0.007333000000016909,0
0,1,event,72,0.00433400000000006,0
0,1,event,73,0.0027499999999918145,0
0,1,event,74,0.003291999999987638,0
0,1,event,75,0.0028329999999812117,0
0,1,event,76,0.0030830000000037217,0
0,1,event,77,0.006582999999977801,0
0,1,event,78,0.002999999999985903,0
0,1,event,79,0.003084000000001197,0
0,1,event,80,0.0029170000000249274,0
0,1,event,81,0.003457999999994854,0
0,1,event,82,0.0027079999999841675,0
0,1,event,83,0.0028750000000172804,0
0,1,event,84,0.006916999999987183,0
0,1,event,85,0.003208000000000766,0
0,1,event,86,0.0025829999999871234,0
0,1,event,87,0.0030829999999753,0
0,1,event,88,0.003290999999990163,0
0,1,event,89,0.002666000000004942,0
0,1,event,90,0.0026670000000024174,0
0,1,event,91,0.0027090000000100645,0
0,1,event,92,0.003250000000008413,0
0,1,event,93,0.0027090000000100645,0
0,1,event,94,0.006791999999990139,0
0,1,event,95,0.00304199999999355,0
0,1,event,96,0.0027080000000125892,0
0,1,event,97,0.003208999999998241,0
0,1,event,98,0.002583000000015545,0
0,1,event,99,0.007499999999993179,0
0,1,event,100,0.0028749999999888587,0
0,1,event,101,0.0041670000000237906,0
0,1,event,102,0.0037920000000042364,0
0,1,event,103,0.00329200000001606,0
0,1,event,104,0.003208999999998241,0
0,1,event,105,0.0027079999999841675,0
0,1,event,106,0.0028749999999888587,0
0,1,event,107,0.0025829999999871234,0
0,1,event,108,0.00304199999999355,0
0,1,event,109,0.0024999999999977263,0
0,1,event,110,0.0026249999999947704,0
0,1,event,111,0.0025840000000130203,0
0,1,event,112,0.0028330000000096334,0
0,1,event,113,0.003333999999995285,0
0,1,event,114,0.002625000000023192,0
0,1,event,115,0.0029169999999965057,0
0,1,event,116,0.003249999999979991,0
0,1,event,117,0.0030420000000219716,0
0,1,event,118,0.002957999999978256,0
0,1,event,119,0.002833999999978687,0
0,1,event,120,0.02820799999997803,1
0,1,event,121,0.005415999999996757,0
0,1,event,122,0.003375000000005457,0
0,1,event,123,0.0029169999999965057,0
0,1,event,124,0.003208999999998241,0
0,1,event,125,0.006540999999998576,0
0,1,event,126,0.006709000000000742,0
0,1,event,127,0.004165999999997894,0
0,1,event,128,0.0032910000000185846,0
0,1,event,129,0.002666000000004942,0
0,1,event,130,0.002583000000015545,0
0,1,event,131,0.0026249999999947704,0
0,1,event,132,0.002999999999985903,0
0,1,event,133,0.004500000000007276,0
0,1,event,134,0.0025419999999769516,0
0,1,event,135,0.0035829999999918982,0
0,1,event,136,0.013499999999993406,0
0,1,event,137,0.0030000000000143245,0
0,1,event,138,0.003084000000001197,0
0,1,event,139,0.0027080000000125892,0
0,1,event,140,0.00662500000001387,0
0,1,event,141,0.0029169999999965057,0
0,1,event,142,0.003500000000002501,0
0,1,event,143,0.003375000000005457,0
0,1,event,144,0.0027909999999735646,0
0,1,event,145,0.003124999999982947,0
0,1,event,146,0.0029169999999965057,0
0,1,event,147,0.002625000000023192,0
0,1,event,148,0.0027090000000100645,0
0,1,event,149,0.003250000000008413,0
0,1,event,150,0.0025840000000130203,0
0,1,event,151,0.0027499999999918145,0
0,1,event,152,0.0029170000000249274,0
0,1,event,153,0.0027499999999918145,0
0,1,event,154,0.00304199999999355,0
0,1,event,155,0.0027079999999841675,0
0,1,event,156,0.002666000000004942,0
0,1,event,157,0.0027910000000019863,0
0,1,event,158,0.0026249999999947704,0
0,1,event,159,0.0031250000000113687,0
0,1,event,160,0.0026670000000024174,0
0,1,event,161,0.00662500000001387,0
0,1,event,162,0.0025829999999871234,0
0,1,event,163,0.0024579999999900792,0
0,1,event,164,0.0027090000000100645,0
0,1,event,165,0.003250000000008413,0
0,1,event,166,0.004582999999996673,0
0,1,event,167,0.003916000000003805,0
0,1,event,168,0.002583000000015545,0
0,1,event,169,0.0027090000000100645,0
0,1,event,170,0.0031250000000113687,0
0,1,event,171,0.0025840000000130203,0
0,1,event,172,0.0025420000000053733,0
0,1,event,173,0.0026670000000024174,0
0,1,event,174,0.002583000000015545,0
0,1,event,175,0.003333999999995285,0
0,1,event,176,0.002625000000023192,0
0,1,event,177,0.003124999999982947,0
0,1,event,178,0.006667000000021517,0
0,1,event,179,0.0028749999999888587,0
0,1,event,180,0.03158300000001191,1
0,1,event,181,0.005041000000005624,0
0,1,event,182,0.003208000000000766,0
0,1,event,183,0.003084000000001197,0
0,1,event,184,0.0029580000000066775,0
0,1,event,185,0.004000000000019099,0
0,1,event,186,0.0028330000000096334,0
0,1,event,187,0.0027919999999994616,0
0,1,event,188,0.0026670000000024174,0
0,1,event,189,0.0029580000000066775,0
0,1,event,190,0.0031250000000113687,0
0,1,event,191,0.0027919999999994616,0
0,1,event,192,0.0025840000000130203,0
0,1,event,193,0.0025829999999871234,0
0,1,event,194,0.0026249999999947704,0
0,1,event,195,0.0030410000000244963,0
0,1,event,196,0.002666000000004942,0
0,1,event,197,0.0028750000000172804,0
0,1,event,198,0.003375000000005457,0
0,1,event,199,0.0031250000000113687,0
0,1,event,200,0.003084000000001197,0
0,1,event,201,0.006957999999997355,0
0,1,event,202,0.003375000000005457,0
0,1,event,203,0.0027080000000125892,0
0,1,event,204,0.0028330000000096334,0
0,1,event,205,0.003500000000002501,0
0,1,event,206,0.003250000000008413,0
0,1,event,207,0.0028750000000172804,0
0,1,event,208,0.0025420000000053733,0
0,1,event,209,0.0024999999999977263,0
0,1,event,210,0.002583000000015545,0
0,1,event,211,0.0031250000000113687,0
0,1,event,212,0.0029169999999965057,0
0,1,event,213,0.0027079999999841675,0
0,1,event,214,0.0026249999999947704,0
0,1,event,215,0.0027080000000125892,0
0,1,event,216,0.0030830000000037217,0
0,1,event,217,0.0025419999999769516,0
0,1,event,218,0.0026249999999947704,0
0,1,event,219,0.0027499999999918145,0
0,1,event,220,0.006957999999997355,0
0,1,event,221,0.003457999999994854,0
0,1,event,222,0.00633400000000961,0
0,1,event,223,0.012624999999985675,0
0,1,event,224,0.0037920000000042364,0
0,1,event,225,0.0027500000000202363,0
0,1,event,226,0.0027499999999918145,0
0,1,event,227,0.003124999999982947,0
0,1,event,228,0.006791999999990139,0
0,1,event,229,0.0031250000000113687,0
0,1,event,230,0.005665999999990845,0
0,1,event,231,0.0040410000000008495,0
0,1,event,232,0.003290999999990163,0
0,1,event,233,0.00333299999999781,0
0,1,event,234,0.0026249999999947704,0
0,1,event,235,0.0025829999999871234,0
0,1,event,236,0.0026670000000024174,0
0,1,event,237,0.003250000000008413,0
0,1,event,238,0.0027910000000019863,0
0,1,event,239,0.003124999999982947,0
0,1,event,240,0.02949999999998454,1
0,1,event,241,0.006166000000007443,0
0,1,event,242,0.0028750000000172804,0
0,1,event,243,0.003208000000000766,0
0,1,event,244,0.0026670000000024174,0
0,1,event,245,0.002625000000023192,0
0,1,event,246,0.004041999999998325,0
0,1,event,247,0.003291999999987638,0
0,1,event,248,0.0027500000000202363,0
0,1,event,249,0.008250000000003865,0
0,1,event,250,0.0030409999999960746,0
0,1,event,251,0.0031659999999931188,0
0,1,event,252,0.003917000000001281,0
0,1,event,253,0.002583000000015545,0
0,1,event,254,0.0027089999999816428,0
0,1,event,255,0.0027079999999841675,0
0,1,event,256,0.0025840000000130203,0
0,1,event,257,0.0030830000000037217,0
0,1,event,258,0.0027499999999918145,0
0,1,event,259,0.0027500000000202363,0
0,1,event,260,0.0025839999999845986,0
0,1,event,261,0.0036249999999995453,0
0,1,event,262,0.0072920000000067375,0
0,1,event,263,0.0041250000000161435,0
0,1,event,264,0.0027499999999918145,0
0,1,event,265,0.0027499999999918145,0
0,1,event,266,0.006458999999978232,0
0,1,event,267,0.0030830000000037217,0
0,1,event,268,0.00304199999999355,0
0,1,event,269,0.0030000000000143245,0
0,1,event,270,0.002583000000015545,0
0,1,event,271,0.0025840000000130203,0
0,1,event,272,0.0024999999999977263,0
0,1,event,273,0.003250000000008413,0
0,1,event,274,0.0025840000000130203,0
0,1,event,275,0.0026249999999947704,0
0,1,event,276,0.0025839999999845986,0
0,1,event,277,0.0027499999999918145,0
0,1,event,278,0.0030000000000143245,0
0,1,event,279,0.0029159999999990305,0
0,1,event,280,0.002541000000007898,0
0,1,event,281,0.002541000000007898,0
0,1,event,282,0.0028750000000172804,0
0,1,event,283,0.002666000000004942,0
0,1,event,284,0.012000000000000455,0
0,1,event,285,0.0027919999999994616,0
0,1,event,286,0.0031250000000113687,0
0,1,event,287,0.002583000000015545,0
0,1,event,288,0.0025840000000130203,0
0,1,event,289,0.007499999999993179,0
0,1,event,290,0.0030830000000037217,0
0,1,event,291,0.0027079999999841675,0
0,1,event,292,0.003084000000001197,0
0,1,event,293,0.0028329999999812117,0
0,1,event,294,0.003208999999998241,0
0,1,event,295,0.0026249999999947704,0
0,1,event,296,0.004000000000019099,0
0,1,event,297,0.0026670000000024174,0
0,1,event,298,0.002583000000015545,0
0,1,event,299,0.003333999999995285,0
0,1,event,300,0.029375000000015916,1
0,1,event,301,0.029583000000002357,0
0,1,event,302,0.004833000000019183,0
0,1,event,303,0.0028750000000172804,0
0,1,event,304,0.011166000000002896,0
0,1,event,305,0.0034169999999846823,0
0,1,event,306,0.0027919999999994616,0
0,1,event,307,0.0135840000000087,0
0,1,event,308,0.00304199999999355,0
0,1,event,309,0.0037499999999965894,0
0,1,event,310,0.0038340000000118835,0
0,1,event,311,0.0029580000000066775,0
0,1,event,312,0.0027079999999841675,0
0,1,event,313,0.0030000000000143245,0
0,1,event,314,0.0027910000000019863,0
0,1,event,315,0.0027500000000202363,0
0,1,event,316,0.003375000000005457,0
0,1,event,317,0.0028750000000172804,0
0,1,event,318,0.0028340000000071086,0
0,1,event,319,0.0027919999999994616,0
0,1,event,320,0.0027499999999918145,0
0,1,event,321,0.0031250000000113687,0
0,1,event,322,0.0027090000000100645,0
0,1,event,323,0.0026249999999947704,0
0,1,event,324,0.0036670000000071923,0
0,1,event,325,0.002666000000004942,0
0,1,event,326,0.003249999999979991,0
0,1,event,327,0.0027079999999841675,0
0,1,event,328,0.0029159999999990305,0
0,1,event,329,0.0025420000000053733,0
0,1,event,330,0.0027499999999918145,0
0,1,event,331,0.007334000000014385,0
0,1,event,332,0.0030830000000037217,0
0,1,event,333,0.0026249999999947704,0
0,1,event,334,0.0026670000000024174,0
0,1,event,335,0.002541000000007898,0
0,1,event,336,0.002541000000007898,0
0,1,event,337,0.003249999999979991,0
0,1,event,338,0.0025829999999871234,0
0,1,event,339,0.003375000000005457,0
0,1,event,340,0.002583000000015545,0
0,1,event,341,0.0024999999999977263,0
0,1,event,342,0.0031250000000113687,0
0,1,event,343,0.0024999999999977263,0
0,1,event,344,0.0027919999999994616,0
0,1,event,345,0.0027919999999994616,0
0,1,event,346,0.010707999999993945,0
0,1,event,347,0.003541000000012673,0
0,1,event,348,0.0028330000000096334,0
0,1,event,349,0.0026249999999947704,0
0,1,event,350,0.0025420000000053733,0
0,1,event,351,0.0025419999999769516,0
0,1,event,352,0.003208000000000766,0
0,1,event,353,0.003250000000008413,0
0,1,event,354,0.0030409999999960746,0
0,1,event,355,0.0028749999999888587,0
0,1,event,356,0.003500000000002501,0
0,1,event,357,0.0026249999999947704,0
0,1,event,358,0.003208999999998241,0
0,1,event,359,0.002583000000015545,0
0,1,event,360,0.024334000000010292,1
0,1,event,361,0.005499999999983629,0
0,1,event,362,0.0037920000000042364,0
0,1,event,363,0.0026249999999947704,0
0,1,event,364,0.002541000000007898,0
0,1,event,365,0.0027499999999918145,0
0,1,event,366,0.0024999999999977263,0
0,1,event,367,0.003333999999995285,0
0,1,event,368,0.0031670000000190157,0
0,1,event,369,0.003166999999990594,0
0,1,event,370,0.0026670000000024174,0
0,1,event,371,0.006000000000000227,0
0,1,event,372,0.004582999999996673,0
0,1,event,373,0.0029590000000041528,0
0,1,event,374,0.003250000000008413,0
0,1,event,375,0.0026249999999947704,0
0,1,event,376,0.002583000000015545,0
0,1,event,377,0.0025420000000053733,0
0,1,event,378,0.0031250000000113687,0
0,1,event,379,0.0026670000000024174,0
0,1,event,380,0.00304199999999355,0
0,1,event,381,0.0027089999999816428,0
0,1,event,382,0.0026249999999947704,0
0,1,event,383,0.003500000000002501,0
0,1,event,384,0.0028329999999812117,0
0,1,event,385,0.0028340000000071086,0
0,1,event,386,0.0026249999999947704,0
0,1,event,387,0.0028750000000172804,0
0,1,event,388,0.007167000000009693,0
0,1,event,389,0.00333299999999781,0
0,1,event,390,0.0026670000000024174,0
0,1,event,391,0.006583000000006223,0
0,1,event,392,0.0030830000000037217,0
0,1,event,393,0.004500000000007276,0
0,1,event,394,0.0026659999999765205,0
0,1,event,395,0.0025829999999871234,0
0,1,event,396,0.006292000000001963,0
0,1,event,397,0.0029169999999965057,0
0,1,event,398,0.0027919999999994616,0
0,1,event,399,0.0031250000000113687,0
0,1,event,400,0.0026670000000024174,0
0,1,event,401,0.0026249999999947704,0
0,1,event,402,0.0027079999999841675,0
0,1,event,403,0.0029159999999990305,0
0,1,event,404,0.003084000000001197,0
0,1,event,405,0.006917000000015605,0
0,1,event,406,0.0028330000000096334,0
0,1,event,407,0.0026670000000024174,0
0,1,event,408,0.00633400000000961,0
0,1,event,409,0.003208000000000766,0
0,1,event,410,0.0028340000000071086,0
0,1,event,411,0.0027500000000202363,0
0,1,event,412,0.0026670000000024174,0
0,1,event,413,0.0031250000000113687,0
0,1,event,414,0.003250000000008413,0
0,1,event,415,0.0027080000000125892,0
0,1,event,416,0.0026249999999947704,0
0,1,event,417,0.0028750000000172804,0
0,1,event,418,0.00304199999999355,0
0,1,event,419,0.0036669999999787706,0
0,1,event,420,0.05924999999999159,1
0,1,event,421,0.005167000000000144,0
0,1,event,422,0.0028749999999888587,0
0,1,event,423,0.0027079999999841675,0
0,1,event,424,0.0028340000000071086,0
0,1,event,425,0.0026669999999739957,0
0,1,event,426,0.0040410000000008495,0
0,1,event,427,0.003415999999987207,0
0,1,event,428,0.0027910000000019863,0
0,1,event,429,0.003457999999994854,0
0,1,event,430,0.006708000000003267,0
0,1,event,431,0.003250000000008413,0
0,1,event,432,0.003250000000008413,0
0,1,event,433,0.0026670000000024174,0
0,1,event,434,0.0027499999999918145,0
0,1,event,435,0.0028330000000096334,0
0,1,event,436,0.0026249999999947704,0
0,1,event,437,0.003500000000002501,0
0,1,event,438,0.0026669999999739957,0
0,1,event,439,0.0026249999999947704,0
0,1,event,440,0.0026670000000024174,0
0,1,event,441,0.002416000000010854,0
0,1,event,442,0.0030830000000037217,0
0,1,event,443,0.0026670000000024174,0
0,1,event,444,0.0028750000000172804,0
0,1,event,445,0.003375000000005457,0
0,1,event,446,0.0026249999999947704,0
0,1,event,447,0.0028749999999888587,0
0,1,event,448,0.003250000000008413,0
0,1,event,449,0.0026249999999947704,0
0,1,event,450,0.003999999999990678,0
0,1,event,451,0.0029580000000066775,0
0,1,event,452,0.0027500000000202363,0
0,1,event,453,0.003459000000020751,0
0,1,event,454,0.0025409999999794763,0
0,1,event,455,0.0025419999999769516,0
0,1,event,456,0.002458000000018501,0
0,1,event,457,0.0026249999999947704,0
0,1,event,458,0.003290999999990163,0
0,1,event,459,0.002541000000007898,0
0,1,event,460,0.0027499999999918145,0
0,1,event,461,0.006583000000006223,0
0,1,event,462,0.0027500000000202363,0
0,1,event,463,0.003375000000005457,0
0,1,event,464,0.0027919999999994616,0
0,1,event,465,0.0029590000000041528,0
0,1,event,466,0.006915999999989708,0
0,1,event,467,0.002666000000004942,0
0,1,event,468,0.0025420000000053733,0
0,1,event,469,0.008000000000009777,0
0,1,event,470,0.003084000000001197,0
0,1,event,471,0.0025420000000053733,0
0,1,event,472,0.006332999999983713,0
0,1,event,473,0.0027919999999994616,0
0,1,event,474,0.0031250000000113687,0
0,1,event,475,0.006540999999998576,0
0,1,event,476,0.00333299999999781,0
0,1,event,477,0.0030830000000037217,0
0,1,event,478,0.0026670000000024174,0
0,1,event,479,0.003249999999979991,0
0,1,event,480,0.018041999999979907,1
0,1,event,481,0.0037919999999758147,0
0,1,event,482,0.0030409999999960746,0
0,1,event,483,0.003249999999979991,0
0,1,event,484,0.0027499999999918145,0
0,1,event,485,0.00304199999999355,0
0,1,event,486,0.0027080000000125892,0
0,1,event,487,0.0024999999999977263,0
0,1,event,488,0.0026670000000024174,0
0,1,event,489,0.003457999999994854,0
0,1,event,490,0.016041000000001304,0
0,1,event,491,0.004124999999987722,0
0,1,event,492,0.0027090000000100645,0
0,1,event,493,0.008125000000006821,0
0,1,event,494,0.0030830000000037217,0
0,1,event,495,0.0027090000000100645,0
0,1,event,496,0.0025829999999871234,0
0,1,event,497,0.0025840000000130203,0
0,1,event,498,0.0038749999999936335,0
0,1,event,499,0.0025829999999871234,0
0,1,event,500,0.0026249999999947704,0
0,1,event,501,0.0026249999999947704,0
0,1,event,502,0.0024999999999977263,0
0,1,event,503,0.003250000000008413,0
0,1,event,504,0.0025420000000053733,0
0,1,event,505,0.0027919999999994616,0
0,1,event,506,0.0026670000000024174,0
0,1,event,507,0.0038340000000118835,0
0,1,event,508,0.0029169999999965057,0
0,1,event,509,0.0025420000000053733,0
0,1,event,510,0.0027079999999841675,0
0,1,event,511,0.0027079999999841675,0
0,1,event,512,0.0029169999999965057,0
0,1,event,513,0.004041999999998325,0
0,1,event,514,0.011082999999985077,0
0,1,event,515,0.006875000000007958,0
0,1,event,516,0.0029580000000066775,0
0,1,event,517,0.003084000000001197,0
0,1,event,518,0.0025829999999871234,0
0,1,event,519,0.004250000000013188,0
0,1,event,520,0.00304199999999355,0
0,1,event,521,0.0027089999999816428,0
0,1,event,522,0.0033749999999770353,0
0,1,event,523,0.003958999999980506,0
0,1,event,524,0.0027919999999994616,0
0,1,event,525,0.0027080000000125892,0
0,1,event,526,0.003500000000002501,0
0,1,event,527,0.0033749999999770353,0
0,1,event,528,0.0027089999999816428,0
0,1,event,529,0.0026249999999947704,0
0,1,event,530,0.0028340000000071086,0
0,1,event,531,0.011291999999997415,0
0,1,event,532,0.003417000000013104,0
0,1,event,533,0.003208000000000766,0
0,1,event,534,0.0027080000000125892,0
0,1,event,535,0.0027919999999994616,0
0,1,event,536,0.0027080000000125892,0
0,1,event,537,0.0028750000000172804,0
0,1,event,538,0.0031670000000190157,0
0,1,event,539,0.003250000000008413,0
0,1,event,540,0.017624999999981128,1
0,1,event,541,0.0036669999999787706,0
0,1,event,542,0.003457999999994854,0
0,1,event,543,0.0027080000000125892,0
0,1,event,544,0.003334000000023707,0
0,1,event,545,0.0035829999999918982,0
0,1,event,546,0.0027499999999918145,0
0,1,event,547,0.0034160000000156288,0
0,1,event,548,0.002583000000015545,0
0,1,event,549,0.0026670000000024174,0
0,1,event,550,0.003084000000001197,0
0,1,event,551,0.0040830000000084965,0
0,1,event,552,0.0027499999999918145,0
0,1,event,553,0.003459000000020751,0
0,1,event,554,0.002666000000004942,0
0,1,event,555,0.006957999999997355,0
0,1,event,556,0.00791700000002038,0
0,1,event,557,0.0029580000000066775,0
0,1,event,558,0.010707999999993945,0
0,1,event,559,0.003249999999979991,0
0,1,event,560,0.0034999999999740794,0
0,1,event,561,0.0027910000000019863,0
0,1,event,562,0.0027080000000125892,0
0,1,event,563,0.00329200000001606,0
0,1,event,564,0.0027499999999918145,0
0,1,event,565,0.0027910000000019863,0
0,1,event,566,0.002541000000007898,0
0,1,event,567,0.0027500000000202363,0
0,1,event,568,0.007082999999994399,0
0,1,event,569,0.0029590000000041528,0
0,1,event,570,0.002999999999985903,0
0,1,event,571,0.0027919999999994616,0
0,1,event,572,0.0029590000000041528,0
0,1,event,573,0.0024999999999977263,0
0,1,event,574,0.003166999999990594,0
0,1,event,575,0.0027500000000202363,0
0,1,event,576,0.003166999999990594,0
0,1,event,577,0.0025840000000130203,0
0,1,event,578,0.0027919999999994616,0
0,1,event,579,0.00333299999999781,0
0,1,event,580,0.003084000000001197,0
0,1,event,581,0.0031250000000113687,0
0,1,event,582,0.0025840000000130203,0
0,1,event,583,0.0025420000000053733,0
0,1,event,584,0.003500000000002501,0
0,1,event,585,0.007374999999996135,0
0,1,event,586,0.0030000000000143245,0
0,1,event,587,0.0027919999999994616,0
0,1,event,588,0.0029590000000041528,0
0,1,event,589,0.008000000000009777,0
0,1,event,590,0.0027919999999994616,0
0,1,event,591,0.010417000000018106,0
0,1,event,592,0.00304199999999355,0
0,1,event,593,0.007125000000002046,0
0,1,event,594,0.004084000000005972,0
0,1,event,595,0.0028330000000096334,0
0,1,event,596,0.0026670000000024174,0
0,1,event,597,0.0029159999999990305,0
0,1,event,598,0.006000000000000227,0
0,1,event,599,0.003166999999990594,0
0,1,event,600,0.10575000000000045,1
0,1,event,601,0.013582999999982803,0
0,1,event,602,0.004540999999989026,0
0,1,event,603,0.0051660000000026685,0
0,1,event,604,0.003666000000009717,0
0,1,event,605,0.0029169999999965057,0
0,1,event,606,0.0027919999999994616,0
0,1,event,607,0.003375000000005457,0
0,1,event,608,0.04645800000000122,0
0,1,event,609,0.004624999999975898,0
0,1,event,610,0.003166999999990594,0
0,1,event,611,0.0027919999999994616,0
0,1,event,612,0.0037920000000042364,0
0,1,event,613,0.0028330000000096334,0
0,1,event,614,0.003458000000023276,0
0,1,event,615,0.0028340000000071086,0
0,1,event,616,0.0025829999999871234,0
0,1,event,617,0.005416999999994232,0
0,1,event,618,0.0027499999999918145,0
0,1,event,619,0.003208000000000766,0
0,1,event,620,0.003124999999982947,0
0,1,event,621,0.004833000000019183,0
0,1,event,622,0.0026249999999947704,0
0,1,event,623,0.002625000000023192,0
0,1,event,624,0.0031250000000113687,0
0,1,event,625,0.0024999999999977263,0
0,1,event,626,0.0026249999999947704,0
0,1,event,627,0.003291999999987638,0
0,1,event,628,0.0027080000000125892,0
0,1,event,629,0.0025420000000053733,0
0,1,event,630,0.003291999999987638,0
0,1,event,631,0.002541000000007898,0
0,1,event,632,0.0026249999999947704,0
0,1,event,633,0.0025420000000053733,0
0,1,event,634,0.002583000000015545,0
0,1,event,635,0.003208999999998241,0
0,1,event,636,0.0024999999999977263,0
0,1,event,637,0.0024999999999977263,0
0,1,event,638,0.002500000000026148,0
0,1,event,639,0.0038749999999936335,0
0,1,event,640,0.008791999999999689,0
0,1,event,641,0.0030000000000143245,0
0,1,event,642,0.006541999999996051,0
0,1,event,643,0.004375000000010232,0
0,1,event,644,0.0026670000000024174,0
0,1,event,645,0.003166999999990594,0
0,1,event,646,0.0025419999999769516,0
0,1,event,647,0.0026249999999947704,0
0,1,event,648,0.0026670000000024174,0
0,1,event,649,0.0026249999999947704,0
0,1,event,650,0.0028750000000172804,0
0,1,event,651,0.003208000000000766,0
0,1,event,652,0.002459000000015976,0
0,1,event,653,0.004333000000002585,0
0,1,event,654,0.003208000000000766,0
0,1,event,655,0.007125000000002046,0
0,1,event,656,0.006958000000025777,0
0,1,event,657,0.0038750000000220552,0
0,1,event,658,0.0027910000000019863,0
0,1,event,659,0.0069999999999765805,0
0,1,event,660,0.048082999999991216,1
0,1,event,661,0.00433400000000006,0
0,1,event,662,0.0030830000000037217,0
0,1,event,663,0.00304199999999355,0
0,1,event,664,0.0026669999999739957,0
0,1,event,665,0.003375000000005457,0
0,1,event,666,0.002666000000004942,0
0,1,event,667,0.002583000000015545,0
0,1,event,668,0.0026249999999947704,0
0,1,event,669,0.0025829999999871234,0
0,1,event,670,0.003291999999987638,0
0,1,event,671,0.003750000000025011,0
0,1,event,672,0.0027080000000125892,0
0,1,event,673,0.0032910000000185846,0
0,1,event,674,0.0027499999999918145,0
0,1,event,675,0.0025829999999871234,0
0,1,event,676,0.003208999999998241,0
0,1,event,677,0.0027499999999918145,0
0,1,event,678,0.0025839999999845986,0
0,1,event,679,0.0027499999999918145,0
0,1,event,680,0.002999999999985903,0
0,1,event,681,0.0030420000000219716,0
0,1,event,682,0.006915999999989708,0
0,1,event,683,0.003208999999998241,0
0,1,event,684,0.00637499999999136,0
0,1,event,685,0.002999999999985903,0
0,1,event,686,0.004707999999993717,0
0,1,event,687,0.00304199999999355,0
0,1,event,688,0.002625000000023192,0
0,1,event,689,0.0025839999999845986,0
0,1,event,690,0.0024999999999977263,0
0,1,event,691,0.0024579999999900792,0
0,1,event,692,0.0029159999999990305,0
0,1,event,693,0.002416000000010854,0
0,1,event,694,0.0024579999999900792,0
0,1,event,695,0.0028749999999888587,0
0,1,event,696,0.0024999999999977263,0
0,1,event,697,0.00304199999999355,0
0,1,event,698,0.0024579999999900792,0
0,1,event,699,0.0024999999999977263,0
0,1,event,700,0.002417000000008329,0
0,1,event,701,0.0027500000000202363,0
0,1,event,702,0.0049999999999954525,0
0,1,event,703,0.0025420000000053733,0
0,1,event,704,0.0030830000000037217,0
0,1,event,705,0.0027090000000100645,0
0,1,event,706,0.003250000000008413,0
0,1,event,707,0.0026249999999947704,0
0,1,event,708,0.003333999999995285,0
0,1,event,709,0.0026249999999947704,0
0,1,event,710,0.0029590000000041528,0
0,1,event,711,0.002666000000004942,0
0,1,event,712,0.002541000000007898,0
0,1,event,713,0.003250000000008413,0
0,1,event,714,0.0025839999999845986,0
0,1,event,715,0.0026249999999947704,0
0,1,event,716,0.008499999999997954,0
0,1,event,717,0.0025829999999871234,0
0,1,event,718,0.0038339999999834617,0
0,1,event,719,0.0025419999999769516,0
0,1,event,720,0.03450000000000841,1
0,1,event,721,0.0037919999999758147,0
0,1,event,722,0.0033749999999770353,0
0,1,event,723,0.0026249999999947704,0
0,1,event,724,0.007332999999988488,0
0,1,event,725,0.0030409999999960746,0
0,1,event,726,0.0069999999999765805,0
0,1,event,727,0.013540999999975156,0
0,1,event,728,0.0033749999999770353,0
0,1,event,729,0.0026249999999947704,0
0,1,event,730,0.0025420000000053733,0
0,1,event,731,0.002666000000004942,0
0,1,event,732,0.007625000000018645,0
0,1,event,733,0.002999999999985903,0
0,1,event,734,0.004750000000001364,0
0,1,event,735,0.0027500000000202363,0
0,1,event,736,0.002541000000007898,0
0,1,event,737,0.0031659999999931188,0
0,1,event,738,0.002666000000004942,0
0,1,event,739,0.0024589999999875545,0
0,1,event,740,0.0024579999999900792,0
0,1,event,741,0.002459000000015976,0
0,1,event,742,0.002417000000008329,0
0,1,event,743,0.007417000000003782,0
0,1,event,744,0.002583000000015545,0
0,1,event,745,0.0024999999999977263,0
0,1,event,746,0.0024579999999900792,0
0,1,event,747,0.0028750000000172804,0
0,1,event,748,0.0028330000000096334,0
0,1,event,749,0.0027499999999918145,0
0,1,event,750,0.0024999999999977263,0
0,1,event,751,0.004000000000019099,0
0,1,event,752,0.003166999999990594,0
0,1,event,753,0.0028749999999888587,0
0,1,event,754,0.0028750000000172804,0
0,1,event,755,0.0028330000000096334,0
0,1,event,756,0.0026249999999947704,0
0,1,event,757,0.0024999999999977263,0
0,1,event,758,0.002415999999982432,0
0,1,event,759,0.0029169999999965057,0
0,1,event,760,0.0025420000000053733,0
0,1,event,761,0.002375000000000682,0
0,1,event,762,0.002334000000018932,0
0,1,event,763,0.003208000000000766,0
0,1,event,764,0.0030830000000037217,0
0,1,event,765,0.0029169999999965057,0
0,1,event,766,0.006750000000010914,0
0,1,event,767,0.0025420000000053733,0
0,1,event,768,0.002208999999993466,0
0,1,event,769,0.002957999999978256,0
0,1,event,770,0.002250000000003638,0
0,1,event,771,0.002417000000008329,0
0,1,event,772,0.002125000000006594,0
0,1,event,773,0.002167000000014241,0
0,1,event,774,0.0025829999999871234,0
0,1,event,775,0.002166999999985819,0
0,1,event,776,0.002167000000014241,0
0,1,event,777,0.002250000000003638,0
0,1,event,778,0.009374999999977263,0
0,1,event,779,0.0026249999999947704,0
0,1,event,780,0.032457999999991216,1
0,1,event,781,0.003417000000013104,0
0,1,event,782,0.002459000000015976,0
0,1,event,783,0.0037499999999965894,0
0,1,event,784,0.00695899999999483,0
0,1,event,785,0.002458000000018501,0
0,1,event,786,0.002125000000006594,0
0,1,event,787,0.002207999999995991,0
0,1,event,788,0.0025829999999871234,0
0,1,event,789,0.002958999999975731,0
0,1,event,790,0.002250000000003638,0
0,1,event,791,0.0023339999999905103,0
0,1,event,792,0.002207999999995991,0
0,1,event,793,0.0022080000000244127,0
0,1,event,794,0.0027919999999994616,0
0,1,event,795,0.0072079999999914435,0
0,1,event,796,0.0027499999999918145,0
0,1,event,797,0.003166999999990594,0
0,1,event,798,0.002207999999995991,0
0,1,event,799,0.002082999999998947,0
0,1,event,800,0.0024999999999977263,0
0,1,event,801,0.002209000000021888,0
0,1,event,802,0.005416999999994232,0
0,1,event,803,0.002292000000011285,0
0,1,event,804,0.0026670000000024174,0
0,1,event,805,0.0027080000000125892,0
0,1,event,806,0.005375000000015007,0
0,1,event,807,0.0025420000000053733,0
0,1,event,808,0.009542000000010376,0
0,1,event,809,0.13425000000000864,0
0,1,event,810,0.10920799999999531,0
0,1,event,811,0.005708999999995967,0
0,1,event,812,0.004041999999998325,0
0,1,event,813,0.004124999999987722,0
0,1,event,814,0.0049999999999954525,0
0,1,event,815,0.004000000000019099,0
0,1,event,816,0.010333000000002812,0
0,1,event,817,0.004165999999997894,0
0,1,event,818,0.004041999999998325,0
0,1,event,819,0.004833000000019183,0
0,1,event,820,0.004958999999985281,0
0,1,event,821,0.004792000000009011,0
0,1,event,822,0.003957999999983031,0
0,1,event,823,0.0035829999999918982,0
0,1,event,824,0.004333000000002585,0
0,1,event,825,0.09829200000001492,0
0,1,event,826,0.04616699999999696,0
0,1,event,827,0.006499999999988404,0
0,1,event,828,0.007333000000016909,0
0,1,event,829,0.003999999999990678,0
0,1,event,830,0.004832999999990761,0
0,1,event,831,0.00329200000001606,0
0,1,event,832,0.003457999999994854,0
0,1,event,833,0.00329200000001606,0
0,1,event,834,0.0030000000000143245,0
0,1,event,835,0.0038329999999859865,0
0,1,event,836,0.00304199999999355,0
0,1,event,837,0.0031670000000190157,0
0,1,event,838,0.0028340000000071086,0
0,1,event,839,0.0028750000000172804,0
0,1,event,840,0.0901670000000081,1
0,1,event,841,0.006458000000009179,0
0,1,event,842,0.003915999999975384,0
0,1,event,843,0.003250000000008413,0
0,1,event,844,0.0037499999999965894,0
0,1,event,845,0.003250000000008413,0
0,1,event,846,0.00304199999999355,0
0,1,event,847,0.0031250000000113687,0
0,1,event,848,0.004124999999987722,0
0,1,event,849,0.02400000000000091,0
0,1,event,850,0.005290999999999713,0
0,1,event,851,0.010624999999976126,0
0,1,event,852,0.0032910000000185846,0
0,1,event,853,0.0030000000000143245,0
0,1,event,854,0.003375000000005457,0
0,1,event,855,0.0036659999999812953,0
0,1,event,856,0.004500000000007276,0
0,1,event,857,0.002958999999975731,0
0,1,event,858,0.0031660000000215405,0
0,1,event,859,0.002957999999978256,0
0,1,event,860,0.004500000000007276,0
0,1,event,861,0.003124999999982947,0
0,1,event,862,0.0031660000000215405,0
0,1,event,863,0.0028330000000096334,0
0,1,event,864,0.0027090000000100645,0
0,1,event,865,0.0034169999999846823,0
0,1,event,866,0.0028330000000096334,0
0,1,event,867,0.0027499999999918145,0
0,1,event,868,0.0027500000000202363,0
0,1,event,869,0.005249999999989541,0
0,1,event,870,0.0029169999999965057,0
0,1,event,871,0.003542000000010148,0
0,1,event,872,0.0027919999999994616,0
0,1,event,873,0.004082999999980075,0
0,1,event,874,0.0028750000000172804,0
0,1,event,875,0.0028749999999888587,0
0,1,event,876,0.004041999999998325,0
0,1,event,877,0.0026659999999765205,0
0,1,event,878,0.002833999999978687,0
0,1,event,879,0.0029169999999965057,0
0,1,event,880,0.0028330000000096334,0
0,1,event,881,0.006750000000010914,0
0,1,event,882,0.0030409999999960746,0
0,1,event,883,0.0029169999999965057,0
0,1,event,884,0.0030000000000143245,0
0,1,event,885,0.0027500000000202363,0
0,1,event,886,0.003708000000017364,0
0,1,event,887,0.00329200000001606,0
0,1,event,888,0.0036670000000071923,0
0,1,event,889,0.0029169999999965057,0
0,1,event,890,0.0028330000000096334,0
0,1,event,891,0.005249999999989541,0
0,1,event,892,0.009874999999993861,0
0,1,event,893,0.008749999999992042,0
0,1,event,894,0.02070799999998485,0
0,1,event,895,0.0040830000000084965,0
0,1,event,896,0.01141699999999446,0
0,1,event,897,0.003500000000002501,0
0,1,event,898,0.0027910000000019863,0
0,1,event,899,0.0026670000000024174,0
0,1,event,900,0.03916700000002038,1
0,1,event,901,0.01099999999999568,0
0,1,event,902,0.003208000000000766,0
0,1,event,903,0.0028340000000071086,0
0,1,event,904,0.0029170000000249274,0
0,1,event,905,0.0025829999999871234,0
0,1,event,906,0.0036670000000071923,0
0,1,event,907,0.0030420000000219716,0
0,1,event,908,0.0026249999999947704,0
0,1,event,909,0.00837500000000091,0
0,1,event,910,0.45845800000000736,0
0,1,event,911,0.012166999999976724,0
0,1,event,912,0.0036670000000071923,0
0,1,event,913,0.006332999999983713,0
0,1,event,914,0.010750000000001592,0
0,1,event,915,0.0027080000000125892,0
0,1,event,916,0.0029580000000066775,0
0,1,event,917,0.002833999999978687,0
0,1,event,918,0.002207999999995991,0
0,1,event,919,0.002082999999998947,0
0,1,event,920,0.001957999999973481,0
0,1,event,921,0.0024999999999977263,0
0,1,event,922,0.0018749999999840838,0
0,1,event,923,0.004249999999984766,0
0,1,event,924,0.0019160000000226773,0
0,1,event,925,0.0019169999999917309,0
0,1,event,926,0.002375000000000682,0
0,1,event,927,0.001999999999981128,0
0,1,event,928,0.002125000000006594,0
0,1,event,929,0.0019580000000019027,0
0,1,event,930,0.0019169999999917309,0
0,1,event,931,0.002375000000000682,0
0,1,event,932,0.002292000000011285,0
0,1,event,933,0.002165999999988344,0
0,1,event,934,0.002332999999993035,0
0,1,event,935,0.006709000000000742,0
0,1,event,936,0.0020000000000095497,0
0,1,event,937,0.0024589999999875545,0
0,1,event,938,0.001999999999981128,0
0,1,event,939,0.001999999999981128,0
0,1,event,940,0.0018750000000125056,0
0,1,event,941,0.0020000000000095497,0
0,1,event,942,0.002292000000011285,0
0,1,event,943,0.0019170000000201526,0
0,1,event,944,0.0019170000000201526,0
0,1,event,945,0.001958999999999378,0
0,1,event,946,0.007833000000005086,0
0,1,event,947,0.0025420000000053733,0
0,1,event,948,0.002082999999998947,0
0,1,event,949,0.0020420000000171967,0
0,1,event,950,0.0018750000000125056,0
0,1,event,951,0.0019159999999942556,0
0,1,event,952,0.002375000000000682,0
0,1,event,953,0.0019169999999917309,0
0,1,event,954,0.002415999999982432,0
0,1,event,955,0.0019169999999917309,0
0,1,event,956,0.0019580000000019027,0
0,1,event,957,0.002165999999988344,0
0,1,event,958,0.0024589999999875545,0
0,1,event,959,0.0019159999999942556,0
0,1,event,960,0.03558400000000006,1
0,1,event,961,0.003207999999972344,0
0,1,event,962,0.0027499999999918145,0
0,1,event,963,0.006709000000000742,0
0,1,event,964,0.0019580000000019027,0
0,1,event,965,0.002125000000006594,0
0,1,event,966,0.0020000000000095497,0
0,1,event,967,0.002250000000003638,0
0,1,event,968,0.002250000000003638,0
0,1,event,969,0.002125000000006594,0
0,1,event,970,0.0019169999999917309,0
0,1,event,971,0.001958999999999378,0
0,1,event,972,0.0020000000000095497,0
0,1,event,973,0.003958000000011452,0
0,1,event,974,0.0020420000000171967,0
0,1,event,975,0.002041999999988775,0
0,1,event,976,0.0018749999999840838,0
0,1,event,977,0.2406660000000045,0
0,1,event,978,0.016874999999998863,0
0,1,event,979,0.006499999999988404,0
0,1,event,980,0.002125000000006594,0
0,1,event,981,0.0020410000000197215,0
0,1,event,982,0.0026249999999947704,0
0,1,event,983,0.002041999999988775,0
0,1,event,984,0.0018330000000048585,0
0,1,event,985,0.0017909999999972115,0
0,1,event,986,0.0018340000000023338,0
0,1,event,987,0.0018330000000048585,0
0,1,event,988,0.002250000000003638,0
0,1,event,989,0.0018750000000125056,0
0,1,event,990,0.0016669999999976426,0
0,1,event,991,0.0017499999999870397,0
0,1,event,992,0.0017919999999946867,0
0,1,event,993,0.0022499999999752163,0
0,1,event,994,0.0018330000000048585,0
0,1,event,995,0.0017500000000154614,0
0,1,event,996,0.0016660000000001673,0
0,1,event,997,0.001958999999999378,0
0,1,event,998,0.002292000000011285,0
0,1,event,999,0.0017500000000154614,0
0,1,burst,0,0.13570899999999142,7
0,1,burst,1,0.12491699999998218,7
0,1,burst,2,0.11545799999998962,7
0,1,burst,3,0.11516600000001631,7
0,1,burst,4,0.12262499999999932,7
0,1,burst,5,0.11745799999999917,7
0,1,burst,6,0.11783300000001873,7
0,1,burst,7,0.11070800000001668,7
0,1,burst,8,0.132583000000011,7
0,1,burst,9,0.1860409999999888,7
0,1,burst,10,0.13008399999998232,7
0,1,burst,11,0.08833300000000577,7
0,1,burst,12,0.10429200000001515,7
0,1,burst,13,0.08954199999999446,7
0,1,burst,14,0.08320800000001327,7
0,1,burst,15,0.10337499999999977,7
0,1,burst,16,0.0987090000000137,7
0,1,burst,17,0.15516700000000583,7
0,1,burst,18,0.19770900000000324,7
0,1,burst,19,0.2300830000000076,7
0,1,burst,20,0.18833300000000008,7
0,1,burst,21,0.18687500000001478,7
0,1,burst,22,0.17820800000001213,7
0,1,burst,23,0.17208299999998644,7
0,1,burst,24,0.16362499999999613,7
0,1,burst,25,0.169667000000004,7
0,1,burst,26,0.1663340000000062,7
0,1,burst,27,0.17841699999999605,7
0,1,burst,28,0.6185409999999933,7
0,1,burst,29,0.09216699999998923,7
0,1,burst,30,0.08154199999998468,7
0,1,burst,31,0.09649999999999181,7
0,1,burst,32,0.08995799999999576,7
0,1,burst,33,0.09058400000000688,7
0,1,burst,34,0.08208300000001145,7
0,1,burst,35,0.12250000000000227,7
0,1,burst,36,0.1268750000000125,7
0,1,burst,37,0.1466660000000104,7
0,1,burst,38,0.07458300000001827,7
0,1,burst,39,0.08345900000000483,7
0,1,burst,40,0.0835830000000044,7
0,1,burst,41,0.08266700000001492,7
0,1,burst,42,0.08054099999998243,7
0,1,burst,43,0.08129099999999312,7
0,1,burst,44,0.08470800000000622,7
0,1,burst,45,0.0779590000000212,7
0,1,burst,46,0.07470900000001279,7
0,1,burst,47,0.21183300000001282,7
0,1,burst,48,0.3402499999999975,7
0,1,burst,49,0.24633399999999028,7
0,1,burst,50,0.17087499999999523,7
0,1,burst,51,0.09399999999999409,7
0,1,burst,52,0.06608300000002032,7
0,1,burst,53,0.06024999999999636,7
0,1,burst,54,0.3354580000000169,7
0,1,burst,55,0.06033299999998576,7
0,1,burst,56,0.0624170000000106,7
0,1,burst,57,0.05850000000000932,7
0,1,burst,58,0.051792000000006055,7
0,1,burst,59,0.058667000000014013,7
0,1,burst,60,0.057458999999994376,7
0,1,burst,61,0.0519170000000031,7
0,1,burst,62,0.07179099999999039,7
0,1,burst,63,0.061916999999994005,7
0,1,burst,64,0.05358400000000074,7
0,1,burst,65,0.058875000000000455,7
0,1,burst,66,0.05904099999997925,7
0,1,burst,67,0.054916999999989,7
0,1,burst,68,0.05820800000000759,7
0,1,burst,69,0.05675000000002228,7
0,1,burst,70,0.05150000000000432,7
0,1,burst,71,0.06045899999998028,7
0,1,burst,72,0.050707999999985987,7
0,1,burst,73,0.05762500000000159,7
0,1,burst,74,0.04950000000002319,7
0,1,burst,75,0.05858299999999872,7
0,1,burst,76,0.05587499999998613,7
0,1,burst,77,0.05479199999999196,7
0,1,burst,78,0.05249999999998067,7
0,1,burst,79,0.053749999999979536,7
0,1,burst,80,0.05804200000000037,7
0,1,burst,81,0.0543750000000216,7
0,1,burst,82,0.049458000000015545,7
0,1,burst,83,0.0882079999999803,7
0,1,burst,84,0.11383299999999963,7
0,1,burst,85,0.1178340000000162,7
0,1,burst,86,0.06870799999998667,7
0,1,burst,87,0.06874999999999432,7
0,1,burst,88,0.06699999999997885,7
0,1,burst,89,0.08212499999999068,7
0,1,burst,90,0.07379199999999742,7
0,1,burst,91,0.07991699999999469,7
0,1,burst,92,0.07583299999998871,7
0,1,burst,93,0.0917919999999981,7
0,1,burst,94,0.06729100000001154,7
0,1,burst,95,0.07016699999999787,7
0,1,burst,96,0.08100000000001728,7
0,1,burst,97,0.06945799999999736,7
0,1,burst,98,0.07108299999998735,7
0,1,burst,99,0.08087500000002024,7
0,1,burst,100,0.09262499999999818,7
0,1,burst,101,0.0821250000000191,7
0,1,burst,102,0.06675000000001319,7
0,1,burst,103,0.2668339999999887,7
0,1,burst,104,0.19370799999998667,7
0,1,burst,105,0.16262499999999136,7
0,1,burst,106,0.1769170000000031,7
0,1,burst,107,0.15425000000001887,7
0,1,burst,108,0.16525000000001455,7
0,1,burst,109,0.13645800000000463,7
0,1,burst,110,1.2554590000000019,7
0,1,burst,111,0.21637499999999932,7
0,1,burst,112,0.2482090000000028,7
0,1,burst,113,0.1526670000000081,7
0,1,burst,114,0.1497500000000116,7
0,1,burst,115,0.14595800000000736,7
0,1,burst,116,0.17108299999998167,7
0,1,burst,117,0.13741699999999923,7
0,1,burst,118,0.2827090000000112,7
0,1,burst,119,0.19141700000000128,7
0,1,burst,120,0.1474589999999978,7
0,1,burst,121,0.16654099999999517,7
0,1,burst,122,0.2553749999999866,7
0,1,burst,123,0.14862500000000978,7
0,1,burst,124,0.12887499999999363,7
0,1,burst,125,0.13437500000000568,7
0,1,burst,126,0.14337499999999181,7
0,1,burst,127,0.1279999999999859,7
0,1,burst,128,0.14237499999998704,7
0,1,burst,129,0.10958299999998644,7
0,1,burst,130,0.11908299999998917,7
0,1,burst,131,0.1210839999999962,7
0,1,burst,132,0.11975000000001046,7
0,1,burst,133,0.11600000000001387,7
0,1,burst,134,0.1262089999999887,7
0,1,burst,135,0.1112500000000125,7
0,1,burst,136,0.12350000000000705,7
0,1,burst,137,0.1499170000000163,7
0,1,burst,138,0.12741599999998243,7
0,1,burst,139,0.12408300000001304,7
0,1,burst,140,0.11704199999999787,7
0,1,burst,141,0.11641700000001265,7
0,1,burst,142,0.12187499999998863,7
0,1,burst,143,0.1290830000000085,7
0,1,burst,144,0.11687499999999318,7
0,1,burst,145,0.11949999999998795,7
0,1,burst,146,0.12399999999999523,7
0,1,burst,147,0.11770799999999326,7
0,1,burst,148,0.12041600000000585,7
0,1,burst,149,0.11591599999999858,7
0,1,burst,150,0.11733300000000213,7
0,1,burst,151,0.11775000000000091,7
0,1,burst,152,0.11983299999999986,7
0,1,burst,153,0.12633399999998574,7
0,1,burst,154,0.12570800000000304,7
0,1,burst,155,0.12495899999998983,7
0,1,burst,156,0.11199999999999477,7
0,1,burst,157,0.17429099999998243,7
0,1,burst,158,0.12537499999999113,7
0,1,burst,159,0.11937500000001933,7
0,1,burst,160,0.11529199999998241,7
0,1,burst,161,0.12395799999998758,7
0,1,burst,162,0.11183400000001598,7
0,1,burst,163,0.11908299999998917,7
0,1,burst,164,0.11525000000000318,7
0,1,burst,165,0.1251670000000047,7
0,1,burst,166,0.11045899999999165,7
0,1,burst,167,0.11554100000000744,7
0,1,burst,168,0.11341699999999832,7
0,1,burst,169,0.12570800000000304,7
0,1,burst,170,0.11875000000000568,7
0,1,burst,171,0.10962499999999409,7
0,1,burst,172,0.11229099999999903,7
0,1,burst,173,0.13087500000000318,7
0,1,burst,174,0.11062499999999886,7
0,1,burst,175,0.12487500000000296,7
0,1,burst,176,0.11220900000000711,7
0,1,burst,177,0.12954099999998903,7
0,1,burst,178,0.11037499999997635,7
0,1,burst,179,0.12216700000001879,7
0,1,burst,180,0.11924999999999386,7
0,1,burst,181,0.11887500000000273,7
0,1,burst,182,0.10983300000000895,7
0,1,burst,183,0.11466599999999971,7
0,1,burst,184,0.15491699999998332,7
0,1,burst,185,0.1253330000000119,7
0,1,burst,186,0.11887500000000273,7
0,1,burst,187,0.10912500000000591,7
0,1,burst,188,0.13566600000001472,7
0,1,burst,189,0.12266600000000949,7
0,1,burst,190,0.12870800000001736,7
0,1,burst,191,0.10887500000001182,7
0,1,burst,192,0.11991600000001768,7
0,1,burst,193,0.11050000000000182,7
0,1,burst,194,0.11279199999998468,7
0,1,burst,195,0.1154160000000104,7
0,1,burst,196,0.12212500000001114,7
0,1,burst,197,0.11345900000000597,7
0,1,burst,198,0.1160419999999931,7
0,1,burst,199,0.1074169999999981,7
0,1,burst,200,0.12037499999999568,7
0,1,burst,201,0.11070800000001668,7
0,1,burst,202,0.13008400000001075,7
0,1,burst,203,0.10495900000000802,7
0,1,burst,204,0.1179170000000056,7
0,1,burst,205,0.10966600000000426,7
0,1,burst,206,0.11770799999999326,7
0,1,burst,207,0.11370800000000258,7
0,1,burst,208,0.12133399999999028,7
0,1,burst,209,0.11025000000000773,7
0,1,burst,210,0.12012500000000159,7
0,1,burst,211,0.11416600000001154,7
0,1,burst,212,0.12112500000000637,7
0,1,burst,213,0.1074169999999981,7
0,1,burst,214,0.11400000000000432,7
0,1,burst,215,0.11758300000002464,7
0,1,burst,216,0.12087500000001228,7
0,1,burst,217,0.11387500000000728,7
0,1,burst,218,0.14279099999998834,7
0,1,burst,219,0.11745799999999917,7
0,1,burst,220,0.1197920000000181,7
0,1,burst,221,0.11066700000000651,7
0,1,burst,222,0.11141699999998878,7
0,1,burst,223,0.11954099999999812,7
0,1,burst,224,0.12295800000001122,7
0,1,burst,225,0.11095799999998235,7
0,1,burst,226,0.11270799999999781,7
0,1,burst,227,0.11120800000000486,7
0,1,burst,228,0.127207999999996,7
0,1,burst,229,0.10320799999999508,7
0,1,burst,230,0.11395799999999667,7
0,1,burst,231,0.11212499999999181,7
0,1,burst,232,0.11837500000001455,7
0,1,burst,233,0.1204169999999749,7
0,1,burst,234,0.10962499999999409,7
0,1,burst,235,0.11050000000000182,7
0,1,burst,236,0.11233400000000415,7
0,1,burst,237,0.10958300000001486,7
0,1,burst,238,0.11620800000000031,7
0,1,burst,239,0.11712499999998727,7
0,1,burst,240,0.11204200000000242,7
0,1,burst,241,0.11199999999999477,7
0,1,burst,242,0.11887500000000273,7
0,1,burst,243,0.12033300000001645,7
0,1,burst,244,0.10866699999999696,7
0,1,burst,245,0.11025000000000773,7
0,1,burst,246,0.11320800000001441,7
0,1,burst,247,0.11775000000000091,7
0,1,burst,248,0.1180829999999844,7
0,1,burst,249,0.11124999999998408,7
0,1,burst,250,0.11087499999999295,7
0,1,burst,251,0.12020799999999099,7
0,1,burst,252,0.12395799999998758,7
0,1,burst,253,0.11770899999999074,7
0,1,burst,254,0.11391700000001492,7
0,1,burst,255,0.11429200000000606,7
0,1,burst,256,0.11474999999998658,7
0,1,burst,257,0.13708299999998985,7
0,1,burst,258,0.11179200000000833,7
0,1,burst,259,0.11416700000000901,7
0,1,burst,260,0.1150000000000091,7
0,1,burst,261,0.12041600000000585,7
0,1,burst,262,0.11879199999998491,7
0,1,burst,263,0.1160419999999931,7
0,1,burst,264,0.1189589999999896,7
0,1,burst,265,0.10958399999998392,7
0,1,burst,266,0.10512499999998681,7
0,1,burst,267,0.11337499999999068,7
0,1,burst,268,0.11183399999998755,7
0,1,burst,269,0.1332920000000115,7
0,1,burst,270,0.11083300000001373,7
0,1,burst,271,0.11516700000001379,7
0,1,burst,272,0.10883300000000418,7
0,1,burst,273,0.1138339999999971,7
0,1,burst,274,0.11087499999999295,7
0,1,burst,275,0.11658399999998892,7
0,1,burst,276,0.11470900000000483,7
0,1,burst,277,0.11212499999999181,7
0,1,burst,278,0.11791600000000813,7
0,1,burst,279,0.11699999999999022,7
0,1,burst,280,0.13795799999999758,7
0,1,burst,281,0.11441600000000562,7
0,1,burst,282,0.11479099999999676,7
0,1,burst,283,0.11362500000001319,7
0,1,burst,284,0.11704199999999787,7
0,1,burst,285,0.11470800000000736,7
0,1,burst,286,0.12125000000000341,7
0,1,burst,287,0.11708300000000804,7
0,1,burst,288,0.11708300000000804,7
0,1,burst,289,0.1170410000000004,7
0,1,burst,290,0.13666599999999107,7
0,1,burst,291,0.13249999999999318,7
0,1,burst,292,0.13441700000001333,7
0,1,burst,293,0.13187500000000796,7
0,1,burst,294,0.135832999999991,7
0,1,burst,295,0.12700000000000955,7
0,1,burst,296,0.14937499999999204,7
0,1,burst,297,0.12241700000001288,7
0,1,burst,298,0.13987500000001774,7
0,1,burst,299,0.13766699999999332,7
0,1,burst,300,0.15220899999999915,7
0,1,burst,301,0.12870799999998894,7
0,1,burst,302,0.13058300000000145,7
0,1,burst,303,0.1322499999999991,7
0,1,burst,304,0.1354159999999922,7
0,1,burst,305,0.14366599999999607,7
0,1,burst,306,0.14587499999998954,7
0,1,burst,307,0.13245799999998553,7
0,1,burst,308,0.13924999999997567,7
0,1,burst,309,0.135249999999985,7
0,1,burst,310,0.14374999999998295,7
0,1,burst,311,0.1389170000000206,7
0,1,burst,312,0.12899999999999068,7
0,1,burst,313,0.13237499999999613,7
0,1,burst,314,0.15679099999999835,7
0,1,burst,315,0.12741599999998243,7
0,1,burst,316,0.14904099999998266,7
0,1,burst,317,0.12654100000000312,7
0,1,burst,318,0.14379099999999312,7
0,1,burst,319,20.888541000000004,7
0,1,burst,320,0.16575000000000273,7
0,1,burst,321,0.197749999999985,7
0,1,burst,322,0.14870799999999917,7
0,1,burst,323,0.13474999999999682,7
0,1,burst,324,0.14233399999997687,7
0,1,burst,325,0.13604200000000333,7
0,1,burst,326,0.14533299999999372,7
0,1,burst,327,0.1368750000000034,7
0,1,burst,328,0.18566699999999514,7
0,1,burst,329,0.14208300000001373,7
0,1,burst,330,0.14720800000000622,7
0,1,burst,331,0.15662499999999113,7
0,1,burst,332,0.3275000000000148,7
0,1,burst,333,0.3631249999999966,7
0,1,burst,334,0.1549580000000219,7
0,1,burst,335,0.19275000000001796,7
0,1,burst,336,0.15162499999999568,7
0,1,burst,337,0.15566700000002243,7
0,1,burst,338,0.14154099999998948,7
0,1,burst,339,0.12924999999998477,7
0,1,burst,340,0.44858399999998255,7
0,1,burst,341,5.956416000000019,7
0,1,burst,342,0.2331659999999829,7
0,1,burst,343,0.47724999999999795,7
0,1,burst,344,0.0902499999999975,7
0,1,burst,345,0.06887499999999136,7
0,1,burst,346,0.05504199999998605,7
0,1,burst,347,0.05845899999999915,7
0,1,burst,348,0.06595899999999233,7
0,1,burst,349,0.05608399999999847,7
0,1,burst,350,6.92458400000001,7
0,1,burst,351,0.128832999999986,7
0,1,burst,352,0.055709000000007336,7
0,1,burst,353,0.05545799999998735,7
0,1,burst,354,0.054291000000006306,7
0,1,burst,355,0.05329199999999901,7
0,1,burst,356,0.051666000000011536,7
0,1,burst,357,0.06533299999998121,7
0,1,burst,358,0.05475000000001273,7
0,1,burst,359,0.05220800000000736,7
0,1,burst,360,0.04954100000000494,7
0,1,burst,361,0.05458300000000804,7
0,1,burst,362,0.054249999999996135,7
0,1,burst,363,0.109375,7
0,1,burst,364,0.05316600000000449,7
0,1,burst,365,0.05225000000001501,7
0,1,burst,366,0.05504199999998605,7
0,1,burst,367,0.0498749999999859,7
0,1,burst,368,0.05125000000001023,7
0,1,burst,369,0.05012500000000841,7
0,1,burst,370,0.05254199999998832,7
0,1,burst,371,0.05195800000001327,7
0,1,burst,372,0.05079200000000128,7
0,1,burst,373,0.051916000000005624,7
0,1,burst,374,0.05258299999999849,7
0,1,burst,375,0.05229199999999423,7
0,1,burst,376,0.05054199999997877,7
0,1,burst,377,0.05370800000000031,7
0,1,burst,378,0.05291599999998198,7
0,1,burst,379,0.054708000000005086,7
0,1,burst,380,0.04945799999998712,7
0,1,burst,381,0.05716699999999264,7
0,1,burst,382,0.05258399999999597,7
0,1,burst,383,0.0503750000000025,7
0,1,burst,384,0.0473750000000166,7
0,1,burst,385,0.05258399999999597,7
0,1,burst,386,0.05145899999999415,7
0,1,burst,387,0.05362499999998249,7
0,1,burst,388,0.047207999999983485,7
0,1,burst,389,0.052500000000009095,7
0,1,burst,390,0.050540999999981295,7
0,1,burst,391,0.06883400000000961,7
0,1,burst,392,0.048749999999984084,7
0,1,burst,393,0.05395800000002282,7
0,1,burst,394,0.051541999999983545,7
0,1,burst,395,0.05229199999999423,7
0,1,burst,396,0.04862499999998704,7
0,1,burst,397,0.0519999999999925,7
0,1,burst,398,0.04837499999999295,7
0,1,burst,399,0.04912500000000364,7
0,1,burst,400,0.05520900000001916,7
0,1,burst,401,0.0543750000000216,7
0,1,burst,402,0.04800000000000182,7
0,1,burst,403,0.058458000000001675,7
0,1,burst,404,0.04949999999999477,7
0,1,burst,405,0.05108300000000554,7
0,1,burst,406,0.04775000000000773,7
0,1,burst,407,0.049624999999991815,7
0,1,burst,408,0.05341699999999605,7
0,1,burst,409,0.052707999999995536,7
0,1,burst,410,0.04824999999999591,7
0,1,burst,411,0.049666000000001986,7
0,1,burst,412,0.05124999999998181,7
0,1,burst,413,0.05333300000000918,7
0,1,burst,414,0.04729199999999878,7
0,1,burst,415,0.04858400000000529,7
0,1,burst,416,0.050083000000000766,7
0,1,burst,417,0.05158299999999372,7
0,1,burst,418,0.04912500000000364,7
0,1,burst,419,0.05041700000001015,7
0,1,burst,420,0.04933299999999008,7
0,1,burst,421,0.05112500000001319,7
0,1,burst,422,0.04862500000001546,7
0,1,burst,423,0.04870799999997644,7
0,1,burst,424,0.04816700000003493,7
0,1,burst,425,0.04887500000000955,7
0,1,burst,426,0.04858400000000529,7
0,1,burst,427,0.04841700000002902,7
0,1,burst,428,0.04850000000004684,7
0,1,burst,429,0.05108300000000554,7
0,1,burst,430,0.04962500000004866,7
0,1,burst,431,0.0489170000000172,7
0,1,burst,432,0.050707999999985987,7
0,1,burst,433,0.04975000000001728,7
0,1,burst,434,0.048583000000007814,7
0,1,burst,435,0.04887500000000955,7
0,1,burst,436,0.04929199999997991,7
0,1,burst,437,0.05170800000001918,7
0,1,burst,438,0.04812499999997044,7
0,1,burst,439,0.04837500000002137,7
0,1,burst,440,0.05279200000001083,7
0,1,burst,441,0.046875,7
0,1,burst,442,0.0499590000000012,7
0,1,burst,443,0.048749999999984084,7
0,1,burst,444,0.05025000000000546,7
0,1,burst,445,0.04808300000001964,7
0,1,burst,446,0.047541999999964446,7
0,1,burst,447,0.04679199999998218,7
0,1,burst,448,0.05000000000001137,7
0,1,burst,449,0.05079200000000128,7
0,1,burst,450,0.04854199999999764,7
0,1,burst,451,0.046499999999980446,7
0,1,burst,452,0.05225000000001501,7
0,1,burst,453,0.04758299999997462,7
0,1,burst,454,0.048709000000030755,7
0,1,burst,455,0.04666700000001356,7
0,1,burst,456,0.04816599999998061,7
0,1,burst,457,0.055167000000039934,7
0,1,burst,458,0.04866700000002311,7
0,1,burst,459,0.047624999999982265,7
0,1,burst,460,0.05054100000000972,7
0,1,burst,461,0.049374999999997726,7
0,1,burst,462,0.04949999999996635,7
0,1,burst,463,0.04795899999999165,7
0,1,burst,464,0.049624999999991815,7
0,1,burst,465,0.05095900000003439,7
0,1,burst,466,0.04712499999999409,7
0,1,burst,467,0.04841699999997218,7
0,1,burst,468,0.0488330000000019,7
0,1,burst,469,0.04712499999999409,7
0,1,burst,470,0.04608400000000756,7
0,1,burst,471,0.04558400000001939,7
0,1,burst,472,0.04820799999998826,7
0,1,burst,473,0.04766599999999244,7
0,1,burst,474,0.04712499999999409,7
0,1,burst,475,0.04666700000001356,7
0,1,burst,476,0.04808400000001711,7
0,1,burst,477,0.04641700000001947,7
0,1,burst,478,0.046582999999998265,7
0,1,burst,479,0.04733299999998053,7
0,1,burst,480,0.04975000000001728,7
0,1,burst,481,0.04704200000003311,7
0,1,burst,482,0.04691600000001017,7
0,1,burst,483,0.04837499999996453,7
0,1,burst,484,0.04800000000000182,7
0,1,burst,485,0.047250000000019554,7
0,1,burst,486,0.04629099999999653,7
0,1,burst,487,0.047916999999984,7
0,1,burst,488,0.046749999999974534,7
0,1,burst,489,0.046875,7
0,1,burst,490,0.04566699999998036,7
0,1,burst,491,0.04758300000003146,7
0,1,burst,492,0.047167000000001735,7
0,1,burst,493,0.04675000000003138,7
0,1,burst,494,0.04824999999999591,7
0,1,burst,495,0.047915999999986525,7
0,1,burst,496,0.047832999999968706,7
0,1,burst,497,0.045958000000041466,7
0,1,burst,498,0.046833000000049196,7
0,1,burst,499,0.04758300000003146,7
0,1,burst,500,0.048583000000007814,7
0,1,burst,501,0.04712500000005093,7
0,1,burst,502,0.04591600000003382,7
0,1,burst,503,0.04899999999997817,7
0,1,burst,504,0.04670800000002373,7
0,1,burst,505,0.04741599999999835,7
0,1,burst,506,0.04637500000001182,7
0,1,burst,507,0.0488330000000019,7
0,1,burst,508,0.047832999999968706,7
0,1,burst,509,0.04741599999999835,7
0,1,burst,510,0.045917000000031294,7
0,1,burst,511,0.05012499999997999,7
0,1,burst,512,0.04795899999999165,7
0,1,burst,513,0.046208999999976186,7
0,1,burst,514,0.0459589999999821,7
0,1,burst,515,0.04854199999999764,7
0,1,burst,516,0.0464579999999728,7
0,1,burst,517,0.04654099999999062,7
0,1,burst,518,0.04854199999999764,7
0,1,burst,519,0.04916600000001381,7
0,1,burst,520,0.04679199999998218,7
0,1,burst,521,0.04683299999999235,7
0,1,burst,522,0.04587500000002365,7
0,1,burst,523,0.05070899999998346,7
0,1,burst,524,0.04612499999996089,7
0,1,burst,525,0.045750000000055024,7
0,1,burst,526,0.04645800000002964,7
0,1,burst,527,0.04737499999998818,7
0,1,burst,528,0.046582999999998265,7
0,1,burst,529,0.0458749999999668,7
0,1,burst,530,0.04716600000000426,7
0,1,burst,531,0.04691700000000765,7
0,1,burst,532,0.05254100000001927,7
0,1,burst,533,0.04866700000002311,7
0,1,burst,534,0.046041999999999916,7
0,1,burst,535,0.04820799999998826,7
0,1,burst,536,0.048499999999989996,7
0,1,burst,537,0.04599999999999227,7
0,1,burst,538,0.0494160000000079,7
0,1,burst,539,0.047624999999982265,7
0,1,burst,540,0.05099999999998772,7
0,1,burst,541,0.04616700000002538,7
0,1,burst,542,0.04795799999999417,7
0,1,burst,543,0.046416000000021995,7
0,1,burst,544,0.046875,7
0,1,burst,545,0.046833000000049196,7
0,1,burst,546,0.04866700000002311,7
0,1,burst,547,0.04604100000000244,7
0,1,burst,548,0.047458000000005995,7
0,1,burst,549,0.04970799999995279,7
0,1,burst,550,0.04779200000001538,7
0,1,burst,551,0.04699999999996862,7
0,1,burst,552,0.05579199999999673,7
0,1,burst,553,0.04691600000001017,7
0,1,burst,554,0.06404200000002902,7
0,1,burst,555,0.049875000000042746,7
0,1,burst,556,0.04641699999996263,7
0,1,burst,557,0.04675000000003138,7
0,1,burst,558,0.04724999999996271,7
0,1,burst,559,0.04691700000000765,7
0,1,burst,560,0.04974999999996044,7
0,1,burst,561,0.04662500000000591,7
0,1,burst,562,0.04800000000000182,7
0,1,burst,563,0.04629099999999653,7
0,1,burst,564,0.046875,7
0,1,burst,565,0.04616699999996854,7
0,1,burst,566,0.04837500000002137,7
0,1,burst,567,0.047416999999995824,7
0,1,burst,568,0.04599999999999227,7
0,1,burst,569,0.04695800000001782,7
0,1,burst,570,0.04837500000002137,7
0,1,burst,571,0.046790999999984706,7
0,1,burst,572,0.047416999999995824,7
0,1,burst,573,0.047624999999982265,7
0,1,burst,574,0.047416999999995824,7
0,1,burst,575,0.04704200000003311,7
0,1,burst,576,0.047832999999968706,7
0,1,burst,577,0.046333000000004176,7
0,1,burst,578,0.04808300000001964,7
0,1,burst,579,0.04624999999998636,7
0,1,burst,580,0.050583999999957996,7
0,1,burst,581,0.04645900000002712,7
0,1,burst,582,0.047791999999958534,7
0,1,burst,583,0.04645800000002964,7
0,1,burst,584,0.04716600000000426,7
0,1,burst,585,0.04720800000001191,7
0,1,burst,586,0.04562500000002956,7
0,1,burst,587,0.0462500000000432,7
0,1,burst,588,0.04629100000005337,7
0,1,burst,589,0.04695899999995845,7
0,1,burst,590,0.046125000000017735,7
0,1,burst,591,0.04662500000000591,7
0,1,burst,592,0.04670800000002373,7
0,1,burst,593,0.04779200000001538,7
0,1,burst,594,0.04641599999996515,7
0,1,burst,595,0.04637500000001182,7
0,1,burst,596,0.047167000000001735,7
0,1,burst,597,0.04804100000001199,7
0,1,burst,598,0.04758399999997209,7
0,1,burst,599,0.04679100000004155,7
0,1,burst,600,0.04775000000000773,7
0,1,burst,601,0.051625000000001364,7
0,1,burst,602,0.04883399999999938,7
0,1,burst,603,0.046458999999970274,7
0,1,burst,604,0.04570899999998801,7
0,1,burst,605,0.047250000000019554,7
0,1,burst,606,0.04670799999996689,7
0,1,burst,607,0.04720900000000938,7
0,1,burst,608,0.04579100000000835,7
0,1,burst,609,0.056708000000014636,7
0,1,burst,610,0.04608300000001009,7
0,1,burst,611,0.05187499999999545,7
0,1,burst,612,0.04587500000002365,7
0,1,burst,613,0.04883399999999938,7
0,1,burst,614,0.047915999999986525,7
0,1,burst,615,0.04941700000000537,7
0,1,burst,616,0.045291000000020176,7
0,1,burst,617,0.049000000000035016,7
0,1,burst,618,0.04550000000000409,7
0,1,burst,619,0.05150000000003274,7
0,1,burst,620,0.04841699999997218,7
0,1,burst,621,0.048749999999984084,7
0,1,burst,622,0.04737499999998818,7
0,1,burst,623,0.04920900000001893,7
0,1,burst,624,0.04579200000000583,7
0,1,burst,625,0.04975000000001728,7
0,1,burst,626,0.04800000000000182,7
0,1,burst,627,0.04970900000000711,7
0,1,burst,628,0.045791999999948985,7
0,1,burst,629,0.05558300000001282,7
0,1,burst,630,0.04599999999999227,7
0,1,burst,631,0.049000000000035016,7
0,1,burst,632,0.050499999999999545,7
0,1,burst,633,0.04920900000001893,7
0,1,burst,634,0.0489170000000172,7
0,1,burst,635,0.04962500000004866,7
0,1,burst,636,0.05041700000003857,7
0,1,burst,637,0.04633299999994733,7
0,1,burst,638,0.05158300000005056,7
0,1,burst,639,0.05020799999999781,7
0,1,burst,640,0.047834000000023025,7
0,1,burst,641,0.04633400000000165,7
0,1,burst,642,0.04670899999996436,7
0,1,burst,643,0.04795799999999417,7
0,1,burst,644,0.049875000000042746,7
0,1,burst,645,0.04624999999998636,7
0,1,burst,646,0.046749999999974534,7
0,1,burst,647,0.04770899999999756,7
0,1,burst,648,0.046959000000015294,7
0,1,burst,649,0.04633400000000165,7
0,1,burst,650,0.05408399999998892,7
0,1,burst,651,0.04837500000002137,7
0,1,burst,652,0.04766699999998991,7
0,1,burst,653,0.047040999999978794,7
0,1,burst,654,0.047167000000001735,7
0,1,burst,655,0.04683399999998983,7
0,1,burst,656,0.0499590000000012,7
0,1,burst,657,0.04720800000001191,7
0,1,burst,658,0.047791999999958534,7
0,1,burst,659,0.049167000000011285,7
0,1,burst,660,0.04929099999998243,7
0,1,burst,661,0.04845799999998235,7
0,1,burst,662,0.04783300000002555,7
0,1,burst,663,0.04812499999997044,7
0,1,burst,664,0.049624999999991815,7
0,1,burst,665,0.050707999999985987,7
0,1,burst,666,0.052707999999995536,7
0,1,burst,667,0.046582999999998265,7
0,1,burst,668,0.04862500000001546,7
0,1,burst,669,0.04775000000000773,7
0,1,burst,670,0.047667000000046755,7
0,1,burst,671,0.07125000000002046,7
0,1,burst,672,0.0595000000000141,7
0,1,burst,673,0.055749999999989086,7
0,1,burst,674,0.0605419999999981,7
0,1,burst,675,0.05691599999994423,7
0,1,burst,676,0.06266700000003311,7
0,1,burst,677,0.055499999999995,7
0,1,burst,678,0.05854199999998855,7
0,1,burst,679,0.05662499999999682,7
0,1,burst,680,0.06179199999996854,7
0,1,burst,681,0.05770799999999099,7
0,1,burst,682,0.05616600000001881,7
0,1,burst,683,0.06195900000000165,7
0,1,burst,684,0.057332999999971435,7
0,1,burst,685,0.0584999999999809,7
0,1,burst,686,0.05816700000002584,7
0,1,burst,687,0.05904099999997925,7
0,1,burst,688,0.05604199999999082,7
0,1,burst,689,0.055999999999983174,7
0,1,burst,690,0.055292000000008557,7
0,1,burst,691,0.058958000000018274,7
0,1,burst,692,0.057708999999988464,7
0,1,burst,693,0.05779200000000628,7
0,1,burst,694,0.05437500000005002,7
0,1,burst,695,0.06391700000000355,7
0,1,burst,696,0.05754100000001472,7
0,1,burst,697,0.058207999999979165,7
0,1,burst,698,0.055124999999975444,7
0,1,burst,699,0.06358299999999417,7
0,1,burst,700,0.05416600000000926,7
0,1,burst,701,0.06229200000001356,7
0,1,burst,702,0.05437499999999318,7
0,1,burst,703,0.060334000000011656,7
0,1,burst,704,0.05583299999995006,7
0,1,burst,705,0.05754100000001472,7
0,1,burst,706,0.05495899999999665,7
0,1,burst,707,0.06333300000000008,7
0,1,burst,708,0.06383299999998826,7
0,1,burst,709,0.057916999999974905,7
0,1,burst,710,0.05870799999996734,7
0,1,burst,711,0.06008300000002009,7
0,1,burst,712,0.05412499999999909,7
0,1,burst,713,0.05691699999999855,7
0,1,burst,714,0.05516600000004246,7
0,1,burst,715,0.05900000000002592,7
0,1,burst,716,0.05604199999999082,7
0,1,burst,717,0.05783400000001393,7
0,1,burst,718,0.05820899999997664,7
0,1,burst,719,0.06291699999997036,7
0,1,burst,720,0.060875000000010004,7
0,1,burst,721,0.057708999999988464,7
0,1,burst,722,0.05649999999997135,7
0,1,burst,723,0.06033300000001418,7
0,1,burst,724,0.06058300000000827,7
0,1,burst,725,0.058250000000043656,7
0,1,burst,726,0.05804200000000037,7
0,1,burst,727,0.0594159999999988,7
0,1,burst,728,0.05941699999999628,7
0,1,burst,729,0.057999999999992724,7
0,1,burst,730,0.055542000000002645,7
0,1,burst,731,0.05954100000002427,7
0,1,burst,732,0.057833000000016455,7
0,1,burst,733,0.05604199999999082,7
0,1,burst,734,0.05604199999999082,7
0,1,burst,735,0.05770799999999099,7
0,1,burst,736,0.05741599999998925,7
0,1,burst,737,0.05750000000000455,7
0,1,burst,738,0.05566599999997379,7
0,1,burst,739,0.055167000000039934,7
0,1,burst,740,0.06158400000003894,7
0,1,burst,741,0.057999999999992724,7
0,1,burst,742,0.05624999999997726,7
0,1,burst,743,0.05624999999997726,7
0,1,burst,744,0.05704100000002654,7
0,1,burst,745,0.05833300000000463,7
0,1,burst,746,0.057749999999998636,7
0,1,burst,747,0.08091699999999946,7
0,1,burst,748,0.078125,7
0,1,burst,749,0.07958300000001373,7
0,1,burst,750,0.07816599999995333,7
0,1,burst,751,0.07949999999999591,7
0,1,burst,752,0.07945799999998826,7
0,1,burst,753,0.08283299999999372,7
0,1,burst,754,0.07820800000001782,7
0,1,burst,755,0.08120800000000372,7
0,1,burst,756,0.07783299999999826,7
0,1,burst,757,0.0821250000000191,7
0,1,burst,758,0.07833299999998644,7
0,1,burst,759,0.08141599999999016,7
0,1,burst,760,0.07958299999995688,7
0,1,burst,761,0.07787500000000591,7
0,1,burst,762,0.08108399999997573,7
0,1,burst,763,0.077541999999994,7
0,1,burst,764,0.08100000000001728,7
0,1,burst,765,0.07774999999998045,7
0,1,burst,766,0.07783299999999826,7
0,1,burst,767,0.0796659999999747,7
0,1,burst,768,0.0827080000000251,7
0,1,burst,769,0.07970799999998235,7
0,1,burst,770,0.07783299999999826,7
0,1,burst,771,0.079166999999984,7
0,1,burst,772,0.08033399999999347,7
0,1,burst,773,0.07833300000004328,7
0,1,burst,774,0.07804199999998218,7
0,1,burst,775,0.07862499999998818,7
0,1,burst,776,0.0796659999999747,7
0,1,burst,777,0.07820800000001782,7
0,1,burst,778,0.07845799999995506,7
0,1,burst,779,0.07712500000002365,7
0,1,burst,780,0.08408299999996416,7
0,1,burst,781,0.07941699999997809,7
0,1,burst,782,0.07800000000003138,7
0,1,burst,783,0.0782090000000153,7
0,1,burst,784,0.07708400000001348,7
0,1,burst,785,0.07741700000002538,7
0,1,burst,786,0.07833399999998392,7
0,1,burst,787,0.07925000000000182,7
0,1,burst,788,0.07620799999995143,7
0,1,burst,789,0.07825000000002547,7
0,1,burst,790,0.07645899999999983,7
0,1,burst,791,0.08624999999994998,7
0,1,burst,792,0.07733300000001009,7
0,1,burst,793,0.07891599999999244,7
0,1,burst,794,0.09312499999998636,7
0,1,burst,795,0.07962499999996453,7
0,1,burst,796,0.07729199999999992,7
0,1,burst,797,0.08254199999998946,7
0,1,burst,798,0.07883300000003146,7
0,1,burst,799,0.091666000000032,7
0,1,burst,800,0.07845900000000938,7
0,1,burst,801,0.07900000000000773,7
0,1,burst,802,0.08420799999998962,7
0,1,burst,803,0.11924999999996544,7
0,1,burst,804,0.12929200000002083,7
0,1,burst,805,0.12008400000001984,7
0,1,burst,806,0.12133299999999281,7
0,1,burst,807,0.11945800000000872,7
0,1,burst,808,0.12583399999999756,7
0,1,burst,809,0.12024999999999864,7
0,1,burst,810,0.12154199999997672,7
0,1,burst,811,0.13008400000001075,7
0,1,burst,812,0.12295900000003712,7
0,1,burst,813,46.326625000000035,7
0,1,burst,814,0.2841670000000249,7
0,1,burst,815,0.3298330000000078,7
0,1,burst,816,1.1350829999999519,7
0,1,burst,817,0.3347089999999753,7
0,1,burst,818,0.18091699999996536,7
0,1,burst,819,0.1645419999999831,7
0,1,burst,820,0.20008300000000645,7
0,1,burst,821,0.18320799999997917,7
0,1,burst,822,0.2320839999999862,7
0,1,burst,823,0.1652499999999577,7
0,1,burst,824,0.18437499999998863,7
0,1,burst,825,0.1599170000000072,7
0,1,burst,826,0.15158300000001645,7
0,1,burst,827,0.1792080000000169,7
0,1,burst,828,0.18199999999995953,7
0,1,burst,829,0.41695900000001984,7
0,1,burst,830,26.239874999999984,7
0,1,burst,831,0.28316699999999173,7
0,1,burst,832,0.17349999999999,7
0,1,burst,833,0.13233400000001438,7
0,1,burst,834,0.12658299999998235,7
0,1,burst,835,0.13258299999995415,7
0,1,burst,836,0.15750000000002728,7
0,1,burst,837,0.14974999999998317,7
0,1,burst,838,0.13091700000001083,7
0,1,burst,839,0.1253330000000119,7
0,1,burst,840,0.14254099999999426,7
0,1,burst,841,0.12195800000000645,7
0,1,burst,842,0.12070900000003348,7
0,1,burst,843,0.12712500000003502,7
0,1,burst,844,0.13554200000004357,7
0,1,burst,845,0.1284170000000131,7
0,1,burst,846,0.12133399999999028,7
0,1,burst,847,0.11958299999997735,7
0,1,burst,848,0.13400000000001455,7
0,1,burst,849,0.12220899999999801,7
0,1,burst,850,0.12116700000001401,7
0,1,burst,851,0.12691699999999173,7
0,1,burst,852,0.13654200000001993,7
0,1,burst,853,0.15416699999997263,7
0,1,burst,854,0.13854199999997263,7
0,1,burst,855,0.13616700000000037,7
0,1,burst,856,0.13858399999998028,7
0,1,burst,857,0.13266699999996945,7
0,1,burst,858,0.14154200000001538,7
0,1,burst,859,0.42200000000002547,7
0,1,burst,860,0.32991699999996627,7
0,1,burst,861,0.16429099999999153,7
0,1,burst,862,0.15437499999995907,7
0,1,burst,863,0.13829199999997854,7
0,1,burst,864,0.13175000000001091,7
0,1,burst,865,0.13737500000002,7
0,1,burst,866,0.12791700000002493,7
0,1,burst,867,0.14562499999999545,7
0,1,burst,868,0.13750000000004547,7
0,1,burst,869,4.327707999999973,7
0,1,burst,870,0.9394580000000019,7
0,1,burst,871,0.19037500000001728,7
0,1,burst,872,0.14362500000004275,7
0,1,burst,873,0.13941600000003973,7
0,1,burst,874,0.13479200000000446,7
0,1,burst,875,0.6701659999999947,7
0,1,burst,876,0.1522080000000301,7
0,1,burst,877,0.147625000000005,7
0,1,burst,878,0.13745800000003783,7
0,1,burst,879,0.1520840000000021,7
0,1,burst,880,0.14345800000000963,7
0,1,burst,881,0.13241699999997536,7
0,1,burst,882,0.13541699999996126,7
0,1,burst,883,0.15133400000001984,7
0,1,burst,884,0.12854199999998173,7
0,1,burst,885,38.94829199999998,7
0,1,burst,886,0.36854099999999335,7
0,1,burst,887,2.5319579999999746,7
0,1,burst,888,0.3177919999999972,7
0,1,burst,889,0.15208300000000463,7
0,1,burst,890,0.13466700000003584,7
0,1,burst,891,0.27233400000000074,7
0,1,burst,892,0.5178750000000036,7
0,1,burst,893,0.33850000000001046,7
0,1,burst,894,0.09550000000001546,7
0,1,burst,895,0.09350000000000591,7
0,1,burst,896,0.09383300000001782,7
0,1,burst,897,0.1970410000000129,7
0,1,burst,898,0.2622920000000022,7
0,1,burst,899,0.36062499999997044,7
0,1,burst,900,0.1601660000000038,7
0,1,burst,901,0.09424999999998818,7
0,1,burst,902,0.08937499999996135,7
0,1,burst,903,0.09437500000001364,7
0,1,burst,904,0.0957499999999527,7
0,1,burst,905,0.09091699999999037,7
0,1,burst,906,0.12020799999999099,7
0,1,burst,907,0.12400000000002365,7
0,1,burst,908,0.12729200000001129,7
0,1,burst,909,0.13366700000000264,7
0,1,burst,910,0.12408400000003894,7
0,1,burst,911,0.12020800000004783,7
0,1,burst,912,0.12516600000003564,7
0,1,burst,913,0.13075000000003456,7
0,1,burst,914,0.12274999999999636,7
0,1,burst,915,0.12549999999998818,7
0,1,burst,916,0.13970799999998462,7
0,1,burst,917,0.12116700000001401,7
0,1,burst,918,0.11970900000000029,7
0,1,burst,919,0.12350000000003547,7
0,1,burst,920,0.1219579999999496,7
0,1,burst,921,0.12133299999999281,7
0,1,burst,922,0.11858399999999847,7
0,1,burst,923,0.1220000000000141,7
0,1,burst,924,0.12345800000002782,7
0,1,burst,925,0.12250000000000227,7
0,1,burst,926,0.1289160000000038,7
0,1,burst,927,0.12437499999998636,7
0,1,burst,928,0.1209999999999809,7
0,1,burst,929,0.12091700000001993,7
0,1,burst,930,0.12291700000002947,7
0,1,burst,931,0.1211659999999597,7
0,1,burst,932,0.12441599999999653,7
0,1,burst,933,0.12041599999997743,7
0,1,burst,934,0.12466599999999062,7
0,1,burst,935,0.1318329999999719,7
0,1,burst,936,0.11950000000001637,7
0,1,burst,937,0.12187499999998863,7
0,1,burst,938,0.1199579999999969,7
0,1,burst,939,0.1227500000000532,7
0,1,burst,940,0.1203750000000241,7
0,1,burst,941,0.11991699999998673,7
0,1,burst,942,0.12466699999998809,7
0,1,burst,943,0.12649999999996453,7
0,1,burst,944,0.11941699999999855,7
0,1,burst,945,0.12208399999997255,7
0,1,burst,946,0.13487500000002228,7
0,1,burst,947,0.12662499999999,7
0,1,burst,948,0.12062500000001819,7
0,1,burst,949,0.12370799999996507,7
0,1,burst,950,0.11925000000002228,7
0,1,burst,951,0.12137500000000045,7
0,1,burst,952,0.119624999999985,7
0,1,burst,953,0.1209999999999809,7
0,1,burst,954,0.13416699999999082,7
0,1,burst,955,0.12700000000000955,7
0,1,burst,956,0.12337500000001,7
0,1,burst,957,0.12466699999998809,7
0,1,burst,958,0.127207999999996,7
0,1,burst,959,0.1257089999999721,7
0,1,burst,960,0.12170800000001236,7
0,1,burst,961,0.12554099999999835,7
0,1,burst,962,0.11862500000000864,7
0,1,burst,963,0.12879199999997581,7
0,1,burst,964,0.12070900000003348,7
0,1,burst,965,0.12608299999999417,7
0,1,burst,966,0.12270799999998871,7
0,1,burst,967,0.12129199999998264,7
0,1,burst,968,0.11925000000002228,7
0,1,burst,969,0.12683300000003328,7
0,1,burst,970,0.12591599999996106,7
0,1,burst,971,0.13087500000000318,7
0,1,burst,972,0.12058400000000802,7
0,1,burst,973,0.11958400000003166,7
0,1,burst,974,0.12966699999998355,7
0,1,burst,975,0.1214589999999589,7
0,1,burst,976,0.12400000000002365,7
0,1,burst,977,0.11941699999999855,7
0,1,burst,978,0.12849999999997408,7
0,1,burst,979,0.12583300000000008,7
0,1,burst,980,0.11912499999999682,7
0,1,burst,981,0.11991599999998925,7
0,1,burst,982,0.12408299999998462,7
0,1,burst,983,0.120666999999969,7
0,1,burst,984,0.11958399999997482,7
0,1,burst,985,0.12112500000000637,7
0,1,burst,986,0.12704199999996035,7
0,1,burst,987,0.11837500000001455,7
0,1,burst,988,0.11954100000002654,7
0,1,burst,989,0.12162499999999454,7
0,1,burst,990,0.1230419999999981,7
0,1,burst,991,0.1413750000000391,7
0,1,burst,992,0.12295800000003965,7
0,1,burst,993,0.12745800000004692,7
0,1,burst,994,0.16783299999997325,7
0,1,burst,995,0.12183299999998098,7
0,1,burst,996,0.12441599999999653,7
0,1,burst,997,0.12741600000003928,7
0,1,burst,998,0.124416999999994,7
0,1,burst,999,0.13033300000000736,7
0,2,idle,0,0.002292000000011285,0
0,2,idle,1,0.002375000000029104,0
0,2,idle,2,0.002250000000003638,0
0,2,idle,3,0.002625000000023192,0
0,2,idle,4,0.0037919999999758147,0
0,2,idle,5,0.0024169999999799074,0
0,2,idle,6,0.002250000000003638,0
0,2,idle,7,0.002375000000029104,0
0,2,idle,8,0.002207999999995991,0
0,2,idle,9,0.002916000000027452,0
0,2,idle,10,0.0030409999999960746,0
0,2,idle,11,0.002207999999995991,0
0,2,idle,12,0.0024160000000392756,0
0,2,idle,13,0.002333000000021457,0
0,2,idle,14,0.0036249999999995453,0
0,2,idle,15,0.002415999999982432,0
0,2,idle,16,0.0027499999999918145,0
0,2,idle,17,0.0023749999999722604,0
0,2,idle,18,0.002250000000003638,0
0,2,idle,19,0.002833999999950265,0
0,2,idle,20,0.002333000000021457,0
0,2,idle,21,0.0027919999999994616,0
0,2,idle,22,0.002292000000011285,0
0,2,idle,23,0.0023329999999646134,0
0,2,idle,24,0.002250000000003638,0
0,2,idle,25,0.002957999999978256,0
0,2,idle,26,0.0022910000000138098,0
0,2,idle,27,0.002333000000021457,0
0,2,idle,28,0.002250000000003638,0
0,2,idle,29,0.0023749999999722604,0
0,2,idle,30,0.0030409999999960746,0
0,2,idle,31,0.002250000000003638,0
0,2,idle,32,0.002166999999985819,0
0,2,idle,33,0.002667000000030839,0
0,2,idle,34,0.002292000000011285,0
0,2,idle,35,0.0036670000000071923,0
0,2,idle,36,0.00458400000002257,0
0,2,idle,37,0.0023329999999646134,0
0,2,idle,38,0.002375000000029104,0
0,2,idle,39,0.002292000000011285,0
0,2,idle,40,0.003375000000005457,0
0,2,idle,41,0.003375000000005457,0
0,2,idle,42,0.002292000000011285,0
0,2,idle,43,0.0023339999999620886,0
0,2,idle,44,0.002375000000029104,0
0,2,idle,45,0.0025000000000545697,0
0,2,idle,46,0.0028330000000096334,0
0,2,idle,47,0.0022910000000138098,0
0,2,idle,48,0.002292000000011285,0
0,2,idle,49,0.0024999999999977263,0
0,2,idle,50,0.002165999999988344,0
0,2,idle,51,0.002874999999960437,0
0,2,idle,52,0.002250000000003638,0
0,2,idle,53,0.0022910000000138098,0
0,2,idle,54,0.002333000000021457,0
0,2,idle,55,0.0024169999999799074,0
0,2,idle,56,0.0028330000000096334,0
0,2,idle,57,0.0022909999999569663,0
0,2,idle,58,0.002124999999978172,0
0,2,idle,59,0.002333000000021457,0
0,2,idle,60,0.002207999999995991,0
0,2,idle,61,0.002667000000030839,0
0,2,idle,62,0.002375000000029104,0
0,2,idle,63,0.0030409999999960746,0
0,2,idle,64,0.002999999999985903,0
0,2,idle,65,0.0022499999999467946,0
0,2,idle,66,0.0024999999999977263,0
0,2,idle,67,0.0038339999999834617,0
0,2,idle,68,0.0029170000000249274,0
0,2,idle,69,0.002292000000011285,0
0,2,idle,70,0.0024169999999799074,0
0,2,idle,71,0.002250000000003638,0
0,2,idle,72,0.0036659999999528736,0
0,2,idle,73,0.0022910000000138098,0
0,2,idle,74,0.002292000000011285,0
0,2,idle,75,0.002333000000021457,0
0,2,idle,76,0.0023329999999646134,0
0,2,idle,77,0.0038339999999834617,0
0,2,idle,78,0.0024589999999875545,0
0,2,idle,79,0.002250000000003638,0
0,2,idle,80,0.0023339999999620886,0
0,2,idle,81,0.002333000000021457,0
0,2,idle,82,0.0035410000000410946,0
0,2,idle,83,0.002333000000021457,0
0,2,idle,84,0.0023339999999620886,0
0,2,idle,85,0.002292000000011285,0
0,2,idle,86,0.002292000000011285,0
0,2,idle,87,0.0023749999999722604,0
0,2,idle,88,0.0028330000000096334,0
0,2,idle,89,0.002250000000003638,0
0,2,idle,90,0.0022919999999544416,0
0,2,idle,91,0.002292000000011285,0
0,2,idle,92,0.002292000000011285,0
0,2,idle,93,0.0032090000000266627,0
0,2,idle,94,0.002375000000029104,0
0,2,idle,95,0.0022919999999544416,0
0,2,idle,96,0.0024999999999977263,0
0,2,idle,97,0.0023749999999722604,0
0,2,idle,98,0.0027919999999994616,0
0,2,idle,99,0.003207999999972344,0
0,2,idle,100,0.0024579999999900792,0
0,2,idle,101,0.002166999999985819,0
0,2,idle,102,0.002208999999993466,0
0,2,idle,103,0.002916999999968084,0
0,2,idle,104,0.002874999999960437,0
0,2,idle,105,0.0027919999999994616,0
0,2,idle,106,0.002333000000021457,0
0,2,idle,107,0.002459000000044398,0
0,2,idle,108,0.0028330000000096334,0
0,2,idle,109,0.0026669999999739957,0
0,2,idle,110,0.002333000000021457,0
0,2,idle,111,0.0021250000000350155,0
0,2,idle,112,0.0023749999999722604,0
0,2,idle,113,0.002208999999993466,0
0,2,idle,114,0.002750000000048658,0
0,2,idle,115,0.002250000000003638,0
0,2,idle,116,0.002333000000021457,0
0,2,idle,117,0.002375000000029104,0
0,2,idle,118,0.0025420000000053733,0
0,2,idle,119,0.0036670000000071923,0
0,2,idle,120,0.0024589999999875545,0
0,2,idle,121,0.002250000000003638,0
0,2,idle,122,0.002375000000029104,0
0,2,idle,123,0.0029159999999706088,0
0,2,idle,124,0.0028750000000172804,0
0,2,idle,125,0.0028750000000172804,0
0,2,idle,126,0.0023339999999620886,0
0,2,idle,127,0.002375000000029104,0
0,2,idle,128,0.002292000000011285,0
0,2,idle,129,0.0023749999999722604,0
0,2,idle,130,0.0036670000000071923,0
0,2,idle,131,0.0023749999999722604,0
0,2,idle,132,0.002292000000011285,0
0,2,idle,133,0.002375000000029104,0
0,2,idle,134,0.002874999999960437,0
0,2,idle,135,0.0027910000000019863,0
0,2,idle,136,0.002250000000003638,0
0,2,idle,137,0.002292000000011285,0
0,2,idle,138,0.0024169999999799074,0
0,2,idle,139,0.0022910000000138098,0
0,2,idle,140,0.003375000000005457,0
0,2,idle,141,0.002709000000038486,0
0,2,idle,142,0.0022090000000503096,0
0,2,idle,143,0.002333000000021457,0
0,2,idle,144,0.002250000000003638,0
0,2,idle,145,0.002250000000003638,0
0,2,idle,146,0.0027089999999816428,0
0,2,idle,147,0.002916999999968084,0
0,2,idle,148,0.0024999999999977263,0
0,2,idle,149,0.002292000000011285,0
0,2,idle,150,0.002292000000011285,0
0,2,idle,151,0.0028750000000172804,0
0,2,idle,152,0.002207999999995991,0
0,2,idle,153,0.002292000000011285,0
0,2,idle,154,0.002292000000011285,0
0,2,idle,155,0.002375000000029104,0
0,2,idle,156,0.0027919999999994616,0
0,2,idle,157,0.0024999999999977263,0
0,2,idle,158,0.002250000000003638,0
0,2,idle,159,0.0024169999999799074,0
0,2,idle,160,0.0022919999999544416,0
0,2,idle,161,0.002999999999985903,0
0,2,idle,162,0.002958999999975731,0
0,2,idle,163,0.002333000000021457,0
0,2,idle,164,0.002207999999995991,0
0,2,idle,165,0.00804100000004837,0
0,2,idle,166,0.002375000000029104,0
0,2,idle,167,0.002874999999960437,0
0,2,idle,168,0.002250000000003638,0
0,2,idle,169,0.0024169999999799074,0
0,2,idle,170,0.002166999999985819,0
0,2,idle,171,0.002250000000003638,0
0,2,idle,172,0.0027919999999994616,0
0,2,idle,173,0.0023749999999722604,0
0,2,idle,174,0.002292000000011285,0
0,2,idle,175,0.004750000000001364,0
0,2,idle,176,0.0025840000000130203,0
0,2,idle,177,0.0027089999999816428,0
0,2,idle,178,0.002292000000011285,0
0,2,idle,179,0.002208999999993466,0
0,2,idle,180,0.0024579999999900792,0
0,2,idle,181,0.0024579999999900792,0
0,2,idle,182,0.0028750000000172804,0
0,2,idle,183,0.002124999999978172,0
0,2,idle,184,0.002292000000011285,0
0,2,idle,185,0.002334000000018932,0
0,2,idle,186,0.002250000000003638,0
0,2,idle,187,0.002250000000003638,0
0,2,idle,188,0.003540999999984251,0
0,2,idle,189,0.0027910000000019863,0
0,2,idle,190,0.002415999999982432,0
0,2,idle,191,0.0023749999999722604,0
0,2,idle,192,0.0026669999999739957,0
0,2,idle,193,0.003500000000030923,0
0,2,idle,194,0.002375000000029104,0
0,2,idle,195,0.0031250000000113687,0
0,2,idle,196,0.0023749999999722604,0
0,2,idle,197,0.002334000000018932,0
0,2,idle,198,0.0030830000000037217,0
0,2,idle,199,0.002375000000029104,0
0,2,idle,200,0.002333000000021457,0
0,2,idle,201,0.002250000000003638,0
0,2,idle,202,0.002417000000036751,0
0,2,idle,203,0.003165999999964697,0
0,2,idle,204,0.002957999999978256,0
0,2,idle,205,0.002250000000003638,0
0,2,idle,206,0.0022909999999569663,0
0,2,idle,207,0.002207999999995991,0
0,2,idle,208,0.002208999999993466,0
0,2,idle,209,0.0026669999999739957,0
0,2,idle,210,0.002208999999993466,0
0,2,idle,211,0.0028330000000096334,0
0,2,idle,212,0.0024999999999977263,0
0,2,idle,213,0.002292000000011285,0
0,2,idle,214,0.0027499999999918145,0
0,2,idle,215,0.002292000000011285,0
0,2,idle,216,0.002166999999985819,0
0,2,idle,217,0.0025420000000053733,0
0,2,idle,218,0.002625000000023192,0
0,2,idle,219,0.0027079999999841675,0
0,2,idle,220,0.0024589999999875545,0
0,2,idle,221,0.002124999999978172,0
0,2,idle,222,0.0023749999999722604,0
0,2,idle,223,0.0027079999999841675,0
0,2,idle,224,0.002417000000036751,0
0,2,idle,225,0.0036249999999995453,0
0,2,idle,226,0.0023749999999722604,0
0,2,idle,227,0.0027499999999918145,0
0,2,idle,228,0.002375000000029104,0
0,2,idle,229,0.002208999999993466,0
0,2,idle,230,0.0036670000000071923,0
0,2,idle,231,0.023958000000050106,0
0,2,idle,232,0.002625000000023192,0
0,2,idle,233,0.0022499999999467946,0
0,2,idle,234,0.003291999999987638,0
0,2,idle,235,0.002124999999978172,0
0,2,idle,236,0.002250000000003638,0
0,2,idle,237,0.0028750000000172804,0
0,2,idle,238,0.002208999999993466,0
0,2,idle,239,0.0025840000000130203,0
0,2,idle,240,0.002166999999985819,0
0,2,idle,241,0.002124999999978172,0
0,2,idle,242,0.005207999999981894,0
0,2,idle,243,0.002334000000018932,0
0,2,idle,244,0.002375000000029104,0
0,2,idle,245,0.002750000000048658,0
0,2,idle,246,0.002207999999995991,0
0,2,idle,247,0.0020420000000171967,0
0,2,idle,248,0.0027499999999918145,0
0,2,idle,249,0.0020420000000171967,0
0,2,idle,250,0.0025420000000053733,0
0,2,idle,251,0.0029170000000249274,0
0,2,idle,252,0.0024169999999799074,0
0,2,idle,253,0.002334000000018932,0
0,2,idle,254,0.0020420000000171967,0
0,2,idle,255,0.002874999999960437,0
0,2,idle,256,0.002334000000018932,0
0,2,idle,257,0.0021250000000350155,0
0,2,idle,258,0.0022090000000503096,0
0,2,idle,259,0.0020420000000171967,0
0,2,idle,260,0.0024579999999900792,0
0,2,idle,261,0.002124999999978172,0
0,2,idle,262,0.0020419999999603533,0
0,2,idle,263,0.002124999999978172,0
0,2,idle,264,0.0022910000000138098,0
0,2,idle,265,0.002207999999995991,0
0,2,idle,266,0.0037090000000148393,0
0,2,idle,267,0.0026669999999739957,0
0,2,idle,268,0.0021250000000350155,0
0,2,idle,269,0.002165999999988344,0
0,2,idle,270,0.002207999999995991,0
0,2,idle,271,0.003708000000017364,0
0,2,idle,272,0.002166999999985819,0
0,2,idle,273,0.0022090000000503096,0
0,2,idle,274,0.002250000000003638,0
0,2,idle,275,0.0020420000000171967,0
0,2,idle,276,0.0029170000000249274,0
0,2,idle,277,0.002250000000003638,0
0,2,idle,278,0.002207999999995991,0
0,2,idle,279,0.0021250000000350155,0
0,2,idle,280,0.002334000000018932,0
0,2,idle,281,0.0025420000000053733,0
0,2,idle,282,0.0021670000000426626,0
0,2,idle,283,0.0021670000000426626,0
0,2,idle,284,0.0022910000000138098,0
0,2,idle,285,0.0026659999999765205,0
0,2,idle,286,0.002666000000033364,0
0,2,idle,287,0.004041000000029271,0
0,2,idle,288,0.0021660000000451873,0
0,2,idle,289,0.0021250000000350155,0
0,2,idle,290,0.0021670000000426626,0
0,2,idle,291,0.002207999999995991,0
0,2,idle,292,0.002541000000007898,0
0,2,idle,293,0.002165999999988344,0
0,2,idle,294,0.002165999999988344,0
0,2,idle,295,0.002082999999970525,0
0,2,idle,296,0.002208999999993466,0
0,2,idle,297,0.0027919999999994616,0
0,2,idle,298,0.0021250000000350155,0
0,2,idle,299,0.002082999999970525,0
0,2,idle,300,0.0020839999999680003,0
0,2,idle,301,0.0020420000000171967,0
0,2,idle,302,0.002625000000023192,0
0,2,idle,303,0.0020839999999680003,0
0,2,idle,304,0.002124999999978172,0
0,2,idle,305,0.0021250000000350155,0
0,2,idle,306,0.002292000000011285,0
0,2,idle,307,0.002166999999985819,0
0,2,idle,308,0.0027079999999841675,0
0,2,idle,309,0.004124999999987722,0
0,2,idle,310,0.0027499999999918145,0
0,2,idle,311,0.002040999999962878,0
0,2,idle,312,0.0027910000000019863,0
0,2,idle,313,0.0025829999999587017,0
0,2,idle,314,0.002999999999985903,0
0,2,idle,315,0.002207999999995991,0
0,2,idle,316,0.0024589999999875545,0
0,2,idle,317,0.002124999999978172,0
0,2,idle,318,0.0027499999999918145,0
0,2,idle,319,0.0023749999999722604,0
0,2,idle,320,0.0020830000000273685,0
0,2,idle,321,0.0020420000000171967,0
0,2,idle,322,0.0020839999999680003,0
0,2,idle,323,0.002166999999985819,0
0,2,idle,324,0.0026669999999739957,0
0,2,idle,325,0.0020830000000273685,0
0,2,idle,326,0.0020410000000197215,0
0,2,idle,327,0.002207999999995991,0
0,2,idle,328,0.002208999999993466,0
0,2,idle,329,0.003417000000013104,0
0,2,idle,330,0.002082999999970525,0
0,2,idle,331,0.0020410000000197215,0
0,2,idle,332,0.0021250000000350155,0
0,2,idle,333,0.0021250000000350155,0
0,2,idle,334,0.00254199999994853,0
0,2,idle,335,0.0020840000000248438,0
0,2,idle,336,0.0020420000000171967,0
0,2,idle,337,0.002124999999978172,0
0,2,idle,338,0.002250000000003638,0
0,2,idle,339,0.0025409999999510546,0
0,2,idle,340,0.002250000000003638,0
0,2,idle,341,0.002124999999978172,0
0,2,idle,342,0.002166999999985819,0
0,2,idle,343,0.002124999999978172,0
0,2,idle,344,0.002082999999970525,0
0,2,idle,345,0.0028750000000172804,0
0,2,idle,346,0.0020830000000273685,0
0,2,idle,347,0.0023339999999620886,0
0,2,idle,348,0.002208999999993466,0
0,2,idle,349,0.002166999999985819,0
0,2,idle,350,0.0027089999999816428,0
0,2,idle,351,0.0020830000000273685,0
0,2,idle,352,0.0020410000000197215,0
0,2,idle,353,0.002207999999995991,0
0,2,idle,354,0.003375000000005457,0
0,2,idle,355,0.002583000000015545,0
0,2,idle,356,0.0020840000000248438,0
0,2,idle,357,0.002207999999995991,0
0,2,idle,358,0.002082999999970525,0
0,2,idle,359,0.002124999999978172,0
0,2,idle,360,0.0027919999999994616,0
0,2,idle,361,0.002292000000011285,0
0,2,idle,362,0.0020410000000197215,0
0,2,idle,363,0.002250000000003638,0
0,2,idle,364,0.002082999999970525,0
0,2,idle,365,0.002040999999962878,0
0,2,idle,366,0.0024579999999900792,0
0,2,idle,367,0.0020420000000171967,0
0,2,idle,368,0.001958999999999378,0
0,2,idle,369,0.002250000000003638,0
0,2,idle,370,0.0020839999999680003,0
0,2,idle,371,0.0036670000000071923,0
0,2,idle,372,0.0027089999999816428,0
0,2,idle,373,0.002207999999995991,0
0,2,idle,374,0.0020410000000197215,0
0,2,idle,375,0.002250000000003638,0
0,2,idle,376,0.005292000000054031,0
0,2,idle,377,0.002208999999993466,0
0,2,idle,378,0.0021250000000350155,0
0,2,idle,379,0.002166999999985819,0
0,2,idle,380,0.002207999999995991,0
0,2,idle,381,0.002625000000023192,0
0,2,idle,382,0.0020830000000273685,0
0,2,idle,383,0.002040999999962878,0
0,2,idle,384,0.002165999999988344,0
0,2,idle,385,15.12541600000003,0
0,2,idle,386,0.03458299999999781,0
0,2,idle,387,0.004624999999975898,0
0,2,idle,388,0.0031660000000215405,0
0,2,idle,389,0.0026669999999739957,0
0,2,idle,390,0.004458999999997104,0
0,2,idle,391,0.0024589999999875545,0
0,2,idle,392,0.024375000000020464,0
0,2,idle,393,0.017291000000000167,0
0,2,idle,394,0.0036249999999995453,0
0,2,idle,395,0.0031670000000190157,0
0,2,idle,396,0.004583000000025095,0
0,2,idle,397,0.0035410000000410946,0
0,2,idle,398,0.0024999999999977263,0
0,2,idle,399,0.0028750000000172804,0
0,2,idle,400,0.0026669999999739957,0
0,2,idle,401,0.0024580000000469227,0
0,2,idle,402,0.0029580000000350992,0
0,2,idle,403,0.0026249999999663487,0
0,2,idle,404,0.0024999999999977263,0
0,2,idle,405,0.0025420000000053733,0
0,2,idle,406,0.0020839999999680003,0
0,2,idle,407,0.0027089999999816428,0
0,2,idle,408,0.002208999999993466,0
0,2,idle,409,0.0020840000000248438,0
0,2,idle,410,0.002417000000036751,0
0,2,idle,411,0.002375000000029104,0
0,2,idle,412,0.0024579999999900792,0
0,2,idle,413,0.0028750000000172804,0
0,2,idle,414,0.002417000000036751,0
0,2,idle,415,0.0027079999999841675,0
0,2,idle,416,0.002207999999995991,0
0,2,idle,417,0.0022909999999569663,0
0,2,idle,418,0.0024579999999900792,0
0,2,idle,419,0.002292000000011285,0
0,2,idle,420,0.0020839999999680003,0
0,2,idle,421,0.0021250000000350155,0
0,2,idle,422,0.002082999999970525,0
0,2,idle,423,0.0027079999999841675,0
0,2,idle,424,0.0020830000000273685,0
0,2,idle,425,0.0020830000000273685,0
0,2,idle,426,0.002250000000003638,0
0,2,idle,427,0.0024579999999900792,0
0,2,idle,428,0.0026659999999765205,0
0,2,idle,429,0.002292000000011285,0
0,2,idle,430,0.0022919999999544416,0
0,2,idle,431,0.0022910000000138098,0
0,2,idle,432,0.0023329999999646134,0
0,2,idle,433,0.0021250000000350155,0
0,2,idle,434,0.004042000000026746,0
0,2,idle,435,0.002415999999982432,0
0,2,idle,436,0.002166999999985819,0
0,2,idle,437,0.002999999999985903,0
0,2,idle,438,0.002417000000036751,0
0,2,idle,439,0.004209000000003016,0
0,2,idle,440,0.0024169999999799074,0
0,2,idle,441,0.004041000000029271,0
0,2,idle,442,0.0024169999999799074,0
0,2,idle,443,0.012917000000015832,0
0,2,idle,444,0.002916000000027452,0
0,2,idle,445,0.0024169999999799074,0
0,2,idle,446,0.002375000000029104,0
0,2,idle,447,0.002417000000036751,0
0,2,idle,448,0.0022499999999467946,0
0,2,idle,449,0.002583000000015545,0
0,2,idle,450,0.002207999999995991,0
0,2,idle,451,0.0023329999999646134,0
0,2,idle,452,0.0020830000000273685,0
0,2,idle,453,0.002250000000003638,0
0,2,idle,454,0.003249999999979991,0
0,2,idle,455,0.003917000000001281,0
0,2,idle,456,0.0022499999999467946,0
0,2,idle,457,0.002334000000018932,0
0,2,idle,458,0.002124999999978172,0
0,2,idle,459,0.0036249999999995453,0
0,2,idle,460,0.0027079999999841675,0
0,2,idle,461,0.0022910000000138098,0
0,2,idle,462,0.002250000000003638,0
0,2,idle,463,0.002333000000021457,0
0,2,idle,464,0.002207999999995991,0
0,2,idle,465,0.0026659999999765205,0
0,2,idle,466,0.002417000000036751,0
0,2,idle,467,0.002250000000003638,0
0,2,idle,468,0.002250000000003638,0
0,2,idle,469,0.002165999999988344,0
0,2,idle,470,0.0024579999999900792,0
0,2,idle,471,0.002375000000029104,0
0,2,idle,472,0.002250000000003638,0
0,2,idle,473,0.002208999999993466,0
0,2,idle,474,0.002375000000029104,0
0,2,idle,475,0.002250000000003638,0
0,2,idle,476,0.0027499999999918145,0
0,2,idle,477,0.002208999999993466,0
0,2,idle,478,0.002999999999985903,0
0,2,idle,479,0.0032500000000368345,0
0,2,idle,480,0.002459000000044398,0
0,2,idle,481,0.002667000000030839,0
0,2,idle,482,0.002207999999995991,0
0,2,idle,483,0.002541000000007898,0
0,2,idle,484,0.002333000000021457,0
0,2,idle,485,0.0023749999999722604,0
0,2,idle,486,0.002583000000015545,0
0,2,idle,487,0.0024999999999977263,0
0,2,idle,488,0.0019999999999527063,0
0,2,idle,489,0.002250000000003638,0
0,2,idle,490,0.002375000000029104,0
0,2,idle,491,0.002459000000044398,0
0,2,idle,492,0.0020419999999603533,0
0,2,idle,493,0.0020830000000273685,0
0,2,idle,494,0.0020830000000273685,0
0,2,idle,495,0.002415999999982432,0
0,2,idle,496,0.002957999999978256,0
0,2,idle,497,0.002583000000015545,0
0,2,idle,498,0.00333299999999781,0
0,2,idle,499,0.0023329999999646134,0
0,2,idle,500,0.002207999999995991,0
0,2,idle,501,0.0029580000000350992,0
0,2,idle,502,0.0024999999999977263,0
0,2,idle,503,0.002375000000029104,0
0,2,idle,504,0.0020000000000095497,0
0,2,idle,505,0.002375000000029104,0
0,2,idle,506,0.0021250000000350155,0
0,2,idle,507,0.0027079999999841675,0
0,2,idle,508,0.002207999999995991,0
0,2,idle,509,0.0029159999999706088,0
0,2,idle,510,0.009292000000016287,0
0,2,idle,511,0.0024169999999799074,0
0,2,idle,512,0.002207999999995991,0
0,2,idle,513,0.0027079999999841675,0
0,2,idle,514,0.002250000000003638,0
0,2,idle,515,0.0023339999999620886,0
0,2,idle,516,0.002208999999993466,0
0,2,idle,517,0.002375000000029104,0
0,2,idle,518,0.0043330000000310065,0
0,2,idle,519,0.0023749999999722604,0
0,2,idle,520,0.0020410000000197215,0
0,2,idle,521,0.0030830000000037217,0
0,2,idle,522,0.0021250000000350155,0
0,2,idle,523,0.0026249999999663487,0
0,2,idle,524,0.002166999999985819,0
0,2,idle,525,0.0021250000000350155,0
0,2,idle,526,0.0024999999999977263,0
0,2,idle,527,0.002333000000021457,0
0,2,idle,528,0.002583000000015545,0
0,2,idle,529,0.0021670000000426626,0
0,2,idle,530,0.0021670000000426626,0
0,2,idle,531,0.002124999999978172,0
0,2,idle,532,0.002124999999978172,0
0,2,idle,533,0.002207999999995991,0
0,2,idle,534,0.002625000000023192,0
0,2,idle,535,0.0024580000000469227,0
0,2,idle,536,0.002250000000003638,0
0,2,idle,537,0.0047089999999911925,0
0,2,idle,538,0.002709000000038486,0
0,2,idle,539,0.002750000000048658,0
0,2,idle,540,0.002292000000011285,0
0,2,idle,541,0.002166999999985819,0
0,2,idle,542,0.0020830000000273685,0
0,2,idle,543,0.002415999999982432,0
0,2,idle,544,0.0025829999999587017,0
0,2,idle,545,0.0020830000000273685,0
0,2,idle,546,0.002207999999995991,0
0,2,idle,547,0.002207999999995991,0
0,2,idle,548,0.002166999999985819,0
0,2,idle,549,0.0024589999999875545,0
0,2,idle,550,0.0020419999999603533,0
0,2,idle,551,0.002333000000021457,0
0,2,idle,552,0.0020000000000095497,0
0,2,idle,553,0.0019580000000019027,0
0,2,idle,554,0.002166999999985819,0
0,2,idle,555,0.0025420000000053733,0
0,2,idle,556,0.0022910000000138098,0
0,2,idle,557,0.002124999999978172,0
0,2,idle,558,0.0034159999999587853,0
0,2,idle,559,0.002333000000021457,0
0,2,idle,560,0.0027079999999841675,0
0,2,idle,561,0.002040999999962878,0
0,2,idle,562,0.002375000000029104,0
0,2,idle,563,0.007915999999966061,0
0,2,idle,564,0.0024589999999875545,0
0,2,idle,565,0.0025420000000053733,0
0,2,idle,566,0.002250000000003638,0
0,2,idle,567,0.0025420000000053733,0
0,2,idle,568,0.0025420000000053733,0
0,2,idle,569,0.002333000000021457,0
0,2,idle,570,0.0026249999999663487,0
0,2,idle,571,0.002166999999985819,0
0,2,idle,572,0.0024999999999977263,0
0,2,idle,573,0.002166999999985819,0
0,2,idle,574,0.002165999999988344,0
0,2,idle,575,0.002375000000029104,0
0,2,idle,576,0.0027499999999918145,0
0,2,idle,577,0.009334000000023934,0
0,2,idle,578,0.002292000000011285,0
0,2,idle,579,0.002415999999982432,0
0,2,idle,580,0.002082999999970525,0
0,2,idle,581,0.0032080000000291875,0
0,2,idle,582,0.002250000000003638,0
0,2,idle,583,0.002375000000029104,0
0,2,idle,584,0.002208999999993466,0
0,2,idle,585,0.002124999999978172,0
0,2,idle,586,0.0028330000000096334,0
0,2,idle,587,0.002292000000011285,0
0,2,idle,588,0.002292000000011285,0
0,2,idle,589,0.002124999999978172,0
0,2,idle,590,0.002292000000011285,0
0,2,idle,591,0.0027079999999841675,0
0,2,idle,592,0.0020000000000095497,0
0,2,idle,593,0.0021250000000350155,0
0,2,idle,594,0.0022919999999544416,0
0,2,idle,595,0.002207999999995991,0
0,2,idle,596,0.0024169999999799074,0
0,2,idle,597,0.0024999999999977263,0
0,2,idle,598,0.0020830000000273685,0
0,2,idle,599,0.0022919999999544416,0
0,2,idle,600,0.002334000000018932,0
0,2,idle,601,0.0023339999999620886,0
0,2,idle,602,0.0025420000000053733,0
0,2,idle,603,0.002207999999995991,0
0,2,idle,604,0.002124999999978172,0
0,2,idle,605,0.009292000000016287,0
0,2,idle,606,0.0023329999999646134,0
0,2,idle,607,0.002625000000023192,0
0,2,idle,608,0.0023339999999620886,0
0,2,idle,609,0.002166999999985819,0
0,2,idle,610,0.002208999999993466,0
0,2,idle,611,0.002208999999993466,0
0,2,idle,612,0.0023749999999722604,0
0,2,idle,613,0.0024579999999900792,0
0,2,idle,614,0.002207999999995991,0
0,2,idle,615,0.002333000000021457,0
0,2,idle,616,0.002207999999995991,0
0,2,idle,617,0.0019999999999527063,0
0,2,idle,618,0.0024160000000392756,0
0,2,idle,619,0.0021250000000350155,0
0,2,idle,620,0.009124999999983174,0
0,2,idle,621,0.002292000000011285,0
0,2,idle,622,0.002916000000027452,0
0,2,idle,623,0.0027079999999841675,0
0,2,idle,624,0.002166999999985819,0
0,2,idle,625,0.003417000000013104,0
0,2,idle,626,0.002999999999985903,0
0,2,idle,627,0.0023339999999620886,0
0,2,idle,628,0.0025420000000053733,0
0,2,idle,629,0.002333000000021457,0
0,2,idle,630,0.002124999999978172,0
0,2,idle,631,0.0024169999999799074,0
0,2,idle,632,0.002333000000021457,0
0,2,idle,633,0.0021660000000451873,0
0,2,idle,634,0.00283299999995279,0
0,2,idle,635,0.002250000000003638,0
0,2,idle,636,0.002165999999988344,0
0,2,idle,637,0.002250000000003638,0
0,2,idle,638,0.0023749999999722604,0
0,2,idle,639,0.0027499999999918145,0
0,2,idle,640,0.002166999999985819,0
0,2,idle,641,0.0025840000000130203,0
0,2,idle,642,0.0023749999999722604,0
0,2,idle,643,0.00908300000003237,0
0,2,idle,644,0.009541999999953532,0
0,2,idle,645,0.002417000000036751,0
0,2,idle,646,0.002250000000003638,0
0,2,idle,647,0.004209000000003016,0
0,2,idle,648,0.002334000000018932,0
0,2,idle,649,0.0027919999999994616,0
0,2,idle,650,0.002250000000003638,0
0,2,idle,651,0.0024169999999799074,0
0,2,idle,652,0.002250000000003638,0
0,2,idle,653,0.002208999999993466,0
0,2,idle,654,0.002334000000018932,0
0,2,idle,655,0.002750000000048658,0
0,2,idle,656,0.0021250000000350155,0
0,2,idle,657,0.002165999999988344,0
0,2,idle,658,0.002166999999985819,0
0,2,idle,659,0.002208999999993466,0
0,2,idle,660,0.0026249999999663487,0
0,2,idle,661,0.0020000000000095497,0
0,2,idle,662,0.002165999999988344,0
0,2,idle,663,0.002625000000023192,0
0,2,idle,664,0.0021660000000451873,0
0,2,idle,665,0.0024999999999977263,0
0,2,idle,666,0.002207999999995991,0
0,2,idle,667,0.002207999999995991,0
0,2,idle,668,0.0020840000000248438,0
0,2,idle,669,0.002124999999978172,0
0,2,idle,670,0.0026249999999663487,0
0,2,idle,671,0.002207999999995991,0
0,2,idle,672,0.0020410000000197215,0
0,2,idle,673,0.002082999999970525,0
0,2,idle,674,0.0020420000000171967,0
0,2,idle,675,0.002208999999993466,0
0,2,idle,676,0.00254199999994853,0
0,2,idle,677,0.0020410000000197215,0
0,2,idle,678,0.002166999999985819,0
0,2,idle,679,0.002250000000003638,0
0,2,idle,680,0.0023329999999646134,0
0,2,idle,681,0.002417000000036751,0
0,2,idle,682,0.0032090000000266627,0
0,2,idle,683,0.002166999999985819,0
0,2,idle,684,0.0023749999999722604,0
0,2,idle,685,0.002124999999978172,0
0,2,idle,686,0.002625000000023192,0
0,2,idle,687,0.0023329999999646134,0
0,2,idle,688,0.0021660000000451873,0
0,2,idle,689,0.009125000000040018,0
0,2,idle,690,0.0022499999999467946,0
0,2,idle,691,0.002625000000023192,0
0,2,idle,692,0.0022910000000138098,0
0,2,idle,693,0.0022080000000528344,0
0,2,idle,694,0.002333000000021457,0
0,2,idle,695,0.002207999999995991,0
0,2,idle,696,0.002124999999978172,0
0,2,idle,697,0.002415999999982432,0
0,2,idle,698,0.002166999999985819,0
0,2,idle,699,0.002250000000003638,0
0,2,idle,700,0.0020420000000171967,0
0,2,idle,701,0.002124999999978172,0
0,2,idle,702,0.0024579999999900792,0
0,2,idle,703,0.0020420000000171967,0
0,2,idle,704,0.0020840000000248438,0
0,2,idle,705,0.0023749999999722604,0
0,2,idle,706,0.0035419999999817264,0
0,2,idle,707,0.003333999999995285,0
0,2,idle,708,0.002292000000011285,0
0,2,idle,709,0.002124999999978172,0
0,2,idle,710,0.002166999999985819,0
0,2,idle,711,0.009291000000018812,0
0,2,idle,712,0.0027499999999918145,0
0,2,idle,713,0.002250000000003638,0
0,2,idle,714,0.002292000000011285,0
0,2,idle,715,0.002250000000003638,0
0,2,idle,716,0.002334000000018932,0
0,2,idle,717,0.0022090000000503096,0
0,2,idle,718,0.002459000000044398,0
0,2,idle,719,0.002250000000003638,0
0,2,idle,720,0.0020830000000273685,0
0,2,idle,721,0.002082999999970525,0
0,2,idle,722,0.002333000000021457,0
0,2,idle,723,0.0024160000000392756,0
0,2,idle,724,0.0021250000000350155,0
0,2,idle,725,0.002207999999995991,0
0,2,idle,726,0.0024579999999900792,0
0,2,idle,727,0.0023329999999646134,0
0,2,idle,728,0.002541000000007898,0
0,2,idle,729,0.002999999999985903,0
0,2,idle,730,0.0023749999999722604,0
0,2,idle,731,0.00304199999999355,0
0,2,idle,732,0.0024579999999900792,0
0,2,idle,733,0.002207999999995991,0
0,2,idle,734,0.0027499999999918145,0
0,2,idle,735,0.0022910000000138098,0
0,2,idle,736,0.0024579999999900792,0
0,2,idle,737,0.002124999999978172,0
0,2,idle,738,0.0022910000000138098,0
0,2,idle,739,0.00254199999994853,0
0,2,idle,740,0.0021670000000426626,0
0,2,idle,741,0.0021250000000350155,0
0,2,idle,742,0.0023339999999620886,0
0,2,idle,743,0.002166999999985819,0
0,2,idle,744,0.0031660000000215405,0
0,2,idle,745,0.002124999999978172,0
0,2,idle,746,0.002207999999995991,0
0,2,idle,747,0.0023329999999646134,0
0,2,idle,748,0.0020830000000273685,0
0,2,idle,749,0.0024579999999900792,0
0,2,idle,750,0.002040999999962878,0
0,2,idle,751,0.0029580000000350992,0
0,2,idle,752,0.002124999999978172,0
0,2,idle,753,0.002165999999988344,0
0,2,idle,754,0.0024999999999977263,0
0,2,idle,755,0.0026249999999663487,0
0,2,idle,756,0.002250000000003638,0
0,2,idle,757,0.002292000000011285,0
0,2,idle,758,0.002250000000003638,0
0,2,idle,759,0.002292000000011285,0
0,2,idle,760,0.0026669999999739957,0
0,2,idle,761,0.0020410000000197215,0
0,2,idle,762,0.0023329999999646134,0
0,2,idle,763,0.0021250000000350155,0
0,2,idle,764,0.0024999999999977263,0
0,2,idle,765,0.002375000000029104,0
0,2,idle,766,0.002082999999970525,0
0,2,idle,767,0.0022910000000138098,0
0,2,idle,768,0.002250000000003638,0
0,2,idle,769,0.0027910000000019863,0
0,2,idle,770,0.0032080000000291875,0
0,2,idle,771,0.002250000000003638,0
0,2,idle,772,0.0029580000000350992,0
0,2,idle,773,0.002165999999988344,0
0,2,idle,774,0.002250000000003638,0
0,2,idle,775,0.002165999999988344,0
0,2,idle,776,0.0027919999999994616,0
0,2,idle,777,0.0020840000000248438,0
0,2,idle,778,0.009124999999983174,0
0,2,idle,779,0.0024579999999900792,0
0,2,idle,780,0.002292000000011285,0
0,2,idle,781,0.002583999999956177,0
0,2,idle,782,0.002208999999993466,0
0,2,idle,783,0.002207999999995991,0
0,2,idle,784,0.002250000000003638,0
0,2,idle,785,0.002957999999978256,0
0,2,idle,786,0.002583000000015545,0
0,2,idle,787,0.003207999999972344,0
0,2,idle,788,0.00333299999999781,0
0,2,idle,789,0.002999999999985903,0
0,2,idle,790,0.002334000000018932,0
0,2,idle,791,0.002625000000023192,0
0,2,idle,792,0.002207999999995991,0
0,2,idle,793,0.002250000000003638,0
0,2,idle,794,0.009165999999993346,0
0,2,idle,795,0.002166999999985819,0
0,2,idle,796,0.0023339999999620886,0
0,2,idle,797,0.0025840000000130203,0
0,2,idle,798,0.002208999999993466,0
0,2,idle,799,0.0020839999999680003,0
0,2,idle,800,0.002166999999985819,0
0,2,idle,801,0.002165999999988344,0
0,2,idle,802,0.0024579999999900792,0
0,2,idle,803,0.0020420000000171967,0
0,2,idle,804,0.002250000000003638,0
0,2,idle,805,0.002124999999978172,0
0,2,idle,806,0.002957999999978256,0
0,2,idle,807,0.002541000000007898,0
0,2,idle,808,0.0020000000000095497,0
0,2,idle,809,0.002165999999988344,0
0,2,idle,810,0.002250000000003638,0
0,2,idle,811,0.0022910000000138098,0
0,2,idle,812,0.0024579999999900792,0
0,2,idle,813,0.002667000000030839,0
0,2,idle,814,0.0028340000000071086,0
0,2,idle,815,0.002166999999985819,0
0,2,idle,816,0.002165999999988344,0
0,2,idle,817,0.002207999999995991,0
0,2,idle,818,0.0025420000000053733,0
0,2,idle,819,0.0020420000000171967,0
0,2,idle,820,0.002375000000029104,0
0,2,idle,821,0.002166999999985819,0
0,2,idle,822,0.002124999999978172,0
0,2,idle,823,0.0025420000000053733,0
0,2,idle,824,0.002124999999978172,0
0,2,idle,825,0.0024169999999799074,0
0,2,idle,826,0.002208999999993466,0
0,2,idle,827,0.002334000000018932,0
0,2,idle,828,0.0024999999999977263,0
0,2,idle,829,0.002292000000011285,0
0,2,idle,830,0.002250000000003638,0
0,2,idle,831,0.002082999999970525,0
0,2,idle,832,0.002250000000003638,0
0,2,idle,833,0.0031250000000113687,0
0,2,idle,834,0.0026249999999663487,0
0,2,idle,835,0.002166999999985819,0
0,2,idle,836,0.002292000000011285,0
0,2,idle,837,0.002415999999982432,0
0,2,idle,838,0.002124999999978172,0
0,2,idle,839,0.0027089999999816428,0
0,2,idle,840,0.002250000000003638,0
0,2,idle,841,0.002292000000011285,0
0,2,idle,842,0.002124999999978172,0
0,2,idle,843,0.0024169999999799074,0
0,2,idle,844,0.0025840000000130203,0
0,2,idle,845,0.008709000000010292,0
0,2,idle,846,0.002250000000003638,0
0,2,idle,847,0.002250000000003638,0
0,2,idle,848,0.002165999999988344,0
0,2,idle,849,0.0025420000000053733,0
0,2,idle,850,0.0020839999999680003,0
0,2,idle,851,0.0020840000000248438,0
0,2,idle,852,0.0022499999999467946,0
0,2,idle,853,0.0024999999999977263,0
0,2,idle,854,0.002250000000003638,0
0,2,idle,855,0.0027089999999816428,0
0,2,idle,856,0.0029170000000249274,0
0,2,idle,857,0.002415999999982432,0
0,2,idle,858,0.002292000000011285,0
0,2,idle,859,0.002250000000003638,0
0,2,idle,860,0.26279199999999037,0
0,2,idle,861,0.004458999999997104,0
0,2,idle,862,0.0025420000000053733,0
0,2,idle,863,0.002250000000003638,0
0,2,idle,864,0.002334000000018932,0
0,2,idle,865,0.002958999999975731,0
0,2,idle,866,0.002250000000003638,0
0,2,idle,867,0.0022919999999544416,0
0,2,idle,868,0.004667000000040389,0
0,2,idle,869,0.0022910000000138098,0
0,2,idle,870,0.0027919999999994616,0
0,2,idle,871,0.002124999999978172,0
0,2,idle,872,0.0021250000000350155,0
0,2,idle,873,0.0032080000000291875,0
0,2,idle,874,0.0026249999999663487,0
0,2,idle,875,0.002334000000018932,0
0,2,idle,876,0.002750000000048658,0
0,2,idle,877,0.0021660000000451873,0
0,2,idle,878,0.002375000000029104,0
0,2,idle,879,0.002124999999978172,0
0,2,idle,880,0.002375000000029104,0
0,2,idle,881,0.0027919999999994616,0
0,2,idle,882,0.002292000000011285,0
0,2,idle,883,0.0023749999999722604,0
0,2,idle,884,0.002417000000036751,0
0,2,idle,885,0.0022910000000138098,0
0,2,idle,886,0.0027499999999918145,0
0,2,idle,887,0.0022910000000138098,0
0,2,idle,888,0.002166999999985819,0
0,2,idle,889,0.002208999999993466,0
0,2,idle,890,0.001958999999999378,0
0,2,idle,891,0.002750000000048658,0
0,2,idle,892,0.0021250000000350155,0
0,2,idle,893,0.002040999999962878,0
0,2,idle,894,0.0030830000000037217,0
0,2,idle,895,0.002292000000011285,0
0,2,idle,896,0.004209000000003016,0
0,2,idle,897,0.0025420000000053733,0
0,2,idle,898,0.003375000000005457,0
0,2,idle,899,0.002166999999985819,0
0,2,idle,900,0.002250000000003638,0
0,2,idle,901,0.002124999999978172,0
0,2,idle,902,0.0024579999999900792,0
0,2,idle,903,0.002250000000003638,0
0,2,idle,904,0.0023749999999722604,0
0,2,idle,905,0.002250000000003638,0
0,2,idle,906,0.002124999999978172,0
0,2,idle,907,0.0028330000000096334,0
0,2,idle,908,0.002250000000003638,0
0,2,idle,909,0.002124999999978172,0
0,2,idle,910,0.002207999999995991,0
0,2,idle,911,0.0023329999999646134,0
0,2,idle,912,0.003500000000030923,0
0,2,idle,913,0.0024169999999799074,0
0,2,idle,914,0.002250000000003638,0
0,2,idle,915,0.0024169999999799074,0
0,2,idle,916,0.0022909999999569663,0
0,2,idle,917,0.0021670000000426626,0
0,2,idle,918,0.002625000000023192,0
0,2,idle,919,0.002207999999995991,0
0,2,idle,920,0.002166999999985819,0
0,2,idle,921,0.002250000000003638,0
0,2,idle,922,0.002207999999995991,0
0,2,idle,923,0.0025420000000053733,0
0,2,idle,924,0.0021250000000350155,0
0,2,idle,925,0.002082999999970525,0
0,2,idle,926,0.0020830000000273685,0
0,2,idle,927,0.002292000000011285,0
0,2,idle,928,0.003249999999979991,0
0,2,idle,929,0.002375000000029104,0
0,2,idle,930,0.00283299999995279,0
0,2,idle,931,0.002165999999988344,0
0,2,idle,932,0.0020420000000171967,0
0,2,idle,933,0.002124999999978172,0
0,2,idle,934,0.0024999999999977263,0
0,2,idle,935,0.002207999999995991,0
0,2,idle,936,0.002082999999970525,0
0,2,idle,937,0.002375000000029104,0
0,2,idle,938,0.0027919999999994616,0
0,2,idle,939,0.002709000000038486,0
0,2,idle,940,0.0030000000000427463,0
0,2,idle,941,0.002207999999995991,0
0,2,idle,942,0.0022499999999467946,0
0,2,idle,943,0.0030830000000037217,0
0,2,idle,944,0.0024999999999977263,0
0,2,idle,945,0.0024169999999799074,0
0,2,idle,946,0.0020830000000273685,0
0,2,idle,947,0.0022090000000503096,0
0,2,idle,948,0.0020840000000248438,0
0,2,idle,949,0.0024589999999875545,0
0,2,idle,950,0.0023749999999722604,0
0,2,idle,951,0.002166999999985819,0
0,2,idle,952,0.0020840000000248438,0
0,2,idle,953,0.0019999999999527063,0
0,2,idle,954,0.002207999999995991,0
0,2,idle,955,0.0027499999999918145,0
0,2,idle,956,0.0021250000000350155,0
0,2,idle,957,0.002459000000044398,0
0,2,idle,958,0.002375000000029104,0
0,2,idle,959,0.002957999999978256,0
0,2,idle,960,0.0027919999999994616,0
0,2,idle,961,0.002124999999978172,0
0,2,idle,962,0.002207999999995991,0
0,2,idle,963,0.002292000000011285,0
0,2,idle,964,0.002124999999978172,0
0,2,idle,965,0.002415999999982432,0
0,2,idle,966,0.002207999999995991,0
0,2,idle,967,0.013582999999982803,0
0,2,idle,968,0.004707999999993717,0
0,2,idle,969,0.0024169999999799074,0
0,2,idle,970,0.0028340000000071086,0
0,2,idle,971,0.0024589999999875545,0
0,2,idle,972,0.002292000000011285,0
0,2,idle,973,0.0023749999999722604,0
0,2,idle,974,0.0024169999999799074,0
0,2,idle,975,0.002415999999982432,0
0,2,idle,976,0.002583000000015545,0
0,2,idle,977,0.0024169999999799074,0
0,2,idle,978,0.0024169999999799074,0
0,2,idle,979,0.015958000000011907,0
0,2,idle,980,0.0031250000000113687,0
0,2,idle,981,0.0030420000000503933,0
0,2,idle,982,0.0032920000000444816,0
0,2,idle,983,0.002415999999982432,0
0,2,idle,984,0.002124999999978172,0
0,2,idle,985,0.002415999999982432,0
0,2,idle,986,0.0025420000000053733,0
0,2,idle,987,0.0024169999999799074,0
0,2,idle,988,0.002207999999995991,0
0,2,idle,989,0.002250000000003638,0
0,2,idle,990,0.0020839999999680003,0
0,2,idle,991,0.0027919999999994616,0
0,2,idle,992,0.0030830000000037217,0
0,2,idle,993,0.002207999999995991,0
0,2,idle,994,0.002124999999978172,0
0,2,idle,995,0.0023749999999722604,0
0,2,idle,996,0.0020420000000171967,0
0,2,idle,997,0.0023749999999722604,0
0,2,idle,998,0.0020830000000273685,0
0,2,idle,999,0.0023329999999646134,0
0,2,event,0,0.024499999999989086,2
0,2,event,1,0.003666999999950349,0
0,2,event,2,0.0025420000000053733,0
0,2,event,3,0.0031250000000113687,0
0,2,event,4,0.0036249999999995453,0
0,2,event,5,0.0025420000000053733,0
0,2,event,6,0.005791999999985364,0
0,2,event,7,0.002583999999956177,0
0,2,event,8,0.002292000000011285,0
0,2,event,9,0.0027919999999994616,0
0,2,event,10,0.002417000000036751,0
0,2,event,11,0.0022499999999467946,0
0,2,event,12,0.0020830000000273685,0
0,2,event,13,0.002165999999988344,0
0,2,event,14,0.0032500000000368345,0
0,2,event,15,0.002166999999985819,0
0,2,event,16,0.0022080000000528344,0
0,2,event,17,0.0022910000000138098,0
0,2,event,18,0.002082999999970525,0
0,2,event,19,0.0020830000000273685,0
0,2,event,20,0.002709000000038486,0
0,2,event,21,0.002250000000003638,0
0,2,event,22,0.002292000000011285,0
0,2,event,23,0.005250000000046384,0
0,2,event,24,0.0030830000000037217,0
0,2,event,25,0.003084000000001197,0
0,2,event,26,0.002250000000003638,0
0,2,event,27,0.002250000000003638,0
0,2,event,28,0.002207999999995991,0
0,2,event,29,0.002207999999995991,0
0,2,event,30,0.0027089999999816428,0
0,2,event,31,0.002166999999985819,0
0,2,event,32,0.0020419999999603533,0
0,2,event,33,0.002166999999985819,0
0,2,event,34,0.005417000000022654,0
0,2,event,35,0.002124999999978172,0
0,2,event,36,0.0029170000000249274,0
0,2,event,37,0.0020830000000273685,0
0,2,event,38,0.002166999999985819,0
0,2,event,39,0.0023749999999722604,0
0,2,event,40,0.002250000000003638,0
0,2,event,41,0.0028330000000096334,0
0,2,event,42,0.002165999999988344,0
0,2,event,43,0.002165999999988344,0
0,2,event,44,0.0023749999999722604,0
0,2,event,45,0.0020000000000095497,0
0,2,event,46,0.002916999999968084,0
0,2,event,47,0.0020420000000171967,0
0,2,event,48,0.004666999999983545,0
0,2,event,49,0.002375000000029104,0
0,2,event,50,0.002250000000003638,0
0,2,event,51,0.002999999999985903,0
0,2,event,52,0.002166999999985819,0
0,2,event,53,0.002208999999993466,0
0,2,event,54,0.002250000000003638,0
0,2,event,55,0.002250000000003638,0
0,2,event,56,0.0020840000000248438,0
0,2,event,57,0.002750000000048658,0
0,2,event,58,0.002208999999993466,0
0,2,event,59,0.002250000000003638,0
0,2,event,60,0.020416000000011536,2
0,2,event,61,0.00333299999999781,0
0,2,event,62,0.002375000000029104,0
0,2,event,63,0.002250000000003638,0
0,2,event,64,0.0024169999999799074,0
0,2,event,65,0.002124999999978172,0
0,2,event,66,0.0029159999999706088,0
0,2,event,67,0.0029170000000249274,0
0,2,event,68,0.0020420000000171967,0
0,2,event,69,0.002082999999970525,0
0,2,event,70,0.0026659999999765205,0
0,2,event,71,0.002666000000033364,0
0,2,event,72,0.0021660000000451873,0
0,2,event,73,0.0020830000000273685,0
0,2,event,74,0.0021250000000350155,0
0,2,event,75,0.002957999999978256,0
0,2,event,76,0.0026249999999663487,0
0,2,event,77,0.002124999999978172,0
0,2,event,78,0.0021250000000350155,0
0,2,event,79,0.0021250000000350155,0
0,2,event,80,0.0021670000000426626,0
0,2,event,81,0.002124999999978172,0
0,2,event,82,0.0025829999999587017,0
0,2,event,83,0.002375000000029104,0
0,2,event,84,0.0021250000000350155,0
0,2,event,85,0.002124999999978172,0
0,2,event,86,0.002166999999985819,0
0,2,event,87,0.002999999999985903,0
0,2,event,88,0.0020840000000248438,0
0,2,event,89,0.002208999999993466,0
0,2,event,90,0.0028340000000071086,0
0,2,event,91,0.0021250000000350155,0
0,2,event,92,0.0029590000000325745,0
0,2,event,93,0.002166999999985819,0
0,2,event,94,0.002208999999993466,0
0,2,event,95,0.0022080000000528344,0
0,2,event,96,0.002165999999988344,0
0,2,event,97,0.0028330000000096334,0
0,2,event,98,0.002207999999995991,0
0,2,event,99,0.002583000000015545,0
0,2,event,100,0.0020840000000248438,0
0,2,event,101,0.002583000000015545,0
0,2,event,102,0.002333000000021457,0
0,2,event,103,0.002625000000023192,0
0,2,event,104,0.002166999999985819,0
0,2,event,105,0.002166999999985819,0
0,2,event,106,0.0019999999999527063,0
0,2,event,107,0.002334000000018932,0
0,2,event,108,0.0034169999999562606,0
0,2,event,109,0.002375000000029104,0
0,2,event,110,0.002124999999978172,0
0,2,event,111,0.0034579999999664324,0
0,2,event,112,0.002165999999988344,0
0,2,event,113,0.003291999999987638,0
0,2,event,114,0.002207999999995991,0
0,2,event,115,0.0022910000000138098,0
0,2,event,116,0.002666000000033364,0
0,2,event,117,0.002124999999978172,0
0,2,event,118,0.0028340000000071086,0
0,2,event,119,0.0021670000000426626,0
0,2,event,120,0.017958000000021457,2
0,2,event,121,0.003249999999979991,0
0,2,event,122,0.002874999999960437,0
0,2,event,123,0.0054580000000328255,0
0,2,event,124,0.002208999999993466,0
0,2,event,125,0.002208999999993466,0
0,2,event,126,0.0024579999999900792,0
0,2,event,127,0.0029159999999706088,0
0,2,event,128,0.002250000000003638,0
0,2,event,129,0.0020839999999680003,0
0,2,event,130,0.0020420000000171967,0
0,2,event,131,0.002957999999978256,0
0,2,event,132,0.002207999999995991,0
0,2,event,133,0.0032500000000368345,0
0,2,event,134,0.0021660000000451873,0
0,2,event,135,0.002166999999985819,0
0,2,event,136,0.0020830000000273685,0
0,2,event,137,0.0027079999999841675,0
0,2,event,138,0.0024589999999875545,0
0,2,event,139,0.002124999999978172,0
0,2,event,140,0.0020839999999680003,0
0,2,event,141,0.0020840000000248438,0
0,2,event,142,0.0021670000000426626,0
0,2,event,143,0.003375000000005457,0
0,2,event,144,0.002124999999978172,0
0,2,event,145,0.002207999999995991,0
0,2,event,146,0.002292000000011285,0
0,2,event,147,0.0020830000000273685,0
0,2,event,148,0.0019999999999527063,0
0,2,event,149,0.0027910000000019863,0
0,2,event,150,0.002124999999978172,0
0,2,event,151,0.002124999999978172,0
0,2,event,152,0.0020000000000095497,0
0,2,event,153,0.002207999999995991,0
0,2,event,154,0.0028340000000071086,0
0,2,event,155,0.0020420000000171967,0
0,2,event,156,0.0020840000000248438,0
0,2,event,157,0.002207999999995991,0
0,2,event,158,0.00283299999995279,0
0,2,event,159,0.002541000000007898,0
0,2,event,160,0.0020420000000171967,0
0,2,event,161,0.0020830000000273685,0
0,2,event,162,0.0020000000000095497,0
0,2,event,163,0.002292000000011285,0
0,2,event,164,0.0024999999999977263,0
0,2,event,165,0.002250000000003638,0
0,2,event,166,0.0022910000000138098,0
0,2,event,167,0.002207999999995991,0
0,2,event,168,0.0020410000000197215,0
0,2,event,169,0.002124999999978172,0
0,2,event,170,0.0025420000000053733,0
0,2,event,171,0.0021670000000426626,0
0,2,event,172,0.0020420000000171967,0
0,2,event,173,0.002250000000003638,0
0,2,event,174,0.003750000000025011,0
0,2,event,175,0.0027079999999841675,0
0,2,event,176,0.0020420000000171967,0
0,2,event,177,0.002207999999995991,0
0,2,event,178,0.0020410000000197215,0
0,2,event,179,0.0021250000000350155,0
0,2,event,180,0.017666999999960353,2
0,2,event,181,0.0028750000000172804,0
0,2,event,182,0.002250000000003638,0
0,2,event,183,0.002292000000011285,0
0,2,event,184,0.003291999999987638,0
0,2,event,185,0.0020839999999680003,0
0,2,event,186,0.002082999999970525,0
0,2,event,187,0.002207999999995991,0
0,2,event,188,0.0024169999999799074,0
0,2,event,189,0.002583000000015545,0
0,2,event,190,0.003291999999987638,0
0,2,event,191,0.001958999999999378,0
0,2,event,192,0.002625000000023192,0
0,2,event,193,0.002250000000003638,0
0,2,event,194,0.0027910000000019863,0
0,2,event,195,0.0026659999999765205,0
0,2,event,196,0.002333000000021457,0
0,2,event,197,0.0020420000000171967,0
0,2,event,198,0.002833999999950265,0
0,2,event,199,0.0020830000000273685,0
0,2,event,200,0.002541000000007898,0
0,2,event,201,0.0020830000000273685,0
0,2,event,202,0.002166999999985819,0
0,2,event,203,0.002208999999993466,0
0,2,event,204,0.002333000000021457,0
0,2,event,205,0.002625000000023192,0
0,2,event,206,0.002166999999985819,0
0,2,event,207,0.002208999999993466,0
0,2,event,208,0.002333000000021457,0
0,2,event,209,0.002040999999962878,0
0,2,event,210,0.002666000000033364,0
0,2,event,211,0.0020000000000095497,0
0,2,event,212,0.002124999999978172,0
0,2,event,213,0.002165999999988344,0
0,2,event,214,0.0022910000000138098,0
0,2,event,215,0.002040999999962878,0
0,2,event,216,0.0034160000000156288,0
0,2,event,217,0.0027919999999994616,0
0,2,event,218,0.002208999999993466,0
0,2,event,219,0.002124999999978172,0
0,2,event,220,0.0021660000000451873,0
0,2,event,221,0.002583000000015545,0
0,2,event,222,0.002124999999978172,0
0,2,event,223,0.002082999999970525,0
0,2,event,224,0.002208999999993466,0
0,2,event,225,0.0019580000000019027,0
0,2,event,226,0.0027079999999841675,0
0,2,event,227,0.0020420000000171967,0
0,2,event,228,0.0020839999999680003,0
0,2,event,229,0.0020830000000273685,0
0,2,event,230,0.002207999999995991,0
0,2,event,231,0.0025840000000130203,0
0,2,event,232,0.002124999999978172,0
0,2,event,233,0.0019999999999527063,0
0,2,event,234,0.0020830000000273685,0
0,2,event,235,0.0021250000000350155,0
0,2,event,236,0.002040999999962878,0
0,2,event,237,0.0034160000000156288,0
0,2,event,238,0.0021660000000451873,0
0,2,event,239,0.002250000000003638,0
0,2,event,240,0.016708999999991647,2
0,2,event,241,0.0035419999999817264,0
0,2,event,242,0.002165999999988344,0
0,2,event,243,0.002250000000003638,0
0,2,event,244,0.002292000000011285,0
0,2,event,245,0.0021670000000426626,0
0,2,event,246,0.002459000000044398,0
0,2,event,247,0.0021250000000350155,0
0,2,event,248,0.0020000000000095497,0
0,2,event,249,0.0022910000000138098,0
0,2,event,250,0.0020000000000095497,0
0,2,event,251,0.002583000000015545,0
0,2,event,252,0.0020410000000197215,0
0,2,event,253,0.002124999999978172,0
0,2,event,254,0.0020840000000248438,0
0,2,event,255,0.002292000000011285,0
0,2,event,256,0.003957999999954609,0
0,2,event,257,0.002165999999988344,0
0,2,event,258,0.002415999999982432,0
0,2,event,259,0.0030409999999960746,0
0,2,event,260,0.002625000000023192,0
0,2,event,261,0.0027499999999918145,0
0,2,event,262,0.002625000000023192,0
0,2,event,263,0.002166999999985819,0
0,2,event,264,0.0020830000000273685,0
0,2,event,265,0.002166999999985819,0
0,2,event,266,0.0020840000000248438,0
0,2,event,267,0.019125000000030923,0
0,2,event,268,0.0031670000000190157,0
0,2,event,269,0.0020839999999680003,0
0,2,event,270,0.002667000000030839,0
0,2,event,271,0.003750000000025011,0
0,2,event,272,0.002250000000003638,0
0,2,event,273,0.0020000000000095497,0
0,2,event,274,0.0020000000000095497,0
0,2,event,275,0.0030830000000037217,0
0,2,event,276,0.0026659999999765205,0
0,2,event,277,0.0020420000000171967,0
0,2,event,278,0.0020419999999603533,0
0,2,event,279,0.0020000000000095497,0
0,2,event,280,0.0022919999999544416,0
0,2,event,281,0.002541000000007898,0
0,2,event,282,0.002165999999988344,0
0,2,event,283,0.0019580000000019027,0
0,2,event,284,0.0020840000000248438,0
0,2,event,285,0.002082999999970525,0
0,2,event,286,0.0027079999999841675,0
0,2,event,287,0.0019580000000019027,0
0,2,event,288,0.002166999999985819,0
0,2,event,289,0.0020419999999603533,0
0,2,event,290,0.0020410000000197215,0
0,2,event,291,0.002124999999978172,0
0,2,event,292,0.0026669999999739957,0
0,2,event,293,0.002124999999978172,0
0,2,event,294,0.0020000000000095497,0
0,2,event,295,0.0020419999999603533,0
0,2,event,296,0.0020420000000171967,0
0,2,event,297,0.002417000000036751,0
0,2,event,298,0.0020839999999680003,0
0,2,event,299,0.0020419999999603533,0
0,2,event,300,0.026083000000028278,2
0,2,event,301,0.005750000000034561,0
0,2,event,302,0.002333000000021457,0
0,2,event,303,0.0023329999999646134,0
0,2,event,304,0.002208999999993466,0
0,2,event,305,0.002166999999985819,0
0,2,event,306,0.002625000000023192,0
0,2,event,307,0.0021660000000451873,0
0,2,event,308,0.002207999999995991,0
0,2,event,309,0.0020410000000197215,0
0,2,event,310,0.002166999999985819,0
0,2,event,311,0.0026249999999663487,0
0,2,event,312,0.0020839999999680003,0
0,2,event,313,0.002333000000021457,0
0,2,event,314,0.002040999999962878,0
0,2,event,315,0.0024999999999977263,0
0,2,event,316,0.002625000000023192,0
0,2,event,317,0.002207999999995991,0
0,2,event,318,0.0020420000000171967,0
0,2,event,319,0.002166999999985819,0
0,2,event,320,0.0019999999999527063,0
0,2,event,321,0.0032500000000368345,0
0,2,event,322,0.002417000000036751,0
0,2,event,323,0.0021250000000350155,0
0,2,event,324,0.0021670000000426626,0
0,2,event,325,0.0022080000000528344,0
0,2,event,326,0.0021250000000350155,0
0,2,event,327,0.0029580000000350992,0
0,2,event,328,0.002124999999978172,0
0,2,event,329,0.002124999999978172,0
0,2,event,330,0.002250000000003638,0
0,2,event,331,0.0021250000000350155,0
0,2,event,332,0.0025420000000053733,0
0,2,event,333,0.0021250000000350155,0
0,2,event,334,0.0024580000000469227,0
0,2,event,335,0.0020410000000197215,0
0,2,event,336,0.0018749999999840838,0
0,2,event,337,0.0024169999999799074,0
0,2,event,338,0.002166999999985819,0
0,2,event,339,0.0020419999999603533,0
0,2,event,340,0.002124999999978172,0
0,2,event,341,0.0020830000000273685,0
0,2,event,342,0.0020000000000095497,0
0,2,event,343,0.002999999999985903,0
0,2,event,344,0.0020420000000171967,0
0,2,event,345,0.002166999999985819,0
0,2,event,346,0.0021670000000426626,0
0,2,event,347,0.0020420000000171967,0
0,2,event,348,0.003333999999995285,0
0,2,event,349,0.002124999999978172,0
0,2,event,350,0.0019580000000019027,0
0,2,event,351,0.0021670000000426626,0
0,2,event,352,0.0021250000000350155,0
0,2,event,353,0.0024999999999977263,0
0,2,event,354,0.001958999999999378,0
0,2,event,355,0.0020420000000171967,0
0,2,event,356,0.002292000000011285,0
0,2,event,357,0.002082999999970525,0
0,2,event,358,0.002583000000015545,0
0,2,event,359,0.0024999999999977263,0
0,2,event,360,0.015833000000043285,2
0,2,event,361,0.0030830000000037217,0
0,2,event,362,0.0027089999999816428,0
0,2,event,363,0.0020830000000273685,0
0,2,event,364,0.0020410000000197215,0
0,2,event,365,0.002040999999962878,0
0,2,event,366,0.002625000000023192,0
0,2,event,367,0.002207999999995991,0
0,2,event,368,0.002375000000029104,0
0,2,event,369,0.002124999999978172,0
0,2,event,370,0.002124999999978172,0
0,2,event,371,0.0020420000000171967,0
0,2,event,372,0.002208999999993466,0
0,2,event,373,0.002583000000015545,0
0,2,event,374,0.002166999999985819,0
0,2,event,375,0.002207999999995991,0
0,2,event,376,0.002541000000007898,0
0,2,event,377,0.0022910000000138098,0
0,2,event,378,0.002583000000015545,0
0,2,event,379,0.0020420000000171967,0
0,2,event,380,0.0020410000000197215,0
0,2,event,381,0.002165999999988344,0
0,2,event,382,0.002166999999985819,0
0,2,event,383,0.0056669999999598986,0
0,2,event,384,0.0027079999999841675,0
0,2,event,385,0.004208000000005541,0
0,2,event,386,0.002124999999978172,0
0,2,event,387,0.0020410000000197215,0
0,2,event,388,0.0019580000000019027,0
0,2,event,389,0.002625000000023192,0
0,2,event,390,0.0020000000000095497,0
0,2,event,391,0.002207999999995991,0
0,2,event,392,0.002207999999995991,0
0,2,event,393,0.002166999999985819,0
0,2,event,394,0.0028330000000096334,0
0,2,event,395,0.0020830000000273685,0
0,2,event,396,0.002124999999978172,0
0,2,event,397,0.0020420000000171967,0
0,2,event,398,0.001958999999999378,0
0,2,event,399,0.0024579999999900792,0
0,2,event,400,0.002625000000023192,0
0,2,event,401,0.0020420000000171967,0
0,2,event,402,0.0020419999999603533,0
0,2,event,403,0.0020830000000273685,0
0,2,event,404,0.002417000000036751,0
0,2,event,405,0.0020830000000273685,0
0,2,event,406,0.0020000000000095497,0
0,2,event,407,0.002292000000011285,0
0,2,event,408,0.002250000000003638,0
0,2,event,409,0.002040999999962878,0
0,2,event,410,0.002583000000015545,0
0,2,event,411,0.002165999999988344,0
0,2,event,412,0.0019580000000019027,0
0,2,event,413,0.002208999999993466,0
0,2,event,414,0.0020000000000095497,0
0,2,event,415,0.0025829999999587017,0
0,2,event,416,0.0020830000000273685,0
0,2,event,417,0.002082999999970525,0
0,2,event,418,0.0020410000000197215,0
0,2,event,419,0.0020410000000197215,0
0,2,event,420,0.016415999999992437,2
0,2,event,421,0.0027079999999841675,0
0,2,event,422,0.0020419999999603533,0
0,2,event,423,0.0020840000000248438,0
0,2,event,424,0.0027079999999841675,0
0,2,event,425,0.0020830000000273685,0
0,2,event,426,0.0020840000000248438,0
0,2,event,427,0.005124999999964075,0
0,2,event,428,0.002292000000011285,0
0,2,event,429,0.0028750000000172804,0
0,2,event,430,0.0020410000000197215,0
0,2,event,431,0.0020830000000273685,0
0,2,event,432,0.002250000000003638,0
0,2,event,433,0.0021670000000426626,0
0,2,event,434,0.002250000000003638,0
0,2,event,435,0.0050420000000030996,0
0,2,event,436,0.002207999999995991,0
0,2,event,437,0.0022909999999569663,0
0,2,event,438,0.002250000000003638,0
0,2,event,439,0.002250000000003638,0
0,2,event,440,0.0024579999999900792,0
0,2,event,441,0.00304199999999355,0
0,2,event,442,0.0022080000000528344,0
0,2,event,443,0.002750000000048658,0
0,2,event,444,0.0025840000000130203,0
0,2,event,445,0.0025420000000053733,0
0,2,event,446,0.0021250000000350155,0
0,2,event,447,0.0019580000000019027,0
0,2,event,448,0.002625000000023192,0
0,2,event,449,0.0019580000000019027,0
0,2,event,450,0.0024580000000469227,0
0,2,event,451,0.0030409999999960746,0
0,2,event,452,0.0020830000000273685,0
0,2,event,453,0.0020420000000171967,0
0,2,event,454,0.0023749999999722604,0
0,2,event,455,0.0019580000000019027,0
0,2,event,456,0.0025420000000053733,0
0,2,event,457,0.0020000000000095497,0
0,2,event,458,0.002207999999995991,0
0,2,event,459,0.0020420000000171967,0
0,2,event,460,0.0020420000000171967,0
0,2,event,461,0.0022919999999544416,0
0,2,event,462,0.002166999999985819,0
0,2,event,463,0.0020420000000171967,0
0,2,event,464,0.0022080000000528344,0
0,2,event,465,0.0020000000000095497,0
0,2,event,466,0.0025420000000053733,0
0,2,event,467,0.0020000000000095497,0
0,2,event,468,0.0020420000000171967,0
0,2,event,469,0.0027919999999994616,0
0,2,event,470,0.0024169999999799074,0
0,2,event,471,0.0020000000000095497,0
0,2,event,472,0.0027079999999841675,0
0,2,event,473,0.0020419999999603533,0
0,2,event,474,0.0020839999999680003,0
0,2,event,475,0.0021250000000350155,0
0,2,event,476,0.0021250000000350155,0
0,2,event,477,0.0066250000000422915,0
0,2,event,478,0.002292000000011285,0
0,2,event,479,0.0020420000000171967,0
0,2,event,480,0.015709000000015294,2
0,2,event,481,0.0035419999999817264,0
0,2,event,482,0.002082999999970525,0
0,2,event,483,0.0020830000000273685,0
0,2,event,484,0.0021250000000350155,0
0,2,event,485,0.0022080000000528344,0
0,2,event,486,0.0024580000000469227,0
0,2,event,487,0.0021250000000350155,0
0,2,event,488,0.0020420000000171967,0
0,2,event,489,0.002124999999978172,0
0,2,event,490,0.002207999999995991,0
0,2,event,491,0.0025420000000053733,0
0,2,event,492,0.0020000000000095497,0
0,2,event,493,0.0019580000000019027,0
0,2,event,494,0.002208999999993466,0
0,2,event,495,0.002334000000018932,0
0,2,event,496,0.0027089999999816428,0
0,2,event,497,0.0029170000000249274,0
0,2,event,498,0.0021670000000426626,0
0,2,event,499,0.0020000000000095497,0
0,2,event,500,0.0022910000000138098,0
0,2,event,501,0.0020830000000273685,0
0,2,event,502,0.002583000000015545,0
0,2,event,503,0.002207999999995991,0
0,2,event,504,0.0020420000000171967,0
0,2,event,505,0.0021250000000350155,0
0,2,event,506,0.0024999999999977263,0
0,2,event,507,0.0025420000000053733,0
0,2,event,508,0.002250000000003638,0
0,2,event,509,0.002250000000003638,0
0,2,event,510,0.0020000000000095497,0
0,2,event,511,0.002957999999978256,0
0,2,event,512,0.0025840000000130203,0
0,2,event,513,0.002292000000011285,0
0,2,event,514,0.0020000000000095497,0
0,2,event,515,0.0021670000000426626,0
0,2,event,516,0.0020420000000171967,0
0,2,event,517,0.0024589999999875545,0
0,2,event,518,0.002082999999970525,0
0,2,event,519,0.002124999999978172,0
0,2,event,520,0.0020420000000171967,0
0,2,event,521,0.0021250000000350155,0
0,2,event,522,0.0019580000000019027,0
0,2,event,523,0.002625000000023192,0
0,2,event,524,0.0019580000000019027,0
0,2,event,525,0.0020420000000171967,0
0,2,event,526,0.0020839999999680003,0
0,2,event,527,0.005291999999997188,0
0,2,event,528,0.0025420000000053733,0
0,2,event,529,0.0020420000000171967,0
0,2,event,530,0.0018750000000409273,0
0,2,event,531,0.002292000000011285,0
0,2,event,532,0.0019169999999917309,0
0,2,event,533,0.0025420000000053733,0
0,2,event,534,0.001958999999999378,0
0,2,event,535,0.0020420000000171967,0
0,2,event,536,0.0021250000000350155,0
0,2,event,537,0.002166999999985819,0
0,2,event,538,0.0025420000000053733,0
0,2,event,539,0.0020410000000197215,0
0,2,event,540,0.015416999999956715,2
0,2,event,541,0.002583000000015545,0
0,2,event,542,0.0027910000000019863,0
0,2,event,543,0.0020830000000273685,0
0,2,event,544,0.0028750000000172804,0
0,2,event,545,0.002166999999985819,0
0,2,event,546,0.002166999999985819,0
0,2,event,547,0.0020839999999680003,0
0,2,event,548,0.0026249999999663487,0
0,2,event,549,0.0020830000000273685,0
0,2,event,550,0.002166999999985819,0
0,2,event,551,0.002166999999985819,0
0,2,event,552,0.0020000000000095497,0
0,2,event,553,0.005165999999974247,0
0,2,event,554,0.002207999999995991,0
0,2,event,555,0.0020000000000095497,0
0,2,event,556,0.002082999999970525,0
0,2,event,557,0.002207999999995991,0
0,2,event,558,0.0026249999999663487,0
0,2,event,559,0.0020420000000171967,0
0,2,event,560,0.0021670000000426626,0
0,2,event,561,0.0019999999999527063,0
0,2,event,562,0.002165999999988344,0
0,2,event,563,0.002583000000015545,0
0,2,event,564,0.002082999999970525,0
0,2,event,565,0.0024999999999977263,0
0,2,event,566,0.002207999999995991,0
0,2,event,567,0.0027079999999841675,0
0,2,event,568,0.0026249999999663487,0
0,2,event,569,0.0026659999999765205,0
0,2,event,570,0.0020410000000197215,0
0,2,event,571,0.0020410000000197215,0
0,2,event,572,0.002166999999985819,0
0,2,event,573,0.001958999999999378,0
0,2,event,574,0.002874999999960437,0
0,2,event,575,0.0025840000000130203,0
0,2,event,576,0.002082999999970525,0
0,2,event,577,0.002207999999995991,0
0,2,event,578,0.0019999999999527063,0
0,2,event,579,0.0024999999999977263,0
0,2,event,580,0.0020419999999603533,0
0,2,event,581,0.0020830000000273685,0
0,2,event,582,0.002166999999985819,0
0,2,event,583,0.0019999999999527063,0
0,2,event,584,0.0024579999999900792,0
0,2,event,585,0.002166999999985819,0
0,2,event,586,0.002124999999978172,0
0,2,event,587,0.0020420000000171967,0
0,2,event,588,0.0020419999999603533,0
0,2,event,589,0.0021250000000350155,0
0,2,event,590,0.0024999999999977263,0
0,2,event,591,0.001958999999999378,0
0,2,event,592,0.002207999999995991,0
0,2,event,593,0.002082999999970525,0
0,2,event,594,0.002124999999978172,0
0,2,event,595,0.003291999999987638,0
0,2,event,596,0.0020420000000171967,0
0,2,event,597,0.0020839999999680003,0
0,2,event,598,0.002250000000003638,0
0,2,event,599,0.0020419999999603533,0
0,2,event,600,0.01620900000000347,2
0,2,event,601,0.0026669999999739957,0
0,2,event,602,0.0020000000000095497,0
0,2,event,603,0.0020840000000248438,0
0,2,event,604,0.0025420000000053733,0
0,2,event,605,0.0019580000000019027,0
0,2,event,606,0.0020410000000197215,0
0,2,event,607,0.002124999999978172,0
0,2,event,608,0.0023329999999646134,0
0,2,event,609,0.0029580000000350992,0
0,2,event,610,0.0044170000000463006,0
0,2,event,611,0.002334000000018932,0
0,2,event,612,0.0020419999999603533,0
0,2,event,613,0.002292000000011285,0
0,2,event,614,0.0020420000000171967,0
0,2,event,615,0.0026249999999663487,0
0,2,event,616,0.0020000000000095497,0
0,2,event,617,0.0027910000000019863,0
0,2,event,618,0.002250000000003638,0
0,2,event,619,0.002124999999978172,0
0,2,event,620,0.0024589999999875545,0
0,2,event,621,0.002166999999985819,0
0,2,event,622,0.002208999999993466,0
0,2,event,623,0.0020420000000171967,0
0,2,event,624,0.0021670000000426626,0
0,2,event,625,0.002667000000030839,0
0,2,event,626,0.002040999999962878,0
0,2,event,627,0.009665999999981523,0
0,2,event,628,0.0022910000000138098,0
0,2,event,629,0.0025829999999587017,0
0,2,event,630,0.0025840000000130203,0
0,2,event,631,0.0020839999999680003,0
0,2,event,632,0.0020000000000095497,0
0,2,event,633,0.001958999999999378,0
0,2,event,634,0.002207999999995991,0
0,2,event,635,0.002082999999970525,0
0,2,event,636,0.0027919999999994616,0
0,2,event,637,0.0026249999999663487,0
0,2,event,638,0.0027079999999841675,0
0,2,event,639,0.002208999999993466,0
0,2,event,640,0.002082999999970525,0
0,2,event,641,0.0024999999999977263,0
0,2,event,642,0.0020419999999603533,0
0,2,event,643,0.0020420000000171967,0
0,2,event,644,0.002208999999993466,0
0,2,event,645,0.0019170000000485743,0
0,2,event,646,0.0024999999999977263,0
0,2,event,647,0.0018749999999840838,0
0,2,event,648,0.002207999999995991,0
0,2,event,649,0.0020410000000197215,0
0,2,event,650,0.0020000000000095497,0
0,2,event,651,0.0020000000000095497,0
0,2,event,652,0.0024999999999977263,0
0,2,event,653,0.0021250000000350155,0
0,2,event,654,0.002207999999995991,0
0,2,event,655,0.002165999999988344,0
0,2,event,656,0.0020000000000095497,0
0,2,event,657,0.0023749999999722604,0
0,2,event,658,0.002082999999970525,0
0,2,event,659,0.001958999999999378,0
0,2,event,660,0.01799999999997226,2
0,2,event,661,0.0034999999999740794,0
0,2,event,662,0.002333000000021457,0
0,2,event,663,0.0021670000000426626,0
0,2,event,664,0.0023329999999646134,0
0,2,event,665,0.002124999999978172,0
0,2,event,666,0.0023749999999722604,0
0,2,event,667,0.0021250000000350155,0
0,2,event,668,0.0020000000000095497,0
0,2,event,669,0.002082999999970525,0
0,2,event,670,0.0019169999999917309,0
0,2,event,671,0.0028330000000096334,0
0,2,event,672,0.012374999999963165,0
0,2,event,673,0.0026669999999739957,0
0,2,event,674,0.002208999999993466,0
0,2,event,675,0.0019169999999917309,0
0,2,event,676,0.002583000000015545,0
0,2,event,677,0.0020000000000095497,0
0,2,event,678,0.002250000000003638,0
0,2,event,679,0.0027089999999816428,0
0,2,event,680,0.0024579999999900792,0
0,2,event,681,0.0020000000000095497,0
0,2,event,682,0.002625000000023192,0
0,2,event,683,0.0020420000000171967,0
0,2,event,684,0.002166999999985819,0
0,2,event,685,0.0020419999999603533,0
0,2,event,686,0.003375000000005457,0
0,2,event,687,0.0030830000000037217,0
0,2,event,688,0.002166999999985819,0
0,2,event,689,0.0020840000000248438,0
0,2,event,690,0.002583000000015545,0
0,2,event,691,0.0019580000000019027,0
0,2,event,692,0.006624999999985448,0
0,2,event,693,0.002166999999985819,0
0,2,event,694,0.0026669999999739957,0
0,2,event,695,0.002166999999985819,0
0,2,event,696,0.001958999999999378,0
0,2,event,697,0.0024580000000469227,0
0,2,event,698,0.0021660000000451873,0
0,2,event,699,0.0020000000000095497,0
0,2,event,700,0.002166999999985819,0
0,2,event,701,0.0023749999999722604,0
0,2,event,702,0.0020840000000248438,0
0,2,event,703,0.0027499999999918145,0
0,2,event,704,0.0020000000000095497,0
0,2,event,705,0.002124999999978172,0
0,2,event,706,0.0019580000000019027,0
0,2,event,707,0.0020419999999603533,0
0,2,event,708,0.0025840000000130203,0
0,2,event,709,0.0019999999999527063,0
0,2,event,710,0.0020410000000197215,0
0,2,event,711,0.002040999999962878,0
0,2,event,712,0.0020000000000095497,0
0,2,event,713,0.002417000000036751,0
0,2,event,714,0.0019999999999527063,0
0,2,event,715,0.0020840000000248438,0
0,2,event,716,0.0021250000000350155,0
0,2,event,717,0.0022499999999467946,0
0,2,event,718,0.0020000000000095497,0
0,2,event,719,0.0026669999999739957,0
0,2,event,720,0.01579199999997627,2
0,2,event,721,0.0035839999999893735,0
0,2,event,722,0.0027079999999841675,0
0,2,event,723,0.002166999999985819,0
0,2,event,724,0.0020000000000095497,0
0,2,event,725,0.0020840000000248438,0
0,2,event,726,0.002166999999985819,0
0,2,event,727,0.002124999999978172,0
0,2,event,728,0.0024579999999900792,0
0,2,event,729,0.002124999999978172,0
0,2,event,730,0.0020420000000171967,0
0,2,event,731,0.0021250000000350155,0
0,2,event,732,0.002082999999970525,0
0,2,event,733,0.0024999999999977263,0
0,2,event,734,0.002082999999970525,0
0,2,event,735,0.0020410000000197215,0
0,2,event,736,0.0021250000000350155,0
0,2,event,737,0.0027919999999994616,0
0,2,event,738,0.003375000000005457,0
0,2,event,739,0.0020839999999680003,0
0,2,event,740,0.0020420000000171967,0
0,2,event,741,0.0020420000000171967,0
0,2,event,742,0.002124999999978172,0
0,2,event,743,0.0026669999999739957,0
0,2,event,744,0.0027089999999816428,0
0,2,event,745,0.002166999999985819,0
0,2,event,746,0.0020420000000171967,0
0,2,event,747,0.002166999999985819,0
0,2,event,748,0.0019169999999917309,0
0,2,event,749,0.0026669999999739957,0
0,2,event,750,0.0021250000000350155,0
0,2,event,751,0.0020000000000095497,0
0,2,event,752,0.0025829999999587017,0
0,2,event,753,0.0021250000000350155,0
0,2,event,754,0.0024999999999977263,0
0,2,event,755,0.0020830000000273685,0
0,2,event,756,0.0021250000000350155,0
0,2,event,757,0.0021670000000426626,0
0,2,event,758,0.0020840000000248438,0
0,2,event,759,0.0025829999999587017,0
0,2,event,760,0.0020830000000273685,0
0,2,event,761,0.002040999999962878,0
0,2,event,762,0.002207999999995991,0
0,2,event,763,0.002583999999956177,0
0,2,event,764,0.002625000000023192,0
0,2,event,765,0.0023749999999722604,0
0,2,event,766,0.0020419999999603533,0
0,2,event,767,0.002208999999993466,0
0,2,event,768,0.0020000000000095497,0
0,2,event,769,0.002082999999970525,0
0,2,event,770,0.002583000000015545,0
0,2,event,771,0.0020839999999680003,0
0,2,event,772,0.0019580000000019027,0
0,2,event,773,0.0020830000000273685,0
0,2,event,774,0.0020410000000197215,0
0,2,event,775,0.002708000000041011,0
0,2,event,776,0.0020000000000095497,0
0,2,event,777,0.002165999999988344,0
0,2,event,778,0.0029159999999706088,0
0,2,event,779,0.0020000000000095497,0
0,2,event,780,0.015292000000044936,2
0,2,event,781,0.0026669999999739957,0
0,2,event,782,0.0020419999999603533,0
0,2,event,783,0.002292000000011285,0
0,2,event,784,0.0026669999999739957,0
0,2,event,785,0.002124999999978172,0
0,2,event,786,0.002166999999985819,0
0,2,event,787,0.002124999999978172,0
0,2,event,788,0.0024589999999875545,0
0,2,event,789,0.0025420000000053733,0
0,2,event,790,0.0020000000000095497,0
0,2,event,791,0.0020000000000095497,0
0,2,event,792,0.002124999999978172,0
0,2,event,793,0.0023749999999722604,0
0,2,event,794,0.002166999999985819,0
0,2,event,795,0.0025840000000130203,0
0,2,event,796,0.0020419999999603533,0
0,2,event,797,0.0021250000000350155,0
0,2,event,798,0.0020410000000197215,0
0,2,event,799,0.002166999999985819,0
0,2,event,800,0.0023749999999722604,0
0,2,event,801,0.0020420000000171967,0
0,2,event,802,0.0020420000000171967,0
0,2,event,803,0.0026659999999765205,0
0,2,event,804,0.002165999999988344,0
0,2,event,805,0.003207999999972344,0
0,2,event,806,0.002124999999978172,0
0,2,event,807,0.002292000000011285,0
0,2,event,808,0.0020420000000171967,0
0,2,event,809,0.002208999999993466,0
0,2,event,810,0.0024579999999900792,0
0,2,event,811,0.002250000000003638,0
0,2,event,812,0.0020839999999680003,0
0,2,event,813,0.0027079999999841675,0
0,2,event,814,0.0020410000000197215,0
0,2,event,815,0.0021660000000451873,0
0,2,event,816,0.002708000000041011,0
0,2,event,817,0.0020000000000095497,0
0,2,event,818,0.0020830000000273685,0
0,2,event,819,0.0020410000000197215,0
0,2,event,820,0.0020419999999603533,0
0,2,event,821,0.0024579999999900792,0
0,2,event,822,0.0020410000000197215,0
0,2,event,823,0.0020830000000273685,0
0,2,event,824,0.0020839999999680003,0
0,2,event,825,0.002082999999970525,0
0,2,event,826,0.002708000000041011,0
0,2,event,827,0.0020830000000273685,0
0,2,event,828,0.0024169999999799074,0
0,2,event,829,0.002166999999985819,0
0,2,event,830,0.0019999999999527063,0
0,2,event,831,0.0028330000000096334,0
0,2,event,832,0.0024169999999799074,0
0,2,event,833,0.0020419999999603533,0
0,2,event,834,0.0020420000000171967,0
0,2,event,835,0.0020840000000248438,0
0,2,event,836,0.0020839999999680003,0
0,2,event,837,0.002625000000023192,0
0,2,event,838,0.0019999999999527063,0
0,2,event,839,0.002250000000003638,0
0,2,event,840,0.014916999999968539,2
0,2,event,841,0.0035419999999817264,0
0,2,event,842,0.0020840000000248438,0
0,2,event,843,0.002166999999985819,0
0,2,event,844,0.002082999999970525,0
0,2,event,845,0.002250000000003638,0
0,2,event,846,0.0025420000000053733,0
0,2,event,847,0.0027919999999994616,0
0,2,event,848,0.0020839999999680003,0
0,2,event,849,0.0020000000000095497,0
0,2,event,850,0.0019580000000019027,0
0,2,event,851,0.0024999999999977263,0
0,2,event,852,0.0025420000000053733,0
0,2,event,853,0.002124999999978172,0
0,2,event,854,0.0020410000000197215,0
0,2,event,855,0.002040999999962878,0
0,2,event,856,0.0024999999999977263,0
0,2,event,857,0.002166999999985819,0
0,2,event,858,0.002541000000007898,0
0,2,event,859,0.0020830000000273685,0
0,2,event,860,0.002124999999978172,0
0,2,event,861,0.0020420000000171967,0
0,2,event,862,0.005083000000013271,0
0,2,event,863,0.002165999999988344,0
0,2,event,864,0.0020000000000095497,0
0,2,event,865,0.0022499999999467946,0
0,2,event,866,0.0020410000000197215,0
0,2,event,867,0.002957999999978256,0
0,2,event,868,0.002207999999995991,0
0,2,event,869,0.0023749999999722604,0
0,2,event,870,0.0020000000000095497,0
0,2,event,871,0.002250000000003638,0
0,2,event,872,0.0024999999999977263,0
0,2,event,873,0.0020420000000171967,0
0,2,event,874,0.0020420000000171967,0
0,2,event,875,0.002625000000023192,0
0,2,event,876,0.0020000000000095497,0
0,2,event,877,0.0025420000000053733,0
0,2,event,878,0.0020420000000171967,0
0,2,event,879,0.0020410000000197215,0
0,2,event,880,0.0019580000000019027,0
0,2,event,881,0.0020000000000095497,0
0,2,event,882,0.0020000000000095497,0
0,2,event,883,0.002625000000023192,0
0,2,event,884,0.0020840000000248438,0
0,2,event,885,0.002124999999978172,0
0,2,event,886,0.002166999999985819,0
0,2,event,887,0.002166999999985819,0
0,2,event,888,0.002667000000030839,0
0,2,event,889,0.002541000000007898,0
0,2,event,890,0.0020000000000095497,0
0,2,event,891,0.002082999999970525,0
0,2,event,892,0.0027499999999918145,0
0,2,event,893,0.0027089999999816428,0
0,2,event,894,0.0020000000000095497,0
0,2,event,895,0.0020839999999680003,0
0,2,event,896,0.0020000000000095497,0
0,2,event,897,0.0021250000000350155,0
0,2,event,898,0.002124999999978172,0
0,2,event,899,0.002583999999956177,0
0,2,event,900,0.015083000000004176,2
0,2,event,901,0.0029170000000249274,0
0,2,event,902,0.002625000000023192,0
0,2,event,903,0.0021250000000350155,0
0,2,event,904,0.002250000000003638,0
0,2,event,905,0.0020830000000273685,0
0,2,event,906,0.0021660000000451873,0
0,2,event,907,0.002207999999995991,0
0,2,event,908,0.002583000000015545,0
0,2,event,909,0.002082999999970525,0
0,2,event,910,0.0020420000000171967,0
0,2,event,911,0.0020000000000095497,0
0,2,event,912,0.0020420000000171967,0
0,2,event,913,0.0025420000000053733,0
0,2,event,914,0.0020420000000171967,0
0,2,event,915,0.0019999999999527063,0
0,2,event,916,0.001958999999999378,0
0,2,event,917,0.002166999999985819,0
0,2,event,918,0.0024169999999799074,0
0,2,event,919,0.002082999999970525,0
0,2,event,920,0.0028330000000096334,0
0,2,event,921,0.002207999999995991,0
0,2,event,922,0.0020000000000095497,0
0,2,event,923,0.0027079999999841675,0
0,2,event,924,0.0020000000000095497,0
0,2,event,925,0.002082999999970525,0
0,2,event,926,0.0020410000000197215,0
0,2,event,927,0.002250000000003638,0
0,2,event,928,0.0019169999999917309,0
0,2,event,929,0.0026669999999739957,0
0,2,event,930,0.0020410000000197215,0
0,2,event,931,0.00283299999995279,0
0,2,event,932,0.001958999999999378,0
0,2,event,933,0.0023329999999646134,0
0,2,event,934,0.002583000000015545,0
0,2,event,935,0.0020419999999603533,0
0,2,event,936,0.0023749999999722604,0
0,2,event,937,0.0020410000000197215,0
0,2,event,938,0.0019999999999527063,0
0,2,event,939,0.0024999999999977263,0
0,2,event,940,0.0020000000000095497,0
0,2,event,941,0.0019999999999527063,0
0,2,event,942,0.0020000000000095497,0
0,2,event,943,0.003165999999964697,0
0,2,event,944,0.0019580000000019027,0
0,2,event,945,0.002999999999985903,0
0,2,event,946,0.002124999999978172,0
0,2,event,947,0.0020830000000273685,0
0,2,event,948,0.0021250000000350155,0
0,2,event,949,0.0021670000000426626,0
0,2,event,950,0.002583999999956177,0
0,2,event,951,0.002334000000018932,0
0,2,event,952,0.0019999999999527063,0
0,2,event,953,0.0020000000000095497,0
0,2,event,954,0.002082999999970525,0
0,2,event,955,0.00304199999999355,0
0,2,event,956,0.0020420000000171967,0
0,2,event,957,0.0020420000000171967,0
0,2,event,958,0.002124999999978172,0
0,2,event,959,0.0020419999999603533,0
0,2,event,960,0.014999999999986358,2
0,2,event,961,0.0026659999999765205,0
0,2,event,962,0.002165999999988344,0
0,2,event,963,0.002250000000003638,0
0,2,event,964,0.0026669999999739957,0
0,2,event,965,0.002166999999985819,0
0,2,event,966,0.002292000000011285,0
0,2,event,967,0.002207999999995991,0
0,2,event,968,0.002207999999995991,0
0,2,event,969,0.0025840000000130203,0
0,2,event,970,0.0020830000000273685,0
0,2,event,971,0.002124999999978172,0
0,2,event,972,0.002166999999985819,0
0,2,event,973,0.0028340000000071086,0
0,2,event,974,0.002625000000023192,0
0,2,event,975,0.0027499999999918145,0
0,2,event,976,0.002250000000003638,0
0,2,event,977,0.002166999999985819,0
0,2,event,978,0.0020840000000248438,0
0,2,event,979,0.0027499999999918145,0
0,2,event,980,0.0025829999999587017,0
0,2,event,981,0.0020830000000273685,0
0,2,event,982,0.002207999999995991,0
0,2,event,983,0.0021670000000426626,0
0,2,event,984,0.0021250000000350155,0
0,2,event,985,0.0024579999999900792,0
0,2,event,986,0.0021660000000451873,0
0,2,event,987,0.002333000000021457,0
0,2,event,988,0.0020000000000095497,0
0,2,event,989,0.0021250000000350155,0
0,2,event,990,0.0021670000000426626,0
0,2,event,991,0.0028330000000096334,0
0,2,event,992,0.002207999999995991,0
0,2,event,993,0.002208999999993466,0
0,2,event,994,0.0021250000000350155,0
0,2,event,995,0.0020000000000095497,0
0,2,event,996,0.002999999999985903,0
0,2,event,997,0.0020840000000248438,0
0,2,event,998,0.002625000000023192,0
0,2,event,999,0.002124999999978172,0
0,2,burst,0,0.12779199999999946,14
0,2,burst,1,0.13104199999997945,14
0,2,burst,2,0.1262090000000171,14
0,2,burst,3,0.1292500000000132,14
0,2,burst,4,0.13299999999998136,14
0,2,burst,5,0.13491700000002993,14
0,2,burst,6,0.139458999999988,14
0,2,burst,7,0.13504100000000108,14
0,2,burst,8,0.12412499999999227,14
0,2,burst,9,0.1257089999999721,14
0,2,burst,10,0.12891700000000128,14
0,2,burst,11,0.230624999999975,14
0,2,burst,12,0.17679199999997763,14
0,2,burst,13,0.14375000000001137,14
0,2,burst,14,0.14770800000002282,14
0,2,burst,15,0.1363749999999868,14
0,2,burst,16,0.1293749999999818,14
0,2,burst,17,0.1536249999999768,14
0,2,burst,18,0.14095900000000938,14
0,2,burst,19,0.13116700000000492,14
0,2,burst,20,0.12712499999997817,14
0,2,burst,21,0.09762499999999363,14
0,2,burst,22,0.05129199999998946,14
0,2,burst,23,0.05220800000000736,14
0,2,burst,24,0.0494160000000079,14
0,2,burst,25,0.05195799999995643,14
0,2,burst,26,0.05483300000003055,14
0,2,burst,27,0.051084000000003016,14
0,2,burst,28,0.04966699999999946,14
0,2,burst,29,0.0508750000000191,14
0,2,burst,30,0.05054100000000972,14
0,2,burst,31,0.04862499999995862,14
0,2,burst,32,0.05458300000003646,14
0,2,burst,33,0.05033299999996643,14
0,2,burst,34,0.052292000000022654,14
0,2,burst,35,0.04949999999996635,14
0,2,burst,36,0.04862500000001546,14
0,2,burst,37,0.05725000000001046,14
0,2,burst,38,0.05099999999998772,14
0,2,burst,39,0.048666999999966265,14
0,2,burst,40,0.05416600000000926,14
0,2,burst,41,0.05200000000002092,14
0,2,burst,42,0.05008300000002919,14
0,2,burst,43,0.04870799999997644,14
0,2,burst,44,0.0892910000000029,14
0,2,burst,45,0.12670800000000781,14
0,2,burst,46,0.12741700000003675,14
0,2,burst,47,0.12433299999997871,14
0,2,burst,48,0.12337500000001,14
0,2,burst,49,0.12708300000002737,14
0,2,burst,50,0.12845799999996643,14
0,2,burst,51,0.1253749999999627,14
0,2,burst,52,0.14699999999999136,14
0,2,burst,53,0.12991700000003448,14
0,2,burst,54,0.1412920000000213,14
0,2,burst,55,0.13062499999995225,14
0,2,burst,56,0.12700000000000955,14
0,2,burst,57,0.12879199999997581,14
0,2,burst,58,0.126041999999984,14
0,2,burst,59,0.1259579999999687,14
0,2,burst,60,0.12487499999997453,14
0,2,burst,61,0.12920800000000554,14
0,2,burst,62,0.12879099999997834,14
0,2,burst,63,0.12475000000000591,14
0,2,burst,64,0.125583000000006,14
0,2,burst,65,0.1276250000000232,14
0,2,burst,66,0.12612500000000182,14
0,2,burst,67,1.3554169999999885,14
0,2,burst,68,0.356790999999987,14
0,2,burst,69,0.38791700000001583,14
0,2,burst,70,0.1479580000000169,14
0,2,burst,71,0.28404199999999946,14
0,2,burst,72,0.1787090000000262,14
0,2,burst,73,0.15574999999995498,14
0,2,burst,74,0.12700000000000955,14
0,2,burst,75,0.12987499999997,14
0,2,burst,76,0.12916699999999537,14
0,2,burst,77,0.12933400000002848,14
0,2,burst,78,0.17537500000003092,14
0,2,burst,79,0.1748330000000351,14
0,2,burst,80,0.13845800000001418,14
0,2,burst,81,0.130916999999954,14
0,2,burst,82,0.20187500000002956,14
0,2,burst,83,0.13120900000001257,14
0,2,burst,84,0.13470899999998664,14
0,2,burst,85,0.236582999999996,14
0,2,burst,86,0.30125000000003865,14
0,2,burst,87,0.2963330000000042,14
0,2,burst,88,0.13570800000002237,14
0,2,burst,89,0.180499999999995,14
0,2,burst,90,0.16858300000001236,14
0,2,burst,91,0.14687500000002274,14
0,2,burst,92,0.5077499999999873,14
0,2,burst,93,0.07991700000002311,14
0,2,burst,94,0.055666000000030635,14
0,2,burst,95,0.05458299999997962,14
0,2,burst,96,0.05370800000002873,14
0,2,burst,97,0.05341699999996763,14
0,2,burst,98,0.10775000000001,14
0,2,burst,99,0.1307080000000269,14
0,2,burst,100,0.141666999999984,14
0,2,burst,101,0.13983399999995072,14
0,2,burst,102,0.1313750000000482,14
0,2,burst,103,0.1358749999999418,14
0,2,burst,104,0.13983299999995324,14
0,2,burst,105,0.13504100000000108,14
0,2,burst,106,0.12850000000003092,14
0,2,burst,107,0.1449999999999818,14
0,2,burst,108,0.1356670000000122,14
0,2,burst,109,0.14175000000000182,14
0,2,burst,110,0.12987499999997,14
0,2,burst,111,0.12941699999998946,14
0,2,burst,112,0.1300420000000031,14
0,2,burst,113,0.13895800000000236,14
0,2,burst,114,0.1355829999999969,14
0,2,burst,115,0.12808299999994688,14
0,2,burst,116,0.13054199999999128,14
0,2,burst,117,0.1293749999999818,14
0,2,burst,118,0.12554199999999582,14
0,2,burst,119,0.13170900000000074,14
0,2,burst,120,0.12887499999999363,14
0,2,burst,121,0.13220899999998892,14
0,2,burst,122,0.12941699999998946,14
0,2,burst,123,0.12800000000004275,14
0,2,burst,124,0.13708299999996143,14
0,2,burst,125,10.238542000000052,14
0,2,burst,126,0.16612500000007913,14
0,2,burst,127,0.15983400000004622,14
0,2,burst,128,0.13312499999994998,14
0,2,burst,129,0.5046250000000327,14
0,2,burst,130,0.15449999999998454,14
0,2,burst,131,0.4885829999999487,14
0,2,burst,132,0.07562499999994543,14
0,2,burst,133,0.06770900000003621,14
0,2,burst,134,0.0597499999998945,14
0,2,burst,135,0.059416000000055647,14
0,2,burst,136,0.05624999999997726,14
0,2,burst,137,0.05608300000005784,14
0,2,burst,138,0.055000000000063665,14
0,2,burst,139,0.05716599999993832,14
0,2,burst,140,0.06595800000002328,14
0,2,burst,141,0.05987500000003365,14
0,2,burst,142,0.06620799999996052,14
0,2,burst,143,0.06174999999996089,14
0,2,burst,144,0.07112500000005184,14
0,2,burst,145,0.06095800000002782,14
0,2,burst,146,0.06054099999994378,14
0,2,burst,147,0.05795799999998508,14
0,2,burst,148,0.05925000000002001,14
0,2,burst,149,0.061040999999931955,14
0,2,burst,150,0.06237500000008822,14
0,2,burst,151,0.05479199999990669,14
0,2,burst,152,0.06200000000001182,14
0,2,burst,153,0.061916999999994005,14
0,2,burst,154,0.05791599999997743,14
0,2,burst,155,0.058250000000043656,14
0,2,burst,156,0.062165999999933774,14
0,2,burst,157,0.06825000000003456,14
0,2,burst,158,0.14874999999994998,14
0,2,burst,159,0.13812500000005912,14
0,2,burst,160,0.13612499999999272,14
0,2,burst,161,0.13899999999989632,14
0,2,burst,162,0.15316700000005312,14
0,2,burst,163,0.1415829999999687,14
0,2,burst,164,0.13845800000001418,14
0,2,burst,165,0.14087499999993724,14
0,2,burst,166,4.358833000000004,14
0,2,burst,167,0.11862500000006548,14
0,2,burst,168,0.07433400000002166,14
0,2,burst,169,0.06475000000000364,14
0,2,burst,170,0.06712500000003274,14
0,2,burst,171,0.06270800000004328,14
0,2,burst,172,0.061040999999931955,14
0,2,burst,173,0.08295799999996234,14
0,2,burst,174,0.1575830000000451,14
0,2,burst,175,0.1334590000000162,14
0,2,burst,176,0.15912500000001728,14
0,2,burst,177,0.13933399999996254,14
0,2,burst,178,0.15750000000002728,14
0,2,burst,179,0.1397909999999456,14
0,2,burst,180,0.15116699999998673,14
0,2,burst,181,0.16066699999998946,14
0,2,burst,182,0.13695800000004965,14
0,2,burst,183,0.14837499999998727,14
0,2,burst,184,0.14466699999991306,14
0,2,burst,185,0.1572910000001002,14
0,2,burst,186,0.13279099999999744,14
0,2,burst,187,0.1518750000000182,14
0,2,burst,188,0.13620900000000802,14
0,2,burst,189,0.1442499999999427,14
0,2,burst,190,0.1376669999999649,14
0,2,burst,191,0.1462500000000091,14
0,2,burst,192,0.1380420000000413,14
0,2,burst,193,0.1527090000000726,14
0,2,burst,194,0.1402499999999236,14
0,2,burst,195,0.13808400000004895,14
0,2,burst,196,0.13474999999993997,14
0,2,burst,197,0.14912500000002638,14
0,2,burst,198,0.14033299999994142,14
0,2,burst,199,0.15350000000000819,14
0,2,burst,200,0.13212499999997362,14
0,2,burst,201,0.14266699999996035,14
0,2,burst,202,0.1414999999999509,14
0,2,burst,203,0.1467089999999871,14
0,2,burst,204,0.13983300000006693,14
0,2,burst,205,0.14400000000000546,14
0,2,burst,206,0.13391699999999673,14
0,2,burst,207,0.155083999999988,14
0,2,burst,208,0.13979200000005676,14
0,2,burst,209,0.16262499999993452,14
0,2,burst,210,0.13087499999994634,14
0,2,burst,211,0.1532920000000786,14
0,2,burst,212,0.14429200000006404,14
0,2,burst,213,0.15550000000007458,14
0,2,burst,214,0.13716699999997672,14
0,2,burst,215,0.1354589999999689,14
0,2,burst,216,0.13637499999992997,14
0,2,burst,217,0.15791600000000017,14
0,2,burst,218,0.12920800000006238,14
0,2,burst,219,0.13666599999999107,14
0,2,burst,220,0.1417909999998983,14
0,2,burst,221,0.14733300000000327,14
0,2,burst,222,6.249291000000085,14
0,2,burst,223,0.1624580000000151,14
0,2,burst,224,0.15045899999995527,14
0,2,burst,225,0.14874999999994998,14
0,2,burst,226,0.1446250000000191,14
0,2,burst,227,0.14020800000002964,14
0,2,burst,228,0.14445900000009715,14
0,2,burst,229,0.15600000000006276,14
0,2,burst,230,1.47849999999994,14
0,2,burst,231,0.07479100000000471,14
0,2,burst,232,0.0667079999999487,14
0,2,burst,233,0.06725000000005821,14
0,2,burst,234,0.06320899999991525,14
0,2,burst,235,0.0639170000000604,14
0,2,burst,236,0.06333299999994324,14
0,2,burst,237,0.06299999999998818,14
0,2,burst,238,0.06304099999999835,14
0,2,burst,239,0.11750000000006366,14
0,2,burst,240,0.13450000000000273,14
0,2,burst,241,0.134708000000046,14
0,2,burst,242,0.13320899999996527,14
0,2,burst,243,0.13949999999999818,14
0,2,burst,244,0.1349169999999731,14
0,2,burst,245,0.10087499999997362,14
0,2,burst,246,0.06675000000007003,14
0,2,burst,247,0.06562499999995453,14
0,2,burst,248,0.06533300000000963,14
0,2,burst,249,0.06645800000001145,14
0,2,burst,250,0.06579199999998764,14
0,2,burst,251,0.06529199999999946,14
0,2,burst,252,0.06516600000009021,14
0,2,burst,253,0.07708299999990231,14
0,2,burst,254,0.13287500000001273,14
0,2,burst,255,0.1316669999999931,14
0,2,burst,256,0.1333750000000009,14
0,2,burst,257,0.13495899999998073,14
0,2,burst,258,0.13199999999994816,14
0,2,burst,259,0.13683300000002419,14
0,2,burst,260,0.13812499999994543,14
0,2,burst,261,0.13525000000004184,14
0,2,burst,262,0.13029199999994034,14
0,2,burst,263,16.31487500000003,14
0,2,burst,264,0.41095800000005056,14
0,2,burst,265,0.17304200000000947,14
0,2,burst,266,0.1800829999999678,14
0,2,burst,267,3.951249999999959,14
0,2,burst,268,0.1474999999999227,14
0,2,burst,269,0.14312500000005457,14
0,2,burst,270,0.12841600000001563,14
0,2,burst,271,0.13095800000007785,14
0,2,burst,272,0.13020799999992505,14
0,2,burst,273,0.27949999999998454,14
0,2,burst,274,0.13383299999998144,14
0,2,burst,275,0.2097079999999778,14
0,2,burst,276,0.30462499999998727,14
0,2,burst,277,0.18399999999996908,14
0,2,burst,278,0.19420800000000327,14
0,2,burst,279,0.23387500000001182,14
0,2,burst,280,0.13408299999991868,14
0,2,burst,281,0.1305409999999938,14
0,2,burst,282,0.3272500000000491,14
0,2,burst,283,0.1327920000001086,14
0,2,burst,284,0.13058300000000145,14
0,2,burst,285,0.12941699999998946,14
0,2,burst,286,0.12324999999998454,14
0,2,burst,287,0.12675000000001546,14
0,2,burst,288,0.1343339999999671,14
0,2,burst,289,0.20887500000003456,14
0,2,burst,290,0.16454200000009678,14
0,2,burst,291,0.1452080000000251,14
0,2,burst,292,0.14083300000004328,14
0,2,burst,293,0.1349999999999909,14
0,2,burst,294,0.1321250000000873,14
0,2,burst,295,0.13070799999991323,14
0,2,burst,296,0.1346250000000282,14
0,2,burst,297,0.14620899999999892,14
0,2,burst,298,0.13324999999997544,14
0,2,burst,299,0.13274999999998727,14
0,2,burst,300,0.13212499999997362,14
0,2,burst,301,0.13108299999998962,14
0,2,burst,302,0.13804099999993014,14
0,2,burst,303,0.13450000000000273,14
0,2,burst,304,0.1297500000000582,14
0,2,burst,305,0.12991700000009132,14
0,2,burst,306,0.12833399999999529,14
0,2,burst,307,0.13162500000009913,14
0,2,burst,308,0.1272910000000138,14
0,2,burst,309,0.1272910000000138,14
0,2,burst,310,0.12712499999997817,14
0,2,burst,311,0.1297500000000582,14
0,2,burst,312,0.1290000000000191,14
0,2,burst,313,0.12612500000000182,14
0,2,burst,314,0.127791000000002,14
0,2,burst,315,0.13787500000000819,14
0,2,burst,316,0.12725000000000364,14
0,2,burst,317,0.13291700000002038,14
0,2,burst,318,0.13354200000003402,14
0,2,burst,319,0.13045899999997346,14
0,2,burst,320,0.12637499999993906,14
0,2,burst,321,0.12720899999999347,14
0,2,burst,322,0.12791700000002493,14
0,2,burst,323,0.12916699999993853,14
0,2,burst,324,0.12629200000003493,14
0,2,burst,325,0.12516699999991943,14
0,2,burst,326,0.12845900000002075,14
0,2,burst,327,0.12999999999999545,14
0,2,burst,328,0.12858299999993505,14
0,2,burst,329,0.12595899999996618,14
0,2,burst,330,0.12687500000004093,14
0,2,burst,331,0.13520899999991798,14
0,2,burst,332,0.12383299999999053,14
0,2,burst,333,0.133666000000062,14
0,2,burst,334,0.1281659999999647,14
0,2,burst,335,0.14429099999995287,14
0,2,burst,336,0.12745800000004692,14
0,2,burst,337,0.12570900000002894,14
0,2,burst,338,0.12608299999999417,14
0,2,burst,339,0.12829099999999016,14
0,2,burst,340,0.14324999999996635,14
0,2,burst,341,0.12729200000001129,14
0,2,burst,342,0.1283329999999978,14
0,2,burst,343,0.13137499999993452,14
0,2,burst,344,0.12795900000003257,14
0,2,burst,345,0.13249999999993634,14
0,2,burst,346,0.12883399999998346,14
0,2,burst,347,0.1309159999999565,14
0,2,burst,348,0.12670800000000781,14
0,2,burst,349,0.13279199999999491,14
0,2,burst,350,0.12812499999995453,14
0,2,burst,351,0.13429100000007566,14
0,2,burst,352,0.12754100000006474,14
0,2,burst,353,0.1269999999999527,14
0,2,burst,354,0.12945799999999963,14
0,2,burst,355,0.13029099999994287,14
0,2,burst,356,0.126041999999984,14
0,2,burst,357,0.12641600000006292,14
0,2,burst,358,0.13104099999998198,14
0,2,burst,359,0.09595799999999599,14
0,2,burst,360,0.07737499999996089,14
0,2,burst,361,0.07429200000001401,14
0,2,burst,362,0.07654099999990649,14
0,2,burst,363,0.10541699999998855,14
0,2,burst,364,0.1280420000000504,14
0,2,burst,365,10.975791999999956,14
0,2,burst,366,0.2054169999998976,14
0,2,burst,367,0.15333400000008623,14
0,2,burst,368,0.12787500000001728,14
0,2,burst,369,0.12750000000005457,14
0,2,burst,370,0.1344169999999849,14
0,2,burst,371,0.235416999999984,14
0,2,burst,372,0.14791700000000674,14
0,2,burst,373,0.12979200000006585,14
0,2,burst,374,0.13991599999997106,14
0,2,burst,375,0.12670800000000781,14
0,2,burst,376,0.1252079999999296,14
0,2,burst,377,0.15504199999998036,14
0,2,burst,378,0.5052080000000387,14
0,2,burst,379,0.1358749999999418,14
0,2,burst,380,0.1293749999999818,14
0,2,burst,381,0.12541699999997036,14
0,2,burst,382,0.12916600000005474,14
0,2,burst,383,0.12762499999996635,14
0,2,burst,384,0.12324999999998454,14
0,2,burst,385,0.1256670000000213,14
0,2,burst,386,0.585666999999944,14
0,2,burst,387,0.15629200000000765,14
0,2,burst,388,0.1344169999999849,14
0,2,burst,389,0.1316669999999931,14
0,2,burst,390,1.285665999999992,14
0,2,burst,391,7.115000000000009,14
0,2,burst,392,0.15674999999998818,14
0,2,burst,393,0.13495799999998326,14
0,2,burst,394,0.144457999999986,14
0,2,burst,395,0.15583399999991343,14
0,2,burst,396,0.12791700000002493,14
0,2,burst,397,0.5278749999999945,14
0,2,burst,398,0.5142910000000711,14
0,2,burst,399,0.13512499999990268,14
0,2,burst,400,0.15550000000007458,14
0,2,burst,401,0.13412499999992633,14
0,2,burst,402,0.12266699999997854,14
0,2,burst,403,0.35874999999998636,14
0,2,burst,404,0.22095899999999347,14
0,2,burst,405,0.1329160000000229,14
0,2,burst,406,0.12495799999999235,14
0,2,burst,407,0.127666999999974,14
0,2,burst,408,0.19812500000000455,14
0,2,burst,409,0.1669170000000122,14
0,2,burst,410,0.1377909999999929,14
0,2,burst,411,0.1323330000000169,14
0,2,burst,412,0.13008400000001075,14
0,2,burst,413,0.1332919999999831,14
0,2,burst,414,0.1299579999999878,14
0,2,burst,415,0.12725000000000364,14
0,2,burst,416,0.12991700000009132,14
0,2,burst,417,0.13649999999995543,14
0,2,burst,418,0.1290000000000191,14
0,2,burst,419,0.12912499999993088,14
0,2,burst,420,0.1343339999999671,14
0,2,burst,421,0.12924999999995634,14
0,2,burst,422,0.14283399999999347,14
0,2,burst,423,0.12983300000007603,14
0,2,burst,424,0.13437500000009095,14
0,2,burst,425,0.13145800000006602,14
0,2,burst,426,0.1286249999999427,14
0,2,burst,427,0.12529200000005858,14
0,2,burst,428,0.1307080000000269,14
0,2,burst,429,0.12808300000006057,14
0,2,burst,430,0.12683400000003076,14
0,2,burst,431,0.1322499999999991,14
0,2,burst,432,0.13045899999997346,14
0,2,burst,433,0.12974999999994452,14
0,2,burst,434,0.12633400000004258,14
0,2,burst,435,0.1284170000000131,14
0,2,burst,436,0.13091700000006767,14
0,2,burst,437,0.12762499999996635,14
0,2,burst,438,0.12741699999992306,14
0,2,burst,439,0.1254590000000917,14
0,2,burst,440,0.1380420000000413,14
0,2,burst,441,0.12749999999994088,14
0,2,burst,442,0.1251670000000331,14
0,2,burst,443,0.13016699999991488,14
0,2,burst,444,0.1270830000000842,14
0,2,burst,445,0.12683300000003328,14
0,2,burst,446,0.13125000000002274,14
0,2,burst,447,0.1302499999999327,14
0,2,burst,448,0.12708299999997053,14
0,2,burst,449,0.12716599999998834,14
0,2,burst,450,0.12641600000006292,14
0,2,burst,451,0.1312910000000329,14
0,2,burst,452,0.13166599999999562,14
0,2,burst,453,0.12824999999998,14
0,2,burst,454,0.12391700000000583,14
0,2,burst,455,0.12783300000000963,14
0,2,burst,456,0.12737499999991542,14
0,2,burst,457,0.12683300000003328,14
0,2,burst,458,0.12116600000001654,14
0,2,burst,459,0.11320800000009967,14
0,2,burst,460,0.11054100000001199,14
0,2,burst,461,0.10604100000000471,14
0,2,burst,462,0.1063329999999496,14
0,2,burst,463,0.11558300000001509,14
0,2,burst,464,0.12879199999997581,14
0,2,burst,465,0.127791000000002,14
0,2,burst,466,0.12620800000001964,14
0,2,burst,467,0.12716599999998834,14
0,2,burst,468,0.12754099999995105,14
0,2,burst,469,0.12645800000007057,14
0,2,burst,470,0.12562500000001364,14
0,2,burst,471,0.13187500000003638,14
0,2,burst,472,0.12858399999993253,14
0,2,burst,473,0.12675000000001546,14
0,2,burst,474,0.13350000000002638,14
0,2,burst,475,0.1293750000000955,14
0,2,burst,476,0.12725000000000364,14
0,2,burst,477,0.14970800000003237,14
0,2,burst,478,0.12762499999996635,14
0,2,burst,479,0.13787500000000819,14
0,2,burst,480,0.13437499999997726,14
0,2,burst,481,0.12845900000002075,14
0,2,burst,482,0.13183299999991505,14
0,2,burst,483,0.13250000000005002,14
0,2,burst,484,0.129291999999964,14
0,2,burst,485,0.12716699999998582,14
0,2,burst,486,0.12599999999997635,14
0,2,burst,487,0.1354159999999638,14
0,2,burst,488,0.13450000000000273,14
0,2,burst,489,0.14495799999997416,14
0,2,burst,490,0.12774999999999181,14
0,2,burst,491,0.13416699999993398,14
0,2,burst,492,0.12712499999997817,14
0,2,burst,493,0.12579200000004676,14
0,2,burst,494,0.126041999999984,14
0,2,burst,495,0.138541000000032,14
0,2,burst,496,0.1283329999999978,14
0,2,burst,497,0.12541700000008404,14
0,2,burst,498,0.12762500000008004,14
0,2,burst,499,0.12858299999993505,14
0,2,burst,500,0.12741700000003675,14
0,2,burst,501,0.12495900000010352,14
0,2,burst,502,0.12666699999999764,14
0,2,burst,503,0.1326250000000755,14
0,2,burst,504,0.1294999999998936,14
0,2,burst,505,0.1259580000000824,14
0,2,burst,506,0.1269999999999527,14
0,2,burst,507,0.12704199999996035,14
0,2,burst,508,0.12654199999997218,14
0,2,burst,509,0.12483399999996436,14
0,2,burst,510,0.12462500000003729,14
0,2,burst,511,0.1284170000000131,14
0,2,burst,512,0.1270840000000817,14
0,2,burst,513,0.1356670000000122,14
0,2,burst,514,0.12808300000006057,14
0,2,burst,515,0.12916599999994105,14
0,2,burst,516,0.12504100000001017,14
0,2,burst,517,0.1258749999999509,14
0,2,burst,518,0.13408300000003237,14
0,2,burst,519,0.12779199999999946,14
0,2,burst,520,0.1259579999999687,14
0,2,burst,521,0.12591699999995853,14
0,2,burst,522,0.125458999999978,14
0,2,burst,523,0.12945799999999963,14
0,2,burst,524,0.12970799999993687,14
0,2,burst,525,0.12587500000006457,14
0,2,burst,526,0.12991699999997763,14
0,2,burst,527,0.12754199999994853,14
0,2,burst,528,0.12629200000003493,14
0,2,burst,529,0.12441700000010769,14
0,2,burst,530,0.1274590000000444,14
0,2,burst,531,0.1264169999999467,14
0,2,burst,532,0.140041999999994,14
0,2,burst,533,0.1262090000000171,14
0,2,burst,534,0.12625000000002728,14
0,2,burst,535,0.12741700000003675,14
0,2,burst,536,0.13016700000002857,14
0,2,burst,537,0.12762499999996635,14
0,2,burst,538,0.12787500000001728,14
0,2,burst,539,0.12883400000009715,14
0,2,burst,540,0.1259580000000824,14
0,2,burst,541,0.1261659999998983,14
0,2,burst,542,0.12762500000008004,14
0,2,burst,543,0.1277500000001055,14
0,2,burst,544,0.13012500000002092,14
0,2,burst,545,0.12750000000005457,14
0,2,burst,546,0.1344170000000986,14
0,2,burst,547,0.1264170000000604,14
0,2,burst,548,0.12941699999998946,14
0,2,burst,549,0.12549999999998818,14
0,2,burst,550,0.13279199999999491,14
0,2,burst,551,0.12866700000006404,14
0,2,burst,552,0.12725000000000364,14
0,2,burst,553,0.12429099999997106,14
0,2,burst,554,0.12812499999995453,14
0,2,burst,555,0.13175000000001091,14
0,2,burst,556,0.12629100000003746,14
0,2,burst,557,0.1273750000000291,14
0,2,burst,558,0.12704100000007656,14
0,2,burst,559,0.12525000000005093,14
0,2,burst,560,0.13020799999992505,14
0,2,burst,561,0.1297500000000582,14
0,2,burst,562,0.1283329999999978,14
0,2,burst,563,0.12520899999992707,14
0,2,burst,564,0.12658299999998235,14
0,2,burst,565,0.12645800000007057,14
0,2,burst,566,0.12704100000007656,14
0,2,burst,567,0.12470799999994142,14
0,2,burst,568,0.13120900000001257,14
0,2,burst,569,0.12712499999997817,14
0,2,burst,570,0.12833399999999529,14
0,2,burst,571,0.1349169999999731,14
0,2,burst,572,0.12725000000000364,14
0,2,burst,573,0.125583000000006,14
0,2,burst,574,24.48370900000009,14
0,2,burst,575,0.5612919999999804,14
0,2,burst,576,0.12087500000006912,14
0,2,burst,577,0.10858300000006693,14
0,2,burst,578,0.10479099999997743,14
0,2,burst,579,0.09849999999994452,14
0,2,burst,580,0.09679100000005292,14
0,2,burst,581,0.09429099999999835,14
0,2,burst,582,0.09783299999992323,14
0,2,burst,583,0.2606660000000147,14
0,2,burst,584,0.1153749999999718,14
0,2,burst,585,0.12450000000001182,14
0,2,burst,586,0.18729199999995672,14
0,2,burst,587,0.11091699999997218,14
0,2,burst,588,0.1331670000000713,14
0,2,burst,589,0.1042090000000826,14
0,2,burst,590,0.0991670000000795,14
0,2,burst,591,0.0971670000000131,14
0,2,burst,592,0.5155420000000959,14
0,2,burst,593,0.5098329999999578,14
0,2,burst,594,0.24033300000007785,14
0,2,burst,595,0.11474999999995816,14
0,2,burst,596,0.1016660000000229,14
0,2,burst,597,0.09987499999999727,14
0,2,burst,598,0.14341699999999946,14
0,2,burst,599,0.20258400000000165,14
0,2,burst,600,0.14525000000003274,14
0,2,burst,601,0.13695799999993596,14
0,2,burst,602,0.13879100000008293,14
0,2,burst,603,0.1388329999999769,14
0,2,burst,604,0.1366249999999809,14
0,2,burst,605,0.1487089999999398,14
0,2,burst,606,0.13695900000004713,14
0,2,burst,607,0.130916999999954,14
0,2,burst,608,0.12999999999999545,14
0,2,burst,609,0.13120900000001257,14
0,2,burst,610,0.13054200000010496,14
0,2,burst,611,0.12941699999998946,14
0,2,burst,612,0.12754200000006222,14
0,2,burst,613,0.12858299999993505,14
0,2,burst,614,0.1284170000000131,14
0,2,burst,615,0.13054199999999128,14
0,2,burst,616,0.12774999999999181,14
0,2,burst,617,0.12954099999990376,14
0,2,burst,618,0.13566600000001472,14
0,2,burst,619,0.12974999999994452,14
0,2,burst,620,0.12741700000003675,14
0,2,burst,621,0.12933299999997416,14
0,2,burst,622,0.12745800000004692,14
0,2,burst,623,0.1413750000000391,14
0,2,burst,624,0.13008300000001327,14
0,2,burst,625,0.12812499999995453,14
0,2,burst,626,0.12695799999994506,14
0,2,burst,627,0.12695900000005622,14
0,2,burst,628,0.12708299999997053,14
0,2,burst,629,0.12866599999995287,14
0,2,burst,630,0.12824999999998,14
0,2,burst,631,0.12887499999999363,14
0,2,burst,632,0.14983399999994162,14
0,2,burst,633,0.1376670000000786,14
0,2,burst,634,0.1287920000000895,14
0,2,burst,635,0.12720899999999347,14
0,2,burst,636,0.12875000000008185,14
0,2,burst,637,0.13200000000006185,14
0,2,burst,638,0.12812499999995453,14
0,2,burst,639,0.1285410000000411,14
0,2,burst,640,0.13374999999996362,14
0,2,burst,641,0.13045799999997598,14
0,2,burst,642,0.1293749999999818,14
0,2,burst,643,0.126041999999984,14
0,2,burst,644,0.12670800000000781,14
0,2,burst,645,0.1292079999999487,14
0,2,burst,646,0.13704199999995126,14
0,2,burst,647,0.12687500000004093,14
0,2,burst,648,0.1286249999999427,14
0,2,burst,649,0.12970800000005056,14
0,2,burst,650,0.1290000000000191,14
0,2,burst,651,0.1293749999999818,14
0,2,burst,652,0.12950000000000728,14
0,2,burst,653,0.12999999999999545,14
0,2,burst,654,0.1462500000000091,14
0,2,burst,655,0.12824999999998,14
0,2,burst,656,0.12774999999999181,14
0,2,burst,657,0.13391699999999673,14
0,2,burst,658,0.13724999999999454,14
0,2,burst,659,0.13387499999998909,14
0,2,burst,660,0.1347920000000613,14
0,2,burst,661,0.14320899999995618,14
0,2,burst,662,0.13433299999996962,14
0,2,burst,663,0.1335830000000442,14
0,2,burst,664,0.1363339999999198,14
0,2,burst,665,0.12725000000000364,14
0,2,burst,666,0.12595899999996618,14
0,2,burst,667,0.1340420000000222,14
0,2,burst,668,0.14845800000000509,14
0,2,burst,669,0.13604099999997743,14
0,2,burst,670,0.12766599999997652,14
0,2,burst,671,0.12799999999992906,14
0,2,burst,672,0.13429200000007313,14
0,2,burst,673,0.1267089999998916,14
0,2,burst,674,0.1264170000000604,14
0,2,burst,675,0.1523339999999962,14
0,2,burst,676,0.14895799999999326,14
0,2,burst,677,0.1294999999998936,14
0,2,burst,678,0.12733300000002146,14
0,2,burst,679,0.12812499999995453,14
0,2,burst,680,0.14054199999998218,14
0,2,burst,681,0.1487920000000713,14
0,2,burst,682,0.1350000000001046,14
0,2,burst,683,0.1325410000000602,14
0,2,burst,684,0.1269999999999527,14
0,2,burst,685,0.12837500000000546,14
0,2,burst,686,0.13712499999996908,14
0,2,burst,687,0.1375829999999496,14
0,2,burst,688,0.1309999999999718,14
0,2,burst,689,0.1321250000000873,14
0,2,burst,690,0.13437500000009095,14
0,2,burst,691,0.1392079999999396,14
0,2,burst,692,0.13295800000003055,14
0,2,burst,693,0.13374999999996362,14
0,2,burst,694,0.12774999999999181,14
0,2,burst,695,0.13629199999991215,14
0,2,burst,696,0.1324170000000322,14
0,2,burst,697,0.12691700000004857,14
0,2,burst,698,0.1306250000000091,14
0,2,burst,699,0.13266599999997197,14
0,2,burst,700,0.1296660000000429,14
0,2,burst,701,0.13695799999993596,14
0,2,burst,702,0.13091700000006767,14
0,2,burst,703,0.13058300000000145,14
0,2,burst,704,0.13779199999999037,14
0,2,burst,705,0.1296670000000404,14
0,2,burst,706,0.15137499999991633,14
0,2,burst,707,0.14145800000005693,14
0,2,burst,708,0.1374999999999318,14
0,2,burst,709,0.13708299999996143,14
0,2,burst,710,0.1364170000000513,14
0,2,burst,711,0.14154199999995853,14
0,2,burst,712,0.14866700000004585,14
0,2,burst,713,0.13816700000006676,14
0,2,burst,714,0.14112499999998818,14
0,2,burst,715,0.14845900000000256,14
0,2,burst,716,0.14437500000008185,14
0,2,burst,717,0.13170900000000074,14
0,2,burst,718,0.1453750000000582,14
0,2,burst,719,0.13966600000003382,14
0,2,burst,720,0.1439579999999978,14
0,2,burst,721,0.13541700000007495,14
0,2,burst,722,0.15016700000001038,14
0,2,burst,723,0.14466700000002675,14
0,2,burst,724,0.1358749999999418,14
0,2,burst,725,0.14129100000002381,14
0,2,burst,726,0.1478749999999991,14
0,2,burst,727,0.12933299999997416,14
0,2,burst,728,0.14266599999996288,14
0,2,burst,729,0.136333000000036,14
0,2,burst,730,0.1526250000000573,14
0,2,burst,731,0.14362499999992906,14
0,2,burst,732,0.1466250000000855,14
0,2,burst,733,8.454791,14
0,2,burst,734,0.14245899999991707,14
0,2,burst,735,0.13104099999998198,14
0,2,burst,736,0.12808300000006057,14
0,2,burst,737,0.13387499999998909,14
0,2,burst,738,0.13058399999999892,14
0,2,burst,739,0.12845800000002328,14
0,2,burst,740,0.14545799999996234,14
0,2,burst,741,0.13133300000004056,14
0,2,burst,742,0.12808299999994688,14
0,2,burst,743,0.12941599999999198,14
0,2,burst,744,0.128832999999986,14
0,2,burst,745,0.1456670000000031,14
0,2,burst,746,15.862082999999984,14
0,2,burst,747,0.23108300000001236,14
0,2,burst,748,0.13420799999994415,14
0,2,burst,749,0.14229100000000017,14
0,2,burst,750,0.13533300000005966,14
0,2,burst,751,0.21062500000005002,14
0,2,burst,752,0.14800000000002456,14
0,2,burst,753,0.1291670000000522,14
0,2,burst,754,0.1309999999999718,14
0,2,burst,755,0.28558299999997416,14
0,2,burst,756,0.1461659999999938,14
0,2,burst,757,0.12954099999990376,14
0,2,burst,758,0.37875000000008185,14
0,2,burst,759,0.13187500000003638,14
0,2,burst,760,0.19100000000003092,14
0,2,burst,761,0.13512500000001637,14
0,2,burst,762,0.1486250000000382,14
0,2,burst,763,0.130333999999948,14
0,2,burst,764,0.19200000000000728,14
0,2,burst,765,0.14412500000003092,14
0,2,burst,766,0.1339580000000069,14
0,2,burst,767,0.12704199999996035,14
0,2,burst,768,0.13008400000001075,14
0,2,burst,769,0.12599999999997635,14
0,2,burst,770,0.1279579999999214,14
0,2,burst,771,0.12304100000005747,14
0,2,burst,772,4.623166999999967,14
0,2,burst,773,0.20412499999997635,14
0,2,burst,774,0.1432080000000724,14
0,2,burst,775,0.13116600000000744,14
0,2,burst,776,0.13345800000001873,14
0,2,burst,777,0.6845000000000709,14
0,2,burst,778,0.13791600000001836,14
0,2,burst,779,0.14850000000001273,14
0,2,burst,780,0.13008300000001327,14
0,2,burst,781,1.405499999999961,14
0,2,burst,782,0.1425419999999349,14
0,2,burst,783,0.1383339999999862,14
0,2,burst,784,0.21866699999998218,14
0,2,burst,785,0.14008400000000165,14
0,2,burst,786,0.12816699999996217,14
0,2,burst,787,0.13083400000004985,14
0,2,burst,788,0.1269169999999349,14
0,2,burst,789,0.17237499999998818,14
0,2,burst,790,0.14562499999999545,14
0,2,burst,791,0.12816699999996217,14
0,2,burst,792,0.1804580000000442,14
0,2,burst,793,0.9020829999999478,14
0,2,burst,794,0.13374999999996362,14
0,2,burst,795,0.24316600000008748,14
0,2,burst,796,0.13887500000009823,14
0,2,burst,797,0.41345799999999144,14
0,2,burst,798,0.1325410000000602,14
0,2,burst,799,0.13383300000009513,14
0,2,burst,800,0.1283329999999978,14
0,2,burst,801,1.426917000000003,14
0,2,burst,802,0.12379199999998036,14
0,2,burst,803,0.11645799999996598,14
0,2,burst,804,0.12329099999999471,14
0,2,burst,805,0.1159579999999778,14
0,2,burst,806,0.11525000000006003,14
0,2,burst,807,0.11095900000009351,14
0,2,burst,808,0.10837499999990996,14
0,2,burst,809,0.11220800000000963,14
0,2,burst,810,0.10637499999995725,14
0,2,burst,811,0.10879099999999653,14
0,2,burst,812,0.11333300000001145,14
0,2,burst,813,0.11333300000001145,14
0,2,burst,814,0.10887500000001182,14
0,2,burst,815,0.13229199999989305,14
0,2,burst,816,0.11066700000003493,14
0,2,burst,817,0.11099999999999,14
0,2,burst,818,0.11116700000002311,14
0,2,burst,819,0.11183299999993324,14
0,2,burst,820,0.10745900000006259,14
0,2,burst,821,0.11162500000000364,14
0,2,burst,822,0.10725000000002183,14
0,2,burst,823,0.10583299999996143,14
0,2,burst,824,0.11083299999995688,14
0,2,burst,825,0.10916600000007293,14
0,2,burst,826,0.10679099999993014,14
0,2,burst,827,0.10604100000000471,14
0,2,burst,828,0.11008300000003146,14
0,2,burst,829,0.10679199999992761,14
0,2,burst,830,0.1073750000000473,14
0,2,burst,831,0.10912499999994907,14
0,2,burst,832,0.11000000000001364,14
0,2,burst,833,0.12141699999995126,14
0,2,burst,834,0.1078340000000253,14
0,2,burst,835,0.10783399999991161,14
0,2,burst,836,0.11437499999999545,14
0,2,burst,837,0.12154099999997925,14
0,2,burst,838,0.10779200000001765,14
0,2,burst,839,0.10791700000004312,14
0,2,burst,840,0.10979199999997036,14
0,2,burst,841,0.1069999999999709,14
0,2,burst,842,0.10591699999997672,14
0,2,burst,843,0.10770800000000236,14
0,2,burst,844,0.11133299999994506,14
0,2,burst,845,0.10887500000001182,14
0,2,burst,846,0.10837500000002365,14
0,2,burst,847,0.11116700000002311,14
0,2,burst,848,0.11341600000002927,14
0,2,burst,849,19.33866599999999,14
0,2,burst,850,0.13037499999995816,14
0,2,burst,851,0.1173750000000382,14
0,2,burst,852,0.1903749999999036,14
0,2,burst,853,0.13112499999999727,14
0,2,burst,854,0.12070800000003601,14
0,2,burst,855,0.11429100000009385,14
0,2,burst,856,0.1246249999999236,14
0,2,burst,857,0.1154589999999871,14
0,2,burst,858,0.11108300000000781,14
0,2,burst,859,0.11062500000002728,14
0,2,burst,860,0.11358300000006238,14
0,2,burst,861,0.1103329999999687,14
0,2,burst,862,0.11983399999996891,14
0,2,burst,863,0.11062500000002728,14
0,2,burst,864,0.1138339999999971,14
0,2,burst,865,0.11020899999994072,14
0,2,burst,866,0.11083399999995436,14
0,2,burst,867,0.11324999999999363,14
0,2,burst,868,0.12466600000004746,14
0,2,burst,869,0.11037499999997635,14
0,2,burst,870,0.10954199999991943,14
0,2,burst,871,0.11008300000003146,14
0,2,burst,872,0.11087499999996453,14
0,2,burst,873,0.10962500000005093,14
0,2,burst,874,0.11029099999996106,14
0,2,burst,875,0.10900000000003729,14
0,2,burst,876,0.11583299999995234,14
0,2,burst,877,0.10991599999999835,14
0,2,burst,878,0.10824999999999818,14
0,2,burst,879,0.10970899999995254,14
0,2,burst,880,0.10675000000003365,14
0,2,burst,881,0.109375,14
0,2,burst,882,0.11287500000003092,14
0,2,burst,883,0.11045899999999165,14
0,2,burst,884,0.10741699999994125,14
0,2,burst,885,0.10970800000006875,14
0,2,burst,886,0.1069999999999709,14
0,2,burst,887,0.11729200000002038,14
0,2,burst,888,0.10966599999994742,14
0,2,burst,889,0.10749999999995907,14
0,2,burst,890,0.11166700000001129,14
0,2,burst,891,0.10916699999995672,14
0,2,burst,892,0.10725000000002183,14
0,2,burst,893,0.11099999999999,14
0,2,burst,894,0.11112500000001546,14
0,2,burst,895,0.10933300000010604,14
0,2,burst,896,0.10658399999999801,14
0,2,burst,897,0.10850000000004911,14
0,2,burst,898,0.10841599999992013,14
0,2,burst,899,0.11225000000001728,14
0,2,burst,900,0.10729200000002947,14
0,2,burst,901,0.10695899999996072,14
0,2,burst,902,0.10775000000001,14
0,2,burst,903,0.11024999999995089,14
0,2,burst,904,0.10929199999998218,14
0,2,burst,905,0.11695799999995415,14
0,2,burst,906,0.10950000000002547,14
0,2,burst,907,0.109375,14
0,2,burst,908,0.10604100000000471,14
0,2,burst,909,0.10808299999996507,14
0,2,burst,910,0.10749999999995907,14
0,2,burst,911,0.1253749999999627,14
0,2,burst,912,0.11483399999997346,14
0,2,burst,913,0.10629200000005312,14
0,2,burst,914,0.10929199999998218,14
0,2,burst,915,0.11012499999992542,14
0,2,burst,916,0.10700000000008458,14
0,2,burst,917,0.10725000000002183,14
0,2,burst,918,0.11149999999997817,14
0,2,burst,919,0.11491699999999128,14
0,2,burst,920,0.10745799999995143,14
0,2,burst,921,0.10775000000001,14
0,2,burst,922,0.10616700000002766,14
0,2,burst,923,0.10920899999996436,14
0,2,burst,924,0.1135829999999487,14
0,2,burst,925,0.10816599999998289,14
0,2,burst,926,0.10800000000006094,14
0,2,burst,927,0.10908299999994142,14
0,2,burst,928,0.10675000000003365,14
0,2,burst,929,0.10812499999997272,14
0,2,burst,930,0.10895799999991596,14
0,2,burst,931,0.1075420000000804,14
0,2,burst,932,0.10658300000000054,14
0,2,burst,933,0.11366700000007768,14
0,2,burst,934,0.10895799999991596,14
0,2,burst,935,0.10583400000007259,14
0,2,burst,936,0.1131670000000895,14
0,2,burst,937,0.10858300000006693,14
0,2,burst,938,0.10962499999993724,14
0,2,burst,939,0.10733400000003712,14
0,2,burst,940,0.10870899999997619,14
0,2,burst,941,0.11179199999992306,14
0,2,burst,942,0.109958000000006,14
0,2,burst,943,0.10729200000002947,14
0,2,burst,944,0.1064169999999649,14
0,2,burst,945,0.10950000000002547,14
0,2,burst,946,0.10862500000007458,14
0,2,burst,947,0.10624999999993179,14
0,2,burst,948,0.11166700000001129,14
0,2,burst,949,0.109375,14
0,2,burst,950,0.11008300000003146,14
0,2,burst,951,0.10679099999993014,14
0,2,burst,952,0.1073750000000473,14
0,2,burst,953,0.10741699999994125,14
0,2,burst,954,0.10749999999995907,14
0,2,burst,955,0.11241600000005292,14
0,2,burst,956,0.10920799999996689,14
0,2,burst,957,0.10762499999998454,14
0,2,burst,958,0.1103329999999687,14
0,2,burst,959,0.10604100000000471,14
0,2,burst,960,0.1133750000000191,14
0,2,burst,961,0.10749999999995907,14
0,2,burst,962,0.11658399999998892,14
0,2,burst,963,0.1069999999999709,14
0,2,burst,964,0.10862499999996089,14
0,2,burst,965,0.10654099999999289,14
0,2,burst,966,0.10958300000004328,14
0,2,burst,967,0.10704199999997854,14
0,2,burst,968,0.10924999999997453,14
0,2,burst,969,0.10766699999999219,14
0,2,burst,970,0.10879099999999653,14
0,2,burst,971,0.10658300000000054,14
0,2,burst,972,0.10629099999994196,14
0,2,burst,973,0.11166600000001381,14
0,2,burst,974,0.10820799999999053,14
0,2,burst,975,0.10758299999997689,14
0,2,burst,976,0.10887500000001182,14
0,2,burst,977,0.11087499999996453,14
0,2,burst,978,0.10770899999999983,14
0,2,burst,979,0.11158399999999347,14
0,2,burst,980,0.10658399999999801,14
0,2,burst,981,0.10887499999989814,14
0,2,burst,982,0.10766599999999471,14
0,2,burst,983,0.10887500000001182,14
0,2,burst,984,0.10954200000003311,14
0,2,burst,985,0.11112499999990177,14
0,2,burst,986,0.10679100000004382,14
0,2,burst,987,0.10858299999995324,14
0,2,burst,988,0.10654199999999037,14
0,2,burst,989,0.11229200000002493,14
0,2,burst,990,0.10608300000001236,14
0,2,burst,991,0.11116700000002311,14
0,2,burst,992,0.11237500000004275,14
0,2,burst,993,0.109958000000006,14
0,2,burst,994,0.1070830000001024,14
0,2,burst,995,0.10704100000009475,14
0,2,burst,996,26.249416999999994,14
0,2,burst,997,0.45583299999998417,14
0,2,burst,998,0.3881250000000591,14
0,2,burst,999,0.2329580000000533,14
0,4,idle,0,0.0020419999999603533,0
0,4,idle,1,0.002250000000003638,0
0,4,idle,2,0.002000000000066393,0
0,4,idle,3,0.002499999999940883,0
0,4,idle,4,0.0028750000000172804,0
0,4,idle,5,0.0020419999999603533,0
0,4,idle,6,0.0020419999999603533,0
0,4,idle,7,0.0025840000000698637,0
0,4,idle,8,0.002458999999930711,0
0,4,idle,9,0.002292000000011285,0
0,4,idle,10,0.0020839999999680003,0
0,4,idle,11,0.002292000000011285,0
0,4,idle,12,0.0020839999999680003,0
0,4,idle,13,0.0026249999999663487,0
0,4,idle,14,0.002000000000066393,0
0,4,idle,15,0.002125000000091859,0
0,4,idle,16,0.002083000000084212,0
0,4,idle,17,0.0027910000000019863,0
0,4,idle,18,0.0020419999999603533,0
0,4,idle,19,0.0026249999999663487,0
0,4,idle,20,0.002082999999970525,0
0,4,idle,21,0.0020839999999680003,0
0,4,idle,22,0.003291999999987638,0
0,4,idle,23,0.002207999999995991,0
0,4,idle,24,0.0025830000000723885,0
0,4,idle,25,0.0020839999999680003,0
0,4,idle,26,0.002207999999995991,0
0,4,idle,27,0.0027499999999918145,0
0,4,idle,28,0.0020839999999680003,0
0,4,idle,29,0.0027079999999841675,0
0,4,idle,30,0.002165999999988344,0
0,4,idle,31,0.002166999999985819,0
0,4,idle,32,0.002207999999995991,0
0,4,idle,33,0.0025409999999510546,0
0,4,idle,34,0.0026249999999663487,0
0,4,idle,35,0.0027079999999841675,0
0,4,idle,36,0.002334000000018932,0
0,4,idle,37,0.002208999999993466,0
0,4,idle,38,0.002166999999985819,0
0,4,idle,39,0.002040999999962878,0
0,4,idle,40,0.0026659999999765205,0
0,4,idle,41,0.00204200000007404,0
0,4,idle,42,0.002083000000084212,0
0,4,idle,43,0.002374999999915417,0
0,4,idle,44,0.002084000000081687,0
0,4,idle,45,0.0025420000000622167,0
0,4,idle,46,0.002124999999978172,0
0,4,idle,47,0.002165999999988344,0
0,4,idle,48,0.002124999999978172,0
0,4,idle,49,0.002124999999978172,0
0,4,idle,50,0.00254199999994853,0
0,4,idle,51,0.0028750000000172804,0
0,4,idle,52,0.002082999999970525,0
0,4,idle,53,0.0037500000000818545,0
0,4,idle,54,0.003083000000060565,0
0,4,idle,55,0.0027919999999994616,0
0,4,idle,56,0.002334000000018932,0
0,4,idle,57,0.002208999999993466,0
0,4,idle,58,0.0026670000000876826,0
0,4,idle,59,0.002167000000099506,0
0,4,idle,60,0.002207999999995991,0
0,4,idle,61,0.0025420000000622167,0
0,4,idle,62,0.002334000000018932,0
0,4,idle,63,0.002125000000091859,0
0,4,idle,64,0.002208000000109678,0
0,4,idle,65,0.002125000000091859,0
0,4,idle,66,0.002583999999956177,0
0,4,idle,67,0.002124999999978172,0
0,4,idle,68,0.002208999999993466,0
0,4,idle,69,0.0020839999999680003,0
0,4,idle,70,0.002166999999985819,0
0,4,idle,71,0.002499999999940883,0
0,4,idle,72,0.002165999999988344,0
0,4,idle,73,0.002000000000066393,0
0,4,idle,74,0.002166999999985819,0
0,4,idle,75,0.002250000000003638,0
0,4,idle,76,0.0027920000001131484,0
0,4,idle,77,0.002125000000091859,0
0,4,idle,78,0.002084000000081687,0
0,4,idle,79,0.0020419999999603533,0
0,4,idle,80,0.0020419999999603533,0
0,4,idle,81,0.002166999999985819,0
0,4,idle,82,0.0025829999999587017,0
0,4,idle,83,0.002207999999995991,0
0,4,idle,84,0.002207999999995991,0
0,4,idle,85,0.0031249999999545253,0
0,4,idle,86,0.002250000000003638,0
0,4,idle,87,0.0026669999999739957,0
0,4,idle,88,0.0030840000000580403,0
0,4,idle,89,0.002166999999985819,0
0,4,idle,90,0.0029999999999290594,0
0,4,idle,91,0.0027089999999816428,0
0,4,idle,92,0.0026249999999663487,0
0,4,idle,93,0.002166999999985819,0
0,4,idle,94,0.002041000000076565,0
0,4,idle,95,0.00233299999990777,0
0,4,idle,96,0.00204200000007404,0
0,4,idle,97,0.00254199999994853,0
0,4,idle,98,0.0026249999999663487,0
0,4,idle,99,0.002165999999988344,0
0,4,idle,100,0.0025000000000545697,0
0,4,idle,101,0.002334000000018932,0
0,4,idle,102,0.002166999999985819,0
0,4,idle,103,0.0028750000000172804,0
0,4,idle,104,0.002166999999985819,0
0,4,idle,105,0.002165999999988344,0
0,4,idle,106,0.002333000000021457,0
0,4,idle,107,0.002124999999978172,0
0,4,idle,108,0.0026659999999765205,0
0,4,idle,109,0.002165999999988344,0
0,4,idle,110,0.002166999999985819,0
0,4,idle,111,0.002292000000011285,0
0,4,idle,112,0.0020839999999680003,0
0,4,idle,113,0.0025829999999587017,0
0,4,idle,114,0.002083000000084212,0
0,4,idle,115,0.002333000000021457,0
0,4,idle,116,0.003249999999979991,0
0,4,idle,117,0.002207999999995991,0
0,4,idle,118,0.002082999999970525,0
0,4,idle,119,0.0029170000000249274,0
0,4,idle,120,0.0020839999999680003,0
0,4,idle,121,0.0024580000000469227,0
0,4,idle,122,0.002167000000099506,0
0,4,idle,123,0.002125000000091859,0
0,4,idle,124,0.002457999999933236,0
0,4,idle,125,0.002165999999988344,0
0,4,idle,126,0.0027499999999918145,0
0,4,idle,127,0.002165999999988344,0
0,4,idle,128,0.002166999999985819,0
0,4,idle,129,0.002459000000044398,0
0,4,idle,130,0.002124999999978172,0
0,4,idle,131,0.002124999999978172,0
0,4,idle,132,0.00354200000003857,0
0,4,idle,133,0.002041000000076565,0
0,4,idle,134,0.003541999999924883,0
0,4,idle,135,0.0030000000000427463,0
0,4,idle,136,0.002040999999962878,0
0,4,idle,137,0.002166999999985819,0
0,4,idle,138,0.0025000000000545697,0
0,4,idle,139,0.002166999999985819,0
0,4,idle,140,0.0026250000000800355,0
0,4,idle,141,0.002208999999993466,0
0,4,idle,142,0.002166999999985819,0
0,4,idle,143,0.002125000000091859,0
0,4,idle,144,0.002207999999995991,0
0,4,idle,145,0.0025420000000622167,0
0,4,idle,146,0.0020419999999603533,0
0,4,idle,147,0.002166999999985819,0
0,4,idle,148,0.0027499999999918145,0
0,4,idle,149,0.002292000000011285,0
0,4,idle,150,0.0027089999999816428,0
0,4,idle,151,0.002250000000003638,0
0,4,idle,152,0.002166999999985819,0
0,4,idle,153,0.002207999999995991,0
0,4,idle,154,0.0026659999999765205,0
0,4,idle,155,0.0025829999999587017,0
0,4,idle,156,0.002165999999988344,0
0,4,idle,157,0.002207999999995991,0
0,4,idle,158,0.0020419999999603533,0
0,4,idle,159,0.002207999999995991,0
0,4,idle,160,0.002166999999985819,0
0,4,idle,161,0.0030840000000580403,0
0,4,idle,162,0.002082999999970525,0
0,4,idle,163,0.0029999999999290594,0
0,4,idle,164,0.002165999999988344,0
0,4,idle,165,0.002041000000076565,0
0,4,idle,166,0.0025409999999510546,0
0,4,idle,167,0.0027079999999841675,0
0,4,idle,168,0.002082999999970525,0
0,4,idle,169,0.002165999999988344,0
0,4,idle,170,0.002124999999978172,0
0,4,idle,171,0.0026249999999663487,0
0,4,idle,172,0.002125000000091859,0
0,4,idle,173,0.002125000000091859,0
0,4,idle,174,0.0022910000000138098,0
0,4,idle,175,0.0027919999999994616,0
0,4,idle,176,0.0024580000000469227,0
0,4,idle,177,0.002165999999988344,0
0,4,idle,178,0.0025829999999587017,0
0,4,idle,179,0.0027079999999841675,0
0,4,idle,180,0.0024160000000392756,0
0,4,idle,181,0.002166999999985819,0
0,4,idle,182,0.0027089999999816428,0
0,4,idle,183,0.002208999999993466,0
0,4,idle,184,0.002208999999993466,0
0,4,idle,185,0.002374999999915417,0
0,4,idle,186,0.002333000000021457,0
0,4,idle,187,0.002417000000036751,0
0,4,idle,188,0.002125000000091859,0
0,4,idle,189,0.002165999999988344,0
0,4,idle,190,0.002124999999978172,0
0,4,idle,191,0.002292000000011285,0
0,4,idle,192,0.002499999999940883,0
0,4,idle,193,0.002124999999978172,0
0,4,idle,194,0.0019999999999527063,0
0,4,idle,195,0.002207999999995991,0
0,4,idle,196,0.002040999999962878,0
0,4,idle,197,0.0025410000000647415,0
0,4,idle,198,0.002124999999978172,0
0,4,idle,199,0.0025829999999587017,0
0,4,idle,200,0.0025000000000545697,0
0,4,idle,201,0.002250000000003638,0
0,4,idle,202,0.002166999999985819,0
0,4,idle,203,0.0026250000000800355,0
0,4,idle,204,0.002124999999978172,0
0,4,idle,205,0.0020419999999603533,0
0,4,idle,206,0.002040999999962878,0
0,4,idle,207,0.0019999999999527063,0
0,4,idle,208,0.002417000000036751,0
0,4,idle,209,0.0020419999999603533,0
0,4,idle,210,0.002124999999978172,0
0,4,idle,211,0.003290999999990163,0
0,4,idle,212,0.002124999999978172,0
0,4,idle,213,0.002417000000036751,0
0,4,idle,214,0.002207999999995991,0
0,4,idle,215,0.0019999999999527063,0
0,4,idle,216,0.002082999999970525,0
0,4,idle,217,0.002082999999970525,0
0,4,idle,218,0.0025000000000545697,0
0,4,idle,219,0.0027079999999841675,0
0,4,idle,220,0.002208999999993466,0
0,4,idle,221,0.0019999999999527063,0
0,4,idle,222,0.002250000000003638,0
0,4,idle,223,0.002124999999978172,0
0,4,idle,224,0.003207999999972344,0
0,4,idle,225,0.002124999999978172,0
0,4,idle,226,0.002040999999962878,0
0,4,idle,227,0.002124999999978172,0
0,4,idle,228,0.0019590000000562213,0
0,4,idle,229,0.0026249999999663487,0
0,4,idle,230,0.0020419999999603533,0
0,4,idle,231,0.002124999999978172,0
0,4,idle,232,0.002082999999970525,0
0,4,idle,233,0.002207999999995991,0
0,4,idle,234,0.0028330000000096334,0
0,4,idle,235,0.0020839999999680003,0
0,4,idle,236,0.0027499999999918145,0
0,4,idle,237,0.002124999999978172,0
0,4,idle,238,0.0020419999999603533,0
0,4,idle,239,0.002125000000091859,0
0,4,idle,240,0.003125000000068212,0
0,4,idle,241,0.002040999999962878,0
0,4,idle,242,0.0030000000000427463,0
0,4,idle,243,0.002167000000099506,0
0,4,idle,244,0.002084000000081687,0
0,4,idle,245,0.0026669999999739957,0
0,4,idle,246,0.002207999999995991,0
0,4,idle,247,0.0019999999999527063,0
0,4,idle,248,0.002082999999970525,0
0,4,idle,249,0.002165999999988344,0
0,4,idle,250,0.0025410000000647415,0
0,4,idle,251,0.002125000000091859,0
0,4,idle,252,0.0019999999999527063,0
0,4,idle,253,0.002082999999970525,0
0,4,idle,254,0.002040999999962878,0
0,4,idle,255,0.0025420000000622167,0
0,4,idle,256,0.0020419999999603533,0
0,4,idle,257,0.002124999999978172,0
0,4,idle,258,0.002583999999956177,0
0,4,idle,259,0.002084000000081687,0
0,4,idle,260,0.002167000000099506,0
0,4,idle,261,0.0025420000000622167,0
0,4,idle,262,0.0020419999999603533,0
0,4,idle,263,0.002208999999993466,0
0,4,idle,264,0.002292000000011285,0
0,4,idle,265,0.0020419999999603533,0
0,4,idle,266,0.002583999999956177,0
0,4,idle,267,0.0020839999999680003,0
0,4,idle,268,0.00204200000007404,0
0,4,idle,269,0.00204200000007404,0
0,4,idle,270,0.002207999999995991,0
0,4,idle,271,0.002457999999933236,0
0,4,idle,272,0.002207999999995991,0
0,4,idle,273,0.0025409999999510546,0
0,4,idle,274,0.003375000000005457,0
0,4,idle,275,0.002124999999978172,0
0,4,idle,276,0.0025420000000622167,0
0,4,idle,277,0.002292000000011285,0
0,4,idle,278,0.002166999999985819,0
0,4,idle,279,0.002208999999993466,0
0,4,idle,280,0.002082999999970525,0
0,4,idle,281,0.002166999999985819,0
0,4,idle,282,0.0025840000000698637,0
0,4,idle,283,0.002166999999985819,0
0,4,idle,284,0.0020419999999603533,0
0,4,idle,285,0.0022910000000138098,0
0,4,idle,286,0.0020419999999603533,0
0,4,idle,287,0.003291999999987638,0
0,4,idle,288,0.002207999999995991,0
0,4,idle,289,0.002082999999970525,0
0,4,idle,290,0.002165999999988344,0
0,4,idle,291,0.002082999999970525,0
0,4,idle,292,0.0025420000000622167,0
0,4,idle,293,0.00204200000007404,0
0,4,idle,294,0.0019999999999527063,0
0,4,idle,295,0.002040999999962878,0
0,4,idle,296,0.002166999999985819,0
0,4,idle,297,0.002375000000029104,0
0,4,idle,298,0.002082999999970525,0
0,4,idle,299,0.002916000000027452,0
0,4,idle,300,0.002292000000011285,0
0,4,idle,301,0.002457999999933236,0
0,4,idle,302,0.003249999999979991,0
0,4,idle,303,0.002417000000036751,0
0,4,idle,304,0.002208999999993466,0
0,4,idle,305,0.0026669999999739957,0
0,4,idle,306,0.002250000000003638,0
0,4,idle,307,0.0021660000001020308,0
0,4,idle,308,0.0025420000000622167,0
0,4,idle,309,0.002250000000003638,0
0,4,idle,310,0.002040999999962878,0
0,4,idle,311,0.002457999999933236,0
0,4,idle,312,0.002041000000076565,0
0,4,idle,313,0.002499999999940883,0
0,4,idle,314,0.002040999999962878,0
0,4,idle,315,0.002125000000091859,0
0,4,idle,316,0.0019590000000562213,0
0,4,idle,317,0.002208999999993466,0
0,4,idle,318,0.0019999999999527063,0
0,4,idle,319,0.0025000000000545697,0
0,4,idle,320,0.00204200000007404,0
0,4,idle,321,0.002124999999978172,0
0,4,idle,322,0.0020839999999680003,0
0,4,idle,323,0.0020839999999680003,0
0,4,idle,324,0.0025000000000545697,0
0,4,idle,325,0.002166999999985819,0
0,4,idle,326,0.002082999999970525,0
0,4,idle,327,0.0028330000000096334,0
0,4,idle,328,0.002250000000003638,0
0,4,idle,329,0.002458999999930711,0
0,4,idle,330,0.0020839999999680003,0
0,4,idle,331,0.002124999999978172,0
0,4,idle,332,0.002165999999988344,0
0,4,idle,333,0.002000000000066393,0
0,4,idle,334,0.002583999999956177,0
0,4,idle,335,0.002124999999978172,0
0,4,idle,336,0.002000000000066393,0
0,4,idle,337,0.0027910000000019863,0
0,4,idle,338,0.002167000000099506,0
0,4,idle,339,0.00204200000007404,0
0,4,idle,340,0.0026659999999765205,0
0,4,idle,341,0.002082999999970525,0
0,4,idle,342,0.00254199999994853,0
0,4,idle,343,0.01045899999996891,0
0,4,idle,344,0.0025830000000723885,0
0,4,idle,345,0.0028329999998959465,0
0,4,idle,346,0.002165999999988344,0
0,4,idle,347,0.002125000000091859,0
0,4,idle,348,0.0027919999999994616,0
0,4,idle,349,0.002084000000081687,0
0,4,idle,350,0.003167000000075859,0
0,4,idle,351,0.002207999999995991,0
0,4,idle,352,0.002082999999970525,0
0,4,idle,353,0.002124999999978172,0
0,4,idle,354,0.002124999999978172,0
0,4,idle,355,0.002417000000036751,0
0,4,idle,356,0.002084000000081687,0
0,4,idle,357,0.002250000000003638,0
0,4,idle,358,0.002125000000091859,0
0,4,idle,359,0.002207999999995991,0
0,4,idle,360,0.002125000000091859,0
0,4,idle,361,0.0025000000000545697,0
0,4,idle,362,0.002207999999995991,0
0,4,idle,363,0.002207999999995991,0
0,4,idle,364,0.0026249999999663487,0
0,4,idle,365,0.002207999999995991,0
0,4,idle,366,0.00254199999994853,0
0,4,idle,367,0.002334000000018932,0
0,4,idle,368,0.003291999999987638,0
0,4,idle,369,0.002250000000003638,0
0,4,idle,370,0.002124999999978172,0
0,4,idle,371,0.0026669999999739957,0
0,4,idle,372,0.002166999999985819,0
0,4,idle,373,0.002165999999988344,0
0,4,idle,374,0.002165999999988344,0
0,4,idle,375,0.002082999999970525,0
0,4,idle,376,0.0024160000000392756,0
0,4,idle,377,0.002207999999995991,0
0,4,idle,378,0.002207999999995991,0
0,4,idle,379,0.002124999999978172,0
0,4,idle,380,0.0020419999999603533,0
0,4,idle,381,0.002166999999985819,0
0,4,idle,382,0.0024580000000469227,0
0,4,idle,383,0.002165999999988344,0
0,4,idle,384,0.002082999999970525,0
0,4,idle,385,0.0037079999999605207,0
0,4,idle,386,0.002165999999988344,0
0,4,idle,387,0.0024160000000392756,0
0,4,idle,388,0.002041000000076565,0
0,4,idle,389,0.002124999999978172,0
0,4,idle,390,0.002416999999923064,0
0,4,idle,391,0.002084000000081687,0
0,4,idle,392,0.0026250000000800355,0
0,4,idle,393,0.002082999999970525,0
0,4,idle,394,0.002165999999988344,0
0,4,idle,395,0.002124999999978172,0
0,4,idle,396,0.0026249999999663487,0
0,4,idle,397,0.002375000000029104,0
0,4,idle,398,0.002082999999970525,0
0,4,idle,399,0.0019999999999527063,0
0,4,idle,400,0.0027910000000019863,0
0,4,idle,401,0.002207999999995991,0
0,4,idle,402,0.002082999999970525,0
0,4,idle,403,0.00254199999994853,0
0,4,idle,404,0.0020839999999680003,0
0,4,idle,405,0.0026250000000800355,0
0,4,idle,406,0.002040999999962878,0
0,4,idle,407,0.0019999999999527063,0
0,4,idle,408,0.0025829999999587017,0
0,4,idle,409,0.002124999999978172,0
0,4,idle,410,0.002000000000066393,0
0,4,idle,411,0.002207999999995991,0
0,4,idle,412,0.002040999999962878,0
0,4,idle,413,0.003165999999964697,0
0,4,idle,414,0.002165999999988344,0
0,4,idle,415,0.0020419999999603533,0
0,4,idle,416,0.00204200000007404,0
0,4,idle,417,0.00204200000007404,0
0,4,idle,418,0.002124999999978172,0
0,4,idle,419,0.002499999999940883,0
0,4,idle,420,0.001958000000058746,0
0,4,idle,421,0.0020839999999680003,0
0,4,idle,422,0.002124999999978172,0
0,4,idle,423,0.0027079999999841675,0
0,4,idle,424,0.0024160000000392756,0
0,4,idle,425,0.002125000000091859,0
0,4,idle,426,0.0029170000000249274,0
0,4,idle,427,0.002124999999978172,0
0,4,idle,428,0.002166999999985819,0
0,4,idle,429,0.002375000000029104,0
0,4,idle,430,0.002292000000011285,0
0,4,idle,431,0.0026669999999739957,0
0,4,idle,432,0.002292000000011285,0
0,4,idle,433,0.002165999999988344,0
0,4,idle,434,0.0025409999999510546,0
0,4,idle,435,0.0025829999999587017,0
0,4,idle,436,0.002124999999978172,0
0,4,idle,437,0.002125000000091859,0
0,4,idle,438,0.002125000000091859,0
0,4,idle,439,0.002250000000003638,0
0,4,idle,440,0.0025420000000622167,0
0,4,idle,441,0.002166999999985819,0
0,4,idle,442,0.002082999999970525,0
0,4,idle,443,0.002040999999962878,0
0,4,idle,444,0.00204200000007404,0
0,4,idle,445,0.002333999999905245,0
0,4,idle,446,0.002082999999970525,0
0,4,idle,447,0.002000000000066393,0
0,4,idle,448,0.002124999999978172,0
0,4,idle,449,0.0019579999999450592,0
0,4,idle,450,0.0024580000000469227,0
0,4,idle,451,0.0019999999999527063,0
0,4,idle,452,0.002040999999962878,0
0,4,idle,453,0.002250000000003638,0
0,4,idle,454,0.002166999999985819,0
0,4,idle,455,0.0025420000000622167,0
0,4,idle,456,0.002125000000091859,0
0,4,idle,457,0.0028329999998959465,0
0,4,idle,458,0.002250000000003638,0
0,4,idle,459,0.001958000000058746,0
0,4,idle,460,0.0025830000000723885,0
0,4,idle,461,0.002416999999923064,0
0,4,idle,462,0.002165999999988344,0
0,4,idle,463,0.0025000000000545697,0
0,4,idle,464,0.002124999999978172,0
0,4,idle,465,0.002207999999995991,0
0,4,idle,466,0.0026249999999663487,0
0,4,idle,467,0.0030419999999367064,0
0,4,idle,468,0.002165999999988344,0
0,4,idle,469,0.0024160000000392756,0
0,4,idle,470,0.0019579999999450592,0
0,4,idle,471,0.0025830000000723885,0
0,4,idle,472,0.002040999999962878,0
0,4,idle,473,0.002166999999985819,0
0,4,idle,474,0.002166999999985819,0
0,4,idle,475,0.002124999999978172,0
0,4,idle,476,0.0029580000000350992,0
0,4,idle,477,0.002125000000091859,0
0,4,idle,478,0.002000000000066393,0
0,4,idle,479,0.0019999999999527063,0
0,4,idle,480,0.0019590000000562213,0
0,4,idle,481,0.002208999999993466,0
0,4,idle,482,0.002375000000029104,0
0,4,idle,483,0.002040999999962878,0
0,4,idle,484,0.002000000000066393,0
0,4,idle,485,0.002167000000099506,0
0,4,idle,486,0.00204200000007404,0
0,4,idle,487,0.0029999999999290594,0
0,4,idle,488,0.0025420000000622167,0
0,4,idle,489,0.0020419999999603533,0
0,4,idle,490,0.0020839999999680003,0
0,4,idle,491,0.0019579999999450592,0
0,4,idle,492,0.0024580000000469227,0
0,4,idle,493,0.0019999999999527063,0
0,4,idle,494,0.0028330000000096334,0
0,4,idle,495,0.002166999999985819,0
0,4,idle,496,0.0019999999999527063,0
0,4,idle,497,0.0031669999999621723,0
0,4,idle,498,0.002334000000018932,0
0,4,idle,499,0.002166999999985819,0
0,4,idle,500,0.002166999999985819,0
0,4,idle,501,0.002166999999985819,0
0,4,idle,502,0.002499999999940883,0
0,4,idle,503,0.002375000000029104,0
0,4,idle,504,0.002082999999970525,0
0,4,idle,505,0.001958000000058746,0
0,4,idle,506,0.002084000000081687,0
0,4,idle,507,0.0020839999999680003,0
0,4,idle,508,0.002458999999930711,0
0,4,idle,509,0.0027499999999918145,0
0,4,idle,510,0.002207999999995991,0
0,4,idle,511,0.002124999999978172,0
0,4,idle,512,0.00204200000007404,0
0,4,idle,513,0.002499999999940883,0
0,4,idle,514,0.002166999999985819,0
0,4,idle,515,0.002250000000003638,0
0,4,idle,516,0.002207999999995991,0
0,4,idle,517,0.002207999999995991,0
0,4,idle,518,0.002165999999988344,0
0,4,idle,519,0.0029159999999137654,0
0,4,idle,520,0.002041000000076565,0
0,4,idle,521,0.0019999999999527063,0
0,4,idle,522,0.002166999999985819,0
0,4,idle,523,0.002207999999995991,0
0,4,idle,524,0.002334000000018932,0
0,4,idle,525,0.00204200000007404,0
0,4,idle,526,0.0029579999999214124,0
0,4,idle,527,0.00204200000007404,0
0,4,idle,528,0.002166999999985819,0
0,4,idle,529,0.0026669999999739957,0
0,4,idle,530,0.002250000000003638,0
0,4,idle,531,0.002083000000084212,0
0,4,idle,532,0.002040999999962878,0
0,4,idle,533,0.002124999999978172,0
0,4,idle,534,0.0029580000000350992,0
0,4,idle,535,0.002207999999995991,0
0,4,idle,536,0.002125000000091859,0
0,4,idle,537,0.00204200000007404,0
0,4,idle,538,0.0020839999999680003,0
0,4,idle,539,0.00254199999994853,0
0,4,idle,540,0.0026250000000800355,0
0,4,idle,541,0.0019590000000562213,0
0,4,idle,542,0.0019999999999527063,0
0,4,idle,543,0.0020419999999603533,0
0,4,idle,544,0.002083000000084212,0
0,4,idle,545,0.00233299999990777,0
0,4,idle,546,0.002000000000066393,0
0,4,idle,547,0.0019999999999527063,0
0,4,idle,548,0.002250000000003638,0
0,4,idle,549,0.0019999999999527063,0
0,4,idle,550,0.0029170000000249274,0
0,4,idle,551,0.002040999999962878,0
0,4,idle,552,0.0020419999999603533,0
0,4,idle,553,0.002499999999940883,0
0,4,idle,554,0.00204200000007404,0
0,4,idle,555,0.002416999999923064,0
0,4,idle,556,0.002165999999988344,0
0,4,idle,557,0.0026250000000800355,0
0,4,idle,558,0.00204200000007404,0
0,4,idle,559,0.002166999999985819,0
0,4,idle,560,0.002040999999962878,0
0,4,idle,561,0.0027079999999841675,0
0,4,idle,562,0.002207999999995991,0
0,4,idle,563,0.0019999999999527063,0
0,4,idle,564,0.002207999999995991,0
0,4,idle,565,0.002124999999978172,0
0,4,idle,566,0.0025000000000545697,0
0,4,idle,567,0.002040999999962878,0
0,4,idle,568,0.002124999999978172,0
0,4,idle,569,0.0026659999999765205,0
0,4,idle,570,0.002124999999978172,0
0,4,idle,571,0.003125000000068212,0
0,4,idle,572,0.002166999999985819,0
0,4,idle,573,0.0019579999999450592,0
0,4,idle,574,0.002040999999962878,0
0,4,idle,575,0.002124999999978172,0
0,4,idle,576,0.002375000000029104,0
0,4,idle,577,0.002124999999978172,0
0,4,idle,578,0.0019999999999527063,0
0,4,idle,579,0.002083000000084212,0
0,4,idle,580,0.002375000000029104,0
0,4,idle,581,0.0026249999999663487,0
0,4,idle,582,0.0026660000000902073,0
0,4,idle,583,0.002125000000091859,0
0,4,idle,584,0.00204200000007404,0
0,4,idle,585,0.0019999999999527063,0
0,4,idle,586,0.0019579999999450592,0
0,4,idle,587,0.0025000000000545697,0
0,4,idle,588,0.002207999999995991,0
0,4,idle,589,0.0028749999999035936,0
0,4,idle,590,0.002125000000091859,0
0,4,idle,591,0.00204200000007404,0
0,4,idle,592,0.002499999999940883,0
0,4,idle,593,0.0026669999999739957,0
0,4,idle,594,0.002208999999993466,0
0,4,idle,595,0.0020419999999603533,0
0,4,idle,596,0.002000000000066393,0
0,4,idle,597,0.002416999999923064,0
0,4,idle,598,0.00204200000007404,0
0,4,idle,599,0.002125000000091859,0
0,4,idle,600,0.00204200000007404,0
0,4,idle,601,0.002207999999995991,0
0,4,idle,602,0.002457999999933236,0
0,4,idle,603,0.002583999999956177,0
0,4,idle,604,0.0019590000000562213,0
0,4,idle,605,0.002250000000003638,0
0,4,idle,606,0.002166999999985819,0
0,4,idle,607,0.0019999999999527063,0
0,4,idle,608,0.002375000000029104,0
0,4,idle,609,0.002499999999940883,0
0,4,idle,610,0.002082999999970525,0
0,4,idle,611,0.002250000000003638,0
0,4,idle,612,0.0024580000000469227,0
0,4,idle,613,0.00254199999994853,0
0,4,idle,614,0.0019999999999527063,0
0,4,idle,615,0.002124999999978172,0
0,4,idle,616,0.00204200000007404,0
0,4,idle,617,0.0020839999999680003,0
0,4,idle,618,0.002124999999978172,0
0,4,idle,619,0.0025829999999587017,0
0,4,idle,620,0.00254199999994853,0
0,4,idle,621,0.002000000000066393,0
0,4,idle,622,0.002250000000003638,0
0,4,idle,623,0.002125000000091859,0
0,4,idle,624,0.0027079999999841675,0
0,4,idle,625,0.002207999999995991,0
0,4,idle,626,0.002124999999978172,0
0,4,idle,627,0.002124999999978172,0
0,4,idle,628,0.002250000000003638,0
0,4,idle,629,0.002374999999915417,0
0,4,idle,630,0.0025840000000698637,0
0,4,idle,631,0.002166999999985819,0
0,4,idle,632,0.0019999999999527063,0
0,4,idle,633,0.0020419999999603533,0
0,4,idle,634,0.003333999999995285,0
0,4,idle,635,0.002124999999978172,0
0,4,idle,636,0.003083000000060565,0
0,4,idle,637,0.002499999999940883,0
0,4,idle,638,0.0019999999999527063,0
0,4,idle,639,0.00204200000007404,0
0,4,idle,640,0.0025410000000647415,0
0,4,idle,641,0.002207999999995991,0
0,4,idle,642,0.0025409999999510546,0
0,4,idle,643,0.002292000000011285,0
0,4,idle,644,0.0019999999999527063,0
0,4,idle,645,0.0027079999999841675,0
0,4,idle,646,0.0025000000000545697,0
0,4,idle,647,0.002124999999978172,0
0,4,idle,648,0.0020419999999603533,0
0,4,idle,649,0.002124999999978172,0
0,4,idle,650,0.0025830000000723885,0
0,4,idle,651,0.002082999999970525,0
0,4,idle,652,0.0026249999999663487,0
0,4,idle,653,0.0020839999999680003,0
0,4,idle,654,0.0020839999999680003,0
0,4,idle,655,0.002375000000029104,0
0,4,idle,656,0.0027499999999918145,0
0,4,idle,657,0.0019169999999348875,0
0,4,idle,658,0.00204200000007404,0
0,4,idle,659,0.002124999999978172,0
0,4,idle,660,0.0020839999999680003,0
0,4,idle,661,0.002416999999923064,0
0,4,idle,662,0.00204200000007404,0
0,4,idle,663,0.0020419999999603533,0
0,4,idle,664,0.0020839999999680003,0
0,4,idle,665,0.00254199999994853,0
0,4,idle,666,0.0026659999999765205,0
0,4,idle,667,0.002167000000099506,0
0,4,idle,668,0.00204200000007404,0
0,4,idle,669,0.0019579999999450592,0
0,4,idle,670,0.0019159999999374122,0
0,4,idle,671,0.002375000000029104,0
0,4,idle,672,0.0020839999999680003,0
0,4,idle,673,0.002000000000066393,0
0,4,idle,674,0.0026660000000902073,0
0,4,idle,675,0.002207999999995991,0
0,4,idle,676,0.0024159999999255888,0
0,4,idle,677,0.0027079999999841675,0
0,4,idle,678,0.002082999999970525,0
0,4,idle,679,0.002124999999978172,0
0,4,idle,680,0.002084000000081687,0
0,4,idle,681,0.002208999999993466,0
0,4,idle,682,0.0025000000000545697,0
0,4,idle,683,0.003291999999987638,0
0,4,idle,684,0.002040999999962878,0
0,4,idle,685,0.0022910000000138098,0
0,4,idle,686,0.002166999999985819,0
0,4,idle,687,0.00254199999994853,0
0,4,idle,688,0.002165999999988344,0
0,4,idle,689,0.002041000000076565,0
0,4,idle,690,0.002125000000091859,0
0,4,idle,691,0.0019999999999527063,0
0,4,idle,692,0.0024580000000469227,0
0,4,idle,693,0.002207999999995991,0
0,4,idle,694,0.002083000000084212,0
0,4,idle,695,0.002040999999962878,0
0,4,idle,696,0.002040999999962878,0
0,4,idle,697,0.0024580000000469227,0
0,4,idle,698,0.002041000000076565,0
0,4,idle,699,0.02045799999996234,0
0,4,idle,700,0.002417000000036751,0
0,4,idle,701,0.002000000000066393,0
0,4,idle,702,0.0030839999999443535,0
0,4,idle,703,0.002417000000036751,0
0,4,idle,704,0.0027919999999994616,0
0,4,idle,705,0.0019579999999450592,0
0,4,idle,706,0.002208999999993466,0
0,4,idle,707,0.0025829999999587017,0
0,4,idle,708,0.0018750000000409273,0
0,4,idle,709,0.0019999999999527063,0
0,4,idle,710,0.0019159999999374122,0
0,4,idle,711,0.001916000000051099,0
0,4,idle,712,0.0024159999999255888,0
0,4,idle,713,0.001958000000058746,0
0,4,idle,714,0.0018749999999272404,0
0,4,idle,715,0.0018750000000409273,0
0,4,idle,716,0.0019579999999450592,0
0,4,idle,717,0.002292000000011285,0
0,4,idle,718,0.0018330000000332802,0
0,4,idle,719,0.002082999999970525,0
0,4,idle,720,0.0029159999999137654,0
0,4,idle,721,0.002000000000066393,0
0,4,idle,722,0.0018749999999272404,0
0,4,idle,723,0.0024580000000469227,0
0,4,idle,724,0.0018749999999272404,0
0,4,idle,725,0.0019170000000485743,0
0,4,idle,726,0.0019579999999450592,0
0,4,idle,727,0.0019170000000485743,0
0,4,idle,728,0.003125000000068212,0
0,4,idle,729,0.0019159999999374122,0
0,4,idle,730,0.0017910000000256332,0
0,4,idle,731,0.0019579999999450592,0
0,4,idle,732,0.0019170000000485743,0
0,4,idle,733,0.002291999999897598,0
0,4,idle,734,0.001916000000051099,0
0,4,idle,735,0.0019169999999348875,0
0,4,idle,736,0.002375000000029104,0
0,4,idle,737,0.002040999999962878,0
0,4,idle,738,0.001958000000058746,0
0,4,idle,739,0.002250000000003638,0
0,4,idle,740,0.0018340000000307555,0
0,4,idle,741,0.0019170000000485743,0
0,4,idle,742,0.0019579999999450592,0
0,4,idle,743,0.001916000000051099,0
0,4,idle,744,0.0022910000000138098,0
0,4,idle,745,0.00204200000007404,0
0,4,idle,746,0.0018330000000332802,0
0,4,idle,747,0.0020419999999603533,0
0,4,idle,748,0.002000000000066393,0
0,4,idle,749,0.002292000000011285,0
0,4,idle,750,0.0018330000000332802,0
0,4,idle,751,0.0019999999999527063,0
0,4,idle,752,0.002000000000066393,0
0,4,idle,753,0.0019999999999527063,0
0,4,idle,754,0.002375000000029104,0
0,4,idle,755,0.002165999999988344,0
0,4,idle,756,0.0017919999999094216,0
0,4,idle,757,0.0019170000000485743,0
0,4,idle,758,0.002458999999930711,0
0,4,idle,759,0.0019170000000485743,0
0,4,idle,760,0.0029169999999112406,0
0,4,idle,761,0.0018750000000409273,0
0,4,idle,762,0.0019159999999374122,0
0,4,idle,763,0.0018750000000409273,0
0,4,idle,764,0.0018749999999272404,0
0,4,idle,765,0.0027919999999994616,0
0,4,idle,766,0.0018750000000409273,0
0,4,idle,767,0.0019169999999348875,0
0,4,idle,768,0.002124999999978172,0
0,4,idle,769,0.002000000000066393,0
0,4,idle,770,0.003125000000068212,0
0,4,idle,771,0.002040999999962878,0
0,4,idle,772,0.0018750000000409273,0
0,4,idle,773,0.0018340000000307555,0
0,4,idle,774,0.002417000000036751,0
0,4,idle,775,0.002416999999923064,0
0,4,idle,776,0.0020839999999680003,0
0,4,idle,777,0.0018750000000409273,0
0,4,idle,778,0.0019159999999374122,0
0,4,idle,779,0.001958000000058746,0
0,4,idle,780,0.0019999999999527063,0
0,4,idle,781,0.002207999999995991,0
0,4,idle,782,0.0019589999999425345,0
0,4,idle,783,0.002000000000066393,0
0,4,idle,784,0.0017919999999094216,0
0,4,idle,785,0.002000000000066393,0
0,4,idle,786,0.0022910000000138098,0
0,4,idle,787,0.002000000000066393,0
0,4,idle,788,0.0018749999999272404,0
0,4,idle,789,0.0019999999999527063,0
0,4,idle,790,0.0018750000000409273,0
0,4,idle,791,0.0028750000000172804,0
0,4,idle,792,0.0019169999999348875,0
0,4,idle,793,0.0019170000000485743,0
0,4,idle,794,0.0019170000000485743,0
0,4,idle,795,0.002334000000018932,0
0,4,idle,796,0.00233299999990777,0
0,4,idle,797,0.0018750000000409273,0
0,4,idle,798,0.0027089999999816428,0
0,4,idle,799,0.0018749999999272404,0
0,4,idle,800,0.002165999999988344,0
0,4,idle,801,0.0022910000000138098,0
0,4,idle,802,0.0028330000000096334,0
0,4,idle,803,0.0019159999999374122,0
0,4,idle,804,0.002375000000029104,0
0,4,idle,805,0.0019170000000485743,0
0,4,idle,806,0.001958000000058746,0
0,4,idle,807,0.002416999999923064,0
0,4,idle,808,0.0019170000000485743,0
0,4,idle,809,0.0017920000000231084,0
0,4,idle,810,0.001958000000058746,0
0,4,idle,811,0.0018749999999272404,0
0,4,idle,812,0.002292000000011285,0
0,4,idle,813,0.0018750000000409273,0
0,4,idle,814,0.0018750000000409273,0
0,4,idle,815,0.0019590000000562213,0
0,4,idle,816,0.002125000000091859,0
0,4,idle,817,0.002290999999900123,0
0,4,idle,818,0.001916000000051099,0
0,4,idle,819,0.0019999999999527063,0
0,4,idle,820,0.001916000000051099,0
0,4,idle,821,0.0019169999999348875,0
0,4,idle,822,0.0020419999999603533,0
0,4,idle,823,0.002165999999988344,0
0,4,idle,824,0.002041000000076565,0
0,4,idle,825,0.0018329999999195934,0
0,4,idle,826,0.0019170000000485743,0
0,4,idle,827,0.0026659999999765205,0
0,4,idle,828,0.002457999999933236,0
0,4,idle,829,0.0018750000000409273,0
0,4,idle,830,0.0018329999999195934,0
0,4,idle,831,0.002082999999970525,0
0,4,idle,832,0.0025000000000545697,0
0,4,idle,833,0.002292000000011285,0
0,4,idle,834,0.0019999999999527063,0
0,4,idle,835,0.0019159999999374122,0
0,4,idle,836,0.0019170000000485743,0
0,4,idle,837,0.002292000000011285,0
0,4,idle,838,0.001958000000058746,0
0,4,idle,839,0.002375000000029104,0
0,4,idle,840,0.0018749999999272404,0
0,4,idle,841,0.0018750000000409273,0
0,4,idle,842,0.0019999999999527063,0
0,4,idle,843,0.0018750000000409273,0
0,4,idle,844,0.0027500000001055014,0
0,4,idle,845,0.0019170000000485743,0
0,4,idle,846,0.0020419999999603533,0
0,4,idle,847,0.0018330000000332802,0
0,4,idle,848,0.0019589999999425345,0
0,4,idle,849,0.002250000000003638,0
0,4,idle,850,0.0020419999999603533,0
0,4,idle,851,0.0017500000000154614,0
0,4,idle,852,0.0019589999999425345,0
0,4,idle,853,0.0018750000000409273,0
0,4,idle,854,0.0028330000000096334,0
0,4,idle,855,0.0019169999999348875,0
0,4,idle,856,0.0019170000000485743,0
0,4,idle,857,0.0017919999999094216,0
0,4,idle,858,0.0018340000000307555,0
0,4,idle,859,0.0018750000000409273,0
0,4,idle,860,0.0027919999999994616,0
0,4,idle,861,0.002000000000066393,0
0,4,idle,862,0.0019169999999348875,0
0,4,idle,863,0.002084000000081687,0
0,4,idle,864,0.0017920000000231084,0
0,4,idle,865,0.002207999999995991,0
0,4,idle,866,0.0018750000000409273,0
0,4,idle,867,0.0018749999999272404,0
0,4,idle,868,0.0019170000000485743,0
0,4,idle,869,0.002499999999940883,0
0,4,idle,870,0.002208999999993466,0
0,4,idle,871,0.0019170000000485743,0
0,4,idle,872,0.0018330000000332802,0
0,4,idle,873,0.0019170000000485743,0
0,4,idle,874,0.0019170000000485743,0
0,4,idle,875,0.002292000000011285,0
0,4,idle,876,0.0019579999999450592,0
0,4,idle,877,0.0019590000000562213,0
0,4,idle,878,0.00204200000007404,0
0,4,idle,879,0.0018329999999195934,0
0,4,idle,880,0.0018750000000409273,0
0,4,idle,881,0.002417000000036751,0
0,4,idle,882,0.0019579999999450592,0
0,4,idle,883,0.0018330000000332802,0
0,4,idle,884,0.0018749999999272404,0
0,4,idle,885,0.0017920000000231084,0
0,4,idle,886,0.002250000000003638,0
0,4,idle,887,0.0028749999999035936,0
0,4,idle,888,0.0028340000000071086,0
0,4,idle,889,0.0019170000000485743,0
0,4,idle,890,0.0018329999999195934,0
0,4,idle,891,0.0025000000000545697,0
0,4,idle,892,0.0019579999999450592,0
0,4,idle,893,0.0018330000000332802,0
0,4,idle,894,0.0019170000000485743,0
0,4,idle,895,0.0020419999999603533,0
0,4,idle,896,0.002334000000018932,0
0,4,idle,897,0.0019589999999425345,0
0,4,idle,898,0.0018340000000307555,0
0,4,idle,899,0.0019589999999425345,0
0,4,idle,900,0.0018750000000409273,0
0,4,idle,901,0.0019169999999348875,0
0,4,idle,902,0.002292000000011285,0
0,4,idle,903,0.0020419999999603533,0
0,4,idle,904,0.0025000000000545697,0
0,4,idle,905,0.0018749999999272404,0
0,4,idle,906,0.002375000000029104,0
0,4,idle,907,0.0028750000000172804,0
0,4,idle,908,0.0019170000000485743,0
0,4,idle,909,0.0018750000000409273,0
0,4,idle,910,0.002125000000091859,0
0,4,idle,911,0.0019169999999348875,0
0,4,idle,912,0.002207999999995991,0
0,4,idle,913,0.001958000000058746,0
0,4,idle,914,0.0019170000000485743,0
0,4,idle,915,0.002124999999978172,0
0,4,idle,916,0.0018340000000307555,0
0,4,idle,917,0.003416999999899417,0
0,4,idle,918,0.002125000000091859,0
0,4,idle,919,0.0018330000000332802,0
0,4,idle,920,0.0018750000000409273,0
0,4,idle,921,0.0018329999999195934,0
0,4,idle,922,0.0025000000000545697,0
0,4,idle,923,0.002166999999985819,0
0,4,idle,924,0.0019999999999527063,0
0,4,idle,925,0.0019169999999348875,0
0,4,idle,926,0.0019590000000562213,0
0,4,idle,927,0.0018329999999195934,0
0,4,idle,928,0.0028750000000172804,0
0,4,idle,929,0.0019590000000562213,0
0,4,idle,930,0.002000000000066393,0
0,4,idle,931,0.0018749999999272404,0
0,4,idle,932,0.0019170000000485743,0
0,4,idle,933,0.002166999999985819,0
0,4,idle,934,0.0018329999999195934,0
0,4,idle,935,0.002000000000066393,0
0,4,idle,936,0.0019999999999527063,0
0,4,idle,937,0.0018340000000307555,0
0,4,idle,938,0.00204200000007404,0
0,4,idle,939,0.002374999999915417,0
0,4,idle,940,0.0018330000000332802,0
0,4,idle,941,0.0019169999999348875,0
0,4,idle,942,0.001916000000051099,0
0,4,idle,943,0.0018749999999272404,0
0,4,idle,944,0.003083000000060565,0
0,4,idle,945,0.0019159999999374122,0
0,4,idle,946,0.0018750000000409273,0
0,4,idle,947,0.0018749999999272404,0
0,4,idle,948,0.0019170000000485743,0
0,4,idle,949,0.002250000000003638,0
0,4,idle,950,0.0025420000000622167,0
0,4,idle,951,0.0019159999999374122,0
0,4,idle,952,0.00204200000007404,0
0,4,idle,953,0.0018330000000332802,0
0,4,idle,954,0.002250000000003638,0
0,4,idle,955,0.0019589999999425345,0
0,4,idle,956,0.002000000000066393,0
0,4,idle,957,0.0018749999999272404,0
0,4,idle,958,0.00204200000007404,0
0,4,idle,959,0.002084000000081687,0
0,4,idle,960,0.002291999999897598,0
0,4,idle,961,0.002000000000066393,0
0,4,idle,962,0.0019169999999348875,0
0,4,idle,963,0.0019170000000485743,0
0,4,idle,964,0.0018749999999272404,0
0,4,idle,965,0.002250000000003638,0
0,4,idle,966,0.0018750000000409273,0
0,4,idle,967,0.002083000000084212,0
0,4,idle,968,0.0017499999999017746,0
0,4,idle,969,0.0018750000000409273,0
0,4,idle,970,0.002124999999978172,0
0,4,idle,971,0.00254199999994853,0
0,4,idle,972,0.0027499999999918145,0
0,4,idle,973,0.00204200000007404,0
0,4,idle,974,0.0018339999999170686,0
0,4,idle,975,0.002375000000029104,0
0,4,idle,976,0.0018750000000409273,0
0,4,idle,977,0.0019170000000485743,0
0,4,idle,978,0.0019579999999450592,0
0,4,idle,979,0.002000000000066393,0
0,4,idle,980,0.002166999999985819,0
0,4,idle,981,0.0028340000000071086,0
0,4,idle,982,0.002000000000066393,0
0,4,idle,983,0.0019169999999348875,0
0,4,idle,984,0.002166999999985819,0
0,4,idle,985,0.0019170000000485743,0
0,4,idle,986,0.002166999999985819,0
0,4,idle,987,0.0018749999999272404,0
0,4,idle,988,0.002000000000066393,0
0,4,idle,989,0.002000000000066393,0
0,4,idle,990,0.0019999999999527063,0
0,4,idle,991,0.0024580000000469227,0
0,4,idle,992,0.00204200000007404,0
0,4,idle,993,0.0018749999999272404,0
0,4,idle,994,0.0018750000000409273,0
0,4,idle,995,0.0018749999999272404,0
0,4,idle,996,0.005625000000009095,0
0,4,idle,997,0.002250000000003638,0
0,4,idle,998,0.0019169999999348875,0
0,4,idle,999,0.0018750000000409273,0
0,4,event,0,0.03395799999998417,4
0,4,event,1,0.003417000000013104,0
0,4,event,2,0.002916000000027452,0
0,4,event,3,0.002082999999970525,0
0,4,event,4,0.0019579999999450592,0
0,4,event,5,0.0027499999999918145,0
0,4,event,6,0.0026249999999663487,0
0,4,event,7,0.002459000000044398,0
0,4,event,8,0.0019589999999425345,0
0,4,event,9,0.0019590000000562213,0
0,4,event,10,0.002083000000084212,0
0,4,event,11,0.0020419999999603533,0
0,4,event,12,0.0019579999999450592,0
0,4,event,13,0.0024160000000392756,0
0,4,event,14,0.0018749999999272404,0
0,4,event,15,0.002000000000066393,0
0,4,event,16,0.0018749999999272404,0
0,4,event,17,0.0020839999999680003,0
0,4,event,18,0.002375000000029104,0
0,4,event,19,0.0019159999999374122,0
0,4,event,20,0.002250000000003638,0
0,4,event,21,0.001916000000051099,0
0,4,event,22,0.0019999999999527063,0
0,4,event,23,0.0026249999999663487,0
0,4,event,24,0.0019170000000485743,0
0,4,event,25,0.002082999999970525,0
0,4,event,26,0.0019579999999450592,0
0,4,event,27,0.008249999999975444,0
0,4,event,28,0.0029170000000249274,0
0,4,event,29,0.0019589999999425345,0
0,4,event,30,0.002000000000066393,0
0,4,event,31,0.002499999999940883,0
0,4,event,32,0.0020419999999603533,0
0,4,event,33,0.002124999999978172,0
0,4,event,34,0.0024160000000392756,0
0,4,event,35,0.002166999999985819,0
0,4,event,36,0.0019589999999425345,0
0,4,event,37,0.0019170000000485743,0
0,4,event,38,0.0029580000000350992,0
0,4,event,39,0.0027499999999918145,0
0,4,event,40,0.001958000000058746,0
0,4,event,41,0.0020419999999603533,0
0,4,event,42,0.0020839999999680003,0
0,4,event,43,0.002459000000044398,0
0,4,event,44,0.002499999999940883,0
0,4,event,45,0.001958000000058746,0
0,4,event,46,0.0019579999999450592,0
0,4,event,47,0.0019170000000485743,0
0,4,event,48,0.0019169999999348875,0
0,4,event,49,0.002375000000029104,0
0,4,event,50,0.0025829999999587017,0
0,4,event,51,0.0019999999999527063,0
0,4,event,52,0.0019170000000485743,0
0,4,event,53,0.0018749999999272404,0
0,4,event,54,0.002000000000066393,0
0,4,event,55,0.0027499999999918145,0
0,4,event,56,0.002000000000066393,0
0,4,event,57,0.002124999999978172,0
0,4,event,58,0.0019169999999348875,0
0,4,event,59,0.00204200000007404,0
0,4,event,60,0.04420899999990979,4
0,4,event,61,0.003333999999995285,0
0,4,event,62,0.0020419999999603533,0
0,4,event,63,0.0037920000000895016,0
0,4,event,64,0.002000000000066393,0
0,4,event,65,0.0029579999999214124,0
0,4,event,66,0.0025000000000545697,0
0,4,event,67,0.0018340000000307555,0
0,4,event,68,0.0024580000000469227,0
0,4,event,69,0.0027499999999918145,0
0,4,event,70,0.0020419999999603533,0
0,4,event,71,0.0026249999999663487,0
0,4,event,72,0.001916000000051099,0
0,4,event,73,0.002250000000003638,0
0,4,event,74,0.0018749999999272404,0
0,4,event,75,0.0018750000000409273,0
0,4,event,76,0.0019159999999374122,0
0,4,event,77,0.0018750000000409273,0
0,4,event,78,0.0019579999999450592,0
0,4,event,79,0.002334000000018932,0
0,4,event,80,0.0018749999999272404,0
0,4,event,81,0.0018750000000409273,0
0,4,event,82,0.0019579999999450592,0
0,4,event,83,0.002124999999978172,0
0,4,event,84,0.0025420000000622167,0
0,4,event,85,0.0018749999999272404,0
0,4,event,86,0.0019590000000562213,0
0,4,event,87,0.0018330000000332802,0
0,4,event,88,0.0025420000000622167,0
0,4,event,89,0.002250000000003638,0
0,4,event,90,0.002041000000076565,0
0,4,event,91,0.0019169999999348875,0
0,4,event,92,0.0019170000000485743,0
0,4,event,93,0.002167000000099506,0
0,4,event,94,0.002250000000003638,0
0,4,event,95,0.001958000000058746,0
0,4,event,96,0.0019159999999374122,0
0,4,event,97,0.0019170000000485743,0
0,4,event,98,0.00254199999994853,0
0,4,event,99,0.0017500000000154614,0
0,4,event,100,0.002250000000003638,0
0,4,event,101,0.002207999999995991,0
0,4,event,102,0.002916000000027452,0
0,4,event,103,0.001958000000058746,0
0,4,event,104,0.001958000000058746,0
0,4,event,105,0.002334000000018932,0
0,4,event,106,0.0019170000000485743,0
0,4,event,107,0.0018330000000332802,0
0,4,event,108,0.0019170000000485743,0
0,4,event,109,0.0018330000000332802,0
0,4,event,110,0.00254199999994853,0
0,4,event,111,0.0019169999999348875,0
0,4,event,112,0.0018750000000409273,0
0,4,event,113,0.0018749999999272404,0
0,4,event,114,0.002292000000011285,0
0,4,event,115,0.002333000000021457,0
0,4,event,116,0.0018750000000409273,0
0,4,event,117,0.002167000000099506,0
0,4,event,118,0.0018749999999272404,0
0,4,event,119,0.0018330000000332802,0
0,4,event,120,0.039499999999975444,4
0,4,event,121,0.0027919999999994616,0
0,4,event,122,0.0019169999999348875,0
0,4,event,123,0.003375000000005457,0
0,4,event,124,0.002124999999978172,0
0,4,event,125,0.0018749999999272404,0
0,4,event,126,0.002292000000011285,0
0,4,event,127,0.002375000000029104,0
0,4,event,128,0.00233299999990777,0
0,4,event,129,0.002000000000066393,0
0,4,event,130,0.0019169999999348875,0
0,4,event,131,0.0018750000000409273,0
0,4,event,132,0.00254199999994853,0
0,4,event,133,0.0025000000000545697,0
0,4,event,134,0.0018750000000409273,0
0,4,event,135,0.0020839999999680003,0
0,4,event,136,0.0019170000000485743,0
0,4,event,137,0.0018749999999272404,0
0,4,event,138,0.0018750000000409273,0
0,4,event,139,0.0027499999999918145,0
0,4,event,140,0.0019169999999348875,0
0,4,event,141,0.0018750000000409273,0
0,4,event,142,0.002416999999923064,0
0,4,event,143,0.0019170000000485743,0
0,4,event,144,0.002375000000029104,0
0,4,event,145,0.0019590000000562213,0
0,4,event,146,0.0018749999999272404,0
0,4,event,147,0.002250000000003638,0
0,4,event,148,0.0018750000000409273,0
0,4,event,149,0.002250000000003638,0
0,4,event,150,0.0018329999999195934,0
0,4,event,151,0.002124999999978172,0
0,4,event,152,0.0019579999999450592,0
0,4,event,153,0.0019590000000562213,0
0,4,event,154,0.002374999999915417,0
0,4,event,155,0.0018340000000307555,0
0,4,event,156,0.0019999999999527063,0
0,4,event,157,0.0018330000000332802,0
0,4,event,158,0.0020419999999603533,0
0,4,event,159,0.0018750000000409273,0
0,4,event,160,0.002416999999923064,0
0,4,event,161,0.002250000000003638,0
0,4,event,162,0.0019170000000485743,0
0,4,event,163,0.0018340000000307555,0
0,4,event,164,0.0019170000000485743,0
0,4,event,165,0.002333000000021457,0
0,4,event,166,0.002000000000066393,0
0,4,event,167,0.0018340000000307555,0
0,4,event,168,0.002082999999970525,0
0,4,event,169,0.0018330000000332802,0
0,4,event,170,0.002250000000003638,0
0,4,event,171,0.0019589999999425345,0
0,4,event,172,0.0018750000000409273,0
0,4,event,173,0.0019589999999425345,0
0,4,event,174,0.002375000000029104,0
0,4,event,175,0.002250000000003638,0
0,4,event,176,0.001958000000058746,0
0,4,event,177,0.002457999999933236,0
0,4,event,178,0.0019590000000562213,0
0,4,event,179,0.0018749999999272404,0
0,4,event,180,0.023708000000056018,4
0,4,event,181,0.0025840000000698637,0
0,4,event,182,0.0019999999999527063,0
0,4,event,183,0.001916000000051099,0
0,4,event,184,0.0026250000000800355,0
0,4,event,185,0.0018339999999170686,0
0,4,event,186,0.0019170000000485743,0
0,4,event,187,0.0018749999999272404,0
0,4,event,188,0.0025830000000723885,0
0,4,event,189,0.0025420000000622167,0
0,4,event,190,0.002165999999988344,0
0,4,event,191,0.0019999999999527063,0
0,4,event,192,0.002000000000066393,0
0,4,event,193,0.0018340000000307555,0
0,4,event,194,0.002417000000036751,0
0,4,event,195,0.0026669999999739957,0
0,4,event,196,0.0019999999999527063,0
0,4,event,197,0.0019170000000485743,0
0,4,event,198,0.0019999999999527063,0
0,4,event,199,0.0017910000000256332,0
0,4,event,200,0.002375000000029104,0
0,4,event,201,0.0019170000000485743,0
0,4,event,202,0.0019579999999450592,0
0,4,event,203,0.0019589999999425345,0
0,4,event,204,0.002000000000066393,0
0,4,event,205,0.002291999999897598,0
0,4,event,206,0.002250000000003638,0
0,4,event,207,0.0025000000000545697,0
0,4,event,208,0.00204200000007404,0
0,4,event,209,0.0018329999999195934,0
0,4,event,210,0.002375000000029104,0
0,4,event,211,0.0018330000000332802,0
0,4,event,212,0.0018750000000409273,0
0,4,event,213,0.0018750000000409273,0
0,4,event,214,0.0027499999999918145,0
0,4,event,215,0.002250000000003638,0
0,4,event,216,0.001916000000051099,0
0,4,event,217,0.0019579999999450592,0
0,4,event,218,0.001958000000058746,0
0,4,event,219,0.0018749999999272404,0
0,4,event,220,0.0019170000000485743,0
0,4,event,221,0.0027919999999994616,0
0,4,event,222,0.00204200000007404,0
0,4,event,223,0.0019999999999527063,0
0,4,event,224,0.0019999999999527063,0
0,4,event,225,0.001916000000051099,0
0,4,event,226,0.002457999999933236,0
0,4,event,227,0.002000000000066393,0
0,4,event,228,0.0019579999999450592,0
0,4,event,229,0.0019579999999450592,0
0,4,event,230,0.0019590000000562213,0
0,4,event,231,0.002374999999915417,0
0,4,event,232,0.0019170000000485743,0
0,4,event,233,0.0018330000000332802,0
0,4,event,234,0.0025000000000545697,0
0,4,event,235,0.0018750000000409273,0
0,4,event,236,0.0018750000000409273,0
0,4,event,237,0.002165999999988344,0
0,4,event,238,0.0019999999999527063,0
0,4,event,239,0.00204200000007404,0
0,4,event,240,0.022165999999970154,4
0,4,event,241,0.002499999999940883,0
0,4,event,242,0.002000000000066393,0
0,4,event,243,0.001958000000058746,0
0,4,event,244,0.002499999999940883,0
0,4,event,245,0.0025420000000622167,0
0,4,event,246,0.0019579999999450592,0
0,4,event,247,0.0018750000000409273,0
0,4,event,248,0.0020419999999603533,0
0,4,event,249,0.002292000000011285,0
0,4,event,250,0.0025000000000545697,0
0,4,event,251,0.002458999999930711,0
0,4,event,252,0.0019170000000485743,0
0,4,event,253,0.0018749999999272404,0
0,4,event,254,0.0018750000000409273,0
0,4,event,255,0.002583999999956177,0
0,4,event,256,0.0019590000000562213,0
0,4,event,257,0.0017920000000231084,0
0,4,event,258,0.0025829999999587017,0
0,4,event,259,0.002000000000066393,0
0,4,event,260,0.0019169999999348875,0
0,4,event,261,0.0022910000000138098,0
0,4,event,262,0.0026249999999663487,0
0,4,event,263,0.001958000000058746,0
0,4,event,264,0.0018339999999170686,0
0,4,event,265,0.001958000000058746,0
0,4,event,266,0.002291999999897598,0
0,4,event,267,0.0018750000000409273,0
0,4,event,268,0.0019169999999348875,0
0,4,event,269,0.0020839999999680003,0
0,4,event,270,0.00204200000007404,0
0,4,event,271,0.002416999999923064,0
0,4,event,272,0.0019170000000485743,0
0,4,event,273,0.0019170000000485743,0
0,4,event,274,0.0018750000000409273,0
0,4,event,275,0.001916000000051099,0
0,4,event,276,0.0019169999999348875,0
0,4,event,277,0.002292000000011285,0
0,4,event,278,0.0018750000000409273,0
0,4,event,279,0.0018749999999272404,0
0,4,event,280,0.0018750000000409273,0
0,4,event,281,0.0018340000000307555,0
0,4,event,282,0.002292000000011285,0
0,4,event,283,0.001916000000051099,0
0,4,event,284,0.0019579999999450592,0
0,4,event,285,0.002375000000029104,0
0,4,event,286,0.0018329999999195934,0
0,4,event,287,0.002250000000003638,0
0,4,event,288,0.0022910000000138098,0
0,4,event,289,0.0028330000000096334,0
0,4,event,290,0.002499999999940883,0
0,4,event,291,0.0018330000000332802,0
0,4,event,292,0.002292000000011285,0
0,4,event,293,0.0018750000000409273,0
0,4,event,294,0.002333000000021457,0
0,4,event,295,0.0019169999999348875,0
0,4,event,296,0.001958000000058746,0
0,4,event,297,0.0018329999999195934,0
0,4,event,298,0.002459000000044398,0
0,4,event,299,0.0019999999999527063,0
0,4,event,300,0.02262499999994816,4
0,4,event,301,0.003291999999987638,0
0,4,event,302,0.002417000000036751,0
0,4,event,303,0.002040999999962878,0
0,4,event,304,0.0018330000000332802,0
0,4,event,305,0.0018339999999170686,0
0,4,event,306,0.002375000000029104,0
0,4,event,307,0.0019579999999450592,0
0,4,event,308,0.0020419999999603533,0
0,4,event,309,0.0018330000000332802,0
0,4,event,310,0.002334000000018932,0
0,4,event,311,0.0027079999999841675,0
0,4,event,312,0.0020419999999603533,0
0,4,event,313,0.00254199999994853,0
0,4,event,314,0.0018750000000409273,0
0,4,event,315,0.0018339999999170686,0
0,4,event,316,0.0028750000000172804,0
0,4,event,317,0.0020419999999603533,0
0,4,event,318,0.001916000000051099,0
0,4,event,319,0.002040999999962878,0
0,4,event,320,0.0018750000000409273,0
0,4,event,321,0.0025830000000723885,0
0,4,event,322,0.002166999999985819,0
0,4,event,323,0.002124999999978172,0
0,4,event,324,0.0018749999999272404,0
0,4,event,325,0.0019590000000562213,0
0,4,event,326,0.00233299999990777,0
0,4,event,327,0.002375000000029104,0
0,4,event,328,0.0020419999999603533,0
0,4,event,329,0.0020839999999680003,0
0,4,event,330,0.002166999999985819,0
0,4,event,331,0.001916000000051099,0
0,4,event,332,0.002333000000021457,0
0,4,event,333,0.0019159999999374122,0
0,4,event,334,0.0019579999999450592,0
0,4,event,335,0.0019170000000485743,0
0,4,event,336,0.0018749999999272404,0
0,4,event,337,0.0018340000000307555,0
0,4,event,338,0.002207999999995991,0
0,4,event,339,0.0018749999999272404,0
0,4,event,340,0.0018750000000409273,0
0,4,event,341,0.0017920000000231084,0
0,4,event,342,0.002457999999933236,0
0,4,event,343,0.002292000000011285,0
0,4,event,344,0.002166999999985819,0
0,4,event,345,0.0019169999999348875,0
0,4,event,346,0.0018750000000409273,0
0,4,event,347,0.0019169999999348875,0
0,4,event,348,0.002292000000011285,0
0,4,event,349,0.001916000000051099,0
0,4,event,350,0.0018749999999272404,0
0,4,event,351,0.0020419999999603533,0
0,4,event,352,0.002083000000084212,0
0,4,event,353,0.002374999999915417,0
0,4,event,354,0.002292000000011285,0
0,4,event,355,0.0019170000000485743,0
0,4,event,356,0.00204200000007404,0
0,4,event,357,0.0018749999999272404,0
0,4,event,358,0.0018330000000332802,0
0,4,event,359,0.0022910000000138098,0
0,4,event,360,0.021457999999938693,4
0,4,event,361,0.002499999999940883,0
0,4,event,362,0.0026250000000800355,0
0,4,event,363,0.0026659999999765205,0
0,4,event,364,0.002082999999970525,0
0,4,event,365,0.0019169999999348875,0
0,4,event,366,0.0018750000000409273,0
0,4,event,367,0.002165999999988344,0
0,4,event,368,0.0018330000000332802,0
0,4,event,369,0.002041000000076565,0
0,4,event,370,0.0018749999999272404,0
0,4,event,371,0.002333000000021457,0
0,4,event,372,0.002375000000029104,0
0,4,event,373,0.0019159999999374122,0
0,4,event,374,0.0025420000000622167,0
0,4,event,375,0.002458999999930711,0
0,4,event,376,0.0017920000000231084,0
0,4,event,377,0.0019999999999527063,0
0,4,event,378,0.002333000000021457,0
0,4,event,379,0.0018749999999272404,0
0,4,event,380,0.0018340000000307555,0
0,4,event,381,0.0018330000000332802,0
0,4,event,382,0.0018330000000332802,0
0,4,event,383,0.0024160000000392756,0
0,4,event,384,0.0024159999999255888,0
0,4,event,385,0.001916000000051099,0
0,4,event,386,0.0017499999999017746,0
0,4,event,387,0.0019590000000562213,0
0,4,event,388,0.0028330000000096334,0
0,4,event,389,0.002207999999995991,0
0,4,event,390,0.0018340000000307555,0
0,4,event,391,0.0019579999999450592,0
0,4,event,392,0.0018330000000332802,0
0,4,event,393,0.002375000000029104,0
0,4,event,394,0.001958000000058746,0
0,4,event,395,0.0019999999999527063,0
0,4,event,396,0.0019170000000485743,0
0,4,event,397,0.0020839999999680003,0
0,4,event,398,0.0018339999999170686,0
0,4,event,399,0.002207999999995991,0
0,4,event,400,0.0025830000000723885,0
0,4,event,401,0.0017920000000231084,0
0,4,event,402,0.0017500000000154614,0
0,4,event,403,0.0019159999999374122,0
0,4,event,404,0.002250000000003638,0
0,4,event,405,0.002082999999970525,0
0,4,event,406,0.0018330000000332802,0
0,4,event,407,0.0019999999999527063,0
0,4,event,408,0.0018750000000409273,0
0,4,event,409,0.002499999999940883,0
0,4,event,410,0.0018340000000307555,0
0,4,event,411,0.0018749999999272404,0
0,4,event,412,0.00204200000007404,0
0,4,event,413,0.002333999999905245,0
0,4,event,414,0.002375000000029104,0
0,4,event,415,0.0019999999999527063,0
0,4,event,416,0.0019590000000562213,0
0,4,event,417,0.0019169999999348875,0
0,4,event,418,0.001958000000058746,0
0,4,event,419,0.0019159999999374122,0
0,4,event,420,0.02112499999998363,4
0,4,event,421,0.002499999999940883,0
0,4,event,422,0.0019590000000562213,0
0,4,event,423,0.0026249999999663487,0
0,4,event,424,0.0019589999999425345,0
0,4,event,425,0.0026249999999663487,0
0,4,event,426,0.0019170000000485743,0
0,4,event,427,0.0020419999999603533,0
0,4,event,428,0.002292000000011285,0
0,4,event,429,0.0018750000000409273,0
0,4,event,430,0.0019590000000562213,0
0,4,event,431,0.0018340000000307555,0
0,4,event,432,0.002333000000021457,0
0,4,event,433,0.0024580000000469227,0
0,4,event,434,0.0018749999999272404,0
0,4,event,435,0.002124999999978172,0
0,4,event,436,0.002000000000066393,0
0,4,event,437,0.002416999999923064,0
0,4,event,438,0.0018750000000409273,0
0,4,event,439,0.002416999999923064,0
0,4,event,440,0.002040999999962878,0
0,4,event,441,0.001958000000058746,0
0,4,event,442,0.0019999999999527063,0
0,4,event,443,0.0019170000000485743,0
0,4,event,444,0.002334000000018932,0
0,4,event,445,0.002000000000066393,0
0,4,event,446,0.0024159999999255888,0
0,4,event,447,0.0025420000000622167,0
0,4,event,448,0.0018750000000409273,0
0,4,event,449,0.0022910000000138098,0
0,4,event,450,0.0018749999999272404,0
0,4,event,451,0.0018340000000307555,0
0,4,event,452,0.002166999999985819,0
0,4,event,453,0.0019579999999450592,0
0,4,event,454,0.0027910000000019863,0
0,4,event,455,0.0018750000000409273,0
0,4,event,456,0.0019589999999425345,0
0,4,event,457,0.0018750000000409273,0
0,4,event,458,0.002291999999897598,0
0,4,event,459,0.0019590000000562213,0
0,4,event,460,0.002292000000011285,0
0,4,event,461,0.0020419999999603533,0
0,4,event,462,0.0019169999999348875,0
0,4,event,463,0.0018330000000332802,0
0,4,event,464,0.0017910000000256332,0
0,4,event,465,0.002041000000076565,0
0,4,event,466,0.0019999999999527063,0
0,4,event,467,0.0018750000000409273,0
0,4,event,468,0.0019159999999374122,0
0,4,event,469,0.0017500000000154614,0
0,4,event,470,0.002374999999915417,0
0,4,event,471,0.0018750000000409273,0
0,4,event,472,0.0018330000000332802,0
0,4,event,473,0.002375000000029104,0
0,4,event,474,0.0025829999999587017,0
0,4,event,475,0.002292000000011285,0
0,4,event,476,0.0019170000000485743,0
0,4,event,477,0.0017909999999119464,0
0,4,event,478,0.001958000000058746,0
0,4,event,479,0.0018329999999195934,0
0,4,event,480,0.023500000000012733,4
0,4,event,481,0.0030000000000427463,0
0,4,event,482,0.002082999999970525,0
0,4,event,483,0.0019579999999450592,0
0,4,event,484,0.0025000000000545697,0
0,4,event,485,0.0019589999999425345,0
0,4,event,486,0.002124999999978172,0
0,4,event,487,0.002040999999962878,0
0,4,event,488,0.001958000000058746,0
0,4,event,489,0.0022910000000138098,0
0,4,event,490,0.002000000000066393,0
0,4,event,491,0.0018749999999272404,0
0,4,event,492,0.0018750000000409273,0
0,4,event,493,0.002457999999933236,0
0,4,event,494,0.0024580000000469227,0
0,4,event,495,0.0019999999999527063,0
0,4,event,496,0.002082999999970525,0
0,4,event,497,0.001958000000058746,0
0,4,event,498,0.0018329999999195934,0
0,4,event,499,0.0018750000000409273,0
0,4,event,500,0.002333000000021457,0
0,4,event,501,0.0019579999999450592,0
0,4,event,502,0.001916000000051099,0
0,4,event,503,0.002000000000066393,0
0,4,event,504,0.0019999999999527063,0
0,4,event,505,0.002333000000021457,0
0,4,event,506,0.0020839999999680003,0
0,4,event,507,0.0019169999999348875,0
0,4,event,508,0.002000000000066393,0
0,4,event,509,0.0019590000000562213,0
0,4,event,510,0.01024999999992815,0
0,4,event,511,0.003125000000068212,0
0,4,event,512,0.0027079999999841675,0
0,4,event,513,0.002207999999995991,0
0,4,event,514,0.0019999999999527063,0
0,4,event,515,0.002583999999956177,0
0,4,event,516,0.0018340000000307555,0
0,4,event,517,0.0018749999999272404,0
0,4,event,518,0.0019170000000485743,0
0,4,event,519,0.0019159999999374122,0
0,4,event,520,0.0026249999999663487,0
0,4,event,521,0.0019170000000485743,0
0,4,event,522,0.0019169999999348875,0
0,4,event,523,0.001916000000051099,0
0,4,event,524,0.0017909999999119464,0
0,4,event,525,0.002333000000021457,0
0,4,event,526,0.0017920000000231084,0
0,4,event,527,0.002250000000003638,0
0,4,event,528,0.0017909999999119464,0
0,4,event,529,0.001916000000051099,0
0,4,event,530,0.0018749999999272404,0
0,4,event,531,0.002334000000018932,0
0,4,event,532,0.002207999999995991,0
0,4,event,533,0.00354200000003857,0
0,4,event,534,0.002166999999985819,0
0,4,event,535,0.0018750000000409273,0
0,4,event,536,0.002375000000029104,0
0,4,event,537,0.0019999999999527063,0
0,4,event,538,0.0019999999999527063,0
0,4,event,539,0.002000000000066393,0
0,4,event,540,0.04029199999990851,4
0,4,event,541,0.00333299999999781,0
0,4,event,542,0.00204200000007404,0
0,4,event,543,0.0026250000000800355,0
0,4,event,544,0.002082999999970525,0
0,4,event,545,0.002040999999962878,0
0,4,event,546,0.0019579999999450592,0
0,4,event,547,0.0018750000000409273,0
0,4,event,548,0.0019589999999425345,0
0,4,event,549,0.0027090000000953296,0
0,4,event,550,0.0019590000000562213,0
0,4,event,551,0.0020419999999603533,0
0,4,event,552,0.0018750000000409273,0
0,4,event,553,0.0019170000000485743,0
0,4,event,554,0.0030000000000427463,0
0,4,event,555,0.0018330000000332802,0
0,4,event,556,0.002124999999978172,0
0,4,event,557,0.0018330000000332802,0
0,4,event,558,0.0018749999999272404,0
0,4,event,559,0.002292000000011285,0
0,4,event,560,0.0019589999999425345,0
0,4,event,561,0.0019170000000485743,0
0,4,event,562,0.0019589999999425345,0
0,4,event,563,0.0018340000000307555,0
0,4,event,564,0.0019169999999348875,0
0,4,event,565,0.002207999999995991,0
0,4,event,566,0.0019170000000485743,0
0,4,event,567,0.0018329999999195934,0
0,4,event,568,0.0018750000000409273,0
0,4,event,569,0.0018330000000332802,0
0,4,event,570,0.002207999999995991,0
0,4,event,571,0.002084000000081687,0
0,4,event,572,0.0019590000000562213,0
0,4,event,573,0.0027499999999918145,0
0,4,event,574,0.0019579999999450592,0
0,4,event,575,0.002292000000011285,0
0,4,event,576,0.0019590000000562213,0
0,4,event,577,0.001958000000058746,0
0,4,event,578,0.0019999999999527063,0
0,4,event,579,0.001958000000058746,0
0,4,event,580,0.002250000000003638,0
0,4,event,581,0.0019169999999348875,0
0,4,event,582,0.0020419999999603533,0
0,4,event,583,0.0018330000000332802,0
0,4,event,584,0.0018340000000307555,0
0,4,event,585,0.0018330000000332802,0
0,4,event,586,0.002916000000027452,0
0,4,event,587,0.0019999999999527063,0
0,4,event,588,0.0018330000000332802,0
0,4,event,589,0.0018750000000409273,0
0,4,event,590,0.0018340000000307555,0
0,4,event,591,0.002374999999915417,0
0,4,event,592,0.002250000000003638,0
0,4,event,593,0.002375000000029104,0
0,4,event,594,0.0019579999999450592,0
0,4,event,595,0.0018750000000409273,0
0,4,event,596,0.0029999999999290594,0
0,4,event,597,0.002040999999962878,0
0,4,event,598,0.0017910000000256332,0
0,4,event,599,0.0019579999999450592,0
0,4,event,600,0.03725000000008549,4
0,4,event,601,0.0027499999999918145,0
0,4,event,602,0.002083000000084212,0
0,4,event,603,0.002583999999956177,0
0,4,event,604,0.0019589999999425345,0
0,4,event,605,0.001958000000058746,0
0,4,event,606,0.0020419999999603533,0
0,4,event,607,0.002459000000044398,0
0,4,event,608,0.002417000000036751,0
0,4,event,609,0.0019169999999348875,0
0,4,event,610,0.002000000000066393,0
0,4,event,611,0.0019159999999374122,0
0,4,event,612,0.001916000000051099,0
0,4,event,613,0.002207999999995991,0
0,4,event,614,0.0027910000000019863,0
0,4,event,615,0.002333000000021457,0
0,4,event,616,0.002124999999978172,0
0,4,event,617,0.0018340000000307555,0
0,4,event,618,0.0019589999999425345,0
0,4,event,619,0.002334000000018932,0
0,4,event,620,0.0019999999999527063,0
0,4,event,621,0.002041000000076565,0
0,4,event,622,0.001958000000058746,0
0,4,event,623,0.002457999999933236,0
0,4,event,624,0.002250000000003638,0
0,4,event,625,0.005292000000054031,0
0,4,event,626,0.0019589999999425345,0
0,4,event,627,0.0019999999999527063,0
0,4,event,628,0.0019170000000485743,0
0,4,event,629,0.002375000000029104,0
0,4,event,630,0.0018749999999272404,0
0,4,event,631,0.0019170000000485743,0
0,4,event,632,0.0019590000000562213,0
0,4,event,633,0.0019999999999527063,0
0,4,event,634,0.0035410000000410946,0
0,4,event,635,0.002082999999970525,0
0,4,event,636,0.0027079999999841675,0
0,4,event,637,0.0019579999999450592,0
0,4,event,638,0.002041000000076565,0
0,4,event,639,0.002375000000029104,0
0,4,event,640,0.0018750000000409273,0
0,4,event,641,0.002124999999978172,0
0,4,event,642,0.002082999999970525,0
0,4,event,643,0.002040999999962878,0
0,4,event,644,0.002417000000036751,0
0,4,event,645,0.0019999999999527063,0
0,4,event,646,0.002082999999970525,0
0,4,event,647,0.001958000000058746,0
0,4,event,648,0.0018329999999195934,0
0,4,event,649,0.002375000000029104,0
0,4,event,650,0.002417000000036751,0
0,4,event,651,0.0018749999999272404,0
0,4,event,652,0.0019170000000485743,0
0,4,event,653,0.002292000000011285,0
0,4,event,654,0.0018750000000409273,0
0,4,event,655,0.0022910000000138098,0
0,4,event,656,0.0018329999999195934,0
0,4,event,657,0.0026250000000800355,0
0,4,event,658,0.0018750000000409273,0
0,4,event,659,0.002082999999970525,0
0,4,event,660,0.027416000000016538,4
0,4,event,661,0.003375000000005457,0
0,4,event,662,0.002124999999978172,0
0,4,event,663,0.00254199999994853,0
0,4,event,664,0.0020419999999603533,0
0,4,event,665,0.002000000000066393,0
0,4,event,666,0.0019999999999527063,0
0,4,event,667,0.0019169999999348875,0
0,4,event,668,0.002166999999985819,0
0,4,event,669,0.0018750000000409273,0
0,4,event,670,0.0019999999999527063,0
0,4,event,671,0.0018750000000409273,0
0,4,event,672,0.0019169999999348875,0
0,4,event,673,0.002166999999985819,0
0,4,event,674,0.001958000000058746,0
0,4,event,675,0.0027910000000019863,0
0,4,event,676,0.002499999999940883,0
0,4,event,677,0.0018750000000409273,0
0,4,event,678,0.002125000000091859,0
0,4,event,679,0.0025410000000647415,0
0,4,event,680,0.0019159999999374122,0
0,4,event,681,0.001958000000058746,0
0,4,event,682,0.0019169999999348875,0
0,4,event,683,0.0019590000000562213,0
0,4,event,684,0.002333000000021457,0
0,4,event,685,0.0018750000000409273,0
0,4,event,686,0.0025829999999587017,0
0,4,event,687,0.0018750000000409273,0
0,4,event,688,0.0019589999999425345,0
0,4,event,689,0.002250000000003638,0
0,4,event,690,0.0019999999999527063,0
0,4,event,691,0.0018340000000307555,0
0,4,event,692,0.0020839999999680003,0
0,4,event,693,0.0018340000000307555,0
0,4,event,694,0.002166999999985819,0
0,4,event,695,0.0019169999999348875,0
0,4,event,696,0.0018340000000307555,0
0,4,event,697,0.002124999999978172,0
0,4,event,698,0.002250000000003638,0
0,4,event,699,0.003416999999899417,0
0,4,event,700,0.0024580000000469227,0
0,4,event,701,0.0019169999999348875,0
0,4,event,702,0.0019170000000485743,0
0,4,event,703,0.0019159999999374122,0
0,4,event,704,0.0019170000000485743,0
0,4,event,705,0.0026249999999663487,0
0,4,event,706,0.002124999999978172,0
0,4,event,707,0.0018750000000409273,0
0,4,event,708,0.0019170000000485743,0
0,4,event,709,0.006624999999985448,0
0,4,event,710,0.0025000000000545697,0
0,4,event,711,0.002125000000091859,0
0,4,event,712,0.002374999999915417,0
0,4,event,713,0.0019170000000485743,0
0,4,event,714,0.0019589999999425345,0
0,4,event,715,0.0019170000000485743,0
0,4,event,716,0.002374999999915417,0
0,4,event,717,0.0019590000000562213,0
0,4,event,718,0.0020419999999603533,0
0,4,event,719,0.0018330000000332802,0
0,4,event,720,0.022250000000099135,4
0,4,event,721,0.0025000000000545697,0
0,4,event,722,0.0019999999999527063,0
0,4,event,723,0.002000000000066393,0
0,4,event,724,0.0025000000000545697,0
0,4,event,725,0.0019999999999527063,0
0,4,event,726,0.002000000000066393,0
0,4,event,727,0.0019999999999527063,0
0,4,event,728,0.0018330000000332802,0
0,4,event,729,0.002417000000036751,0
0,4,event,730,0.0018750000000409273,0
0,4,event,731,0.0018749999999272404,0
0,4,event,732,0.0018750000000409273,0
0,4,event,733,0.0018749999999272404,0
0,4,event,734,0.002250000000003638,0
0,4,event,735,0.0024580000000469227,0
0,4,event,736,0.0019999999999527063,0
0,4,event,737,0.002457999999933236,0
0,4,event,738,0.00204200000007404,0
0,4,event,739,0.0019159999999374122,0
0,4,event,740,0.002333000000021457,0
0,4,event,741,0.0018749999999272404,0
0,4,event,742,0.002000000000066393,0
0,4,event,743,0.0018329999999195934,0
0,4,event,744,0.0019590000000562213,0
0,4,event,745,0.002207999999995991,0
0,4,event,746,0.00204200000007404,0
0,4,event,747,0.0019169999999348875,0
0,4,event,748,0.0018750000000409273,0
0,4,event,749,0.0018749999999272404,0
0,4,event,750,0.002333000000021457,0
0,4,event,751,0.0019589999999425345,0
0,4,event,752,0.002083000000084212,0
0,4,event,753,0.002000000000066393,0
0,4,event,754,0.0017919999999094216,0
0,4,event,755,0.002334000000018932,0
0,4,event,756,0.002417000000036751,0
0,4,event,757,0.0018339999999170686,0
0,4,event,758,0.002000000000066393,0
0,4,event,759,0.002290999999900123,0
0,4,event,760,0.0018330000000332802,0
0,4,event,761,0.002457999999933236,0
0,4,event,762,0.0024580000000469227,0
0,4,event,763,0.0019579999999450592,0
0,4,event,764,0.0018750000000409273,0
0,4,event,765,0.002457999999933236,0
0,4,event,766,0.002207999999995991,0
0,4,event,767,0.00204200000007404,0
0,4,event,768,0.001958000000058746,0
0,4,event,769,0.0019169999999348875,0
0,4,event,770,0.0018330000000332802,0
0,4,event,771,0.002292000000011285,0
0,4,event,772,0.0028750000000172804,0
0,4,event,773,0.0018340000000307555,0
0,4,event,774,0.0018340000000307555,0
0,4,event,775,0.0018749999999272404,0
0,4,event,776,0.0018750000000409273,0
0,4,event,777,0.002250000000003638,0
0,4,event,778,0.0019999999999527063,0
0,4,event,779,0.0020419999999603533,0
0,4,event,780,0.021583999999961634,4
0,4,event,781,0.0026250000000800355,0
0,4,event,782,0.0019999999999527063,0
0,4,event,783,0.001916000000051099,0
0,4,event,784,0.001958000000058746,0
0,4,event,785,0.0022910000000138098,0
0,4,event,786,0.0019999999999527063,0
0,4,event,787,0.0019169999999348875,0
0,4,event,788,0.0019590000000562213,0
0,4,event,789,0.0017919999999094216,0
0,4,event,790,0.002334000000018932,0
0,4,event,791,0.0029170000000249274,0
0,4,event,792,0.0018749999999272404,0
0,4,event,793,0.002207999999995991,0
0,4,event,794,0.0019170000000485743,0
0,4,event,795,0.0018329999999195934,0
0,4,event,796,0.002333000000021457,0
0,4,event,797,0.0020839999999680003,0
0,4,event,798,0.0025000000000545697,0
0,4,event,799,0.0018750000000409273,0
0,4,event,800,0.0019579999999450592,0
0,4,event,801,0.0025830000000723885,0
0,4,event,802,0.002040999999962878,0
0,4,event,803,0.0019169999999348875,0
0,4,event,804,0.002250000000003638,0
0,4,event,805,0.001916000000051099,0
0,4,event,806,0.002250000000003638,0
0,4,event,807,0.0019170000000485743,0
0,4,event,808,0.0019169999999348875,0
0,4,event,809,0.010709000000019842,0
0,4,event,810,0.002417000000036751,0
0,4,event,811,0.002417000000036751,0
0,4,event,812,0.0019999999999527063,0
0,4,event,813,0.002000000000066393,0
0,4,event,814,0.002416999999923064,0
0,4,event,815,0.0018750000000409273,0
0,4,event,816,0.002250000000003638,0
0,4,event,817,0.00254199999994853,0
0,4,event,818,0.0018330000000332802,0
0,4,event,819,0.0020419999999603533,0
0,4,event,820,0.0018750000000409273,0
0,4,event,821,0.0019170000000485743,0
0,4,event,822,0.002333000000021457,0
0,4,event,823,0.002165999999988344,0
0,4,event,824,0.0018329999999195934,0
0,4,event,825,0.002583999999956177,0
0,4,event,826,0.0019170000000485743,0
0,4,event,827,0.002375000000029104,0
0,4,event,828,0.002083000000084212,0
0,4,event,829,0.0019589999999425345,0
0,4,event,830,0.0019589999999425345,0
0,4,event,831,0.0018750000000409273,0
0,4,event,832,0.0025409999999510546,0
0,4,event,833,0.0018750000000409273,0
0,4,event,834,0.0018749999999272404,0
0,4,event,835,0.001916000000051099,0
0,4,event,836,0.0019169999999348875,0
0,4,event,837,0.002375000000029104,0
0,4,event,838,0.0019579999999450592,0
0,4,event,839,0.0018750000000409273,0
0,4,event,840,0.021666999999979453,4
0,4,event,841,0.0031669999999621723,0
0,4,event,842,0.0020419999999603533,0
0,4,event,843,0.00204200000007404,0
0,4,event,844,0.002125000000091859,0
0,4,event,845,0.0018750000000409273,0
0,4,event,846,0.002166999999985819,0
0,4,event,847,0.002333000000021457,0
0,4,event,848,0.0019579999999450592,0
0,4,event,849,0.0017500000000154614,0
0,4,event,850,0.0018329999999195934,0
0,4,event,851,0.002166999999985819,0
0,4,event,852,0.0019170000000485743,0
0,4,event,853,0.0018749999999272404,0
0,4,event,854,0.0019170000000485743,0
0,4,event,855,0.0018329999999195934,0
0,4,event,856,0.002375000000029104,0
0,4,event,857,0.0018749999999272404,0
0,4,event,858,0.002041000000076565,0
0,4,event,859,0.002291999999897598,0
0,4,event,860,0.0019170000000485743,0
0,4,event,861,0.0020419999999603533,0
0,4,event,862,0.002334000000018932,0
0,4,event,863,0.0017919999999094216,0
0,4,event,864,0.0019590000000562213,0
0,4,event,865,0.0018749999999272404,0
0,4,event,866,0.001958000000058746,0
0,4,event,867,0.002291999999897598,0
0,4,event,868,0.002083000000084212,0
0,4,event,869,0.002417000000036751,0
0,4,event,870,0.0018750000000409273,0
0,4,event,871,0.0018329999999195934,0
0,4,event,872,0.002207999999995991,0
0,4,event,873,0.0019170000000485743,0
0,4,event,874,0.002165999999988344,0
0,4,event,875,0.0019579999999450592,0
0,4,event,876,0.002499999999940883,0
0,4,event,877,0.002375000000029104,0
0,4,event,878,0.0018750000000409273,0
0,4,event,879,0.0018750000000409273,0
0,4,event,880,0.001916000000051099,0
0,4,event,881,0.0019999999999527063,0
0,4,event,882,0.0018749999999272404,0
0,4,event,883,0.002333000000021457,0
0,4,event,884,0.002375000000029104,0
0,4,event,885,0.0018329999999195934,0
0,4,event,886,0.0017920000000231084,0
0,4,event,887,0.0018750000000409273,0
0,4,event,888,0.0027499999999918145,0
0,4,event,889,0.002165999999988344,0
0,4,event,890,0.0018750000000409273,0
0,4,event,891,0.0019169999999348875,0
0,4,event,892,0.002250000000003638,0
0,4,event,893,0.009791000000063832,0
0,4,event,894,0.0024160000000392756,0
0,4,event,895,0.0019579999999450592,0
0,4,event,896,0.002000000000066393,0
0,4,event,897,0.0018749999999272404,0
0,4,event,898,0.002333000000021457,0
0,4,event,899,0.0018750000000409273,0
0,4,event,900,0.02091700000005403,4
0,4,event,901,0.002583999999956177,0
0,4,event,902,0.0027499999999918145,0
0,4,event,903,0.002000000000066393,0
0,4,event,904,0.001916000000051099,0
0,4,event,905,0.0019999999999527063,0
0,4,event,906,0.0018750000000409273,0
0,4,event,907,0.002250000000003638,0
0,4,event,908,0.0019169999999348875,0
0,4,event,909,0.0019170000000485743,0
0,4,event,910,0.0018329999999195934,0
0,4,event,911,0.0019170000000485743,0
0,4,event,912,0.002290999999900123,0
0,4,event,913,0.0018750000000409273,0
0,4,event,914,0.0017920000000231084,0
0,4,event,915,0.00204200000007404,0
0,4,event,916,0.0018329999999195934,0
0,4,event,917,0.002207999999995991,0
0,4,event,918,0.0025420000000622167,0
0,4,event,919,0.002000000000066393,0
0,4,event,920,0.002040999999962878,0
0,4,event,921,0.0026249999999663487,0
0,4,event,922,0.0019999999999527063,0
0,4,event,923,0.0028330000000096334,0
0,4,event,924,0.0018340000000307555,0
0,4,event,925,0.0020419999999603533,0
0,4,event,926,0.0017920000000231084,0
0,4,event,927,0.0019159999999374122,0
0,4,event,928,0.002207999999995991,0
0,4,event,929,0.001958000000058746,0
0,4,event,930,0.0018330000000332802,0
0,4,event,931,0.0019170000000485743,0
0,4,event,932,0.0018749999999272404,0
0,4,event,933,0.002207999999995991,0
0,4,event,934,0.0019170000000485743,0
0,4,event,935,0.002000000000066393,0
0,4,event,936,0.0019169999999348875,0
0,4,event,937,0.0019999999999527063,0
0,4,event,938,0.002333000000021457,0
0,4,event,939,0.002000000000066393,0
0,4,event,940,0.001916000000051099,0
0,4,event,941,0.0019579999999450592,0
0,4,event,942,0.0018750000000409273,0
0,4,event,943,0.0019169999999348875,0
0,4,event,944,0.002334000000018932,0
0,4,event,945,0.0019590000000562213,0
0,4,event,946,0.0017500000000154614,0
0,4,event,947,0.0018750000000409273,0
0,4,event,948,0.0019169999999348875,0
0,4,event,949,0.002208999999993466,0
0,4,event,950,0.0019590000000562213,0
0,4,event,951,0.002583999999956177,0
0,4,event,952,0.002457999999933236,0
0,4,event,953,0.001958000000058746,0
0,4,event,954,0.002416999999923064,0
0,4,event,955,0.0019170000000485743,0
0,4,event,956,0.0019169999999348875,0
0,4,event,957,0.0018340000000307555,0
0,4,event,958,0.0027919999999994616,0
0,4,event,959,0.002249999999889951,0
0,4,event,960,0.021333000000026914,4
0,4,event,961,0.00254199999994853,0
0,4,event,962,0.002207999999995991,0
0,4,event,963,0.0025830000000723885,0
0,4,event,964,0.002040999999962878,0
0,4,event,965,0.0019999999999527063,0
0,4,event,966,0.0019590000000562213,0
0,4,event,967,0.0020419999999603533,0
0,4,event,968,0.0027499999999918145,0
0,4,event,969,0.0019169999999348875,0
0,4,event,970,0.0018750000000409273,0
0,4,event,971,0.0018750000000409273,0
0,4,event,972,0.001916000000051099,0
0,4,event,973,0.002417000000036751,0
0,4,event,974,0.0018749999999272404,0
0,4,event,975,0.0018750000000409273,0
0,4,event,976,0.0017919999999094216,0
0,4,event,977,0.0018750000000409273,0
0,4,event,978,0.0028330000000096334,0
0,4,event,979,0.002040999999962878,0
0,4,event,980,0.002207999999995991,0
0,4,event,981,0.0026669999999739957,0
0,4,event,982,0.0018749999999272404,0
0,4,event,983,0.001958000000058746,0
0,4,event,984,0.002457999999933236,0
0,4,event,985,0.001916000000051099,0
0,4,event,986,0.0018749999999272404,0
0,4,event,987,0.0018750000000409273,0
0,4,event,988,0.0017919999999094216,0
0,4,event,989,0.002208999999993466,0
0,4,event,990,0.002250000000003638,0
0,4,event,991,0.0018750000000409273,0
0,4,event,992,0.0018749999999272404,0
0,4,event,993,0.0018340000000307555,0
0,4,event,994,0.002292000000011285,0
0,4,event,995,0.0018749999999272404,0
0,4,event,996,0.0025000000000545697,0
0,4,event,997,0.002292000000011285,0
0,4,event,998,0.0018750000000409273,0
0,4,event,999,0.002333000000021457,0
0,4,burst,0,0.1345419999998967,28
0,4,burst,1,0.13483399999995527,28
0,4,burst,2,0.13029200000005403,28
0,4,burst,3,0.12470800000005511,28
0,4,burst,4,0.12837500000000546,28
0,4,burst,5,0.12429099999997106,28
0,4,burst,6,0.13049999999998363,28
0,4,burst,7,0.13095899999996163,28
0,4,burst,8,0.12616700000000947,28
0,4,burst,9,0.1426249999999527,28
0,4,burst,10,0.15004099999998743,28
0,4,burst,11,0.15491700000006858,28
0,4,burst,12,0.14708300000006602,28
0,4,burst,13,0.15554099999997106,28
0,4,burst,14,0.15420800000003965,28
0,4,burst,15,0.15079100000002654,28
0,4,burst,16,0.14866700000004585,28
0,4,burst,17,0.1506249999999909,28
0,4,burst,18,0.1541659999999183,28
0,4,burst,19,0.15183300000001054,28
0,4,burst,20,0.1574590000000171,28
0,4,burst,21,0.15637499999991178,28
0,4,burst,22,0.16220900000007532,28
0,4,burst,23,0.13783300000000054,28
0,4,burst,24,0.16020800000001145,28
0,4,burst,25,0.15975000000003092,28
0,4,burst,26,0.14966599999991104,28
0,4,burst,27,0.14804100000003473,28
0,4,burst,28,0.15995799999996052,28
0,4,burst,29,0.16137500000002092,28
0,4,burst,30,0.1475829999999405,28
0,4,burst,31,0.1626250000000482,28
0,4,burst,32,0.1505419999999731,28
0,4,burst,33,0.16033299999992323,28
0,4,burst,34,0.1609160000000429,28
0,4,burst,35,0.15162499999996726,28
0,4,burst,36,0.152417000000014,28
0,4,burst,37,0.17116699999996854,28
0,4,burst,38,0.14466700000002675,28
0,4,burst,39,0.14800000000002456,28
0,4,burst,40,0.16029100000002927,28
0,4,burst,41,0.1608329999999114,28
0,4,burst,42,0.15229199999998855,28
0,4,burst,43,0.1518750000000182,28
0,4,burst,44,0.16816700000003948,28
0,4,burst,45,0.1612920000000031,28
0,4,burst,46,0.1604170000000522,28
0,4,burst,47,6.323958999999945,28
0,4,burst,48,0.17391699999996035,28
0,4,burst,49,0.14829199999996945,28
0,4,burst,50,0.14154099999996106,28
0,4,burst,51,0.14354200000002493,28
0,4,burst,52,0.14408300000002328,28
0,4,burst,53,0.1404579999999669,28
0,4,burst,54,0.14229199999999764,28
0,4,burst,55,0.1403339999999389,28
0,4,burst,56,0.14475000000004457,28
0,4,burst,57,0.16395799999997962,28
0,4,burst,58,0.14266699999996035,28
0,4,burst,59,0.14120900000000347,28
0,4,burst,60,0.192833999999948,28
0,4,burst,61,0.1515830000000733,28
0,4,burst,62,0.14233300000000781,28
0,4,burst,63,0.14454200000000128,28
0,4,burst,64,0.15379199999995308,28
0,4,burst,65,0.15266700000006495,28
0,4,burst,66,0.14158399999996618,28
0,4,burst,67,0.14274999999997817,28
0,4,burst,68,0.14795900000001438,28
0,4,burst,69,0.14216700000008586,28
0,4,burst,70,0.140625,28
0,4,burst,71,0.14054200000009587,28
0,4,burst,72,0.15016700000001038,28
0,4,burst,73,0.13900000000001,28
0,4,burst,74,0.14112499999998818,28
0,4,burst,75,0.14816699999994398,28
0,4,burst,76,0.1437500000000682,28
0,4,burst,77,0.14170899999999165,28
0,4,burst,78,0.13820800000007694,28
0,4,burst,79,0.14079099999992195,28
0,4,burst,80,0.14308300000004692,28
0,4,burst,81,0.14350000000001728,28
0,4,burst,82,0.14175000000000182,28
0,4,burst,83,0.13854200000002947,28
0,4,burst,84,0.14124999999989996,28
0,4,burst,85,0.136792000000014,28
0,4,burst,86,0.1365409999999656,28
0,4,burst,87,0.1424170000000231,28
0,4,burst,88,0.15233299999999872,28
0,4,burst,89,0.137958000000026,28
0,4,burst,90,0.14400000000000546,28
0,4,burst,91,0.13812500000005912,28
0,4,burst,92,0.14400000000000546,28
0,4,burst,93,0.1369999999999436,28
0,4,burst,94,0.13924999999994725,28
0,4,burst,95,0.14475000000004457,28
0,4,burst,96,0.17074999999999818,28
0,4,burst,97,0.14595799999995052,28
0,4,burst,98,0.1421659999999747,28
0,4,burst,99,0.14104199999997036,28
0,4,burst,100,0.13891699999999219,28
0,4,burst,101,0.14049999999997453,28
0,4,burst,102,0.13762500000007094,28
0,4,burst,103,0.14191700000003493,28
0,4,burst,104,0.14304200000003675,28
0,4,burst,105,0.14179200000000947,28
0,4,burst,106,0.13912500000003547,28
0,4,burst,107,0.14266599999996288,28
0,4,burst,108,0.13908300000002782,28
0,4,burst,109,0.13641699999993762,28
0,4,burst,110,0.14200000000005275,28
0,4,burst,111,0.14308300000004692,28
0,4,burst,112,0.14279199999998582,28
0,4,burst,113,0.136916000000042,28
0,4,burst,114,0.13629100000002836,28
0,4,burst,115,0.1426249999999527,28
0,4,burst,116,0.14087500000005093,28
0,4,burst,117,0.1374999999999318,28
0,4,burst,118,0.14224999999999,28
0,4,burst,119,0.141208000000006,28
0,4,burst,120,0.13774999999998272,28
0,4,burst,121,0.13908300000002782,28
0,4,burst,122,0.14204100000006292,28
0,4,burst,123,0.14012500000001182,28
0,4,burst,124,0.1395829999999023,28
0,4,burst,125,0.1424170000000231,28
0,4,burst,126,0.1364579999999478,28
0,4,burst,127,0.13900000000001,28
0,4,burst,128,0.14449999999999363,28
0,4,burst,129,0.13833299999998871,28
0,4,burst,130,0.14020800000002964,28
0,4,burst,131,0.1399579999999787,28
0,4,burst,132,0.13933299999996507,28
0,4,burst,133,0.1429160000000138,28
0,4,burst,134,0.13575000000003,28
0,4,burst,135,0.16070799999999963,28
0,4,burst,136,0.14058299999999235,28
0,4,burst,137,0.13758400000006077,28
0,4,burst,138,0.13637500000004366,28
0,4,burst,139,0.14541699999995217,28
0,4,burst,140,0.14016700000001947,28
0,4,burst,141,0.1397909999999456,28
0,4,burst,142,0.14204100000006292,28
0,4,burst,143,0.1399579999999787,28
0,4,burst,144,0.1429160000000138,28
0,4,burst,145,0.13766599999996743,28
0,4,burst,146,0.14033299999994142,28
0,4,burst,147,0.14145800000005693,28
0,4,burst,148,0.1384579999999005,28
0,4,burst,149,0.13633400000003348,28
0,4,burst,150,0.14029199999993125,28
0,4,burst,151,0.15629200000000765,28
0,4,burst,152,0.13866700000005494,28
0,4,burst,153,0.13866700000005494,28
0,4,burst,154,0.14512500000000728,28
0,4,burst,155,0.14404199999989942,28
0,4,burst,156,0.13795900000002348,28
0,4,burst,157,0.138417000000004,28
0,4,burst,158,0.14179200000000947,28
0,4,burst,159,0.14033299999994142,28
0,4,burst,160,0.13774999999998272,28
0,4,burst,161,0.1441660000000411,28
0,4,burst,162,0.13962500000002365,28
0,4,burst,163,0.13916700000004312,28
0,4,burst,164,0.13829199999997854,28
0,4,burst,165,0.13741699999991397,28
0,4,burst,166,0.14012500000001182,28
0,4,burst,167,0.13845800000001418,28
0,4,burst,168,0.14070800000001782,28
0,4,burst,169,0.14304199999992306,28
0,4,burst,170,0.14562499999999545,28
0,4,burst,171,0.1375829999999496,28
0,4,burst,172,0.14441600000009203,28
0,4,burst,173,0.13829200000009223,28
0,4,burst,174,0.14316699999994853,28
0,4,burst,175,0.13887499999998454,28
0,4,burst,176,0.14291700000001129,28
0,4,burst,177,0.13762499999995725,28
0,4,burst,178,0.1440420000000131,28
0,4,burst,179,0.13920899999993708,28
0,4,burst,180,0.1374590000000353,28
0,4,burst,181,0.13712499999996908,28
0,4,burst,182,0.14183300000001964,28
0,4,burst,183,0.14075000000002547,28
0,4,burst,184,0.13879199999996672,28
0,4,burst,185,0.13724999999999454,28
0,4,burst,186,0.14562499999999545,28
0,4,burst,187,0.1358749999999418,28
0,4,burst,188,0.138541000000032,28
0,4,burst,189,0.13733299999989868,28
0,4,burst,190,0.14841599999999744,28
0,4,burst,191,0.13741600000003018,28
0,4,burst,192,0.13670799999999872,28
0,4,burst,193,0.13912499999992178,28
0,4,burst,194,0.141208000000006,28
0,4,burst,195,0.13858400000003712,28
0,4,burst,196,0.13679199999990033,28
0,4,burst,197,0.14325000000008004,28
0,4,burst,198,0.13916700000004312,28
0,4,burst,199,0.14087499999993724,28
0,4,burst,200,0.13629100000002836,28
0,4,burst,201,0.14629200000001674,28
0,4,burst,202,0.14208299999995688,28
0,4,burst,203,0.14279099999998834,28
0,4,burst,204,0.14112499999998818,28
0,4,burst,205,0.13920899999993708,28
0,4,burst,206,0.13695800000004965,28
0,4,burst,207,0.13679100000001654,28
0,4,burst,208,0.13970800000004147,28
0,4,burst,209,0.13887499999998454,28
0,4,burst,210,0.13787500000000819,28
0,4,burst,211,0.14008300000000418,28
0,4,burst,212,0.14058299999999235,28
0,4,burst,213,0.13879099999996924,28
0,4,burst,214,0.1375829999999496,28
0,4,burst,215,0.13770799999997507,28
0,4,burst,216,0.13637500000004366,28
0,4,burst,217,0.140625,28
0,4,burst,218,0.1399580000000924,28
0,4,burst,219,0.14249999999992724,28
0,4,burst,220,0.1449999999999818,28
0,4,burst,221,0.14054199999998218,28
0,4,burst,222,0.13791700000001583,28
0,4,burst,223,0.1408329999999296,28
0,4,burst,224,0.1354590000000826,28
0,4,burst,225,0.13970900000003894,28
0,4,burst,226,0.1409999999999627,28
0,4,burst,227,0.138417000000004,28
0,4,burst,228,0.13879099999996924,28
0,4,burst,229,0.14808300000004238,28
0,4,burst,230,0.13924999999994725,28
0,4,burst,231,0.14112499999998818,28
0,4,burst,232,0.1380420000000413,28
0,4,burst,233,0.14591599999994287,28
0,4,burst,234,0.13691700000003948,28
0,4,burst,235,0.13916699999992943,28
0,4,burst,236,0.13724999999999454,28
0,4,burst,237,0.14783299999999144,28
0,4,burst,238,0.1532919999999649,28
0,4,burst,239,0.14083300000004328,28
0,4,burst,240,0.14345800000000963,28
0,4,burst,241,0.13908300000002782,28
0,4,burst,242,0.13608399999998255,28
0,4,burst,243,0.1414590000000544,28
0,4,burst,244,19.204417000000035,28
0,4,burst,245,0.16050000000007003,28
0,4,burst,246,0.138541000000032,28
0,4,burst,247,0.15612499999997453,28
0,4,burst,248,0.13879100000008293,28
0,4,burst,249,0.138417000000004,28
0,4,burst,250,0.13587500000005548,28
0,4,burst,251,0.13658299999997325,28
0,4,burst,252,0.13670799999999872,28
0,4,burst,253,0.14070800000001782,28
0,4,burst,254,0.16908300000000054,28
0,4,burst,255,0.14087500000005093,28
0,4,burst,256,0.13741700000002766,28
0,4,burst,257,0.13816699999995308,28
0,4,burst,258,0.13304199999993216,28
0,4,burst,259,1.65725000000009,28
0,4,burst,260,0.17454099999997652,28
0,4,burst,261,0.15300000000002,28
0,4,burst,262,0.13620800000001054,28
0,4,burst,263,0.13991599999997106,28
0,4,burst,264,0.1394159999999829,28
0,4,burst,265,0.14012500000001182,28
0,4,burst,266,0.1369999999999436,28
0,4,burst,267,0.13512500000001637,28
0,4,burst,268,0.1399579999999787,28
0,4,burst,269,0.15029100000003837,28
0,4,burst,270,0.1375829999999496,28
0,4,burst,271,0.2277080000000069,28
0,4,burst,272,0.16166600000008202,28
0,4,burst,273,0.1272910000000138,28
0,4,burst,274,0.12450000000001182,28
0,4,burst,275,0.12104199999998855,28
0,4,burst,276,0.13445899999999256,28
0,4,burst,277,0.12195900000006077,28
0,4,burst,278,0.11979200000007495,28
0,4,burst,279,0.11945800000000872,28
0,4,burst,280,0.12229100000001836,28
0,4,burst,281,0.11883299999999508,28
0,4,burst,282,0.1183330000000069,28
0,4,burst,283,0.1342499999999518,28
0,4,burst,284,0.12083300000006147,28
0,4,burst,285,0.11949999999990268,28
0,4,burst,286,0.1190000000000282,28
0,4,burst,287,0.1175829999999678,28
0,4,burst,288,0.11883299999999508,28
0,4,burst,289,0.11820899999997891,28
0,4,burst,290,0.14250000000004093,28
0,4,burst,291,0.11933399999998073,28
0,4,burst,292,0.12741699999992306,28
0,4,burst,293,0.11733400000002803,28
0,4,burst,294,0.11712499999998727,28
0,4,burst,295,0.11824999999998909,28
0,4,burst,296,0.12662499999999,28
0,4,burst,297,0.1268329999999196,28
0,4,burst,298,0.12104099999999107,28
0,4,burst,299,0.12204100000008111,28
0,4,burst,300,0.12383299999999053,28
0,4,burst,301,0.12229100000001836,28
0,4,burst,302,0.12320799999997689,28
0,4,burst,303,0.12379099999998289,28
0,4,burst,304,0.12458300000002964,28
0,4,burst,305,0.12387499999999818,28
0,4,burst,306,0.12125000000003183,28
0,4,burst,307,0.12004099999990103,28
0,4,burst,308,0.1189160000000129,28
0,4,burst,309,0.11920799999995779,28
0,4,burst,310,0.11758400000007896,28
0,4,burst,311,0.1200420000000122,28
0,4,burst,312,0.12279200000000401,28
0,4,burst,313,0.11779200000000856,28
0,4,burst,314,0.12049999999999272,28
0,4,burst,315,0.12345800000002782,28
0,4,burst,316,0.11650000000008731,28
0,4,burst,317,0.11875000000009095,28
0,4,burst,318,0.12050000000010641,28
0,4,burst,319,0.12920800000006238,28
0,4,burst,320,0.11858399999994162,28
0,4,burst,321,0.12154199999997672,28
0,4,burst,322,0.11812500000007731,28
0,4,burst,323,0.12150000000008276,28
0,4,burst,324,0.1195829999999205,28
0,4,burst,325,0.1203330000000733,28
0,4,burst,326,0.12387499999999818,28
0,4,burst,327,0.12600000000009004,28
0,4,burst,328,0.12104099999999107,28
0,4,burst,329,0.1209159999999656,28
0,4,burst,330,0.11824999999998909,28
0,4,burst,331,0.12000000000000455,28
0,4,burst,332,0.12383299999999053,28
0,4,burst,333,0.14179200000000947,28
0,4,burst,334,0.12016700000003766,28
0,4,burst,335,0.12741600000003928,28
0,4,burst,336,0.11624999999992269,28
0,4,burst,337,0.11837500000001455,28
0,4,burst,338,0.13479099999995015,28
0,4,burst,339,0.12116700000001401,28
0,4,burst,340,0.11812499999996362,28
0,4,burst,341,0.126041999999984,28
0,4,burst,342,0.11733300000003055,28
0,4,burst,343,0.12008400000001984,28
0,4,burst,344,0.12716699999998582,28
0,4,burst,345,0.1187920000000986,28
0,4,burst,346,0.11858299999994415,28
0,4,burst,347,0.1184170000000222,28
0,4,burst,348,0.12183299999992414,28
0,4,burst,349,0.1179580000000442,28
0,4,burst,350,0.12379099999998289,28
0,4,burst,351,0.12479199999995672,28
0,4,burst,352,0.11750000000006366,28
0,4,burst,353,0.1172910000000229,28
0,4,burst,354,0.1183330000000069,28
0,4,burst,355,0.12654199999997218,28
0,4,burst,356,0.11958300000003419,28
0,4,burst,357,0.1215829999999869,28
0,4,burst,358,0.11883299999999508,28
0,4,burst,359,0.12179200000002766,28
0,4,burst,360,0.1143329999999878,28
0,4,burst,361,0.12333300000000236,28
0,4,burst,362,0.13200000000006185,28
0,4,burst,363,0.11683399999992616,28
0,4,burst,364,0.11787500000002638,28
0,4,burst,365,0.12016700000003766,28
0,4,burst,366,0.11758300000008148,28
0,4,burst,367,0.11662499999999909,28
0,4,burst,368,0.12504200000000765,28
0,4,burst,369,0.1275830000000724,28
0,4,burst,370,0.13304199999993216,28
0,4,burst,371,0.11904200000003584,28
0,4,burst,372,0.11624999999992269,28
0,4,burst,373,0.12279100000000653,28
0,4,burst,374,0.12445800000000418,28
0,4,burst,375,0.11733299999991686,28
0,4,burst,376,0.12312500000007276,28
0,4,burst,377,0.12362499999994725,28
0,4,burst,378,0.11766599999998562,28
0,4,burst,379,0.12508300000001782,28
0,4,burst,380,0.12083399999994526,28
0,4,burst,381,0.11783300000001873,28
0,4,burst,382,0.12412499999993543,28
0,4,burst,383,0.11837500000001455,28
0,4,burst,384,0.12316699999996672,28
0,4,burst,385,0.1452910000000429,28
0,4,burst,386,0.12008300000002237,28
0,4,burst,387,0.12979200000006585,28
0,4,burst,388,0.1178340000000162,28
0,4,burst,389,0.11808300000006966,28
0,4,burst,390,0.12329099999999471,28
0,4,burst,391,0.12179100000003018,28
0,4,burst,392,0.11733300000003055,28
0,4,burst,393,0.12762499999996635,28
0,4,burst,394,0.11587499999995998,28
0,4,burst,395,0.11675000000002456,28
0,4,burst,396,0.12020799999993415,28
0,4,burst,397,0.1213750000000573,28
0,4,burst,398,0.12362500000006094,28
0,4,burst,399,0.1286249999999427,28
0,4,burst,400,0.12095799999997325,28
0,4,burst,401,0.12487500000008822,28
0,4,burst,402,0.13808300000005147,28
0,4,burst,403,0.11974999999995362,28
0,4,burst,404,0.12212499999998272,28
0,4,burst,405,0.13116700000000492,28
0,4,burst,406,0.11950000000001637,28
0,4,burst,407,0.12120800000002419,28
0,4,burst,408,0.12533400000006623,28
0,4,burst,409,0.12149999999996908,28
0,4,burst,410,0.12024999999994179,28
0,4,burst,411,0.12683400000003076,28
0,4,burst,412,0.12133299999993596,28
0,4,burst,413,0.11741600000004837,28
0,4,burst,414,0.1219579999999496,28
0,4,burst,415,0.11725000000001273,28
0,4,burst,416,0.12287500000002183,28
0,4,burst,417,0.12212499999998272,28
0,4,burst,418,0.12129099999992832,28
0,4,burst,419,0.1230839999999489,28
0,4,burst,420,0.12341700000001765,28
0,4,burst,421,0.12024999999994179,28
0,4,burst,422,0.17533300000002328,28
0,4,burst,423,0.12241599999993014,28
0,4,burst,424,0.11641600000007202,28
0,4,burst,425,0.123958000000016,28
0,4,burst,426,0.11545799999998962,28
0,4,burst,427,0.12637500000005275,28
0,4,burst,428,0.12291699999991579,28
0,4,burst,429,0.1224170000000413,28
0,4,burst,430,0.11599999999998545,28
0,4,burst,431,0.12341700000001765,28
0,4,burst,432,0.11816699999997127,28
0,4,burst,433,0.12324999999998454,28
0,4,burst,434,0.1309999999999718,28
0,4,burst,435,0.12895800000001145,28
0,4,burst,436,0.13029199999994034,28
0,4,burst,437,0.12466700000004494,28
0,4,burst,438,0.11562500000002274,28
0,4,burst,439,0.11766699999998309,28
0,4,burst,440,0.12204200000007859,28
0,4,burst,441,0.12370800000007875,28
0,4,burst,442,0.12024999999994179,28
0,4,burst,443,0.12304200000005494,28
0,4,burst,444,0.12462500000003729,28
0,4,burst,445,0.12283400000001166,28
0,4,burst,446,0.11829199999999673,28
0,4,burst,447,0.11725000000001273,28
0,4,burst,448,0.13325000000008913,28
0,4,burst,449,0.11666700000000674,28
0,4,burst,450,0.11608300000000327,28
0,4,burst,451,0.12783300000000963,28
0,4,burst,452,0.13066600000001927,28
0,4,burst,453,0.12666600000000017,28
0,4,burst,454,0.1318749999999227,28
0,4,burst,455,0.15475000000003547,28
0,4,burst,456,0.12016700000003766,28
0,4,burst,457,0.1335830000000442,28
0,4,burst,458,0.1226249999999709,28
0,4,burst,459,0.13229200000000674,28
0,4,burst,460,0.13316699999995762,28
0,4,burst,461,0.13020800000003874,28
0,4,burst,462,26.92770799999994,28
0,4,burst,463,0.18583299999988867,28
0,4,burst,464,0.1533750000000964,28
0,4,burst,465,0.1478749999999991,28
0,4,burst,466,17.480500000000006,28
0,4,burst,467,0.19987500000002,28
0,4,burst,468,2.080082999999945,28
0,4,burst,469,0.2944999999999709,28
0,4,burst,470,0.32237499999996544,28
0,4,burst,471,0.17062499999997272,28
0,4,burst,472,0.16954100000009475,28
0,4,burst,473,0.17687499999999545,28
0,4,burst,474,8.907084000000054,28
0,4,burst,475,0.2657089999999016,28
0,4,burst,476,0.16895900000008623,28
0,4,burst,477,0.1583340000000817,28
0,4,burst,478,0.4457919999999831,28
0,4,burst,479,0.21116700000004585,28
0,4,burst,480,0.15945799999997234,28
0,4,burst,481,0.1469160000000329,28
0,4,burst,482,0.8751250000000255,28
0,4,burst,483,0.2017079999999396,28
0,4,burst,484,0.18925000000001546,28
0,4,burst,485,0.16066699999998946,28
0,4,burst,486,0.1619590000000244,28
0,4,burst,487,0.16175000000009732,28
0,4,burst,488,0.16583400000001802,28
0,4,burst,489,0.15125000000000455,28
0,4,burst,490,0.16599999999993997,28
0,4,burst,491,0.15883400000006986,28
0,4,burst,492,0.1591249999999036,28
0,4,burst,493,0.14641600000004473,28
0,4,burst,494,23.857666999999992,28
0,4,burst,495,0.2377079999999978,28
0,4,burst,496,0.15975000000003092,28
0,4,burst,497,0.14324999999996635,28
0,4,burst,498,0.14287500000000364,28
0,4,burst,499,0.14395899999999529,28
0,4,burst,500,0.14254200000004857,28
0,4,burst,501,0.13704099999995378,28
0,4,burst,502,0.16079200000001492,28
0,4,burst,503,0.13949999999999818,28
0,4,burst,504,0.13895899999999983,28
0,4,burst,505,0.16687500000000455,28
0,4,burst,506,0.14079100000003564,28
0,4,burst,507,0.25329099999999016,28
0,4,burst,508,0.17475000000001728,28
0,4,burst,509,0.19220800000005056,28
0,4,burst,510,0.15612499999997453,28
0,4,burst,511,0.15112499999997908,28
0,4,burst,512,0.14774999999997362,28
0,4,burst,513,0.14416700000003857,28
0,4,burst,514,0.15066700000011224,28
0,4,burst,515,0.14820900000006532,28
0,4,burst,516,0.1478749999999991,28
0,4,burst,517,0.14325000000008004,28
0,4,burst,518,0.14612499999998363,28
0,4,burst,519,0.14162499999997635,28
0,4,burst,520,0.14066700000000765,28
0,4,burst,521,0.15308299999992414,28
0,4,burst,522,0.14366600000005292,28
0,4,burst,523,0.14729099999999562,28
0,4,burst,524,0.13804100000004382,28
0,4,burst,525,0.13845800000001418,28
0,4,burst,526,0.14233300000000781,28
0,4,burst,527,0.14124999999989996,28
0,4,burst,528,0.137958000000026,28
0,4,burst,529,0.13962500000002365,28
0,4,burst,530,0.14670799999998962,28
0,4,burst,531,0.13970799999992778,28
0,4,burst,532,0.1387080000000651,28
0,4,burst,533,0.14475000000004457,28
0,4,burst,534,0.1399579999999787,28
0,4,burst,535,0.14141600000004928,28
0,4,burst,536,0.1376660000000811,28
0,4,burst,537,0.1475829999999405,28
0,4,burst,538,0.14575000000002092,28
0,4,burst,539,0.13891699999999219,28
0,4,burst,540,0.1372920000000022,28
0,4,burst,541,0.13991700000008223,28
0,4,burst,542,0.1392079999999396,28
0,4,burst,543,0.1386250000000473,28
0,4,burst,544,0.13837499999999636,28
0,4,burst,545,0.14570800000001327,28
0,4,burst,546,0.13712499999996908,28
0,4,burst,547,0.13933299999996507,28
0,4,burst,548,0.13724999999999454,28
0,4,burst,549,0.13937499999997272,28
0,4,burst,550,0.1386250000000473,28
0,4,burst,551,0.13949999999999818,28
0,4,burst,552,0.1442499999999427,28
0,4,burst,553,0.14075000000002547,28
0,4,burst,554,0.14333299999998417,28
0,4,burst,555,0.14020800000002964,28
0,4,burst,556,0.138417000000004,28
0,4,burst,557,0.13912500000003547,28
0,4,burst,558,0.13770799999997507,28
0,4,burst,559,0.1435830000000351,28
0,4,burst,560,0.061792000000082226,28
0,4,burst,561,0.055749999999989086,28
0,4,burst,562,0.05412499999999909,28
0,4,burst,563,0.05541599999992286,28
0,4,burst,564,0.05358300000000327,28
0,4,burst,565,0.058625000000006366,28
0,4,burst,566,0.056207999999969616,28
0,4,burst,567,0.05445800000006784,28
0,4,burst,568,0.05358300000000327,28
0,4,burst,569,0.05633399999999256,28
0,4,burst,570,0.054082999999991443,28
0,4,burst,571,0.05750000000000455,28
0,4,burst,572,0.05491699999993216,28
0,4,burst,573,0.05645900000001802,28
0,4,burst,574,0.05374999999992269,28
0,4,burst,575,0.054084000000102606,28
0,4,burst,576,0.054374999999936335,28
0,4,burst,577,0.05370900000002621,28
0,4,burst,578,0.053916999999955806,28
0,4,burst,579,0.13808300000005147,28
0,4,burst,580,0.0725840000000062,28
0,4,burst,581,0.058834000000047126,28
0,4,burst,582,0.05383299999994051,28
0,4,burst,583,0.05412499999999909,28
0,4,burst,584,0.05508400000007896,28
0,4,burst,585,0.05370900000002621,28
0,4,burst,586,0.05412499999999909,28
0,4,burst,587,0.05495800000005602,28
0,4,burst,588,0.05895799999996143,28
0,4,burst,589,0.10204199999998309,28
0,4,burst,590,0.13916699999992943,28
0,4,burst,591,0.13800000000003365,28
0,4,burst,592,0.14179200000000947,28
0,4,burst,593,0.13770899999997255,28
0,4,burst,594,0.11874999999997726,28
0,4,burst,595,0.055833000000006905,28
0,4,burst,596,0.055375000000026375,28
0,4,burst,597,0.060833000000116044,28
0,4,burst,598,0.05533300000001873,28
0,4,burst,599,0.0544999999999618,28
0,4,burst,600,0.055917000000135886,28
0,4,burst,601,0.05495899999982612,28
0,4,burst,602,0.05604200000016135,28
0,4,burst,603,0.05649999999991451,28
0,4,burst,604,0.1416670000000977,28
0,4,burst,605,0.14595900000017537,28
0,4,burst,606,0.14249999999992724,28
0,4,burst,607,0.14316699999994853,28
0,4,burst,608,5.314707999999882,28
0,4,burst,609,0.1849170000000413,28
0,4,burst,610,0.14350000000013097,28
0,4,burst,611,0.1375420000001668,28
0,4,burst,612,0.1416670000000977,28
0,4,burst,613,0.13800000000014734,28
0,4,burst,614,0.15433299999995143,28
0,4,burst,615,0.2503340000000662,28
0,4,burst,616,0.22029199999997218,28
0,4,burst,617,0.16550000000006548,28
0,4,burst,618,0.15183300000012423,28
0,4,burst,619,0.14995900000008078,28
0,4,burst,620,0.14487499999995634,28
0,4,burst,621,0.1582499999999527,28
0,4,burst,622,0.1475420000001577,28
0,4,burst,623,0.14875000000006366,28
0,4,burst,624,0.1522500000000946,28
0,4,burst,625,0.14287500000000364,28
0,4,burst,626,0.14029199999981756,28
0,4,burst,627,0.1387090000000626,28
0,4,burst,628,0.14191699999992125,28
0,4,burst,629,0.13754199999993943,28
0,4,burst,630,0.13875000000007276,28
0,4,burst,631,0.1457909999999174,28
0,4,burst,632,0.14041599999995924,28
0,4,burst,633,0.13787500000012187,28
0,4,burst,634,0.13891699999999219,28
0,4,burst,635,0.1454590000000735,28
0,4,burst,636,0.13991699999996854,28
0,4,burst,637,0.14525000000003274,28
0,4,burst,638,0.14420799999993505,28
0,4,burst,639,0.14170799999988049,28
0,4,burst,640,0.13641699999993762,28
0,4,burst,641,0.13966700000014498,28
0,4,burst,642,0.1376660000000811,28
0,4,burst,643,0.1404579999998532,28
0,4,burst,644,0.1367089999998825,28
0,4,burst,645,0.1430000000000291,28
0,4,burst,646,0.13541699999996126,28
0,4,burst,647,0.1407090000000153,28
0,4,burst,648,0.13708300000007512,28
0,4,burst,649,0.4337080000000242,28
0,4,burst,650,0.19587499999988722,28
0,4,burst,651,0.29291699999998855,28
0,4,burst,652,0.15858299999990777,28
0,4,burst,653,0.14283300000010968,28
0,4,burst,654,0.14449999999987995,28
0,4,burst,655,0.15312500000004547,28
0,4,burst,656,0.14437499999985448,28
0,4,burst,657,0.12637499999982538,28
0,4,burst,658,0.05416700000000674,28
0,4,burst,659,0.05850000000009459,28
0,4,burst,660,0.05562499999996362,28
0,4,burst,661,0.05695800000012241,28
0,4,burst,662,0.05533300000001873,28
0,4,burst,663,0.0570829999999205,28
0,4,burst,664,0.053625000000010914,28
0,4,burst,665,0.05491699999993216,28
0,4,burst,666,0.0542089999999007,28
0,4,burst,667,0.07566700000006676,28
0,4,burst,668,0.09962500000006003,28
0,4,burst,669,0.05466699999988123,28
0,4,burst,670,0.05695800000012241,28
0,4,burst,671,0.056417000000010376,28
0,4,burst,672,0.05491699999993216,28
0,4,burst,673,0.057374999999865395,28
0,4,burst,674,0.058209000000033484,28
0,4,burst,675,0.05787499999996726,28
0,4,burst,676,0.05554200000005949,28
0,4,burst,677,0.05633399999987887,28
0,4,burst,678,0.0621249999999236,28
0,4,burst,679,0.14837499999998727,28
0,4,burst,680,0.1404170000000704,28
0,4,burst,681,0.14812499999993634,28
0,4,burst,682,0.14220899999986614,28
0,4,burst,683,0.3320420000000013,28
0,4,burst,684,0.06787499999995816,28
0,4,burst,685,0.063083000000006,28
0,4,burst,686,0.06199999999989814,28
0,4,burst,687,0.06045799999992596,28
0,4,burst,688,0.06154199999991761,28
0,4,burst,689,0.05733300000019881,28
0,4,burst,690,0.06175000000007458,28
0,4,burst,691,0.055749999999989086,28
0,4,burst,692,0.05612499999983811,28
0,4,burst,693,0.1097500000000764,28
0,4,burst,694,12.446333999999979,28
0,4,burst,695,0.19191699999987577,28
0,4,burst,696,0.1506249999999909,28
0,4,burst,697,0.14133300000003146,28
0,4,burst,698,0.1437909999999647,28
0,4,burst,699,0.32474999999999454,28
0,4,burst,700,0.1534999999998945,28
0,4,burst,701,0.14429200000017772,28
0,4,burst,702,0.15166699999986122,28
0,4,burst,703,0.29508400000008805,28
0,4,burst,704,0.1877919999999449,28
0,4,burst,705,1.3918340000000171,28
0,4,burst,706,0.19516700000008314,28
0,4,burst,707,0.7157500000000709,28
0,4,burst,708,0.24650000000019645,28
0,4,burst,709,0.18920800000000781,28
0,4,burst,710,0.6035830000000715,28
0,4,burst,711,0.5457920000001195,28
0,4,burst,712,0.1446250000001328,28
0,4,burst,713,0.13800000000014734,28
0,4,burst,714,0.14404100000001563,28
0,4,burst,715,0.14358299999980773,28
0,4,burst,716,0.1416669999998703,28
0,4,burst,717,0.2540000000001328,28
0,4,burst,718,0.19045799999980773,28
0,4,burst,719,0.16133399999989706,28
0,4,burst,720,0.1512079999999969,28
0,4,burst,721,0.1466659999998683,28
0,4,burst,722,0.15154099999995196,28
0,4,burst,723,0.14345800000000963,28
0,4,burst,724,0.1678749999998672,28
0,4,burst,725,0.14345800000000963,28
0,4,burst,726,0.14554199999997763,28
0,4,burst,727,0.1455829999999878,28
0,4,burst,728,0.1399589999998625,28
0,4,burst,729,0.1396669999999176,28
0,4,burst,730,0.1423339999998916,28
0,4,burst,731,0.14850000000001273,28
0,4,burst,732,0.13908300000002782,28
0,4,burst,733,0.14341699999999946,28
0,4,burst,734,0.14162499999997635,28
0,4,burst,735,0.14208299999995688,28
0,4,burst,736,0.13920799999982592,28
0,4,burst,737,0.14283399999999347,28
0,4,burst,738,0.14491700000007768,28
0,4,burst,739,0.1405000000002019,28
0,4,burst,740,0.1395829999999023,28
0,4,burst,741,0.15304199999991397,28
0,4,burst,742,0.14441699999997581,28
0,4,burst,743,0.14458300000001145,28
0,4,burst,744,0.1452089999997952,28
0,4,burst,745,0.15470800000002782,28
0,4,burst,746,0.14245800000003328,28
0,4,burst,747,0.14116699999999582,28
0,4,burst,748,0.13916700000004312,28
0,4,burst,749,0.14545899999984613,28
0,4,burst,750,0.1390000000001237,28
0,4,burst,751,0.14404100000001563,28
0,4,burst,752,0.1482499999999618,28
0,4,burst,753,0.1423339999998916,28
0,4,burst,754,0.14012499999989814,28
0,4,burst,755,0.14116600000011204,28
0,4,burst,756,0.1464579999999387,28
0,4,burst,757,0.14308399999981702,28
0,4,burst,758,0.1425840000001699,28
0,4,burst,759,0.1386250000000473,28
0,4,burst,760,0.1477500000000873,28
0,4,burst,761,0.14320800000018608,28
0,4,burst,762,0.14004100000011022,28
0,4,burst,763,0.1416670000000977,28
0,4,burst,764,0.13966700000014498,28
0,4,burst,765,0.14283399999999347,28
0,4,burst,766,0.14054200000009587,28
0,4,burst,767,0.15916700000002493,28
0,4,burst,768,0.14258300000005875,28
0,4,burst,769,0.14541699999995217,28
0,4,burst,770,0.14429199999995035,28
0,4,burst,771,0.14741699999990487,28
0,4,burst,772,0.1544170000001941,28
0,4,burst,773,0.14212500000007822,28
0,4,burst,774,0.14949999999998909,28
0,4,burst,775,0.13829200000009223,28
0,4,burst,776,0.1457919999998012,28
0,4,burst,777,0.14075000000002547,28
0,4,burst,778,0.14574999999990723,28
0,4,burst,779,0.1427920000000995,28
0,4,burst,780,0.14491700000007768,28
0,4,burst,781,0.14658400000007532,28
0,4,burst,782,0.13983399999983703,28
0,4,burst,783,0.13791700000001583,28
0,4,burst,784,0.14000000000010004,28
0,4,burst,785,0.14058399999998983,28
0,4,burst,786,0.13858400000003712,28
0,4,burst,787,0.13949999999999818,28
0,4,burst,788,0.14899999999988722,28
0,4,burst,789,0.13820799999984956,28
0,4,burst,790,0.13875000000007276,28
0,4,burst,791,0.13787500000012187,28
0,4,burst,792,0.14054200000009587,28
0,4,burst,793,0.13733299999989868,28
0,4,burst,794,0.1411249999998745,28
0,4,burst,795,0.146541999999954,28
0,4,burst,796,0.1404170000000704,28
0,4,burst,797,0.1376669999999649,28
0,4,burst,798,0.14025000000015098,28
0,4,burst,799,0.14004100000011022,28
0,4,burst,800,0.14570800000001327,28
0,4,burst,801,0.14016600000013568,28
0,4,burst,802,0.13729100000000471,28
0,4,burst,803,0.1466659999998683,28
0,4,burst,804,0.14962500000001455,28
0,4,burst,805,0.13850000000002183,28
0,4,burst,806,0.142708999999968,28
0,4,burst,807,0.14029200000004494,28
0,4,burst,808,0.14308299999993324,28
0,4,burst,809,0.14154099999996106,28
0,4,burst,810,0.14183300000013332,28
0,4,burst,811,0.1414159999999356,28
0,4,burst,812,0.1468330000000151,28
0,4,burst,813,0.1381250000001728,28
0,4,burst,814,0.1484160000002248,28
0,4,burst,815,0.14404100000001563,28
0,4,burst,816,0.14162499999997635,28
0,4,burst,817,0.14374999999995453,28
0,4,burst,818,0.13891699999999219,28
0,4,burst,819,0.1450839999999971,28
0,4,burst,820,0.14762500000006185,28
0,4,burst,821,0.14325000000008004,28
0,4,burst,822,0.13737500000002,28
0,4,burst,823,0.14550000000008367,28
0,4,burst,824,0.1422090000000935,28
0,4,burst,825,0.14254200000004857,28
0,4,burst,826,0.136792000000014,28
0,4,burst,827,0.14141700000004676,28
0,4,burst,828,0.1442500000000564,28
0,4,burst,829,0.1412910000001375,28
0,4,burst,830,0.14049999999997453,28
0,4,burst,831,0.14416700000015226,28
0,4,burst,832,0.14245800000003328,28
0,4,burst,833,0.13929099999995742,28
0,4,burst,834,0.1413329999998041,28
0,4,burst,835,0.1525410000001557,28
0,4,burst,836,0.13916599999993196,28
0,4,burst,837,0.1381250000001728,28
0,4,burst,838,0.136792000000014,28
0,4,burst,839,0.14750000000003638,28
0,4,burst,840,0.1397500000000491,28
0,4,burst,841,0.13791700000001583,28
0,4,burst,842,0.136792000000014,28
0,4,burst,843,0.139458999999988,28
0,4,burst,844,0.13895800000000236,28
0,4,burst,845,0.13704199999983757,28
0,4,burst,846,0.14099999999984902,28
0,4,burst,847,0.13954100000000835,28
0,4,burst,848,0.14779199999998127,28
0,4,burst,849,0.14137499999992542,28
0,4,burst,850,0.13779200000021774,28
0,4,burst,851,0.13962500000002365,28
0,4,burst,852,0.14187500000002728,28
0,4,burst,853,0.1416670000000977,28
0,4,burst,854,0.13962500000002365,28
0,4,burst,855,0.14591600000017024,28
0,4,burst,856,0.141208000000006,28
0,4,burst,857,0.17312500000002728,28
0,4,burst,858,0.1468330000000151,28
0,4,burst,859,0.16849999999999454,28
0,4,burst,860,0.14437500000008185,28
0,4,burst,861,0.15724999999997635,28
0,4,burst,862,0.14195799999993142,28
0,4,burst,863,0.1614999999999327,28
0,4,burst,864,0.14095799999995506,28
0,4,burst,865,0.1519580000001497,28
0,4,burst,866,0.14729099999999562,28
0,4,burst,867,0.15829099999996288,28
0,4,burst,868,0.15791599999988648,28
0,4,burst,869,0.14125000000012733,28
0,4,burst,870,0.1639580000000933,28
0,4,burst,871,0.1507920000001377,28
0,4,burst,872,0.1466250000000855,28
0,4,burst,873,0.14670799999998962,28
0,4,burst,874,0.1708330000001297,28
0,4,burst,875,0.15354200000001583,28
0,4,burst,876,0.14808399999992616,28
0,4,burst,877,0.15125000000011823,28
0,4,burst,878,0.1490000000001146,28
0,4,burst,879,0.15012500000011642,28
0,4,burst,880,0.14554100000009385,28
0,4,burst,881,0.14533299999993687,28
0,4,burst,882,0.16612499999996544,28
0,4,burst,883,0.1699580000001788,28
0,4,burst,884,0.15241599999990285,28
0,4,burst,885,0.14266600000019025,28
0,4,burst,886,0.15612499999997453,28
0,4,burst,887,0.15304199999991397,28
0,4,burst,888,0.15200000000004366,28
0,4,burst,889,0.15170899999998255,28
0,4,burst,890,0.16012499999987995,28
0,4,burst,891,0.14691599999991922,28
0,4,burst,892,0.15383300000007694,28
0,4,burst,893,0.14699999999993452,28
0,4,burst,894,0.14850000000001273,28
0,4,burst,895,0.1271670000000995,28
0,4,burst,896,0.13341600000012477,28
0,4,burst,897,0.1247920000000704,28
0,4,burst,898,0.12933399999997164,28
0,4,burst,899,0.12591699999984485,28
0,4,burst,900,0.12291699999991579,28
0,4,burst,901,0.12479099999995924,28
0,4,burst,902,0.14108299999998053,28
0,4,burst,903,0.13525000000004184,28
0,4,burst,904,0.13637499999981628,28
0,4,burst,905,0.12308400000006259,28
0,4,burst,906,0.13395900000000438,28
0,4,burst,907,0.12175000000002001,28
0,4,burst,908,0.12812499999995453,28
0,4,burst,909,0.11879199999998491,28
0,4,burst,910,0.13533400000005713,28
0,4,burst,911,0.13208399999984977,28
0,4,burst,912,0.12704200000007404,28
0,4,burst,913,0.12158300000010058,28
0,4,burst,914,0.12279100000000653,28
0,4,burst,915,0.12445800000000418,28
0,4,burst,916,0.12170799999989868,28
0,4,burst,917,0.1266249999998763,28
0,4,burst,918,0.2067500000000564,28
0,4,burst,919,0.13075000000003456,28
0,4,burst,920,0.13041699999985212,28
0,4,burst,921,0.1342499999998381,28
0,4,burst,922,0.12733400000001893,28
0,4,burst,923,0.13237499999991087,28
0,4,burst,924,0.12024999999994179,28
0,4,burst,925,0.12941700000010314,28
0,4,burst,926,0.12124999999991815,28
0,4,burst,927,0.12225000000012187,28
0,4,burst,928,0.10579200000006495,28
0,4,burst,929,0.1113749999999527,28
0,4,burst,930,0.1074580000001788,28
0,4,burst,931,0.11650000000008731,28
0,4,burst,932,0.10837500000002365,28
0,4,burst,933,0.1058339999999589,28
0,4,burst,934,0.10291699999993398,28
0,4,burst,935,0.11316599999986465,28
0,4,burst,936,0.10266699999988305,28
0,4,burst,937,0.11420799999996234,28
0,4,burst,938,0.10691700000006676,28
0,4,burst,939,0.1146249999999327,28
0,4,burst,940,0.10762499999987085,28
0,4,burst,941,0.9677910000000338,28
0,4,burst,942,0.10795799999982592,28
0,4,burst,943,0.10387500000001637,28
0,4,burst,944,0.10604200000011588,28
0,4,burst,945,0.10416699999996126,28
0,4,burst,946,0.10237500000016553,28
0,4,burst,947,0.1035829999998441,28
0,4,burst,948,0.10533299999997325,28
0,4,burst,949,0.10279100000002472,28
0,4,burst,950,0.10170799999991686,28
0,4,burst,951,0.09054100000003018,28
0,4,burst,952,0.05625000000009095,28
0,4,burst,953,0.05808300000012423,28
0,4,burst,954,0.05424999999991087,28
0,4,burst,955,0.05395799999996598,28
0,4,burst,956,0.05837500000006912,28
0,4,burst,957,0.055499999999938154,28
0,4,burst,958,0.05566699999985758,28
0,4,burst,959,0.05520799999999326,28
0,4,burst,960,0.0572909999998501,28
0,4,burst,961,0.056125000000065484,28
0,4,burst,962,0.05445799999984047,28
0,4,burst,963,0.056207999999969616,28
0,4,burst,964,0.05595800000014606,28
0,4,burst,965,0.055791999999883046,28
0,4,burst,966,0.05458299999986593,28
0,4,burst,967,0.055749999999989086,28
0,4,burst,968,0.055499999999938154,28
0,4,burst,969,0.0572500000000673,28
0,4,burst,970,0.056166999999959444,28
0,4,burst,971,0.053458999999975276,28
0,4,burst,972,0.05662500000016735,28
0,4,burst,973,0.05274999999983265,28
0,4,burst,974,0.05475000000001273,28
0,4,burst,975,0.07000000000016371,28
0,4,burst,976,0.08262500000000728,28
0,4,burst,977,0.0832079999997859,28
0,4,burst,978,0.08116599999993923,28
0,4,burst,979,0.07895799999982955,28
0,4,burst,980,0.08275000000003274,28
0,4,burst,981,0.07904099999996106,28
0,4,burst,982,0.08154199999989942,28
0,4,burst,983,0.07991700000002311,28
0,4,burst,984,0.08545800000001691,28
0,4,burst,985,0.08237499999995634,28
0,4,burst,986,0.0811670000000504,28
0,4,burst,987,0.08004100000016479,28
0,4,burst,988,0.08124999999995453,28
0,4,burst,989,0.07974999999987631,28
0,4,burst,990,0.08112499999992906,28
0,4,burst,991,0.08379099999979189,28
0,4,burst,992,0.08195799999998599,28
0,4,burst,993,0.08241700000007768,28
0,4,burst,994,0.0809590000001208,28
0,4,burst,995,0.08112500000015643,28
0,4,burst,996,0.08054200000015044,28
0,4,burst,997,0.07966699999997218,28
0,4,burst,998,0.0807079999999587,28
0,4,burst,999,0.08429099999989376,28
1,1,idle,0,0.0011249999997744453,0
1,1,idle,1,0.0011670000001231529,0
1,1,idle,2,0.001040999999986525,0
1,1,idle,3,0.0016669999999976426,0
1,1,idle,4,0.001583999999866137,0
1,1,idle,5,0.0012080000001333246,0
1,1,idle,6,0.001125000000001819,0
1,1,idle,7,0.0011660000000119908,0
1,1,idle,8,0.0011670000001231529,0
1,1,idle,9,0.001458999999840671,0
1,1,idle,10,0.0012500000000272848,0
1,1,idle,11,0.0010419999998703133,0
1,1,idle,12,0.001042000000097687,0
1,1,idle,13,0.001125000000001819,0
1,1,idle,14,0.0020839999999680003,0
1,1,idle,15,0.001209000000017113,0
1,1,idle,16,0.001042000000097687,0
1,1,idle,17,0.0010830000001078588,0
1,1,idle,18,0.0010830000001078588,0
1,1,idle,19,0.0011660000000119908,0
1,1,idle,20,0.0014169999999467109,0
1,1,idle,21,0.0011669999998957792,0
1,1,idle,22,0.001125000000001819,0
1,1,idle,23,0.0010419999998703133,0
1,1,idle,24,0.0011660000000119908,0
1,1,idle,25,0.0014169999999467109,0
1,1,idle,26,0.0009999999999763531,0
1,1,idle,27,0.001125000000001819,0
1,1,idle,28,0.0011660000000119908,0
1,1,idle,29,0.001125000000001819,0
1,1,idle,30,0.0015410000000883883,0
1,1,idle,31,0.001125000000001819,0
1,1,idle,32,0.0010829999998804851,0
1,1,idle,33,0.001125000000001819,0
1,1,idle,34,0.0014999999998508429,0
1,1,idle,35,0.001374999999825377,0
1,1,idle,36,0.001125000000001819,0
1,1,idle,37,0.0011669999998957792,0
1,1,idle,38,0.0010829999998804851,0
1,1,idle,39,0.0011660000000119908,0
1,1,idle,40,0.001125000000001819,0
1,1,idle,41,0.001374999999825377,0
1,1,idle,42,0.001209000000017113,0
1,1,idle,43,0.0010839999999916472,0
1,1,idle,44,0.001125000000001819,0
1,1,idle,45,0.001125000000001819,0
1,1,idle,46,0.0015000000000782165,0
1,1,idle,47,0.001209000000017113,0
1,1,idle,48,0.0010839999999916472,0
1,1,idle,49,0.0011669999998957792,0
1,1,idle,50,0.001125000000001819,0
1,1,idle,51,0.0015419999999721767,0
1,1,idle,52,0.0011660000000119908,0
1,1,idle,53,0.0010829999998804851,0
1,1,idle,54,0.0011669999998957792,0
1,1,idle,55,0.0015000000000782165,0
1,1,idle,56,0.0014169999999467109,0
1,1,idle,57,0.001209000000017113,0
1,1,idle,58,0.0010839999999916472,0
1,1,idle,59,0.001125000000001819,0
1,1,idle,60,0.0010829999998804851,0
1,1,idle,61,0.001125000000001819,0
1,1,idle,62,0.0013329999999314168,0
1,1,idle,63,0.0013750000000527507,0
1,1,idle,64,0.0013339999998152052,0
1,1,idle,65,0.0015840000000935106,0
1,1,idle,66,0.0010839999999916472,0
1,1,idle,67,0.0015000000000782165,0
1,1,idle,68,0.0010829999998804851,0
1,1,idle,69,0.0010829999998804851,0
1,1,idle,70,0.001291999999921245,0
1,1,idle,71,0.0010839999999916472,0
1,1,idle,72,0.0015419999999721767,0
1,1,idle,73,0.0010830000001078588,0
1,1,idle,74,0.0010830000001078588,0
1,1,idle,75,0.001125000000001819,0
1,1,idle,76,0.001042000000097687,0
1,1,idle,77,0.0015410000000883883,0
1,1,idle,78,0.0012080000001333246,0
1,1,idle,79,0.001042000000097687,0
1,1,idle,80,0.001125000000001819,0
1,1,idle,81,0.0010830000001078588,0
1,1,idle,82,0.0011670000001231529,0
1,1,idle,83,0.0032919999998739513,0
1,1,idle,84,0.001125000000001819,0
1,1,idle,85,0.0010839999999916472,0
1,1,idle,86,0.0010839999999916472,0
1,1,idle,87,0.001125000000001819,0
1,1,idle,88,0.0014169999999467109,0
1,1,idle,89,0.0011670000001231529,0
1,1,idle,90,0.001040999999986525,0
1,1,idle,91,0.0011669999998957792,0
1,1,idle,92,0.002250000000003638,0
1,1,idle,93,0.0014169999999467109,0
1,1,idle,94,0.0010839999999916472,0
1,1,idle,95,0.001125000000001819,0
1,1,idle,96,0.0015829999999823485,0
1,1,idle,97,0.0013750000000527507,0
1,1,idle,98,0.001125000000001819,0
1,1,idle,99,0.0014590000000680448,0
1,1,idle,100,0.0013339999998152052,0
1,1,idle,101,0.0010839999999916472,0
1,1,idle,102,0.0010839999999916472,0
1,1,idle,103,0.001209000000017113,0
1,1,idle,104,0.0014170000001740846,0
1,1,idle,105,0.001125000000001819,0
1,1,idle,106,0.0010419999998703133,0
1,1,idle,107,0.0011660000000119908,0
1,1,idle,108,0.001125000000001819,0
1,1,idle,109,0.0013329999999314168,0
1,1,idle,110,0.0011660000000119908,0
1,1,idle,111,0.001125000000001819,0
1,1,idle,112,0.0012080000001333246,0
1,1,idle,113,0.001125000000001819,0
1,1,idle,114,0.0014590000000680448,0
1,1,idle,115,0.001125000000001819,0
1,1,idle,116,0.0012080000001333246,0
1,1,idle,117,0.0011670000001231529,0
1,1,idle,118,0.0010419999998703133,0
1,1,idle,119,0.0010829999998804851,0
1,1,idle,120,0.0014159999998355488,0
1,1,idle,121,0.0010419999998703133,0
1,1,idle,122,0.001042000000097687,0
1,1,idle,123,0.0013330000001587905,0
1,1,idle,124,0.0011660000000119908,0
1,1,idle,125,0.0013329999999314168,0
1,1,idle,126,0.001125000000001819,0
1,1,idle,127,0.0016250000001036824,0
1,1,idle,128,0.0013330000001587905,0
1,1,idle,129,0.0010830000001078588,0
1,1,idle,130,0.0015000000000782165,0
1,1,idle,131,0.0014160000000629225,0
1,1,idle,132,0.001042000000097687,0
1,1,idle,133,0.0011669999998957792,0
1,1,idle,134,0.0010829999998804851,0
1,1,idle,135,0.0013750000000527507,0
1,1,idle,136,0.0010839999999916472,0
1,1,idle,137,0.0010839999999916472,0
1,1,idle,138,0.0010839999999916472,0
1,1,idle,139,0.0014999999998508429,0
1,1,idle,140,0.0010829999998804851,0
1,1,idle,141,0.0014579999999568827,0
1,1,idle,142,0.0011670000001231529,0
1,1,idle,143,0.001125000000001819,0
1,1,idle,144,0.001125000000001819,0
1,1,idle,145,0.0012500000000272848,0
1,1,idle,146,0.0014169999999467109,0
1,1,idle,147,0.0012080000001333246,0
1,1,idle,148,0.0011660000000119908,0
1,1,idle,149,0.0010829999998804851,0
1,1,idle,150,0.0010829999998804851,0
1,1,idle,151,0.0014579999999568827,0
1,1,idle,152,0.001042000000097687,0
1,1,idle,153,0.0010419999998703133,0
1,1,idle,154,0.001207999999905951,0
1,1,idle,155,0.0010829999998804851,0
1,1,idle,156,0.0019579999998313724,0
1,1,idle,157,0.001125000000001819,0
1,1,idle,158,0.0015419999999721767,0
1,1,idle,159,0.0010830000001078588,0
1,1,idle,160,0.0010830000001078588,0
1,1,idle,161,0.001125000000001819,0
1,1,idle,162,0.0014590000000680448,0
1,1,idle,163,0.001042000000097687,0
1,1,idle,164,0.0010830000001078588,0
1,1,idle,165,0.0010830000001078588,0
1,1,idle,166,0.0011660000000119908,0
1,1,idle,167,0.0013750000000527507,0
1,1,idle,168,0.001125000000001819,0
1,1,idle,169,0.0010839999999916472,0
1,1,idle,170,0.001125000000001819,0
1,1,idle,171,0.0010830000001078588,0
1,1,idle,172,0.0013750000000527507,0
1,1,idle,173,0.0012080000001333246,0
1,1,idle,174,0.0009999999999763531,0
1,1,idle,175,0.0016250000001036824,0
1,1,idle,176,0.0010830000001078588,0
1,1,idle,177,0.0014579999999568827,0
1,1,idle,178,0.0010829999998804851,0
1,1,idle,179,0.001125000000001819,0
1,1,idle,180,0.0010830000001078588,0
1,1,idle,181,0.0015410000000883883,0
1,1,idle,182,0.0011670000001231529,0
1,1,idle,183,0.0013750000000527507,0
1,1,idle,184,0.0010830000001078588,0
1,1,idle,185,0.0011669999998957792,0
1,1,idle,186,0.0011670000001231529,0
1,1,idle,187,0.001125000000001819,0
1,1,idle,188,0.001959000000169908,0
1,1,idle,189,0.0014169999999467109,0
1,1,idle,190,0.0010830000001078588,0
1,1,idle,191,0.0010830000001078588,0
1,1,idle,192,0.001125000000001819,0
1,1,idle,193,0.0013750000000527507,0
1,1,idle,194,0.001042000000097687,0
1,1,idle,195,0.0011669999998957792,0
1,1,idle,196,0.001125000000001819,0
1,1,idle,197,0.001209000000017113,0
1,1,idle,198,0.0014169999999467109,0
1,1,idle,199,0.0015410000000883883,0
1,1,idle,200,0.001125000000001819,0
1,1,idle,201,0.001125000000001819,0
1,1,idle,202,0.001125000000001819,0
1,1,idle,203,0.0012080000001333246,0
1,1,idle,204,0.0014169999999467109,0
1,1,idle,205,0.001209000000017113,0
1,1,idle,206,0.0010839999999916472,0
1,1,idle,207,0.0012500000000272848,0
1,1,idle,208,0.001125000000001819,0
1,1,idle,209,0.0014160000000629225,0
1,1,idle,210,0.0016669999999976426,0
1,1,idle,211,0.0012500000000272848,0
1,1,idle,212,0.0010419999998703133,0
1,1,idle,213,0.0010839999999916472,0
1,1,idle,214,0.0015000000000782165,0
1,1,idle,215,0.0013329999999314168,0
1,1,idle,216,0.0010829999998804851,0
1,1,idle,217,0.001125000000001819,0
1,1,idle,218,0.001125000000001819,0
1,1,idle,219,0.0010839999999916472,0
1,1,idle,220,0.0020839999999680003,0
1,1,idle,221,0.001209000000017113,0
1,1,idle,222,0.001875000000154614,0
1,1,idle,223,0.0012500000000272848,0
1,1,idle,224,0.001125000000001819,0
1,1,idle,225,0.0014170000001740846,0
1,1,idle,226,0.0010830000001078588,0
1,1,idle,227,0.001125000000001819,0
1,1,idle,228,0.001042000000097687,0
1,1,idle,229,0.001207999999905951,0
1,1,idle,230,0.0013329999999314168,0
1,1,idle,231,0.001040999999986525,0
1,1,idle,232,0.001042000000097687,0
1,1,idle,233,0.0010419999998703133,0
1,1,idle,234,0.0011660000000119908,0
1,1,idle,235,0.0015000000000782165,0
1,1,idle,236,0.0011660000000119908,0
1,1,idle,237,0.001125000000001819,0
1,1,idle,238,0.001040999999986525,0
1,1,idle,239,0.001291999999921245,0
1,1,idle,240,0.0010839999999916472,0
1,1,idle,241,0.0015000000000782165,0
1,1,idle,242,0.0010830000001078588,0
1,1,idle,243,0.0010830000001078588,0
1,1,idle,244,0.001125000000001819,0
1,1,idle,245,0.0028749999999035936,0
1,1,idle,246,0.0015830000002097222,0
1,1,idle,247,0.001291999999921245,0
1,1,idle,248,0.001209000000017113,0
1,1,idle,249,0.0010830000001078588,0
1,1,idle,250,0.0010830000001078588,0
1,1,idle,251,0.0015000000000782165,0
1,1,idle,252,0.0010830000001078588,0
1,1,idle,253,0.001040999999986525,0
1,1,idle,254,0.0010829999998804851,0
1,1,idle,255,0.0010419999998703133,0
1,1,idle,256,0.0014170000001740846,0
1,1,idle,257,0.0010830000001078588,0
1,1,idle,258,0.0010830000001078588,0
1,1,idle,259,0.0012080000001333246,0
1,1,idle,260,0.0011660000000119908,0
1,1,idle,261,0.001875000000154614,0
1,1,idle,262,0.0015000000000782165,0
1,1,idle,263,0.0011669999998957792,0
1,1,idle,264,0.001207999999905951,0
1,1,idle,265,0.0014579999999568827,0
1,1,idle,266,0.0015000000000782165,0
1,1,idle,267,0.0015000000000782165,0
1,1,idle,268,0.0012500000000272848,0
1,1,idle,269,0.0009999999999763531,0
1,1,idle,270,0.001042000000097687,0
1,1,idle,271,0.0010830000001078588,0
1,1,idle,272,0.0014160000000629225,0
1,1,idle,273,0.001291999999921245,0
1,1,idle,274,0.0010839999999916472,0
1,1,idle,275,0.001042000000097687,0
1,1,idle,276,0.001125000000001819,0
1,1,idle,277,0.0013750000000527507,0
1,1,idle,278,0.001042000000097687,0
1,1,idle,279,0.001125000000001819,0
1,1,idle,280,0.0010830000001078588,0
1,1,idle,281,0.001125000000001819,0
1,1,idle,282,0.001040999999986525,0
1,1,idle,283,0.0014169999999467109,0
1,1,idle,284,0.0010839999999916472,0
1,1,idle,285,0.001125000000001819,0
1,1,idle,286,0.0015419999999721767,0
1,1,idle,287,0.0011669999998957792,0
1,1,idle,288,0.0013329999999314168,0
1,1,idle,289,0.0010829999998804851,0
1,1,idle,290,0.001165999999784617,0
1,1,idle,291,0.001125000000001819,0
1,1,idle,292,0.0010830000001078588,0
1,1,idle,293,0.0013330000001587905,0
1,1,idle,294,0.0010830000001078588,0
1,1,idle,295,0.001040999999986525,0
1,1,idle,296,0.0010419999998703133,0
1,1,idle,297,0.001042000000097687,0
1,1,idle,298,0.0010830000001078588,0
1,1,idle,299,0.0014579999999568827,0
1,1,idle,300,0.0011660000000119908,0
1,1,idle,301,0.001042000000097687,0
1,1,idle,302,0.001209000000017113,0
1,1,idle,303,0.0016249999998763087,0
1,1,idle,304,0.0016249999998763087,0
1,1,idle,305,0.0012500000000272848,0
1,1,idle,306,0.0010839999999916472,0
1,1,idle,307,0.001374999999825377,0
1,1,idle,308,0.001125000000001819,0
1,1,idle,309,0.0014160000000629225,0
1,1,idle,310,0.001125000000001819,0
1,1,idle,311,0.001165999999784617,0
1,1,idle,312,0.001042000000097687,0
1,1,idle,313,0.0010840000002190209,0
1,1,idle,314,0.0016250000001036824,0
1,1,idle,315,0.001125000000001819,0
1,1,idle,316,0.001040999999986525,0
1,1,idle,317,0.001042000000097687,0
1,1,idle,318,0.0015419999999721767,0
1,1,idle,319,0.0010829999998804851,0
1,1,idle,320,0.0014999999998508429,0
1,1,idle,321,0.001125000000001819,0
1,1,idle,322,0.001125000000001819,0
1,1,idle,323,0.0010829999998804851,0
1,1,idle,324,0.0010829999998804851,0
1,1,idle,325,0.0014579999999568827,0
1,1,idle,326,0.0013330000001587905,0
1,1,idle,327,0.001042000000097687,0
1,1,idle,328,0.001125000000001819,0
1,1,idle,329,0.0010830000001078588,0
1,1,idle,330,0.0013750000000527507,0
1,1,idle,331,0.001125000000001819,0
1,1,idle,332,0.0013750000000527507,0
1,1,idle,333,0.001125000000001819,0
1,1,idle,334,0.001207999999905951,0
1,1,idle,335,0.0014159999998355488,0
1,1,idle,336,0.001042000000097687,0
1,1,idle,337,0.001125000000001819,0
1,1,idle,338,0.0010829999998804851,0
1,1,idle,339,0.0010829999998804851,0
1,1,idle,340,0.001125000000001819,0
1,1,idle,341,0.00200000000018008,0
1,1,idle,342,0.0016669999999976426,0
1,1,idle,343,0.0009999999999763531,0
1,1,idle,344,0.0019589999999425345,0
1,1,idle,345,0.0011670000001231529,0
1,1,idle,346,0.0015410000000883883,0
1,1,idle,347,0.0010830000001078588,0
1,1,idle,348,0.001042000000097687,0
1,1,idle,349,0.0010419999998703133,0
1,1,idle,350,0.001125000000001819,0
1,1,idle,351,0.0013750000000527507,0
1,1,idle,352,0.0011669999998957792,0
1,1,idle,353,0.0011670000001231529,0
1,1,idle,354,0.0010830000001078588,0
1,1,idle,355,0.0010830000001078588,0
1,1,idle,356,0.0014580000001842564,0
1,1,idle,357,0.001040999999986525,0
1,1,idle,358,0.0010419999998703133,0
1,1,idle,359,0.001125000000001819,0
1,1,idle,360,0.0009999999999763531,0
1,1,idle,361,0.001125000000001819,0
1,1,idle,362,0.0013750000000527507,0
1,1,idle,363,0.0010830000001078588,0
1,1,idle,364,0.0010830000001078588,0
1,1,idle,365,0.0011670000001231529,0
1,1,idle,366,0.001125000000001819,0
1,1,idle,367,0.0014579999999568827,0
1,1,idle,368,0.0010829999998804851,0
1,1,idle,369,0.0013750000000527507,0
1,1,idle,370,0.0012500000000272848,0
1,1,idle,371,0.0016249999998763087,0
1,1,idle,372,0.0013750000000527507,0
1,1,idle,373,0.0012080000001333246,0
1,1,idle,374,0.0010830000001078588,0
1,1,idle,375,0.001125000000001819,0
1,1,idle,376,0.0009999999999763531,0
1,1,idle,377,0.0013750000000527507,0
1,1,idle,378,0.0009999999999763531,0
1,1,idle,379,0.001209000000017113,0
1,1,idle,380,0.0010839999999916472,0
1,1,idle,381,0.0010839999999916472,0
1,1,idle,382,0.0010419999998703133,0
1,1,idle,383,0.0013329999999314168,0
1,1,idle,384,0.0011660000000119908,0
1,1,idle,385,0.0016669999999976426,0
1,1,idle,386,0.0011669999998957792,0
1,1,idle,387,0.001125000000001819,0
1,1,idle,388,0.001458999999840671,0
1,1,idle,389,0.0010839999999916472,0
1,1,idle,390,0.001125000000001819,0
1,1,idle,391,0.001291999999921245,0
1,1,idle,392,0.001042000000097687,0
1,1,idle,393,0.0014579999999568827,0
1,1,idle,394,0.001207999999905951,0
1,1,idle,395,0.0010829999998804851,0
1,1,idle,396,0.0010829999998804851,0
1,1,idle,397,0.0017080000000078144,0
1,1,idle,398,0.001125000000001819,0
1,1,idle,399,0.0017090000001189765,0
1,1,idle,400,0.0010840000002190209,0
1,1,idle,401,0.001125000000001819,0
1,1,idle,402,0.0010829999998804851,0
1,1,idle,403,0.0010829999998804851,0
1,1,idle,404,0.0013329999999314168,0
1,1,idle,405,0.0011669999998957792,0
1,1,idle,406,0.0014590000000680448,0
1,1,idle,407,0.0011669999998957792,0
1,1,idle,408,0.001125000000001819,0
1,1,idle,409,0.001583999999866137,0
1,1,idle,410,0.001125000000001819,0
1,1,idle,411,0.0010829999998804851,0
1,1,idle,412,0.001374999999825377,0
1,1,idle,413,0.0010829999998804851,0
1,1,idle,414,0.0016249999998763087,0
1,1,idle,415,0.001125000000001819,0
1,1,idle,416,0.0010829999998804851,0
1,1,idle,417,0.001125000000001819,0
1,1,idle,418,0.0010830000001078588,0
1,1,idle,419,0.0012080000001333246,0
1,1,idle,420,0.0013329999999314168,0
1,1,idle,421,0.0010829999998804851,0
1,1,idle,422,0.0011660000000119908,0
1,1,idle,423,0.001125000000001819,0
1,1,idle,424,0.001040999999986525,0
1,1,idle,425,0.0018330000000332802,0
1,1,idle,426,0.0010839999999916472,0
1,1,idle,427,0.001042000000097687,0
1,1,idle,428,0.0011660000000119908,0
1,1,idle,429,0.001125000000001819,0
1,1,idle,430,0.0015410000000883883,0
1,1,idle,431,0.0028330000000096334,0
1,1,idle,432,0.0015829999999823485,0
1,1,idle,433,0.0010829999998804851,0
1,1,idle,434,0.0010829999998804851,0
1,1,idle,435,0.0013750000000527507,0
1,1,idle,436,0.0010830000001078588,0
1,1,idle,437,0.001040999999986525,0
1,1,idle,438,0.001125000000001819,0
1,1,idle,439,0.0010830000001078588,0
1,1,idle,440,0.0010830000001078588,0
1,1,idle,441,0.0013750000000527507,0
1,1,idle,442,0.0011669999998957792,0
1,1,idle,443,0.0010829999998804851,0
1,1,idle,444,0.0011660000000119908,0
1,1,idle,445,0.001125000000001819,0
1,1,idle,446,0.001374999999825377,0
1,1,idle,447,0.0010839999999916472,0
1,1,idle,448,0.0010839999999916472,0
1,1,idle,449,0.0011670000001231529,0
1,1,idle,450,0.0010830000001078588,0
1,1,idle,451,0.0013330000001587905,0
1,1,idle,452,0.001207999999905951,0
1,1,idle,453,0.0010829999998804851,0
1,1,idle,454,0.0011660000000119908,0
1,1,idle,455,0.0010830000001078588,0
1,1,idle,456,0.0013750000000527507,0
1,1,idle,457,0.0012499999997999112,0
1,1,idle,458,0.0011670000001231529,0
1,1,idle,459,0.001040999999986525,0
1,1,idle,460,0.001291999999921245,0
1,1,idle,461,0.001334000000042579,0
1,1,idle,462,0.0014590000000680448,0
1,1,idle,463,0.0010839999999916472,0
1,1,idle,464,0.001291999999921245,0
1,1,idle,465,0.0010830000001078588,0
1,1,idle,466,0.0014160000000629225,0
1,1,idle,467,0.0019169999998212006,0
1,1,idle,468,0.001125000000001819,0
1,1,idle,469,0.0010419999998703133,0
1,1,idle,470,0.001209000000017113,0
1,1,idle,471,0.001125000000001819,0
1,1,idle,472,0.0014579999999568827,0
1,1,idle,473,0.001040999999986525,0
1,1,idle,474,0.001042000000097687,0
1,1,idle,475,0.0010839999999916472,0
1,1,idle,476,0.001125000000001819,0
1,1,idle,477,0.0012500000000272848,0
1,1,idle,478,0.0011660000000119908,0
1,1,idle,479,0.001042000000097687,0
1,1,idle,480,0.001207999999905951,0
1,1,idle,481,0.0010419999998703133,0
1,1,idle,482,0.0010839999999916472,0
1,1,idle,483,0.0012500000000272848,0
1,1,idle,484,0.0011669999998957792,0
1,1,idle,485,0.001042000000097687,0
1,1,idle,486,0.001125000000001819,0
1,1,idle,487,0.0011670000001231529,0
1,1,idle,488,0.0014579999999568827,0
1,1,idle,489,0.001125000000001819,0
1,1,idle,490,0.001125000000001819,0
1,1,idle,491,0.0010830000001078588,0
1,1,idle,492,0.001125000000001819,0
1,1,idle,493,0.0038329999999859865,0
1,1,idle,494,0.0011660000000119908,0
1,1,idle,495,0.0011669999998957792,0
1,1,idle,496,0.001209000000017113,0
1,1,idle,497,0.0009999999999763531,0
1,1,idle,498,0.0011670000001231529,0
1,1,idle,499,0.0014579999999568827,0
1,1,idle,500,0.0010830000001078588,0
1,1,idle,501,0.0010000000002037268,0
1,1,idle,502,0.0010419999998703133,0
1,1,idle,503,0.0010829999998804851,0
1,1,idle,504,0.0012499999997999112,0
1,1,idle,505,0.0010839999999916472,0
1,1,idle,506,0.001042000000097687,0
1,1,idle,507,0.001040999999986525,0
1,1,idle,508,0.0016669999999976426,0
1,1,idle,509,0.0017499999999017746,0
1,1,idle,510,0.001207999999905951,0
1,1,idle,511,0.0009999999999763531,0
1,1,idle,512,0.0012910000000374566,0
1,1,idle,513,0.0012499999997999112,0
1,1,idle,514,0.0014579999999568827,0
1,1,idle,515,0.001125000000001819,0
1,1,idle,516,0.0010830000001078588,0
1,1,idle,517,0.0010830000001078588,0
1,1,idle,518,0.0010410000002138986,0
1,1,idle,519,0.0011669999998957792,0
1,1,idle,520,0.0013750000000527507,0
1,1,idle,521,0.0010419999998703133,0
1,1,idle,522,0.001291999999921245,0
1,1,idle,523,0.001040999999986525,0
1,1,idle,524,0.0011670000001231529,0
1,1,idle,525,0.0013750000000527507,0
1,1,idle,526,0.001125000000001819,0
1,1,idle,527,0.0010829999998804851,0
1,1,idle,528,0.0010829999998804851,0
1,1,idle,529,0.001040999999986525,0
1,1,idle,530,0.0013750000000527507,0
1,1,idle,531,0.0010830000001078588,0
1,1,idle,532,0.001040999999986525,0
1,1,idle,533,0.0016669999999976426,0
1,1,idle,534,0.0010839999999916472,0
1,1,idle,535,0.0013750000000527507,0
1,1,idle,536,0.0010830000001078588,0
1,1,idle,537,0.001125000000001819,0
1,1,idle,538,0.0010830000001078588,0
1,1,idle,539,0.0010410000002138986,0
1,1,idle,540,0.001125000000001819,0
1,1,idle,541,0.0012500000000272848,0
1,1,idle,542,0.001125000000001819,0
1,1,idle,543,0.0010419999998703133,0
1,1,idle,544,0.001125000000001819,0
1,1,idle,545,0.001125000000001819,0
1,1,idle,546,0.0015000000000782165,0
1,1,idle,547,0.0010839999999916472,0
1,1,idle,548,0.0009999999999763531,0
1,1,idle,549,0.0011670000001231529,0
1,1,idle,550,0.0032089999999698193,0
1,1,idle,551,0.0016249999998763087,0
1,1,idle,552,0.001207999999905951,0
1,1,idle,553,0.0010419999998703133,0
1,1,idle,554,0.0012500000000272848,0
1,1,idle,555,0.0014169999999467109,0
1,1,idle,556,0.0014580000001842564,0
1,1,idle,557,0.0010830000001078588,0
1,1,idle,558,0.001040999999986525,0
1,1,idle,559,0.0010829999998804851,0
1,1,idle,560,0.0011669999998957792,0
1,1,idle,561,0.001125000000001819,0
1,1,idle,562,0.0013330000001587905,0
1,1,idle,563,0.0011670000001231529,0
1,1,idle,564,0.001125000000001819,0
1,1,idle,565,0.0010830000001078588,0
1,1,idle,566,0.001125000000001819,0
1,1,idle,567,0.0013329999999314168,0
1,1,idle,568,0.001040999999986525,0
1,1,idle,569,0.0010829999998804851,0
1,1,idle,570,0.0010419999998703133,0
1,1,idle,571,0.0010839999999916472,0
1,1,idle,572,0.001334000000042579,0
1,1,idle,573,0.0010839999999916472,0
1,1,idle,574,0.0010839999999916472,0
1,1,idle,575,0.001209000000017113,0
1,1,idle,576,0.001125000000001819,0
1,1,idle,577,0.0014580000001842564,0
1,1,idle,578,0.001125000000001819,0
1,1,idle,579,0.0010829999998804851,0
1,1,idle,580,0.0009999999999763531,0
1,1,idle,581,0.0010839999999916472,0
1,1,idle,582,0.0010839999999916472,0
1,1,idle,583,0.001458999999840671,0
1,1,idle,584,0.0010839999999916472,0
1,1,idle,585,0.0013750000000527507,0
1,1,idle,586,0.001042000000097687,0
1,1,idle,587,0.0010839999999916472,0
1,1,idle,588,0.0015000000000782165,0
1,1,idle,589,0.001125000000001819,0
1,1,idle,590,0.0010829999998804851,0
1,1,idle,591,0.001040999999986525,0
1,1,idle,592,0.002167000000099506,0
1,1,idle,593,0.0014169999999467109,0
1,1,idle,594,0.0011660000000119908,0
1,1,idle,595,0.0010419999998703133,0
1,1,idle,596,0.0011670000001231529,0
1,1,idle,597,0.0012080000001333246,0
1,1,idle,598,0.001125000000001819,0
1,1,idle,599,0.0013750000000527507,0
1,1,idle,600,0.0015000000000782165,0
1,1,idle,601,0.001125000000001819,0
1,1,idle,602,0.0013750000000527507,0
1,1,idle,603,0.0011669999998957792,0
1,1,idle,604,0.001291999999921245,0
1,1,idle,605,0.001125000000001819,0
1,1,idle,606,0.001209000000017113,0
1,1,idle,607,0.0010839999999916472,0
1,1,idle,608,0.0010839999999916472,0
1,1,idle,609,0.0014169999999467109,0
1,1,idle,610,0.001042000000097687,0
1,1,idle,611,0.001040999999986525,0
1,1,idle,612,0.0010419999998703133,0
1,1,idle,613,0.001042000000097687,0
1,1,idle,614,0.0017080000000078144,0
1,1,idle,615,0.0011660000000119908,0
1,1,idle,616,0.001125000000001819,0
1,1,idle,617,0.0014999999998508429,0
1,1,idle,618,0.0012920000001486187,0
1,1,idle,619,0.0010830000001078588,0
1,1,idle,620,0.0017909999999119464,0
1,1,idle,621,0.0011669999998957792,0
1,1,idle,622,0.0010839999999916472,0
1,1,idle,623,0.0011670000001231529,0
1,1,idle,624,0.0010830000001078588,0
1,1,idle,625,0.0013330000001587905,0
1,1,idle,626,0.001042000000097687,0
1,1,idle,627,0.001040999999986525,0
1,1,idle,628,0.001207999999905951,0
1,1,idle,629,0.0012080000001333246,0
1,1,idle,630,0.0014170000001740846,0
1,1,idle,631,0.0010840000002190209,0
1,1,idle,632,0.0010000000002037268,0
1,1,idle,633,0.0010830000001078588,0
1,1,idle,634,0.003958000000011452,0
1,1,idle,635,0.0015420000001995504,0
1,1,idle,636,0.0012089999997897394,0
1,1,idle,637,0.001209000000017113,0
1,1,idle,638,0.0010839999999916472,0
1,1,idle,639,0.0012500000000272848,0
1,1,idle,640,0.0010419999998703133,0
1,1,idle,641,0.0013750000000527507,0
1,1,idle,642,0.001125000000001819,0
1,1,idle,643,0.0010829999998804851,0
1,1,idle,644,0.0010829999998804851,0
1,1,idle,645,0.001040999999986525,0
1,1,idle,646,0.0015000000000782165,0
1,1,idle,647,0.0011660000000119908,0
1,1,idle,648,0.0010829999998804851,0
1,1,idle,649,0.0010829999998804851,0
1,1,idle,650,0.0010419999998703133,0
1,1,idle,651,0.0014590000000680448,0
1,1,idle,652,0.0010839999999916472,0
1,1,idle,653,0.0015000000000782165,0
1,1,idle,654,0.0011670000001231529,0
1,1,idle,655,0.0010839999999916472,0
1,1,idle,656,0.001458999999840671,0
1,1,idle,657,0.0010839999999916472,0
1,1,idle,658,0.001334000000042579,0
1,1,idle,659,0.001042000000097687,0
1,1,idle,660,0.0012500000000272848,0
1,1,idle,661,0.0010419999998703133,0
1,1,idle,662,0.0014160000000629225,0
1,1,idle,663,0.001042000000097687,0
1,1,idle,664,0.0010839999999916472,0
1,1,idle,665,0.001125000000001819,0
1,1,idle,666,0.001042000000097687,0
1,1,idle,667,0.001583999999866137,0
1,1,idle,668,0.001125000000001819,0
1,1,idle,669,0.0010829999998804851,0
1,1,idle,670,0.0009999999999763531,0
1,1,idle,671,0.0012080000001333246,0
1,1,idle,672,0.0013329999999314168,0
1,1,idle,673,0.0010829999998804851,0
1,1,idle,674,0.0009579999998550193,0
1,1,idle,675,0.0018749999999272404,0
1,1,idle,676,0.0016250000001036824,0
1,1,idle,677,0.0013750000000527507,0
1,1,idle,678,0.0012080000001333246,0
1,1,idle,679,0.0017080000000078144,0
1,1,idle,680,0.0010829999998804851,0
1,1,idle,681,0.001125000000001819,0
1,1,idle,682,0.001209000000017113,0
1,1,idle,683,0.0014169999999467109,0
1,1,idle,684,0.0010830000001078588,0
1,1,idle,685,0.001125000000001819,0
1,1,idle,686,0.0010839999999916472,0
1,1,idle,687,0.001125000000001819,0
1,1,idle,688,0.0013329999999314168,0
1,1,idle,689,0.001125000000001819,0
1,1,idle,690,0.0011660000000119908,0
1,1,idle,691,0.0010830000001078588,0
1,1,idle,692,0.0010830000001078588,0
1,1,idle,693,0.0017080000000078144,0
1,1,idle,694,0.0010419999998703133,0
1,1,idle,695,0.001209000000017113,0
1,1,idle,696,0.001209000000017113,0
1,1,idle,697,0.001042000000097687,0
1,1,idle,698,0.0012500000000272848,0
1,1,idle,699,0.0014169999999467109,0
1,1,idle,700,0.0010829999998804851,0
1,1,idle,701,0.0010829999998804851,0
1,1,idle,702,0.001125000000001819,0
1,1,idle,703,0.0011249999997744453,0
1,1,idle,704,0.0014169999999467109,0
1,1,idle,705,0.0012920000001486187,0
1,1,idle,706,0.001040999999986525,0
1,1,idle,707,0.0010830000001078588,0
1,1,idle,708,0.001125000000001819,0
1,1,idle,709,0.0014579999999568827,0
1,1,idle,710,0.0010829999998804851,0
1,1,idle,711,0.0010829999998804851,0
1,1,idle,712,0.0014579999999568827,0
1,1,idle,713,0.0011660000000119908,0
1,1,idle,714,0.0015419999999721767,0
1,1,idle,715,0.0011669999998957792,0
1,1,idle,716,0.001040999999986525,0
1,1,idle,717,0.0011670000001231529,0
1,1,idle,718,0.001583999999866137,0
1,1,idle,719,0.0010839999999916472,0
1,1,idle,720,0.001334000000042579,0
1,1,idle,721,0.0010839999999916472,0
1,1,idle,722,0.0011669999998957792,0
1,1,idle,723,0.001125000000001819,0
1,1,idle,724,0.0010419999998703133,0
1,1,idle,725,0.0014579999999568827,0
1,1,idle,726,0.0010830000001078588,0
1,1,idle,727,0.0010410000002138986,0
1,1,idle,728,0.001042000000097687,0
1,1,idle,729,0.001042000000097687,0
1,1,idle,730,0.0015409999998610147,0
1,1,idle,731,0.0009999999999763531,0
1,1,idle,732,0.0015829999999823485,0
1,1,idle,733,0.0012910000000374566,0
1,1,idle,734,0.0014579999999568827,0
1,1,idle,735,0.001374999999825377,0
1,1,idle,736,0.0014160000000629225,0
1,1,idle,737,0.0012500000000272848,0
1,1,idle,738,0.0010829999998804851,0
1,1,idle,739,0.0010419999998703133,0
1,1,idle,740,0.001125000000001819,0
1,1,idle,741,0.0018749999999272404,0
1,1,idle,742,0.0012080000001333246,0
1,1,idle,743,0.0013750000000527507,0
1,1,idle,744,0.001209000000017113,0
1,1,idle,745,0.0010839999999916472,0
1,1,idle,746,0.0014169999999467109,0
1,1,idle,747,0.001125000000001819,0
1,1,idle,748,0.0011669999998957792,0
1,1,idle,749,0.0010830000001078588,0
1,1,idle,750,0.001125000000001819,0
1,1,idle,751,0.0013750000000527507,0
1,1,idle,752,0.0010829999998804851,0
1,1,idle,753,0.0009999999999763531,0
1,1,idle,754,0.001125000000001819,0
1,1,idle,755,0.001042000000097687,0
1,1,idle,756,0.0013329999999314168,0
1,1,idle,757,0.001040999999986525,0
1,1,idle,758,0.001125000000001819,0
1,1,idle,759,0.001125000000001819,0
1,1,idle,760,0.0014590000000680448,0
1,1,idle,761,0.001125000000001819,0
1,1,idle,762,0.001291999999921245,0
1,1,idle,763,0.001042000000097687,0
1,1,idle,764,0.0010830000001078588,0
1,1,idle,765,0.0015000000000782165,0
1,1,idle,766,0.0010839999999916472,0
1,1,idle,767,0.0014169999999467109,0
1,1,idle,768,0.0010829999998804851,0
1,1,idle,769,0.0010829999998804851,0
1,1,idle,770,0.0012499999997999112,0
1,1,idle,771,0.0010839999999916472,0
1,1,idle,772,0.0015420000001995504,0
1,1,idle,773,0.0012910000000374566,0
1,1,idle,774,0.001125000000001819,0
1,1,idle,775,0.001040999999986525,0
1,1,idle,776,0.001042000000097687,0
1,1,idle,777,0.0014590000000680448,0
1,1,idle,778,0.0010840000002190209,0
1,1,idle,779,0.0010840000002190209,0
1,1,idle,780,0.0010840000002190209,0
1,1,idle,781,0.0010840000002190209,0
1,1,idle,782,0.0010840000002190209,0
1,1,idle,783,0.0012920000001486187,0
1,1,idle,784,0.0010830000001078588,0
1,1,idle,785,0.001040999999986525,0
1,1,idle,786,0.001125000000001819,0
1,1,idle,787,0.0011660000000119908,0
1,1,idle,788,0.0015829999999823485,0
1,1,idle,789,0.001125000000001819,0
1,1,idle,790,0.0011660000000119908,0
1,1,idle,791,0.001207999999905951,0
1,1,idle,792,0.001042000000097687,0
1,1,idle,793,0.0015000000000782165,0
1,1,idle,794,0.0010419999998703133,0
1,1,idle,795,0.001042000000097687,0
1,1,idle,796,0.0009999999999763531,0
1,1,idle,797,0.001209000000017113,0
1,1,idle,798,0.0015419999999721767,0
1,1,idle,799,0.001374999999825377,0
1,1,idle,800,0.001209000000017113,0
1,1,idle,801,0.001334000000042579,0
1,1,idle,802,0.0016669999999976426,0
1,1,idle,803,0.0015409999998610147,0
1,1,idle,804,0.0014999999998508429,0
1,1,idle,805,0.0010829999998804851,0
1,1,idle,806,0.0011660000000119908,0
1,1,idle,807,0.001125000000001819,0
1,1,idle,808,0.001207999999905951,0
1,1,idle,809,0.0015830000002097222,0
1,1,idle,810,0.0011660000000119908,0
1,1,idle,811,0.0010000000002037268,0
1,1,idle,812,0.0011660000000119908,0
1,1,idle,813,0.001125000000001819,0
1,1,idle,814,0.0016659999998864805,0
1,1,idle,815,0.0010829999998804851,0
1,1,idle,816,0.0010419999998703133,0
1,1,idle,817,0.0011670000001231529,0
1,1,idle,818,0.001040999999986525,0
1,1,idle,819,0.001125000000001819,0
1,1,idle,820,0.0013750000000527507,0
1,1,idle,821,0.001042000000097687,0
1,1,idle,822,0.0011660000000119908,0
1,1,idle,823,0.0010830000001078588,0
1,1,idle,824,0.0012080000001333246,0
1,1,idle,825,0.0012920000001486187,0
1,1,idle,826,0.001209000000017113,0
1,1,idle,827,0.0011669999998957792,0
1,1,idle,828,0.0012080000001333246,0
1,1,idle,829,0.0009999999999763531,0
1,1,idle,830,0.0015840000000935106,0
1,1,idle,831,0.001125000000001819,0
1,1,idle,832,0.0010830000001078588,0
1,1,idle,833,0.001125000000001819,0
1,1,idle,834,0.0010829999998804851,0
1,1,idle,835,0.0014160000000629225,0
1,1,idle,836,0.001125000000001819,0
1,1,idle,837,0.0016250000001036824,0
1,1,idle,838,0.001042000000097687,0
1,1,idle,839,0.001040999999986525,0
1,1,idle,840,0.0012499999997999112,0
1,1,idle,841,0.0014160000000629225,0
1,1,idle,842,0.0010830000001078588,0
1,1,idle,843,0.0027500000001055014,0
1,1,idle,844,0.0012910000000374566,0
1,1,idle,845,0.001125000000001819,0
1,1,idle,846,0.0014579999999568827,0
1,1,idle,847,0.0010410000002138986,0
1,1,idle,848,0.001042000000097687,0
1,1,idle,849,0.0011669999998957792,0
1,1,idle,850,0.0010830000001078588,0
1,1,idle,851,0.0015000000000782165,0
1,1,idle,852,0.0012500000000272848,0
1,1,idle,853,0.001042000000097687,0
1,1,idle,854,0.001209000000017113,0
1,1,idle,855,0.0009999999999763531,0
1,1,idle,856,0.0012920000001486187,0
1,1,idle,857,0.001125000000001819,0
1,1,idle,858,0.001042000000097687,0
1,1,idle,859,0.001583999999866137,0
1,1,idle,860,0.0011670000001231529,0
1,1,idle,861,0.001125000000001819,0
1,1,idle,862,0.001291999999921245,0
1,1,idle,863,0.0011660000000119908,0
1,1,idle,864,0.0011670000001231529,0
1,1,idle,865,0.001458999999840671,0
1,1,idle,866,0.0012920000001486187,0
1,1,idle,867,0.0012080000001333246,0
1,1,idle,868,0.0015000000000782165,0
1,1,idle,869,0.001209000000017113,0
1,1,idle,870,0.001125000000001819,0
1,1,idle,871,0.0010830000001078588,0
1,1,idle,872,0.0014169999999467109,0
1,1,idle,873,0.0010839999999916472,0
1,1,idle,874,0.0011670000001231529,0
1,1,idle,875,0.001125000000001819,0
1,1,idle,876,0.0011660000000119908,0
1,1,idle,877,0.0014169999999467109,0
1,1,idle,878,0.0011669999998957792,0
1,1,idle,879,0.001207999999905951,0
1,1,idle,880,0.001040999999986525,0
1,1,idle,881,0.0010830000001078588,0
1,1,idle,882,0.001042000000097687,0
1,1,idle,883,0.0014169999999467109,0
1,1,idle,884,0.0010830000001078588,0
1,1,idle,885,0.0015829999999823485,0
1,1,idle,886,0.001040999999986525,0
1,1,idle,887,0.001042000000097687,0
1,1,idle,888,0.001291999999921245,0
1,1,idle,889,0.0011660000000119908,0
1,1,idle,890,0.001125000000001819,0
1,1,idle,891,0.001165999999784617,0
1,1,idle,892,0.0010829999998804851,0
1,1,idle,893,0.0014579999999568827,0
1,1,idle,894,0.0010419999998703133,0
1,1,idle,895,0.0010839999999916472,0
1,1,idle,896,0.0010839999999916472,0
1,1,idle,897,0.0010839999999916472,0
1,1,idle,898,0.0010839999999916472,0
1,1,idle,899,0.0014590000000680448,0
1,1,idle,900,0.001125000000001819,0
1,1,idle,901,0.0012080000001333246,0
1,1,idle,902,0.0011670000001231529,0
1,1,idle,903,0.001209000000017113,0
1,1,idle,904,0.0013750000000527507,0
1,1,idle,905,0.001291999999921245,0
1,1,idle,906,0.001125000000001819,0
1,1,idle,907,0.0010830000001078588,0
1,1,idle,908,0.001125000000001819,0
1,1,idle,909,0.0013329999999314168,0
1,1,idle,910,0.001125000000001819,0
1,1,idle,911,0.0010419999998703133,0
1,1,idle,912,0.001125000000001819,0
1,1,idle,913,0.0010839999999916472,0
1,1,idle,914,0.001374999999825377,0
1,1,idle,915,0.0011669999998957792,0
1,1,idle,916,0.0012500000000272848,0
1,1,idle,917,0.0010829999998804851,0
1,1,idle,918,0.0011670000001231529,0
1,1,idle,919,0.001209000000017113,0
1,1,idle,920,0.0014999999998508429,0
1,1,idle,921,0.0010829999998804851,0
1,1,idle,922,0.0012500000000272848,0
1,1,idle,923,0.0012500000000272848,0
1,1,idle,924,0.001125000000001819,0
1,1,idle,925,0.0014159999998355488,0
1,1,idle,926,0.001125000000001819,0
1,1,idle,927,0.00179100000013932,0
1,1,idle,928,0.0011670000001231529,0
1,1,idle,929,0.0010840000002190209,0
1,1,idle,930,0.001334000000042579,0
1,1,idle,931,0.001334000000042579,0
1,1,idle,932,0.0009999999999763531,0
1,1,idle,933,0.001125000000001819,0
1,1,idle,934,0.0010839999999916472,0
1,1,idle,935,0.0016669999999976426,0
1,1,idle,936,0.0010410000002138986,0
1,1,idle,937,0.0010830000001078588,0
1,1,idle,938,0.0010829999998804851,0
1,1,idle,939,0.001207999999905951,0
1,1,idle,940,0.001125000000001819,0
1,1,idle,941,0.0015000000000782165,0
1,1,idle,942,0.001125000000001819,0
1,1,idle,943,0.0010830000001078588,0
1,1,idle,944,0.001125000000001819,0
1,1,idle,945,0.0011660000000119908,0
1,1,idle,946,0.0013750000000527507,0
1,1,idle,947,0.001125000000001819,0
1,1,idle,948,0.0014170000001740846,0
1,1,idle,949,0.0010830000001078588,0
1,1,idle,950,0.0010830000001078588,0
1,1,idle,951,0.0013750000000527507,0
1,1,idle,952,0.0010839999999916472,0
1,1,idle,953,0.0010839999999916472,0
1,1,idle,954,0.001125000000001819,0
1,1,idle,955,0.0013750000000527507,0
1,1,idle,956,0.0014159999998355488,0
1,1,idle,957,0.0010829999998804851,0
1,1,idle,958,0.001207999999905951,0
1,1,idle,959,0.0010829999998804851,0
1,1,idle,960,0.0010829999998804851,0
1,1,idle,961,0.001125000000001819,0
1,1,idle,962,0.0015000000000782165,0
1,1,idle,963,0.001458999999840671,0
1,1,idle,964,0.001207999999905951,0
1,1,idle,965,0.001125000000001819,0
1,1,idle,966,0.0011660000000119908,0
1,1,idle,967,0.0013330000001587905,0
1,1,idle,968,0.0012500000000272848,0
1,1,idle,969,0.0015409999998610147,0
1,1,idle,970,0.0010829999998804851,0
1,1,idle,971,0.0010829999998804851,0
1,1,idle,972,0.0014999999998508429,0
1,1,idle,973,0.001125000000001819,0
1,1,idle,974,0.0012080000001333246,0
1,1,idle,975,0.001125000000001819,0
1,1,idle,976,0.0010829999998804851,0
1,1,idle,977,0.001374999999825377,0
1,1,idle,978,0.001209000000017113,0
1,1,idle,979,0.0010839999999916472,0
1,1,idle,980,0.0016250000001036824,0
1,1,idle,981,0.0012500000000272848,0
1,1,idle,982,0.001042000000097687,0
1,1,idle,983,0.001291999999921245,0
1,1,idle,984,0.0011660000000119908,0
1,1,idle,985,0.0010830000001078588,0
1,1,idle,986,0.001125000000001819,0
1,1,idle,987,0.001209000000017113,0
1,1,idle,988,0.0016670000002250163,0
1,1,idle,989,0.0015829999999823485,0
1,1,idle,990,0.0010829999998804851,0
1,1,idle,991,0.001125000000001819,0
1,1,idle,992,0.0010839999999916472,0
1,1,idle,993,0.0014590000000680448,0
1,1,idle,994,0.0011670000001231529,0
1,1,idle,995,0.0011660000000119908,0
1,1,idle,996,0.0010830000001078588,0
1,1,idle,997,0.0012080000001333246,0
1,1,idle,998,0.0011670000001231529,0
1,1,idle,999,0.0014999999998508429,0
1,1,event,0,0.00641700000005585,1
1,1,event,1,0.0018749999999272404,0
1,1,event,2,0.001125000000001819,0
1,1,event,3,0.0008749999999508873,0
1,1,event,4,0.001042000000097687,0
1,1,event,5,0.0009159999999610591,0
1,1,event,6,0.0011669999998957792,0
1,1,event,7,0.0009170000000722212,0
1,1,event,8,0.0009159999999610591,0
1,1,event,9,0.0010000000002037268,0
1,1,event,10,0.0009999999999763531,0
1,1,event,11,0.002124999999978172,0
1,1,event,12,0.0010839999999916472,0
1,1,event,13,0.0009999999999763531,0
1,1,event,14,0.0009170000000722212,0
1,1,event,15,0.0009589999999661813,0
1,1,event,16,0.0011669999998957792,0
1,1,event,17,0.0009159999999610591,0
1,1,event,18,0.0009579999998550193,0
1,1,event,19,0.0009589999999661813,0
1,1,event,20,0.0009999999999763531,0
1,1,event,21,0.0009170000000722212,0
1,1,event,22,0.0015420000001995504,0
1,1,event,23,0.0014579999999568827,0
1,1,event,24,0.0009159999999610591,0
1,1,event,25,0.001042000000097687,0
1,1,event,26,0.0010419999998703133,0
1,1,event,27,0.0011660000000119908,0
1,1,event,28,0.0009999999999763531,0
1,1,event,29,0.0009159999999610591,0
1,1,event,30,0.0009169999998448475,0
1,1,event,31,0.001209000000017113,0
1,1,event,32,0.0010839999999916472,0
1,1,event,33,0.0009999999999763531,0
1,1,event,34,0.0009169999998448475,0
1,1,event,35,0.0009999999999763531,0
1,1,event,36,0.0013329999999314168,0
1,1,event,37,0.001291999999921245,0
1,1,event,38,0.0009159999999610591,0
1,1,event,39,0.001042000000097687,0
1,1,event,40,0.0009169999998448475,0
1,1,event,41,0.0009999999999763531,0
1,1,event,42,0.001042000000097687,0
1,1,event,43,0.0013330000001587905,0
1,1,event,44,0.0009159999999610591,0
1,1,event,45,0.000959000000193555,0
1,1,event,46,0.0009579999998550193,0
1,1,event,47,0.0009159999999610591,0
1,1,event,48,0.001125000000001819,0
1,1,event,49,0.0009159999999610591,0
1,1,event,50,0.0009589999999661813,0
1,1,event,51,0.0009170000000722212,0
1,1,event,52,0.0009159999999610591,0
1,1,event,53,0.001125000000001819,0
1,1,event,54,0.0008330000000569271,0
1,1,event,55,0.0009160000001884328,0
1,1,event,56,0.0010419999998703133,0
1,1,event,57,0.0009579999998550193,0
1,1,event,58,0.001125000000001819,0
1,1,event,59,0.0008749999999508873,0
1,1,event,60,0.005499999999983629,1
1,1,event,61,0.0014579999999568827,0
1,1,event,62,0.0009170000000722212,0
1,1,event,63,0.0015000000000782165,0
1,1,event,64,0.000875000000178261,0
1,1,event,65,0.001042000000097687,0
1,1,event,66,0.0008749999999508873,0
1,1,event,67,0.0009999999999763531,0
1,1,event,68,0.0011660000000119908,0
1,1,event,69,0.0009580000000823929,0
1,1,event,70,0.0009170000000722212,0
1,1,event,71,0.0009589999999661813,0
1,1,event,72,0.0009580000000823929,0
1,1,event,73,0.0016250000001036824,0
1,1,event,74,0.0009999999999763531,0
1,1,event,75,0.0010000000002037268,0
1,1,event,76,0.0010419999998703133,0
1,1,event,77,0.0009999999999763531,0
1,1,event,78,0.005959000000075321,0
1,1,event,79,0.001209000000017113,0
1,1,event,80,0.001040999999986525,0
1,1,event,81,0.0008749999999508873,0
1,1,event,82,0.0013750000000527507,0
1,1,event,83,0.0010419999998703133,0
1,1,event,84,0.0014159999998355488,0
1,1,event,85,0.0009579999998550193,0
1,1,event,86,0.0009170000000722212,0
1,1,event,87,0.0009169999998448475,0
1,1,event,88,0.0008749999999508873,0
1,1,event,89,0.0010839999999916472,0
1,1,event,90,0.0009589999999661813,0
1,1,event,91,0.0009170000000722212,0
1,1,event,92,0.001040999999986525,0
1,1,event,93,0.0009589999999661813,0
1,1,event,94,0.0012500000000272848,0
1,1,event,95,0.0009579999998550193,0
1,1,event,96,0.0014999999998508429,0
1,1,event,97,0.0009580000000823929,0
1,1,event,98,0.0008749999999508873,0
1,1,event,99,0.0011670000001231529,0
1,1,event,100,0.0008749999999508873,0
1,1,event,101,0.0009170000000722212,0
1,1,event,102,0.0010000000002037268,0
1,1,event,103,0.0010000000002037268,0
1,1,event,104,0.0009999999999763531,0
1,1,event,105,0.0016669999999976426,0
1,1,event,106,0.0009589999999661813,0
1,1,event,107,0.0009170000000722212,0
1,1,event,108,0.0009160000001884328,0
1,1,event,109,0.0009580000000823929,0
1,1,event,110,0.0011670000001231529,0
1,1,event,111,0.0014579999999568827,0
1,1,event,112,0.0009159999999610591,0
1,1,event,113,0.001125000000001819,0
1,1,event,114,0.0009580000000823929,0
1,1,event,115,0.0011669999998957792,0
1,1,event,116,0.000875000000178261,0
1,1,event,117,0.0009999999999763531,0
1,1,event,118,0.0009999999999763531,0
1,1,event,119,0.0009169999998448475,0
1,1,event,120,0.006374999999934516,1
1,1,event,121,0.0012500000000272848,0
1,1,event,122,0.0009999999999763531,0
1,1,event,123,0.0009579999998550193,0
1,1,event,124,0.0009579999998550193,0
1,1,event,125,0.001207999999905951,0
1,1,event,126,0.0009999999999763531,0
1,1,event,127,0.0009159999999610591,0
1,1,event,128,0.0010419999998703133,0
1,1,event,129,0.0009589999999661813,0
1,1,event,130,0.001125000000001819,0
1,1,event,131,0.0009170000000722212,0
1,1,event,132,0.0009169999998448475,0
1,1,event,133,0.0009170000000722212,0
1,1,event,134,0.0009170000000722212,0
1,1,event,135,0.0015410000000883883,0
1,1,event,136,0.0009999999999763531,0
1,1,event,137,0.0009580000000823929,0
1,1,event,138,0.0009170000000722212,0
1,1,event,139,0.0009170000000722212,0
1,1,event,140,0.001207999999905951,0
1,1,event,141,0.0014170000001740846,0
1,1,event,142,0.0008749999999508873,0
1,1,event,143,0.0009999999999763531,0
1,1,event,144,0.0009580000000823929,0
1,1,event,145,0.0009159999999610591,0
1,1,event,146,0.0013329999999314168,0
1,1,event,147,0.0009170000000722212,0
1,1,event,148,0.001209000000017113,0
1,1,event,149,0.0008749999999508873,0
1,1,event,150,0.0009169999998448475,0
1,1,event,151,0.001209000000017113,0
1,1,event,152,0.0009999999999763531,0
1,1,event,153,0.0008749999999508873,0
1,1,event,154,0.0009580000000823929,0
1,1,event,155,0.0009159999999610591,0
1,1,event,156,0.0012080000001333246,0
1,1,event,157,0.0009999999999763531,0
1,1,event,158,0.0009159999999610591,0
1,1,event,159,0.0008749999999508873,0
1,1,event,160,0.0009159999999610591,0
1,1,event,161,0.0014169999999467109,0
1,1,event,162,0.0013750000000527507,0
1,1,event,163,0.0009580000000823929,0
1,1,event,164,0.0009170000000722212,0
1,1,event,165,0.003833999999869775,0
1,1,event,166,0.001334000000042579,0
1,1,event,167,0.0009589999999661813,0
1,1,event,168,0.0009170000000722212,0
1,1,event,169,0.0009580000000823929,0
1,1,event,170,0.0009160000001884328,0
1,1,event,171,0.0009589999999661813,0
1,1,event,172,0.0012910000000374566,0
1,1,event,173,0.0009170000000722212,0
1,1,event,174,0.0009589999999661813,0
1,1,event,175,0.0008339999999407155,0
1,1,event,176,0.0009589999999661813,0
1,1,event,177,0.0010839999999916472,0
1,1,event,178,0.0009170000000722212,0
1,1,event,179,0.0008749999999508873,0
1,1,event,180,0.005625000000009095,1
1,1,event,181,0.0016669999999976426,0
1,1,event,182,0.0010419999998703133,0
1,1,event,183,0.0009579999998550193,0
1,1,event,184,0.0010000000002037268,0
1,1,event,185,0.0010830000001078588,0
1,1,event,186,0.0009159999999610591,0
1,1,event,187,0.0011669999998957792,0
1,1,event,188,0.0009589999999661813,0
1,1,event,189,0.0009999999999763531,0
1,1,event,190,0.001291999999921245,0
1,1,event,191,0.0009159999999610591,0
1,1,event,192,0.001125000000001819,0
1,1,event,193,0.0009579999998550193,0
1,1,event,194,0.0009169999998448475,0
1,1,event,195,0.0009170000000722212,0
1,1,event,196,0.0012499999997999112,0
1,1,event,197,0.001209000000017113,0
1,1,event,198,0.0009170000000722212,0
1,1,event,199,0.0010000000002037268,0
1,1,event,200,0.0014999999998508429,0
1,1,event,201,0.0009169999998448475,0
1,1,event,202,0.001125000000001819,0
1,1,event,203,0.0010419999998703133,0
1,1,event,204,0.0013750000000527507,0
1,1,event,205,0.0009589999999661813,0
1,1,event,206,0.0010839999999916472,0
1,1,event,207,0.0009589999999661813,0
1,1,event,208,0.0011670000001231529,0
1,1,event,209,0.001125000000001819,0
1,1,event,210,0.0009170000000722212,0
1,1,event,211,0.0009159999999610591,0
1,1,event,212,0.001042000000097687,0
1,1,event,213,0.0011669999998957792,0
1,1,event,214,0.0010000000002037268,0
1,1,event,215,0.0009999999999763531,0
1,1,event,216,0.001207999999905951,0
1,1,event,217,0.0009160000001884328,0
1,1,event,218,0.001207999999905951,0
1,1,event,219,0.0009580000000823929,0
1,1,event,220,0.0009589999999661813,0
1,1,event,221,0.001040999999986525,0
1,1,event,222,0.0008749999999508873,0
1,1,event,223,0.0011660000000119908,0
1,1,event,224,0.001042000000097687,0
1,1,event,225,0.0009999999999763531,0
1,1,event,226,0.001042000000097687,0
1,1,event,227,0.0013329999999314168,0
1,1,event,228,0.0009170000000722212,0
1,1,event,229,0.001207999999905951,0
1,1,event,230,0.0009580000000823929,0
1,1,event,231,0.0010829999998804851,0
1,1,event,232,0.0009999999999763531,0
1,1,event,233,0.0009170000000722212,0
1,1,event,234,0.0012080000001333246,0
1,1,event,235,0.0009580000000823929,0
1,1,event,236,0.001040999999986525,0
1,1,event,237,0.0008749999999508873,0
1,1,event,238,0.0009580000000823929,0
1,1,event,239,0.001125000000001819,0
1,1,event,240,0.005250000000160071,1
1,1,event,241,0.0012920000001486187,0
1,1,event,242,0.0009170000000722212,0
1,1,event,243,0.001207999999905951,0
1,1,event,244,0.0009159999999610591,0
1,1,event,245,0.0015829999999823485,0
1,1,event,246,0.0014579999999568827,0
1,1,event,247,0.0010419999998703133,0
1,1,event,248,0.001040999999986525,0
1,1,event,249,0.001291999999921245,0
1,1,event,250,0.0009580000000823929,0
1,1,event,251,0.0009170000000722212,0
1,1,event,252,0.0009170000000722212,0
1,1,event,253,0.0009159999999610591,0
1,1,event,254,0.001207999999905951,0
1,1,event,255,0.0010419999998703133,0
1,1,event,256,0.0009589999999661813,0
1,1,event,257,0.0009999999999763531,0
1,1,event,258,0.001207999999905951,0
1,1,event,259,0.0014169999999467109,0
1,1,event,260,0.0010419999998703133,0
1,1,event,261,0.0009579999998550193,0
1,1,event,262,0.0008749999999508873,0
1,1,event,263,0.0009170000000722212,0
1,1,event,264,0.0012499999997999112,0
1,1,event,265,0.0009580000000823929,0
1,1,event,266,0.0009580000000823929,0
1,1,event,267,0.001040999999986525,0
1,1,event,268,0.0009579999998550193,0
1,1,event,269,0.0009589999999661813,0
1,1,event,270,0.0012080000001333246,0
1,1,event,271,0.0009159999999610591,0
1,1,event,272,0.0008749999999508873,0
1,1,event,273,0.0009580000000823929,0
1,1,event,274,0.0009580000000823929,0
1,1,event,275,0.001125000000001819,0
1,1,event,276,0.0009579999998550193,0
1,1,event,277,0.0009159999999610591,0
1,1,event,278,0.0009169999998448475,0
1,1,event,279,0.0008749999999508873,0
1,1,event,280,0.001207999999905951,0
1,1,event,281,0.0009999999999763531,0
1,1,event,282,0.0009170000000722212,0
1,1,event,283,0.0009589999999661813,0
1,1,event,284,0.0009999999999763531,0
1,1,event,285,0.0009169999998448475,0
1,1,event,286,0.0012500000000272848,0
1,1,event,287,0.0009169999998448475,0
1,1,event,288,0.0011660000000119908,0
1,1,event,289,0.0010830000001078588,0
1,1,event,290,0.0009580000000823929,0
1,1,event,291,0.0013750000000527507,0
1,1,event,292,0.001207999999905951,0
1,1,event,293,0.0009160000001884328,0
1,1,event,294,0.0009170000000722212,0
1,1,event,295,0.0009169999998448475,0
1,1,event,296,0.0011660000000119908,0
1,1,event,297,0.0009170000000722212,0
1,1,event,298,0.0009170000000722212,0
1,1,event,299,0.0009580000000823929,0
1,1,event,300,0.005166000000144777,1
1,1,event,301,0.001207999999905951,0
1,1,event,302,0.0012500000000272848,0
1,1,event,303,0.0009159999999610591,0
1,1,event,304,0.0009170000000722212,0
1,1,event,305,0.0009589999999661813,0
1,1,event,306,0.001209000000017113,0
1,1,event,307,0.0009169999998448475,0
1,1,event,308,0.0009579999998550193,0
1,1,event,309,0.0013750000000527507,0
1,1,event,310,0.0009170000000722212,0
1,1,event,311,0.0012080000001333246,0
1,1,event,312,0.0009580000000823929,0
1,1,event,313,0.0009580000000823929,0
1,1,event,314,0.0009170000000722212,0
1,1,event,315,0.0009170000000722212,0
1,1,event,316,0.001125000000001819,0
1,1,event,317,0.0009159999999610591,0
1,1,event,318,0.0009579999998550193,0
1,1,event,319,0.0015000000000782165,0
1,1,event,320,0.0013330000001587905,0
1,1,event,321,0.0012080000001333246,0
1,1,event,322,0.0010830000001078588,0
1,1,event,323,0.0009580000000823929,0
1,1,event,324,0.0008749999999508873,0
1,1,event,325,0.0008749999999508873,0
1,1,event,326,0.0009170000000722212,0
1,1,event,327,0.0011660000000119908,0
1,1,event,328,0.0009579999998550193,0
1,1,event,329,0.0009589999999661813,0
1,1,event,330,0.0012920000001486187,0
1,1,event,331,0.0009159999999610591,0
1,1,event,332,0.001207999999905951,0
1,1,event,333,0.0009999999999763531,0
1,1,event,334,0.0009159999999610591,0
1,1,event,335,0.0009999999999763531,0
1,1,event,336,0.0009160000001884328,0
1,1,event,337,0.001207999999905951,0
1,1,event,338,0.0009170000000722212,0
1,1,event,339,0.0009589999999661813,0
1,1,event,340,0.0009169999998448475,0
1,1,event,341,0.0009159999999610591,0
1,1,event,342,0.001125000000001819,0
1,1,event,343,0.0009580000000823929,0
1,1,event,344,0.0009169999998448475,0
1,1,event,345,0.0009170000000722212,0
1,1,event,346,0.0009160000001884328,0
1,1,event,347,0.0009170000000722212,0
1,1,event,348,0.0013329999999314168,0
1,1,event,349,0.0009160000001884328,0
1,1,event,350,0.0009170000000722212,0
1,1,event,351,0.0010839999999916472,0
1,1,event,352,0.0009169999998448475,0
1,1,event,353,0.0011660000000119908,0
1,1,event,354,0.0009170000000722212,0
1,1,event,355,0.001040999999986525,0
1,1,event,356,0.0009169999998448475,0
1,1,event,357,0.0012500000000272848,0
1,1,event,358,0.0015420000001995504,0
1,1,event,359,0.0009999999999763531,0
1,1,event,360,0.005167000000028565,1
1,1,event,361,0.0014169999999467109,0
1,1,event,362,0.0012500000000272848,0
1,1,event,363,0.0009580000000823929,0
1,1,event,364,0.0010419999998703133,0
1,1,event,365,0.0009159999999610591,0
1,1,event,366,0.0010830000001078588,0
1,1,event,367,0.000875000000178261,0
1,1,event,368,0.0012910000000374566,0
1,1,event,369,0.000875000000178261,0
1,1,event,370,0.0009579999998550193,0
1,1,event,371,0.0009169999998448475,0
1,1,event,372,0.001334000000042579,0
1,1,event,373,0.001209000000017113,0
1,1,event,374,0.0009589999999661813,0
1,1,event,375,0.0009999999999763531,0
1,1,event,376,0.0009159999999610591,0
1,1,event,377,0.0008749999999508873,0
1,1,event,378,0.0017080000000078144,0
1,1,event,379,0.0009159999999610591,0
1,1,event,380,0.0009169999998448475,0
1,1,event,381,0.0009170000000722212,0
1,1,event,382,0.0012080000001333246,0
1,1,event,383,0.001125000000001819,0
1,1,event,384,0.0009999999999763531,0
1,1,event,385,0.0009169999998448475,0
1,1,event,386,0.0009170000000722212,0
1,1,event,387,0.0009579999998550193,0
1,1,event,388,0.0009579999998550193,0
1,1,event,389,0.0012500000000272848,0
1,1,event,390,0.0009159999999610591,0
1,1,event,391,0.000875000000178261,0
1,1,event,392,0.0009580000000823929,0
1,1,event,393,0.0009159999999610591,0
1,1,event,394,0.001207999999905951,0
1,1,event,395,0.0009589999999661813,0
1,1,event,396,0.0009170000000722212,0
1,1,event,397,0.000875000000178261,0
1,1,event,398,0.0008749999999508873,0
1,1,event,399,0.001125000000001819,0
1,1,event,400,0.0009580000000823929,0
1,1,event,401,0.0009999999999763531,0
1,1,event,402,0.0009580000000823929,0
1,1,event,403,0.0009169999998448475,0
1,1,event,404,0.0009589999999661813,0
1,1,event,405,0.0012500000000272848,0
1,1,event,406,0.0009579999998550193,0
1,1,event,407,0.0009169999998448475,0
1,1,event,408,0.0009170000000722212,0
1,1,event,409,0.0009159999999610591,0
1,1,event,410,0.0011670000001231529,0
1,1,event,411,0.0009589999999661813,0
1,1,event,412,0.0009169999998448475,0
1,1,event,413,0.001040999999986525,0
1,1,event,414,0.004000000000132786,0
1,1,event,415,0.0014160000000629225,0
1,1,event,416,0.0009170000000722212,0
1,1,event,417,0.0009589999999661813,0
1,1,event,418,0.0009999999999763531,0
1,1,event,419,0.0009170000000722212,0
1,1,event,420,0.00637500000016189,1
1,1,event,421,0.0012500000000272848,0
1,1,event,422,0.0009170000000722212,0
1,1,event,423,0.0009589999999661813,0
1,1,event,424,0.0009589999999661813,0
1,1,event,425,0.0011669999998957792,0
1,1,event,426,0.0009579999998550193,0
1,1,event,427,0.0009999999999763531,0
1,1,event,428,0.0008749999999508873,0
1,1,event,429,0.0009579999998550193,0
1,1,event,430,0.0011669999998957792,0
1,1,event,431,0.0009170000000722212,0
1,1,event,432,0.0009999999999763531,0
1,1,event,433,0.000875000000178261,0
1,1,event,434,0.0009999999999763531,0
1,1,event,435,0.0012499999997999112,0
1,1,event,436,0.000875000000178261,0
1,1,event,437,0.0009170000000722212,0
1,1,event,438,0.0014169999999467109,0
1,1,event,439,0.0010410000002138986,0
1,1,event,440,0.0012089999997897394,0
1,1,event,441,0.000875000000178261,0
1,1,event,442,0.0008749999999508873,0
1,1,event,443,0.0012910000000374566,0
1,1,event,444,0.0009170000000722212,0
1,1,event,445,0.0008749999999508873,0
1,1,event,446,0.001209000000017113,0
1,1,event,447,0.0009169999998448475,0
1,1,event,448,0.0009999999999763531,0
1,1,event,449,0.001209000000017113,0
1,1,event,450,0.0009170000000722212,0
1,1,event,451,0.001125000000001819,0
1,1,event,452,0.001291999999921245,0
1,1,event,453,0.0008749999999508873,0
1,1,event,454,0.0009589999999661813,0
1,1,event,455,0.0009170000000722212,0
1,1,event,456,0.0014579999999568827,0
1,1,event,457,0.0009580000000823929,0
1,1,event,458,0.0009580000000823929,0
1,1,event,459,0.0010419999998703133,0
1,1,event,460,0.0009580000000823929,0
1,1,event,461,0.001125000000001819,0
1,1,event,462,0.0009999999999763531,0
1,1,event,463,0.000875000000178261,0
1,1,event,464,0.0009999999999763531,0
1,1,event,465,0.0009580000000823929,0
1,1,event,466,0.0009580000000823929,0
1,1,event,467,0.0012080000001333246,0
1,1,event,468,0.0008749999999508873,0
1,1,event,469,0.0008749999999508873,0
1,1,event,470,0.0008749999999508873,0
1,1,event,471,0.001291999999921245,0
1,1,event,472,0.0011670000001231529,0
1,1,event,473,0.0009159999999610591,0
1,1,event,474,0.0009169999998448475,0
1,1,event,475,0.0009589999999661813,0
1,1,event,476,0.0009170000000722212,0
1,1,event,477,0.001125000000001819,0
1,1,event,478,0.0009170000000722212,0
1,1,event,479,0.0009580000000823929,0
1,1,event,480,0.0049579999999878055,1
1,1,event,481,0.0014999999998508429,0
1,1,event,482,0.0010000000002037268,0
1,1,event,483,0.0009580000000823929,0
1,1,event,484,0.0009159999999610591,0
1,1,event,485,0.0009170000000722212,0
1,1,event,486,0.0012080000001333246,0
1,1,event,487,0.001125000000001819,0
1,1,event,488,0.0008749999999508873,0
1,1,event,489,0.0009170000000722212,0
1,1,event,490,0.0009999999999763531,0
1,1,event,491,0.0008749999999508873,0
1,1,event,492,0.001125000000001819,0
1,1,event,493,0.0009579999998550193,0
1,1,event,494,0.0009159999999610591,0
1,1,event,495,0.0009589999999661813,0
1,1,event,496,0.0017090000001189765,0
1,1,event,497,0.0017499999999017746,0
1,1,event,498,0.0014169999999467109,0
1,1,event,499,0.001040999999986525,0
1,1,event,500,0.0009580000000823929,0
1,1,event,501,0.0009589999999661813,0
1,1,event,502,0.0010839999999916472,0
1,1,event,503,0.0009589999999661813,0
1,1,event,504,0.0009170000000722212,0
1,1,event,505,0.0012910000000374566,0
1,1,event,506,0.0009579999998550193,0
1,1,event,507,0.0009589999999661813,0
1,1,event,508,0.001125000000001819,0
1,1,event,509,0.0009579999998550193,0
1,1,event,510,0.0008749999999508873,0
1,1,event,511,0.0008749999999508873,0
1,1,event,512,0.0009169999998448475,0
1,1,event,513,0.001125000000001819,0
1,1,event,514,0.0009170000000722212,0
1,1,event,515,0.0008749999999508873,0
1,1,event,516,0.0009999999999763531,0
1,1,event,517,0.0008749999999508873,0
1,1,event,518,0.0011660000000119908,0
1,1,event,519,0.0009589999999661813,0
1,1,event,520,0.0009580000000823929,0
1,1,event,521,0.0011660000000119908,0
1,1,event,522,0.0009170000000722212,0
1,1,event,523,0.0008339999999407155,0
1,1,event,524,0.001125000000001819,0
1,1,event,525,0.0012920000001486187,0
1,1,event,526,0.0008749999999508873,0
1,1,event,527,0.0009170000000722212,0
1,1,event,528,0.0009580000000823929,0
1,1,event,529,0.001125000000001819,0
1,1,event,530,0.0009170000000722212,0
1,1,event,531,0.0009580000000823929,0
1,1,event,532,0.000875000000178261,0
1,1,event,533,0.000875000000178261,0
1,1,event,534,0.0011670000001231529,0
1,1,event,535,0.0009999999999763531,0
1,1,event,536,0.0009580000000823929,0
1,1,event,537,0.001042000000097687,0
1,1,event,538,0.0008749999999508873,0
1,1,event,539,0.0012080000001333246,0
1,1,event,540,0.0047920000001795415,1
1,1,event,541,0.0015840000000935106,0
1,1,event,542,0.0009999999999763531,0
1,1,event,543,0.0008749999999508873,0
1,1,event,544,0.0011660000000119908,0
1,1,event,545,0.0011669999998957792,0
1,1,event,546,0.0009170000000722212,0
1,1,event,547,0.0008749999999508873,0
1,1,event,548,0.0009170000000722212,0
1,1,event,549,0.001040999999986525,0
1,1,event,550,0.0009170000000722212,0
1,1,event,551,0.001125000000001819,0
1,1,event,552,0.0010830000001078588,0
1,1,event,553,0.0009580000000823929,0
1,1,event,554,0.0010830000001078588,0
1,1,event,555,0.001042000000097687,0
1,1,event,556,0.001334000000042579,0
1,1,event,557,0.0008749999999508873,0
1,1,event,558,0.0009999999999763531,0
1,1,event,559,0.0014169999999467109,0
1,1,event,560,0.0009999999999763531,0
1,1,event,561,0.0009589999999661813,0
1,1,event,562,0.0008749999999508873,0
1,1,event,563,0.0009170000000722212,0
1,1,event,564,0.0009580000000823929,0
1,1,event,565,0.0010830000001078588,0
1,1,event,566,0.0009169999998448475,0
1,1,event,567,0.0012500000000272848,0
1,1,event,568,0.0009579999998550193,0
1,1,event,569,0.0008749999999508873,0
1,1,event,570,0.0012499999997999112,0
1,1,event,571,0.0009170000000722212,0
1,1,event,572,0.0009159999999610591,0
1,1,event,573,0.0008749999999508873,0
1,1,event,574,0.0008749999999508873,0
1,1,event,575,0.001125000000001819,0
1,1,event,576,0.0009580000000823929,0
1,1,event,577,0.0008329999998295534,0
1,1,event,578,0.0012500000000272848,0
1,1,event,579,0.0008749999999508873,0
1,1,event,580,0.001125000000001819,0
1,1,event,581,0.0009169999998448475,0
1,1,event,582,0.0012500000000272848,0
1,1,event,583,0.0009589999999661813,0
1,1,event,584,0.000875000000178261,0
1,1,event,585,0.0008749999999508873,0
1,1,event,586,0.0011660000000119908,0
1,1,event,587,0.0009580000000823929,0
1,1,event,588,0.0009170000000722212,0
1,1,event,589,0.0008749999999508873,0
1,1,event,590,0.0009169999998448475,0
1,1,event,591,0.001125000000001819,0
1,1,event,592,0.0009169999998448475,0
1,1,event,593,0.0009170000000722212,0
1,1,event,594,0.0010000000002037268,0
1,1,event,595,0.0009589999999661813,0
1,1,event,596,0.0015409999998610147,0
1,1,event,597,0.0009169999998448475,0
1,1,event,598,0.000875000000178261,0
1,1,event,599,0.0009999999999763531,0
1,1,event,600,0.005332999999836829,1
1,1,event,601,0.001125000000001819,0
1,1,event,602,0.0009169999998448475,0
1,1,event,603,0.0009159999999610591,0
1,1,event,604,0.001207999999905951,0
1,1,event,605,0.001125000000001819,0
1,1,event,606,0.0010829999998804851,0
1,1,event,607,0.001125000000001819,0
1,1,event,608,0.0009580000000823929,0
1,1,event,609,0.0008749999999508873,0
1,1,event,610,0.001042000000097687,0
1,1,event,611,0.001291999999921245,0
1,1,event,612,0.0009170000000722212,0
1,1,event,613,0.0009580000000823929,0
1,1,event,614,0.000875000000178261,0
1,1,event,615,0.0012500000000272848,0
1,1,event,616,0.0014579999999568827,0
1,1,event,617,0.001042000000097687,0
1,1,event,618,0.0009170000000722212,0
1,1,event,619,0.0008749999999508873,0
1,1,event,620,0.0009999999999763531,0
1,1,event,621,0.0009580000000823929,0
1,1,event,622,0.0011669999998957792,0
1,1,event,623,0.0009170000000722212,0
1,1,event,624,0.0008749999999508873,0
1,1,event,625,0.0012500000000272848,0
1,1,event,626,0.0009170000000722212,0
1,1,event,627,0.0010839999999916472,0
1,1,event,628,0.0009169999998448475,0
1,1,event,629,0.001207999999905951,0
1,1,event,630,0.0008749999999508873,0
1,1,event,631,0.0009589999999661813,0
1,1,event,632,0.0011669999998957792,0
1,1,event,633,0.0010000000002037268,0
1,1,event,634,0.0009159999999610591,0
1,1,event,635,0.0009169999998448475,0
1,1,event,636,0.000875000000178261,0
1,1,event,637,0.0015829999999823485,0
1,1,event,638,0.0008749999999508873,0
1,1,event,639,0.0009159999999610591,0
1,1,event,640,0.0009170000000722212,0
1,1,event,641,0.0009170000000722212,0
1,1,event,642,0.0009159999999610591,0
1,1,event,643,0.0011670000001231529,0
1,1,event,644,0.0009169999998448475,0
1,1,event,645,0.0008749999999508873,0
1,1,event,646,0.0009999999999763531,0
1,1,event,647,0.0008749999999508873,0
1,1,event,648,0.0012500000000272848,0
1,1,event,649,0.0009580000000823929,0
1,1,event,650,0.0008749999999508873,0
1,1,event,651,0.0009170000000722212,0
1,1,event,652,0.0009579999998550193,0
1,1,event,653,0.0010829999998804851,0
1,1,event,654,0.0009159999999610591,0
1,1,event,655,0.000875000000178261,0
1,1,event,656,0.0009159999999610591,0
1,1,event,657,0.0008749999999508873,0
1,1,event,658,0.001125000000001819,0
1,1,event,659,0.0009999999999763531,0
1,1,event,660,0.0048750000000836735,1
1,1,event,661,0.0011670000001231529,0
1,1,event,662,0.0009170000000722212,0
1,1,event,663,0.001207999999905951,0
1,1,event,664,0.0009159999999610591,0
1,1,event,665,0.0009589999999661813,0
1,1,event,666,0.0008749999999508873,0
1,1,event,667,0.0012500000000272848,0
1,1,event,668,0.0011669999998957792,0
1,1,event,669,0.0009159999999610591,0
1,1,event,670,0.0009170000000722212,0
1,1,event,671,0.0009999999999763531,0
1,1,event,672,0.0009169999998448475,0
1,1,event,673,0.0009999999999763531,0
1,1,event,674,0.0009999999999763531,0
1,1,event,675,0.0008749999999508873,0
1,1,event,676,0.0009579999998550193,0
1,1,event,677,0.0009159999999610591,0
1,1,event,678,0.001125000000001819,0
1,1,event,679,0.0009159999999610591,0
1,1,event,680,0.0009169999998448475,0
1,1,event,681,0.0013750000000527507,0
1,1,event,682,0.0010000000002037268,0
1,1,event,683,0.0008749999999508873,0
1,1,event,684,0.001291999999921245,0
1,1,event,685,0.0009159999999610591,0
1,1,event,686,0.0009169999998448475,0
1,1,event,687,0.0009580000000823929,0
1,1,event,688,0.0009999999999763531,0
1,1,event,689,0.0012080000001333246,0
1,1,event,690,0.0013750000000527507,0
1,1,event,691,0.0008749999999508873,0
1,1,event,692,0.0010419999998703133,0
1,1,event,693,0.0009589999999661813,0
1,1,event,694,0.0012500000000272848,0
1,1,event,695,0.0009580000000823929,0
1,1,event,696,0.0009160000001884328,0
1,1,event,697,0.0009170000000722212,0
1,1,event,698,0.0009589999999661813,0
1,1,event,699,0.0011669999998957792,0
1,1,event,700,0.0009580000000823929,0
1,1,event,701,0.0009580000000823929,0
1,1,event,702,0.0009170000000722212,0
1,1,event,703,0.0009580000000823929,0
1,1,event,704,0.0009999999999763531,0
1,1,event,705,0.001334000000042579,0
1,1,event,706,0.0009580000000823929,0
1,1,event,707,0.0010829999998804851,0
1,1,event,708,0.0010839999999916472,0
1,1,event,709,0.0012500000000272848,0
1,1,event,710,0.0010839999999916472,0
1,1,event,711,0.0009589999999661813,0
1,1,event,712,0.0009999999999763531,0
1,1,event,713,0.0009999999999763531,0
1,1,event,714,0.0009160000001884328,0
1,1,event,715,0.0012500000000272848,0
1,1,event,716,0.0009160000001884328,0
1,1,event,717,0.0009170000000722212,0
1,1,event,718,0.0009169999998448475,0
1,1,event,719,0.0009579999998550193,0
1,1,event,720,0.0047910000000683794,1
1,1,event,721,0.001291999999921245,0
1,1,event,722,0.000959000000193555,0
1,1,event,723,0.0011670000001231529,0
1,1,event,724,0.000875000000178261,0
1,1,event,725,0.001125000000001819,0
1,1,event,726,0.0008749999999508873,0
1,1,event,727,0.0009170000000722212,0
1,1,event,728,0.0008749999999508873,0
1,1,event,729,0.0009579999998550193,0
1,1,event,730,0.0010829999998804851,0
1,1,event,731,0.0009579999998550193,0
1,1,event,732,0.0009169999998448475,0
1,1,event,733,0.0009580000000823929,0
1,1,event,734,0.001374999999825377,0
1,1,event,735,0.001125000000001819,0
1,1,event,736,0.0009999999999763531,0
1,1,event,737,0.0009580000000823929,0
1,1,event,738,0.0009160000001884328,0
1,1,event,739,0.001207999999905951,0
1,1,event,740,0.0009170000000722212,0
1,1,event,741,0.0012499999997999112,0
1,1,event,742,0.0012500000000272848,0
1,1,event,743,0.0008749999999508873,0
1,1,event,744,0.0010000000002037268,0
1,1,event,745,0.0008749999999508873,0
1,1,event,746,0.0015000000000782165,0
1,1,event,747,0.0015410000000883883,0
1,1,event,748,0.0009170000000722212,0
1,1,event,749,0.001334000000042579,0
1,1,event,750,0.0008749999999508873,0
1,1,event,751,0.0015419999999721767,0
1,1,event,752,0.001291999999921245,0
1,1,event,753,0.001042000000097687,0
1,1,event,754,0.000959000000193555,0
1,1,event,755,0.0009579999998550193,0
1,1,event,756,0.0010829999998804851,0
1,1,event,757,0.0009170000000722212,0
1,1,event,758,0.0008749999999508873,0
1,1,event,759,0.0008749999999508873,0
1,1,event,760,0.0008749999999508873,0
1,1,event,761,0.000959000000193555,0
1,1,event,762,0.001125000000001819,0
1,1,event,763,0.0009589999999661813,0
1,1,event,764,0.0009169999998448475,0
1,1,event,765,0.0009579999998550193,0
1,1,event,766,0.0009159999999610591,0
1,1,event,767,0.0011669999998957792,0
1,1,event,768,0.0009170000000722212,0
1,1,event,769,0.0009159999999610591,0
1,1,event,770,0.0009999999999763531,0
1,1,event,771,0.0009159999999610591,0
1,1,event,772,0.001125000000001819,0
1,1,event,773,0.000875000000178261,0
1,1,event,774,0.0008749999999508873,0
1,1,event,775,0.0008749999999508873,0
1,1,event,776,0.0009580000000823929,0
1,1,event,777,0.0010830000001078588,0
1,1,event,778,0.0009580000000823929,0
1,1,event,779,0.0008330000000569271,0
1,1,event,780,0.004666000000042914,1
1,1,event,781,0.0012499999997999112,0
1,1,event,782,0.0012500000000272848,0
1,1,event,783,0.0009579999998550193,0
1,1,event,784,0.0009159999999610591,0
1,1,event,785,0.0009169999998448475,0
1,1,event,786,0.0009999999999763531,0
1,1,event,787,0.001291999999921245,0
1,1,event,788,0.0009580000000823929,0
1,1,event,789,0.0008749999999508873,0
1,1,event,790,0.000875000000178261,0
1,1,event,791,0.0009580000000823929,0
1,1,event,792,0.0012500000000272848,0
1,1,event,793,0.0017920000000231084,0
1,1,event,794,0.0009159999999610591,0
1,1,event,795,0.0009169999998448475,0
1,1,event,796,0.0009589999999661813,0
1,1,event,797,0.001209000000017113,0
1,1,event,798,0.0009589999999661813,0
1,1,event,799,0.0009170000000722212,0
1,1,event,800,0.000875000000178261,0
1,1,event,801,0.0009999999999763531,0
1,1,event,802,0.0009580000000823929,0
1,1,event,803,0.001209000000017113,0
1,1,event,804,0.0008749999999508873,0
1,1,event,805,0.0009170000000722212,0
1,1,event,806,0.0009589999999661813,0
1,1,event,807,0.0009170000000722212,0
1,1,event,808,0.001125000000001819,0
1,1,event,809,0.0009999999999763531,0
1,1,event,810,0.0009170000000722212,0
1,1,event,811,0.0009159999999610591,0
1,1,event,812,0.001291999999921245,0
1,1,event,813,0.001125000000001819,0
1,1,event,814,0.0012500000000272848,0
1,1,event,815,0.0009999999999763531,0
1,1,event,816,0.0009999999999763531,0
1,1,event,817,0.0009580000000823929,0
1,1,event,818,0.0011670000001231529,0
1,1,event,819,0.0008749999999508873,0
1,1,event,820,0.0009999999999763531,0
1,1,event,821,0.0009159999999610591,0
1,1,event,822,0.0009170000000722212,0
1,1,event,823,0.0009589999999661813,0
1,1,event,824,0.0011670000001231529,0
1,1,event,825,0.0009580000000823929,0
1,1,event,826,0.0009580000000823929,0
1,1,event,827,0.0009999999999763531,0
1,1,event,828,0.0009589999999661813,0
1,1,event,829,0.0011670000001231529,0
1,1,event,830,0.0009580000000823929,0
1,1,event,831,0.0009160000001884328,0
1,1,event,832,0.0009170000000722212,0
1,1,event,833,0.0008749999999508873,0
1,1,event,834,0.0011670000001231529,0
1,1,event,835,0.001291999999921245,0
1,1,event,836,0.0009579999998550193,0
1,1,event,837,0.0008749999999508873,0
1,1,event,838,0.0009999999999763531,0
1,1,event,839,0.0009170000000722212,0
1,1,event,840,0.005458999999973457,1
1,1,event,841,0.0012080000001333246,0
1,1,event,842,0.0009579999998550193,0
1,1,event,843,0.0009169999998448475,0
1,1,event,844,0.0012500000000272848,0
1,1,event,845,0.0009169999998448475,0
1,1,event,846,0.0009170000000722212,0
1,1,event,847,0.0008329999998295534,0
1,1,event,848,0.0009579999998550193,0
1,1,event,849,0.001207999999905951,0
1,1,event,850,0.0009999999999763531,0
1,1,event,851,0.001334000000042579,0
1,1,event,852,0.0015419999999721767,0
1,1,event,853,0.0009159999999610591,0
1,1,event,854,0.0012500000000272848,0
1,1,event,855,0.001040999999986525,0
1,1,event,856,0.0009169999998448475,0
1,1,event,857,0.000875000000178261,0
1,1,event,858,0.0009170000000722212,0
1,1,event,859,0.0009589999999661813,0
1,1,event,860,0.0014169999999467109,0
1,1,event,861,0.0009170000000722212,0
1,1,event,862,0.0009169999998448475,0
1,1,event,863,0.0009579999998550193,0
1,1,event,864,0.0009159999999610591,0
1,1,event,865,0.001291999999921245,0
1,1,event,866,0.0009159999999610591,0
1,1,event,867,0.0009580000000823929,0
1,1,event,868,0.0011669999998957792,0
1,1,event,869,0.0009170000000722212,0
1,1,event,870,0.0012080000001333246,0
1,1,event,871,0.0009159999999610591,0
1,1,event,872,0.0009589999999661813,0
1,1,event,873,0.0009170000000722212,0
1,1,event,874,0.0009160000001884328,0
1,1,event,875,0.0013329999999314168,0
1,1,event,876,0.0013750000000527507,0
1,1,event,877,0.0016250000001036824,0
1,1,event,878,0.0009169999998448475,0
1,1,event,879,0.0009579999998550193,0
1,1,event,880,0.0009579999998550193,0
1,1,event,881,0.0012080000001333246,0
1,1,event,882,0.0009999999999763531,0
1,1,event,883,0.0012910000000374566,0
1,1,event,884,0.0010419999998703133,0
1,1,event,885,0.0008749999999508873,0
1,1,event,886,0.0011669999998957792,0
1,1,event,887,0.0009580000000823929,0
1,1,event,888,0.0009999999999763531,0
1,1,event,889,0.0009589999999661813,0
1,1,event,890,0.0009589999999661813,0
1,1,event,891,0.001209000000017113,0
1,1,event,892,0.0009999999999763531,0
1,1,event,893,0.0009999999999763531,0
1,1,event,894,0.0009580000000823929,0
1,1,event,895,0.0009160000001884328,0
1,1,event,896,0.0010830000001078588,0
1,1,event,897,0.0008749999999508873,0
1,1,event,898,0.0008749999999508873,0
1,1,event,899,0.0009999999999763531,0
1,1,event,900,0.004917000000205007,1
1,1,event,901,0.0015840000000935106,0
1,1,event,902,0.0009999999999763531,0
1,1,event,903,0.0009170000000722212,0
1,1,event,904,0.0011660000000119908,0
1,1,event,905,0.0009579999998550193,0
1,1,event,906,0.001125000000001819,0
1,1,event,907,0.0009579999998550193,0
1,1,event,908,0.0009999999999763531,0
1,1,event,909,0.0010000000002037268,0
1,1,event,910,0.0009589999999661813,0
1,1,event,911,0.0014999999998508429,0
1,1,event,912,0.001042000000097687,0
1,1,event,913,0.0009159999999610591,0
1,1,event,914,0.0009170000000722212,0
1,1,event,915,0.0009169999998448475,0
1,1,event,916,0.0012910000000374566,0
1,1,event,917,0.0009999999999763531,0
1,1,event,918,0.0008749999999508873,0
1,1,event,919,0.0018339999999170686,0
1,1,event,920,0.001042000000097687,0
1,1,event,921,0.001125000000001819,0
1,1,event,922,0.0012500000000272848,0
1,1,event,923,0.001042000000097687,0
1,1,event,924,0.0009159999999610591,0
1,1,event,925,0.001374999999825377,0
1,1,event,926,0.0009999999999763531,0
1,1,event,927,0.001125000000001819,0
1,1,event,928,0.000875000000178261,0
1,1,event,929,0.0008749999999508873,0
1,1,event,930,0.001042000000097687,0
1,1,event,931,0.0009159999999610591,0
1,1,event,932,0.001125000000001819,0
1,1,event,933,0.0009160000001884328,0
1,1,event,934,0.0009170000000722212,0
1,1,event,935,0.0009589999999661813,0
1,1,event,936,0.0009589999999661813,0
1,1,event,937,0.0015419999999721767,0
1,1,event,938,0.0009580000000823929,0
1,1,event,939,0.0009579999998550193,0
1,1,event,940,0.0009159999999610591,0
1,1,event,941,0.0009580000000823929,0
1,1,event,942,0.0014170000001740846,0
1,1,event,943,0.001209000000017113,0
1,1,event,944,0.000959000000193555,0
1,1,event,945,0.0009169999998448475,0
1,1,event,946,0.0009580000000823929,0
1,1,event,947,0.0009580000000823929,0
1,1,event,948,0.0011670000001231529,0
1,1,event,949,0.0009589999999661813,0
1,1,event,950,0.0010839999999916472,0
1,1,event,951,0.0009170000000722212,0
1,1,event,952,0.0009580000000823929,0
1,1,event,953,0.0012910000000374566,0
1,1,event,954,0.0008749999999508873,0
1,1,event,955,0.0009159999999610591,0
1,1,event,956,0.0008749999999508873,0
1,1,event,957,0.0009999999999763531,0
1,1,event,958,0.0009169999998448475,0
1,1,event,959,0.0011660000000119908,0
1,1,event,960,0.004750000000058208,1
1,1,event,961,0.0016250000001036824,0
1,1,event,962,0.0009580000000823929,0
1,1,event,963,0.001207999999905951,0
1,1,event,964,0.0010000000002037268,0
1,1,event,965,0.0009159999999610591,0
1,1,event,966,0.0009579999998550193,0
1,1,event,967,0.0010419999998703133,0
1,1,event,968,0.001209000000017113,0
1,1,event,969,0.0009589999999661813,0
1,1,event,970,0.0009170000000722212,0
1,1,event,971,0.0013750000000527507,0
1,1,event,972,0.0013750000000527507,0
1,1,event,973,0.0012500000000272848,0
1,1,event,974,0.0009170000000722212,0
1,1,event,975,0.0010839999999916472,0
1,1,event,976,0.0009170000000722212,0
1,1,event,977,0.0009159999999610591,0
1,1,event,978,0.0009579999998550193,0
1,1,event,979,0.001125000000001819,0
1,1,event,980,0.0009159999999610591,0
1,1,event,981,0.0009170000000722212,0
1,1,event,982,0.0010000000002037268,0
1,1,event,983,0.0009589999999661813,0
1,1,event,984,0.001125000000001819,0
1,1,event,985,0.0009589999999661813,0
1,1,event,986,0.0009169999998448475,0
1,1,event,987,0.0008749999999508873,0
1,1,event,988,0.0009170000000722212,0
1,1,event,989,0.0010830000001078588,0
1,1,event,990,0.0009999999999763531,0
1,1,event,991,0.0009170000000722212,0
1,1,event,992,0.0010000000002037268,0
1,1,event,993,0.0009169999998448475,0
1,1,event,994,0.001125000000001819,0
1,1,event,995,0.0009999999999763531,0
1,1,event,996,0.0009580000000823929,0
1,1,event,997,0.0009580000000823929,0
1,1,event,998,0.0015000000000782165,0
1,1,event,999,0.0013750000000527507,0
1,1,burst,0,0.1230000000000473,7
1,1,burst,1,0.12362499999994725,7
1,1,burst,2,0.12187500000004547,7
1,1,burst,3,0.12112499999989268,7
1,1,burst,4,0.11841600000002472,7
1,1,burst,5,0.12287500000002183,7
1,1,burst,6,0.1226249999999709,7
1,1,burst,7,0.12049999999999272,7
1,1,burst,8,0.12583300000005693,7
1,1,burst,9,0.12187500000004547,7
1,1,burst,10,0.12158300000010058,7
1,1,burst,11,0.1262499999997999,7
1,1,burst,12,0.1197500000000673,7
1,1,burst,13,0.12133399999993344,7
1,1,burst,14,0.12091699999996308,7
1,1,burst,15,0.10141699999985576,7
1,1,burst,16,0.10354200000006131,7
1,1,burst,17,0.1014580000000933,7
1,1,burst,18,0.1069159999999556,7
1,1,burst,19,0.10383300000012241,7
1,1,burst,20,0.10279100000002472,7
1,1,burst,21,0.10087500000008731,7
1,1,burst,22,0.10799999999994725,7
1,1,burst,23,0.10208399999987705,7
1,1,burst,24,0.10133399999995163,7
1,1,burst,25,0.09987499999988358,7
1,1,burst,26,0.10133300000006784,7
1,1,burst,27,0.10087500000008731,7
1,1,burst,28,0.10195899999985159,7
1,1,burst,29,0.10349999999993997,7
1,1,burst,30,0.10125000000016371,7
1,1,burst,31,0.10141700000008314,7
1,1,burst,32,0.10333399999990434,7
1,1,burst,33,0.10191699999995762,7
1,1,burst,34,0.1013749999999618,7
1,1,burst,35,0.10204099999987193,7
1,1,burst,36,0.10383300000012241,7
1,1,burst,37,0.10533299999997325,7
1,1,burst,38,0.10812499999997272,7
1,1,burst,39,0.10083399999984977,7
1,1,burst,40,0.10266700000011042,7
1,1,burst,41,0.10258399999997891,7
1,1,burst,42,0.10491700000011406,7
1,1,burst,43,0.10050000000001091,7
1,1,burst,44,0.1019579999999678,7
1,1,burst,45,0.10304100000007566,7
1,1,burst,46,0.10195800000019517,7
1,1,burst,47,0.10041599999999562,7
1,1,burst,48,0.10245800000006966,7
1,1,burst,49,0.09958299999993869,7
1,1,burst,50,0.09983299999998962,7
1,1,burst,51,0.10016600000017206,7
1,1,burst,52,0.10145799999986593,7
1,1,burst,53,0.10658399999988433,7
1,1,burst,54,0.10066699999993034,7
1,1,burst,55,0.09883300000001327,7
1,1,burst,56,0.1021250000001146,7
1,1,burst,57,0.10458300000004783,7
1,1,burst,58,0.10183299999994233,7
1,1,burst,59,0.09916699999985212,7
1,1,burst,60,0.10287499999981264,7
1,1,burst,61,0.09987499999988358,7
1,1,burst,62,0.10020899999994981,7
1,1,burst,63,0.10008299999981318,7
1,1,burst,64,0.10012500000016189,7
1,1,burst,65,0.10295900000005531,7
1,1,burst,66,0.10645900000008623,7
1,1,burst,67,0.10154199999988123,7
1,1,burst,68,0.10308299999996962,7
1,1,burst,69,0.10200000000008913,7
1,1,burst,70,0.10220800000001873,7
1,1,burst,71,0.10237500000016553,7
1,1,burst,72,0.10483400000020993,7
1,1,burst,73,0.10258300000009513,7
1,1,burst,74,0.10187500000006366,7
1,1,burst,75,0.1037499999999909,7
1,1,burst,76,0.10716699999989032,7
1,1,burst,77,0.10112499999991087,7
1,1,burst,78,0.1017500000000382,7
1,1,burst,79,0.10391600000002654,7
1,1,burst,80,0.10149999999998727,7
1,1,burst,81,0.10120800000004238,7
1,1,burst,82,0.10100000000011278,7
1,1,burst,83,0.10241699999983211,7
1,1,burst,84,0.10204099999987193,7
1,1,burst,85,0.10033299999986411,7
1,1,burst,86,0.10062500000003638,7
1,1,burst,87,34.791999999999916,7
1,1,burst,88,0.1947499999998854,7
1,1,burst,89,0.14066700000012133,7
1,1,burst,90,0.1293749999999818,7
1,1,burst,91,0.2308339999999589,7
1,1,burst,92,0.12370799999985138,7
1,1,burst,93,0.12362499999994725,7
1,1,burst,94,0.1433750000001055,7
1,1,burst,95,0.1359580000000733,7
1,1,burst,96,0.17391599999996288,7
1,1,burst,97,0.14870799999994233,7
1,1,burst,98,0.2024579999999787,7
1,1,burst,99,0.15104199999996126,7
1,1,burst,100,0.1359589999999571,7
1,1,burst,101,0.12487500000020191,7
1,1,burst,102,0.12079100000005383,7
1,1,burst,103,0.12412500000004911,7
1,1,burst,104,0.11791599999992286,7
1,1,burst,105,0.11987500000009277,7
1,1,burst,106,0.150916000000052,7
1,1,burst,107,0.14962499999978718,7
1,1,burst,108,0.12400000000002365,7
1,1,burst,109,0.17545800000016243,7
1,1,burst,110,0.12150000000019645,7
1,1,burst,111,0.12349999999992178,7
1,1,burst,112,0.17429199999992306,7
1,1,burst,113,0.14416700000015226,7
1,1,burst,114,0.12824999999998,7
1,1,burst,115,0.1841669999998885,7
1,1,burst,116,0.16249999999990905,7
1,1,burst,117,0.11858299999994415,7
1,1,burst,118,0.10991699999999582,7
1,1,burst,119,0.10887499999989814,7
1,1,burst,120,0.10391600000002654,7
1,1,burst,121,0.1039170000001377,7
1,1,burst,122,0.10558300000002419,7
1,1,burst,123,0.109375,7
1,1,burst,124,0.1047080000000733,7
1,1,burst,125,0.1037499999999909,7
1,1,burst,126,0.11016700000004676,7
1,1,burst,127,0.10745900000006259,7
1,1,burst,128,0.10416699999996126,7
1,1,burst,129,0.10487499999999272,7
1,1,burst,130,0.10516600000005383,7
1,1,burst,131,0.1039579999999205,7
1,1,burst,132,0.12012499999991633,7
1,1,burst,133,0.10383299999989504,7
1,1,burst,134,0.10754100000008293,7
1,1,burst,135,0.10933299999987867,7
1,1,burst,136,0.10420899999985522,7
1,1,burst,137,0.10587499999996908,7
1,1,burst,138,0.10583300000007512,7
1,1,burst,139,0.10525000000006912,7
1,1,burst,140,0.10108300000001691,7
1,1,burst,141,0.10429100000010294,7
1,1,burst,142,0.10733300000015333,7
1,1,burst,143,0.1021659999998974,7
1,1,burst,144,0.1016660000000229,7
1,1,burst,145,0.10120800000004238,7
1,1,burst,146,0.10629100000005565,7
1,1,burst,147,0.10187500000006366,7
1,1,burst,148,0.1019579999999678,7
1,1,burst,149,0.10379200000011224,7
1,1,burst,150,0.1095829999999296,7
1,1,burst,151,0.1034589999999298,7
1,1,burst,152,12.387166999999863,7
1,1,burst,153,2.5331659999999374,7
1,1,burst,154,0.14879199999995762,7
1,1,burst,155,0.1522500000000946,7
1,1,burst,156,0.12670800000000781,7
1,1,burst,157,0.37474999999994907,7
1,1,burst,158,0.14916700000003402,7
1,1,burst,159,0.12150000000019645,7
1,1,burst,160,0.1228329999999005,7
1,1,burst,161,0.1200420000000122,7
1,1,burst,162,0.12612500000000182,7
1,1,burst,163,0.12095799999997325,7
1,1,burst,164,0.12183300000015151,7
1,1,burst,165,0.12100000000009459,7
1,1,burst,166,0.12274999999999636,7
1,1,burst,167,0.1533750000000964,7
1,1,burst,168,0.12141599999995378,7
1,1,burst,169,0.12108299999999872,7
1,1,burst,170,0.14200000000005275,7
1,1,burst,171,0.12133300000004965,7
1,1,burst,172,0.13258300000006784,7
1,1,burst,173,1.0289580000001024,7
1,1,burst,174,0.13729200000011588,7
1,1,burst,175,0.11495800000011513,7
1,1,burst,176,0.11012499999992542,7
1,1,burst,177,0.10862500000007458,7
1,1,burst,178,0.11700000000018917,7
1,1,burst,179,0.109958000000006,7
1,1,burst,180,0.10891599999990831,7
1,1,burst,181,0.1175829999999678,7
1,1,burst,182,0.11495799999988776,7
1,1,burst,183,0.10470799999984592,7
1,1,burst,184,0.10316600000010112,7
1,1,burst,185,0.10841600000003382,7
1,1,burst,186,0.11075000000005275,7
1,1,burst,187,0.1258749999999509,7
1,1,burst,188,0.10829100000000835,7
1,1,burst,189,0.12229199999978846,7
1,1,burst,190,0.12866699999995035,7
1,1,burst,191,0.11704200000008314,7
1,1,burst,192,0.10804200000006858,7
1,1,burst,193,0.11583399999994981,7
1,1,burst,194,0.10950000000002547,7
1,1,burst,195,0.10862500000007458,7
1,1,burst,196,0.10591599999997925,7
1,1,burst,197,0.11387500000000728,7
1,1,burst,198,0.11787499999991269,7
1,1,burst,199,0.11258299999985866,7
1,1,burst,200,0.11108300000000781,7
1,1,burst,201,0.11245799999983319,7
1,1,burst,202,0.11070900000004258,7
1,1,burst,203,0.10962500000005093,7
1,1,burst,204,0.1062090000000353,7
1,1,burst,205,0.11037499999997635,7
1,1,burst,206,0.1113749999999527,7
1,1,burst,207,0.11779200000000856,7
1,1,burst,208,0.10979199999997036,7
1,1,burst,209,0.1291670000000522,7
1,1,burst,210,0.11225000000013097,7
1,1,burst,211,0.10908299999982773,7
1,1,burst,212,0.10720900000001166,7
1,1,burst,213,0.11225000000013097,7
1,1,burst,214,0.11208299999998417,7
1,1,burst,215,0.11133399999994253,7
1,1,burst,216,0.11112500000012915,7
1,1,burst,217,16.74612500000012,7
1,1,burst,218,0.22358299999996234,7
1,1,burst,219,0.1291670000000522,7
1,1,burst,220,0.1384170000001177,7
1,1,burst,221,0.12741699999992306,7
1,1,burst,222,0.13345899999990252,7
1,1,burst,223,0.12125000000014552,7
1,1,burst,224,0.19629200000008495,7
1,1,burst,225,0.13812499999994543,7
1,1,burst,226,0.1330000000000382,7
1,1,burst,227,0.1342499999998381,7
1,1,burst,228,0.152417000000014,7
1,1,burst,229,0.12966599999981554,7
1,1,burst,230,0.12712499999997817,7
1,1,burst,231,0.12741600000003928,7
1,1,burst,232,0.12970799999993687,7
1,1,burst,233,0.12883300000021336,7
1,1,burst,234,0.1326249999999618,7
1,1,burst,235,0.12324999999987085,7
1,1,burst,236,0.14562499999988177,7
1,1,burst,237,0.129790999999841,7
1,1,burst,238,0.1442500000000564,7
1,1,burst,239,2.069500000000062,7
1,1,burst,240,0.1532079999999496,7
1,1,burst,241,0.11845900000002985,7
1,1,burst,242,0.12350000000014916,7
1,1,burst,243,0.12070900000003348,7
1,1,burst,244,0.12125000000014552,7
1,1,burst,245,0.1124170000000504,7
1,1,burst,246,0.7126250000001164,7
1,1,burst,247,0.3937499999999545,7
1,1,burst,248,0.1919999999997799,7
1,1,burst,249,0.23925000000008367,7
1,1,burst,250,0.1483339999999771,7
1,1,burst,251,0.1330000000000382,7
1,1,burst,252,0.16020800000001145,7
1,1,burst,253,0.13654199999996308,7
1,1,burst,254,0.14095799999995506,7
1,1,burst,255,0.12679100000013932,7
1,1,burst,256,0.1262499999997999,7
1,1,burst,257,0.12962500000003274,7
1,1,burst,258,0.1726659999999356,7
1,1,burst,259,0.13562500000011823,7
1,1,burst,260,2.7749999999998636,7
1,1,burst,261,0.2020830000001297,7
1,1,burst,262,0.1420419999999467,7
1,1,burst,263,0.13774999999986903,7
1,1,burst,264,0.1306250000000091,7
1,1,burst,265,0.12516699999991943,7
1,1,burst,266,0.15512499999999818,7
1,1,burst,267,0.18712500000015098,7
1,1,burst,268,0.2615419999999631,7
1,1,burst,269,0.40037499999994,7
1,1,burst,270,0.2109170000001086,7
1,1,burst,271,5.42145800000003,7
1,1,burst,272,0.1424170000000231,7
1,1,burst,273,0.1296660000000429,7
1,1,burst,274,0.12908300000003692,7
1,1,burst,275,0.21716600000013386,7
1,1,burst,276,0.13500000000021828,7
1,1,burst,277,0.1693750000001728,7
1,1,burst,278,0.14429199999995035,7
1,1,burst,279,0.14258299999983137,7
1,1,burst,280,0.1279580000000351,7
1,1,burst,281,0.13037499999995816,7
1,1,burst,282,0.2542920000000777,7
1,1,burst,283,0.1328329999998914,7
1,1,burst,284,0.6390409999999065,7
1,1,burst,285,0.193416999999954,7
1,1,burst,286,0.15816700000004857,7
1,1,burst,287,0.14445899999986977,7
1,1,burst,288,0.21749999999997272,7
1,1,burst,289,0.13383300000009513,7
1,1,burst,290,0.14383300000008603,7
1,1,burst,291,0.13320900000007896,7
1,1,burst,292,0.12837500000000546,7
1,1,burst,293,0.1351670000001377,7
1,1,burst,294,0.14449999999987995,7
1,1,burst,295,0.12629199999992125,7
1,1,burst,296,0.17899999999985994,7
1,1,burst,297,3.1080000000001746,7
1,1,burst,298,0.18070800000009513,7
1,1,burst,299,0.13525000000004184,7
1,1,burst,300,0.140625,7
1,1,burst,301,0.17770900000004985,7
1,1,burst,302,0.13970799999992778,7
1,1,burst,303,0.15316600000005565,7
1,1,burst,304,0.5498329999998077,7
1,1,burst,305,3.6581249999999272,7
1,1,burst,306,0.13175000000001091,7
1,1,burst,307,0.1304170000000795,7
1,1,burst,308,0.1274590000000444,7
1,1,burst,309,0.12258399999996072,7
1,1,burst,310,0.11950000000001637,7
1,1,burst,311,0.12116700000001401,7
1,1,burst,312,0.12487499999997453,7
1,1,burst,313,0.12587500000017826,7
1,1,burst,314,0.12858299999993505,7
1,1,burst,315,0.12374999999997272,7
1,1,burst,316,0.12183299999992414,7
1,1,burst,317,0.1427080000000842,7
1,1,burst,318,0.12658299999998235,7
1,1,burst,319,7.126374999999825,7
1,1,burst,320,0.1510000000000673,7
1,1,burst,321,0.11220899999989342,7
1,1,burst,322,0.11337500000013279,7
1,1,burst,323,0.10862500000007458,7
1,1,burst,324,0.10679099999993014,7
1,1,burst,325,0.10570800000004965,7
1,1,burst,326,0.10737499999981992,7
1,1,burst,327,0.10733299999992596,7
1,1,burst,328,0.10358300000007148,7
1,1,burst,329,0.10325000000011642,7
1,1,burst,330,0.10804199999984121,7
1,1,burst,331,0.10541699999998855,7
1,1,burst,332,0.10525000000006912,7
1,1,burst,333,0.10858299999995324,7
1,1,burst,334,0.10604100000000471,7
1,1,burst,335,0.12474999999994907,7
1,1,burst,336,0.10449999999991633,7
1,1,burst,337,0.10141699999985576,7
1,1,burst,338,0.10445900000013353,7
1,1,burst,339,0.10254200000008495,7
1,1,burst,340,0.09949999999980719,7
1,1,burst,341,0.1017500000000382,7
1,1,burst,342,0.10208299999999326,7
1,1,burst,343,0.10383299999989504,7
1,1,burst,344,0.10074999999983447,7
1,1,burst,345,0.10266700000011042,7
1,1,burst,346,0.10216600000012477,7
1,1,burst,347,0.10533299999997325,7
1,1,burst,348,0.09941600000001927,7
1,1,burst,349,0.10091600000009748,7
1,1,burst,350,0.10162499999978536,7
1,1,burst,351,0.10254200000008495,7
1,1,burst,352,0.10091700000020865,7
1,1,burst,353,0.10062500000003638,7
1,1,burst,354,0.10725000000002183,7
1,1,burst,355,0.10479200000008859,7
1,1,burst,356,0.10174999999981083,7
1,1,burst,357,0.18150000000014188,7
1,1,burst,358,0.11704200000008314,7
1,1,burst,359,0.11295899999981884,7
1,1,burst,360,0.1067920000000413,7
1,1,burst,361,0.10533299999997325,7
1,1,burst,362,0.11391699999990124,7
1,1,burst,363,0.10595899999998437,7
1,1,burst,364,0.12037499999996726,7
1,1,burst,365,0.10633400000006077,7
1,1,burst,366,9.505167000000029,7
1,1,burst,367,0.18170900000018264,7
1,1,burst,368,0.12208299999997507,7
1,1,burst,369,0.11133300000005875,7
1,1,burst,370,0.11191600000006474,7
1,1,burst,371,0.11366700000007768,7
1,1,burst,372,0.1117500000000291,7
1,1,burst,373,0.10795800000005329,7
1,1,burst,374,0.12741600000003928,7
1,1,burst,375,0.1097500000000764,7
1,1,burst,376,0.10916599999995924,7
1,1,burst,377,0.10587499999996908,7
1,1,burst,378,0.10583300000007512,7
1,1,burst,379,0.10837500000002365,7
1,1,burst,380,0.10466599999995196,7
1,1,burst,381,0.1049160000000029,7
1,1,burst,382,0.10483300000009876,7
1,1,burst,383,0.10479200000008859,7
1,1,burst,384,0.106708000000026,7
1,1,burst,385,0.1041250000000673,7
1,1,burst,386,0.11358300000006238,7
1,1,burst,387,0.10866700000019591,7
1,1,burst,388,0.10479199999986122,7
1,1,burst,389,0.10433399999988069,7
1,1,burst,390,0.10554200000001401,7
1,1,burst,391,0.11437500000010914,7
1,1,burst,392,0.11333300000001145,7
1,1,burst,393,0.1042499999998654,7
1,1,burst,394,0.10629100000005565,7
1,1,burst,395,0.10895800000002964,7
1,1,burst,396,0.1075420000001941,7
1,1,burst,397,0.10358300000007148,7
1,1,burst,398,0.10716600000000653,7
1,1,burst,399,0.1070830000001024,7
1,1,burst,400,0.10441599999990103,7
1,1,burst,401,0.10312500000009095,7
1,1,burst,402,0.10258300000009513,7
1,1,burst,403,0.10266700000011042,7
1,1,burst,404,0.10483300000009876,7
1,1,burst,405,0.10191600000007384,7
1,1,burst,406,0.11837500000001455,7
1,1,burst,407,0.10545799999999872,7
1,1,burst,408,0.10554200000001401,7
1,1,burst,409,0.1041250000000673,7
1,1,burst,410,0.1043329999999969,7
1,1,burst,411,0.11095799999998235,7
1,1,burst,412,0.10383300000012241,7
1,1,burst,413,0.10595799999987321,7
1,1,burst,414,0.10220800000001873,7
1,1,burst,415,0.10370899999998073,7
1,1,burst,416,0.10483299999987139,7
1,1,burst,417,0.10483300000009876,7
1,1,burst,418,0.10395900000003166,7
1,1,burst,419,0.11120800000003328,7
1,1,burst,420,0.10349999999993997,7
1,1,burst,421,0.10487499999999272,7
1,1,burst,422,0.1014580000000933,7
1,1,burst,423,0.10237500000016553,7
1,1,burst,424,0.1037499999999909,7
1,1,burst,425,0.10466699999983575,7
1,1,burst,426,0.10470899999995709,7
1,1,burst,427,0.10575000000017099,7
1,1,burst,428,0.10366700000008677,7
1,1,burst,429,0.11574999999993452,7
1,1,burst,430,0.10408300000017334,7
1,1,burst,431,0.1058339999999589,7
1,1,burst,432,0.10362499999996544,7
1,1,burst,433,0.10445800000002237,7
1,1,burst,434,0.10337499999991451,7
1,1,burst,435,0.10791599999993196,7
1,1,burst,436,0.10541699999998855,7
1,1,burst,437,0.1047080000000733,7
1,1,burst,438,0.10354099999995015,7
1,1,burst,439,0.10158300000011877,7
1,1,burst,440,0.10245799999984229,7
1,1,burst,441,0.10304100000007566,7
1,1,burst,442,0.10312499999986358,7
1,1,burst,443,0.10204199999998309,7
1,1,burst,444,0.10220899999990252,7
1,1,burst,445,0.10479200000008859,7
1,1,burst,446,0.1019579999999678,7
1,1,burst,447,0.1065409999998792,7
1,1,burst,448,0.10649999999986903,7
1,1,burst,449,0.10416699999996126,7
1,1,burst,450,0.10354200000006131,7
1,1,burst,451,0.09933300000011513,7
1,1,burst,452,0.11229200000002493,7
1,1,burst,453,0.10462500000016917,7
1,1,burst,454,0.10420799999997143,7
1,1,burst,455,0.10487499999999272,7
1,1,burst,456,0.10300000000006548,7
1,1,burst,457,0.10220899999990252,7
1,1,burst,458,0.10370799999986957,7
1,1,burst,459,0.10045800000011695,7
1,1,burst,460,0.10270900000000438,7
1,1,burst,461,0.10229199999980665,7
1,1,burst,462,0.10262499999998909,7
1,1,burst,463,0.1013749999999618,7
1,1,burst,464,0.10387500000001637,7
1,1,burst,465,0.1020410000000993,7
1,1,burst,466,0.10837500000002365,7
1,1,burst,467,0.1068329999998241,7
1,1,burst,468,0.10395900000003166,7
1,1,burst,469,0.10087499999985994,7
1,1,burst,470,0.10337499999991451,7
1,1,burst,471,0.10458399999993162,7
1,1,burst,472,0.1045000000001437,7
1,1,burst,473,0.10254200000008495,7
1,1,burst,474,0.10225000000014006,7
1,1,burst,475,0.09995900000012625,7
1,1,burst,476,0.10595800000010058,7
1,1,burst,477,0.10595800000010058,7
1,1,burst,478,0.10050000000001091,7
1,1,burst,479,0.1014589999999771,7
1,1,burst,480,0.10308299999996962,7
1,1,burst,481,0.10125000000016371,7
1,1,burst,482,0.10158400000000256,7
1,1,burst,483,0.10345800000004601,7
1,1,burst,484,0.10337500000014188,7
1,1,burst,485,0.10179100000004837,7
1,1,burst,486,0.10545799999999872,7
1,1,burst,487,0.10404100000005201,7
1,1,burst,488,0.10354099999995015,7
1,1,burst,489,0.10237499999993815,7
1,1,burst,490,0.09862500000008367,7
1,1,burst,491,0.10187499999983629,7
1,1,burst,492,0.1034589999999298,7
1,1,burst,493,0.10179200000015953,7
1,1,burst,494,0.10070799999994051,7
1,1,burst,495,0.10141599999997197,7
1,1,burst,496,0.10316600000010112,7
1,1,burst,497,0.10416700000018864,7
1,1,burst,498,0.10183299999994233,7
1,1,burst,499,0.10041599999999562,7
1,1,burst,500,0.1044170000000122,7
1,1,burst,501,0.1015420000001086,7
1,1,burst,502,0.10195900000007896,7
1,1,burst,503,0.10174999999981083,7
1,1,burst,504,0.10349999999993997,7
1,1,burst,505,0.11108300000000781,7
1,1,burst,506,0.10666700000001583,7
1,1,burst,507,0.10095799999999144,7
1,1,burst,508,0.10233400000015536,7
1,1,burst,509,0.10408399999982976,7
1,1,burst,510,0.10141699999985576,7
1,1,burst,511,0.10154199999988123,7
1,1,burst,512,0.10416699999996126,7
1,1,burst,513,0.10416600000007747,7
1,1,burst,514,0.10050000000001091,7
1,1,burst,515,0.10258299999986775,7
1,1,burst,516,0.10095799999999144,7
1,1,burst,517,0.10275000000001455,7
1,1,burst,518,0.10229099999992286,7
1,1,burst,519,0.10166700000013407,7
1,1,burst,520,0.10808300000007875,7
1,1,burst,521,0.10179200000015953,7
1,1,burst,522,0.10024999999995998,7
1,1,burst,523,0.10204099999987193,7
1,1,burst,524,0.10829100000000835,7
1,1,burst,525,0.10241599999994833,7
1,1,burst,526,0.0994580000001406,7
1,1,burst,527,0.10179199999993216,7
1,1,burst,528,0.10508400000003348,7
1,1,burst,529,0.1015420000001086,7
1,1,burst,530,0.10179199999993216,7
1,1,burst,531,0.1009590000001026,7
1,1,burst,532,0.10404200000016317,7
1,1,burst,533,0.1013749999999618,7
1,1,burst,534,0.10449999999991633,7
1,1,burst,535,0.10075000000006185,7
1,1,burst,536,0.10333300000002055,7
1,1,burst,537,0.10149999999998727,7
1,1,burst,538,0.10200000000008913,7
1,1,burst,539,0.10112499999991087,7
1,1,burst,540,0.10204099999987193,7
1,1,burst,541,0.10145799999986593,7
1,1,burst,542,0.09962500000006003,7
1,1,burst,543,0.1062090000000353,7
1,1,burst,544,0.10354200000006131,7
1,1,burst,545,0.10408400000005713,7
1,1,burst,546,0.10033399999997528,7
1,1,burst,547,0.10183400000005349,7
1,1,burst,548,0.10358300000007148,7
1,1,burst,549,0.09962500000006003,7
1,1,burst,550,0.09900000000016007,7
1,1,burst,551,0.10141700000008314,7
1,1,burst,552,0.10491700000011406,7
1,1,burst,553,0.10083299999996598,7
1,1,burst,554,0.10050000000001091,7
1,1,burst,555,0.10458399999993162,7
1,1,burst,556,0.10566700000003948,7
1,1,burst,557,0.1014580000000933,7
1,1,burst,558,0.10074999999983447,7
1,1,burst,559,0.10245799999984229,7
1,1,burst,560,0.10287500000004002,7
1,1,burst,561,0.09933399999999892,7
1,1,burst,562,0.10408400000005713,7
1,1,burst,563,0.10541699999998855,7
1,1,burst,564,0.10300000000006548,7
1,1,burst,565,0.10083299999996598,7
1,1,burst,566,0.10066700000015771,7
1,1,burst,567,0.10154099999999744,7
1,1,burst,568,0.1049160000000029,7
1,1,burst,569,0.10050000000001091,7
1,1,burst,570,0.10595800000010058,7
1,1,burst,571,0.10050000000001091,7
1,1,burst,572,0.1041250000000673,7
1,1,burst,573,0.09966699999995399,7
1,1,burst,574,0.10258399999997891,7
1,1,burst,575,0.10433400000010806,7
1,1,burst,576,0.1036669999998594,7
1,1,burst,577,0.10120800000004238,7
1,1,burst,578,0.10291600000005019,7
1,1,burst,579,0.10254200000008495,7
1,1,burst,580,0.10391699999991033,7
1,1,burst,581,0.10245799999984229,7
1,1,burst,582,0.10300000000006548,7
1,1,burst,583,0.10149999999998727,7
1,1,burst,584,0.10787499999992178,7
1,1,burst,585,0.10200000000008913,7
1,1,burst,586,0.10300000000006548,7
1,1,burst,587,0.10241599999994833,7
1,1,burst,588,36.72550000000001,7
1,1,burst,589,1.1705409999999574,7
1,1,burst,590,0.1314589999999498,7
1,1,burst,591,0.12850000000003092,7
1,1,burst,592,0.12870799999996052,7
1,1,burst,593,0.12808300000006057,7
1,1,burst,594,0.1262499999997999,7
1,1,burst,595,0.12483300000008057,7
1,1,burst,596,0.23062499999991815,7
1,1,burst,597,0.1510000000000673,7
1,1,burst,598,0.14095800000018244,7
1,1,burst,599,0.12591700000007222,7
1,1,burst,600,0.12304199999994125,7
1,1,burst,601,0.12179199999991397,7
1,1,burst,602,0.12179099999980281,7
1,1,burst,603,0.1225000000001728,7
1,1,burst,604,0.13483399999995527,7
1,1,burst,605,0.19004199999994853,7
1,1,burst,606,0.288915999999972,7
1,1,burst,607,0.7899579999998423,7
1,1,burst,608,0.191332999999986,7
1,1,burst,609,0.12929200000007768,7
1,1,burst,610,0.12391700000011951,7
1,1,burst,611,0.14975000000004002,7
1,1,burst,612,0.12704200000007404,7
1,1,burst,613,0.18174999999996544,7
1,1,burst,614,0.12445800000000418,7
1,1,burst,615,0.30162499999983083,7
1,1,burst,616,0.13175000000001091,7
1,1,burst,617,0.12654199999997218,7
1,1,burst,618,0.13716599999997925,7
1,1,burst,619,0.12212499999986903,7
1,1,burst,620,0.13183299999991505,7
1,1,burst,621,0.12233399999990979,7
1,1,burst,622,0.12287500000002183,7
1,1,burst,623,0.11991699999998673,7
1,1,burst,624,0.12333300000000236,7
1,1,burst,625,0.19349999999985812,7
1,1,burst,626,0.12991600000009385,7
1,1,burst,627,0.1195420000001377,7
1,1,burst,628,0.1523339999998825,7
1,1,burst,629,0.1357500000001437,7
1,1,burst,630,0.12770799999998417,7
1,1,burst,631,0.18979200000012497,7
1,1,burst,632,0.1248329999998532,7
1,1,burst,633,0.1342499999998381,7
1,1,burst,634,0.12283300000012787,7
1,1,burst,635,0.11829099999999926,7
1,1,burst,636,0.11979199999996126,7
1,1,burst,637,0.13754199999993943,7
1,1,burst,638,0.12829199999987395,7
1,1,burst,639,0.11850000000004002,7
1,1,burst,640,0.12308299999995143,7
1,1,burst,641,0.12962500000003274,7
1,1,burst,642,0.13350000000014006,7
1,1,burst,643,0.12637500000005275,7
1,1,burst,644,0.12383299999987685,7
1,1,burst,645,0.11912499999993997,7
1,1,burst,646,0.1243339999998625,7
1,1,burst,647,0.170708999999988,7
1,1,burst,648,0.12295799999992596,7
1,1,burst,649,0.11812499999996362,7
1,1,burst,650,0.11112500000012915,7
1,1,burst,651,0.10587499999996908,7
1,1,burst,652,0.10812499999997272,7
1,1,burst,653,0.10525000000006912,7
1,1,burst,654,0.10325000000011642,7
1,1,burst,655,0.10366700000008677,7
1,1,burst,656,0.11570899999992434,7
1,1,burst,657,0.10212499999988722,7
1,1,burst,658,0.11295899999981884,7
1,1,burst,659,0.10183299999994233,7
1,1,burst,660,0.10570800000004965,7
1,1,burst,661,0.10504100000002836,7
1,1,burst,662,0.10466699999983575,7
1,1,burst,663,0.10191699999995762,7
1,1,burst,664,0.10245800000006966,7
1,1,burst,665,0.10154099999999744,7
1,1,burst,666,0.10354200000006131,7
1,1,burst,667,0.10379200000011224,7
1,1,burst,668,0.10400000000004184,7
1,1,burst,669,0.10575000000017099,7
1,1,burst,670,0.10100000000011278,7
1,1,burst,671,0.10391600000002654,7
1,1,burst,672,0.1050830000001497,7
1,1,burst,673,0.10070799999994051,7
1,1,burst,674,0.10541599999987739,7
1,1,burst,675,0.10587499999996908,7
1,1,burst,676,0.11095799999998235,7
1,1,burst,677,0.10437499999989086,7
1,1,burst,678,0.10487499999999272,7
1,1,burst,679,0.10583300000007512,7
1,1,burst,680,0.10550000000012005,7
1,1,burst,681,0.09970799999996416,7
1,1,burst,682,0.09837500000003274,7
1,1,burst,683,0.1019579999999678,7
1,1,burst,684,0.10200000000008913,7
1,1,burst,685,0.10854200000017045,7
1,1,burst,686,0.10045800000011695,7
1,1,burst,687,0.10133399999995163,7
1,1,burst,688,0.10083299999996598,7
1,1,burst,689,0.09945799999991323,7
1,1,burst,690,0.10083400000007714,7
1,1,burst,691,0.10304199999995944,7
1,1,burst,692,0.10987500000010186,7
1,1,burst,693,0.10262499999998909,7
1,1,burst,694,0.10033300000009149,7
1,1,burst,695,0.10725000000002183,7
1,1,burst,696,0.10583300000007512,7
1,1,burst,697,0.1016669999999067,7
1,1,burst,698,0.10333300000002055,7
1,1,burst,699,0.1037499999999909,7
1,1,burst,700,0.10504199999991215,7
1,1,burst,701,0.1039579999999205,7
1,1,burst,702,0.10416700000018864,7
1,1,burst,703,0.1009999999998854,7
1,1,burst,704,0.10141599999997197,7
1,1,burst,705,0.10133299999984047,7
1,1,burst,706,0.10295799999994415,7
1,1,burst,707,0.10004200000003038,7
1,1,burst,708,0.10462499999994179,7
1,1,burst,709,0.10091600000009748,7
1,1,burst,710,0.102500000000191,7
1,1,burst,711,0.10070799999994051,7
1,1,burst,712,0.10045799999988958,7
1,1,burst,713,0.10791699999981574,7
1,1,burst,714,0.10262499999998909,7
1,1,burst,715,0.10420799999997143,7
1,1,burst,716,0.10270800000012059,7
1,1,burst,717,0.09962500000006003,7
1,1,burst,718,0.09866699999997763,7
1,1,burst,719,0.10275000000001455,7
1,1,burst,720,0.09795800000006238,7
1,1,burst,721,0.09966599999984282,7
1,1,burst,722,0.10145799999986593,7
1,1,burst,723,0.10391600000002654,7
1,1,burst,724,0.10574999999994361,7
1,1,burst,725,22.98741700000005,7
1,1,burst,726,0.14266699999984667,7
1,1,burst,727,0.1302090000001499,7
1,1,burst,728,0.12270899999998619,7
1,1,burst,729,0.12020899999993162,7
1,1,burst,730,0.12083300000017516,7
1,1,burst,731,0.13629199999991215,7
1,1,burst,732,0.15533299999992778,7
1,1,burst,733,0.22304099999996652,7
1,1,burst,734,0.15058399999998073,7
1,1,burst,735,0.13787500000012187,7
1,1,burst,736,0.12254100000018298,7
1,1,burst,737,0.1226249999999709,7
1,1,burst,738,0.13337499999988722,7
1,1,burst,739,0.12970799999993687,7
1,1,burst,740,0.12195800000017698,7
1,1,burst,741,0.12087500000006912,7
1,1,burst,742,0.12858299999993505,7
1,1,burst,743,0.20716599999991558,7
1,1,burst,744,0.14145899999994072,7
1,1,burst,745,0.12425000000007458,7
1,1,burst,746,0.12354099999993196,7
1,1,burst,747,0.12741699999992306,7
1,1,burst,748,0.12116700000001401,7
1,1,burst,749,0.6864170000001195,7
1,1,burst,750,0.12666699999999764,7
1,1,burst,751,0.14091700000017227,7
1,1,burst,752,0.11520900000004985,7
1,1,burst,753,0.10754199999996672,7
1,1,burst,754,0.1180410000001757,7
1,1,burst,755,0.11162500000000364,7
1,1,burst,756,0.10612500000002001,7
1,1,burst,757,0.10362499999996544,7
1,1,burst,758,0.10725000000002183,7
1,1,burst,759,0.10687499999994543,7
1,1,burst,760,0.10312500000009095,7
1,1,burst,761,0.1043329999999969,7
1,1,burst,762,0.10320799999999508,7
1,1,burst,763,0.10558300000002419,7
1,1,burst,764,0.11179100000003928,7
1,1,burst,765,0.10287499999981264,7
1,1,burst,766,0.11129099999993741,7
1,1,burst,767,0.10458300000004783,7
1,1,burst,768,0.10866699999996854,7
1,1,burst,769,0.10649999999986903,7
1,1,burst,770,0.10479099999997743,7
1,1,burst,771,0.11620800000014242,7
1,1,burst,772,0.10816599999998289,7
1,1,burst,773,0.10887499999989814,7
1,1,burst,774,0.10591699999986304,7
1,1,burst,775,0.11004200000002129,7
1,1,burst,776,0.1049160000000029,7
1,1,burst,777,0.11658299999999144,7
1,1,burst,778,0.10083300000019335,7
1,1,burst,779,0.11070900000004258,7
1,1,burst,780,0.10820899999998801,7
1,1,burst,781,0.10487499999999272,7
1,1,burst,782,0.10283299999991868,7
1,1,burst,783,0.10320899999987887,7
1,1,burst,784,0.10091699999998127,7
1,1,burst,785,0.10412499999983993,7
1,1,burst,786,0.10279100000002472,7
1,1,burst,787,0.10324999999988904,7
1,1,burst,788,0.10233400000015536,7
1,1,burst,789,0.11225000000013097,7
1,1,burst,790,0.10229099999992286,7
1,1,burst,791,0.1070830000001024,7
1,1,burst,792,0.10891700000001947,7
1,1,burst,793,0.11216699999999946,7
1,1,burst,794,0.10249999999996362,7
1,1,burst,795,0.10404100000005201,7
1,1,burst,796,0.10037499999998545,7
1,1,burst,797,0.10316699999998491,7
1,1,burst,798,0.10100000000011278,7
1,1,burst,799,0.10362500000019281,7
1,1,burst,800,0.10112499999991087,7
1,1,burst,801,0.10512500000004366,7
1,1,burst,802,0.10216600000012477,7
1,1,burst,803,0.10383299999989504,7
1,1,burst,804,0.10237500000016553,7
1,1,burst,805,0.10504199999991215,7
1,1,burst,806,0.10341700000003584,7
1,1,burst,807,0.10474999999996726,7
1,1,burst,808,0.10941600000001017,7
1,1,burst,809,0.10429099999987557,7
1,1,burst,810,0.10449999999991633,7
1,1,burst,811,0.10245800000006966,7
1,1,burst,812,0.10366599999997561,7
1,1,burst,813,0.12654099999986101,7
1,1,burst,814,0.11087500000007822,7
1,1,burst,815,0.11749999999983629,7
1,1,burst,816,0.12320799999997689,7
1,1,burst,817,0.1125409999999647,7
1,1,burst,818,0.1199579999999969,7
1,1,burst,819,0.1149159999999938,7
1,1,burst,820,0.11445800000001327,7
1,1,burst,821,0.11779200000000856,7
1,1,burst,822,0.1092079999998532,7
1,1,burst,823,0.11654100000009748,7
1,1,burst,824,0.1171670000001086,7
1,1,burst,825,0.1117500000000291,7
1,1,burst,826,0.1169999999999618,7
1,1,burst,827,0.11708299999986593,7
1,1,burst,828,0.12466700000004494,7
1,1,burst,829,0.10591599999997925,7
1,1,burst,830,0.11779200000000856,7
1,1,burst,831,0.1140419999999267,7
1,1,burst,832,0.11824999999998909,7
1,1,burst,833,0.10087500000008731,7
1,1,burst,834,0.11666700000000674,7
1,1,burst,835,0.11558300000001509,7
1,1,burst,836,0.11299999999982901,7
1,1,burst,837,0.11645799999996598,7
1,1,burst,838,0.11100000000010368,7
1,1,burst,839,0.1149159999999938,7
1,1,burst,840,0.11483300000008967,7
1,1,burst,841,0.1122090000001208,7
1,1,burst,842,0.11604200000010678,7
1,1,burst,843,2.9255829999999605,7
1,1,burst,844,0.12816700000007586,7
1,1,burst,845,0.12858400000004622,7
1,1,burst,846,0.12066600000002836,7
1,1,burst,847,0.12687499999992724,7
1,1,burst,848,0.1269169999998212,7
1,1,burst,849,0.12879199999997581,7
1,1,burst,850,0.12112499999989268,7
1,1,burst,851,0.12075000000004366,7
1,1,burst,852,0.11950000000001637,7
1,1,burst,853,0.12366700000006858,7
1,1,burst,854,0.12074999999981628,7
1,1,burst,855,0.14049999999997453,7
1,1,burst,856,0.12362499999994725,7
1,1,burst,857,0.1230000000000473,7
1,1,burst,858,2.7937919999999394,7
1,1,burst,859,0.11045899999999165,7
1,1,burst,860,0.10545900000010988,7
1,1,burst,861,0.1063329999999496,7
1,1,burst,862,0.10270800000012059,7
1,1,burst,863,0.10599999999999454,7
1,1,burst,864,0.10458299999982046,7
1,1,burst,865,0.10566700000003948,7
1,1,burst,866,0.10295799999994415,7
1,1,burst,867,0.1037499999999909,7
1,1,burst,868,0.10283299999991868,7
1,1,burst,869,0.10458299999982046,7
1,1,burst,870,0.10483299999987139,7
1,1,burst,871,0.106708000000026,7
1,1,burst,872,0.10391600000002654,7
1,1,burst,873,0.11124999999992724,7
1,1,burst,874,0.10266699999988305,7
1,1,burst,875,0.10199999999986176,7
1,1,burst,876,0.10125000000016371,7
1,1,burst,877,0.10091599999987011,7
1,1,burst,878,0.10108300000001691,7
1,1,burst,879,0.10208400000010442,7
1,1,burst,880,0.10295800000017152,7
1,1,burst,881,0.10458300000004783,7
1,1,burst,882,0.10012499999993452,7
1,1,burst,883,0.10050000000001091,7
1,1,burst,884,0.10341700000003584,7
1,1,burst,885,0.10112500000013824,7
1,1,burst,886,0.0993750000000091,7
1,1,burst,887,0.10091700000020865,7
1,1,burst,888,0.1023330000000442,7
1,1,burst,889,0.10024999999995998,7
1,1,burst,890,0.10249999999996362,7
1,1,burst,891,0.10079100000007202,7
1,1,burst,892,0.1073750000000473,7
1,1,burst,893,0.10091699999998127,7
1,1,burst,894,0.10104200000000674,7
1,1,burst,895,0.10062500000003638,7
1,1,burst,896,0.10845799999992778,7
1,1,burst,897,0.0994580000001406,7
1,1,burst,898,0.10058300000014242,7
1,1,burst,899,0.10124999999993634,7
1,1,burst,900,0.10674999999991996,7
1,1,burst,901,0.09975000000008549,7
1,1,burst,902,0.10095799999999144,7
1,1,burst,903,0.1069999999999709,7
1,1,burst,904,0.10420899999985522,7
1,1,burst,905,0.10058299999991505,7
1,1,burst,906,0.09995800000001509,7
1,1,burst,907,0.09983299999998962,7
1,1,burst,908,0.10387500000001637,7
1,1,burst,909,0.10241700000005949,7
1,1,burst,910,0.10545899999988251,7
1,1,burst,911,0.10275000000001455,7
1,1,burst,912,0.10366599999997561,7
1,1,burst,913,0.10100000000011278,7
1,1,burst,914,0.10179199999993216,7
1,1,burst,915,0.10129200000005767,7
1,1,burst,916,0.10174999999981083,7
1,1,burst,917,0.10200000000008913,7
1,1,burst,918,0.10062500000003638,7
1,1,burst,919,0.10091599999987011,7
1,1,burst,920,0.10275000000001455,7
1,1,burst,921,0.10254200000008495,7
1,1,burst,922,0.1013749999999618,7
1,1,burst,923,0.10249999999996362,7
1,1,burst,924,0.10045900000000074,7
1,1,burst,925,0.10320799999999508,7
1,1,burst,926,0.10104099999989558,7
1,1,burst,927,0.10366599999997561,7
1,1,burst,928,0.10241700000005949,7
1,1,burst,929,0.10999999999989996,7
1,1,burst,930,0.10241599999994833,7
1,1,burst,931,0.10408299999994597,7
1,1,burst,932,0.10162500000001273,7
1,1,burst,933,0.10266700000011042,7
1,1,burst,934,0.10133399999995163,7
1,1,burst,935,0.11041700000009769,7
1,1,burst,936,0.10229200000003402,7
1,1,burst,937,0.10183400000005349,7
1,1,burst,938,0.1013749999999618,7
1,1,burst,939,0.10312499999986358,7
1,1,burst,940,0.09962500000006003,7
1,1,burst,941,0.10024999999995998,7
1,1,burst,942,0.10008299999981318,7
1,1,burst,943,0.10420799999997143,7
1,1,burst,944,0.11704099999997197,7
1,1,burst,945,0.10108300000001691,7
1,1,burst,946,0.1011670000000322,7
1,1,burst,947,0.1064169999999649,7
1,1,burst,948,0.10129099999994651,7
1,1,burst,949,0.10037499999998545,7
1,1,burst,950,0.10104200000000674,7
1,1,burst,951,0.10512500000004366,7
1,1,burst,952,0.10074999999983447,7
1,1,burst,953,0.10191699999995762,7
1,1,burst,954,0.1014589999999771,7
1,1,burst,955,0.10362499999996544,7
1,1,burst,956,0.10170799999991686,7
1,1,burst,957,0.10554200000001401,7
1,1,burst,958,0.10254200000008495,7
1,1,burst,959,0.1037499999999909,7
1,1,burst,960,0.09950000000003456,7
1,1,burst,961,0.10120800000004238,7
1,1,burst,962,0.10108300000001691,7
1,1,burst,963,0.10229200000003402,7
1,1,burst,964,0.10187500000006366,7
1,1,burst,965,0.10170799999991686,7
1,1,burst,966,0.10562499999991815,7
1,1,burst,967,0.10658399999988433,7
1,1,burst,968,0.10204199999998309,7
1,1,burst,969,0.09941700000013043,7
1,1,burst,970,0.10333399999990434,7
1,1,burst,971,5.5339580000002115,7
1,1,burst,972,0.11925000000019281,7
1,1,burst,973,0.11066700000014862,7
1,1,burst,974,0.11366700000007768,7
1,1,burst,975,0.1125000000001819,7
1,1,burst,976,0.10483300000009876,7
1,1,burst,977,0.10249999999996362,7
1,1,burst,978,0.10474999999996726,7
1,1,burst,979,0.10333300000002055,7
1,1,burst,980,0.10287500000004002,7
1,1,burst,981,0.10129099999994651,7
1,1,burst,982,0.10812499999997272,7
1,1,burst,983,0.10674999999991996,7
1,1,burst,984,0.11612500000001091,7
1,1,burst,985,0.10275000000001455,7
1,1,burst,986,0.11016699999981938,7
1,1,burst,987,0.10304199999995944,7
1,1,burst,988,0.10237499999993815,7
1,1,burst,989,0.10191600000007384,7
1,1,burst,990,0.10612500000002001,7
1,1,burst,991,0.10337500000014188,7
1,1,burst,992,0.10229099999992286,7
1,1,burst,993,0.10241599999994833,7
1,1,burst,994,0.10412499999983993,7
1,1,burst,995,0.10516699999993762,7
1,1,burst,996,0.10200000000008913,7
1,1,burst,997,0.09966699999995399,7
1,1,burst,998,0.10754199999996672,7
1,1,burst,999,0.10254099999997379,7
1,2,idle,0,0.001958000000058746,0
1,2,idle,1,0.001875000000154614,0
1,2,idle,2,0.0018749999999272404,0
1,2,idle,3,0.00254199999994853,0
1,2,idle,4,0.002208000000109678,0
1,2,idle,5,0.0019999999999527063,0
1,2,idle,6,0.0018749999999272404,0
1,2,idle,7,0.0018749999999272404,0
1,2,idle,8,0.002124999999978172,0
1,2,idle,9,0.0018330000000332802,0
1,2,idle,10,0.0019159999999374122,0
1,2,idle,11,0.0025000000000545697,0
1,2,idle,12,0.002208999999993466,0
1,2,idle,13,0.002334000000018932,0
1,2,idle,14,0.001959000000169908,0
1,2,idle,15,0.0017500000001291482,0
1,2,idle,16,0.00204200000007404,0
1,2,idle,17,0.0019159999999374122,0
1,2,idle,18,0.002291999999897598,0
1,2,idle,19,0.0019170000000485743,0
1,2,idle,20,0.0027090000000953296,0
1,2,idle,21,0.0018749999999272404,0
1,2,idle,22,0.0018330000000332802,0
1,2,idle,23,0.0026669999999739957,0
1,2,idle,24,0.0027090000000953296,0
1,2,idle,25,0.0018749999999272404,0
1,2,idle,26,0.0017909999999119464,0
1,2,idle,27,0.002791000000115673,0
1,2,idle,28,0.00233299999990777,0
1,2,idle,29,0.0022910000000138098,0
1,2,idle,30,0.0024580000001606095,0
1,2,idle,31,0.002124999999978172,0
1,2,idle,32,0.0019170000000485743,0
1,2,idle,33,0.001958000000058746,0
1,2,idle,34,0.002375000000029104,0
1,2,idle,35,0.0019159999999374122,0
1,2,idle,36,0.0019170000000485743,0
1,2,idle,37,0.00204200000007404,0
1,2,idle,38,0.0019999999999527063,0
1,2,idle,39,0.002291999999897598,0
1,2,idle,40,0.0019169999998212006,0
1,2,idle,41,0.0018749999999272404,0
1,2,idle,42,0.002416999999923064,0
1,2,idle,43,9.06833400000005,0
1,2,idle,44,0.030708999999887965,0
1,2,idle,45,0.005417000000079497,0
1,2,idle,46,0.003249999999979991,0
1,2,idle,47,0.0027090000000953296,0
1,2,idle,48,0.002708999999867956,0
1,2,idle,49,0.0029170000000249274,0
1,2,idle,50,0.003165999999964697,0
1,2,idle,51,0.00825000000008913,0
1,2,idle,52,0.00433300000008785,0
1,2,idle,53,0.0028330000000096334,0
1,2,idle,54,0.0027909999998882995,0
1,2,idle,55,0.0030420000000503933,0
1,2,idle,56,0.0031249999999545253,0
1,2,idle,57,0.0026250000000800355,0
1,2,idle,58,0.007416000000148415,0
1,2,idle,59,0.002540999999837368,0
1,2,idle,60,0.005292000000054031,0
1,2,idle,61,0.0030419999998230196,0
1,2,idle,62,0.0026659999998628336,0
1,2,idle,63,0.00254199999994853,0
1,2,idle,64,0.0025830000001860753,0
1,2,idle,65,0.002207999999882304,0
1,2,idle,66,0.0029159999999137654,0
1,2,idle,67,0.002292000000124972,0
1,2,idle,68,0.002416999999923064,0
1,2,idle,69,0.002250000000003638,0
1,2,idle,70,0.002624999999852662,0
1,2,idle,71,0.0027919999999994616,0
1,2,idle,72,0.05087499999990541,0
1,2,idle,73,0.0032919999998739513,0
1,2,idle,74,0.03416700000002493,0
1,2,idle,75,0.009583000000020547,0
1,2,idle,76,0.005958999999847947,0
1,2,idle,77,0.0027919999999994616,0
1,2,idle,78,0.004458999999997104,0
1,2,idle,79,0.0031669999998484855,0
1,2,idle,80,0.0024160000000392756,0
1,2,idle,81,0.0029170000000249274,0
1,2,idle,82,0.0038749999998799467,0
1,2,idle,83,0.0048750000000836735,0
1,2,idle,84,0.0027079999999841675,0
1,2,idle,85,0.0026250000000800355,0
1,2,idle,86,0.0028330000000096334,0
1,2,idle,87,0.004458000000113316,0
1,2,idle,88,0.00254199999994853,0
1,2,idle,89,0.002459000000044398,0
1,2,idle,90,0.0025000000000545697,0
1,2,idle,91,0.0027079999999841675,0
1,2,idle,92,0.0029170000000249274,0
1,2,idle,93,0.002416999999923064,0
1,2,idle,94,0.0024580000001606095,0
1,2,idle,95,0.0034580000001369626,0
1,2,idle,96,0.0024160000000392756,0
1,2,idle,97,0.0029170000000249274,0
1,2,idle,98,0.0026250000000800355,0
1,2,idle,99,0.0024580000001606095,0
1,2,idle,100,0.002416999999923064,0
1,2,idle,101,0.0024170000001504377,0
1,2,idle,102,0.0025000000000545697,0
1,2,idle,103,0.004042000000026746,0
1,2,idle,104,0.002250000000003638,0
1,2,idle,105,0.002250000000003638,0
1,2,idle,106,0.0025000000000545697,0
1,2,idle,107,0.002416999999923064,0
1,2,idle,108,0.0027909999998882995,0
1,2,idle,109,0.0025830000001860753,0
1,2,idle,110,0.002457999999933236,0
1,2,idle,111,0.002291999999897598,0
1,2,idle,112,0.002208999999993466,0
1,2,idle,113,0.0027500000001055014,0
1,2,idle,114,0.0047920000001795415,0
1,2,idle,115,0.002375000000029104,0
1,2,idle,116,0.0021669999998721323,0
1,2,idle,117,0.0025000000000545697,0
1,2,idle,118,0.003624999999829015,0
1,2,idle,119,0.002457999999933236,0
1,2,idle,120,0.00220900000022084,0
1,2,idle,121,0.0024170000001504377,0
1,2,idle,122,0.002375000000029104,0
1,2,idle,123,0.00254199999994853,0
1,2,idle,124,0.0027909999998882995,0
1,2,idle,125,0.0021669999998721323,0
1,2,idle,126,0.002334000000018932,0
1,2,idle,127,0.002416999999923064,0
1,2,idle,128,0.0024160000000392756,0
1,2,idle,129,0.0029170000000249274,0
1,2,idle,130,0.002292000000124972,0
1,2,idle,131,0.0025000000000545697,0
1,2,idle,132,0.002208000000109678,0
1,2,idle,133,0.002416999999923064,0
1,2,idle,134,0.0027090000000953296,0
1,2,idle,135,0.0026250000000800355,0
1,2,idle,136,0.002416999999923064,0
1,2,idle,137,0.003292000000101325,0
1,2,idle,138,0.0027500000001055014,0
1,2,idle,139,0.0029999999999290594,0
1,2,idle,140,0.002291999999897598,0
1,2,idle,141,0.002459000000044398,0
1,2,idle,142,0.0036250000000563887,0
1,2,idle,143,0.0028330000000096334,0
1,2,idle,144,0.002167000000099506,0
1,2,idle,145,0.0029999999999290594,0
1,2,idle,146,0.003332999999884123,0
1,2,idle,147,0.0028330000000096334,0
1,2,idle,148,0.0025000000000545697,0
1,2,idle,149,0.003041000000166605,0
1,2,idle,150,0.0025829999999587017,0
1,2,idle,151,0.0025829999999587017,0
1,2,idle,152,0.0024160000000392756,0
1,2,idle,153,0.002208000000109678,0
1,2,idle,154,0.002167000000099506,0
1,2,idle,155,0.004249999999956344,0
1,2,idle,156,0.0025830000001860753,0
1,2,idle,157,0.025791000000026543,0
1,2,idle,158,0.004500000000007276,0
1,2,idle,159,0.0025829999999587017,0
1,2,idle,160,0.0028330000000096334,0
1,2,idle,161,0.0027499999998781277,0
1,2,idle,162,0.0035410000000410946,0
1,2,idle,163,0.0027919999999994616,0
1,2,idle,164,0.003666999999950349,0
1,2,idle,165,0.00258399999984249,0
1,2,idle,166,0.0027090000000953296,0
1,2,idle,167,0.003958999999895241,0
1,2,idle,168,0.002375000000029104,0
1,2,idle,169,0.0025829999999587017,0
1,2,idle,170,0.002165999999988344,0
1,2,idle,171,0.0029170000000249274,0
1,2,idle,172,0.002124999999978172,0
1,2,idle,173,0.002416999999923064,0
1,2,idle,174,0.002208999999993466,0
1,2,idle,175,0.002459000000044398,0
1,2,idle,176,0.00254199999994853,0
1,2,idle,177,0.0036250000000563887,0
1,2,idle,178,0.002292000000124972,0
1,2,idle,179,0.0027499999998781277,0
1,2,idle,180,0.003249999999979991,0
1,2,idle,181,0.002916000000141139,0
1,2,idle,182,0.0024580000001606095,0
1,2,idle,183,0.00254199999994853,0
1,2,idle,184,0.002208999999993466,0
1,2,idle,185,0.0026669999999739957,0
1,2,idle,186,0.002124999999978172,0
1,2,idle,187,0.003125000000181899,0
1,2,idle,188,0.003500000000030923,0
1,2,idle,189,0.0025000000000545697,0
1,2,idle,190,0.002208000000109678,0
1,2,idle,191,0.002457999999933236,0
1,2,idle,192,0.0025410000000647415,0
1,2,idle,193,0.0024170000001504377,0
1,2,idle,194,0.0030420000000503933,0
1,2,idle,195,0.0026250000000800355,0
1,2,idle,196,0.002416999999923064,0
1,2,idle,197,0.0028750000001309672,0
1,2,idle,198,0.002375000000029104,0
1,2,idle,199,0.0025829999999587017,0
1,2,idle,200,0.0031249999999545253,0
1,2,idle,201,0.0026660000000902073,0
1,2,idle,202,0.00237499999980173,0
1,2,idle,203,0.003040999999939231,0
1,2,idle,204,0.00233299999990777,0
1,2,idle,205,0.0025000000000545697,0
1,2,idle,206,0.002375000000029104,0
1,2,idle,207,0.0027499999998781277,0
1,2,idle,208,0.0025829999999587017,0
1,2,idle,209,0.003417000000126791,0
1,2,idle,210,0.02412499999991269,0
1,2,idle,211,0.004541999999901236,0
1,2,idle,212,0.002375000000029104,0
1,2,idle,213,0.0029580000000350992,0
1,2,idle,214,0.003167000000075859,0
1,2,idle,215,0.0025840000000698637,0
1,2,idle,216,0.002499999999827196,0
1,2,idle,217,0.0027079999999841675,0
1,2,idle,218,0.0028749999999035936,0
1,2,idle,219,0.0028340000001207954,0
1,2,idle,220,0.002416999999923064,0
1,2,idle,221,0.0025410000000647415,0
1,2,idle,222,0.0026669999999739957,0
1,2,idle,223,0.00258399999984249,0
1,2,idle,224,0.0026250000000800355,0
1,2,idle,225,0.0026250000000800355,0
1,2,idle,226,0.002334000000018932,0
1,2,idle,227,0.0026669999999739957,0
1,2,idle,228,0.0023330000001351436,0
1,2,idle,229,0.003457999999909589,0
1,2,idle,230,0.002165999999988344,0
1,2,idle,231,0.002375000000029104,0
1,2,idle,232,0.002207999999882304,0
1,2,idle,233,0.002457999999933236,0
1,2,idle,234,0.0025829999999587017,0
1,2,idle,235,0.0035410000000410946,0
1,2,idle,236,0.002208000000109678,0
1,2,idle,237,0.0024170000001504377,0
1,2,idle,238,0.002292000000124972,0
1,2,idle,239,0.0028339999998934218,0
1,2,idle,240,0.004042000000026746,0
1,2,idle,241,0.002250000000003638,0
1,2,idle,242,0.003500000000030923,0
1,2,idle,243,0.004666000000042914,0
1,2,idle,244,0.003167000000075859,0
1,2,idle,245,0.0029589999999188876,0
1,2,idle,246,0.0024170000001504377,0
1,2,idle,247,0.002165999999988344,0
1,2,idle,248,0.002624999999852662,0
1,2,idle,249,0.00233299999990777,0
1,2,idle,250,0.0040829999998095445,0
1,2,idle,251,0.00233299999990777,0
1,2,idle,252,0.00233299999990777,0
1,2,idle,253,0.00233299999990777,0
1,2,idle,254,0.002165999999988344,0
1,2,idle,255,0.0026669999999739957,0
1,2,idle,256,0.002292000000124972,0
1,2,idle,257,0.002375000000029104,0
1,2,idle,258,0.002375000000029104,0
1,2,idle,259,0.002375000000029104,0
1,2,idle,260,0.0026659999998628336,0
1,2,idle,261,0.00233299999990777,0
1,2,idle,262,0.002207999999882304,0
1,2,idle,263,0.0028750000001309672,0
1,2,idle,264,0.002375000000029104,0
1,2,idle,265,0.00254199999994853,0
1,2,idle,266,0.0026250000000800355,0
1,2,idle,267,0.0024589999998170242,0
1,2,idle,268,0.002334000000018932,0
1,2,idle,269,0.002459000000044398,0
1,2,idle,270,0.002291999999897598,0
1,2,idle,271,0.0027499999998781277,0
1,2,idle,272,0.003292000000101325,0
1,2,idle,273,0.0034580000001369626,0
1,2,idle,274,0.002208000000109678,0
1,2,idle,275,0.002457999999933236,0
1,2,idle,276,0.0028749999999035936,0
1,2,idle,277,0.003375000000005457,0
1,2,idle,278,0.002416999999923064,0
1,2,idle,279,0.002292000000124972,0
1,2,idle,280,0.002165999999988344,0
1,2,idle,281,0.0028330000000096334,0
1,2,idle,282,0.002124999999978172,0
1,2,idle,283,0.0022910000000138098,0
1,2,idle,284,0.002124999999978172,0
1,2,idle,285,0.003083000000060565,0
1,2,idle,286,0.00233299999990777,0
1,2,idle,287,0.0027079999999841675,0
1,2,idle,288,0.002165999999988344,0
1,2,idle,289,0.002457999999933236,0
1,2,idle,290,0.002375000000029104,0
1,2,idle,291,0.0022910000000138098,0
1,2,idle,292,0.00254199999994853,0
1,2,idle,293,0.0026250000000800355,0
1,2,idle,294,0.002208000000109678,0
1,2,idle,295,0.0023330000001351436,0
1,2,idle,296,0.002624999999852662,0
1,2,idle,297,0.0027500000001055014,0
1,2,idle,298,0.002165999999988344,0
1,2,idle,299,0.003000000000156433,0
1,2,idle,300,0.002165999999988344,0
1,2,idle,301,0.00254199999994853,0
1,2,idle,302,0.002208999999993466,0
1,2,idle,303,0.003833999999869775,0
1,2,idle,304,0.003249999999979991,0
1,2,idle,305,0.00233299999990777,0
1,2,idle,306,0.0027499999998781277,0
1,2,idle,307,0.002457999999933236,0
1,2,idle,308,0.0029580000000350992,0
1,2,idle,309,0.0025000000000545697,0
1,2,idle,310,0.002207999999882304,0
1,2,idle,311,0.00254199999994853,0
1,2,idle,312,0.002167000000099506,0
1,2,idle,313,0.0027079999999841675,0
1,2,idle,314,0.002165999999988344,0
1,2,idle,315,0.0024170000001504377,0
1,2,idle,316,0.002250000000003638,0
1,2,idle,317,0.002375000000029104,0
1,2,idle,318,0.003916000000117492,0
1,2,idle,319,0.0024170000001504377,0
1,2,idle,320,0.002208999999993466,0
1,2,idle,321,0.002291999999897598,0
1,2,idle,322,0.002292000000124972,0
1,2,idle,323,0.0022910000000138098,0
1,2,idle,324,0.0026669999999739957,0
1,2,idle,325,0.002375000000029104,0
1,2,idle,326,0.0028750000001309672,0
1,2,idle,327,0.0026660000000902073,0
1,2,idle,328,0.002208000000109678,0
1,2,idle,329,0.004124999999930878,0
1,2,idle,330,0.002250000000003638,0
1,2,idle,331,0.07712500000002365,0
1,2,idle,332,0.005999999999858119,0
1,2,idle,333,0.002416999999923064,0
1,2,idle,334,0.0029170000000249274,0
1,2,idle,335,0.0036660000000665605,0
1,2,idle,336,0.0024580000001606095,0
1,2,idle,337,0.00254199999994853,0
1,2,idle,338,0.0024170000001504377,0
1,2,idle,339,0.0029580000000350992,0
1,2,idle,340,0.002499999999827196,0
1,2,idle,341,0.0025840000000698637,0
1,2,idle,342,0.025458999999955267,0
1,2,idle,343,0.003500000000030923,0
1,2,idle,344,0.002208000000109678,0
1,2,idle,345,0.0029999999999290594,0
1,2,idle,346,0.004167000000052212,0
1,2,idle,347,0.0025000000000545697,0
1,2,idle,348,0.0022499999997762643,0
1,2,idle,349,0.0025840000000698637,0
1,2,idle,350,0.00254199999994853,0
1,2,idle,351,0.0025410000000647415,0
1,2,idle,352,0.002083000000084212,0
1,2,idle,353,0.0027079999999841675,0
1,2,idle,354,0.002457999999933236,0
1,2,idle,355,0.002624999999852662,0
1,2,idle,356,0.002250000000003638,0
1,2,idle,357,0.002334000000018932,0
1,2,idle,358,0.0021669999998721323,0
1,2,idle,359,0.003332999999884123,0
1,2,idle,360,0.0025000000000545697,0
1,2,idle,361,0.002459000000044398,0
1,2,idle,362,0.002292000000124972,0
1,2,idle,363,0.003083000000060565,0
1,2,idle,364,0.002250000000003638,0
1,2,idle,365,0.0025000000000545697,0
1,2,idle,366,0.003457999999909589,0
1,2,idle,367,0.0024170000001504377,0
1,2,idle,368,0.002291999999897598,0
1,2,idle,369,0.00237499999980173,0
1,2,idle,370,0.0021669999998721323,0
1,2,idle,371,0.0028750000001309672,0
1,2,idle,372,0.0025420000001759036,0
1,2,idle,373,0.002375000000029104,0
1,2,idle,374,0.002416999999923064,0
1,2,idle,375,0.002292000000124972,0
1,2,idle,376,0.0026669999999739957,0
1,2,idle,377,0.00237499999980173,0
1,2,idle,378,0.002292000000124972,0
1,2,idle,379,0.0025410000000647415,0
1,2,idle,380,0.0025830000001860753,0
1,2,idle,381,0.0027500000001055014,0
1,2,idle,382,0.0023330000001351436,0
1,2,idle,383,0.002250000000003638,0
1,2,idle,384,0.002292000000124972,0
1,2,idle,385,0.002334000000018932,0
1,2,idle,386,0.002375000000029104,0
1,2,idle,387,0.0026250000000800355,0
1,2,idle,388,0.002250000000003638,0
1,2,idle,389,0.003292000000101325,0
1,2,idle,390,0.0024160000000392756,0
1,2,idle,391,0.003500000000030923,0
1,2,idle,392,0.0026659999998628336,0
1,2,idle,393,0.0032079999998586572,0
1,2,idle,394,0.002250000000003638,0
1,2,idle,395,0.002375000000029104,0
1,2,idle,396,0.002416999999923064,0
1,2,idle,397,0.0027499999998781277,0
1,2,idle,398,0.003167000000075859,0
1,2,idle,399,0.002375000000029104,0
1,2,idle,400,0.003084000000171727,0
1,2,idle,401,0.002334000000018932,0
1,2,idle,402,0.0024170000001504377,0
1,2,idle,403,0.0028750000001309672,0
1,2,idle,404,0.002416999999923064,0
1,2,idle,405,0.0022910000000138098,0
1,2,idle,406,0.002291999999897598,0
1,2,idle,407,0.0028340000001207954,0
1,2,idle,408,0.0027919999999994616,0
1,2,idle,409,0.002250000000003638,0
1,2,idle,410,0.0030839999999443535,0
1,2,idle,411,0.002250000000003638,0
1,2,idle,412,0.002291999999897598,0
1,2,idle,413,0.0037500000000818545,0
1,2,idle,414,0.0024170000001504377,0
1,2,idle,415,0.002208999999993466,0
1,2,idle,416,0.0025000000000545697,0
1,2,idle,417,0.00233299999990777,0
1,2,idle,418,0.0027499999998781277,0
1,2,idle,419,0.00233299999990777,0
1,2,idle,420,0.002250000000003638,0
1,2,idle,421,0.0021669999998721323,0
1,2,idle,422,0.002375000000029104,0
1,2,idle,423,0.002291999999897598,0
1,2,idle,424,0.0026250000000800355,0
1,2,idle,425,0.002375000000029104,0
1,2,idle,426,0.002292000000124972,0
1,2,idle,427,0.002125000000205546,0
1,2,idle,428,0.002334000000018932,0
1,2,idle,429,0.003500000000030923,0
1,2,idle,430,0.0029580000000350992,0
1,2,idle,431,0.002291999999897598,0
1,2,idle,432,0.002334000000018932,0
1,2,idle,433,0.0024170000001504377,0
1,2,idle,434,0.0028330000000096334,0
1,2,idle,435,0.0022910000000138098,0
1,2,idle,436,0.002207999999882304,0
1,2,idle,437,0.002375000000029104,0
1,2,idle,438,0.0023330000001351436,0
1,2,idle,439,0.002791000000115673,0
1,2,idle,440,0.002291999999897598,0
1,2,idle,441,0.0028749999999035936,0
1,2,idle,442,0.0024160000000392756,0
1,2,idle,443,0.00254199999994853,0
1,2,idle,444,0.002207999999882304,0
1,2,idle,445,0.0027499999998781277,0
1,2,idle,446,0.002207999999882304,0
1,2,idle,447,0.002165999999988344,0
1,2,idle,448,0.002165999999988344,0
1,2,idle,449,0.003083000000060565,0
1,2,idle,450,0.0028750000001309672,0
1,2,idle,451,0.002208000000109678,0
1,2,idle,452,0.0028750000001309672,0
1,2,idle,453,0.03266699999994671,0
1,2,idle,454,0.0026250000000800355,0
1,2,idle,455,0.0028750000001309672,0
1,2,idle,456,0.0024160000000392756,0
1,2,idle,457,0.20433299999990595,0
1,2,idle,458,0.0042919999998503044,0
1,2,idle,459,0.0027919999999994616,0
1,2,idle,460,0.003040999999939231,0
1,2,idle,461,0.0038329999999859865,0
1,2,idle,462,0.002416999999923064,0
1,2,idle,463,0.002292000000124972,0
1,2,idle,464,0.38812499999994543,0
1,2,idle,465,0.004042000000026746,0
1,2,idle,466,0.0038750000001073204,0
1,2,idle,467,0.004124999999930878,0
1,2,idle,468,0.0027499999998781277,0
1,2,idle,469,0.002540999999837368,0
1,2,idle,470,0.0025000000000545697,0
1,2,idle,471,0.0029159999999137654,0
1,2,idle,472,0.0025829999999587017,0
1,2,idle,473,0.002499999999827196,0
1,2,idle,474,0.0026659999998628336,0
1,2,idle,475,0.002207999999882304,0
1,2,idle,476,0.0027919999999994616,0
1,2,idle,477,0.0025000000000545697,0
1,2,idle,478,0.002250000000003638,0
1,2,idle,479,0.0025420000001759036,0
1,2,idle,480,0.0023330000001351436,0
1,2,idle,481,0.0028339999998934218,0
1,2,idle,482,0.0038340000000971486,0
1,2,idle,483,0.002208999999993466,0
1,2,idle,484,0.002334000000018932,0
1,2,idle,485,0.002624999999852662,0
1,2,idle,486,0.002250000000003638,0
1,2,idle,487,0.0027500000001055014,0
1,2,idle,488,0.002375000000029104,0
1,2,idle,489,0.0023330000001351436,0
1,2,idle,490,0.002416999999923064,0
1,2,idle,491,0.0020839999999680003,0
1,2,idle,492,0.0048750000000836735,0
1,2,idle,493,0.0037080000001878943,0
1,2,idle,494,0.002416999999923064,0
1,2,idle,495,0.002125000000205546,0
1,2,idle,496,0.002375000000029104,0
1,2,idle,497,0.0035830000001624285,0
1,2,idle,498,0.002457999999933236,0
1,2,idle,499,0.002165999999988344,0
1,2,idle,500,0.0023330000001351436,0
1,2,idle,501,0.0025829999999587017,0
1,2,idle,502,0.002207999999882304,0
1,2,idle,503,0.0026669999999739957,0
1,2,idle,504,0.00254199999994853,0
1,2,idle,505,0.002415999999811902,0
1,2,idle,506,0.019125000000030923,0
1,2,idle,507,0.0026669999999739957,0
1,2,idle,508,0.0029580000000350992,0
1,2,idle,509,0.00233299999990777,0
1,2,idle,510,0.0025000000000545697,0
1,2,idle,511,0.002208999999993466,0
1,2,idle,512,0.0026669999999739957,0
1,2,idle,513,0.0028330000000096334,0
1,2,idle,514,0.002415999999811902,0
1,2,idle,515,0.004541999999901236,0
1,2,idle,516,0.00254199999994853,0
1,2,idle,517,0.002459000000044398,0
1,2,idle,518,0.0027499999998781277,0
1,2,idle,519,0.002291999999897598,0
1,2,idle,520,0.002375000000029104,0
1,2,idle,521,0.002291999999897598,0
1,2,idle,522,0.003208000000086031,0
1,2,idle,523,0.002167000000099506,0
1,2,idle,524,0.004500000000007276,0
1,2,idle,525,0.002375000000029104,0
1,2,idle,526,0.002207999999882304,0
1,2,idle,527,0.002250000000003638,0
1,2,idle,528,0.0029999999999290594,0
1,2,idle,529,0.0029170000000249274,0
1,2,idle,530,0.0024170000001504377,0
1,2,idle,531,0.0022910000000138098,0
1,2,idle,532,0.002207999999882304,0
1,2,idle,533,0.002207999999882304,0
1,2,idle,534,0.0027079999999841675,0
1,2,idle,535,0.002208000000109678,0
1,2,idle,536,0.002083000000084212,0
1,2,idle,537,0.00237499999980173,0
1,2,idle,538,0.002292000000124972,0
1,2,idle,539,0.0026660000000902073,0
1,2,idle,540,0.002167000000099506,0
1,2,idle,541,0.002250000000003638,0
1,2,idle,542,0.002375000000029104,0
1,2,idle,543,0.0024160000000392756,0
1,2,idle,544,0.002291999999897598,0
1,2,idle,545,0.0027919999999994616,0
1,2,idle,546,0.002207999999882304,0
1,2,idle,547,0.002124999999978172,0
1,2,idle,548,0.002291999999897598,0
1,2,idle,549,0.002124999999978172,0
1,2,idle,550,0.002624999999852662,0
1,2,idle,551,0.002291999999897598,0
1,2,idle,552,0.002167000000099506,0
1,2,idle,553,0.002124999999978172,0
1,2,idle,554,0.002250000000003638,0
1,2,idle,555,0.003375000000005457,0
1,2,idle,556,0.0025000000000545697,0
1,2,idle,557,0.002375000000029104,0
1,2,idle,558,0.0025000000000545697,0
1,2,idle,559,0.002124999999978172,0
1,2,idle,560,0.002708999999867956,0
1,2,idle,561,0.0026250000000800355,0
1,2,idle,562,0.0034580000001369626,0
1,2,idle,563,0.002124999999978172,0
1,2,idle,564,0.0030829999998331914,0
1,2,idle,565,0.0031249999999545253,0
1,2,idle,566,0.0029170000000249274,0
1,2,idle,567,0.0021660000002157176,0
1,2,idle,568,0.002207999999882304,0
1,2,idle,569,0.002250000000003638,0
1,2,idle,570,0.002165999999988344,0
1,2,idle,571,0.0025000000000545697,0
1,2,idle,572,0.0025000000000545697,0
1,2,idle,573,0.0021669999998721323,0
1,2,idle,574,0.0022910000000138098,0
1,2,idle,575,0.002167000000099506,0
1,2,idle,576,0.0025829999999587017,0
1,2,idle,577,0.0029170000000249274,0
1,2,idle,578,0.0028339999998934218,0
1,2,idle,579,0.002292000000124972,0
1,2,idle,580,0.0023330000001351436,0
1,2,idle,581,0.0028330000000096334,0
1,2,idle,582,0.0022910000000138098,0
1,2,idle,583,0.002375000000029104,0
1,2,idle,584,0.003165999999964697,0
1,2,idle,585,0.00233299999990777,0
1,2,idle,586,0.002291999999897598,0
1,2,idle,587,0.003292000000101325,0
1,2,idle,588,0.0025000000000545697,0
1,2,idle,589,0.002375000000029104,0
1,2,idle,590,0.002375000000029104,0
1,2,idle,591,0.002250000000003638,0
1,2,idle,592,0.00254199999994853,0
1,2,idle,593,0.003208000000086031,0
1,2,idle,594,0.00233299999990777,0
1,2,idle,595,0.002250000000003638,0
1,2,idle,596,0.002250000000003638,0
1,2,idle,597,0.0027919999999994616,0
1,2,idle,598,0.002250000000003638,0
1,2,idle,599,0.002167000000099506,0
1,2,idle,600,0.002208999999993466,0
1,2,idle,601,0.002250000000003638,0
1,2,idle,602,0.002250000000003638,0
1,2,idle,603,0.0027079999999841675,0
1,2,idle,604,0.002165999999988344,0
1,2,idle,605,0.002291999999897598,0
1,2,idle,606,0.00254199999994853,0
1,2,idle,607,0.0032079999998586572,0
1,2,idle,608,0.0028749999999035936,0
1,2,idle,609,0.002459000000044398,0
1,2,idle,610,0.002334000000018932,0
1,2,idle,611,0.002208000000109678,0
1,2,idle,612,0.002208000000109678,0
1,2,idle,613,0.0026669999999739957,0
1,2,idle,614,0.002167000000099506,0
1,2,idle,615,0.0020410000001902517,0
1,2,idle,616,0.002457999999933236,0
1,2,idle,617,0.002457999999933236,0
1,2,idle,618,0.0032919999998739513,0
1,2,idle,619,0.002208999999993466,0
1,2,idle,620,0.002250000000003638,0
1,2,idle,621,0.002250000000003638,0
1,2,idle,622,0.002208999999993466,0
1,2,idle,623,0.0021669999998721323,0
1,2,idle,624,0.0027499999998781277,0
1,2,idle,625,0.002208999999993466,0
1,2,idle,626,0.002250000000003638,0
1,2,idle,627,0.002375000000029104,0
1,2,idle,628,0.002250000000003638,0
1,2,idle,629,0.0027090000000953296,0
1,2,idle,630,0.002291999999897598,0
1,2,idle,631,0.0028749999999035936,0
1,2,idle,632,0.002291999999897598,0
1,2,idle,633,0.0029580000000350992,0
1,2,idle,634,0.0025840000000698637,0
1,2,idle,635,0.0025000000000545697,0
1,2,idle,636,0.002250000000003638,0
1,2,idle,637,0.002208999999993466,0
1,2,idle,638,0.002208999999993466,0
1,2,idle,639,0.003500000000030923,0
1,2,idle,640,0.002250000000003638,0
1,2,idle,641,0.0028750000001309672,0
1,2,idle,642,0.002208000000109678,0
1,2,idle,643,0.002250000000003638,0
1,2,idle,644,0.0031660000001920707,0
1,2,idle,645,0.00254199999994853,0
1,2,idle,646,0.002334000000018932,0
1,2,idle,647,0.002167000000099506,0
1,2,idle,648,0.002459000000044398,0
1,2,idle,649,0.008708999999953448,0
1,2,idle,650,0.03358400000001893,0
1,2,idle,651,0.002624999999852662,0
1,2,idle,652,0.002250000000003638,0
1,2,idle,653,0.002416999999923064,0
1,2,idle,654,0.002124999999978172,0
1,2,idle,655,0.0030419999998230196,0
1,2,idle,656,0.002167000000099506,0
1,2,idle,657,0.0023330000001351436,0
1,2,idle,658,0.002083000000084212,0
1,2,idle,659,0.002165999999988344,0
1,2,idle,660,0.0025829999999587017,0
1,2,idle,661,0.002291999999897598,0
1,2,idle,662,0.002291999999897598,0
1,2,idle,663,0.002375000000029104,0
1,2,idle,664,0.002124999999978172,0
1,2,idle,665,0.0024580000001606095,0
1,2,idle,666,0.0025829999999587017,0
1,2,idle,667,0.002291999999897598,0
1,2,idle,668,0.002292000000124972,0
1,2,idle,669,0.0025840000000698637,0
1,2,idle,670,0.002250000000003638,0
1,2,idle,671,0.0026659999998628336,0
1,2,idle,672,0.002291999999897598,0
1,2,idle,673,0.002334000000018932,0
1,2,idle,674,0.002208999999993466,0
1,2,idle,675,0.002208999999993466,0
1,2,idle,676,0.0026669999999739957,0
1,2,idle,677,0.0023330000001351436,0
1,2,idle,678,0.002165999999988344,0
1,2,idle,679,0.002207999999882304,0
1,2,idle,680,0.002124999999978172,0
1,2,idle,681,0.0038750000001073204,0
1,2,idle,682,0.002375000000029104,0
1,2,idle,683,0.002250000000003638,0
1,2,idle,684,0.0022910000000138098,0
1,2,idle,685,0.00233299999990777,0
1,2,idle,686,0.00233299999990777,0
1,2,idle,687,0.0026669999999739957,0
1,2,idle,688,0.002416999999923064,0
1,2,idle,689,0.0024160000000392756,0
1,2,idle,690,0.0025829999999587017,0
1,2,idle,691,0.0037919999999758147,0
1,2,idle,692,0.002624999999852662,0
1,2,idle,693,0.002375000000029104,0
1,2,idle,694,0.0022910000000138098,0
1,2,idle,695,0.0021669999998721323,0
1,2,idle,696,0.002375000000029104,0
1,2,idle,697,0.0027079999999841675,0
1,2,idle,698,0.004457999999885942,0
1,2,idle,699,0.002250000000003638,0
1,2,idle,700,0.0023330000001351436,0
1,2,idle,701,0.003249999999979991,0
1,2,idle,702,0.002250000000003638,0
1,2,idle,703,0.0027079999999841675,0
1,2,idle,704,0.003000000000156433,0
1,2,idle,705,0.002791000000115673,0
1,2,idle,706,0.002291999999897598,0
1,2,idle,707,0.0024170000001504377,0
1,2,idle,708,0.0027500000001055014,0
1,2,idle,709,0.002375000000029104,0
1,2,idle,710,0.020083000000113316,0
1,2,idle,711,0.003375000000005457,0
1,2,idle,712,0.002292000000124972,0
1,2,idle,713,0.0038329999999859865,0
1,2,idle,714,0.0026659999998628336,0
1,2,idle,715,0.00233299999990777,0
1,2,idle,716,0.002207999999882304,0
1,2,idle,717,0.0025000000000545697,0
1,2,idle,718,0.0027079999999841675,0
1,2,idle,719,0.002124999999978172,0
1,2,idle,720,0.003666999999950349,0
1,2,idle,721,0.002375000000029104,0
1,2,idle,722,0.00233299999990777,0
1,2,idle,723,0.002125000000205546,0
1,2,idle,724,0.0027500000001055014,0
1,2,idle,725,0.00237499999980173,0
1,2,idle,726,0.0021669999998721323,0
1,2,idle,727,0.002292000000124972,0
1,2,idle,728,0.002208000000109678,0
1,2,idle,729,0.002791000000115673,0
1,2,idle,730,0.002208000000109678,0
1,2,idle,731,0.002208000000109678,0
1,2,idle,732,0.0024170000001504377,0
1,2,idle,733,0.003417000000126791,0
1,2,idle,734,0.0027500000001055014,0
1,2,idle,735,0.002291999999897598,0
1,2,idle,736,0.002165999999988344,0
1,2,idle,737,0.0033330000001114968,0
1,2,idle,738,0.002167000000099506,0
1,2,idle,739,0.002624999999852662,0
1,2,idle,740,0.002250000000003638,0
1,2,idle,741,0.0023330000001351436,0
1,2,idle,742,0.002165999999988344,0
1,2,idle,743,0.002250000000003638,0
1,2,idle,744,0.004458000000113316,0
1,2,idle,745,0.00437499999998181,0
1,2,idle,746,0.002250000000003638,0
1,2,idle,747,0.002250000000003638,0
1,2,idle,748,0.003290999999990163,0
1,2,idle,749,0.002291999999897598,0
1,2,idle,750,0.00254199999994853,0
1,2,idle,751,0.002375000000029104,0
1,2,idle,752,0.002208000000109678,0
1,2,idle,753,0.0025000000000545697,0
1,2,idle,754,0.002208000000109678,0
1,2,idle,755,0.0028750000001309672,0
1,2,idle,756,0.0021669999998721323,0
1,2,idle,757,0.002250000000003638,0
1,2,idle,758,0.002291999999897598,0
1,2,idle,759,0.002208000000109678,0
1,2,idle,760,0.0026660000000902073,0
1,2,idle,761,0.00233299999990777,0
1,2,idle,762,0.002250000000003638,0
1,2,idle,763,0.003165999999964697,0
1,2,idle,764,0.0023330000001351436,0
1,2,idle,765,0.0030420000000503933,0
1,2,idle,766,0.0026250000000800355,0
1,2,idle,767,0.0030420000000503933,0
1,2,idle,768,0.002334000000018932,0
1,2,idle,769,0.002291999999897598,0
1,2,idle,770,0.002375000000029104,0
1,2,idle,771,0.003624999999829015,0
1,2,idle,772,0.002250000000003638,0
1,2,idle,773,0.0024170000001504377,0
1,2,idle,774,0.002375000000029104,0
1,2,idle,775,0.006499999999959982,0
1,2,idle,776,0.0035830000001624285,0
1,2,idle,777,0.002292000000124972,0
1,2,idle,778,0.0021669999998721323,0
1,2,idle,779,0.002375000000029104,0
1,2,idle,780,0.002334000000018932,0
1,2,idle,781,0.0026250000000800355,0
1,2,idle,782,0.021208000000115135,0
1,2,idle,783,0.004415999999991982,0
1,2,idle,784,0.002208000000109678,0
1,2,idle,785,0.0026250000000800355,0
1,2,idle,786,0.0021660000002157176,0
1,2,idle,787,0.0027919999999994616,0
1,2,idle,788,0.002208999999993466,0
1,2,idle,789,0.002459000000044398,0
1,2,idle,790,0.0021669999998721323,0
1,2,idle,791,0.0024160000000392756,0
1,2,idle,792,0.0026250000000800355,0
1,2,idle,793,0.0027079999999841675,0
1,2,idle,794,0.002250000000003638,0
1,2,idle,795,0.00254199999994853,0
1,2,idle,796,0.002375000000029104,0
1,2,idle,797,0.01908400000002075,0
1,2,idle,798,0.0027500000001055014,0
1,2,idle,799,0.0025829999999587017,0
1,2,idle,800,0.002250000000003638,0
1,2,idle,801,0.0027500000001055014,0
1,2,idle,802,0.002208999999993466,0
1,2,idle,803,0.002708999999867956,0
1,2,idle,804,0.002167000000099506,0
1,2,idle,805,0.002250000000003638,0
1,2,idle,806,0.002207999999882304,0
1,2,idle,807,0.0032919999998739513,0
1,2,idle,808,0.0027090000000953296,0
1,2,idle,809,0.0023339999997915584,0
1,2,idle,810,0.002208999999993466,0
1,2,idle,811,0.002334000000018932,0
1,2,idle,812,0.002167000000099506,0
1,2,idle,813,0.0026660000000902073,0
1,2,idle,814,0.002124999999978172,0
1,2,idle,815,0.0022910000000138098,0
1,2,idle,816,0.002208000000109678,0
1,2,idle,817,0.0035410000000410946,0
1,2,idle,818,0.0026250000000800355,0
1,2,idle,819,0.0026250000000800355,0
1,2,idle,820,0.002208999999993466,0
1,2,idle,821,0.002459000000044398,0
1,2,idle,822,0.002250000000003638,0
1,2,idle,823,0.002375000000029104,0
1,2,idle,824,0.0026250000000800355,0
1,2,idle,825,0.003416999999899417,0
1,2,idle,826,0.002165999999988344,0
1,2,idle,827,0.0027919999999994616,0
1,2,idle,828,0.002292000000124972,0
1,2,idle,829,0.0027079999999841675,0
1,2,idle,830,0.0027499999998781277,0
1,2,idle,831,0.003292000000101325,0
1,2,idle,832,0.0029580000000350992,0
1,2,idle,833,0.0022910000000138098,0
1,2,idle,834,0.0026250000000800355,0
1,2,idle,835,0.002375000000029104,0
1,2,idle,836,0.002167000000099506,0
1,2,idle,837,0.0024160000000392756,0
1,2,idle,838,0.002167000000099506,0
1,2,idle,839,0.003416999999899417,0
1,2,idle,840,0.00233299999990777,0
1,2,idle,841,0.002624999999852662,0
1,2,idle,842,0.002167000000099506,0
1,2,idle,843,0.0022910000000138098,0
1,2,idle,844,0.0021669999998721323,0
1,2,idle,845,0.0027500000001055014,0
1,2,idle,846,0.002292000000124972,0
1,2,idle,847,0.0023339999997915584,0
1,2,idle,848,0.002167000000099506,0
1,2,idle,849,0.002292000000124972,0
1,2,idle,850,0.0025410000000647415,0
1,2,idle,851,0.0025420000001759036,0
1,2,idle,852,0.0021669999998721323,0
1,2,idle,853,0.0024160000000392756,0
1,2,idle,854,0.002375000000029104,0
1,2,idle,855,0.0027079999999841675,0
1,2,idle,856,0.002250000000003638,0
1,2,idle,857,0.0028749999999035936,0
1,2,idle,858,0.002250000000003638,0
1,2,idle,859,0.003249999999979991,0
1,2,idle,860,0.00254199999994853,0
1,2,idle,861,0.002375000000029104,0
1,2,idle,862,0.0021669999998721323,0
1,2,idle,863,0.002207999999882304,0
1,2,idle,864,0.002207999999882304,0
1,2,idle,865,0.00233299999990777,0
1,2,idle,866,0.002624999999852662,0
1,2,idle,867,0.002292000000124972,0
1,2,idle,868,0.0023330000001351436,0
1,2,idle,869,0.00233299999990777,0
1,2,idle,870,0.0028749999999035936,0
1,2,idle,871,0.0026669999999739957,0
1,2,idle,872,0.002375000000029104,0
1,2,idle,873,0.002291999999897598,0
1,2,idle,874,0.002165999999988344,0
1,2,idle,875,0.002416999999923064,0
1,2,idle,876,0.0025840000000698637,0
1,2,idle,877,0.002459000000044398,0
1,2,idle,878,0.0021669999998721323,0
1,2,idle,879,0.0025410000000647415,0
1,2,idle,880,0.003500000000030923,0
1,2,idle,881,0.0028750000001309672,0
1,2,idle,882,0.002291999999897598,0
1,2,idle,883,0.00233299999990777,0
1,2,idle,884,0.002208000000109678,0
1,2,idle,885,0.0024160000000392756,0
1,2,idle,886,0.002250000000003638,0
1,2,idle,887,0.0033330000001114968,0
1,2,idle,888,0.002165999999988344,0
1,2,idle,889,0.002250000000003638,0
1,2,idle,890,0.002124999999978172,0
1,2,idle,891,0.002457999999933236,0
1,2,idle,892,0.003250000000207365,0
1,2,idle,893,0.0029999999999290594,0
1,2,idle,894,0.002292000000124972,0
1,2,idle,895,0.003165999999964697,0
1,2,idle,896,0.002416999999923064,0
1,2,idle,897,0.0026250000000800355,0
1,2,idle,898,0.0024170000001504377,0
1,2,idle,899,0.003000000000156433,0
1,2,idle,900,0.003083000000060565,0
1,2,idle,901,0.0026250000000800355,0
1,2,idle,902,0.003249999999979991,0
1,2,idle,903,0.0028750000001309672,0
1,2,idle,904,0.002375000000029104,0
1,2,idle,905,0.002250000000003638,0
1,2,idle,906,0.0027079999999841675,0
1,2,idle,907,0.002207999999882304,0
1,2,idle,908,0.0027919999999994616,0
1,2,idle,909,0.002250000000003638,0
1,2,idle,910,0.002375000000029104,0
1,2,idle,911,0.0029579999998077255,0
1,2,idle,912,0.0024160000000392756,0
1,2,idle,913,0.0027919999999994616,0
1,2,idle,914,0.002167000000099506,0
1,2,idle,915,0.002124999999978172,0
1,2,idle,916,0.002250000000003638,0
1,2,idle,917,0.00237499999980173,0
1,2,idle,918,0.0026660000000902073,0
1,2,idle,919,0.002457999999933236,0
1,2,idle,920,0.002375000000029104,0
1,2,idle,921,0.002250000000003638,0
1,2,idle,922,0.00254199999994853,0
1,2,idle,923,0.0022910000000138098,0
1,2,idle,924,0.0028750000001309672,0
1,2,idle,925,0.002375000000029104,0
1,2,idle,926,0.002250000000003638,0
1,2,idle,927,0.002292000000124972,0
1,2,idle,928,0.002375000000029104,0
1,2,idle,929,0.0027079999999841675,0
1,2,idle,930,0.00237499999980173,0
1,2,idle,931,0.002291999999897598,0
1,2,idle,932,0.002250000000003638,0
1,2,idle,933,0.003333999999995285,0
1,2,idle,934,0.0028749999999035936,0
1,2,idle,935,0.002207999999882304,0
1,2,idle,936,0.002291999999897598,0
1,2,idle,937,0.002250000000003638,0
1,2,idle,938,0.002292000000124972,0
1,2,idle,939,0.0026250000000800355,0
1,2,idle,940,0.002375000000029104,0
1,2,idle,941,0.002208000000109678,0
1,2,idle,942,0.003000000000156433,0
1,2,idle,943,0.00254199999994853,0
1,2,idle,944,0.002250000000003638,0
1,2,idle,945,0.0027090000000953296,0
1,2,idle,946,0.0021669999998721323,0
1,2,idle,947,0.002207999999882304,0
1,2,idle,948,0.002207999999882304,0
1,2,idle,949,0.003290999999990163,0
1,2,idle,950,0.0025000000000545697,0
1,2,idle,951,0.002375000000029104,0
1,2,idle,952,0.002292000000124972,0
1,2,idle,953,0.003208000000086031,0
1,2,idle,954,0.0022910000000138098,0
1,2,idle,955,0.0027079999999841675,0
1,2,idle,956,0.0028330000000096334,0
1,2,idle,957,0.002375000000029104,0
1,2,idle,958,0.002334000000018932,0
1,2,idle,959,0.002459000000044398,0
1,2,idle,960,0.0026669999999739957,0
1,2,idle,961,0.002416999999923064,0
1,2,idle,962,0.002250000000003638,0
1,2,idle,963,0.002208999999993466,0
1,2,idle,964,0.002416999999923064,0
1,2,idle,965,0.0030829999998331914,0
1,2,idle,966,0.0032079999998586572,0
1,2,idle,967,0.002165999999988344,0
1,2,idle,968,0.0028749999999035936,0
1,2,idle,969,0.0024170000001504377,0
1,2,idle,970,0.002250000000003638,0
1,2,idle,971,0.0026250000000800355,0
1,2,idle,972,0.002167000000099506,0
1,2,idle,973,0.002250000000003638,0
1,2,idle,974,0.0023330000001351436,0
1,2,idle,975,0.00233299999990777,0
1,2,idle,976,0.0026250000000800355,0
1,2,idle,977,0.0025000000000545697,0
1,2,idle,978,0.002250000000003638,0
1,2,idle,979,0.002375000000029104,0
1,2,idle,980,0.002208999999993466,0
1,2,idle,981,0.0026670000002013694,0
1,2,idle,982,0.002250000000003638,0
1,2,idle,983,0.002416999999923064,0
1,2,idle,984,0.0031249999999545253,0
1,2,idle,985,0.0026670000002013694,0
1,2,idle,986,0.002292000000124972,0
1,2,idle,987,0.0027079999999841675,0
1,2,idle,988,0.002250000000003638,0
1,2,idle,989,0.002250000000003638,0
1,2,idle,990,0.002292000000124972,0
1,2,idle,991,0.002208999999993466,0
1,2,idle,992,0.0027499999998781277,0
1,2,idle,993,0.00233299999990777,0
1,2,idle,994,0.002207999999882304,0
1,2,idle,995,0.003457999999909589,0
1,2,idle,996,0.003000000000156433,0
1,2,idle,997,0.0028330000000096334,0
1,2,idle,998,0.002415999999811902,0
1,2,idle,999,0.002250000000003638,0
1,2,event,0,0.06495799999993324,2
1,2,event,1,0.004625000000032742,0
1,2,event,2,0.002040999999962878,0
1,2,event,3,0.0026660000000902073,0
1,2,event,4,0.0018749999999272404,0
1,2,event,5,0.0017919999997957348,0
1,2,event,6,0.0017090000001189765,0
1,2,event,7,0.0016669999999976426,0
1,2,event,8,0.0020419999998466665,0
1,2,event,9,0.00454200000012861,0
1,2,event,10,0.002083000000084212,0
1,2,event,11,0.0016669999999976426,0
1,2,event,12,0.0018339999999170686,0
1,2,event,13,0.0017919999997957348,0
1,2,event,14,0.00204200000007404,0
1,2,event,15,0.00179100000013932,0
1,2,event,16,0.0016659999998864805,0
1,2,event,17,0.0016249999998763087,0
1,2,event,18,0.0017089999998916028,0
1,2,event,19,0.002250000000003638,0
1,2,event,20,0.0017079999997804407,0
1,2,event,21,0.0016660000001138542,0
1,2,event,22,0.0016249999998763087,0
1,2,event,23,0.0018749999999272404,0
1,2,event,24,0.002207999999882304,0
1,2,event,25,0.0016249999998763087,0
1,2,event,26,0.0016669999999976426,0
1,2,event,27,0.001583999999866137,0
1,2,event,28,0.0017919999997957348,0
1,2,event,29,0.0015829999999823485,0
1,2,event,30,0.002250000000003638,0
1,2,event,31,0.0016659999998864805,0
1,2,event,32,0.0016669999999976426,0
1,2,event,33,0.0024580000001606095,0
1,2,event,34,0.0017080000000078144,0
1,2,event,35,0.002124999999978172,0
1,2,event,36,0.0017080000000078144,0
1,2,event,37,0.0016669999999976426,0
1,2,event,38,0.0017089999998916028,0
1,2,event,39,0.0017080000000078144,0
1,2,event,40,0.002124999999978172,0
1,2,event,41,0.001583999999866137,0
1,2,event,42,0.0025829999999587017,0
1,2,event,43,0.0016250000001036824,0
1,2,event,44,0.0017080000000078144,0
1,2,event,45,0.0039999999999054126,0
1,2,event,46,0.0017500000001291482,0
1,2,event,47,0.0017920000000231084,0
1,2,event,48,0.001583999999866137,0
1,2,event,49,0.0017500000001291482,0
1,2,event,50,0.0017080000000078144,0
1,2,event,51,0.003167000000075859,0
1,2,event,52,0.0017079999997804407,0
1,2,event,53,0.0017080000000078144,0
1,2,event,54,0.0017080000000078144,0
1,2,event,55,0.0016249999998763087,0
1,2,event,56,0.00233299999990777,0
1,2,event,57,0.0017080000000078144,0
1,2,event,58,0.015165999999908308,0
1,2,event,59,0.0019159999999374122,0
1,2,event,60,0.025791000000026543,2
1,2,event,61,0.0028749999999035936,0
1,2,event,62,0.0017090000001189765,0
1,2,event,63,0.0018330000000332802,0
1,2,event,64,0.0027919999999994616,0
1,2,event,65,0.002207999999882304,0
1,2,event,66,0.0016249999998763087,0
1,2,event,67,0.0016249999998763087,0
1,2,event,68,0.0016249999998763087,0
1,2,event,69,0.0020839999999680003,0
1,2,event,70,0.002208999999993466,0
1,2,event,71,0.0015829999999823485,0
1,2,event,72,0.0015830000002097222,0
1,2,event,73,0.0016249999998763087,0
1,2,event,74,0.0016250000001036824,0
1,2,event,75,0.002208000000109678,0
1,2,event,76,0.0015829999999823485,0
1,2,event,77,0.0016660000001138542,0
1,2,event,78,0.0016249999998763087,0
1,2,event,79,0.0016669999999976426,0
1,2,event,80,0.0016249999998763087,0
1,2,event,81,0.002167000000099506,0
1,2,event,82,0.0016250000001036824,0
1,2,event,83,0.0017080000000078144,0
1,2,event,84,0.0017090000001189765,0
1,2,event,85,0.0017089999998916028,0
1,2,event,86,0.0020839999999680003,0
1,2,event,87,0.0015419999999721767,0
1,2,event,88,0.0015419999999721767,0
1,2,event,89,0.0017080000000078144,0
1,2,event,90,0.0017079999997804407,0
1,2,event,91,0.002375000000029104,0
1,2,event,92,0.0024170000001504377,0
1,2,event,93,0.0028330000000096334,0
1,2,event,94,0.0024170000001504377,0
1,2,event,95,0.001583999999866137,0
1,2,event,96,0.0017920000000231084,0
1,2,event,97,0.002208999999993466,0
1,2,event,98,0.001583999999866137,0
1,2,event,99,0.0016669999999976426,0
1,2,event,100,0.0016659999998864805,0
1,2,event,101,0.0016250000001036824,0
1,2,event,102,0.002124999999978172,0
1,2,event,103,0.0016669999999976426,0
1,2,event,104,0.0016249999998763087,0
1,2,event,105,0.0015829999999823485,0
1,2,event,106,0.0016669999999976426,0
1,2,event,107,0.002165999999988344,0
1,2,event,108,0.0028750000001309672,0
1,2,event,109,0.0018330000000332802,0
1,2,event,110,0.0017920000000231084,0
1,2,event,111,0.0016669999999976426,0
1,2,event,112,0.0020829999998568383,0
1,2,event,113,0.0016249999998763087,0
1,2,event,114,0.0016249999998763087,0
1,2,event,115,0.0016250000001036824,0
1,2,event,116,0.0015829999999823485,0
1,2,event,117,0.0017080000000078144,0
1,2,event,118,0.00204200000007404,0
1,2,event,119,0.0018749999999272404,0
1,2,event,120,0.017916999999897598,2
1,2,event,121,0.0031249999999545253,0
1,2,event,122,0.0018340000001444423,0
1,2,event,123,0.0016669999999976426,0
1,2,event,124,0.0016250000001036824,0
1,2,event,125,0.0016669999999976426,0
1,2,event,126,0.0016660000001138542,0
1,2,event,127,0.002125000000205546,0
1,2,event,128,0.0015840000000935106,0
1,2,event,129,0.0015829999999823485,0
1,2,event,130,0.0015829999999823485,0
1,2,event,131,0.0018749999999272404,0
1,2,event,132,0.002208999999993466,0
1,2,event,133,0.001959000000169908,0
1,2,event,134,0.0016249999998763087,0
1,2,event,135,0.002416999999923064,0
1,2,event,136,0.0015419999999721767,0
1,2,event,137,0.0019999999999527063,0
1,2,event,138,0.0016249999998763087,0
1,2,event,139,0.001583999999866137,0
1,2,event,140,0.0017499999999017746,0
1,2,event,141,0.0016249999998763087,0
1,2,event,142,0.0031249999999545253,0
1,2,event,143,0.0017500000001291482,0
1,2,event,144,0.0018339999999170686,0
1,2,event,145,0.0017090000001189765,0
1,2,event,146,0.0026669999999739957,0
1,2,event,147,0.0017920000000231084,0
1,2,event,148,0.002125000000205546,0
1,2,event,149,0.0016669999999976426,0
1,2,event,150,0.0016669999999976426,0
1,2,event,151,0.0017090000001189765,0
1,2,event,152,0.0017080000000078144,0
1,2,event,153,0.002250000000003638,0
1,2,event,154,0.0016669999999976426,0
1,2,event,155,0.0016669999999976426,0
1,2,event,156,0.00233299999990777,0
1,2,event,157,0.0015829999999823485,0
1,2,event,158,0.002083000000084212,0
1,2,event,159,0.0016250000001036824,0
1,2,event,160,0.0015829999999823485,0
1,2,event,161,0.0016659999998864805,0
1,2,event,162,0.0017499999999017746,0
1,2,event,163,0.0016250000001036824,0
1,2,event,164,0.002124999999978172,0
1,2,event,165,0.0017920000000231084,0
1,2,event,166,0.001875000000154614,0
1,2,event,167,0.0015829999999823485,0
1,2,event,168,0.0016659999998864805,0
1,2,event,169,0.001958000000058746,0
1,2,event,170,0.0016660000001138542,0
1,2,event,171,0.00237499999980173,0
1,2,event,172,0.0017920000000231084,0
1,2,event,173,0.0016249999998763087,0
1,2,event,174,0.002207999999882304,0
1,2,event,175,0.0016249999998763087,0
1,2,event,176,0.0016249999998763087,0
1,2,event,177,0.0022910000000138098,0
1,2,event,178,0.0017080000000078144,0
1,2,event,179,0.002207999999882304,0
1,2,event,180,0.01583400000004076,2
1,2,event,181,0.0028330000000096334,0
1,2,event,182,0.0017080000000078144,0
1,2,event,183,0.002250000000003638,0
1,2,event,184,0.0016659999998864805,0
1,2,event,185,0.001958000000058746,0
1,2,event,186,0.0017079999997804407,0
1,2,event,187,0.0016669999999976426,0
1,2,event,188,0.0022910000000138098,0
1,2,event,189,0.0016669999999976426,0
1,2,event,190,0.0017089999998916028,0
1,2,event,191,0.0017920000000231084,0
1,2,event,192,0.0018329999998059066,0
1,2,event,193,0.0017909999999119464,0
1,2,event,194,0.002124999999978172,0
1,2,event,195,0.0016660000001138542,0
1,2,event,196,0.0016669999999976426,0
1,2,event,197,0.0016249999998763087,0
1,2,event,198,0.0018749999999272404,0
1,2,event,199,0.0019999999999527063,0
1,2,event,200,0.0016669999999976426,0
1,2,event,201,0.0016249999998763087,0
1,2,event,202,0.0016249999998763087,0
1,2,event,203,0.002124999999978172,0
1,2,event,204,0.002083000000084212,0
1,2,event,205,0.0018749999999272404,0
1,2,event,206,0.0015830000002097222,0
1,2,event,207,0.0016250000001036824,0
1,2,event,208,0.002124999999978172,0
1,2,event,209,0.0016250000001036824,0
1,2,event,210,0.002207999999882304,0
1,2,event,211,0.0016660000001138542,0
1,2,event,212,0.0016659999998864805,0
1,2,event,213,0.0017499999999017746,0
1,2,event,214,0.0017920000000231084,0
1,2,event,215,0.002250000000003638,0
1,2,event,216,0.0016249999998763087,0
1,2,event,217,0.00233299999990777,0
1,2,event,218,0.0017499999999017746,0
1,2,event,219,0.002124999999978172,0
1,2,event,220,0.0019999999999527063,0
1,2,event,221,0.0016250000001036824,0
1,2,event,222,0.0016250000001036824,0
1,2,event,223,0.0024170000001504377,0
1,2,event,224,0.001583999999866137,0
1,2,event,225,0.0020829999998568383,0
1,2,event,226,0.0017500000001291482,0
1,2,event,227,0.0016249999998763087,0
1,2,event,228,0.0016659999998864805,0
1,2,event,229,0.0016249999998763087,0
1,2,event,230,0.0017499999999017746,0
1,2,event,231,0.0019999999999527063,0
1,2,event,232,0.0016669999999976426,0
1,2,event,233,0.0015829999999823485,0
1,2,event,234,0.0024580000001606095,0
1,2,event,235,0.0016669999999976426,0
1,2,event,236,0.002208999999993466,0
1,2,event,237,0.0018339999999170686,0
1,2,event,238,0.001583999999866137,0
1,2,event,239,0.0016669999999976426,0
1,2,event,240,0.01466700000014498,2
1,2,event,241,0.002124999999978172,0
1,2,event,242,0.0017080000000078144,0
1,2,event,243,0.0017909999999119464,0
1,2,event,244,0.0015830000002097222,0
1,2,event,245,0.0025840000000698637,0
1,2,event,246,0.0017089999998916028,0
1,2,event,247,0.0016250000001036824,0
1,2,event,248,0.0016660000001138542,0
1,2,event,249,0.0017909999999119464,0
1,2,event,250,0.001958000000058746,0
1,2,event,251,0.0016250000001036824,0
1,2,event,252,0.0016250000001036824,0
1,2,event,253,0.0017090000001189765,0
1,2,event,254,0.0016669999999976426,0
1,2,event,255,0.0019169999998212006,0
1,2,event,256,0.002250000000003638,0
1,2,event,257,0.00179100000013932,0
1,2,event,258,0.0016669999999976426,0
1,2,event,259,0.0016250000001036824,0
1,2,event,260,0.0018330000000332802,0
1,2,event,261,0.0028749999999035936,0
1,2,event,262,0.0015829999999823485,0
1,2,event,263,0.0016669999999976426,0
1,2,event,264,0.0015840000000935106,0
1,2,event,265,0.0016250000001036824,0
1,2,event,266,0.00200000000018008,0
1,2,event,267,0.0016660000001138542,0
1,2,event,268,0.0016249999998763087,0
1,2,event,269,0.0017499999999017746,0
1,2,event,270,0.0016249999998763087,0
1,2,event,271,0.002040999999962878,0
1,2,event,272,0.0016660000001138542,0
1,2,event,273,0.0016669999999976426,0
1,2,event,274,0.0016669999999976426,0
1,2,event,275,0.0017500000001291482,0
1,2,event,276,0.0017080000000078144,0
1,2,event,277,0.002250000000003638,0
1,2,event,278,0.0016669999999976426,0
1,2,event,279,0.002124999999978172,0
1,2,event,280,0.00233299999990777,0
1,2,event,281,0.0017920000000231084,0
1,2,event,282,0.002165999999988344,0
1,2,event,283,0.0017080000000078144,0
1,2,event,284,0.0015420000001995504,0
1,2,event,285,0.002208999999993466,0
1,2,event,286,0.0016669999999976426,0
1,2,event,287,0.00204200000007404,0
1,2,event,288,0.0017909999999119464,0
1,2,event,289,0.0015829999999823485,0
1,2,event,290,0.0015419999999721767,0
1,2,event,291,0.0016669999999976426,0
1,2,event,292,0.0020839999999680003,0
1,2,event,293,0.0017090000001189765,0
1,2,event,294,0.001583999999866137,0
1,2,event,295,0.0017499999999017746,0
1,2,event,296,0.0017499999999017746,0
1,2,event,297,0.00233299999990777,0
1,2,event,298,0.002207999999882304,0
1,2,event,299,0.0017080000000078144,0
1,2,event,300,0.013290999999981068,2
1,2,event,301,0.0027079999999841675,0
1,2,event,302,0.0024160000000392756,0
1,2,event,303,0.0025000000000545697,0
1,2,event,304,0.0016250000001036824,0
1,2,event,305,0.0017080000000078144,0
1,2,event,306,0.0019589999999425345,0
1,2,event,307,0.002125000000205546,0
1,2,event,308,0.002208000000109678,0
1,2,event,309,0.0017080000000078144,0
1,2,event,310,0.0016249999998763087,0
1,2,event,311,0.0016669999999976426,0
1,2,event,312,0.0019999999999527063,0
1,2,event,313,0.0016250000001036824,0
1,2,event,314,0.0017920000000231084,0
1,2,event,315,0.002124999999978172,0
1,2,event,316,0.0017080000000078144,0
1,2,event,317,0.002124999999978172,0
1,2,event,318,0.0016669999999976426,0
1,2,event,319,0.0016669999999976426,0
1,2,event,320,0.0017500000001291482,0
1,2,event,321,0.0015829999999823485,0
1,2,event,322,0.0016660000001138542,0
1,2,event,323,0.002125000000205546,0
1,2,event,324,0.0016669999999976426,0
1,2,event,325,0.0016250000001036824,0
1,2,event,326,0.0015830000002097222,0
1,2,event,327,0.0016249999998763087,0
1,2,event,328,0.002208000000109678,0
1,2,event,329,0.0018330000000332802,0
1,2,event,330,0.0016659999998864805,0
1,2,event,331,0.0016669999999976426,0
1,2,event,332,0.0018330000000332802,0
1,2,event,333,0.002375000000029104,0
1,2,event,334,0.0016669999999976426,0
1,2,event,335,0.0017080000000078144,0
1,2,event,336,0.0018339999999170686,0
1,2,event,337,0.0017080000000078144,0
1,2,event,338,0.002292000000124972,0
1,2,event,339,0.0017089999998916028,0
1,2,event,340,0.002124999999978172,0
1,2,event,341,0.0016660000001138542,0
1,2,event,342,0.0016249999998763087,0
1,2,event,343,0.0032079999998586572,0
1,2,event,344,0.0019579999998313724,0
1,2,event,345,0.002208000000109678,0
1,2,event,346,0.0018340000001444423,0
1,2,event,347,0.0016669999999976426,0
1,2,event,348,0.0016249999998763087,0
1,2,event,349,0.0019999999999527063,0
1,2,event,350,0.0016249999998763087,0
1,2,event,351,0.0016669999999976426,0
1,2,event,352,0.002292000000124972,0
1,2,event,353,0.0016249999998763087,0
1,2,event,354,0.00204200000007404,0
1,2,event,355,0.0017499999999017746,0
1,2,event,356,0.0017090000001189765,0
1,2,event,357,0.0017920000000231084,0
1,2,event,358,0.0016250000001036824,0
1,2,event,359,0.002165999999988344,0
1,2,event,360,0.014749999999821739,2
1,2,event,361,0.002250000000003638,0
1,2,event,362,0.00200000000018008,0
1,2,event,363,0.002250000000003638,0
1,2,event,364,0.0017920000000231084,0
1,2,event,365,0.0016669999999976426,0
1,2,event,366,0.0016250000001036824,0
1,2,event,367,0.0016250000001036824,0
1,2,event,368,0.0016250000001036824,0
1,2,event,369,0.0019999999999527063,0
1,2,event,370,0.0017909999999119464,0
1,2,event,371,0.002124999999978172,0
1,2,event,372,0.0018340000001444423,0
1,2,event,373,0.0016669999999976426,0
1,2,event,374,0.002040999999962878,0
1,2,event,375,0.0017080000000078144,0
1,2,event,376,0.0016669999999976426,0
1,2,event,377,0.0015419999999721767,0
1,2,event,378,0.0019159999999374122,0
1,2,event,379,0.002250000000003638,0
1,2,event,380,0.0017920000000231084,0
1,2,event,381,0.0016250000001036824,0
1,2,event,382,0.0017080000000078144,0
1,2,event,383,0.0016250000001036824,0
1,2,event,384,0.002125000000205546,0
1,2,event,385,0.0017080000000078144,0
1,2,event,386,0.0017920000000231084,0
1,2,event,387,0.002250000000003638,0
1,2,event,388,0.0015410000000883883,0
1,2,event,389,0.0019579999998313724,0
1,2,event,390,0.002083000000084212,0
1,2,event,391,0.0016250000001036824,0
1,2,event,392,0.0016250000001036824,0
1,2,event,393,0.0017089999998916028,0
1,2,event,394,0.002334000000018932,0
1,2,event,395,0.002208999999993466,0
1,2,event,396,0.0016669999999976426,0
1,2,event,397,0.002624999999852662,0
1,2,event,398,0.00179100000013932,0
1,2,event,399,0.0016659999998864805,0
1,2,event,400,0.0021669999998721323,0
1,2,event,401,0.0017919999997957348,0
1,2,event,402,0.002124999999978172,0
1,2,event,403,0.0027500000001055014,0
1,2,event,404,0.0016250000001036824,0
1,2,event,405,0.0020839999999680003,0
1,2,event,406,0.0017500000001291482,0
1,2,event,407,0.0017499999999017746,0
1,2,event,408,0.0016669999999976426,0
1,2,event,409,0.001583999999866137,0
1,2,event,410,0.0017499999999017746,0
1,2,event,411,0.002165999999988344,0
1,2,event,412,0.0016659999998864805,0
1,2,event,413,0.0016249999998763087,0
1,2,event,414,0.0015840000000935106,0
1,2,event,415,0.0017080000000078144,0
1,2,event,416,0.002250000000003638,0
1,2,event,417,0.0017090000001189765,0
1,2,event,418,0.0017080000000078144,0
1,2,event,419,0.0017499999999017746,0
1,2,event,420,0.013707999999951426,2
1,2,event,421,0.002457999999933236,0
1,2,event,422,0.0017909999999119464,0
1,2,event,423,0.0025829999999587017,0
1,2,event,424,0.0017499999999017746,0
1,2,event,425,0.002167000000099506,0
1,2,event,426,0.0018330000000332802,0
1,2,event,427,0.00237499999980173,0
1,2,event,428,0.001875000000154614,0
1,2,event,429,0.002375000000029104,0
1,2,event,430,0.002083000000084212,0
1,2,event,431,0.001583999999866137,0
1,2,event,432,0.0017090000001189765,0
1,2,event,433,0.0017089999998916028,0
1,2,event,434,0.0015829999999823485,0
1,2,event,435,0.0215410000000702,0
1,2,event,436,0.002416999999923064,0
1,2,event,437,0.0017920000000231084,0
1,2,event,438,0.0017090000001189765,0
1,2,event,439,0.0016249999998763087,0
1,2,event,440,0.0019169999998212006,0
1,2,event,441,0.002124999999978172,0
1,2,event,442,0.0017500000001291482,0
1,2,event,443,0.0016659999998864805,0
1,2,event,444,0.0016250000001036824,0
1,2,event,445,0.0017500000001291482,0
1,2,event,446,0.0022910000000138098,0
1,2,event,447,0.0015420000001995504,0
1,2,event,448,0.0016250000001036824,0
1,2,event,449,0.0017909999999119464,0
1,2,event,450,0.0016669999999976426,0
1,2,event,451,0.0019999999999527063,0
1,2,event,452,0.002334000000018932,0
1,2,event,453,0.0015829999999823485,0
1,2,event,454,0.0016249999998763087,0
1,2,event,455,0.0017080000000078144,0
1,2,event,456,0.0017080000000078144,0
1,2,event,457,0.002208999999993466,0
1,2,event,458,0.0016250000001036824,0
1,2,event,459,0.0017920000000231084,0
1,2,event,460,0.0016250000001036824,0
1,2,event,461,0.0016669999999976426,0
1,2,event,462,0.002083000000084212,0
1,2,event,463,0.002208999999993466,0
1,2,event,464,0.0016250000001036824,0
1,2,event,465,0.0016249999998763087,0
1,2,event,466,0.0016669999999976426,0
1,2,event,467,0.002124999999978172,0
1,2,event,468,0.0017499999999017746,0
1,2,event,469,0.0015829999999823485,0
1,2,event,470,0.0016249999998763087,0
1,2,event,471,0.002291999999897598,0
1,2,event,472,0.002208999999993466,0
1,2,event,473,0.0016249999998763087,0
1,2,event,474,0.0015840000000935106,0
1,2,event,475,0.0017499999999017746,0
1,2,event,476,0.0016250000001036824,0
1,2,event,477,0.0016250000001036824,0
1,2,event,478,0.0020410000001902517,0
1,2,event,479,0.0016660000001138542,0
1,2,event,480,0.014375000000200089,2
1,2,event,481,0.0025410000000647415,0
1,2,event,482,0.002375000000029104,0
1,2,event,483,0.0016669999999976426,0
1,2,event,484,0.0018749999999272404,0
1,2,event,485,0.0016249999998763087,0
1,2,event,486,0.0028749999999035936,0
1,2,event,487,0.0020829999998568383,0
1,2,event,488,0.0017499999999017746,0
1,2,event,489,0.0016249999998763087,0
1,2,event,490,0.0016669999999976426,0
1,2,event,491,0.0018749999999272404,0
1,2,event,492,0.00204200000007404,0
1,2,event,493,0.0015829999999823485,0
1,2,event,494,0.0015840000000935106,0
1,2,event,495,0.002165999999988344,0
1,2,event,496,0.0016659999998864805,0
1,2,event,497,0.002083000000084212,0
1,2,event,498,0.002208000000109678,0
1,2,event,499,0.0016660000001138542,0
1,2,event,500,0.0018749999999272404,0
1,2,event,501,0.0016250000001036824,0
1,2,event,502,0.0018329999998059066,0
1,2,event,503,0.0021669999998721323,0
1,2,event,504,0.0016669999999976426,0
1,2,event,505,0.0016250000001036824,0
1,2,event,506,0.0015829999999823485,0
1,2,event,507,0.0016250000001036824,0
1,2,event,508,0.0021669999998721323,0
1,2,event,509,0.0022910000000138098,0
1,2,event,510,0.0017080000000078144,0
1,2,event,511,0.0016249999998763087,0
1,2,event,512,0.0016249999998763087,0
1,2,event,513,0.00254199999994853,0
1,2,event,514,0.0017499999999017746,0
1,2,event,515,0.0015829999999823485,0
1,2,event,516,0.001583999999866137,0
1,2,event,517,0.0016250000001036824,0
1,2,event,518,0.0019999999999527063,0
1,2,event,519,0.0016250000001036824,0
1,2,event,520,0.0016250000001036824,0
1,2,event,521,0.0016249999998763087,0
1,2,event,522,0.0017500000001291482,0
1,2,event,523,0.0017920000000231084,0
1,2,event,524,0.002291999999897598,0
1,2,event,525,0.002167000000099506,0
1,2,event,526,0.0017499999999017746,0
1,2,event,527,0.0016249999998763087,0
1,2,event,528,0.002375000000029104,0
1,2,event,529,0.002124999999978172,0
1,2,event,530,0.0017499999999017746,0
1,2,event,531,0.0016250000001036824,0
1,2,event,532,0.0016659999998864805,0
1,2,event,533,0.0018749999999272404,0
1,2,event,534,0.0020839999999680003,0
1,2,event,535,0.0015840000000935106,0
1,2,event,536,0.0015419999999721767,0
1,2,event,537,0.0015840000000935106,0
1,2,event,538,0.0019170000000485743,0
1,2,event,539,0.002334000000018932,0
1,2,event,540,0.013083999999935259,2
1,2,event,541,0.0021669999998721323,0
1,2,event,542,0.0018330000000332802,0
1,2,event,543,0.002292000000124972,0
1,2,event,544,0.0017499999999017746,0
1,2,event,545,0.0016249999998763087,0
1,2,event,546,0.0018330000000332802,0
1,2,event,547,0.0016669999999976426,0
1,2,event,548,0.0017500000001291482,0
1,2,event,549,0.0027919999999994616,0
1,2,event,550,0.0017089999998916028,0
1,2,event,551,0.0016249999998763087,0
1,2,event,552,0.0019159999999374122,0
1,2,event,553,0.0017920000000231084,0
1,2,event,554,0.001875000000154614,0
1,2,event,555,0.0024170000001504377,0
1,2,event,556,0.0017499999999017746,0
1,2,event,557,0.0016249999998763087,0
1,2,event,558,0.0017499999999017746,0
1,2,event,559,0.0019999999999527063,0
1,2,event,560,0.0017089999998916028,0
1,2,event,561,0.0015829999999823485,0
1,2,event,562,0.00200000000018008,0
1,2,event,563,0.0018330000000332802,0
1,2,event,564,0.00204200000007404,0
1,2,event,565,0.0017500000001291482,0
1,2,event,566,0.00233299999990777,0
1,2,event,567,0.0016669999999976426,0
1,2,event,568,0.0017500000001291482,0
1,2,event,569,0.0017920000000231084,0
1,2,event,570,0.0021669999998721323,0
1,2,event,571,0.0016249999998763087,0
1,2,event,572,0.0016660000001138542,0
1,2,event,573,0.0017080000000078144,0
1,2,event,574,0.0016660000001138542,0
1,2,event,575,0.002040999999962878,0
1,2,event,576,0.0017080000000078144,0
1,2,event,577,0.0017080000000078144,0
1,2,event,578,0.0017920000000231084,0
1,2,event,579,0.0016249999998763087,0
1,2,event,580,0.002083000000084212,0
1,2,event,581,0.0016250000001036824,0
1,2,event,582,0.0016249999998763087,0
1,2,event,583,0.00204200000007404,0
1,2,event,584,0.0017500000001291482,0
1,2,event,585,0.002167000000099506,0
1,2,event,586,0.002459000000044398,0
1,2,event,587,0.0017500000001291482,0
1,2,event,588,0.0016660000001138542,0
1,2,event,589,0.0016660000001138542,0
1,2,event,590,0.0018330000000332802,0
1,2,event,591,0.002040999999962878,0
1,2,event,592,0.0016249999998763087,0
1,2,event,593,0.0017080000000078144,0
1,2,event,594,0.0016250000001036824,0
1,2,event,595,0.0016250000001036824,0
1,2,event,596,0.0020839999999680003,0
1,2,event,597,0.002124999999978172,0
1,2,event,598,0.0016669999999976426,0
1,2,event,599,0.0016669999999976426,0
1,2,event,600,0.013208000000076936,2
1,2,event,601,0.002375000000029104,0
1,2,event,602,0.00179100000013932,0
1,2,event,603,0.0018330000000332802,0
1,2,event,604,0.0018330000000332802,0
1,2,event,605,0.0022910000000138098,0
1,2,event,606,0.0016249999998763087,0
1,2,event,607,0.0015829999999823485,0
1,2,event,608,0.0016250000001036824,0
1,2,event,609,0.0017920000000231084,0
1,2,event,610,0.002165999999988344,0
1,2,event,611,0.0016669999999976426,0
1,2,event,612,0.002375000000029104,0
1,2,event,613,0.0017500000001291482,0
1,2,event,614,0.0016250000001036824,0
1,2,event,615,0.0015829999999823485,0
1,2,event,616,0.002124999999978172,0
1,2,event,617,0.0015829999999823485,0
1,2,event,618,0.0017080000000078144,0
1,2,event,619,0.0015829999999823485,0
1,2,event,620,0.0015840000000935106,0
1,2,event,621,0.002083000000084212,0
1,2,event,622,0.0016249999998763087,0
1,2,event,623,0.0017080000000078144,0
1,2,event,624,0.0027079999999841675,0
1,2,event,625,0.002291999999897598,0
1,2,event,626,0.002167000000099506,0
1,2,event,627,0.0019589999999425345,0
1,2,event,628,0.0016669999999976426,0
1,2,event,629,0.0017499999999017746,0
1,2,event,630,0.0017080000000078144,0
1,2,event,631,0.002250000000003638,0
1,2,event,632,0.0016669999999976426,0
1,2,event,633,0.0016669999999976426,0
1,2,event,634,0.0016669999999976426,0
1,2,event,635,0.0016659999998864805,0
1,2,event,636,0.0017080000000078144,0
1,2,event,637,0.00200000000018008,0
1,2,event,638,0.0015829999999823485,0
1,2,event,639,0.0029580000000350992,0
1,2,event,640,0.0016250000001036824,0
1,2,event,641,0.0017089999998916028,0
1,2,event,642,0.002084000000195374,0
1,2,event,643,0.0015829999999823485,0
1,2,event,644,0.002083000000084212,0
1,2,event,645,0.0019159999999374122,0
1,2,event,646,0.0017499999999017746,0
1,2,event,647,0.002207999999882304,0
1,2,event,648,0.0029159999999137654,0
1,2,event,649,0.0016660000001138542,0
1,2,event,650,0.002083000000084212,0
1,2,event,651,0.0016250000001036824,0
1,2,event,652,0.0019999999999527063,0
1,2,event,653,0.00179100000013932,0
1,2,event,654,0.0015829999999823485,0
1,2,event,655,0.0017909999999119464,0
1,2,event,656,0.0017499999999017746,0
1,2,event,657,0.0017080000000078144,0
1,2,event,658,0.0019999999999527063,0
1,2,event,659,0.0017500000001291482,0
1,2,event,660,0.012417000000141343,2
1,2,event,661,0.002208999999993466,0
1,2,event,662,0.002375000000029104,0
1,2,event,663,0.0017080000000078144,0
1,2,event,664,0.0017499999999017746,0
1,2,event,665,0.0017909999999119464,0
1,2,event,666,0.0018749999999272404,0
1,2,event,667,0.002375000000029104,0
1,2,event,668,0.0016669999999976426,0
1,2,event,669,0.0017089999998916028,0
1,2,event,670,0.0017090000001189765,0
1,2,event,671,0.0017080000000078144,0
1,2,event,672,0.002124999999978172,0
1,2,event,673,0.0016250000001036824,0
1,2,event,674,0.0016249999998763087,0
1,2,event,675,0.002291999999897598,0
1,2,event,676,0.0017090000001189765,0
1,2,event,677,0.002083000000084212,0
1,2,event,678,0.0016249999998763087,0
1,2,event,679,0.0017079999997804407,0
1,2,event,680,0.0016249999998763087,0
1,2,event,681,0.00200000000018008,0
1,2,event,682,0.002540999999837368,0
1,2,event,683,0.0020829999998568383,0
1,2,event,684,0.0020829999998568383,0
1,2,event,685,0.0016660000001138542,0
1,2,event,686,0.0017500000001291482,0
1,2,event,687,0.0016669999999976426,0
1,2,event,688,0.0027079999999841675,0
1,2,event,689,0.00179100000013932,0
1,2,event,690,0.0016250000001036824,0
1,2,event,691,0.0017090000001189765,0
1,2,event,692,0.0017499999999017746,0
1,2,event,693,0.002250000000003638,0
1,2,event,694,0.001583999999866137,0
1,2,event,695,0.0016669999999976426,0
1,2,event,696,0.0017500000001291482,0
1,2,event,697,0.0018330000000332802,0
1,2,event,698,0.00200000000018008,0
1,2,event,699,0.0015829999999823485,0
1,2,event,700,0.0016669999999976426,0
1,2,event,701,0.0017920000000231084,0
1,2,event,702,0.0017499999999017746,0
1,2,event,703,0.0015419999999721767,0
1,2,event,704,0.002167000000099506,0
1,2,event,705,0.0018339999999170686,0
1,2,event,706,0.0017080000000078144,0
1,2,event,707,0.0017080000000078144,0
1,2,event,708,0.0016669999999976426,0
1,2,event,709,0.0027079999999841675,0
1,2,event,710,0.0017909999999119464,0
1,2,event,711,0.0016249999998763087,0
1,2,event,712,0.0016249999998763087,0
1,2,event,713,0.0016660000001138542,0
1,2,event,714,0.002124999999978172,0
1,2,event,715,0.0017909999999119464,0
1,2,event,716,0.0017500000001291482,0
1,2,event,717,0.001583999999866137,0
1,2,event,718,0.0017090000001189765,0
1,2,event,719,0.002124999999978172,0
1,2,event,720,0.012249999999994543,2
1,2,event,721,0.002250000000003638,0
1,2,event,722,0.0016669999999976426,0
1,2,event,723,0.002416999999923064,0
1,2,event,724,0.00237499999980173,0
1,2,event,725,0.0017080000000078144,0
1,2,event,726,0.0016250000001036824,0
1,2,event,727,0.0015840000000935106,0
1,2,event,728,0.0018330000000332802,0
1,2,event,729,0.0021669999998721323,0
1,2,event,730,0.002207999999882304,0
1,2,event,731,0.0016250000001036824,0
1,2,event,732,0.0017919999997957348,0
1,2,event,733,0.0016659999998864805,0
1,2,event,734,0.00200000000018008,0
1,2,event,735,0.0016250000001036824,0
1,2,event,736,0.0015840000000935106,0
1,2,event,737,0.0016669999999976426,0
1,2,event,738,0.0024580000001606095,0
1,2,event,739,0.0020839999999680003,0
1,2,event,740,0.0015829999999823485,0
1,2,event,741,0.0017499999999017746,0
1,2,event,742,0.0015829999999823485,0
1,2,event,743,0.0017500000001291482,0
1,2,event,744,0.001958000000058746,0
1,2,event,745,0.0017090000001189765,0
1,2,event,746,0.0016669999999976426,0
1,2,event,747,0.0016660000001138542,0
1,2,event,748,0.0017080000000078144,0
1,2,event,749,0.0016250000001036824,0
1,2,event,750,0.0022910000000138098,0
1,2,event,751,0.0019170000000485743,0
1,2,event,752,0.0019169999998212006,0
1,2,event,753,0.0016249999998763087,0
1,2,event,754,0.0016669999999976426,0
1,2,event,755,0.0019999999999527063,0
1,2,event,756,0.0017080000000078144,0
1,2,event,757,0.0015840000000935106,0
1,2,event,758,0.0017089999998916028,0
1,2,event,759,0.0017080000000078144,0
1,2,event,760,0.001958000000058746,0
1,2,event,761,0.0016249999998763087,0
1,2,event,762,0.00204200000007404,0
1,2,event,763,0.0015829999999823485,0
1,2,event,764,0.0016250000001036824,0
1,2,event,765,0.0020839999999680003,0
1,2,event,766,0.002124999999978172,0
1,2,event,767,0.001583999999866137,0
1,2,event,768,0.0018330000000332802,0
1,2,event,769,0.0017500000001291482,0
1,2,event,770,0.0016669999999976426,0
1,2,event,771,0.003459000000020751,0
1,2,event,772,0.0017500000001291482,0
1,2,event,773,0.0015830000002097222,0
1,2,event,774,0.0016250000001036824,0
1,2,event,775,0.0015419999999721767,0
1,2,event,776,0.0019579999998313724,0
1,2,event,777,0.0017080000000078144,0
1,2,event,778,0.0015829999999823485,0
1,2,event,779,0.0016660000001138542,0
1,2,event,780,0.013458000000127868,2
1,2,event,781,0.002165999999988344,0
1,2,event,782,0.002415999999811902,0
1,2,event,783,0.0018330000000332802,0
1,2,event,784,0.0017080000000078144,0
1,2,event,785,0.002083000000084212,0
1,2,event,786,0.0017090000001189765,0
1,2,event,787,0.001583999999866137,0
1,2,event,788,0.0016669999999976426,0
1,2,event,789,0.0018749999999272404,0
1,2,event,790,0.0020419999998466665,0
1,2,event,791,0.001583999999866137,0
1,2,event,792,0.001875000000154614,0
1,2,event,793,0.0017499999999017746,0
1,2,event,794,0.0016250000001036824,0
1,2,event,795,0.002416999999923064,0
1,2,event,796,0.0020419999998466665,0
1,2,event,797,0.0017090000001189765,0
1,2,event,798,0.0016669999999976426,0
1,2,event,799,0.0015829999999823485,0
1,2,event,800,0.0016669999999976426,0
1,2,event,801,0.0025829999999587017,0
1,2,event,802,0.0016249999998763087,0
1,2,event,803,0.0016660000001138542,0
1,2,event,804,0.0016669999999976426,0
1,2,event,805,0.0015840000000935106,0
1,2,event,806,0.001875000000154614,0
1,2,event,807,0.0015419999999721767,0
1,2,event,808,0.0023339999997915584,0
1,2,event,809,0.0018340000001444423,0
1,2,event,810,0.0017499999999017746,0
1,2,event,811,0.002083000000084212,0
1,2,event,812,0.0016669999999976426,0
1,2,event,813,0.0016249999998763087,0
1,2,event,814,0.0017090000001189765,0
1,2,event,815,0.0021669999998721323,0
1,2,event,816,0.0018329999998059066,0
1,2,event,817,0.002040999999962878,0
1,2,event,818,0.0018749999999272404,0
1,2,event,819,0.0017499999999017746,0
1,2,event,820,0.0016249999998763087,0
1,2,event,821,0.0017090000001189765,0
1,2,event,822,0.002250000000003638,0
1,2,event,823,0.0017499999999017746,0
1,2,event,824,0.0015419999999721767,0
1,2,event,825,0.0016660000001138542,0
1,2,event,826,0.0016250000001036824,0
1,2,event,827,0.00204200000007404,0
1,2,event,828,0.0015829999999823485,0
1,2,event,829,0.0015829999999823485,0
1,2,event,830,0.0015419999999721767,0
1,2,event,831,0.0017090000001189765,0
1,2,event,832,0.002250000000003638,0
1,2,event,833,0.002208000000109678,0
1,2,event,834,0.0015830000002097222,0
1,2,event,835,0.0017920000000231084,0
1,2,event,836,0.0016660000001138542,0
1,2,event,837,0.0016659999998864805,0
1,2,event,838,0.0019579999998313724,0
1,2,event,839,0.0016250000001036824,0
1,2,event,840,0.01245799999992414,2
1,2,event,841,0.002207999999882304,0
1,2,event,842,0.002250000000003638,0
1,2,event,843,0.0015829999999823485,0
1,2,event,844,0.0021669999998721323,0
1,2,event,845,0.0016669999999976426,0
1,2,event,846,0.0017499999999017746,0
1,2,event,847,0.002124999999978172,0
1,2,event,848,0.0016250000001036824,0
1,2,event,849,0.0017089999998916028,0
1,2,event,850,0.002291999999897598,0
1,2,event,851,0.0017500000001291482,0
1,2,event,852,0.002124999999978172,0
1,2,event,853,0.0016249999998763087,0
1,2,event,854,0.0016660000001138542,0
1,2,event,855,0.0016250000001036824,0
1,2,event,856,0.0017499999999017746,0
1,2,event,857,0.00204200000007404,0
1,2,event,858,0.0017089999998916028,0
1,2,event,859,0.0015419999999721767,0
1,2,event,860,0.001583999999866137,0
1,2,event,861,0.0017499999999017746,0
1,2,event,862,0.0015830000002097222,0
1,2,event,863,0.002083000000084212,0
1,2,event,864,0.002165999999988344,0
1,2,event,865,0.0016660000001138542,0
1,2,event,866,0.0017080000000078144,0
1,2,event,867,0.0017499999999017746,0
1,2,event,868,0.002124999999978172,0
1,2,event,869,0.0017500000001291482,0
1,2,event,870,0.0016669999999976426,0
1,2,event,871,0.0017500000001291482,0
1,2,event,872,0.0017499999999017746,0
1,2,event,873,0.002459000000044398,0
1,2,event,874,0.0016669999999976426,0
1,2,event,875,0.0016250000001036824,0
1,2,event,876,0.0016249999998763087,0
1,2,event,877,0.0017920000000231084,0
1,2,event,878,0.0020419999998466665,0
1,2,event,879,0.002124999999978172,0
1,2,event,880,0.0016669999999976426,0
1,2,event,881,0.0016249999998763087,0
1,2,event,882,0.001583999999866137,0
1,2,event,883,0.0017090000001189765,0
1,2,event,884,0.0019999999999527063,0
1,2,event,885,0.0015419999999721767,0
1,2,event,886,0.001875000000154614,0
1,2,event,887,0.001583999999866137,0
1,2,event,888,0.0015829999999823485,0
1,2,event,889,0.0019999999999527063,0
1,2,event,890,0.0018339999999170686,0
1,2,event,891,0.0015419999999721767,0
1,2,event,892,0.0024160000000392756,0
1,2,event,893,0.0015829999999823485,0
1,2,event,894,0.0026660000000902073,0
1,2,event,895,0.0016659999998864805,0
1,2,event,896,0.0015829999999823485,0
1,2,event,897,0.001583999999866137,0
1,2,event,898,0.0015419999999721767,0
1,2,event,899,0.0027079999999841675,0
1,2,event,900,0.012624999999843567,2
1,2,event,901,0.002124999999978172,0
1,2,event,902,0.0016669999999976426,0
1,2,event,903,0.002291999999897598,0
1,2,event,904,0.0017500000001291482,0
1,2,event,905,0.0016669999999976426,0
1,2,event,906,0.0016669999999976426,0
1,2,event,907,0.0015840000000935106,0
1,2,event,908,0.0017499999999017746,0
1,2,event,909,0.002040999999962878,0
1,2,event,910,0.0016250000001036824,0
1,2,event,911,0.0016669999999976426,0
1,2,event,912,0.0018330000000332802,0
1,2,event,913,0.0018330000000332802,0
1,2,event,914,0.0023330000001351436,0
1,2,event,915,0.0016660000001138542,0
1,2,event,916,0.0016669999999976426,0
1,2,event,917,0.0017090000001189765,0
1,2,event,918,0.002208999999993466,0
1,2,event,919,0.002124999999978172,0
1,2,event,920,0.0015829999999823485,0
1,2,event,921,0.0015840000000935106,0
1,2,event,922,0.0016669999999976426,0
1,2,event,923,0.0017500000001291482,0
1,2,event,924,0.0029999999999290594,0
1,2,event,925,0.0017499999999017746,0
1,2,event,926,0.0016669999999976426,0
1,2,event,927,0.002250000000003638,0
1,2,event,928,0.0017499999999017746,0
1,2,event,929,0.0017089999998916028,0
1,2,event,930,0.002167000000099506,0
1,2,event,931,0.0017920000000231084,0
1,2,event,932,0.0016249999998763087,0
1,2,event,933,0.0017080000000078144,0
1,2,event,934,0.0027079999999841675,0
1,2,event,935,0.002040999999962878,0
1,2,event,936,0.0017499999999017746,0
1,2,event,937,0.0016659999998864805,0
1,2,event,938,0.0017080000000078144,0
1,2,event,939,0.0016249999998763087,0
1,2,event,940,0.0019999999999527063,0
1,2,event,941,0.0017500000001291482,0
1,2,event,942,0.0019169999998212006,0
1,2,event,943,0.0016659999998864805,0
1,2,event,944,0.0016249999998763087,0
1,2,event,945,0.0016659999998864805,0
1,2,event,946,0.002124999999978172,0
1,2,event,947,0.0015419999999721767,0
1,2,event,948,0.0016669999999976426,0
1,2,event,949,0.0015419999999721767,0
1,2,event,950,0.0018330000000332802,0
1,2,event,951,0.002083000000084212,0
1,2,event,952,0.001959000000169908,0
1,2,event,953,0.0015840000000935106,0
1,2,event,954,0.0017080000000078144,0
1,2,event,955,0.002083000000084212,0
1,2,event,956,0.0020410000001902517,0
1,2,event,957,0.0016669999999976426,0
1,2,event,958,0.0015840000000935106,0
1,2,event,959,0.0016249999998763087,0
1,2,event,960,0.012541000000055647,2
1,2,event,961,0.002165999999988344,0
1,2,event,962,0.0017080000000078144,0
1,2,event,963,0.0017920000000231084,0
1,2,event,964,0.0017090000001189765,0
1,2,event,965,0.00204200000007404,0
1,2,event,966,0.0017089999998916028,0
1,2,event,967,0.0016250000001036824,0
1,2,event,968,0.0015410000000883883,0
1,2,event,969,0.0015829999999823485,0
1,2,event,970,0.00200000000018008,0
1,2,event,971,0.0016669999999976426,0
1,2,event,972,0.0015419999999721767,0
1,2,event,973,0.0016249999998763087,0
1,2,event,974,0.0015829999999823485,0
1,2,event,975,0.0017499999999017746,0
1,2,event,976,0.0026669999999739957,0
1,2,event,977,0.0017499999999017746,0
1,2,event,978,0.0015829999999823485,0
1,2,event,979,0.0015409999998610147,0
1,2,event,980,0.0016249999998763087,0
1,2,event,981,0.0020419999998466665,0
1,2,event,982,0.0016249999998763087,0
1,2,event,983,0.0016669999999976426,0
1,2,event,984,0.0017080000000078144,0
1,2,event,985,0.0019999999999527063,0
1,2,event,986,0.0020419999998466665,0
1,2,event,987,0.0017080000000078144,0
1,2,event,988,0.0016669999999976426,0
1,2,event,989,0.0017090000001189765,0
1,2,event,990,0.002250000000003638,0
1,2,event,991,0.0016249999998763087,0
1,2,event,992,0.0020839999999680003,0
1,2,event,993,0.0015840000000935106,0
1,2,event,994,0.0015829999999823485,0
1,2,event,995,0.0017080000000078144,0
1,2,event,996,0.0016249999998763087,0
1,2,event,997,0.002124999999978172,0
1,2,event,998,0.0017920000000231084,0
1,2,event,999,0.0016669999999976426,0
1,2,burst,0,0.10666700000001583,14
1,2,burst,1,0.10837500000002365,14
1,2,burst,2,0.10562499999991815,14
1,2,burst,3,0.10879099999988284,14
1,2,burst,4,0.10420799999997143,14
1,2,burst,5,0.11079099999983555,14
1,2,burst,6,0.10470799999984592,14
1,2,burst,7,0.1065000000000964,14
1,2,burst,8,0.10608299999989868,14
1,2,burst,9,0.10579200000006495,14
1,2,burst,10,0.10599999999999454,14
1,2,burst,11,0.11029099999996106,14
1,2,burst,12,0.10674999999991996,14
1,2,burst,13,0.11104199999999764,14
1,2,burst,14,0.11245800000006057,14
1,2,burst,15,0.107291000000032,14
1,2,burst,16,0.10579099999995378,14
1,2,burst,17,0.10654199999999037,14
1,2,burst,18,0.10812499999997272,14
1,2,burst,19,0.109958000000006,14
1,2,burst,20,0.10583300000007512,14
1,2,burst,21,0.10583300000007512,14
1,2,burst,22,0.10812499999997272,14
1,2,burst,23,0.10541699999998855,14
1,2,burst,24,0.10570900000016081,14
1,2,burst,25,0.10570899999993344,14
1,2,burst,26,0.10891700000001947,14
1,2,burst,27,0.10629199999993943,14
1,2,burst,28,0.10549999999989268,14
1,2,burst,29,0.10491699999988668,14
1,2,burst,30,0.10787499999992178,14
1,2,burst,31,0.10449999999991633,14
1,2,burst,32,0.10512500000004366,14
1,2,burst,33,0.1089999999999236,14
1,2,burst,34,0.11337500000013279,14
1,2,burst,35,0.10550000000012005,14
1,2,burst,36,0.10812499999997272,14
1,2,burst,37,0.10570800000004965,14
1,2,burst,38,0.1062090000000353,14
1,2,burst,39,0.10608400000000984,14
1,2,burst,40,0.10533399999985704,14
1,2,burst,41,0.10566700000003948,14
1,2,burst,42,0.11029099999996106,14
1,2,burst,43,0.10662500000012187,14
1,2,burst,44,0.10516600000005383,14
1,2,burst,45,0.10595800000010058,14
1,2,burst,46,0.10599999999999454,14
1,2,burst,47,0.1073750000000473,14
1,2,burst,48,0.108791999999994,14
1,2,burst,49,0.10545900000010988,14
1,2,burst,50,0.11466700000005403,14
1,2,burst,51,0.11129200000004857,14
1,2,burst,52,0.10616699999991397,14
1,2,burst,53,0.10520899999983158,14
1,2,burst,54,0.10750000000007276,14
1,2,burst,55,0.1066249999998945,14
1,2,burst,56,0.104584000000159,14
1,2,burst,57,0.10454200000003766,14
1,2,burst,58,0.1071670000001177,14
1,2,burst,59,0.10487499999999272,14
1,2,burst,60,0.106708000000026,14
1,2,burst,61,0.10579099999995378,14
1,2,burst,62,0.1119579999999587,14
1,2,burst,63,0.1042090000000826,14
1,2,burst,64,0.10599999999999454,14
1,2,burst,65,0.10679100000015751,14
1,2,burst,66,0.10449999999991633,14
1,2,burst,67,0.10691700000006676,14
1,2,burst,68,0.11016699999981938,14
1,2,burst,69,0.10850000000004911,14
1,2,burst,70,0.10474999999996726,14
1,2,burst,71,0.11029099999996106,14
1,2,burst,72,0.10591599999997925,14
1,2,burst,73,0.11029100000018843,14
1,2,burst,74,0.10462499999994179,14
1,2,burst,75,0.10524999999984175,14
1,2,burst,76,0.10495800000012423,14
1,2,burst,77,0.11087500000007822,14
1,2,burst,78,0.1044170000000122,14
1,2,burst,79,0.1045000000001437,14
1,2,burst,80,0.1047080000000733,14
1,2,burst,81,0.10620899999980793,14
1,2,burst,82,0.1042090000000826,14
1,2,burst,83,0.10516699999993762,14
1,2,burst,84,0.1039579999999205,14
1,2,burst,85,0.1069590000001881,14
1,2,burst,86,0.11908300000004601,14
1,2,burst,87,0.11237499999992906,14
1,2,burst,88,0.10625000000004547,14
1,2,burst,89,0.11262499999997999,14
1,2,burst,90,0.10566700000003948,14
1,2,burst,91,0.1117500000000291,14
1,2,burst,92,0.10591700000009041,14
1,2,burst,93,0.10666700000001583,14
1,2,burst,94,0.10616700000014134,14
1,2,burst,95,0.106708000000026,14
1,2,burst,96,0.10820799999987685,14
1,2,burst,97,0.10695799999984956,14
1,2,burst,98,0.10666700000001583,14
1,2,burst,99,0.10754100000008293,14
1,2,burst,100,0.1067920000000413,14
1,2,burst,101,0.12266700000009223,14
1,2,burst,102,0.11512500000003456,14
1,2,burst,103,0.11687500000016371,14
1,2,burst,104,0.11850000000004002,14
1,2,burst,105,0.12637499999982538,14
1,2,burst,106,0.12791700000002493,14
1,2,burst,107,0.11237499999992906,14
1,2,burst,108,0.11791700000003402,14
1,2,burst,109,0.11858300000017152,14
1,2,burst,110,0.1177500000001146,14
1,2,burst,111,0.11233399999991889,14
1,2,burst,112,0.11258300000008603,14
1,2,burst,113,0.11170800000013514,14
1,2,burst,114,0.12358300000005329,14
1,2,burst,115,0.10858299999995324,14
1,2,burst,116,0.11487499999998363,14
1,2,burst,117,0.11425000000008367,14
1,2,burst,118,0.11958400000003166,14
1,2,burst,119,0.11437500000010914,14
1,2,burst,120,0.1224170000000413,14
1,2,burst,121,0.10950000000002547,14
1,2,burst,122,0.11824999999998909,14
1,2,burst,123,0.12320799999997689,14
1,2,burst,124,0.12191600000005565,14
1,2,burst,125,0.1089999999999236,14
1,2,burst,126,0.11474999999995816,14
1,2,burst,127,0.11987500000009277,14
1,2,burst,128,0.11245800000006057,14
1,2,burst,129,0.10908300000005511,14
1,2,burst,130,0.12295799999992596,14
1,2,burst,131,0.11437499999988177,14
1,2,burst,132,0.11445800000001327,14
1,2,burst,133,0.11537500000008549,14
1,2,burst,134,0.11658299999999144,14
1,2,burst,135,0.11283299999990959,14
1,2,burst,136,0.12274999999999636,14
1,2,burst,137,0.10495799999989686,14
1,2,burst,138,0.11279200000012679,14
1,2,burst,139,0.12079200000016499,14
1,2,burst,140,0.1172910000000229,14
1,2,burst,141,0.11429200000020501,14
1,2,burst,142,0.11570900000015172,14
1,2,burst,143,0.11816699999985758,14
1,2,burst,144,0.11187500000005457,14
1,2,burst,145,0.12862499999982901,14
1,2,burst,146,0.10854199999994307,14
1,2,burst,147,0.11633300000016789,14
1,2,burst,148,0.11912499999993997,14
1,2,burst,149,0.12879100000009203,14
1,2,burst,150,0.1121250000001055,14
1,2,burst,151,0.12029099999995196,14
1,2,burst,152,0.11070799999993142,14
1,2,burst,153,0.11495799999988776,14
1,2,burst,154,0.10829199999989214,14
1,2,burst,155,0.12054199999988668,14
1,2,burst,156,0.11041599999998652,14
1,2,burst,157,0.12108299999999872,14
1,2,burst,158,0.1123330000000351,14
1,2,burst,159,0.12679100000013932,14
1,2,burst,160,0.11083299999995688,14
1,2,burst,161,0.12358400000016445,14
1,2,burst,162,0.11079199999994671,14
1,2,burst,163,0.12087500000006912,14
1,2,burst,164,0.11579099999994469,14
1,2,burst,165,0.11566599999991922,14
1,2,burst,166,0.10970799999995506,14
1,2,burst,167,0.11804199999983211,14
1,2,burst,168,0.11312500000008185,14
1,2,burst,169,0.11558300000001509,14
1,2,burst,170,0.11008300000003146,14
1,2,burst,171,0.11912499999993997,14
1,2,burst,172,0.11200000000008004,14
1,2,burst,173,0.11829099999999926,14
1,2,burst,174,0.10812499999997272,14
1,2,burst,175,0.11345900000014808,14
1,2,burst,176,0.11199999999985266,14
1,2,burst,177,0.12458300000002964,14
1,2,burst,178,0.1086249999998472,14
1,2,burst,179,0.11691700000005767,14
1,2,burst,180,0.11162500000000364,14
1,2,burst,181,0.11366700000007768,14
1,2,burst,182,0.10962500000005093,14
1,2,burst,183,0.12083400000005895,14
1,2,burst,184,0.10766699999999219,14
1,2,burst,185,0.11149999999997817,14
1,2,burst,186,0.15420800000015333,14
1,2,burst,187,0.11733299999991686,14
1,2,burst,188,0.10887499999989814,14
1,2,burst,189,0.11529199999995399,14
1,2,burst,190,0.12366700000006858,14
1,2,burst,191,0.11237499999992906,14
1,2,burst,192,0.12541600000008657,14
1,2,burst,193,0.10970799999995506,14
1,2,burst,194,0.11387500000000728,14
1,2,burst,195,0.1216669999998885,14
1,2,burst,196,0.11541699999997945,14
1,2,burst,197,0.10566700000003948,14
1,2,burst,198,34.44870900000001,14
1,2,burst,199,0.13420800000017152,14
1,2,burst,200,0.12187500000004547,14
1,2,burst,201,0.11974999999983993,14
1,2,burst,202,0.11850000000004002,14
1,2,burst,203,0.11604200000010678,14
1,2,burst,204,0.11229199999979755,14
1,2,burst,205,0.11258399999996982,14
1,2,burst,206,0.11187500000005457,14
1,2,burst,207,0.11504200000013043,14
1,2,burst,208,0.11599999999998545,14
1,2,burst,209,0.1221659999998792,14
1,2,burst,210,0.11074999999982538,14
1,2,burst,211,0.11716599999999744,14
1,2,burst,212,0.11466599999994287,14
1,2,burst,213,0.11183299999993324,14
1,2,burst,214,0.11550000000011096,14
1,2,burst,215,0.1147080000000642,14
1,2,burst,216,0.11158400000022084,14
1,2,burst,217,0.1147080000000642,14
1,2,burst,218,0.11062499999979991,14
1,2,burst,219,0.11179199999992306,14
1,2,burst,220,0.11029200000007222,14
1,2,burst,221,0.1113749999999527,14
1,2,burst,222,0.1097500000000764,14
1,2,burst,223,0.11304199999995035,14
1,2,burst,224,0.1116669999998976,14
1,2,burst,225,0.11074999999982538,14
1,2,burst,226,0.11291700000015226,14
1,2,burst,227,0.11904200000003584,14
1,2,burst,228,0.10820899999998801,14
1,2,burst,229,0.10804200000006858,14
1,2,burst,230,0.114875000000211,14
1,2,burst,231,0.10704200000009223,14
1,2,burst,232,0.10820899999998801,14
1,2,burst,233,0.10629199999993943,14
1,2,burst,234,0.10712499999999636,14
1,2,burst,235,0.11000000000012733,14
1,2,burst,236,0.11020800000005693,14
1,2,burst,237,0.10808299999985138,14
1,2,burst,238,0.10687499999994543,14
1,2,burst,239,0.11220799999978226,14
1,2,burst,240,0.10629199999993943,14
1,2,burst,241,0.11166700000012497,14
1,2,burst,242,0.10845900000003894,14
1,2,burst,243,0.10729200000014316,14
1,2,burst,244,0.10620899999980793,14
1,2,burst,245,0.11770900000010442,14
1,2,burst,246,0.1092919999998685,14
1,2,burst,247,0.10870900000008987,14
1,2,burst,248,0.10674999999991996,14
1,2,burst,249,0.11062500000002728,14
1,2,burst,250,0.11029099999996106,14
1,2,burst,251,0.10662500000012187,14
1,2,burst,252,0.10775000000012369,14
1,2,burst,253,0.10866699999996854,14
1,2,burst,254,0.11062500000002728,14
1,2,burst,255,0.11333300000001145,14
1,2,burst,256,0.10783300000002782,14
1,2,burst,257,0.10766699999999219,14
1,2,burst,258,0.11191699999994853,14
1,2,burst,259,0.10608400000000984,14
1,2,burst,260,0.10875000000010004,14
1,2,burst,261,0.10987500000010186,14
1,2,burst,262,0.11574999999993452,14
1,2,burst,263,0.1101250000001528,14
1,2,burst,264,0.11033300000008239,14
1,2,burst,265,0.10812499999997272,14
1,2,burst,266,0.11512500000003456,14
1,2,burst,267,0.10983299999998053,14
1,2,burst,268,0.10949999999979809,14
1,2,burst,269,0.11329100000011749,14
1,2,burst,270,0.11379200000010314,14
1,2,burst,271,0.10758399999986068,14
1,2,burst,272,0.108791999999994,14
1,2,burst,273,0.10725000000002183,14
1,2,burst,274,0.11249999999995453,14
1,2,burst,275,0.10754099999985556,14
1,2,burst,276,0.10808299999985138,14
1,2,burst,277,0.1072079999999005,14
1,2,burst,278,0.11120800000003328,14
1,2,burst,279,0.11179200000015044,14
1,2,burst,280,0.11249999999995453,14
1,2,burst,281,0.11095899999986614,14
1,2,burst,282,0.11166700000012497,14
1,2,burst,283,0.10999999999989996,14
1,2,burst,284,0.11275000000000546,14
1,2,burst,285,0.10791600000015933,14
1,2,burst,286,0.11295799999993505,14
1,2,burst,287,0.10841700000014498,14
1,2,burst,288,0.10912499999994907,14
1,2,burst,289,0.10979199999997036,14
1,2,burst,290,0.1101250000001528,14
1,2,burst,291,0.10783399999991161,14
1,2,burst,292,0.1085840000000644,14
1,2,burst,293,0.10999999999989996,14
1,2,burst,294,0.1074580000001788,14
1,2,burst,295,0.10987500000010186,14
1,2,burst,296,0.11079199999994671,14
1,2,burst,297,0.1152910000000702,14
1,2,burst,298,0.13133300000004056,14
1,2,burst,299,0.11112499999990177,14
1,2,burst,300,0.10845799999992778,14
1,2,burst,301,0.11279200000012679,14
1,2,burst,302,0.10900000000015098,14
1,2,burst,303,0.1143329999999878,14
1,2,burst,304,0.11345800000003692,14
1,2,burst,305,0.11166700000012497,14
1,2,burst,306,0.10870799999997871,14
1,2,burst,307,0.11083399999984067,14
1,2,burst,308,7.454625000000078,14
1,2,burst,309,0.15274999999996908,14
1,2,burst,310,0.13341700000000856,14
1,2,burst,311,0.1262499999997999,14
1,2,burst,312,0.1341660000000502,14
1,2,burst,313,0.3237920000001395,14
1,2,burst,314,0.12225000000012187,14
1,2,burst,315,0.11466700000005403,14
1,2,burst,316,0.11545799999998962,14
1,2,burst,317,0.12100000000009459,14
1,2,burst,318,0.11200000000008004,14
1,2,burst,319,0.11129200000004857,14
1,2,burst,320,0.11249999999995453,14
1,2,burst,321,0.11583300000006602,14
1,2,burst,322,0.11179199999992306,14
1,2,burst,323,0.11474999999995816,14
1,2,burst,324,0.10983299999998053,14
1,2,burst,325,0.11145800000008421,14
1,2,burst,326,0.11095899999986614,14
1,2,burst,327,0.11383299999988594,14
1,2,burst,328,0.10770799999977498,14
1,2,burst,329,0.11083299999995688,14
1,2,burst,330,0.108791999999994,14
1,2,burst,331,0.11254199999984849,14
1,2,burst,332,0.1602499999999054,14
1,2,burst,333,0.11862500000006548,14
1,2,burst,334,0.11158300000010968,14
1,2,burst,335,0.1097500000000764,14
1,2,burst,336,0.10804099999995742,14
1,2,burst,337,0.11112499999990177,14
1,2,burst,338,0.13187500000003638,14
1,2,burst,339,0.10941699999989396,14
1,2,burst,340,0.10829199999989214,14
1,2,burst,341,0.144832999999835,14
1,2,burst,342,0.11216600000011567,14
1,2,burst,343,0.10812500000020009,14
1,2,burst,344,0.11104199999999764,14
1,2,burst,345,0.10704200000009223,14
1,2,burst,346,0.10770800000000236,14
1,2,burst,347,0.10649999999986903,14
1,2,burst,348,0.11358300000006238,14
1,2,burst,349,0.10804099999995742,14
1,2,burst,350,0.10754199999996672,14
1,2,burst,351,0.10774999999989632,14
1,2,burst,352,0.1092919999998685,14
1,2,burst,353,0.10674999999991996,14
1,2,burst,354,0.1091670000000704,14
1,2,burst,355,0.11054200000012315,14
1,2,burst,356,0.10941600000001017,14
1,2,burst,357,0.10845799999992778,14
1,2,burst,358,0.10658300000000054,14
1,2,burst,359,0.106708000000026,14
1,2,burst,360,0.10995900000011716,14
1,2,burst,361,0.10766699999999219,14
1,2,burst,362,0.1069590000001881,14
1,2,burst,363,0.10920900000019174,14
1,2,burst,364,0.10695800000007694,14
1,2,burst,365,0.11075000000005275,14
1,2,burst,366,0.10891600000013568,14
1,2,burst,367,0.10812499999997272,14
1,2,burst,368,0.11025000000017826,14
1,2,burst,369,0.10683399999993526,14
1,2,burst,370,0.11179200000015044,14
1,2,burst,371,0.10845799999992778,14
1,2,burst,372,0.10770899999988615,14
1,2,burst,373,0.10675000000014734,14
1,2,burst,374,0.10754199999996672,14
1,2,burst,375,0.10695899999996072,14
1,2,burst,376,0.10995900000011716,14
1,2,burst,377,0.1115420000000995,14
1,2,burst,378,0.10991699999999582,14
1,2,burst,379,0.10637499999984357,14
1,2,burst,380,0.11112499999990177,14
1,2,burst,381,0.1064169999999649,14
1,2,burst,382,0.10804199999984121,14
1,2,burst,383,0.1067920000000413,14
1,2,burst,384,0.11599999999998545,14
1,2,burst,385,0.10824999999999818,14
1,2,burst,386,0.10783300000002782,14
1,2,burst,387,0.10550000000012005,14
1,2,burst,388,0.10741700000016863,14
1,2,burst,389,0.10600000000022192,14
1,2,burst,390,0.10904200000004494,14
1,2,burst,391,0.10683300000005147,14
1,2,burst,392,0.1070830000001024,14
1,2,burst,393,0.10687499999994543,14
1,2,burst,394,13.471042000000125,14
1,2,burst,395,0.15762499999982538,14
1,2,burst,396,3.8812909999999192,14
1,2,burst,397,0.1403330000000551,14
1,2,burst,398,0.16658400000005713,14
1,2,burst,399,0.5957500000001801,14
1,2,burst,400,0.13895800000000236,14
1,2,burst,401,0.25250000000005457,14
1,2,burst,402,0.13508299999989504,14
1,2,burst,403,0.13533299999994597,14
1,2,burst,404,0.12487499999997453,14
1,2,burst,405,0.14975000000004002,14
1,2,burst,406,0.12645799999995688,14
1,2,burst,407,1.4036659999999301,14
1,2,burst,408,0.17158299999982773,14
1,2,burst,409,0.68362500000012,14
1,2,burst,410,0.14970799999991868,14
1,2,burst,411,0.13770799999997507,14
1,2,burst,412,0.1911659999998392,14
1,2,burst,413,0.15795800000000781,14
1,2,burst,414,0.15099999999983993,14
1,2,burst,415,0.5384579999999914,14
1,2,burst,416,0.14199999999982538,14
1,2,burst,417,0.13354100000015023,14
1,2,burst,418,6.050999999999931,14
1,2,burst,419,0.16233299999998962,14
1,2,burst,420,0.15020800000002055,14
1,2,burst,421,0.1376660000000811,14
1,2,burst,422,0.34008300000004965,14
1,2,burst,423,0.12916599999994105,14
1,2,burst,424,0.12537499999984902,14
1,2,burst,425,0.13591700000006313,14
1,2,burst,426,0.12325000000009823,14
1,2,burst,427,0.13779199999999037,14
1,2,burst,428,0.27891700000009223,14
1,2,burst,429,0.17583400000012261,14
1,2,burst,430,0.12950000000000728,14
1,2,burst,431,0.12979200000017954,14
1,2,burst,432,0.12704099999996288,14
1,2,burst,433,0.12625000000002728,14
1,2,burst,434,0.15229100000010476,14
1,2,burst,435,0.13274999999998727,14
1,2,burst,436,0.12383300000010422,14
1,2,burst,437,0.20020799999997507,14
1,2,burst,438,0.1332919999999831,14
1,2,burst,439,0.13770799999997507,14
1,2,burst,440,0.11429200000020501,14
1,2,burst,441,0.11862500000006548,14
1,2,burst,442,0.1195829999999205,14
1,2,burst,443,0.11400000000003274,14
1,2,burst,444,0.11208400000009533,14
1,2,burst,445,0.1143339999998716,14
1,2,burst,446,0.11591700000008132,14
1,2,burst,447,0.11129100000016479,14
1,2,burst,448,0.11729200000013407,14
1,2,burst,449,0.11675000000013824,14
1,2,burst,450,0.11287500000003092,14
1,2,burst,451,0.10845799999992778,14
1,2,burst,452,0.11375000000020918,14
1,2,burst,453,0.11008300000003146,14
1,2,burst,454,0.10962500000005093,14
1,2,burst,455,0.10612499999979264,14
1,2,burst,456,0.12183299999992414,14
1,2,burst,457,0.11662500000011278,14
1,2,burst,458,0.11195899999984249,14
1,2,burst,459,0.10804199999984121,14
1,2,burst,460,0.11162500000000364,14
1,2,burst,461,0.11258299999985866,14
1,2,burst,462,0.11054100000001199,14
1,2,burst,463,0.10837500000002365,14
1,2,burst,464,0.11166600000001381,14
1,2,burst,465,0.10987499999987449,14
1,2,burst,466,0.11341599999991558,14
1,2,burst,467,0.10858299999995324,14
1,2,burst,468,0.10812499999997272,14
1,2,burst,469,0.1091670000000704,14
1,2,burst,470,0.11620800000014242,14
1,2,burst,471,0.10987500000010186,14
1,2,burst,472,0.10924999999997453,14
1,2,burst,473,0.11116700000002311,14
1,2,burst,474,0.11045800000010786,14
1,2,burst,475,0.10787500000014916,14
1,2,burst,476,0.10608300000012605,14
1,2,burst,477,0.1068329999998241,14
1,2,burst,478,0.11237499999992906,14
1,2,burst,479,0.10999999999989996,14
1,2,burst,480,0.1069590000001881,14
1,2,burst,481,0.1094590000000153,14
1,2,burst,482,0.11120900000014444,14
1,2,burst,483,0.10570800000004965,14
1,2,burst,484,0.10712499999999636,14
1,2,burst,485,0.1129160000000411,14
1,2,burst,486,0.10929200000009587,14
1,2,burst,487,0.10512500000004366,14
1,2,burst,488,0.1090839999999389,14
1,2,burst,489,0.10550000000012005,14
1,2,burst,490,0.10570800000004965,14
1,2,burst,491,0.10691600000018298,14
1,2,burst,492,0.11395799999991141,14
1,2,burst,493,0.12379199999986668,14
1,2,burst,494,0.11162500000000364,14
1,2,burst,495,0.10741600000005747,14
1,2,burst,496,0.10733299999992596,14
1,2,burst,497,0.11358300000006238,14
1,2,burst,498,0.10554200000001401,14
1,2,burst,499,0.11141700000007404,14
1,2,burst,500,0.1064169999999649,14
1,2,burst,501,0.10875000000010004,14
1,2,burst,502,0.10683399999993526,14
1,2,burst,503,0.10883300000000418,14
1,2,burst,504,0.10745799999995143,14
1,2,burst,505,0.11120800000003328,14
1,2,burst,506,0.10558300000002419,14
1,2,burst,507,0.10725000000002183,14
1,2,burst,508,0.10508299999992232,14
1,2,burst,509,0.11145800000008421,14
1,2,burst,510,0.10979100000008657,14
1,2,burst,511,0.10800000000017462,14
1,2,burst,512,0.1069999999999709,14
1,2,burst,513,0.11299999999982901,14
1,2,burst,514,0.10637500000007094,14
1,2,burst,515,0.10916699999984303,14
1,2,burst,516,0.10483299999987139,14
1,2,burst,517,0.11120800000003328,14
1,2,burst,518,0.10833300000012969,14
1,2,burst,519,0.1069999999999709,14
1,2,burst,520,0.10587499999996908,14
1,2,burst,521,0.10929200000009587,14
1,2,burst,522,0.11079100000006292,14
1,2,burst,523,0.10966700000017227,14
1,2,burst,524,0.10620899999980793,14
1,2,burst,525,0.11062500000002728,14
1,2,burst,526,0.10733400000003712,14
1,2,burst,527,0.10912499999994907,14
1,2,burst,528,0.10904199999981756,14
1,2,burst,529,0.11445900000012443,14
1,2,burst,530,0.10716699999989032,14
1,2,burst,531,0.10829199999989214,14
1,2,burst,532,0.10658300000000054,14
1,2,burst,533,0.11133300000005875,14
1,2,burst,534,0.10712499999999636,14
1,2,burst,535,0.10770800000000236,14
1,2,burst,536,0.10558300000002419,14
1,2,burst,537,0.10954100000003564,14
1,2,burst,538,0.10654199999999037,14
1,2,burst,539,0.11287500000003092,14
1,2,burst,540,0.10804099999995742,14
1,2,burst,541,0.11479199999985212,14
1,2,burst,542,0.10870900000008987,14
1,2,burst,543,0.11620900000002621,14
1,2,burst,544,0.1069999999999709,14
1,2,burst,545,0.10799999999994725,14
1,2,burst,546,0.11674999999991087,14
1,2,burst,547,0.10750000000007276,14
1,2,burst,548,0.11374999999998181,14
1,2,burst,549,0.11799999999993815,14
1,2,burst,550,0.11279199999989942,14
1,2,burst,551,0.10733299999992596,14
1,2,burst,552,0.10816599999998289,14
1,2,burst,553,0.10616600000003018,14
1,2,burst,554,0.11129200000004857,14
1,2,burst,555,0.10595899999998437,14
1,2,burst,556,0.11275000000000546,14
1,2,burst,557,0.10629200000016681,14
1,2,burst,558,0.11062499999979991,14
1,2,burst,559,0.10608299999989868,14
1,2,burst,560,0.10841699999991761,14
1,2,burst,561,0.10691700000006676,14
1,2,burst,562,0.10887500000012551,14
1,2,burst,563,0.10745799999995143,14
1,2,burst,564,0.11429199999997763,14
1,2,burst,565,0.11116700000002311,14
1,2,burst,566,0.10558300000002419,14
1,2,burst,567,0.10354199999983393,14
1,2,burst,568,0.11058299999990595,14
1,2,burst,569,0.1101659999999356,14
1,2,burst,570,0.1050830000001497,14
1,2,burst,571,0.11158300000010968,14
1,2,burst,572,0.11033300000008239,14
1,2,burst,573,0.10858299999995324,14
1,2,burst,574,0.10549999999989268,14
1,2,burst,575,0.1087089999998625,14
1,2,burst,576,0.11062500000002728,14
1,2,burst,577,0.10654100000010658,14
1,2,burst,578,0.10566700000003948,14
1,2,burst,579,0.1085840000000644,14
1,2,burst,580,0.10841700000014498,14
1,2,burst,581,0.10783400000013899,14
1,2,burst,582,0.10829200000011951,14
1,2,burst,583,0.11241699999982302,14
1,2,burst,584,0.11024999999995089,14
1,2,burst,585,0.1149159999999938,14
1,2,burst,586,0.1062499999998181,14
1,2,burst,587,0.10637499999984357,14
1,2,burst,588,0.10920800000008057,14
1,2,burst,589,0.10833299999990231,14
1,2,burst,590,0.10820800000010422,14
1,2,burst,591,0.10579100000018116,14
1,2,burst,592,0.10837500000002365,14
1,2,burst,593,0.10920800000008057,14
1,2,burst,594,0.10816599999998289,14
1,2,burst,595,0.11166700000012497,14
1,2,burst,596,0.10995900000011716,14
1,2,burst,597,0.11075000000005275,14
1,2,burst,598,0.10870799999997871,14
1,2,burst,599,0.11191600000006474,14
1,2,burst,600,0.10883300000000418,14
1,2,burst,601,0.10816599999998289,14
1,2,burst,602,0.10908300000005511,14
1,2,burst,603,0.11162500000000364,14
1,2,burst,604,0.10645900000008623,14
1,2,burst,605,0.11720900000000256,14
1,2,burst,606,0.10779200000001765,14
1,2,burst,607,0.11020800000005693,14
1,2,burst,608,0.10712499999999636,14
1,2,burst,609,0.10954199999991943,14
1,2,burst,610,0.10920800000008057,14
1,2,burst,611,0.10850000000004911,14
1,2,burst,612,0.10670900000013717,14
1,2,burst,613,0.11174999999980173,14
1,2,burst,614,0.10962500000005093,14
1,2,burst,615,0.11166700000012497,14
1,2,burst,616,0.1069999999999709,14
1,2,burst,617,0.10758299999997689,14
1,2,burst,618,0.10733299999992596,14
1,2,burst,619,0.11579200000005585,14
1,2,burst,620,0.10508299999992232,14
1,2,burst,621,0.11333300000001145,14
1,2,burst,622,0.10408299999994597,14
1,2,burst,623,0.11174999999980173,14
1,2,burst,624,0.11950000000001637,14
1,2,burst,625,0.11154099999998834,14
1,2,burst,626,0.1068329999998241,14
1,2,burst,627,0.11504199999990306,14
1,2,burst,628,0.10612500000002001,14
1,2,burst,629,0.10850000000004911,14
1,2,burst,630,0.10625000000004547,14
1,2,burst,631,0.10983299999998053,14
1,2,burst,632,0.10512500000004366,14
1,2,burst,633,0.10695800000007694,14
1,2,burst,634,0.10537500000009459,14
1,2,burst,635,0.10683300000005147,14
1,2,burst,636,0.10891599999990831,14
1,2,burst,637,0.10679099999993014,14
1,2,burst,638,0.10512500000004366,14
1,2,burst,639,0.10745900000006259,14
1,2,burst,640,0.10658399999988433,14
1,2,burst,641,0.11170900000001893,14
1,2,burst,642,0.10812499999997272,14
1,2,burst,643,0.10754100000008293,14
1,2,burst,644,0.1070830000001024,14
1,2,burst,645,0.10762500000009823,14
1,2,burst,646,0.10933399999998983,14
1,2,burst,647,0.10525000000006912,14
1,2,burst,648,0.1043329999999969,14
1,2,burst,649,0.10750000000007276,14
1,2,burst,650,0.10970799999995506,14
1,2,burst,651,0.10479099999997743,14
1,2,burst,652,0.10579200000006495,14
1,2,burst,653,0.10741699999994125,14
1,2,burst,654,0.10883300000000418,14
1,2,burst,655,0.10508400000003348,14
1,2,burst,656,0.10904200000004494,14
1,2,burst,657,0.10712499999999636,14
1,2,burst,658,0.10587499999996908,14
1,2,burst,659,0.1041250000000673,14
1,2,burst,660,0.10608299999989868,14
1,2,burst,661,0.11145799999985684,14
1,2,burst,662,0.10666599999990467,14
1,2,burst,663,0.10462499999994179,14
1,2,burst,664,0.10545900000010988,14
1,2,burst,665,0.10895899999991343,14
1,2,burst,666,0.12425000000007458,14
1,2,burst,667,0.12037499999996726,14
1,2,burst,668,0.1264169999999467,14
1,2,burst,669,0.11654099999987011,14
1,2,burst,670,0.11824999999998909,14
1,2,burst,671,0.11487499999998363,14
1,2,burst,672,0.11950000000001637,14
1,2,burst,673,0.12266599999998107,14
1,2,burst,674,0.11258299999985866,14
1,2,burst,675,0.10824999999999818,14
1,2,burst,676,0.11591700000008132,14
1,2,burst,677,0.1352919999999358,14
1,2,burst,678,0.11391600000001745,14
1,2,burst,679,0.11320799999998599,14
1,2,burst,680,0.12033299999984592,14
1,2,burst,681,0.11312500000008185,14
1,2,burst,682,0.11337499999990541,14
1,2,burst,683,0.1123330000000351,14
1,2,burst,684,0.11720800000011877,14
1,2,burst,685,0.11612500000001091,14
1,2,burst,686,0.11508399999979702,14
1,2,burst,687,0.1095420000001468,14
1,2,burst,688,0.11941600000000108,14
1,2,burst,689,0.1216669999998885,14
1,2,burst,690,0.11987500000009277,14
1,2,burst,691,0.10970899999983885,14
1,2,burst,692,0.11687500000016371,14
1,2,burst,693,0.11537500000008549,14
1,2,burst,694,0.11262499999997999,14
1,2,burst,695,0.11512500000003456,14
1,2,burst,696,0.11887499999988904,14
1,2,burst,697,0.11645799999996598,14
1,2,burst,698,0.1094580000001315,14
1,2,burst,699,0.1177500000001146,14
1,2,burst,700,0.11537500000008549,14
1,2,burst,701,79.08916700000009,14
1,2,burst,702,0.1453750000000582,14
1,2,burst,703,0.13308299999994233,14
1,2,burst,704,0.21754200000009405,14
1,2,burst,705,0.13762500000007094,14
1,2,burst,706,0.13049999999998363,14
1,2,burst,707,0.1295829999999114,14
1,2,burst,708,0.12625000000002728,14
1,2,burst,709,0.13004099999989194,14
1,2,burst,710,0.12945799999988594,14
1,2,burst,711,0.1256670000000213,14
1,2,burst,712,0.12487499999997453,14
1,2,burst,713,0.144457999999986,14
1,2,burst,714,0.19716599999992468,14
1,2,burst,715,0.13924999999994725,14
1,2,burst,716,0.11820800000009513,14
1,2,burst,717,0.11712499999998727,14
1,2,burst,718,0.11587500000018736,14
1,2,burst,719,0.11154100000021572,14
1,2,burst,720,0.11162500000000364,14
1,2,burst,721,0.11358400000017355,14
1,2,burst,722,0.1143329999999878,14
1,2,burst,723,0.10991699999999582,14
1,2,burst,724,0.11020800000005693,14
1,2,burst,725,0.11149999999997817,14
1,2,burst,726,0.11099999999987631,14
1,2,burst,727,0.10820899999998801,14
1,2,burst,728,0.11095799999998235,14
1,2,burst,729,0.1312080000000151,14
1,2,burst,730,0.11379199999987577,14
1,2,burst,731,0.10883400000011534,14
1,2,burst,732,0.1063339999998334,14
1,2,burst,733,0.11158399999999347,14
1,2,burst,734,0.10837500000002365,14
1,2,burst,735,0.10712499999999636,14
1,2,burst,736,0.10641600000008111,14
1,2,burst,737,0.11133300000005875,14
1,2,burst,738,0.107291000000032,14
1,2,burst,739,0.10599999999999454,14
1,2,burst,740,0.10679099999993014,14
1,2,burst,741,0.10941699999989396,14
1,2,burst,742,0.10783399999991161,14
1,2,burst,743,0.10841700000014498,14
1,2,burst,744,0.10862500000007458,14
1,2,burst,745,0.10995899999988978,14
1,2,burst,746,0.10554200000001401,14
1,2,burst,747,0.10766599999988102,14
1,2,burst,748,0.11466599999994287,14
1,2,burst,749,0.10991699999999582,14
1,2,burst,750,0.11220899999989342,14
1,2,burst,751,0.10674999999991996,14
1,2,burst,752,0.10691600000018298,14
1,2,burst,753,0.11037499999997635,14
1,2,burst,754,0.10608400000000984,14
1,2,burst,755,0.10524999999984175,14
1,2,burst,756,0.10704199999986486,14
1,2,burst,757,0.10804200000006858,14
1,2,burst,758,0.1119170000001759,14
1,2,burst,759,0.1069999999999709,14
1,2,burst,760,0.10670900000013717,14
1,2,burst,761,0.11379199999987577,14
1,2,burst,762,0.10550000000012005,14
1,2,burst,763,0.11075000000005275,14
1,2,burst,764,0.10991699999999582,14
1,2,burst,765,0.11683300000004238,14
1,2,burst,766,0.10691600000018298,14
1,2,burst,767,0.10858299999995324,14
1,2,burst,768,0.10770900000011352,14
1,2,burst,769,0.11141699999984667,14
1,2,burst,770,0.10774999999989632,14
1,2,burst,771,0.1068329999998241,14
1,2,burst,772,0.11262499999997999,14
1,2,burst,773,0.11033400000019356,14
1,2,burst,774,0.10566700000003948,14
1,2,burst,775,0.10883399999988796,14
1,2,burst,776,0.1064169999999649,14
1,2,burst,777,0.12124999999991815,14
1,2,burst,778,0.10629199999993943,14
1,2,burst,779,0.10833400000001348,14
1,2,burst,780,0.10745899999983521,14
1,2,burst,781,0.11099999999987631,14
1,2,burst,782,0.11391600000001745,14
1,2,burst,783,0.10829100000000835,14
1,2,burst,784,0.11166700000012497,14
1,2,burst,785,0.11045899999999165,14
1,2,burst,786,0.11116699999979573,14
1,2,burst,787,0.11066600000003746,14
1,2,burst,788,0.11062500000002728,14
1,2,burst,789,0.10849999999982174,14
1,2,burst,790,0.10891700000001947,14
1,2,burst,791,0.10837499999979627,14
1,2,burst,792,0.1091670000000704,14
1,2,burst,793,0.10649999999986903,14
1,2,burst,794,0.10687499999994543,14
1,2,burst,795,0.10387500000001637,14
1,2,burst,796,0.10654199999999037,14
1,2,burst,797,0.10733299999992596,14
1,2,burst,798,0.10720800000012787,14
1,2,burst,799,0.10791599999993196,14
1,2,burst,800,0.1286250000000564,14
1,2,burst,801,0.11354199999982484,14
1,2,burst,802,0.10804099999995742,14
1,2,burst,803,0.10762500000009823,14
1,2,burst,804,0.10962499999982356,14
1,2,burst,805,0.10770800000000236,14
1,2,burst,806,0.10850000000004911,14
1,2,burst,807,0.10854200000017045,14
1,2,burst,808,0.11004099999991013,14
1,2,burst,809,0.1094580000001315,14
1,2,burst,810,0.10754199999996672,14
1,2,burst,811,0.10895899999991343,14
1,2,burst,812,0.11004200000002129,14
1,2,burst,813,0.1089999999999236,14
1,2,burst,814,0.10658300000000054,14
1,2,burst,815,0.11341700000002675,14
1,2,burst,816,0.11420899999984613,14
1,2,burst,817,0.10904200000004494,14
1,2,burst,818,0.1066249999998945,14
1,2,burst,819,0.10766599999988102,14
1,2,burst,820,0.11041599999998652,14
1,2,burst,821,0.10795800000005329,14
1,2,burst,822,0.11012499999992542,14
1,2,burst,823,0.11304199999995035,14
1,2,burst,824,0.10841700000014498,14
1,2,burst,825,0.10908400000016627,14
1,2,burst,826,0.10912499999994907,14
1,2,burst,827,0.10641599999985374,14
1,2,burst,828,0.11041699999987031,14
1,2,burst,829,0.10474999999996726,14
1,2,burst,830,0.11120900000014444,14
1,2,burst,831,0.10820800000010422,14
1,2,burst,832,0.10666700000001583,14
1,2,burst,833,0.10645900000008623,14
1,2,burst,834,0.10837499999979627,14
1,2,burst,835,0.10804200000006858,14
1,2,burst,836,0.10616699999991397,14
1,2,burst,837,0.10616699999991397,14
1,2,burst,838,0.10512500000004366,14
1,2,burst,839,0.10870799999997871,14
1,2,burst,840,0.10670900000013717,14
1,2,burst,841,0.10854199999994307,14
1,2,burst,842,0.10416600000007747,14
1,2,burst,843,0.10795800000005329,14
1,2,burst,844,0.11054100000001199,14
1,2,burst,845,0.10620799999992414,14
1,2,burst,846,0.10625000000004547,14
1,2,burst,847,0.10716699999989032,14
1,2,burst,848,0.10716699999989032,14
1,2,burst,849,0.10687499999994543,14
1,2,burst,850,0.10658399999988433,14
1,2,burst,851,0.10645900000008623,14
1,2,burst,852,0.1064169999999649,14
1,2,burst,853,0.11300000000005639,14
1,2,burst,854,0.10799999999994725,14
1,2,burst,855,0.10954100000003564,14
1,2,burst,856,0.10637499999984357,14
1,2,burst,857,0.10804099999995742,14
1,2,burst,858,0.11091700000019955,14
1,2,burst,859,0.10970799999995506,14
1,2,burst,860,0.11229200000002493,14
1,2,burst,861,0.10891700000001947,14
1,2,burst,862,0.10858300000018062,14
1,2,burst,863,0.10720800000012787,14
1,2,burst,864,0.10795900000016445,14
1,2,burst,865,0.10745899999983521,14
1,2,burst,866,0.1085840000000644,14
1,2,burst,867,0.10841699999991761,14
1,2,burst,868,0.10745799999995143,14
1,2,burst,869,0.11262499999997999,14
1,2,burst,870,0.109375,14
1,2,burst,871,0.10987500000010186,14
1,2,burst,872,0.10533299999997325,14
1,2,burst,873,0.11337500000013279,14
1,2,burst,874,0.10754199999996672,14
1,2,burst,875,0.109958000000006,14
1,2,burst,876,0.10500000000001819,14
1,2,burst,877,0.10920899999996436,14
1,2,burst,878,0.10599999999999454,14
1,2,burst,879,0.10887500000012551,14
1,2,burst,880,0.10687499999994543,14
1,2,burst,881,0.10799999999994725,14
1,2,burst,882,0.10824999999999818,14
1,2,burst,883,0.10679100000015751,14
1,2,burst,884,0.10654199999999037,14
1,2,burst,885,0.10683400000016263,14
1,2,burst,886,0.10691700000006676,14
1,2,burst,887,0.11437499999988177,14
1,2,burst,888,0.10562499999991815,14
1,2,burst,889,0.10762499999987085,14
1,2,burst,890,0.10774999999989632,14
1,2,burst,891,0.10508299999992232,14
1,2,burst,892,0.10574999999994361,14
1,2,burst,893,0.10841600000003382,14
1,2,burst,894,0.10733299999992596,14
1,2,burst,895,0.10595800000010058,14
1,2,burst,896,0.10525000000006912,14
1,2,burst,897,0.1113749999999527,14
1,2,burst,898,0.11050000000000182,14
1,2,burst,899,0.1067920000000413,14
1,2,burst,900,0.10933399999998983,14
1,2,burst,901,0.11333399999989524,14
1,2,burst,902,0.10708399999998619,14
1,2,burst,903,0.10591700000009041,14
1,2,burst,904,0.11066600000003746,14
1,2,burst,905,0.10704199999986486,14
1,2,burst,906,0.1071670000001177,14
1,2,burst,907,0.10562500000014552,14
1,2,burst,908,0.10616699999991397,14
1,2,burst,909,0.10583400000018628,14
1,2,burst,910,0.10533399999985704,14
1,2,burst,911,0.10687499999994543,14
1,2,burst,912,0.10425000000009277,14
1,2,burst,913,0.10629199999993943,14
1,2,burst,914,0.10716600000000653,14
1,2,burst,915,0.10679100000015751,14
1,2,burst,916,0.10958300000015697,14
1,2,burst,917,0.10550000000012005,14
1,2,burst,918,0.10908300000005511,14
1,2,burst,919,0.10466699999983575,14
1,2,burst,920,0.1063329999999496,14
1,2,burst,921,0.1047080000000733,14
1,2,burst,922,0.10837500000002365,14
1,2,burst,923,0.1092079999998532,14
1,2,burst,924,0.10754199999996672,14
1,2,burst,925,0.10783400000013899,14
1,2,burst,926,0.10774999999989632,14
1,2,burst,927,0.1069999999999709,14
1,2,burst,928,0.10608400000000984,14
1,2,burst,929,0.10500000000001819,14
1,2,burst,930,0.11141699999984667,14
1,2,burst,931,0.10483299999987139,14
1,2,burst,932,0.10495799999989686,14
1,2,burst,933,0.10716600000000653,14
1,2,burst,934,0.11687499999993634,14
1,2,burst,935,0.10525000000006912,14
1,2,burst,936,0.10779099999990649,14
1,2,burst,937,0.10708299999987503,14
1,2,burst,938,0.10687499999994543,14
1,2,burst,939,0.10483399999998255,14
1,2,burst,940,0.10462499999994179,14
1,2,burst,941,0.11241599999993923,14
1,2,burst,942,0.10770800000000236,14
1,2,burst,943,0.10945799999990413,14
1,2,burst,944,0.10725000000002183,14
1,2,burst,945,0.11291699999992488,14
1,2,burst,946,0.10758299999997689,14
1,2,burst,947,0.10770800000000236,14
1,2,burst,948,0.10679099999993014,14
1,2,burst,949,0.10991600000011204,14
1,2,burst,950,0.1065000000000964,14
1,2,burst,951,0.1069159999999556,14
1,2,burst,952,0.10841699999991761,14
1,2,burst,953,0.10833400000001348,14
1,2,burst,954,0.1065000000000964,14
1,2,burst,955,0.10754199999996672,14
1,2,burst,956,0.10400000000004184,14
1,2,burst,957,0.10820800000010422,14
1,2,burst,958,0.11341599999991558,14
1,2,burst,959,0.10991699999999582,14
1,2,burst,960,0.10675000000014734,14
1,2,burst,961,0.11099999999987631,14
1,2,burst,962,0.1066249999998945,14
1,2,burst,963,0.1062090000000353,14
1,2,burst,964,0.10608400000000984,14
1,2,burst,965,0.11050000000000182,14
1,2,burst,966,0.10762500000009823,14
1,2,burst,967,0.10608300000012605,14
1,2,burst,968,0.10649999999986903,14
1,2,burst,969,0.1124170000000504,14
1,2,burst,970,0.10891599999990831,14
1,2,burst,971,0.11570800000004056,14
1,2,burst,972,0.10587499999996908,14
1,2,burst,973,0.11766699999998309,14
1,2,burst,974,0.10850000000004911,14
1,2,burst,975,0.11145800000008421,14
1,2,burst,976,0.10666700000001583,14
1,2,burst,977,0.10887500000012551,14
1,2,burst,978,0.10449999999991633,14
1,2,burst,979,0.10520799999994779,14
1,2,burst,980,0.10520799999994779,14
1,2,burst,981,0.10841600000003382,14
1,2,burst,982,0.10491699999988668,14
1,2,burst,983,0.10637500000007094,14
1,2,burst,984,0.10816700000009405,14
1,2,burst,985,0.10612500000002001,14
1,2,burst,986,0.10658300000000054,14
1,2,burst,987,0.10533299999997325,14
1,2,burst,988,0.11095799999998235,14
1,2,burst,989,0.10645799999997507,14
1,2,burst,990,0.10445800000002237,14
1,2,burst,991,0.10641600000008111,14
1,2,burst,992,0.10579200000006495,14
1,2,burst,993,0.11141700000007404,14
1,2,burst,994,0.10637500000007094,14
1,2,burst,995,0.10537500000009459,14
1,2,burst,996,0.10683399999993526,14
1,2,burst,997,0.10541699999998855,14
1,2,burst,998,0.10437499999989086,14
1,2,burst,999,0.1050830000001497,14
1,4,idle,0,0.0016669999999976426,0
1,4,idle,1,0.0016250000001036824,0
1,4,idle,2,0.002167000000099506,0
1,4,idle,3,0.0017920000000231084,0
1,4,idle,4,0.002292000000124972,0
1,4,idle,5,0.0016250000001036824,0
1,4,idle,6,0.0016250000001036824,0
1,4,idle,7,0.002167000000099506,0
1,4,idle,8,0.0017089999998916028,0
1,4,idle,9,0.0016669999999976426,0
1,4,idle,10,0.0017920000000231084,0
1,4,idle,11,0.0017090000001189765,0
1,4,idle,12,0.002416999999923064,0
1,4,idle,13,0.0017090000001189765,0
1,4,idle,14,0.0016669999999976426,0
1,4,idle,15,0.0018330000000332802,0
1,4,idle,16,0.0019169999998212006,0
1,4,idle,17,0.0017080000000078144,0
1,4,idle,18,0.002208000000109678,0
1,4,idle,19,0.0016669999999976426,0
1,4,idle,20,0.0017499999999017746,0
1,4,idle,21,0.0016669999999976426,0
1,4,idle,22,0.0016669999999976426,0
1,4,idle,23,0.0030839999999443535,0
1,4,idle,24,0.0016669999999976426,0
1,4,idle,25,0.0017920000000231084,0
1,4,idle,26,0.0017089999998916028,0
1,4,idle,27,0.0017090000001189765,0
1,4,idle,28,0.0021669999998721323,0
1,4,idle,29,0.0017080000000078144,0
1,4,idle,30,0.0017090000001189765,0
1,4,idle,31,0.0029170000000249274,0
1,4,idle,32,0.0016250000001036824,0
1,4,idle,33,0.002250000000003638,0
1,4,idle,34,0.0017920000000231084,0
1,4,idle,35,0.0018330000000332802,0
1,4,idle,36,0.0018330000000332802,0
1,4,idle,37,0.0017499999999017746,0
1,4,idle,38,0.0017080000000078144,0
1,4,idle,39,0.00233299999990777,0
1,4,idle,40,0.0017499999999017746,0
1,4,idle,41,0.002459000000044398,0
1,4,idle,42,0.0016669999999976426,0
1,4,idle,43,0.0017090000001189765,0
1,4,idle,44,0.002083000000084212,0
1,4,idle,45,0.0024170000001504377,0
1,4,idle,46,0.0018749999999272404,0
1,4,idle,47,0.0017080000000078144,0
1,4,idle,48,0.0017080000000078144,0
1,4,idle,49,0.002250000000003638,0
1,4,idle,50,0.0016669999999976426,0
1,4,idle,51,0.0017500000001291482,0
1,4,idle,52,0.0016250000001036824,0
1,4,idle,53,0.0016250000001036824,0
1,4,idle,54,0.002208000000109678,0
1,4,idle,55,0.0017909999999119464,0
1,4,idle,56,0.0016250000001036824,0
1,4,idle,57,0.0016660000001138542,0
1,4,idle,58,0.0018330000000332802,0
1,4,idle,59,0.0016249999998763087,0
1,4,idle,60,0.002165999999988344,0
1,4,idle,61,0.0016669999999976426,0
1,4,idle,62,0.0017920000000231084,0
1,4,idle,63,0.0017080000000078144,0
1,4,idle,64,0.002250000000003638,0
1,4,idle,65,0.0026250000000800355,0
1,4,idle,66,0.0017909999999119464,0
1,4,idle,67,0.0017909999999119464,0
1,4,idle,68,0.0017499999999017746,0
1,4,idle,69,0.0019589999999425345,0
1,4,idle,70,0.0019999999999527063,0
1,4,idle,71,0.0016669999999976426,0
1,4,idle,72,0.0017090000001189765,0
1,4,idle,73,0.0016669999999976426,0
1,4,idle,74,0.0016669999999976426,0
1,4,idle,75,0.0020829999998568383,0
1,4,idle,76,0.0016669999999976426,0
1,4,idle,77,0.0019160000001647859,0
1,4,idle,78,0.0017080000000078144,0
1,4,idle,79,0.0017080000000078144,0
1,4,idle,80,0.0016669999999976426,0
1,4,idle,81,0.0023330000001351436,0
1,4,idle,82,0.002208000000109678,0
1,4,idle,83,0.0015829999999823485,0
1,4,idle,84,0.0016660000001138542,0
1,4,idle,85,0.0017500000001291482,0
1,4,idle,86,0.002083000000084212,0
1,4,idle,87,0.0016669999999976426,0
1,4,idle,88,0.0016249999998763087,0
1,4,idle,89,0.0017080000000078144,0
1,4,idle,90,0.0016660000001138542,0
1,4,idle,91,0.00204200000007404,0
1,4,idle,92,0.0017499999999017746,0
1,4,idle,93,0.0017080000000078144,0
1,4,idle,94,0.0017080000000078144,0
1,4,idle,95,0.0016660000001138542,0
1,4,idle,96,0.0015829999999823485,0
1,4,idle,97,0.002124999999978172,0
1,4,idle,98,0.0018330000000332802,0
1,4,idle,99,0.0031249999999545253,0
1,4,idle,100,0.0017499999999017746,0
1,4,idle,101,0.003666999999950349,0
1,4,idle,102,0.0029999999999290594,0
1,4,idle,103,0.0025000000000545697,0
1,4,idle,104,0.0015829999999823485,0
1,4,idle,105,0.0016660000001138542,0
1,4,idle,106,0.0016250000001036824,0
1,4,idle,107,0.0023330000001351436,0
1,4,idle,108,0.0016669999999976426,0
1,4,idle,109,0.0017080000000078144,0
1,4,idle,110,0.0016669999999976426,0
1,4,idle,111,0.0016660000001138542,0
1,4,idle,112,0.00200000000018008,0
1,4,idle,113,0.0017080000000078144,0
1,4,idle,114,0.0016249999998763087,0
1,4,idle,115,0.005791999999928521,0
1,4,idle,116,0.0017080000000078144,0
1,4,idle,117,0.0017080000000078144,0
1,4,idle,118,0.002083000000084212,0
1,4,idle,119,0.0017080000000078144,0
1,4,idle,120,0.0016669999999976426,0
1,4,idle,121,0.0017499999999017746,0
1,4,idle,122,0.0016670000002250163,0
1,4,idle,123,0.002250000000003638,0
1,4,idle,124,0.0016669999999976426,0
1,4,idle,125,0.0017090000001189765,0
1,4,idle,126,0.0016669999999976426,0
1,4,idle,127,0.0018330000000332802,0
1,4,idle,128,0.002167000000099506,0
1,4,idle,129,0.0016669999999976426,0
1,4,idle,130,0.0019159999999374122,0
1,4,idle,131,0.0016660000001138542,0
1,4,idle,132,0.0017080000000078144,0
1,4,idle,133,0.002124999999978172,0
1,4,idle,134,0.0016669999999976426,0
1,4,idle,135,0.0016669999999976426,0
1,4,idle,136,0.0016669999999976426,0
1,4,idle,137,0.00179100000013932,0
1,4,idle,138,0.002375000000029104,0
1,4,idle,139,0.002124999999978172,0
1,4,idle,140,0.0016250000001036824,0
1,4,idle,141,0.0017500000001291482,0
1,4,idle,142,0.0017080000000078144,0
1,4,idle,143,0.0016249999998763087,0
1,4,idle,144,0.002124999999978172,0
1,4,idle,145,0.0016660000001138542,0
1,4,idle,146,0.0016659999998864805,0
1,4,idle,147,0.0016249999998763087,0
1,4,idle,148,0.0017499999999017746,0
1,4,idle,149,0.002124999999978172,0
1,4,idle,150,0.0016249999998763087,0
1,4,idle,151,0.0016249999998763087,0
1,4,idle,152,0.0019999999999527063,0
1,4,idle,153,0.0017080000000078144,0
1,4,idle,154,0.0020829999998568383,0
1,4,idle,155,0.0016250000001036824,0
1,4,idle,156,0.0021669999998721323,0
1,4,idle,157,0.0016669999999976426,0
1,4,idle,158,0.0016669999999976426,0
1,4,idle,159,0.0015829999999823485,0
1,4,idle,160,0.002124999999978172,0
1,4,idle,161,0.002250000000003638,0
1,4,idle,162,0.0016249999998763087,0
1,4,idle,163,0.0017080000000078144,0
1,4,idle,164,0.0016249999998763087,0
1,4,idle,165,0.0027090000000953296,0
1,4,idle,166,0.0016669999999976426,0
1,4,idle,167,0.0017500000001291482,0
1,4,idle,168,0.0017920000000231084,0
1,4,idle,169,0.0017080000000078144,0
1,4,idle,170,0.002208000000109678,0
1,4,idle,171,0.0015840000000935106,0
1,4,idle,172,0.0016669999999976426,0
1,4,idle,173,0.0017080000000078144,0
1,4,idle,174,0.0016659999998864805,0
1,4,idle,175,0.0025829999999587017,0
1,4,idle,176,0.002124999999978172,0
1,4,idle,177,0.0017909999999119464,0
1,4,idle,178,0.0017499999999017746,0
1,4,idle,179,0.0016249999998763087,0
1,4,idle,180,0.0015829999999823485,0
1,4,idle,181,0.00204200000007404,0
1,4,idle,182,0.0017920000000231084,0
1,4,idle,183,0.0016660000001138542,0
1,4,idle,184,0.00237499999980173,0
1,4,idle,185,0.0017090000001189765,0
1,4,idle,186,0.002291999999897598,0
1,4,idle,187,0.001583999999866137,0
1,4,idle,188,0.0016249999998763087,0
1,4,idle,189,0.0016669999999976426,0
1,4,idle,190,0.0016250000001036824,0
1,4,idle,191,0.001958000000058746,0
1,4,idle,192,0.0016250000001036824,0
1,4,idle,193,0.0018330000000332802,0
1,4,idle,194,0.0017909999999119464,0
1,4,idle,195,0.0017079999997804407,0
1,4,idle,196,0.0016669999999976426,0
1,4,idle,197,0.00204200000007404,0
1,4,idle,198,0.0016669999999976426,0
1,4,idle,199,0.0015840000000935106,0
1,4,idle,200,0.0015830000002097222,0
1,4,idle,201,0.0015829999999823485,0
1,4,idle,202,0.0020829999998568383,0
1,4,idle,203,0.0017920000000231084,0
1,4,idle,204,0.0016250000001036824,0
1,4,idle,205,0.0017500000001291482,0
1,4,idle,206,0.0017500000001291482,0
1,4,idle,207,0.0021669999998721323,0
1,4,idle,208,0.0017080000000078144,0
1,4,idle,209,0.001875000000154614,0
1,4,idle,210,0.0017080000000078144,0
1,4,idle,211,0.0016669999999976426,0
1,4,idle,212,0.0027919999999994616,0
1,4,idle,213,0.0017499999999017746,0
1,4,idle,214,0.0016669999999976426,0
1,4,idle,215,0.0016249999998763087,0
1,4,idle,216,0.0018340000001444423,0
1,4,idle,217,0.0017499999999017746,0
1,4,idle,218,0.001958000000058746,0
1,4,idle,219,0.0016250000001036824,0
1,4,idle,220,0.0017920000000231084,0
1,4,idle,221,0.0018749999999272404,0
1,4,idle,222,0.0017090000001189765,0
1,4,idle,223,0.0020839999999680003,0
1,4,idle,224,0.0017500000001291482,0
1,4,idle,225,0.0016660000001138542,0
1,4,idle,226,0.0017500000001291482,0
1,4,idle,227,0.0025000000000545697,0
1,4,idle,228,0.002208000000109678,0
1,4,idle,229,0.0016669999999976426,0
1,4,idle,230,0.0016250000001036824,0
1,4,idle,231,0.0016669999999976426,0
1,4,idle,232,0.0017090000001189765,0
1,4,idle,233,0.0020839999999680003,0
1,4,idle,234,0.0017089999998916028,0
1,4,idle,235,0.0018329999998059066,0
1,4,idle,236,0.0020829999998568383,0
1,4,idle,237,0.0017080000000078144,0
1,4,idle,238,0.0016669999999976426,0
1,4,idle,239,0.002124999999978172,0
1,4,idle,240,0.0017080000000078144,0
1,4,idle,241,0.0016249999998763087,0
1,4,idle,242,0.0016250000001036824,0
1,4,idle,243,0.0016659999998864805,0
1,4,idle,244,0.0025829999999587017,0
1,4,idle,245,0.0015829999999823485,0
1,4,idle,246,0.0015829999999823485,0
1,4,idle,247,0.0019159999999374122,0
1,4,idle,248,0.0015829999999823485,0
1,4,idle,249,0.0027919999999994616,0
1,4,idle,250,0.0018330000000332802,0
1,4,idle,251,0.0017080000000078144,0
1,4,idle,252,0.0016659999998864805,0
1,4,idle,253,0.0016249999998763087,0
1,4,idle,254,0.0020829999998568383,0
1,4,idle,255,0.0017909999999119464,0
1,4,idle,256,0.0017920000000231084,0
1,4,idle,257,0.0017089999998916028,0
1,4,idle,258,0.0016669999999976426,0
1,4,idle,259,0.0017080000000078144,0
1,4,idle,260,0.0019999999999527063,0
1,4,idle,261,0.0017499999999017746,0
1,4,idle,262,0.0016659999998864805,0
1,4,idle,263,0.0016670000002250163,0
1,4,idle,264,0.0017090000001189765,0
1,4,idle,265,0.002208000000109678,0
1,4,idle,266,0.0016250000001036824,0
1,4,idle,267,0.0016660000001138542,0
1,4,idle,268,0.002208000000109678,0
1,4,idle,269,0.0018330000000332802,0
1,4,idle,270,0.0021669999998721323,0
1,4,idle,271,0.0018749999999272404,0
1,4,idle,272,0.0017080000000078144,0
1,4,idle,273,0.0017920000000231084,0
1,4,idle,274,0.0016250000001036824,0
1,4,idle,275,0.002083000000084212,0
1,4,idle,276,0.0017499999999017746,0
1,4,idle,277,0.0015840000000935106,0
1,4,idle,278,0.0015419999999721767,0
1,4,idle,279,0.0016250000001036824,0
1,4,idle,280,0.0015829999999823485,0
1,4,idle,281,0.0019999999999527063,0
1,4,idle,282,0.0016250000001036824,0
1,4,idle,283,0.0017499999999017746,0
1,4,idle,284,0.0015829999999823485,0
1,4,idle,285,0.0062499999999090505,0
1,4,idle,286,0.002375000000029104,0
1,4,idle,287,0.0018339999999170686,0
1,4,idle,288,0.00204200000007404,0
1,4,idle,289,0.002916000000141139,0
1,4,idle,290,0.0017500000001291482,0
1,4,idle,291,0.002292000000124972,0
1,4,idle,292,0.0017080000000078144,0
1,4,idle,293,0.0017080000000078144,0
1,4,idle,294,0.0016659999998864805,0
1,4,idle,295,0.0017080000000078144,0
1,4,idle,296,0.0019999999999527063,0
1,4,idle,297,0.0017080000000078144,0
1,4,idle,298,0.0017500000001291482,0
1,4,idle,299,0.001875000000154614,0
1,4,idle,300,0.0017499999999017746,0
1,4,idle,301,0.0017920000000231084,0
1,4,idle,302,0.002040999999962878,0
1,4,idle,303,0.0015829999999823485,0
1,4,idle,304,0.0017080000000078144,0
1,4,idle,305,0.0019999999999527063,0
1,4,idle,306,0.0016249999998763087,0
1,4,idle,307,0.002165999999988344,0
1,4,idle,308,0.0016659999998864805,0
1,4,idle,309,0.0016669999999976426,0
1,4,idle,310,0.0018339999999170686,0
1,4,idle,311,0.0017080000000078144,0
1,4,idle,312,0.002167000000099506,0
1,4,idle,313,0.0016669999999976426,0
1,4,idle,314,0.0017920000000231084,0
1,4,idle,315,0.0017080000000078144,0
1,4,idle,316,0.0015829999999823485,0
1,4,idle,317,0.002124999999978172,0
1,4,idle,318,0.0017499999999017746,0
1,4,idle,319,0.0017080000000078144,0
1,4,idle,320,0.002208000000109678,0
1,4,idle,321,0.002208000000109678,0
1,4,idle,322,0.0017080000000078144,0
1,4,idle,323,0.0019589999999425345,0
1,4,idle,324,0.0016669999999976426,0
1,4,idle,325,0.0017920000000231084,0
1,4,idle,326,0.0017080000000078144,0
1,4,idle,327,0.0017080000000078144,0
1,4,idle,328,0.002083000000084212,0
1,4,idle,329,0.0016669999999976426,0
1,4,idle,330,0.0016669999999976426,0
1,4,idle,331,0.0018749999999272404,0
1,4,idle,332,0.0016669999999976426,0
1,4,idle,333,0.0020839999999680003,0
1,4,idle,334,0.0017499999999017746,0
1,4,idle,335,0.0016659999998864805,0
1,4,idle,336,0.0017080000000078144,0
1,4,idle,337,0.0017920000000231084,0
1,4,idle,338,0.0019589999999425345,0
1,4,idle,339,0.0016669999999976426,0
1,4,idle,340,0.0018749999999272404,0
1,4,idle,341,0.0017499999999017746,0
1,4,idle,342,0.0017090000001189765,0
1,4,idle,343,0.0017080000000078144,0
1,4,idle,344,0.0021669999998721323,0
1,4,idle,345,0.0018749999999272404,0
1,4,idle,346,0.0016669999999976426,0
1,4,idle,347,0.0016669999999976426,0
1,4,idle,348,0.0016669999999976426,0
1,4,idle,349,0.0020419999998466665,0
1,4,idle,350,0.0015419999999721767,0
1,4,idle,351,0.006917000000157714,0
1,4,idle,352,0.0019999999999527063,0
1,4,idle,353,0.0017080000000078144,0
1,4,idle,354,0.002208000000109678,0
1,4,idle,355,0.0018330000000332802,0
1,4,idle,356,0.0017919999997957348,0
1,4,idle,357,0.0017090000001189765,0
1,4,idle,358,0.002334000000018932,0
1,4,idle,359,0.0016250000001036824,0
1,4,idle,360,0.002040999999962878,0
1,4,idle,361,0.0017500000001291482,0
1,4,idle,362,0.0016669999999976426,0
1,4,idle,363,0.0023330000001351436,0
1,4,idle,364,0.0016249999998763087,0
1,4,idle,365,0.00200000000018008,0
1,4,idle,366,0.0018749999999272404,0
1,4,idle,367,0.0016659999998864805,0
1,4,idle,368,0.0016669999999976426,0
1,4,idle,369,0.0017089999998916028,0
1,4,idle,370,0.0020839999999680003,0
1,4,idle,371,0.0017500000001291482,0
1,4,idle,372,0.0017080000000078144,0
1,4,idle,373,0.0017080000000078144,0
1,4,idle,374,0.0016250000001036824,0
1,4,idle,375,0.002040999999962878,0
1,4,idle,376,0.0016669999999976426,0
1,4,idle,377,0.0017499999999017746,0
1,4,idle,378,0.0017920000000231084,0
1,4,idle,379,0.002124999999978172,0
1,4,idle,380,0.0016669999999976426,0
1,4,idle,381,0.0020839999999680003,0
1,4,idle,382,0.0017089999998916028,0
1,4,idle,383,0.0016669999999976426,0
1,4,idle,384,0.0016659999998864805,0
1,4,idle,385,0.0015829999999823485,0
1,4,idle,386,0.002124999999978172,0
1,4,idle,387,0.0016659999998864805,0
1,4,idle,388,0.0017080000000078144,0
1,4,idle,389,0.0017080000000078144,0
1,4,idle,390,0.0018329999998059066,0
1,4,idle,391,0.00204200000007404,0
1,4,idle,392,0.0017089999998916028,0
1,4,idle,393,0.0017500000001291482,0
1,4,idle,394,0.002375000000029104,0
1,4,idle,395,0.0017499999999017746,0
1,4,idle,396,0.002290999999786436,0
1,4,idle,397,0.0017499999999017746,0
1,4,idle,398,0.0016659999998864805,0
1,4,idle,399,0.0017080000000078144,0
1,4,idle,400,0.0017500000001291482,0
1,4,idle,401,0.0016669999999976426,0
1,4,idle,402,0.0019579999998313724,0
1,4,idle,403,0.0015829999999823485,0
1,4,idle,404,0.002250000000003638,0
1,4,idle,405,0.0016669999999976426,0
1,4,idle,406,0.0017080000000078144,0
1,4,idle,407,0.0019170000000485743,0
1,4,idle,408,0.0016250000001036824,0
1,4,idle,409,0.0016669999999976426,0
1,4,idle,410,0.0015829999999823485,0
1,4,idle,411,0.0016250000001036824,0
1,4,idle,412,0.0020410000001902517,0
1,4,idle,413,0.002083000000084212,0
1,4,idle,414,0.0017499999999017746,0
1,4,idle,415,0.0020839999999680003,0
1,4,idle,416,0.002250000000003638,0
1,4,idle,417,0.0027079999999841675,0
1,4,idle,418,0.0016250000001036824,0
1,4,idle,419,0.0017920000000231084,0
1,4,idle,420,0.0016250000001036824,0
1,4,idle,421,0.0016249999998763087,0
1,4,idle,422,0.0017090000001189765,0
1,4,idle,423,0.0029170000000249274,0
1,4,idle,424,0.0017080000000078144,0
1,4,idle,425,0.0016250000001036824,0
1,4,idle,426,0.0016669999999976426,0
1,4,idle,427,0.002208999999993466,0
1,4,idle,428,0.002084000000195374,0
1,4,idle,429,0.0016670000002250163,0
1,4,idle,430,0.0017080000000078144,0
1,4,idle,431,0.0023330000001351436,0
1,4,idle,432,0.0017500000001291482,0
1,4,idle,433,0.002083000000084212,0
1,4,idle,434,0.0016250000001036824,0
1,4,idle,435,0.0015840000000935106,0
1,4,idle,436,0.0017089999998916028,0
1,4,idle,437,0.0016250000001036824,0
1,4,idle,438,0.0020829999998568383,0
1,4,idle,439,0.0017499999999017746,0
1,4,idle,440,0.0015829999999823485,0
1,4,idle,441,0.0017080000000078144,0
1,4,idle,442,0.0016250000001036824,0
1,4,idle,443,0.0017089999998916028,0
1,4,idle,444,0.00204200000007404,0
1,4,idle,445,0.0019159999999374122,0
1,4,idle,446,0.0017499999999017746,0
1,4,idle,447,0.0017080000000078144,0
1,4,idle,448,0.0015829999999823485,0
1,4,idle,449,0.0026669999999739957,0
1,4,idle,450,0.0016250000001036824,0
1,4,idle,451,0.001583999999866137,0
1,4,idle,452,0.0016249999998763087,0
1,4,idle,453,0.0015829999999823485,0
1,4,idle,454,0.0020839999999680003,0
1,4,idle,455,0.0017090000001189765,0
1,4,idle,456,0.0016249999998763087,0
1,4,idle,457,0.0017499999999017746,0
1,4,idle,458,0.0016669999999976426,0
1,4,idle,459,0.0016669999999976426,0
1,4,idle,460,0.002207999999882304,0
1,4,idle,461,0.0016659999998864805,0
1,4,idle,462,0.0015829999999823485,0
1,4,idle,463,0.0017080000000078144,0
1,4,idle,464,0.0017080000000078144,0
1,4,idle,465,0.001958000000058746,0
1,4,idle,466,0.0015419999999721767,0
1,4,idle,467,0.0015840000000935106,0
1,4,idle,468,0.0016669999999976426,0
1,4,idle,469,0.002292000000124972,0
1,4,idle,470,0.002165999999988344,0
1,4,idle,471,0.0016249999998763087,0
1,4,idle,472,0.0017499999999017746,0
1,4,idle,473,0.0015840000000935106,0
1,4,idle,474,0.0015829999999823485,0
1,4,idle,475,0.0024580000001606095,0
1,4,idle,476,0.0017500000001291482,0
1,4,idle,477,0.00204200000007404,0
1,4,idle,478,0.0016660000001138542,0
1,4,idle,479,0.0017920000000231084,0
1,4,idle,480,0.0017090000001189765,0
1,4,idle,481,0.002083000000084212,0
1,4,idle,482,0.0017499999999017746,0
1,4,idle,483,0.002375000000029104,0
1,4,idle,484,0.0017500000001291482,0
1,4,idle,485,0.0016660000001138542,0
1,4,idle,486,0.0019999999999527063,0
1,4,idle,487,0.002207999999882304,0
1,4,idle,488,0.0016249999998763087,0
1,4,idle,489,0.0016249999998763087,0
1,4,idle,490,0.001583999999866137,0
1,4,idle,491,0.0026669999999739957,0
1,4,idle,492,0.0017080000000078144,0
1,4,idle,493,0.0015840000000935106,0
1,4,idle,494,0.0017500000001291482,0
1,4,idle,495,0.0017080000000078144,0
1,4,idle,496,0.0019159999999374122,0
1,4,idle,497,0.0017499999999017746,0
1,4,idle,498,0.0017920000000231084,0
1,4,idle,499,0.0016659999998864805,0
1,4,idle,500,0.0017920000000231084,0
1,4,idle,501,0.0017090000001189765,0
1,4,idle,502,0.002291999999897598,0
1,4,idle,503,0.0017499999999017746,0
1,4,idle,504,0.0015840000000935106,0
1,4,idle,505,0.0017089999998916028,0
1,4,idle,506,0.002375000000029104,0
1,4,idle,507,0.002083000000084212,0
1,4,idle,508,0.0017080000000078144,0
1,4,idle,509,0.0017920000000231084,0
1,4,idle,510,0.001875000000154614,0
1,4,idle,511,0.0016250000001036824,0
1,4,idle,512,0.00204200000007404,0
1,4,idle,513,0.0016669999999976426,0
1,4,idle,514,0.0018749999999272404,0
1,4,idle,515,0.0016669999999976426,0
1,4,idle,516,0.0017499999999017746,0
1,4,idle,517,0.0020829999998568383,0
1,4,idle,518,0.0016250000001036824,0
1,4,idle,519,0.0016250000001036824,0
1,4,idle,520,0.0016250000001036824,0
1,4,idle,521,0.0017080000000078144,0
1,4,idle,522,0.0016669999999976426,0
1,4,idle,523,0.002124999999978172,0
1,4,idle,524,0.0017499999999017746,0
1,4,idle,525,0.0017080000000078144,0
1,4,idle,526,0.0017080000000078144,0
1,4,idle,527,0.0016659999998864805,0
1,4,idle,528,0.0019999999999527063,0
1,4,idle,529,0.0016250000001036824,0
1,4,idle,530,0.0016669999999976426,0
1,4,idle,531,0.0016669999999976426,0
1,4,idle,532,0.0016659999998864805,0
1,4,idle,533,0.0019999999999527063,0
1,4,idle,534,0.0016250000001036824,0
1,4,idle,535,0.001875000000154614,0
1,4,idle,536,0.00179100000013932,0
1,4,idle,537,0.00233299999990777,0
1,4,idle,538,0.00204200000007404,0
1,4,idle,539,0.0016669999999976426,0
1,4,idle,540,0.0017499999999017746,0
1,4,idle,541,0.0016669999999976426,0
1,4,idle,542,0.0017499999999017746,0
1,4,idle,543,0.0027919999999994616,0
1,4,idle,544,0.002124999999978172,0
1,4,idle,545,0.0017080000000078144,0
1,4,idle,546,0.0016249999998763087,0
1,4,idle,547,0.0017080000000078144,0
1,4,idle,548,0.0016660000001138542,0
1,4,idle,549,0.002040999999962878,0
1,4,idle,550,0.0017080000000078144,0
1,4,idle,551,0.0017499999999017746,0
1,4,idle,552,0.0016659999998864805,0
1,4,idle,553,0.0016669999999976426,0
1,4,idle,554,0.0019169999998212006,0
1,4,idle,555,0.0017080000000078144,0
1,4,idle,556,0.0016250000001036824,0
1,4,idle,557,0.0016250000001036824,0
1,4,idle,558,0.0018749999999272404,0
1,4,idle,559,0.0016250000001036824,0
1,4,idle,560,0.00204200000007404,0
1,4,idle,561,0.0016250000001036824,0
1,4,idle,562,0.0017499999999017746,0
1,4,idle,563,0.0017499999999017746,0
1,4,idle,564,0.0016249999998763087,0
1,4,idle,565,0.002040999999962878,0
1,4,idle,566,0.0016659999998864805,0
1,4,idle,567,0.0016249999998763087,0
1,4,idle,568,0.0016669999999976426,0
1,4,idle,569,0.0016250000001036824,0
1,4,idle,570,0.0020839999999680003,0
1,4,idle,571,0.002124999999978172,0
1,4,idle,572,0.0017909999999119464,0
1,4,idle,573,0.0016669999999976426,0
1,4,idle,574,0.0016250000001036824,0
1,4,idle,575,0.002083000000084212,0
1,4,idle,576,0.0015840000000935106,0
1,4,idle,577,0.0017920000000231084,0
1,4,idle,578,0.0016250000001036824,0
1,4,idle,579,0.0017499999999017746,0
1,4,idle,580,0.002292000000124972,0
1,4,idle,581,0.002250000000003638,0
1,4,idle,582,0.0017089999998916028,0
1,4,idle,583,0.0016250000001036824,0
1,4,idle,584,0.0017499999999017746,0
1,4,idle,585,0.0017500000001291482,0
1,4,idle,586,0.002083000000084212,0
1,4,idle,587,0.0016669999999976426,0
1,4,idle,588,0.0016249999998763087,0
1,4,idle,589,0.0018749999999272404,0
1,4,idle,590,0.0016669999999976426,0
1,4,idle,591,0.001959000000169908,0
1,4,idle,592,0.002124999999978172,0
1,4,idle,593,0.0017080000000078144,0
1,4,idle,594,0.0018749999999272404,0
1,4,idle,595,0.0017499999999017746,0
1,4,idle,596,0.0019999999999527063,0
1,4,idle,597,0.0017920000000231084,0
1,4,idle,598,0.0017080000000078144,0
1,4,idle,599,0.002207999999882304,0
1,4,idle,600,0.0016249999998763087,0
1,4,idle,601,0.0016660000001138542,0
1,4,idle,602,0.003375000000005457,0
1,4,idle,603,0.0026250000000800355,0
1,4,idle,604,0.0017079999997804407,0
1,4,idle,605,0.0018330000000332802,0
1,4,idle,606,0.0016250000001036824,0
1,4,idle,607,0.002165999999988344,0
1,4,idle,608,0.0016660000001138542,0
1,4,idle,609,0.0015829999999823485,0
1,4,idle,610,0.0016250000001036824,0
1,4,idle,611,0.0016250000001036824,0
1,4,idle,612,0.0019170000000485743,0
1,4,idle,613,0.00179100000013932,0
1,4,idle,614,0.0016250000001036824,0
1,4,idle,615,0.0017500000001291482,0
1,4,idle,616,0.0016669999999976426,0
1,4,idle,617,0.0025000000000545697,0
1,4,idle,618,0.0016669999999976426,0
1,4,idle,619,0.0017090000001189765,0
1,4,idle,620,0.0017089999998916028,0
1,4,idle,621,0.0016669999999976426,0
1,4,idle,622,0.0016249999998763087,0
1,4,idle,623,0.0019999999999527063,0
1,4,idle,624,0.0016660000001138542,0
1,4,idle,625,0.0016249999998763087,0
1,4,idle,626,0.0017920000000231084,0
1,4,idle,627,0.0017499999999017746,0
1,4,idle,628,0.002124999999978172,0
1,4,idle,629,0.0016250000001036824,0
1,4,idle,630,0.0017500000001291482,0
1,4,idle,631,0.0016249999998763087,0
1,4,idle,632,0.0015000000000782165,0
1,4,idle,633,0.0019999999999527063,0
1,4,idle,634,0.0016669999999976426,0
1,4,idle,635,0.0017499999999017746,0
1,4,idle,636,0.0016659999998864805,0
1,4,idle,637,0.0016669999999976426,0
1,4,idle,638,0.0021669999998721323,0
1,4,idle,639,0.0016659999998864805,0
1,4,idle,640,0.0017080000000078144,0
1,4,idle,641,0.0017080000000078144,0
1,4,idle,642,0.0016669999999976426,0
1,4,idle,643,0.0016669999999976426,0
1,4,idle,644,0.0019589999999425345,0
1,4,idle,645,0.0017090000001189765,0
1,4,idle,646,0.001583999999866137,0
1,4,idle,647,0.0017500000001291482,0
1,4,idle,648,0.0016250000001036824,0
1,4,idle,649,0.002165999999988344,0
1,4,idle,650,0.0016249999998763087,0
1,4,idle,651,0.0015419999999721767,0
1,4,idle,652,0.0016250000001036824,0
1,4,idle,653,0.0016669999999976426,0
1,4,idle,654,0.0020839999999680003,0
1,4,idle,655,0.0028750000001309672,0
1,4,idle,656,0.0018749999999272404,0
1,4,idle,657,0.0016659999998864805,0
1,4,idle,658,0.0016669999999976426,0
1,4,idle,659,0.0016669999999976426,0
1,4,idle,660,0.0020419999998466665,0
1,4,idle,661,0.002292000000124972,0
1,4,idle,662,0.002208000000109678,0
1,4,idle,663,0.0017080000000078144,0
1,4,idle,664,0.0016249999998763087,0
1,4,idle,665,0.0020829999998568383,0
1,4,idle,666,0.0017920000000231084,0
1,4,idle,667,0.0016669999999976426,0
1,4,idle,668,0.0018749999999272404,0
1,4,idle,669,0.0016660000001138542,0
1,4,idle,670,0.002040999999962878,0
1,4,idle,671,0.0016249999998763087,0
1,4,idle,672,0.001875000000154614,0
1,4,idle,673,0.0016250000001036824,0
1,4,idle,674,0.0016660000001138542,0
1,4,idle,675,0.002124999999978172,0
1,4,idle,676,0.0016659999998864805,0
1,4,idle,677,0.0015829999999823485,0
1,4,idle,678,0.002208999999993466,0
1,4,idle,679,0.0017499999999017746,0
1,4,idle,680,0.0017080000000078144,0
1,4,idle,681,0.002083000000084212,0
1,4,idle,682,0.0017909999999119464,0
1,4,idle,683,0.0016249999998763087,0
1,4,idle,684,0.0016249999998763087,0
1,4,idle,685,0.0015829999999823485,0
1,4,idle,686,0.0020410000001902517,0
1,4,idle,687,0.0017500000001291482,0
1,4,idle,688,0.0017080000000078144,0
1,4,idle,689,0.0018330000000332802,0
1,4,idle,690,0.0015829999999823485,0
1,4,idle,691,0.002040999999962878,0
1,4,idle,692,0.002083000000084212,0
1,4,idle,693,0.0016669999999976426,0
1,4,idle,694,0.0017089999998916028,0
1,4,idle,695,0.0016250000001036824,0
1,4,idle,696,0.0019579999998313724,0
1,4,idle,697,0.0017499999999017746,0
1,4,idle,698,0.0018749999999272404,0
1,4,idle,699,0.0015829999999823485,0
1,4,idle,700,0.0017089999998916028,0
1,4,idle,701,0.0017090000001189765,0
1,4,idle,702,0.002124999999978172,0
1,4,idle,703,0.0017499999999017746,0
1,4,idle,704,0.0016669999999976426,0
1,4,idle,705,0.0016669999999976426,0
1,4,idle,706,0.0017090000001189765,0
1,4,idle,707,0.002084000000195374,0
1,4,idle,708,0.0016249999998763087,0
1,4,idle,709,0.0018330000000332802,0
1,4,idle,710,0.0016669999999976426,0
1,4,idle,711,0.0017499999999017746,0
1,4,idle,712,0.002124999999978172,0
1,4,idle,713,0.0017500000001291482,0
1,4,idle,714,0.002124999999978172,0
1,4,idle,715,0.0016249999998763087,0
1,4,idle,716,0.0016669999999976426,0
1,4,idle,717,0.0019589999999425345,0
1,4,idle,718,0.0017089999998916028,0
1,4,idle,719,0.0017920000000231084,0
1,4,idle,720,0.0017909999999119464,0
1,4,idle,721,0.001875000000154614,0
1,4,idle,722,0.002083000000084212,0
1,4,idle,723,0.002791000000115673,0
1,4,idle,724,0.0017080000000078144,0
1,4,idle,725,0.0018330000000332802,0
1,4,idle,726,0.0017499999999017746,0
1,4,idle,727,0.0016249999998763087,0
1,4,idle,728,0.00204200000007404,0
1,4,idle,729,0.0020419999998466665,0
1,4,idle,730,0.0017909999999119464,0
1,4,idle,731,0.0018330000000332802,0
1,4,idle,732,0.0017080000000078144,0
1,4,idle,733,0.002250000000003638,0
1,4,idle,734,0.001583999999866137,0
1,4,idle,735,0.0017500000001291482,0
1,4,idle,736,0.002540999999837368,0
1,4,idle,737,0.0015410000000883883,0
1,4,idle,738,0.002167000000099506,0
1,4,idle,739,0.0017920000000231084,0
1,4,idle,740,0.0018749999999272404,0
1,4,idle,741,0.0017499999999017746,0
1,4,idle,742,0.0017080000000078144,0
1,4,idle,743,0.0018330000000332802,0
1,4,idle,744,0.0020829999998568383,0
1,4,idle,745,0.0017080000000078144,0
1,4,idle,746,0.0019159999999374122,0
1,4,idle,747,0.0016669999999976426,0
1,4,idle,748,0.0017089999998916028,0
1,4,idle,749,0.0020839999999680003,0
1,4,idle,750,0.001875000000154614,0
1,4,idle,751,0.0016250000001036824,0
1,4,idle,752,0.0024160000000392756,0
1,4,idle,753,0.0016250000001036824,0
1,4,idle,754,0.002125000000205546,0
1,4,idle,755,0.0016250000001036824,0
1,4,idle,756,0.0017080000000078144,0
1,4,idle,757,0.0017500000001291482,0
1,4,idle,758,0.0016249999998763087,0
1,4,idle,759,0.0016669999999976426,0
1,4,idle,760,0.0020839999999680003,0
1,4,idle,761,0.0018749999999272404,0
1,4,idle,762,0.0016249999998763087,0
1,4,idle,763,0.0016659999998864805,0
1,4,idle,764,0.0016669999999976426,0
1,4,idle,765,0.002124999999978172,0
1,4,idle,766,0.002457999999933236,0
1,4,idle,767,0.0016660000001138542,0
1,4,idle,768,0.0017080000000078144,0
1,4,idle,769,0.0017080000000078144,0
1,4,idle,770,0.002167000000099506,0
1,4,idle,771,0.0017089999998916028,0
1,4,idle,772,0.0015840000000935106,0
1,4,idle,773,0.0019170000000485743,0
1,4,idle,774,0.0016249999998763087,0
1,4,idle,775,0.00204200000007404,0
1,4,idle,776,0.0016249999998763087,0
1,4,idle,777,0.0016669999999976426,0
1,4,idle,778,0.0016669999999976426,0
1,4,idle,779,0.0017499999999017746,0
1,4,idle,780,0.0017500000001291482,0
1,4,idle,781,0.00204200000007404,0
1,4,idle,782,0.002291999999897598,0
1,4,idle,783,0.0017909999999119464,0
1,4,idle,784,0.0017080000000078144,0
1,4,idle,785,0.002040999999962878,0
1,4,idle,786,0.0019159999999374122,0
1,4,idle,787,0.0016669999999976426,0
1,4,idle,788,0.0018340000001444423,0
1,4,idle,789,0.0016669999999976426,0
1,4,idle,790,0.0017080000000078144,0
1,4,idle,791,0.002708999999867956,0
1,4,idle,792,0.0015829999999823485,0
1,4,idle,793,0.0017920000000231084,0
1,4,idle,794,0.0017089999998916028,0
1,4,idle,795,0.0016249999998763087,0
1,4,idle,796,0.002250000000003638,0
1,4,idle,797,0.0016669999999976426,0
1,4,idle,798,0.0016669999999976426,0
1,4,idle,799,0.0019159999999374122,0
1,4,idle,800,0.0016250000001036824,0
1,4,idle,801,0.0016660000001138542,0
1,4,idle,802,0.00200000000018008,0
1,4,idle,803,0.0016250000001036824,0
1,4,idle,804,0.002083000000084212,0
1,4,idle,805,0.0016669999999976426,0
1,4,idle,806,0.0016669999999976426,0
1,4,idle,807,0.002040999999962878,0
1,4,idle,808,0.0015409999998610147,0
1,4,idle,809,0.00179100000013932,0
1,4,idle,810,0.0017500000001291482,0
1,4,idle,811,0.0017499999999017746,0
1,4,idle,812,0.002208999999993466,0
1,4,idle,813,0.0017499999999017746,0
1,4,idle,814,0.0017499999999017746,0
1,4,idle,815,0.0017500000001291482,0
1,4,idle,816,0.0016250000001036824,0
1,4,idle,817,0.002167000000099506,0
1,4,idle,818,0.0016669999999976426,0
1,4,idle,819,0.0015830000002097222,0
1,4,idle,820,0.00204200000007404,0
1,4,idle,821,0.0016250000001036824,0
1,4,idle,822,0.0016669999999976426,0
1,4,idle,823,0.001958000000058746,0
1,4,idle,824,0.0017080000000078144,0
1,4,idle,825,0.0017499999999017746,0
1,4,idle,826,0.0020839999999680003,0
1,4,idle,827,0.0016669999999976426,0
1,4,idle,828,0.0020419999998466665,0
1,4,idle,829,0.0017499999999017746,0
1,4,idle,830,0.0017090000001189765,0
1,4,idle,831,0.0016249999998763087,0
1,4,idle,832,0.0017080000000078144,0
1,4,idle,833,0.00204200000007404,0
1,4,idle,834,0.0017089999998916028,0
1,4,idle,835,0.0016250000001036824,0
1,4,idle,836,0.0016669999999976426,0
1,4,idle,837,0.0016250000001036824,0
1,4,idle,838,0.002124999999978172,0
1,4,idle,839,0.0017499999999017746,0
1,4,idle,840,0.0019170000000485743,0
1,4,idle,841,0.002165999999988344,0
1,4,idle,842,0.002457999999933236,0
1,4,idle,843,0.0016249999998763087,0
1,4,idle,844,0.0023339999997915584,0
1,4,idle,845,0.0016669999999976426,0
1,4,idle,846,0.0017499999999017746,0
1,4,idle,847,0.0024170000001504377,0
1,4,idle,848,0.0016250000001036824,0
1,4,idle,849,0.002083000000084212,0
1,4,idle,850,0.0016669999999976426,0
1,4,idle,851,0.0016669999999976426,0
1,4,idle,852,0.0017089999998916028,0
1,4,idle,853,0.002459000000044398,0
1,4,idle,854,0.0020839999999680003,0
1,4,idle,855,0.0017089999998916028,0
1,4,idle,856,0.0018330000000332802,0
1,4,idle,857,0.0017499999999017746,0
1,4,idle,858,0.0018749999999272404,0
1,4,idle,859,0.0016669999999976426,0
1,4,idle,860,0.002165999999988344,0
1,4,idle,861,0.0017920000000231084,0
1,4,idle,862,0.0016669999999976426,0
1,4,idle,863,0.0016250000001036824,0
1,4,idle,864,0.0016659999998864805,0
1,4,idle,865,0.001958000000058746,0
1,4,idle,866,0.0017499999999017746,0
1,4,idle,867,0.0016250000001036824,0
1,4,idle,868,0.0017090000001189765,0
1,4,idle,869,0.0016249999998763087,0
1,4,idle,870,0.0021669999998721323,0
1,4,idle,871,0.0015829999999823485,0
1,4,idle,872,0.0015829999999823485,0
1,4,idle,873,0.0017500000001291482,0
1,4,idle,874,0.0016250000001036824,0
1,4,idle,875,0.0019170000000485743,0
1,4,idle,876,0.0016669999999976426,0
1,4,idle,877,0.0018749999999272404,0
1,4,idle,878,0.002459000000044398,0
1,4,idle,879,0.002208999999993466,0
1,4,idle,880,0.0017500000001291482,0
1,4,idle,881,0.0020839999999680003,0
1,4,idle,882,0.0016669999999976426,0
1,4,idle,883,0.0018330000000332802,0
1,4,idle,884,0.0017080000000078144,0
1,4,idle,885,0.0017499999999017746,0
1,4,idle,886,0.0020839999999680003,0
1,4,idle,887,0.0019169999998212006,0
1,4,idle,888,0.0015840000000935106,0
1,4,idle,889,0.0017500000001291482,0
1,4,idle,890,0.0017500000001291482,0
1,4,idle,891,0.002208999999993466,0
1,4,idle,892,0.0017089999998916028,0
1,4,idle,893,0.0017500000001291482,0
1,4,idle,894,0.0017080000000078144,0
1,4,idle,895,0.0016659999998864805,0
1,4,idle,896,0.0019579999998313724,0
1,4,idle,897,0.0016669999999976426,0
1,4,idle,898,0.0016669999999976426,0
1,4,idle,899,0.0016660000001138542,0
1,4,idle,900,0.001875000000154614,0
1,4,idle,901,0.002375000000029104,0
1,4,idle,902,0.002291999999897598,0
1,4,idle,903,0.0015829999999823485,0
1,4,idle,904,0.0024160000000392756,0
1,4,idle,905,0.0016669999999976426,0
1,4,idle,906,0.0016249999998763087,0
1,4,idle,907,0.0018749999999272404,0
1,4,idle,908,0.0016250000001036824,0
1,4,idle,909,0.002165999999988344,0
1,4,idle,910,0.0015829999999823485,0
1,4,idle,911,0.0016669999999976426,0
1,4,idle,912,0.0020839999999680003,0
1,4,idle,913,0.0016249999998763087,0
1,4,idle,914,0.0016249999998763087,0
1,4,idle,915,0.002040999999962878,0
1,4,idle,916,0.0017499999999017746,0
1,4,idle,917,0.0020410000001902517,0
1,4,idle,918,0.002124999999978172,0
1,4,idle,919,0.0018749999999272404,0
1,4,idle,920,0.0016250000001036824,0
1,4,idle,921,0.0017500000001291482,0
1,4,idle,922,0.0016669999999976426,0
1,4,idle,923,0.002250000000003638,0
1,4,idle,924,0.0017080000000078144,0
1,4,idle,925,0.001583999999866137,0
1,4,idle,926,0.0016250000001036824,0
1,4,idle,927,0.0017080000000078144,0
1,4,idle,928,0.0019579999998313724,0
1,4,idle,929,0.002207999999882304,0
1,4,idle,930,0.0016669999999976426,0
1,4,idle,931,0.0017500000001291482,0
1,4,idle,932,0.0016250000001036824,0
1,4,idle,933,0.0019999999999527063,0
1,4,idle,934,0.0017080000000078144,0
1,4,idle,935,0.0016660000001138542,0
1,4,idle,936,0.0016669999999976426,0
1,4,idle,937,0.0016669999999976426,0
1,4,idle,938,0.002207999999882304,0
1,4,idle,939,0.0016669999999976426,0
1,4,idle,940,0.0017080000000078144,0
1,4,idle,941,0.0016660000001138542,0
1,4,idle,942,0.0017080000000078144,0
1,4,idle,943,0.0016249999998763087,0
1,4,idle,944,0.0019589999999425345,0
1,4,idle,945,0.0017089999998916028,0
1,4,idle,946,0.0017920000000231084,0
1,4,idle,947,0.0016659999998864805,0
1,4,idle,948,0.0016250000001036824,0
1,4,idle,949,0.0020839999999680003,0
1,4,idle,950,0.0016669999999976426,0
1,4,idle,951,0.00179100000013932,0
1,4,idle,952,0.002124999999978172,0
1,4,idle,953,0.001583999999866137,0
1,4,idle,954,0.0020419999998466665,0
1,4,idle,955,0.0016249999998763087,0
1,4,idle,956,0.0016659999998864805,0
1,4,idle,957,0.0017920000000231084,0
1,4,idle,958,0.0016669999999976426,0
1,4,idle,959,0.0016250000001036824,0
1,4,idle,960,0.0019589999999425345,0
1,4,idle,961,0.0016249999998763087,0
1,4,idle,962,0.0015409999998610147,0
1,4,idle,963,0.0016660000001138542,0
1,4,idle,964,0.0016249999998763087,0
1,4,idle,965,0.002207999999882304,0
1,4,idle,966,0.0017920000000231084,0
1,4,idle,967,0.0016669999999976426,0
1,4,idle,968,0.0016660000001138542,0
1,4,idle,969,0.0016660000001138542,0
1,4,idle,970,0.00204200000007404,0
1,4,idle,971,0.002250000000003638,0
1,4,idle,972,0.0017080000000078144,0
1,4,idle,973,0.0016660000001138542,0
1,4,idle,974,0.0017080000000078144,0
1,4,idle,975,0.002040999999962878,0
1,4,idle,976,0.0016669999999976426,0
1,4,idle,977,0.0016250000001036824,0
1,4,idle,978,0.0016669999999976426,0
1,4,idle,979,0.0017080000000078144,0
1,4,idle,980,0.0016660000001138542,0
1,4,idle,981,0.002124999999978172,0
1,4,idle,982,0.0017920000000231084,0
1,4,idle,983,0.0017499999999017746,0
1,4,idle,984,0.0017920000000231084,0
1,4,idle,985,0.0016659999998864805,0
1,4,idle,986,0.002207999999882304,0
1,4,idle,987,0.0016669999999976426,0
1,4,idle,988,0.002208999999993466,0
1,4,idle,989,0.0016669999999976426,0
1,4,idle,990,0.002208999999993466,0
1,4,idle,991,0.0019999999999527063,0
1,4,idle,992,0.0016250000001036824,0
1,4,idle,993,0.0016250000001036824,0
1,4,idle,994,0.0017500000001291482,0
1,4,idle,995,0.0016249999998763087,0
1,4,idle,996,0.0019579999998313724,0
1,4,idle,997,0.0016249999998763087,0
1,4,idle,998,0.0017499999999017746,0
1,4,idle,999,0.0015829999999823485,0
1,4,event,0,0.024040999999897394,4
1,4,event,1,0.002916000000141139,0
1,4,event,2,0.002499999999827196,0
1,4,event,3,0.0017080000000078144,0
1,4,event,4,0.0031249999999545253,0
1,4,event,5,0.0017499999999017746,0
1,4,event,6,0.0016669999999976426,0
1,4,event,7,0.002375000000029104,0
1,4,event,8,0.0017080000000078144,0
1,4,event,9,0.0018749999999272404,0
1,4,event,10,0.0016250000001036824,0
1,4,event,11,0.0015829999999823485,0
1,4,event,12,0.0016669999999976426,0
1,4,event,13,0.0020419999998466665,0
1,4,event,14,0.0017909999999119464,0
1,4,event,15,0.0017499999999017746,0
1,4,event,16,0.0017080000000078144,0
1,4,event,17,0.0017089999998916028,0
1,4,event,18,0.0021669999998721323,0
1,4,event,19,0.0017080000000078144,0
1,4,event,20,0.0016669999999976426,0
1,4,event,21,0.0017090000001189765,0
1,4,event,22,0.0016249999998763087,0
1,4,event,23,0.0021669999998721323,0
1,4,event,24,0.0019589999999425345,0
1,4,event,25,0.0017090000001189765,0
1,4,event,26,0.0017499999999017746,0
1,4,event,27,0.0017080000000078144,0
1,4,event,28,0.002292000000124972,0
1,4,event,29,0.0015829999999823485,0
1,4,event,30,0.0016250000001036824,0
1,4,event,31,0.0016659999998864805,0
1,4,event,32,0.0016659999998864805,0
1,4,event,33,0.0016250000001036824,0
1,4,event,34,0.0025840000000698637,0
1,4,event,35,0.0018749999999272404,0
1,4,event,36,0.0023330000001351436,0
1,4,event,37,0.0017080000000078144,0
1,4,event,38,0.0016250000001036824,0
1,4,event,39,0.002124999999978172,0
1,4,event,40,0.0016249999998763087,0
1,4,event,41,0.0017090000001189765,0
1,4,event,42,0.0015829999999823485,0
1,4,event,43,0.0016249999998763087,0
1,4,event,44,0.0020829999998568383,0
1,4,event,45,0.0016669999999976426,0
1,4,event,46,0.0016660000001138542,0
1,4,event,47,0.0017499999999017746,0
1,4,event,48,0.0016669999999976426,0
1,4,event,49,0.00204200000007404,0
1,4,event,50,0.0024160000000392756,0
1,4,event,51,0.0017080000000078144,0
1,4,event,52,0.0016669999999976426,0
1,4,event,53,0.0017500000001291482,0
1,4,event,54,0.002207999999882304,0
1,4,event,55,0.002040999999962878,0
1,4,event,56,0.0016669999999976426,0
1,4,event,57,0.0016250000001036824,0
1,4,event,58,0.0017080000000078144,0
1,4,event,59,0.0016669999999976426,0
1,4,event,60,0.02279199999998127,4
1,4,event,61,0.0028330000000096334,0
1,4,event,62,0.00179100000013932,0
1,4,event,63,0.0027500000001055014,0
1,4,event,64,0.0017080000000078144,0
1,4,event,65,0.0017499999999017746,0
1,4,event,66,0.0017500000001291482,0
1,4,event,67,0.0016659999998864805,0
1,4,event,68,0.003083000000060565,0
1,4,event,69,0.0016669999999976426,0
1,4,event,70,0.0016669999999976426,0
1,4,event,71,0.0017090000001189765,0
1,4,event,72,0.0016249999998763087,0
1,4,event,73,0.0017080000000078144,0
1,4,event,74,0.0027500000001055014,0
1,4,event,75,0.0016669999999976426,0
1,4,event,76,0.0016249999998763087,0
1,4,event,77,0.001583999999866137,0
1,4,event,78,0.0017090000001189765,0
1,4,event,79,0.0020839999999680003,0
1,4,event,80,0.0017089999998916028,0
1,4,event,81,0.0017499999999017746,0
1,4,event,82,0.0017909999999119464,0
1,4,event,83,0.0016669999999976426,0
1,4,event,84,0.002083000000084212,0
1,4,event,85,0.0016249999998763087,0
1,4,event,86,0.0019589999999425345,0
1,4,event,87,0.0017920000000231084,0
1,4,event,88,0.0017909999999119464,0
1,4,event,89,0.00204200000007404,0
1,4,event,90,0.0016249999998763087,0
1,4,event,91,0.0016670000002250163,0
1,4,event,92,0.0016249999998763087,0
1,4,event,93,0.0016669999999976426,0
1,4,event,94,0.0017499999999017746,0
1,4,event,95,0.002124999999978172,0
1,4,event,96,0.0017500000001291482,0
1,4,event,97,0.0016659999998864805,0
1,4,event,98,0.0017499999999017746,0
1,4,event,99,0.0017080000000078144,0
1,4,event,100,0.002083000000084212,0
1,4,event,101,0.0015840000000935106,0
1,4,event,102,0.0026669999999739957,0
1,4,event,103,0.0017919999997957348,0
1,4,event,104,0.0016669999999976426,0
1,4,event,105,0.002165999999988344,0
1,4,event,106,0.0017080000000078144,0
1,4,event,107,0.0016669999999976426,0
1,4,event,108,0.005791999999928521,0
1,4,event,109,0.0019159999999374122,0
1,4,event,110,0.002250000000003638,0
1,4,event,111,0.002459000000044398,0
1,4,event,112,0.0017919999997957348,0
1,4,event,113,0.0015829999999823485,0
1,4,event,114,0.0018340000001444423,0
1,4,event,115,0.002208999999993466,0
1,4,event,116,0.0019999999999527063,0
1,4,event,117,0.0016669999999976426,0
1,4,event,118,0.0017500000001291482,0
1,4,event,119,0.0017920000000231084,0
1,4,event,120,0.022584000000051674,4
1,4,event,121,0.0021669999998721323,0
1,4,event,122,0.0016669999999976426,0
1,4,event,123,0.0017090000001189765,0
1,4,event,124,0.002124999999978172,0
1,4,event,125,0.0019169999998212006,0
1,4,event,126,0.0019999999999527063,0
1,4,event,127,0.0017919999997957348,0
1,4,event,128,0.0017090000001189765,0
1,4,event,129,0.002334000000018932,0
1,4,event,130,0.0017089999998916028,0
1,4,event,131,0.0017500000001291482,0
1,4,event,132,0.0015830000002097222,0
1,4,event,133,0.0016250000001036824,0
1,4,event,134,0.0016249999998763087,0
1,4,event,135,0.0021669999998721323,0
1,4,event,136,0.0018749999999272404,0
1,4,event,137,0.0017499999999017746,0
1,4,event,138,0.0017909999999119464,0
1,4,event,139,0.0016669999999976426,0
1,4,event,140,0.0019999999999527063,0
1,4,event,141,0.0015829999999823485,0
1,4,event,142,0.0016249999998763087,0
1,4,event,143,0.0018330000000332802,0
1,4,event,144,0.0017080000000078144,0
1,4,event,145,0.002207999999882304,0
1,4,event,146,0.0017499999999017746,0
1,4,event,147,0.001583999999866137,0
1,4,event,148,0.0025000000000545697,0
1,4,event,149,0.0017090000001189765,0
1,4,event,150,0.002124999999978172,0
1,4,event,151,0.0019999999999527063,0
1,4,event,152,0.0017080000000078144,0
1,4,event,153,0.0015829999999823485,0
1,4,event,154,0.0017499999999017746,0
1,4,event,155,0.0017080000000078144,0
1,4,event,156,0.002167000000099506,0
1,4,event,157,0.0017499999999017746,0
1,4,event,158,0.0017080000000078144,0
1,4,event,159,0.0017920000000231084,0
1,4,event,160,0.0016250000001036824,0
1,4,event,161,0.002124999999978172,0
1,4,event,162,0.001583999999866137,0
1,4,event,163,0.0018340000001444423,0
1,4,event,164,0.0015829999999823485,0
1,4,event,165,0.0016250000001036824,0
1,4,event,166,0.0020839999999680003,0
1,4,event,167,0.0016669999999976426,0
1,4,event,168,0.0017080000000078144,0
1,4,event,169,0.0017909999999119464,0
1,4,event,170,0.0015829999999823485,0
1,4,event,171,0.002083000000084212,0
1,4,event,172,0.0018330000000332802,0
1,4,event,173,0.002124999999978172,0
1,4,event,174,0.0016249999998763087,0
1,4,event,175,0.0016669999999976426,0
1,4,event,176,0.0020839999999680003,0
1,4,event,177,0.002124999999978172,0
1,4,event,178,0.0018330000000332802,0
1,4,event,179,0.0016669999999976426,0
1,4,event,180,0.02208399999994981,4
1,4,event,181,0.002250000000003638,0
1,4,event,182,0.0017500000001291482,0
1,4,event,183,0.0017500000001291482,0
1,4,event,184,0.0017080000000078144,0
1,4,event,185,0.0027079999999841675,0
1,4,event,186,0.0017500000001291482,0
1,4,event,187,0.0019999999999527063,0
1,4,event,188,0.0017920000000231084,0
1,4,event,189,0.0017909999999119464,0
1,4,event,190,0.002292000000124972,0
1,4,event,191,0.0016249999998763087,0
1,4,event,192,0.0017080000000078144,0
1,4,event,193,0.0016249999998763087,0
1,4,event,194,0.0016250000001036824,0
1,4,event,195,0.0016669999999976426,0
1,4,event,196,0.002124999999978172,0
1,4,event,197,0.0016660000001138542,0
1,4,event,198,0.0016669999999976426,0
1,4,event,199,0.0017920000000231084,0
1,4,event,200,0.0017090000001189765,0
1,4,event,201,0.0021669999998721323,0
1,4,event,202,0.0016659999998864805,0
1,4,event,203,0.0016249999998763087,0
1,4,event,204,0.0017499999999017746,0
1,4,event,205,0.0017090000001189765,0
1,4,event,206,0.00254199999994853,0
1,4,event,207,0.0017920000000231084,0
1,4,event,208,0.002165999999988344,0
1,4,event,209,0.0017920000000231084,0
1,4,event,210,0.0017090000001189765,0
1,4,event,211,0.0021669999998721323,0
1,4,event,212,0.0016249999998763087,0
1,4,event,213,0.0017499999999017746,0
1,4,event,214,0.0016250000001036824,0
1,4,event,215,0.0017089999998916028,0
1,4,event,216,0.0017920000000231084,0
1,4,event,217,0.0020419999998466665,0
1,4,event,218,0.001958000000058746,0
1,4,event,219,0.0017080000000078144,0
1,4,event,220,0.0017500000001291482,0
1,4,event,221,0.0016669999999976426,0
1,4,event,222,0.002208000000109678,0
1,4,event,223,0.002250000000003638,0
1,4,event,224,0.0018340000001444423,0
1,4,event,225,0.0016669999999976426,0
1,4,event,226,0.0016660000001138542,0
1,4,event,227,0.0020410000001902517,0
1,4,event,228,0.0017920000000231084,0
1,4,event,229,0.0017499999999017746,0
1,4,event,230,0.0015829999999823485,0
1,4,event,231,0.0017089999998916028,0
1,4,event,232,0.0016669999999976426,0
1,4,event,233,0.0020839999999680003,0
1,4,event,234,0.0016669999999976426,0
1,4,event,235,0.0016669999999976426,0
1,4,event,236,0.0016669999999976426,0
1,4,event,237,0.002250000000003638,0
1,4,event,238,0.0020829999998568383,0
1,4,event,239,0.0016249999998763087,0
1,4,event,240,0.022624999999834472,4
1,4,event,241,0.0030420000000503933,0
1,4,event,242,0.0016659999998864805,0
1,4,event,243,0.0017080000000078144,0
1,4,event,244,0.0018330000000332802,0
1,4,event,245,0.0017920000000231084,0
1,4,event,246,0.002250000000003638,0
1,4,event,247,0.0017080000000078144,0
1,4,event,248,0.0017920000000231084,0
1,4,event,249,0.002208000000109678,0
1,4,event,250,0.0017080000000078144,0
1,4,event,251,0.00233299999990777,0
1,4,event,252,0.0016250000001036824,0
1,4,event,253,0.0017090000001189765,0
1,4,event,254,0.0016669999999976426,0
1,4,event,255,0.0027090000000953296,0
1,4,event,256,0.0017499999999017746,0
1,4,event,257,0.0020419999998466665,0
1,4,event,258,0.0016669999999976426,0
1,4,event,259,0.0016249999998763087,0
1,4,event,260,0.00204200000007404,0
1,4,event,261,0.002459000000044398,0
1,4,event,262,0.0020839999999680003,0
1,4,event,263,0.0017090000001189765,0
1,4,event,264,0.0019170000000485743,0
1,4,event,265,0.0016660000001138542,0
1,4,event,266,0.0016669999999976426,0
1,4,event,267,0.0019589999999425345,0
1,4,event,268,0.0017920000000231084,0
1,4,event,269,0.0017080000000078144,0
1,4,event,270,0.0017080000000078144,0
1,4,event,271,0.0018330000000332802,0
1,4,event,272,0.0016669999999976426,0
1,4,event,273,0.002250000000003638,0
1,4,event,274,0.0016669999999976426,0
1,4,event,275,0.0017089999998916028,0
1,4,event,276,0.0016249999998763087,0
1,4,event,277,0.0016660000001138542,0
1,4,event,278,0.001958000000058746,0
1,4,event,279,0.0017080000000078144,0
1,4,event,280,0.0016669999999976426,0
1,4,event,281,0.0016669999999976426,0
1,4,event,282,0.0017500000001291482,0
1,4,event,283,0.002250000000003638,0
1,4,event,284,0.002124999999978172,0
1,4,event,285,0.0016249999998763087,0
1,4,event,286,0.0015840000000935106,0
1,4,event,287,0.0015829999999823485,0
1,4,event,288,0.0018749999999272404,0
1,4,event,289,0.0016659999998864805,0
1,4,event,290,0.0018330000000332802,0
1,4,event,291,0.0016660000001138542,0
1,4,event,292,0.0017920000000231084,0
1,4,event,293,0.0016250000001036824,0
1,4,event,294,0.002083000000084212,0
1,4,event,295,0.0017080000000078144,0
1,4,event,296,0.0020839999999680003,0
1,4,event,297,0.002208999999993466,0
1,4,event,298,0.002124999999978172,0
1,4,event,299,0.002083000000084212,0
1,4,event,300,0.019666999999799373,4
1,4,event,301,0.002124999999978172,0
1,4,event,302,0.002375000000029104,0
1,4,event,303,0.002375000000029104,0
1,4,event,304,0.0017499999999017746,0
1,4,event,305,0.0016669999999976426,0
1,4,event,306,0.0016250000001036824,0
1,4,event,307,0.002167000000099506,0
1,4,event,308,0.0017089999998916028,0
1,4,event,309,0.0018340000001444423,0
1,4,event,310,0.0017089999998916028,0
1,4,event,311,0.0017090000001189765,0
1,4,event,312,0.002208999999993466,0
1,4,event,313,0.0016249999998763087,0
1,4,event,314,0.00237499999980173,0
1,4,event,315,0.0016669999999976426,0
1,4,event,316,0.0017500000001291482,0
1,4,event,317,0.0017089999998916028,0
1,4,event,318,0.002208999999993466,0
1,4,event,319,0.0017090000001189765,0
1,4,event,320,0.0015419999999721767,0
1,4,event,321,0.0016250000001036824,0
1,4,event,322,0.0017080000000078144,0
1,4,event,323,0.0020829999998568383,0
1,4,event,324,0.0019579999998313724,0
1,4,event,325,0.0015829999999823485,0
1,4,event,326,0.0017499999999017746,0
1,4,event,327,0.0017500000001291482,0
1,4,event,328,0.0019999999999527063,0
1,4,event,329,0.0017499999999017746,0
1,4,event,330,0.0015419999999721767,0
1,4,event,331,0.001583999999866137,0
1,4,event,332,0.0018340000001444423,0
1,4,event,333,0.0016669999999976426,0
1,4,event,334,0.0027500000001055014,0
1,4,event,335,0.0016669999999976426,0
1,4,event,336,0.0016660000001138542,0
1,4,event,337,0.0017080000000078144,0
1,4,event,338,0.0015830000002097222,0
1,4,event,339,0.00204200000007404,0
1,4,event,340,0.0017920000000231084,0
1,4,event,341,0.0018749999999272404,0
1,4,event,342,0.0018330000000332802,0
1,4,event,343,0.0016669999999976426,0
1,4,event,344,0.002124999999978172,0
1,4,event,345,0.0017080000000078144,0
1,4,event,346,0.0016250000001036824,0
1,4,event,347,0.0016660000001138542,0
1,4,event,348,0.0017080000000078144,0
1,4,event,349,0.002125000000205546,0
1,4,event,350,0.002165999999988344,0
1,4,event,351,0.0016249999998763087,0
1,4,event,352,0.0015840000000935106,0
1,4,event,353,0.0017499999999017746,0
1,4,event,354,0.0017080000000078144,0
1,4,event,355,0.002083000000084212,0
1,4,event,356,0.0017080000000078144,0
1,4,event,357,0.0015829999999823485,0
1,4,event,358,0.0016659999998864805,0
1,4,event,359,0.002250000000003638,0
1,4,event,360,0.020416999999952168,4
1,4,event,361,0.002375000000029104,0
1,4,event,362,0.0016669999999976426,0
1,4,event,363,0.002291999999897598,0
1,4,event,364,0.0016669999999976426,0
1,4,event,365,0.0018330000000332802,0
1,4,event,366,0.0016669999999976426,0
1,4,event,367,0.002291999999897598,0
1,4,event,368,0.0019589999999425345,0
1,4,event,369,0.0016669999999976426,0
1,4,event,370,0.0017499999999017746,0
1,4,event,371,0.002208999999993466,0
1,4,event,372,0.0016669999999976426,0
1,4,event,373,0.0017909999999119464,0
1,4,event,374,0.0020829999998568383,0
1,4,event,375,0.0017499999999017746,0
1,4,event,376,0.0016659999998864805,0
1,4,event,377,0.0017500000001291482,0
1,4,event,378,0.0016250000001036824,0
1,4,event,379,0.00200000000018008,0
1,4,event,380,0.0017909999999119464,0
1,4,event,381,0.0017499999999017746,0
1,4,event,382,0.001583999999866137,0
1,4,event,383,0.0017090000001189765,0
1,4,event,384,0.0020839999999680003,0
1,4,event,385,0.0016669999999976426,0
1,4,event,386,0.0017090000001189765,0
1,4,event,387,0.0016249999998763087,0
1,4,event,388,0.0017499999999017746,0
1,4,event,389,0.0019159999999374122,0
1,4,event,390,0.0016659999998864805,0
1,4,event,391,0.00179100000013932,0
1,4,event,392,0.0017499999999017746,0
1,4,event,393,0.0017920000000231084,0
1,4,event,394,0.0017090000001189765,0
1,4,event,395,0.002124999999978172,0
1,4,event,396,0.002040999999962878,0
1,4,event,397,0.0016250000001036824,0
1,4,event,398,0.002124999999978172,0
1,4,event,399,0.0017080000000078144,0
1,4,event,400,0.0020829999998568383,0
1,4,event,401,0.0018749999999272404,0
1,4,event,402,0.0017500000001291482,0
1,4,event,403,0.0016250000001036824,0
1,4,event,404,0.0015840000000935106,0
1,4,event,405,0.0019999999999527063,0
1,4,event,406,0.001583999999866137,0
1,4,event,407,0.0018749999999272404,0
1,4,event,408,0.0016660000001138542,0
1,4,event,409,0.002167000000099506,0
1,4,event,410,0.00204200000007404,0
1,4,event,411,0.0016250000001036824,0
1,4,event,412,0.0016250000001036824,0
1,4,event,413,0.0016669999999976426,0
1,4,event,414,0.001875000000154614,0
1,4,event,415,0.0016249999998763087,0
1,4,event,416,0.0019999999999527063,0
1,4,event,417,0.0017500000001291482,0
1,4,event,418,0.0017920000000231084,0
1,4,event,419,0.00179100000013932,0
1,4,event,420,0.026542000000063126,4
1,4,event,421,0.002250000000003638,0
1,4,event,422,0.0017089999998916028,0
1,4,event,423,0.0017080000000078144,0
1,4,event,424,0.00233299999990777,0
1,4,event,425,0.0016669999999976426,0
1,4,event,426,0.0017089999998916028,0
1,4,event,427,0.0018340000001444423,0
1,4,event,428,0.0017080000000078144,0
1,4,event,429,0.001958000000058746,0
1,4,event,430,0.0016669999999976426,0
1,4,event,431,0.0018339999999170686,0
1,4,event,432,0.0016669999999976426,0
1,4,event,433,0.0016669999999976426,0
1,4,event,434,0.0019159999999374122,0
1,4,event,435,0.002124999999978172,0
1,4,event,436,0.0026660000000902073,0
1,4,event,437,0.0016250000001036824,0
1,4,event,438,0.0016250000001036824,0
1,4,event,439,0.0016669999999976426,0
1,4,event,440,0.00204200000007404,0
1,4,event,441,0.0016250000001036824,0
1,4,event,442,0.002083000000084212,0
1,4,event,443,0.0016250000001036824,0
1,4,event,444,0.0017090000001189765,0
1,4,event,445,0.002208999999993466,0
1,4,event,446,0.002457999999933236,0
1,4,event,447,0.0017080000000078144,0
1,4,event,448,0.0018330000000332802,0
1,4,event,449,0.0016660000001138542,0
1,4,event,450,0.002083000000084212,0
1,4,event,451,0.0016250000001036824,0
1,4,event,452,0.0018340000001444423,0
1,4,event,453,0.0016250000001036824,0
1,4,event,454,0.00200000000018008,0
1,4,event,455,0.001958000000058746,0
1,4,event,456,0.002124999999978172,0
1,4,event,457,0.0017080000000078144,0
1,4,event,458,0.0016659999998864805,0
1,4,event,459,0.0016249999998763087,0
1,4,event,460,0.0017080000000078144,0
1,4,event,461,0.002040999999962878,0
1,4,event,462,0.0016250000001036824,0
1,4,event,463,0.0017080000000078144,0
1,4,event,464,0.0016250000001036824,0
1,4,event,465,0.0015829999999823485,0
1,4,event,466,0.0019579999998313724,0
1,4,event,467,0.0016669999999976426,0
1,4,event,468,0.0016669999999976426,0
1,4,event,469,0.0016660000001138542,0
1,4,event,470,0.0017080000000078144,0
1,4,event,471,0.0019579999998313724,0
1,4,event,472,0.0017499999999017746,0
1,4,event,473,0.00254199999994853,0
1,4,event,474,0.0016660000001138542,0
1,4,event,475,0.0017920000000231084,0
1,4,event,476,0.0015840000000935106,0
1,4,event,477,0.002250000000003638,0
1,4,event,478,0.0017499999999017746,0
1,4,event,479,0.0016249999998763087,0
1,4,event,480,0.02095899999994799,4
1,4,event,481,0.002292000000124972,0
1,4,event,482,0.0017500000001291482,0
1,4,event,483,0.004958999999871594,0
1,4,event,484,0.0018749999999272404,0
1,4,event,485,0.002250000000003638,0
1,4,event,486,0.0018340000001444423,0
1,4,event,487,0.0017499999999017746,0
1,4,event,488,0.0016659999998864805,0
1,4,event,489,0.0016669999999976426,0
1,4,event,490,0.001958000000058746,0
1,4,event,491,0.0017080000000078144,0
1,4,event,492,0.0019999999999527063,0
1,4,event,493,0.002207999999882304,0
1,4,event,494,0.0016669999999976426,0
1,4,event,495,0.0018339999999170686,0
1,4,event,496,0.002124999999978172,0
1,4,event,497,0.0016669999999976426,0
1,4,event,498,0.0017089999998916028,0
1,4,event,499,0.0018340000001444423,0
1,4,event,500,0.0017089999998916028,0
1,4,event,501,0.002208999999993466,0
1,4,event,502,0.0024170000001504377,0
1,4,event,503,0.0017089999998916028,0
1,4,event,504,0.0016250000001036824,0
1,4,event,505,0.0016669999999976426,0
1,4,event,506,0.0030420000000503933,0
1,4,event,507,0.0017500000001291482,0
1,4,event,508,0.0020419999998466665,0
1,4,event,509,0.0017089999998916028,0
1,4,event,510,0.0016249999998763087,0
1,4,event,511,0.002165999999988344,0
1,4,event,512,0.0017080000000078144,0
1,4,event,513,0.0017080000000078144,0
1,4,event,514,0.0017909999999119464,0
1,4,event,515,0.0018330000000332802,0
1,4,event,516,0.0017080000000078144,0
1,4,event,517,0.002207999999882304,0
1,4,event,518,0.0019169999998212006,0
1,4,event,519,0.0016249999998763087,0
1,4,event,520,0.002207999999882304,0
1,4,event,521,0.0017499999999017746,0
1,4,event,522,0.0020839999999680003,0
1,4,event,523,0.0017089999998916028,0
1,4,event,524,0.0020829999998568383,0
1,4,event,525,0.0016669999999976426,0
1,4,event,526,0.0016669999999976426,0
1,4,event,527,0.002208000000109678,0
1,4,event,528,0.0017080000000078144,0
1,4,event,529,0.0016249999998763087,0
1,4,event,530,0.0016250000001036824,0
1,4,event,531,0.0017499999999017746,0
1,4,event,532,0.0026669999999739957,0
1,4,event,533,0.0016249999998763087,0
1,4,event,534,0.0015829999999823485,0
1,4,event,535,0.0017089999998916028,0
1,4,event,536,0.0017920000000231084,0
1,4,event,537,0.0016250000001036824,0
1,4,event,538,0.0025829999999587017,0
1,4,event,539,0.00179100000013932,0
1,4,event,540,0.022542000000157714,4
1,4,event,541,0.003666999999950349,0
1,4,event,542,0.0017500000001291482,0
1,4,event,543,0.0019170000000485743,0
1,4,event,544,0.0019589999999425345,0
1,4,event,545,0.0017089999998916028,0
1,4,event,546,0.002208999999993466,0
1,4,event,547,0.0016669999999976426,0
1,4,event,548,0.0016250000001036824,0
1,4,event,549,0.0016660000001138542,0
1,4,event,550,0.0016669999999976426,0
1,4,event,551,0.002208999999993466,0
1,4,event,552,0.0017500000001291482,0
1,4,event,553,0.0017920000000231084,0
1,4,event,554,0.0017499999999017746,0
1,4,event,555,0.0017080000000078144,0
1,4,event,556,0.0019170000000485743,0
1,4,event,557,0.002124999999978172,0
1,4,event,558,0.002416999999923064,0
1,4,event,559,0.0016250000001036824,0
1,4,event,560,0.0016250000001036824,0
1,4,event,561,0.0016669999999976426,0
1,4,event,562,0.0020839999999680003,0
1,4,event,563,0.0017080000000078144,0
1,4,event,564,0.0016250000001036824,0
1,4,event,565,0.00179100000013932,0
1,4,event,566,0.0017500000001291482,0
1,4,event,567,0.002083000000084212,0
1,4,event,568,0.0016660000001138542,0
1,4,event,569,0.002124999999978172,0
1,4,event,570,0.0016659999998864805,0
1,4,event,571,0.0016660000001138542,0
1,4,event,572,0.0019999999999527063,0
1,4,event,573,0.0017920000000231084,0
1,4,event,574,0.0016250000001036824,0
1,4,event,575,0.0016659999998864805,0
1,4,event,576,0.0017499999999017746,0
1,4,event,577,0.0017080000000078144,0
1,4,event,578,0.0020829999998568383,0
1,4,event,579,0.0017080000000078144,0
1,4,event,580,0.0016660000001138542,0
1,4,event,581,0.0017080000000078144,0
1,4,event,582,0.0016660000001138542,0
1,4,event,583,0.0019999999999527063,0
1,4,event,584,0.0016249999998763087,0
1,4,event,585,0.002459000000044398,0
1,4,event,586,0.0016669999999976426,0
1,4,event,587,0.0016250000001036824,0
1,4,event,588,0.002124999999978172,0
1,4,event,589,0.0016669999999976426,0
1,4,event,590,0.0016669999999976426,0
1,4,event,591,0.0016250000001036824,0
1,4,event,592,0.0015829999999823485,0
1,4,event,593,0.0019579999998313724,0
1,4,event,594,0.0016669999999976426,0
1,4,event,595,0.002334000000018932,0
1,4,event,596,0.0016249999998763087,0
1,4,event,597,0.0017080000000078144,0
1,4,event,598,0.0015419999999721767,0
1,4,event,599,0.002124999999978172,0
1,4,event,600,0.020042000000103144,4
1,4,event,601,0.002124999999978172,0
1,4,event,602,0.0027499999998781277,0
1,4,event,603,0.0017499999999017746,0
1,4,event,604,0.0016669999999976426,0
1,4,event,605,0.0016669999999976426,0
1,4,event,606,0.0016249999998763087,0
1,4,event,607,0.0025000000000545697,0
1,4,event,608,0.0016660000001138542,0
1,4,event,609,0.0017080000000078144,0
1,4,event,610,0.0017080000000078144,0
1,4,event,611,0.0016669999999976426,0
1,4,event,612,0.002208999999993466,0
1,4,event,613,0.0016669999999976426,0
1,4,event,614,0.001959000000169908,0
1,4,event,615,0.0017920000000231084,0
1,4,event,616,0.0017499999999017746,0
1,4,event,617,0.0018340000001444423,0
1,4,event,618,0.0023339999997915584,0
1,4,event,619,0.002334000000018932,0
1,4,event,620,0.0017499999999017746,0
1,4,event,621,0.0016659999998864805,0
1,4,event,622,0.0015829999999823485,0
1,4,event,623,0.0020829999998568383,0
1,4,event,624,0.0017909999999119464,0
1,4,event,625,0.0016669999999976426,0
1,4,event,626,0.0017499999999017746,0
1,4,event,627,0.0016250000001036824,0
1,4,event,628,0.00200000000018008,0
1,4,event,629,0.0016669999999976426,0
1,4,event,630,0.0017090000001189765,0
1,4,event,631,0.0017499999999017746,0
1,4,event,632,0.0037500000000818545,0
1,4,event,633,0.0019999999999527063,0
1,4,event,634,0.0019169999998212006,0
1,4,event,635,0.0016669999999976426,0
1,4,event,636,0.0016660000001138542,0
1,4,event,637,0.0026250000000800355,0
1,4,event,638,0.002084000000195374,0
1,4,event,639,0.002292000000124972,0
1,4,event,640,0.0019160000001647859,0
1,4,event,641,0.0016250000001036824,0
1,4,event,642,0.0016669999999976426,0
1,4,event,643,0.0016669999999976426,0
1,4,event,644,0.0019589999999425345,0
1,4,event,645,0.002457999999933236,0
1,4,event,646,0.0019159999999374122,0
1,4,event,647,0.0017080000000078144,0
1,4,event,648,0.0016250000001036824,0
1,4,event,649,0.002167000000099506,0
1,4,event,650,0.0017080000000078144,0
1,4,event,651,0.0016250000001036824,0
1,4,event,652,0.0017500000001291482,0
1,4,event,653,0.0016660000001138542,0
1,4,event,654,0.0017080000000078144,0
1,4,event,655,0.002124999999978172,0
1,4,event,656,0.0017090000001189765,0
1,4,event,657,0.0018339999999170686,0
1,4,event,658,0.0017089999998916028,0
1,4,event,659,0.0016669999999976426,0
1,4,event,660,0.019583000000011452,4
1,4,event,661,0.0022910000000138098,0
1,4,event,662,0.0017920000000231084,0
1,4,event,663,0.0032089999999698193,0
1,4,event,664,0.0017499999999017746,0
1,4,event,665,0.0016660000001138542,0
1,4,event,666,0.0016669999999976426,0
1,4,event,667,0.0016669999999976426,0
1,4,event,668,0.001958000000058746,0
1,4,event,669,0.002207999999882304,0
1,4,event,670,0.0017089999998916028,0
1,4,event,671,0.0017079999997804407,0
1,4,event,672,0.0015419999999721767,0
1,4,event,673,0.002083000000084212,0
1,4,event,674,0.00233299999990777,0
1,4,event,675,0.0017500000001291482,0
1,4,event,676,0.0017500000001291482,0
1,4,event,677,0.0015829999999823485,0
1,4,event,678,0.0017920000000231084,0
1,4,event,679,0.0019999999999527063,0
1,4,event,680,0.0017500000001291482,0
1,4,event,681,0.00179100000013932,0
1,4,event,682,0.0017080000000078144,0
1,4,event,683,0.0015830000002097222,0
1,4,event,684,0.0019999999999527063,0
1,4,event,685,0.0016659999998864805,0
1,4,event,686,0.0016250000001036824,0
1,4,event,687,0.0017089999998916028,0
1,4,event,688,0.0016669999999976426,0
1,4,event,689,0.002125000000205546,0
1,4,event,690,0.0016669999999976426,0
1,4,event,691,0.002457999999933236,0
1,4,event,692,0.0016659999998864805,0
1,4,event,693,0.0017920000000231084,0
1,4,event,694,0.00233299999990777,0
1,4,event,695,0.0017080000000078144,0
1,4,event,696,0.0017080000000078144,0
1,4,event,697,0.0016660000001138542,0
1,4,event,698,0.001875000000154614,0
1,4,event,699,0.0017909999999119464,0
1,4,event,700,0.00204200000007404,0
1,4,event,701,0.0017080000000078144,0
1,4,event,702,0.0017500000001291482,0
1,4,event,703,0.0016660000001138542,0
1,4,event,704,0.0016250000001036824,0
1,4,event,705,0.002124999999978172,0
1,4,event,706,0.002167000000099506,0
1,4,event,707,0.001958000000058746,0
1,4,event,708,0.0016249999998763087,0
1,4,event,709,0.0016669999999976426,0
1,4,event,710,0.0020419999998466665,0
1,4,event,711,0.0016659999998864805,0
1,4,event,712,0.0015829999999823485,0
1,4,event,713,0.0016659999998864805,0
1,4,event,714,0.0017080000000078144,0
1,4,event,715,0.0016669999999976426,0
1,4,event,716,0.001958000000058746,0
1,4,event,717,0.0016660000001138542,0
1,4,event,718,0.0016250000001036824,0
1,4,event,719,0.0017500000001291482,0
1,4,event,720,0.019792000000052212,4
1,4,event,721,0.002624999999852662,0
1,4,event,722,0.0017920000000231084,0
1,4,event,723,0.0017080000000078144,0
1,4,event,724,0.0027500000001055014,0
1,4,event,725,0.0017920000000231084,0
1,4,event,726,0.0017089999998916028,0
1,4,event,727,0.0017090000001189765,0
1,4,event,728,0.0017089999998916028,0
1,4,event,729,0.002208999999993466,0
1,4,event,730,0.0016669999999976426,0
1,4,event,731,0.002124999999978172,0
1,4,event,732,0.0017500000001291482,0
1,4,event,733,0.0016250000001036824,0
1,4,event,734,0.0019999999999527063,0
1,4,event,735,0.0016250000001036824,0
1,4,event,736,0.0017500000001291482,0
1,4,event,737,0.0017089999998916028,0
1,4,event,738,0.0017090000001189765,0
1,4,event,739,0.0018339999999170686,0
1,4,event,740,0.0020839999999680003,0
1,4,event,741,0.0016669999999976426,0
1,4,event,742,0.0016250000001036824,0
1,4,event,743,0.0016249999998763087,0
1,4,event,744,0.0022499999997762643,0
1,4,event,745,0.0019589999999425345,0
1,4,event,746,0.0017920000000231084,0
1,4,event,747,0.0016250000001036824,0
1,4,event,748,0.0016659999998864805,0
1,4,event,749,0.002124999999978172,0
1,4,event,750,0.00204200000007404,0
1,4,event,751,0.0016659999998864805,0
1,4,event,752,0.0017079999997804407,0
1,4,event,753,0.0015829999999823485,0
1,4,event,754,0.0017499999999017746,0
1,4,event,755,0.0016250000001036824,0
1,4,event,756,0.002207999999882304,0
1,4,event,757,0.002457999999933236,0
1,4,event,758,0.0016669999999976426,0
1,4,event,759,0.0017499999999017746,0
1,4,event,760,0.0016669999999976426,0
1,4,event,761,0.0021669999998721323,0
1,4,event,762,0.0017080000000078144,0
1,4,event,763,0.0016660000001138542,0
1,4,event,764,0.0017920000000231084,0
1,4,event,765,0.0016250000001036824,0
1,4,event,766,0.001958000000058746,0
1,4,event,767,0.0016250000001036824,0
1,4,event,768,0.00179100000013932,0
1,4,event,769,0.0016669999999976426,0
1,4,event,770,0.005625000000009095,0
1,4,event,771,0.002124999999978172,0
1,4,event,772,0.00179100000013932,0
1,4,event,773,0.0017920000000231084,0
1,4,event,774,0.0015419999999721767,0
1,4,event,775,0.0016669999999976426,0
1,4,event,776,0.0016249999998763087,0
1,4,event,777,0.002375000000029104,0
1,4,event,778,0.0018330000000332802,0
1,4,event,779,0.0024160000000392756,0
1,4,event,780,0.021291999999903055,4
1,4,event,781,0.0027500000001055014,0
1,4,event,782,0.0017080000000078144,0
1,4,event,783,0.0016660000001138542,0
1,4,event,784,0.0017499999999017746,0
1,4,event,785,0.0024160000000392756,0
1,4,event,786,0.0017080000000078144,0
1,4,event,787,0.0017499999999017746,0
1,4,event,788,0.0016659999998864805,0
1,4,event,789,0.0017079999997804407,0
1,4,event,790,0.002124999999978172,0
1,4,event,791,0.0016659999998864805,0
1,4,event,792,0.0016659999998864805,0
1,4,event,793,0.0017499999999017746,0
1,4,event,794,0.0017080000000078144,0
1,4,event,795,0.0016250000001036824,0
1,4,event,796,0.0021669999998721323,0
1,4,event,797,0.0019170000000485743,0
1,4,event,798,0.0017079999997804407,0
1,4,event,799,0.0018330000000332802,0
1,4,event,800,0.0017500000001291482,0
1,4,event,801,0.002250000000003638,0
1,4,event,802,0.0017500000001291482,0
1,4,event,803,0.0017080000000078144,0
1,4,event,804,0.0016660000001138542,0
1,4,event,805,0.0016669999999976426,0
1,4,event,806,0.0021669999998721323,0
1,4,event,807,0.0017500000001291482,0
1,4,event,808,0.0016669999999976426,0
1,4,event,809,0.0017090000001189765,0
1,4,event,810,0.0017089999998916028,0
1,4,event,811,0.0018749999999272404,0
1,4,event,812,0.0016669999999976426,0
1,4,event,813,0.0016659999998864805,0
1,4,event,814,0.0018330000000332802,0
1,4,event,815,0.0017080000000078144,0
1,4,event,816,0.0016659999998864805,0
1,4,event,817,0.002083000000084212,0
1,4,event,818,0.002375000000029104,0
1,4,event,819,0.0015829999999823485,0
1,4,event,820,0.0017080000000078144,0
1,4,event,821,0.0016250000001036824,0
1,4,event,822,0.002291999999897598,0
1,4,event,823,0.0017089999998916028,0
1,4,event,824,0.0027919999999994616,0
1,4,event,825,0.0016669999999976426,0
1,4,event,826,0.0017089999998916028,0
1,4,event,827,0.002124999999978172,0
1,4,event,828,0.0017080000000078144,0
1,4,event,829,0.0017909999999119464,0
1,4,event,830,0.0017080000000078144,0
1,4,event,831,0.0017079999997804407,0
1,4,event,832,0.0019999999999527063,0
1,4,event,833,0.0016669999999976426,0
1,4,event,834,0.0017499999999017746,0
1,4,event,835,0.0016250000001036824,0
1,4,event,836,0.0016250000001036824,0
1,4,event,837,0.0016249999998763087,0
1,4,event,838,0.002124999999978172,0
1,4,event,839,0.0016249999998763087,0
1,4,event,840,0.019750000000158252,4
1,4,event,841,0.002916000000141139,0
1,4,event,842,0.0017909999999119464,0
1,4,event,843,0.002167000000099506,0
1,4,event,844,0.0017500000001291482,0
1,4,event,845,0.0016669999999976426,0
1,4,event,846,0.0025000000000545697,0
1,4,event,847,0.0016250000001036824,0
1,4,event,848,0.0018330000000332802,0
1,4,event,849,0.0022910000000138098,0
1,4,event,850,0.0017080000000078144,0
1,4,event,851,0.0018329999998059066,0
1,4,event,852,0.0016249999998763087,0
1,4,event,853,0.0017080000000078144,0
1,4,event,854,0.0017080000000078144,0
1,4,event,855,0.002083000000084212,0
1,4,event,856,0.0016669999999976426,0
1,4,event,857,0.0019999999999527063,0
1,4,event,858,0.0017089999998916028,0
1,4,event,859,0.0016250000001036824,0
1,4,event,860,0.0017080000000078144,0
1,4,event,861,0.0016660000001138542,0
1,4,event,862,0.002124999999978172,0
1,4,event,863,0.0017499999999017746,0
1,4,event,864,0.0016669999999976426,0
1,4,event,865,0.0016669999999976426,0
1,4,event,866,0.0017089999998916028,0
1,4,event,867,0.002167000000099506,0
1,4,event,868,0.0016660000001138542,0
1,4,event,869,0.0017080000000078144,0
1,4,event,870,0.0017080000000078144,0
1,4,event,871,0.0017080000000078144,0
1,4,event,872,0.0019169999998212006,0
1,4,event,873,0.0016669999999976426,0
1,4,event,874,0.0018339999999170686,0
1,4,event,875,0.0016249999998763087,0
1,4,event,876,0.002124999999978172,0
1,4,event,877,0.0017909999999119464,0
1,4,event,878,0.002083000000084212,0
1,4,event,879,0.0017080000000078144,0
1,4,event,880,0.0016249999998763087,0
1,4,event,881,0.00200000000018008,0
1,4,event,882,0.0017080000000078144,0
1,4,event,883,0.002165999999988344,0
1,4,event,884,0.0016669999999976426,0
1,4,event,885,0.0016669999999976426,0
1,4,event,886,0.0017080000000078144,0
1,4,event,887,0.0016659999998864805,0
1,4,event,888,0.002083000000084212,0
1,4,event,889,0.0016659999998864805,0
1,4,event,890,0.0017920000000231084,0
1,4,event,891,0.0017090000001189765,0
1,4,event,892,0.0016669999999976426,0
1,4,event,893,0.0027079999999841675,0
1,4,event,894,0.0017500000001291482,0
1,4,event,895,0.0017909999999119464,0
1,4,event,896,0.002167000000099506,0
1,4,event,897,0.0016669999999976426,0
1,4,event,898,0.0017080000000078144,0
1,4,event,899,0.00200000000018008,0
1,4,event,900,0.01950000000010732,4
1,4,event,901,0.002416999999923064,0
1,4,event,902,0.003290999999990163,0
1,4,event,903,0.0017500000001291482,0
1,4,event,904,0.0017080000000078144,0
1,4,event,905,0.0016659999998864805,0
1,4,event,906,0.0017080000000078144,0
1,4,event,907,0.0025829999999587017,0
1,4,event,908,0.0016249999998763087,0
1,4,event,909,0.0017089999998916028,0
1,4,event,910,0.0016250000001036824,0
1,4,event,911,0.0016659999998864805,0
1,4,event,912,0.002124999999978172,0
1,4,event,913,0.0017080000000078144,0
1,4,event,914,0.0016249999998763087,0
1,4,event,915,0.0017920000000231084,0
1,4,event,916,0.0016669999999976426,0
1,4,event,917,0.0017080000000078144,0
1,4,event,918,0.002165999999988344,0
1,4,event,919,0.0017920000000231084,0
1,4,event,920,0.002250000000003638,0
1,4,event,921,0.0016660000001138542,0
1,4,event,922,0.002208000000109678,0
1,4,event,923,0.0023330000001351436,0
1,4,event,924,0.0015829999999823485,0
1,4,event,925,0.0018749999999272404,0
1,4,event,926,0.0017909999999119464,0
1,4,event,927,0.0016669999999976426,0
1,4,event,928,0.002124999999978172,0
1,4,event,929,0.0016660000001138542,0
1,4,event,930,0.00620800000001509,0
1,4,event,931,0.0017499999999017746,0
1,4,event,932,0.0017089999998916028,0
1,4,event,933,0.00204200000007404,0
1,4,event,934,0.0016250000001036824,0
1,4,event,935,0.0017500000001291482,0
1,4,event,936,0.0017499999999017746,0
1,4,event,937,0.0016669999999976426,0
1,4,event,938,0.0016249999998763087,0
1,4,event,939,0.002207999999882304,0
1,4,event,940,0.0018749999999272404,0
1,4,event,941,0.0016249999998763087,0
1,4,event,942,0.0017919999997957348,0
1,4,event,943,0.0016669999999976426,0
1,4,event,944,0.002165999999988344,0
1,4,event,945,0.0016669999999976426,0
1,4,event,946,0.0016669999999976426,0
1,4,event,947,0.0016659999998864805,0
1,4,event,948,0.0015829999999823485,0
1,4,event,949,0.002040999999962878,0
1,4,event,950,0.0016659999998864805,0
1,4,event,951,0.0025829999999587017,0
1,4,event,952,0.0015829999999823485,0
1,4,event,953,0.0016659999998864805,0
1,4,event,954,0.0025829999999587017,0
1,4,event,955,0.0016659999998864805,0
1,4,event,956,0.0016669999999976426,0
1,4,event,957,0.0016669999999976426,0
1,4,event,958,0.0016250000001036824,0
1,4,event,959,0.0015829999999823485,0
1,4,event,960,0.021291000000019267,4
1,4,event,961,0.0025829999999587017,0
1,4,event,962,0.0017080000000078144,0
1,4,event,963,0.00233299999990777,0
1,4,event,964,0.0017909999999119464,0
1,4,event,965,0.0016660000001138542,0
1,4,event,966,0.0017080000000078144,0
1,4,event,967,0.002291999999897598,0
1,4,event,968,0.0026250000000800355,0
1,4,event,969,0.0016659999998864805,0
1,4,event,970,0.0016669999999976426,0
1,4,event,971,0.0016250000001036824,0
1,4,event,972,0.0017499999999017746,0
1,4,event,973,0.001959000000169908,0
1,4,event,974,0.0016669999999976426,0
1,4,event,975,0.0018749999999272404,0
1,4,event,976,0.0017920000000231084,0
1,4,event,977,0.001583999999866137,0
1,4,event,978,0.0016249999998763087,0
1,4,event,979,0.002124999999978172,0
1,4,event,980,0.0017920000000231084,0
1,4,event,981,0.0018330000000332802,0
1,4,event,982,0.0016250000001036824,0
1,4,event,983,0.0018749999999272404,0
1,4,event,984,0.002165999999988344,0
1,4,event,985,0.0017499999999017746,0
1,4,event,986,0.0017080000000078144,0
1,4,event,987,0.0017089999998916028,0
1,4,event,988,0.0017090000001189765,0
1,4,event,989,0.002208999999993466,0
1,4,event,990,0.0016250000001036824,0
1,4,event,991,0.0016660000001138542,0
1,4,event,992,0.0016250000001036824,0
1,4,event,993,0.0016660000001138542,0
1,4,event,994,0.0027500000001055014,0
1,4,event,995,0.0017080000000078144,0
1,4,event,996,0.0016659999998864805,0
1,4,event,997,0.0016249999998763087,0
1,4,event,998,0.0016659999998864805,0
1,4,event,999,0.0016250000001036824,0
1,4,burst,0,0.15783299999998235,28
1,4,burst,1,0.15045800000007148,28
1,4,burst,2,0.1485410000000229,28
1,4,burst,3,0.15087500000004184,28
1,4,burst,4,0.1453750000000582,28
1,4,burst,5,0.16104199999995217,28
1,4,burst,6,0.1509169999999358,28
1,4,burst,7,0.15533399999981157,28
1,4,burst,8,0.1517079999998714,28
1,4,burst,9,0.15095799999994597,28
1,4,burst,10,0.14679200000000492,28
1,4,burst,11,0.14879199999995762,28
1,4,burst,12,0.162541999999803,28
1,4,burst,13,0.1454999999998563,28
1,4,burst,14,0.15499999999997272,28
1,4,burst,15,0.14620799999988776,28
1,4,burst,16,0.15370899999993526,28
1,4,burst,17,0.14604199999985212,28
1,4,burst,18,0.15058299999986957,28
1,4,burst,19,0.15429100000005747,28
1,4,burst,20,0.1516670000000886,28
1,4,burst,21,0.15583399999991343,28
1,4,burst,22,0.14712499999995998,28
1,4,burst,23,0.16304100000002109,28
1,4,burst,24,0.1413750000001528,28
1,4,burst,25,0.15249999999991815,28
1,4,burst,26,0.1468330000000151,28
1,4,burst,27,0.16250000000013642,28
1,4,burst,28,0.8034170000000813,28
1,4,burst,29,0.16991699999994125,28
1,4,burst,30,18.93291699999986,28
1,4,burst,31,0.18100000000004002,28
1,4,burst,32,0.15758299999993142,28
1,4,burst,33,0.1461659999999938,28
1,4,burst,34,0.14958299999989322,28
1,4,burst,35,0.14670799999998962,28
1,4,burst,36,0.1428329999998823,28
1,4,burst,37,0.14945899999997891,28
1,4,burst,38,0.14708300000006602,28
1,4,burst,39,0.14304100000003928,28
1,4,burst,40,0.13962500000002365,28
1,4,burst,41,20.498958999999786,28
1,4,burst,42,0.17799999999988358,28
1,4,burst,43,0.14704200000005585,28
1,4,burst,44,0.6996249999999691,28
1,4,burst,45,0.15054200000008677,28
1,4,burst,46,0.1446249999999054,28
1,4,burst,47,0.7174579999998514,28
1,4,burst,48,0.14845900000000256,28
1,4,burst,49,0.24016699999992852,28
1,4,burst,50,0.14704200000005585,28
1,4,burst,51,0.14666699999997945,28
1,4,burst,52,0.13887500000009823,28
1,4,burst,53,0.13541700000018864,28
1,4,burst,54,0.18491699999981392,28
1,4,burst,55,0.21383300000002237,28
1,4,burst,56,0.18624999999997272,28
1,4,burst,57,0.14770900000007714,28
1,4,burst,58,0.15091700000016317,28
1,4,burst,59,0.1412920000000213,28
1,4,burst,60,0.13858400000003712,28
1,4,burst,61,0.14000000000010004,28
1,4,burst,62,0.14266700000007404,28
1,4,burst,63,0.13962500000002365,28
1,4,burst,64,0.1381669999998394,28
1,4,burst,65,0.14570800000001327,28
1,4,burst,66,0.14216599999986101,28
1,4,burst,67,0.14412500000003092,28
1,4,burst,68,0.13762500000007094,28
1,4,burst,69,0.13737499999979264,28
1,4,burst,70,0.1405419999998685,28
1,4,burst,71,0.13583300000004783,28
1,4,burst,72,0.14924999999993815,28
1,4,burst,73,0.14800000000013824,28
1,4,burst,74,0.1403339999999389,28
1,4,burst,75,0.13666699999998855,28
1,4,burst,76,0.13504200000011224,28
1,4,burst,77,0.13920899999993708,28
1,4,burst,78,0.13941700000009405,28
1,4,burst,79,0.1384170000001177,28
1,4,burst,80,0.14083300000015697,28
1,4,burst,81,0.13945799999987685,28
1,4,burst,82,0.13716599999997925,28
1,4,burst,83,0.13691700000003948,28
1,4,burst,84,0.13750000000004547,28
1,4,burst,85,0.140041999999994,28
1,4,burst,86,0.13695899999993344,28
1,4,burst,87,0.14270799999985684,28
1,4,burst,88,0.13887500000009823,28
1,4,burst,89,0.14995900000008078,28
1,4,burst,90,0.14104199999997036,28
1,4,burst,91,0.13849999999979445,28
1,4,burst,92,0.1397500000000491,28
1,4,burst,93,0.14066699999989396,28
1,4,burst,94,0.14454200000000128,28
1,4,burst,95,0.14266599999996288,28
1,4,burst,96,0.13774999999986903,28
1,4,burst,97,0.13945799999987685,28
1,4,burst,98,0.13999999999987267,28
1,4,burst,99,0.13899999999989632,28
1,4,burst,100,0.13887499999987085,28
1,4,burst,101,0.1452910000000429,28
1,4,burst,102,0.13866600000005747,28
1,4,burst,103,0.13733300000012605,28
1,4,burst,104,0.14741700000013225,28
1,4,burst,105,0.13954200000011951,28
1,4,burst,106,0.1394159999999829,28
1,4,burst,107,0.13920799999982592,28
1,4,burst,108,0.14562500000010914,28
1,4,burst,109,0.13979200000017045,28
1,4,burst,110,0.13904199999979028,28
1,4,burst,111,0.13754199999993943,28
1,4,burst,112,0.13983399999983703,28
1,4,burst,113,0.13845800000012787,28
1,4,burst,114,0.1395830000001297,28
1,4,burst,115,0.13895900000011352,28
1,4,burst,116,0.14458300000001145,28
1,4,burst,117,0.14020800000002964,28
1,4,burst,118,0.1377500000000964,28
1,4,burst,119,0.13512500000001637,28
1,4,burst,120,0.1432089999998425,28
1,4,burst,121,0.1411249999998745,28
1,4,burst,122,0.13737500000002,28
1,4,burst,123,0.14429199999995035,28
1,4,burst,124,60.10020899999995,28
1,4,burst,125,0.186916999999994,28
1,4,burst,126,0.14554199999975026,28
1,4,burst,127,0.43899999999985084,28
1,4,burst,128,5.3917499999997744,28
1,4,burst,129,0.16833300000007512,28
1,4,burst,130,0.15512500000022555,28
1,4,burst,131,0.2082500000001346,28
1,4,burst,132,0.1515839999997297,28
1,4,burst,133,0.14437499999985448,28
1,4,burst,134,0.13758400000006077,28
1,4,burst,135,0.1856670000001941,28
1,4,burst,136,0.1433750000001055,28
1,4,burst,137,0.2558329999997113,28
1,4,burst,138,0.14670799999976225,28
1,4,burst,139,10.828750000000127,28
1,4,burst,140,0.1792080000000169,28
1,4,burst,141,0.21595899999965695,28
1,4,burst,142,0.14604199999985212,28
1,4,burst,143,0.14199999999982538,28
1,4,burst,144,0.15141700000003766,28
1,4,burst,145,0.1366250000000946,28
1,4,burst,146,0.13808300000027884,28
1,4,burst,147,5.932125000000269,28
1,4,burst,148,0.20708300000023883,28
1,4,burst,149,0.25700000000006185,28
1,4,burst,150,0.2478329999999005,28
1,4,burst,151,0.1614169999998012,28
1,4,burst,152,0.13925000000017462,28
1,4,burst,153,0.12866600000006656,28
1,4,burst,154,0.12329099999988102,28
1,4,burst,155,0.12079199999971024,28
1,4,burst,156,0.12408400000003894,28
1,4,burst,157,0.12883300000021336,28
1,4,burst,158,0.12024999999994179,28
1,4,burst,159,0.12545799999998053,28
1,4,burst,160,0.12404100000003382,28
1,4,burst,161,0.12016700000003766,28
1,4,burst,162,0.12266700000009223,28
1,4,burst,163,0.12049999999999272,28
1,4,burst,164,0.12233300000025338,28
1,4,burst,165,0.11870799999996962,28
1,4,burst,166,0.12233300000025338,28
1,4,burst,167,0.12833299999965675,28
1,4,burst,168,0.12141599999995378,28
1,4,burst,169,0.11850000000004002,28
1,4,burst,170,0.11958400000003166,28
1,4,burst,171,0.12066700000013952,28
1,4,burst,172,0.12137500000017099,28
1,4,burst,173,0.1227920000001177,28
1,4,burst,174,0.11883299999999508,28
1,4,burst,175,0.11833299999989322,28
1,4,burst,176,0.12708399999974063,28
1,4,burst,177,0.11883399999987887,28
1,4,burst,178,0.11925000000019281,28
1,4,burst,179,0.12541700000019773,28
1,4,burst,180,0.12525000000005093,28
1,4,burst,181,0.11958400000003166,28
1,4,burst,182,0.11950000000024374,28
1,4,burst,183,0.1255410000003394,28
1,4,burst,184,0.11808299999984229,28
1,4,burst,185,0.11641600000029939,28
1,4,burst,186,0.11712500000021464,28
1,4,burst,187,0.1247920000000704,28
1,4,burst,188,0.11908299999959127,28
1,4,burst,189,0.1174580000001697,28
1,4,burst,190,0.12137500000017099,28
1,4,burst,191,0.11900000000014188,28
1,4,burst,192,0.12058299999989686,28
1,4,burst,193,0.11858400000028269,28
1,4,burst,194,0.11854200000016135,28
1,4,burst,195,0.12195900000006077,28
1,4,burst,196,0.12041700000008859,28
1,4,burst,197,0.11558299999978772,28
1,4,burst,198,0.11754100000007384,28
1,4,burst,199,0.12312500000007276,28
1,4,burst,200,0.1176250000003165,28
1,4,burst,201,0.11637500000006185,28
1,4,burst,202,0.12104199999976117,28
1,4,burst,203,0.11904199999980847,28
1,4,burst,204,0.1170839999999771,28
1,4,burst,205,0.11658399999987523,28
1,4,burst,206,0.1145000000001346,28
1,4,burst,207,0.11824999999998909,28
1,4,burst,208,0.11795900000015536,28
1,4,burst,209,0.12400000000025102,28
1,4,burst,210,0.1145000000001346,28
1,4,burst,211,0.11870799999996962,28
1,4,burst,212,0.11774999999988722,28
1,4,burst,213,0.11608299999988958,28
1,4,burst,214,0.11745900000005349,28
1,4,burst,215,0.11808399999972607,28
1,4,burst,216,0.1261250000002292,28
1,4,burst,217,0.1170830000000933,28
1,4,burst,218,0.11662499999965803,28
1,4,burst,219,0.11958300000014788,28
1,4,burst,220,0.11670800000001691,28
1,4,burst,221,0.1149159999999938,28
1,4,burst,222,0.11633299999994051,28
1,4,burst,223,0.12237500000037471,28
1,4,burst,224,0.11716699999988123,28
1,4,burst,225,0.1165419999997539,28
1,4,burst,226,0.11587499999995998,28
1,4,burst,227,0.1174580000001697,28
1,4,burst,228,0.11870800000042436,28
1,4,burst,229,0.11712500000021464,28
1,4,burst,230,0.12049999999999272,28
1,4,burst,231,0.11845800000037343,28
1,4,burst,232,0.13062500000023647,28
1,4,burst,233,0.11495899999999892,28
1,4,burst,234,0.1170839999999771,28
1,4,burst,235,0.11612500000001091,28
1,4,burst,236,0.11658299999999144,28
1,4,burst,237,0.11870799999996962,28
1,4,burst,238,0.11724999999978536,28
1,4,burst,239,0.11549999999988358,28
1,4,burst,240,0.11608300000034433,28
1,4,burst,241,0.11512500000026193,28
1,4,burst,242,0.11745900000005349,28
1,4,burst,243,0.12091700000019046,28
1,4,burst,244,0.119499999999789,28
1,4,burst,245,0.11666599999989558,28
1,4,burst,246,0.11804200000005949,28
1,4,burst,247,0.11583400000017718,28
1,4,burst,248,0.11645900000030451,28
1,4,burst,249,0.11904200000026322,28
1,4,burst,250,0.11979100000007747,28
1,4,burst,251,0.12137499999971624,28
1,4,burst,252,0.11695899999995163,28
1,4,burst,253,0.11745900000005349,28
1,4,burst,254,0.11900000000014188,28
1,4,burst,255,0.11724999999978536,28
1,4,burst,256,0.11724999999978536,28
1,4,burst,257,0.11770900000010442,28
1,4,burst,258,0.12091700000019046,28
1,4,burst,259,0.12374999999974534,28
1,4,burst,260,0.11904199999980847,28
1,4,burst,261,0.11704200000031051,28
1,4,burst,262,0.11991699999998673,28
1,4,burst,263,0.11791599999969549,28
1,4,burst,264,0.12233299999979863,28
1,4,burst,265,0.11945800000012241,28
1,4,burst,266,0.12466700000004494,28
1,4,burst,267,0.11770900000010442,28
1,4,burst,268,0.11741699999993216,28
1,4,burst,269,0.11891599999989921,28
1,4,burst,270,0.11787499999991269,28
1,4,burst,271,0.11837500000001455,28
1,4,burst,272,0.11929099999997561,28
1,4,burst,273,0.12274999999999636,28
1,4,burst,274,0.1196669999999358,28
1,4,burst,275,0.11616599999979371,28
1,4,burst,276,0.12266700000009223,28
1,4,burst,277,0.11904200000026322,28
1,4,burst,278,0.11979199999996126,28
1,4,burst,279,0.11704199999985576,28
1,4,burst,280,0.12808399999994435,28
1,4,burst,281,0.11941699999988487,28
1,4,burst,282,0.11695800000006784,28
1,4,burst,283,0.11875000000009095,28
1,4,burst,284,0.11658299999999144,28
1,4,burst,285,0.11799999999993815,28
1,4,burst,286,0.11641699999972843,28
1,4,burst,287,0.12058399999978064,28
1,4,burst,288,0.11633299999994051,28
1,4,burst,289,0.11774999999988722,28
1,4,burst,290,0.11599999999998545,28
1,4,burst,291,0.1172919999999067,28
1,4,burst,292,0.11679200000025958,28
1,4,burst,293,0.11754099999961909,28
1,4,burst,294,0.11658299999999144,28
1,4,burst,295,0.11887499999966167,28
1,4,burst,296,0.11737499999981083,28
1,4,burst,297,0.11991699999998673,28
1,4,burst,298,0.11820899999975154,28
1,4,burst,299,0.11662499999965803,28
1,4,burst,300,0.11720800000011877,28
1,4,burst,301,0.11774999999988722,28
1,4,burst,302,0.11974999999983993,28
1,4,burst,303,10.251624999999876,28
1,4,burst,304,0.20504100000016479,28
1,4,burst,305,0.14529199999969933,28
1,4,burst,306,0.14162500000020373,28
1,4,burst,307,0.13875000000007276,28
1,4,burst,308,2.467916999999943,28
1,4,burst,309,0.2759169999999358,28
1,4,burst,310,0.37370800000007875,28
1,4,burst,311,0.14691700000003038,28
1,4,burst,312,0.17574999999987995,28
1,4,burst,313,0.8798750000000837,28
1,4,burst,314,0.25649999999996,28
1,4,burst,315,0.15812499999992724,28
1,4,burst,316,0.1416669999998703,28
1,4,burst,317,0.8442500000001019,28
1,4,burst,318,0.15058399999998073,28
1,4,burst,319,0.13754199999993943,28
1,4,burst,320,0.1394159999999829,28
1,4,burst,321,0.13691599999992832,28
1,4,burst,322,0.1904170000002523,28
1,4,burst,323,0.13850000000002183,28
1,4,burst,324,0.13558300000022427,28
1,4,burst,325,0.359958000000006,28
1,4,burst,326,8.708291999999801,28
1,4,burst,327,0.17212500000005093,28
1,4,burst,328,0.14150000000017826,28
1,4,burst,329,0.16858300000012605,28
1,4,burst,330,0.15062499999976353,28
1,4,burst,331,0.14000000000032742,28
1,4,burst,332,0.1441660000000411,28
1,4,burst,333,0.26499999999987267,28
1,4,burst,334,0.21387500000037107,28
1,4,burst,335,0.24729200000001583,28
1,4,burst,336,0.1518750000000182,28
1,4,burst,337,0.14750000000003638,28
1,4,burst,338,0.1847499999998945,28
1,4,burst,339,0.1430419999996957,28
1,4,burst,340,0.14295799999990777,28
1,4,burst,341,0.1434159999998883,28
1,4,burst,342,0.13620799999989686,28
1,4,burst,343,0.13854200000014316,28
1,4,burst,344,0.17058399999996254,28
1,4,burst,345,0.1397089999995842,28
1,4,burst,346,0.13816700000006676,28
1,4,burst,347,0.1371249999997417,28
1,4,burst,348,0.13724999999976717,28
1,4,burst,349,0.13866699999971388,28
1,4,burst,350,0.1367089999998825,28
1,4,burst,351,0.14154099999996106,28
1,4,burst,352,0.14212499999985084,28
1,4,burst,353,0.13683300000002419,28
1,4,burst,354,5.232375000000047,28
1,4,burst,355,0.14516599999979007,28
1,4,burst,356,0.24462499999981446,28
1,4,burst,357,0.15008299999999508,28
1,4,burst,358,0.14783299999999144,28
1,4,burst,359,0.13554100000010294,28
1,4,burst,360,0.13741699999991397,28
1,4,burst,361,0.15933300000006057,28
1,4,burst,362,0.1790419999997539,28
1,4,burst,363,0.14695799999981318,28
1,4,burst,364,3.725999999999658,28
1,4,burst,365,0.1572080000000824,28
1,4,burst,366,0.1527499999997417,28
1,4,burst,367,0.1449160000001939,28
1,4,burst,368,0.13954199999989214,28
1,4,burst,369,0.1805420000000595,28
1,4,burst,370,0.15550000000030195,28
1,4,burst,371,0.13512500000024374,28
1,4,burst,372,0.13737499999979264,28
1,4,burst,373,0.14124999999967258,28
1,4,burst,374,0.13562499999989086,28
1,4,burst,375,0.13904200000024503,28
1,4,burst,376,1.1928749999997308,28
1,4,burst,377,0.4199170000001686,28
1,4,burst,378,0.1635830000000169,28
1,4,burst,379,0.14220799999975497,28
1,4,burst,380,3.1973330000000715,28
1,4,burst,381,0.14308299999993324,28
1,4,burst,382,0.1268339999996897,28
1,4,burst,383,0.12437499999987267,28
1,4,burst,384,0.125,28
1,4,burst,385,0.12183299999969677,28
1,4,burst,386,0.11812499999996362,28
1,4,burst,387,0.12633400000004258,28
1,4,burst,388,0.12170900000000984,28
1,4,burst,389,0.11733300000014424,28
1,4,burst,390,0.11979100000007747,28
1,4,burst,391,0.11804200000005949,28
1,4,burst,392,0.12137500000017099,28
1,4,burst,393,0.1395830000001297,28
1,4,burst,394,0.12604099999998652,28
1,4,burst,395,0.12212500000032378,28
1,4,burst,396,0.1187910000003285,28
1,4,burst,397,0.11779200000000856,28
1,4,burst,398,0.1200420000000122,28
1,4,burst,399,0.12141599999995378,28
1,4,burst,400,0.11758300000019517,28
1,4,burst,401,0.12308300000040617,28
1,4,burst,402,0.11733300000014424,28
1,4,burst,403,0.12012499999991633,28
1,4,burst,404,0.11804200000005949,28
1,4,burst,405,0.11774999999988722,28
1,4,burst,406,0.11662500000011278,28
1,4,burst,407,0.11916599999995015,28
1,4,burst,408,0.11999999999989086,28
1,4,burst,409,0.12195799999972223,28
1,4,burst,410,0.12604099999998652,28
1,4,burst,411,0.12091699999973571,28
1,4,burst,412,8.724832999999762,28
1,4,burst,413,0.20841699999982666,28
1,4,burst,414,0.24749999999994543,28
1,4,burst,415,0.18408399999998437,28
1,4,burst,416,0.23725000000013097,28
1,4,burst,417,0.13995799999975134,28
1,4,burst,418,0.14020799999980227,28
1,4,burst,419,0.1391670000002705,28
1,4,burst,420,0.1374999999998181,28
1,4,burst,421,0.13704199999983757,28
1,4,burst,422,0.23666699999967022,28
1,4,burst,423,0.16429100000004837,28
1,4,burst,424,0.6746249999996508,28
1,4,burst,425,0.1564579999999296,28
1,4,burst,426,0.14945799999986775,28
1,4,burst,427,0.17599999999993088,28
1,4,burst,428,0.16012499999987995,28
1,4,burst,429,0.13904200000024503,28
1,4,burst,430,0.15675000000010186,28
1,4,burst,431,0.171291999999994,28
1,4,burst,432,0.16224999999985812,28
1,4,burst,433,0.14791599999989558,28
1,4,burst,434,0.1491249999999127,28
1,4,burst,435,0.8575419999997393,28
1,4,burst,436,0.1546250000001237,28
1,4,burst,437,0.16566699999975754,28
1,4,burst,438,0.14512499999955253,28
1,4,burst,439,0.18004100000007384,28
1,4,burst,440,0.1511249999998654,28
1,4,burst,441,0.15208400000028632,28
1,4,burst,442,0.15083400000003166,28
1,4,burst,443,0.17033300000002782,28
1,4,burst,444,0.16020900000012261,28
1,4,burst,445,0.15854200000012497,28
1,4,burst,446,0.3122920000000704,28
1,4,burst,447,0.17933399999992616,28
1,4,burst,448,0.1607920000001286,28
1,4,burst,449,0.9982910000003358,28
1,4,burst,450,0.21812499999987267,28
1,4,burst,451,0.1632079999999405,28
1,4,burst,452,0.15945800000008603,28
1,4,burst,453,0.14979200000016135,28
1,4,burst,454,0.14949999999998909,28
1,4,burst,455,0.15358299999979863,28
1,4,burst,456,0.3663329999999405,28
1,4,burst,457,0.2520840000001954,28
1,4,burst,458,0.15945899999996982,28
1,4,burst,459,0.29712500000005093,28
1,4,burst,460,0.17116699999996854,28
1,4,burst,461,0.1707499999997708,28
1,4,burst,462,0.15066699999988487,28
1,4,burst,463,0.15049999999973807,28
1,4,burst,464,4.9784169999998085,28
1,4,burst,465,0.22533299999986411,28
1,4,burst,466,0.5662500000003092,28
1,4,burst,467,0.2875410000001466,28
1,4,burst,468,0.23666700000012497,28
1,4,burst,469,0.1601250000003347,28
1,4,burst,470,0.15058399999998073,28
1,4,burst,471,0.15379200000006676,28
1,4,burst,472,0.15554100000008475,28
1,4,burst,473,0.15070799999966766,28
1,4,burst,474,0.15433299999995143,28
1,4,burst,475,0.15612499999997453,28
1,4,burst,476,1.8076249999999163,28
1,4,burst,477,0.18524999999999636,28
1,4,burst,478,0.17916599999989558,28
1,4,burst,479,10.592375000000175,28
1,4,burst,480,0.1475420000001577,28
1,4,burst,481,0.1485419999999067,28
1,4,burst,482,0.13645899999983158,28
1,4,burst,483,0.23479200000019773,28
1,4,burst,484,0.1524170000002414,28
1,4,burst,485,0.13979100000005928,28
1,4,burst,486,0.1410000000000764,28
1,4,burst,487,0.14245900000014444,28
1,4,burst,488,0.13770900000008623,28
1,4,burst,489,0.13508399999955145,28
1,4,burst,490,0.15774999999985084,28
1,4,burst,491,0.17725000000018554,28
1,4,burst,492,0.19179099999973914,28
1,4,burst,493,0.14249999999992724,28
1,4,burst,494,0.12691700000004857,28
1,4,burst,495,0.12854200000037963,28
1,4,burst,496,0.12458300000025702,28
1,4,burst,497,0.12079099999982645,28
1,4,burst,498,0.12087499999961437,28
1,4,burst,499,0.12195800000017698,28
1,4,burst,500,0.12320799999997689,28
1,4,burst,501,0.11816600000020117,28
1,4,burst,502,0.11974999999983993,28
1,4,burst,503,0.12204100000008111,28
1,4,burst,504,0.13420799999994415,28
1,4,burst,505,0.12800000000015643,28
1,4,burst,506,0.1194590000000062,28
1,4,burst,507,0.12508400000024267,28
1,4,burst,508,0.11729200000036144,28
1,4,burst,509,0.11654100000032486,28
1,4,burst,510,0.1172910000000229,28
1,4,burst,511,0.11895800000002055,28
1,4,burst,512,0.11770800000022064,28
1,4,burst,513,0.11658299999999144,28
1,4,burst,514,0.12241600000015751,28
1,4,burst,515,0.11758299999974042,28
1,4,burst,516,0.11662500000011278,28
1,4,burst,517,0.11483399999997346,28
1,4,burst,518,0.11775000000034197,28
1,4,burst,519,0.11608300000034433,28
1,4,burst,520,0.11887500000011642,28
1,4,burst,521,0.12608300000010786,28
1,4,burst,522,0.12225000000034925,28
1,4,burst,523,0.12154199999986304,28
1,4,burst,524,0.11720800000011877,28
1,4,burst,525,0.11466600000039762,28
1,4,burst,526,0.1178330000002461,28
1,4,burst,527,0.11683299999958763,28
1,4,burst,528,0.11683300000004238,28
1,4,burst,529,0.1185419999997066,28
1,4,burst,530,0.11937499999976353,28
1,4,burst,531,0.11566700000003038,28
1,4,burst,532,0.11704199999985576,28
1,4,burst,533,0.11595900000020265,28
1,4,burst,534,0.11758400000007896,28
1,4,burst,535,0.11479200000030687,28
1,4,burst,536,0.12158300000010058,28
1,4,burst,537,0.11700000000018917,28
1,4,burst,538,0.12529200000017227,28
1,4,burst,539,0.1202080000002752,28
1,4,burst,540,0.11791599999969549,28
1,4,burst,541,0.11954100000002654,28
1,4,burst,542,0.11762499999986176,28
1,4,burst,543,0.12079199999971024,28
1,4,burst,544,0.1172919999999067,28
1,4,burst,545,0.11833400000023175,28
1,4,burst,546,0.11991699999998673,28
1,4,burst,547,0.11799999999993815,28
1,4,burst,548,0.11599999999998545,28
1,4,burst,549,0.11395900000024994,28
1,4,burst,550,0.12433400000008987,28
1,4,burst,551,0.11687499999970896,28
1,4,burst,552,0.11679199999980483,28
1,4,burst,553,0.12216699999999037,28
1,4,burst,554,0.11833299999989322,28
1,4,burst,555,0.11679099999992104,28
1,4,burst,556,0.11945800000012241,28
1,4,burst,557,0.12770799999998417,28
1,4,burst,558,0.11937500000021828,28
1,4,burst,559,0.11758400000007896,28
1,4,burst,560,0.11724999999978536,28
1,4,burst,561,0.11629200000015771,28
1,4,burst,562,0.11804200000005949,28
1,4,burst,563,0.1172910000000229,28
1,4,burst,564,0.11687500000016371,28
1,4,burst,565,0.12208400000008623,28
1,4,burst,566,0.114875000000211,28
1,4,burst,567,0.11483299999963492,28
1,4,burst,568,0.1152910000000702,28
1,4,burst,569,0.12379099999998289,28
1,4,burst,570,0.1196669999999358,28
1,4,burst,571,0.11704200000031051,28
1,4,burst,572,0.12179199999991397,28
1,4,burst,573,0.11904199999980847,28
1,4,burst,574,0.11941700000033961,28
1,4,burst,575,0.11833300000034797,28
1,4,burst,576,0.11941600000000108,28
1,4,burst,577,0.1366250000000946,28
1,4,burst,578,0.11845799999991868,28
1,4,burst,579,0.12204100000008111,28
1,4,burst,580,0.11766699999998309,28
1,4,burst,581,0.11795800000027157,28
1,4,burst,582,0.11608299999988958,28
1,4,burst,583,0.11662499999965803,28
1,4,burst,584,0.12199999999984357,28
1,4,burst,585,0.12054199999965931,28
1,4,burst,586,0.12158399999998437,28
1,4,burst,587,0.11941699999988487,28
1,4,burst,588,0.11637500000006185,28
1,4,burst,589,0.12041700000008859,28
1,4,burst,590,0.11812499999996362,28
1,4,burst,591,0.12183300000015151,28
1,4,burst,592,0.11883299999999508,28
1,4,burst,593,0.12183300000015151,28
1,4,burst,594,0.11570800000026793,28
1,4,burst,595,0.11670800000001691,28
1,4,burst,596,0.12008300000024974,28
1,4,burst,597,0.11741600000004837,28
1,4,burst,598,0.11758300000019517,28
1,4,burst,599,0.12000000000034561,28
1,4,burst,600,0.1172910000000229,28
1,4,burst,601,0.120209000000159,28
1,4,burst,602,0.11658399999987523,28
1,4,burst,603,0.11466699999982666,28
1,4,burst,604,0.11645900000030451,28
1,4,burst,605,0.11783299999979135,28
1,4,burst,606,0.11608299999988958,28
1,4,burst,607,0.11466599999994287,28
1,4,burst,608,0.12145800000007512,28
1,4,burst,609,0.11620799999991505,28
1,4,burst,610,0.11483300000008967,28
1,4,burst,611,0.11650000000008731,28
1,4,burst,612,0.1167499999996835,28
1,4,burst,613,0.11670800000001691,28
1,4,burst,614,0.1169579999996131,28
1,4,burst,615,0.11975000000029468,28
1,4,burst,616,0.12416699999994307,28
1,4,burst,617,0.11612500000001091,28
1,4,burst,618,0.11474999999973079,28
1,4,burst,619,0.11824999999998909,28
1,4,burst,620,0.12195799999972223,28
1,4,burst,621,0.11591700000008132,28
1,4,burst,622,0.12295799999992596,28
1,4,burst,623,0.11824999999998909,28
1,4,burst,624,0.11758400000007896,28
1,4,burst,625,0.12175000000024738,28
1,4,burst,626,0.11770900000010442,28
1,4,burst,627,0.11595900000020265,28
1,4,burst,628,0.11866700000018682,28
1,4,burst,629,0.12274999999999636,28
1,4,burst,630,0.11604199999965203,28
1,4,burst,631,0.12283399999978428,28
1,4,burst,632,0.12087500000006912,28
1,4,burst,633,0.11737500000026557,28
1,4,burst,634,0.11579200000005585,28
1,4,burst,635,0.11545799999976225,28
1,4,burst,636,0.12283400000023903,28
1,4,burst,637,0.11670900000035545,28
1,4,burst,638,0.1170839999999771,28
1,4,burst,639,0.11737499999981083,28
1,4,burst,640,0.120375000000422,28
1,4,burst,641,0.1147080000000642,28
1,4,burst,642,0.11829200000011042,28
1,4,burst,643,0.1165419999997539,28
1,4,burst,644,0.1244579999997768,28
1,4,burst,645,0.11599999999998545,28
1,4,burst,646,0.11824999999998909,28
1,4,burst,647,0.11662499999965803,28
1,4,burst,648,0.12370800000007875,28
1,4,burst,649,0.11654100000032486,28
1,4,burst,650,0.11533300000019153,28
1,4,burst,651,0.12120800000002419,28
1,4,burst,652,8.326958000000104,28
1,4,burst,653,0.12933300000031522,28
1,4,burst,654,0.12237499999991996,28
1,4,burst,655,0.12154099999997925,28
1,4,burst,656,0.1207910000002812,28
1,4,burst,657,0.11837500000001455,28
1,4,burst,658,0.12562500000012733,28
1,4,burst,659,0.11616700000013225,28
1,4,burst,660,0.12112500000012005,28
1,4,burst,661,0.11766699999998309,28
1,4,burst,662,0.11695899999995163,28
1,4,burst,663,0.11883399999987887,28
1,4,burst,664,0.1347089999999298,28
1,4,burst,665,0.12137500000017099,28
1,4,burst,666,0.1172500000002401,28
1,4,burst,667,0.11837500000001455,28
1,4,burst,668,0.120209000000159,28
1,4,burst,669,0.11862500000006548,28
1,4,burst,670,0.11516699999992852,28
1,4,burst,671,0.12100000000009459,28
1,4,burst,672,0.12229200000001583,28
1,4,burst,673,0.11625000000003638,28
1,4,burst,674,0.11604200000010678,28
1,4,burst,675,0.21841700000004494,28
1,4,burst,676,0.1214999999997417,28
1,4,burst,677,0.11787499999991269,28
1,4,burst,678,0.11629199999970297,28
1,4,burst,679,0.12216699999999037,28
1,4,burst,680,0.12550000000010186,28
1,4,burst,681,0.11700000000018917,28
1,4,burst,682,0.11662500000011278,28
1,4,burst,683,0.12345800000002782,28
1,4,burst,684,0.11754100000007384,28
1,4,burst,685,0.11675000000013824,28
1,4,burst,686,0.11958300000014788,28
1,4,burst,687,0.11762499999986176,28
1,4,burst,688,0.11629200000015771,28
1,4,burst,689,0.11845900000025722,28
1,4,burst,690,0.11558299999978772,28
1,4,burst,691,0.12212499999986903,28
1,4,burst,692,0.11695899999995163,28
1,4,burst,693,0.1196669999999358,28
1,4,burst,694,22.513416000000234,28
1,4,burst,695,0.44845800000030067,28
1,4,burst,696,0.16866700000036872,28
1,4,burst,697,0.15770800000018426,28
1,4,burst,698,0.14179199999989578,28
1,4,burst,699,0.13945800000010422,28
1,4,burst,700,0.15129099999967366,28
1,4,burst,701,0.13475000000016735,28
1,4,burst,702,0.6732919999999467,28
1,4,burst,703,0.15958399999999529,28
1,4,burst,704,0.2007499999999709,28
1,4,burst,705,0.1414159999999356,28
1,4,burst,706,0.15241599999990285,28
1,4,burst,707,0.14016599999968093,28
1,4,burst,708,0.14350000000013097,28
1,4,burst,709,0.14075000000002547,28
1,4,burst,710,0.1390000000001237,28
1,4,burst,711,17.366959000000406,28
1,4,burst,712,0.22029199999997218,28
1,4,burst,713,0.1370839999999589,28
1,4,burst,714,0.12908399999969333,28
1,4,burst,715,0.13004199999977573,28
1,4,burst,716,0.12087499999961437,28
1,4,burst,717,0.11845799999991868,28
1,4,burst,718,0.12741700000015044,28
1,4,burst,719,0.1275420000001759,28
1,4,burst,720,0.12058299999989686,28
1,4,burst,721,0.12041599999975006,28
1,4,burst,722,0.12787500000013097,28
1,4,burst,723,0.118916999999783,28
1,4,burst,724,0.12100000000009459,28
1,4,burst,725,0.11720800000011877,28
1,4,burst,726,0.11933300000009694,28
1,4,burst,727,0.11762499999986176,28
1,4,burst,728,0.11916599999995015,28
1,4,burst,729,0.13429099999984828,28
1,4,burst,730,0.12354199999981574,28
1,4,burst,731,0.1181669999996302,28
1,4,burst,732,0.11812499999996362,28
1,4,burst,733,0.1158330000002934,28
1,4,burst,734,0.11808300000029703,28
1,4,burst,735,0.11633299999994051,28
1,4,burst,736,0.12129200000026685,28
1,4,burst,737,0.11470899999994799,28
1,4,burst,738,0.11900000000014188,28
1,4,burst,739,0.11504199999990306,28
1,4,burst,740,0.11845799999991868,28
1,4,burst,741,0.11266699999987395,28
1,4,burst,742,0.12800000000015643,28
1,4,burst,743,0.11541600000009566,28
1,4,burst,744,0.12525000000005093,28
1,4,burst,745,0.11524999999983265,28
1,4,burst,746,0.12695799999983137,28
1,4,burst,747,0.11812499999996362,28
1,4,burst,748,0.1178330000002461,28
1,4,burst,749,0.1220419999999649,28
1,4,burst,750,0.1194590000000062,28
1,4,burst,751,0.12033300000030067,28
1,4,burst,752,0.11999999999989086,28
1,4,burst,753,0.11954199999991033,28
1,4,burst,754,0.11604099999976825,28
1,4,burst,755,0.11683300000004238,28
1,4,burst,756,0.1145000000001346,28
1,4,burst,757,0.11654200000020865,28
1,4,burst,758,0.12345800000002782,28
1,4,burst,759,0.11658299999999144,28
1,4,burst,760,0.11758300000019517,28
1,4,burst,761,0.1202080000002752,28
1,4,burst,762,0.11991599999964819,28
1,4,burst,763,0.11700000000018917,28
1,4,burst,764,0.12350000000014916,28
1,4,burst,765,0.1187499999996362,28
1,4,burst,766,0.11716699999988123,28
1,4,burst,767,0.11724999999978536,28
1,4,burst,768,0.11470899999994799,28
1,4,burst,769,0.11979199999996126,28
1,4,burst,770,0.11679099999992104,28
1,4,burst,771,0.11895800000002055,28
1,4,burst,772,0.11883299999999508,28
1,4,burst,773,0.12141699999983757,28
1,4,burst,774,0.11770900000010442,28
1,4,burst,775,0.11824999999998909,28
1,4,burst,776,0.1212919999998121,28
1,4,burst,777,0.1271670000000995,28
1,4,burst,778,0.12400000000025102,28
1,4,burst,779,0.1196669999999358,28
1,4,burst,780,0.1196669999999358,28
1,4,burst,781,0.1205830000003516,28
1,4,burst,782,0.11612500000001091,28
1,4,burst,783,0.11679199999980483,28
1,4,burst,784,0.11712500000021464,28
1,4,burst,785,0.11979199999996126,28
1,4,burst,786,0.1230000000000473,28
1,4,burst,787,0.11620799999991505,28
1,4,burst,788,0.11437499999965439,28
1,4,burst,789,0.11749999999983629,28
1,4,burst,790,0.11520799999971132,28
1,4,burst,791,0.1149159999999938,28
1,4,burst,792,0.11491600000044855,28
1,4,burst,793,0.1271670000000995,28
1,4,burst,794,0.11383399999976973,28
1,4,burst,795,0.115458000000217,28
1,4,burst,796,0.1170830000000933,28
1,4,burst,797,0.11654099999987011,28
1,4,burst,798,0.11804200000005949,28
1,4,burst,799,0.11533400000007532,28
1,4,burst,800,0.11995800000022427,28
1,4,burst,801,0.11670800000001691,28
1,4,burst,802,0.11629099999981918,28
1,4,burst,803,0.11566700000003038,28
1,4,burst,804,0.11691700000028504,28
1,4,burst,805,0.11816600000020117,28
1,4,burst,806,0.114875000000211,28
1,4,burst,807,0.11983300000019881,28
1,4,burst,808,0.11991699999998673,28
1,4,burst,809,0.12316699999973935,28
1,4,burst,810,0.11837500000001455,28
1,4,burst,811,0.12108399999988251,28
1,4,burst,812,0.11937500000021828,28
1,4,burst,813,0.11558400000012625,28
1,4,burst,814,0.11733400000002803,28
1,4,burst,815,0.11787499999991269,28
1,4,burst,816,0.11687500000016371,28
1,4,burst,817,0.11499999999978172,28
1,4,burst,818,0.11537499999985812,28
1,4,burst,819,0.11283300000013696,28
1,4,burst,820,0.12016700000003766,28
1,4,burst,821,0.11287499999980355,28
1,4,burst,822,0.11745799999971496,28
1,4,burst,823,0.11533300000019153,28
1,4,burst,824,0.11937499999976353,28
1,4,burst,825,0.12079200000016499,28
1,4,burst,826,0.1149159999999938,28
1,4,burst,827,0.11533300000019153,28
1,4,burst,828,0.12495799999987867,28
1,4,burst,829,0.11916699999983393,28
1,4,burst,830,0.11370800000031522,28
1,4,burst,831,0.1143329999999878,28
1,4,burst,832,0.11808299999984229,28
1,4,burst,833,0.11370900000019901,28
1,4,burst,834,0.11524999999983265,28
1,4,burst,835,0.11554100000012113,28
1,4,burst,836,0.12175000000024738,28
1,4,burst,837,0.11408299999993687,28
1,4,burst,838,0.11591600000019753,28
1,4,burst,839,0.11545799999976225,28
1,4,burst,840,0.15179200000011406,28
1,4,burst,841,0.12337500000012369,28
1,4,burst,842,0.13075000000026193,28
1,4,burst,843,0.12958400000024994,28
1,4,burst,844,0.13741699999991397,28
1,4,burst,845,0.12249999999994543,28
1,4,burst,846,0.12770800000043891,28
1,4,burst,847,0.13187500000003638,28
1,4,burst,848,0.12583399999994072,28
1,4,burst,849,0.12633400000004258,28
1,4,burst,850,0.12237500000037471,28
1,4,burst,851,0.12249999999994543,28
1,4,burst,852,0.125166000000263,28
1,4,burst,853,0.13020800000003874,28
1,4,burst,854,0.13020800000003874,28
1,4,burst,855,0.12150000000019645,28
1,4,burst,856,0.1356670000000122,28
1,4,burst,857,0.12487499999997453,28
1,4,burst,858,0.12241699999958655,28
1,4,burst,859,0.12716699999964476,28
1,4,burst,860,0.13200000000006185,28
1,4,burst,861,0.12000000000034561,28
1,4,burst,862,0.12137500000017099,28
1,4,burst,863,0.13104199999997945,28
1,4,burst,864,0.11666599999989558,28
1,4,burst,865,0.13762499999984357,28
1,4,burst,866,0.11670800000001691,28
1,4,burst,867,0.13066600000001927,28
1,4,burst,868,0.12174999999979264,28
1,4,burst,869,0.12720900000022084,28
1,4,burst,870,0.11841700000013589,28
1,4,burst,871,0.12695799999983137,28
1,4,burst,872,0.1264579999997295,28
1,4,burst,873,0.12141699999983757,28
1,4,burst,874,0.1277500000001055,28
1,4,burst,875,0.1283330000001115,28
1,4,burst,876,0.12745799999993324,28
1,4,burst,877,0.11925000000019281,28
1,4,burst,878,0.12208300000020245,28
1,4,burst,879,0.12749999999959982,28
1,4,burst,880,0.1264169999999467,28
1,4,burst,881,0.12308400000028996,28
1,4,burst,882,0.1170830000000933,28
1,4,burst,883,0.13704099999995378,28
1,4,burst,884,0.13087499999983265,28
1,4,burst,885,0.15912500000013097,28
1,4,burst,886,0.14729200000010678,28
1,4,burst,887,0.15454099999988102,28
1,4,burst,888,0.14458300000023883,28
1,4,burst,889,0.15191700000013952,28
1,4,burst,890,0.1356660000001284,28
1,4,burst,891,0.15337499999986903,28
1,4,burst,892,0.15633400000024267,28
1,4,burst,893,0.14762500000006185,28
1,4,burst,894,0.14762500000006185,28
1,4,burst,895,0.1509579999997186,28
1,4,burst,896,0.1532919999999649,28
1,4,burst,897,0.13558399999965332,28
1,4,burst,898,0.15191700000013952,28
1,4,burst,899,0.14445800000021336,28
1,4,burst,900,0.14899999999988722,28
1,4,burst,901,0.15062499999976353,28
1,4,burst,902,0.1446249999999054,28
1,4,burst,903,0.15250000000014552,28
1,4,burst,904,0.1459580000000642,28
1,4,burst,905,0.14550000000008367,28
1,4,burst,906,0.14337499999965075,28
1,4,burst,907,0.15945899999996982,28
1,4,burst,908,0.15850000000000364,28
1,4,burst,909,0.14108299999998053,28
1,4,burst,910,0.15533300000015515,28
1,4,burst,911,0.14258299999983137,28
1,4,burst,912,0.16579200000023775,28
1,4,burst,913,0.14145899999994072,28
1,4,burst,914,0.15508300000010422,28
1,4,burst,915,28.782666999999947,28
1,4,burst,916,0.4349160000001575,28
1,4,burst,917,0.6113339999997152,28
1,4,burst,918,0.180833999999777,28
1,4,burst,919,0.6951669999998558,28
1,4,burst,920,0.19112500000028376,28
1,4,burst,921,0.6703750000001492,28
1,4,burst,922,0.1717079999998532,28
1,4,burst,923,0.24683299999969677,28
1,4,burst,924,0.16241700000000492,28
1,4,burst,925,0.8058750000000146,28
1,4,burst,926,4.7287499999997635,28
1,4,burst,927,0.16770800000040254,28
1,4,burst,928,0.15762499999982538,28
1,4,burst,929,0.14845900000000256,28
1,4,burst,930,0.15104199999996126,28
1,4,burst,931,0.14662499999985812,28
1,4,burst,932,0.1483749999997599,28
1,4,burst,933,0.14862499999981083,28
1,4,burst,934,0.14945799999986775,28
1,4,burst,935,0.14220799999975497,28
1,4,burst,936,0.14087500000005093,28
1,4,burst,937,0.1540420000001177,28
1,4,burst,938,0.14266700000007404,28
1,4,burst,939,0.1416669999998703,28
1,4,burst,940,0.14495899999974426,28
1,4,burst,941,0.14437500000030923,28
1,4,burst,942,0.14550000000008367,28
1,4,burst,943,0.14099999999962165,28
1,4,burst,944,0.1388329999999769,28
1,4,burst,945,0.14037499999994907,28
1,4,burst,946,0.14191600000003746,28
1,4,burst,947,0.145832999999584,28
1,4,burst,948,0.1390409999999065,28
1,4,burst,949,0.141208000000006,28
1,4,burst,950,0.14429199999995035,28
1,4,burst,951,0.14570899999989706,28
1,4,burst,952,0.14095799999995506,28
1,4,burst,953,0.1469160000001466,28
1,4,burst,954,0.14458299999978408,28
1,4,burst,955,0.1390000000001237,28
1,4,burst,956,0.13845899999978428,28
1,4,burst,957,0.14129200000024866,28
1,4,burst,958,0.1380829999998241,28
1,4,burst,959,0.13837499999999636,28
1,4,burst,960,0.13745800000015151,28
1,4,burst,961,0.1449999999999818,28
1,4,burst,962,0.1385830000003807,28
1,4,burst,963,0.14020800000025702,28
1,4,burst,964,0.1378749999998945,28
1,4,burst,965,0.14112500000010186,28
1,4,burst,966,0.13695800000004965,28
1,4,burst,967,9.842416999999841,28
1,4,burst,968,0.14354199999979755,28
1,4,burst,969,0.16716700000006313,28
1,4,burst,970,0.1395830000001297,28
1,4,burst,971,0.13816600000018298,28
1,4,burst,972,0.13499999999976353,28
1,4,burst,973,0.14112500000010186,28
1,4,burst,974,0.8217500000000655,28
1,4,burst,975,0.1505409999999756,28
1,4,burst,976,0.14445800000021336,28
1,4,burst,977,0.20516600000019025,28
1,4,burst,978,0.13554199999998673,28
1,4,burst,979,1.0580829999998969,28
1,4,burst,980,0.7643330000000788,28
1,4,burst,981,0.1475420000001577,28
1,4,burst,982,0.13762500000029831,28
1,4,burst,983,0.1454580000004171,28
1,4,burst,984,0.13458300000002055,28
1,4,burst,985,0.15925000000015643,28
1,4,burst,986,0.14712499999995998,28
1,4,burst,987,0.13791700000001583,28
1,4,burst,988,0.1373329999996713,28
1,4,burst,989,0.37512500000002547,28
1,4,burst,990,0.18008300000019517,28
1,4,burst,991,5.6155830000002425,28
1,4,burst,992,0.20108399999980975,28
1,4,burst,993,0.1614169999998012,28
1,4,burst,994,0.14245900000014444,28
1,4,burst,995,0.13908400000036636,28
1,4,burst,996,0.7830420000000231,28
1,4,burst,997,0.397707999999966,28
1,4,burst,998,0.15174999999999272,28
1,4,burst,999,0.265791000000263,28
2,1,idle,0,0.0019170000000485743,0
2,1,idle,1,0.001833000000260654,0
2,1,idle,2,0.0018329999998059066,0
2,1,idle,3,0.0018329999998059066,0
2,1,idle,4,0.002167000000099506,0
2,1,idle,5,0.0031249999997271516,0
2,1,idle,6,0.0032499999997526174,0
2,1,idle,7,0.0018340000001444423,0
2,1,idle,8,0.002167000000099506,0
2,1,idle,9,0.0019579999998313724,0
2,1,idle,10,0.002457999999933236,0
2,1,idle,11,0.002124999999978172,0
2,1,idle,12,0.00220900000022084,0
2,1,idle,13,0.0018340000001444423,0
2,1,idle,14,0.002124999999978172,0
2,1,idle,15,0.002167000000099506,0
2,1,idle,16,0.0022089999997660925,0
2,1,idle,17,0.0019160000001647859,0
2,1,idle,18,0.0020829999998568383,0
2,1,idle,19,0.0019999999999527063,0
2,1,idle,20,0.0023330000003625173,0
2,1,idle,21,0.002124999999978172,0
2,1,idle,22,0.0022089999997660925,0
2,1,idle,23,0.0018749999999272404,0
2,1,idle,24,0.00204200000007404,0
2,1,idle,25,0.0018340000001444423,0
2,1,idle,26,0.0023340000002463057,0
2,1,idle,27,0.0019170000000485743,0
2,1,idle,28,0.0018329999998059066,0
2,1,idle,29,0.0020410000001902517,0
2,1,idle,30,0.0029580000000350992,0
2,1,idle,31,0.0028750000001309672,0
2,1,idle,32,0.00179100000013932,0
2,1,idle,33,0.0019579999998313724,0
2,1,idle,34,0.0018329999998059066,0
2,1,idle,35,0.00204200000007404,0
2,1,idle,36,0.002250000000003638,0
2,1,idle,37,0.0019170000000485743,0
2,1,idle,38,0.002124999999978172,0
2,1,idle,39,0.0017920000000231084,0
2,1,idle,40,0.0019580000002861198,0
2,1,idle,41,0.0026250000000800355,0
2,1,idle,42,0.002541999999721156,0
2,1,idle,43,0.00233299999990777,0
2,1,idle,44,0.0020410000001902517,0
2,1,idle,45,0.0017499999999017746,0
2,1,idle,46,0.002124999999978172,0
2,1,idle,47,0.0029169999997975538,0
2,1,idle,48,0.0021659999997609702,0
2,1,idle,49,0.0020829999998568383,0
2,1,idle,50,0.002250000000003638,0
2,1,idle,51,0.0027920000002268353,0
2,1,idle,52,0.0023340000002463057,0
2,1,idle,53,0.0018340000001444423,0
2,1,idle,54,0.0023340000002463057,0
2,1,idle,55,0.0017920000000231084,0
2,1,idle,56,0.0017499999999017746,0
2,1,idle,57,0.002124999999978172,0
2,1,idle,58,0.0019999999999527063,0
2,1,idle,59,0.0019580000002861198,0
2,1,idle,60,0.001708000000235188,0
2,1,idle,61,0.0029159999999137654,0
2,1,idle,62,0.00204200000007404,0
2,1,idle,63,0.0022919999996702245,0
2,1,idle,64,0.0019999999999527063,0
2,1,idle,65,0.002250000000003638,0
2,1,idle,66,0.002124999999978172,0
2,1,idle,67,0.0019999999999527063,0
2,1,idle,68,0.002124999999978172,0
2,1,idle,69,0.0019999999999527063,0
2,1,idle,70,0.002292000000124972,0
2,1,idle,71,0.0018749999999272404,0
2,1,idle,72,0.0018340000001444423,0
2,1,idle,73,0.002250000000003638,0
2,1,idle,74,0.0020829999998568383,0
2,1,idle,75,0.001833000000260654,0
2,1,idle,76,0.003917000000001281,0
2,1,idle,77,0.00287499999967622,0
2,1,idle,78,0.0025420000001759036,0
2,1,idle,79,0.0019999999999527063,0
2,1,idle,80,0.0018749999999272404,0
2,1,idle,81,0.0018749999999272404,0
2,1,idle,82,0.002791999999772088,0
2,1,idle,83,0.00179100000013932,0
2,1,idle,84,0.002250000000003638,0
2,1,idle,85,0.0018749999999272404,0
2,1,idle,86,0.0021669999996447586,0
2,1,idle,87,0.0017499999999017746,0
2,1,idle,88,0.0018340000001444423,0
2,1,idle,89,0.002292000000124972,0
2,1,idle,90,0.0019160000001647859,0
2,1,idle,91,0.0018329999998059066,0
2,1,idle,92,0.003083000000060565,0
2,1,idle,93,0.0018749999999272404,0
2,1,idle,94,0.0024160000002666493,0
2,1,idle,95,0.0019579999998313724,0
2,1,idle,96,0.0038749999998799467,0
2,1,idle,97,0.0020829999998568383,0
2,1,idle,98,0.0021659999997609702,0
2,1,idle,99,0.0024170000001504377,0
2,1,idle,100,0.002084000000195374,0
2,1,idle,101,0.002292000000124972,0
2,1,idle,102,0.0020409999997355044,0
2,1,idle,103,0.0018749999999272404,0
2,1,idle,104,0.0021659999997609702,0
2,1,idle,105,0.00233299999990777,0
2,1,idle,106,0.0031669999998484855,0
2,1,idle,107,0.00204200000007404,0
2,1,idle,108,0.0018750000003819878,0
2,1,idle,109,0.0018340000001444423,0
2,1,idle,110,0.0023340000002463057,0
2,1,idle,111,0.0018340000001444423,0
2,1,idle,112,0.0019999999999527063,0
2,1,idle,113,0.0018749999999272404,0
2,1,idle,114,0.002540999999837368,0
2,1,idle,115,0.002207999999882304,0
2,1,idle,116,0.0018749999999272404,0
2,1,idle,117,0.0017920000000231084,0
2,1,idle,118,0.0019170000000485743,0
2,1,idle,119,0.0020000000004074536,0
2,1,idle,120,0.002292000000124972,0
2,1,idle,121,0.0018750000003819878,0
2,1,idle,122,0.0024170000001504377,0
2,1,idle,123,0.0028330000000096334,0
2,1,idle,124,0.0027079999999841675,0
2,1,idle,125,0.00204200000007404,0
2,1,idle,126,0.002541999999721156,0
2,1,idle,127,0.0018329999998059066,0
2,1,idle,128,0.0019999999999527063,0
2,1,idle,129,0.001833999999689695,0
2,1,idle,130,0.0019999999999527063,0
2,1,idle,131,0.0021669999996447586,0
2,1,idle,132,0.0017499999999017746,0
2,1,idle,133,0.0018340000001444423,0
2,1,idle,134,0.002124999999978172,0
2,1,idle,135,0.001708000000235188,0
2,1,idle,136,0.0037080000001878943,0
2,1,idle,137,0.0033749999997780833,0
2,1,idle,138,0.0018749999999272404,0
2,1,idle,139,0.001959000000169908,0
2,1,idle,140,0.001791999999568361,0
2,1,idle,141,0.002708000000438915,0
2,1,idle,142,0.002375000000029104,0
2,1,idle,143,0.0019579999998313724,0
2,1,idle,144,0.0019999999999527063,0
2,1,idle,145,0.001833000000260654,0
2,1,idle,146,0.0022080000003370515,0
2,1,idle,147,0.0021660000002157176,0
2,1,idle,148,0.0019999999999527063,0
2,1,idle,149,0.0022080000003370515,0
2,1,idle,150,0.0021660000002157176,0
2,1,idle,151,0.0018749999999272404,0
2,1,idle,152,0.00233299999990777,0
2,1,idle,153,0.0017920000000231084,0
2,1,idle,154,0.0028750000001309672,0
2,1,idle,155,0.001916999999593827,0
2,1,idle,156,0.0018340000001444423,0
2,1,idle,157,0.002292000000124972,0
2,1,idle,158,0.002749999999650754,0
2,1,idle,159,0.0018340000001444423,0
2,1,idle,160,0.002084000000195374,0
2,1,idle,161,0.0018340000001444423,0
2,1,idle,162,0.0021659999997609702,0
2,1,idle,163,0.002250000000003638,0
2,1,idle,164,0.0019999999999527063,0
2,1,idle,165,0.0019579999998313724,0
2,1,idle,166,0.0028330000000096334,0
2,1,idle,167,0.0031249999997271516,0
2,1,idle,168,0.002541999999721156,0
2,1,idle,169,0.0020829999998568383,0
2,1,idle,170,0.002124999999978172,0
2,1,idle,171,0.001833999999689695,0
2,1,idle,172,0.0020839999997406267,0
2,1,idle,173,0.002124999999978172,0
2,1,idle,174,0.0019999999999527063,0
2,1,idle,175,0.0019580000002861198,0
2,1,idle,176,0.002124999999978172,0
2,1,idle,177,0.0018340000001444423,0
2,1,idle,178,0.0025840000002972374,0
2,1,idle,179,0.0018749999999272404,0
2,1,idle,180,0.0018749999999272404,0
2,1,idle,181,0.0019159999997100385,0
2,1,idle,182,0.0019170000000485743,0
2,1,idle,183,0.0017499999999017746,0
2,1,idle,184,0.002207999999882304,0
2,1,idle,185,0.002666999999746622,0
2,1,idle,186,0.002540999999837368,0
2,1,idle,187,0.0018749999999272404,0
2,1,idle,188,0.001833000000260654,0
2,1,idle,189,0.0022910000002411834,0
2,1,idle,190,0.0019170000000485743,0
2,1,idle,191,0.0019580000002861198,0
2,1,idle,192,0.0019580000002861198,0
2,1,idle,193,0.0018749999999272404,0
2,1,idle,194,0.0024170000001504377,0
2,1,idle,195,0.0017909999996845727,0
2,1,idle,196,0.002124999999978172,0
2,1,idle,197,0.0020829999998568383,0
2,1,idle,198,0.0027079999999841675,0
2,1,idle,199,0.002415999999811902,0
2,1,idle,200,0.002124999999978172,0
2,1,idle,201,0.0019999999999527063,0
2,1,idle,202,0.00204200000007404,0
2,1,idle,203,0.0017499999999017746,0
2,1,idle,204,0.0017499999999017746,0
2,1,idle,205,0.002207999999882304,0
2,1,idle,206,0.0019160000001647859,0
2,1,idle,207,0.0027920000002268353,0
2,1,idle,208,0.0018340000001444423,0
2,1,idle,209,0.0018749999999272404,0
2,1,idle,210,0.002457999999933236,0
2,1,idle,211,0.001750000000356522,0
2,1,idle,212,0.0019579999998313724,0
2,1,idle,213,0.0028330000000096334,0
2,1,idle,214,0.002375000000029104,0
2,1,idle,215,0.002250000000003638,0
2,1,idle,216,0.001958999999715161,0
2,1,idle,217,0.001708999999664229,0
2,1,idle,218,0.00204200000007404,0
2,1,idle,219,0.00179100000013932,0
2,1,idle,220,0.002207999999882304,0
2,1,idle,221,0.0018749999999272404,0
2,1,idle,222,0.0018749999999272404,0
2,1,idle,223,0.0018340000001444423,0
2,1,idle,224,0.0017499999999017746,0
2,1,idle,225,0.0017499999999017746,0
2,1,idle,226,0.0023330000003625173,0
2,1,idle,227,0.0020830000003115856,0
2,1,idle,228,0.0017920000000231084,0
2,1,idle,229,0.0018749999999272404,0
2,1,idle,230,0.0028750000001309672,0
2,1,idle,231,0.002250000000003638,0
2,1,idle,232,0.001959000000169908,0
2,1,idle,233,0.0018340000001444423,0
2,1,idle,234,0.0019999999999527063,0
2,1,idle,235,0.0017499999999017746,0
2,1,idle,236,0.0020410000001902517,0
2,1,idle,237,0.001750000000356522,0
2,1,idle,238,0.0017499999999017746,0
2,1,idle,239,0.0017920000000231084,0
2,1,idle,240,0.0019999999999527063,0
2,1,idle,241,0.0017499999999017746,0
2,1,idle,242,0.002292000000124972,0
2,1,idle,243,0.0017499999999017746,0
2,1,idle,244,0.001916999999593827,0
2,1,idle,245,0.0019580000002861198,0
2,1,idle,246,0.002666000000317581,0
2,1,idle,247,0.0022919999996702245,0
2,1,idle,248,0.0020410000001902517,0
2,1,idle,249,0.0029580000000350992,0
2,1,idle,250,0.0020829999998568383,0
2,1,idle,251,0.0018749999999272404,0
2,1,idle,252,0.00233299999990777,0
2,1,idle,253,0.0019999999999527063,0
2,1,idle,254,0.0020839999997406267,0
2,1,idle,255,0.0018749999999272404,0
2,1,idle,256,0.002583000000413449,0
2,1,idle,257,0.002250000000003638,0
2,1,idle,258,0.0019579999998313724,0
2,1,idle,259,0.0018749999999272404,0
2,1,idle,260,0.0017499999999017746,0
2,1,idle,261,0.0019579999998313724,0
2,1,idle,262,0.0018749999999272404,0
2,1,idle,263,0.002250000000003638,0
2,1,idle,264,0.0019170000000485743,0
2,1,idle,265,0.0019170000000485743,0
2,1,idle,266,0.0020000000004074536,0
2,1,idle,267,0.0019999999999527063,0
2,1,idle,268,0.0021660000002157176,0
2,1,idle,269,0.0018750000003819878,0
2,1,idle,270,0.0025829999999587017,0
2,1,idle,271,0.002124999999978172,0
2,1,idle,272,0.0019579999998313724,0
2,1,idle,273,0.0022910000002411834,0
2,1,idle,274,0.0019170000000485743,0
2,1,idle,275,0.002666999999746622,0
2,1,idle,276,0.002624999999625288,0
2,1,idle,277,0.0019580000002861198,0
2,1,idle,278,0.002250000000003638,0
2,1,idle,279,0.0018329999998059066,0
2,1,idle,280,0.0020410000001902517,0
2,1,idle,281,0.0019999999999527063,0
2,1,idle,282,0.0025829999999587017,0
2,1,idle,283,0.0018749999999272404,0
2,1,idle,284,0.00233299999990777,0
2,1,idle,285,0.0019579999998313724,0
2,1,idle,286,0.0019579999998313724,0
2,1,idle,287,0.0029169999997975538,0
2,1,idle,288,0.001958999999715161,0
2,1,idle,289,0.002250000000003638,0
2,1,idle,290,0.0019170000000485743,0
2,1,idle,291,0.0019999999999527063,0
2,1,idle,292,0.0017079999997804407,0
2,1,idle,293,0.0018329999998059066,0
2,1,idle,294,0.00233299999990777,0
2,1,idle,295,0.0017079999997804407,0
2,1,idle,296,0.001833000000260654,0
2,1,idle,297,0.001750000000356522,0
2,1,idle,298,0.0019999999999527063,0
2,1,idle,299,0.0023330000003625173,0
2,1,idle,300,0.00179100000013932,0
2,1,idle,301,0.00204200000007404,0
2,1,idle,302,0.0018749999999272404,0
2,1,idle,303,0.0019579999998313724,0
2,1,idle,304,0.0019579999998313724,0
2,1,idle,305,0.00233299999990777,0
2,1,idle,306,0.002167000000099506,0
2,1,idle,307,0.001959000000169908,0
2,1,idle,308,0.0017920000000231084,0
2,1,idle,309,0.0019999999999527063,0
2,1,idle,310,0.0023339999997915584,0
2,1,idle,311,0.001958999999715161,0
2,1,idle,312,0.10891700000001947,0
2,1,idle,313,0.01033400000005713,0
2,1,idle,314,0.0024590000002717716,0
2,1,idle,315,0.0032089999999698193,0
2,1,idle,316,0.002124999999978172,0
2,1,idle,317,0.0020830000003115856,0
2,1,idle,318,0.002124999999978172,0
2,1,idle,319,0.0024169999996956903,0
2,1,idle,320,0.002541999999721156,0
2,1,idle,321,0.0021669999996447586,0
2,1,idle,322,0.0020839999997406267,0
2,1,idle,323,0.002167000000099506,0
2,1,idle,324,0.0035410000000410946,0
2,1,idle,325,0.003666999999950349,0
2,1,idle,326,0.0033749999997780833,0
2,1,idle,327,0.002124999999978172,0
2,1,idle,328,0.0019159999997100385,0
2,1,idle,329,0.0019170000000485743,0
2,1,idle,330,0.0018329999998059066,0
2,1,idle,331,0.002457999999933236,0
2,1,idle,332,0.0019170000000485743,0
2,1,idle,333,0.001958999999715161,0
2,1,idle,334,0.001958999999715161,0
2,1,idle,335,0.001833000000260654,0
2,1,idle,336,0.0023330000003625173,0
2,1,idle,337,0.003290999999990163,0
2,1,idle,338,0.0017920000000231084,0
2,1,idle,339,0.001958999999715161,0
2,1,idle,340,0.001833999999689695,0
2,1,idle,341,0.0019999999999527063,0
2,1,idle,342,0.002250000000003638,0
2,1,idle,343,0.0019170000000485743,0
2,1,idle,344,0.0019999999999527063,0
2,1,idle,345,0.00204200000007404,0
2,1,idle,346,0.0018749999999272404,0
2,1,idle,347,0.0025000000000545697,0
2,1,idle,348,0.0018329999998059066,0
2,1,idle,349,0.0019999999999527063,0
2,1,idle,350,0.0018329999998059066,0
2,1,idle,351,0.0018749999999272404,0
2,1,idle,352,0.0022919999996702245,0
2,1,idle,353,0.001833000000260654,0
2,1,idle,354,0.0018749999999272404,0
2,1,idle,355,0.0017909999996845727,0
2,1,idle,356,0.0017079999997804407,0
2,1,idle,357,0.002250000000003638,0
2,1,idle,358,0.0019999999999527063,0
2,1,idle,359,0.002084000000195374,0
2,1,idle,360,0.001833999999689695,0
2,1,idle,361,0.001958999999715161,0
2,1,idle,362,0.0017499999999017746,0
2,1,idle,363,0.002250000000003638,0
2,1,idle,364,0.0019160000001647859,0
2,1,idle,365,0.003000000000156433,0
2,1,idle,366,0.0026250000000800355,0
2,1,idle,367,0.0026659999998628336,0
2,1,idle,368,0.00233299999990777,0
2,1,idle,369,0.0019170000000485743,0
2,1,idle,370,0.0017920000000231084,0
2,1,idle,371,0.0019160000001647859,0
2,1,idle,372,0.0020000000004074536,0
2,1,idle,373,0.00233299999990777,0
2,1,idle,374,0.0018749999999272404,0
2,1,idle,375,0.0018749999999272404,0
2,1,idle,376,0.0019170000000485743,0
2,1,idle,377,0.0017920000000231084,0
2,1,idle,378,0.00233299999990777,0
2,1,idle,379,0.0019159999997100385,0
2,1,idle,380,0.0027079999999841675,0
2,1,idle,381,0.0019579999998313724,0
2,1,idle,382,0.0029580000000350992,0
2,1,idle,383,0.0019170000000485743,0
2,1,idle,384,0.003250000000207365,0
2,1,idle,385,0.0022080000003370515,0
2,1,idle,386,0.0019170000000485743,0
2,1,idle,387,0.0020839999997406267,0
2,1,idle,388,0.0019999999999527063,0
2,1,idle,389,0.002541999999721156,0
2,1,idle,390,0.001916999999593827,0
2,1,idle,391,0.0019160000001647859,0
2,1,idle,392,0.002250000000003638,0
2,1,idle,393,0.0019160000001647859,0
2,1,idle,394,0.0022919999996702245,0
2,1,idle,395,0.00204200000007404,0
2,1,idle,396,0.0019580000002861198,0
2,1,idle,397,0.0020409999997355044,0
2,1,idle,398,0.0017920000000231084,0
2,1,idle,399,0.003208000000086031,0
2,1,idle,400,0.0019579999998313724,0
2,1,idle,401,0.0018749999999272404,0
2,1,idle,402,0.0018329999998059066,0
2,1,idle,403,0.0020409999997355044,0
2,1,idle,404,0.0018749999999272404,0
2,1,idle,405,0.00233299999990777,0
2,1,idle,406,0.00179100000013932,0
2,1,idle,407,0.001916999999593827,0
2,1,idle,408,0.0027909999998882995,0
2,1,idle,409,0.0019170000000485743,0
2,1,idle,410,0.003416999999899417,0
2,1,idle,411,0.0021659999997609702,0
2,1,idle,412,0.0020829999998568383,0
2,1,idle,413,0.00204200000007404,0
2,1,idle,414,0.0019170000000485743,0
2,1,idle,415,0.002250000000003638,0
2,1,idle,416,0.0019170000000485743,0
2,1,idle,417,0.0018329999998059066,0
2,1,idle,418,0.0018329999998059066,0
2,1,idle,419,0.00179100000013932,0
2,1,idle,420,0.0022919999996702245,0
2,1,idle,421,0.0019170000000485743,0
2,1,idle,422,0.0019580000002861198,0
2,1,idle,423,0.0017909999996845727,0
2,1,idle,424,0.0019579999998313724,0
2,1,idle,425,0.0017920000000231084,0
2,1,idle,426,0.002250000000003638,0
2,1,idle,427,0.0018750000003819878,0
2,1,idle,428,0.0018750000003819878,0
2,1,idle,429,0.0019580000002861198,0
2,1,idle,430,0.0019160000001647859,0
2,1,idle,431,0.0022919999996702245,0
2,1,idle,432,0.0019999999999527063,0
2,1,idle,433,0.0018749999999272404,0
2,1,idle,434,0.0020409999997355044,0
2,1,idle,435,0.0019999999999527063,0
2,1,idle,436,0.002290999999786436,0
2,1,idle,437,0.0019579999998313724,0
2,1,idle,438,0.0020829999998568383,0
2,1,idle,439,0.00204200000007404,0
2,1,idle,440,0.0019999999999527063,0
2,1,idle,441,0.001833999999689695,0
2,1,idle,442,0.0022089999997660925,0
2,1,idle,443,0.0017499999999017746,0
2,1,idle,444,0.0018329999998059066,0
2,1,idle,445,0.0017499999999017746,0
2,1,idle,446,0.0018749999999272404,0
2,1,idle,447,0.002084000000195374,0
2,1,idle,448,0.002124999999978172,0
2,1,idle,449,0.003000000000156433,0
2,1,idle,450,0.0020409999997355044,0
2,1,idle,451,0.0019579999998313724,0
2,1,idle,452,0.002457999999933236,0
2,1,idle,453,0.00204200000007404,0
2,1,idle,454,0.0019170000000485743,0
2,1,idle,455,0.0027500000001055014,0
2,1,idle,456,0.0019999999999527063,0
2,1,idle,457,0.002292000000124972,0
2,1,idle,458,0.0019999999999527063,0
2,1,idle,459,0.0018340000001444423,0
2,1,idle,460,0.0019170000000485743,0
2,1,idle,461,0.0026250000000800355,0
2,1,idle,462,0.0019170000000485743,0
2,1,idle,463,0.002250000000003638,0
2,1,idle,464,0.002167000000099506,0
2,1,idle,465,0.00204200000007404,0
2,1,idle,466,0.001916999999593827,0
2,1,idle,467,0.0020410000001902517,0
2,1,idle,468,0.0022919999996702245,0
2,1,idle,469,0.0018749999999272404,0
2,1,idle,470,0.0018340000001444423,0
2,1,idle,471,0.002084000000195374,0
2,1,idle,472,0.0028339999998934218,0
2,1,idle,473,0.00258399999984249,0
2,1,idle,474,0.001833999999689695,0
2,1,idle,475,0.0018749999999272404,0
2,1,idle,476,0.0019999999999527063,0
2,1,idle,477,0.0018329999998059066,0
2,1,idle,478,0.0021659999997609702,0
2,1,idle,479,0.0018329999998059066,0
2,1,idle,480,0.0019579999998313724,0
2,1,idle,481,0.0018749999999272404,0
2,1,idle,482,0.0017499999999017746,0
2,1,idle,483,0.0017920000000231084,0
2,1,idle,484,0.0022919999996702245,0
2,1,idle,485,0.0018340000001444423,0
2,1,idle,486,0.0017499999999017746,0
2,1,idle,487,0.0019579999998313724,0
2,1,idle,488,0.0019580000002861198,0
2,1,idle,489,0.00233299999990777,0
2,1,idle,490,0.001959000000169908,0
2,1,idle,491,0.002624999999625288,0
2,1,idle,492,0.0026670000002013694,0
2,1,idle,493,0.0018749999999272404,0
2,1,idle,494,0.002250000000003638,0
2,1,idle,495,0.0020409999997355044,0
2,1,idle,496,0.0019999999999527063,0
2,1,idle,497,0.0019999999999527063,0
2,1,idle,498,0.001833999999689695,0
2,1,idle,499,0.0021669999996447586,0
2,1,idle,500,0.13170799999988958,0
2,1,idle,501,0.00670799999988958,0
2,1,idle,502,0.0025829999999587017,0
2,1,idle,503,0.00233299999990777,0
2,1,idle,504,0.002292000000124972,0
2,1,idle,505,0.0032089999999698193,0
2,1,idle,506,0.01133399999980611,0
2,1,idle,507,0.003333999999995285,0
2,1,idle,508,0.0023340000002463057,0
2,1,idle,509,0.00204200000007404,0
2,1,idle,510,0.0026250000000800355,0
2,1,idle,511,0.002084000000195374,0
2,1,idle,512,0.0025840000002972374,0
2,1,idle,513,0.002292000000124972,0
2,1,idle,514,0.0023330000003625173,0
2,1,idle,515,0.002458000000387983,0
2,1,idle,516,0.0024160000002666493,0
2,1,idle,517,0.002124999999978172,0
2,1,idle,518,0.002207999999882304,0
2,1,idle,519,0.002124999999978172,0
2,1,idle,520,0.0026250000000800355,0
2,1,idle,521,0.0019580000002861198,0
2,1,idle,522,0.0019999999999527063,0
2,1,idle,523,0.003125000000181899,0
2,1,idle,524,0.002124999999978172,0
2,1,idle,525,0.0019170000000485743,0
2,1,idle,526,0.002167000000099506,0
2,1,idle,527,0.0018749999999272404,0
2,1,idle,528,0.002666999999746622,0
2,1,idle,529,0.00179100000013932,0
2,1,idle,530,0.001708000000235188,0
2,1,idle,531,0.002250000000003638,0
2,1,idle,532,0.0032089999999698193,0
2,1,idle,533,0.00408400000014808,0
2,1,idle,534,0.002167000000099506,0
2,1,idle,535,0.00204200000007404,0
2,1,idle,536,0.00258399999984249,0
2,1,idle,537,0.0017920000000231084,0
2,1,idle,538,0.0020829999998568383,0
2,1,idle,539,0.00179100000013932,0
2,1,idle,540,0.0017920000000231084,0
2,1,idle,541,0.0017920000000231084,0
2,1,idle,542,0.0021659999997609702,0
2,1,idle,543,0.002124999999978172,0
2,1,idle,544,0.0018749999999272404,0
2,1,idle,545,0.0018749999999272404,0
2,1,idle,546,0.0018340000001444423,0
2,1,idle,547,0.002124999999978172,0
2,1,idle,548,0.0019170000000485743,0
2,1,idle,549,0.0017920000000231084,0
2,1,idle,550,0.00179100000013932,0
2,1,idle,551,0.0017920000000231084,0
2,1,idle,552,0.0023330000003625173,0
2,1,idle,553,0.0019160000001647859,0
2,1,idle,554,0.0017499999999017746,0
2,1,idle,555,0.0019999999999527063,0
2,1,idle,556,0.00204200000007404,0
2,1,idle,557,0.0021659999997609702,0
2,1,idle,558,0.0019170000000485743,0
2,1,idle,559,0.0017920000000231084,0
2,1,idle,560,0.0020829999998568383,0
2,1,idle,561,0.0019160000001647859,0
2,1,idle,562,0.0017920000000231084,0
2,1,idle,563,0.00204200000007404,0
2,1,idle,564,0.0018749999999272404,0
2,1,idle,565,0.0017920000000231084,0
2,1,idle,566,0.0017499999999017746,0
2,1,idle,567,0.00179100000013932,0
2,1,idle,568,0.002207999999882304,0
2,1,idle,569,0.0019579999998313724,0
2,1,idle,570,0.0019170000000485743,0
2,1,idle,571,0.0017499999999017746,0
2,1,idle,572,0.0018329999998059066,0
2,1,idle,573,0.003250000000207365,0
2,1,idle,574,0.003250000000207365,0
2,1,idle,575,0.0019999999999527063,0
2,1,idle,576,0.0019170000000485743,0
2,1,idle,577,0.0020839999997406267,0
2,1,idle,578,0.002250000000003638,0
2,1,idle,579,0.001833000000260654,0
2,1,idle,580,0.0019579999998313724,0
2,1,idle,581,0.0017079999997804407,0
2,1,idle,582,0.0017499999999017746,0
2,1,idle,583,0.0019159999997100385,0
2,1,idle,584,0.00233299999990777,0
2,1,idle,585,0.0027920000002268353,0
2,1,idle,586,0.0017499999999017746,0
2,1,idle,587,0.002207999999882304,0
2,1,idle,588,0.0019579999998313724,0
2,1,idle,589,0.002207999999882304,0
2,1,idle,590,0.00179100000013932,0
2,1,idle,591,0.0019999999999527063,0
2,1,idle,592,0.0020410000001902517,0
2,1,idle,593,0.0019170000000485743,0
2,1,idle,594,0.002375000000029104,0
2,1,idle,595,0.002041999999619293,0
2,1,idle,596,0.002124999999978172,0
2,1,idle,597,0.0021669999996447586,0
2,1,idle,598,0.002666999999746622,0
2,1,idle,599,0.0025000000000545697,0
2,1,idle,600,0.0018749999999272404,0
2,1,idle,601,0.0020829999998568383,0
2,1,idle,602,0.0019580000002861198,0
2,1,idle,603,0.002791000000343047,0
2,1,idle,604,0.002124999999978172,0
2,1,idle,605,0.002207999999882304,0
2,1,idle,606,0.0018749999999272404,0
2,1,idle,607,0.001958999999715161,0
2,1,idle,608,0.0018749999999272404,0
2,1,idle,609,0.00204200000007404,0
2,1,idle,610,0.002167000000099506,0
2,1,idle,611,0.002749999999650754,0
2,1,idle,612,0.0019999999999527063,0
2,1,idle,613,0.0020829999998568383,0
2,1,idle,614,0.002666999999746622,0
2,1,idle,615,0.002375000000029104,0
2,1,idle,616,0.0019999999999527063,0
2,1,idle,617,0.0024160000002666493,0
2,1,idle,618,0.00204200000007404,0
2,1,idle,619,0.001958999999715161,0
2,1,idle,620,0.0024169999996956903,0
2,1,idle,621,0.0019580000002861198,0
2,1,idle,622,0.0020830000003115856,0
2,1,idle,623,0.001833000000260654,0
2,1,idle,624,0.0020830000003115856,0
2,1,idle,625,0.002207999999882304,0
2,1,idle,626,0.00233299999990777,0
2,1,idle,627,0.0020830000003115856,0
2,1,idle,628,0.0018329999998059066,0
2,1,idle,629,0.0018749999999272404,0
2,1,idle,630,0.0019170000000485743,0
2,1,idle,631,0.002207999999882304,0
2,1,idle,632,0.0019999999999527063,0
2,1,idle,633,0.0019579999998313724,0
2,1,idle,634,0.0016660000001138542,0
2,1,idle,635,0.0019170000000485743,0
2,1,idle,636,0.002292000000124972,0
2,1,idle,637,0.00179100000013932,0
2,1,idle,638,0.0017920000000231084,0
2,1,idle,639,0.0017920000000231084,0
2,1,idle,640,0.0019999999999527063,0
2,1,idle,641,0.002041999999619293,0
2,1,idle,642,0.002207999999882304,0
2,1,idle,643,0.0020829999998568383,0
2,1,idle,644,0.0020410000001902517,0
2,1,idle,645,0.0017920000000231084,0
2,1,idle,646,0.0017920000000231084,0
2,1,idle,647,0.01654099999996106,0
2,1,idle,648,0.002250000000003638,0
2,1,idle,649,0.0020830000003115856,0
2,1,idle,650,0.0020830000003115856,0
2,1,idle,651,0.0019170000000485743,0
2,1,idle,652,0.0023339999997915584,0
2,1,idle,653,0.0019170000000485743,0
2,1,idle,654,0.0020830000003115856,0
2,1,idle,655,0.002791000000343047,0
2,1,idle,656,0.0020830000003115856,0
2,1,idle,657,0.002375000000029104,0
2,1,idle,658,0.0018749999999272404,0
2,1,idle,659,0.0019170000000485743,0
2,1,idle,660,0.0020410000001902517,0
2,1,idle,661,0.0020829999998568383,0
2,1,idle,662,0.00204200000007404,0
2,1,idle,663,0.0024170000001504377,0
2,1,idle,664,0.0020829999998568383,0
2,1,idle,665,0.0018749999999272404,0
2,1,idle,666,0.0019159999997100385,0
2,1,idle,667,0.0019170000000485743,0
2,1,idle,668,0.002250000000003638,0
2,1,idle,669,0.0026250000000800355,0
2,1,idle,670,0.002540999999837368,0
2,1,idle,671,0.002457999999933236,0
2,1,idle,672,0.002124999999978172,0
2,1,idle,673,0.002375000000029104,0
2,1,idle,674,0.0020410000001902517,0
2,1,idle,675,0.0019170000000485743,0
2,1,idle,676,0.0019999999999527063,0
2,1,idle,677,0.0019170000000485743,0
2,1,idle,678,0.002375000000029104,0
2,1,idle,679,0.0019579999998313724,0
2,1,idle,680,0.0019579999998313724,0
2,1,idle,681,0.0018749999999272404,0
2,1,idle,682,0.0019160000001647859,0
2,1,idle,683,0.0017920000000231084,0
2,1,idle,684,0.0023339999997915584,0
2,1,idle,685,0.0018749999999272404,0
2,1,idle,686,0.0017499999999017746,0
2,1,idle,687,0.0019159999997100385,0
2,1,idle,688,0.00204200000007404,0
2,1,idle,689,0.0024170000001504377,0
2,1,idle,690,0.0019159999997100385,0
2,1,idle,691,0.0017920000000231084,0
2,1,idle,692,0.0018749999999272404,0
2,1,idle,693,0.0019580000002861198,0
2,1,idle,694,0.002167000000099506,0
2,1,idle,695,0.0018749999999272404,0
2,1,idle,696,0.002791999999772088,0
2,1,idle,697,0.0019999999999527063,0
2,1,idle,698,0.0017920000000231084,0
2,1,idle,699,0.0022910000002411834,0
2,1,idle,700,0.0018749999999272404,0
2,1,idle,701,0.0027079999999841675,0
2,1,idle,702,0.0018749999999272404,0
2,1,idle,703,0.0019170000000485743,0
2,1,idle,704,0.0019999999999527063,0
2,1,idle,705,0.002167000000099506,0
2,1,idle,706,0.0018749999999272404,0
2,1,idle,707,0.001750000000356522,0
2,1,idle,708,0.001916999999593827,0
2,1,idle,709,0.0026659999998628336,0
2,1,idle,710,0.002124999999978172,0
2,1,idle,711,0.0020829999998568383,0
2,1,idle,712,0.0018749999999272404,0
2,1,idle,713,0.001833000000260654,0
2,1,idle,714,0.0019580000002861198,0
2,1,idle,715,0.0027500000001055014,0
2,1,idle,716,0.0018749999999272404,0
2,1,idle,717,0.0016669999999976426,0
2,1,idle,718,0.0018340000001444423,0
2,1,idle,719,0.0018340000001444423,0
2,1,idle,720,0.002250000000003638,0
2,1,idle,721,0.0019999999999527063,0
2,1,idle,722,0.0017499999999017746,0
2,1,idle,723,0.001708000000235188,0
2,1,idle,724,0.0019580000002861198,0
2,1,idle,725,0.0018749999999272404,0
2,1,idle,726,0.002207999999882304,0
2,1,idle,727,0.002124999999978172,0
2,1,idle,728,0.0019170000000485743,0
2,1,idle,729,0.0026250000000800355,0
2,1,idle,730,0.0017909999996845727,0
2,1,idle,731,0.002375000000029104,0
2,1,idle,732,0.0018329999998059066,0
2,1,idle,733,0.0019159999997100385,0
2,1,idle,734,0.0017920000000231084,0
2,1,idle,735,0.001958999999715161,0
2,1,idle,736,0.0023339999997915584,0
2,1,idle,737,0.001958999999715161,0
2,1,idle,738,0.0027500000001055014,0
2,1,idle,739,0.0018749999999272404,0
2,1,idle,740,0.0020410000001902517,0
2,1,idle,741,0.001708000000235188,0
2,1,idle,742,0.002124999999978172,0
2,1,idle,743,0.001833000000260654,0
2,1,idle,744,0.0018749999999272404,0
2,1,idle,745,0.00204200000007404,0
2,1,idle,746,0.0018329999998059066,0
2,1,idle,747,0.002207999999882304,0
2,1,idle,748,0.0019160000001647859,0
2,1,idle,749,0.001833000000260654,0
2,1,idle,750,0.0017920000000231084,0
2,1,idle,751,0.0019160000001647859,0
2,1,idle,752,0.002167000000099506,0
2,1,idle,753,0.002084000000195374,0
2,1,idle,754,0.002124999999978172,0
2,1,idle,755,0.0017499999999017746,0
2,1,idle,756,0.0018749999999272404,0
2,1,idle,757,0.0021669999996447586,0
2,1,idle,758,0.0026250000000800355,0
2,1,idle,759,0.04787499999974898,0
2,1,idle,760,0.008874999999989086,0
2,1,idle,761,0.003250000000207365,0
2,1,idle,762,0.0025000000000545697,0
2,1,idle,763,0.004040999999688211,0
2,1,idle,764,0.0032499999997526174,0
2,1,idle,765,0.002375000000029104,0
2,1,idle,766,0.0025829999999587017,0
2,1,idle,767,0.002124999999978172,0
2,1,idle,768,0.00287499999967622,0
2,1,idle,769,0.0019999999999527063,0
2,1,idle,770,0.0018749999999272404,0
2,1,idle,771,0.005583000000115135,0
2,1,idle,772,0.001958999999715161,0
2,1,idle,773,0.0026670000002013694,0
2,1,idle,774,0.0019999999999527063,0
2,1,idle,775,0.0018749999999272404,0
2,1,idle,776,0.0019170000000485743,0
2,1,idle,777,0.0019579999998313724,0
2,1,idle,778,0.0025000000000545697,0
2,1,idle,779,0.0019170000000485743,0
2,1,idle,780,0.0035830000001624285,0
2,1,idle,781,0.0019999999999527063,0
2,1,idle,782,0.002041999999619293,0
2,1,idle,783,0.0021669999996447586,0
2,1,idle,784,0.003499999999803549,0
2,1,idle,785,0.0020000000004074536,0
2,1,idle,786,0.0019170000000485743,0
2,1,idle,787,0.0020829999998568383,0
2,1,idle,788,0.0018749999999272404,0
2,1,idle,789,0.0027500000001055014,0
2,1,idle,790,0.0019170000000485743,0
2,1,idle,791,0.0018750000003819878,0
2,1,idle,792,0.0018749999999272404,0
2,1,idle,793,0.001958999999715161,0
2,1,idle,794,0.0024999999995998223,0
2,1,idle,795,0.0019999999999527063,0
2,1,idle,796,0.0020830000003115856,0
2,1,idle,797,0.0019580000002861198,0
2,1,idle,798,0.0018749999999272404,0
2,1,idle,799,0.002583000000413449,0
2,1,idle,800,0.001958999999715161,0
2,1,idle,801,0.0019999999999527063,0
2,1,idle,802,0.0019580000002861198,0
2,1,idle,803,0.0018749999999272404,0
2,1,idle,804,0.00204200000007404,0
2,1,idle,805,0.0024170000001504377,0
2,1,idle,806,0.002292000000124972,0
2,1,idle,807,0.0029999999997016857,0
2,1,idle,808,0.0019999999999527063,0
2,1,idle,809,0.0019160000001647859,0
2,1,idle,810,0.002666000000317581,0
2,1,idle,811,0.0019580000002861198,0
2,1,idle,812,0.0019999999999527063,0
2,1,idle,813,0.0019999999999527063,0
2,1,idle,814,0.0019170000000485743,0
2,1,idle,815,0.0030839999999443535,0
2,1,idle,816,0.00204200000007404,0
2,1,idle,817,0.0019160000001647859,0
2,1,idle,818,0.001833000000260654,0
2,1,idle,819,0.0018749999999272404,0
2,1,idle,820,0.002541999999721156,0
2,1,idle,821,0.0028339999998934218,0
2,1,idle,822,0.0019170000000485743,0
2,1,idle,823,0.0018329999998059066,0
2,1,idle,824,0.0020000000004074536,0
2,1,idle,825,0.0033749999997780833,0
2,1,idle,826,0.0026250000000800355,0
2,1,idle,827,0.0027500000001055014,0
2,1,idle,828,0.002666000000317581,0
2,1,idle,829,0.0020830000003115856,0
2,1,idle,830,0.0019170000000485743,0
2,1,idle,831,0.0026250000000800355,0
2,1,idle,832,0.0020839999997406267,0
2,1,idle,833,0.0038749999998799467,0
2,1,idle,834,0.0019160000001647859,0
2,1,idle,835,0.0019999999999527063,0
2,1,idle,836,0.0024590000002717716,0
2,1,idle,837,0.0019170000000485743,0
2,1,idle,838,0.0019170000000485743,0
2,1,idle,839,0.0019170000000485743,0
2,1,idle,840,0.0018750000003819878,0
2,1,idle,841,0.0019170000000485743,0
2,1,idle,842,0.002375000000029104,0
2,1,idle,843,0.0019170000000485743,0
2,1,idle,844,0.0019170000000485743,0
2,1,idle,845,0.0018749999999272404,0
2,1,idle,846,0.0019999999999527063,0
2,1,idle,847,0.0027079999999841675,0
2,1,idle,848,0.0019999999999527063,0
2,1,idle,849,0.0018329999998059066,0
2,1,idle,850,0.0020410000001902517,0
2,1,idle,851,0.0020829999998568383,0
2,1,idle,852,0.0025829999999587017,0
2,1,idle,853,0.0020829999998568383,0
2,1,idle,854,0.0019160000001647859,0
2,1,idle,855,0.00204200000007404,0
2,1,idle,856,0.0019579999998313724,0
2,1,idle,857,0.002457999999933236,0
2,1,idle,858,0.0019579999998313724,0
2,1,idle,859,0.00233299999990777,0
2,1,idle,860,0.0018329999998059066,0
2,1,idle,861,0.0019159999997100385,0
2,1,idle,862,0.00179100000013932,0
2,1,idle,863,0.003083000000060565,0
2,1,idle,864,0.0019999999999527063,0
2,1,idle,865,0.0019170000000485743,0
2,1,idle,866,0.0019159999997100385,0
2,1,idle,867,0.0019580000002861198,0
2,1,idle,868,0.003000000000156433,0
2,1,idle,869,0.001959000000169908,0
2,1,idle,870,0.0019999999999527063,0
2,1,idle,871,0.0019999999999527063,0
2,1,idle,872,0.0019170000000485743,0
2,1,idle,873,0.00233299999990777,0
2,1,idle,874,0.0019170000000485743,0
2,1,idle,875,0.0018749999999272404,0
2,1,idle,876,0.0018749999999272404,0
2,1,idle,877,0.0019579999998313724,0
2,1,idle,878,0.0033750000002328306,0
2,1,idle,879,0.0018749999999272404,0
2,1,idle,880,0.0018749999999272404,0
2,1,idle,881,0.0019579999998313724,0
2,1,idle,882,0.0018749999999272404,0
2,1,idle,883,0.0019999999999527063,0
2,1,idle,884,0.003208000000086031,0
2,1,idle,885,0.0022080000003370515,0
2,1,idle,886,0.001833000000260654,0
2,1,idle,887,0.0018749999999272404,0
2,1,idle,888,0.001958999999715161,0
2,1,idle,889,0.002541999999721156,0
2,1,idle,890,0.0019580000002861198,0
2,1,idle,891,0.002041999999619293,0
2,1,idle,892,0.0019579999998313724,0
2,1,idle,893,0.0019579999998313724,0
2,1,idle,894,0.0025829999999587017,0
2,1,idle,895,0.0027500000001055014,0
2,1,idle,896,0.001833000000260654,0
2,1,idle,897,0.00204200000007404,0
2,1,idle,898,0.0019170000000485743,0
2,1,idle,899,0.0025000000000545697,0
2,1,idle,900,0.001791999999568361,0
2,1,idle,901,0.0019170000000485743,0
2,1,idle,902,0.0019170000000485743,0
2,1,idle,903,0.0018749999999272404,0
2,1,idle,904,0.001959000000169908,0
2,1,idle,905,0.0031669999998484855,0
2,1,idle,906,0.0019999999999527063,0
2,1,idle,907,0.0019999999999527063,0
2,1,idle,908,0.0018749999999272404,0
2,1,idle,909,0.0020409999997355044,0
2,1,idle,910,0.002250000000003638,0
2,1,idle,911,0.0019999999999527063,0
2,1,idle,912,0.0020829999998568383,0
2,1,idle,913,0.0019999999999527063,0
2,1,idle,914,0.0019170000000485743,0
2,1,idle,915,0.0024169999996956903,0
2,1,idle,916,0.0018750000003819878,0
2,1,idle,917,0.002124999999978172,0
2,1,idle,918,0.001916999999593827,0
2,1,idle,919,0.001833999999689695,0
2,1,idle,920,0.0022919999996702245,0
2,1,idle,921,0.0019579999998313724,0
2,1,idle,922,0.0020829999998568383,0
2,1,idle,923,0.0019170000000485743,0
2,1,idle,924,0.0019170000000485743,0
2,1,idle,925,0.001916999999593827,0
2,1,idle,926,0.0024170000001504377,0
2,1,idle,927,0.0019999999999527063,0
2,1,idle,928,0.0018749999999272404,0
2,1,idle,929,0.0019999999999527063,0
2,1,idle,930,0.0019579999998313724,0
2,1,idle,931,0.002457999999933236,0
2,1,idle,932,0.0019579999998313724,0
2,1,idle,933,0.0018329999998059066,0
2,1,idle,934,0.0020409999997355044,0
2,1,idle,935,0.0019160000001647859,0
2,1,idle,936,0.002375000000029104,0
2,1,idle,937,0.0018749999999272404,0
2,1,idle,938,0.0025829999999587017,0
2,1,idle,939,0.0018340000001444423,0
2,1,idle,940,0.0019170000000485743,0
2,1,idle,941,0.0018749999999272404,0
2,1,idle,942,0.002375000000029104,0
2,1,idle,943,0.001833999999689695,0
2,1,idle,944,0.001916999999593827,0
2,1,idle,945,0.0018749999999272404,0
2,1,idle,946,0.001959000000169908,0
2,1,idle,947,0.003250000000207365,0
2,1,idle,948,0.0020410000001902517,0
2,1,idle,949,0.0020000000004074536,0
2,1,idle,950,0.001958999999715161,0
2,1,idle,951,0.0020829999998568383,0
2,1,idle,952,0.0030829999996058177,0
2,1,idle,953,0.0019170000000485743,0
2,1,idle,954,0.0019170000000485743,0
2,1,idle,955,0.0020839999997406267,0
2,1,idle,956,0.0018750000003819878,0
2,1,idle,957,0.003459000000020751,0
2,1,idle,958,0.0026670000002013694,0
2,1,idle,959,0.00204200000007404,0
2,1,idle,960,0.0018749999999272404,0
2,1,idle,961,0.0017920000000231084,0
2,1,idle,962,0.0019579999998313724,0
2,1,idle,963,0.0023749999995743565,0
2,1,idle,964,0.002124999999978172,0
2,1,idle,965,0.0018750000003819878,0
2,1,idle,966,0.0019579999998313724,0
2,1,idle,967,0.0029159999999137654,0
2,1,idle,968,0.002540999999837368,0
2,1,idle,969,0.0018329999998059066,0
2,1,idle,970,0.0019579999998313724,0
2,1,idle,971,0.0019579999998313724,0
2,1,idle,972,0.0019160000001647859,0
2,1,idle,973,0.0023330000003625173,0
2,1,idle,974,0.0019579999998313724,0
2,1,idle,975,0.0018749999999272404,0
2,1,idle,976,0.0019999999999527063,0
2,1,idle,977,0.0019999999999527063,0
2,1,idle,978,0.00258399999984249,0
2,1,idle,979,0.0018749999999272404,0
2,1,idle,980,0.0018340000001444423,0
2,1,idle,981,0.0019170000000485743,0
2,1,idle,982,0.0018340000001444423,0
2,1,idle,983,0.0018749999999272404,0
2,1,idle,984,0.0024590000002717716,0
2,1,idle,985,0.002084000000195374,0
2,1,idle,986,0.001959000000169908,0
2,1,idle,987,0.0018750000003819878,0
2,1,idle,988,0.0019999999999527063,0
2,1,idle,989,0.003042000000277767,0
2,1,idle,990,0.0019999999999527063,0
2,1,idle,991,0.0019999999999527063,0
2,1,idle,992,0.0018329999998059066,0
2,1,idle,993,0.0018749999999272404,0
2,1,idle,994,0.002375000000029104,0
2,1,idle,995,0.0018749999999272404,0
2,1,idle,996,0.0019580000002861198,0
2,1,idle,997,0.0020839999997406267,0
2,1,idle,998,0.0019999999999527063,0
2,1,idle,999,0.002541999999721156,0
2,1,event,0,0.01866599999993923,1
2,1,event,1,0.0035830000001624285,0
2,1,event,2,0.0028750000001309672,0
2,1,event,3,0.00204200000007404,0
2,1,event,4,0.0018749999999272404,0
2,1,event,5,0.0019579999998313724,0
2,1,event,6,0.0019160000001647859,0
2,1,event,7,0.0018749999999272404,0
2,1,event,8,0.0026250000000800355,0
2,1,event,9,0.0018749999999272404,0
2,1,event,10,0.0019170000000485743,0
2,1,event,11,0.0019170000000485743,0
2,1,event,12,0.0018340000001444423,0
2,1,event,13,0.003083000000060565,0
2,1,event,14,0.0025829999999587017,0
2,1,event,15,0.0018329999998059066,0
2,1,event,16,0.001833000000260654,0
2,1,event,17,0.0018749999999272404,0
2,1,event,18,0.00233299999990777,0
2,1,event,19,0.0020830000003115856,0
2,1,event,20,0.001958999999715161,0
2,1,event,21,0.0019170000000485743,0
2,1,event,22,0.002957999999580352,0
2,1,event,23,0.0025829999999587017,0
2,1,event,24,0.0018750000003819878,0
2,1,event,25,0.001833000000260654,0
2,1,event,26,0.001833999999689695,0
2,1,event,27,0.0018749999999272404,0
2,1,event,28,0.0019579999998313724,0
2,1,event,29,0.002292000000124972,0
2,1,event,30,0.0018329999998059066,0
2,1,event,31,0.0019159999997100385,0
2,1,event,32,0.001833000000260654,0
2,1,event,33,0.0018329999998059066,0
2,1,event,34,0.002375000000029104,0
2,1,event,35,0.00179100000013932,0
2,1,event,36,0.0018750000003819878,0
2,1,event,37,0.0018340000001444423,0
2,1,event,38,0.002457999999933236,0
2,1,event,39,0.00233299999990777,0
2,1,event,40,0.0019579999998313724,0
2,1,event,41,0.0027079999999841675,0
2,1,event,42,0.0021669999996447586,0
2,1,event,43,0.0018749999999272404,0
2,1,event,44,0.0024589999998170242,0
2,1,event,45,0.00204200000007404,0
2,1,event,46,0.0020410000001902517,0
2,1,event,47,0.001916999999593827,0
2,1,event,48,0.0019170000000485743,0
2,1,event,49,0.0018749999999272404,0
2,1,event,50,0.0024170000001504377,0
2,1,event,51,0.0019159999997100385,0
2,1,event,52,0.0018329999998059066,0
2,1,event,53,0.0018329999998059066,0
2,1,event,54,0.0018749999999272404,0
2,1,event,55,0.002458000000387983,0
2,1,event,56,0.002250000000003638,0
2,1,event,57,0.0018749999999272404,0
2,1,event,58,0.001958999999715161,0
2,1,event,59,0.0029169999997975538,0
2,1,event,60,0.014042000000245025,1
2,1,event,61,0.002708999999867956,0
2,1,event,62,0.0024169999996956903,0
2,1,event,63,0.0021660000002157176,0
2,1,event,64,0.003250000000207365,0
2,1,event,65,0.0019579999998313724,0
2,1,event,66,0.0019170000000485743,0
2,1,event,67,0.0019170000000485743,0
2,1,event,68,0.0018749999999272404,0
2,1,event,69,0.001833999999689695,0
2,1,event,70,0.002708999999867956,0
2,1,event,71,0.001958999999715161,0
2,1,event,72,0.0018749999999272404,0
2,1,event,73,0.0019580000002861198,0
2,1,event,74,0.0018750000003819878,0
2,1,event,75,0.0026670000002013694,0
2,1,event,76,0.0017920000000231084,0
2,1,event,77,0.0019160000001647859,0
2,1,event,78,0.0019159999997100385,0
2,1,event,79,0.0019170000000485743,0
2,1,event,80,0.002250000000003638,0
2,1,event,81,0.0019579999998313724,0
2,1,event,82,0.0019160000001647859,0
2,1,event,83,0.0018749999999272404,0
2,1,event,84,0.0018749999999272404,0
2,1,event,85,0.001833000000260654,0
2,1,event,86,0.0025000000000545697,0
2,1,event,87,0.001833000000260654,0
2,1,event,88,0.00179100000013932,0
2,1,event,89,0.0018749999999272404,0
2,1,event,90,0.0017920000000231084,0
2,1,event,91,0.002207999999882304,0
2,1,event,92,0.0018749999999272404,0
2,1,event,93,0.0019160000001647859,0
2,1,event,94,0.002375000000029104,0
2,1,event,95,0.0018749999999272404,0
2,1,event,96,0.0024170000001504377,0
2,1,event,97,0.002250000000003638,0
2,1,event,98,0.002375000000029104,0
2,1,event,99,0.0018340000001444423,0
2,1,event,100,0.001833999999689695,0
2,1,event,101,0.0025000000000545697,0
2,1,event,102,0.00179100000013932,0
2,1,event,103,0.0025829999999587017,0
2,1,event,104,0.001833999999689695,0
2,1,event,105,0.0019170000000485743,0
2,1,event,106,0.0018749999999272404,0
2,1,event,107,0.0024160000002666493,0
2,1,event,108,0.0019580000002861198,0
2,1,event,109,0.0029589999999188876,0
2,1,event,110,0.001958999999715161,0
2,1,event,111,0.0018750000003819878,0
2,1,event,112,0.002375000000029104,0
2,1,event,113,0.0019580000002861198,0
2,1,event,114,0.0019580000002861198,0
2,1,event,115,0.001833999999689695,0
2,1,event,116,0.0018749999999272404,0
2,1,event,117,0.002624999999625288,0
2,1,event,118,0.0019170000000485743,0
2,1,event,119,0.0018340000001444423,0
2,1,event,120,0.011625000000094587,1
2,1,event,121,0.0031660000004194444,0
2,1,event,122,0.002457999999933236,0
2,1,event,123,0.0018749999999272404,0
2,1,event,124,0.0018749999999272404,0
2,1,event,125,0.0021669999996447586,0
2,1,event,126,0.0018749999999272404,0
2,1,event,127,0.002375000000029104,0
2,1,event,128,0.001833000000260654,0
2,1,event,129,0.0019160000001647859,0
2,1,event,130,0.001833000000260654,0
2,1,event,131,0.0018749999999272404,0
2,1,event,132,0.002375000000029104,0
2,1,event,133,0.0019999999999527063,0
2,1,event,134,0.0018329999998059066,0
2,1,event,135,0.0018340000001444423,0
2,1,event,136,0.0018340000001444423,0
2,1,event,137,0.002375000000029104,0
2,1,event,138,0.0019170000000485743,0
2,1,event,139,0.0018749999999272404,0
2,1,event,140,0.0027920000002268353,0
2,1,event,141,0.001833000000260654,0
2,1,event,142,0.0023330000003625173,0
2,1,event,143,0.002540999999837368,0
2,1,event,144,0.0019579999998313724,0
2,1,event,145,0.0020409999997355044,0
2,1,event,146,0.0020830000003115856,0
2,1,event,147,0.00179100000013932,0
2,1,event,148,0.0025000000000545697,0
2,1,event,149,0.002041999999619293,0
2,1,event,150,0.0017920000000231084,0
2,1,event,151,0.0019580000002861198,0
2,1,event,152,0.0027079999999841675,0
2,1,event,153,0.002457999999933236,0
2,1,event,154,0.0018749999999272404,0
2,1,event,155,0.0019170000000485743,0
2,1,event,156,0.0026670000002013694,0
2,1,event,157,0.001916999999593827,0
2,1,event,158,0.002457999999933236,0
2,1,event,159,0.0018750000003819878,0
2,1,event,160,0.001833000000260654,0
2,1,event,161,0.0018749999999272404,0
2,1,event,162,0.0017499999999017746,0
2,1,event,163,0.002250000000003638,0
2,1,event,164,0.0018749999999272404,0
2,1,event,165,0.0024590000002717716,0
2,1,event,166,0.002084000000195374,0
2,1,event,167,0.00204200000007404,0
2,1,event,168,0.0019170000000485743,0
2,1,event,169,0.002290999999786436,0
2,1,event,170,0.0018749999999272404,0
2,1,event,171,0.0018340000001444423,0
2,1,event,172,0.001833999999689695,0
2,1,event,173,0.002292000000124972,0
2,1,event,174,0.0023330000003625173,0
2,1,event,175,0.002250000000003638,0
2,1,event,176,0.002290999999786436,0
2,1,event,177,0.0017499999999017746,0
2,1,event,178,0.0018749999999272404,0
2,1,event,179,0.002457999999933236,0
2,1,event,180,0.010999999999967258,1
2,1,event,181,0.002541999999721156,0
2,1,event,182,0.0027079999999841675,0
2,1,event,183,0.0025420000001759036,0
2,1,event,184,0.0018749999999272404,0
2,1,event,185,0.0017920000000231084,0
2,1,event,186,0.0018750000003819878,0
2,1,event,187,0.002250000000003638,0
2,1,event,188,0.001791999999568361,0
2,1,event,189,0.0024160000002666493,0
2,1,event,190,0.0018750000003819878,0
2,1,event,191,0.0018749999999272404,0
2,1,event,192,0.0018329999998059066,0
2,1,event,193,0.0019170000000485743,0
2,1,event,194,0.0023340000002463057,0
2,1,event,195,0.0026250000000800355,0
2,1,event,196,0.0018329999998059066,0
2,1,event,197,0.0019170000000485743,0
2,1,event,198,0.0018749999999272404,0
2,1,event,199,0.0025829999999587017,0
2,1,event,200,0.0021659999997609702,0
2,1,event,201,0.0017499999999017746,0
2,1,event,202,0.0017920000000231084,0
2,1,event,203,0.0019160000001647859,0
2,1,event,204,0.0019160000001647859,0
2,1,event,205,0.002375000000029104,0
2,1,event,206,0.0019999999999527063,0
2,1,event,207,0.0017920000000231084,0
2,1,event,208,0.002124999999978172,0
2,1,event,209,0.0019170000000485743,0
2,1,event,210,0.0024589999998170242,0
2,1,event,211,0.0018749999999272404,0
2,1,event,212,0.0019170000000485743,0
2,1,event,213,0.0017920000000231084,0
2,1,event,214,0.0018340000001444423,0
2,1,event,215,0.0025829999999587017,0
2,1,event,216,0.0017909999996845727,0
2,1,event,217,0.0019580000002861198,0
2,1,event,218,0.0018329999998059066,0
2,1,event,219,0.0026250000000800355,0
2,1,event,220,0.00233299999990777,0
2,1,event,221,0.00179100000013932,0
2,1,event,222,0.0018749999999272404,0
2,1,event,223,0.001833999999689695,0
2,1,event,224,0.0027500000001055014,0
2,1,event,225,0.0023330000003625173,0
2,1,event,226,0.003125000000181899,0
2,1,event,227,0.0032079999996312836,0
2,1,event,228,0.001958999999715161,0
2,1,event,229,0.00204200000007404,0
2,1,event,230,0.001958999999715161,0
2,1,event,231,0.002541999999721156,0
2,1,event,232,0.0018749999999272404,0
2,1,event,233,0.0018329999998059066,0
2,1,event,234,0.0019580000002861198,0
2,1,event,235,0.0019159999997100385,0
2,1,event,236,0.002375000000029104,0
2,1,event,237,0.0019170000000485743,0
2,1,event,238,0.0018340000001444423,0
2,1,event,239,0.001833000000260654,0
2,1,event,240,0.012000000000170985,1
2,1,event,241,0.00258399999984249,0
2,1,event,242,0.0019170000000485743,0
2,1,event,243,0.0020829999998568383,0
2,1,event,244,0.0019159999997100385,0
2,1,event,245,0.0019159999997100385,0
2,1,event,246,0.002375000000029104,0
2,1,event,247,0.0018749999999272404,0
2,1,event,248,0.0018340000001444423,0
2,1,event,249,0.001708000000235188,0
2,1,event,250,0.0020410000001902517,0
2,1,event,251,0.0023330000003625173,0
2,1,event,252,0.002167000000099506,0
2,1,event,253,0.00204200000007404,0
2,1,event,254,0.001833999999689695,0
2,1,event,255,0.0025000000000545697,0
2,1,event,256,0.002457999999933236,0
2,1,event,257,0.0019999999999527063,0
2,1,event,258,0.0018750000003819878,0
2,1,event,259,0.0020839999997406267,0
2,1,event,260,0.0018749999999272404,0
2,1,event,261,0.0023330000003625173,0
2,1,event,262,0.0024160000002666493,0
2,1,event,263,0.001833000000260654,0
2,1,event,264,0.0019170000000485743,0
2,1,event,265,0.0017920000000231084,0
2,1,event,266,0.002375000000029104,0
2,1,event,267,0.0025420000001759036,0
2,1,event,268,0.0018750000003819878,0
2,1,event,269,0.0017920000000231084,0
2,1,event,270,0.0019170000000485743,0
2,1,event,271,0.0018749999999272404,0
2,1,event,272,0.0025000000000545697,0
2,1,event,273,0.0017920000000231084,0
2,1,event,274,0.0018750000003819878,0
2,1,event,275,0.0017920000000231084,0
2,1,event,276,0.0017920000000231084,0
2,1,event,277,0.0022919999996702245,0
2,1,event,278,0.00204200000007404,0
2,1,event,279,0.0017090000001189765,0
2,1,event,280,0.0017920000000231084,0
2,1,event,281,0.0017920000000231084,0
2,1,event,282,0.00233299999990777,0
2,1,event,283,0.0018749999999272404,0
2,1,event,284,0.0019999999999527063,0
2,1,event,285,0.00220900000022084,0
2,1,event,286,0.0017920000000231084,0
2,1,event,287,0.0025420000001759036,0
2,1,event,288,0.0028750000001309672,0
2,1,event,289,0.002124999999978172,0
2,1,event,290,0.0019999999999527063,0
2,1,event,291,0.0020000000004074536,0
2,1,event,292,0.001959000000169908,0
2,1,event,293,0.0027500000001055014,0
2,1,event,294,0.0019170000000485743,0
2,1,event,295,0.0018749999999272404,0
2,1,event,296,0.0018329999998059066,0
2,1,event,297,0.0018329999998059066,0
2,1,event,298,0.00233299999990777,0
2,1,event,299,0.002124999999978172,0
2,1,event,300,0.010583000000224274,1
2,1,event,301,0.002375000000029104,0
2,1,event,302,0.0025000000000545697,0
2,1,event,303,0.002250000000003638,0
2,1,event,304,0.001959000000169908,0
2,1,event,305,0.001959000000169908,0
2,1,event,306,0.0018340000001444423,0
2,1,event,307,0.0019580000002861198,0
2,1,event,308,0.003125000000181899,0
2,1,event,309,0.0018329999998059066,0
2,1,event,310,0.00179100000013932,0
2,1,event,311,0.00179100000013932,0
2,1,event,312,0.0020829999998568383,0
2,1,event,313,0.002457999999933236,0
2,1,event,314,0.001833000000260654,0
2,1,event,315,0.0018749999999272404,0
2,1,event,316,0.001833000000260654,0
2,1,event,317,0.0019579999998313724,0
2,1,event,318,0.0023340000002463057,0
2,1,event,319,0.0019170000000485743,0
2,1,event,320,0.0018749999999272404,0
2,1,event,321,0.0019159999997100385,0
2,1,event,322,0.0019170000000485743,0
2,1,event,323,0.001833999999689695,0
2,1,event,324,0.002458000000387983,0
2,1,event,325,0.0026670000002013694,0
2,1,event,326,0.0019170000000485743,0
2,1,event,327,0.0019170000000485743,0
2,1,event,328,0.001916999999593827,0
2,1,event,329,0.0022919999996702245,0
2,1,event,330,0.0022919999996702245,0
2,1,event,331,0.0017920000000231084,0
2,1,event,332,0.0019999999999527063,0
2,1,event,333,0.001958999999715161,0
2,1,event,334,0.0025829999999587017,0
2,1,event,335,0.0019160000001647859,0
2,1,event,336,0.0027079999999841675,0
2,1,event,337,0.0018749999999272404,0
2,1,event,338,0.001833000000260654,0
2,1,event,339,0.0024169999996956903,0
2,1,event,340,0.0018329999998059066,0
2,1,event,341,0.0018750000003819878,0
2,1,event,342,0.0019999999999527063,0
2,1,event,343,0.0019170000000485743,0
2,1,event,344,0.0018749999999272404,0
2,1,event,345,0.002290999999786436,0
2,1,event,346,0.0020409999997355044,0
2,1,event,347,0.0019160000001647859,0
2,1,event,348,0.0018749999999272404,0
2,1,event,349,0.001958999999715161,0
2,1,event,350,0.003459000000020751,0
2,1,event,351,0.00204200000007404,0
2,1,event,352,0.0018749999999272404,0
2,1,event,353,0.0020829999998568383,0
2,1,event,354,0.0019160000001647859,0
2,1,event,355,0.002292000000124972,0
2,1,event,356,0.002207999999882304,0
2,1,event,357,0.0019160000001647859,0
2,1,event,358,0.0020410000001902517,0
2,1,event,359,0.0019170000000485743,0
2,1,event,360,0.010750000000371074,1
2,1,event,361,0.0025000000000545697,0
2,1,event,362,0.0020830000003115856,0
2,1,event,363,0.0019999999999527063,0
2,1,event,364,0.001958999999715161,0
2,1,event,365,0.002375000000029104,0
2,1,event,366,0.0019160000001647859,0
2,1,event,367,0.002541999999721156,0
2,1,event,368,0.0026250000000800355,0
2,1,event,369,0.0018329999998059066,0
2,1,event,370,0.0025000000000545697,0
2,1,event,371,0.001833000000260654,0
2,1,event,372,0.001833000000260654,0
2,1,event,373,0.0018749999999272404,0
2,1,event,374,0.0019170000000485743,0
2,1,event,375,0.00233299999990777,0
2,1,event,376,0.0019579999998313724,0
2,1,event,377,0.0018340000001444423,0
2,1,event,378,0.0017499999999017746,0
2,1,event,379,0.0018749999999272404,0
2,1,event,380,0.002375000000029104,0
2,1,event,381,0.002207999999882304,0
2,1,event,382,0.0019160000001647859,0
2,1,event,383,0.0018749999999272404,0
2,1,event,384,0.001833000000260654,0
2,1,event,385,0.0019170000000485743,0
2,1,event,386,0.0024170000001504377,0
2,1,event,387,0.001833000000260654,0
2,1,event,388,0.0019170000000485743,0
2,1,event,389,0.0017920000000231084,0
2,1,event,390,0.0018340000001444423,0
2,1,event,391,0.002250000000003638,0
2,1,event,392,0.0025420000001759036,0
2,1,event,393,0.0018340000001444423,0
2,1,event,394,0.0019579999998313724,0
2,1,event,395,0.0019160000001647859,0
2,1,event,396,0.00233299999990777,0
2,1,event,397,0.002167000000099506,0
2,1,event,398,0.0019170000000485743,0
2,1,event,399,0.0018749999999272404,0
2,1,event,400,0.0018749999999272404,0
2,1,event,401,0.0022910000002411834,0
2,1,event,402,0.0018749999999272404,0
2,1,event,403,0.002250000000003638,0
2,1,event,404,0.0019580000002861198,0
2,1,event,405,0.0018750000003819878,0
2,1,event,406,0.0017920000000231084,0
2,1,event,407,0.00233299999990777,0
2,1,event,408,0.002167000000099506,0
2,1,event,409,0.0018749999999272404,0
2,1,event,410,0.0018340000001444423,0
2,1,event,411,0.0017920000000231084,0
2,1,event,412,0.002791999999772088,0
2,1,event,413,0.0027090000003227033,0
2,1,event,414,0.0017920000000231084,0
2,1,event,415,0.0019170000000485743,0
2,1,event,416,0.01025000000026921,0
2,1,event,417,0.0027079999999841675,0
2,1,event,418,0.0019579999998313724,0
2,1,event,419,0.0019579999998313724,0
2,1,event,420,0.012541000000055647,1
2,1,event,421,0.002457999999933236,0
2,1,event,422,0.0025420000001759036,0
2,1,event,423,0.0018749999999272404,0
2,1,event,424,0.0019579999998313724,0
2,1,event,425,0.0017079999997804407,0
2,1,event,426,0.0017499999999017746,0
2,1,event,427,0.002250000000003638,0
2,1,event,428,0.001750000000356522,0
2,1,event,429,0.0018329999998059066,0
2,1,event,430,0.0026250000000800355,0
2,1,event,431,0.0018749999999272404,0
2,1,event,432,0.0022919999996702245,0
2,1,event,433,0.00220900000022084,0
2,1,event,434,0.0027500000001055014,0
2,1,event,435,0.0019170000000485743,0
2,1,event,436,0.0019999999999527063,0
2,1,event,437,0.002290999999786436,0
2,1,event,438,0.0019999999999527063,0
2,1,event,439,0.0018750000003819878,0
2,1,event,440,0.0018329999998059066,0
2,1,event,441,0.0019170000000485743,0
2,1,event,442,0.001833999999689695,0
2,1,event,443,0.0024589999998170242,0
2,1,event,444,0.0017499999999017746,0
2,1,event,445,0.002084000000195374,0
2,1,event,446,0.0018749999999272404,0
2,1,event,447,0.001959000000169908,0
2,1,event,448,0.0026250000000800355,0
2,1,event,449,0.0017920000000231084,0
2,1,event,450,0.0018749999999272404,0
2,1,event,451,0.0018329999998059066,0
2,1,event,452,0.0019999999999527063,0
2,1,event,453,0.002292000000124972,0
2,1,event,454,0.001833000000260654,0
2,1,event,455,0.0017920000000231084,0
2,1,event,456,0.00204200000007404,0
2,1,event,457,0.001833999999689695,0
2,1,event,458,0.0026250000000800355,0
2,1,event,459,0.0021660000002157176,0
2,1,event,460,0.0019160000001647859,0
2,1,event,461,0.0018750000003819878,0
2,1,event,462,0.0017499999999017746,0
2,1,event,463,0.0018340000001444423,0
2,1,event,464,0.002250000000003638,0
2,1,event,465,0.001959000000169908,0
2,1,event,466,0.0019170000000485743,0
2,1,event,467,0.001959000000169908,0
2,1,event,468,0.001833999999689695,0
2,1,event,469,0.0022089999997660925,0
2,1,event,470,0.0027500000001055014,0
2,1,event,471,0.0018750000003819878,0
2,1,event,472,0.0018329999998059066,0
2,1,event,473,0.002457999999933236,0
2,1,event,474,0.002375000000029104,0
2,1,event,475,0.0018749999999272404,0
2,1,event,476,0.002457999999933236,0
2,1,event,477,0.00204200000007404,0
2,1,event,478,0.002708999999867956,0
2,1,event,479,0.00233299999990777,0
2,1,event,480,0.010333000000173342,1
2,1,event,481,0.0027079999999841675,0
2,1,event,482,0.0018749999999272404,0
2,1,event,483,0.0018750000003819878,0
2,1,event,484,0.0026659999998628336,0
2,1,event,485,0.0019159999997100385,0
2,1,event,486,0.001833000000260654,0
2,1,event,487,0.0019999999999527063,0
2,1,event,488,0.0019999999999527063,0
2,1,event,489,0.0024169999996956903,0
2,1,event,490,0.0018750000003819878,0
2,1,event,491,0.0019999999999527063,0
2,1,event,492,0.0017920000000231084,0
2,1,event,493,0.0018340000001444423,0
2,1,event,494,0.0024170000001504377,0
2,1,event,495,0.0019170000000485743,0
2,1,event,496,0.002375000000029104,0
2,1,event,497,0.002666999999746622,0
2,1,event,498,0.0019999999999527063,0
2,1,event,499,0.002541000000292115,0
2,1,event,500,0.0017920000000231084,0
2,1,event,501,0.001959000000169908,0
2,1,event,502,0.0018749999999272404,0
2,1,event,503,0.0017909999996845727,0
2,1,event,504,0.0018329999998059066,0
2,1,event,505,0.0024169999996956903,0
2,1,event,506,0.0018750000003819878,0
2,1,event,507,0.0019999999999527063,0
2,1,event,508,0.0024169999996956903,0
2,1,event,509,0.0019170000000485743,0
2,1,event,510,0.002375000000029104,0
2,1,event,511,0.002124999999978172,0
2,1,event,512,0.0019170000000485743,0
2,1,event,513,0.00204200000007404,0
2,1,event,514,0.0018749999999272404,0
2,1,event,515,0.002541999999721156,0
2,1,event,516,0.001833000000260654,0
2,1,event,517,0.0019170000000485743,0
2,1,event,518,0.003584000000046217,0
2,1,event,519,0.0017920000000231084,0
2,1,event,520,0.0024169999996956903,0
2,1,event,521,0.0018749999999272404,0
2,1,event,522,0.0019170000000485743,0
2,1,event,523,0.0019170000000485743,0
2,1,event,524,0.0017920000000231084,0
2,1,event,525,0.0018749999999272404,0
2,1,event,526,0.002457999999933236,0
2,1,event,527,0.0018749999999272404,0
2,1,event,528,0.0019159999997100385,0
2,1,event,529,0.0019170000000485743,0
2,1,event,530,0.0017920000000231084,0
2,1,event,531,0.0024170000001504377,0
2,1,event,532,0.0019170000000485743,0
2,1,event,533,0.0018329999998059066,0
2,1,event,534,0.0017920000000231084,0
2,1,event,535,0.0023330000003625173,0
2,1,event,536,0.002375000000029104,0
2,1,event,537,0.0020839999997406267,0
2,1,event,538,0.002124999999978172,0
2,1,event,539,0.0019170000000485743,0
2,1,event,540,0.009666999999808468,1
2,1,event,541,0.003084000000399101,0
2,1,event,542,0.0018329999998059066,0
2,1,event,543,0.0020409999997355044,0
2,1,event,544,0.0018329999998059066,0
2,1,event,545,0.0019170000000485743,0
2,1,event,546,0.00233299999990777,0
2,1,event,547,0.0018749999999272404,0
2,1,event,548,0.0019170000000485743,0
2,1,event,549,0.0019580000002861198,0
2,1,event,550,0.0019160000001647859,0
2,1,event,551,0.002457999999933236,0
2,1,event,552,0.001916999999593827,0
2,1,event,553,0.0019999999999527063,0
2,1,event,554,0.0019160000001647859,0
2,1,event,555,0.0018329999998059066,0
2,1,event,556,0.002250000000003638,0
2,1,event,557,0.0019170000000485743,0
2,1,event,558,0.0019579999998313724,0
2,1,event,559,0.0018340000001444423,0
2,1,event,560,0.0027079999999841675,0
2,1,event,561,0.002124999999978172,0
2,1,event,562,0.002666999999746622,0
2,1,event,563,0.0018750000003819878,0
2,1,event,564,0.0019160000001647859,0
2,1,event,565,0.0018329999998059066,0
2,1,event,566,0.0018749999999272404,0
2,1,event,567,0.0024170000001504377,0
2,1,event,568,0.0019170000000485743,0
2,1,event,569,0.0018340000001444423,0
2,1,event,570,0.0018750000003819878,0
2,1,event,571,0.0019170000000485743,0
2,1,event,572,0.002292000000124972,0
2,1,event,573,0.0018749999999272404,0
2,1,event,574,0.0024589999998170242,0
2,1,event,575,0.001833000000260654,0
2,1,event,576,0.0018749999999272404,0
2,1,event,577,0.00287499999967622,0
2,1,event,578,0.0018749999999272404,0
2,1,event,579,0.0018750000003819878,0
2,1,event,580,0.0018749999999272404,0
2,1,event,581,0.0019160000001647859,0
2,1,event,582,0.0018329999998059066,0
2,1,event,583,0.002415999999811902,0
2,1,event,584,0.0018329999998059066,0
2,1,event,585,0.0018749999999272404,0
2,1,event,586,0.0019170000000485743,0
2,1,event,587,0.0018750000003819878,0
2,1,event,588,0.0022910000002411834,0
2,1,event,589,0.0020830000003115856,0
2,1,event,590,0.0019999999999527063,0
2,1,event,591,0.0018749999999272404,0
2,1,event,592,0.0018749999999272404,0
2,1,event,593,0.0024170000001504377,0
2,1,event,594,0.0018749999999272404,0
2,1,event,595,0.0017920000000231084,0
2,1,event,596,0.0018749999999272404,0
2,1,event,597,0.0024170000001504377,0
2,1,event,598,0.002250000000003638,0
2,1,event,599,0.0017909999996845727,0
2,1,event,600,0.010166000000026543,1
2,1,event,601,0.0026670000002013694,0
2,1,event,602,0.0025000000000545697,0
2,1,event,603,0.0026250000000800355,0
2,1,event,604,0.0018749999999272404,0
2,1,event,605,0.0026670000002013694,0
2,1,event,606,0.001833000000260654,0
2,1,event,607,0.0019170000000485743,0
2,1,event,608,0.00233299999990777,0
2,1,event,609,0.0017909999996845727,0
2,1,event,610,0.0018329999998059066,0
2,1,event,611,0.0018749999999272404,0
2,1,event,612,0.0018749999999272404,0
2,1,event,613,0.002250000000003638,0
2,1,event,614,0.002124999999978172,0
2,1,event,615,0.0018750000003819878,0
2,1,event,616,0.001958999999715161,0
2,1,event,617,0.002124999999978172,0
2,1,event,618,0.0023330000003625173,0
2,1,event,619,0.0019999999999527063,0
2,1,event,620,0.002375000000029104,0
2,1,event,621,0.0018749999999272404,0
2,1,event,622,0.0019160000001647859,0
2,1,event,623,0.0018749999999272404,0
2,1,event,624,0.0023340000002463057,0
2,1,event,625,0.0019170000000485743,0
2,1,event,626,0.0017920000000231084,0
2,1,event,627,0.001833000000260654,0
2,1,event,628,0.0019170000000485743,0
2,1,event,629,0.0022089999997660925,0
2,1,event,630,0.00204200000007404,0
2,1,event,631,0.00204200000007404,0
2,1,event,632,0.001833999999689695,0
2,1,event,633,0.0017920000000231084,0
2,1,event,634,0.002292000000124972,0
2,1,event,635,0.0019579999998313724,0
2,1,event,636,0.0018749999999272404,0
2,1,event,637,0.0018340000001444423,0
2,1,event,638,0.001833000000260654,0
2,1,event,639,0.0018749999999272404,0
2,1,event,640,0.0024169999996956903,0
2,1,event,641,0.0019579999998313724,0
2,1,event,642,0.0018749999999272404,0
2,1,event,643,0.001916999999593827,0
2,1,event,644,0.0025000000000545697,0
2,1,event,645,0.002457999999933236,0
2,1,event,646,0.0019170000000485743,0
2,1,event,647,0.0017920000000231084,0
2,1,event,648,0.0018749999999272404,0
2,1,event,649,0.0018749999999272404,0
2,1,event,650,0.003957999999784079,0
2,1,event,651,0.0020829999998568383,0
2,1,event,652,0.0018749999999272404,0
2,1,event,653,0.001833999999689695,0
2,1,event,654,0.001833000000260654,0
2,1,event,655,0.0025000000000545697,0
2,1,event,656,0.0018749999999272404,0
2,1,event,657,0.0018749999999272404,0
2,1,event,658,0.0019160000001647859,0
2,1,event,659,0.002791999999772088,0
2,1,event,660,0.010709000000133528,1
2,1,event,661,0.0025000000000545697,0
2,1,event,662,0.0019999999999527063,0
2,1,event,663,0.0019579999998313724,0
2,1,event,664,0.0018749999999272404,0
2,1,event,665,0.0025000000000545697,0
2,1,event,666,0.002167000000099506,0
2,1,event,667,0.0018329999998059066,0
2,1,event,668,0.0017499999999017746,0
2,1,event,669,0.0019170000000485743,0
2,1,event,670,0.002375000000029104,0
2,1,event,671,0.0019170000000485743,0
2,1,event,672,0.001833000000260654,0
2,1,event,673,0.002375000000029104,0
2,1,event,674,0.001833999999689695,0
2,1,event,675,0.0022080000003370515,0
2,1,event,676,0.001833000000260654,0
2,1,event,677,0.001833000000260654,0
2,1,event,678,0.0018340000001444423,0
2,1,event,679,0.0018329999998059066,0
2,1,event,680,0.0018749999999272404,0
2,1,event,681,0.00233299999990777,0
2,1,event,682,0.002084000000195374,0
2,1,event,683,0.0019170000000485743,0
2,1,event,684,0.002084000000195374,0
2,1,event,685,0.001958999999715161,0
2,1,event,686,0.0030839999999443535,0
2,1,event,687,0.0018329999998059066,0
2,1,event,688,0.0019999999999527063,0
2,1,event,689,0.0017920000000231084,0
2,1,event,690,0.0018749999999272404,0
2,1,event,691,0.002375000000029104,0
2,1,event,692,0.00204200000007404,0
2,1,event,693,0.0020000000004074536,0
2,1,event,694,0.0027500000001055014,0
2,1,event,695,0.0018340000001444423,0
2,1,event,696,0.002541999999721156,0
2,1,event,697,0.002250000000003638,0
2,1,event,698,0.0018750000003819878,0
2,1,event,699,0.0019170000000485743,0
2,1,event,700,0.001958999999715161,0
2,1,event,701,0.0018749999999272404,0
2,1,event,702,0.002375000000029104,0
2,1,event,703,0.0018329999998059066,0
2,1,event,704,0.0019160000001647859,0
2,1,event,705,0.0019170000000485743,0
2,1,event,706,0.0018749999999272404,0
2,1,event,707,0.0025000000000545697,0
2,1,event,708,0.0018329999998059066,0
2,1,event,709,0.0018329999998059066,0
2,1,event,710,0.0019579999998313724,0
2,1,event,711,0.0017920000000231084,0
2,1,event,712,0.0022919999996702245,0
2,1,event,713,0.001833999999689695,0
2,1,event,714,0.0017920000000231084,0
2,1,event,715,0.0019579999998313724,0
2,1,event,716,0.001959000000169908,0
2,1,event,717,0.0028339999998934218,0
2,1,event,718,0.002041999999619293,0
2,1,event,719,0.001959000000169908,0
2,1,event,720,0.009999999999763531,1
2,1,event,721,0.002375000000029104,0
2,1,event,722,0.0027079999999841675,0
2,1,event,723,0.0019159999997100385,0
2,1,event,724,0.0019999999999527063,0
2,1,event,725,0.0019170000000485743,0
2,1,event,726,0.002124999999978172,0
2,1,event,727,0.003042000000277767,0
2,1,event,728,0.0018749999999272404,0
2,1,event,729,0.0032920000003286987,0
2,1,event,730,0.0019580000002861198,0
2,1,event,731,0.0018340000001444423,0
2,1,event,732,0.0028330000000096334,0
2,1,event,733,0.00179100000013932,0
2,1,event,734,0.0018750000003819878,0
2,1,event,735,0.0019999999999527063,0
2,1,event,736,0.0018329999998059066,0
2,1,event,737,0.003125000000181899,0
2,1,event,738,0.002457999999933236,0
2,1,event,739,0.0019160000001647859,0
2,1,event,740,0.0018749999999272404,0
2,1,event,741,0.0018749999999272404,0
2,1,event,742,0.0018749999999272404,0
2,1,event,743,0.002415999999811902,0
2,1,event,744,0.0018749999999272404,0
2,1,event,745,0.0019999999999527063,0
2,1,event,746,0.0019579999998313724,0
2,1,event,747,0.0019159999997100385,0
2,1,event,748,0.002415999999811902,0
2,1,event,749,0.0019999999999527063,0
2,1,event,750,0.0019170000000485743,0
2,1,event,751,0.001833999999689695,0
2,1,event,752,0.0017920000000231084,0
2,1,event,753,0.002250000000003638,0
2,1,event,754,0.0018749999999272404,0
2,1,event,755,0.0019579999998313724,0
2,1,event,756,0.0018329999998059066,0
2,1,event,757,0.0018749999999272404,0
2,1,event,758,0.0017499999999017746,0
2,1,event,759,0.002375000000029104,0
2,1,event,760,0.0018340000001444423,0
2,1,event,761,0.0017920000000231084,0
2,1,event,762,0.0019170000000485743,0
2,1,event,763,0.0019999999999527063,0
2,1,event,764,0.002375000000029104,0
2,1,event,765,0.001833999999689695,0
2,1,event,766,0.0018749999999272404,0
2,1,event,767,0.0019999999999527063,0
2,1,event,768,0.0018329999998059066,0
2,1,event,769,0.0025000000000545697,0
2,1,event,770,0.0028750000001309672,0
2,1,event,771,0.0020839999997406267,0
2,1,event,772,0.0020839999997406267,0
2,1,event,773,0.0018749999999272404,0
2,1,event,774,0.002457999999933236,0
2,1,event,775,0.0020830000003115856,0
2,1,event,776,0.0019160000001647859,0
2,1,event,777,0.0018329999998059066,0
2,1,event,778,0.0018749999999272404,0
2,1,event,779,0.0019170000000485743,0
2,1,event,780,0.010291999999935797,1
2,1,event,781,0.003416999999899417,0
2,1,event,782,0.002540999999837368,0
2,1,event,783,0.0018749999999272404,0
2,1,event,784,0.0025000000000545697,0
2,1,event,785,0.0019579999998313724,0
2,1,event,786,0.0019999999999527063,0
2,1,event,787,0.0019159999997100385,0
2,1,event,788,0.0021659999997609702,0
2,1,event,789,0.0024170000001504377,0
2,1,event,790,0.0018329999998059066,0
2,1,event,791,0.0019170000000485743,0
2,1,event,792,0.00204200000007404,0
2,1,event,793,0.001958999999715161,0
2,1,event,794,0.0023339999997915584,0
2,1,event,795,0.002250000000003638,0
2,1,event,796,0.001958999999715161,0
2,1,event,797,0.0018750000003819878,0
2,1,event,798,0.001833000000260654,0
2,1,event,799,0.001833000000260654,0
2,1,event,800,0.002290999999786436,0
2,1,event,801,0.0018749999999272404,0
2,1,event,802,0.0018329999998059066,0
2,1,event,803,0.0018340000001444423,0
2,1,event,804,0.0017920000000231084,0
2,1,event,805,0.0024170000001504377,0
2,1,event,806,0.001833999999689695,0
2,1,event,807,0.0017920000000231084,0
2,1,event,808,0.0019170000000485743,0
2,1,event,809,0.0018749999999272404,0
2,1,event,810,0.002457999999933236,0
2,1,event,811,0.0019999999999527063,0
2,1,event,812,0.0019170000000485743,0
2,1,event,813,0.0024170000001504377,0
2,1,event,814,0.0019159999997100385,0
2,1,event,815,0.002457999999933236,0
2,1,event,816,0.0018749999999272404,0
2,1,event,817,0.002167000000099506,0
2,1,event,818,0.00204200000007404,0
2,1,event,819,0.002290999999786436,0
2,1,event,820,0.0019170000000485743,0
2,1,event,821,0.00233299999990777,0
2,1,event,822,0.0018749999999272404,0
2,1,event,823,0.0019170000000485743,0
2,1,event,824,0.0019580000002861198,0
2,1,event,825,0.0019580000002861198,0
2,1,event,826,0.003125000000181899,0
2,1,event,827,0.0021659999997609702,0
2,1,event,828,0.00204200000007404,0
2,1,event,829,0.0019999999999527063,0
2,1,event,830,0.0019170000000485743,0
2,1,event,831,0.002290999999786436,0
2,1,event,832,0.0019999999999527063,0
2,1,event,833,0.0017499999999017746,0
2,1,event,834,0.0018750000003819878,0
2,1,event,835,0.0017920000000231084,0
2,1,event,836,0.002375000000029104,0
2,1,event,837,0.0019999999999527063,0
2,1,event,838,0.001959000000169908,0
2,1,event,839,0.0018340000001444423,0
2,1,event,840,0.009332999999969616,1
2,1,event,841,0.0029999999997016857,0
2,1,event,842,0.0019580000002861198,0
2,1,event,843,0.002457999999933236,0
2,1,event,844,0.0022910000002411834,0
2,1,event,845,0.0018750000003819878,0
2,1,event,846,0.0022919999996702245,0
2,1,event,847,0.002250000000003638,0
2,1,event,848,0.0019580000002861198,0
2,1,event,849,0.0019580000002861198,0
2,1,event,850,0.0018749999999272404,0
2,1,event,851,0.0024160000002666493,0
2,1,event,852,0.0019580000002861198,0
2,1,event,853,0.0019160000001647859,0
2,1,event,854,0.0019170000000485743,0
2,1,event,855,0.00233299999990777,0
2,1,event,856,0.00233299999990777,0
2,1,event,857,0.0019579999998313724,0
2,1,event,858,0.0019579999998313724,0
2,1,event,859,0.0019159999997100385,0
2,1,event,860,0.0019579999998313724,0
2,1,event,861,0.0028750000001309672,0
2,1,event,862,0.002375000000029104,0
2,1,event,863,0.0019579999998313724,0
2,1,event,864,0.0019579999998313724,0
2,1,event,865,0.0018749999999272404,0
2,1,event,866,0.001959000000169908,0
2,1,event,867,0.00233299999990777,0
2,1,event,868,0.0019580000002861198,0
2,1,event,869,0.0019170000000485743,0
2,1,event,870,0.0029589999999188876,0
2,1,event,871,0.0018749999999272404,0
2,1,event,872,0.0025000000000545697,0
2,1,event,873,0.00204200000007404,0
2,1,event,874,0.0019999999999527063,0
2,1,event,875,0.0019579999998313724,0
2,1,event,876,0.0018329999998059066,0
2,1,event,877,0.0018749999999272404,0
2,1,event,878,0.0022919999996702245,0
2,1,event,879,0.0019580000002861198,0
2,1,event,880,0.001750000000356522,0
2,1,event,881,0.0019999999999527063,0
2,1,event,882,0.0019159999997100385,0
2,1,event,883,0.00233299999990777,0
2,1,event,884,0.0017920000000231084,0
2,1,event,885,0.0017920000000231084,0
2,1,event,886,0.001959000000169908,0
2,1,event,887,0.0019170000000485743,0
2,1,event,888,0.002375000000029104,0
2,1,event,889,0.0019579999998313724,0
2,1,event,890,0.0019160000001647859,0
2,1,event,891,0.0019580000002861198,0
2,1,event,892,0.0019999999999527063,0
2,1,event,893,0.002250000000003638,0
2,1,event,894,0.001833000000260654,0
2,1,event,895,0.0018340000001444423,0
2,1,event,896,0.0018749999999272404,0
2,1,event,897,0.0029589999999188876,0
2,1,event,898,0.0019170000000485743,0
2,1,event,899,0.0025420000001759036,0
2,1,event,900,0.010584000000108063,1
2,1,event,901,0.002375000000029104,0
2,1,event,902,0.0019170000000485743,0
2,1,event,903,0.002415999999811902,0
2,1,event,904,0.0018750000003819878,0
2,1,event,905,0.0024170000001504377,0
2,1,event,906,0.0019170000000485743,0
2,1,event,907,0.0018749999999272404,0
2,1,event,908,0.002292000000124972,0
2,1,event,909,0.002124999999978172,0
2,1,event,910,0.0017920000000231084,0
2,1,event,911,0.0018750000003819878,0
2,1,event,912,0.0019579999998313724,0
2,1,event,913,0.0024999999995998223,0
2,1,event,914,0.0018749999999272404,0
2,1,event,915,0.0018749999999272404,0
2,1,event,916,0.001833000000260654,0
2,1,event,917,0.0018749999999272404,0
2,1,event,918,0.0019170000000485743,0
2,1,event,919,0.0026250000000800355,0
2,1,event,920,0.0019170000000485743,0
2,1,event,921,0.0019580000002861198,0
2,1,event,922,0.0018750000003819878,0
2,1,event,923,0.0018750000003819878,0
2,1,event,924,0.002457999999933236,0
2,1,event,925,0.0022080000003370515,0
2,1,event,926,0.001958999999715161,0
2,1,event,927,0.0019170000000485743,0
2,1,event,928,0.001959000000169908,0
2,1,event,929,0.0024170000001504377,0
2,1,event,930,0.0018340000001444423,0
2,1,event,931,0.0018329999998059066,0
2,1,event,932,0.0019999999999527063,0
2,1,event,933,0.0019170000000485743,0
2,1,event,934,0.0025000000000545697,0
2,1,event,935,0.0018750000003819878,0
2,1,event,936,0.0017079999997804407,0
2,1,event,937,0.0017920000000231084,0
2,1,event,938,0.0017920000000231084,0
2,1,event,939,0.002207999999882304,0
2,1,event,940,0.0028339999998934218,0
2,1,event,941,0.0019580000002861198,0
2,1,event,942,0.001916999999593827,0
2,1,event,943,0.0019170000000485743,0
2,1,event,944,0.0018749999999272404,0
2,1,event,945,0.002250000000003638,0
2,1,event,946,0.0018749999999272404,0
2,1,event,947,0.0018749999999272404,0
2,1,event,948,0.0018329999998059066,0
2,1,event,949,0.0019160000001647859,0
2,1,event,950,0.0023330000003625173,0
2,1,event,951,0.002124999999978172,0
2,1,event,952,0.001833999999689695,0
2,1,event,953,0.001958999999715161,0
2,1,event,954,0.0018749999999272404,0
2,1,event,955,0.002708000000438915,0
2,1,event,956,0.00179100000013932,0
2,1,event,957,0.001833000000260654,0
2,1,event,958,0.0018749999999272404,0
2,1,event,959,0.0027500000001055014,0
2,1,event,960,0.009958000000096945,1
2,1,event,961,0.0023340000002463057,0
2,1,event,962,0.002084000000195374,0
2,1,event,963,0.0019999999999527063,0
2,1,event,964,0.0017920000000231084,0
2,1,event,965,0.0025000000000545697,0
2,1,event,966,0.001833999999689695,0
2,1,event,967,0.002458000000387983,0
2,1,event,968,0.0019170000000485743,0
2,1,event,969,0.0018749999999272404,0
2,1,event,970,0.002375000000029104,0
2,1,event,971,0.00204200000007404,0
2,1,event,972,0.0018749999999272404,0
2,1,event,973,0.0018329999998059066,0
2,1,event,974,0.0019999999999527063,0
2,1,event,975,0.0018749999999272404,0
2,1,event,976,0.0026670000002013694,0
2,1,event,977,0.0018749999999272404,0
2,1,event,978,0.0019159999997100385,0
2,1,event,979,0.0019579999998313724,0
2,1,event,980,0.003165999999964697,0
2,1,event,981,0.0028750000001309672,0
2,1,event,982,0.002041999999619293,0
2,1,event,983,0.001833999999689695,0
2,1,event,984,0.0018749999999272404,0
2,1,event,985,0.0020000000004074536,0
2,1,event,986,0.002375000000029104,0
2,1,event,987,0.0018340000001444423,0
2,1,event,988,0.0018329999998059066,0
2,1,event,989,0.0019159999997100385,0
2,1,event,990,0.0019579999998313724,0
2,1,event,991,0.0024590000002717716,0
2,1,event,992,0.0019579999998313724,0
2,1,event,993,0.0018329999998059066,0
2,1,event,994,0.0019579999998313724,0
2,1,event,995,0.001916999999593827,0
2,1,event,996,0.0019580000002861198,0
2,1,event,997,0.0024160000002666493,0
2,1,event,998,0.0018749999999272404,0
2,1,event,999,0.0019999999999527063,0
2,1,burst,0,0.12049999999999272,7
2,1,burst,1,0.11879199999975754,7
2,1,burst,2,0.12212500000032378,7
2,1,burst,3,0.43391699999983757,7
2,1,burst,4,0.13466699999980847,7
2,1,burst,5,0.12366599999995742,7
2,1,burst,6,0.1288750000003347,7
2,1,burst,7,0.11975000000029468,7
2,1,burst,8,0.13795900000013717,7
2,1,burst,9,0.12200000000029831,7
2,1,burst,10,0.12745799999993324,7
2,1,burst,11,0.28462500000023283,7
2,1,burst,12,0.1323330000000169,7
2,1,burst,13,0.12412499999982174,7
2,1,burst,14,0.1289999999999054,7
2,1,burst,15,0.12395900000001348,7
2,1,burst,16,0.12324999999964348,7
2,1,burst,17,0.14479100000016842,7
2,1,burst,18,0.12645800000018426,7
2,1,burst,19,0.12637500000028012,7
2,1,burst,20,0.12212499999986903,7
2,1,burst,21,0.12595899999996618,7
2,1,burst,22,0.12366699999984121,7
2,1,burst,23,0.12408300000015515,7
2,1,burst,24,0.1218749999998181,7
2,1,burst,25,0.12729200000012497,7
2,1,burst,26,0.12345800000002782,7
2,1,burst,27,0.12420800000018062,7
2,1,burst,28,0.1251670000001468,7
2,1,burst,29,0.1245840000001408,7
2,1,burst,30,0.12291700000014316,7
2,1,burst,31,0.1218340000000353,7
2,1,burst,32,0.1328750000002401,7
2,1,burst,33,0.12649999999985084,7
2,1,burst,34,0.12258299999984956,7
2,1,burst,35,0.13241700000025958,7
2,1,burst,36,0.1219159999996009,7
2,1,burst,37,0.1250409999997828,7
2,1,burst,38,0.12229100000013204,7
2,1,burst,39,0.12341599999990649,7
2,1,burst,40,0.1230000000000473,7
2,1,burst,41,0.12645900000006804,7
2,1,burst,42,0.1249590000002172,7
2,1,burst,43,0.12483400000019174,7
2,1,burst,44,0.12191700000039418,7
2,1,burst,45,0.12533299999995506,7
2,1,burst,46,0.12037499999996726,7
2,1,burst,47,0.12454100000013568,7
2,1,burst,48,0.12120800000002419,7
2,1,burst,49,0.131083000000217,7
2,1,burst,50,0.12208300000020245,7
2,1,burst,51,0.12270799999987503,7
2,1,burst,52,0.12029099999972459,7
2,1,burst,53,0.13354200000003402,7
2,1,burst,54,0.12100000000009459,7
2,1,burst,55,0.12062500000001819,7
2,1,burst,56,0.1196669999999358,7
2,1,burst,57,0.12345900000036636,7
2,1,burst,58,0.12041700000008859,7
2,1,burst,59,0.12008400000013353,7
2,1,burst,60,0.12712499999997817,7
2,1,burst,61,0.12212500000032378,7
2,1,burst,62,0.11991600000010294,7
2,1,burst,63,0.12054100000023027,7
2,1,burst,64,0.12070800000037707,7
2,1,burst,65,0.1230000000000473,7
2,1,burst,66,0.11962499999981446,7
2,1,burst,67,0.12058299999989686,7
2,1,burst,68,0.12391600000000835,7
2,1,burst,69,0.12083299999994779,7
2,1,burst,70,0.11899999999968713,7
2,1,burst,71,0.12170900000000984,7
2,1,burst,72,0.13087499999983265,7
2,1,burst,73,0.12120899999990797,7
2,1,burst,74,0.11820900000020629,7
2,1,burst,75,0.11900000000014188,7
2,1,burst,76,0.12345800000002782,7
2,1,burst,77,0.11970899999960238,7
2,1,burst,78,0.12108299999999872,7
2,1,burst,79,0.12045799999987139,7
2,1,burst,80,0.12441600000011022,7
2,1,burst,81,0.12350000000014916,7
2,1,burst,82,0.12200000000029831,7
2,1,burst,83,0.12104199999976117,7
2,1,burst,84,0.124416999999994,7
2,1,burst,85,0.12058399999978064,7
2,1,burst,86,0.12162500000022192,7
2,1,burst,87,0.12099999999963984,7
2,1,burst,88,0.12595899999996618,7
2,1,burst,89,0.12570900000037,7
2,1,burst,90,0.12075000000004366,7
2,1,burst,91,0.12745799999993324,7
2,1,burst,92,0.12216699999999037,7
2,1,burst,93,0.12508400000024267,7
2,1,burst,94,0.12100000000009459,7
2,1,burst,95,0.12270899999975882,7
2,1,burst,96,0.12429199999996854,7
2,1,burst,97,0.11683299999958763,7
2,1,burst,98,0.12279199999966295,7
2,1,burst,99,0.1226249999999709,7
2,1,burst,100,0.1253750000000764,7
2,1,burst,101,0.12000000000034561,7
2,1,burst,102,0.12008300000024974,7
2,1,burst,103,0.12179100000003018,7
2,1,burst,104,0.12449999999989814,7
2,1,burst,105,0.11970800000017334,7
2,1,burst,106,0.12183300000015151,7
2,1,burst,107,0.12170900000000984,7
2,1,burst,108,0.13149999999995998,7
2,1,burst,109,0.12154199999986304,7
2,1,burst,110,0.12154099999997925,7
2,1,burst,111,0.12379099999998289,7
2,1,burst,112,0.12166600000000471,7
2,1,burst,113,0.12170900000000984,7
2,1,burst,114,0.1251670000001468,7
2,1,burst,115,0.12320899999986068,7
2,1,burst,116,0.12283399999978428,7
2,1,burst,117,0.1200420000000122,7
2,1,burst,118,0.12404199999991761,7
2,1,burst,119,0.12379200000032142,7
2,1,burst,120,0.12120800000002419,7
2,1,burst,121,0.11916699999983393,7
2,1,burst,122,0.12179100000003018,7
2,1,burst,123,0.12474999999994907,7
2,1,burst,124,0.1200420000000122,7
2,1,burst,125,0.12154099999997925,7
2,1,burst,126,0.1184160000002521,7
2,1,burst,127,0.12800000000015643,7
2,1,burst,128,0.12312500000007276,7
2,1,burst,129,0.12066599999980099,7
2,1,burst,130,0.12249999999994543,7
2,1,burst,131,0.1273340000002463,7
2,1,burst,132,0.1200420000000122,7
2,1,burst,133,0.11962500000026921,7
2,1,burst,134,0.11995800000022427,7
2,1,burst,135,0.12112500000012005,7
2,1,burst,136,0.1194590000000062,7
2,1,burst,137,0.12170800000012605,7
2,1,burst,138,0.12012499999991633,7
2,1,burst,139,0.1222499999998945,7
2,1,burst,140,0.1196669999999358,7
2,1,burst,141,0.11791599999969549,7
2,1,burst,142,0.12024999999994179,7
2,1,burst,143,0.12304200000016863,7
2,1,burst,144,0.11958300000014788,7
2,1,burst,145,0.11866600000030303,7
2,1,burst,146,0.12429100000008475,7
2,1,burst,147,0.13191600000027393,7
2,1,burst,148,0.11904099999992468,7
2,1,burst,149,0.11904099999992468,7
2,1,burst,150,0.12166600000000471,7
2,1,burst,151,0.1230000000000473,7
2,1,burst,152,0.12012499999991633,7
2,1,burst,153,0.1194590000000062,7
2,1,burst,154,0.11995799999976953,7
2,1,burst,155,0.1218749999998181,7
2,1,burst,156,0.11787499999991269,7
2,1,burst,157,0.11816700000008495,7
2,1,burst,158,14.868416999999681,7
2,1,burst,159,0.17054200000029596,7
2,1,burst,160,0.13608300000032614,7
2,1,burst,161,0.12825000000020736,7
2,1,burst,162,0.12637499999982538,7
2,1,burst,163,0.12916600000016842,7
2,1,burst,164,0.12600000000020373,7
2,1,burst,165,0.13450000000011642,7
2,1,burst,166,0.15612499999997453,7
2,1,burst,167,0.12524999999959618,7
2,1,burst,168,0.12408300000015515,7
2,1,burst,169,0.12350000000014916,7
2,1,burst,170,0.1516670000000886,7
2,1,burst,171,0.13645800000040254,7
2,1,burst,172,0.129790999999841,7
2,1,burst,173,0.13658299999997325,7
2,1,burst,174,0.13979100000005928,7
2,1,burst,175,0.1494580000003225,7
2,1,burst,176,0.13925000000017462,7
2,1,burst,177,0.1321250000000873,7
2,1,burst,178,0.15929100000039398,7
2,1,burst,179,0.13225000000011278,7
2,1,burst,180,0.1307080000001406,7
2,1,burst,181,0.13354100000015023,7
2,1,burst,182,0.13629199999968478,7
2,1,burst,183,0.1247920000000704,7
2,1,burst,184,0.13045899999997346,7
2,1,burst,185,0.1457500000001346,7
2,1,burst,186,0.12833399999999529,7
2,1,burst,187,0.1330420000003869,7
2,1,burst,188,0.13537499999983993,7
2,1,burst,189,0.13433299999996962,7
2,1,burst,190,0.12662500000033106,7
2,1,burst,191,0.13879199999973935,7
2,1,burst,192,0.1319589999998243,7
2,1,burst,193,0.1275829999999587,7
2,1,burst,194,0.13333300000022064,7
2,1,burst,195,0.13045899999997346,7
2,1,burst,196,0.1360420000000886,7
2,1,burst,197,0.13204200000018318,7
2,1,burst,198,0.12929200000007768,7
2,1,burst,199,0.1269999999999527,7
2,1,burst,200,0.1356670000000122,7
2,1,burst,201,0.12412500000027649,7
2,1,burst,202,0.12879199999997581,7
2,1,burst,203,0.13683300000002419,7
2,1,burst,204,0.14229199999999764,7
2,1,burst,205,0.12820899999996982,7
2,1,burst,206,0.13541699999996126,7
2,1,burst,207,0.1288329999997586,7
2,1,burst,208,0.13362499999993815,7
2,1,burst,209,0.1264579999997295,7
2,1,burst,210,0.1301250000001346,7
2,1,burst,211,0.12412500000027649,7
2,1,burst,212,0.13733300000012605,7
2,1,burst,213,0.12854099999958635,7
2,1,burst,214,0.13175000000001091,7
2,1,burst,215,0.13429099999984828,7
2,1,burst,216,0.1277500000001055,7
2,1,burst,217,0.15254100000038306,7
2,1,burst,218,0.1251670000001468,7
2,1,burst,219,0.12854199999992488,7
2,1,burst,220,0.11924999999973807,7
2,1,burst,221,0.11366700000007768,7
2,1,burst,222,0.09945900000002439,7
2,1,burst,223,0.11816700000008495,7
2,1,burst,224,0.11429200000020501,7
2,1,burst,225,0.11187500000005457,7
2,1,burst,226,0.10141699999985576,7
2,1,burst,227,0.1200420000000122,7
2,1,burst,228,0.10941600000023755,7
2,1,burst,229,0.10583300000007512,7
2,1,burst,230,0.10783300000002782,7
2,1,burst,231,0.11370800000031522,7
2,1,burst,232,0.11704099999997197,7
2,1,burst,233,0.11387500000000728,7
2,1,burst,234,0.10354099999995015,7
2,1,burst,235,0.11404100000027029,7
2,1,burst,236,0.10762499999964348,7
2,1,burst,237,0.10429199999998673,7
2,1,burst,238,0.10291599999982282,7
2,1,burst,239,0.12008299999979499,7
2,1,burst,240,0.10474999999996726,7
2,1,burst,241,0.11012499999969805,7
2,1,burst,242,0.11241699999982302,7
2,1,burst,243,0.11545799999976225,7
2,1,burst,244,0.10341699999980847,7
2,1,burst,245,0.11091700000042692,7
2,1,burst,246,0.103874999999789,7
2,1,burst,247,0.1122920000002523,7
2,1,burst,248,0.11099999999987631,7
2,1,burst,249,0.10904100000016115,7
2,1,burst,250,0.10500000000001819,7
2,1,burst,251,0.11495899999999892,7
2,1,burst,252,0.11112499999990177,7
2,1,burst,253,0.11429199999975026,7
2,1,burst,254,0.11099999999987631,7
2,1,burst,255,0.12075000000004366,7
2,1,burst,256,0.1054999999996653,7
2,1,burst,257,0.11279200000035416,7
2,1,burst,258,0.10033400000020265,7
2,1,burst,259,0.12170900000000984,7
2,1,burst,260,0.10987499999964712,7
2,1,burst,261,0.11662500000011278,7
2,1,burst,262,0.10295900000028269,7
2,1,burst,263,0.12437499999987267,7
2,1,burst,264,0.10983299999998053,7
2,1,burst,265,0.10500000000001819,7
2,1,burst,266,0.11187500000005457,7
2,1,burst,267,0.11479099999996834,7
2,1,burst,268,0.10691599999972823,7
2,1,burst,269,0.1036669999998594,7
2,1,burst,270,0.11358400000017355,7
2,1,burst,271,0.11441700000023047,7
2,1,burst,272,0.10874999999987267,7
2,1,burst,273,0.1062499999998181,7
2,1,burst,274,0.1112079999998059,7
2,1,burst,275,0.116041000000223,7
2,1,burst,276,0.10412500000029468,7
2,1,burst,277,0.10941700000012133,7
2,1,burst,278,0.11791600000015023,7
2,1,burst,279,0.11699999999973443,7
2,1,burst,280,0.10779099999990649,7
2,1,burst,281,0.10487499999999272,7
2,1,burst,282,0.13958400000001348,7
2,1,burst,283,0.11550000000033833,7
2,1,burst,284,0.11633300000039526,7
2,1,burst,285,0.10966600000028848,7
2,1,burst,286,0.11437500000010914,7
2,1,burst,287,0.10879100000011022,7
2,1,burst,288,5.217083000000002,7
2,1,burst,289,0.06154100000003382,7
2,1,burst,290,0.05358300000034433,7
2,1,burst,291,0.0525420000003578,7
2,1,burst,292,0.05291699999997945,7
2,1,burst,293,0.04987500000015643,7
2,1,burst,294,0.04991699999982302,7
2,1,burst,295,0.05154199999969933,7
2,1,burst,296,0.051665999999841006,7
2,1,burst,297,0.04933400000027177,7
2,1,burst,298,0.050332999999682215,7
2,1,burst,299,0.05074999999987995,7
2,1,burst,300,0.05945800000017698,7
2,1,burst,301,0.049791999999797554,7
2,1,burst,302,0.049250000000029104,7
2,1,burst,303,0.05070900000009715,7
2,1,burst,304,0.049624999999650754,7
2,1,burst,305,0.04899999999997817,7
2,1,burst,306,0.04866700000002311,7
2,1,burst,307,0.05154099999981554,7
2,1,burst,308,0.0498330000000351,7
2,1,burst,309,0.04899999999997817,7
2,1,burst,310,0.04837499999985084,7
2,1,burst,311,0.0498330000000351,7
2,1,burst,312,0.049333999999817024,7
2,1,burst,313,0.04829199999994671,7
2,1,burst,314,0.07449999999971624,7
2,1,burst,315,0.10799999999971988,7
2,1,burst,316,0.10729099999980463,7
2,1,burst,317,0.10262499999998909,7
2,1,burst,318,0.11020899999994072,7
2,1,burst,319,0.1095420000001468,7
2,1,burst,320,0.10208300000022064,7
2,1,burst,321,0.10337500000014188,7
2,1,burst,322,0.10183400000005349,7
2,1,burst,323,0.10341699999980847,7
2,1,burst,324,0.10116700000025958,7
2,1,burst,325,0.10433299999976953,7
2,1,burst,326,0.09862500000008367,7
2,1,burst,327,0.10295899999982794,7
2,1,burst,328,0.10466700000006313,7
2,1,burst,329,30.144124999999804,7
2,1,burst,330,0.9037079999998241,7
2,1,burst,331,0.13925000000017462,7
2,1,burst,332,0.12199999999984357,7
2,1,burst,333,0.12274999999999636,7
2,1,burst,334,0.12333300000000236,7
2,1,burst,335,0.1224170000000413,7
2,1,burst,336,0.12049999999999272,7
2,1,burst,337,0.12049999999999272,7
2,1,burst,338,0.14254200000004857,7
2,1,burst,339,0.1398340000000644,7
2,1,burst,340,0.15616699999964112,7
2,1,burst,341,0.125,7
2,1,burst,342,0.12495799999987867,7
2,1,burst,343,0.12091599999985192,7
2,1,burst,344,0.7575409999999465,7
2,1,burst,345,0.1639580000000933,7
2,1,burst,346,0.15716599999996106,7
2,1,burst,347,0.4495839999999589,7
2,1,burst,348,0.9267500000000837,7
2,1,burst,349,0.2321670000001177,7
2,1,burst,350,0.1288329999997586,7
2,1,burst,351,0.1228329999999005,7
2,1,burst,352,1.8887909999998556,7
2,1,burst,353,0.12874999999985448,7
2,1,burst,354,0.12800000000015643,7
2,1,burst,355,0.12295799999992596,7
2,1,burst,356,0.2569160000002739,7
2,1,burst,357,0.15075000000024374,7
2,1,burst,358,0.13762500000029831,7
2,1,burst,359,0.12979200000017954,7
2,1,burst,360,0.13187500000003638,7
2,1,burst,361,0.12791599999991377,7
2,1,burst,362,0.1338330000003225,7
2,1,burst,363,0.12725000000000364,7
2,1,burst,364,0.12649999999985084,7
2,1,burst,365,0.1247920000000704,7
2,1,burst,366,0.13137499999993452,7
2,1,burst,367,0.12745799999993324,7
2,1,burst,368,0.12608399999999165,7
2,1,burst,369,0.1276249999996253,7
2,1,burst,370,0.12654199999997218,7
2,1,burst,371,0.12566699999979392,7
2,1,burst,372,0.12895900000012261,7
2,1,burst,373,0.12375000000020009,7
2,1,burst,374,0.14824999999973443,7
2,1,burst,375,0.12808300000006057,7
2,1,burst,376,0.12762500000008004,7
2,1,burst,377,0.12491700000009587,7
2,1,burst,378,0.1277919999997721,7
2,1,burst,379,0.12345899999991161,7
2,1,burst,380,0.12429199999996854,7
2,1,burst,381,0.12533399999983885,7
2,1,burst,382,0.12695800000028612,7
2,1,burst,383,0.12454200000001947,7
2,1,burst,384,0.14475000000038563,7
2,1,burst,385,0.12704200000007404,7
2,1,burst,386,0.13166700000010678,7
2,1,burst,387,0.1255410000003394,7
2,1,burst,388,0.12466700000004494,7
2,1,burst,389,0.12874999999985448,7
2,1,burst,390,0.12433299999975134,7
2,1,burst,391,0.12825000000020736,7
2,1,burst,392,0.12637499999982538,7
2,1,burst,393,0.1269999999999527,7
2,1,burst,394,0.12470900000016627,7
2,1,burst,395,36.43837500000018,7
2,1,burst,396,0.3137079999996786,7
2,1,burst,397,0.13541600000007747,7
2,1,burst,398,0.12825000000020736,7
2,1,burst,399,0.12849999999980355,7
2,1,burst,400,0.12866600000006656,7
2,1,burst,401,0.12591699999984485,7
2,1,burst,402,0.1275829999999587,7
2,1,burst,403,0.11937499999976353,7
2,1,burst,404,0.11954199999991033,7
2,1,burst,405,0.16499999999996362,7
2,1,burst,406,0.19629200000008495,7
2,1,burst,407,0.12341700000024503,7
2,1,burst,408,0.30308300000024246,7
2,1,burst,409,0.18841599999996106,7
2,1,burst,410,0.12379099999998289,7
2,1,burst,411,0.12466700000004494,7
2,1,burst,412,0.12387500000022555,7
2,1,burst,413,0.12062499999956344,7
2,1,burst,414,0.11758400000007896,7
2,1,burst,415,0.11762499999986176,7
2,1,burst,416,0.11820799999986775,7
2,1,burst,417,1.887666999999965,7
2,1,burst,418,0.12229200000001583,7
2,1,burst,419,0.11850000000004002,7
2,1,burst,420,0.1557089999996606,7
2,1,burst,421,0.13245899999992616,7
2,1,burst,422,0.12116700000024139,7
2,1,burst,423,13.795999999999822,7
2,1,burst,424,0.19574999999986176,7
2,1,burst,425,0.12866699999995035,7
2,1,burst,426,0.243333999999777,7
2,1,burst,427,0.1222499999998945,7
2,1,burst,428,0.13679099999990285,7
2,1,burst,429,0.12466699999959019,7
2,1,burst,430,0.12066700000013952,7
2,1,burst,431,0.1269999999999527,7
2,1,burst,432,0.12124999999969077,7
2,1,burst,433,0.12637499999982538,7
2,1,burst,434,0.1642079999996895,7
2,1,burst,435,0.15458300000000236,7
2,1,burst,436,0.12799999999970169,7
2,1,burst,437,0.12633400000004258,7
2,1,burst,438,0.1224170000000413,7
2,1,burst,439,0.12420799999972587,7
2,1,burst,440,0.12529099999983373,7
2,1,burst,441,0.12345800000002782,7
2,1,burst,442,0.12037499999996726,7
2,1,burst,443,0.12162499999976717,7
2,1,burst,444,0.12154199999986304,7
2,1,burst,445,0.1571249999997235,7
2,1,burst,446,0.11920899999995527,7
2,1,burst,447,0.2521670000000995,7
2,1,burst,448,0.20737499999995634,7
2,1,burst,449,0.3730000000000473,7
2,1,burst,450,0.1334999999999127,7
2,1,burst,451,0.11875000000009095,7
2,1,burst,452,0.12529200000017227,7
2,1,burst,453,0.11570900000015172,7
2,1,burst,454,0.16745899999978064,7
2,1,burst,455,0.16587500000014188,7
2,1,burst,456,0.13650000000006912,7
2,1,burst,457,0.125583000000006,7
2,1,burst,458,0.1262090000000171,7
2,1,burst,459,0.12308400000028996,7
2,1,burst,460,0.13304199999993216,7
2,1,burst,461,0.12354199999981574,7
2,1,burst,462,0.12395799999967494,7
2,1,burst,463,0.11970900000005713,7
2,1,burst,464,0.13941699999986668,7
2,1,burst,465,0.12091700000019046,7
2,1,burst,466,0.12083299999994779,7
2,1,burst,467,0.11779099999967002,7
2,1,burst,468,0.12512500000002547,7
2,1,burst,469,0.11925000000019281,7
2,1,burst,470,0.12341600000036124,7
2,1,burst,471,0.12058299999989686,7
2,1,burst,472,0.12129200000026685,7
2,1,burst,473,0.12137500000017099,7
2,1,burst,474,0.12045800000032614,7
2,1,burst,475,0.12233300000025338,7
2,1,burst,476,0.12337500000012369,7
2,1,burst,477,0.12150000000019645,7
2,1,burst,478,0.1190839999999298,7
2,1,burst,479,0.11916700000028868,7
2,1,burst,480,0.12308299999995143,7
2,1,burst,481,0.11954199999991033,7
2,1,burst,482,0.12125000000014552,7
2,1,burst,483,0.12187500000027285,7
2,1,burst,484,0.129207999999835,7
2,1,burst,485,0.1196669999999358,7
2,1,burst,486,0.1252089999998134,7
2,1,burst,487,0.12304199999971388,7
2,1,burst,488,0.12324999999964348,7
2,1,burst,489,0.12029100000017934,7
2,1,burst,490,0.12008300000024974,7
2,1,burst,491,0.12358300000005329,7
2,1,burst,492,0.11995900000010806,7
2,1,burst,493,0.11937500000021828,7
2,1,burst,494,0.12079200000016499,7
2,1,burst,495,0.1218340000000353,7
2,1,burst,496,0.1198749999998654,7
2,1,burst,497,0.11925000000019281,7
2,1,burst,498,0.12291600000025937,7
2,1,burst,499,0.12291600000025937,7
2,1,burst,500,0.11820799999986775,7
2,1,burst,501,0.12033300000030067,7
2,1,burst,502,0.1196669999999358,7
2,1,burst,503,0.12591599999996106,7
2,1,burst,504,0.1216669999998885,7
2,1,burst,505,0.12141700000029232,7
2,1,burst,506,0.12104100000033213,7
2,1,burst,507,0.12258300000030431,7
2,1,burst,508,0.11941700000033961,7
2,1,burst,509,0.12045799999987139,7
2,1,burst,510,0.1197079999997186,7
2,1,burst,511,0.1222090000001117,7
2,1,burst,512,0.11995800000022427,7
2,1,burst,513,0.119499999999789,7
2,1,burst,514,0.11808400000018082,7
2,1,burst,515,0.12191699999993943,7
2,1,burst,516,0.119499999999789,7
2,1,burst,517,0.12474999999994907,7
2,1,burst,518,0.11999999999989086,7
2,1,burst,519,0.12941700000010314,7
2,1,burst,520,0.12104200000021592,7
2,1,burst,521,0.12566699999979392,7
2,1,burst,522,0.12095899999985704,7
2,1,burst,523,0.12525000000005093,7
2,1,burst,524,0.12287500000002183,7
2,1,burst,525,0.12162500000022192,7
2,1,burst,526,0.12070800000037707,7
2,1,burst,527,0.12495899999976245,7
2,1,burst,528,0.1218340000000353,7
2,1,burst,529,0.12208400000008623,7
2,1,burst,530,0.12070799999992232,7
2,1,burst,531,0.12600000000020373,7
2,1,burst,532,0.11900000000014188,7
2,1,burst,533,0.12049999999999272,7
2,1,burst,534,0.12287500000002183,7
2,1,burst,535,0.12195800000017698,7
2,1,burst,536,0.12024999999994179,7
2,1,burst,537,0.12133399999993344,7
2,1,burst,538,0.12491699999964112,7
2,1,burst,539,0.12287499999956708,7
2,1,burst,540,0.1279580000000351,7
2,1,burst,541,0.11999999999989086,7
2,1,burst,542,0.12433300000020608,7
2,1,burst,543,0.12083299999994779,7
2,1,burst,544,0.12266700000009223,7
2,1,burst,545,0.12195800000017698,7
2,1,burst,546,0.130500000000211,7
2,1,burst,547,0.12412499999982174,7
2,1,burst,548,0.12254100000018298,7
2,1,burst,549,0.12391600000000835,7
2,1,burst,550,0.1224579999998241,7
2,1,burst,551,0.1214999999997417,7
2,1,burst,552,0.12929199999962293,7
2,1,burst,553,0.12195900000006077,7
2,1,burst,554,0.12529200000017227,7
2,1,burst,555,0.12095799999997325,7
2,1,burst,556,0.12145800000007512,7
2,1,burst,557,0.12654199999997218,7
2,1,burst,558,0.12312500000007276,7
2,1,burst,559,0.11920900000041001,7
2,1,burst,560,0.11995900000010806,7
2,1,burst,561,0.11912500000016735,7
2,1,burst,562,0.12341699999979028,7
2,1,burst,563,0.12012499999991633,7
2,1,burst,564,0.12141599999995378,7
2,1,burst,565,0.12079099999982645,7
2,1,burst,566,0.12216699999999037,7
2,1,burst,567,0.11816700000008495,7
2,1,burst,568,0.1200420000000122,7
2,1,burst,569,0.1204160000002048,7
2,1,burst,570,0.12433300000020608,7
2,1,burst,571,0.11758400000007896,7
2,1,burst,572,0.12062500000001819,7
2,1,burst,573,0.1190839999999298,7
2,1,burst,574,0.12141699999983757,7
2,1,burst,575,0.12404199999991761,7
2,1,burst,576,0.12924999999995634,7
2,1,burst,577,0.11983300000019881,7
2,1,burst,578,0.12158399999998437,7
2,1,burst,579,0.12004199999955745,7
2,1,burst,580,0.11970900000005713,7
2,1,burst,581,0.12049999999999272,7
2,1,burst,582,0.12229200000001583,7
2,1,burst,583,30.871999999999844,7
2,1,burst,584,0.13229099999989558,7
2,1,burst,585,0.12649999999985084,7
2,1,burst,586,0.12120800000002419,7
2,1,burst,587,0.12074999999958891,7
2,1,burst,588,0.12108399999988251,7
2,1,burst,589,0.11970900000005713,7
2,1,burst,590,0.11762499999986176,7
2,1,burst,591,0.11941600000000108,7
2,1,burst,592,0.1212919999998121,7
2,1,burst,593,0.19050000000015643,7
2,1,burst,594,0.38770900000008623,7
2,1,burst,595,0.14054200000009587,7
2,1,burst,596,0.15220799999997325,7
2,1,burst,597,0.12341599999990649,7
2,1,burst,598,0.11720799999966403,7
2,1,burst,599,0.11866700000018682,7
2,1,burst,600,0.12125000000014552,7
2,1,burst,601,0.12116700000024139,7
2,1,burst,602,0.11687500000016371,7
2,1,burst,603,0.12954099999979007,7
2,1,burst,604,0.11749999999983629,7
2,1,burst,605,0.12112500000012005,7
2,1,burst,606,0.11758400000007896,7
2,1,burst,607,0.11941700000033961,7
2,1,burst,608,0.12008300000024974,7
2,1,burst,609,0.1246249999999236,7
2,1,burst,610,0.11991699999998673,7
2,1,burst,611,0.11850000000004002,7
2,1,burst,612,6.180457999999817,7
2,1,burst,613,0.1700420000001941,7
2,1,burst,614,0.1172500000002401,7
2,1,burst,615,0.10825000000022555,7
2,1,burst,616,0.10683400000016263,7
2,1,burst,617,0.10541699999976117,7
2,1,burst,618,0.10795799999959854,7
2,1,burst,619,0.10337500000014188,7
2,1,burst,620,0.10545899999988251,7
2,1,burst,621,0.10633400000006077,7
2,1,burst,622,0.10108300000001691,7
2,1,burst,623,0.10491600000023027,7
2,1,burst,624,0.10154199999988123,7
2,1,burst,625,0.1034589999999298,7
2,1,burst,626,0.1007089999998243,7
2,1,burst,627,0.10316699999975754,7
2,1,burst,628,0.10354199999983393,7
2,1,burst,629,0.10412499999983993,7
2,1,burst,630,0.10212499999988722,7
2,1,burst,631,0.1034999999997126,7
2,1,burst,632,0.11883299999999508,7
2,1,burst,633,0.10541699999976117,7
2,1,burst,634,0.10195800000019517,7
2,1,burst,635,0.1121659999998883,7
2,1,burst,636,0.10379199999988487,7
2,1,burst,637,0.10312500000009095,7
2,1,burst,638,0.10170799999968949,7
2,1,burst,639,0.10116700000025958,7
2,1,burst,640,0.10187499999983629,7
2,1,burst,641,0.10079200000018318,7
2,1,burst,642,0.10266700000011042,7
2,1,burst,643,0.1014999999997599,7
2,1,burst,644,0.10154099999999744,7
2,1,burst,645,0.10216599999967002,7
2,1,burst,646,0.10075000000006185,7
2,1,burst,647,0.10216700000000856,7
2,1,burst,648,0.10291700000016135,7
2,1,burst,649,0.10208299999976589,7
2,1,burst,650,0.10695799999984956,7
2,1,burst,651,0.10258299999986775,7
2,1,burst,652,0.11049999999977445,7
2,1,burst,653,0.10262499999998909,7
2,1,burst,654,0.10270799999989322,7
2,1,burst,655,0.09916699999985212,7
2,1,burst,656,0.10341599999992468,7
2,1,burst,657,0.10337500000014188,7
2,1,burst,658,0.10229200000003402,7
2,1,burst,659,0.10195799999974042,7
2,1,burst,660,0.10637499999984357,7
2,1,burst,661,0.10487499999999272,7
2,1,burst,662,0.10141599999997197,7
2,1,burst,663,0.10141599999997197,7
2,1,burst,664,0.10283299999991868,7
2,1,burst,665,0.10141599999997197,7
2,1,burst,666,0.1016669999999067,7
2,1,burst,667,0.1007499999996071,7
2,1,burst,668,0.10312500000009095,7
2,1,burst,669,0.10070799999994051,7
2,1,burst,670,0.10591599999997925,7
2,1,burst,671,0.10108300000001691,7
2,1,burst,672,0.10316700000021228,7
2,1,burst,673,0.10133300000006784,7
2,1,burst,674,0.10304099999984828,7
2,1,burst,675,0.10058299999991505,7
2,1,burst,676,0.10295799999994415,7
2,1,burst,677,0.10029200000008132,7
2,1,burst,678,0.10112500000013824,7
2,1,burst,679,0.10075000000006185,7
2,1,burst,680,0.10237499999993815,7
2,1,burst,681,0.10162499999978536,7
2,1,burst,682,0.10066599999981918,7
2,1,burst,683,0.10037499999998545,7
2,1,burst,684,0.1037079999996422,7
2,1,burst,685,0.09991700000000492,7
2,1,burst,686,0.10150000000021464,7
2,1,burst,687,0.10175000000026557,7
2,1,burst,688,0.09987500000033833,7
2,1,burst,689,0.11070900000004258,7
2,1,burst,690,0.10950000000002547,7
2,1,burst,691,0.10129099999994651,7
2,1,burst,692,0.10095799999999144,7
2,1,burst,693,0.1051660000002812,7
2,1,burst,694,0.10104099999989558,7
2,1,burst,695,0.10362499999973807,7
2,1,burst,696,0.09979199999997945,7
2,1,burst,697,0.10091700000020865,7
2,1,burst,698,0.10150000000021464,7
2,1,burst,699,0.10529199999973571,7
2,1,burst,700,0.10141699999985576,7
2,1,burst,701,0.10162499999978536,7
2,1,burst,702,0.09999999999990905,7
2,1,burst,703,0.10379100000000108,7
2,1,burst,704,0.10083299999996598,7
2,1,burst,705,0.09958299999971132,7
2,1,burst,706,0.09895800000003874,7
2,1,burst,707,0.10333300000002055,7
2,1,burst,708,0.11387500000000728,7
2,1,burst,709,0.10004200000003038,7
2,1,burst,710,0.09999999999990905,7
2,1,burst,711,0.103874999999789,7
2,1,burst,712,0.10075000000006185,7
2,1,burst,713,0.10108300000001691,7
2,1,burst,714,0.09999999999990905,7
2,1,burst,715,0.10470799999984592,7
2,1,burst,716,0.09941600000001927,7
2,1,burst,717,0.10124999999970896,7
2,1,burst,718,0.10679100000015751,7
2,1,burst,719,0.10125000000016371,7
2,1,burst,720,0.10083299999996598,7
2,1,burst,721,0.10212500000034197,7
2,1,burst,722,0.10154199999988123,7
2,1,burst,723,0.10075000000006185,7
2,1,burst,724,0.10158400000000256,7
2,1,burst,725,0.10120899999992616,7
2,1,burst,726,0.10120899999992616,7
2,1,burst,727,0.10654199999999037,7
2,1,burst,728,0.10429199999998673,7
2,1,burst,729,0.10520799999994779,7
2,1,burst,730,0.10229100000015023,7
2,1,burst,731,0.10220799999979135,7
2,1,burst,732,0.17558299999973315,7
2,1,burst,733,0.12512500000002547,7
2,1,burst,734,0.10891700000001947,7
2,1,burst,735,0.11220900000034817,7
2,1,burst,736,0.10462499999994179,7
2,1,burst,737,0.10458299999982046,7
2,1,burst,738,0.10550000000012005,7
2,1,burst,739,0.10812500000020009,7
2,1,burst,740,0.10366700000031415,7
2,1,burst,741,0.10308299999996962,7
2,1,burst,742,0.1058339999999589,7
2,1,burst,743,0.10562500000014552,7
2,1,burst,744,0.10454200000003766,7
2,1,burst,745,0.1036669999998594,7
2,1,burst,746,0.12024999999994179,7
2,1,burst,747,0.11191699999972116,7
2,1,burst,748,0.10458399999970425,7
2,1,burst,749,0.10541699999976117,7
2,1,burst,750,0.10658399999965695,7
2,1,burst,751,0.10241700000005949,7
2,1,burst,752,0.10304199999973207,7
2,1,burst,753,0.10358399999995527,7
2,1,burst,754,0.10587500000019645,7
2,1,burst,755,0.10262499999998909,7
2,1,burst,756,0.10470800000030067,7
2,1,burst,757,0.10216700000000856,7
2,1,burst,758,3.749917000000096,7
2,1,burst,759,0.1281250000001819,7
2,1,burst,760,0.1196669999999358,7
2,1,burst,761,0.11979199999996126,7
2,1,burst,762,0.1254159999998592,7
2,1,burst,763,0.12175000000024738,7
2,1,burst,764,0.11770800000022064,7
2,1,burst,765,19.274625000000015,7
2,1,burst,766,0.13041700000030687,7
2,1,burst,767,0.9112080000004426,7
2,1,burst,768,0.519083000000137,7
2,1,burst,769,0.12287500000002183,7
2,1,burst,770,0.1097500000000764,7
2,1,burst,771,0.10600000000022192,7
2,1,burst,772,0.10320900000033362,7
2,1,burst,773,0.10495799999989686,7
2,1,burst,774,0.10320799999999508,7
2,1,burst,775,0.10379100000000108,7
2,1,burst,776,0.11083299999972951,7
2,1,burst,777,0.10887499999989814,7
2,1,burst,778,0.10483399999975518,7
2,1,burst,779,0.10179199999993216,7
2,1,burst,780,0.10362499999973807,7
2,1,burst,781,0.1042499999998654,7
2,1,burst,782,0.10220799999979135,7
2,1,burst,783,0.1037079999996422,7
2,1,burst,784,0.12329099999988102,7
2,1,burst,785,0.10525000000006912,7
2,1,burst,786,0.10316700000021228,7
2,1,burst,787,0.10383300000012241,7
2,1,burst,788,0.10287500000004002,7
2,1,burst,789,0.10445799999979499,7
2,1,burst,790,0.10108300000001691,7
2,1,burst,791,0.11616599999979371,7
2,1,burst,792,0.12154199999986304,7
2,1,burst,793,0.11083300000018426,7
2,1,burst,794,0.11400000000003274,7
2,1,burst,795,0.11662500000011278,7
2,1,burst,796,0.11816600000020117,7
2,1,burst,797,0.10833300000012969,7
2,1,burst,798,0.1145000000001346,7
2,1,burst,799,0.11537499999985812,7
2,1,burst,800,0.1101250000001528,7
2,1,burst,801,0.12354200000027049,7
2,1,burst,802,0.10729200000014316,7
2,1,burst,803,0.11941600000000108,7
2,1,burst,804,0.11820799999986775,7
2,1,burst,805,0.11716699999988123,7
2,1,burst,806,0.11145900000019537,7
2,1,burst,807,0.1216669999998885,7
2,1,burst,808,0.10670799999979863,7
2,1,burst,809,0.11408299999993687,7
2,1,burst,810,0.11116700000002311,7
2,1,burst,811,0.11108400000011898,7
2,1,burst,812,0.11612500000001091,7
2,1,burst,813,0.10825000000022555,7
2,1,burst,814,0.11008300000003146,7
2,1,burst,815,0.1127080000001115,7
2,1,burst,816,0.12016700000003766,7
2,1,burst,817,0.1090409999997064,7
2,1,burst,818,0.103874999999789,7
2,1,burst,819,0.12708299999985684,7
2,1,burst,820,0.11033300000008239,7
2,1,burst,821,0.10995899999988978,7
2,1,burst,822,0.10283299999991868,7
2,1,burst,823,0.12629100000003746,7
2,1,burst,824,0.10979200000019773,7
2,1,burst,825,0.11516699999992852,7
2,1,burst,826,0.11024999999972351,7
2,1,burst,827,3.6950419999998303,7
2,1,burst,828,0.11562499999990905,7
2,1,burst,829,0.10962500000005093,7
2,1,burst,830,0.10966699999971752,7
2,1,burst,831,0.10554200000024139,7
2,1,burst,832,0.10266700000011042,7
2,1,burst,833,0.1042090000000826,7
2,1,burst,834,0.1077090000003409,7
2,1,burst,835,0.10545899999988251,7
2,1,burst,836,0.10462499999994179,7
2,1,burst,837,0.10241699999960474,7
2,1,burst,838,0.10595899999998437,7
2,1,burst,839,0.11075000000028012,7
2,1,burst,840,0.10362499999973807,7
2,1,burst,841,0.10287500000004002,7
2,1,burst,842,0.10595799999964584,7
2,1,burst,843,0.10550000000012005,7
2,1,burst,844,5.7665420000003,7
2,1,burst,845,0.19966699999986304,7
2,1,burst,846,2.5287499999999454,7
2,1,burst,847,0.13562499999989086,7
2,1,burst,848,0.12387499999977081,7
2,1,burst,849,0.12800000000015643,7
2,1,burst,850,0.12312500000007276,7
2,1,burst,851,0.4155839999998534,7
2,1,burst,852,0.13708300000007512,7
2,1,burst,853,0.12158299999964584,7
2,1,burst,854,0.12024999999994179,7
2,1,burst,855,0.11604200000010678,7
2,1,burst,856,0.10720899999978428,7
2,1,burst,857,0.10820800000010422,7
2,1,burst,858,0.12220799999977316,7
2,1,burst,859,0.1040829999997186,7
2,1,burst,860,0.10537500000009459,7
2,1,burst,861,0.10908299999982773,7
2,1,burst,862,0.10683300000027884,7
2,1,burst,863,0.10429100000010294,7
2,1,burst,864,0.10287500000004002,7
2,1,burst,865,0.10770800000000236,7
2,1,burst,866,0.10083299999996598,7
2,1,burst,867,0.10279099999979735,7
2,1,burst,868,0.10325000000011642,7
2,1,burst,869,0.10445800000024974,7
2,1,burst,870,0.10412500000029468,7
2,1,burst,871,0.10204199999998309,7
2,1,burst,872,0.10333300000002055,7
2,1,burst,873,0.10170799999968949,7
2,1,burst,874,0.1014999999997599,7
2,1,burst,875,0.10316699999975754,7
2,1,burst,876,0.10145799999963856,7
2,1,burst,877,0.11033300000008239,7
2,1,burst,878,0.10729199999968841,7
2,1,burst,879,0.10262499999998909,7
2,1,burst,880,0.10095799999999144,7
2,1,burst,881,0.10383300000012241,7
2,1,burst,882,0.10070799999994051,7
2,1,burst,883,0.10279200000013589,7
2,1,burst,884,0.10629100000005565,7
2,1,burst,885,0.10462499999994179,7
2,1,burst,886,0.10137499999973443,7
2,1,burst,887,0.1016669999999067,7
2,1,burst,888,0.10262499999998909,7
2,1,burst,889,0.10554099999990285,7
2,1,burst,890,0.10300000000006548,7
2,1,burst,891,0.10237499999993815,7
2,1,burst,892,0.10141599999997197,7
2,1,burst,893,0.10616699999991397,7
2,1,burst,894,0.10470799999984592,7
2,1,burst,895,0.10649999999986903,7
2,1,burst,896,0.10337499999968713,7
2,1,burst,897,0.10304199999973207,7
2,1,burst,898,0.10224999999991269,7
2,1,burst,899,0.10224999999991269,7
2,1,burst,900,0.1057079999995949,7
2,1,burst,901,0.10249999999996362,7
2,1,burst,902,0.10095899999987523,7
2,1,burst,903,0.10104200000023411,7
2,1,burst,904,0.10304199999973207,7
2,1,burst,905,0.10179199999993216,7
2,1,burst,906,0.10204199999998309,7
2,1,burst,907,0.10158300000011877,7
2,1,burst,908,0.1057079999995949,7
2,1,burst,909,0.10462499999994179,7
2,1,burst,910,0.10395799999969313,7
2,1,burst,911,0.10333300000002055,7
2,1,burst,912,0.10337500000014188,7
2,1,burst,913,0.11274999999977808,7
2,1,burst,914,0.10224999999991269,7
2,1,burst,915,0.11795799999981682,7
2,1,burst,916,0.108791999999994,7
2,1,burst,917,0.10362500000019281,7
2,1,burst,918,0.10195900000007896,7
2,1,burst,919,0.10170900000002803,7
2,1,burst,920,0.1062090000000353,7
2,1,burst,921,0.10620800000015151,7
2,1,burst,922,0.11650000000008731,7
2,1,burst,923,0.10262499999998909,7
2,1,burst,924,0.1101659999999356,7
2,1,burst,925,0.10333300000002055,7
2,1,burst,926,0.10512500000004366,7
2,1,burst,927,0.1014999999997599,7
2,1,burst,928,0.10649999999986903,7
2,1,burst,929,0.10583300000007512,7
2,1,burst,930,0.10304100000030303,7
2,1,burst,931,0.10416600000007747,7
2,1,burst,932,0.10583300000007512,7
2,1,burst,933,0.1054999999996653,7
2,1,burst,934,0.10270799999989322,7
2,1,burst,935,0.10579200000029232,7
2,1,burst,936,0.10562500000014552,7
2,1,burst,937,0.10558400000036272,7
2,1,burst,938,0.10283299999991868,7
2,1,burst,939,0.10500000000001819,7
2,1,burst,940,0.10612499999979264,7
2,1,burst,941,0.10491700000011406,7
2,1,burst,942,0.10075000000006185,7
2,1,burst,943,0.103291999999783,7
2,1,burst,944,0.1044170000000122,7
2,1,burst,945,0.09941600000001927,7
2,1,burst,946,0.10137500000018917,7
2,1,burst,947,0.10774999999966894,7
2,1,burst,948,0.10037499999998545,7
2,1,burst,949,0.09829100000024482,7
2,1,burst,950,0.1005830000003698,7
2,1,burst,951,0.10541700000021592,7
2,1,burst,952,0.09858400000030088,7
2,1,burst,953,0.09995900000012625,7
2,1,burst,954,0.10058400000025358,7
2,1,burst,955,23.597334000000046,7
2,1,burst,956,0.12470800000028248,7
2,1,burst,957,0.10987500000010186,7
2,1,burst,958,0.10591700000031778,7
2,1,burst,959,0.10891600000013568,7
2,1,burst,960,0.10495799999989686,7
2,1,burst,961,0.10195799999974042,7
2,1,burst,962,0.1038340000000062,7
2,1,burst,963,0.10762500000009823,7
2,1,burst,964,0.10245800000029703,7
2,1,burst,965,0.10308300000042436,7
2,1,burst,966,0.11466599999994287,7
2,1,burst,967,0.10770800000000236,7
2,1,burst,968,0.10212500000034197,7
2,1,burst,969,0.10370800000009694,7
2,1,burst,970,0.10849999999982174,7
2,1,burst,971,0.10791699999981574,7
2,1,burst,972,0.10449999999991633,7
2,1,burst,973,0.10241700000005949,7
2,1,burst,974,0.10283399999980247,7
2,1,burst,975,0.10433399999965332,7
2,1,burst,976,0.10337500000014188,7
2,1,burst,977,0.10275000000001455,7
2,1,burst,978,0.10395800000014788,7
2,1,burst,979,0.10725000000002183,7
2,1,burst,980,0.10304199999973207,7
2,1,burst,981,0.10016700000005585,7
2,1,burst,982,0.10412500000029468,7
2,1,burst,983,0.10362500000019281,7
2,1,burst,984,0.1000410000001466,7
2,1,burst,985,0.10533299999997325,7
2,1,burst,986,0.10500000000001819,7
2,1,burst,987,0.10783300000002782,7
2,1,burst,988,0.10008299999981318,7
2,1,burst,989,0.1016669999999067,7
2,1,burst,990,0.103874999999789,7
2,1,burst,991,0.10979200000019773,7
2,1,burst,992,0.10050000000001091,7
2,1,burst,993,0.1027910000002521,7
2,1,burst,994,0.10325000000011642,7
2,1,burst,995,0.10295899999982794,7
2,1,burst,996,0.10025000000041473,7
2,1,burst,997,0.10433300000022427,7
2,1,burst,998,0.10362500000019281,7
2,1,burst,999,0.1051660000002812,7
2,2,idle,0,0.0026250000000800355,0
2,2,idle,1,0.0017499999999017746,0
2,2,idle,2,0.0019170000000485743,0
2,2,idle,3,0.0017920000000231084,0
2,2,idle,4,0.00179100000013932,0
2,2,idle,5,0.003125000000181899,0
2,2,idle,6,0.0025420000001759036,0
2,2,idle,7,0.0018329999998059066,0
2,2,idle,8,0.001750000000356522,0
2,2,idle,9,0.0017920000000231084,0
2,2,idle,10,0.0022089999997660925,0
2,2,idle,11,0.001833999999689695,0
2,2,idle,12,0.002375000000029104,0
2,2,idle,13,0.0018329999998059066,0
2,2,idle,14,0.0022919999996702245,0
2,2,idle,15,0.0017499999999017746,0
2,2,idle,16,0.0027079999999841675,0
2,2,idle,17,0.0019999999999527063,0
2,2,idle,18,0.0026670000002013694,0
2,2,idle,19,0.0019160000001647859,0
2,2,idle,20,0.0017920000000231084,0
2,2,idle,21,0.0023339999997915584,0
2,2,idle,22,0.0018340000001444423,0
2,2,idle,23,0.0017090000001189765,0
2,2,idle,24,0.001750000000356522,0
2,2,idle,25,0.001833000000260654,0
2,2,idle,26,0.0020830000003115856,0
2,2,idle,27,0.001833000000260654,0
2,2,idle,28,0.001833000000260654,0
2,2,idle,29,0.0017909999996845727,0
2,2,idle,30,0.0018329999998059066,0
2,2,idle,31,0.0018749999999272404,0
2,2,idle,32,0.0023339999997915584,0
2,2,idle,33,0.0018340000001444423,0
2,2,idle,34,0.001958999999715161,0
2,2,idle,35,0.001833999999689695,0
2,2,idle,36,0.0017090000001189765,0
2,2,idle,37,0.002791999999772088,0
2,2,idle,38,0.0017079999997804407,0
2,2,idle,39,0.0017499999999017746,0
2,2,idle,40,0.0019159999997100385,0
2,2,idle,41,0.001833000000260654,0
2,2,idle,42,0.00233299999990777,0
2,2,idle,43,0.0017920000000231084,0
2,2,idle,44,0.002541999999721156,0
2,2,idle,45,0.0018340000001444423,0
2,2,idle,46,0.001708999999664229,0
2,2,idle,47,0.0023749999995743565,0
2,2,idle,48,0.0019160000001647859,0
2,2,idle,49,0.0017920000000231084,0
2,2,idle,50,0.0017920000000231084,0
2,2,idle,51,0.0019999999999527063,0
2,2,idle,52,0.0017079999997804407,0
2,2,idle,53,0.002124999999978172,0
2,2,idle,54,0.0017090000001189765,0
2,2,idle,55,0.001833999999689695,0
2,2,idle,56,0.0018340000001444423,0
2,2,idle,57,0.0017499999999017746,0
2,2,idle,58,0.0026670000002013694,0
2,2,idle,59,0.002541000000292115,0
2,2,idle,60,0.001708000000235188,0
2,2,idle,61,0.0019580000002861198,0
2,2,idle,62,0.002457999999933236,0
2,2,idle,63,0.002292000000124972,0
2,2,idle,64,0.001959000000169908,0
2,2,idle,65,0.0018749999999272404,0
2,2,idle,66,0.0018749999999272404,0
2,2,idle,67,0.0017090000001189765,0
2,2,idle,68,0.003125000000181899,0
2,2,idle,69,0.0019170000000485743,0
2,2,idle,70,0.0018329999998059066,0
2,2,idle,71,0.0017920000000231084,0
2,2,idle,72,0.002624999999625288,0
2,2,idle,73,0.0017499999999017746,0
2,2,idle,74,0.002250000000003638,0
2,2,idle,75,0.001833000000260654,0
2,2,idle,76,0.001708000000235188,0
2,2,idle,77,0.0018749999999272404,0
2,2,idle,78,0.0018340000001444423,0
2,2,idle,79,0.0023340000002463057,0
2,2,idle,80,0.0018749999999272404,0
2,2,idle,81,0.0018329999998059066,0
2,2,idle,82,0.0019999999999527063,0
2,2,idle,83,0.0017920000000231084,0
2,2,idle,84,0.002250000000003638,0
2,2,idle,85,0.0019170000000485743,0
2,2,idle,86,0.0017499999999017746,0
2,2,idle,87,0.0017499999999017746,0
2,2,idle,88,0.0017079999997804407,0
2,2,idle,89,0.0021659999997609702,0
2,2,idle,90,0.0017499999999017746,0
2,2,idle,91,0.00179100000013932,0
2,2,idle,92,0.0017920000000231084,0
2,2,idle,93,0.0024170000001504377,0
2,2,idle,94,0.0018749999999272404,0
2,2,idle,95,0.002250000000003638,0
2,2,idle,96,0.0019999999999527063,0
2,2,idle,97,0.0017920000000231084,0
2,2,idle,98,0.0018329999998059066,0
2,2,idle,99,0.0017909999996845727,0
2,2,idle,100,0.003832999999758613,0
2,2,idle,101,0.0018749999999272404,0
2,2,idle,102,0.0017079999997804407,0
2,2,idle,103,0.0020409999997355044,0
2,2,idle,104,0.0017920000000231084,0
2,2,idle,105,0.0024170000001504377,0
2,2,idle,106,0.0017090000001189765,0
2,2,idle,107,0.001750000000356522,0
2,2,idle,108,0.0017920000000231084,0
2,2,idle,109,0.0017499999999017746,0
2,2,idle,110,0.0021669999996447586,0
2,2,idle,111,0.001959000000169908,0
2,2,idle,112,0.0017499999999017746,0
2,2,idle,113,0.0017079999997804407,0
2,2,idle,114,0.0017499999999017746,0
2,2,idle,115,0.0017499999999017746,0
2,2,idle,116,0.0021660000002157176,0
2,2,idle,117,0.0017920000000231084,0
2,2,idle,118,0.0017079999997804407,0
2,2,idle,119,0.0017499999999017746,0
2,2,idle,120,0.0017499999999017746,0
2,2,idle,121,0.0021669999996447586,0
2,2,idle,122,0.0027079999999841675,0
2,2,idle,123,0.001959000000169908,0
2,2,idle,124,0.0026670000002013694,0
2,2,idle,125,0.002375000000029104,0
2,2,idle,126,0.002375000000029104,0
2,2,idle,127,0.0018329999998059066,0
2,2,idle,128,0.0017499999999017746,0
2,2,idle,129,0.0017499999999017746,0
2,2,idle,130,0.0025000000000545697,0
2,2,idle,131,0.002415999999811902,0
2,2,idle,132,0.002292000000124972,0
2,2,idle,133,0.0017920000000231084,0
2,2,idle,134,0.00179100000013932,0
2,2,idle,135,0.0017499999999017746,0
2,2,idle,136,0.0017920000000231084,0
2,2,idle,137,0.002167000000099506,0
2,2,idle,138,0.0018749999999272404,0
2,2,idle,139,0.0017090000001189765,0
2,2,idle,140,0.0016249999998763087,0
2,2,idle,141,0.002541999999721156,0
2,2,idle,142,0.002124999999978172,0
2,2,idle,143,0.001708000000235188,0
2,2,idle,144,0.001750000000356522,0
2,2,idle,145,0.0019160000001647859,0
2,2,idle,146,0.0018329999998059066,0
2,2,idle,147,0.0020409999997355044,0
2,2,idle,148,0.0017079999997804407,0
2,2,idle,149,0.0032499999997526174,0
2,2,idle,150,0.0018749999999272404,0
2,2,idle,151,0.0017079999997804407,0
2,2,idle,152,0.002250000000003638,0
2,2,idle,153,0.002250000000003638,0
2,2,idle,154,0.0018340000001444423,0
2,2,idle,155,0.0024170000001504377,0
2,2,idle,156,0.0019159999997100385,0
2,2,idle,157,0.0017920000000231084,0
2,2,idle,158,0.0023339999997915584,0
2,2,idle,159,0.001916999999593827,0
2,2,idle,160,0.001833000000260654,0
2,2,idle,161,0.0018749999999272404,0
2,2,idle,162,0.0018340000001444423,0
2,2,idle,163,0.0028339999998934218,0
2,2,idle,164,0.0017920000000231084,0
2,2,idle,165,0.0017079999997804407,0
2,2,idle,166,0.0019579999998313724,0
2,2,idle,167,0.0017499999999017746,0
2,2,idle,168,0.002457999999933236,0
2,2,idle,169,0.001833000000260654,0
2,2,idle,170,0.002375000000029104,0
2,2,idle,171,0.00179100000013932,0
2,2,idle,172,0.00204200000007404,0
2,2,idle,173,0.001958999999715161,0
2,2,idle,174,0.002167000000099506,0
2,2,idle,175,0.0018749999999272404,0
2,2,idle,176,0.0017920000000231084,0
2,2,idle,177,0.0017909999996845727,0
2,2,idle,178,0.0018749999999272404,0
2,2,idle,179,0.002124999999978172,0
2,2,idle,180,0.002375000000029104,0
2,2,idle,181,0.0017920000000231084,0
2,2,idle,182,0.0018340000001444423,0
2,2,idle,183,0.0017499999999017746,0
2,2,idle,184,0.0021669999996447586,0
2,2,idle,185,0.0017499999999017746,0
2,2,idle,186,0.002541999999721156,0
2,2,idle,187,0.0019170000000485743,0
2,2,idle,188,0.0018329999998059066,0
2,2,idle,189,0.002207999999882304,0
2,2,idle,190,0.0025420000001759036,0
2,2,idle,191,0.0018750000003819878,0
2,2,idle,192,0.0017499999999017746,0
2,2,idle,193,0.00179100000013932,0
2,2,idle,194,0.0024170000001504377,0
2,2,idle,195,0.002084000000195374,0
2,2,idle,196,0.001833000000260654,0
2,2,idle,197,0.001750000000356522,0
2,2,idle,198,0.0017499999999017746,0
2,2,idle,199,0.0017090000001189765,0
2,2,idle,200,0.002124999999978172,0
2,2,idle,201,0.0017499999999017746,0
2,2,idle,202,0.001833000000260654,0
2,2,idle,203,0.001708000000235188,0
2,2,idle,204,0.001708000000235188,0
2,2,idle,205,0.002124999999978172,0
2,2,idle,206,0.0018340000001444423,0
2,2,idle,207,0.0017499999999017746,0
2,2,idle,208,0.001833000000260654,0
2,2,idle,209,0.001833000000260654,0
2,2,idle,210,0.002250000000003638,0
2,2,idle,211,0.0017499999999017746,0
2,2,idle,212,0.0017920000000231084,0
2,2,idle,213,0.0017499999999017746,0
2,2,idle,214,0.0017499999999017746,0
2,2,idle,215,0.0017920000000231084,0
2,2,idle,216,0.0022089999997660925,0
2,2,idle,217,0.002375000000029104,0
2,2,idle,218,0.0018749999999272404,0
2,2,idle,219,0.001833000000260654,0
2,2,idle,220,0.0022080000003370515,0
2,2,idle,221,0.003125000000181899,0
2,2,idle,222,0.0018340000001444423,0
2,2,idle,223,0.001750000000356522,0
2,2,idle,224,0.0017920000000231084,0
2,2,idle,225,0.0024170000001504377,0
2,2,idle,226,0.0032919999998739513,0
2,2,idle,227,0.0021659999997609702,0
2,2,idle,228,0.0018329999998059066,0
2,2,idle,229,0.001625000000331056,0
2,2,idle,230,0.0019580000002861198,0
2,2,idle,231,0.001833000000260654,0
2,2,idle,232,0.0022910000002411834,0
2,2,idle,233,0.0017920000000231084,0
2,2,idle,234,0.0016669999999976426,0
2,2,idle,235,0.0019579999998313724,0
2,2,idle,236,0.002415999999811902,0
2,2,idle,237,0.0020829999998568383,0
2,2,idle,238,0.0019170000000485743,0
2,2,idle,239,0.0018750000003819878,0
2,2,idle,240,0.0017920000000231084,0
2,2,idle,241,0.001833999999689695,0
2,2,idle,242,0.0023339999997915584,0
2,2,idle,243,0.0019170000000485743,0
2,2,idle,244,0.0019170000000485743,0
2,2,idle,245,0.0017499999999017746,0
2,2,idle,246,0.0018329999998059066,0
2,2,idle,247,0.0021659999997609702,0
2,2,idle,248,0.0025000000000545697,0
2,2,idle,249,0.0025829999999587017,0
2,2,idle,250,0.0017079999997804407,0
2,2,idle,251,0.0018749999999272404,0
2,2,idle,252,0.0017920000000231084,0
2,2,idle,253,0.002250000000003638,0
2,2,idle,254,0.0018749999999272404,0
2,2,idle,255,0.0017499999999017746,0
2,2,idle,256,0.0016660000001138542,0
2,2,idle,257,0.002541999999721156,0
2,2,idle,258,0.0022089999997660925,0
2,2,idle,259,0.0022089999997660925,0
2,2,idle,260,0.0017079999997804407,0
2,2,idle,261,0.0019999999999527063,0
2,2,idle,262,0.0018340000001444423,0
2,2,idle,263,0.002124999999978172,0
2,2,idle,264,0.0017499999999017746,0
2,2,idle,265,0.002250000000003638,0
2,2,idle,266,0.0017499999999017746,0
2,2,idle,267,0.001833999999689695,0
2,2,idle,268,0.0021669999996447586,0
2,2,idle,269,0.001791999999568361,0
2,2,idle,270,0.0018749999999272404,0
2,2,idle,271,0.0017499999999017746,0
2,2,idle,272,0.0017499999999017746,0
2,2,idle,273,0.001750000000356522,0
2,2,idle,274,0.002292000000124972,0
2,2,idle,275,0.0017499999999017746,0
2,2,idle,276,0.002457999999933236,0
2,2,idle,277,0.001750000000356522,0
2,2,idle,278,0.00179100000013932,0
2,2,idle,279,0.002167000000099506,0
2,2,idle,280,0.0018749999999272404,0
2,2,idle,281,0.002292000000124972,0
2,2,idle,282,0.0018749999999272404,0
2,2,idle,283,0.002207999999882304,0
2,2,idle,284,0.002292000000124972,0
2,2,idle,285,0.0017499999999017746,0
2,2,idle,286,0.0017499999999017746,0
2,2,idle,287,0.0017920000000231084,0
2,2,idle,288,0.0018749999999272404,0
2,2,idle,289,0.0027500000001055014,0
2,2,idle,290,0.0018750000003819878,0
2,2,idle,291,0.001750000000356522,0
2,2,idle,292,0.0017499999999017746,0
2,2,idle,293,0.0019170000000485743,0
2,2,idle,294,0.0018340000001444423,0
2,2,idle,295,0.0023340000002463057,0
2,2,idle,296,0.0019170000000485743,0
2,2,idle,297,0.001708000000235188,0
2,2,idle,298,0.001708000000235188,0
2,2,idle,299,0.0017920000000231084,0
2,2,idle,300,0.0026659999998628336,0
2,2,idle,301,0.0017499999999017746,0
2,2,idle,302,0.0017079999997804407,0
2,2,idle,303,0.0017499999999017746,0
2,2,idle,304,0.001708000000235188,0
2,2,idle,305,0.002124999999978172,0
2,2,idle,306,0.0017920000000231084,0
2,2,idle,307,0.0018340000001444423,0
2,2,idle,308,0.002375000000029104,0
2,2,idle,309,0.001750000000356522,0
2,2,idle,310,0.002207999999882304,0
2,2,idle,311,0.0017920000000231084,0
2,2,idle,312,0.0018329999998059066,0
2,2,idle,313,0.0017499999999017746,0
2,2,idle,314,0.001833000000260654,0
2,2,idle,315,0.0019160000001647859,0
2,2,idle,316,0.0022080000003370515,0
2,2,idle,317,0.00179100000013932,0
2,2,idle,318,0.0017499999999017746,0
2,2,idle,319,0.0018749999999272404,0
2,2,idle,320,0.0026670000002013694,0
2,2,idle,321,0.002167000000099506,0
2,2,idle,322,0.0019579999998313724,0
2,2,idle,323,0.0018749999999272404,0
2,2,idle,324,0.0017090000001189765,0
2,2,idle,325,0.0017920000000231084,0
2,2,idle,326,0.002124999999978172,0
2,2,idle,327,0.0017920000000231084,0
2,2,idle,328,0.0017079999997804407,0
2,2,idle,329,0.0018329999998059066,0
2,2,idle,330,0.0017499999999017746,0
2,2,idle,331,0.001708999999664229,0
2,2,idle,332,0.002250000000003638,0
2,2,idle,333,0.001916999999593827,0
2,2,idle,334,0.0017499999999017746,0
2,2,idle,335,0.0019170000000485743,0
2,2,idle,336,0.0017499999999017746,0
2,2,idle,337,0.002207999999882304,0
2,2,idle,338,0.00233299999990777,0
2,2,idle,339,0.0017499999999017746,0
2,2,idle,340,0.0018749999999272404,0
2,2,idle,341,0.0017499999999017746,0
2,2,idle,342,0.0028750000001309672,0
2,2,idle,343,0.0016660000001138542,0
2,2,idle,344,0.0018749999999272404,0
2,2,idle,345,0.001750000000356522,0
2,2,idle,346,0.0016669999999976426,0
2,2,idle,347,0.00204200000007404,0
2,2,idle,348,0.001750000000356522,0
2,2,idle,349,0.0017499999999017746,0
2,2,idle,350,0.0017079999997804407,0
2,2,idle,351,0.0017079999997804407,0
2,2,idle,352,0.00233299999990777,0
2,2,idle,353,0.0020409999997355044,0
2,2,idle,354,0.0017920000000231084,0
2,2,idle,355,0.0016669999999976426,0
2,2,idle,356,0.001833000000260654,0
2,2,idle,357,0.00179100000013932,0
2,2,idle,358,0.0021660000002157176,0
2,2,idle,359,0.0018749999999272404,0
2,2,idle,360,0.0018749999999272404,0
2,2,idle,361,0.0017090000001189765,0
2,2,idle,362,0.001750000000356522,0
2,2,idle,363,0.002124999999978172,0
2,2,idle,364,0.0017499999999017746,0
2,2,idle,365,0.0019170000000485743,0
2,2,idle,366,0.0016660000001138542,0
2,2,idle,367,0.0019160000001647859,0
2,2,idle,368,0.0020829999998568383,0
2,2,idle,369,0.0017079999997804407,0
2,2,idle,370,0.0017079999997804407,0
2,2,idle,371,0.0017499999999017746,0
2,2,idle,372,0.001750000000356522,0
2,2,idle,373,0.00179100000013932,0
2,2,idle,374,0.00233299999990777,0
2,2,idle,375,0.0018329999998059066,0
2,2,idle,376,0.0018329999998059066,0
2,2,idle,377,0.0018340000001444423,0
2,2,idle,378,0.0018750000003819878,0
2,2,idle,379,0.002292000000124972,0
2,2,idle,380,0.0017499999999017746,0
2,2,idle,381,0.001708000000235188,0
2,2,idle,382,0.00179100000013932,0
2,2,idle,383,0.002749999999650754,0
2,2,idle,384,0.002124999999978172,0
2,2,idle,385,0.001833000000260654,0
2,2,idle,386,0.0018340000001444423,0
2,2,idle,387,0.0016669999999976426,0
2,2,idle,388,0.001750000000356522,0
2,2,idle,389,0.00204200000007404,0
2,2,idle,390,0.0016669999999976426,0
2,2,idle,391,0.0017090000001189765,0
2,2,idle,392,0.0017499999999017746,0
2,2,idle,393,0.002250000000003638,0
2,2,idle,394,0.0017909999996845727,0
2,2,idle,395,0.0020829999998568383,0
2,2,idle,396,0.0017920000000231084,0
2,2,idle,397,0.001708999999664229,0
2,2,idle,398,0.0018749999999272404,0
2,2,idle,399,0.001708000000235188,0
2,2,idle,400,0.0027920000002268353,0
2,2,idle,401,0.0019580000002861198,0
2,2,idle,402,0.001708000000235188,0
2,2,idle,403,0.002084000000195374,0
2,2,idle,404,0.0016669999999976426,0
2,2,idle,405,0.0021659999997609702,0
2,2,idle,406,0.001833000000260654,0
2,2,idle,407,0.00204200000007404,0
2,2,idle,408,0.001708999999664229,0
2,2,idle,409,0.0017920000000231084,0
2,2,idle,410,0.00220900000022084,0
2,2,idle,411,0.0017499999999017746,0
2,2,idle,412,0.0019999999999527063,0
2,2,idle,413,0.0017499999999017746,0
2,2,idle,414,0.001791999999568361,0
2,2,idle,415,0.0024169999996956903,0
2,2,idle,416,0.002124999999978172,0
2,2,idle,417,0.0017499999999017746,0
2,2,idle,418,0.0016669999999976426,0
2,2,idle,419,0.0018749999999272404,0
2,2,idle,420,0.0017499999999017746,0
2,2,idle,421,0.002250000000003638,0
2,2,idle,422,0.0016660000001138542,0
2,2,idle,423,0.001708000000235188,0
2,2,idle,424,0.0022919999996702245,0
2,2,idle,425,0.0024589999998170242,0
2,2,idle,426,0.0022089999997660925,0
2,2,idle,427,0.0024170000001504377,0
2,2,idle,428,0.0016669999999976426,0
2,2,idle,429,0.0016669999999976426,0
2,2,idle,430,0.001708000000235188,0
2,2,idle,431,0.0018329999998059066,0
2,2,idle,432,0.0021659999997609702,0
2,2,idle,433,0.0017499999999017746,0
2,2,idle,434,0.0017499999999017746,0
2,2,idle,435,0.0016669999999976426,0
2,2,idle,436,0.0017920000000231084,0
2,2,idle,437,0.0021659999997609702,0
2,2,idle,438,0.0019999999999527063,0
2,2,idle,439,0.0017079999997804407,0
2,2,idle,440,0.0018750000003819878,0
2,2,idle,441,0.001750000000356522,0
2,2,idle,442,0.002375000000029104,0
2,2,idle,443,0.001833000000260654,0
2,2,idle,444,0.0017499999999017746,0
2,2,idle,445,0.0017499999999017746,0
2,2,idle,446,0.0023340000002463057,0
2,2,idle,447,0.0020829999998568383,0
2,2,idle,448,0.0017920000000231084,0
2,2,idle,449,0.001708000000235188,0
2,2,idle,450,0.0016669999999976426,0
2,2,idle,451,0.001791999999568361,0
2,2,idle,452,0.0017499999999017746,0
2,2,idle,453,0.002124999999978172,0
2,2,idle,454,0.0017090000001189765,0
2,2,idle,455,0.001708000000235188,0
2,2,idle,456,0.001708000000235188,0
2,2,idle,457,0.0017499999999017746,0
2,2,idle,458,0.002124999999978172,0
2,2,idle,459,0.0017920000000231084,0
2,2,idle,460,0.0017920000000231084,0
2,2,idle,461,0.0018329999998059066,0
2,2,idle,462,0.0021660000002157176,0
2,2,idle,463,0.0024170000001504377,0
2,2,idle,464,0.0017920000000231084,0
2,2,idle,465,0.0019999999999527063,0
2,2,idle,466,0.002250000000003638,0
2,2,idle,467,0.001750000000356522,0
2,2,idle,468,0.0022089999997660925,0
2,2,idle,469,0.0017090000001189765,0
2,2,idle,470,0.0018329999998059066,0
2,2,idle,471,0.0018329999998059066,0
2,2,idle,472,0.001708000000235188,0
2,2,idle,473,0.0017920000000231084,0
2,2,idle,474,0.002541999999721156,0
2,2,idle,475,0.0021660000002157176,0
2,2,idle,476,0.001833000000260654,0
2,2,idle,477,0.001625000000331056,0
2,2,idle,478,0.0028330000000096334,0
2,2,idle,479,0.002250000000003638,0
2,2,idle,480,0.001833000000260654,0
2,2,idle,481,0.0018749999999272404,0
2,2,idle,482,0.001833000000260654,0
2,2,idle,483,0.0017079999997804407,0
2,2,idle,484,0.0028750000001309672,0
2,2,idle,485,0.0017499999999017746,0
2,2,idle,486,0.0018329999998059066,0
2,2,idle,487,0.0024170000001504377,0
2,2,idle,488,0.0018340000001444423,0
2,2,idle,489,0.0023340000002463057,0
2,2,idle,490,0.0017920000000231084,0
2,2,idle,491,0.00179100000013932,0
2,2,idle,492,0.0016660000001138542,0
2,2,idle,493,0.0017499999999017746,0
2,2,idle,494,0.0017499999999017746,0
2,2,idle,495,0.00220900000022084,0
2,2,idle,496,0.0018749999999272404,0
2,2,idle,497,0.0017499999999017746,0
2,2,idle,498,0.00179100000013932,0
2,2,idle,499,0.00179100000013932,0
2,2,idle,500,0.002207999999882304,0
2,2,idle,501,0.0017079999997804407,0
2,2,idle,502,0.0019999999999527063,0
2,2,idle,503,0.0019159999997100385,0
2,2,idle,504,0.00204200000007404,0
2,2,idle,505,0.002250000000003638,0
2,2,idle,506,0.0018329999998059066,0
2,2,idle,507,0.00233299999990777,0
2,2,idle,508,0.0017090000001189765,0
2,2,idle,509,0.002292000000124972,0
2,2,idle,510,0.002124999999978172,0
2,2,idle,511,0.0016669999999976426,0
2,2,idle,512,0.0017920000000231084,0
2,2,idle,513,0.0016659999996591068,0
2,2,idle,514,0.001708000000235188,0
2,2,idle,515,0.001708000000235188,0
2,2,idle,516,0.002749999999650754,0
2,2,idle,517,0.002124999999978172,0
2,2,idle,518,0.001791999999568361,0
2,2,idle,519,0.0017499999999017746,0
2,2,idle,520,0.0017920000000231084,0
2,2,idle,521,0.00220900000022084,0
2,2,idle,522,0.0017920000000231084,0
2,2,idle,523,0.0017499999999017746,0
2,2,idle,524,0.002292000000124972,0
2,2,idle,525,0.0018329999998059066,0
2,2,idle,526,0.002041999999619293,0
2,2,idle,527,0.0017499999999017746,0
2,2,idle,528,0.0017920000000231084,0
2,2,idle,529,0.00179100000013932,0
2,2,idle,530,0.0017920000000231084,0
2,2,idle,531,0.0017920000000231084,0
2,2,idle,532,0.002207999999882304,0
2,2,idle,533,0.0018329999998059066,0
2,2,idle,534,0.00179100000013932,0
2,2,idle,535,0.001750000000356522,0
2,2,idle,536,0.0018749999999272404,0
2,2,idle,537,0.0021659999997609702,0
2,2,idle,538,0.0018749999999272404,0
2,2,idle,539,0.0017909999996845727,0
2,2,idle,540,0.0017920000000231084,0
2,2,idle,541,0.002375000000029104,0
2,2,idle,542,0.002124999999978172,0
2,2,idle,543,0.0024999999995998223,0
2,2,idle,544,0.0017920000000231084,0
2,2,idle,545,0.001750000000356522,0
2,2,idle,546,0.0017090000001189765,0
2,2,idle,547,0.002207999999882304,0
2,2,idle,548,0.0017920000000231084,0
2,2,idle,549,0.0023340000002463057,0
2,2,idle,550,0.0017499999999017746,0
2,2,idle,551,0.0017909999996845727,0
2,2,idle,552,0.0017499999999017746,0
2,2,idle,553,0.002124999999978172,0
2,2,idle,554,0.001833000000260654,0
2,2,idle,555,0.0020829999998568383,0
2,2,idle,556,0.0017499999999017746,0
2,2,idle,557,0.0017499999999017746,0
2,2,idle,558,0.0019999999999527063,0
2,2,idle,559,0.0018749999999272404,0
2,2,idle,560,0.001708000000235188,0
2,2,idle,561,0.001750000000356522,0
2,2,idle,562,0.00179100000013932,0
2,2,idle,563,0.002292000000124972,0
2,2,idle,564,0.0017920000000231084,0
2,2,idle,565,0.0019159999997100385,0
2,2,idle,566,0.0019170000000485743,0
2,2,idle,567,0.0017090000001189765,0
2,2,idle,568,0.0022080000003370515,0
2,2,idle,569,0.0017499999999017746,0
2,2,idle,570,0.0023339999997915584,0
2,2,idle,571,0.0024169999996956903,0
2,2,idle,572,0.0024160000002666493,0
2,2,idle,573,0.0019580000002861198,0
2,2,idle,574,0.002250000000003638,0
2,2,idle,575,0.0017920000000231084,0
2,2,idle,576,0.0018749999999272404,0
2,2,idle,577,0.0017499999999017746,0
2,2,idle,578,0.0017499999999017746,0
2,2,idle,579,0.00220900000022084,0
2,2,idle,580,0.0018340000001444423,0
2,2,idle,581,0.0017920000000231084,0
2,2,idle,582,0.00179100000013932,0
2,2,idle,583,0.0018749999999272404,0
2,2,idle,584,0.0020839999997406267,0
2,2,idle,585,0.0018749999999272404,0
2,2,idle,586,0.002292000000124972,0
2,2,idle,587,0.0018749999999272404,0
2,2,idle,588,0.0017909999996845727,0
2,2,idle,589,0.002250000000003638,0
2,2,idle,590,0.002375000000029104,0
2,2,idle,591,0.0025420000001759036,0
2,2,idle,592,0.0017499999999017746,0
2,2,idle,593,0.0017499999999017746,0
2,2,idle,594,0.001750000000356522,0
2,2,idle,595,0.002167000000099506,0
2,2,idle,596,0.0019170000000485743,0
2,2,idle,597,0.00179100000013932,0
2,2,idle,598,0.0018329999998059066,0
2,2,idle,599,0.0017920000000231084,0
2,2,idle,600,0.002292000000124972,0
2,2,idle,601,0.0017499999999017746,0
2,2,idle,602,0.0016669999999976426,0
2,2,idle,603,0.00179100000013932,0
2,2,idle,604,0.002415999999811902,0
2,2,idle,605,0.002167000000099506,0
2,2,idle,606,0.001708000000235188,0
2,2,idle,607,0.001708000000235188,0
2,2,idle,608,0.001833000000260654,0
2,2,idle,609,0.0017090000001189765,0
2,2,idle,610,0.002375000000029104,0
2,2,idle,611,0.0019999999999527063,0
2,2,idle,612,0.0018749999999272404,0
2,2,idle,613,0.0017499999999017746,0
2,2,idle,614,0.0017920000000231084,0
2,2,idle,615,0.0017499999999017746,0
2,2,idle,616,0.0026250000000800355,0
2,2,idle,617,0.0019170000000485743,0
2,2,idle,618,0.0017090000001189765,0
2,2,idle,619,0.0017499999999017746,0
2,2,idle,620,0.0016659999996591068,0
2,2,idle,621,0.0020829999998568383,0
2,2,idle,622,0.001750000000356522,0
2,2,idle,623,0.0018750000003819878,0
2,2,idle,624,0.00179100000013932,0
2,2,idle,625,0.0017499999999017746,0
2,2,idle,626,0.0019999999999527063,0
2,2,idle,627,0.002207999999882304,0
2,2,idle,628,0.0018329999998059066,0
2,2,idle,629,0.0017090000001189765,0
2,2,idle,630,0.0017920000000231084,0
2,2,idle,631,0.002167000000099506,0
2,2,idle,632,0.0022080000003370515,0
2,2,idle,633,0.001833000000260654,0
2,2,idle,634,0.0016660000001138542,0
2,2,idle,635,0.00233299999990777,0
2,2,idle,636,0.0017920000000231084,0
2,2,idle,637,0.002084000000195374,0
2,2,idle,638,0.0018749999999272404,0
2,2,idle,639,0.001833000000260654,0
2,2,idle,640,0.0016660000001138542,0
2,2,idle,641,0.0017920000000231084,0
2,2,idle,642,0.0020829999998568383,0
2,2,idle,643,0.0017920000000231084,0
2,2,idle,644,0.0017499999999017746,0
2,2,idle,645,0.0017499999999017746,0
2,2,idle,646,0.0017090000001189765,0
2,2,idle,647,0.0020839999997406267,0
2,2,idle,648,0.0022080000003370515,0
2,2,idle,649,0.001833000000260654,0
2,2,idle,650,0.001708000000235188,0
2,2,idle,651,0.0019159999997100385,0
2,2,idle,652,0.0017499999999017746,0
2,2,idle,653,0.002250000000003638,0
2,2,idle,654,0.0016660000001138542,0
2,2,idle,655,0.0020830000003115856,0
2,2,idle,656,0.0017920000000231084,0
2,2,idle,657,0.0017090000001189765,0
2,2,idle,658,0.00204200000007404,0
2,2,idle,659,0.0018749999999272404,0
2,2,idle,660,0.0017079999997804407,0
2,2,idle,661,0.001750000000356522,0
2,2,idle,662,0.002375000000029104,0
2,2,idle,663,0.002167000000099506,0
2,2,idle,664,0.0018340000001444423,0
2,2,idle,665,0.001708000000235188,0
2,2,idle,666,0.001625000000331056,0
2,2,idle,667,0.002375000000029104,0
2,2,idle,668,0.002250000000003638,0
2,2,idle,669,0.00179100000013932,0
2,2,idle,670,0.0017079999997804407,0
2,2,idle,671,0.0024170000001504377,0
2,2,idle,672,0.00204200000007404,0
2,2,idle,673,0.0017920000000231084,0
2,2,idle,674,0.00220900000022084,0
2,2,idle,675,0.0018340000001444423,0
2,2,idle,676,0.0017499999999017746,0
2,2,idle,677,0.0018329999998059066,0
2,2,idle,678,0.0019579999998313724,0
2,2,idle,679,0.002250000000003638,0
2,2,idle,680,0.0017499999999017746,0
2,2,idle,681,0.0017909999996845727,0
2,2,idle,682,0.001833000000260654,0
2,2,idle,683,0.001708000000235188,0
2,2,idle,684,0.002167000000099506,0
2,2,idle,685,0.0016669999999976426,0
2,2,idle,686,0.001750000000356522,0
2,2,idle,687,0.0016249999998763087,0
2,2,idle,688,0.0017090000001189765,0
2,2,idle,689,0.0020839999997406267,0
2,2,idle,690,0.0017920000000231084,0
2,2,idle,691,0.001833000000260654,0
2,2,idle,692,0.001750000000356522,0
2,2,idle,693,0.0019170000000485743,0
2,2,idle,694,0.0017079999997804407,0
2,2,idle,695,0.002250000000003638,0
2,2,idle,696,0.001708999999664229,0
2,2,idle,697,0.0017499999999017746,0
2,2,idle,698,0.0024169999996956903,0
2,2,idle,699,0.0017920000000231084,0
2,2,idle,700,0.002250000000003638,0
2,2,idle,701,0.0017499999999017746,0
2,2,idle,702,0.0018749999999272404,0
2,2,idle,703,0.001750000000356522,0
2,2,idle,704,0.0017499999999017746,0
2,2,idle,705,0.002124999999978172,0
2,2,idle,706,0.0017499999999017746,0
2,2,idle,707,0.0017499999999017746,0
2,2,idle,708,0.0016659999996591068,0
2,2,idle,709,0.0018749999999272404,0
2,2,idle,710,0.0025829999999587017,0
2,2,idle,711,0.0017079999997804407,0
2,2,idle,712,0.00233299999990777,0
2,2,idle,713,0.0017920000000231084,0
2,2,idle,714,0.0057500000002619345,0
2,2,idle,715,0.0019170000000485743,0
2,2,idle,716,0.002540999999837368,0
2,2,idle,717,0.0017920000000231084,0
2,2,idle,718,0.0017499999999017746,0
2,2,idle,719,0.0017079999997804407,0
2,2,idle,720,0.001708000000235188,0
2,2,idle,721,0.003040999999939231,0
2,2,idle,722,0.001833000000260654,0
2,2,idle,723,0.0018749999999272404,0
2,2,idle,724,0.0017499999999017746,0
2,2,idle,725,0.002124999999978172,0
2,2,idle,726,0.0026250000000800355,0
2,2,idle,727,0.0019580000002861198,0
2,2,idle,728,0.00179100000013932,0
2,2,idle,729,0.0021669999996447586,0
2,2,idle,730,0.0025420000001759036,0
2,2,idle,731,0.0018749999999272404,0
2,2,idle,732,0.0022910000002411834,0
2,2,idle,733,0.0018749999999272404,0
2,2,idle,734,0.0016659999996591068,0
2,2,idle,735,0.0018749999999272404,0
2,2,idle,736,0.001708000000235188,0
2,2,idle,737,0.0022080000003370515,0
2,2,idle,738,0.002250000000003638,0
2,2,idle,739,0.001833999999689695,0
2,2,idle,740,0.001833000000260654,0
2,2,idle,741,0.00179100000013932,0
2,2,idle,742,0.002124999999978172,0
2,2,idle,743,0.0018749999999272404,0
2,2,idle,744,0.0017499999999017746,0
2,2,idle,745,0.0016660000001138542,0
2,2,idle,746,0.00179100000013932,0
2,2,idle,747,0.0022080000003370515,0
2,2,idle,748,0.001750000000356522,0
2,2,idle,749,0.0016660000001138542,0
2,2,idle,750,0.0017079999997804407,0
2,2,idle,751,0.0017090000001189765,0
2,2,idle,752,0.0017499999999017746,0
2,2,idle,753,0.0020830000003115856,0
2,2,idle,754,0.0026250000000800355,0
2,2,idle,755,0.0017499999999017746,0
2,2,idle,756,0.0018749999999272404,0
2,2,idle,757,0.001750000000356522,0
2,2,idle,758,0.002250000000003638,0
2,2,idle,759,0.0017079999997804407,0
2,2,idle,760,0.0017909999996845727,0
2,2,idle,761,0.002375000000029104,0
2,2,idle,762,0.001750000000356522,0
2,2,idle,763,0.002207999999882304,0
2,2,idle,764,0.0018749999999272404,0
2,2,idle,765,0.0017499999999017746,0
2,2,idle,766,0.001750000000356522,0
2,2,idle,767,0.0020829999998568383,0
2,2,idle,768,0.002124999999978172,0
2,2,idle,769,0.0018329999998059066,0
2,2,idle,770,0.0017090000001189765,0
2,2,idle,771,0.001750000000356522,0
2,2,idle,772,0.0023330000003625173,0
2,2,idle,773,0.0017920000000231084,0
2,2,idle,774,0.002250000000003638,0
2,2,idle,775,0.0017920000000231084,0
2,2,idle,776,0.0017499999999017746,0
2,2,idle,777,0.0019159999997100385,0
2,2,idle,778,0.0017079999997804407,0
2,2,idle,779,0.002207999999882304,0
2,2,idle,780,0.0026250000000800355,0
2,2,idle,781,0.0018749999999272404,0
2,2,idle,782,0.00179100000013932,0
2,2,idle,783,0.0017499999999017746,0
2,2,idle,784,0.0022089999997660925,0
2,2,idle,785,0.0017499999999017746,0
2,2,idle,786,0.0018749999999272404,0
2,2,idle,787,0.0017909999996845727,0
2,2,idle,788,0.0017920000000231084,0
2,2,idle,789,0.002250000000003638,0
2,2,idle,790,0.0016669999999976426,0
2,2,idle,791,0.0018749999999272404,0
2,2,idle,792,0.0016660000001138542,0
2,2,idle,793,0.0023330000003625173,0
2,2,idle,794,0.0017499999999017746,0
2,2,idle,795,0.002207999999882304,0
2,2,idle,796,0.0021659999997609702,0
2,2,idle,797,0.0017079999997804407,0
2,2,idle,798,0.0018329999998059066,0
2,2,idle,799,0.001708000000235188,0
2,2,idle,800,0.002292000000124972,0
2,2,idle,801,0.001708999999664229,0
2,2,idle,802,0.0017079999997804407,0
2,2,idle,803,0.00179100000013932,0
2,2,idle,804,0.0017920000000231084,0
2,2,idle,805,0.002124999999978172,0
2,2,idle,806,0.0019170000000485743,0
2,2,idle,807,0.0018340000001444423,0
2,2,idle,808,0.001833000000260654,0
2,2,idle,809,0.0017499999999017746,0
2,2,idle,810,0.0021660000002157176,0
2,2,idle,811,0.0016660000001138542,0
2,2,idle,812,0.0016659999996591068,0
2,2,idle,813,0.0016669999999976426,0
2,2,idle,814,0.001708999999664229,0
2,2,idle,815,0.0017920000000231084,0
2,2,idle,816,0.002084000000195374,0
2,2,idle,817,0.0018749999999272404,0
2,2,idle,818,0.0017499999999017746,0
2,2,idle,819,0.0018340000001444423,0
2,2,idle,820,0.0017499999999017746,0
2,2,idle,821,0.0022499999995488906,0
2,2,idle,822,0.0024169999996956903,0
2,2,idle,823,0.00179100000013932,0
2,2,idle,824,0.0022919999996702245,0
2,2,idle,825,0.0016669999999976426,0
2,2,idle,826,0.0020829999998568383,0
2,2,idle,827,0.001708000000235188,0
2,2,idle,828,0.0017499999999017746,0
2,2,idle,829,0.0016669999999976426,0
2,2,idle,830,0.0017920000000231084,0
2,2,idle,831,0.0017499999999017746,0
2,2,idle,832,0.002167000000099506,0
2,2,idle,833,0.0020410000001902517,0
2,2,idle,834,0.002167000000099506,0
2,2,idle,835,0.0017499999999017746,0
2,2,idle,836,0.0017079999997804407,0
2,2,idle,837,0.0020829999998568383,0
2,2,idle,838,0.003000000000156433,0
2,2,idle,839,0.0020829999998568383,0
2,2,idle,840,0.0019999999999527063,0
2,2,idle,841,0.0017909999996845727,0
2,2,idle,842,0.002207999999882304,0
2,2,idle,843,0.0017499999999017746,0
2,2,idle,844,0.0017499999999017746,0
2,2,idle,845,0.0017920000000231084,0
2,2,idle,846,0.0017079999997804407,0
2,2,idle,847,0.002124999999978172,0
2,2,idle,848,0.0018340000001444423,0
2,2,idle,849,0.001708000000235188,0
2,2,idle,850,0.001708000000235188,0
2,2,idle,851,0.0017499999999017746,0
2,2,idle,852,0.0017079999997804407,0
2,2,idle,853,0.002124999999978172,0
2,2,idle,854,0.0018749999999272404,0
2,2,idle,855,0.0016669999999976426,0
2,2,idle,856,0.0024589999998170242,0
2,2,idle,857,0.00220900000022084,0
2,2,idle,858,0.002084000000195374,0
2,2,idle,859,0.0017499999999017746,0
2,2,idle,860,0.00179100000013932,0
2,2,idle,861,0.0019170000000485743,0
2,2,idle,862,0.0018749999999272404,0
2,2,idle,863,0.00233299999990777,0
2,2,idle,864,0.0018749999999272404,0
2,2,idle,865,0.0017499999999017746,0
2,2,idle,866,0.0017090000001189765,0
2,2,idle,867,0.0018749999999272404,0
2,2,idle,868,0.0019579999998313724,0
2,2,idle,869,0.001750000000356522,0
2,2,idle,870,0.0016669999999976426,0
2,2,idle,871,0.0017909999996845727,0
2,2,idle,872,0.0017499999999017746,0
2,2,idle,873,0.00179100000013932,0
2,2,idle,874,0.002207999999882304,0
2,2,idle,875,0.0017920000000231084,0
2,2,idle,876,0.0017499999999017746,0
2,2,idle,877,0.0015829999997549749,0
2,2,idle,878,0.0016669999999976426,0
2,2,idle,879,0.0021660000002157176,0
2,2,idle,880,0.002457999999933236,0
2,2,idle,881,0.001791999999568361,0
2,2,idle,882,0.0020410000001902517,0
2,2,idle,883,0.0017499999999017746,0
2,2,idle,884,0.002292000000124972,0
2,2,idle,885,0.0016249999998763087,0
2,2,idle,886,0.0018329999998059066,0
2,2,idle,887,0.00233299999990777,0
2,2,idle,888,0.0017499999999017746,0
2,2,idle,889,0.002207999999882304,0
2,2,idle,890,0.002290999999786436,0
2,2,idle,891,0.0017920000000231084,0
2,2,idle,892,0.0018750000003819878,0
2,2,idle,893,0.001708000000235188,0
2,2,idle,894,0.0017090000001189765,0
2,2,idle,895,0.0019999999999527063,0
2,2,idle,896,0.002415999999811902,0
2,2,idle,897,0.00233299999990777,0
2,2,idle,898,0.0017499999999017746,0
2,2,idle,899,0.0017499999999017746,0
2,2,idle,900,0.002167000000099506,0
2,2,idle,901,0.0018340000001444423,0
2,2,idle,902,0.0017090000001189765,0
2,2,idle,903,0.0018749999999272404,0
2,2,idle,904,0.0017499999999017746,0
2,2,idle,905,0.002207999999882304,0
2,2,idle,906,0.002290999999786436,0
2,2,idle,907,0.001750000000356522,0
2,2,idle,908,0.0017499999999017746,0
2,2,idle,909,0.001708000000235188,0
2,2,idle,910,0.0021660000002157176,0
2,2,idle,911,0.0017920000000231084,0
2,2,idle,912,0.0018750000003819878,0
2,2,idle,913,0.001708000000235188,0
2,2,idle,914,0.0017920000000231084,0
2,2,idle,915,0.0017499999999017746,0
2,2,idle,916,0.002207999999882304,0
2,2,idle,917,0.0018749999999272404,0
2,2,idle,918,0.0018749999999272404,0
2,2,idle,919,0.0022919999996702245,0
2,2,idle,920,0.0017499999999017746,0
2,2,idle,921,0.002250000000003638,0
2,2,idle,922,0.002250000000003638,0
2,2,idle,923,0.001791999999568361,0
2,2,idle,924,0.0018749999999272404,0
2,2,idle,925,0.0017920000000231084,0
2,2,idle,926,0.002250000000003638,0
2,2,idle,927,0.0019579999998313724,0
2,2,idle,928,0.0017920000000231084,0
2,2,idle,929,0.001708999999664229,0
2,2,idle,930,0.001708999999664229,0
2,2,idle,931,0.0016669999999976426,0
2,2,idle,932,0.002167000000099506,0
2,2,idle,933,0.0018329999998059066,0
2,2,idle,934,0.0017079999997804407,0
2,2,idle,935,0.0017499999999017746,0
2,2,idle,936,0.001833000000260654,0
2,2,idle,937,0.0020829999998568383,0
2,2,idle,938,0.0018749999999272404,0
2,2,idle,939,0.0017499999999017746,0
2,2,idle,940,0.0017499999999017746,0
2,2,idle,941,0.0017499999999017746,0
2,2,idle,942,0.0022089999997660925,0
2,2,idle,943,0.0017920000000231084,0
2,2,idle,944,0.00179100000013932,0
2,2,idle,945,0.001750000000356522,0
2,2,idle,946,0.0017920000000231084,0
2,2,idle,947,0.002292000000124972,0
2,2,idle,948,0.0018329999998059066,0
2,2,idle,949,0.002457999999933236,0
2,2,idle,950,0.002540999999837368,0
2,2,idle,951,0.002167000000099506,0
2,2,idle,952,0.0017499999999017746,0
2,2,idle,953,0.0020829999998568383,0
2,2,idle,954,0.0017920000000231084,0
2,2,idle,955,0.001708999999664229,0
2,2,idle,956,0.0017499999999017746,0
2,2,idle,957,0.0022919999996702245,0
2,2,idle,958,0.00233299999990777,0
2,2,idle,959,0.00179100000013932,0
2,2,idle,960,0.0017920000000231084,0
2,2,idle,961,0.0017499999999017746,0
2,2,idle,962,0.0017499999999017746,0
2,2,idle,963,0.0021660000002157176,0
2,2,idle,964,0.0022910000002411834,0
2,2,idle,965,0.0017920000000231084,0
2,2,idle,966,0.001833999999689695,0
2,2,idle,967,0.0019999999999527063,0
2,2,idle,968,0.002124999999978172,0
2,2,idle,969,0.0017909999996845727,0
2,2,idle,970,0.0017499999999017746,0
2,2,idle,971,0.0017499999999017746,0
2,2,idle,972,0.0017920000000231084,0
2,2,idle,973,0.00179100000013932,0
2,2,idle,974,0.0020410000001902517,0
2,2,idle,975,0.0018329999998059066,0
2,2,idle,976,0.0020409999997355044,0
2,2,idle,977,0.002167000000099506,0
2,2,idle,978,0.0016669999999976426,0
2,2,idle,979,0.002167000000099506,0
2,2,idle,980,0.003250000000207365,0
2,2,idle,981,0.001750000000356522,0
2,2,idle,982,0.002292000000124972,0
2,2,idle,983,0.0017090000001189765,0
2,2,idle,984,0.002292000000124972,0
2,2,idle,985,0.0017499999999017746,0
2,2,idle,986,0.0017499999999017746,0
2,2,idle,987,0.001916999999593827,0
2,2,idle,988,0.00179100000013932,0
2,2,idle,989,0.002250000000003638,0
2,2,idle,990,0.002124999999978172,0
2,2,idle,991,0.0018749999999272404,0
2,2,idle,992,0.0017499999999017746,0
2,2,idle,993,0.0017499999999017746,0
2,2,idle,994,0.0018340000001444423,0
2,2,idle,995,0.0020839999997406267,0
2,2,idle,996,0.0017920000000231084,0
2,2,idle,997,0.0017499999999017746,0
2,2,idle,998,0.0017920000000231084,0
2,2,idle,999,0.0017090000001189765,0
2,2,event,0,0.014666999999917607,2
2,2,event,1,0.0027079999999841675,0
2,2,event,2,0.0026659999998628336,0
2,2,event,3,0.0017499999999017746,0
2,2,event,4,0.0018340000001444423,0
2,2,event,5,0.0027500000001055014,0
2,2,event,6,0.0019159999997100385,0
2,2,event,7,0.003250000000207365,0
2,2,event,8,0.0017499999999017746,0
2,2,event,9,0.0018340000001444423,0
2,2,event,10,0.0017920000000231084,0
2,2,event,11,0.0016669999999976426,0
2,2,event,12,0.001916999999593827,0
2,2,event,13,0.0022910000002411834,0
2,2,event,14,0.0017920000000231084,0
2,2,event,15,0.001708000000235188,0
2,2,event,16,0.0016669999999976426,0
2,2,event,17,0.0016669999999976426,0
2,2,event,18,0.002167000000099506,0
2,2,event,19,0.0017499999999017746,0
2,2,event,20,0.001750000000356522,0
2,2,event,21,0.00179100000013932,0
2,2,event,22,0.0017079999997804407,0
2,2,event,23,0.002207999999882304,0
2,2,event,24,0.0017079999997804407,0
2,2,event,25,0.001833000000260654,0
2,2,event,26,0.001750000000356522,0
2,2,event,27,0.001708000000235188,0
2,2,event,28,0.002292000000124972,0
2,2,event,29,0.0019580000002861198,0
2,2,event,30,0.002457999999933236,0
2,2,event,31,0.0018749999999272404,0
2,2,event,32,0.0019170000000485743,0
2,2,event,33,0.0017499999999017746,0
2,2,event,34,0.002375000000029104,0
2,2,event,35,0.0017499999999017746,0
2,2,event,36,0.0016669999999976426,0
2,2,event,37,0.001833999999689695,0
2,2,event,38,0.00233299999990777,0
2,2,event,39,0.0022080000003370515,0
2,2,event,40,0.001833000000260654,0
2,2,event,41,0.0018340000001444423,0
2,2,event,42,0.0025829999999587017,0
2,2,event,43,0.0017079999997804407,0
2,2,event,44,0.002124999999978172,0
2,2,event,45,0.0017079999997804407,0
2,2,event,46,0.0020829999998568383,0
2,2,event,47,0.0017090000001189765,0
2,2,event,48,0.0017499999999017746,0
2,2,event,49,0.002250000000003638,0
2,2,event,50,0.0023330000003625173,0
2,2,event,51,0.001750000000356522,0
2,2,event,52,0.00179100000013932,0
2,2,event,53,0.0018749999999272404,0
2,2,event,54,0.0017920000000231084,0
2,2,event,55,0.002375000000029104,0
2,2,event,56,0.0017920000000231084,0
2,2,event,57,0.0016669999999976426,0
2,2,event,58,0.001708000000235188,0
2,2,event,59,0.0017499999999017746,0
2,2,event,60,0.015625,2
2,2,event,61,0.0025420000001759036,0
2,2,event,62,0.0018749999999272404,0
2,2,event,63,0.0017920000000231084,0
2,2,event,64,0.0024589999998170242,0
2,2,event,65,0.0018340000001444423,0
2,2,event,66,0.0017920000000231084,0
2,2,event,67,0.00179100000013932,0
2,2,event,68,0.0017499999999017746,0
2,2,event,69,0.003165999999964697,0
2,2,event,70,0.0017499999999017746,0
2,2,event,71,0.0019160000001647859,0
2,2,event,72,0.002375000000029104,0
2,2,event,73,0.0019999999999527063,0
2,2,event,74,0.0025829999999587017,0
2,2,event,75,0.0017079999997804407,0
2,2,event,76,0.0017499999999017746,0
2,2,event,77,0.0016669999999976426,0
2,2,event,78,0.0017079999997804407,0
2,2,event,79,0.0018329999998059066,0
2,2,event,80,0.002207999999882304,0
2,2,event,81,0.0017079999997804407,0
2,2,event,82,0.0017499999999017746,0
2,2,event,83,0.001750000000356522,0
2,2,event,84,0.00179100000013932,0
2,2,event,85,0.002167000000099506,0
2,2,event,86,0.0017499999999017746,0
2,2,event,87,0.0016669999999976426,0
2,2,event,88,0.0017499999999017746,0
2,2,event,89,0.001833000000260654,0
2,2,event,90,0.002250000000003638,0
2,2,event,91,0.0017499999999017746,0
2,2,event,92,0.0018329999998059066,0
2,2,event,93,0.0019579999998313724,0
2,2,event,94,0.0016660000001138542,0
2,2,event,95,0.0025000000000545697,0
2,2,event,96,0.001750000000356522,0
2,2,event,97,0.001750000000356522,0
2,2,event,98,0.001708000000235188,0
2,2,event,99,0.0017499999999017746,0
2,2,event,100,0.0017079999997804407,0
2,2,event,101,0.0028750000001309672,0
2,2,event,102,0.0018340000001444423,0
2,2,event,103,0.0023340000002463057,0
2,2,event,104,0.0017920000000231084,0
2,2,event,105,0.0017499999999017746,0
2,2,event,106,0.0020829999998568383,0
2,2,event,107,0.0018749999999272404,0
2,2,event,108,0.0016669999999976426,0
2,2,event,109,0.0017499999999017746,0
2,2,event,110,0.001708999999664229,0
2,2,event,111,0.002124999999978172,0
2,2,event,112,0.0017499999999017746,0
2,2,event,113,0.0017920000000231084,0
2,2,event,114,0.0023340000002463057,0
2,2,event,115,0.0017499999999017746,0
2,2,event,116,0.002207999999882304,0
2,2,event,117,0.002207999999882304,0
2,2,event,118,0.0017920000000231084,0
2,2,event,119,0.001708999999664229,0
2,2,event,120,0.014249999999719876,2
2,2,event,121,0.0025000000000545697,0
2,2,event,122,0.0019579999998313724,0
2,2,event,123,0.0017499999999017746,0
2,2,event,124,0.0017920000000231084,0
2,2,event,125,0.001833999999689695,0
2,2,event,126,0.002624999999625288,0
2,2,event,127,0.002207999999882304,0
2,2,event,128,0.0021660000002157176,0
2,2,event,129,0.001833000000260654,0
2,2,event,130,0.0018329999998059066,0
2,2,event,131,0.002250000000003638,0
2,2,event,132,0.0028330000000096334,0
2,2,event,133,0.0017499999999017746,0
2,2,event,134,0.001708000000235188,0
2,2,event,135,0.0018340000001444423,0
2,2,event,136,0.002290999999786436,0
2,2,event,137,0.0017920000000231084,0
2,2,event,138,0.0017920000000231084,0
2,2,event,139,0.0017920000000231084,0
2,2,event,140,0.001708999999664229,0
2,2,event,141,0.002167000000099506,0
2,2,event,142,0.001750000000356522,0
2,2,event,143,0.0017499999999017746,0
2,2,event,144,0.0017079999997804407,0
2,2,event,145,0.00179100000013932,0
2,2,event,146,0.001750000000356522,0
2,2,event,147,0.002124999999978172,0
2,2,event,148,0.0018749999999272404,0
2,2,event,149,0.0016669999999976426,0
2,2,event,150,0.0017499999999017746,0
2,2,event,151,0.0017920000000231084,0
2,2,event,152,0.0022089999997660925,0
2,2,event,153,0.0017499999999017746,0
2,2,event,154,0.0019580000002861198,0
2,2,event,155,0.0018749999999272404,0
2,2,event,156,0.002292000000124972,0
2,2,event,157,0.0022089999997660925,0
2,2,event,158,0.0017079999997804407,0
2,2,event,159,0.0017499999999017746,0
2,2,event,160,0.0017499999999017746,0
2,2,event,161,0.002167000000099506,0
2,2,event,162,0.00233299999990777,0
2,2,event,163,0.002290999999786436,0
2,2,event,164,0.0017079999997804407,0
2,2,event,165,0.002124999999978172,0
2,2,event,166,0.00179100000013932,0
2,2,event,167,0.0018749999999272404,0
2,2,event,168,0.0019999999999527063,0
2,2,event,169,0.001750000000356522,0
2,2,event,170,0.0016669999999976426,0
2,2,event,171,0.0017079999997804407,0
2,2,event,172,0.00179100000013932,0
2,2,event,173,0.0020830000003115856,0
2,2,event,174,0.001833000000260654,0
2,2,event,175,0.001750000000356522,0
2,2,event,176,0.0019160000001647859,0
2,2,event,177,0.0017499999999017746,0
2,2,event,178,0.002250000000003638,0
2,2,event,179,0.0017079999997804407,0
2,2,event,180,0.013290999999753694,2
2,2,event,181,0.00233299999990777,0
2,2,event,182,0.0024170000001504377,0
2,2,event,183,0.0018749999999272404,0
2,2,event,184,0.001833000000260654,0
2,2,event,185,0.0021660000002157176,0
2,2,event,186,0.002167000000099506,0
2,2,event,187,0.0022919999996702245,0
2,2,event,188,0.0017920000000231084,0
2,2,event,189,0.0019160000001647859,0
2,2,event,190,0.0016669999999976426,0
2,2,event,191,0.0017920000000231084,0
2,2,event,192,0.0018329999998059066,0
2,2,event,193,0.002124999999978172,0
2,2,event,194,0.0027090000003227033,0
2,2,event,195,0.0017920000000231084,0
2,2,event,196,0.0017079999997804407,0
2,2,event,197,0.0018749999999272404,0
2,2,event,198,0.0028330000000096334,0
2,2,event,199,0.0017920000000231084,0
2,2,event,200,0.002167000000099506,0
2,2,event,201,0.0017499999999017746,0
2,2,event,202,0.0017499999999017746,0
2,2,event,203,0.0021669999996447586,0
2,2,event,204,0.0017499999999017746,0
2,2,event,205,0.0017499999999017746,0
2,2,event,206,0.0018340000001444423,0
2,2,event,207,0.0017090000001189765,0
2,2,event,208,0.0023339999997915584,0
2,2,event,209,0.0017499999999017746,0
2,2,event,210,0.001833000000260654,0
2,2,event,211,0.00179100000013932,0
2,2,event,212,0.0016659999996591068,0
2,2,event,213,0.0017079999997804407,0
2,2,event,214,0.0020000000004074536,0
2,2,event,215,0.0018749999999272404,0
2,2,event,216,0.0023339999997915584,0
2,2,event,217,0.0018749999999272404,0
2,2,event,218,0.0017499999999017746,0
2,2,event,219,0.0028750000001309672,0
2,2,event,220,0.0017920000000231084,0
2,2,event,221,0.0017499999999017746,0
2,2,event,222,0.0017499999999017746,0
2,2,event,223,0.0016669999999976426,0
2,2,event,224,0.0021659999997609702,0
2,2,event,225,0.001708000000235188,0
2,2,event,226,0.0027920000002268353,0
2,2,event,227,0.0017920000000231084,0
2,2,event,228,0.0017499999999017746,0
2,2,event,229,0.0021669999996447586,0
2,2,event,230,0.0016669999999976426,0
2,2,event,231,0.0017079999997804407,0
2,2,event,232,0.0017090000001189765,0
2,2,event,233,0.001750000000356522,0
2,2,event,234,0.001708000000235188,0
2,2,event,235,0.002124999999978172,0
2,2,event,236,0.0017090000001189765,0
2,2,event,237,0.0017079999997804407,0
2,2,event,238,0.0018329999998059066,0
2,2,event,239,0.001708000000235188,0
2,2,event,240,0.013542000000143162,2
2,2,event,241,0.0023339999997915584,0
2,2,event,242,0.001750000000356522,0
2,2,event,243,0.001833000000260654,0
2,2,event,244,0.002457999999933236,0
2,2,event,245,0.001833000000260654,0
2,2,event,246,0.0017499999999017746,0
2,2,event,247,0.0017499999999017746,0
2,2,event,248,0.0017090000001189765,0
2,2,event,249,0.002250000000003638,0
2,2,event,250,0.00179100000013932,0
2,2,event,251,0.0017499999999017746,0
2,2,event,252,0.0016669999999976426,0
2,2,event,253,0.0016249999998763087,0
2,2,event,254,0.0020829999998568383,0
2,2,event,255,0.0017079999997804407,0
2,2,event,256,0.0018340000001444423,0
2,2,event,257,0.002708999999867956,0
2,2,event,258,0.001750000000356522,0
2,2,event,259,0.0018749999999272404,0
2,2,event,260,0.0020839999997406267,0
2,2,event,261,0.001750000000356522,0
2,2,event,262,0.0017090000001189765,0
2,2,event,263,0.0017920000000231084,0
2,2,event,264,0.0018329999998059066,0
2,2,event,265,0.0020829999998568383,0
2,2,event,266,0.0016669999999976426,0
2,2,event,267,0.0016669999999976426,0
2,2,event,268,0.00179100000013932,0
2,2,event,269,0.0017499999999017746,0
2,2,event,270,0.0020409999997355044,0
2,2,event,271,0.0017499999999017746,0
2,2,event,272,0.00233299999990777,0
2,2,event,273,0.0017499999999017746,0
2,2,event,274,0.00179100000013932,0
2,2,event,275,0.002250000000003638,0
2,2,event,276,0.0016660000001138542,0
2,2,event,277,0.0018749999999272404,0
2,2,event,278,0.0017499999999017746,0
2,2,event,279,0.0025829999999587017,0
2,2,event,280,0.0017920000000231084,0
2,2,event,281,0.002375000000029104,0
2,2,event,282,0.002375000000029104,0
2,2,event,283,0.0017090000001189765,0
2,2,event,284,0.001750000000356522,0
2,2,event,285,0.0017920000000231084,0
2,2,event,286,0.0020839999997406267,0
2,2,event,287,0.0017499999999017746,0
2,2,event,288,0.002832999999554886,0
2,2,event,289,0.0018749999999272404,0
2,2,event,290,0.0018329999998059066,0
2,2,event,291,0.0022910000002411834,0
2,2,event,292,0.0017499999999017746,0
2,2,event,293,0.0016659999996591068,0
2,2,event,294,0.001833000000260654,0
2,2,event,295,0.0017920000000231084,0
2,2,event,296,0.001958999999715161,0
2,2,event,297,0.0025000000000545697,0
2,2,event,298,0.0017920000000231084,0
2,2,event,299,0.0016669999999976426,0
2,2,event,300,0.01312499999994543,2
2,2,event,301,0.00220900000022084,0
2,2,event,302,0.0017920000000231084,0
2,2,event,303,0.0019160000001647859,0
2,2,event,304,0.0017499999999017746,0
2,2,event,305,0.001833999999689695,0
2,2,event,306,0.0022089999997660925,0
2,2,event,307,0.0018749999999272404,0
2,2,event,308,0.001833000000260654,0
2,2,event,309,0.0019159999997100385,0
2,2,event,310,0.0018749999999272404,0
2,2,event,311,0.002375000000029104,0
2,2,event,312,0.0018749999999272404,0
2,2,event,313,0.0017499999999017746,0
2,2,event,314,0.001958999999715161,0
2,2,event,315,0.0017920000000231084,0
2,2,event,316,0.002250000000003638,0
2,2,event,317,0.0018340000001444423,0
2,2,event,318,0.0017499999999017746,0
2,2,event,319,0.002791999999772088,0
2,2,event,320,0.0018749999999272404,0
2,2,event,321,0.0024170000001504377,0
2,2,event,322,0.0018749999999272404,0
2,2,event,323,0.0017079999997804407,0
2,2,event,324,0.0025000000000545697,0
2,2,event,325,0.0017499999999017746,0
2,2,event,326,0.0018340000001444423,0
2,2,event,327,0.002624999999625288,0
2,2,event,328,0.0017909999996845727,0
2,2,event,329,0.0020410000001902517,0
2,2,event,330,0.0017499999999017746,0
2,2,event,331,0.001833000000260654,0
2,2,event,332,0.0021660000002157176,0
2,2,event,333,0.0017499999999017746,0
2,2,event,334,0.0018329999998059066,0
2,2,event,335,0.0017920000000231084,0
2,2,event,336,0.0017499999999017746,0
2,2,event,337,0.0022919999996702245,0
2,2,event,338,0.001708000000235188,0
2,2,event,339,0.0019580000002861198,0
2,2,event,340,0.001833000000260654,0
2,2,event,341,0.0016669999999976426,0
2,2,event,342,0.002250000000003638,0
2,2,event,343,0.0017499999999017746,0
2,2,event,344,0.0017079999997804407,0
2,2,event,345,0.0016660000001138542,0
2,2,event,346,0.0017920000000231084,0
2,2,event,347,0.0017090000001189765,0
2,2,event,348,0.002124999999978172,0
2,2,event,349,0.002375000000029104,0
2,2,event,350,0.0016249999998763087,0
2,2,event,351,0.00233299999990777,0
2,2,event,352,0.0016660000001138542,0
2,2,event,353,0.0019999999999527063,0
2,2,event,354,0.0017499999999017746,0
2,2,event,355,0.0017499999999017746,0
2,2,event,356,0.0017499999999017746,0
2,2,event,357,0.0017909999996845727,0
2,2,event,358,0.0025420000001759036,0
2,2,event,359,0.0017499999999017746,0
2,2,event,360,0.012333000000126049,2
2,2,event,361,0.002375000000029104,0
2,2,event,362,0.0025829999999587017,0
2,2,event,363,0.0017499999999017746,0
2,2,event,364,0.001958999999715161,0
2,2,event,365,0.0017499999999017746,0
2,2,event,366,0.00233299999990777,0
2,2,event,367,0.00233299999990777,0
2,2,event,368,0.0019160000001647859,0
2,2,event,369,0.0017079999997804407,0
2,2,event,370,0.0017079999997804407,0
2,2,event,371,0.00179100000013932,0
2,2,event,372,0.001708000000235188,0
2,2,event,373,0.002124999999978172,0
2,2,event,374,0.0018340000001444423,0
2,2,event,375,0.0017079999997804407,0
2,2,event,376,0.001708000000235188,0
2,2,event,377,0.0017499999999017746,0
2,2,event,378,0.003042000000277767,0
2,2,event,379,0.002375000000029104,0
2,2,event,380,0.0017499999999017746,0
2,2,event,381,0.0017499999999017746,0
2,2,event,382,0.00287499999967622,0
2,2,event,383,0.0028750000001309672,0
2,2,event,384,0.001750000000356522,0
2,2,event,385,0.0017079999997804407,0
2,2,event,386,0.0017920000000231084,0
2,2,event,387,0.0016249999998763087,0
2,2,event,388,0.0021660000002157176,0
2,2,event,389,0.0016669999999976426,0
2,2,event,390,0.0017079999997804407,0
2,2,event,391,0.0016669999999976426,0
2,2,event,392,0.0017090000001189765,0
2,2,event,393,0.001958999999715161,0
2,2,event,394,0.00204200000007404,0
2,2,event,395,0.001708000000235188,0
2,2,event,396,0.0016659999996591068,0
2,2,event,397,0.0017499999999017746,0
2,2,event,398,0.0016669999999976426,0
2,2,event,399,0.0028330000000096334,0
2,2,event,400,0.0016669999999976426,0
2,2,event,401,0.001750000000356522,0
2,2,event,402,0.001833999999689695,0
2,2,event,403,0.0017090000001189765,0
2,2,event,404,0.0027920000002268353,0
2,2,event,405,0.0017499999999017746,0
2,2,event,406,0.0019999999999527063,0
2,2,event,407,0.0017079999997804407,0
2,2,event,408,0.002292000000124972,0
2,2,event,409,0.002540999999837368,0
2,2,event,410,0.002124999999978172,0
2,2,event,411,0.002207999999882304,0
2,2,event,412,0.0016659999996591068,0
2,2,event,413,0.002290999999786436,0
2,2,event,414,0.001833000000260654,0
2,2,event,415,0.0020410000001902517,0
2,2,event,416,0.0016669999999976426,0
2,2,event,417,0.001708000000235188,0
2,2,event,418,0.0017079999997804407,0
2,2,event,419,0.0017920000000231084,0
2,2,event,420,0.012959000000137166,2
2,2,event,421,0.0024169999996956903,0
2,2,event,422,0.0018749999999272404,0
2,2,event,423,0.0017920000000231084,0
2,2,event,424,0.002375000000029104,0
2,2,event,425,0.0017920000000231084,0
2,2,event,426,0.001750000000356522,0
2,2,event,427,0.0017920000000231084,0
2,2,event,428,0.0017499999999017746,0
2,2,event,429,0.002250000000003638,0
2,2,event,430,0.0018329999998059066,0
2,2,event,431,0.0018329999998059066,0
2,2,event,432,0.0017499999999017746,0
2,2,event,433,0.002124999999978172,0
2,2,event,434,0.0020830000003115856,0
2,2,event,435,0.0017499999999017746,0
2,2,event,436,0.0018329999998059066,0
2,2,event,437,0.0017499999999017746,0
2,2,event,438,0.001625000000331056,0
2,2,event,439,0.001750000000356522,0
2,2,event,440,0.0025000000000545697,0
2,2,event,441,0.001708999999664229,0
2,2,event,442,0.001750000000356522,0
2,2,event,443,0.00179100000013932,0
2,2,event,444,0.0028750000001309672,0
2,2,event,445,0.002250000000003638,0
2,2,event,446,0.001750000000356522,0
2,2,event,447,0.001750000000356522,0
2,2,event,448,0.0018340000001444423,0
2,2,event,449,0.0017499999999017746,0
2,2,event,450,0.0027079999999841675,0
2,2,event,451,0.0017909999996845727,0
2,2,event,452,0.0017920000000231084,0
2,2,event,453,0.001833000000260654,0
2,2,event,454,0.001708000000235188,0
2,2,event,455,0.001833000000260654,0
2,2,event,456,0.002084000000195374,0
2,2,event,457,0.001959000000169908,0
2,2,event,458,0.0016669999999976426,0
2,2,event,459,0.0016660000001138542,0
2,2,event,460,0.0017920000000231084,0
2,2,event,461,0.0021669999996447586,0
2,2,event,462,0.0018340000001444423,0
2,2,event,463,0.0016669999999976426,0
2,2,event,464,0.0018329999998059066,0
2,2,event,465,0.0016669999999976426,0
2,2,event,466,0.0021660000002157176,0
2,2,event,467,0.00179100000013932,0
2,2,event,468,0.0017079999997804407,0
2,2,event,469,0.001625000000331056,0
2,2,event,470,0.0017079999997804407,0
2,2,event,471,0.002167000000099506,0
2,2,event,472,0.0025420000001759036,0
2,2,event,473,0.0017090000001189765,0
2,2,event,474,0.0018750000003819878,0
2,2,event,475,0.001833000000260654,0
2,2,event,476,0.002457999999933236,0
2,2,event,477,0.002124999999978172,0
2,2,event,478,0.00179100000013932,0
2,2,event,479,0.0017499999999017746,0
2,2,event,480,0.0128340000001117,2
2,2,event,481,0.002250000000003638,0
2,2,event,482,0.0017499999999017746,0
2,2,event,483,0.0017920000000231084,0
2,2,event,484,0.00179100000013932,0
2,2,event,485,0.0017920000000231084,0
2,2,event,486,0.002250000000003638,0
2,2,event,487,0.0018329999998059066,0
2,2,event,488,0.0018749999999272404,0
2,2,event,489,0.0017499999999017746,0
2,2,event,490,0.0017090000001189765,0
2,2,event,491,0.0022089999997660925,0
2,2,event,492,0.0019580000002861198,0
2,2,event,493,0.0025000000000545697,0
2,2,event,494,0.002375000000029104,0
2,2,event,495,0.0017920000000231084,0
2,2,event,496,0.002375000000029104,0
2,2,event,497,0.0017920000000231084,0
2,2,event,498,0.0018340000001444423,0
2,2,event,499,0.0018329999998059066,0
2,2,event,500,0.001708000000235188,0
2,2,event,501,0.002207999999882304,0
2,2,event,502,0.0018749999999272404,0
2,2,event,503,0.001791999999568361,0
2,2,event,504,0.0017499999999017746,0
2,2,event,505,0.0019999999999527063,0
2,2,event,506,0.0017909999996845727,0
2,2,event,507,0.0032919999998739513,0
2,2,event,508,0.0018329999998059066,0
2,2,event,509,0.0017079999997804407,0
2,2,event,510,0.0017920000000231084,0
2,2,event,511,0.001750000000356522,0
2,2,event,512,0.0025420000001759036,0
2,2,event,513,0.001750000000356522,0
2,2,event,514,0.001708000000235188,0
2,2,event,515,0.0017090000001189765,0
2,2,event,516,0.0017920000000231084,0
2,2,event,517,0.002207999999882304,0
2,2,event,518,0.0017079999997804407,0
2,2,event,519,0.0017920000000231084,0
2,2,event,520,0.001708999999664229,0
2,2,event,521,0.002124999999978172,0
2,2,event,522,0.0018750000003819878,0
2,2,event,523,0.002124999999978172,0
2,2,event,524,0.0020829999998568383,0
2,2,event,525,0.0017079999997804407,0
2,2,event,526,0.0018749999999272404,0
2,2,event,527,0.0017499999999017746,0
2,2,event,528,0.002375000000029104,0
2,2,event,529,0.001833000000260654,0
2,2,event,530,0.001708000000235188,0
2,2,event,531,0.001708000000235188,0
2,2,event,532,0.0017499999999017746,0
2,2,event,533,0.002124999999978172,0
2,2,event,534,0.0028750000001309672,0
2,2,event,535,0.0018340000001444423,0
2,2,event,536,0.0017499999999017746,0
2,2,event,537,0.0017920000000231084,0
2,2,event,538,0.002791999999772088,0
2,2,event,539,0.0016669999999976426,0
2,2,event,540,0.01312499999994543,2
2,2,event,541,0.0022089999997660925,0
2,2,event,542,0.0025420000001759036,0
2,2,event,543,0.0017499999999017746,0
2,2,event,544,0.0019579999998313724,0
2,2,event,545,0.00179100000013932,0
2,2,event,546,0.0019580000002861198,0
2,2,event,547,0.002250000000003638,0
2,2,event,548,0.0017920000000231084,0
2,2,event,549,0.002375000000029104,0
2,2,event,550,0.0017920000000231084,0
2,2,event,551,0.0017920000000231084,0
2,2,event,552,0.00179100000013932,0
2,2,event,553,0.0019999999999527063,0
2,2,event,554,0.001916999999593827,0
2,2,event,555,0.001708000000235188,0
2,2,event,556,0.0017090000001189765,0
2,2,event,557,0.0017499999999017746,0
2,2,event,558,0.002207999999882304,0
2,2,event,559,0.0017499999999017746,0
2,2,event,560,0.0017499999999017746,0
2,2,event,561,0.0017920000000231084,0
2,2,event,562,0.001708000000235188,0
2,2,event,563,0.0020829999998568383,0
2,2,event,564,0.0017499999999017746,0
2,2,event,565,0.0018749999999272404,0
2,2,event,566,0.0017499999999017746,0
2,2,event,567,0.0018749999999272404,0
2,2,event,568,0.0018749999999272404,0
2,2,event,569,0.0032089999999698193,0
2,2,event,570,0.0018750000003819878,0
2,2,event,571,0.0017499999999017746,0
2,2,event,572,0.0017090000001189765,0
2,2,event,573,0.0017499999999017746,0
2,2,event,574,0.00204200000007404,0
2,2,event,575,0.0017499999999017746,0
2,2,event,576,0.0017499999999017746,0
2,2,event,577,0.002375000000029104,0
2,2,event,578,0.001708000000235188,0
2,2,event,579,0.0022080000003370515,0
2,2,event,580,0.001708000000235188,0
2,2,event,581,0.0016660000001138542,0
2,2,event,582,0.0017499999999017746,0
2,2,event,583,0.0017499999999017746,0
2,2,event,584,0.0019580000002861198,0
2,2,event,585,0.0019170000000485743,0
2,2,event,586,0.0017920000000231084,0
2,2,event,587,0.001708000000235188,0
2,2,event,588,0.0019159999997100385,0
2,2,event,589,0.0018749999999272404,0
2,2,event,590,0.0026250000000800355,0
2,2,event,591,0.0017499999999017746,0
2,2,event,592,0.0017499999999017746,0
2,2,event,593,0.0017499999999017746,0
2,2,event,594,0.0019170000000485743,0
2,2,event,595,0.0027079999999841675,0
2,2,event,596,0.00179100000013932,0
2,2,event,597,0.001833000000260654,0
2,2,event,598,0.0017499999999017746,0
2,2,event,599,0.0017499999999017746,0
2,2,event,600,0.013915999999881024,2
2,2,event,601,0.00233299999990777,0
2,2,event,602,0.0018749999999272404,0
2,2,event,603,0.0018749999999272404,0
2,2,event,604,0.0029580000000350992,0
2,2,event,605,0.0017909999996845727,0
2,2,event,606,0.0017499999999017746,0
2,2,event,607,0.0017920000000231084,0
2,2,event,608,0.001791999999568361,0
2,2,event,609,0.0022089999997660925,0
2,2,event,610,0.001833000000260654,0
2,2,event,611,0.001916999999593827,0
2,2,event,612,0.0017920000000231084,0
2,2,event,613,0.0017499999999017746,0
2,2,event,614,0.0018749999999272404,0
2,2,event,615,0.002124999999978172,0
2,2,event,616,0.002375000000029104,0
2,2,event,617,0.0018749999999272404,0
2,2,event,618,0.001791999999568361,0
2,2,event,619,0.0026250000000800355,0
2,2,event,620,0.002292000000124972,0
2,2,event,621,0.0019579999998313724,0
2,2,event,622,0.001791999999568361,0
2,2,event,623,0.0017499999999017746,0
2,2,event,624,0.0017079999997804407,0
2,2,event,625,0.002207999999882304,0
2,2,event,626,0.0017079999997804407,0
2,2,event,627,0.0017499999999017746,0
2,2,event,628,0.0025420000001759036,0
2,2,event,629,0.002207999999882304,0
2,2,event,630,0.0027920000002268353,0
2,2,event,631,0.0016669999999976426,0
2,2,event,632,0.002791999999772088,0
2,2,event,633,0.0017499999999017746,0
2,2,event,634,0.0017499999999017746,0
2,2,event,635,0.0016660000001138542,0
2,2,event,636,0.002124999999978172,0
2,2,event,637,0.0021660000002157176,0
2,2,event,638,0.0018750000003819878,0
2,2,event,639,0.0017499999999017746,0
2,2,event,640,0.0017920000000231084,0
2,2,event,641,0.002124999999978172,0
2,2,event,642,0.0017499999999017746,0
2,2,event,643,0.001959000000169908,0
2,2,event,644,0.0017499999999017746,0
2,2,event,645,0.00179100000013932,0
2,2,event,646,0.0022919999996702245,0
2,2,event,647,0.0024589999998170242,0
2,2,event,648,0.0017920000000231084,0
2,2,event,649,0.001833000000260654,0
2,2,event,650,0.0018750000003819878,0
2,2,event,651,0.002167000000099506,0
2,2,event,652,0.0016659999996591068,0
2,2,event,653,0.00179100000013932,0
2,2,event,654,0.0016669999999976426,0
2,2,event,655,0.0017920000000231084,0
2,2,event,656,0.0016660000001138542,0
2,2,event,657,0.002457999999933236,0
2,2,event,658,0.0016249999998763087,0
2,2,event,659,0.0017499999999017746,0
2,2,event,660,0.013417000000117696,2
2,2,event,661,0.0029580000000350992,0
2,2,event,662,0.0020000000004074536,0
2,2,event,663,0.0028750000001309672,0
2,2,event,664,0.002207999999882304,0
2,2,event,665,0.0019579999998313724,0
2,2,event,666,0.002041999999619293,0
2,2,event,667,0.0017920000000231084,0
2,2,event,668,0.0017920000000231084,0
2,2,event,669,0.0018329999998059066,0
2,2,event,670,0.0018329999998059066,0
2,2,event,671,0.0022089999997660925,0
2,2,event,672,0.001833000000260654,0
2,2,event,673,0.0020000000004074536,0
2,2,event,674,0.0018749999999272404,0
2,2,event,675,0.0017090000001189765,0
2,2,event,676,0.002124999999978172,0
2,2,event,677,0.0017920000000231084,0
2,2,event,678,0.0017499999999017746,0
2,2,event,679,0.00179100000013932,0
2,2,event,680,0.0017499999999017746,0
2,2,event,681,0.0017499999999017746,0
2,2,event,682,0.002207999999882304,0
2,2,event,683,0.0017499999999017746,0
2,2,event,684,0.0016249999998763087,0
2,2,event,685,0.001708000000235188,0
2,2,event,686,0.0018750000003819878,0
2,2,event,687,0.0021660000002157176,0
2,2,event,688,0.001833000000260654,0
2,2,event,689,0.0016669999999976426,0
2,2,event,690,0.0018749999999272404,0
2,2,event,691,0.0018340000001444423,0
2,2,event,692,0.002250000000003638,0
2,2,event,693,0.001833000000260654,0
2,2,event,694,0.002292000000124972,0
2,2,event,695,0.0017920000000231084,0
2,2,event,696,0.001708000000235188,0
2,2,event,697,0.002540999999837368,0
2,2,event,698,0.0017499999999017746,0
2,2,event,699,0.0017499999999017746,0
2,2,event,700,0.0018329999998059066,0
2,2,event,701,0.0017499999999017746,0
2,2,event,702,0.001833999999689695,0
2,2,event,703,0.002666999999746622,0
2,2,event,704,0.00179100000013932,0
2,2,event,705,0.001750000000356522,0
2,2,event,706,0.001750000000356522,0
2,2,event,707,0.0017920000000231084,0
2,2,event,708,0.002290999999786436,0
2,2,event,709,0.0019159999997100385,0
2,2,event,710,0.0017079999997804407,0
2,2,event,711,0.00179100000013932,0
2,2,event,712,0.001750000000356522,0
2,2,event,713,0.002250000000003638,0
2,2,event,714,0.0017920000000231084,0
2,2,event,715,0.0019999999999527063,0
2,2,event,716,0.0017499999999017746,0
2,2,event,717,0.0017499999999017746,0
2,2,event,718,0.0028750000001309672,0
2,2,event,719,0.002375000000029104,0
2,2,event,720,0.01195899999993344,2
2,2,event,721,0.0023339999997915584,0
2,2,event,722,0.0023339999997915584,0
2,2,event,723,0.001833000000260654,0
2,2,event,724,0.0017499999999017746,0
2,2,event,725,0.002791999999772088,0
2,2,event,726,0.001708000000235188,0
2,2,event,727,0.0018749999999272404,0
2,2,event,728,0.0020829999998568383,0
2,2,event,729,0.0017920000000231084,0
2,2,event,730,0.0017499999999017746,0
2,2,event,731,0.001750000000356522,0
2,2,event,732,0.0019170000000485743,0
2,2,event,733,0.002250000000003638,0
2,2,event,734,0.001833000000260654,0
2,2,event,735,0.001750000000356522,0
2,2,event,736,0.0017499999999017746,0
2,2,event,737,0.0017499999999017746,0
2,2,event,738,0.00233299999990777,0
2,2,event,739,0.0018340000001444423,0
2,2,event,740,0.0018340000001444423,0
2,2,event,741,0.0019170000000485743,0
2,2,event,742,0.00179100000013932,0
2,2,event,743,0.0021660000002157176,0
2,2,event,744,0.002541000000292115,0
2,2,event,745,0.002207999999882304,0
2,2,event,746,0.0018749999999272404,0
2,2,event,747,0.0018340000001444423,0
2,2,event,748,0.00204200000007404,0
2,2,event,749,0.0020829999998568383,0
2,2,event,750,0.0017499999999017746,0
2,2,event,751,0.0018749999999272404,0
2,2,event,752,0.0018750000003819878,0
2,2,event,753,0.001833000000260654,0
2,2,event,754,0.0021660000002157176,0
2,2,event,755,0.001916999999593827,0
2,2,event,756,0.001959000000169908,0
2,2,event,757,0.0023339999997915584,0
2,2,event,758,0.0016669999999976426,0
2,2,event,759,0.0020829999998568383,0
2,2,event,760,0.002457999999933236,0
2,2,event,761,0.0017920000000231084,0
2,2,event,762,0.0017499999999017746,0
2,2,event,763,0.0017090000001189765,0
2,2,event,764,0.0023339999997915584,0
2,2,event,765,0.002124999999978172,0
2,2,event,766,0.0019999999999527063,0
2,2,event,767,0.001750000000356522,0
2,2,event,768,0.0017499999999017746,0
2,2,event,769,0.0016660000001138542,0
2,2,event,770,0.0021659999997609702,0
2,2,event,771,0.0018329999998059066,0
2,2,event,772,0.0017920000000231084,0
2,2,event,773,0.002041999999619293,0
2,2,event,774,0.002375000000029104,0
2,2,event,775,0.002250000000003638,0
2,2,event,776,0.00179100000013932,0
2,2,event,777,0.0016669999999976426,0
2,2,event,778,0.0017499999999017746,0
2,2,event,779,0.0017079999997804407,0
2,2,event,780,0.013374999999996362,2
2,2,event,781,0.0021659999997609702,0
2,2,event,782,0.0018329999998059066,0
2,2,event,783,0.0018749999999272404,0
2,2,event,784,0.0024589999998170242,0
2,2,event,785,0.0017499999999017746,0
2,2,event,786,0.00179100000013932,0
2,2,event,787,0.002375000000029104,0
2,2,event,788,0.0026670000002013694,0
2,2,event,789,0.002250000000003638,0
2,2,event,790,0.0017499999999017746,0
2,2,event,791,0.00179100000013932,0
2,2,event,792,0.0018329999998059066,0
2,2,event,793,0.0017079999997804407,0
2,2,event,794,0.0018749999999272404,0
2,2,event,795,0.002124999999978172,0
2,2,event,796,0.0017920000000231084,0
2,2,event,797,0.0016669999999976426,0
2,2,event,798,0.0016669999999976426,0
2,2,event,799,0.001708000000235188,0
2,2,event,800,0.0021659999997609702,0
2,2,event,801,0.0017920000000231084,0
2,2,event,802,0.001750000000356522,0
2,2,event,803,0.0016660000001138542,0
2,2,event,804,0.0017079999997804407,0
2,2,event,805,0.002290999999786436,0
2,2,event,806,0.0017499999999017746,0
2,2,event,807,0.0017090000001189765,0
2,2,event,808,0.0018340000001444423,0
2,2,event,809,0.001791999999568361,0
2,2,event,810,0.0027500000001055014,0
2,2,event,811,0.002375000000029104,0
2,2,event,812,0.00179100000013932,0
2,2,event,813,0.0017499999999017746,0
2,2,event,814,0.0019999999999527063,0
2,2,event,815,0.0017499999999017746,0
2,2,event,816,0.0021660000002157176,0
2,2,event,817,0.0017920000000231084,0
2,2,event,818,0.0017499999999017746,0
2,2,event,819,0.002292000000124972,0
2,2,event,820,0.0017090000001189765,0
2,2,event,821,0.0020839999997406267,0
2,2,event,822,0.0017499999999017746,0
2,2,event,823,0.0020830000003115856,0
2,2,event,824,0.001750000000356522,0
2,2,event,825,0.0017090000001189765,0
2,2,event,826,0.002167000000099506,0
2,2,event,827,0.0017499999999017746,0
2,2,event,828,0.0018750000003819878,0
2,2,event,829,0.0020830000003115856,0
2,2,event,830,0.0017079999997804407,0
2,2,event,831,0.002207999999882304,0
2,2,event,832,0.0018749999999272404,0
2,2,event,833,0.001833999999689695,0
2,2,event,834,0.0017090000001189765,0
2,2,event,835,0.00204200000007404,0
2,2,event,836,0.0017079999997804407,0
2,2,event,837,0.002167000000099506,0
2,2,event,838,0.001959000000169908,0
2,2,event,839,0.0018340000001444423,0
2,2,event,840,0.012166999999863037,2
2,2,event,841,0.0034160000000156288,0
2,2,event,842,0.00179100000013932,0
2,2,event,843,0.001708000000235188,0
2,2,event,844,0.0018749999999272404,0
2,2,event,845,0.0018749999999272404,0
2,2,event,846,0.0020829999998568383,0
2,2,event,847,0.0017499999999017746,0
2,2,event,848,0.0018329999998059066,0
2,2,event,849,0.0017499999999017746,0
2,2,event,850,0.002624999999625288,0
2,2,event,851,0.0022910000002411834,0
2,2,event,852,0.0017499999999017746,0
2,2,event,853,0.001708999999664229,0
2,2,event,854,0.0017079999997804407,0
2,2,event,855,0.0017920000000231084,0
2,2,event,856,0.0024590000002717716,0
2,2,event,857,0.0017499999999017746,0
2,2,event,858,0.0018329999998059066,0
2,2,event,859,0.001708000000235188,0
2,2,event,860,0.001708999999664229,0
2,2,event,861,0.0019170000000485743,0
2,2,event,862,0.0020409999997355044,0
2,2,event,863,0.0018749999999272404,0
2,2,event,864,0.0017079999997804407,0
2,2,event,865,0.0018329999998059066,0
2,2,event,866,0.001708000000235188,0
2,2,event,867,0.002124999999978172,0
2,2,event,868,0.0017920000000231084,0
2,2,event,869,0.0017090000001189765,0
2,2,event,870,0.0017499999999017746,0
2,2,event,871,0.00233299999990777,0
2,2,event,872,0.00204200000007404,0
2,2,event,873,0.00179100000013932,0
2,2,event,874,0.0018750000003819878,0
2,2,event,875,0.00179100000013932,0
2,2,event,876,0.0016660000001138542,0
2,2,event,877,0.002250000000003638,0
2,2,event,878,0.0017920000000231084,0
2,2,event,879,0.0017909999996845727,0
2,2,event,880,0.00204200000007404,0
2,2,event,881,0.0022089999997660925,0
2,2,event,882,0.002250000000003638,0
2,2,event,883,0.002124999999978172,0
2,2,event,884,0.0016249999998763087,0
2,2,event,885,0.0017499999999017746,0
2,2,event,886,0.00179100000013932,0
2,2,event,887,0.001833000000260654,0
2,2,event,888,0.0020830000003115856,0
2,2,event,889,0.0018749999999272404,0
2,2,event,890,0.00204200000007404,0
2,2,event,891,0.0017920000000231084,0
2,2,event,892,0.0017079999997804407,0
2,2,event,893,0.002250000000003638,0
2,2,event,894,0.0017499999999017746,0
2,2,event,895,0.0017499999999017746,0
2,2,event,896,0.0018340000001444423,0
2,2,event,897,0.0017079999997804407,0
2,2,event,898,0.002250000000003638,0
2,2,event,899,0.0018340000001444423,0
2,2,event,900,0.01375000000007276,2
2,2,event,901,0.002375000000029104,0
2,2,event,902,0.0029589999999188876,0
2,2,event,903,0.0017499999999017746,0
2,2,event,904,0.0017499999999017746,0
2,2,event,905,0.0017499999999017746,0
2,2,event,906,0.001750000000356522,0
2,2,event,907,0.001708000000235188,0
2,2,event,908,0.0019999999999527063,0
2,2,event,909,0.0018750000003819878,0
2,2,event,910,0.0017090000001189765,0
2,2,event,911,0.0017499999999017746,0
2,2,event,912,0.0018329999998059066,0
2,2,event,913,0.0035839999995914695,0
2,2,event,914,0.0017079999997804407,0
2,2,event,915,0.0016669999999976426,0
2,2,event,916,0.0018340000001444423,0
2,2,event,917,0.0018749999999272404,0
2,2,event,918,0.002167000000099506,0
2,2,event,919,0.0016669999999976426,0
2,2,event,920,0.001833000000260654,0
2,2,event,921,0.0016659999996591068,0
2,2,event,922,0.0017499999999017746,0
2,2,event,923,0.002250000000003638,0
2,2,event,924,0.001791999999568361,0
2,2,event,925,0.001708000000235188,0
2,2,event,926,0.00179100000013932,0
2,2,event,927,0.0017079999997804407,0
2,2,event,928,0.0017920000000231084,0
2,2,event,929,0.002124999999978172,0
2,2,event,930,0.0016669999999976426,0
2,2,event,931,0.0017499999999017746,0
2,2,event,932,0.0017090000001189765,0
2,2,event,933,0.0017920000000231084,0
2,2,event,934,0.002124999999978172,0
2,2,event,935,0.0016660000001138542,0
2,2,event,936,0.0017079999997804407,0
2,2,event,937,0.0018749999999272404,0
2,2,event,938,0.0017920000000231084,0
2,2,event,939,0.0027909999998882995,0
2,2,event,940,0.0017079999997804407,0
2,2,event,941,0.0017079999997804407,0
2,2,event,942,0.0017920000000231084,0
2,2,event,943,0.001750000000356522,0
2,2,event,944,0.0026659999998628336,0
2,2,event,945,0.0017499999999017746,0
2,2,event,946,0.0017920000000231084,0
2,2,event,947,0.0017499999999017746,0
2,2,event,948,0.001750000000356522,0
2,2,event,949,0.0017920000000231084,0
2,2,event,950,0.0019999999999527063,0
2,2,event,951,0.0017920000000231084,0
2,2,event,952,0.0016669999999976426,0
2,2,event,953,0.0016669999999976426,0
2,2,event,954,0.00179100000013932,0
2,2,event,955,0.0029580000000350992,0
2,2,event,956,0.001708000000235188,0
2,2,event,957,0.001833000000260654,0
2,2,event,958,0.0019999999999527063,0
2,2,event,959,0.0017090000001189765,0
2,2,event,960,0.012375000000247383,2
2,2,event,961,0.002457999999933236,0
2,2,event,962,0.001833000000260654,0
2,2,event,963,0.001750000000356522,0
2,2,event,964,0.0028750000001309672,0
2,2,event,965,0.0017499999999017746,0
2,2,event,966,0.0017090000001189765,0
2,2,event,967,0.002167000000099506,0
2,2,event,968,0.0017079999997804407,0
2,2,event,969,0.002124999999978172,0
2,2,event,970,0.0019999999999527063,0
2,2,event,971,0.0017499999999017746,0
2,2,event,972,0.001833999999689695,0
2,2,event,973,0.0018749999999272404,0
2,2,event,974,0.0017499999999017746,0
2,2,event,975,0.003042000000277767,0
2,2,event,976,0.00179100000013932,0
2,2,event,977,0.002207999999882304,0
2,2,event,978,0.0016669999999976426,0
2,2,event,979,0.0018329999998059066,0
2,2,event,980,0.002250000000003638,0
2,2,event,981,0.0017499999999017746,0
2,2,event,982,0.0017499999999017746,0
2,2,event,983,0.0019170000000485743,0
2,2,event,984,0.0018340000001444423,0
2,2,event,985,0.002167000000099506,0
2,2,event,986,0.0019579999998313724,0
2,2,event,987,0.0017090000001189765,0
2,2,event,988,0.001750000000356522,0
2,2,event,989,0.0017499999999017746,0
2,2,event,990,0.002250000000003638,0
2,2,event,991,0.0017920000000231084,0
2,2,event,992,0.0018750000003819878,0
2,2,event,993,0.0017499999999017746,0
2,2,event,994,0.00233299999990777,0
2,2,event,995,0.0017499999999017746,0
2,2,event,996,0.002124999999978172,0
2,2,event,997,0.002167000000099506,0
2,2,event,998,0.0017090000001189765,0
2,2,event,999,0.0018749999999272404,0
2,2,burst,0,0.10920900000019174,14
2,2,burst,1,0.10945800000035888,14
2,2,burst,2,0.10983399999986432,14
2,2,burst,3,0.10858300000018062,14
2,2,burst,4,0.10795800000005329,14
2,2,burst,5,0.10545799999999872,14
2,2,burst,6,0.10695799999984956,14
2,2,burst,7,0.10866600000008475,14
2,2,burst,8,0.10508300000037707,14
2,2,burst,9,0.10529200000019046,14
2,2,burst,10,0.10645900000008623,14
2,2,burst,11,0.11033399999996618,14
2,2,burst,12,0.1089999999999236,14
2,2,burst,13,0.1073750000000473,14
2,2,burst,14,0.10508299999992232,14
2,2,burst,15,0.1084579999997004,14
2,2,burst,16,0.10420800000019881,14
2,2,burst,17,0.10558399999990797,14
2,2,burst,18,0.10425000000032014,14
2,2,burst,19,0.10729099999980463,14
2,2,burst,20,0.10695800000030431,14
2,2,burst,21,0.10583300000007512,14
2,2,burst,22,0.10512499999958891,14
2,2,burst,23,0.11187500000005457,14
2,2,burst,24,0.10654100000010658,14
2,2,burst,25,0.1062499999998181,14
2,2,burst,26,0.1120840000003227,14
2,2,burst,27,0.10833400000001348,14
2,2,burst,28,0.10579199999983757,14
2,2,burst,29,0.10695799999984956,14
2,2,burst,30,0.10550000000012005,14
2,2,burst,31,0.11475000000018554,14
2,2,burst,32,0.10783300000002782,14
2,2,burst,33,0.10612499999979264,14
2,2,burst,34,0.10558399999990797,14
2,2,burst,35,0.10800000000017462,14
2,2,burst,36,0.10445799999979499,14
2,2,burst,37,0.10616699999991397,14
2,2,burst,38,0.10708300000032978,14
2,2,burst,39,0.10804099999995742,14
2,2,burst,40,0.11024999999972351,14
2,2,burst,41,0.10741699999971388,14
2,2,burst,42,0.10674999999991996,14
2,2,burst,43,0.10649999999986903,14
2,2,burst,44,0.10362499999973807,14
2,2,burst,45,0.10700000000042564,14
2,2,burst,46,0.10474999999996726,14
2,2,burst,47,0.10595800000010058,14
2,2,burst,48,0.10608400000000984,14
2,2,burst,49,0.10808300000007875,14
2,2,burst,50,0.10695799999984956,14
2,2,burst,51,0.10945799999990413,14
2,2,burst,52,0.10566599999992832,14
2,2,burst,53,0.10575000000017099,14
2,2,burst,54,0.11099999999987631,14
2,2,burst,55,0.10612499999979264,14
2,2,burst,56,0.10504200000013952,14
2,2,burst,57,0.10720800000035524,14
2,2,burst,58,0.10666600000013204,14
2,2,burst,59,0.10541699999976117,14
2,2,burst,60,0.10616699999991397,14
2,2,burst,61,0.11045799999965311,14
2,2,burst,62,0.10608400000000984,14
2,2,burst,63,0.1058749999997417,14
2,2,burst,64,0.10575000000017099,14
2,2,burst,65,0.11916700000028868,14
2,2,burst,66,0.10616600000003018,14
2,2,burst,67,0.11091600000008839,14
2,2,burst,68,0.10325000000011642,14
2,2,burst,69,0.10841699999991761,14
2,2,burst,70,0.10912499999994907,14
2,2,burst,71,0.10500000000001819,14
2,2,burst,72,0.10362500000019281,14
2,2,burst,73,0.10491600000023027,14
2,2,burst,74,0.10616699999991397,14
2,2,burst,75,0.10525000000006912,14
2,2,burst,76,0.10987499999964712,14
2,2,burst,77,0.10291700000016135,14
2,2,burst,78,0.10695800000030431,14
2,2,burst,79,0.10841600000003382,14
2,2,burst,80,0.1056669999998121,14
2,2,burst,81,0.10354199999983393,14
2,2,burst,82,0.10850000000027649,14
2,2,burst,83,0.10820799999964947,14
2,2,burst,84,0.10495799999989686,14
2,2,burst,85,0.10945799999990413,14
2,2,burst,86,0.10745799999995143,14
2,2,burst,87,0.10583300000007512,14
2,2,burst,88,0.11987500000032014,14
2,2,burst,89,0.11158399999976609,14
2,2,burst,90,0.11283299999968222,14
2,2,burst,91,0.12254099999972823,14
2,2,burst,92,0.11495800000011513,14
2,2,burst,93,0.11241599999993923,14
2,2,burst,94,0.11774999999988722,14
2,2,burst,95,0.11512499999980719,14
2,2,burst,96,0.11983299999974406,14
2,2,burst,97,0.12229200000001583,14
2,2,burst,98,0.11520800000016607,14
2,2,burst,99,0.11183299999993324,14
2,2,burst,100,0.11166699999967022,14
2,2,burst,101,0.11704200000031051,14
2,2,burst,102,0.11179200000015044,14
2,2,burst,103,69.92858299999989,14
2,2,burst,104,3.435375000000022,14
2,2,burst,105,0.17574999999987995,14
2,2,burst,106,0.13295900000002803,14
2,2,burst,107,0.13358400000015536,14
2,2,burst,108,0.12320899999986068,14
2,2,burst,109,0.11737500000026557,14
2,2,burst,110,0.12895799999978408,14
2,2,burst,111,0.12324999999964348,14
2,2,burst,112,0.12591599999996106,14
2,2,burst,113,0.12645800000018426,14
2,2,burst,114,0.11962499999981446,14
2,2,burst,115,0.11941699999988487,14
2,2,burst,116,0.11695900000040638,14
2,2,burst,117,0.11795900000015536,14
2,2,burst,118,0.11454200000025594,14
2,2,burst,119,0.12229100000013204,14
2,2,burst,120,0.11304199999995035,14
2,2,burst,121,0.13462500000014188,14
2,2,burst,122,0.11933300000009694,14
2,2,burst,123,0.12404100000003382,14
2,2,burst,124,0.10891600000013568,14
2,2,burst,125,0.1169579999996131,14
2,2,burst,126,0.12708299999985684,14
2,2,burst,127,0.1180410000001757,14
2,2,burst,128,0.11658299999999144,14
2,2,burst,129,0.11720800000011877,14
2,2,burst,130,0.1161669999996775,14
2,2,burst,131,0.11754199999995762,14
2,2,burst,132,0.11904099999992468,14
2,2,burst,133,0.11929099999997561,14
2,2,burst,134,0.11266699999987395,14
2,2,burst,135,0.12054200000011406,14
2,2,burst,136,0.11262499999975262,14
2,2,burst,137,0.12304200000016863,14
2,2,burst,138,0.11970800000017334,14
2,2,burst,139,0.1295420000001286,14
2,2,burst,140,0.11483399999997346,14
2,2,burst,141,0.11824999999998909,14
2,2,burst,142,0.11295800000016243,14
2,2,burst,143,0.11620799999991505,14
2,2,burst,144,0.11387500000000728,14
2,2,burst,145,0.10983299999998053,14
2,2,burst,146,0.11158400000022084,14
2,2,burst,147,0.11670800000001691,14
2,2,burst,148,0.11883299999999508,14
2,2,burst,149,0.11295800000016243,14
2,2,burst,150,0.1187910000003285,14
2,2,burst,151,0.11975000000029468,14
2,2,burst,152,0.11554200000000492,14
2,2,burst,153,0.11220899999989342,14
2,2,burst,154,0.11337499999990541,14
2,2,burst,155,0.1214999999997417,14
2,2,burst,156,0.11000000000012733,14
2,2,burst,157,0.130333999999948,14
2,2,burst,158,0.10616699999991397,14
2,2,burst,159,0.1242090000000644,14
2,2,burst,160,0.11187500000005457,14
2,2,burst,161,0.11675000000013824,14
2,2,burst,162,0.10525000000006912,14
2,2,burst,163,0.12374999999974534,14
2,2,burst,164,0.10924999999997453,14
2,2,burst,165,0.11733300000014424,14
2,2,burst,166,0.11549999999988358,14
2,2,burst,167,0.11804099999972095,14
2,2,burst,168,0.11408299999993687,14
2,2,burst,169,0.12220799999977316,14
2,2,burst,170,0.11820799999986775,14
2,2,burst,171,0.11379200000010314,14
2,2,burst,172,0.11354200000005221,14
2,2,burst,173,0.12354199999981574,14
2,2,burst,174,0.1089999999999236,14
2,2,burst,175,0.12008299999979499,14
2,2,burst,176,0.12008300000024974,14
2,2,burst,177,0.11387500000000728,14
2,2,burst,178,0.11191699999972116,14
2,2,burst,179,0.11283400000002075,14
2,2,burst,180,0.11537499999985812,14
2,2,burst,181,0.1240829999997004,14
2,2,burst,182,0.11737500000026557,14
2,2,burst,183,0.11704199999985576,14
2,2,burst,184,8.531625000000076,14
2,2,burst,185,0.25270799999998417,14
2,2,burst,186,0.14249999999992724,14
2,2,burst,187,0.15262499999971624,14
2,2,burst,188,0.14054199999964112,14
2,2,burst,189,0.13599999999996726,14
2,2,burst,190,0.13124999999990905,14
2,2,burst,191,0.13149999999995998,14
2,2,burst,192,0.13466600000037943,14
2,2,burst,193,0.1275829999999587,14
2,2,burst,194,0.47245799999973315,14
2,2,burst,195,0.17258300000003146,14
2,2,burst,196,0.24558299999989686,14
2,2,burst,197,0.222957999999835,14
2,2,burst,198,0.1762909999997646,14
2,2,burst,199,0.12154099999997925,14
2,2,burst,200,0.1127080000001115,14
2,2,burst,201,0.11141700000007404,14
2,2,burst,202,0.10920900000019174,14
2,2,burst,203,0.10987500000010186,14
2,2,burst,204,0.10779099999990649,14
2,2,burst,205,0.10824999999977081,14
2,2,burst,206,0.1075420000001941,14
2,2,burst,207,0.10866699999996854,14
2,2,burst,208,0.11016699999981938,14
2,2,burst,209,0.1066249999998945,14
2,2,burst,210,0.109958000000006,14
2,2,burst,211,0.10591699999986304,14
2,2,burst,212,0.10820899999998801,14
2,2,burst,213,0.1115829999998823,14
2,2,burst,214,0.11625000000003638,14
2,2,burst,215,0.1066249999998945,14
2,2,burst,216,0.10583300000007512,14
2,2,burst,217,0.1071670000001177,14
2,2,burst,218,0.10679100000015751,14
2,2,burst,219,0.10587500000019645,14
2,2,burst,220,0.10750000000007276,14
2,2,burst,221,0.10587500000019645,14
2,2,burst,222,0.10750000000007276,14
2,2,burst,223,0.10612500000024738,14
2,2,burst,224,0.10612499999979264,14
2,2,burst,225,0.10720900000023903,14
2,2,burst,226,0.10762500000009823,14
2,2,burst,227,0.10533299999997325,14
2,2,burst,228,0.10829100000000835,14
2,2,burst,229,0.10695800000030431,14
2,2,burst,230,0.10833300000012969,14
2,2,burst,231,0.11024999999972351,14
2,2,burst,232,0.10695899999973335,14
2,2,burst,233,0.11062499999979991,14
2,2,burst,234,0.10733299999992596,14
2,2,burst,235,0.10558300000002419,14
2,2,burst,236,0.10629100000005565,14
2,2,burst,237,0.10562500000014552,14
2,2,burst,238,0.10791700000027049,14
2,2,burst,239,0.10566700000026685,14
2,2,burst,240,0.10625000000027285,14
2,2,burst,241,0.1060419999998885,14
2,2,burst,242,0.1141669999997248,14
2,2,burst,243,0.10579099999995378,14
2,2,burst,244,0.10583300000007512,14
2,2,burst,245,0.10870800000020608,14
2,2,burst,246,0.10879100000011022,14
2,2,burst,247,0.10799999999971988,14
2,2,burst,248,0.10649999999986903,14
2,2,burst,249,0.11170800000036252,14
2,2,burst,250,0.10833400000001348,14
2,2,burst,251,0.10887500000035288,14
2,2,burst,252,0.10770800000000236,14
2,2,burst,253,0.10775000000012369,14
2,2,burst,254,0.10741600000028484,14
2,2,burst,255,0.10783300000002782,14
2,2,burst,256,0.1112079999998059,14
2,2,burst,257,0.10983299999998053,14
2,2,burst,258,0.10504200000013952,14
2,2,burst,259,0.10695799999984956,14
2,2,burst,260,0.10595800000010058,14
2,2,burst,261,0.10962500000005093,14
2,2,burst,262,0.1068329999998241,14
2,2,burst,263,0.1079160000003867,14
2,2,burst,264,0.10895800000025702,14
2,2,burst,265,0.10941700000012133,14
2,2,burst,266,0.11437499999965439,14
2,2,burst,267,0.10829199999989214,14
2,2,burst,268,0.10970899999983885,14
2,2,burst,269,0.10987500000010186,14
2,2,burst,270,0.11537500000031287,14
2,2,burst,271,0.11037500000020373,14
2,2,burst,272,0.1069590000001881,14
2,2,burst,273,0.11008300000003146,14
2,2,burst,274,0.10824999999977081,14
2,2,burst,275,0.10741599999983009,14
2,2,burst,276,0.11029199999984485,14
2,2,burst,277,0.10829199999989214,14
2,2,burst,278,0.10754099999985556,14
2,2,burst,279,0.10687499999994543,14
2,2,burst,280,0.12308400000028996,14
2,2,burst,281,0.10854199999994307,14
2,2,burst,282,0.11458400000037727,14
2,2,burst,283,0.10837499999979627,14
2,2,burst,284,0.10904100000016115,14
2,2,burst,285,0.1132500000003347,14
2,2,burst,286,0.10891600000013568,14
2,2,burst,287,0.10687499999994543,14
2,2,burst,288,0.11087499999985084,14
2,2,burst,289,0.10874999999987267,14
2,2,burst,290,0.10970799999995506,14
2,2,burst,291,0.1068329999998241,14
2,2,burst,292,0.10879100000011022,14
2,2,burst,293,0.10779199999979028,14
2,2,burst,294,0.10679199999958655,14
2,2,burst,295,0.11058400000001711,14
2,2,burst,296,0.1069999999999709,14
2,2,burst,297,0.1095829999999296,14
2,2,burst,298,0.11150000000043292,14
2,2,burst,299,0.1097500000000764,14
2,2,burst,300,0.10762500000009823,14
2,2,burst,301,0.11004200000024866,14
2,2,burst,302,0.10508299999992232,14
2,2,burst,303,0.10512500000004366,14
2,2,burst,304,0.10987500000010186,14
2,2,burst,305,0.10412500000029468,14
2,2,burst,306,0.1067920000000413,14
2,2,burst,307,0.1119170000001759,14
2,2,burst,308,0.1069999999999709,14
2,2,burst,309,0.10674999999991996,14
2,2,burst,310,0.10512500000004366,14
2,2,burst,311,0.10466700000006313,14
2,2,burst,312,0.10725000000002183,14
2,2,burst,313,0.10583299999962037,14
2,2,burst,314,0.10891600000013568,14
2,2,burst,315,0.10570800000004965,14
2,2,burst,316,0.11170799999990777,14
2,2,burst,317,0.10491599999977552,14
2,2,burst,318,0.10570800000004965,14
2,2,burst,319,0.10591699999986304,14
2,2,burst,320,0.10933399999976245,14
2,2,burst,321,0.10533299999997325,14
2,2,burst,322,0.10612499999979264,14
2,2,burst,323,0.10833400000001348,14
2,2,burst,324,0.10966700000017227,14
2,2,burst,325,0.10829100000000835,14
2,2,burst,326,0.10670800000025338,14
2,2,burst,327,0.10854200000039782,14
2,2,burst,328,0.11191699999972116,14
2,2,burst,329,0.10620799999969677,14
2,2,burst,330,0.10579199999983757,14
2,2,burst,331,18.15433299999995,14
2,2,burst,332,0.19887500000004366,14
2,2,burst,333,0.15354200000001583,14
2,2,burst,334,0.134541999999783,14
2,2,burst,335,0.1463749999998072,14
2,2,burst,336,0.13262499999973443,14
2,2,burst,337,0.12933299999986048,14
2,2,burst,338,0.13258300000006784,14
2,2,burst,339,0.13175000000001091,14
2,2,burst,340,0.13187500000003638,14
2,2,burst,341,0.12695899999971516,14
2,2,burst,342,0.13670799999999872,14
2,2,burst,343,0.13875000000007276,14
2,2,burst,344,0.16737499999999272,14
2,2,burst,345,0.13054200000033234,14
2,2,burst,346,0.11441600000034668,14
2,2,burst,347,0.11475000000018554,14
2,2,burst,348,0.11954199999991033,14
2,2,burst,349,0.11274999999977808,14
2,2,burst,350,0.11049999999977445,14
2,2,burst,351,0.12445800000023155,14
2,2,burst,352,0.11345800000026429,14
2,2,burst,353,0.11066600000003746,14
2,2,burst,354,0.10941700000012133,14
2,2,burst,355,0.11200000000008004,14
2,2,burst,356,0.10833299999967494,14
2,2,burst,357,0.1152500000002874,14
2,2,burst,358,0.10966600000028848,14
2,2,burst,359,0.11004200000024866,14
2,2,burst,360,0.10887499999989814,14
2,2,burst,361,0.10791700000027049,14
2,2,burst,362,0.11358400000017355,14
2,2,burst,363,0.11091699999997218,14
2,2,burst,364,0.10837500000025102,14
2,2,burst,365,0.10804099999995742,14
2,2,burst,366,0.10895800000025702,14
2,2,burst,367,0.1121250000001055,14
2,2,burst,368,0.11662500000011278,14
2,2,burst,369,0.10799999999971988,14
2,2,burst,370,0.11116700000002311,14
2,2,burst,371,0.1143329999999878,14
2,2,burst,372,0.11054199999989578,14
2,2,burst,373,0.10966599999983373,14
2,2,burst,374,0.1073750000000473,14
2,2,burst,375,0.10999999999967258,14
2,2,burst,376,0.11183299999993324,14
2,2,burst,377,0.1099170000002232,14
2,2,burst,378,0.11041699999987031,14
2,2,burst,379,0.10945899999978792,14
2,2,burst,380,0.10825000000022555,14
2,2,burst,381,0.10962500000005093,14
2,2,burst,382,0.11112500000035652,14
2,2,burst,383,0.10874999999987267,14
2,2,burst,384,0.10933299999987867,14
2,2,burst,385,0.11570799999981318,14
2,2,burst,386,0.10795800000005329,14
2,2,burst,387,0.11016699999981938,14
2,2,burst,388,0.10929100000021208,14
2,2,burst,389,0.10629100000005565,14
2,2,burst,390,0.10504100000025574,14
2,2,burst,391,0.10891600000013568,14
2,2,burst,392,0.10812499999974534,14
2,2,burst,393,0.10583300000007512,14
2,2,burst,394,0.10720900000023903,14
2,2,burst,395,0.10762500000009823,14
2,2,burst,396,0.10779100000036124,14
2,2,burst,397,0.10758299999997689,14
2,2,burst,398,0.10741700000016863,14
2,2,burst,399,0.1117090000002463,14
2,2,burst,400,0.11499999999978172,14
2,2,burst,401,0.11008300000003146,14
2,2,burst,402,0.10804099999995742,14
2,2,burst,403,0.11583299999983865,14
2,2,burst,404,0.10999999999967258,14
2,2,burst,405,0.10733299999992596,14
2,2,burst,406,0.11129100000016479,14
2,2,burst,407,0.10970799999995506,14
2,2,burst,408,0.10837500000025102,14
2,2,burst,409,0.10729100000025937,14
2,2,burst,410,0.10924999999997453,14
2,2,burst,411,0.1079160000003867,14
2,2,burst,412,0.10912499999994907,14
2,2,burst,413,0.10837500000025102,14
2,2,burst,414,0.11200000000008004,14
2,2,burst,415,0.1075410000003103,14
2,2,burst,416,0.10633300000017698,14
2,2,burst,417,0.10608300000012605,14
2,2,burst,418,0.11041599999998652,14
2,2,burst,419,0.1089999999999236,14
2,2,burst,420,0.11199999999962529,14
2,2,burst,421,0.10837499999979627,14
2,2,burst,422,0.1092079999998532,14
2,2,burst,423,0.10866600000008475,14
2,2,burst,424,0.10729200000014316,14
2,2,burst,425,0.10791699999981574,14
2,2,burst,426,0.11166700000012497,14
2,2,burst,427,0.10833299999967494,14
2,2,burst,428,0.10683399999970788,14
2,2,burst,429,0.11154199999964476,14
2,2,burst,430,0.10987499999964712,14
2,2,burst,431,0.10625000000027285,14
2,2,burst,432,0.10750000000007276,14
2,2,burst,433,0.10600000000022192,14
2,2,burst,434,0.11116700000002311,14
2,2,burst,435,0.11054100000001199,14
2,2,burst,436,0.10645800000020245,14
2,2,burst,437,0.11279100000001563,14
2,2,burst,438,0.10829199999989214,14
2,2,burst,439,0.10633400000006077,14
2,2,burst,440,0.1067920000000413,14
2,2,burst,441,0.10587500000019645,14
2,2,burst,442,0.10650000000032378,14
2,2,burst,443,0.1121250000001055,14
2,2,burst,444,0.10500000000001819,14
2,2,burst,445,0.10770800000000236,14
2,2,burst,446,0.10708300000032978,14
2,2,burst,447,0.1062499999998181,14
2,2,burst,448,0.10704200000009223,14
2,2,burst,449,0.10520800000040254,14
2,2,burst,450,0.10904100000016115,14
2,2,burst,451,0.10787499999969441,14
2,2,burst,452,0.10820800000010422,14
2,2,burst,453,0.1057079999995949,14
2,2,burst,454,0.10825000000022555,14
2,2,burst,455,0.11087499999985084,14
2,2,burst,456,0.10587500000019645,14
2,2,burst,457,0.11354099999971368,14
2,2,burst,458,0.10633299999972223,14
2,2,burst,459,0.11141700000007404,14
2,2,burst,460,0.10741700000016863,14
2,2,burst,461,0.10970799999995506,14
2,2,burst,462,0.10745799999995143,14
2,2,burst,463,0.10945899999978792,14
2,2,burst,464,0.10787500000014916,14
2,2,burst,465,0.10924999999997453,14
2,2,burst,466,0.10758399999986068,14
2,2,burst,467,0.10812500000020009,14
2,2,burst,468,0.10795800000005329,14
2,2,burst,469,0.11025000000017826,14
2,2,burst,470,0.11029199999984485,14
2,2,burst,471,0.11733400000002803,14
2,2,burst,472,12.830875000000106,14
2,2,burst,473,0.6738749999999527,14
2,2,burst,474,0.19345800000019153,14
2,2,burst,475,0.15804099999968457,14
2,2,burst,476,0.13724999999976717,14
2,2,burst,477,1.064708000000337,14
2,2,burst,478,0.09616700000015044,14
2,2,burst,479,0.06220900000016627,14
2,2,burst,480,0.056749999999738066,14
2,2,burst,481,0.059874999999919964,14
2,2,burst,482,0.05554099999972095,14
2,2,burst,483,0.0527500000002874,14
2,2,burst,484,0.05179100000032122,14
2,2,burst,485,0.06612500000028376,14
2,2,burst,486,0.11920800000007148,14
2,2,burst,487,0.11016700000027413,14
2,2,burst,488,0.11412499999960346,14
2,2,burst,489,0.13058399999999892,14
2,2,burst,490,0.11383299999988594,14
2,2,burst,491,0.10945799999990413,14
2,2,burst,492,0.06833299999971132,14
2,2,burst,493,0.05404099999987011,14
2,2,burst,494,0.05166700000017954,14
2,2,burst,495,0.05070900000009715,14
2,2,burst,496,0.05091600000014296,14
2,2,burst,497,0.050750000000334694,14
2,2,burst,498,0.05154199999969933,14
2,2,burst,499,0.05070800000021336,14
2,2,burst,500,0.05249999999978172,14
2,2,burst,501,0.05166700000017954,14
2,2,burst,502,0.06391600000006292,14
2,2,burst,503,0.10895799999980227,14
2,2,burst,504,0.10749999999961801,14
2,2,burst,505,0.10687499999994543,14
2,2,burst,506,0.10712499999999636,14
2,2,burst,507,0.10691600000018298,14
2,2,burst,508,0.11620799999991505,14
2,2,burst,509,0.11079100000006292,14
2,2,burst,510,0.10787499999969441,14
2,2,burst,511,0.10754099999985556,14
2,2,burst,512,0.10970799999995506,14
2,2,burst,513,10.165667000000212,14
2,2,burst,514,0.23504200000024866,14
2,2,burst,515,0.1750000000001819,14
2,2,burst,516,0.12691700000004857,14
2,2,burst,517,0.12212499999986903,14
2,2,burst,518,0.1145000000001346,14
2,2,burst,519,0.11333300000023883,14
2,2,burst,520,0.12091700000019046,14
2,2,burst,521,0.1130830000001879,14
2,2,burst,522,0.114165999999841,14
2,2,burst,523,0.11504199999990306,14
2,2,burst,524,1.2247499999998581,14
2,2,burst,525,2.3630419999999503,14
2,2,burst,526,0.10216600000012477,14
2,2,burst,527,0.06066700000019409,14
2,2,burst,528,0.056916999999884865,14
2,2,burst,529,0.06037500000002183,14
2,2,burst,530,0.05441700000028504,14
2,2,burst,531,0.05833299999994779,14
2,2,burst,532,0.05591699999968114,14
2,2,burst,533,0.05354200000010678,14
2,2,burst,534,0.053083000000242464,14
2,2,burst,535,0.05229100000042308,14
2,2,burst,536,0.05249999999978172,14
2,2,burst,537,0.05270799999971132,14
2,2,burst,538,0.08808399999998073,14
2,2,burst,539,0.11149999999997817,14
2,2,burst,540,0.11312500000030923,14
2,2,burst,541,0.3191670000001068,14
2,2,burst,542,0.2502089999998134,14
2,2,burst,543,0.13958299999967494,14
2,2,burst,544,0.1474159999997937,14
2,2,burst,545,0.1950000000001637,14
2,2,burst,546,0.12641600000006292,14
2,2,burst,547,0.15708300000005693,14
2,2,burst,548,0.15075000000024374,14
2,2,burst,549,0.114875000000211,14
2,2,burst,550,0.11166600000024118,14
2,2,burst,551,0.11458300000003874,14
2,2,burst,552,0.11183299999993324,14
2,2,burst,553,0.10929200000009587,14
2,2,burst,554,0.11016699999981938,14
2,2,burst,555,0.10974999999962165,14
2,2,burst,556,0.10654199999999037,14
2,2,burst,557,0.11291700000037963,14
2,2,burst,558,0.1073750000000473,14
2,2,burst,559,0.11133299999983137,14
2,2,burst,560,0.10754199999973935,14
2,2,burst,561,0.10841699999991761,14
2,2,burst,562,0.11866599999984828,14
2,2,burst,563,0.11329200000000128,14
2,2,burst,564,0.10787500000014916,14
2,2,burst,565,0.10633299999972223,14
2,2,burst,566,0.10795800000005329,14
2,2,burst,567,0.10825000000022555,14
2,2,burst,568,0.10600000000022192,14
2,2,burst,569,0.10770800000000236,14
2,2,burst,570,0.11104199999999764,14
2,2,burst,571,0.10945800000035888,14
2,2,burst,572,0.10970799999995506,14
2,2,burst,573,0.10558300000002419,14
2,2,burst,574,0.10666700000001583,14
2,2,burst,575,0.10770800000000236,14
2,2,burst,576,0.11004099999991013,14
2,2,burst,577,0.10620799999969677,14
2,2,burst,578,0.10641600000008111,14
2,2,burst,579,0.1145000000001346,14
2,2,burst,580,0.10924999999997453,14
2,2,burst,581,0.10600000000022192,14
2,2,burst,582,0.10779199999979028,14
2,2,burst,583,0.11145799999985684,14
2,2,burst,584,0.10829100000000835,14
2,2,burst,585,0.11095799999975497,14
2,2,burst,586,0.11200000000008004,14
2,2,burst,587,0.10766700000021956,14
2,2,burst,588,0.10750000000007276,14
2,2,burst,589,0.10487499999999272,14
2,2,burst,590,0.10712499999999636,14
2,2,burst,591,0.11008300000003146,14
2,2,burst,592,0.10637499999984357,14
2,2,burst,593,0.10575000000017099,14
2,2,burst,594,0.10716599999977916,14
2,2,burst,595,0.10808300000007875,14
2,2,burst,596,0.10491700000011406,14
2,2,burst,597,0.11129200000004857,14
2,2,burst,598,0.1064169999999649,14
2,2,burst,599,0.1070409999997537,14
2,2,burst,600,0.11216699999977209,14
2,2,burst,601,0.10762499999964348,14
2,2,burst,602,0.10841699999991761,14
2,2,burst,603,0.1079160000003867,14
2,2,burst,604,0.10650000000032378,14
2,2,burst,605,0.10583300000007512,14
2,2,burst,606,0.1102920000002996,14
2,2,burst,607,0.10804100000041217,14
2,2,burst,608,0.10516700000016499,14
2,2,burst,609,0.10683400000016263,14
2,2,burst,610,0.11100000000033106,14
2,2,burst,611,0.10716600000023391,14
2,2,burst,612,0.10595800000010058,14
2,2,burst,613,0.10866699999996854,14
2,2,burst,614,0.11524999999983265,14
2,2,burst,615,0.10749999999961801,14
2,2,burst,616,0.10683399999970788,14
2,2,burst,617,0.10829200000034689,14
2,2,burst,618,0.10612500000024738,14
2,2,burst,619,0.10595800000010058,14
2,2,burst,620,0.11341599999968821,14
2,2,burst,621,0.1123330000000351,14
2,2,burst,622,0.1060829999996713,14
2,2,burst,623,0.10616699999991397,14
2,2,burst,624,0.10508399999980611,14
2,2,burst,625,0.10825000000022555,14
2,2,burst,626,0.10758400000031543,14
2,2,burst,627,0.10483400000020993,14
2,2,burst,628,0.11279199999989942,14
2,2,burst,629,0.1102920000002996,14
2,2,burst,630,0.10712499999999636,14
2,2,burst,631,0.11045899999999165,14
2,2,burst,632,0.11275000000023283,14
2,2,burst,633,0.10666700000001583,14
2,2,burst,634,0.10629199999993943,14
2,2,burst,635,0.10500000000001819,14
2,2,burst,636,0.10491700000011406,14
2,2,burst,637,0.10633300000017698,14
2,2,burst,638,0.1101250000001528,14
2,2,burst,639,0.10537500000009459,14
2,2,burst,640,0.10462499999994179,14
2,2,burst,641,0.10583300000007512,14
2,2,burst,642,0.10933399999976245,14
2,2,burst,643,0.10941700000012133,14
2,2,burst,644,0.10483399999975518,14
2,2,burst,645,0.11016699999981938,14
2,2,burst,646,0.10570800000004965,14
2,2,burst,647,0.12504200000012133,14
2,2,burst,648,0.11904199999980847,14
2,2,burst,649,0.1145409999999174,14
2,2,burst,650,0.11791700000003402,14
2,2,burst,651,0.1279170000002523,14
2,2,burst,652,0.11366700000007768,14
2,2,burst,653,0.11845900000025722,14
2,2,burst,654,0.11683399999992616,14
2,2,burst,655,0.1174580000001697,14
2,2,burst,656,0.11595799999986411,14
2,2,burst,657,0.13974999999982174,14
2,2,burst,658,0.11479099999996834,14
2,2,burst,659,0.11799999999993815,14
2,2,burst,660,0.11333299999978408,14
2,2,burst,661,0.11570900000015172,14
2,2,burst,662,0.11991699999998673,14
2,2,burst,663,0.11795899999970061,14
2,2,burst,664,0.11795899999970061,14
2,2,burst,665,0.11787499999991269,14
2,2,burst,666,0.11637500000006185,14
2,2,burst,667,0.11241699999982302,14
2,2,burst,668,0.12579199999981938,14
2,2,burst,669,0.10779099999990649,14
2,2,burst,670,0.12350000000014916,14
2,2,burst,671,0.1119170000001759,14
2,2,burst,672,0.11929200000031415,14
2,2,burst,673,0.11445899999989706,14
2,2,burst,674,0.12308299999995143,14
2,2,burst,675,0.11816599999974642,14
2,2,burst,676,0.12591599999996106,14
2,2,burst,677,0.10837499999979627,14
2,2,burst,678,0.11645799999996598,14
2,2,burst,679,0.14274999999997817,14
2,2,burst,680,0.16591700000026322,14
2,2,burst,681,0.10908399999971152,14
2,2,burst,682,0.1222090000001117,14
2,2,burst,683,0.11799999999993815,14
2,2,burst,684,0.11608299999988958,14
2,2,burst,685,0.10999999999967258,14
2,2,burst,686,0.12670900000011898,14
2,2,burst,687,0.11495899999999892,14
2,2,burst,688,0.6889169999999467,14
2,2,burst,689,0.12075000000004366,14
2,2,burst,690,5.732708000000002,14
2,2,burst,691,0.14545900000030088,14
2,2,burst,692,0.13608400000020993,14
2,2,burst,693,0.1273750000000291,14
2,2,burst,694,0.13137499999993452,14
2,2,burst,695,0.13041699999985212,14
2,2,burst,696,0.13650000000006912,14
2,2,burst,697,0.13066699999990306,14
2,2,burst,698,0.12816699999984849,14
2,2,burst,699,0.1257500000001528,14
2,2,burst,700,0.12804199999982302,14
2,2,burst,701,0.1482079999996131,14
2,2,burst,702,0.13045800000008967,14
2,2,burst,703,0.12745800000038798,14
2,2,burst,704,4.659458000000086,14
2,2,burst,705,0.1295829999999114,14
2,2,burst,706,0.12308399999983521,14
2,2,burst,707,0.11887499999966167,14
2,2,burst,708,0.11900000000014188,14
2,2,burst,709,0.11200000000008004,14
2,2,burst,710,0.11408299999993687,14
2,2,burst,711,0.1125000000001819,14
2,2,burst,712,0.11249999999972715,14
2,2,burst,713,0.11141700000007404,14
2,2,burst,714,0.11520900000004985,14
2,2,burst,715,0.11229199999979755,14
2,2,burst,716,0.10991599999988466,14
2,2,burst,717,0.11041699999987031,14
2,2,burst,718,0.13183400000025358,14
2,2,burst,719,0.1127080000001115,14
2,2,burst,720,0.11149999999997817,14
2,2,burst,721,0.11045899999999165,14
2,2,burst,722,0.109375,14
2,2,burst,723,0.10979200000019773,14
2,2,burst,724,0.1067920000000413,14
2,2,burst,725,0.1089999999999236,14
2,2,burst,726,0.10750000000007276,14
2,2,burst,727,60.22766599999977,14
2,2,burst,728,0.37133300000004965,14
2,2,burst,729,0.14883299999974042,14
2,2,burst,730,0.34133299999984956,14
2,2,burst,731,0.3617090000002463,14
2,2,burst,732,0.13104099999964092,14
2,2,burst,733,0.14195799999970404,14
2,2,burst,734,15.172207999999955,14
2,2,burst,735,0.16125000000010914,14
2,2,burst,736,0.1459999999997308,14
2,2,burst,737,0.13495899999998073,14
2,2,burst,738,0.12608300000010786,14
2,2,burst,739,0.13495800000009694,14
2,2,burst,740,0.2316249999998945,14
2,2,burst,741,0.12995900000032634,14
2,2,burst,742,0.18383399999993344,14
2,2,burst,743,0.1315839999997479,14
2,2,burst,744,0.2049170000000231,14
2,2,burst,745,0.5262920000000122,14
2,2,burst,746,0.13433299999996962,14
2,2,burst,747,0.141917000000376,14
2,2,burst,748,0.12487499999997453,14
2,2,burst,749,0.13641599999982645,14
2,2,burst,750,0.13158299999986411,14
2,2,burst,751,0.12845799999968222,14
2,2,burst,752,23.43600000000015,14
2,2,burst,753,0.18737499999997453,14
2,2,burst,754,0.16029200000002675,14
2,2,burst,755,0.19591599999967002,14
2,2,burst,756,0.13887500000009823,14
2,2,burst,757,0.12941700000010314,14
2,2,burst,758,0.13770900000008623,14
2,2,burst,759,0.12491700000009587,14
2,2,burst,760,0.12712500000043292,14
2,2,burst,761,1.3951250000000073,14
2,2,burst,762,0.14937499999996362,14
2,2,burst,763,0.11958300000014788,14
2,2,burst,764,0.12258299999984956,14
2,2,burst,765,0.11400000000003274,14
2,2,burst,766,0.1156250000003638,14
2,2,burst,767,0.11245899999994435,14
2,2,burst,768,0.11504199999990306,14
2,2,burst,769,0.1121250000001055,14
2,2,burst,770,0.13083300000016607,14
2,2,burst,771,0.11708299999963856,14
2,2,burst,772,0.11354199999959746,14
2,2,burst,773,0.11454199999980119,14
2,2,burst,774,0.11562499999990905,14
2,2,burst,775,0.11216700000022684,14
2,2,burst,776,0.11687500000016371,14
2,2,burst,777,0.11220800000000963,14
2,2,burst,778,0.11275000000023283,14
2,2,burst,779,0.11191699999972116,14
2,2,burst,780,0.10958399999981339,14
2,2,burst,781,0.11183399999981702,14
2,2,burst,782,0.11354199999959746,14
2,2,burst,783,0.11149999999997817,14
2,2,burst,784,0.10941600000023755,14
2,2,burst,785,0.12308300000040617,14
2,2,burst,786,0.12158300000010058,14
2,2,burst,787,0.11454199999980119,14
2,2,burst,788,0.11045899999999165,14
2,2,burst,789,0.11275000000023283,14
2,2,burst,790,0.11850000000004002,14
2,2,burst,791,0.11033300000008239,14
2,2,burst,792,0.11162500000000364,14
2,2,burst,793,0.11104100000011385,14
2,2,burst,794,0.11187500000005457,14
2,2,burst,795,10.466915999999856,14
2,2,burst,796,0.1744589999998425,14
2,2,burst,797,0.13170800000034433,14
2,2,burst,798,0.13295800000014424,14
2,2,burst,799,0.12691700000004857,14
2,2,burst,800,0.13041699999985212,14
2,2,burst,801,0.1274159999998119,14
2,2,burst,802,0.12962500000003274,14
2,2,burst,803,0.14533300000039162,14
2,2,burst,804,0.13208299999996598,14
2,2,burst,805,0.1358330000002752,14
2,2,burst,806,0.12383300000010422,14
2,2,burst,807,0.12470799999982773,14
2,2,burst,808,0.1253750000000764,14
2,2,burst,809,0.12712499999997817,14
2,2,burst,810,0.12600000000020373,14
2,2,burst,811,0.12545799999998053,14
2,2,burst,812,0.12370800000007875,14
2,2,burst,813,0.12654099999963364,14
2,2,burst,814,0.12841600000001563,14
2,2,burst,815,0.12316699999973935,14
2,2,burst,816,0.12274999999999636,14
2,2,burst,817,0.12733300000036252,14
2,2,burst,818,0.12404200000037235,14
2,2,burst,819,0.12920900000017355,14
2,2,burst,820,0.1222499999998945,14
2,2,burst,821,0.1477909999998701,14
2,2,burst,822,0.2137920000000122,14
2,2,burst,823,0.13316600000007384,14
2,2,burst,824,0.1289999999999054,14
2,2,burst,825,0.1762499999999818,14
2,2,burst,826,0.1391670000002705,14
2,2,burst,827,0.12249999999994543,14
2,2,burst,828,0.11437500000010914,14
2,2,burst,829,0.11770900000010442,14
2,2,burst,830,0.11570900000015172,14
2,2,burst,831,0.11254200000030323,14
2,2,burst,832,0.11349999999993088,14
2,2,burst,833,0.12012499999991633,14
2,2,burst,834,0.11062500000025466,14
2,2,burst,835,0.11091700000042692,14
2,2,burst,836,0.11104199999999764,14
2,2,burst,837,0.1112079999998059,14
2,2,burst,838,0.12441600000011022,14
2,2,burst,839,0.11412500000005821,14
2,2,burst,840,0.11008300000003146,14
2,2,burst,841,0.1121250000001055,14
2,2,burst,842,0.1092079999998532,14
2,2,burst,843,0.10966600000028848,14
2,2,burst,844,0.11037500000020373,14
2,2,burst,845,0.11179200000015044,14
2,2,burst,846,0.11020899999994072,14
2,2,burst,847,0.11320900000009715,14
2,2,burst,848,0.10870799999975134,14
2,2,burst,849,0.11037499999974898,14
2,2,burst,850,0.11137500000040745,14
2,2,burst,851,0.10933300000033341,14
2,2,burst,852,0.11345800000026429,14
2,2,burst,853,0.10929100000021208,14
2,2,burst,854,0.11079199999994671,14
2,2,burst,855,0.11420799999996234,14
2,2,burst,856,0.11304199999995035,14
2,2,burst,857,0.10920900000019174,14
2,2,burst,858,0.10941700000012133,14
2,2,burst,859,0.10962500000005093,14
2,2,burst,860,0.11520799999971132,14
2,2,burst,861,0.10916600000018661,14
2,2,burst,862,0.11295799999970768,14
2,2,burst,863,0.10974999999962165,14
2,2,burst,864,0.1119579999999587,14
2,2,burst,865,0.10704199999963748,14
2,2,burst,866,0.11133399999971516,14
2,2,burst,867,0.10979199999974298,14
2,2,burst,868,0.10983299999998053,14
2,2,burst,869,0.10837499999979627,14
2,2,burst,870,0.1092079999998532,14
2,2,burst,871,0.10904200000004494,14
2,2,burst,872,0.11824999999998909,14
2,2,burst,873,0.10804199999984121,14
2,2,burst,874,0.11037500000020373,14
2,2,burst,875,0.10970899999983885,14
2,2,burst,876,0.11429199999975026,14
2,2,burst,877,0.1101659999999356,14
2,2,burst,878,0.10950000000002547,14
2,2,burst,879,0.10745900000028996,14
2,2,burst,880,0.11354200000005221,14
2,2,burst,881,0.11116700000002311,14
2,2,burst,882,0.1102920000002996,14
2,2,burst,883,0.10924999999997453,14
2,2,burst,884,0.11208399999986796,14
2,2,burst,885,0.10858300000018062,14
2,2,burst,886,0.11141600000019025,14
2,2,burst,887,0.10929200000009587,14
2,2,burst,888,0.10962500000005093,14
2,2,burst,889,0.11279100000001563,14
2,2,burst,890,0.11566700000003038,14
2,2,burst,891,0.10837499999979627,14
2,2,burst,892,0.10983299999998053,14
2,2,burst,893,0.1091670000000704,14
2,2,burst,894,0.1058339999999589,14
2,2,burst,895,0.1071670000001177,14
2,2,burst,896,0.11062500000025466,14
2,2,burst,897,0.11187499999959982,14
2,2,burst,898,0.1062499999998181,14
2,2,burst,899,0.10725000000002183,14
2,2,burst,900,0.1097500000000764,14
2,2,burst,901,0.10683300000027884,14
2,2,burst,902,0.10891700000001947,14
2,2,burst,903,0.11091699999997218,14
2,2,burst,904,0.10779099999990649,14
2,2,burst,905,0.11362499999995634,14
2,2,burst,906,0.11395900000024994,14
2,2,burst,907,0.11129200000004857,14
2,2,burst,908,0.109375,14
2,2,burst,909,0.10924999999997453,14
2,2,burst,910,0.10966599999983373,14
2,2,burst,911,0.11087499999985084,14
2,2,burst,912,0.10908299999982773,14
2,2,burst,913,0.1092079999998532,14
2,2,burst,914,0.10908299999982773,14
2,2,burst,915,0.11262500000020736,14
2,2,burst,916,0.10804199999984121,14
2,2,burst,917,0.10812499999974534,14
2,2,burst,918,0.10954099999980826,14
2,2,burst,919,0.11341700000002675,14
2,2,burst,920,0.1091670000000704,14
2,2,burst,921,0.11124999999992724,14
2,2,burst,922,0.10895800000025702,14
2,2,burst,923,0.1156660000001466,14
2,2,burst,924,0.10795800000005329,14
2,2,burst,925,0.10870799999975134,14
2,2,burst,926,0.10891700000001947,14
2,2,burst,927,0.11091600000008839,14
2,2,burst,928,0.10866699999996854,14
2,2,burst,929,0.10924999999997453,14
2,2,burst,930,0.11000000000012733,14
2,2,burst,931,0.11166599999978644,14
2,2,burst,932,0.10679099999970276,14
2,2,burst,933,0.11387500000000728,14
2,2,burst,934,0.11166700000012497,14
2,2,burst,935,0.10945900000024267,14
2,2,burst,936,0.10637499999984357,14
2,2,burst,937,0.10758299999997689,14
2,2,burst,938,0.10800000000017462,14
2,2,burst,939,0.11095800000020972,14
2,2,burst,940,0.10958399999981339,14
2,2,burst,941,0.11149999999997817,14
2,2,burst,942,0.1060829999996713,14
2,2,burst,943,0.1101250000001528,14
2,2,burst,944,0.10770800000000236,14
2,2,burst,945,0.10670899999968242,14
2,2,burst,946,0.10887499999989814,14
2,2,burst,947,11.454332999999679,14
2,2,burst,948,0.22399999999970532,14
2,2,burst,949,0.3091669999998885,14
2,2,burst,950,0.1781660000001466,14
2,2,burst,951,0.1330830000001697,14
2,2,burst,952,0.12974999999960346,14
2,2,burst,953,0.14208300000018426,14
2,2,burst,954,0.1266249999998763,14
2,2,burst,955,0.12808399999994435,14
2,2,burst,956,0.12533399999983885,14
2,2,burst,957,0.12249999999994543,14
2,2,burst,958,0.14975000000004002,14
2,2,burst,959,0.12433400000008987,14
2,2,burst,960,0.12587500000017826,14
2,2,burst,961,0.12408300000015515,14
2,2,burst,962,0.1361669999996593,14
2,2,burst,963,0.12337499999966894,14
2,2,burst,964,0.15525000000025102,14
2,2,burst,965,0.12691700000004857,14
2,2,burst,966,1.0950410000000375,14
2,2,burst,967,0.157542000000376,14
2,2,burst,968,0.13066600000001927,14
2,2,burst,969,0.1289999999999054,14
2,2,burst,970,0.21216599999979735,14
2,2,burst,971,0.13133299999981318,14
2,2,burst,972,0.11520800000016607,14
2,2,burst,973,0.11283299999968222,14
2,2,burst,974,0.11733300000014424,14
2,2,burst,975,0.10966700000017227,14
2,2,burst,976,0.13212499999963256,14
2,2,burst,977,0.11287499999980355,14
2,2,burst,978,0.11324999999987995,14
2,2,burst,979,0.10941600000023755,14
2,2,burst,980,0.11208299999998417,14
2,2,burst,981,0.1095829999999296,14
2,2,burst,982,0.11124999999992724,14
2,2,burst,983,0.11220800000000963,14
2,2,burst,984,0.11054199999989578,14
2,2,burst,985,0.1091670000000704,14
2,2,burst,986,0.11087500000030559,14
2,2,burst,987,0.10995899999988978,14
2,2,burst,988,0.10841699999991761,14
2,2,burst,989,0.11062499999979991,14
2,2,burst,990,0.1117500000000291,14
2,2,burst,991,0.11116700000002311,14
2,2,burst,992,0.11029199999984485,14
2,2,burst,993,0.11279200000035416,14
2,2,burst,994,0.11116600000013932,14
2,2,burst,995,0.10750000000007276,14
2,2,burst,996,0.10783399999991161,14
2,2,burst,997,0.10529200000019046,14
2,2,burst,998,0.10841699999991761,14
2,2,burst,999,0.10633400000006077,14
2,4,idle,0,0.0022910000002411834,0
2,4,idle,1,0.0025829999999587017,0
2,4,idle,2,0.0018750000003819878,0
2,4,idle,3,0.001833000000260654,0
2,4,idle,4,0.0019999999999527063,0
2,4,idle,5,0.0017920000000231084,0
2,4,idle,6,0.003125000000181899,0
2,4,idle,7,0.001958999999715161,0
2,4,idle,8,0.0019170000000485743,0
2,4,idle,9,0.0019170000000485743,0
2,4,idle,10,0.0034160000000156288,0
2,4,idle,11,0.0028330000000096334,0
2,4,idle,12,0.0018329999998059066,0
2,4,idle,13,0.00179100000013932,0
2,4,idle,14,0.001833000000260654,0
2,4,idle,15,0.0018749999999272404,0
2,4,idle,16,0.0023339999997915584,0
2,4,idle,17,0.0019999999999527063,0
2,4,idle,18,0.00179100000013932,0
2,4,idle,19,0.0019579999998313724,0
2,4,idle,20,0.0019170000000485743,0
2,4,idle,21,0.0032920000003286987,0
2,4,idle,22,0.0018749999999272404,0
2,4,idle,23,0.0018340000001444423,0
2,4,idle,24,0.0018340000001444423,0
2,4,idle,25,0.0019170000000485743,0
2,4,idle,26,0.0018340000001444423,0
2,4,idle,27,0.0025829999999587017,0
2,4,idle,28,0.001833000000260654,0
2,4,idle,29,0.0019579999998313724,0
2,4,idle,30,0.001916999999593827,0
2,4,idle,31,0.0024160000002666493,0
2,4,idle,32,0.0023330000003625173,0
2,4,idle,33,0.002292000000124972,0
2,4,idle,34,0.0018750000003819878,0
2,4,idle,35,0.0020830000003115856,0
2,4,idle,36,0.0019999999999527063,0
2,4,idle,37,0.002458000000387983,0
2,4,idle,38,0.002540999999837368,0
2,4,idle,39,0.00204200000007404,0
2,4,idle,40,0.0018340000001444423,0
2,4,idle,41,0.001833999999689695,0
2,4,idle,42,0.002207999999882304,0
2,4,idle,43,0.001833000000260654,0
2,4,idle,44,0.0029589999999188876,0
2,4,idle,45,0.0018749999999272404,0
2,4,idle,46,0.0019580000002861198,0
2,4,idle,47,0.001833000000260654,0
2,4,idle,48,0.002541000000292115,0
2,4,idle,49,0.0019160000001647859,0
2,4,idle,50,0.0019170000000485743,0
2,4,idle,51,0.0018749999999272404,0
2,4,idle,52,0.0018340000001444423,0
2,4,idle,53,0.0024170000001504377,0
2,4,idle,54,0.0026250000000800355,0
2,4,idle,55,0.0025829999999587017,0
2,4,idle,56,0.001916999999593827,0
2,4,idle,57,0.0019170000000485743,0
2,4,idle,58,0.00233299999990777,0
2,4,idle,59,0.002666000000317581,0
2,4,idle,60,0.00179100000013932,0
2,4,idle,61,0.0018749999999272404,0
2,4,idle,62,0.0018329999998059066,0
2,4,idle,63,0.002290999999786436,0
2,4,idle,64,0.0019999999999527063,0
2,4,idle,65,0.0019579999998313724,0
2,4,idle,66,0.0018749999999272404,0
2,4,idle,67,0.0019170000000485743,0
2,4,idle,68,0.0019170000000485743,0
2,4,idle,69,0.0030839999999443535,0
2,4,idle,70,0.001959000000169908,0
2,4,idle,71,0.0019170000000485743,0
2,4,idle,72,0.0019999999999527063,0
2,4,idle,73,0.0018749999999272404,0
2,4,idle,74,0.0024169999996956903,0
2,4,idle,75,0.0019170000000485743,0
2,4,idle,76,0.0019170000000485743,0
2,4,idle,77,0.0018750000003819878,0
2,4,idle,78,0.0018340000001444423,0
2,4,idle,79,0.002375000000029104,0
2,4,idle,80,0.0019579999998313724,0
2,4,idle,81,0.0019159999997100385,0
2,4,idle,82,0.0018329999998059066,0
2,4,idle,83,0.0019170000000485743,0
2,4,idle,84,0.001833999999689695,0
2,4,idle,85,0.002250000000003638,0
2,4,idle,86,0.0018750000003819878,0
2,4,idle,87,0.0019160000001647859,0
2,4,idle,88,0.0028330000000096334,0
2,4,idle,89,0.002583000000413449,0
2,4,idle,90,0.0028330000000096334,0
2,4,idle,91,0.0027909999998882995,0
2,4,idle,92,0.0021669999996447586,0
2,4,idle,93,0.0018749999999272404,0
2,4,idle,94,0.0019170000000485743,0
2,4,idle,95,0.00220900000022084,0
2,4,idle,96,0.0019579999998313724,0
2,4,idle,97,0.0019579999998313724,0
2,4,idle,98,0.0018749999999272404,0
2,4,idle,99,0.0018749999999272404,0
2,4,idle,100,0.002292000000124972,0
2,4,idle,101,0.0025420000001759036,0
2,4,idle,102,0.0019170000000485743,0
2,4,idle,103,0.001833999999689695,0
2,4,idle,104,0.001833999999689695,0
2,4,idle,105,0.001916999999593827,0
2,4,idle,106,0.0027500000001055014,0
2,4,idle,107,0.0023330000003625173,0
2,4,idle,108,0.001833000000260654,0
2,4,idle,109,0.0019170000000485743,0
2,4,idle,110,0.001959000000169908,0
2,4,idle,111,0.002375000000029104,0
2,4,idle,112,0.0018329999998059066,0
2,4,idle,113,0.0019999999999527063,0
2,4,idle,114,0.002250000000003638,0
2,4,idle,115,0.0018749999999272404,0
2,4,idle,116,0.0025420000001759036,0
2,4,idle,117,0.0018749999999272404,0
2,4,idle,118,0.0018750000003819878,0
2,4,idle,119,0.0018749999999272404,0
2,4,idle,120,0.0018329999998059066,0
2,4,idle,121,0.002167000000099506,0
2,4,idle,122,0.002084000000195374,0
2,4,idle,123,0.0019170000000485743,0
2,4,idle,124,0.0018749999999272404,0
2,4,idle,125,0.0022919999996702245,0
2,4,idle,126,0.0018340000001444423,0
2,4,idle,127,0.0024589999998170242,0
2,4,idle,128,0.001958999999715161,0
2,4,idle,129,0.0019170000000485743,0
2,4,idle,130,0.0019999999999527063,0
2,4,idle,131,0.0018749999999272404,0
2,4,idle,132,0.003083000000060565,0
2,4,idle,133,0.0019170000000485743,0
2,4,idle,134,0.0018749999999272404,0
2,4,idle,135,0.001916999999593827,0
2,4,idle,136,0.0017920000000231084,0
2,4,idle,137,0.002250000000003638,0
2,4,idle,138,0.0018329999998059066,0
2,4,idle,139,0.0018749999999272404,0
2,4,idle,140,0.0019160000001647859,0
2,4,idle,141,0.0019999999999527063,0
2,4,idle,142,0.0024160000002666493,0
2,4,idle,143,0.002124999999978172,0
2,4,idle,144,0.002124999999978172,0
2,4,idle,145,0.0018329999998059066,0
2,4,idle,146,0.0019160000001647859,0
2,4,idle,147,0.0018749999999272404,0
2,4,idle,148,0.0024160000002666493,0
2,4,idle,149,0.0019999999999527063,0
2,4,idle,150,0.0018340000001444423,0
2,4,idle,151,0.0019579999998313724,0
2,4,idle,152,0.0018749999999272404,0
2,4,idle,153,0.0025000000000545697,0
2,4,idle,154,0.0017920000000231084,0
2,4,idle,155,0.0018749999999272404,0
2,4,idle,156,0.0018329999998059066,0
2,4,idle,157,0.001833999999689695,0
2,4,idle,158,0.002292000000124972,0
2,4,idle,159,0.001958999999715161,0
2,4,idle,160,0.0019170000000485743,0
2,4,idle,161,0.0018340000001444423,0
2,4,idle,162,0.002250000000003638,0
2,4,idle,163,0.002415999999811902,0
2,4,idle,164,0.0024160000002666493,0
2,4,idle,165,0.0018749999999272404,0
2,4,idle,166,0.0017920000000231084,0
2,4,idle,167,0.0018329999998059066,0
2,4,idle,168,0.002250000000003638,0
2,4,idle,169,0.002375000000029104,0
2,4,idle,170,0.002207999999882304,0
2,4,idle,171,0.0018340000001444423,0
2,4,idle,172,0.0019170000000485743,0
2,4,idle,173,0.0019170000000485743,0
2,4,idle,174,0.002292000000124972,0
2,4,idle,175,0.001959000000169908,0
2,4,idle,176,0.0019999999999527063,0
2,4,idle,177,0.0019159999997100385,0
2,4,idle,178,0.0019170000000485743,0
2,4,idle,179,0.0023749999995743565,0
2,4,idle,180,0.0019999999999527063,0
2,4,idle,181,0.0018329999998059066,0
2,4,idle,182,0.0018749999999272404,0
2,4,idle,183,0.0017920000000231084,0
2,4,idle,184,0.001959000000169908,0
2,4,idle,185,0.002167000000099506,0
2,4,idle,186,0.0019170000000485743,0
2,4,idle,187,0.0018340000001444423,0
2,4,idle,188,0.0019170000000485743,0
2,4,idle,189,0.0018329999998059066,0
2,4,idle,190,0.0022919999996702245,0
2,4,idle,191,0.001916999999593827,0
2,4,idle,192,0.0019170000000485743,0
2,4,idle,193,0.0019580000002861198,0
2,4,idle,194,0.0019580000002861198,0
2,4,idle,195,0.0028339999998934218,0
2,4,idle,196,0.0019170000000485743,0
2,4,idle,197,0.0017920000000231084,0
2,4,idle,198,0.0021660000002157176,0
2,4,idle,199,0.0025000000000545697,0
2,4,idle,200,0.002375000000029104,0
2,4,idle,201,0.0018749999999272404,0
2,4,idle,202,0.0020829999998568383,0
2,4,idle,203,0.0018749999999272404,0
2,4,idle,204,0.0018329999998059066,0
2,4,idle,205,0.001959000000169908,0
2,4,idle,206,0.00220900000022084,0
2,4,idle,207,0.0018749999999272404,0
2,4,idle,208,0.0017920000000231084,0
2,4,idle,209,0.0019580000002861198,0
2,4,idle,210,0.0018750000003819878,0
2,4,idle,211,0.0022910000002411834,0
2,4,idle,212,0.0017920000000231084,0
2,4,idle,213,0.0018749999999272404,0
2,4,idle,214,0.0019999999999527063,0
2,4,idle,215,0.002084000000195374,0
2,4,idle,216,0.002292000000124972,0
2,4,idle,217,0.0017920000000231084,0
2,4,idle,218,0.001959000000169908,0
2,4,idle,219,0.0017920000000231084,0
2,4,idle,220,0.0017920000000231084,0
2,4,idle,221,0.0022919999996702245,0
2,4,idle,222,0.001833999999689695,0
2,4,idle,223,0.00258399999984249,0
2,4,idle,224,0.001833999999689695,0
2,4,idle,225,0.0018749999999272404,0
2,4,idle,226,0.0019999999999527063,0
2,4,idle,227,0.00287499999967622,0
2,4,idle,228,0.001916999999593827,0
2,4,idle,229,0.0017499999999017746,0
2,4,idle,230,0.002290999999786436,0
2,4,idle,231,0.0019170000000485743,0
2,4,idle,232,0.002250000000003638,0
2,4,idle,233,0.0030829999996058177,0
2,4,idle,234,0.00179100000013932,0
2,4,idle,235,0.0019160000001647859,0
2,4,idle,236,0.002541000000292115,0
2,4,idle,237,0.0024169999996956903,0
2,4,idle,238,0.001833999999689695,0
2,4,idle,239,0.0018340000001444423,0
2,4,idle,240,0.0019170000000485743,0
2,4,idle,241,0.0018749999999272404,0
2,4,idle,242,0.002167000000099506,0
2,4,idle,243,0.0018749999999272404,0
2,4,idle,244,0.0018749999999272404,0
2,4,idle,245,0.0019160000001647859,0
2,4,idle,246,0.0019580000002861198,0
2,4,idle,247,0.0019580000002861198,0
2,4,idle,248,0.0022910000002411834,0
2,4,idle,249,0.0018749999999272404,0
2,4,idle,250,0.0018750000003819878,0
2,4,idle,251,0.0017499999999017746,0
2,4,idle,252,0.0018329999998059066,0
2,4,idle,253,0.00233299999990777,0
2,4,idle,254,0.0019170000000485743,0
2,4,idle,255,0.0024999999995998223,0
2,4,idle,256,0.0019160000001647859,0
2,4,idle,257,0.001833000000260654,0
2,4,idle,258,0.0029580000000350992,0
2,4,idle,259,0.0019999999999527063,0
2,4,idle,260,0.0018749999999272404,0
2,4,idle,261,0.001916999999593827,0
2,4,idle,262,0.0024169999996956903,0
2,4,idle,263,0.0023339999997915584,0
2,4,idle,264,0.0018750000003819878,0
2,4,idle,265,0.001833000000260654,0
2,4,idle,266,0.001916999999593827,0
2,4,idle,267,0.0017920000000231084,0
2,4,idle,268,0.0019579999998313724,0
2,4,idle,269,0.00220900000022084,0
2,4,idle,270,0.001959000000169908,0
2,4,idle,271,0.0017090000001189765,0
2,4,idle,272,0.001833000000260654,0
2,4,idle,273,0.0026250000000800355,0
2,4,idle,274,0.002290999999786436,0
2,4,idle,275,0.0017920000000231084,0
2,4,idle,276,0.0018749999999272404,0
2,4,idle,277,0.0019170000000485743,0
2,4,idle,278,0.0019170000000485743,0
2,4,idle,279,0.0023330000003625173,0
2,4,idle,280,0.001833000000260654,0
2,4,idle,281,0.0019999999999527063,0
2,4,idle,282,0.00233299999990777,0
2,4,idle,283,0.0017920000000231084,0
2,4,idle,284,0.0018340000001444423,0
2,4,idle,285,0.002250000000003638,0
2,4,idle,286,0.0025000000000545697,0
2,4,idle,287,0.0018749999999272404,0
2,4,idle,288,0.0019170000000485743,0
2,4,idle,289,0.0019579999998313724,0
2,4,idle,290,0.002959000000373635,0
2,4,idle,291,0.0019170000000485743,0
2,4,idle,292,0.002375000000029104,0
2,4,idle,293,0.0059160000000701984,0
2,4,idle,294,0.002124999999978172,0
2,4,idle,295,0.002292000000124972,0
2,4,idle,296,0.002375000000029104,0
2,4,idle,297,0.0018749999999272404,0
2,4,idle,298,0.0018749999999272404,0
2,4,idle,299,0.0017920000000231084,0
2,4,idle,300,0.0022919999996702245,0
2,4,idle,301,0.0019579999998313724,0
2,4,idle,302,0.001833000000260654,0
2,4,idle,303,0.001833000000260654,0
2,4,idle,304,0.0019170000000485743,0
2,4,idle,305,0.0018749999999272404,0
2,4,idle,306,0.0024170000001504377,0
2,4,idle,307,0.0019170000000485743,0
2,4,idle,308,0.0018749999999272404,0
2,4,idle,309,0.005874999999832653,0
2,4,idle,310,0.0020839999997406267,0
2,4,idle,311,0.0024589999998170242,0
2,4,idle,312,0.002124999999978172,0
2,4,idle,313,0.0017920000000231084,0
2,4,idle,314,0.0018329999998059066,0
2,4,idle,315,0.0017920000000231084,0
2,4,idle,316,0.00233299999990777,0
2,4,idle,317,0.0018750000003819878,0
2,4,idle,318,0.001959000000169908,0
2,4,idle,319,0.0019170000000485743,0
2,4,idle,320,0.0018749999999272404,0
2,4,idle,321,0.0031249999997271516,0
2,4,idle,322,0.0018749999999272404,0
2,4,idle,323,0.0017920000000231084,0
2,4,idle,324,0.00179100000013932,0
2,4,idle,325,0.0018329999998059066,0
2,4,idle,326,0.0018749999999272404,0
2,4,idle,327,0.002292000000124972,0
2,4,idle,328,0.0017920000000231084,0
2,4,idle,329,0.0018340000001444423,0
2,4,idle,330,0.0018340000001444423,0
2,4,idle,331,0.0019170000000485743,0
2,4,idle,332,0.00233299999990777,0
2,4,idle,333,0.002124999999978172,0
2,4,idle,334,0.0018329999998059066,0
2,4,idle,335,0.0018329999998059066,0
2,4,idle,336,0.002250000000003638,0
2,4,idle,337,0.002791999999772088,0
2,4,idle,338,0.0018749999999272404,0
2,4,idle,339,0.001959000000169908,0
2,4,idle,340,0.001916999999593827,0
2,4,idle,341,0.0019160000001647859,0
2,4,idle,342,0.002250000000003638,0
2,4,idle,343,0.0019160000001647859,0
2,4,idle,344,0.00204200000007404,0
2,4,idle,345,0.0019999999999527063,0
2,4,idle,346,0.0024169999996956903,0
2,4,idle,347,0.0018749999999272404,0
2,4,idle,348,0.002457999999933236,0
2,4,idle,349,0.0020829999998568383,0
2,4,idle,350,0.0025829999999587017,0
2,4,idle,351,0.0019999999999527063,0
2,4,idle,352,0.0019170000000485743,0
2,4,idle,353,0.0029159999999137654,0
2,4,idle,354,0.002458000000387983,0
2,4,idle,355,0.0019170000000485743,0
2,4,idle,356,0.0018749999999272404,0
2,4,idle,357,0.0018749999999272404,0
2,4,idle,358,0.002375000000029104,0
2,4,idle,359,0.002375000000029104,0
2,4,idle,360,0.0019170000000485743,0
2,4,idle,361,0.0019580000002861198,0
2,4,idle,362,0.0018340000001444423,0
2,4,idle,363,0.002292000000124972,0
2,4,idle,364,0.0019579999998313724,0
2,4,idle,365,0.0018329999998059066,0
2,4,idle,366,0.002250000000003638,0
2,4,idle,367,0.00233299999990777,0
2,4,idle,368,0.0019170000000485743,0
2,4,idle,369,0.0023340000002463057,0
2,4,idle,370,0.001959000000169908,0
2,4,idle,371,0.0017920000000231084,0
2,4,idle,372,0.0018749999999272404,0
2,4,idle,373,0.0017920000000231084,0
2,4,idle,374,0.0025000000000545697,0
2,4,idle,375,0.00204200000007404,0
2,4,idle,376,0.0017499999999017746,0
2,4,idle,377,0.0018329999998059066,0
2,4,idle,378,0.0018749999999272404,0
2,4,idle,379,0.0021659999997609702,0
2,4,idle,380,0.0017920000000231084,0
2,4,idle,381,0.0025000000000545697,0
2,4,idle,382,0.0019160000001647859,0
2,4,idle,383,0.002540999999837368,0
2,4,idle,384,0.0025829999999587017,0
2,4,idle,385,0.002457999999933236,0
2,4,idle,386,0.00204200000007404,0
2,4,idle,387,0.0017920000000231084,0
2,4,idle,388,0.0018749999999272404,0
2,4,idle,389,0.002292000000124972,0
2,4,idle,390,0.002375000000029104,0
2,4,idle,391,0.0018329999998059066,0
2,4,idle,392,0.0018749999999272404,0
2,4,idle,393,0.001750000000356522,0
2,4,idle,394,0.001833000000260654,0
2,4,idle,395,0.0025829999999587017,0
2,4,idle,396,0.0019580000002861198,0
2,4,idle,397,0.0019160000001647859,0
2,4,idle,398,0.0019170000000485743,0
2,4,idle,399,0.001959000000169908,0
2,4,idle,400,0.002250000000003638,0
2,4,idle,401,0.0018329999998059066,0
2,4,idle,402,0.0017920000000231084,0
2,4,idle,403,0.0017920000000231084,0
2,4,idle,404,0.0019160000001647859,0
2,4,idle,405,0.001916999999593827,0
2,4,idle,406,0.002375000000029104,0
2,4,idle,407,0.001750000000356522,0
2,4,idle,408,0.0017920000000231084,0
2,4,idle,409,0.0019160000001647859,0
2,4,idle,410,0.0018329999998059066,0
2,4,idle,411,0.002207999999882304,0
2,4,idle,412,0.0020829999998568383,0
2,4,idle,413,0.0017909999996845727,0
2,4,idle,414,0.0017920000000231084,0
2,4,idle,415,0.001833999999689695,0
2,4,idle,416,0.003541999999924883,0
2,4,idle,417,0.0018749999999272404,0
2,4,idle,418,0.0020829999998568383,0
2,4,idle,419,0.0018329999998059066,0
2,4,idle,420,0.002250000000003638,0
2,4,idle,421,0.002250000000003638,0
2,4,idle,422,0.00233299999990777,0
2,4,idle,423,0.0018749999999272404,0
2,4,idle,424,0.0019170000000485743,0
2,4,idle,425,0.0018749999999272404,0
2,4,idle,426,0.0020000000004074536,0
2,4,idle,427,0.0024160000002666493,0
2,4,idle,428,0.0019170000000485743,0
2,4,idle,429,0.0017920000000231084,0
2,4,idle,430,0.002458000000387983,0
2,4,idle,431,0.001833000000260654,0
2,4,idle,432,0.0024170000001504377,0
2,4,idle,433,0.0019160000001647859,0
2,4,idle,434,0.0019579999998313724,0
2,4,idle,435,0.0017499999999017746,0
2,4,idle,436,0.0019579999998313724,0
2,4,idle,437,0.002375000000029104,0
2,4,idle,438,0.0018749999999272404,0
2,4,idle,439,0.0018340000001444423,0
2,4,idle,440,0.001958999999715161,0
2,4,idle,441,0.0017920000000231084,0
2,4,idle,442,0.002375000000029104,0
2,4,idle,443,0.0018749999999272404,0
2,4,idle,444,0.0020839999997406267,0
2,4,idle,445,0.0018749999999272404,0
2,4,idle,446,0.0019999999999527063,0
2,4,idle,447,0.0025000000000545697,0
2,4,idle,448,0.0023340000002463057,0
2,4,idle,449,0.0024170000001504377,0
2,4,idle,450,0.0017920000000231084,0
2,4,idle,451,0.0019159999997100385,0
2,4,idle,452,0.0019579999998313724,0
2,4,idle,453,0.002250000000003638,0
2,4,idle,454,0.0018340000001444423,0
2,4,idle,455,0.0017920000000231084,0
2,4,idle,456,0.0024999999995998223,0
2,4,idle,457,0.001833000000260654,0
2,4,idle,458,0.0023330000003625173,0
2,4,idle,459,0.0019160000001647859,0
2,4,idle,460,0.0019160000001647859,0
2,4,idle,461,0.001833000000260654,0
2,4,idle,462,0.0018750000003819878,0
2,4,idle,463,0.002292000000124972,0
2,4,idle,464,0.0019170000000485743,0
2,4,idle,465,0.0019579999998313724,0
2,4,idle,466,0.0017909999996845727,0
2,4,idle,467,0.0025829999999587017,0
2,4,idle,468,0.00204200000007404,0
2,4,idle,469,0.00233299999990777,0
2,4,idle,470,0.0019579999998313724,0
2,4,idle,471,0.0018329999998059066,0
2,4,idle,472,0.0019160000001647859,0
2,4,idle,473,0.0019580000002861198,0
2,4,idle,474,0.002292000000124972,0
2,4,idle,475,0.001833999999689695,0
2,4,idle,476,0.0018749999999272404,0
2,4,idle,477,0.001833000000260654,0
2,4,idle,478,0.0026250000000800355,0
2,4,idle,479,0.0029169999997975538,0
2,4,idle,480,0.001833000000260654,0
2,4,idle,481,0.001833000000260654,0
2,4,idle,482,0.0018749999999272404,0
2,4,idle,483,0.0018340000001444423,0
2,4,idle,484,0.0019170000000485743,0
2,4,idle,485,0.0025000000000545697,0
2,4,idle,486,0.0018749999999272404,0
2,4,idle,487,0.0019999999999527063,0
2,4,idle,488,0.0018749999999272404,0
2,4,idle,489,0.0018750000003819878,0
2,4,idle,490,0.002415999999811902,0
2,4,idle,491,0.0019579999998313724,0
2,4,idle,492,0.0017499999999017746,0
2,4,idle,493,0.0026659999998628336,0
2,4,idle,494,0.0018749999999272404,0
2,4,idle,495,0.0021669999996447586,0
2,4,idle,496,0.001958999999715161,0
2,4,idle,497,0.0017920000000231084,0
2,4,idle,498,0.00179100000013932,0
2,4,idle,499,0.0017920000000231084,0
2,4,idle,500,0.00220900000022084,0
2,4,idle,501,0.00204200000007404,0
2,4,idle,502,0.0018340000001444423,0
2,4,idle,503,0.0017920000000231084,0
2,4,idle,504,0.0017920000000231084,0
2,4,idle,505,0.0019160000001647859,0
2,4,idle,506,0.0022910000002411834,0
2,4,idle,507,0.0020829999998568383,0
2,4,idle,508,0.0019999999999527063,0
2,4,idle,509,0.00204200000007404,0
2,4,idle,510,0.002375000000029104,0
2,4,idle,511,0.00233299999990777,0
2,4,idle,512,0.0019579999998313724,0
2,4,idle,513,0.0025829999999587017,0
2,4,idle,514,0.0018749999999272404,0
2,4,idle,515,0.0019580000002861198,0
2,4,idle,516,0.00233299999990777,0
2,4,idle,517,0.0020000000004074536,0
2,4,idle,518,0.0018340000001444423,0
2,4,idle,519,0.0018749999999272404,0
2,4,idle,520,0.0017920000000231084,0
2,4,idle,521,0.0022499999995488906,0
2,4,idle,522,0.00179100000013932,0
2,4,idle,523,0.0017920000000231084,0
2,4,idle,524,0.001833999999689695,0
2,4,idle,525,0.0018749999999272404,0
2,4,idle,526,0.0018749999999272404,0
2,4,idle,527,0.002250000000003638,0
2,4,idle,528,0.0018340000001444423,0
2,4,idle,529,0.0023340000002463057,0
2,4,idle,530,0.0019999999999527063,0
2,4,idle,531,0.0018749999999272404,0
2,4,idle,532,0.0025000000000545697,0
2,4,idle,533,0.002457999999933236,0
2,4,idle,534,0.0018750000003819878,0
2,4,idle,535,0.001959000000169908,0
2,4,idle,536,0.0019170000000485743,0
2,4,idle,537,0.002207999999882304,0
2,4,idle,538,0.0017909999996845727,0
2,4,idle,539,0.001833000000260654,0
2,4,idle,540,0.0022910000002411834,0
2,4,idle,541,0.0018749999999272404,0
2,4,idle,542,0.00287499999967622,0
2,4,idle,543,0.001833000000260654,0
2,4,idle,544,0.00204200000007404,0
2,4,idle,545,0.001833999999689695,0
2,4,idle,546,0.0017499999999017746,0
2,4,idle,547,0.0019160000001647859,0
2,4,idle,548,0.0025000000000545697,0
2,4,idle,549,0.0019580000002861198,0
2,4,idle,550,0.0017920000000231084,0
2,4,idle,551,0.001959000000169908,0
2,4,idle,552,0.0019170000000485743,0
2,4,idle,553,0.00233299999990777,0
2,4,idle,554,0.0017920000000231084,0
2,4,idle,555,0.001833000000260654,0
2,4,idle,556,0.00204200000007404,0
2,4,idle,557,0.001833999999689695,0
2,4,idle,558,0.002167000000099506,0
2,4,idle,559,0.0018750000003819878,0
2,4,idle,560,0.0017920000000231084,0
2,4,idle,561,0.0018329999998059066,0
2,4,idle,562,0.0018749999999272404,0
2,4,idle,563,0.0023340000002463057,0
2,4,idle,564,0.0018750000003819878,0
2,4,idle,565,0.002457999999933236,0
2,4,idle,566,0.0019580000002861198,0
2,4,idle,567,0.001833000000260654,0
2,4,idle,568,0.0019580000002861198,0
2,4,idle,569,0.002207999999882304,0
2,4,idle,570,0.002250000000003638,0
2,4,idle,571,0.0018749999999272404,0
2,4,idle,572,0.0018749999999272404,0
2,4,idle,573,0.00287499999967622,0
2,4,idle,574,0.0024169999996956903,0
2,4,idle,575,0.001833000000260654,0
2,4,idle,576,0.0018749999999272404,0
2,4,idle,577,0.0017920000000231084,0
2,4,idle,578,0.0018749999999272404,0
2,4,idle,579,0.002250000000003638,0
2,4,idle,580,0.0019159999997100385,0
2,4,idle,581,0.0019170000000485743,0
2,4,idle,582,0.002457999999933236,0
2,4,idle,583,0.0018749999999272404,0
2,4,idle,584,0.0019999999999527063,0
2,4,idle,585,0.0023339999997915584,0
2,4,idle,586,0.001959000000169908,0
2,4,idle,587,0.0024589999998170242,0
2,4,idle,588,0.002250000000003638,0
2,4,idle,589,0.0019579999998313724,0
2,4,idle,590,0.0026659999998628336,0
2,4,idle,591,0.0019579999998313724,0
2,4,idle,592,0.002292000000124972,0
2,4,idle,593,0.0019999999999527063,0
2,4,idle,594,0.0019170000000485743,0
2,4,idle,595,0.0024169999996956903,0
2,4,idle,596,0.0020829999998568383,0
2,4,idle,597,0.0018329999998059066,0
2,4,idle,598,0.0019160000001647859,0
2,4,idle,599,0.0018329999998059066,0
2,4,idle,600,0.002250000000003638,0
2,4,idle,601,0.0018750000003819878,0
2,4,idle,602,0.003000000000156433,0
2,4,idle,603,0.001833000000260654,0
2,4,idle,604,0.001833000000260654,0
2,4,idle,605,0.0025000000000545697,0
2,4,idle,606,0.0022919999996702245,0
2,4,idle,607,0.001916999999593827,0
2,4,idle,608,0.0019170000000485743,0
2,4,idle,609,0.0018329999998059066,0
2,4,idle,610,0.0019579999998313724,0
2,4,idle,611,0.0027500000001055014,0
2,4,idle,612,0.0019579999998313724,0
2,4,idle,613,0.0018329999998059066,0
2,4,idle,614,0.0019579999998313724,0
2,4,idle,615,0.0019999999999527063,0
2,4,idle,616,0.002375000000029104,0
2,4,idle,617,0.002292000000124972,0
2,4,idle,618,0.0019170000000485743,0
2,4,idle,619,0.0018750000003819878,0
2,4,idle,620,0.0019160000001647859,0
2,4,idle,621,0.0022080000003370515,0
2,4,idle,622,0.001833000000260654,0
2,4,idle,623,0.0019999999999527063,0
2,4,idle,624,0.0019579999998313724,0
2,4,idle,625,0.0018329999998059066,0
2,4,idle,626,0.0019170000000485743,0
2,4,idle,627,0.0024590000002717716,0
2,4,idle,628,0.0019999999999527063,0
2,4,idle,629,0.001959000000169908,0
2,4,idle,630,0.0019170000000485743,0
2,4,idle,631,0.0019579999998313724,0
2,4,idle,632,0.0025000000000545697,0
2,4,idle,633,0.0019159999997100385,0
2,4,idle,634,0.0019580000002861198,0
2,4,idle,635,0.0019580000002861198,0
2,4,idle,636,0.0025829999999587017,0
2,4,idle,637,0.0024170000001504377,0
2,4,idle,638,0.0018340000001444423,0
2,4,idle,639,0.0023749999995743565,0
2,4,idle,640,0.0019160000001647859,0
2,4,idle,641,0.0019579999998313724,0
2,4,idle,642,0.002290999999786436,0
2,4,idle,643,0.0019170000000485743,0
2,4,idle,644,0.0018340000001444423,0
2,4,idle,645,0.0018749999999272404,0
2,4,idle,646,0.0019160000001647859,0
2,4,idle,647,0.001916999999593827,0
2,4,idle,648,0.002207999999882304,0
2,4,idle,649,0.002041999999619293,0
2,4,idle,650,0.0017920000000231084,0
2,4,idle,651,0.0018340000001444423,0
2,4,idle,652,0.0018749999999272404,0
2,4,idle,653,0.0025420000001759036,0
2,4,idle,654,0.0018749999999272404,0
2,4,idle,655,0.0018749999999272404,0
2,4,idle,656,0.0019999999999527063,0
2,4,idle,657,0.0019580000002861198,0
2,4,idle,658,0.0024170000001504377,0
2,4,idle,659,0.001958999999715161,0
2,4,idle,660,0.001833000000260654,0
2,4,idle,661,0.0018749999999272404,0
2,4,idle,662,0.0018340000001444423,0
2,4,idle,663,0.002292000000124972,0
2,4,idle,664,0.002415999999811902,0
2,4,idle,665,0.0019999999999527063,0
2,4,idle,666,0.0019999999999527063,0
2,4,idle,667,0.0019170000000485743,0
2,4,idle,668,0.002457999999933236,0
2,4,idle,669,0.002375000000029104,0
2,4,idle,670,0.0019999999999527063,0
2,4,idle,671,0.0018749999999272404,0
2,4,idle,672,0.0018329999998059066,0
2,4,idle,673,0.0019170000000485743,0
2,4,idle,674,0.0027079999999841675,0
2,4,idle,675,0.0019159999997100385,0
2,4,idle,676,0.0025000000000545697,0
2,4,idle,677,0.0019579999998313724,0
2,4,idle,678,0.0018750000003819878,0
2,4,idle,679,0.002250000000003638,0
2,4,idle,680,0.00179100000013932,0
2,4,idle,681,0.001833000000260654,0
2,4,idle,682,0.0018749999999272404,0
2,4,idle,683,0.001833000000260654,0
2,4,idle,684,0.0018749999999272404,0
2,4,idle,685,0.002167000000099506,0
2,4,idle,686,0.0018749999999272404,0
2,4,idle,687,0.0017920000000231084,0
2,4,idle,688,0.00179100000013932,0
2,4,idle,689,0.0017499999999017746,0
2,4,idle,690,0.0023339999997915584,0
2,4,idle,691,0.0018749999999272404,0
2,4,idle,692,0.0017909999996845727,0
2,4,idle,693,0.0018749999999272404,0
2,4,idle,694,0.0018340000001444423,0
2,4,idle,695,0.0025000000000545697,0
2,4,idle,696,0.0018749999999272404,0
2,4,idle,697,0.001959000000169908,0
2,4,idle,698,0.00204200000007404,0
2,4,idle,699,0.0025000000000545697,0
2,4,idle,700,0.002540999999837368,0
2,4,idle,701,0.002207999999882304,0
2,4,idle,702,0.002292000000124972,0
2,4,idle,703,0.0017920000000231084,0
2,4,idle,704,0.0018749999999272404,0
2,4,idle,705,0.0018749999999272404,0
2,4,idle,706,0.002167000000099506,0
2,4,idle,707,0.0018329999998059066,0
2,4,idle,708,0.0019160000001647859,0
2,4,idle,709,0.0018750000003819878,0
2,4,idle,710,0.0018749999999272404,0
2,4,idle,711,0.0022910000002411834,0
2,4,idle,712,0.0019170000000485743,0
2,4,idle,713,0.0018340000001444423,0
2,4,idle,714,0.00233299999990777,0
2,4,idle,715,0.0019579999998313724,0
2,4,idle,716,0.002292000000124972,0
2,4,idle,717,0.002375000000029104,0
2,4,idle,718,0.0019170000000485743,0
2,4,idle,719,0.0018749999999272404,0
2,4,idle,720,0.001833000000260654,0
2,4,idle,721,0.00233299999990777,0
2,4,idle,722,0.0018329999998059066,0
2,4,idle,723,0.001833999999689695,0
2,4,idle,724,0.0027500000001055014,0
2,4,idle,725,0.0019170000000485743,0
2,4,idle,726,0.0022910000002411834,0
2,4,idle,727,0.0023330000003625173,0
2,4,idle,728,0.0020829999998568383,0
2,4,idle,729,0.0018340000001444423,0
2,4,idle,730,0.001958999999715161,0
2,4,idle,731,0.0024589999998170242,0
2,4,idle,732,0.0023339999997915584,0
2,4,idle,733,0.001958999999715161,0
2,4,idle,734,0.0019170000000485743,0
2,4,idle,735,0.001833000000260654,0
2,4,idle,736,0.0018749999999272404,0
2,4,idle,737,0.0027079999999841675,0
2,4,idle,738,0.0018749999999272404,0
2,4,idle,739,0.0018340000001444423,0
2,4,idle,740,0.001959000000169908,0
2,4,idle,741,0.0018329999998059066,0
2,4,idle,742,0.0024170000001504377,0
2,4,idle,743,0.0017920000000231084,0
2,4,idle,744,0.001959000000169908,0
2,4,idle,745,0.0019170000000485743,0
2,4,idle,746,0.0018749999999272404,0
2,4,idle,747,0.001916999999593827,0
2,4,idle,748,0.002250000000003638,0
2,4,idle,749,0.0020410000001902517,0
2,4,idle,750,0.001833000000260654,0
2,4,idle,751,0.002415999999811902,0
2,4,idle,752,0.0019579999998313724,0
2,4,idle,753,0.002375000000029104,0
2,4,idle,754,0.0020000000004074536,0
2,4,idle,755,0.0018329999998059066,0
2,4,idle,756,0.0018749999999272404,0
2,4,idle,757,0.002415999999811902,0
2,4,idle,758,0.002415999999811902,0
2,4,idle,759,0.0017920000000231084,0
2,4,idle,760,0.0019999999999527063,0
2,4,idle,761,0.0019999999999527063,0
2,4,idle,762,0.002375000000029104,0
2,4,idle,763,0.0024170000001504377,0
2,4,idle,764,0.0027090000003227033,0
2,4,idle,765,0.00204200000007404,0
2,4,idle,766,0.0017499999999017746,0
2,4,idle,767,0.0018749999999272404,0
2,4,idle,768,0.0020410000001902517,0
2,4,idle,769,0.002292000000124972,0
2,4,idle,770,0.0017920000000231084,0
2,4,idle,771,0.0017920000000231084,0
2,4,idle,772,0.001750000000356522,0
2,4,idle,773,0.0018749999999272404,0
2,4,idle,774,0.002292000000124972,0
2,4,idle,775,0.0017909999996845727,0
2,4,idle,776,0.0018749999999272404,0
2,4,idle,777,0.0018329999998059066,0
2,4,idle,778,0.0018749999999272404,0
2,4,idle,779,0.0024169999996956903,0
2,4,idle,780,0.0019579999998313724,0
2,4,idle,781,0.0019580000002861198,0
2,4,idle,782,0.0018749999999272404,0
2,4,idle,783,0.0019170000000485743,0
2,4,idle,784,0.0026250000000800355,0
2,4,idle,785,0.002457999999933236,0
2,4,idle,786,0.001833999999689695,0
2,4,idle,787,0.0018749999999272404,0
2,4,idle,788,0.0027500000001055014,0
2,4,idle,789,0.001833000000260654,0
2,4,idle,790,0.00233299999990777,0
2,4,idle,791,0.0020410000001902517,0
2,4,idle,792,0.00179100000013932,0
2,4,idle,793,0.0017920000000231084,0
2,4,idle,794,0.0024590000002717716,0
2,4,idle,795,0.002250000000003638,0
2,4,idle,796,0.0017499999999017746,0
2,4,idle,797,0.0017499999999017746,0
2,4,idle,798,0.0018750000003819878,0
2,4,idle,799,0.00179100000013932,0
2,4,idle,800,0.0026659999998628336,0
2,4,idle,801,0.001833000000260654,0
2,4,idle,802,0.0019170000000485743,0
2,4,idle,803,0.0017920000000231084,0
2,4,idle,804,0.001959000000169908,0
2,4,idle,805,0.0019579999998313724,0
2,4,idle,806,0.00233299999990777,0
2,4,idle,807,0.0019580000002861198,0
2,4,idle,808,0.0017499999999017746,0
2,4,idle,809,0.0018749999999272404,0
2,4,idle,810,0.0019579999998313724,0
2,4,idle,811,0.002207999999882304,0
2,4,idle,812,0.001959000000169908,0
2,4,idle,813,0.002250000000003638,0
2,4,idle,814,0.0018749999999272404,0
2,4,idle,815,0.0018750000003819878,0
2,4,idle,816,0.0025000000000545697,0
2,4,idle,817,0.0018749999999272404,0
2,4,idle,818,0.001791999999568361,0
2,4,idle,819,0.001833000000260654,0
2,4,idle,820,0.001833000000260654,0
2,4,idle,821,0.002250000000003638,0
2,4,idle,822,0.0018749999999272404,0
2,4,idle,823,0.0019579999998313724,0
2,4,idle,824,0.0018749999999272404,0
2,4,idle,825,0.0028330000000096334,0
2,4,idle,826,0.0020409999997355044,0
2,4,idle,827,0.002375000000029104,0
2,4,idle,828,0.0019170000000485743,0
2,4,idle,829,0.0017909999996845727,0
2,4,idle,830,0.0018749999999272404,0
2,4,idle,831,0.00179100000013932,0
2,4,idle,832,0.002167000000099506,0
2,4,idle,833,0.00204200000007404,0
2,4,idle,834,0.001833000000260654,0
2,4,idle,835,0.001833000000260654,0
2,4,idle,836,0.0017909999996845727,0
2,4,idle,837,0.002207999999882304,0
2,4,idle,838,0.002375000000029104,0
2,4,idle,839,0.00220900000022084,0
2,4,idle,840,0.0017920000000231084,0
2,4,idle,841,0.0018749999999272404,0
2,4,idle,842,0.002207999999882304,0
2,4,idle,843,0.0018749999999272404,0
2,4,idle,844,0.0018749999999272404,0
2,4,idle,845,0.0017920000000231084,0
2,4,idle,846,0.001959000000169908,0
2,4,idle,847,0.0019170000000485743,0
2,4,idle,848,0.002292000000124972,0
2,4,idle,849,0.0018749999999272404,0
2,4,idle,850,0.002292000000124972,0
2,4,idle,851,0.0019170000000485743,0
2,4,idle,852,0.0019170000000485743,0
2,4,idle,853,0.002290999999786436,0
2,4,idle,854,0.0017920000000231084,0
2,4,idle,855,0.001958999999715161,0
2,4,idle,856,0.0017920000000231084,0
2,4,idle,857,0.0024589999998170242,0
2,4,idle,858,0.002375000000029104,0
2,4,idle,859,0.001958999999715161,0
2,4,idle,860,0.002250000000003638,0
2,4,idle,861,0.0018750000003819878,0
2,4,idle,862,0.001833999999689695,0
2,4,idle,863,0.0031669999998484855,0
2,4,idle,864,0.0019580000002861198,0
2,4,idle,865,0.0019579999998313724,0
2,4,idle,866,0.002207999999882304,0
2,4,idle,867,0.0020410000001902517,0
2,4,idle,868,0.0018749999999272404,0
2,4,idle,869,0.002250000000003638,0
2,4,idle,870,0.0018749999999272404,0
2,4,idle,871,0.0017499999999017746,0
2,4,idle,872,0.001959000000169908,0
2,4,idle,873,0.0025000000000545697,0
2,4,idle,874,0.0022080000003370515,0
2,4,idle,875,0.0018750000003819878,0
2,4,idle,876,0.0017920000000231084,0
2,4,idle,877,0.0018749999999272404,0
2,4,idle,878,0.0019170000000485743,0
2,4,idle,879,0.00233299999990777,0
2,4,idle,880,0.0018749999999272404,0
2,4,idle,881,0.001750000000356522,0
2,4,idle,882,0.001833999999689695,0
2,4,idle,883,0.0022919999996702245,0
2,4,idle,884,0.0018749999999272404,0
2,4,idle,885,0.0023749999995743565,0
2,4,idle,886,0.002167000000099506,0
2,4,idle,887,0.001833000000260654,0
2,4,idle,888,0.0026659999998628336,0
2,4,idle,889,0.0019999999999527063,0
2,4,idle,890,0.002375000000029104,0
2,4,idle,891,0.0019170000000485743,0
2,4,idle,892,0.0018329999998059066,0
2,4,idle,893,0.0018749999999272404,0
2,4,idle,894,0.0019579999998313724,0
2,4,idle,895,0.002292000000124972,0
2,4,idle,896,0.0018750000003819878,0
2,4,idle,897,0.0017920000000231084,0
2,4,idle,898,0.0017920000000231084,0
2,4,idle,899,0.0018749999999272404,0
2,4,idle,900,0.002666000000317581,0
2,4,idle,901,0.0018750000003819878,0
2,4,idle,902,0.00179100000013932,0
2,4,idle,903,0.0019170000000485743,0
2,4,idle,904,0.0018749999999272404,0
2,4,idle,905,0.0018749999999272404,0
2,4,idle,906,0.002207999999882304,0
2,4,idle,907,0.0019579999998313724,0
2,4,idle,908,0.0018749999999272404,0
2,4,idle,909,0.0019170000000485743,0
2,4,idle,910,0.0018749999999272404,0
2,4,idle,911,0.00233299999990777,0
2,4,idle,912,0.0028330000000096334,0
2,4,idle,913,0.0018750000003819878,0
2,4,idle,914,0.001833000000260654,0
2,4,idle,915,0.0019580000002861198,0
2,4,idle,916,0.002207999999882304,0
2,4,idle,917,0.0019579999998313724,0
2,4,idle,918,0.0019159999997100385,0
2,4,idle,919,0.0018329999998059066,0
2,4,idle,920,0.002457999999933236,0
2,4,idle,921,0.002207999999882304,0
2,4,idle,922,0.0018329999998059066,0
2,4,idle,923,0.0017499999999017746,0
2,4,idle,924,0.0018749999999272404,0
2,4,idle,925,0.002124999999978172,0
2,4,idle,926,0.0022919999996702245,0
2,4,idle,927,0.002250000000003638,0
2,4,idle,928,0.0019580000002861198,0
2,4,idle,929,0.0019579999998313724,0
2,4,idle,930,0.002041999999619293,0
2,4,idle,931,0.0018749999999272404,0
2,4,idle,932,0.0024169999996956903,0
2,4,idle,933,0.0018749999999272404,0
2,4,idle,934,0.001833999999689695,0
2,4,idle,935,0.0017920000000231084,0
2,4,idle,936,0.0018340000001444423,0
2,4,idle,937,0.0027500000001055014,0
2,4,idle,938,0.002084000000195374,0
2,4,idle,939,0.0018340000001444423,0
2,4,idle,940,0.0019170000000485743,0
2,4,idle,941,0.002124999999978172,0
2,4,idle,942,0.002167000000099506,0
2,4,idle,943,0.0019160000001647859,0
2,4,idle,944,0.0017920000000231084,0
2,4,idle,945,0.0017920000000231084,0
2,4,idle,946,0.0017499999999017746,0
2,4,idle,947,0.0018329999998059066,0
2,4,idle,948,0.002290999999786436,0
2,4,idle,949,0.0019579999998313724,0
2,4,idle,950,0.0027909999998882995,0
2,4,idle,951,0.0025000000000545697,0
2,4,idle,952,0.001958999999715161,0
2,4,idle,953,0.002457999999933236,0
2,4,idle,954,0.0018749999999272404,0
2,4,idle,955,0.0018749999999272404,0
2,4,idle,956,0.0019170000000485743,0
2,4,idle,957,0.0017920000000231084,0
2,4,idle,958,0.00233299999990777,0
2,4,idle,959,0.0019170000000485743,0
2,4,idle,960,0.0017920000000231084,0
2,4,idle,961,0.0018749999999272404,0
2,4,idle,962,0.001958999999715161,0
2,4,idle,963,0.002124999999978172,0
2,4,idle,964,0.0018749999999272404,0
2,4,idle,965,0.0019579999998313724,0
2,4,idle,966,0.0018749999999272404,0
2,4,idle,967,0.0018749999999272404,0
2,4,idle,968,0.0019170000000485743,0
2,4,idle,969,0.002250000000003638,0
2,4,idle,970,0.0019170000000485743,0
2,4,idle,971,0.0018329999998059066,0
2,4,idle,972,0.001958999999715161,0
2,4,idle,973,0.0020839999997406267,0
2,4,idle,974,0.003459000000020751,0
2,4,idle,975,0.0019999999999527063,0
2,4,idle,976,0.0018749999999272404,0
2,4,idle,977,0.0019170000000485743,0
2,4,idle,978,0.00179100000013932,0
2,4,idle,979,0.002250000000003638,0
2,4,idle,980,0.001833999999689695,0
2,4,idle,981,0.0019999999999527063,0
2,4,idle,982,0.0019160000001647859,0
2,4,idle,983,0.002457999999933236,0
2,4,idle,984,0.0019170000000485743,0
2,4,idle,985,0.002375000000029104,0
2,4,idle,986,0.0018749999999272404,0
2,4,idle,987,0.0018329999998059066,0
2,4,idle,988,0.0017499999999017746,0
2,4,idle,989,0.002250000000003638,0
2,4,idle,990,0.002375000000029104,0
2,4,idle,991,0.002084000000195374,0
2,4,idle,992,0.0018340000001444423,0
2,4,idle,993,0.001959000000169908,0
2,4,idle,994,0.0019999999999527063,0
2,4,idle,995,0.002415999999811902,0
2,4,idle,996,0.0018749999999272404,0
2,4,idle,997,0.0019160000001647859,0
2,4,idle,998,0.0019579999998313724,0
2,4,idle,999,0.0017920000000231084,0
2,4,event,0,0.02295800000001691,4
2,4,event,1,0.003624999999829015,0
2,4,event,2,0.0019170000000485743,0
2,4,event,3,0.002124999999978172,0
2,4,event,4,0.0019999999999527063,0
2,4,event,5,0.0019999999999527063,0
2,4,event,6,0.0023340000002463057,0
2,4,event,7,0.0030419999998230196,0
2,4,event,8,0.0020000000004074536,0
2,4,event,9,0.0018749999999272404,0
2,4,event,10,0.001959000000169908,0
2,4,event,11,0.0018749999999272404,0
2,4,event,12,0.0025000000000545697,0
2,4,event,13,0.0017920000000231084,0
2,4,event,14,0.0018749999999272404,0
2,4,event,15,0.003042000000277767,0
2,4,event,16,0.0019999999999527063,0
2,4,event,17,0.0025000000000545697,0
2,4,event,18,0.0018749999999272404,0
2,4,event,19,0.0019170000000485743,0
2,4,event,20,0.0019170000000485743,0
2,4,event,21,0.002540999999837368,0
2,4,event,22,0.002250000000003638,0
2,4,event,23,0.0018340000001444423,0
2,4,event,24,0.0019170000000485743,0
2,4,event,25,0.0018329999998059066,0
2,4,event,26,0.00204200000007404,0
2,4,event,27,0.002250000000003638,0
2,4,event,28,0.0019160000001647859,0
2,4,event,29,0.0019170000000485743,0
2,4,event,30,0.001833000000260654,0
2,4,event,31,0.0019999999999527063,0
2,4,event,32,0.0018750000003819878,0
2,4,event,33,0.002457999999933236,0
2,4,event,34,0.002124999999978172,0
2,4,event,35,0.002583000000413449,0
2,4,event,36,0.0020830000003115856,0
2,4,event,37,0.0020830000003115856,0
2,4,event,38,0.0028339999998934218,0
2,4,event,39,0.0017920000000231084,0
2,4,event,40,0.0017920000000231084,0
2,4,event,41,0.00179100000013932,0
2,4,event,42,0.0019579999998313724,0
2,4,event,43,0.0020829999998568383,0
2,4,event,44,0.002290999999786436,0
2,4,event,45,0.0019170000000485743,0
2,4,event,46,0.0018749999999272404,0
2,4,event,47,0.001833000000260654,0
2,4,event,48,0.0026250000000800355,0
2,4,event,49,0.0019160000001647859,0
2,4,event,50,0.0019999999999527063,0
2,4,event,51,0.0019999999999527063,0
2,4,event,52,0.001958999999715161,0
2,4,event,53,0.0018340000001444423,0
2,4,event,54,0.0024589999998170242,0
2,4,event,55,0.001959000000169908,0
2,4,event,56,0.0017920000000231084,0
2,4,event,57,0.002375000000029104,0
2,4,event,58,0.0025000000000545697,0
2,4,event,59,0.0022919999996702245,0
2,4,event,60,0.02295800000001691,4
2,4,event,61,0.0025829999999587017,0
2,4,event,62,0.0026659999998628336,0
2,4,event,63,0.0019170000000485743,0
2,4,event,64,0.002124999999978172,0
2,4,event,65,0.0018749999999272404,0
2,4,event,66,0.0026659999998628336,0
2,4,event,67,0.002292000000124972,0
2,4,event,68,0.0018749999999272404,0
2,4,event,69,0.0029999999997016857,0
2,4,event,70,0.0019170000000485743,0
2,4,event,71,0.0020409999997355044,0
2,4,event,72,0.0019999999999527063,0
2,4,event,73,0.002250000000003638,0
2,4,event,74,0.0018340000001444423,0
2,4,event,75,0.0019170000000485743,0
2,4,event,76,0.0018750000003819878,0
2,4,event,77,0.002124999999978172,0
2,4,event,78,0.0029169999997975538,0
2,4,event,79,0.001959000000169908,0
2,4,event,80,0.0019170000000485743,0
2,4,event,81,0.00179100000013932,0
2,4,event,82,0.0019160000001647859,0
2,4,event,83,0.0022910000002411834,0
2,4,event,84,0.0019170000000485743,0
2,4,event,85,0.0018749999999272404,0
2,4,event,86,0.0018750000003819878,0
2,4,event,87,0.00204200000007404,0
2,4,event,88,0.002292000000124972,0
2,4,event,89,0.0018340000001444423,0
2,4,event,90,0.0018329999998059066,0
2,4,event,91,0.00179100000013932,0
2,4,event,92,0.0017920000000231084,0
2,4,event,93,0.001958999999715161,0
2,4,event,94,0.0024589999998170242,0
2,4,event,95,0.0025000000000545697,0
2,4,event,96,0.0019580000002861198,0
2,4,event,97,0.0019160000001647859,0
2,4,event,98,0.0019579999998313724,0
2,4,event,99,0.0024160000002666493,0
2,4,event,100,0.0025000000000545697,0
2,4,event,101,0.0017499999999017746,0
2,4,event,102,0.0017499999999017746,0
2,4,event,103,0.0017920000000231084,0
2,4,event,104,0.002250000000003638,0
2,4,event,105,0.0018329999998059066,0
2,4,event,106,0.0018329999998059066,0
2,4,event,107,0.001833000000260654,0
2,4,event,108,0.001833000000260654,0
2,4,event,109,0.0021669999996447586,0
2,4,event,110,0.0018749999999272404,0
2,4,event,111,0.0019999999999527063,0
2,4,event,112,0.0018329999998059066,0
2,4,event,113,0.0019999999999527063,0
2,4,event,114,0.0018749999999272404,0
2,4,event,115,0.002207999999882304,0
2,4,event,116,0.001833000000260654,0
2,4,event,117,0.0018749999999272404,0
2,4,event,118,0.0056670000003578025,0
2,4,event,119,0.002084000000195374,0
2,4,event,120,0.024499999999989086,4
2,4,event,121,0.0026670000002013694,0
2,4,event,122,0.0019160000001647859,0
2,4,event,123,0.0026250000000800355,0
2,4,event,124,0.0020410000001902517,0
2,4,event,125,0.002041999999619293,0
2,4,event,126,0.0019170000000485743,0
2,4,event,127,0.0019170000000485743,0
2,4,event,128,0.002167000000099506,0
2,4,event,129,0.0018749999999272404,0
2,4,event,130,0.0020409999997355044,0
2,4,event,131,0.002917000000252301,0
2,4,event,132,0.0018749999999272404,0
2,4,event,133,0.00287499999967622,0
2,4,event,134,0.002292000000124972,0
2,4,event,135,0.001750000000356522,0
2,4,event,136,0.0019170000000485743,0
2,4,event,137,0.0018749999999272404,0
2,4,event,138,0.002124999999978172,0
2,4,event,139,0.002290999999786436,0
2,4,event,140,0.00204200000007404,0
2,4,event,141,0.0024170000001504377,0
2,4,event,142,0.0018340000001444423,0
2,4,event,143,0.0017920000000231084,0
2,4,event,144,0.0023340000002463057,0
2,4,event,145,0.0018750000003819878,0
2,4,event,146,0.001833000000260654,0
2,4,event,147,0.001833000000260654,0
2,4,event,148,0.0019580000002861198,0
2,4,event,149,0.0020830000003115856,0
2,4,event,150,0.002290999999786436,0
2,4,event,151,0.00179100000013932,0
2,4,event,152,0.0017920000000231084,0
2,4,event,153,0.0019170000000485743,0
2,4,event,154,0.0018329999998059066,0
2,4,event,155,0.0024169999996956903,0
2,4,event,156,0.0019999999999527063,0
2,4,event,157,0.0019170000000485743,0
2,4,event,158,0.0019999999999527063,0
2,4,event,159,0.0020000000004074536,0
2,4,event,160,0.0028750000001309672,0
2,4,event,161,0.001833999999689695,0
2,4,event,162,0.002375000000029104,0
2,4,event,163,0.001833000000260654,0
2,4,event,164,0.001916999999593827,0
2,4,event,165,0.002375000000029104,0
2,4,event,166,0.0027079999999841675,0
2,4,event,167,0.001750000000356522,0
2,4,event,168,0.001833000000260654,0
2,4,event,169,0.0019160000001647859,0
2,4,event,170,0.0026250000000800355,0
2,4,event,171,0.0019160000001647859,0
2,4,event,172,0.0019999999999527063,0
2,4,event,173,0.0018329999998059066,0
2,4,event,174,0.0018329999998059066,0
2,4,event,175,0.002375000000029104,0
2,4,event,176,0.002292000000124972,0
2,4,event,177,0.0017920000000231084,0
2,4,event,178,0.0019579999998313724,0
2,4,event,179,0.0025829999999587017,0
2,4,event,180,0.021957999999813183,4
2,4,event,181,0.0025829999999587017,0
2,4,event,182,0.0019579999998313724,0
2,4,event,183,0.0019160000001647859,0
2,4,event,184,0.002457999999933236,0
2,4,event,185,0.0018749999999272404,0
2,4,event,186,0.0019999999999527063,0
2,4,event,187,0.0023339999997915584,0
2,4,event,188,0.0019170000000485743,0
2,4,event,189,0.0024589999998170242,0
2,4,event,190,0.001833999999689695,0
2,4,event,191,0.0018749999999272404,0
2,4,event,192,0.002041999999619293,0
2,4,event,193,0.002791999999772088,0
2,4,event,194,0.0019170000000485743,0
2,4,event,195,0.002250000000003638,0
2,4,event,196,0.001833999999689695,0
2,4,event,197,0.0018749999999272404,0
2,4,event,198,0.0019579999998313724,0
2,4,event,199,0.0020829999998568383,0
2,4,event,200,0.002375000000029104,0
2,4,event,201,0.0019159999997100385,0
2,4,event,202,0.0017499999999017746,0
2,4,event,203,0.001833000000260654,0
2,4,event,204,0.0024170000001504377,0
2,4,event,205,0.002207999999882304,0
2,4,event,206,0.0018329999998059066,0
2,4,event,207,0.0030419999998230196,0
2,4,event,208,0.0018749999999272404,0
2,4,event,209,0.0018749999999272404,0
2,4,event,210,0.002292000000124972,0
2,4,event,211,0.0018329999998059066,0
2,4,event,212,0.0019999999999527063,0
2,4,event,213,0.001833000000260654,0
2,4,event,214,0.001833000000260654,0
2,4,event,215,0.0019999999999527063,0
2,4,event,216,0.0024170000001504377,0
2,4,event,217,0.00204200000007404,0
2,4,event,218,0.0019160000001647859,0
2,4,event,219,0.0019579999998313724,0
2,4,event,220,0.0019999999999527063,0
2,4,event,221,0.0024590000002717716,0
2,4,event,222,0.0019170000000485743,0
2,4,event,223,0.0018329999998059066,0
2,4,event,224,0.002415999999811902,0
2,4,event,225,0.0017920000000231084,0
2,4,event,226,0.0027920000002268353,0
2,4,event,227,0.0019170000000485743,0
2,4,event,228,0.0017909999996845727,0
2,4,event,229,0.0018749999999272404,0
2,4,event,230,0.0018749999999272404,0
2,4,event,231,0.002167000000099506,0
2,4,event,232,0.0019999999999527063,0
2,4,event,233,0.0017920000000231084,0
2,4,event,234,0.0018340000001444423,0
2,4,event,235,0.0017920000000231084,0
2,4,event,236,0.001959000000169908,0
2,4,event,237,0.002292000000124972,0
2,4,event,238,0.0019999999999527063,0
2,4,event,239,0.0018340000001444423,0
2,4,event,240,0.022792000000208645,4
2,4,event,241,0.0028750000001309672,0
2,4,event,242,0.0019579999998313724,0
2,4,event,243,0.0019159999997100385,0
2,4,event,244,0.002250000000003638,0
2,4,event,245,0.002375000000029104,0
2,4,event,246,0.0019170000000485743,0
2,4,event,247,0.00204200000007404,0
2,4,event,248,0.0018749999999272404,0
2,4,event,249,0.0020000000004074536,0
2,4,event,250,0.002207999999882304,0
2,4,event,251,0.0020410000001902517,0
2,4,event,252,0.0019160000001647859,0
2,4,event,253,0.0019160000001647859,0
2,4,event,254,0.0019579999998313724,0
2,4,event,255,0.003582999999707681,0
2,4,event,256,0.002292000000124972,0
2,4,event,257,0.0018749999999272404,0
2,4,event,258,0.0019999999999527063,0
2,4,event,259,0.0018749999999272404,0
2,4,event,260,0.001958999999715161,0
2,4,event,261,0.002458000000387983,0
2,4,event,262,0.001833000000260654,0
2,4,event,263,0.0018749999999272404,0
2,4,event,264,0.0018340000001444423,0
2,4,event,265,0.0018749999999272404,0
2,4,event,266,0.002207999999882304,0
2,4,event,267,0.00233299999990777,0
2,4,event,268,0.002292000000124972,0
2,4,event,269,0.0017920000000231084,0
2,4,event,270,0.001959000000169908,0
2,4,event,271,0.002167000000099506,0
2,4,event,272,0.002292000000124972,0
2,4,event,273,0.0018340000001444423,0
2,4,event,274,0.0018749999999272404,0
2,4,event,275,0.0017499999999017746,0
2,4,event,276,0.0019580000002861198,0
2,4,event,277,0.0023749999995743565,0
2,4,event,278,0.002666999999746622,0
2,4,event,279,0.0019999999999527063,0
2,4,event,280,0.00204200000007404,0
2,4,event,281,0.0020830000003115856,0
2,4,event,282,0.002917000000252301,0
2,4,event,283,0.002084000000195374,0
2,4,event,284,0.0018750000003819878,0
2,4,event,285,0.0019999999999527063,0
2,4,event,286,0.0025000000000545697,0
2,4,event,287,0.0024170000001504377,0
2,4,event,288,0.0018329999998059066,0
2,4,event,289,0.0019999999999527063,0
2,4,event,290,0.0019170000000485743,0
2,4,event,291,0.00204200000007404,0
2,4,event,292,0.0019160000001647859,0
2,4,event,293,0.0021669999996447586,0
2,4,event,294,0.0019170000000485743,0
2,4,event,295,0.0018749999999272404,0
2,4,event,296,0.0018329999998059066,0
2,4,event,297,0.0019159999997100385,0
2,4,event,298,0.002167000000099506,0
2,4,event,299,0.0018750000003819878,0
2,4,event,300,0.021999999999934516,4
2,4,event,301,0.0033750000002328306,0
2,4,event,302,0.0019999999999527063,0
2,4,event,303,0.0019999999999527063,0
2,4,event,304,0.0027920000002268353,0
2,4,event,305,0.0018749999999272404,0
2,4,event,306,0.0024170000001504377,0
2,4,event,307,0.0019999999999527063,0
2,4,event,308,0.0018749999999272404,0
2,4,event,309,0.0018749999999272404,0
2,4,event,310,0.0018329999998059066,0
2,4,event,311,0.00233299999990777,0
2,4,event,312,0.0019579999998313724,0
2,4,event,313,0.0019160000001647859,0
2,4,event,314,0.0019580000002861198,0
2,4,event,315,0.001833000000260654,0
2,4,event,316,0.0019580000002861198,0
2,4,event,317,0.0031249999997271516,0
2,4,event,318,0.0018749999999272404,0
2,4,event,319,0.00233299999990777,0
2,4,event,320,0.0018750000003819878,0
2,4,event,321,0.002250000000003638,0
2,4,event,322,0.002292000000124972,0
2,4,event,323,0.0019170000000485743,0
2,4,event,324,0.0018340000001444423,0
2,4,event,325,0.001959000000169908,0
2,4,event,326,0.0018749999999272404,0
2,4,event,327,0.00233299999990777,0
2,4,event,328,0.0027079999999841675,0
2,4,event,329,0.001833000000260654,0
2,4,event,330,0.002375000000029104,0
2,4,event,331,0.002292000000124972,0
2,4,event,332,0.00220900000022084,0
2,4,event,333,0.0018749999999272404,0
2,4,event,334,0.0018329999998059066,0
2,4,event,335,0.0018749999999272404,0
2,4,event,336,0.0017499999999017746,0
2,4,event,337,0.0018749999999272404,0
2,4,event,338,0.002457999999933236,0
2,4,event,339,0.0020829999998568383,0
2,4,event,340,0.0019160000001647859,0
2,4,event,341,0.0019580000002861198,0
2,4,event,342,0.0019999999999527063,0
2,4,event,343,0.0024160000002666493,0
2,4,event,344,0.001833000000260654,0
2,4,event,345,0.001833000000260654,0
2,4,event,346,0.0018749999999272404,0
2,4,event,347,0.0018749999999272404,0
2,4,event,348,0.0027920000002268353,0
2,4,event,349,0.0020829999998568383,0
2,4,event,350,0.0018749999999272404,0
2,4,event,351,0.0020409999997355044,0
2,4,event,352,0.0019160000001647859,0
2,4,event,353,0.0018749999999272404,0
2,4,event,354,0.0020829999998568383,0
2,4,event,355,0.0020410000001902517,0
2,4,event,356,0.002458000000387983,0
2,4,event,357,0.0019999999999527063,0
2,4,event,358,0.0019999999999527063,0
2,4,event,359,0.002167000000099506,0
2,4,event,360,0.02241600000024846,4
2,4,event,361,0.003208000000086031,0
2,4,event,362,0.00287499999967622,0
2,4,event,363,0.0019579999998313724,0
2,4,event,364,0.0019579999998313724,0
2,4,event,365,0.0018749999999272404,0
2,4,event,366,0.0018749999999272404,0
2,4,event,367,0.002292000000124972,0
2,4,event,368,0.0019160000001647859,0
2,4,event,369,0.0019170000000485743,0
2,4,event,370,0.0018749999999272404,0
2,4,event,371,0.0018329999998059066,0
2,4,event,372,0.002207999999882304,0
2,4,event,373,0.0019170000000485743,0
2,4,event,374,0.002084000000195374,0
2,4,event,375,0.0018749999999272404,0
2,4,event,376,0.0019999999999527063,0
2,4,event,377,0.0018749999999272404,0
2,4,event,378,0.0024170000001504377,0
2,4,event,379,0.003750000000309228,0
2,4,event,380,0.0019580000002861198,0
2,4,event,381,0.001791999999568361,0
2,4,event,382,0.002084000000195374,0
2,4,event,383,0.0026670000002013694,0
2,4,event,384,0.0019580000002861198,0
2,4,event,385,0.0020830000003115856,0
2,4,event,386,0.0020410000001902517,0
2,4,event,387,0.00179100000013932,0
2,4,event,388,0.002457999999933236,0
2,4,event,389,0.0018329999998059066,0
2,4,event,390,0.0018329999998059066,0
2,4,event,391,0.0018749999999272404,0
2,4,event,392,0.0019170000000485743,0
2,4,event,393,0.0029999999997016857,0
2,4,event,394,0.002250000000003638,0
2,4,event,395,0.0018340000001444423,0
2,4,event,396,0.001959000000169908,0
2,4,event,397,0.0017920000000231084,0
2,4,event,398,0.001833000000260654,0
2,4,event,399,0.0025000000000545697,0
2,4,event,400,0.0022910000002411834,0
2,4,event,401,0.0018749999999272404,0
2,4,event,402,0.0019580000002861198,0
2,4,event,403,0.00204200000007404,0
2,4,event,404,0.002250000000003638,0
2,4,event,405,0.0020839999997406267,0
2,4,event,406,0.0019999999999527063,0
2,4,event,407,0.001959000000169908,0
2,4,event,408,0.0019999999999527063,0
2,4,event,409,0.002292000000124972,0
2,4,event,410,0.0025420000001759036,0
2,4,event,411,0.0018750000003819878,0
2,4,event,412,0.0017920000000231084,0
2,4,event,413,0.0020409999997355044,0
2,4,event,414,0.0018749999999272404,0
2,4,event,415,0.0027500000001055014,0
2,4,event,416,0.0019159999997100385,0
2,4,event,417,0.0018329999998059066,0
2,4,event,418,0.00179100000013932,0
2,4,event,419,0.0018329999998059066,0
2,4,event,420,0.021625000000312866,4
2,4,event,421,0.002541999999721156,0
2,4,event,422,0.002624999999625288,0
2,4,event,423,0.0026250000000800355,0
2,4,event,424,0.0019170000000485743,0
2,4,event,425,0.0018749999999272404,0
2,4,event,426,0.001833000000260654,0
2,4,event,427,0.0018329999998059066,0
2,4,event,428,0.0020830000003115856,0
2,4,event,429,0.0017920000000231084,0
2,4,event,430,0.0022080000003370515,0
2,4,event,431,0.0018750000003819878,0
2,4,event,432,0.0019579999998313724,0
2,4,event,433,0.0019170000000485743,0
2,4,event,434,0.0023340000002463057,0
2,4,event,435,0.0017920000000231084,0
2,4,event,436,0.0018749999999272404,0
2,4,event,437,0.001833000000260654,0
2,4,event,438,0.0018749999999272404,0
2,4,event,439,0.0023339999997915584,0
2,4,event,440,0.0019999999999527063,0
2,4,event,441,0.0028330000000096334,0
2,4,event,442,0.001833000000260654,0
2,4,event,443,0.0020830000003115856,0
2,4,event,444,0.002458000000387983,0
2,4,event,445,0.0017920000000231084,0
2,4,event,446,0.0018749999999272404,0
2,4,event,447,0.0017920000000231084,0
2,4,event,448,0.002124999999978172,0
2,4,event,449,0.002124999999978172,0
2,4,event,450,0.0018340000001444423,0
2,4,event,451,0.0018749999999272404,0
2,4,event,452,0.00179100000013932,0
2,4,event,453,0.0017499999999017746,0
2,4,event,454,0.0017920000000231084,0
2,4,event,455,0.0020839999997406267,0
2,4,event,456,0.0022919999996702245,0
2,4,event,457,0.001916999999593827,0
2,4,event,458,0.0018340000001444423,0
2,4,event,459,0.0018329999998059066,0
2,4,event,460,0.00233299999990777,0
2,4,event,461,0.0020829999998568383,0
2,4,event,462,0.0018329999998059066,0
2,4,event,463,0.0018749999999272404,0
2,4,event,464,0.0020410000001902517,0
2,4,event,465,0.0023330000003625173,0
2,4,event,466,0.00204200000007404,0
2,4,event,467,0.0017499999999017746,0
2,4,event,468,0.0024999999995998223,0
2,4,event,469,0.00179100000013932,0
2,4,event,470,0.002250000000003638,0
2,4,event,471,0.0018749999999272404,0
2,4,event,472,0.0029999999997016857,0
2,4,event,473,0.001833000000260654,0
2,4,event,474,0.0019160000001647859,0
2,4,event,475,0.002250000000003638,0
2,4,event,476,0.0022910000002411834,0
2,4,event,477,0.0018329999998059066,0
2,4,event,478,0.001833000000260654,0
2,4,event,479,0.0018329999998059066,0
2,4,event,480,0.022084000000177184,4
2,4,event,481,0.002457999999933236,0
2,4,event,482,0.0019580000002861198,0
2,4,event,483,0.002708999999867956,0
2,4,event,484,0.0026250000000800355,0
2,4,event,485,0.0018749999999272404,0
2,4,event,486,0.001833000000260654,0
2,4,event,487,0.0019170000000485743,0
2,4,event,488,0.0018329999998059066,0
2,4,event,489,0.002290999999786436,0
2,4,event,490,0.0019579999998313724,0
2,4,event,491,0.0029999999997016857,0
2,4,event,492,0.002292000000124972,0
2,4,event,493,0.0018749999999272404,0
2,4,event,494,0.0018749999999272404,0
2,4,event,495,0.0027500000001055014,0
2,4,event,496,0.0019580000002861198,0
2,4,event,497,0.0019999999999527063,0
2,4,event,498,0.0018340000001444423,0
2,4,event,499,0.00204200000007404,0
2,4,event,500,0.003040999999939231,0
2,4,event,501,0.001916999999593827,0
2,4,event,502,0.0019170000000485743,0
2,4,event,503,0.0029999999997016857,0
2,4,event,504,0.00204200000007404,0
2,4,event,505,0.002791000000343047,0
2,4,event,506,0.0018749999999272404,0
2,4,event,507,0.0018749999999272404,0
2,4,event,508,0.0018749999999272404,0
2,4,event,509,0.0018749999999272404,0
2,4,event,510,0.002250000000003638,0
2,4,event,511,0.0019579999998313724,0
2,4,event,512,0.0019999999999527063,0
2,4,event,513,0.0019579999998313724,0
2,4,event,514,0.0019159999997100385,0
2,4,event,515,0.0018749999999272404,0
2,4,event,516,0.0022910000002411834,0
2,4,event,517,0.00179100000013932,0
2,4,event,518,0.0019170000000485743,0
2,4,event,519,0.0023339999997915584,0
2,4,event,520,0.0018749999999272404,0
2,4,event,521,0.002250000000003638,0
2,4,event,522,0.0019170000000485743,0
2,4,event,523,0.0020830000003115856,0
2,4,event,524,0.0023749999995743565,0
2,4,event,525,0.0019999999999527063,0
2,4,event,526,0.0023330000003625173,0
2,4,event,527,0.001959000000169908,0
2,4,event,528,0.0018340000001444423,0
2,4,event,529,0.0019170000000485743,0
2,4,event,530,0.0018329999998059066,0
2,4,event,531,0.0020829999998568383,0
2,4,event,532,0.0019170000000485743,0
2,4,event,533,0.00179100000013932,0
2,4,event,534,0.0026250000000800355,0
2,4,event,535,0.001916999999593827,0
2,4,event,536,0.001833000000260654,0
2,4,event,537,0.002375000000029104,0
2,4,event,538,0.0018749999999272404,0
2,4,event,539,0.0017920000000231084,0
2,4,event,540,0.021167000000332337,4
2,4,event,541,0.0024590000002717716,0
2,4,event,542,0.0024170000001504377,0
2,4,event,543,0.0019999999999527063,0
2,4,event,544,0.002375000000029104,0
2,4,event,545,0.002541999999721156,0
2,4,event,546,0.0018329999998059066,0
2,4,event,547,0.0019999999999527063,0
2,4,event,548,0.0019159999997100385,0
2,4,event,549,0.0018329999998059066,0
2,4,event,550,0.002207999999882304,0
2,4,event,551,0.0018749999999272404,0
2,4,event,552,0.002250000000003638,0
2,4,event,553,0.001833000000260654,0
2,4,event,554,0.0019580000002861198,0
2,4,event,555,0.0019170000000485743,0
2,4,event,556,0.0022089999997660925,0
2,4,event,557,0.001958999999715161,0
2,4,event,558,0.0019170000000485743,0
2,4,event,559,0.0017079999997804407,0
2,4,event,560,0.0017909999996845727,0
2,4,event,561,0.0025829999999587017,0
2,4,event,562,0.0019170000000485743,0
2,4,event,563,0.0018750000003819878,0
2,4,event,564,0.0019170000000485743,0
2,4,event,565,0.002917000000252301,0
2,4,event,566,0.002375000000029104,0
2,4,event,567,0.0020829999998568383,0
2,4,event,568,0.0017920000000231084,0
2,4,event,569,0.0019170000000485743,0
2,4,event,570,0.001833999999689695,0
2,4,event,571,0.0021669999996447586,0
2,4,event,572,0.0018749999999272404,0
2,4,event,573,0.0017920000000231084,0
2,4,event,574,0.0019170000000485743,0
2,4,event,575,0.0019159999997100385,0
2,4,event,576,0.0018329999998059066,0
2,4,event,577,0.002375000000029104,0
2,4,event,578,0.0018749999999272404,0
2,4,event,579,0.002375000000029104,0
2,4,event,580,0.001833000000260654,0
2,4,event,581,0.0018329999998059066,0
2,4,event,582,0.0029169999997975538,0
2,4,event,583,0.0027909999998882995,0
2,4,event,584,0.0019579999998313724,0
2,4,event,585,0.0018749999999272404,0
2,4,event,586,0.0019999999999527063,0
2,4,event,587,0.00233299999990777,0
2,4,event,588,0.0019579999998313724,0
2,4,event,589,0.0017920000000231084,0
2,4,event,590,0.00258399999984249,0
2,4,event,591,0.0019170000000485743,0
2,4,event,592,0.0021669999996447586,0
2,4,event,593,0.001916999999593827,0
2,4,event,594,0.00179100000013932,0
2,4,event,595,0.0019579999998313724,0
2,4,event,596,0.0025000000000545697,0
2,4,event,597,0.0019999999999527063,0
2,4,event,598,0.002250000000003638,0
2,4,event,599,0.002624999999625288,0
2,4,event,600,0.020082999999885942,4
2,4,event,601,0.0033330000001114968,0
2,4,event,602,0.0019159999997100385,0
2,4,event,603,0.002250000000003638,0
2,4,event,604,0.0018340000001444423,0
2,4,event,605,0.0026670000002013694,0
2,4,event,606,0.0024170000001504377,0
2,4,event,607,0.0024170000001504377,0
2,4,event,608,0.0018750000003819878,0
2,4,event,609,0.0019579999998313724,0
2,4,event,610,0.0018329999998059066,0
2,4,event,611,0.002290999999786436,0
2,4,event,612,0.0019999999999527063,0
2,4,event,613,0.0019170000000485743,0
2,4,event,614,0.0018750000003819878,0
2,4,event,615,0.0019999999999527063,0
2,4,event,616,0.002041999999619293,0
2,4,event,617,0.0027909999998882995,0
2,4,event,618,0.0026670000002013694,0
2,4,event,619,0.0018749999999272404,0
2,4,event,620,0.002250000000003638,0
2,4,event,621,0.0019159999997100385,0
2,4,event,622,0.002457999999933236,0
2,4,event,623,0.0019999999999527063,0
2,4,event,624,0.0019579999998313724,0
2,4,event,625,0.00204200000007404,0
2,4,event,626,0.0019160000001647859,0
2,4,event,627,0.0035410000000410946,0
2,4,event,628,0.0020409999997355044,0
2,4,event,629,0.0018329999998059066,0
2,4,event,630,0.0020829999998568383,0
2,4,event,631,0.0019579999998313724,0
2,4,event,632,0.002457999999933236,0
2,4,event,633,0.0019999999999527063,0
2,4,event,634,0.0019170000000485743,0
2,4,event,635,0.0019579999998313724,0
2,4,event,636,0.0019579999998313724,0
2,4,event,637,0.0019160000001647859,0
2,4,event,638,0.0022919999996702245,0
2,4,event,639,0.0019170000000485743,0
2,4,event,640,0.0019160000001647859,0
2,4,event,641,0.0017920000000231084,0
2,4,event,642,0.0019160000001647859,0
2,4,event,643,0.0024999999995998223,0
2,4,event,644,0.0019999999999527063,0
2,4,event,645,0.0025829999999587017,0
2,4,event,646,0.0020839999997406267,0
2,4,event,647,0.002124999999978172,0
2,4,event,648,0.0025000000000545697,0
2,4,event,649,0.0019580000002861198,0
2,4,event,650,0.0019580000002861198,0
2,4,event,651,0.0019999999999527063,0
2,4,event,652,0.002749999999650754,0
2,4,event,653,0.0024589999998170242,0
2,4,event,654,0.0024169999996956903,0
2,4,event,655,0.0020829999998568383,0
2,4,event,656,0.0019999999999527063,0
2,4,event,657,0.001958999999715161,0
2,4,event,658,0.0025000000000545697,0
2,4,event,659,0.002124999999978172,0
2,4,event,660,0.020208999999795196,4
2,4,event,661,0.0024169999996956903,0
2,4,event,662,0.0026670000002013694,0
2,4,event,663,0.0018749999999272404,0
2,4,event,664,0.002084000000195374,0
2,4,event,665,0.002167000000099506,0
2,4,event,666,0.0028330000000096334,0
2,4,event,667,0.00220900000022084,0
2,4,event,668,0.00204200000007404,0
2,4,event,669,0.0019170000000485743,0
2,4,event,670,0.0019579999998313724,0
2,4,event,671,0.0019160000001647859,0
2,4,event,672,0.0025000000000545697,0
2,4,event,673,0.0019170000000485743,0
2,4,event,674,0.00204200000007404,0
2,4,event,675,0.0019999999999527063,0
2,4,event,676,0.001833000000260654,0
2,4,event,677,0.0018329999998059066,0
2,4,event,678,0.002250000000003638,0
2,4,event,679,0.0018340000001444423,0
2,4,event,680,0.0019170000000485743,0
2,4,event,681,0.001959000000169908,0
2,4,event,682,0.0018340000001444423,0
2,4,event,683,0.0023340000002463057,0
2,4,event,684,0.0018749999999272404,0
2,4,event,685,0.0019579999998313724,0
2,4,event,686,0.0020410000001902517,0
2,4,event,687,0.002124999999978172,0
2,4,event,688,0.002292000000124972,0
2,4,event,689,0.0028330000000096334,0
2,4,event,690,0.0019999999999527063,0
2,4,event,691,0.003000000000156433,0
2,4,event,692,0.0019999999999527063,0
2,4,event,693,0.002167000000099506,0
2,4,event,694,0.0018340000001444423,0
2,4,event,695,0.0017920000000231084,0
2,4,event,696,0.00179100000013932,0
2,4,event,697,0.0018749999999272404,0
2,4,event,698,0.001833000000260654,0
2,4,event,699,0.0024169999996956903,0
2,4,event,700,0.0018749999999272404,0
2,4,event,701,0.0018750000003819878,0
2,4,event,702,0.0018749999999272404,0
2,4,event,703,0.0017499999999017746,0
2,4,event,704,0.002375000000029104,0
2,4,event,705,0.0019579999998313724,0
2,4,event,706,0.0019999999999527063,0
2,4,event,707,0.0026250000000800355,0
2,4,event,708,0.002457999999933236,0
2,4,event,709,0.002292000000124972,0
2,4,event,710,0.0018329999998059066,0
2,4,event,711,0.0018749999999272404,0
2,4,event,712,0.001833000000260654,0
2,4,event,713,0.0018329999998059066,0
2,4,event,714,0.0021660000002157176,0
2,4,event,715,0.001833000000260654,0
2,4,event,716,0.0019160000001647859,0
2,4,event,717,0.0018749999999272404,0
2,4,event,718,0.002250000000003638,0
2,4,event,719,0.0019170000000485743,0
2,4,event,720,0.022207999999864114,4
2,4,event,721,0.002375000000029104,0
2,4,event,722,0.0019579999998313724,0
2,4,event,723,0.0025829999999587017,0
2,4,event,724,0.0019580000002861198,0
2,4,event,725,0.0018329999998059066,0
2,4,event,726,0.0019159999997100385,0
2,4,event,727,0.0025000000000545697,0
2,4,event,728,0.003083000000060565,0
2,4,event,729,0.0019170000000485743,0
2,4,event,730,0.0020000000004074536,0
2,4,event,731,0.0019999999999527063,0
2,4,event,732,0.0018329999998059066,0
2,4,event,733,0.0021659999997609702,0
2,4,event,734,0.0018749999999272404,0
2,4,event,735,0.002084000000195374,0
2,4,event,736,0.0018750000003819878,0
2,4,event,737,0.0018749999999272404,0
2,4,event,738,0.00179100000013932,0
2,4,event,739,0.002250000000003638,0
2,4,event,740,0.0019580000002861198,0
2,4,event,741,0.0019160000001647859,0
2,4,event,742,0.0028330000000096334,0
2,4,event,743,0.0022910000002411834,0
2,4,event,744,0.0024160000002666493,0
2,4,event,745,0.0017920000000231084,0
2,4,event,746,0.0018329999998059066,0
2,4,event,747,0.0019170000000485743,0
2,4,event,748,0.001959000000169908,0
2,4,event,749,0.002292000000124972,0
2,4,event,750,0.0018749999999272404,0
2,4,event,751,0.002708999999867956,0
2,4,event,752,0.0018329999998059066,0
2,4,event,753,0.0018329999998059066,0
2,4,event,754,0.0020409999997355044,0
2,4,event,755,0.0019999999999527063,0
2,4,event,756,0.001750000000356522,0
2,4,event,757,0.0018329999998059066,0
2,4,event,758,0.0019580000002861198,0
2,4,event,759,0.0027500000001055014,0
2,4,event,760,0.002124999999978172,0
2,4,event,761,0.001916999999593827,0
2,4,event,762,0.0019160000001647859,0
2,4,event,763,0.0017920000000231084,0
2,4,event,764,0.0017920000000231084,0
2,4,event,765,0.0028339999998934218,0
2,4,event,766,0.00204200000007404,0
2,4,event,767,0.0020000000004074536,0
2,4,event,768,0.0019170000000485743,0
2,4,event,769,0.003624999999829015,0
2,4,event,770,0.0019999999999527063,0
2,4,event,771,0.0025829999999587017,0
2,4,event,772,0.0019579999998313724,0
2,4,event,773,0.0019160000001647859,0
2,4,event,774,0.0023330000003625173,0
2,4,event,775,0.0018749999999272404,0
2,4,event,776,0.0019170000000485743,0
2,4,event,777,0.0018340000001444423,0
2,4,event,778,0.001959000000169908,0
2,4,event,779,0.002292000000124972,0
2,4,event,780,0.022833999999875232,4
2,4,event,781,0.003541999999924883,0
2,4,event,782,0.0026250000000800355,0
2,4,event,783,0.0019999999999527063,0
2,4,event,784,0.001959000000169908,0
2,4,event,785,0.0019170000000485743,0
2,4,event,786,0.0019579999998313724,0
2,4,event,787,0.002541999999721156,0
2,4,event,788,0.0025000000000545697,0
2,4,event,789,0.002124999999978172,0
2,4,event,790,0.0020829999998568383,0
2,4,event,791,0.0019999999999527063,0
2,4,event,792,0.0020829999998568383,0
2,4,event,793,0.003000000000156433,0
2,4,event,794,0.0019999999999527063,0
2,4,event,795,0.0019579999998313724,0
2,4,event,796,0.0019999999999527063,0
2,4,event,797,0.0019999999999527063,0
2,4,event,798,0.002250000000003638,0
2,4,event,799,0.0019170000000485743,0
2,4,event,800,0.0018749999999272404,0
2,4,event,801,0.0019170000000485743,0
2,4,event,802,0.0019170000000485743,0
2,4,event,803,0.002791000000343047,0
2,4,event,804,0.0018749999999272404,0
2,4,event,805,0.0019160000001647859,0
2,4,event,806,0.001833000000260654,0
2,4,event,807,0.0019160000001647859,0
2,4,event,808,0.00233299999990777,0
2,4,event,809,0.0020410000001902517,0
2,4,event,810,0.0019170000000485743,0
2,4,event,811,0.0018329999998059066,0
2,4,event,812,0.0020409999997355044,0
2,4,event,813,0.0025829999999587017,0
2,4,event,814,0.002375000000029104,0
2,4,event,815,0.0019999999999527063,0
2,4,event,816,0.0019170000000485743,0
2,4,event,817,0.0018749999999272404,0
2,4,event,818,0.0018340000001444423,0
2,4,event,819,0.002292000000124972,0
2,4,event,820,0.0018749999999272404,0
2,4,event,821,0.0019580000002861198,0
2,4,event,822,0.0019160000001647859,0
2,4,event,823,0.0018329999998059066,0
2,4,event,824,0.00233299999990777,0
2,4,event,825,0.001959000000169908,0
2,4,event,826,0.001959000000169908,0
2,4,event,827,0.0019170000000485743,0
2,4,event,828,0.0019159999997100385,0
2,4,event,829,0.0019170000000485743,0
2,4,event,830,0.0026670000002013694,0
2,4,event,831,0.0019170000000485743,0
2,4,event,832,0.0018329999998059066,0
2,4,event,833,0.0019999999999527063,0
2,4,event,834,0.0024589999998170242,0
2,4,event,835,0.0023339999997915584,0
2,4,event,836,0.0019999999999527063,0
2,4,event,837,0.001958999999715161,0
2,4,event,838,0.0019170000000485743,0
2,4,event,839,0.0018749999999272404,0
2,4,event,840,0.022249999999985448,4
2,4,event,841,0.0024170000001504377,0
2,4,event,842,0.0020830000003115856,0
2,4,event,843,0.0034580000001369626,0
2,4,event,844,0.0029159999999137654,0
2,4,event,845,0.0019999999999527063,0
2,4,event,846,0.0018340000001444423,0
2,4,event,847,0.002167000000099506,0
2,4,event,848,0.0021659999997609702,0
2,4,event,849,0.0025000000000545697,0
2,4,event,850,0.0019159999997100385,0
2,4,event,851,0.0018749999999272404,0
2,4,event,852,0.0019579999998313724,0
2,4,event,853,0.0020829999998568383,0
2,4,event,854,0.002415999999811902,0
2,4,event,855,0.002290999999786436,0
2,4,event,856,0.0019159999997100385,0
2,4,event,857,0.0019999999999527063,0
2,4,event,858,0.0018329999998059066,0
2,4,event,859,0.0023339999997915584,0
2,4,event,860,0.001833999999689695,0
2,4,event,861,0.001833999999689695,0
2,4,event,862,0.0017499999999017746,0
2,4,event,863,0.0019159999997100385,0
2,4,event,864,0.002207999999882304,0
2,4,event,865,0.0019999999999527063,0
2,4,event,866,0.0018340000001444423,0
2,4,event,867,0.0018340000001444423,0
2,4,event,868,0.001916999999593827,0
2,4,event,869,0.002124999999978172,0
2,4,event,870,0.0019170000000485743,0
2,4,event,871,0.0018749999999272404,0
2,4,event,872,0.001833000000260654,0
2,4,event,873,0.0020409999997355044,0
2,4,event,874,0.0018329999998059066,0
2,4,event,875,0.0028330000000096334,0
2,4,event,876,0.001833000000260654,0
2,4,event,877,0.00233299999990777,0
2,4,event,878,0.0019170000000485743,0
2,4,event,879,0.0017909999996845727,0
2,4,event,880,0.002375000000029104,0
2,4,event,881,0.0019170000000485743,0
2,4,event,882,0.0018340000001444423,0
2,4,event,883,0.0018749999999272404,0
2,4,event,884,0.0018750000003819878,0
2,4,event,885,0.002167000000099506,0
2,4,event,886,0.0019160000001647859,0
2,4,event,887,0.0019579999998313724,0
2,4,event,888,0.0018329999998059066,0
2,4,event,889,0.0017920000000231084,0
2,4,event,890,0.0018749999999272404,0
2,4,event,891,0.002375000000029104,0
2,4,event,892,0.0018340000001444423,0
2,4,event,893,0.0019170000000485743,0
2,4,event,894,0.001958999999715161,0
2,4,event,895,0.0019999999999527063,0
2,4,event,896,0.0021660000002157176,0
2,4,event,897,0.002375000000029104,0
2,4,event,898,0.0023339999997915584,0
2,4,event,899,0.0061670000000049185,0
2,4,event,900,0.0244580000003225,4
2,4,event,901,0.002666000000317581,0
2,4,event,902,0.00204200000007404,0
2,4,event,903,0.0025000000000545697,0
2,4,event,904,0.002375000000029104,0
2,4,event,905,0.0028330000000096334,0
2,4,event,906,0.0018329999998059066,0
2,4,event,907,0.0018750000003819878,0
2,4,event,908,0.0018749999999272404,0
2,4,event,909,0.002207999999882304,0
2,4,event,910,0.0024160000002666493,0
2,4,event,911,0.0019999999999527063,0
2,4,event,912,0.0019580000002861198,0
2,4,event,913,0.0018749999999272404,0
2,4,event,914,0.0025420000001759036,0
2,4,event,915,0.002167000000099506,0
2,4,event,916,0.0019999999999527063,0
2,4,event,917,0.0020829999998568383,0
2,4,event,918,0.0018749999999272404,0
2,4,event,919,0.0020409999997355044,0
2,4,event,920,0.002375000000029104,0
2,4,event,921,0.0018329999998059066,0
2,4,event,922,0.0018749999999272404,0
2,4,event,923,0.001708000000235188,0
2,4,event,924,0.0017499999999017746,0
2,4,event,925,0.0023339999997915584,0
2,4,event,926,0.0019170000000485743,0
2,4,event,927,0.001958999999715161,0
2,4,event,928,0.001958999999715161,0
2,4,event,929,0.0018749999999272404,0
2,4,event,930,0.0018329999998059066,0
2,4,event,931,0.0024170000001504377,0
2,4,event,932,0.0018749999999272404,0
2,4,event,933,0.0018329999998059066,0
2,4,event,934,0.0019580000002861198,0
2,4,event,935,0.0020410000001902517,0
2,4,event,936,0.0022080000003370515,0
2,4,event,937,0.0024170000001504377,0
2,4,event,938,0.001833000000260654,0
2,4,event,939,0.001833000000260654,0
2,4,event,940,0.001916999999593827,0
2,4,event,941,0.002250000000003638,0
2,4,event,942,0.002250000000003638,0
2,4,event,943,0.0018749999999272404,0
2,4,event,944,0.001750000000356522,0
2,4,event,945,0.0017920000000231084,0
2,4,event,946,0.002167000000099506,0
2,4,event,947,0.0019170000000485743,0
2,4,event,948,0.0018750000003819878,0
2,4,event,949,0.0018749999999272404,0
2,4,event,950,0.001833999999689695,0
2,4,event,951,0.0018749999999272404,0
2,4,event,952,0.0032499999997526174,0
2,4,event,953,0.0020000000004074536,0
2,4,event,954,0.0018329999998059066,0
2,4,event,955,0.001833999999689695,0
2,4,event,956,0.001958999999715161,0
2,4,event,957,0.00233299999990777,0
2,4,event,958,0.0018749999999272404,0
2,4,event,959,0.0019999999999527063,0
2,4,event,960,0.02070899999989706,4
2,4,event,961,0.00258399999984249,0
2,4,event,962,0.0019999999999527063,0
2,4,event,963,0.0019160000001647859,0
2,4,event,964,0.001833000000260654,0
2,4,event,965,0.002124999999978172,0
2,4,event,966,0.0018340000001444423,0
2,4,event,967,0.0027500000001055014,0
2,4,event,968,0.0018749999999272404,0
2,4,event,969,0.0019579999998313724,0
2,4,event,970,0.0017909999996845727,0
2,4,event,971,0.0027920000002268353,0
2,4,event,972,0.0017920000000231084,0
2,4,event,973,0.0019999999999527063,0
2,4,event,974,0.0019170000000485743,0
2,4,event,975,0.0020000000004074536,0
2,4,event,976,0.00233299999990777,0
2,4,event,977,0.0025000000000545697,0
2,4,event,978,0.0019579999998313724,0
2,4,event,979,0.002292000000124972,0
2,4,event,980,0.0019159999997100385,0
2,4,event,981,0.002250000000003638,0
2,4,event,982,0.001833000000260654,0
2,4,event,983,0.0019160000001647859,0
2,4,event,984,0.0019170000000485743,0
2,4,event,985,0.001791999999568361,0
2,4,event,986,0.002375000000029104,0
2,4,event,987,0.00179100000013932,0
2,4,event,988,0.0018329999998059066,0
2,4,event,989,0.00233299999990777,0
2,4,event,990,0.0017909999996845727,0
2,4,event,991,0.0020829999998568383,0
2,4,event,992,0.002292000000124972,0
2,4,event,993,0.0023340000002463057,0
2,4,event,994,0.0026670000002013694,0
2,4,event,995,0.0019580000002861198,0
2,4,event,996,0.00204200000007404,0
2,4,event,997,0.002415999999811902,0
2,4,event,998,0.0019170000000485743,0
2,4,event,999,0.0025000000000545697,0
2,4,burst,0,0.13041699999985212,28
2,4,burst,1,0.12816700000030323,28
2,4,burst,2,0.12341600000036124,28
2,4,burst,3,0.12587500000017826,28
2,4,burst,4,0.1230000000000473,28
2,4,burst,5,0.12599999999974898,28
2,4,burst,6,0.12550000000010186,28
2,4,burst,7,0.12800000000015643,28
2,4,burst,8,0.13137499999993452,28
2,4,burst,9,0.12708299999985684,28
2,4,burst,10,0.13408299999991868,28
2,4,burst,11,0.13279199999988123,28
2,4,burst,12,0.12208300000020245,28
2,4,burst,13,0.12587500000017826,28
2,4,burst,14,0.12837500000023283,28
2,4,burst,15,0.13758300000017698,28
2,4,burst,16,0.12362499999971988,28
2,4,burst,17,0.7297499999999673,28
2,4,burst,18,0.1433750000001055,28
2,4,burst,19,0.13704200000029232,28
2,4,burst,20,0.13033299999960946,28
2,4,burst,21,0.14087500000005093,28
2,4,burst,22,0.1283330000001115,28
2,4,burst,23,0.13683300000002419,28
2,4,burst,24,49.38487500000019,28
2,4,burst,25,0.2541670000000522,28
2,4,burst,26,0.14666699999997945,28
2,4,burst,27,0.14112500000010186,28
2,4,burst,28,0.14091699999971752,28
2,4,burst,29,0.1408329999999296,28
2,4,burst,30,0.1476249999996071,28
2,4,burst,31,0.14008300000023155,28
2,4,burst,32,0.16220900000007532,28
2,4,burst,33,0.1517079999998714,28
2,4,burst,34,0.5332909999997355,28
2,4,burst,35,0.36454200000025594,28
2,4,burst,36,0.2657080000003589,28
2,4,burst,37,0.17258300000003146,28
2,4,burst,38,0.1615830000000642,28
2,4,burst,39,0.15216600000030667,28
2,4,burst,40,0.1829579999998714,28
2,4,burst,41,0.18233299999974406,28
2,4,burst,42,0.14854200000036144,28
2,4,burst,43,0.16504200000008495,28
2,4,burst,44,0.3283749999995962,28
2,4,burst,45,0.14787500000011278,28
2,4,burst,46,0.15745800000013332,28
2,4,burst,47,0.17412500000000364,28
2,4,burst,48,0.15575000000035288,28
2,4,burst,49,0.2067909999996118,28
2,4,burst,50,0.15858299999990777,28
2,4,burst,51,0.14424999999982901,28
2,4,burst,52,0.13908300000002782,28
2,4,burst,53,0.14554099999986647,28
2,4,burst,54,0.14699999999993452,28
2,4,burst,55,0.17275000000017826,28
2,4,burst,56,0.13958400000001348,28
2,4,burst,57,0.13837499999999636,28
2,4,burst,58,0.1390409999999065,28
2,4,burst,59,0.1362500000000182,28
2,4,burst,60,0.1452079999999114,28
2,4,burst,61,0.1392919999998412,28
2,4,burst,62,0.18412499999976717,28
2,4,burst,63,0.10449999999991633,28
2,4,burst,64,0.08770800000002055,28
2,4,burst,65,0.09166700000014316,28
2,4,burst,66,0.0834170000002814,28
2,4,burst,67,0.10195800000019517,28
2,4,burst,68,0.08695900000020629,28
2,4,burst,69,0.0860000000002401,28
2,4,burst,70,0.08254200000010314,28
2,4,burst,71,0.08249999999998181,28
2,4,burst,72,0.08191600000009203,28
2,4,burst,73,0.08204200000000128,28
2,4,burst,74,0.08229200000005221,28
2,4,burst,75,0.08616600000004837,28
2,4,burst,76,0.07491699999991397,28
2,4,burst,77,0.07012499999973443,28
2,4,burst,78,0.06854199999997945,28
2,4,burst,79,0.06954099999984464,28
2,4,burst,80,0.06833299999971132,28
2,4,burst,81,0.07012500000018917,28
2,4,burst,82,0.07266600000002654,28
2,4,burst,83,0.0783329999999296,28
2,4,burst,84,0.06916700000010678,28
2,4,burst,85,0.0725840000000062,28
2,4,burst,86,0.06858399999964604,28
2,4,burst,87,0.07133399999975154,28
2,4,burst,88,0.06904100000019753,28
2,4,burst,89,0.07029199999988123,28
2,4,burst,90,0.06891600000017206,28
2,4,burst,91,0.07004200000028504,28
2,4,burst,92,0.07108400000015536,28
2,4,burst,93,0.06979200000023411,28
2,4,burst,94,0.06833299999971132,28
2,4,burst,95,0.06895799999983865,28
2,4,burst,96,0.07462500000019645,28
2,4,burst,97,0.07170799999994415,28
2,4,burst,98,0.06991699999980483,28
2,4,burst,99,0.07095899999967514,28
2,4,burst,100,0.07124999999996362,28
2,4,burst,101,0.06929200000013225,28
2,4,burst,102,0.06962499999963256,28
2,4,burst,103,0.0729999999998654,28
2,4,burst,104,0.07037499999978536,28
2,4,burst,105,0.07008300000006784,28
2,4,burst,106,0.06808399999999892,28
2,4,burst,107,0.06866700000000492,28
2,4,burst,108,0.07016700000031051,28
2,4,burst,109,0.06966700000020865,28
2,4,burst,110,0.06925000000001091,28
2,4,burst,111,0.07208399999990434,28
2,4,burst,112,0.07033400000000256,28
2,4,burst,113,0.07249999999976353,28
2,4,burst,114,0.07083399999964968,28
2,4,burst,115,0.0716669999997066,28
2,4,burst,116,0.07245800000009694,28
2,4,burst,117,0.06920799999988958,28
2,4,burst,118,0.07187500000009095,28
2,4,burst,119,0.07991700000002311,28
2,4,burst,120,0.0707500000003165,28
2,4,burst,121,0.06954199999972843,28
2,4,burst,122,0.06887499999993452,28
2,4,burst,123,0.0705420000003869,28
2,4,burst,124,0.07025000000021464,28
2,4,burst,125,0.07129200000008495,28
2,4,burst,126,0.06874999999990905,28
2,4,burst,127,0.07249999999976353,28
2,4,burst,128,0.0700419999998303,28
2,4,burst,129,0.06891600000017206,28
2,4,burst,130,0.06904200000008132,28
2,4,burst,131,0.06695799999988594,28
2,4,burst,132,0.07233299999961673,28
2,4,burst,133,0.05883400000038819,28
2,4,burst,134,0.05487500000026557,28
2,4,burst,135,0.05600000000004002,28
2,4,burst,136,0.05833299999994779,28
2,4,burst,137,0.055957999999918684,28
2,4,burst,138,0.05604200000016135,28
2,4,burst,139,0.05912499999976717,28
2,4,burst,140,0.05608299999994415,28
2,4,burst,141,0.05687499999976353,28
2,4,burst,142,0.05658300000004601,28
2,4,burst,143,0.058540999999877386,28
2,4,burst,144,0.05633299999999508,28
2,4,burst,145,0.05645800000002055,28
2,4,burst,146,0.05637499999966167,28
2,4,burst,147,0.05891700000029232,28
2,4,burst,148,0.0569590000000062,28
2,4,burst,149,0.06424999999990177,28
2,4,burst,150,0.05812500000001819,28
2,4,burst,151,0.0573340000000826,28
2,4,burst,152,0.057542000000012195,28
2,4,burst,153,0.05712499999981446,28
2,4,burst,154,0.06079199999976481,28
2,4,burst,155,0.05816599999980099,28
2,4,burst,156,0.05650000000014188,28
2,4,burst,157,0.05708299999969313,28
2,4,burst,158,0.057458000000224274,28
2,4,burst,159,0.060583999999835214,28
2,4,burst,160,0.05633400000033362,28
2,4,burst,161,0.05808400000023539,28
2,4,burst,162,0.05695799999966766,28
2,4,burst,163,0.05858299999999872,28
2,4,burst,164,0.05741600000010294,28
2,4,burst,165,0.056375000000116415,28
2,4,burst,166,0.05720800000017334,28
2,4,burst,167,0.057999999999992724,28
2,4,burst,168,0.05875000000014552,28
2,4,burst,169,0.05620900000030815,28
2,4,burst,170,0.05666700000028868,28
2,4,burst,171,0.057458000000224274,28
2,4,burst,172,0.05641599999989921,28
2,4,burst,173,0.05670899999995527,28
2,4,burst,174,0.05691700000033961,28
2,4,burst,175,0.06212500000037835,28
2,4,burst,176,0.06170799999972587,28
2,4,burst,177,0.05850000000009459,28
2,4,burst,178,0.056833000000096945,28
2,4,burst,179,0.05783399999972971,28
2,4,burst,180,0.05920900000000984,28
2,4,burst,181,0.05654099999992468,28
2,4,burst,182,0.05995900000016263,28
2,4,burst,183,0.057624999999916326,28
2,4,burst,184,0.056458999999904336,28
2,4,burst,185,0.058083999999780644,28
2,4,burst,186,0.057624999999916326,28
2,4,burst,187,0.0573340000000826,28
2,4,burst,188,0.057207999999718595,28
2,4,burst,189,0.05966600000010658,28
2,4,burst,190,0.060582999999951426,28
2,4,burst,191,0.05599999999958527,28
2,4,burst,192,0.055749999999989086,28
2,4,burst,193,0.05600000000004002,28
2,4,burst,194,0.0571669999999358,28
2,4,burst,195,0.056291000000328495,28
2,4,burst,196,0.05541700000003402,28
2,4,burst,197,0.06029100000023391,28
2,4,burst,198,0.05774999999994179,28
2,4,burst,199,0.05874999999969077,28
2,4,burst,200,0.05604200000016135,28
2,4,burst,201,0.05633299999999508,28
2,4,burst,202,0.0591669999998885,28
2,4,burst,203,0.056291999999757536,28
2,4,burst,204,0.059750000000349246,28
2,4,burst,205,0.0553330000002461,28
2,4,burst,206,0.0619579999997768,28
2,4,burst,207,0.055499999999938154,28
2,4,burst,208,0.058082999999896856,28
2,4,burst,209,0.05587500000001455,28
2,4,burst,210,0.05566599999974642,28
2,4,burst,211,0.05516699999998309,28
2,4,burst,212,0.055499999999938154,28
2,4,burst,213,0.05354200000010678,28
2,4,burst,214,0.05429199999980483,28
2,4,burst,215,0.054165999999895575,28
2,4,burst,216,0.053457999999864114,28
2,4,burst,217,0.05445899999995163,28
2,4,burst,218,0.05687500000021828,28
2,4,burst,219,0.053792000000157714,28
2,4,burst,220,0.05358299999988958,28
2,4,burst,221,0.05375000000003638,28
2,4,burst,222,23.16204099999959,28
2,4,burst,223,0.1671249999999418,28
2,4,burst,224,0.1465000000002874,28
2,4,burst,225,0.20633300000008603,28
2,4,burst,226,0.14804099999992104,28
2,4,burst,227,0.1388329999999769,28
2,4,burst,228,0.14145800000005693,28
2,4,burst,229,0.13699999999971624,28
2,4,burst,230,0.14433299999973315,28
2,4,burst,231,0.5155840000002172,28
2,4,burst,232,0.18595800000002782,28
2,4,burst,233,0.14245800000026065,28
2,4,burst,234,0.14191699999992125,28
2,4,burst,235,0.1366250000000946,28
2,4,burst,236,0.13604199999963384,28
2,4,burst,237,0.1390839999999116,28
2,4,burst,238,0.18429100000003018,28
2,4,burst,239,0.17095900000003894,28
2,4,burst,240,0.1613750000001346,28
2,4,burst,241,0.14145799999960218,28
2,4,burst,242,0.15958399999999529,28
2,4,burst,243,0.16666599999962273,28
2,4,burst,244,1.9780000000000655,28
2,4,burst,245,0.07354200000008859,28
2,4,burst,246,0.63799999999992,28
2,4,burst,247,0.1487080000001697,28
2,4,burst,248,0.14362500000015643,28
2,4,burst,249,0.14383300000008603,28
2,4,burst,250,1.4872080000000096,28
2,4,burst,251,0.21208299999989322,28
2,4,burst,252,0.19745899999998073,28
2,4,burst,253,0.23220899999978428,28
2,4,burst,254,0.24158399999987523,28
2,4,burst,255,0.0694999999996071,28
2,4,burst,256,0.05945900000006077,28
2,4,burst,257,0.06304199999976845,28
2,4,burst,258,0.05850000000009459,28
2,4,burst,259,0.05587500000001455,28
2,4,burst,260,0.05670899999995527,28
2,4,burst,261,0.06295899999986432,28
2,4,burst,262,0.056375000000116415,28
2,4,burst,263,0.05579200000011042,28
2,4,burst,264,0.05641599999989921,28
2,4,burst,265,0.05654199999980847,28
2,4,burst,266,0.056125000000065484,28
2,4,burst,267,0.05633399999987887,28
2,4,burst,268,0.05741600000010294,28
2,4,burst,269,0.06658399999969333,28
2,4,burst,270,0.05600000000004002,28
2,4,burst,271,0.055292000000008557,28
2,4,burst,272,0.054874999999810825,28
2,4,burst,273,0.6829590000002099,28
2,4,burst,274,0.06162499999982174,28
2,4,burst,275,0.777958000000126,28
2,4,burst,276,0.16699999999991633,28
2,4,burst,277,0.1530840000000353,28
2,4,burst,278,0.16995799999995143,28
2,4,burst,279,1.7069580000002134,28
2,4,burst,280,0.07541700000001583,28
2,4,burst,281,0.06587500000023283,28
2,4,burst,282,0.06358399999999165,28
2,4,burst,283,0.0593749999998181,28
2,4,burst,284,0.05875000000014552,28
2,4,burst,285,0.060666999999739346,28
2,4,burst,286,0.07320800000024974,28
2,4,burst,287,0.057916999999633845,28
2,4,burst,288,0.059249999999792635,28
2,4,burst,289,0.06083300000000236,28
2,4,burst,290,0.057084000000031665,28
2,4,burst,291,0.055749999999989086,28
2,4,burst,292,0.06199999999989814,28
2,4,burst,293,0.05741600000010294,28
2,4,burst,294,0.05554200000005949,28
2,4,burst,295,0.05608299999994415,28
2,4,burst,296,4.5408330000000205,28
2,4,burst,297,0.16108299999996234,28
2,4,burst,298,0.14154199999984485,28
2,4,burst,299,0.14012500000035288,28
2,4,burst,300,4.554125000000113,28
2,4,burst,301,0.11241700000027777,28
2,4,burst,302,0.3413749999999709,28
2,4,burst,303,0.18395800000007512,28
2,4,burst,304,0.15049999999973807,28
2,4,burst,305,0.13979199999994307,28
2,4,burst,306,0.19562500000029104,28
2,4,burst,307,0.15316699999993943,28
2,4,burst,308,0.14200000000028012,28
2,4,burst,309,0.1388329999999769,28
2,4,burst,310,0.37408300000015515,28
2,4,burst,311,0.1511249999998654,28
2,4,burst,312,0.18758299999990413,28
2,4,burst,313,0.3439999999995962,28
2,4,burst,314,0.08466600000019753,28
2,4,burst,315,0.06037500000002183,28
2,4,burst,316,0.0680409999999938,28
2,4,burst,317,0.06083400000034089,28
2,4,burst,318,0.05920900000000984,28
2,4,burst,319,0.05687499999976353,28
2,4,burst,320,0.058541999999761174,28
2,4,burst,321,0.055833000000347965,28
2,4,burst,322,0.0557080000003225,28
2,4,burst,323,0.05712500000026921,28
2,4,burst,324,0.0592079999996713,28
2,4,burst,325,0.05537499999991269,28
2,4,burst,326,0.05675000000019281,28
2,4,burst,327,0.057000000000243745,28
2,4,burst,328,0.0566249999997126,28
2,4,burst,329,0.05587500000001455,28
2,4,burst,330,0.05583299999989322,28
2,4,burst,331,0.05641700000023775,28
2,4,burst,332,0.06133299999964947,28
2,4,burst,333,0.6319170000001577,28
2,4,burst,334,0.14512500000000728,28
2,4,burst,335,0.1392080000000533,28
2,4,burst,336,0.17625000000043656,28
2,4,burst,337,0.177208999999948,28
2,4,burst,338,0.16283299999986411,28
2,4,burst,339,0.2270419999999831,28
2,4,burst,340,0.2972080000004098,28
2,4,burst,341,0.0650829999999587,28
2,4,burst,342,0.3046669999998812,28
2,4,burst,343,0.06158400000003894,28
2,4,burst,344,0.24933400000008987,28
2,4,burst,345,0.1928330000000642,28
2,4,burst,346,0.16224999999985812,28
2,4,burst,347,0.14166599999998652,28
2,4,burst,348,0.17145799999980227,28
2,4,burst,349,0.14266700000007404,28
2,4,burst,350,0.1715409999997064,28
2,4,burst,351,0.1775830000001406,28
2,4,burst,352,0.13745800000015151,28
2,4,burst,353,0.16695800000024974,28
2,4,burst,354,0.16858400000000984,28
2,4,burst,355,0.14245800000026065,28
2,4,burst,356,0.15458300000000236,28
2,4,burst,357,0.1406659999997828,28
2,4,burst,358,0.1744170000001759,28
2,4,burst,359,0.4030410000000302,28
2,4,burst,360,0.06391600000006292,28
2,4,burst,361,0.05704199999991033,28
2,4,burst,362,1.7968329999998787,28
2,4,burst,363,0.5053750000001855,28
2,4,burst,364,0.2681249999995998,28
2,4,burst,365,0.40312500000027285,28
2,4,burst,366,0.1453750000000582,28
2,4,burst,367,0.1483339999999771,28
2,4,burst,368,0.6397500000002765,28
2,4,burst,369,0.0648750000000291,28
2,4,burst,370,0.06533300000000963,28
2,4,burst,371,0.05779099999972459,28
2,4,burst,372,0.055667000000084954,28
2,4,burst,373,0.05704100000002654,28
2,4,burst,374,0.0595829999997477,28
2,4,burst,375,0.0595419999999649,28
2,4,burst,376,0.053541000000222994,28
2,4,burst,377,0.05633399999987887,28
2,4,burst,378,0.055459000000155356,28
2,4,burst,379,0.06591600000001563,28
2,4,burst,380,0.05470900000000256,28
2,4,burst,381,0.054500000000189175,28
2,4,burst,382,0.05629099999987375,28
2,4,burst,383,0.056208999999853404,28
2,4,burst,384,0.055499999999938154,28
2,4,burst,385,0.05525000000034197,28
2,4,burst,386,0.05604100000027756,28
2,4,burst,387,0.05595899999980247,28
2,4,burst,388,0.05391699999972843,28
2,4,burst,389,0.056375000000116415,28
2,4,burst,390,0.05750000000034561,28
2,4,burst,391,0.05420800000001691,28
2,4,burst,392,0.054583999999977095,28
2,4,burst,393,0.055749999999989086,28
2,4,burst,394,0.055041999999957625,28
2,4,burst,395,0.05541599999969549,28
2,4,burst,396,0.05600000000004002,28
2,4,burst,397,0.05983299999979863,28
2,4,burst,398,0.05587500000001455,28
2,4,burst,399,0.05541599999969549,28
2,4,burst,400,0.054500000000189175,28
2,4,burst,401,0.053540999999768246,28
2,4,burst,402,0.057999999999992724,28
2,4,burst,403,0.05545799999981682,28
2,4,burst,404,0.0540419999997539,28
2,4,burst,405,0.05375000000003638,28
2,4,burst,406,0.055499999999938154,28
2,4,burst,407,0.05383299999994051,28
2,4,burst,408,0.05429199999980483,28
2,4,burst,409,0.052958000000217,28
2,4,burst,410,0.057624999999916326,28
2,4,burst,411,0.05554200000005949,28
2,4,burst,412,0.053625000000010914,28
2,4,burst,413,0.0597499999998945,28
2,4,burst,414,0.056084000000282686,28
2,4,burst,415,0.05420800000001691,28
2,4,burst,416,0.0658330000001115,28
2,4,burst,417,0.058082999999896856,28
2,4,burst,418,0.06750000000010914,28
2,4,burst,419,0.05875000000014552,28
2,4,burst,420,0.060750000000098225,28
2,4,burst,421,0.056749999999738066,28
2,4,burst,422,0.07087499999988722,28
2,4,burst,423,105.41216600000007,28
2,4,burst,424,0.2340409999997064,28
2,4,burst,425,0.18470799999977316,28
2,4,burst,426,0.8672500000002401,28
2,4,burst,427,1.1979590000000826,28
2,4,burst,428,0.1757500000003347,28
2,4,burst,429,0.6140409999998155,28
2,4,burst,430,1.5118750000001455,28
2,4,burst,431,0.2586660000001757,28
2,4,burst,432,0.2757080000001224,28
2,4,burst,433,0.16620800000009694,28
2,4,burst,434,0.16204199999992852,28
2,4,burst,435,0.2588749999999891,28
2,4,burst,436,0.15025000000014188,28
2,4,burst,437,0.5205839999998716,28
2,4,burst,438,0.4550840000001699,28
2,4,burst,439,0.3152919999997721,28
2,4,burst,440,0.19679099999984828,28
2,4,burst,441,33.68487499999992,28
2,4,burst,442,0.19275000000016007,28
2,4,burst,443,0.1487499999998363,28
2,4,burst,444,0.15987499999982901,28
2,4,burst,445,0.1562090000002172,28
2,4,burst,446,0.18758400000024267,28
2,4,burst,447,0.1564579999999296,28
2,4,burst,448,0.1638329999996131,28
2,4,burst,449,0.1634159999998701,28
2,4,burst,450,0.14941599999974642,28
2,4,burst,451,0.16224999999985812,28
2,4,burst,452,0.14491700000007768,28
2,4,burst,453,0.16733399999975518,28
2,4,burst,454,0.1499589999998534,28
2,4,burst,455,0.15462499999966894,28
2,4,burst,456,0.14541700000017954,28
2,4,burst,457,0.15620799999987867,28
2,4,burst,458,0.14833299999963856,28
2,4,burst,459,0.14983299999994415,28
2,4,burst,460,0.1487080000001697,28
2,4,burst,461,0.1643749999998363,28
2,4,burst,462,0.1545419999997648,28
2,4,burst,463,0.14716700000008132,28
2,4,burst,464,0.14724999999998545,28
2,4,burst,465,0.17641699999967386,28
2,4,burst,466,0.15487500000017462,28
2,4,burst,467,0.15791699999999764,28
2,4,burst,468,0.15062500000021828,28
2,4,burst,469,0.1533329999997477,28
2,4,burst,470,0.1449160000001939,28
2,4,burst,471,0.14979099999982282,28
2,4,burst,472,10.716415999999754,28
2,4,burst,473,0.16045900000017355,28
2,4,burst,474,0.1452079999999114,28
2,4,burst,475,0.14174999999977445,28
2,4,burst,476,0.1606669999996484,28
2,4,burst,477,0.1948330000000169,28
2,4,burst,478,0.11549999999988358,28
2,4,burst,479,0.08991700000024139,28
2,4,burst,480,0.08920900000020993,28
2,4,burst,481,0.08383400000002439,28
2,4,burst,482,0.08520899999984977,28
2,4,burst,483,0.07841699999971752,28
2,4,burst,484,0.08179100000006656,28
2,4,burst,485,0.08204200000000128,28
2,4,burst,486,0.14304200000015044,28
2,4,burst,487,0.09437500000012733,28
2,4,burst,488,0.28150000000005093,28
2,4,burst,489,0.1515409999997246,28
2,4,burst,490,0.14570800000001327,28
2,4,burst,491,0.15433299999995143,28
2,4,burst,492,0.1413750000001528,28
2,4,burst,493,0.15024999999968713,28
2,4,burst,494,0.1457909999999174,28
2,4,burst,495,0.14362500000015643,28
2,4,burst,496,0.14958300000034797,28
2,4,burst,497,0.14674999999988358,28
2,4,burst,498,0.14858400000002803,28
2,4,burst,499,0.13695899999993344,28
2,4,burst,500,0.16487499999993815,28
2,4,burst,501,0.14566699999977573,28
2,4,burst,502,0.1345409999998992,28
2,4,burst,503,0.13925000000017462,28
2,4,burst,504,0.1364160000002812,28
2,4,burst,505,0.13708300000007512,28
2,4,burst,506,0.13300000000026557,28
2,4,burst,507,0.140041999999994,28
2,4,burst,508,0.23687500000005457,28
2,4,burst,509,0.1356670000000122,28
2,4,burst,510,0.13362499999993815,28
2,4,burst,511,0.13445799999999508,28
2,4,burst,512,0.1400829999997768,28
2,4,burst,513,0.14845800000011877,28
2,4,burst,514,0.13566599999967366,28
2,4,burst,515,0.18829200000027413,28
2,4,burst,516,0.15283399999998437,28
2,4,burst,517,0.14379199999984849,28
2,4,burst,518,0.13945799999964947,28
2,4,burst,519,0.14145800000005693,28
2,4,burst,520,0.1394159999999829,28
2,4,burst,521,0.1431670000001759,28
2,4,burst,522,0.1407920000001468,28
2,4,burst,523,0.1398340000000644,28
2,4,burst,524,0.1400839999996606,28
2,4,burst,525,0.14075000000002547,28
2,4,burst,526,0.13991700000042329,28
2,4,burst,527,0.14195900000004258,28
2,4,burst,528,0.14208400000006804,28
2,4,burst,529,0.14466700000002675,28
2,4,burst,530,0.1527499999997417,28
2,4,burst,531,0.13999999999987267,28
2,4,burst,532,0.14399999999977808,28
2,4,burst,533,0.13999999999987267,28
2,4,burst,534,0.1405840000002172,28
2,4,burst,535,0.14075000000002547,28
2,4,burst,536,0.1444579999997586,28
2,4,burst,537,0.14258299999983137,28
2,4,burst,538,0.14154199999984485,28
2,4,burst,539,0.13979199999994307,28
2,4,burst,540,0.13966600000003382,28
2,4,burst,541,0.13945799999964947,28
2,4,burst,542,0.13754100000005565,28
2,4,burst,543,0.15362499999991996,28
2,4,burst,544,0.1393750000002001,28
2,4,burst,545,0.1419580000001588,28
2,4,burst,546,0.14837500000021464,28
2,4,burst,547,0.14274999999997817,28
2,4,burst,548,0.14049999999997453,28
2,4,burst,549,0.1408329999999296,28
2,4,burst,550,0.1446249999999054,28
2,4,burst,551,0.14304200000015044,28
2,4,burst,552,0.1405840000002172,28
2,4,burst,553,0.1384579999999005,28
2,4,burst,554,0.14029200000004494,28
2,4,burst,555,0.14083300000038435,28
2,4,burst,556,0.14033300000028248,28
2,4,burst,557,0.1410000000000764,28
2,4,burst,558,0.1453750000000582,28
2,4,burst,559,0.13895800000000236,28
2,4,burst,560,0.1456249999996544,28
2,4,burst,561,0.1404170000000704,28
2,4,burst,562,0.1389169999997648,28
2,4,burst,563,0.14312500000005457,28
2,4,burst,564,0.13745800000015151,28
2,4,burst,565,0.146708000000217,28
2,4,burst,566,0.1584579999998823,28
2,4,burst,567,0.14287500000000364,28
2,4,burst,568,0.13858299999992596,28
2,4,burst,569,0.1420829999997295,28
2,4,burst,570,0.1402499999999236,28
2,4,burst,571,0.14920800000027157,28
2,4,burst,572,0.14258299999983137,28
2,4,burst,573,0.13895899999988615,28
2,4,burst,574,0.1393750000002001,28
2,4,burst,575,0.1475420000001577,28
2,4,burst,576,0.1389169999997648,28
2,4,burst,577,0.1378749999998945,28
2,4,burst,578,0.13754100000005565,28
2,4,burst,579,0.14608300000008967,28
2,4,burst,580,0.13908300000002782,28
2,4,burst,581,0.13716700000031778,28
2,4,burst,582,0.13954100000000835,28
2,4,burst,583,0.14037499999994907,28
2,4,burst,584,0.13837499999999636,28
2,4,burst,585,0.13725000000022192,28
2,4,burst,586,0.1437909999999647,28
2,4,burst,587,0.1388329999999769,28
2,4,burst,588,0.1380829999998241,28
2,4,burst,589,0.13837499999999636,28
2,4,burst,590,0.1385840000002645,28
2,4,burst,591,0.14308299999993324,28
2,4,burst,592,1.4591250000003129,28
2,4,burst,593,0.19183299999986048,28
2,4,burst,594,0.15854199999967022,28
2,4,burst,595,0.14304100000026665,28
2,4,burst,596,0.1384579999999005,28
2,4,burst,597,0.6946249999996326,28
2,4,burst,598,0.20354200000019773,28
2,4,burst,599,0.18583300000000236,28
2,4,burst,600,0.7235000000000582,28
2,4,burst,601,0.35770800000000236,28
2,4,burst,602,0.14691700000003038,28
2,4,burst,603,0.14316599999983737,28
2,4,burst,604,0.13762500000029831,28
2,4,burst,605,1.28774999999996,28
2,4,burst,606,7.228249999999662,28
2,4,burst,607,0.18083299999989322,28
2,4,burst,608,0.19516699999985576,28
2,4,burst,609,0.1628339999997479,28
2,4,burst,610,0.1529579999996713,28
2,4,burst,611,0.9602920000002086,28
2,4,burst,612,3.1002080000002934,28
2,4,burst,613,0.2668749999997999,28
2,4,burst,614,0.19345799999973678,28
2,4,burst,615,0.1689169999999649,28
2,4,burst,616,0.15141700000003766,28
2,4,burst,617,0.1511249999998654,28
2,4,burst,618,0.15308300000015151,28
2,4,burst,619,0.14820800000006784,28
2,4,burst,620,0.14645800000016607,28
2,4,burst,621,0.14550000000008367,28
2,4,burst,622,0.17550000000028376,28
2,4,burst,623,0.15429199999971388,28
2,4,burst,624,0.14666699999997945,28
2,4,burst,625,0.14470900000014808,28
2,4,burst,626,0.14879199999995762,28
2,4,burst,627,0.14350000000013097,28
2,4,burst,628,0.14295799999990777,28
2,4,burst,629,0.14987500000006548,28
2,4,burst,630,0.1422499999998763,28
2,4,burst,631,0.14125000000012733,28
2,4,burst,632,0.1445000000003347,28
2,4,burst,633,0.14370899999994435,28
2,4,burst,634,0.14604200000030687,28
2,4,burst,635,0.14291700000012497,28
2,4,burst,636,0.14729099999976825,28
2,4,burst,637,0.145415999999841,28
2,4,burst,638,0.1522500000000946,28
2,4,burst,639,0.14562500000010914,28
2,4,burst,640,0.13999999999987267,28
2,4,burst,641,0.14541700000017954,28
2,4,burst,642,0.14237499999990177,28
2,4,burst,643,0.14095899999983885,28
2,4,burst,644,0.146541999999954,28
2,4,burst,645,0.14341700000022684,28
2,4,burst,646,0.14104200000019773,28
2,4,burst,647,0.1402090000001408,28
2,4,burst,648,0.14112500000010186,28
2,4,burst,649,0.1441660000000411,28
2,4,burst,650,0.14212499999985084,28
2,4,burst,651,0.1446249999999054,28
2,4,burst,652,0.13941699999986668,28
2,4,burst,653,0.14624999999978172,28
2,4,burst,654,0.14658299999973678,28
2,4,burst,655,0.13991699999996854,28
2,4,burst,656,0.13795899999968242,28
2,4,burst,657,0.14354199999979755,28
2,4,burst,658,0.14391599999999016,28
2,4,burst,659,0.14075000000002547,28
2,4,burst,660,0.1389169999997648,28
2,4,burst,661,0.14108299999998053,28
2,4,burst,662,0.13991600000008475,28
2,4,burst,663,0.1385830000003807,28
2,4,burst,664,0.14112500000010186,28
2,4,burst,665,0.14658400000007532,28
2,4,burst,666,0.13820899999973335,28
2,4,burst,667,0.14295899999979156,28
2,4,burst,668,0.1393750000002001,28
2,4,burst,669,0.1450409999997646,28
2,4,burst,670,0.1416669999998703,28
2,4,burst,671,0.1453750000000582,28
2,4,burst,672,0.14766599999984464,28
2,4,burst,673,0.1441660000000411,28
2,4,burst,674,0.13979100000005928,28
2,4,burst,675,0.1415830000000824,28
2,4,burst,676,0.14070799999990413,28
2,4,burst,677,0.14479100000016842,28
2,4,burst,678,0.13925000000017462,28
2,4,burst,679,0.14487499999995634,28
2,4,burst,680,0.13891700000021956,28
2,4,burst,681,0.14475000000038563,28
2,4,burst,682,0.1407920000001468,28
2,4,burst,683,0.13916599999993196,28
2,4,burst,684,0.13962500000025102,28
2,4,burst,685,0.14420799999970768,28
2,4,burst,686,0.15283300000010058,28
2,4,burst,687,0.14374999999972715,28
2,4,burst,688,0.1426249999999527,28
2,4,burst,689,0.1418340000000171,28
2,4,burst,690,0.14395899999999529,28
2,4,burst,691,0.13979199999994307,28
2,4,burst,692,0.1422499999998763,28
2,4,burst,693,0.14670799999976225,28
2,4,burst,694,0.1380410000001575,28
2,4,burst,695,0.14645800000016607,28
2,4,burst,696,0.1421250000003056,28
2,4,burst,697,0.14170899999999165,28
2,4,burst,698,0.14029200000004494,28
2,4,burst,699,0.14020800000025702,28
2,4,burst,700,0.13837499999999636,28
2,4,burst,701,0.1509169999999358,28
2,4,burst,702,0.13750000000027285,28
2,4,burst,703,0.13895800000000236,28
2,4,burst,704,0.1415420000002996,28
2,4,burst,705,0.1398340000000644,28
2,4,burst,706,0.1394999999997708,28
2,4,burst,707,0.1376669999999649,28
2,4,burst,708,0.14787500000011278,28
2,4,burst,709,0.13850000000002183,28
2,4,burst,710,0.13887500000009823,28
2,4,burst,711,0.13733300000012605,28
2,4,burst,712,0.1404579999998532,28
2,4,burst,713,0.13904100000036124,28
2,4,burst,714,0.1380410000001575,28
2,4,burst,715,0.14479100000016842,28
2,4,burst,716,0.1410000000000764,28
2,4,burst,717,0.1448339999997188,28
2,4,burst,718,0.13775000000032378,28
2,4,burst,719,0.14049999999997453,28
2,4,burst,720,0.13791700000001583,28
2,4,burst,721,0.1402909999997064,28
2,4,burst,722,0.14879199999995762,28
2,4,burst,723,0.14620800000011513,28
2,4,burst,724,0.1424170000000231,28
2,4,burst,725,0.140625,28
2,4,burst,726,0.14287500000000364,28
2,4,burst,727,0.14029200000004494,28
2,4,burst,728,0.14274999999997817,28
2,4,burst,729,0.145958999999948,28
2,4,burst,730,0.14112500000010186,28
2,4,burst,731,0.14095799999995506,28
2,4,burst,732,0.1437909999999647,28
2,4,burst,733,0.14054200000009587,28
2,4,burst,734,0.14341700000022684,28
2,4,burst,735,0.14529200000015408,28
2,4,burst,736,0.14666699999997945,28
2,4,burst,737,0.14158400000042093,28
2,4,burst,738,0.1390839999999116,28
2,4,burst,739,0.14329199999974662,28
2,4,burst,740,0.14208300000018426,28
2,4,burst,741,0.14129199999979392,28
2,4,burst,742,0.14012499999989814,28
2,4,burst,743,0.14216699999997218,28
2,4,burst,744,0.1467090000001008,28
2,4,burst,745,0.1395830000001297,28
2,4,burst,746,0.1413750000001528,28
2,4,burst,747,0.141791000000012,28
2,4,burst,748,0.146708000000217,28
2,4,burst,749,0.14020800000025702,28
2,4,burst,750,0.13999999999987267,28
2,4,burst,751,0.150333000000046,28
2,4,burst,752,0.13920899999993708,28
2,4,burst,753,0.14233399999966423,28
2,4,burst,754,0.13795799999979863,28
2,4,burst,755,0.14187500000025466,28
2,4,burst,756,0.13908300000002782,28
2,4,burst,757,0.14491700000007768,28
2,4,burst,758,0.13699999999971624,28
2,4,burst,759,0.1402499999999236,28
2,4,burst,760,0.13699999999971624,28
2,4,burst,761,0.13970900000003894,28
2,4,burst,762,0.1419580000001588,28
2,4,burst,763,0.14037499999994907,28
2,4,burst,764,0.14745900000025358,28
2,4,burst,765,0.14179199999989578,28
2,4,burst,766,0.1420829999997295,28
2,4,burst,767,0.1385840000002645,28
2,4,burst,768,0.14104200000019773,28
2,4,burst,769,0.13979199999994307,28
2,4,burst,770,0.14187500000025466,28
2,4,burst,771,0.14737500000001091,28
2,4,burst,772,0.13833299999987503,28
2,4,burst,773,0.14041699999961565,28
2,4,burst,774,0.14066700000012133,28
2,4,burst,775,0.14141600000039034,28
2,4,burst,776,0.14112500000010186,28
2,4,burst,777,0.14091700000017227,28
2,4,burst,778,0.14479099999971368,28
2,4,burst,779,0.141208000000006,28
2,4,burst,780,0.1516670000000886,28
2,4,burst,781,0.1410000000000764,28
2,4,burst,782,0.140625,28
2,4,burst,783,0.13983300000018062,28
2,4,burst,784,0.13962499999979627,28
2,4,burst,785,0.14133300000003146,28
2,4,burst,786,0.1493329999998423,28
2,4,burst,787,0.13870799999995143,28
2,4,burst,788,0.1404579999998532,28
2,4,burst,789,0.1432499999996253,28
2,4,burst,790,0.14174999999977445,28
2,4,burst,791,0.1413750000001528,28
2,4,burst,792,0.13704100000040853,28
2,4,burst,793,0.1449160000001939,28
2,4,burst,794,0.14075000000002547,28
2,4,burst,795,0.13899999999966894,28
2,4,burst,796,0.13741699999991397,28
2,4,burst,797,0.1450830000003407,28
2,4,burst,798,0.14150000000017826,28
2,4,burst,799,0.1374590000000353,28
2,4,burst,800,0.14199999999982538,28
2,4,burst,801,0.14008300000023155,28
2,4,burst,802,0.1414159999999356,28
2,4,burst,803,0.13745799999969677,28
2,4,burst,804,0.1388329999999769,28
2,4,burst,805,0.13854199999968841,28
2,4,burst,806,0.14191699999992125,28
2,4,burst,807,0.14404199999989942,28
2,4,burst,808,0.14129200000024866,28
2,4,burst,809,0.13995800000020608,28
2,4,burst,810,0.14049999999997453,28
2,4,burst,811,0.13899999999966894,28
2,4,burst,812,0.13829200000009223,28
2,4,burst,813,0.14387500000020736,28
2,4,burst,814,0.14449999999987995,28
2,4,burst,815,0.13904199999979028,28
2,4,burst,816,0.13762499999984357,28
2,4,burst,817,0.15337499999986903,28
2,4,burst,818,0.14091700000017227,28
2,4,burst,819,0.1392080000000533,28
2,4,burst,820,0.13866699999971388,28
2,4,burst,821,0.1444589999996424,28
2,4,burst,822,0.1395830000001297,28
2,4,burst,823,0.1360829999998714,28
2,4,burst,824,0.13808400000016263,28
2,4,burst,825,0.13999999999987267,28
2,4,burst,826,0.1398749999998472,28
2,4,burst,827,0.13875000000007276,28
2,4,burst,828,0.13829200000009223,28
2,4,burst,829,0.17954099999997197,28
2,4,burst,830,0.1465410000000702,28
2,4,burst,831,0.17837499999995998,28
2,4,burst,832,0.14454200000000128,28
2,4,burst,833,0.16029200000002675,28
2,4,burst,834,0.15537499999982174,28
2,4,burst,835,0.1514999999999418,28
2,4,burst,836,0.15604199999961565,28
2,4,burst,837,0.1580420000000231,28
2,4,burst,838,0.14987500000006548,28
2,4,burst,839,0.14312500000005457,28
2,4,burst,840,0.14691700000003038,28
2,4,burst,841,0.15141700000003766,28
2,4,burst,842,0.15395800000032978,28
2,4,burst,843,0.15250000000014552,28
2,4,burst,844,0.15220799999997325,28
2,4,burst,845,0.15804099999968457,28
2,4,burst,846,0.1518750000000182,28
2,4,burst,847,0.1431670000001759,28
2,4,burst,848,0.15541699999994307,28
2,4,burst,849,0.15354200000001583,28
2,4,burst,850,0.15145899999970425,28
2,4,burst,851,0.14975000000004002,28
2,4,burst,852,0.14774999999963256,28
2,4,burst,853,0.15479099999993196,28
2,4,burst,854,0.15545800000018062,28
2,4,burst,855,0.14800000000013824,28
2,4,burst,856,0.14949999999998909,28
2,4,burst,857,0.1632089999998243,28
2,4,burst,858,0.14158299999962765,28
2,4,burst,859,0.1413750000001528,28
2,4,burst,860,0.151459000000159,28
2,4,burst,861,0.1549169999998412,28
2,4,burst,862,0.1610000000000582,28
2,4,burst,863,0.16816700000026685,28
2,4,burst,864,0.14966700000013589,28
2,4,burst,865,0.15120799999976953,28
2,4,burst,866,0.1529169999998885,28
2,4,burst,867,0.14274999999997817,28
2,4,burst,868,0.15720799999962765,28
2,4,burst,869,0.15254200000026685,28
2,4,burst,870,0.15220899999985704,28
2,4,burst,871,0.1415830000000824,28
2,4,burst,872,0.15850000000000364,28
2,4,burst,873,0.15250000000014552,28
2,4,burst,874,0.1468750000003638,28
2,4,burst,875,0.14658299999973678,28
2,4,burst,876,0.15000000000009095,28
2,4,burst,877,0.15370900000016263,28
2,4,burst,878,0.14474999999993088,28
2,4,burst,879,0.1578749999998763,28
2,4,burst,880,0.15987499999982901,28
2,4,burst,881,0.1617919999998776,28
2,4,burst,882,0.14945799999986775,28
2,4,burst,883,0.14970799999991868,28
2,4,burst,884,0.15229099999987739,28
2,4,burst,885,0.14954099999977188,28
2,4,burst,886,0.15008299999999508,28
2,4,burst,887,0.1617909999999938,28
2,4,burst,888,0.15854200000012497,28
2,4,burst,889,0.15354200000001583,28
2,4,burst,890,0.146541999999954,28
2,4,burst,891,0.1510840000000826,28
2,4,burst,892,0.14604199999985212,28
2,4,burst,893,64.93041600000015,28
2,4,burst,894,0.19337499999983265,28
2,4,burst,895,0.19237500000008367,28
2,4,burst,896,0.17541699999992488,28
2,4,burst,897,0.17379199999959383,28
2,4,burst,898,0.15004199999975754,28
2,4,burst,899,0.16354199999977936,28
2,4,burst,900,0.1641660000000229,28
2,4,burst,901,0.15950000000020736,28
2,4,burst,902,0.22470900000007532,28
2,4,burst,903,0.23483400000031907,28
2,4,burst,904,0.17558400000007168,28
2,4,burst,905,0.17695800000001327,28
2,4,burst,906,0.16783299999997325,28
2,4,burst,907,0.15275000000019645,28
2,4,burst,908,0.1671249999999418,28
2,4,burst,909,0.165958000000046,28
2,4,burst,910,0.15691700000024866,28
2,4,burst,911,0.15379100000018298,28
2,4,burst,912,0.1707499999997708,28
2,4,burst,913,0.16462500000034197,28
2,4,burst,914,0.14866600000004837,28
2,4,burst,915,0.18945799999983137,28
2,4,burst,916,0.15566599999965547,28
2,4,burst,917,0.15695800000003146,28
2,4,burst,918,0.1515409999997246,28
2,4,burst,919,1.42379099999971,28
2,4,burst,920,0.2268749999998363,28
2,4,burst,921,0.7904170000001614,28
2,4,burst,922,0.1507080000001224,28
2,4,burst,923,0.16920800000025338,28
2,4,burst,924,0.16716700000006313,28
2,4,burst,925,0.16108299999996234,28
2,4,burst,926,3.0579579999998714,28
2,4,burst,927,0.13983300000018062,28
2,4,burst,928,0.130333999999948,28
2,4,burst,929,0.12345800000002782,28
2,4,burst,930,0.12733299999990777,28
2,4,burst,931,0.1214999999997417,28
2,4,burst,932,0.12445899999966059,28
2,4,burst,933,0.12608399999999165,28
2,4,burst,934,0.12616699999989578,28
2,4,burst,935,0.1222090000001117,28
2,4,burst,936,0.12474999999994907,28
2,4,burst,937,0.12820800000008603,28
2,4,burst,938,0.12433300000020608,28
2,4,burst,939,0.12075000000004366,28
2,4,burst,940,0.12391600000000835,28
2,4,burst,941,0.1228329999999005,28
2,4,burst,942,0.12091699999973571,28
2,4,burst,943,0.12245800000027884,28
2,4,burst,944,0.1200420000000122,28
2,4,burst,945,0.1247920000000704,28
2,4,burst,946,0.11929099999997561,28
2,4,burst,947,0.12304200000016863,28
2,4,burst,948,0.12129200000026685,28
2,4,burst,949,0.120209000000159,28
2,4,burst,950,0.12137500000017099,28
2,4,burst,951,0.12004199999955745,28
2,4,burst,952,0.118916999999783,28
2,4,burst,953,0.12508299999990413,28
2,4,burst,954,14.645540999999866,28
2,4,burst,955,0.1557079999997768,28
2,4,burst,956,0.10008299999981318,28
2,4,burst,957,0.10341699999980847,28
2,4,burst,958,0.09620799999993324,28
2,4,burst,959,0.09533299999975497,28
2,4,burst,960,0.09370799999987867,28
2,4,burst,961,0.09791600000016842,28
2,4,burst,962,0.09200000000009823,28
2,4,burst,963,0.0941250000000764,28
2,4,burst,964,0.09004200000026685,28
2,4,burst,965,0.09216600000036124,28
2,4,burst,966,0.09008300000004965,28
2,4,burst,967,0.09191699999973935,28
2,4,burst,968,0.09145899999975882,28
2,4,burst,969,0.09733400000004622,28
2,4,burst,970,0.09862500000008367,28
2,4,burst,971,0.0917500000000473,28
2,4,burst,972,0.09066600000005565,28
2,4,burst,973,0.09254199999986668,28
2,4,burst,974,0.34637500000008004,28
2,4,burst,975,0.9141250000002401,28
2,4,burst,976,0.3241250000000946,28
2,4,burst,977,0.11549999999988358,28
2,4,burst,978,0.09766700000000128,28
2,4,burst,979,0.09333399999968606,28
2,4,burst,980,0.09304199999996854,28
2,4,burst,981,0.0945409999999356,28
2,4,burst,982,0.09233300000005329,28
2,4,burst,983,0.09754199999997581,28
2,4,burst,984,0.09141700000009223,28
2,4,burst,985,0.09429100000033941,28
2,4,burst,986,0.09933300000011513,28
2,4,burst,987,0.08829199999991033,28
2,4,burst,988,0.08375000000023647,28
2,4,burst,989,0.08341699999982666,28
2,4,burst,990,0.08845899999960238,28
2,4,burst,991,0.08124999999972715,28
2,4,burst,992,0.08708299999989322,28
2,4,burst,993,0.08370800000011513,28
2,4,burst,994,0.08520799999996598,28
2,4,burst,995,0.08358300000008967,28
2,4,burst,996,5.8480829999998605,28
2,4,burst,997,0.22708400000010442,28
2,4,burst,998,0.1621660000000702,28
2,4,burst,999,0.14891599999964455,28
