round,targets,mode,sample,ms,pending
0,1,idle,0,0.01433299999999349,0
0,1,idle,1,0.016667000000012422,0
0,1,idle,2,0.015083000000004176,0
0,1,idle,3,0.014375000000001137,0
0,1,idle,4,0.014374999999972715,0
0,1,idle,5,0.014040999999991755,0
0,1,idle,6,0.015125000000011823,0
0,1,idle,7,0.02154199999998241,0
0,1,idle,8,0.015625,0
0,1,idle,9,0.01474999999999227,0
0,1,idle,10,0.014333999999990965,0
0,1,idle,11,0.021457999999995536,0
0,1,idle,12,31.49687499999999,0
0,1,idle,13,0.1337090000000103,0
0,1,idle,14,0.10383300000000872,0
0,1,idle,15,0.022750000000002046,0
0,1,idle,16,0.005875000000003183,0
0,1,idle,17,0.0037090000000148393,0
0,1,idle,18,0.003500000000002501,0
0,1,idle,19,0.0035839999999893735,0
0,1,idle,20,0.004415999999991982,0
0,1,idle,21,0.003333999999995285,0
0,1,idle,22,0.003250000000008413,0
0,1,idle,23,0.012041000000010627,0
0,1,idle,24,0.0035419999999817264,0
0,1,idle,25,0.003500000000002501,0
0,1,idle,26,0.004082999999980075,0
0,1,idle,27,0.003375000000005457,0
0,1,idle,28,0.003208999999998241,0
0,1,idle,29,0.0030409999999960746,0
0,1,idle,30,0.003208999999998241,0
0,1,idle,31,0.010165999999998121,0
0,1,idle,32,0.004750000000001364,0
0,1,idle,33,0.003415999999987207,0
0,1,idle,34,0.008165999999988571,0
0,1,idle,35,0.0038329999999859865,0
0,1,idle,36,0.004500000000007276,0
0,1,idle,37,0.003542000000010148,0
0,1,idle,38,0.00333299999999781,0
0,1,idle,39,0.0031250000000113687,0
0,1,idle,40,0.007875000000012733,0
0,1,idle,41,0.00333299999999781,0
0,1,idle,42,0.003833000000014408,0
0,1,idle,43,0.006166999999976497,0
0,1,idle,44,0.004624999999975898,0
0,1,idle,45,0.006541999999996051,0
0,1,idle,46,30.357124999999996,0
0,1,idle,47,0.0272499999999809,0
0,1,idle,48,0.00516600000003109,0
0,1,idle,49,0.004334000000028482,0
0,1,idle,50,0.0036249999999995453,0
0,1,idle,51,0.004165999999997894,0
0,1,idle,52,0.004833000000019183,0
0,1,idle,53,0.0038749999999936335,0
0,1,idle,54,0.00541699999996581,0
0,1,idle,55,0.004540999999960604,0
0,1,idle,56,0.003666000000009717,0
0,1,idle,57,0.004500000000007276,0
0,1,idle,58,0.0038339999999834617,0
0,1,idle,59,0.003916000000003805,0
0,1,idle,60,0.004000000000019099,0
0,1,idle,61,0.004209000000003016,0
0,1,idle,62,0.004332999999974163,0
0,1,idle,63,0.009583000000020547,0
0,1,idle,64,0.05875000000003183,0
0,1,idle,65,0.012916000000018357,0
0,1,idle,66,0.004958000000044649,0
0,1,idle,67,0.0049999999999954525,0
0,1,idle,68,0.0038749999999936335,0
0,1,idle,69,0.003917000000001281,0
0,1,idle,70,0.003750000000025011,0
0,1,idle,71,0.004124999999987722,0
0,1,idle,72,0.004082999999980075,0
0,1,idle,73,0.004666999999983545,0
0,1,idle,74,0.0037090000000148393,0
0,1,idle,75,0.02008299999999963,0
0,1,idle,76,0.003916000000003805,0
0,1,idle,77,0.01570899999995845,0
0,1,idle,78,0.008874999999989086,0
0,1,idle,79,0.007541999999943982,0
0,1,idle,80,0.004250000000013188,0
0,1,idle,81,0.004000000000019099,0
0,1,idle,82,0.0038749999999936335,0
0,1,idle,83,0.004250000000013188,0
0,1,idle,84,0.003750000000025011,0
0,1,idle,85,0.01079200000003766,0
0,1,idle,86,0.0038749999999936335,0
0,1,idle,87,0.004041999999969903,0
0,1,idle,88,0.004707999999993717,0
0,1,idle,89,0.004040999999972428,0
0,1,idle,90,0.0035839999999893735,0
0,1,idle,91,0.003458000000023276,0
0,1,idle,92,0.003708000000017364,0
0,1,idle,93,0.004249999999956344,0
0,1,idle,94,0.004209000000003016,0
0,1,idle,95,0.003290999999990163,0
0,1,idle,96,0.003917000000001281,0
0,1,idle,97,0.004666999999983545,0
0,1,idle,98,0.00904099999996788,0
0,1,idle,99,0.004416999999989457,0
0,1,idle,100,0.003500000000030923,0
0,1,idle,101,0.009500000000002728,0
0,1,idle,102,0.003958000000011452,0
0,1,idle,103,0.0036670000000071923,0
0,1,idle,104,0.003959000000008928,0
0,1,idle,105,0.0038329999999859865,0
0,1,idle,106,0.004250000000013188,0
0,1,idle,107,0.01037500000001046,0
0,1,idle,108,0.003750000000025011,0
0,1,idle,109,0.004167000000052212,0
0,1,idle,110,0.006750000000010914,0
0,1,idle,111,0.003750000000025011,0
0,1,idle,112,0.0035839999999893735,0
0,1,idle,113,0.004332999999974163,0
0,1,idle,114,0.00437499999998181,0
0,1,idle,115,0.004166999999995369,0
0,1,idle,116,0.0035410000000410946,0
0,1,idle,117,0.003834000000040305,0
0,1,idle,118,0.020582999999987805,0
0,1,idle,119,0.014541000000008353,0
0,1,idle,120,0.005083000000013271,0
0,1,idle,121,0.004000000000019099,0
0,1,idle,122,0.003750000000025011,0
0,1,idle,123,0.003917000000001281,0
0,1,idle,124,0.003959000000008928,0
0,1,idle,125,0.004208000000005541,0
0,1,idle,126,0.0036249999999995453,0
0,1,idle,127,0.003792000000032658,0
0,1,idle,128,0.0035829999999918982,0
0,1,idle,129,0.00533300000000736,0
0,1,idle,130,0.004667000000040389,0
0,1,idle,131,0.010207999999977346,0
0,1,idle,132,0.004082999999980075,0
0,1,idle,133,0.0036249999999995453,0
0,1,idle,134,0.0036249999999995453,0
0,1,idle,135,0.003458000000023276,0
0,1,idle,136,0.00941699999998491,0
0,1,idle,137,0.0037079999999605207,0
0,1,idle,138,0.0061670000000049185,0
0,1,idle,139,0.003958000000011452,0
0,1,idle,140,0.025624999999990905,0
0,1,idle,141,0.00454199999995808,0
0,1,idle,142,0.005790999999987889,0
0,1,idle,143,0.0037919999999758147,0
0,1,idle,144,0.0037919999999758147,0
0,1,idle,145,0.003540999999984251,0
0,1,idle,146,0.004458999999997104,0
0,1,idle,147,0.010125000000016371,0
0,1,idle,148,0.004334000000028482,0
0,1,idle,149,0.009041000000024724,0
0,1,idle,150,0.003917000000001281,0
0,1,idle,151,0.004041999999969903,0
0,1,idle,152,0.008832999999981439,0
0,1,idle,153,0.0037079999999605207,0
0,1,idle,154,0.0035839999999893735,0
0,1,idle,155,0.0036249999999995453,0
0,1,idle,156,0.0035410000000410946,0
0,1,idle,157,0.004000000000019099,0
0,1,idle,158,0.003792000000032658,0
0,1,idle,159,0.003792000000032658,0
0,1,idle,160,0.0035829999999918982,0
0,1,idle,161,0.003458000000023276,0
0,1,idle,162,0.004166999999995369,0
0,1,idle,163,0.0035829999999918982,0
0,1,idle,164,0.0036249999999995453,0
0,1,idle,165,0.009374999999977263,0
0,1,idle,166,0.004041999999969903,0
0,1,idle,167,0.0038749999999936335,0
0,1,idle,168,0.00837500000000091,0
0,1,idle,169,0.00437499999998181,0
0,1,idle,170,0.004792000000009011,0
0,1,idle,171,0.004542000000014923,0
0,1,idle,172,0.003458000000023276,0
0,1,idle,173,0.003957999999954609,0
0,1,idle,174,0.00925000000000864,0
0,1,idle,175,0.0052090000000362124,0
0,1,idle,176,0.0036249999999995453,0
0,1,idle,177,0.0036249999999995453,0
0,1,idle,178,0.004124999999987722,0
0,1,idle,179,0.009166999999990821,0
0,1,idle,180,0.0038749999999936335,0
0,1,idle,181,0.003500000000030923,0
0,1,idle,182,0.0036249999999995453,0
0,1,idle,183,0.004042000000026746,0
0,1,idle,184,0.0034999999999740794,0
0,1,idle,185,0.003540999999984251,0
0,1,idle,186,0.004040999999972428,0
0,1,idle,187,0.0034999999999740794,0
0,1,idle,188,0.003917000000001281,0
0,1,idle,189,0.0034160000000156288,0
0,1,idle,190,0.0036670000000071923,0
0,1,idle,191,0.003417000000013104,0
0,1,idle,192,0.003666000000009717,0
0,1,idle,193,0.0034999999999740794,0
0,1,idle,194,0.004291999999963991,0
0,1,idle,195,0.0034160000000156288,0
0,1,idle,196,0.003666000000009717,0
0,1,idle,197,0.004124999999987722,0
0,1,idle,198,0.014167000000043117,0
0,1,idle,199,0.005249999999989541,0
0,1,idle,200,14.442082999999968,0
0,1,idle,201,0.0432920000000081,0
0,1,idle,202,0.006709000000000742,0
0,1,idle,203,0.01783299999999599,0
0,1,idle,204,0.003792000000032658,0
0,1,idle,205,0.0034999999999740794,0
0,1,idle,206,0.004082999999980075,0
0,1,idle,207,0.0067499999999540705,0
0,1,idle,208,0.0027919999999994616,0
0,1,idle,209,0.009957999999983258,0
0,1,idle,210,0.002750000000048658,0
0,1,idle,211,0.0038339999999834617,0
0,1,idle,212,0.0027499999999918145,0
0,1,idle,213,0.0027079999999841675,0
0,1,idle,214,0.0026669999999739957,0
0,1,idle,215,0.0027919999999994616,0
0,1,idle,216,0.005583000000001448,0
0,1,idle,217,0.0030830000000037217,0
0,1,idle,218,0.003249999999979991,0
0,1,idle,219,0.0028750000000172804,0
0,1,idle,220,0.002874999999960437,0
0,1,idle,221,0.0034999999999740794,0
0,1,idle,222,0.0038329999999859865,0
0,1,idle,223,0.0030830000000037217,0
0,1,idle,224,0.002916000000027452,0
0,1,idle,225,0.0027499999999918145,0
0,1,idle,226,0.002750000000048658,0
0,1,idle,227,0.003375000000005457,0
0,1,idle,228,0.0028750000000172804,0
0,1,idle,229,0.002583999999956177,0
0,1,idle,230,0.0027499999999918145,0
0,1,idle,231,0.008290999999985615,0
0,1,idle,232,0.010083000000008724,0
0,1,idle,233,0.0036670000000071923,0
0,1,idle,234,0.0027079999999841675,0
0,1,idle,235,0.007208999999988919,0
0,1,idle,236,0.0027499999999918145,0
0,1,idle,237,0.00829199999998309,0
0,1,idle,238,0.002874999999960437,0
0,1,idle,239,0.0027919999999994616,0
0,1,idle,240,0.005083000000013271,0
0,1,idle,241,0.007082999999965978,0
0,1,idle,242,0.0035829999999918982,0
0,1,idle,243,0.0028340000000071086,0
0,1,idle,244,0.0027919999999994616,0
0,1,idle,245,0.00304199999999355,0
0,1,idle,246,0.0029159999999706088,0
0,1,idle,247,0.0026669999999739957,0
0,1,idle,248,0.003291999999987638,0
0,1,idle,249,0.0025420000000053733,0
0,1,idle,250,0.003290999999990163,0
0,1,idle,251,0.002625000000023192,0
0,1,idle,252,0.0027089999999816428,0
0,1,idle,253,0.00333299999999781,0
0,1,idle,254,0.0026249999999663487,0
0,1,idle,255,0.0026669999999739957,0
0,1,idle,256,0.002583000000015545,0
0,1,idle,257,0.0029590000000325745,0
0,1,idle,258,0.003417000000013104,0
0,1,idle,259,0.0026249999999663487,0
0,1,idle,260,0.0025829999999587017,0
0,1,idle,261,0.0029170000000249274,0
0,1,idle,262,0.002625000000023192,0
0,1,idle,263,0.003375000000005457,0
0,1,idle,264,0.004290999999966516,0
0,1,idle,265,0.03795900000000074,0
0,1,idle,266,0.004250000000013188,0
0,1,idle,267,0.0035839999999893735,0
0,1,idle,268,0.0028750000000172804,0
0,1,idle,269,0.0035829999999918982,0
0,1,idle,270,0.002625000000023192,0
0,1,idle,271,0.008667000000002645,0
0,1,idle,272,0.004792000000009011,0
0,1,idle,273,0.002958999999975731,0
0,1,idle,274,0.003291999999987638,0
0,1,idle,275,0.0027089999999816428,0
0,1,idle,276,0.0025829999999587017,0
0,1,idle,277,0.0025420000000053733,0
0,1,idle,278,0.0025420000000053733,0
0,1,idle,279,0.003249999999979991,0
0,1,idle,280,0.0026249999999663487,0
0,1,idle,281,0.0024579999999900792,0
0,1,idle,282,0.0028340000000071086,0
0,1,idle,283,0.002541000000007898,0
0,1,idle,284,0.0031249999999545253,0
0,1,idle,285,0.002666000000033364,0
0,1,idle,286,0.002667000000030839,0
0,1,idle,287,0.002999999999985903,0
0,1,idle,288,0.0028330000000096334,0
0,1,idle,289,0.002625000000023192,0
0,1,idle,290,0.0031669999999621723,0
0,1,idle,291,0.002583000000015545,0
0,1,idle,292,0.008458000000018728,0
0,1,idle,293,0.0026249999999663487,0
0,1,idle,294,0.0026249999999663487,0
0,1,idle,295,0.0037909999999783395,0
0,1,idle,296,0.003417000000013104,0
0,1,idle,297,0.002583000000015545,0
0,1,idle,298,0.0024999999999977263,0
0,1,idle,299,0.00820800000002464,0
0,1,idle,300,0.003417000000013104,0
0,1,idle,301,0.0031249999999545253,0
0,1,idle,302,0.01125000000001819,0
0,1,idle,303,0.0027079999999841675,0
0,1,idle,304,0.002541000000007898,0
0,1,idle,305,0.004249999999956344,0
0,1,idle,306,0.0030830000000037217,0
0,1,idle,307,0.002583000000015545,0
0,1,idle,308,0.007749999999987267,0
0,1,idle,309,0.002709000000038486,0
0,1,idle,310,0.0027499999999918145,0
0,1,idle,311,0.0032089999999698193,0
0,1,idle,312,0.0026249999999663487,0
0,1,idle,313,0.002583000000015545,0
0,1,idle,314,0.0025840000000130203,0
0,1,idle,315,0.002583000000015545,0
0,1,idle,316,0.002999999999985903,0
0,1,idle,317,0.0025840000000130203,0
0,1,idle,318,0.013791000000026088,0
0,1,idle,319,0.003750000000025011,0
0,1,idle,320,0.002583999999956177,0
0,1,idle,321,0.003249999999979991,0
0,1,idle,322,0.0026669999999739957,0
0,1,idle,323,0.0027079999999841675,0
0,1,idle,324,0.0027499999999918145,0
0,1,idle,325,0.0027919999999994616,0
0,1,idle,326,0.002583000000015545,0
0,1,idle,327,0.0049999999999954525,0
0,1,idle,328,0.008250000000032287,0
0,1,idle,329,0.003458000000023276,0
0,1,idle,330,0.002667000000030839,0
0,1,idle,331,0.002583000000015545,0
0,1,idle,332,0.008166000000016993,0
0,1,idle,333,0.00666599999999562,0
0,1,idle,334,0.0037079999999605207,0
0,1,idle,335,0.0027079999999841675,0
0,1,idle,336,0.0028750000000172804,0
0,1,idle,337,0.0050420000000030996,0
0,1,idle,338,0.0025829999999587017,0
0,1,idle,339,0.0026669999999739957,0
0,1,idle,340,0.0025420000000053733,0
0,1,idle,341,0.0027089999999816428,0
0,1,idle,342,0.00858299999998735,0
0,1,idle,343,0.0027910000000019863,0
0,1,idle,344,0.0025420000000053733,0
0,1,idle,345,0.0026669999999739957,0
0,1,idle,346,0.006916999999987183,0
0,1,idle,347,0.0027079999999841675,0
0,1,idle,348,0.0031249999999545253,0
0,1,idle,349,0.0025840000000130203,0
0,1,idle,350,0.0029580000000350992,0
0,1,idle,351,0.002625000000023192,0
0,1,idle,352,0.003458000000023276,0
0,1,idle,353,0.003375000000005457,0
0,1,idle,354,0.0024999999999977263,0
0,1,idle,355,0.0025420000000053733,0
0,1,idle,356,0.002583000000015545,0
0,1,idle,357,0.002625000000023192,0
0,1,idle,358,0.0036659999999528736,0
0,1,idle,359,0.003291999999987638,0
0,1,idle,360,0.0024999999999977263,0
0,1,idle,361,0.002541000000007898,0
0,1,idle,362,0.002583999999956177,0
0,1,idle,363,0.0030830000000037217,0
0,1,idle,364,0.0024999999999977263,0
0,1,idle,365,0.002625000000023192,0
0,1,idle,366,0.007042000000012649,0
0,1,idle,367,0.0028340000000071086,0
0,1,idle,368,0.002666000000033364,0
0,1,idle,369,0.0072499999999990905,0
0,1,idle,370,0.004750000000001364,0
0,1,idle,371,0.00304199999999355,0
0,1,idle,372,0.002625000000023192,0
0,1,idle,373,0.002625000000023192,0
0,1,idle,374,0.003207999999972344,0
0,1,idle,375,0.0071659999999837964,0
0,1,idle,376,0.0027499999999918145,0
0,1,idle,377,0.002625000000023192,0
0,1,idle,378,0.0027919999999994616,0
0,1,idle,379,0.0032080000000291875,0
0,1,idle,380,0.002666000000033364,0
0,1,idle,381,0.0025840000000130203,0
0,1,idle,382,0.0027079999999841675,0
0,1,idle,383,0.0028330000000096334,0
0,1,idle,384,0.0031250000000113687,0
0,1,idle,385,0.002625000000023192,0
0,1,idle,386,0.00254199999994853,0
0,1,idle,387,0.007041000000015174,0
0,1,idle,388,0.002667000000030839,0
0,1,idle,389,0.002583000000015545,0
0,1,idle,390,0.007458999999983007,0
0,1,idle,391,0.0072499999999990905,0
0,1,idle,392,0.00304199999999355,0
0,1,idle,393,0.00254199999994853,0
0,1,idle,394,0.0027499999999918145,0
0,1,idle,395,0.007415999999977885,0
0,1,idle,396,0.0027919999999994616,0
0,1,idle,397,0.002625000000023192,0
0,1,idle,398,0.0027499999999918145,0
0,1,idle,399,0.006833000000028733,0
0,1,idle,400,0.0072920000000067375,0
0,1,idle,401,0.002708000000041011,0
0,1,idle,402,0.004750000000001364,0
0,1,idle,403,0.007584000000008473,0
0,1,idle,404,0.0029580000000350992,0
0,1,idle,405,0.002667000000030839,0
0,1,idle,406,0.0077080000000364635,0
0,1,idle,407,0.002666000000033364,0
0,1,idle,408,0.0027079999999841675,0
0,1,idle,409,0.002583999999956177,0
0,1,idle,410,0.002541000000007898,0
0,1,idle,411,0.0032910000000470063,0
0,1,idle,412,0.0028750000000172804,0
0,1,idle,413,0.0027499999999918145,0
0,1,idle,414,0.002583000000015545,0
0,1,idle,415,0.0026669999999739957,0
0,1,idle,416,0.0032089999999698193,0
0,1,idle,417,0.0024999999999977263,0
0,1,idle,418,0.0025420000000053733,0
0,1,idle,419,0.002541000000007898,0
0,1,idle,420,0.0024999999999977263,0
0,1,idle,421,0.004167000000052212,0
0,1,idle,422,15.832333000000006,0
0,1,idle,423,0.022749999999973625,0
0,1,idle,424,0.002082999999970525,0
0,1,idle,425,0.0032500000000368345,0
0,1,idle,426,0.0013329999999882602,0
0,1,idle,427,0.0012910000000374566,0
0,1,idle,428,0.0012080000000196378,0
0,1,idle,429,0.002333000000021457,0
0,1,idle,430,0.0012080000000196378,0
0,1,idle,431,0.0018329999999764368,0
0,1,idle,432,0.0012909999999806132,0
0,1,idle,433,0.011750000000006366,0
0,1,idle,434,0.0014999999999645297,0
0,1,idle,435,0.0037919999999758147,0
0,1,idle,436,0.005084000000010747,0
0,1,idle,437,0.0012919999999780885,0
0,1,idle,438,0.0013329999999882602,0
0,1,idle,439,0.0012080000000196378,0
0,1,idle,440,0.0011659999999551474,0
0,1,idle,441,0.0015420000000290202,0
0,1,idle,442,0.004209000000003016,0
0,1,idle,443,0.0014170000000035543,0
0,1,idle,444,0.0013749999999959073,0
0,1,idle,445,0.0012500000000272848,0
0,1,idle,446,0.001583000000039192,0
0,1,idle,447,0.0010420000000408436,0
0,1,idle,448,0.001125000000001819,0
0,1,idle,449,0.0012920000000349319,0
0,1,idle,450,0.001167000000009466,0
0,1,idle,451,0.0012500000000272848,0
0,1,idle,452,0.0015420000000290202,0
0,1,idle,453,0.0020419999999603533,0
0,1,idle,454,0.005583999999998923,0
0,1,idle,455,0.0012499999999704414,0
0,1,idle,456,0.0012909999999806132,0
0,1,idle,457,0.004208000000005541,0
0,1,idle,458,0.001125000000001819,0
0,1,idle,459,0.0012089999999602696,0
0,1,idle,460,0.001125000000001819,0
0,1,idle,461,0.0012919999999780885,0
0,1,idle,462,0.0013749999999959073,0
0,1,idle,463,0.0011660000000119908,0
0,1,idle,464,0.0012919999999780885,0
0,1,idle,465,0.0010839999999916472,0
0,1,idle,466,0.0034589999999639076,0
0,1,idle,467,0.0027919999999994616,0
0,1,idle,468,0.001167000000009466,0
0,1,idle,469,0.001125000000001819,0
0,1,idle,470,0.001209000000017113,0
0,1,idle,471,0.001167000000009466,0
0,1,idle,472,0.001125000000001819,0
0,1,idle,473,0.0015420000000290202,0
0,1,idle,474,0.001125000000001819,0
0,1,idle,475,0.0012920000000349319,0
0,1,idle,476,0.0012089999999602696,0
0,1,idle,477,0.001167000000009466,0
0,1,idle,478,0.0014999999999645297,0
0,1,idle,479,0.001125000000001819,0
0,1,idle,480,0.001167000000009466,0
0,1,idle,481,0.001082999999994172,0
0,1,idle,482,0.001167000000009466,0
0,1,idle,483,0.0015419999999721767,0
0,1,idle,484,0.0010839999999916472,0
0,1,idle,485,0.002124999999978172,0
0,1,idle,486,0.0012500000000272848,0
0,1,idle,487,0.001125000000001819,0
0,1,idle,488,0.001125000000001819,0
0,1,idle,489,0.001458000000013726,0
0,1,idle,490,0.0011660000000119908,0
0,1,idle,491,0.001125000000001819,0
0,1,idle,492,0.001125000000001819,0
0,1,idle,493,0.001125000000001819,0
0,1,idle,494,0.0013749999999959073,0
0,1,idle,495,0.001125000000001819,0
0,1,idle,496,0.0012080000000196378,0
0,1,idle,497,0.001082999999994172,0
0,1,idle,498,0.001082999999994172,0
0,1,idle,499,0.0014170000000035543,0
0,1,idle,500,0.004625000000032742,0
0,1,idle,501,0.0012499999999704414,0
0,1,idle,502,0.0015839999999798238,0
0,1,idle,503,0.0036249999999995453,0
0,1,idle,504,0.0016249999999899956,0
0,1,idle,505,0.0010839999999916472,0
0,1,idle,506,0.001125000000001819,0
0,1,idle,507,0.001125000000001819,0
0,1,idle,508,0.0012500000000272848,0
0,1,idle,509,0.004000000000019099,0
0,1,idle,510,0.001167000000009466,0
0,1,idle,511,0.001209000000017113,0
0,1,idle,512,0.001125000000001819,0
0,1,idle,513,0.003165999999964697,0
0,1,idle,514,0.001416000000006079,0
0,1,idle,515,0.001458000000013726,0
0,1,idle,516,0.0017080000000078144,0
0,1,idle,517,0.001416000000006079,0
0,1,idle,518,0.001167000000009466,0
0,1,idle,519,0.00333299999999781,0
0,1,idle,520,0.0014159999999492356,0
0,1,idle,521,0.0013329999999882602,0
0,1,idle,522,0.001167000000009466,0
0,1,idle,523,0.001167000000009466,0
0,1,idle,524,0.001125000000001819,0
0,1,idle,525,0.001458000000013726,0
0,1,idle,526,0.001125000000001819,0
0,1,idle,527,0.001125000000001819,0
0,1,idle,528,0.001125000000001819,0
0,1,idle,529,0.001167000000009466,0
0,1,idle,530,0.0010839999999916472,0
0,1,idle,531,0.0015000000000213731,0
0,1,idle,532,0.0022499999999467946,0
0,1,idle,533,0.006833000000028733,0
0,1,idle,534,0.001458999999954358,0
0,1,idle,535,0.0012920000000349319,0
0,1,idle,536,0.0014590000000112013,0
0,1,idle,537,0.001167000000009466,0
0,1,idle,538,0.0012500000000272848,0
0,1,idle,539,0.001167000000009466,0
0,1,idle,540,0.001125000000001819,0
0,1,idle,541,0.0013329999999882602,0
0,1,idle,542,0.0012080000000196378,0
0,1,idle,543,0.001167000000009466,0
0,1,idle,544,0.001167000000009466,0
0,1,idle,545,0.001125000000001819,0
0,1,idle,546,0.0014999999999645297,0
0,1,idle,547,0.001167000000009466,0
0,1,idle,548,0.0014999999999645297,0
0,1,idle,549,0.001167000000009466,0
0,1,idle,550,0.001082999999994172,0
0,1,idle,551,0.0010419999999840002,0
0,1,idle,552,0.0014170000000035543,0
0,1,idle,553,0.001125000000001819,0
0,1,idle,554,0.0015420000000290202,0
0,1,idle,555,0.0010839999999916472,0
0,1,idle,556,0.0010840000000484906,0
0,1,idle,557,0.0013749999999959073,0
0,1,idle,558,0.0012080000000196378,0
0,1,idle,559,0.001082999999994172,0
0,1,idle,560,0.001125000000001819,0
0,1,idle,561,0.0012089999999602696,0
0,1,idle,562,0.0014590000000112013,0
0,1,idle,563,0.0010419999999840002,0
0,1,idle,564,0.001125000000001819,0
0,1,idle,565,0.001749999999958618,0
0,1,idle,566,0.0036249999999995453,0
0,1,idle,567,0.00333299999999781,0
0,1,idle,568,0.0011660000000119908,0
0,1,idle,569,0.001082999999994172,0
0,1,idle,570,0.003458000000023276,0
0,1,idle,571,0.0012080000000196378,0
0,1,idle,572,0.004250000000013188,0
0,1,idle,573,0.001458000000013726,0
0,1,idle,574,0.001125000000001819,0
0,1,idle,575,0.001167000000009466,0
0,1,idle,576,0.003666000000009717,0
0,1,idle,577,0.001125000000001819,0
0,1,idle,578,0.001541000000031545,0
0,1,idle,579,0.011249999999961346,0
0,1,idle,580,0.0017080000000078144,0
0,1,idle,581,0.002999999999985903,0
0,1,idle,582,0.0011669999999526226,0
0,1,idle,583,0.001416000000006079,0
0,1,idle,584,0.001125000000001819,0
0,1,idle,585,0.001125000000001819,0
0,1,idle,586,0.001125000000001819,0
0,1,idle,587,0.0012080000000196378,0
0,1,idle,588,0.001416000000006079,0
0,1,idle,589,0.0012499999999704414,0
0,1,idle,590,0.001082999999994172,0
0,1,idle,591,0.001082999999994172,0
0,1,idle,592,0.001125000000001819,0
0,1,idle,593,0.001167000000009466,0
0,1,idle,594,0.0015409999999747015,0
0,1,idle,595,0.0012500000000272848,0
0,1,idle,596,0.0011660000000119908,0
0,1,idle,597,0.002165999999988344,0
0,1,idle,598,0.001125000000001819,0
0,1,idle,599,0.0013749999999959073,0
0,1,idle,600,0.003708000000017364,0
0,1,idle,601,0.001167000000009466,0
0,1,idle,602,0.0012080000000196378,0
0,1,idle,603,0.0011660000000119908,0
0,1,idle,604,0.0013749999999959073,0
0,1,idle,605,0.0011660000000119908,0
0,1,idle,606,0.001082999999994172,0
0,1,idle,607,0.0010830000000510154,0
0,1,idle,608,0.001125000000001819,0
0,1,idle,609,0.0014170000000035543,0
0,1,idle,610,0.0012919999999780885,0
0,1,idle,611,0.001541000000031545,0
0,1,idle,612,0.0010830000000510154,0
0,1,idle,613,0.0011660000000119908,0
0,1,idle,614,0.001125000000001819,0
0,1,idle,615,0.0013749999999959073,0
0,1,idle,616,0.001125000000001819,0
0,1,idle,617,0.001125000000001819,0
0,1,idle,618,0.001125000000001819,0
0,1,idle,619,0.001125000000001819,0
0,1,idle,620,0.001458000000013726,0
0,1,idle,621,0.001125000000001819,0
0,1,idle,622,0.001167000000009466,0
0,1,idle,623,0.0009999999999763531,0
0,1,idle,624,0.0010839999999916472,0
0,1,idle,625,0.0014170000000035543,0
0,1,idle,626,0.0010410000000433683,0
0,1,idle,627,0.0011669999999526226,0
0,1,idle,628,0.001167000000009466,0
0,1,idle,629,0.0012080000000196378,0
0,1,idle,630,0.0017500000000154614,0
0,1,idle,631,0.0015000000000213731,0
0,1,idle,632,0.0010830000000510154,0
0,1,idle,633,0.001167000000009466,0
0,1,idle,634,0.0038749999999936335,0
0,1,idle,635,0.001167000000009466,0
0,1,idle,636,0.0014590000000112013,0
0,1,idle,637,0.003459000000020751,0
0,1,idle,638,0.0036249999999995453,0
0,1,idle,639,0.0011249999999449756,0
0,1,idle,640,0.0013329999999882602,0
0,1,idle,641,0.001458000000013726,0
0,1,idle,642,0.003540999999984251,0
0,1,idle,643,0.005625000000009095,0
0,1,idle,644,0.0012920000000349319,0
0,1,idle,645,0.0012080000000196378,0
0,1,idle,646,0.0014170000000035543,0
0,1,idle,647,0.0012920000000349319,0
0,1,idle,648,0.0010839999999916472,0
0,1,idle,649,0.001125000000001819,0
0,1,idle,650,0.001125000000001819,0
0,1,idle,651,0.003291999999987638,0
0,1,idle,652,0.0014170000000035543,0
0,1,idle,653,0.001125000000001819,0
0,1,idle,654,0.0034589999999639076,0
0,1,idle,655,0.0010419999999840002,0
0,1,idle,656,0.0010419999999840002,0
0,1,idle,657,0.0014170000000035543,0
0,1,idle,658,0.0011660000000119908,0
0,1,idle,659,0.0011249999999449756,0
0,1,idle,660,0.0012080000000196378,0
0,1,idle,661,0.001082999999994172,0
0,1,idle,662,0.0024169999999799074,0
0,1,idle,663,0.001167000000009466,0
0,1,idle,664,0.0012080000000196378,0
0,1,idle,665,0.0012080000000196378,0
0,1,idle,666,0.001209000000017113,0
0,1,idle,667,0.003333999999995285,0
0,1,idle,668,0.0012079999999627944,0
0,1,idle,669,0.001167000000009466,0
0,1,idle,670,0.001167000000009466,0
0,1,idle,671,0.001125000000001819,0
0,1,idle,672,0.001167000000009466,0
0,1,idle,673,0.001458000000013726,0
0,1,idle,674,0.0013329999999882602,0
0,1,idle,675,0.001125000000001819,0
0,1,idle,676,0.0010420000000408436,0
0,1,idle,677,0.003458000000023276,0
0,1,idle,678,0.0014579999999568827,0
0,1,idle,679,0.001167000000009466,0
0,1,idle,680,0.001167000000009466,0
0,1,idle,681,0.005375000000015007,0
0,1,idle,682,0.0012080000000196378,0
0,1,idle,683,0.0015829999999823485,0
0,1,idle,684,0.001125000000001819,0
0,1,idle,685,0.0012079999999627944,0
0,1,idle,686,0.001125000000001819,0
0,1,idle,687,0.0012079999999627944,0
0,1,idle,688,0.0014170000000035543,0
0,1,idle,689,0.0010419999999840002,0
0,1,idle,690,0.001167000000009466,0
0,1,idle,691,0.0011669999999526226,0
0,1,idle,692,0.001167000000009466,0
0,1,idle,693,0.001125000000001819,0
0,1,idle,694,0.001416000000006079,0
0,1,idle,695,0.0018749999999840838,0
0,1,idle,696,0.0011660000000119908,0
0,1,idle,697,0.001125000000001819,0
0,1,idle,698,0.001125000000001819,0
0,1,idle,699,0.0015000000000213731,0
0,1,idle,700,0.001125000000001819,0
0,1,idle,701,0.0038339999999834617,0
0,1,idle,702,0.001167000000009466,0
0,1,idle,703,0.0012910000000374566,0
0,1,idle,704,0.00333299999999781,0
0,1,idle,705,0.005999999999971806,0
0,1,idle,706,0.0012499999999704414,0
0,1,idle,707,0.0011660000000119908,0
0,1,idle,708,0.0011669999999526226,0
0,1,idle,709,0.0013749999999959073,0
0,1,idle,710,0.002999999999985903,0
0,1,idle,711,0.0011660000000119908,0
0,1,idle,712,0.001167000000009466,0
0,1,idle,713,0.0011669999999526226,0
0,1,idle,714,0.001082999999994172,0
0,1,idle,715,0.0013749999999959073,0
0,1,idle,716,0.001125000000001819,0
0,1,idle,717,0.001082999999994172,0
0,1,idle,718,0.0010419999999840002,0
0,1,idle,719,0.001167000000009466,0
0,1,idle,720,0.0013749999999959073,0
0,1,idle,721,0.001125000000001819,0
0,1,idle,722,0.001082999999994172,0
0,1,idle,723,0.0010839999999916472,0
0,1,idle,724,0.001125000000001819,0
0,1,idle,725,0.0013329999999882602,0
0,1,idle,726,0.001082999999994172,0
0,1,idle,727,0.0019169999999917309,0
0,1,idle,728,0.001167000000009466,0
0,1,idle,729,0.001125000000001819,0
0,1,idle,730,0.0014170000000035543,0
0,1,idle,731,0.0010410000000433683,0
0,1,idle,732,0.001125000000001819,0
0,1,idle,733,0.001167000000009466,0
0,1,idle,734,0.003249999999979991,0
0,1,idle,735,0.0012079999999627944,0
0,1,idle,736,0.0014170000000035543,0
0,1,idle,737,0.0015000000000213731,0
0,1,idle,738,0.001125000000001819,0
0,1,idle,739,0.001125000000001819,0
0,1,idle,740,0.001167000000009466,0
0,1,idle,741,0.0012909999999806132,0
0,1,idle,742,0.001082999999994172,0
0,1,idle,743,0.0010839999999916472,0
0,1,idle,744,0.0012499999999704414,0
0,1,idle,745,0.0011660000000119908,0
0,1,idle,746,0.0013749999999959073,0
0,1,idle,747,0.0011659999999551474,0
0,1,idle,748,0.001125000000001819,0
0,1,idle,749,0.001125000000001819,0
0,1,idle,750,0.001125000000001819,0
0,1,idle,751,0.0013749999999959073,0
0,1,idle,752,0.0011659999999551474,0
0,1,idle,753,0.001125000000001819,0
0,1,idle,754,0.001125000000001819,0
0,1,idle,755,0.001167000000009466,0
0,1,idle,756,0.001209000000017113,0
0,1,idle,757,0.0012919999999780885,0
0,1,idle,758,0.0010839999999916472,0
0,1,idle,759,0.001167000000009466,0
0,1,idle,760,0.001749999999958618,0
0,1,idle,761,0.0010839999999916472,0
0,1,idle,762,0.0013339999999857355,0
0,1,idle,763,0.001125000000001819,0
0,1,idle,764,0.001125000000001819,0
0,1,idle,765,0.0010839999999916472,0
0,1,idle,766,0.0010419999999840002,0
0,1,idle,767,0.0037499999999681677,0
0,1,idle,768,0.003375000000005457,0
0,1,idle,769,0.0012910000000374566,0
0,1,idle,770,0.001125000000001819,0
0,1,idle,771,0.003459000000020751,0
0,1,idle,772,0.0011669999999526226,0
0,1,idle,773,0.0013749999999959073,0
0,1,idle,774,0.0012080000000196378,0
0,1,idle,775,0.0011660000000119908,0
0,1,idle,776,0.001167000000009466,0
0,1,idle,777,0.002916999999968084,0
0,1,idle,778,0.0015000000000213731,0
0,1,idle,779,0.001125000000001819,0
0,1,idle,780,0.001082999999994172,0
0,1,idle,781,0.001125000000001819,0
0,1,idle,782,0.001125000000001819,0
0,1,idle,783,0.0013749999999959073,0
0,1,idle,784,0.0011669999999526226,0
0,1,idle,785,0.001125000000001819,0
0,1,idle,786,0.001167000000009466,0
0,1,idle,787,0.001082999999994172,0
0,1,idle,788,0.001416000000006079,0
0,1,idle,789,0.0034160000000156288,0
0,1,idle,790,0.0012500000000272848,0
0,1,idle,791,0.0012080000000196378,0
0,1,idle,792,0.0049159999999801585,0
0,1,idle,793,0.0012920000000349319,0
0,1,idle,794,0.00487500000002683,0
0,1,idle,795,0.0012079999999627944,0
0,1,idle,796,0.001167000000009466,0
0,1,idle,797,0.001209000000017113,0
0,1,idle,798,0.0012089999999602696,0
0,1,idle,799,0.0015000000000213731,0
0,1,idle,800,0.0015000000000213731,0
0,1,idle,801,0.002957999999978256,0
0,1,idle,802,0.001167000000009466,0
0,1,idle,803,0.001167000000009466,0
0,1,idle,804,0.0015000000000213731,0
0,1,idle,805,0.0012499999999704414,0
0,1,idle,806,0.001125000000001819,0
0,1,idle,807,0.001082999999994172,0
0,1,idle,808,0.001082999999994172,0
0,1,idle,809,0.0013750000000527507,0
0,1,idle,810,0.001125000000001819,0
0,1,idle,811,0.0012080000000196378,0
0,1,idle,812,0.0011659999999551474,0
0,1,idle,813,0.001125000000001819,0
0,1,idle,814,0.001125000000001819,0
0,1,idle,815,0.0014590000000112013,0
0,1,idle,816,0.001125000000001819,0
0,1,idle,817,0.001125000000001819,0
0,1,idle,818,0.001082999999994172,0
0,1,idle,819,0.001125000000001819,0
0,1,idle,820,0.0012919999999780885,0
0,1,idle,821,0.001082999999994172,0
0,1,idle,822,0.001167000000009466,0
0,1,idle,823,0.001040999999986525,0
0,1,idle,824,0.0012499999999704414,0
0,1,idle,825,0.0020830000000273685,0
0,1,idle,826,0.001125000000001819,0
0,1,idle,827,0.001082999999994172,0
0,1,idle,828,0.001125000000001819,0
0,1,idle,829,0.0036249999999995453,0
0,1,idle,830,0.015457999999966887,0
0,1,idle,831,0.002207999999995991,0
0,1,idle,832,0.0012910000000374566,0
0,1,idle,833,0.001082999999994172,0
0,1,idle,834,0.001125000000001819,0
0,1,idle,835,0.0036249999999995453,0
0,1,idle,836,0.0014590000000112013,0
0,1,idle,837,0.0012079999999627944,0
0,1,idle,838,0.0032500000000368345,0
0,1,idle,839,0.0011249999999449756,0
0,1,idle,840,0.001125000000001819,0
0,1,idle,841,0.0013749999999959073,0
0,1,idle,842,0.0011660000000119908,0
0,1,idle,843,0.001082999999994172,0
0,1,idle,844,0.0030830000000037217,0
0,1,idle,845,0.001125000000001819,0
0,1,idle,846,0.0013749999999959073,0
0,1,idle,847,0.001167000000009466,0
0,1,idle,848,0.003249999999979991,0
0,1,idle,849,0.0012919999999780885,0
0,1,idle,850,0.001167000000009466,0
0,1,idle,851,0.0014170000000035543,0
0,1,idle,852,0.001125000000001819,0
0,1,idle,853,0.0012500000000272848,0
0,1,idle,854,0.001125000000001819,0
0,1,idle,855,0.001125000000001819,0
0,1,idle,856,0.001125000000001819,0
0,1,idle,857,0.002250000000003638,0
0,1,idle,858,0.001125000000001819,0
0,1,idle,859,0.001125000000001819,0
0,1,idle,860,0.003916000000003805,0
0,1,idle,861,0.0012909999999806132,0
0,1,idle,862,0.001541000000031545,0
0,1,idle,863,0.0013330000000451037,0
0,1,idle,864,0.001125000000001819,0
0,1,idle,865,0.001125000000001819,0
0,1,idle,866,0.001167000000009466,0
0,1,idle,867,0.0013749999999959073,0
0,1,idle,868,0.0037499999999681677,0
0,1,idle,869,0.001167000000009466,0
0,1,idle,870,0.0011659999999551474,0
0,1,idle,871,0.001125000000001819,0
0,1,idle,872,0.0011660000000119908,0
0,1,idle,873,0.0014170000000035543,0
0,1,idle,874,0.001209000000017113,0
0,1,idle,875,0.001125000000001819,0
0,1,idle,876,0.001125000000001819,0
0,1,idle,877,0.0012499999999704414,0
0,1,idle,878,0.0014170000000035543,0
0,1,idle,879,0.0011660000000119908,0
0,1,idle,880,0.001125000000001819,0
0,1,idle,881,0.001125000000001819,0
0,1,idle,882,0.001167000000009466,0
0,1,idle,883,0.0014170000000035543,0
0,1,idle,884,0.001125000000001819,0
0,1,idle,885,0.0012080000000196378,0
0,1,idle,886,0.001125000000001819,0
0,1,idle,887,0.0010839999999916472,0
0,1,idle,888,0.0013749999999959073,0
0,1,idle,889,0.0037499999999681677,0
0,1,idle,890,0.0019169999999917309,0
0,1,idle,891,0.0031670000000190157,0
0,1,idle,892,0.0011669999999526226,0
0,1,idle,893,0.003500000000030923,0
0,1,idle,894,0.0015419999999721767,0
0,1,idle,895,0.0012499999999704414,0
0,1,idle,896,0.001167000000009466,0
0,1,idle,897,0.001125000000001819,0
0,1,idle,898,0.001125000000001819,0
0,1,idle,899,0.0014169999999467109,0
0,1,idle,900,0.001125000000001819,0
0,1,idle,901,0.0036249999999995453,0
0,1,idle,902,0.004750000000001364,0
0,1,idle,903,0.0012919999999780885,0
0,1,idle,904,0.001458000000013726,0
0,1,idle,905,0.0262079999999969,0
0,1,idle,906,0.0011659999999551474,0
0,1,idle,907,0.003458000000023276,0
0,1,idle,908,0.003999999999962256,0
0,1,idle,909,0.0014590000000112013,0
0,1,idle,910,0.0012499999999704414,0
0,1,idle,911,0.0036670000000071923,0
0,1,idle,912,0.0011669999999526226,0
0,1,idle,913,0.001209000000017113,0
0,1,idle,914,0.0013749999999959073,0
0,1,idle,915,0.0012499999999704414,0
0,1,idle,916,0.0012499999999704414,0
0,1,idle,917,0.001125000000001819,0
0,1,idle,918,0.0011660000000119908,0
0,1,idle,919,0.0012079999999627944,0
0,1,idle,920,0.001625000000046839,0
0,1,idle,921,0.001125000000001819,0
0,1,idle,922,0.0012919999999780885,0
0,1,idle,923,0.001082999999994172,0
0,1,idle,924,0.001082999999994172,0
0,1,idle,925,0.0013329999999882602,0
0,1,idle,926,0.0015000000000213731,0
0,1,idle,927,0.001125000000001819,0
0,1,idle,928,0.0010420000000408436,0
0,1,idle,929,0.001209000000017113,0
0,1,idle,930,0.0013329999999882602,0
0,1,idle,931,0.001125000000001819,0
0,1,idle,932,0.001125000000001819,0
0,1,idle,933,0.001125000000001819,0
0,1,idle,934,0.001167000000009466,0
0,1,idle,935,0.0038749999999936335,0
0,1,idle,936,0.0016660000000001673,0
0,1,idle,937,0.0011669999999526226,0
0,1,idle,938,0.001125000000001819,0
0,1,idle,939,0.001082999999994172,0
0,1,idle,940,0.001167000000009466,0
0,1,idle,941,0.0014999999999645297,0
0,1,idle,942,0.001125000000001819,0
0,1,idle,943,0.0010839999999916472,0
0,1,idle,944,0.001082999999994172,0
0,1,idle,945,0.001125000000001819,0
0,1,idle,946,0.0012920000000349319,0
0,1,idle,947,0.001082999999994172,0
0,1,idle,948,0.001125000000001819,0
0,1,idle,949,0.0010839999999916472,0
0,1,idle,950,0.0010839999999916472,0
0,1,idle,951,0.0014170000000035543,0
0,1,idle,952,0.001040999999986525,0
0,1,idle,953,0.003290999999990163,0
0,1,idle,954,0.0012079999999627944,0
0,1,idle,955,0.0018749999999840838,0
0,1,idle,956,0.0031670000000190157,0
0,1,idle,957,0.0017080000000078144,0
0,1,idle,958,0.001082999999994172,0
0,1,idle,959,0.001125000000001819,0
0,1,idle,960,0.0010839999999916472,0
0,1,idle,961,0.001082999999994172,0
0,1,idle,962,0.0014169999999467109,0
0,1,idle,963,0.001125000000001819,0
0,1,idle,964,0.001082999999994172,0
0,1,idle,965,0.001167000000009466,0
0,1,idle,966,0.001125000000001819,0
0,1,idle,967,0.0014170000000035543,0
0,1,idle,968,0.001125000000001819,0
0,1,idle,969,0.002999999999985903,0
0,1,idle,970,0.001125000000001819,0
0,1,idle,971,0.001125000000001819,0
0,1,idle,972,0.003500000000030923,0
0,1,idle,973,0.001125000000001819,0
0,1,idle,974,0.0010830000000510154,0
0,1,idle,975,0.0012500000000272848,0
0,1,idle,976,0.0010839999999916472,0
0,1,idle,977,0.0011669999999526226,0
0,1,idle,978,0.0034160000000156288,0
0,1,idle,979,0.0012079999999627944,0
0,1,idle,980,0.001125000000001819,0
0,1,idle,981,0.001082999999994172,0
0,1,idle,982,0.0012080000000196378,0
0,1,idle,983,0.0013749999999959073,0
0,1,idle,984,0.001082999999994172,0
0,1,idle,985,0.001125000000001819,0
0,1,idle,986,0.0010839999999916472,0
0,1,idle,987,0.001791999999966265,0
0,1,idle,988,0.0014170000000035543,0
0,1,idle,989,0.0013749999999959073,0
0,1,idle,990,0.0010839999999916472,0
0,1,idle,991,0.001125000000001819,0
0,1,idle,992,0.001125000000001819,0
0,1,idle,993,0.001416000000006079,0
0,1,idle,994,0.001125000000001819,0
0,1,idle,995,0.0010839999999916472,0
0,1,idle,996,0.001125000000001819,0
0,1,idle,997,0.0010419999999840002,0
0,1,idle,998,0.001125000000001819,0
0,1,idle,999,0.0014999999999645297,0
0,1,event,0,0.04816600000003746,1
0,1,event,1,0.003917000000001281,0
0,1,event,2,0.0044170000000463006,0
0,1,event,3,0.0014170000000035543,0
0,1,event,4,0.0024579999999900792,0
0,1,event,5,0.0015419999999721767,0
0,1,event,6,0.0049999999999954525,0
0,1,event,7,0.0014170000000035543,0
0,1,event,8,0.0012919999999780885,0
0,1,event,9,0.0015000000000213731,0
0,1,event,10,0.001167000000009466,0
0,1,event,11,0.0012500000000272848,0
0,1,event,12,0.001125000000001819,0
0,1,event,13,0.001125000000001819,0
0,1,event,14,0.0013749999999959073,0
0,1,event,15,0.0012499999999704414,0
0,1,event,16,0.0011660000000119908,0
0,1,event,17,0.0012080000000196378,0
0,1,event,18,0.0011669999999526226,0
0,1,event,19,0.0018749999999840838,0
0,1,event,20,0.001167000000009466,0
0,1,event,21,0.003333999999995285,0
0,1,event,22,0.0014999999999645297,0
0,1,event,23,0.0013329999999882602,0
0,1,event,24,0.0012500000000272848,0
0,1,event,25,0.0024999999999977263,0
0,1,event,26,0.0012079999999627944,0
0,1,event,27,0.0013329999999882602,0
0,1,event,28,0.0012080000000196378,0
0,1,event,29,0.001167000000009466,0
0,1,event,30,0.0013749999999959073,0
0,1,event,31,0.001125000000001819,0
0,1,event,32,0.002999999999985903,0
0,1,event,33,0.0016660000000001673,0
0,1,event,34,0.001125000000001819,0
0,1,event,35,0.008915999999999258,0
0,1,event,36,0.0020420000000171967,0
0,1,event,37,0.003249999999979991,0
0,1,event,38,0.005291999999997188,0
0,1,event,39,0.0012919999999780885,0
0,1,event,40,0.0015829999999823485,0
0,1,event,41,0.001125000000001819,0
0,1,event,42,0.001167000000009466,0
0,1,event,43,0.0011659999999551474,0
0,1,event,44,0.001125000000001819,0
0,1,event,45,0.0013749999999959073,0
0,1,event,46,0.0012499999999704414,0
0,1,event,47,0.001125000000001819,0
0,1,event,48,0.001209000000017113,0
0,1,event,49,0.001209000000017113,0
0,1,event,50,0.001125000000001819,0
0,1,event,51,0.0012919999999780885,0
0,1,event,52,0.001209000000017113,0
0,1,event,53,0.0031669999999621723,0
0,1,event,54,0.0012499999999704414,0
0,1,event,55,0.0012080000000196378,0
0,1,event,56,0.0031669999999621723,0
0,1,event,57,0.002250000000003638,0
0,1,event,58,0.0012499999999704414,0
0,1,event,59,0.0012500000000272848,0
0,1,event,60,0.019665999999972428,1
0,1,event,61,0.0025420000000053733,0
0,1,event,62,0.0014170000000035543,0
0,1,event,63,0.0015000000000213731,0
0,1,event,64,0.0025420000000053733,0
0,1,event,65,0.0012909999999806132,0
0,1,event,66,0.0014170000000035543,0
0,1,event,67,0.0012500000000272848,0
0,1,event,68,0.0012079999999627944,0
0,1,event,69,0.004082999999980075,0
0,1,event,70,0.0013329999999882602,0
0,1,event,71,0.0032080000000291875,0
0,1,event,72,0.0012499999999704414,0
0,1,event,73,0.003375000000005457,0
0,1,event,74,0.0012499999999704414,0
0,1,event,75,0.001167000000009466,0
0,1,event,76,0.0015419999999721767,0
0,1,event,77,0.003417000000013104,0
0,1,event,78,0.001209000000017113,0
0,1,event,79,0.001125000000001819,0
0,1,event,80,0.001167000000009466,0
0,1,event,81,0.0019169999999917309,0
0,1,event,82,0.0015000000000213731,0
0,1,event,83,0.0012920000000349319,0
0,1,event,84,0.0011659999999551474,0
0,1,event,85,0.0011660000000119908,0
0,1,event,86,0.0012499999999704414,0
0,1,event,87,0.0014590000000112013,0
0,1,event,88,0.0023339999999620886,0
0,1,event,89,0.001209000000017113,0
0,1,event,90,0.001833999999973912,0
0,1,event,91,0.0014170000000035543,0
0,1,event,92,0.0013749999999959073,0
0,1,event,93,0.0012080000000196378,0
0,1,event,94,0.001167000000009466,0
0,1,event,95,0.0012499999999704414,0
0,1,event,96,0.0012080000000196378,0
0,1,event,97,0.0022499999999467946,0
0,1,event,98,0.0011660000000119908,0
0,1,event,99,0.005125000000020918,0
0,1,event,100,0.001916000000051099,0
0,1,event,101,0.001583000000039192,0
0,1,event,102,0.0031249999999545253,0
0,1,event,103,0.0015000000000213731,0
0,1,event,104,0.0012499999999704414,0
0,1,event,105,0.001167000000009466,0
0,1,event,106,0.0012499999999704414,0
0,1,event,107,0.001125000000001819,0
0,1,event,108,0.0013329999999882602,0
0,1,event,109,0.001125000000001819,0
0,1,event,110,0.0014579999999568827,0
0,1,event,111,0.0012080000000196378,0
0,1,event,112,0.0012919999999780885,0
0,1,event,113,0.0014590000000112013,0
0,1,event,114,0.0012079999999627944,0
0,1,event,115,0.0012080000000196378,0
0,1,event,116,0.0012079999999627944,0
0,1,event,117,0.001167000000009466,0
0,1,event,118,0.0013749999999959073,0
0,1,event,119,0.0012079999999627944,0
0,1,event,120,0.01983300000000554,1
0,1,event,121,0.002583000000015545,0
0,1,event,122,0.0016249999999899956,0
0,1,event,123,0.001167000000009466,0
0,1,event,124,0.0013330000000451037,0
0,1,event,125,0.0012910000000374566,0
0,1,event,126,0.0013330000000451037,0
0,1,event,127,0.0012499999999704414,0
0,1,event,128,0.001458000000013726,0
0,1,event,129,0.0019159999999942556,0
0,1,event,130,0.0012499999999704414,0
0,1,event,131,0.0012499999999704414,0
0,1,event,132,0.003375000000005457,0
0,1,event,133,0.0016249999999899956,0
0,1,event,134,0.001167000000009466,0
0,1,event,135,0.0036249999999995453,0
0,1,event,136,0.0066670000000499385,0
0,1,event,137,0.0015000000000213731,0
0,1,event,138,0.0014999999999645297,0
0,1,event,139,0.0012920000000349319,0
0,1,event,140,0.0032089999999698193,0
0,1,event,141,0.001209000000017113,0
0,1,event,142,0.001167000000009466,0
0,1,event,143,0.0013749999999959073,0
0,1,event,144,0.001167000000009466,0
0,1,event,145,0.02462499999995771,0
0,1,event,146,0.0013749999999959073,0
0,1,event,147,0.0013329999999882602,0
0,1,event,148,0.0012500000000272848,0
0,1,event,149,0.0014579999999568827,0
0,1,event,150,0.0012500000000272848,0
0,1,event,151,0.001749999999958618,0
0,1,event,152,0.0012500000000272848,0
0,1,event,153,0.0012079999999627944,0
0,1,event,154,0.0013749999999959073,0
0,1,event,155,0.001125000000001819,0
0,1,event,156,0.0012089999999602696,0
0,1,event,157,0.001209000000017113,0
0,1,event,158,0.0013339999999857355,0
0,1,event,159,0.0014170000000035543,0
0,1,event,160,0.0011660000000119908,0
0,1,event,161,0.003708000000017364,0
0,1,event,162,0.0019159999999942556,0
0,1,event,163,0.0012079999999627944,0
0,1,event,164,0.0016249999999899956,0
0,1,event,165,0.0012909999999806132,0
0,1,event,166,0.001167000000009466,0
0,1,event,167,0.001209000000017113,0
0,1,event,168,0.001334000000042579,0
0,1,event,169,0.0012089999999602696,0
0,1,event,170,0.0036670000000071923,0
0,1,event,171,0.0012499999999704414,0
0,1,event,172,0.001167000000009466,0
0,1,event,173,0.0011660000000119908,0
0,1,event,174,0.001167000000009466,0
0,1,event,175,0.0014590000000112013,0
0,1,event,176,0.0012499999999704414,0
0,1,event,177,0.0012080000000196378,0
0,1,event,178,0.0012079999999627944,0
0,1,event,179,0.001167000000009466,0
0,1,event,180,0.01379199999996672,1
0,1,event,181,0.002375000000029104,0
0,1,event,182,0.0021250000000350155,0
0,1,event,183,0.0018749999999840838,0
0,1,event,184,0.006666999999993095,0
0,1,event,185,0.0017909999999687898,0
0,1,event,186,0.0016249999999899956,0
0,1,event,187,0.0013329999999882602,0
0,1,event,188,0.0012080000000196378,0
0,1,event,189,0.001458000000013726,0
0,1,event,190,0.001125000000001819,0
0,1,event,191,0.0012500000000272848,0
0,1,event,192,0.001125000000001819,0
0,1,event,193,0.0011660000000119908,0
0,1,event,194,0.0019580000000019027,0
0,1,event,195,0.0012080000000196378,0
0,1,event,196,0.0012500000000272848,0
0,1,event,197,0.001082999999994172,0
0,1,event,198,0.001458000000013726,0
0,1,event,199,0.001416000000006079,0
0,1,event,200,0.001125000000001819,0
0,1,event,201,0.00333299999999781,0
0,1,event,202,0.0013749999999959073,0
0,1,event,203,0.002958999999975731,0
0,1,event,204,0.001209000000017113,0
0,1,event,205,0.0013749999999959073,0
0,1,event,206,0.001125000000001819,0
0,1,event,207,0.003958000000011452,0
0,1,event,208,0.0012500000000272848,0
0,1,event,209,0.001125000000001819,0
0,1,event,210,0.0013749999999959073,0
0,1,event,211,0.0010839999999916472,0
0,1,event,212,0.001125000000001819,0
0,1,event,213,0.001125000000001819,0
0,1,event,214,0.0017920000000231084,0
0,1,event,215,0.0013329999999882602,0
0,1,event,216,0.0012909999999806132,0
0,1,event,217,0.001167000000009466,0
0,1,event,218,0.001125000000001819,0
0,1,event,219,0.001082999999994172,0
0,1,event,220,0.0012079999999627944,0
0,1,event,221,0.0013329999999882602,0
0,1,event,222,0.00304199999999355,0
0,1,event,223,0.001209000000017113,0
0,1,event,224,0.001125000000001819,0
0,1,event,225,0.0013330000000451037,0
0,1,event,226,0.0013329999999882602,0
0,1,event,227,0.0018329999999764368,0
0,1,event,228,0.0012499999999704414,0
0,1,event,229,0.0011660000000119908,0
0,1,event,230,0.001125000000001819,0
0,1,event,231,0.0012909999999806132,0
0,1,event,232,0.001167000000009466,0
0,1,event,233,0.001125000000001819,0
0,1,event,234,0.001125000000001819,0
0,1,event,235,0.0012500000000272848,0
0,1,event,236,0.0012909999999806132,0
0,1,event,237,0.003375000000005457,0
0,1,event,238,0.0012909999999806132,0
0,1,event,239,0.001167000000009466,0
0,1,event,240,0.014874999999960892,1
0,1,event,241,0.005083000000013271,0
0,1,event,242,0.0013329999999882602,0
0,1,event,243,0.0028750000000172804,0
0,1,event,244,0.0013749999999959073,0
0,1,event,245,0.001458000000013726,0
0,1,event,246,0.0020830000000273685,0
0,1,event,247,0.0012500000000272848,0
0,1,event,248,0.0012499999999704414,0
0,1,event,249,0.0012080000000196378,0
0,1,event,250,0.0012079999999627944,0
0,1,event,251,0.0016669999999976426,0
0,1,event,252,0.001209000000017113,0
0,1,event,253,0.0012089999999602696,0
0,1,event,254,0.001125000000001819,0
0,1,event,255,0.0012499999999704414,0
0,1,event,256,0.0013749999999959073,0
0,1,event,257,0.001167000000009466,0
0,1,event,258,0.0012499999999704414,0
0,1,event,259,0.014791999999999916,0
0,1,event,260,0.0016669999999976426,0
0,1,event,261,0.0013329999999882602,0
0,1,event,262,0.001458000000013726,0
0,1,event,263,0.0012079999999627944,0
0,1,event,264,0.001125000000001819,0
0,1,event,265,0.001167000000009466,0
0,1,event,266,0.00333299999999781,0
0,1,event,267,0.0014999999999645297,0
0,1,event,268,0.0012080000000196378,0
0,1,event,269,0.001082999999994172,0
0,1,event,270,0.0034579999999664324,0
0,1,event,271,0.0012080000000196378,0
0,1,event,272,0.0014579999999568827,0
0,1,event,273,0.0012500000000272848,0
0,1,event,274,0.0031669999999621723,0
0,1,event,275,0.001125000000001819,0
0,1,event,276,0.001125000000001819,0
0,1,event,277,0.0018329999999764368,0
0,1,event,278,0.003750000000025011,0
0,1,event,279,0.0013749999999959073,0
0,1,event,280,0.001167000000009466,0
0,1,event,281,0.0011660000000119908,0
0,1,event,282,0.0013329999999882602,0
0,1,event,283,0.0013329999999882602,0
0,1,event,284,0.003291999999987638,0
0,1,event,285,0.0027919999999994616,0
0,1,event,286,0.001125000000001819,0
0,1,event,287,0.001167000000009466,0
0,1,event,288,0.001458000000013726,0
0,1,event,289,0.0012499999999704414,0
0,1,event,290,0.001125000000001819,0
0,1,event,291,0.001167000000009466,0
0,1,event,292,0.001958999999999378,0
0,1,event,293,0.0014170000000035543,0
0,1,event,294,0.0011660000000119908,0
0,1,event,295,0.001082999999994172,0
0,1,event,296,0.001125000000001819,0
0,1,event,297,0.0011660000000119908,0
0,1,event,298,0.0013749999999959073,0
0,1,event,299,0.0012080000000196378,0
0,1,event,300,0.011957999999992808,1
0,1,event,301,0.01783299999999599,0
0,1,event,302,0.0027079999999841675,0
0,1,event,303,0.0013749999999959073,0
0,1,event,304,0.007375000000024556,0
0,1,event,305,0.0014170000000035543,0
0,1,event,306,0.0012080000000196378,0
0,1,event,307,0.0050420000000030996,0
0,1,event,308,0.0016669999999976426,0
0,1,event,309,0.0020420000000171967,0
0,1,event,310,0.0012089999999602696,0
0,1,event,311,0.001125000000001819,0
0,1,event,312,0.0014170000000035543,0
0,1,event,313,0.001167000000009466,0
0,1,event,314,0.0012080000000196378,0
0,1,event,315,0.0015409999999747015,0
0,1,event,316,0.0012500000000272848,0
0,1,event,317,0.001125000000001819,0
0,1,event,318,0.0014170000000035543,0
0,1,event,319,0.0012080000000196378,0
0,1,event,320,0.0013339999999857355,0
0,1,event,321,0.0012499999999704414,0
0,1,event,322,0.001082999999994172,0
0,1,event,323,0.001125000000001819,0
0,1,event,324,0.001749999999958618,0
0,1,event,325,0.0015420000000290202,0
0,1,event,326,0.0011669999999526226,0
0,1,event,327,0.001416000000006079,0
0,1,event,328,0.0012080000000196378,0
0,1,event,329,0.0012080000000196378,0
0,1,event,330,0.0013329999999882602,0
0,1,event,331,0.004250000000013188,0
0,1,event,332,0.0013329999999882602,0
0,1,event,333,0.0011660000000119908,0
0,1,event,334,0.001125000000001819,0
0,1,event,335,0.001125000000001819,0
0,1,event,336,0.0014590000000112013,0
0,1,event,337,0.003959000000008928,0
0,1,event,338,0.0013750000000527507,0
0,1,event,339,0.0012080000000196378,0
0,1,event,340,0.0017500000000154614,0
0,1,event,341,0.004000000000019099,0
0,1,event,342,0.0012910000000374566,0
0,1,event,343,0.0012500000000272848,0
0,1,event,344,0.001082999999994172,0
0,1,event,345,0.0012919999999780885,0
0,1,event,346,0.004040999999972428,0
0,1,event,347,0.0012080000000196378,0
0,1,event,348,0.0012499999999704414,0
0,1,event,349,0.0015419999999721767,0
0,1,event,350,0.0012080000000196378,0
0,1,event,351,0.0012079999999627944,0
0,1,event,352,0.0012500000000272848,0
0,1,event,353,0.0010839999999916472,0
0,1,event,354,0.0013339999999857355,0
0,1,event,355,0.0038339999999834617,0
0,1,event,356,0.0013339999999857355,0
0,1,event,357,0.0024589999999875545,0
0,1,event,358,0.0015419999999721767,0
0,1,event,359,0.0011660000000119908,0
0,1,event,360,0.011792000000014013,1
0,1,event,361,0.0021250000000350155,0
0,1,event,362,0.0014170000000035543,0
0,1,event,363,0.001125000000001819,0
0,1,event,364,0.001125000000001819,0
0,1,event,365,0.0012080000000196378,0
0,1,event,366,0.0013749999999959073,0
0,1,event,367,0.0012909999999806132,0
0,1,event,368,0.001458000000013726,0
0,1,event,369,0.0013329999999882602,0
0,1,event,370,0.0012499999999704414,0
0,1,event,371,0.0037919999999758147,0
0,1,event,372,0.001958999999999378,0
0,1,event,373,0.001167000000009466,0
0,1,event,374,0.001082999999994172,0
0,1,event,375,0.001125000000001819,0
0,1,event,376,0.001209000000017113,0
0,1,event,377,0.0016249999999899956,0
0,1,event,378,0.0012919999999780885,0
0,1,event,379,0.001125000000001819,0
0,1,event,380,0.001082999999994172,0
0,1,event,381,0.001125000000001819,0
0,1,event,382,0.001416000000006079,0
0,1,event,383,0.0011669999999526226,0
0,1,event,384,0.0010839999999916472,0
0,1,event,385,0.001125000000001819,0
0,1,event,386,0.0013329999999882602,0
0,1,event,387,0.001458000000013726,0
0,1,event,388,0.0012079999999627944,0
0,1,event,389,0.0017920000000231084,0
0,1,event,390,0.0013749999999959073,0
0,1,event,391,0.0013329999999882602,0
0,1,event,392,0.0011669999999526226,0
0,1,event,393,0.0013749999999959073,0
0,1,event,394,0.0012080000000196378,0
0,1,event,395,0.0010419999999840002,0
0,1,event,396,0.0037919999999758147,0
0,1,event,397,0.0012080000000196378,0
0,1,event,398,0.0015000000000213731,0
0,1,event,399,0.001167000000009466,0
0,1,event,400,0.0010839999999916472,0
0,1,event,401,0.0011669999999526226,0
0,1,event,402,0.0012500000000272848,0
0,1,event,403,0.0016669999999976426,0
0,1,event,404,0.004209000000003016,0
0,1,event,405,0.005208999999979369,0
0,1,event,406,0.0012920000000349319,0
0,1,event,407,0.0011659999999551474,0
0,1,event,408,0.0077080000000364635,0
0,1,event,409,0.0012080000000196378,0
0,1,event,410,0.001167000000009466,0
0,1,event,411,0.001125000000001819,0
0,1,event,412,0.0012080000000196378,0
0,1,event,413,0.0012500000000272848,0
0,1,event,414,0.001458000000013726,0
0,1,event,415,0.001458000000013726,0
0,1,event,416,0.0013749999999959073,0
0,1,event,417,0.0012499999999704414,0
0,1,event,418,0.001167000000009466,0
0,1,event,419,0.0014999999999645297,0
0,1,event,420,0.03175000000004502,1
0,1,event,421,0.0020840000000248438,0
0,1,event,422,0.0019999999999527063,0
0,1,event,423,0.001416000000006079,0
0,1,event,424,0.0012500000000272848,0
0,1,event,425,0.0012910000000374566,0
0,1,event,426,0.001125000000001819,0
0,1,event,427,0.0011660000000119908,0
0,1,event,428,0.0013329999999882602,0
0,1,event,429,0.0012909999999806132,0
0,1,event,430,0.0011660000000119908,0
0,1,event,431,0.001125000000001819,0
0,1,event,432,0.0012080000000196378,0
0,1,event,433,0.001458000000013726,0
0,1,event,434,0.0012079999999627944,0
0,1,event,435,0.0018330000000332802,0
0,1,event,436,0.0013330000000451037,0
0,1,event,437,0.0013750000000527507,0
0,1,event,438,0.003459000000020751,0
0,1,event,439,0.0015839999999798238,0
0,1,event,440,0.0011660000000119908,0
0,1,event,441,0.001167000000009466,0
0,1,event,442,0.001125000000001819,0
0,1,event,443,0.0013339999999857355,0
0,1,event,444,0.0018749999999840838,0
0,1,event,445,0.001167000000009466,0
0,1,event,446,0.001125000000001819,0
0,1,event,447,0.0012079999999627944,0
0,1,event,448,0.0013329999999882602,0
0,1,event,449,0.001583000000039192,0
0,1,event,450,0.0012079999999627944,0
0,1,event,451,0.0012080000000196378,0
0,1,event,452,0.001125000000001819,0
0,1,event,453,0.0013749999999959073,0
0,1,event,454,0.0019169999999917309,0
0,1,event,455,0.0012500000000272848,0
0,1,event,456,0.0011669999999526226,0
0,1,event,457,0.001082999999994172,0
0,1,event,458,0.001125000000001819,0
0,1,event,459,0.0012919999999780885,0
0,1,event,460,0.0018750000000409273,0
0,1,event,461,0.00354200000003857,0
0,1,event,462,0.0012909999999806132,0
0,1,event,463,0.001125000000001819,0
0,1,event,464,0.0011659999999551474,0
0,1,event,465,0.0016249999999899956,0
0,1,event,466,0.009333000000026459,0
0,1,event,467,0.0014999999999645297,0
0,1,event,468,0.001167000000009466,0
0,1,event,469,0.0038749999999936335,0
0,1,event,470,0.001791999999966265,0
0,1,event,471,0.0013749999999959073,0
0,1,event,472,0.004583000000025095,0
0,1,event,473,0.0012920000000349319,0
0,1,event,474,0.001125000000001819,0
0,1,event,475,0.0036249999999995453,0
0,1,event,476,0.0012920000000349319,0
0,1,event,477,0.0013750000000527507,0
0,1,event,478,0.001167000000009466,0
0,1,event,479,0.0013749999999959073,0
0,1,event,480,0.010041999999998552,1
0,1,event,481,0.002040999999962878,0
0,1,event,482,0.0012920000000349319,0
0,1,event,483,0.0012089999999602696,0
0,1,event,484,0.0015000000000213731,0
0,1,event,485,0.0013750000000527507,0
0,1,event,486,0.0012920000000349319,0
0,1,event,487,0.0020840000000248438,0
0,1,event,488,0.0013749999999959073,0
0,1,event,489,0.0014170000000035543,0
0,1,event,490,0.0017920000000231084,0
0,1,event,491,0.0012500000000272848,0
0,1,event,492,0.0012919999999780885,0
0,1,event,493,0.0015000000000213731,0
0,1,event,494,0.001167000000009466,0
0,1,event,495,0.0012910000000374566,0
0,1,event,496,0.0014170000000035543,0
0,1,event,497,0.0015839999999798238,0
0,1,event,498,0.0017080000000078144,0
0,1,event,499,0.0012919999999780885,0
0,1,event,500,0.0013339999999857355,0
0,1,event,501,0.001125000000001819,0
0,1,event,502,0.0012080000000196378,0
0,1,event,503,0.001583000000039192,0
0,1,event,504,0.001082999999994172,0
0,1,event,505,0.0037499999999681677,0
0,1,event,506,0.0013339999999857355,0
0,1,event,507,0.0017500000000154614,0
0,1,event,508,0.0012499999999704414,0
0,1,event,509,0.0013749999999959073,0
0,1,event,510,0.0011660000000119908,0
0,1,event,511,0.0012919999999780885,0
0,1,event,512,0.0015000000000213731,0
0,1,event,513,0.0012079999999627944,0
0,1,event,514,0.0012080000000196378,0
0,1,event,515,0.001167000000009466,0
0,1,event,516,0.001209000000017113,0
0,1,event,517,0.0013749999999959073,0
0,1,event,518,0.0013329999999882602,0
0,1,event,519,0.0013329999999882602,0
0,1,event,520,0.0012919999999780885,0
0,1,event,521,0.0012920000000349319,0
0,1,event,522,0.001458000000013726,0
0,1,event,523,0.001125000000001819,0
0,1,event,524,0.001082999999994172,0
0,1,event,525,0.0012079999999627944,0
0,1,event,526,0.003375000000005457,0
0,1,event,527,0.0013329999999882602,0
0,1,event,528,0.001416000000006079,0
0,1,event,529,0.0017080000000078144,0
0,1,event,530,0.001167000000009466,0
0,1,event,531,0.003333999999995285,0
0,1,event,532,0.003333999999995285,0
0,1,event,533,0.0016249999999899956,0
0,1,event,534,0.0014170000000035543,0
0,1,event,535,0.0012499999999704414,0
0,1,event,536,0.0012080000000196378,0
0,1,event,537,0.0011669999999526226,0
0,1,event,538,0.0013749999999959073,0
0,1,event,539,0.003792000000032658,0
0,1,event,540,0.00845899999995936,1
0,1,event,541,0.0018749999999840838,0
0,1,event,542,0.004166999999995369,0
0,1,event,543,0.001458000000013726,0
0,1,event,544,0.0012909999999806132,0
0,1,event,545,0.001167000000009466,0
0,1,event,546,0.001167000000009466,0
0,1,event,547,0.0012500000000272848,0
0,1,event,548,0.0014170000000035543,0
0,1,event,549,0.0013329999999882602,0
0,1,event,550,0.001749999999958618,0
0,1,event,551,0.001416000000006079,0
0,1,event,552,0.0020000000000095497,0
0,1,event,553,0.0015839999999798238,0
0,1,event,554,0.0012499999999704414,0
0,1,event,555,0.0036249999999995453,0
0,1,event,556,0.0012080000000196378,0
0,1,event,557,0.0013749999999959073,0
0,1,event,558,0.0034999999999740794,0
0,1,event,559,0.0013329999999882602,0
0,1,event,560,0.0012080000000196378,0
0,1,event,561,0.0018330000000332802,0
0,1,event,562,0.0013749999999959073,0
0,1,event,563,0.0015839999999798238,0
0,1,event,564,0.0012499999999704414,0
0,1,event,565,0.001082999999994172,0
0,1,event,566,0.0014170000000035543,0
0,1,event,567,0.0012919999999780885,0
0,1,event,568,0.003458000000023276,0
0,1,event,569,0.0014999999999645297,0
0,1,event,570,0.0013339999999857355,0
0,1,event,571,0.0014590000000112013,0
0,1,event,572,0.0036670000000071923,0
0,1,event,573,0.0035839999999893735,0
0,1,event,574,0.0014170000000035543,0
0,1,event,575,0.0012080000000196378,0
0,1,event,576,0.001125000000001819,0
0,1,event,577,0.0038749999999936335,0
0,1,event,578,0.0012500000000272848,0
0,1,event,579,0.0015829999999823485,0
0,1,event,580,0.0011660000000119908,0
0,1,event,581,0.0012499999999704414,0
0,1,event,582,0.0012080000000196378,0
0,1,event,583,0.0012500000000272848,0
0,1,event,584,0.0020419999999603533,0
0,1,event,585,0.0012500000000272848,0
0,1,event,586,0.0010839999999916472,0
0,1,event,587,0.0011669999999526226,0
0,1,event,588,0.0013330000000451037,0
0,1,event,589,0.0011660000000119908,0
0,1,event,590,0.0012919999999780885,0
0,1,event,591,0.003458000000023276,0
0,1,event,592,0.0014579999999568827,0
0,1,event,593,0.0031670000000190157,0
0,1,event,594,0.0012089999999602696,0
0,1,event,595,0.0013339999999857355,0
0,1,event,596,0.001209000000017113,0
0,1,event,597,0.0013339999999857355,0
0,1,event,598,0.0010839999999916472,0
0,1,event,599,0.0012499999999704414,0
0,1,event,600,0.01029199999999264,1
0,1,event,601,0.0015840000000366672,0
0,1,event,602,0.0012500000000272848,0
0,1,event,603,0.0016249999999899956,0
0,1,event,604,0.0015409999999747015,0
0,1,event,605,0.0012080000000196378,0
0,1,event,606,0.0037079999999605207,0
0,1,event,607,0.0012080000000196378,0
0,1,event,608,0.001125000000001819,0
0,1,event,609,0.0027499999999918145,0
0,1,event,610,0.0014999999999645297,0
0,1,event,611,0.001167000000009466,0
0,1,event,612,0.001209000000017113,0
0,1,event,613,0.0012919999999780885,0
0,1,event,614,0.0011660000000119908,0
0,1,event,615,0.0013749999999959073,0
0,1,event,616,0.0013329999999882602,0
0,1,event,617,0.0018329999999764368,0
0,1,event,618,0.0012080000000196378,0
0,1,event,619,0.0011659999999551474,0
0,1,event,620,0.0013749999999959073,0
0,1,event,621,0.0012499999999704414,0
0,1,event,622,0.001167000000009466,0
0,1,event,623,0.001125000000001819,0
0,1,event,624,0.0015419999999721767,0
0,1,event,625,0.0014590000000112013,0
0,1,event,626,0.0010839999999916472,0
0,1,event,627,0.001125000000001819,0
0,1,event,628,0.0012499999999704414,0
0,1,event,629,0.001125000000001819,0
0,1,event,630,0.0012089999999602696,0
0,1,event,631,0.001334000000042579,0
0,1,event,632,0.001167000000009466,0
0,1,event,633,0.001040999999986525,0
0,1,event,634,0.001125000000001819,0
0,1,event,635,0.0011660000000119908,0
0,1,event,636,0.0012910000000374566,0
0,1,event,637,0.0013329999999882602,0
0,1,event,638,0.0012909999999806132,0
0,1,event,639,0.003999999999962256,0
0,1,event,640,0.0013749999999959073,0
0,1,event,641,0.0015840000000366672,0
0,1,event,642,0.001167000000009466,0
0,1,event,643,0.0012080000000196378,0
0,1,event,644,0.001167000000009466,0
0,1,event,645,0.001125000000001819,0
0,1,event,646,0.0013749999999959073,0
0,1,event,647,0.0014170000000035543,0
0,1,event,648,0.0011669999999526226,0
0,1,event,649,0.0016660000000001673,0
0,1,event,650,0.001167000000009466,0
0,1,event,651,0.0012499999999704414,0
0,1,event,652,0.0012920000000349319,0
0,1,event,653,0.001167000000009466,0
0,1,event,654,0.001125000000001819,0
0,1,event,655,0.003375000000005457,0
0,1,event,656,0.002957999999978256,0
0,1,event,657,0.0014170000000035543,0
0,1,event,658,0.0012089999999602696,0
0,1,event,659,0.0010839999999916472,0
0,1,event,660,0.009042000000022199,1
0,1,event,661,0.002040999999962878,0
0,1,event,662,0.0013329999999882602,0
0,1,event,663,0.001125000000001819,0
0,1,event,664,0.001125000000001819,0
0,1,event,665,0.001125000000001819,0
0,1,event,666,0.0014999999999645297,0
0,1,event,667,0.001082999999994172,0
0,1,event,668,0.001125000000001819,0
0,1,event,669,0.0010839999999916472,0
0,1,event,670,0.001125000000001819,0
0,1,event,671,0.001082999999994172,0
0,1,event,672,0.0012499999999704414,0
0,1,event,673,0.003165999999964697,0
0,1,event,674,0.0012909999999806132,0
0,1,event,675,0.001167000000009466,0
0,1,event,676,0.0031250000000113687,0
0,1,event,677,0.0013749999999959073,0
0,1,event,678,0.0012500000000272848,0
0,1,event,679,0.0014169999999467109,0
0,1,event,680,0.001125000000001819,0
0,1,event,681,0.0012920000000349319,0
0,1,event,682,0.001958999999999378,0
0,1,event,683,0.001167000000009466,0
0,1,event,684,0.001125000000001819,0
0,1,event,685,0.0011249999999449756,0
0,1,event,686,0.0011660000000119908,0
0,1,event,687,0.0017920000000231084,0
0,1,event,688,0.0031670000000190157,0
0,1,event,689,0.0012080000000196378,0
0,1,event,690,0.0013330000000451037,0
0,1,event,691,0.0014999999999645297,0
0,1,event,692,0.001209000000017113,0
0,1,event,693,0.0013339999999857355,0
0,1,event,694,0.001125000000001819,0
0,1,event,695,0.001125000000001819,0
0,1,event,696,0.0013749999999959073,0
0,1,event,697,0.001167000000009466,0
0,1,event,698,0.001458000000013726,0
0,1,event,699,0.001125000000001819,0
0,1,event,700,0.001125000000001819,0
0,1,event,701,0.001125000000001819,0
0,1,event,702,0.001125000000001819,0
0,1,event,703,0.0014170000000035543,0
0,1,event,704,0.0013749999999959073,0
0,1,event,705,0.001125000000001819,0
0,1,event,706,0.0065830000000346445,0
0,1,event,707,0.0018749999999840838,0
0,1,event,708,0.0011660000000119908,0
0,1,event,709,0.0013329999999882602,0
0,1,event,710,0.0013329999999882602,0
0,1,event,711,0.001125000000001819,0
0,1,event,712,0.0012079999999627944,0
0,1,event,713,0.0011660000000119908,0
0,1,event,714,0.002207999999995991,0
0,1,event,715,0.0012919999999780885,0
0,1,event,716,0.0030000000000427463,0
0,1,event,717,0.001209000000017113,0
0,1,event,718,0.0014590000000112013,0
0,1,event,719,0.0014999999999645297,0
0,1,event,720,0.010667000000012195,1
0,1,event,721,0.0015419999999721767,0
0,1,event,722,0.0012909999999806132,0
0,1,event,723,0.001458000000013726,0
0,1,event,724,0.0012079999999627944,0
0,1,event,725,0.001125000000001819,0
0,1,event,726,0.003375000000005457,0
0,1,event,727,0.001125000000001819,0
0,1,event,728,0.001125000000001819,0
0,1,event,729,0.0013749999999959073,0
0,1,event,730,0.001167000000009466,0
0,1,event,731,0.0011660000000119908,0
0,1,event,732,0.003249999999979991,0
0,1,event,733,0.0011660000000119908,0
0,1,event,734,0.0015000000000213731,0
0,1,event,735,0.0012089999999602696,0
0,1,event,736,0.001125000000001819,0
0,1,event,737,0.0012500000000272848,0
0,1,event,738,0.001125000000001819,0
0,1,event,739,0.001416000000006079,0
0,1,event,740,0.004416999999989457,0
0,1,event,741,0.001209000000017113,0
0,1,event,742,0.0016669999999976426,0
0,1,event,743,0.002958999999975731,0
0,1,event,744,0.0017500000000154614,0
0,1,event,745,0.0012080000000196378,0
0,1,event,746,0.0012500000000272848,0
0,1,event,747,0.0018340000000307555,0
0,1,event,748,0.0012089999999602696,0
0,1,event,749,0.001167000000009466,0
0,1,event,750,0.0017500000000154614,0
0,1,event,751,0.001209000000017113,0
0,1,event,752,0.001167000000009466,0
0,1,event,753,0.0012499999999704414,0
0,1,event,754,0.001167000000009466,0
0,1,event,755,0.0013329999999882602,0
0,1,event,756,0.001125000000001819,0
0,1,event,757,0.001125000000001819,0
0,1,event,758,0.0012500000000272848,0
0,1,event,759,0.001125000000001819,0
0,1,event,760,0.0016669999999976426,0
0,1,event,761,0.0011660000000119908,0
0,1,event,762,0.001082999999994172,0
0,1,event,763,0.0012080000000196378,0
0,1,event,764,0.0011669999999526226,0
0,1,event,765,0.0012920000000349319,0
0,1,event,766,0.0012080000000196378,0
0,1,event,767,0.0011660000000119908,0
0,1,event,768,0.0011669999999526226,0
0,1,event,769,0.001125000000001819,0
0,1,event,770,0.001082999999994172,0
0,1,event,771,0.001458000000013726,0
0,1,event,772,0.001167000000009466,0
0,1,event,773,0.001125000000001819,0
0,1,event,774,0.0031250000000113687,0
0,1,event,775,0.0012080000000196378,0
0,1,event,776,0.0013749999999959073,0
0,1,event,777,0.001167000000009466,0
0,1,event,778,0.0027079999999841675,0
0,1,event,779,0.00333299999999781,0
0,1,event,780,0.00858299999998735,1
0,1,event,781,0.0020420000000171967,0
0,1,event,782,0.0011660000000119908,0
0,1,event,783,0.0012500000000272848,0
0,1,event,784,0.0036249999999995453,0
0,1,event,785,0.0014170000000035543,0
0,1,event,786,0.0012500000000272848,0
0,1,event,787,0.0011249999999449756,0
0,1,event,788,0.0012080000000196378,0
0,1,event,789,0.001125000000001819,0
0,1,event,790,0.001125000000001819,0
0,1,event,791,0.001334000000042579,0
0,1,event,792,0.0013749999999959073,0
0,1,event,793,0.0012080000000196378,0
0,1,event,794,0.001082999999994172,0
0,1,event,795,0.0027499999999918145,0
0,1,event,796,0.0013339999999857355,0
0,1,event,797,0.0013339999999857355,0
0,1,event,798,0.0012079999999627944,0
0,1,event,799,0.0029170000000249274,0
0,1,event,800,0.001209000000017113,0
0,1,event,801,0.0013749999999959073,0
0,1,event,802,0.0012499999999704414,0
0,1,event,803,0.0011660000000119908,0
0,1,event,804,0.0011660000000119908,0
0,1,event,805,0.001167000000009466,0
0,1,event,806,0.0028750000000172804,0
0,1,event,807,0.00304199999999355,0
0,1,event,808,0.0012919999999780885,0
0,1,event,809,0.004791000000011536,0
0,1,event,810,0.002999999999985903,0
0,1,event,811,0.0011659999999551474,0
0,1,event,812,0.0020830000000273685,0
0,1,event,813,0.0014999999999645297,0
0,1,event,814,0.0012080000000196378,0
0,1,event,815,0.001125000000001819,0
0,1,event,816,0.001167000000009466,0
0,1,event,817,0.0013329999999882602,0
0,1,event,818,0.0011660000000119908,0
0,1,event,819,0.0012080000000196378,0
0,1,event,820,0.001125000000001819,0
0,1,event,821,0.001125000000001819,0
0,1,event,822,0.0013749999999959073,0
0,1,event,823,0.0012909999999806132,0
0,1,event,824,0.0012500000000272848,0
0,1,event,825,0.001125000000001819,0
0,1,event,826,0.001167000000009466,0
0,1,event,827,0.0010839999999916472,0
0,1,event,828,0.0012919999999780885,0
0,1,event,829,0.001125000000001819,0
0,1,event,830,0.001167000000009466,0
0,1,event,831,0.0012080000000196378,0
0,1,event,832,0.001082999999994172,0
0,1,event,833,0.0012499999999704414,0
0,1,event,834,0.001125000000001819,0
0,1,event,835,0.0011660000000119908,0
0,1,event,836,0.0011669999999526226,0
0,1,event,837,0.001125000000001819,0
0,1,event,838,0.0015420000000290202,0
0,1,event,839,0.001125000000001819,0
0,1,event,840,0.010708000000022366,1
0,1,event,841,0.00408399999997755,0
0,1,event,842,0.0015839999999798238,0
0,1,event,843,0.001167000000009466,0
0,1,event,844,0.0020000000000095497,0
0,1,event,845,0.0012089999999602696,0
0,1,event,846,0.001167000000009466,0
0,1,event,847,0.001125000000001819,0
0,1,event,848,0.0014170000000035543,0
0,1,event,849,0.0030000000000427463,0
0,1,event,850,0.0014170000000035543,0
0,1,event,851,0.001125000000001819,0
0,1,event,852,0.001125000000001819,0
0,1,event,853,0.003540999999984251,0
0,1,event,854,0.0013329999999882602,0
0,1,event,855,0.0013329999999882602,0
0,1,event,856,0.001334000000042579,0
0,1,event,857,0.001125000000001819,0
0,1,event,858,0.0013330000000451037,0
0,1,event,859,0.001125000000001819,0
0,1,event,860,0.001125000000001819,0
0,1,event,861,0.0010839999999916472,0
0,1,event,862,0.001125000000001819,0
0,1,event,863,0.0014170000000035543,0
0,1,event,864,0.001125000000001819,0
0,1,event,865,0.001125000000001819,0
0,1,event,866,0.001040999999986525,0
0,1,event,867,0.001082999999994172,0
0,1,event,868,0.001082999999994172,0
0,1,event,869,0.0012920000000349319,0
0,1,event,870,0.001167000000009466,0
0,1,event,871,0.001040999999986525,0
0,1,event,872,0.001125000000001819,0
0,1,event,873,0.001125000000001819,0
0,1,event,874,0.0031250000000113687,0
0,1,event,875,0.0011669999999526226,0
0,1,event,876,0.0015420000000290202,0
0,1,event,877,0.004207999999948697,0
0,1,event,878,0.001125000000001819,0
0,1,event,879,0.0013749999999959073,0
0,1,event,880,0.001125000000001819,0
0,1,event,881,0.001125000000001819,0
0,1,event,882,0.001125000000001819,0
0,1,event,883,0.001082999999994172,0
0,1,event,884,0.0015000000000213731,0
0,1,event,885,0.0011660000000119908,0
0,1,event,886,0.0012919999999780885,0
0,1,event,887,0.001209000000017113,0
0,1,event,888,0.0012500000000272848,0
0,1,event,889,0.001082999999994172,0
0,1,event,890,0.0014999999999645297,0
0,1,event,891,0.0012080000000196378,0
0,1,event,892,0.0011660000000119908,0
0,1,event,893,0.001082999999994172,0
0,1,event,894,0.001125000000001819,0
0,1,event,895,0.0013749999999959073,0
0,1,event,896,0.0028340000000071086,0
0,1,event,897,0.0012919999999780885,0
0,1,event,898,0.001125000000001819,0
0,1,event,899,0.001125000000001819,0
0,1,event,900,0.008499999999969532,1
0,1,event,901,0.004000000000019099,0
0,1,event,902,0.0011669999999526226,0
0,1,event,903,0.0011660000000119908,0
0,1,event,904,0.0014170000000035543,0
0,1,event,905,0.0013749999999959073,0
0,1,event,906,0.0011669999999526226,0
0,1,event,907,0.0016669999999976426,0
0,1,event,908,0.002916000000027452,0
0,1,event,909,0.001749999999958618,0
0,1,event,910,0.0036249999999995453,0
0,1,event,911,0.001167000000009466,0
0,1,event,912,0.001167000000009466,0
0,1,event,913,0.0011660000000119908,0
0,1,event,914,0.0035419999999817264,0
0,1,event,915,0.0013749999999959073,0
0,1,event,916,0.001125000000001819,0
0,1,event,917,0.0013749999999959073,0
0,1,event,918,0.001167000000009466,0
0,1,event,919,0.001167000000009466,0
0,1,event,920,0.0013330000000451037,0
0,1,event,921,0.001082999999994172,0
0,1,event,922,0.0011659999999551474,0
0,1,event,923,0.001125000000001819,0
0,1,event,924,0.001082999999994172,0
0,1,event,925,0.0011660000000119908,0
0,1,event,926,0.0013749999999959073,0
0,1,event,927,0.001125000000001819,0
0,1,event,928,0.0010420000000408436,0
0,1,event,929,0.0010420000000408436,0
0,1,event,930,0.0010830000000510154,0
0,1,event,931,0.0013749999999959073,0
0,1,event,932,0.001167000000009466,0
0,1,event,933,0.001082999999994172,0
0,1,event,934,0.001125000000001819,0
0,1,event,935,0.001125000000001819,0
0,1,event,936,0.0014999999999645297,0
0,1,event,937,0.001416000000006079,0
0,1,event,938,0.001125000000001819,0
0,1,event,939,0.0013749999999959073,0
0,1,event,940,0.0011669999999526226,0
0,1,event,941,0.00333299999999781,0
0,1,event,942,0.001833999999973912,0
0,1,event,943,1.8961669999999913,0
0,1,event,944,0.053875000000005,0
0,1,event,945,0.004500000000007276,0
0,1,event,946,0.002999999999985903,0
0,1,event,947,0.0029580000000350992,0
0,1,event,948,0.020542000000034477,0
0,1,event,949,0.016000000000019554,0
0,1,event,950,0.0031670000000190157,0
0,1,event,951,0.0028750000000172804,0
0,1,event,952,0.0028750000000172804,0
0,1,event,953,0.0029159999999706088,0
0,1,event,954,0.003084000000001197,0
0,1,event,955,0.015582999999992353,0
0,1,event,956,0.00437499999998181,0
0,1,event,957,0.0049999999999954525,0
0,1,event,958,0.0027089999999816428,0
0,1,event,959,0.003375000000005457,0
0,1,event,960,0.20804200000003448,1
0,1,event,961,0.007749999999987267,0
0,1,event,962,0.003333999999995285,0
0,1,event,963,0.013791000000026088,0
0,1,event,964,0.0032920000000444816,0
0,1,event,965,0.0026249999999663487,0
0,1,event,966,0.0025420000000053733,0
0,1,event,967,0.002958999999975731,0
0,1,event,968,0.002874999999960437,0
0,1,event,969,0.003417000000013104,0
0,1,event,970,0.0029580000000350992,0
0,1,event,971,0.002709000000038486,0
0,1,event,972,0.002708000000041011,0
0,1,event,973,0.007791999999994914,0
0,1,event,974,0.007790999999997439,0
0,1,event,975,0.009292000000016287,0
0,1,event,976,0.003500000000030923,0
0,1,event,977,0.0026249999999663487,0
0,1,event,978,0.003958999999952084,0
0,1,event,979,0.009500000000002728,0
0,1,event,980,0.0027919999999994616,0
0,1,event,981,0.0027499999999918145,0
0,1,event,982,0.002583999999956177,0
0,1,event,983,0.0025829999999587017,0
0,1,event,984,0.0031250000000113687,0
0,1,event,985,0.002459000000044398,0
0,1,event,986,0.0027499999999918145,0
0,1,event,987,0.0025420000000053733,0
0,1,event,988,0.002583000000015545,0
0,1,event,989,0.002709000000038486,0
0,1,event,990,0.0030830000000037217,0
0,1,event,991,0.0026249999999663487,0
0,1,event,992,0.0028750000000172804,0
0,1,event,993,0.0024999999999977263,0
0,1,event,994,0.0026669999999739957,0
0,1,event,995,0.0032090000000266627,0
0,1,event,996,0.0027499999999918145,0
0,1,event,997,0.0024579999999900792,0
0,1,event,998,0.0024999999999977263,0
0,1,event,999,0.002666000000033364,0
0,1,burst,0,0.06270900000004076,7
0,1,burst,1,0.057999999999992724,7
0,1,burst,2,0.05508300000002464,7
0,1,burst,3,0.053165999999976066,7
0,1,burst,4,0.06279200000000174,7
0,1,burst,5,0.06395800000001373,7
0,1,burst,6,0.05958299999997507,7
0,1,burst,7,0.05437499999999318,7
0,1,burst,8,0.06283400000000938,7
0,1,burst,9,0.06529199999999946,7
0,1,burst,10,0.06291600000002973,7
0,1,burst,11,0.05937499999998863,7
0,1,burst,12,0.06312500000001364,7
0,1,burst,13,0.0578750000000241,7
0,1,burst,14,0.05733400000002575,7
0,1,burst,15,0.0609590000000253,7
0,1,burst,16,0.06691599999999198,7
0,1,burst,17,0.06133399999998801,7
0,1,burst,18,0.06825000000003456,7
0,1,burst,19,0.058334000000002106,7
0,1,burst,20,0.06450000000000955,7
0,1,burst,21,0.055084000000022115,7
0,1,burst,22,0.06454099999996288,7
0,1,burst,23,0.061916999999994005,7
0,1,burst,24,0.06341700000001538,7
0,1,burst,25,0.05891600000001063,7
0,1,burst,26,0.06304199999999582,7
0,1,burst,27,0.05587500000001455,7
0,1,burst,28,0.07404200000001993,7
0,1,burst,29,0.05379099999998971,7
0,1,burst,30,0.05766699999998082,7
0,1,burst,31,0.06595899999996391,7
0,1,burst,32,0.05966699999999037,7
0,1,burst,33,0.054791000000022905,7
0,1,burst,34,0.06066699999996672,7
0,1,burst,35,0.0635000000000332,7
0,1,burst,36,0.05870899999996482,7
0,1,burst,37,0.05608300000000099,7
0,1,burst,38,0.05500000000000682,7
0,1,burst,39,0.05674999999996544,7
0,1,burst,40,0.05920800000001236,7
0,1,burst,41,0.05370900000002621,7
0,1,burst,42,0.05725000000001046,7
0,1,burst,43,0.055292000000008557,7
0,1,burst,44,0.0604579999999828,7
0,1,burst,45,0.05808300000001054,7
0,1,burst,46,0.05416600000000926,7
0,1,burst,47,0.05579199999999673,7
0,1,burst,48,0.06333300000000008,7
0,1,burst,49,0.05475000000001273,7
0,1,burst,50,0.06216699999998809,7
0,1,burst,51,0.05091599999997243,7
0,1,burst,52,0.055625000000020464,7
0,1,burst,53,0.05987499999997681,7
0,1,burst,54,0.0584580000000301,7
0,1,burst,55,0.054417000000000826,7
0,1,burst,56,0.05666699999994762,7
0,1,burst,57,0.05812500000001819,7
0,1,burst,58,0.05433299999998553,7
0,1,burst,59,0.05645800000002055,7
0,1,burst,60,0.05966699999999037,7
0,1,burst,61,0.060124999999970896,7
0,1,burst,62,0.06762500000002092,7
0,1,burst,63,0.07191599999998743,7
0,1,burst,64,0.06058300000000827,7
0,1,burst,65,0.06266699999997627,7
0,1,burst,66,0.06170800000001009,7
0,1,burst,67,0.06074999999998454,7
0,1,burst,68,0.0665000000000191,7
0,1,burst,69,0.056457999999963704,7
0,1,burst,70,0.06125000000002956,7
0,1,burst,71,0.08824999999995953,7
0,1,burst,72,0.052583000000026914,7
0,1,burst,73,0.06087499999995316,7
0,1,burst,74,0.05445900000000847,7
0,1,burst,75,0.058166999999968994,7
0,1,burst,76,0.056791000000032454,7
0,1,burst,77,0.05545799999998735,7
0,1,burst,78,0.05229199999996581,7
0,1,burst,79,0.05587500000001455,7
0,1,burst,80,0.07391699999999446,7
0,1,burst,81,0.05816599999997152,7
0,1,burst,82,0.05104199999999537,7
0,1,burst,83,0.05854199999998855,7
0,1,burst,84,0.056250000000034106,7
0,1,burst,85,0.06316599999996697,7
0,1,burst,86,0.05479200000002038,7
0,1,burst,87,0.05783299999995961,7
0,1,burst,88,0.06037500000002183,7
0,1,burst,89,0.06616600000000972,7
0,1,burst,90,0.0550829999999678,7
0,1,burst,91,0.06437499999998408,7
0,1,burst,92,0.06058300000000827,7
0,1,burst,93,0.05691600000000108,7
0,1,burst,94,0.053541999999993095,7
0,1,burst,95,0.055999999999983174,7
0,1,burst,96,0.06645900000000893,7
0,1,burst,97,0.06020899999998619,7
0,1,burst,98,0.055749999999989086,7
0,1,burst,99,0.06929200000001856,7
0,1,burst,100,0.07912499999997635,7
0,1,burst,101,0.05612500000000864,7
0,1,burst,102,0.056541999999979,7
0,1,burst,103,0.056541999999979,7
0,1,burst,104,0.05916700000000219,7
0,1,burst,105,0.05683299999998326,7
0,1,burst,106,0.0559170000000222,7
0,1,burst,107,0.058667000000014013,7
0,1,burst,108,0.06454100000001972,7
0,1,burst,109,0.05979200000001583,7
0,1,burst,110,0.05649999999997135,7
0,1,burst,111,0.059542000000021744,7
0,1,burst,112,0.06158299999998462,7
0,1,burst,113,0.05616600000001881,7
0,1,burst,114,0.05608300000000099,7
0,1,burst,115,0.08370800000000145,7
0,1,burst,116,0.06529199999999946,7
0,1,burst,117,0.05987500000003365,7
0,1,burst,118,0.06258300000001782,7
0,1,burst,119,0.05762499999997317,7
0,1,burst,120,0.05912499999999454,7
0,1,burst,121,0.06137499999999818,7
0,1,burst,122,0.06125000000002956,7
0,1,burst,123,0.05904100000003609,7
0,1,burst,124,0.056207999999969616,7
0,1,burst,125,0.06204200000001947,7
0,1,burst,126,0.05962499999998272,7
0,1,burst,127,0.05829199999999446,7
0,1,burst,128,0.06466599999998834,7
0,1,burst,129,0.05316699999997354,7
0,1,burst,130,0.060584000000005744,7
0,1,burst,131,0.05883399999999028,7
0,1,burst,132,0.05820899999997664,7
0,1,burst,133,0.05500000000000682,7
0,1,burst,134,0.06683299999997416,7
0,1,burst,135,0.05570800000003828,7
0,1,burst,136,0.06895800000000918,7
0,1,burst,137,0.053916000000015174,7
0,1,burst,138,0.0644580000000019,7
0,1,burst,139,0.05841600000002245,7
0,1,burst,140,0.06295799999998053,7
0,1,burst,141,0.054458000000011,7
0,1,burst,142,0.05937499999998863,7
0,1,burst,143,0.05970800000000054,7
0,1,burst,144,0.056665999999950145,7
0,1,burst,145,0.05612500000000864,7
0,1,burst,146,0.06470799999999599,7
0,1,burst,147,0.06208300000002964,7
0,1,burst,148,0.05891600000001063,7
0,1,burst,149,0.05433299999998553,7
0,1,burst,150,0.06379199999997809,7
0,1,burst,151,0.059833000000026004,7
0,1,burst,152,0.06841699999995399,7
0,1,burst,153,0.06879100000003291,7
0,1,burst,154,0.0584999999999809,7
0,1,burst,155,0.06054100000000062,7
0,1,burst,156,0.05433399999998301,7
0,1,burst,157,0.05675000000002228,7
0,1,burst,158,0.05587500000001455,7
0,1,burst,159,0.05816600000002836,7
0,1,burst,160,0.2387920000000463,7
0,1,burst,161,0.07879200000002129,7
0,1,burst,162,0.07374999999996135,7
0,1,burst,163,0.06620800000001736,7
0,1,burst,164,0.06479200000001129,7
0,1,burst,165,0.08100000000001728,7
0,1,burst,166,0.05916700000000219,7
0,1,burst,167,0.05937499999998863,7
0,1,burst,168,0.06716699999998355,7
0,1,burst,169,0.05966699999999037,7
0,1,burst,170,0.06725000000000136,7
0,1,burst,171,0.05349999999998545,7
0,1,burst,172,0.0604579999999828,7
0,1,burst,173,0.05683299999998326,7
0,1,burst,174,0.05391700000001265,7
0,1,burst,175,0.06008299999996325,7
0,1,burst,176,0.054082999999991443,7
0,1,burst,177,0.06033300000001418,7
0,1,burst,178,0.056541999999979,7
0,1,burst,179,0.06370899999996027,7
0,1,burst,180,0.05583400000000438,7
0,1,burst,181,0.0615839999999821,7
0,1,burst,182,0.053541999999993095,7
0,1,burst,183,0.05970800000000054,7
0,1,burst,184,0.05608300000000099,7
0,1,burst,185,0.06691599999999198,7
0,1,burst,186,0.057542000000012195,7
0,1,burst,187,0.05570900000003576,7
0,1,burst,188,0.06329199999998991,7
0,1,burst,189,0.06112499999994725,7
0,1,burst,190,0.057833000000016455,7
0,1,burst,191,0.05758299999996552,7
0,1,burst,192,0.055625000000020464,7
0,1,burst,193,0.05670899999995527,7
0,1,burst,194,0.05750000000000455,7
0,1,burst,195,0.05720800000000281,7
0,1,burst,196,0.05862499999994952,7
0,1,burst,197,0.057833000000016455,7
0,1,burst,198,0.062415999999984706,7
0,1,burst,199,0.05579199999999673,7
0,1,burst,200,0.059708999999998014,7
0,1,burst,201,0.05737499999997908,7
0,1,burst,202,0.05829199999999446,7
0,1,burst,203,0.057916999999974905,7
0,1,burst,204,0.05500000000000682,7
0,1,burst,205,0.05570799999998144,7
0,1,burst,206,0.062207999999998265,7
0,1,burst,207,0.06183299999997871,7
0,1,burst,208,0.06066700000002356,7
0,1,burst,209,0.055167000000039934,7
0,1,burst,210,0.05824999999998681,7
0,1,burst,211,0.06637499999999363,7
0,1,burst,212,0.0604579999999828,7
0,1,burst,213,0.05720800000000281,7
0,1,burst,214,0.06787499999995816,7
0,1,burst,215,0.060708000000033735,7
0,1,burst,216,0.061458000000016,7
0,1,burst,217,0.060916000000020176,7
0,1,burst,218,0.055332999999961885,7
0,1,burst,219,0.06200000000001182,7
0,1,burst,220,0.061249999999972715,7
0,1,burst,221,0.057916999999974905,7
0,1,burst,222,0.061583000000041466,7
0,1,burst,223,0.06012500000002774,7
0,1,burst,224,0.05824999999998681,7
0,1,burst,225,0.05254200000001674,7
0,1,burst,226,0.05800000000004957,7
0,1,burst,227,0.05904200000003357,7
0,1,burst,228,0.06279200000000174,7
0,1,burst,229,0.051124999999956344,7
0,1,burst,230,0.058667000000014013,7
0,1,burst,231,0.05587499999995771,7
0,1,burst,232,0.05808400000000802,7
0,1,burst,233,0.06116700000001174,7
0,1,burst,234,0.054290999999977885,7
0,1,burst,235,0.05324999999999136,7
0,1,burst,236,0.06062499999995907,7
0,1,burst,237,0.058625000000006366,7
0,1,burst,238,0.06129099999998289,7
0,1,burst,239,0.05304200000000492,7
0,1,burst,240,0.05458299999997962,7
0,1,burst,241,0.05691699999999855,7
0,1,burst,242,0.057708999999988464,7
0,1,burst,243,0.05870900000002166,7
0,1,burst,244,0.0559170000000222,7
0,1,burst,245,0.06279100000000426,7
0,1,burst,246,0.05829199999999446,7
0,1,burst,247,0.0544999999999618,7
0,1,burst,248,0.05812500000001819,7
0,1,burst,249,0.05699999999995953,7
0,1,burst,250,0.05391700000001265,7
0,1,burst,251,0.06079099999999471,7
0,1,burst,252,0.05766699999998082,7
0,1,burst,253,0.05750000000000455,7
0,1,burst,254,0.05604199999999082,7
0,1,burst,255,0.05737499999997908,7
0,1,burst,256,0.058290999999996984,7
0,1,burst,257,0.05404199999998127,7
0,1,burst,258,0.054916999999989,7
0,1,burst,259,0.056417000000010376,7
0,1,burst,260,0.060416000000032,7
0,1,burst,261,0.073791999999969,7
0,1,burst,262,0.05495899999999665,7
0,1,burst,263,0.057583999999963,7
0,1,burst,264,0.0569590000000062,7
0,1,burst,265,0.05504200000001447,7
0,1,burst,266,0.058875000000000455,7
0,1,burst,267,0.05779200000000628,7
0,1,burst,268,0.054500000000018645,7
0,1,burst,269,0.06337500000000773,7
0,1,burst,270,0.058875000000000455,7
0,1,burst,271,0.06420900000000529,7
0,1,burst,272,0.058166999999968994,7
0,1,burst,273,0.06479100000001381,7
0,1,burst,274,0.058124999999961346,7
0,1,burst,275,0.0634160000000179,7
0,1,burst,276,0.05379199999998718,7
0,1,burst,277,0.05883399999999028,7
0,1,burst,278,0.05629199999998491,7
0,1,burst,279,0.05874999999997499,7
0,1,burst,280,0.05691699999999855,7
0,1,burst,281,0.061041999999986274,7
0,1,burst,282,0.05466599999999744,7
0,1,burst,283,0.05716699999999264,7
0,1,burst,284,0.05691699999999855,7
0,1,burst,285,0.05795799999998508,7
0,1,burst,286,0.060875000000010004,7
0,1,burst,287,0.06099999999997863,7
0,1,burst,288,0.07604199999997263,7
0,1,burst,289,0.059708999999998014,7
0,1,burst,290,0.05779200000000628,7
0,1,burst,291,0.05804200000000037,7
0,1,burst,292,0.054957999999999174,7
0,1,burst,293,0.05529100000001108,7
0,1,burst,294,0.055999999999983174,7
0,1,burst,295,0.05329199999999901,7
0,1,burst,296,0.0610409999999888,7
0,1,burst,297,0.05683299999998326,7
0,1,burst,298,0.055415999999979704,7
0,1,burst,299,0.054708000000005086,7
0,1,burst,300,0.068458000000021,7
0,1,burst,301,0.05962499999998272,7
0,1,burst,302,0.053084000000012566,7
0,1,burst,303,0.056541999999979,7
0,1,burst,304,0.05570800000003828,7
0,1,burst,305,0.06487499999997226,7
0,1,burst,306,0.0625,7
0,1,burst,307,0.06049999999999045,7
0,1,burst,308,0.0564160000000129,7
0,1,burst,309,218.294875,7
0,1,burst,310,0.0757499999999709,7
0,1,burst,311,0.06674999999995634,7
0,1,burst,312,0.06425000000001546,7
0,1,burst,313,0.08604200000002038,7
0,1,burst,314,0.063083000000006,7
0,1,burst,315,0.06837500000006003,7
0,1,burst,316,0.06254199999989396,7
0,1,burst,317,0.0633340000000544,7
0,1,burst,318,0.06316700000002129,7
0,1,burst,319,0.0605839999999489,7
0,1,burst,320,0.056500000000028194,7
0,1,burst,321,0.06033300000001418,7
0,1,burst,322,0.05299999999999727,7
0,1,burst,323,0.05450000000007549,7
0,1,burst,324,0.052874999999971806,7
0,1,burst,325,0.0542920000000322,7
0,1,burst,326,0.05133299999999963,7
0,1,burst,327,0.05229100000008202,7
0,1,burst,328,0.0515419999999267,7
0,1,burst,329,0.05187499999999545,7
0,1,burst,330,0.050707999999985987,7
0,1,burst,331,0.05229199999996581,7
0,1,burst,332,0.05145900000002257,7
0,1,burst,333,0.052500000000009095,7
0,1,burst,334,0.051041999999938525,7
0,1,burst,335,0.050292000000013104,7
0,1,burst,336,0.05341699999996763,7
0,1,burst,337,0.054416000000060194,7
0,1,burst,338,0.10366699999997309,7
0,1,burst,339,0.0569590000000062,7
0,1,burst,340,0.05333399999994981,7
0,1,burst,341,0.0519170000000031,7
0,1,burst,342,0.05262500000003456,7
0,1,burst,343,0.05045900000004622,7
0,1,burst,344,0.05154200000004039,7
0,1,burst,345,0.05129099999999198,7
0,1,burst,346,0.05199999999990723,7
0,1,burst,347,0.05037500000003092,7
0,1,burst,348,0.05183399999998528,7
0,1,burst,349,0.05050000000005639,7
0,1,burst,350,0.050917000000026746,7
0,1,burst,351,0.050208999999995285,7
0,1,burst,352,0.05120899999997164,7
0,1,burst,353,0.05041700000003857,7
0,1,burst,354,0.05095799999992323,7
0,1,burst,355,0.051375000000007276,7
0,1,burst,356,0.052416999999991276,7
0,1,burst,357,0.05120800000008785,7
0,1,burst,358,0.05658300000004601,7
0,1,burst,359,0.051165999999966516,7
0,1,burst,360,0.05174999999996999,7
0,1,burst,361,0.05200000000002092,7
0,1,burst,362,0.05116699999996399,7
0,1,burst,363,0.05166600000006838,7
0,1,burst,364,0.05195800000001327,7
0,1,burst,365,0.051582999999936874,7
0,1,burst,366,0.05304200000000492,7
0,1,burst,367,0.05037500000003092,7
0,1,burst,368,0.059416999999939435,7
0,1,burst,369,0.05312500000002274,7
0,1,burst,370,0.05204100000003109,7
0,1,burst,371,0.05283299999996416,7
0,1,burst,372,0.052874999999971806,7
0,1,burst,373,0.05145900000002257,7
0,1,burst,374,0.052083999999922526,7
0,1,burst,375,0.056791999999973086,7
0,1,burst,376,0.055000000000063665,7
0,1,burst,377,0.05199999999990723,7
0,1,burst,378,0.052709000000049855,7
0,1,burst,379,0.05174999999996999,7
0,1,burst,380,0.05279199999995399,7
0,1,burst,381,0.05208300000003874,7
0,1,burst,382,0.051041999999938525,7
0,1,burst,383,0.0508750000000191,7
0,1,burst,384,0.052957999999989624,7
0,1,burst,385,0.05145900000002257,7
0,1,burst,386,0.05095899999992071,7
0,1,burst,387,0.05200000000002092,7
0,1,burst,388,0.051165999999966516,7
0,1,burst,389,0.05104200000005221,7
0,1,burst,390,0.05083400000000893,7
0,1,burst,391,0.05162500000005821,7
0,1,burst,392,0.05520799999999326,7
0,1,burst,393,0.05108399999994617,7
0,1,burst,394,0.05041700000003857,7
0,1,burst,395,0.05416600000000926,7
0,1,burst,396,0.05025000000000546,7
0,1,burst,397,0.050625000000081855,7
0,1,burst,398,0.05116699999996399,7
0,1,burst,399,0.053167000000030384,7
0,1,burst,400,0.051458000000025095,7
0,1,burst,401,0.050333000000023276,7
0,1,burst,402,0.051375000000007276,7
0,1,burst,403,0.05337499999995998,7
0,1,burst,404,0.051124999999956344,7
0,1,burst,405,0.050707999999985987,7
0,1,burst,406,0.049958000000060565,7
0,1,burst,407,0.05208299999992505,7
0,1,burst,408,0.05058300000007421,7
0,1,burst,409,0.05195800000001327,7
0,1,burst,410,0.04929200000003675,7
0,1,burst,411,0.05120799999997416,7
0,1,burst,412,0.04891699999996035,7
0,1,burst,413,0.0498330000000351,7
0,1,burst,414,0.049541999999973996,7
0,1,burst,415,0.050082999999972344,7
0,1,burst,416,0.05775000000005548,7
0,1,burst,417,0.050292000000013104,7
0,1,burst,418,0.049583000000097854,7
0,1,burst,419,0.050167000000101325,7
0,1,burst,420,0.05024999999989177,7
0,1,burst,421,0.04991700000005039,7
0,1,burst,422,0.050749999999993634,7
0,1,burst,423,0.05229199999996581,7
0,1,burst,424,0.04958399999998164,7
0,1,burst,425,0.049834000000032574,7
0,1,burst,426,0.05083300000001145,7
0,1,burst,427,0.0542920000000322,7
0,1,burst,428,0.050666999999975815,7
0,1,burst,429,0.049666000000001986,7
0,1,burst,430,0.050542000000064036,7
0,1,burst,431,0.05058300000007421,7
0,1,burst,432,0.05033299999990959,7
0,1,burst,433,0.051541000000042914,7
0,1,burst,434,0.051041999999938525,7
0,1,burst,435,0.04979200000002493,7
0,1,burst,436,0.04975000000001728,7
0,1,burst,437,0.04891699999996035,7
0,1,burst,438,0.05129199999998946,7
0,1,burst,439,0.048833000000058746,7
0,1,burst,440,0.04933300000004692,7
0,1,burst,441,0.051000000000044565,7
0,1,burst,442,0.051584000000048036,7
0,1,burst,443,0.05037500000003092,7
0,1,burst,444,0.053999999999973625,7
0,1,burst,445,0.04979100000002745,7
0,1,burst,446,0.050333000000023276,7
0,1,burst,447,0.05000000000006821,7
0,1,burst,448,0.051957999999899585,7
0,1,burst,449,0.05008300000008603,7
0,1,burst,450,0.0521249999999327,7
0,1,burst,451,0.05008399999996982,7
0,1,burst,452,0.05237499999998363,7
0,1,burst,453,0.050292000000013104,7
0,1,burst,454,0.050917000000026746,7
0,1,burst,455,0.049916999999936706,7
0,1,burst,456,0.04899999999997817,7
0,1,burst,457,0.049624999999991815,7
0,1,burst,458,0.05141600000001745,7
0,1,burst,459,0.049875000000042746,7
0,1,burst,460,0.04908299999999599,7
0,1,burst,461,0.05320799999992687,7
0,1,burst,462,0.05375000000003638,7
0,1,burst,463,0.05012499999997999,7
0,1,burst,464,0.051832999999987805,7
0,1,burst,465,0.0508750000000191,7
0,1,burst,466,0.07437499999991815,7
0,1,burst,467,0.056500000000028194,7
0,1,burst,468,0.0494579999999587,7
0,1,burst,469,0.050791000000003805,7
0,1,burst,470,0.05033400000002075,7
0,1,burst,471,0.050208999999995285,7
0,1,burst,472,0.04854100000000017,7
0,1,burst,473,0.0498330000000351,7
0,1,burst,474,0.05016699999998764,7
0,1,burst,475,0.049040999999988344,7
0,1,burst,476,0.048499999999989996,7
0,1,burst,477,0.048957999999970525,7
0,1,burst,478,0.05291599999998198,7
0,1,burst,479,0.048499999999989996,7
0,1,burst,480,0.048583000000007814,7
0,1,burst,481,0.05270899999993617,7
0,1,burst,482,0.049167000000011285,7
0,1,burst,483,0.049875000000042746,7
0,1,burst,484,0.048499999999989996,7
0,1,burst,485,0.05008399999996982,7
0,1,burst,486,0.04858400000000529,7
0,1,burst,487,0.04837499999996453,7
0,1,burst,488,0.04837499999996453,7
0,1,burst,489,0.05054100000006656,7
0,1,burst,490,0.04933399999993071,7
0,1,burst,491,0.04933300000004692,7
0,1,burst,492,0.049415999999951055,7
0,1,burst,493,0.05004200000007586,7
0,1,burst,494,0.04924999999991542,7
0,1,burst,495,110.34970800000008,7
0,1,burst,496,0.1610409999999547,7
0,1,burst,497,0.1449999999999818,7
0,1,burst,498,0.1383339999999862,7
0,1,burst,499,0.12895800000001145,7
0,1,burst,500,0.14770899999996345,7
0,1,burst,501,0.1340420000000222,7
0,1,burst,502,0.12854199999992488,7
0,1,burst,503,0.12808299999994688,7
0,1,burst,504,0.16116600000009385,7
0,1,burst,505,0.13450000000000273,7
0,1,burst,506,0.12791700000002493,7
0,1,burst,507,0.12774999999999181,7
0,1,burst,508,0.127083999999968,7
0,1,burst,509,0.1407920000000331,7
0,1,burst,510,0.13666700000010223,7
0,1,burst,511,0.1287080000000742,7
0,1,burst,512,0.13870799999995143,7
0,1,burst,513,0.16270799999995234,7
0,1,burst,514,0.12987499999997,7
0,1,burst,515,0.1237500000000864,7
0,1,burst,516,0.12695800000005875,7
0,1,burst,517,0.12658299999998235,7
0,1,burst,518,0.12675000000001546,7
0,1,burst,519,0.12425000000007458,7
0,1,burst,520,0.12454200000001947,7
0,1,burst,521,0.12629200000003493,7
0,1,burst,522,0.12479199999995672,7
0,1,burst,523,0.1324170000000322,7
0,1,burst,524,0.12887499999999363,7
0,1,burst,525,0.128708999999958,7
0,1,burst,526,0.12474999999994907,7
0,1,burst,527,0.1259579999999687,7
0,1,burst,528,0.1258340000000544,7
0,1,burst,529,0.1264169999999467,7
0,1,burst,530,0.13220799999999144,7
0,1,burst,531,0.12337500000001,7
0,1,burst,532,0.12387499999999818,7
0,1,burst,533,0.12466699999993125,7
0,1,burst,534,0.12841600000001563,7
0,1,burst,535,0.06941600000004655,7
0,1,burst,536,0.04912500000000364,7
0,1,burst,537,0.0482920000000604,7
0,1,burst,538,0.05174999999996999,7
0,1,burst,539,0.04887500000006639,7
0,1,burst,540,0.052042000000028565,7
0,1,burst,541,0.04783399999996618,7
0,1,burst,542,0.04891700000007404,7
0,1,burst,543,0.049040999999988344,7
0,1,burst,544,0.04920799999990777,7
0,1,burst,545,0.04758300000003146,7
0,1,burst,546,0.05104200000005221,7
0,1,burst,547,0.04854199999999764,7
0,1,burst,548,0.0510829999999487,7
0,1,burst,549,0.04891699999996035,7
0,1,burst,550,0.04858400000000529,7
0,1,burst,551,0.048458999999979824,7
0,1,burst,552,0.05012499999997999,7
0,1,burst,553,0.04833300000007057,7
0,1,burst,554,0.04862500000001546,7
0,1,burst,555,0.10887500000001182,7
0,1,burst,556,0.1286250000000564,7
0,1,burst,557,0.12354099999993196,7
0,1,burst,558,0.12554199999999582,7
0,1,burst,559,0.126041999999984,7
0,1,burst,560,0.12704199999996035,7
0,1,burst,561,0.12333300000000236,7
0,1,burst,562,0.12475000000006276,7
0,1,burst,563,0.12270899999998619,7
0,1,burst,564,0.14249999999992724,7
0,1,burst,565,0.12429099999997106,7
0,1,burst,566,0.13083300000005238,7
0,1,burst,567,0.12816699999996217,7
0,1,burst,568,0.12583399999994072,7
0,1,burst,569,0.12329199999999219,7
0,1,burst,570,0.1262090000000171,7
0,1,burst,571,0.12637499999993906,7
0,1,burst,572,0.12462500000003729,7
0,1,burst,573,0.126041999999984,7
0,1,burst,574,0.12474999999994907,7
0,1,burst,575,0.1262090000000171,7
0,1,burst,576,0.1269169999999349,7
0,1,burst,577,0.12458300000002964,7
0,1,burst,578,0.12504100000001017,7
0,1,burst,579,0.1256669999999076,7
0,1,burst,580,0.12670800000000781,7
0,1,burst,581,0.12941599999999198,7
0,1,burst,582,0.124541000000022,7
0,1,burst,583,0.12545799999998053,7
0,1,burst,584,0.12466699999993125,7
0,1,burst,585,0.12450000000001182,7
0,1,burst,586,0.12554199999999582,7
0,1,burst,587,0.12695800000005875,7
0,1,burst,588,0.12316600000008293,7
0,1,burst,589,0.1229999999999336,7
0,1,burst,590,0.12383299999999053,7
0,1,burst,591,0.1258749999999509,7
0,1,burst,592,0.12441599999999653,7
0,1,burst,593,0.12533300000006875,7
0,1,burst,594,0.12324999999998454,7
0,1,burst,595,0.12370799999996507,7
0,1,burst,596,0.1301659999999174,7
0,1,burst,597,0.1237500000000864,7
0,1,burst,598,0.13412500000004002,7
0,1,burst,599,0.12645799999995688,7
0,1,burst,600,0.12229100000001836,7
0,1,burst,601,0.12512500000002547,7
0,1,burst,602,0.12358399999993708,7
0,1,burst,603,0.1279580000000351,7
0,1,burst,604,0.12216599999999289,7
0,1,burst,605,0.1258749999999509,7
0,1,burst,606,0.12512500000002547,7
0,1,burst,607,0.12612500000000182,7
0,1,burst,608,0.1257500000000391,7
0,1,burst,609,0.1258749999999509,7
0,1,burst,610,0.12366700000006858,7
0,1,burst,611,0.12437500000010004,7
0,1,burst,612,0.1226249999999709,7
0,1,burst,613,0.12374999999997272,7
0,1,burst,614,0.12487499999997453,7
0,1,burst,615,0.1309159999999565,7
0,1,burst,616,0.12354100000004564,7
0,1,burst,617,0.12270799999998871,7
0,1,burst,618,0.12437499999998636,7
0,1,burst,619,0.1265409999999747,7
0,1,burst,620,0.12208299999997507,7
0,1,burst,621,0.12345800000002782,7
0,1,burst,622,0.12287500000002183,7
0,1,burst,623,0.12570800000003146,7
0,1,burst,624,0.12770899999998164,7
0,1,burst,625,0.12304199999994125,7
0,1,burst,626,0.12137499999994361,7
0,1,burst,627,0.1234590000000253,7
0,1,burst,628,0.1226249999999709,7
0,1,burst,629,0.124416999999994,7
0,1,burst,630,0.12845900000002075,7
0,1,burst,631,0.12554199999999582,7
0,1,burst,632,0.12245800000005147,7
0,1,burst,633,0.1279580000000351,7
0,1,burst,634,0.12783300000000963,7
0,1,burst,635,0.12591600000007475,7
0,1,burst,636,0.1257909999999356,7
0,1,burst,637,0.12329099999999471,7
0,1,burst,638,0.12783300000000963,7
0,1,burst,639,0.12466699999993125,7
0,1,burst,640,0.12475000000006276,7
0,1,burst,641,0.12137499999994361,7
0,1,burst,642,0.12783300000000963,7
0,1,burst,643,0.1229999999999336,7
0,1,burst,644,0.1262090000000171,7
0,1,burst,645,0.13612499999999272,7
0,1,burst,646,0.127207999999996,7
0,1,burst,647,0.12279200000000401,7
0,1,burst,648,0.12570799999991777,7
0,1,burst,649,0.12183300000003783,7
0,1,burst,650,0.1330839999999398,7
0,1,burst,651,0.122333000000026,7
0,1,burst,652,0.12279100000000653,7
0,1,burst,653,0.1292079999999487,7
0,1,burst,654,0.1267090000000053,7
0,1,burst,655,0.12162499999999454,7
0,1,burst,656,0.12270799999998871,7
0,1,burst,657,0.1214589999999589,7
0,1,burst,658,0.1258749999999509,7
0,1,burst,659,0.12149999999996908,7
0,1,burst,660,0.12425000000007458,7
0,1,burst,661,0.12270900000009988,7
0,1,burst,662,0.13283300000000509,7
0,1,burst,663,0.12283300000001418,7
0,1,burst,664,0.1252919999999449,7
0,1,burst,665,0.12383299999999053,7
0,1,burst,666,0.12566600000002381,7
0,1,burst,667,0.1312080000000151,7
0,1,burst,668,0.1293749999999818,7
0,1,burst,669,0.12954200000001492,7
0,1,burst,670,0.12904200000002675,7
0,1,burst,671,0.1240420000000313,7
0,1,burst,672,0.12595899999996618,7
0,1,burst,673,0.12312499999995907,7
0,1,burst,674,0.12741600000003928,7
0,1,burst,675,0.12200000000007094,7
0,1,burst,676,0.12495899999998983,7
0,1,burst,677,0.12433299999997871,7
0,1,burst,678,0.12745799999993324,7
0,1,burst,679,0.12437499999998636,7
0,1,burst,680,0.124541000000022,7
0,1,burst,681,0.12649999999996453,7
0,1,burst,682,0.12954200000001492,7
0,1,burst,683,0.12304199999994125,7
0,1,burst,684,0.1280420000000504,7
0,1,burst,685,0.1252919999999449,7
0,1,burst,686,0.12324999999998454,7
0,1,burst,687,0.12266599999998107,7
0,1,burst,688,0.12220800000000054,7
0,1,burst,689,0.12620800000001964,7
0,1,burst,690,0.12383399999998801,7
0,1,burst,691,0.1253749999999627,7
0,1,burst,692,0.12412499999993543,7
0,1,burst,693,0.10616700000002766,7
0,1,burst,694,0.1089999999999236,7
0,1,burst,695,0.10450000000003001,7
0,1,burst,696,0.10445800000002237,7
0,1,burst,697,0.10708299999998871,7
0,1,burst,698,0.10358299999995779,7
0,1,burst,699,0.10387500000001637,7
0,1,burst,700,0.1040419999999358,7
0,1,burst,701,0.10716700000000401,7
0,1,burst,702,0.1027920000000222,7
0,1,burst,703,0.10829100000000835,7
0,1,burst,704,0.10445800000002237,7
0,1,burst,705,0.10800000000006094,7
0,1,burst,706,0.1041250000000673,7
0,1,burst,707,0.10295799999994415,7
0,1,burst,708,0.1037499999999909,7
0,1,burst,709,0.10779200000001765,7
0,1,burst,710,0.10433399999999438,7
0,1,burst,711,0.10654199999999037,7
0,1,burst,712,0.10504200000002584,7
0,1,burst,713,0.10691700000006676,7
0,1,burst,714,0.10645799999997507,7
0,1,burst,715,0.1044170000000122,7
0,1,burst,716,0.10487500000010641,7
0,1,burst,717,0.1073750000000473,7
0,1,burst,718,0.10395800000003419,7
0,1,burst,719,0.11191700000006222,7
0,1,burst,720,0.11720800000000509,7
0,1,burst,721,0.10862499999996089,7
0,1,burst,722,0.10529199999996308,7
0,1,burst,723,0.10308299999996962,7
0,1,burst,724,0.11187500000005457,7
0,1,burst,725,0.10774999999989632,7
0,1,burst,726,0.10379199999999855,7
0,1,burst,727,0.10387500000001637,7
0,1,burst,728,0.11637500000006185,7
0,1,burst,729,0.10520800000006147,7
0,1,burst,730,0.08641599999998562,7
0,1,burst,731,0.0801249999999527,7
0,1,burst,732,0.0885000000000673,7
0,1,burst,733,0.08254199999998946,7
0,1,burst,734,0.08129200000007586,7
0,1,burst,735,0.07999999999992724,7
0,1,burst,736,0.0887920000000122,7
0,1,burst,737,0.08087499999999181,7
0,1,burst,738,0.0811669999999367,7
0,1,burst,739,0.08199999999999363,7
0,1,burst,740,0.09387500000002547,7
0,1,burst,741,0.08000000000004093,7
0,1,burst,742,0.08045799999990777,7
0,1,burst,743,0.08170800000004874,7
0,1,burst,744,0.09016699999995126,7
0,1,burst,745,0.08100000000001728,7
0,1,burst,746,0.08591699999999491,7
0,1,burst,747,0.08024999999997817,7
0,1,burst,748,0.08520799999996598,7
0,1,burst,749,0.08683300000006966,7
0,1,burst,750,0.07845799999995506,7
0,1,burst,751,0.07974999999999,7
0,1,burst,752,0.08849999999995362,7
0,1,burst,753,0.08195899999998346,7
0,1,burst,754,0.08470900000008896,7
0,1,burst,755,0.07991700000002311,7
0,1,burst,756,0.08362499999998363,7
0,1,burst,757,0.07987500000001546,7
0,1,burst,758,0.08354099999996834,7
0,1,burst,759,0.08462499999995998,7
0,1,burst,760,0.08454100000005838,7
0,1,burst,761,0.08104200000002493,7
0,1,burst,762,0.08029199999998582,7
0,1,burst,763,0.08345799999995052,7
0,1,burst,764,0.08616600000004837,7
0,1,burst,765,0.0810830000000351,7
0,1,burst,766,0.08074999999996635,7
0,1,burst,767,0.08495800000002873,7
0,1,burst,768,0.08141599999999016,7
0,1,burst,769,0.09045800000001236,7
0,1,burst,770,0.08454199999994216,7
0,1,burst,771,0.0845840000000635,7
0,1,burst,772,0.08395899999993617,7
0,1,burst,773,0.08091699999999946,7
0,1,burst,774,0.08433300000001509,7
0,1,burst,775,0.09212500000001,7
0,1,burst,776,0.10366699999997309,7
0,1,burst,777,0.10158400000000256,7
0,1,burst,778,0.08754199999998491,7
0,1,burst,779,0.08699999999998909,7
0,1,burst,780,0.11883399999999256,7
0,1,burst,781,0.08283399999993435,7
0,1,burst,782,0.07491700000002766,7
0,1,burst,783,0.08124999999995453,7
0,1,burst,784,0.08529199999998127,7
0,1,burst,785,0.08941600000002836,7
0,1,burst,786,0.08329200000002857,7
0,1,burst,787,0.08399999999994634,7
0,1,burst,788,0.08433300000001509,7
0,1,burst,789,0.0817499999999427,7
0,1,burst,790,0.07875000000001364,7
0,1,burst,791,0.08454200000005585,7
0,1,burst,792,0.08416600000009566,7
0,1,burst,793,0.07987499999990177,7
0,1,burst,794,0.08233300000006238,7
0,1,burst,795,0.09279099999992013,7
0,1,burst,796,0.08662500000002638,7
0,1,burst,797,0.08083299999998417,7
0,1,burst,798,0.07820800000001782,7
0,1,burst,799,0.08804099999997561,7
0,1,burst,800,0.0827080000000251,7
0,1,burst,801,0.08054199999992306,7
0,1,burst,802,0.0765840000000253,7
0,1,burst,803,0.096416999999974,7
0,1,burst,804,2.276292000000012,7
0,1,burst,805,7.857874999999922,7
0,1,burst,806,0.15324999999995725,7
0,1,burst,807,3.3635419999999385,7
0,1,burst,808,0.21045900000001438,7
0,1,burst,809,0.13074999999992087,7
0,1,burst,810,0.2240830000000642,7
0,1,burst,811,0.42429200000003675,7
0,1,burst,812,0.06412499999999,7
0,1,burst,813,0.0570829999999205,7
0,1,burst,814,0.05262500000003456,7
0,1,burst,815,0.061249999999972715,7
0,1,burst,816,0.05358300000000327,7
0,1,burst,817,0.051916000000005624,7
0,1,burst,818,0.05174999999996999,7
0,1,burst,819,0.05991600000004382,7
0,1,burst,820,0.05195800000001327,7
0,1,burst,821,0.05062499999996817,7
0,1,burst,822,0.05579199999999673,7
0,1,burst,823,0.052416999999991276,7
0,1,burst,824,0.049541999999973996,7
0,1,burst,825,0.050583999999957996,7
0,1,burst,826,0.05004200000007586,7
0,1,burst,827,0.051832999999987805,7
0,1,burst,828,0.0494579999999587,7
0,1,burst,829,0.04979200000002493,7
0,1,burst,830,0.04987499999992906,7
0,1,burst,831,0.05233299999997598,7
0,1,burst,832,0.05933300000003783,7
0,1,burst,833,0.051000000000044565,7
0,1,burst,834,0.0777499999999236,7
0,1,burst,835,0.05337499999995998,7
0,1,burst,836,0.050292000000013104,7
0,1,burst,837,0.058708000000024185,7
0,1,burst,838,0.050082999999972344,7
0,1,burst,839,0.05058400000007168,7
0,1,burst,840,0.04899999999997817,7
0,1,burst,841,0.05312499999990905,7
0,1,burst,842,0.04937500000005457,7
0,1,burst,843,0.05316600000003291,7
0,1,burst,844,0.04904199999998582,7
0,1,burst,845,0.04770799999994324,7
0,1,burst,846,0.04829100000006292,7
0,1,burst,847,0.04979200000002493,7
0,1,burst,848,0.052874999999971806,7
0,1,burst,849,0.05287500000008549,7
0,1,burst,850,0.050082999999972344,7
0,1,burst,851,0.04966699999999946,7
0,1,burst,852,0.048874999999952706,7
0,1,burst,853,0.04899999999997817,7
0,1,burst,854,0.05058299999996052,7
0,1,burst,855,0.04895800000008421,7
0,1,burst,856,0.04937499999994088,7
0,1,burst,857,0.04887500000006639,7
0,1,burst,858,0.04975000000001728,7
0,1,burst,859,0.04866700000002311,7
0,1,burst,860,0.04937500000005457,7
0,1,burst,861,0.05141700000001492,7
0,1,burst,862,0.05025000000000546,7
0,1,burst,863,0.049624999999991815,7
0,1,burst,864,0.04912500000000364,7
0,1,burst,865,0.0550829999999678,7
0,1,burst,866,0.05441700000005767,7
0,1,burst,867,0.050749999999993634,7
0,1,burst,868,0.04904199999998582,7
0,1,burst,869,0.05141700000001492,7
0,1,burst,870,0.051499999999919055,7
0,1,burst,871,0.049250000000029104,7
0,1,burst,872,0.049083999999993466,7
0,1,burst,873,0.04804100000001199,7
0,1,burst,874,0.05004199999996217,7
0,1,burst,875,0.04858400000000529,7
0,1,burst,876,0.048499999999989996,7
0,1,burst,877,0.04837500000007822,7
0,1,burst,878,0.051083000000062384,7
0,1,burst,879,0.048042000000009466,7
0,1,burst,880,0.04854100000000017,7
0,1,burst,881,0.047458000000005995,7
0,1,burst,882,0.049624999999991815,7
0,1,burst,883,0.04695799999990413,7
0,1,burst,884,0.0487910000000511,7
0,1,burst,885,0.05133299999999963,7
0,1,burst,886,0.049916999999936706,7
0,1,burst,887,0.04720800000006875,7
0,1,burst,888,0.04883299999994506,7
0,1,burst,889,0.04691700000000765,7
0,1,burst,890,0.05162499999994452,7
0,1,burst,891,0.0472500000000764,7
0,1,burst,892,0.048166999999921245,7
0,1,burst,893,0.04904199999998582,7
0,1,burst,894,0.04770800000005693,7
0,1,burst,895,0.04899999999997817,7
0,1,burst,896,0.046875,7
0,1,burst,897,0.047667000000046755,7
0,1,burst,898,0.04941699999994853,7
0,1,burst,899,0.047458000000005995,7
0,1,burst,900,0.048249999999939064,7
0,1,burst,901,0.047667000000046755,7
0,1,burst,902,118.426333,7
0,1,burst,903,4.439666000000102,7
0,1,burst,904,0.06550000000004275,7
0,1,burst,905,0.05854199999998855,7
0,1,burst,906,0.05429099999992104,7
0,1,burst,907,0.05104200000005221,7
0,1,burst,908,0.05229199999996581,7
0,1,burst,909,0.053541999999993095,7
0,1,burst,910,0.08199999999999363,7
0,1,burst,911,0.05525000000000091,7
0,1,burst,912,0.0508750000000191,7
0,1,burst,913,0.059041999999976724,7
0,1,burst,914,0.05037500000003092,7
0,1,burst,915,9.708541000000082,7
0,1,burst,916,0.07225000000005366,7
0,1,burst,917,0.05929100000003018,7
0,1,burst,918,0.057249999999953616,7
0,1,burst,919,0.0510829999999487,7
0,1,burst,920,0.05266700000004221,7
0,1,burst,921,0.05999999999994543,7
0,1,burst,922,0.05045900000004622,7
0,1,burst,923,0.054209000000014385,7
0,1,burst,924,0.049999999999954525,7
0,1,burst,925,0.051333999999997104,7
0,1,burst,926,0.049541999999973996,7
0,1,burst,927,0.049291000000039276,7
0,1,burst,928,0.049999999999954525,7
0,1,burst,929,0.050540999999952874,7
0,1,burst,930,0.04920900000001893,7
0,1,burst,931,0.049875000000042746,7
0,1,burst,932,8.088666999999987,7
0,1,burst,933,0.09025000000008276,7
0,1,burst,934,23.28120899999999,7
0,1,burst,935,0.24950000000001182,7
0,1,burst,936,1.5219589999999243,7
0,1,burst,937,0.23424999999997453,7
0,1,burst,938,0.20137499999998454,7
0,1,burst,939,0.14670799999998962,7
0,1,burst,940,23.70216700000003,7
0,1,burst,941,0.2609580000000733,7
0,1,burst,942,0.15191700000002584,7
0,1,burst,943,0.1398749999999609,7
0,1,burst,944,0.13983300000006693,7
0,1,burst,945,0.13750000000004547,7
0,1,burst,946,0.12950000000000728,7
0,1,burst,947,0.13954100000000835,7
0,1,burst,948,0.13050000000009732,7
0,1,burst,949,0.12999999999999545,7
0,1,burst,950,0.12587500000006457,7
0,1,burst,951,0.12704099999996288,7
0,1,burst,952,0.12987499999997,7
0,1,burst,953,0.12800000000004275,7
0,1,burst,954,0.1265410000000884,7
0,1,burst,955,0.12633299999993142,7
0,1,burst,956,0.12941699999998946,7
0,1,burst,957,0.14858400000002803,7
0,1,burst,958,0.1280419999999367,7
0,1,burst,959,0.129291999999964,7
0,1,burst,960,0.13154199999996763,7
0,1,burst,961,0.12525000000005093,7
0,1,burst,962,0.125458999999978,7
0,1,burst,963,0.12662499999999,7
0,1,burst,964,0.1283329999999978,7
0,1,burst,965,0.126041999999984,7
0,1,burst,966,0.12654199999997218,7
0,1,burst,967,0.12549999999998818,7
0,1,burst,968,0.12870799999996052,7
0,1,burst,969,0.12570900000002894,7
0,1,burst,970,0.1333750000000009,7
0,1,burst,971,0.1270830000000842,7
0,1,burst,972,0.1264170000000604,7
0,1,burst,973,0.12504200000000765,7
0,1,burst,974,0.12629199999992125,7
0,1,burst,975,0.1349169999999731,7
0,1,burst,976,0.13845800000001418,7
0,1,burst,977,0.1253749999999627,7
0,1,burst,978,0.1265409999999747,7
0,1,burst,979,0.12370800000007875,7
0,1,burst,980,0.12745800000004692,7
0,1,burst,981,0.12312499999995907,7
0,1,burst,982,0.12445800000000418,7
0,1,burst,983,0.12662499999999,7
0,1,burst,984,0.12758399999995618,7
0,1,burst,985,0.12512500000002547,7
0,1,burst,986,0.12687500000004093,7
0,1,burst,987,0.12512500000002547,7
0,1,burst,988,0.12679100000002563,7
0,1,burst,989,0.12308299999995143,7
0,1,burst,990,0.1253749999999627,7
0,1,burst,991,0.1250840000000153,7
0,1,burst,992,0.12887499999999363,7
0,1,burst,993,0.13083300000005238,7
0,1,burst,994,0.125583000000006,7
0,1,burst,995,0.12416600000005928,7
0,1,burst,996,0.12629099999992377,7
0,1,burst,997,0.13670799999999872,7
0,1,burst,998,0.12645800000007057,7
0,1,burst,999,0.12400000000002365,7
0,2,idle,0,0.002292000000011285,0
0,2,idle,1,0.002166999999985819,0
0,2,idle,2,0.002375000000029104,0
0,2,idle,3,0.0026659999999765205,0
0,2,idle,4,0.0022910000000138098,0
0,2,idle,5,0.0027499999999918145,0
0,2,idle,6,0.002458999999930711,0
0,2,idle,7,0.002333000000021457,0
0,2,idle,8,0.0022910000000138098,0
0,2,idle,9,0.002166999999985819,0
0,2,idle,10,0.0028750000000172804,0
0,2,idle,11,0.00233299999990777,0
0,2,idle,12,0.002250000000003638,0
0,2,idle,13,0.002165999999988344,0
0,2,idle,14,0.0027910000000019863,0
0,2,idle,15,0.0027910000000019863,0
0,2,idle,16,0.0022910000000138098,0
0,2,idle,17,0.0027080000000978544,0
0,2,idle,18,0.002208999999993466,0
0,2,idle,19,0.002124999999978172,0
0,2,idle,20,0.0026660000000902073,0
0,2,idle,21,0.002083000000084212,0
0,2,idle,22,0.002291999999897598,0
0,2,idle,23,0.002208999999993466,0
0,2,idle,24,0.002417000000036751,0
0,2,idle,25,0.002292000000011285,0
0,2,idle,26,0.0027499999999918145,0
0,2,idle,27,0.0022910000000138098,0
0,2,idle,28,0.002165999999988344,0
0,2,idle,29,0.002165999999988344,0
0,2,idle,30,0.002082999999970525,0
0,2,idle,31,0.0026250000000800355,0
0,2,idle,32,0.0025410000000647415,0
0,2,idle,33,0.0027499999999918145,0
0,2,idle,34,0.002208999999993466,0
0,2,idle,35,0.002292000000011285,0
0,2,idle,36,0.0026250000000800355,0
0,2,idle,37,0.002249999999889951,0
0,2,idle,38,0.0027499999999918145,0
0,2,idle,39,0.002459000000044398,0
0,2,idle,40,0.002292000000011285,0
0,2,idle,41,0.0027499999999918145,0
0,2,idle,42,0.002334000000018932,0
0,2,idle,43,0.002250000000003638,0
0,2,idle,44,0.0025409999999510546,0
0,2,idle,45,0.002124999999978172,0
0,2,idle,46,0.002250000000003638,0
0,2,idle,47,0.0027089999999816428,0
0,2,idle,48,0.0035830000000487416,0
0,2,idle,49,0.002374999999915417,0
0,2,idle,50,0.002208999999993466,0
0,2,idle,51,0.002250000000003638,0
0,2,idle,52,0.0027499999999918145,0
0,2,idle,53,0.002165999999988344,0
0,2,idle,54,0.0022910000000138098,0
0,2,idle,55,0.002458999999930711,0
0,2,idle,56,0.002166999999985819,0
0,2,idle,57,0.0027919999999994616,0
0,2,idle,58,0.002292000000011285,0
0,2,idle,59,0.002374999999915417,0
0,2,idle,60,0.002207999999995991,0
0,2,idle,61,0.002292000000011285,0
0,2,idle,62,0.002166999999985819,0
0,2,idle,63,0.0027089999999816428,0
0,2,idle,64,0.002375000000029104,0
0,2,idle,65,0.0030829999999468782,0
0,2,idle,66,0.0028330000000096334,0
0,2,idle,67,0.002292000000011285,0
0,2,idle,68,0.0028749999999035936,0
0,2,idle,69,0.002375000000029104,0
0,2,idle,70,0.002292000000011285,0
0,2,idle,71,0.002291999999897598,0
0,2,idle,72,0.002292000000011285,0
0,2,idle,73,0.0027919999999994616,0
0,2,idle,74,0.002334000000018932,0
0,2,idle,75,0.002166999999985819,0
0,2,idle,76,0.002207999999995991,0
0,2,idle,77,0.002333000000021457,0
0,2,idle,78,0.0027499999999918145,0
0,2,idle,79,0.0022910000000138098,0
0,2,idle,80,0.0027499999999918145,0
0,2,idle,81,0.0031669999999621723,0
0,2,idle,82,0.002250000000003638,0
0,2,idle,83,0.002250000000003638,0
0,2,idle,84,0.0026249999999663487,0
0,2,idle,85,0.002416999999923064,0
0,2,idle,86,0.002250000000003638,0
0,2,idle,87,0.002292000000011285,0
0,2,idle,88,0.002166999999985819,0
0,2,idle,89,0.002499999999940883,0
0,2,idle,90,0.002333000000021457,0
0,2,idle,91,0.002250000000003638,0
0,2,idle,92,0.002207999999995991,0
0,2,idle,93,0.002207999999995991,0
0,2,idle,94,0.0026670000000876826,0
0,2,idle,95,0.002291999999897598,0
0,2,idle,96,0.002124999999978172,0
0,2,idle,97,0.0022910000000138098,0
0,2,idle,98,0.0022910000000138098,0
0,2,idle,99,0.0028330000000096334,0
0,2,idle,100,0.0026669999999739957,0
0,2,idle,101,0.002374999999915417,0
0,2,idle,102,0.002375000000029104,0
0,2,idle,103,0.002292000000011285,0
0,2,idle,104,0.002250000000003638,0
0,2,idle,105,0.003125000000068212,0
0,2,idle,106,0.002250000000003638,0
0,2,idle,107,0.0024159999999255888,0
0,2,idle,108,0.002165999999988344,0
0,2,idle,109,0.002250000000003638,0
0,2,idle,110,0.0027079999999841675,0
0,2,idle,111,0.0027910000000019863,0
0,2,idle,112,0.002165999999988344,0
0,2,idle,113,0.002207999999995991,0
0,2,idle,114,0.002207999999995991,0
0,2,idle,115,0.003541999999924883,0
0,2,idle,116,0.002292000000011285,0
0,2,idle,117,0.0024580000000469227,0
0,2,idle,118,0.002250000000003638,0
0,2,idle,119,0.0024580000000469227,0
0,2,idle,120,0.0026659999999765205,0
0,2,idle,121,0.002417000000036751,0
0,2,idle,122,0.002208000000109678,0
0,2,idle,123,0.0026660000000902073,0
0,2,idle,124,0.002249999999889951,0
0,2,idle,125,0.002292000000011285,0
0,2,idle,126,0.0026669999999739957,0
0,2,idle,127,0.0027499999999918145,0
0,2,idle,128,0.002207999999995991,0
0,2,idle,129,0.002292000000011285,0
0,2,idle,130,0.002208999999993466,0
0,2,idle,131,0.003375000000005457,0
0,2,idle,132,0.002375000000029104,0
0,2,idle,133,0.002250000000003638,0
0,2,idle,134,0.002292000000011285,0
0,2,idle,135,0.002166999999985819,0
0,2,idle,136,0.0028749999999035936,0
0,2,idle,137,0.0025840000000698637,0
0,2,idle,138,0.002207999999995991,0
0,2,idle,139,0.002207999999995991,0
0,2,idle,140,0.0022910000000138098,0
0,2,idle,141,0.0028330000000096334,0
0,2,idle,142,0.002082999999970525,0
0,2,idle,143,0.0028340000000071086,0
0,2,idle,144,0.002207999999995991,0
0,2,idle,145,0.002250000000003638,0
0,2,idle,146,0.002207999999995991,0
0,2,idle,147,0.002583999999956177,0
0,2,idle,148,0.002499999999940883,0
0,2,idle,149,0.002207999999995991,0
0,2,idle,150,0.002124999999978172,0
0,2,idle,151,0.002292000000011285,0
0,2,idle,152,0.0026669999999739957,0
0,2,idle,153,0.002250000000003638,0
0,2,idle,154,0.002207999999995991,0
0,2,idle,155,0.002165999999988344,0
0,2,idle,156,0.002250000000003638,0
0,2,idle,157,0.0027499999999918145,0
0,2,idle,158,0.002333999999905245,0
0,2,idle,159,0.002250000000003638,0
0,2,idle,160,0.002166999999985819,0
0,2,idle,161,0.002208999999993466,0
0,2,idle,162,0.002207999999995991,0
0,2,idle,163,0.0026659999999765205,0
0,2,idle,164,0.002333000000021457,0
0,2,idle,165,0.0024159999999255888,0
0,2,idle,166,0.002375000000029104,0
0,2,idle,167,0.0026249999999663487,0
0,2,idle,168,0.0027499999999918145,0
0,2,idle,169,0.002375000000029104,0
0,2,idle,170,0.002166999999985819,0
0,2,idle,171,0.002167000000099506,0
0,2,idle,172,0.0026250000000800355,0
0,2,idle,173,0.0027499999999918145,0
0,2,idle,174,0.002583999999956177,0
0,2,idle,175,0.002250000000003638,0
0,2,idle,176,0.002166999999985819,0
0,2,idle,177,0.002208999999993466,0
0,2,idle,178,0.0031249999999545253,0
0,2,idle,179,0.0022910000000138098,0
0,2,idle,180,0.002207999999995991,0
0,2,idle,181,0.0022910000000138098,0
0,2,idle,182,0.006833000000028733,0
0,2,idle,183,0.002375000000029104,0
0,2,idle,184,0.0026669999999739957,0
0,2,idle,185,0.002292000000011285,0
0,2,idle,186,0.002250000000003638,0
0,2,idle,187,0.0025420000000622167,0
0,2,idle,188,0.002166999999985819,0
0,2,idle,189,0.003459000000020751,0
0,2,idle,190,0.002333000000021457,0
0,2,idle,191,0.0022910000000138098,0
0,2,idle,192,0.002207999999995991,0
0,2,idle,193,0.002208999999993466,0
0,2,idle,194,0.0025829999999587017,0
0,2,idle,195,0.002417000000036751,0
0,2,idle,196,0.002291999999897598,0
0,2,idle,197,0.0024580000000469227,0
0,2,idle,198,0.002457999999933236,0
0,2,idle,199,0.0027089999999816428,0
0,2,idle,200,0.002250000000003638,0
0,2,idle,201,0.002166999999985819,0
0,2,idle,202,0.002334000000018932,0
0,2,idle,203,0.002333000000021457,0
0,2,idle,204,0.0027500000001055014,0
0,2,idle,205,0.0036250000000563887,0
0,2,idle,206,0.0028340000000071086,0
0,2,idle,207,0.002167000000099506,0
0,2,idle,208,0.002250000000003638,0
0,2,idle,209,0.002250000000003638,0
0,2,idle,210,0.0026249999999663487,0
0,2,idle,211,0.002250000000003638,0
0,2,idle,212,0.002207999999995991,0
0,2,idle,213,0.002207999999995991,0
0,2,idle,214,0.002208999999993466,0
0,2,idle,215,0.0031669999999621723,0
0,2,idle,216,0.0024580000000469227,0
0,2,idle,217,0.002292000000011285,0
0,2,idle,218,0.002125000000091859,0
0,2,idle,219,0.002375000000029104,0
0,2,idle,220,0.0025829999999587017,0
0,2,idle,221,0.0022910000000138098,0
0,2,idle,222,0.002333000000021457,0
0,2,idle,223,0.003333999999995285,0
0,2,idle,224,0.002166999999985819,0
0,2,idle,225,0.002166999999985819,0
0,2,idle,226,0.003208000000086031,0
0,2,idle,227,0.002207999999995991,0
0,2,idle,228,0.0024159999999255888,0
0,2,idle,229,0.0022910000000138098,0
0,2,idle,230,0.002165999999988344,0
0,2,idle,231,0.002916000000027452,0
0,2,idle,232,0.002333000000021457,0
0,2,idle,233,0.002207999999995991,0
0,2,idle,234,0.0025830000000723885,0
0,2,idle,235,0.002375000000029104,0
0,2,idle,236,0.002583999999956177,0
0,2,idle,237,0.0026250000000800355,0
0,2,idle,238,0.002250000000003638,0
0,2,idle,239,0.0026250000000800355,0
0,2,idle,240,0.0027080000000978544,0
0,2,idle,241,0.003208000000086031,0
0,2,idle,242,0.002333999999905245,0
0,2,idle,243,0.002292000000011285,0
0,2,idle,244,0.002333000000021457,0
0,2,idle,245,0.0024159999999255888,0
0,2,idle,246,0.002250000000003638,0
0,2,idle,247,0.0026249999999663487,0
0,2,idle,248,0.0024160000000392756,0
0,2,idle,249,0.0029159999999137654,0
0,2,idle,250,0.002207999999995991,0
0,2,idle,251,0.0028340000000071086,0
0,2,idle,252,0.0026249999999663487,0
0,2,idle,253,0.002292000000011285,0
0,2,idle,254,0.002208999999993466,0
0,2,idle,255,0.002292000000011285,0
0,2,idle,256,0.002082999999970525,0
0,2,idle,257,0.0025829999999587017,0
0,2,idle,258,0.002166999999985819,0
0,2,idle,259,0.002250000000003638,0
0,2,idle,260,0.002207999999995991,0
0,2,idle,261,0.002208999999993466,0
0,2,idle,262,0.002166999999985819,0
0,2,idle,263,0.003249999999979991,0
0,2,idle,264,0.002292000000011285,0
0,2,idle,265,0.002292000000011285,0
0,2,idle,266,0.002166999999985819,0
0,2,idle,267,0.002250000000003638,0
0,2,idle,268,0.0027079999999841675,0
0,2,idle,269,0.0027919999999994616,0
0,2,idle,270,0.002208999999993466,0
0,2,idle,271,0.002250000000003638,0
0,2,idle,272,0.002167000000099506,0
0,2,idle,273,0.0026670000000876826,0
0,2,idle,274,0.002291999999897598,0
0,2,idle,275,0.002125000000091859,0
0,2,idle,276,0.002209000000107153,0
0,2,idle,277,0.002207999999995991,0
0,2,idle,278,0.0026250000000800355,0
0,2,idle,279,0.002292000000011285,0
0,2,idle,280,0.002124999999978172,0
0,2,idle,281,0.0024160000000392756,0
0,2,idle,282,0.0028330000000096334,0
0,2,idle,283,0.002208999999993466,0
0,2,idle,284,0.0027919999999994616,0
0,2,idle,285,0.002333000000021457,0
0,2,idle,286,0.002207999999995991,0
0,2,idle,287,0.002250000000003638,0
0,2,idle,288,0.002082999999970525,0
0,2,idle,289,0.003040999999939231,0
0,2,idle,290,0.002207999999995991,0
0,2,idle,291,0.002292000000011285,0
0,2,idle,292,0.002124999999978172,0
0,2,idle,293,0.002165999999988344,0
0,2,idle,294,0.0028330000000096334,0
0,2,idle,295,0.002457999999933236,0
0,2,idle,296,0.002124999999978172,0
0,2,idle,297,0.002250000000003638,0
0,2,idle,298,0.002333000000021457,0
0,2,idle,299,0.0027079999999841675,0
0,2,idle,300,0.0027919999999994616,0
0,2,idle,301,0.0029589999999188876,0
0,2,idle,302,0.002292000000011285,0
0,2,idle,303,0.0026669999999739957,0
0,2,idle,304,0.002292000000011285,0
0,2,idle,305,0.0027499999999918145,0
0,2,idle,306,0.002499999999940883,0
0,2,idle,307,0.002333000000021457,0
0,2,idle,308,0.0022910000000138098,0
0,2,idle,309,0.002291999999897598,0
0,2,idle,310,0.0027079999999841675,0
0,2,idle,311,0.002207999999995991,0
0,2,idle,312,0.002124999999978172,0
0,2,idle,313,0.0027079999999841675,0
0,2,idle,314,0.002417000000036751,0
0,2,idle,315,0.0027499999999918145,0
0,2,idle,316,0.0027499999999918145,0
0,2,idle,317,0.002166999999985819,0
0,2,idle,318,0.002208999999993466,0
0,2,idle,319,0.002374999999915417,0
0,2,idle,320,0.0027089999999816428,0
0,2,idle,321,0.002417000000036751,0
0,2,idle,322,0.002166999999985819,0
0,2,idle,323,0.002416999999923064,0
0,2,idle,324,0.002124999999978172,0
0,2,idle,325,0.002165999999988344,0
0,2,idle,326,0.0027910000000019863,0
0,2,idle,327,0.0025409999999510546,0
0,2,idle,328,0.002333000000021457,0
0,2,idle,329,0.002292000000011285,0
0,2,idle,330,0.002208999999993466,0
0,2,idle,331,0.0026249999999663487,0
0,2,idle,332,0.003249999999979991,0
0,2,idle,333,0.002292000000011285,0
0,2,idle,334,0.002124999999978172,0
0,2,idle,335,0.002375000000029104,0
0,2,idle,336,0.0027090000000953296,0
0,2,idle,337,0.002250000000003638,0
0,2,idle,338,0.002208999999993466,0
0,2,idle,339,0.002166999999985819,0
0,2,idle,340,0.002250000000003638,0
0,2,idle,341,0.0027499999999918145,0
0,2,idle,342,0.002207999999995991,0
0,2,idle,343,0.002250000000003638,0
0,2,idle,344,0.002250000000003638,0
0,2,idle,345,0.002292000000011285,0
0,2,idle,346,0.002124999999978172,0
0,2,idle,347,0.0027499999999918145,0
0,2,idle,348,0.002375000000029104,0
0,2,idle,349,0.0027499999999918145,0
0,2,idle,350,0.002499999999940883,0
0,2,idle,351,0.002250000000003638,0
0,2,idle,352,0.0026659999999765205,0
0,2,idle,353,0.0022910000000138098,0
0,2,idle,354,0.002165999999988344,0
0,2,idle,355,0.0022910000000138098,0
0,2,idle,356,0.002125000000091859,0
0,2,idle,357,0.0027499999999918145,0
0,2,idle,358,0.0024159999999255888,0
0,2,idle,359,0.002375000000029104,0
0,2,idle,360,0.002374999999915417,0
0,2,idle,361,0.002124999999978172,0
0,2,idle,362,0.002165999999988344,0
0,2,idle,363,0.003249999999979991,0
0,2,idle,364,0.002166999999985819,0
0,2,idle,365,0.0028750000000172804,0
0,2,idle,366,0.0028330000000096334,0
0,2,idle,367,0.002208999999993466,0
0,2,idle,368,0.0030419999999367064,0
0,2,idle,369,0.002124999999978172,0
0,2,idle,370,0.002292000000011285,0
0,2,idle,371,0.002292000000011285,0
0,2,idle,372,0.002124999999978172,0
0,2,idle,373,0.0030829999999468782,0
0,2,idle,374,0.002250000000003638,0
0,2,idle,375,0.0029999999999290594,0
0,2,idle,376,0.002166999999985819,0
0,2,idle,377,0.002292000000011285,0
0,2,idle,378,0.0026249999999663487,0
0,2,idle,379,0.0022910000000138098,0
0,2,idle,380,0.002207999999995991,0
0,2,idle,381,0.002250000000003638,0
0,2,idle,382,0.002207999999995991,0
0,2,idle,383,0.0026249999999663487,0
0,2,idle,384,0.0029170000000249274,0
0,2,idle,385,0.002292000000011285,0
0,2,idle,386,0.002334000000018932,0
0,2,idle,387,0.002292000000011285,0
0,2,idle,388,0.002250000000003638,0
0,2,idle,389,0.0026249999999663487,0
0,2,idle,390,0.002207999999995991,0
0,2,idle,391,0.002290999999900123,0
0,2,idle,392,0.005459000000087144,0
0,2,idle,393,0.0028330000000096334,0
0,2,idle,394,0.0026250000000800355,0
0,2,idle,395,0.0028750000000172804,0
0,2,idle,396,0.0025000000000545697,0
0,2,idle,397,0.0028750000000172804,0
0,2,idle,398,0.002207999999995991,0
0,2,idle,399,0.002250000000003638,0
0,2,idle,400,0.002333000000021457,0
0,2,idle,401,0.0027909999998882995,0
0,2,idle,402,0.0028750000000172804,0
0,2,idle,403,0.002334000000018932,0
0,2,idle,404,0.002292000000011285,0
0,2,idle,405,0.0020839999999680003,0
0,2,idle,406,0.002292000000011285,0
0,2,idle,407,0.0027500000001055014,0
0,2,idle,408,0.002250000000003638,0
0,2,idle,409,0.002207999999995991,0
0,2,idle,410,0.002208999999993466,0
0,2,idle,411,0.002208999999993466,0
0,2,idle,412,0.002207999999995991,0
0,2,idle,413,0.0026249999999663487,0
0,2,idle,414,0.002207999999995991,0
0,2,idle,415,0.002165999999988344,0
0,2,idle,416,0.0028750000000172804,0
0,2,idle,417,0.002124999999978172,0
0,2,idle,418,0.0029169999999112406,0
0,2,idle,419,0.002165999999988344,0
0,2,idle,420,0.002207999999995991,0
0,2,idle,421,0.002250000000003638,0
0,2,idle,422,0.002333000000021457,0
0,2,idle,423,0.0027499999999918145,0
0,2,idle,424,0.002457999999933236,0
0,2,idle,425,0.002333000000021457,0
0,2,idle,426,0.0026249999999663487,0
0,2,idle,427,0.0027499999999918145,0
0,2,idle,428,0.0027919999999994616,0
0,2,idle,429,0.002334000000018932,0
0,2,idle,430,0.002250000000003638,0
0,2,idle,431,0.002208999999993466,0
0,2,idle,432,0.002166999999985819,0
0,2,idle,433,0.002082999999970525,0
0,2,idle,434,0.0028330000000096334,0
0,2,idle,435,0.0027919999999994616,0
0,2,idle,436,0.002333000000021457,0
0,2,idle,437,0.0031249999999545253,0
0,2,idle,438,0.002333000000021457,0
0,2,idle,439,0.0027089999999816428,0
0,2,idle,440,0.0027499999999918145,0
0,2,idle,441,0.002207999999995991,0
0,2,idle,442,0.002125000000091859,0
0,2,idle,443,0.002250000000003638,0
0,2,idle,444,0.0027919999999994616,0
0,2,idle,445,0.00204200000007404,0
0,2,idle,446,0.0021660000001020308,0
0,2,idle,447,0.002125000000091859,0
0,2,idle,448,0.002208000000109678,0
0,2,idle,449,0.0026660000000902073,0
0,2,idle,450,0.002916000000027452,0
0,2,idle,451,0.002207999999995991,0
0,2,idle,452,0.0024580000000469227,0
0,2,idle,453,0.002207999999995991,0
0,2,idle,454,0.002292000000011285,0
0,2,idle,455,0.0026659999999765205,0
0,2,idle,456,0.0034160000000156288,0
0,2,idle,457,0.002250000000003638,0
0,2,idle,458,0.0028340000000071086,0
0,2,idle,459,0.002250000000003638,0
0,2,idle,460,0.0026669999999739957,0
0,2,idle,461,0.002208999999993466,0
0,2,idle,462,0.002207999999995991,0
0,2,idle,463,0.002167000000099506,0
0,2,idle,464,0.002375000000029104,0
0,2,idle,465,0.0026249999999663487,0
0,2,idle,466,0.0027079999999841675,0
0,2,idle,467,0.002166999999985819,0
0,2,idle,468,0.002292000000011285,0
0,2,idle,469,0.002334000000018932,0
0,2,idle,470,0.0027499999999918145,0
0,2,idle,471,0.002334000000018932,0
0,2,idle,472,0.002207999999995991,0
0,2,idle,473,0.002165999999988344,0
0,2,idle,474,0.002250000000003638,0
0,2,idle,475,0.002166999999985819,0
0,2,idle,476,0.0027089999999816428,0
0,2,idle,477,0.002375000000029104,0
0,2,idle,478,0.00233299999990777,0
0,2,idle,479,0.002375000000029104,0
0,2,idle,480,0.002165999999988344,0
0,2,idle,481,0.0027910000000019863,0
0,2,idle,482,0.00233299999990777,0
0,2,idle,483,0.0027919999999994616,0
0,2,idle,484,0.0025420000000622167,0
0,2,idle,485,0.002249999999889951,0
0,2,idle,486,0.0026250000000800355,0
0,2,idle,487,0.002084000000081687,0
0,2,idle,488,0.002291999999897598,0
0,2,idle,489,0.003125000000068212,0
0,2,idle,490,0.002374999999915417,0
0,2,idle,491,0.0036250000000563887,0
0,2,idle,492,0.002250000000003638,0
0,2,idle,493,0.002166999999985819,0
0,2,idle,494,0.002250000000003638,0
0,2,idle,495,0.002207999999995991,0
0,2,idle,496,0.002250000000003638,0
0,2,idle,497,0.0025410000000647415,0
0,2,idle,498,0.002125000000091859,0
0,2,idle,499,0.0026670000000876826,0
0,2,idle,500,0.002250000000003638,0
0,2,idle,501,0.002250000000003638,0
0,2,idle,502,0.003290999999990163,0
0,2,idle,503,0.002333000000021457,0
0,2,idle,504,0.002250000000003638,0
0,2,idle,505,0.002124999999978172,0
0,2,idle,506,0.002250000000003638,0
0,2,idle,507,0.0029579999999214124,0
0,2,idle,508,0.002375000000029104,0
0,2,idle,509,0.00233299999990777,0
0,2,idle,510,0.002250000000003638,0
0,2,idle,511,0.002207999999995991,0
0,2,idle,512,0.002334000000018932,0
0,2,idle,513,0.003541999999924883,0
0,2,idle,514,0.002292000000011285,0
0,2,idle,515,0.00254199999994853,0
0,2,idle,516,0.002417000000036751,0
0,2,idle,517,0.0027919999999994616,0
0,2,idle,518,0.0026249999999663487,0
0,2,idle,519,0.0022910000000138098,0
0,2,idle,520,0.002207999999995991,0
0,2,idle,521,0.0027499999999918145,0
0,2,idle,522,0.002416999999923064,0
0,2,idle,523,0.0026249999999663487,0
0,2,idle,524,0.002207999999995991,0
0,2,idle,525,0.002208999999993466,0
0,2,idle,526,0.002207999999995991,0
0,2,idle,527,0.002207999999995991,0
0,2,idle,528,0.0027919999999994616,0
0,2,idle,529,0.002333999999905245,0
0,2,idle,530,0.002292000000011285,0
0,2,idle,531,0.002166999999985819,0
0,2,idle,532,0.002292000000011285,0
0,2,idle,533,0.002208999999993466,0
0,2,idle,534,0.0026249999999663487,0
0,2,idle,535,0.002375000000029104,0
0,2,idle,536,0.002333000000021457,0
0,2,idle,537,0.002250000000003638,0
0,2,idle,538,0.002250000000003638,0
0,2,idle,539,0.0028330000000096334,0
0,2,idle,540,0.002292000000011285,0
0,2,idle,541,0.002125000000091859,0
0,2,idle,542,0.0024160000000392756,0
0,2,idle,543,0.0022910000000138098,0
0,2,idle,544,0.0026659999999765205,0
0,2,idle,545,0.0024159999999255888,0
0,2,idle,546,0.0022910000000138098,0
0,2,idle,547,0.0022910000000138098,0
0,2,idle,548,0.002250000000003638,0
0,2,idle,549,0.0027499999999918145,0
0,2,idle,550,0.0027919999999994616,0
0,2,idle,551,0.002250000000003638,0
0,2,idle,552,0.0027919999999994616,0
0,2,idle,553,0.002292000000011285,0
0,2,idle,554,0.002334000000018932,0
0,2,idle,555,0.0028330000000096334,0
0,2,idle,556,0.0024159999999255888,0
0,2,idle,557,0.002375000000029104,0
0,2,idle,558,0.002292000000011285,0
0,2,idle,559,0.002125000000091859,0
0,2,idle,560,0.0026250000000800355,0
0,2,idle,561,0.0029999999999290594,0
0,2,idle,562,0.002250000000003638,0
0,2,idle,563,0.002250000000003638,0
0,2,idle,564,0.002250000000003638,0
0,2,idle,565,0.0025000000000545697,0
0,2,idle,566,0.002166999999985819,0
0,2,idle,567,0.002292000000011285,0
0,2,idle,568,0.00233299999990777,0
0,2,idle,569,0.0027499999999918145,0
0,2,idle,570,0.0027079999999841675,0
0,2,idle,571,0.002207999999995991,0
0,2,idle,572,0.002165999999988344,0
0,2,idle,573,0.002207999999995991,0
0,2,idle,574,0.0025420000000622167,0
0,2,idle,575,0.002165999999988344,0
0,2,idle,576,0.003041000000052918,0
0,2,idle,577,0.002124999999978172,0
0,2,idle,578,0.002375000000029104,0
0,2,idle,579,0.002166999999985819,0
0,2,idle,580,0.002334000000018932,0
0,2,idle,581,0.0026249999999663487,0
0,2,idle,582,0.002375000000029104,0
0,2,idle,583,0.0026669999999739957,0
0,2,idle,584,0.0031249999999545253,0
0,2,idle,585,0.002250000000003638,0
0,2,idle,586,0.0027499999999918145,0
0,2,idle,587,0.002334000000018932,0
0,2,idle,588,0.002250000000003638,0
0,2,idle,589,0.002250000000003638,0
0,2,idle,590,0.002250000000003638,0
0,2,idle,591,0.0025830000000723885,0
0,2,idle,592,0.002208000000109678,0
0,2,idle,593,0.002208999999993466,0
0,2,idle,594,0.0024580000000469227,0
0,2,idle,595,0.002165999999988344,0
0,2,idle,596,0.0022910000000138098,0
0,2,idle,597,0.0025000000000545697,0
0,2,idle,598,0.002250000000003638,0
0,2,idle,599,0.002124999999978172,0
0,2,idle,600,0.002207999999995991,0
0,2,idle,601,0.0020419999999603533,0
0,2,idle,602,0.0027499999999918145,0
0,2,idle,603,0.002165999999988344,0
0,2,idle,604,0.002207999999995991,0
0,2,idle,605,0.002124999999978172,0
0,2,idle,606,0.002207999999995991,0
0,2,idle,607,0.0027910000000019863,0
0,2,idle,608,0.0024160000000392756,0
0,2,idle,609,0.0022910000000138098,0
0,2,idle,610,0.0024159999999255888,0
0,2,idle,611,0.002166999999985819,0
0,2,idle,612,0.002333000000021457,0
0,2,idle,613,0.002499999999940883,0
0,2,idle,614,0.002417000000036751,0
0,2,idle,615,0.0027499999999918145,0
0,2,idle,616,0.0025829999999587017,0
0,2,idle,617,0.003125000000068212,0
0,2,idle,618,0.0027500000001055014,0
0,2,idle,619,0.002250000000003638,0
0,2,idle,620,0.002250000000003638,0
0,2,idle,621,0.002207999999995991,0
0,2,idle,622,0.0022910000000138098,0
0,2,idle,623,0.003207999999972344,0
0,2,idle,624,0.0027499999999918145,0
0,2,idle,625,0.0022910000000138098,0
0,2,idle,626,0.002457999999933236,0
0,2,idle,627,0.002208999999993466,0
0,2,idle,628,0.0026249999999663487,0
0,2,idle,629,0.0022910000000138098,0
0,2,idle,630,0.0022910000000138098,0
0,2,idle,631,0.0022910000000138098,0
0,2,idle,632,0.002250000000003638,0
0,2,idle,633,0.002166999999985819,0
0,2,idle,634,0.0029170000000249274,0
0,2,idle,635,0.002250000000003638,0
0,2,idle,636,0.003040999999939231,0
0,2,idle,637,0.002124999999978172,0
0,2,idle,638,0.002208999999993466,0
0,2,idle,639,0.0027079999999841675,0
0,2,idle,640,0.002417000000036751,0
0,2,idle,641,0.0027919999999994616,0
0,2,idle,642,0.002291999999897598,0
0,2,idle,643,0.002166999999985819,0
0,2,idle,644,0.0027499999999918145,0
0,2,idle,645,0.002165999999988344,0
0,2,idle,646,0.002250000000003638,0
0,2,idle,647,0.0026669999999739957,0
0,2,idle,648,0.002292000000011285,0
0,2,idle,649,0.0026669999999739957,0
0,2,idle,650,0.002334000000018932,0
0,2,idle,651,0.0027919999999994616,0
0,2,idle,652,0.002124999999978172,0
0,2,idle,653,0.002416999999923064,0
0,2,idle,654,0.002292000000011285,0
0,2,idle,655,0.0025409999999510546,0
0,2,idle,656,0.002333000000021457,0
0,2,idle,657,0.002165999999988344,0
0,2,idle,658,0.002207999999995991,0
0,2,idle,659,0.002207999999995991,0
0,2,idle,660,0.0027919999999994616,0
0,2,idle,661,0.002334000000018932,0
0,2,idle,662,0.002333000000021457,0
0,2,idle,663,0.002082999999970525,0
0,2,idle,664,0.002166999999985819,0
0,2,idle,665,0.0026249999999663487,0
0,2,idle,666,0.002417000000036751,0
0,2,idle,667,0.002166999999985819,0
0,2,idle,668,0.002292000000011285,0
0,2,idle,669,0.002166999999985819,0
0,2,idle,670,0.0025840000000698637,0
0,2,idle,671,0.002292000000011285,0
0,2,idle,672,0.002375000000029104,0
0,2,idle,673,0.0026249999999663487,0
0,2,idle,674,0.002207999999995991,0
0,2,idle,675,0.002333000000021457,0
0,2,idle,676,0.0026249999999663487,0
0,2,idle,677,0.002250000000003638,0
0,2,idle,678,0.0026669999999739957,0
0,2,idle,679,0.002333000000021457,0
0,2,idle,680,0.002292000000011285,0
0,2,idle,681,0.0025840000000698637,0
0,2,idle,682,0.002292000000011285,0
0,2,idle,683,0.002250000000003638,0
0,2,idle,684,0.0027919999999994616,0
0,2,idle,685,0.0027089999999816428,0
0,2,idle,686,0.0027499999999918145,0
0,2,idle,687,0.002334000000018932,0
0,2,idle,688,0.002374999999915417,0
0,2,idle,689,0.0022910000000138098,0
0,2,idle,690,0.002250000000003638,0
0,2,idle,691,0.0025829999999587017,0
0,2,idle,692,0.002250000000003638,0
0,2,idle,693,0.002334000000018932,0
0,2,idle,694,0.0031249999999545253,0
0,2,idle,695,0.002166999999985819,0
0,2,idle,696,0.002208999999993466,0
0,2,idle,697,0.0027079999999841675,0
0,2,idle,698,0.0022910000000138098,0
0,2,idle,699,0.002166999999985819,0
0,2,idle,700,0.00233299999990777,0
0,2,idle,701,0.002207999999995991,0
0,2,idle,702,0.0028330000000096334,0
0,2,idle,703,0.0026669999999739957,0
0,2,idle,704,0.002250000000003638,0
0,2,idle,705,0.002333000000021457,0
0,2,idle,706,0.0027079999999841675,0
0,2,idle,707,0.003458999999907064,0
0,2,idle,708,0.0025830000000723885,0
0,2,idle,709,0.002292000000011285,0
0,2,idle,710,0.0028330000000096334,0
0,2,idle,711,0.002208999999993466,0
0,2,idle,712,0.002333000000021457,0
0,2,idle,713,0.0027499999999918145,0
0,2,idle,714,0.002291999999897598,0
0,2,idle,715,0.002334000000018932,0
0,2,idle,716,0.002250000000003638,0
0,2,idle,717,0.0026669999999739957,0
0,2,idle,718,0.0025829999999587017,0
0,2,idle,719,0.0025420000000622167,0
0,2,idle,720,0.002292000000011285,0
0,2,idle,721,0.002167000000099506,0
0,2,idle,722,0.002207999999995991,0
0,2,idle,723,0.0026659999999765205,0
0,2,idle,724,0.002250000000003638,0
0,2,idle,725,0.002292000000011285,0
0,2,idle,726,0.002250000000003638,0
0,2,idle,727,0.002124999999978172,0
0,2,idle,728,0.0031669999999621723,0
0,2,idle,729,0.002166999999985819,0
0,2,idle,730,0.002333000000021457,0
0,2,idle,731,0.002250000000003638,0
0,2,idle,732,0.002207999999995991,0
0,2,idle,733,0.002125000000091859,0
0,2,idle,734,0.0028750000000172804,0
0,2,idle,735,0.002208999999993466,0
0,2,idle,736,0.0029170000000249274,0
0,2,idle,737,0.002292000000011285,0
0,2,idle,738,0.0028750000000172804,0
0,2,idle,739,0.0029170000000249274,0
0,2,idle,740,0.002416999999923064,0
0,2,idle,741,0.0028750000000172804,0
0,2,idle,742,0.0030840000000580403,0
0,2,idle,743,0.0026670000000876826,0
0,2,idle,744,0.0027919999999994616,0
0,2,idle,745,0.002208999999993466,0
0,2,idle,746,0.002207999999995991,0
0,2,idle,747,0.0027079999999841675,0
0,2,idle,748,0.002250000000003638,0
0,2,idle,749,0.0026249999999663487,0
0,2,idle,750,0.0022910000000138098,0
0,2,idle,751,0.0027919999999994616,0
0,2,idle,752,0.002417000000036751,0
0,2,idle,753,0.002333000000021457,0
0,2,idle,754,0.002292000000011285,0
0,2,idle,755,0.0028750000000172804,0
0,2,idle,756,0.002208999999993466,0
0,2,idle,757,0.00233299999990777,0
0,2,idle,758,0.002207999999995991,0
0,2,idle,759,0.002082999999970525,0
0,2,idle,760,0.0026669999999739957,0
0,2,idle,761,0.002166999999985819,0
0,2,idle,762,0.002208999999993466,0
0,2,idle,763,0.002334000000018932,0
0,2,idle,764,0.002166999999985819,0
0,2,idle,765,0.002499999999940883,0
0,2,idle,766,0.0025420000000622167,0
0,2,idle,767,0.002166999999985819,0
0,2,idle,768,0.002374999999915417,0
0,2,idle,769,0.002165999999988344,0
0,2,idle,770,0.003125000000068212,0
0,2,idle,771,0.002166999999985819,0
0,2,idle,772,0.002375000000029104,0
0,2,idle,773,0.0027079999999841675,0
0,2,idle,774,0.002334000000018932,0
0,2,idle,775,0.0026669999999739957,0
0,2,idle,776,0.0028340000000071086,0
0,2,idle,777,0.002292000000011285,0
0,2,idle,778,0.002459000000044398,0
0,2,idle,779,0.002207999999995991,0
0,2,idle,780,0.002250000000003638,0
0,2,idle,781,0.00254199999994853,0
0,2,idle,782,0.002250000000003638,0
0,2,idle,783,0.002166999999985819,0
0,2,idle,784,0.0027089999999816428,0
0,2,idle,785,0.002208999999993466,0
0,2,idle,786,0.0026669999999739957,0
0,2,idle,787,0.002124999999978172,0
0,2,idle,788,0.002165999999988344,0
0,2,idle,789,0.0022910000000138098,0
0,2,idle,790,0.002291999999897598,0
0,2,idle,791,0.0026250000000800355,0
0,2,idle,792,0.0026670000000876826,0
0,2,idle,793,0.002166999999985819,0
0,2,idle,794,0.002499999999940883,0
0,2,idle,795,0.017917000000011285,0
0,2,idle,796,0.00358399999993253,0
0,2,idle,797,0.009875000000079126,0
0,2,idle,798,0.002375000000029104,0
0,2,idle,799,0.002499999999940883,0
0,2,idle,800,0.0029170000000249274,0
0,2,idle,801,0.0028750000000172804,0
0,2,idle,802,0.0026659999999765205,0
0,2,idle,803,0.0022910000000138098,0
0,2,idle,804,0.002165999999988344,0
0,2,idle,805,0.00233299999990777,0
0,2,idle,806,0.002250000000003638,0
0,2,idle,807,0.0027079999999841675,0
0,2,idle,808,0.002082999999970525,0
0,2,idle,809,0.0030000000000427463,0
0,2,idle,810,0.002165999999988344,0
0,2,idle,811,0.00233299999990777,0
0,2,idle,812,0.002208999999993466,0
0,2,idle,813,0.0027499999999918145,0
0,2,idle,814,0.002124999999978172,0
0,2,idle,815,0.002250000000003638,0
0,2,idle,816,0.002166999999985819,0
0,2,idle,817,0.002334000000018932,0
0,2,idle,818,0.003249999999979991,0
0,2,idle,819,0.002416999999923064,0
0,2,idle,820,0.002250000000003638,0
0,2,idle,821,0.002250000000003638,0
0,2,idle,822,0.002250000000003638,0
0,2,idle,823,0.0027499999999918145,0
0,2,idle,824,0.002292000000011285,0
0,2,idle,825,0.002292000000011285,0
0,2,idle,826,0.002417000000036751,0
0,2,idle,827,0.003249999999979991,0
0,2,idle,828,0.0028750000000172804,0
0,2,idle,829,0.00254199999994853,0
0,2,idle,830,0.00254199999994853,0
0,2,idle,831,0.002334000000018932,0
0,2,idle,832,0.002250000000003638,0
0,2,idle,833,0.002333999999905245,0
0,2,idle,834,0.0035830000000487416,0
0,2,idle,835,0.002333000000021457,0
0,2,idle,836,0.002459000000044398,0
0,2,idle,837,0.0030839999999443535,0
0,2,idle,838,0.002250000000003638,0
0,2,idle,839,0.0028340000000071086,0
0,2,idle,840,0.002292000000011285,0
0,2,idle,841,0.002334000000018932,0
0,2,idle,842,0.0029170000000249274,0
0,2,idle,843,0.002292000000011285,0
0,2,idle,844,0.0027919999999994616,0
0,2,idle,845,0.002499999999940883,0
0,2,idle,846,0.002417000000036751,0
0,2,idle,847,0.002375000000029104,0
0,2,idle,848,0.0027079999999841675,0
0,2,idle,849,0.0030000000000427463,0
0,2,idle,850,0.0024159999999255888,0
0,2,idle,851,0.0030000000000427463,0
0,2,idle,852,0.002374999999915417,0
0,2,idle,853,0.002334000000018932,0
0,2,idle,854,0.002417000000036751,0
0,2,idle,855,0.0028340000000071086,0
0,2,idle,856,0.002207999999995991,0
0,2,idle,857,0.0025829999999587017,0
0,2,idle,858,0.0029170000000249274,0
0,2,idle,859,0.002292000000011285,0
0,2,idle,860,0.0028749999999035936,0
0,2,idle,861,0.0026660000000902073,0
0,2,idle,862,0.0029170000000249274,0
0,2,idle,863,0.002334000000018932,0
0,2,idle,864,0.002457999999933236,0
0,2,idle,865,0.0029580000000350992,0
0,2,idle,866,0.002499999999940883,0
0,2,idle,867,0.0026250000000800355,0
0,2,idle,868,0.0029590000000325745,0
0,2,idle,869,0.002417000000036751,0
0,2,idle,870,0.0027920000001131484,0
0,2,idle,871,0.003125000000068212,0
0,2,idle,872,0.002416999999923064,0
0,2,idle,873,0.002208999999993466,0
0,2,idle,874,0.002124999999978172,0
0,2,idle,875,0.002459000000044398,0
0,2,idle,876,0.0027080000000978544,0
0,2,idle,877,0.002374999999915417,0
0,2,idle,878,0.002208999999993466,0
0,2,idle,879,0.002250000000003638,0
0,2,idle,880,0.002333000000021457,0
0,2,idle,881,0.0028749999999035936,0
0,2,idle,882,0.002375000000029104,0
0,2,idle,883,0.002292000000011285,0
0,2,idle,884,0.002250000000003638,0
0,2,idle,885,0.0026670000000876826,0
0,2,idle,886,0.0028339999998934218,0
0,2,idle,887,0.0024580000000469227,0
0,2,idle,888,0.002333000000021457,0
0,2,idle,889,0.002375000000029104,0
0,2,idle,890,0.003083000000060565,0
0,2,idle,891,0.0030000000000427463,0
0,2,idle,892,0.0026659999999765205,0
0,2,idle,893,0.002333000000021457,0
0,2,idle,894,0.002374999999915417,0
0,2,idle,895,0.0024160000000392756,0
0,2,idle,896,0.002416999999923064,0
0,2,idle,897,0.0029580000000350992,0
0,2,idle,898,0.0025829999999587017,0
0,2,idle,899,0.002375000000029104,0
0,2,idle,900,0.002292000000011285,0
0,2,idle,901,0.002208000000109678,0
0,2,idle,902,0.0027499999999918145,0
0,2,idle,903,0.002375000000029104,0
0,2,idle,904,0.0026669999999739957,0
0,2,idle,905,0.002292000000011285,0
0,2,idle,906,0.002124999999978172,0
0,2,idle,907,0.0026659999999765205,0
0,2,idle,908,0.002207999999995991,0
0,2,idle,909,0.0027919999999994616,0
0,2,idle,910,0.002250000000003638,0
0,2,idle,911,0.002333000000021457,0
0,2,idle,912,0.002207999999995991,0
0,2,idle,913,0.0028340000000071086,0
0,2,idle,914,0.002207999999995991,0
0,2,idle,915,0.00233299999990777,0
0,2,idle,916,0.002250000000003638,0
0,2,idle,917,0.002207999999995991,0
0,2,idle,918,0.0030000000000427463,0
0,2,idle,919,0.002292000000011285,0
0,2,idle,920,0.002208999999993466,0
0,2,idle,921,0.0029580000000350992,0
0,2,idle,922,0.002207999999995991,0
0,2,idle,923,0.0027499999999918145,0
0,2,idle,924,0.0031249999999545253,0
0,2,idle,925,0.002375000000029104,0
0,2,idle,926,0.00233299999990777,0
0,2,idle,927,0.002375000000029104,0
0,2,idle,928,0.0027499999999918145,0
0,2,idle,929,0.002375000000029104,0
0,2,idle,930,0.002333999999905245,0
0,2,idle,931,0.002375000000029104,0
0,2,idle,932,0.002207999999995991,0
0,2,idle,933,0.007916000000022905,0
0,2,idle,934,0.0027079999999841675,0
0,2,idle,935,0.002416999999923064,0
0,2,idle,936,0.002459000000044398,0
0,2,idle,937,0.002166999999985819,0
0,2,idle,938,0.002207999999995991,0
0,2,idle,939,0.0028330000000096334,0
0,2,idle,940,0.002166999999985819,0
0,2,idle,941,0.002250000000003638,0
0,2,idle,942,0.002082999999970525,0
0,2,idle,943,0.002250000000003638,0
0,2,idle,944,0.00254199999994853,0
0,2,idle,945,0.002207999999995991,0
0,2,idle,946,0.002250000000003638,0
0,2,idle,947,0.002333000000021457,0
0,2,idle,948,0.002124999999978172,0
0,2,idle,949,0.0027499999999918145,0
0,2,idle,950,0.002374999999915417,0
0,2,idle,951,0.002375000000029104,0
0,2,idle,952,0.0027499999999918145,0
0,2,idle,953,0.0027499999999918145,0
0,2,idle,954,0.002374999999915417,0
0,2,idle,955,0.003209000000083506,0
0,2,idle,956,0.002375000000029104,0
0,2,idle,957,0.0024160000000392756,0
0,2,idle,958,0.0030829999999468782,0
0,2,idle,959,0.002916000000027452,0
0,2,idle,960,0.0027079999999841675,0
0,2,idle,961,0.002499999999940883,0
0,2,idle,962,0.0022910000000138098,0
0,2,idle,963,0.002457999999933236,0
0,2,idle,964,0.002124999999978172,0
0,2,idle,965,0.0027910000000019863,0
0,2,idle,966,0.002165999999988344,0
0,2,idle,967,0.002207999999995991,0
0,2,idle,968,0.002124999999978172,0
0,2,idle,969,0.002375000000029104,0
0,2,idle,970,0.0026669999999739957,0
0,2,idle,971,0.0027089999999816428,0
0,2,idle,972,0.002166999999985819,0
0,2,idle,973,0.002292000000011285,0
0,2,idle,974,0.002250000000003638,0
0,2,idle,975,0.002250000000003638,0
0,2,idle,976,0.003166000000078384,0
0,2,idle,977,0.00254199999994853,0
0,2,idle,978,0.002292000000011285,0
0,2,idle,979,0.002292000000011285,0
0,2,idle,980,0.002125000000091859,0
0,2,idle,981,0.0026250000000800355,0
0,2,idle,982,0.002416999999923064,0
0,2,idle,983,0.002292000000011285,0
0,2,idle,984,0.0028330000000096334,0
0,2,idle,985,0.0029159999999137654,0
0,2,idle,986,0.003208000000086031,0
0,2,idle,987,0.0026250000000800355,0
0,2,idle,988,0.002374999999915417,0
0,2,idle,989,0.002417000000036751,0
0,2,idle,990,0.002250000000003638,0
0,2,idle,991,0.0027919999999994616,0
0,2,idle,992,0.002208999999993466,0
0,2,idle,993,0.0030420000000503933,0
0,2,idle,994,0.002124999999978172,0
0,2,idle,995,0.0028330000000096334,0
0,2,idle,996,0.002250000000003638,0
0,2,idle,997,0.0029580000000350992,0
0,2,idle,998,0.002207999999995991,0
0,2,idle,999,0.002250000000003638,0
0,2,event,0,2.4959579999999733,2
0,2,event,1,0.010416999999961263,0
0,2,event,2,0.004249999999956344,0
0,2,event,3,0.0037920000000895016,0
0,2,event,4,0.0027919999999994616,0
0,2,event,5,0.0027910000000019863,0
0,2,event,6,0.0027499999999918145,0
0,2,event,7,0.0022910000000138098,0
0,2,event,8,0.0030420000000503933,0
0,2,event,9,0.002416999999923064,0
0,2,event,10,0.0049579999999878055,0
0,2,event,11,0.0027910000000019863,0
0,2,event,12,0.0024580000000469227,0
0,2,event,13,0.002374999999915417,0
0,2,event,14,0.002916000000027452,0
0,2,event,15,0.005125000000020918,0
0,2,event,16,0.0026249999999663487,0
0,2,event,17,0.003708999999957996,0
0,2,event,18,0.003417000000013104,0
0,2,event,19,0.0030000000000427463,0
0,2,event,20,0.002583999999956177,0
0,2,event,21,0.0026669999999739957,0
0,2,event,22,0.0025830000000723885,0
0,2,event,23,0.0026660000000902073,0
0,2,event,24,0.0029999999999290594,0
0,2,event,25,0.002375000000029104,0
0,2,event,26,0.002292000000011285,0
0,2,event,27,0.00333299999999781,0
0,2,event,28,0.002250000000003638,0
0,2,event,29,0.002459000000044398,0
0,2,event,30,0.003958000000011452,0
0,2,event,31,0.002499999999940883,0
0,2,event,32,0.0022910000000138098,0
0,2,event,33,0.00254199999994853,0
0,2,event,34,0.002166999999985819,0
0,2,event,35,0.0026660000000902073,0
0,2,event,36,0.002416999999923064,0
0,2,event,37,0.003500000000030923,0
0,2,event,38,0.002333000000021457,0
0,2,event,39,0.002333000000021457,0
0,2,event,40,0.0026250000000800355,0
0,2,event,41,0.002459000000044398,0
0,2,event,42,0.0026249999999663487,0
0,2,event,43,0.002375000000029104,0
0,2,event,44,0.002124999999978172,0
0,2,event,45,0.0027089999999816428,0
0,2,event,46,0.002375000000029104,0
0,2,event,47,0.002250000000003638,0
0,2,event,48,0.002207999999995991,0
0,2,event,49,0.002374999999915417,0
0,2,event,50,0.002375000000029104,0
0,2,event,51,0.003207999999972344,0
0,2,event,52,0.002250000000003638,0
0,2,event,53,0.002375000000029104,0
0,2,event,54,0.002124999999978172,0
0,2,event,55,0.0022910000000138098,0
0,2,event,56,0.0027499999999918145,0
0,2,event,57,0.002374999999915417,0
0,2,event,58,0.002166999999985819,0
0,2,event,59,0.002207999999995991,0
0,2,event,60,0.030333000000041466,2
0,2,event,61,0.00416599999994105,0
0,2,event,62,0.002292000000011285,0
0,2,event,63,0.0026249999999663487,0
0,2,event,64,0.002166999999985819,0
0,2,event,65,0.0026670000000876826,0
0,2,event,66,0.002250000000003638,0
0,2,event,67,0.002417000000036751,0
0,2,event,68,0.002124999999978172,0
0,2,event,69,0.002417000000036751,0
0,2,event,70,0.0025409999999510546,0
0,2,event,71,0.002333000000021457,0
0,2,event,72,0.002457999999933236,0
0,2,event,73,0.002292000000011285,0
0,2,event,74,0.002250000000003638,0
0,2,event,75,0.002417000000036751,0
0,2,event,76,0.0026669999999739957,0
0,2,event,77,0.0030419999999367064,0
0,2,event,78,0.003207999999972344,0
0,2,event,79,0.00333299999999781,0
0,2,event,80,0.0022910000000138098,0
0,2,event,81,0.0026669999999739957,0
0,2,event,82,0.002292000000011285,0
0,2,event,83,0.002375000000029104,0
0,2,event,84,0.002416999999923064,0
0,2,event,85,0.0034160000000156288,0
0,2,event,86,0.003417000000013104,0
0,2,event,87,0.002250000000003638,0
0,2,event,88,0.002416999999923064,0
0,2,event,89,0.002208999999993466,0
0,2,event,90,0.002375000000029104,0
0,2,event,91,0.0025420000000622167,0
0,2,event,92,0.002417000000036751,0
0,2,event,93,0.0022910000000138098,0
0,2,event,94,0.002207999999995991,0
0,2,event,95,0.002250000000003638,0
0,2,event,96,0.002416999999923064,0
0,2,event,97,0.0027079999999841675,0
0,2,event,98,0.002165999999988344,0
0,2,event,99,0.002207999999995991,0
0,2,event,100,0.002207999999995991,0
0,2,event,101,0.002417000000036751,0
0,2,event,102,0.00254199999994853,0
0,2,event,103,0.002207999999995991,0
0,2,event,104,0.002165999999988344,0
0,2,event,105,0.0030420000000503933,0
0,2,event,106,0.0020839999999680003,0
0,2,event,107,0.0027499999999918145,0
0,2,event,108,0.002417000000036751,0
0,2,event,109,0.003375000000005457,0
0,2,event,110,0.002250000000003638,0
0,2,event,111,0.002333000000021457,0
0,2,event,112,0.0028750000000172804,0
0,2,event,113,0.002124999999978172,0
0,2,event,114,0.002250000000003638,0
0,2,event,115,0.002457999999933236,0
0,2,event,116,0.002333000000021457,0
0,2,event,117,0.002082999999970525,0
0,2,event,118,0.003375000000005457,0
0,2,event,119,0.0026249999999663487,0
0,2,event,120,0.020250000000032742,2
0,2,event,121,0.004415999999991982,0
0,2,event,122,0.0031669999999621723,0
0,2,event,123,0.0027499999999918145,0
0,2,event,124,0.002207999999995991,0
0,2,event,125,0.002207999999995991,0
0,2,event,126,0.0025420000000622167,0
0,2,event,127,0.0027919999999994616,0
0,2,event,128,0.002208000000109678,0
0,2,event,129,0.002250000000003638,0
0,2,event,130,0.002292000000011285,0
0,2,event,131,0.05708300000003419,0
0,2,event,132,0.004290999999966516,0
0,2,event,133,0.0026249999999663487,0
0,2,event,134,0.0027910000000019863,0
0,2,event,135,0.0025829999999587017,0
0,2,event,136,0.0025830000000723885,0
0,2,event,137,0.0028329999998959465,0
0,2,event,138,0.0024160000000392756,0
0,2,event,139,0.004291999999963991,0
0,2,event,140,0.003417000000013104,0
0,2,event,141,0.002375000000029104,0
0,2,event,142,0.0027499999999918145,0
0,2,event,143,0.0028329999998959465,0
0,2,event,144,0.004083000000036918,0
0,2,event,145,0.002459000000044398,0
0,2,event,146,0.002375000000029104,0
0,2,event,147,0.0024580000000469227,0
0,2,event,148,0.0029579999999214124,0
0,2,event,149,0.002333000000021457,0
0,2,event,150,0.0024160000000392756,0
0,2,event,151,0.002249999999889951,0
0,2,event,152,0.0030000000000427463,0
0,2,event,153,0.003249999999979991,0
0,2,event,154,0.002250000000003638,0
0,2,event,155,0.0024160000000392756,0
0,2,event,156,0.002291999999897598,0
0,2,event,157,0.002166999999985819,0
0,2,event,158,0.0027089999999816428,0
0,2,event,159,0.002417000000036751,0
0,2,event,160,0.002375000000029104,0
0,2,event,161,0.002208999999993466,0
0,2,event,162,0.002333999999905245,0
0,2,event,163,0.002334000000018932,0
0,2,event,164,0.0026669999999739957,0
0,2,event,165,0.0035410000000410946,0
0,2,event,166,0.002417000000036751,0
0,2,event,167,0.002292000000011285,0
0,2,event,168,0.002250000000003638,0
0,2,event,169,0.0027919999999994616,0
0,2,event,170,0.0024580000000469227,0
0,2,event,171,0.002250000000003638,0
0,2,event,172,0.002292000000011285,0
0,2,event,173,0.002292000000011285,0
0,2,event,174,0.0027079999999841675,0
0,2,event,175,0.002333000000021457,0
0,2,event,176,0.002333000000021457,0
0,2,event,177,0.002250000000003638,0
0,2,event,178,0.002291999999897598,0
0,2,event,179,0.0027910000000019863,0
0,2,event,180,0.03220800000008239,2
0,2,event,181,0.004250000000070031,0
0,2,event,182,0.0025829999999587017,0
0,2,event,183,0.0030000000000427463,0
0,2,event,184,0.002208000000109678,0
0,2,event,185,0.004208000000062384,0
0,2,event,186,0.002333000000021457,0
0,2,event,187,0.002250000000003638,0
0,2,event,188,0.002334000000018932,0
0,2,event,189,0.003291999999987638,0
0,2,event,190,0.0022910000000138098,0
0,2,event,191,0.002207999999995991,0
0,2,event,192,0.002250000000003638,0
0,2,event,193,0.002124999999978172,0
0,2,event,194,0.0028750000000172804,0
0,2,event,195,0.002250000000003638,0
0,2,event,196,0.00254199999994853,0
0,2,event,197,0.002124999999978172,0
0,2,event,198,0.002250000000003638,0
0,2,event,199,0.0027079999999841675,0
0,2,event,200,0.0024580000000469227,0
0,2,event,201,0.0029579999999214124,0
0,2,event,202,0.002292000000011285,0
0,2,event,203,0.0030000000000427463,0
0,2,event,204,0.0029999999999290594,0
0,2,event,205,0.002207999999995991,0
0,2,event,206,0.0022910000000138098,0
0,2,event,207,0.002417000000036751,0
0,2,event,208,0.002333999999905245,0
0,2,event,209,0.002334000000018932,0
0,2,event,210,0.0029170000000249274,0
0,2,event,211,0.0031249999999545253,0
0,2,event,212,0.002333000000021457,0
0,2,event,213,0.002292000000011285,0
0,2,event,214,0.002333999999905245,0
0,2,event,215,0.0025840000000698637,0
0,2,event,216,0.002291999999897598,0
0,2,event,217,0.002083000000084212,0
0,2,event,218,0.00233299999990777,0
0,2,event,219,0.003166000000078384,0
0,2,event,220,0.0026669999999739957,0
0,2,event,221,0.002250000000003638,0
0,2,event,222,0.00233299999990777,0
0,2,event,223,0.002417000000036751,0
0,2,event,224,0.002375000000029104,0
0,2,event,225,0.0027079999999841675,0
0,2,event,226,0.0030829999999468782,0
0,2,event,227,0.0024160000000392756,0
0,2,event,228,0.002124999999978172,0
0,2,event,229,0.0024159999999255888,0
0,2,event,230,0.002417000000036751,0
0,2,event,231,0.0027499999999918145,0
0,2,event,232,0.002250000000003638,0
0,2,event,233,0.0022910000000138098,0
0,2,event,234,0.002292000000011285,0
0,2,event,235,0.002375000000029104,0
0,2,event,236,0.0028750000000172804,0
0,2,event,237,0.0025409999999510546,0
0,2,event,238,0.002292000000011285,0
0,2,event,239,0.002334000000018932,0
0,2,event,240,0.0196250000000191,2
0,2,event,241,0.003499999999917236,0
0,2,event,242,0.002375000000029104,0
0,2,event,243,0.002250000000003638,0
0,2,event,244,0.002166999999985819,0
0,2,event,245,0.0027499999999918145,0
0,2,event,246,0.002166999999985819,0
0,2,event,247,0.002333000000021457,0
0,2,event,248,0.0021660000001020308,0
0,2,event,249,0.0029170000000249274,0
0,2,event,250,0.0025420000000622167,0
0,2,event,251,0.0024159999999255888,0
0,2,event,252,0.0029580000000350992,0
0,2,event,253,0.002499999999940883,0
0,2,event,254,0.002165999999988344,0
0,2,event,255,0.0028750000000172804,0
0,2,event,256,0.0026249999999663487,0
0,2,event,257,0.002333000000021457,0
0,2,event,258,0.002207999999995991,0
0,2,event,259,0.002333000000021457,0
0,2,event,260,0.0024159999999255888,0
0,2,event,261,0.0027499999999918145,0
0,2,event,262,0.004000000000019099,0
0,2,event,263,0.0030419999999367064,0
0,2,event,264,0.002250000000003638,0
0,2,event,265,0.002292000000011285,0
0,2,event,266,0.0027499999999918145,0
0,2,event,267,0.002375000000029104,0
0,2,event,268,0.002292000000011285,0
0,2,event,269,0.002250000000003638,0
0,2,event,270,0.002167000000099506,0
0,2,event,271,0.0027499999999918145,0
0,2,event,272,0.0025000000000545697,0
0,2,event,273,0.002250000000003638,0
0,2,event,274,0.002207999999995991,0
0,2,event,275,0.002416999999923064,0
0,2,event,276,0.02754200000003948,0
0,2,event,277,0.0037919999999758147,0
0,2,event,278,0.003041000000052918,0
0,2,event,279,0.0025000000000545697,0
0,2,event,280,0.002250000000003638,0
0,2,event,281,0.00254199999994853,0
0,2,event,282,0.0025830000000723885,0
0,2,event,283,0.0025000000000545697,0
0,2,event,284,0.0022910000000138098,0
0,2,event,285,0.0029579999999214124,0
0,2,event,286,0.002375000000029104,0
0,2,event,287,0.0027910000000019863,0
0,2,event,288,0.002333000000021457,0
0,2,event,289,0.002250000000003638,0
0,2,event,290,0.002250000000003638,0
0,2,event,291,0.002375000000029104,0
0,2,event,292,0.0027079999999841675,0
0,2,event,293,0.0024160000000392756,0
0,2,event,294,0.002124999999978172,0
0,2,event,295,0.0026659999999765205,0
0,2,event,296,0.002207999999995991,0
0,2,event,297,0.002124999999978172,0
0,2,event,298,0.0026659999999765205,0
0,2,event,299,0.002333000000021457,0
0,2,event,300,0.019541000000003805,2
0,2,event,301,0.003916000000003805,0
0,2,event,302,0.002375000000029104,0
0,2,event,303,0.0024580000000469227,0
0,2,event,304,0.002250000000003638,0
0,2,event,305,0.002375000000029104,0
0,2,event,306,0.0024580000000469227,0
0,2,event,307,0.0029579999999214124,0
0,2,event,308,0.002375000000029104,0
0,2,event,309,0.002334000000018932,0
0,2,event,310,0.002208999999993466,0
0,2,event,311,0.002374999999915417,0
0,2,event,312,0.003375000000005457,0
0,2,event,313,0.002459000000044398,0
0,2,event,314,0.002250000000003638,0
0,2,event,315,0.002374999999915417,0
0,2,event,316,0.0024580000000469227,0
0,2,event,317,0.0026249999999663487,0
0,2,event,318,0.002208999999993466,0
0,2,event,319,0.0027919999999994616,0
0,2,event,320,0.0030829999999468782,0
0,2,event,321,0.0024160000000392756,0
0,2,event,322,0.002166999999985819,0
0,2,event,323,0.0027919999999994616,0
0,2,event,324,0.003290999999990163,0
0,2,event,325,0.002292000000011285,0
0,2,event,326,0.002250000000003638,0
0,2,event,327,0.002417000000036751,0
0,2,event,328,0.023583000000030552,0
0,2,event,329,0.006874999999922693,0
0,2,event,330,0.0028750000000172804,0
0,2,event,331,0.0025829999999587017,0
0,2,event,332,0.002417000000036751,0
0,2,event,333,0.003375000000005457,0
0,2,event,334,0.0024159999999255888,0
0,2,event,335,0.0024160000000392756,0
0,2,event,336,0.002499999999940883,0
0,2,event,337,0.002459000000044398,0
0,2,event,338,0.0027089999999816428,0
0,2,event,339,0.0027499999999918145,0
0,2,event,340,0.002416999999923064,0
0,2,event,341,0.002292000000011285,0
0,2,event,342,0.002333000000021457,0
0,2,event,343,0.0028750000000172804,0
0,2,event,344,0.0029589999999188876,0
0,2,event,345,0.003584000000046217,0
0,2,event,346,0.002374999999915417,0
0,2,event,347,0.0026670000000876826,0
0,2,event,348,0.002375000000029104,0
0,2,event,349,0.0030000000000427463,0
0,2,event,350,0.0022910000000138098,0
0,2,event,351,0.002416999999923064,0
0,2,event,352,0.0031669999999621723,0
0,2,event,353,0.002333000000021457,0
0,2,event,354,0.0027079999999841675,0
0,2,event,355,0.0034160000000156288,0
0,2,event,356,0.002375000000029104,0
0,2,event,357,0.00233299999990777,0
0,2,event,358,0.0021660000001020308,0
0,2,event,359,0.0030420000000503933,0
0,2,event,360,0.032874999999989996,2
0,2,event,361,0.004124999999930878,0
0,2,event,362,0.002333000000021457,0
0,2,event,363,0.0030000000000427463,0
0,2,event,364,0.002250000000003638,0
0,2,event,365,0.0025420000000622167,0
0,2,event,366,0.002124999999978172,0
0,2,event,367,0.002459000000044398,0
0,2,event,368,0.002250000000003638,0
0,2,event,369,0.0028330000000096334,0
0,2,event,370,0.002165999999988344,0
0,2,event,371,0.0025000000000545697,0
0,2,event,372,0.002165999999988344,0
0,2,event,373,0.002374999999915417,0
0,2,event,374,0.0025000000000545697,0
0,2,event,375,0.00254199999994853,0
0,2,event,376,0.0028330000000096334,0
0,2,event,377,0.0024580000000469227,0
0,2,event,378,0.002290999999900123,0
0,2,event,379,0.0036670000000640357,0
0,2,event,380,0.002208999999993466,0
0,2,event,381,0.002583999999956177,0
0,2,event,382,0.002459000000044398,0
0,2,event,383,0.002583999999956177,0
0,2,event,384,0.0028340000000071086,0
0,2,event,385,0.002333999999905245,0
0,2,event,386,0.0049999999999954525,0
0,2,event,387,0.0025830000000723885,0
0,2,event,388,0.002207999999995991,0
0,2,event,389,0.0026249999999663487,0
0,2,event,390,0.0027499999999918145,0
0,2,event,391,0.002583999999956177,0
0,2,event,392,0.002166999999985819,0
0,2,event,393,0.003166000000078384,0
0,2,event,394,0.002292000000011285,0
0,2,event,395,0.0026669999999739957,0
0,2,event,396,0.002250000000003638,0
0,2,event,397,0.002334000000018932,0
0,2,event,398,0.002166999999985819,0
0,2,event,399,0.002417000000036751,0
0,2,event,400,0.0025409999999510546,0
0,2,event,401,0.0025829999999587017,0
0,2,event,402,0.002124999999978172,0
0,2,event,403,0.0025830000000723885,0
0,2,event,404,0.002165999999988344,0
0,2,event,405,0.0028750000000172804,0
0,2,event,406,0.002165999999988344,0
0,2,event,407,0.002499999999940883,0
0,2,event,408,0.002082999999970525,0
0,2,event,409,0.0024160000000392756,0
0,2,event,410,0.0029999999999290594,0
0,2,event,411,0.002916000000027452,0
0,2,event,412,0.0026659999999765205,0
0,2,event,413,0.002333000000021457,0
0,2,event,414,0.002207999999995991,0
0,2,event,415,0.002499999999940883,0
0,2,event,416,0.0025830000000723885,0
0,2,event,417,0.002499999999940883,0
0,2,event,418,0.002166999999985819,0
0,2,event,419,0.003207999999972344,0
0,2,event,420,0.023083000000042375,2
0,2,event,421,0.003959000000008928,0
0,2,event,422,0.002374999999915417,0
0,2,event,423,0.0024580000000469227,0
0,2,event,424,0.00254199999994853,0
0,2,event,425,0.0028750000000172804,0
0,2,event,426,0.002208999999993466,0
0,2,event,427,0.002334000000018932,0
0,2,event,428,0.002250000000003638,0
0,2,event,429,0.002292000000011285,0
0,2,event,430,0.0026249999999663487,0
0,2,event,431,0.002417000000036751,0
0,2,event,432,0.002250000000003638,0
0,2,event,433,0.0022910000000138098,0
0,2,event,434,0.002250000000003638,0
0,2,event,435,0.0025000000000545697,0
0,2,event,436,0.002499999999940883,0
0,2,event,437,0.002167000000099506,0
0,2,event,438,0.002334000000018932,0
0,2,event,439,0.0030419999999367064,0
0,2,event,440,0.002250000000003638,0
0,2,event,441,0.0025840000000698637,0
0,2,event,442,0.002375000000029104,0
0,2,event,443,25.69545800000003,0
0,2,event,444,0.0206670000000031,0
0,2,event,445,0.005666000000019267,0
0,2,event,446,0.005208000000038737,0
0,2,event,447,0.00808299999994233,0
0,2,event,448,0.0027079999999841675,0
0,2,event,449,0.0025410000000647415,0
0,2,event,450,0.003207999999972344,0
0,2,event,451,0.0030829999999468782,0
0,2,event,452,0.0025000000000545697,0
0,2,event,453,0.004040999999915584,0
0,2,event,454,0.002250000000003638,0
0,2,event,455,0.0027499999999918145,0
0,2,event,456,0.002375000000029104,0
0,2,event,457,0.0037079999999605207,0
0,2,event,458,0.002375000000029104,0
0,2,event,459,0.0029999999999290594,0
0,2,event,460,0.002208999999993466,0
0,2,event,461,0.0027919999999994616,0
0,2,event,462,0.004083000000036918,0
0,2,event,463,0.0026249999999663487,0
0,2,event,464,0.0025000000000545697,0
0,2,event,465,0.002207999999995991,0
0,2,event,466,0.002125000000091859,0
0,2,event,467,0.023374999999987267,0
0,2,event,468,0.0038749999999936335,0
0,2,event,469,0.003541999999924883,0
0,2,event,470,0.002459000000044398,0
0,2,event,471,0.0026669999999739957,0
0,2,event,472,0.0028750000000172804,0
0,2,event,473,0.002333000000021457,0
0,2,event,474,0.0025830000000723885,0
0,2,event,475,0.002499999999940883,0
0,2,event,476,0.0024580000000469227,0
0,2,event,477,0.0025000000000545697,0
0,2,event,478,0.0028750000000172804,0
0,2,event,479,0.004291999999963991,0
0,2,event,480,0.06883400000003803,2
0,2,event,481,0.004457999999999629,0
0,2,event,482,0.003458000000023276,0
0,2,event,483,0.0025829999999587017,0
0,2,event,484,0.002417000000036751,0
0,2,event,485,0.00254199999994853,0
0,2,event,486,0.004041000000029271,0
0,2,event,487,0.0031669999999621723,0
0,2,event,488,0.0025420000000622167,0
0,2,event,489,0.0024159999999255888,0
0,2,event,490,0.002417000000036751,0
0,2,event,491,0.002499999999940883,0
0,2,event,492,0.00333299999999781,0
0,2,event,493,0.002375000000029104,0
0,2,event,494,0.0027079999999841675,0
0,2,event,495,0.0025000000000545697,0
0,2,event,496,0.0037920000000895016,0
0,2,event,497,0.0027919999999994616,0
0,2,event,498,0.002417000000036751,0
0,2,event,499,0.002457999999933236,0
0,2,event,500,0.0024160000000392756,0
0,2,event,501,0.0025829999999587017,0
0,2,event,502,0.003500000000030923,0
0,2,event,503,0.0027499999999918145,0
0,2,event,504,0.002292000000011285,0
0,2,event,505,0.0025409999999510546,0
0,2,event,506,0.002417000000036751,0
0,2,event,507,0.002458999999930711,0
0,2,event,508,0.0027089999999816428,0
0,2,event,509,0.022584000000051674,0
0,2,event,510,0.002458999999930711,0
0,2,event,511,0.002459000000044398,0
0,2,event,512,0.002250000000003638,0
0,2,event,513,0.00333299999999781,0
0,2,event,514,0.0025000000000545697,0
0,2,event,515,0.002499999999940883,0
0,2,event,516,0.002250000000003638,0
0,2,event,517,0.002250000000003638,0
0,2,event,518,0.0027079999999841675,0
0,2,event,519,0.0027910000000019863,0
0,2,event,520,0.003458000000023276,0
0,2,event,521,0.0037499999999681677,0
0,2,event,522,0.0024160000000392756,0
0,2,event,523,0.0026249999999663487,0
0,2,event,524,0.0027910000000019863,0
0,2,event,525,0.002292000000011285,0
0,2,event,526,0.002374999999915417,0
0,2,event,527,0.0027079999999841675,0
0,2,event,528,0.002250000000003638,0
0,2,event,529,0.0027910000000019863,0
0,2,event,530,0.002292000000011285,0
0,2,event,531,0.00254199999994853,0
0,2,event,532,0.002166999999985819,0
0,2,event,533,0.002333000000021457,0
0,2,event,534,0.0026249999999663487,0
0,2,event,535,0.002375000000029104,0
0,2,event,536,0.002166999999985819,0
0,2,event,537,0.002417000000036751,0
0,2,event,538,0.002250000000003638,0
0,2,event,539,0.0028749999999035936,0
0,2,event,540,0.08962500000006912,2
0,2,event,541,0.21758299999999053,0
0,2,event,542,0.019791000000054737,0
0,2,event,543,0.004750000000058208,0
0,2,event,544,0.0029999999999290594,0
0,2,event,545,0.003333999999995285,0
0,2,event,546,0.0049999999999954525,0
0,2,event,547,0.0026250000000800355,0
0,2,event,548,0.0028749999999035936,0
0,2,event,549,0.003167000000075859,0
0,2,event,550,0.0027910000000019863,0
0,2,event,551,0.0025830000000723885,0
0,2,event,552,0.002499999999940883,0
0,2,event,553,0.003584000000046217,0
0,2,event,554,0.0027919999999994616,0
0,2,event,555,0.029999999999972715,0
0,2,event,556,0.02783399999998437,0
0,2,event,557,0.0027919999999994616,0
0,2,event,558,0.002416999999923064,0
0,2,event,559,0.003290999999990163,0
0,2,event,560,0.0025830000000723885,0
0,2,event,561,0.0024160000000392756,0
0,2,event,562,0.0027919999999994616,0
0,2,event,563,0.0026669999999739957,0
0,2,event,564,0.003207999999972344,0
0,2,event,565,0.0022910000000138098,0
0,2,event,566,0.047083000000043285,0
0,2,event,567,0.0028750000000172804,0
0,2,event,568,0.0025410000000647415,0
0,2,event,569,0.002457999999933236,0
0,2,event,570,0.0048330000000760265,0
0,2,event,571,0.0025829999999587017,0
0,2,event,572,0.00254199999994853,0
0,2,event,573,0.002459000000044398,0
0,2,event,574,0.002583999999956177,0
0,2,event,575,0.0030840000000580403,0
0,2,event,576,0.002334000000018932,0
0,2,event,577,0.002417000000036751,0
0,2,event,578,0.0024160000000392756,0
0,2,event,579,0.002375000000029104,0
0,2,event,580,0.002916000000027452,0
0,2,event,581,0.002333000000021457,0
0,2,event,582,0.002374999999915417,0
0,2,event,583,0.002333000000021457,0
0,2,event,584,0.002375000000029104,0
0,2,event,585,0.0027499999999918145,0
0,2,event,586,0.003541999999924883,0
0,2,event,587,0.0026669999999739957,0
0,2,event,588,0.0024160000000392756,0
0,2,event,589,0.002292000000011285,0
0,2,event,590,0.00254199999994853,0
0,2,event,591,0.002916000000027452,0
0,2,event,592,0.002375000000029104,0
0,2,event,593,0.002249999999889951,0
0,2,event,594,0.0025830000000723885,0
0,2,event,595,0.023124999999936335,0
0,2,event,596,0.006250000000022737,0
0,2,event,597,0.0026669999999739957,0
0,2,event,598,0.0014999999999645297,0
0,2,event,599,0.0012920000000349319,0
0,2,event,600,0.025415999999950145,2
0,2,event,601,0.0028750000000172804,0
0,2,event,602,0.0014159999999492356,0
0,2,event,603,0.0012920000000349319,0
0,2,event,604,0.0016249999999899956,0
0,2,event,605,0.0017080000000078144,0
0,2,event,606,0.001207999999905951,0
0,2,event,607,0.003291999999987638,0
0,2,event,608,0.001209000000017113,0
0,2,event,609,0.0014590000000680448,0
0,2,event,610,0.0016250000001036824,0
0,2,event,611,0.0041669999999385254,0
0,2,event,612,0.0012080000000196378,0
0,2,event,613,0.0017500000000154614,0
0,2,event,614,0.0012080000000196378,0
0,2,event,615,0.001291999999921245,0
0,2,event,616,0.0017500000000154614,0
0,2,event,617,0.001334000000042579,0
0,2,event,618,0.001333999999928892,0
0,2,event,619,0.001209000000017113,0
0,2,event,620,0.0019999999999527063,0
0,2,event,621,0.0015830000000960354,0
0,2,event,622,0.0013330000000451037,0
0,2,event,623,0.001167000000009466,0
0,2,event,624,0.001167000000009466,0
0,2,event,625,0.0011660000000119908,0
0,2,event,626,0.0013330000000451037,0
0,2,event,627,0.001167000000009466,0
0,2,event,628,0.0012910000000374566,0
0,2,event,629,0.0019169999999348875,0
0,2,event,630,0.001125000000001819,0
0,2,event,631,0.002124999999978172,0
0,2,event,632,0.0026659999999765205,0
0,2,event,633,0.001958000000058746,0
0,2,event,634,0.0013749999999390639,0
0,2,event,635,0.0017080000000078144,0
0,2,event,636,0.0012500000000272848,0
0,2,event,637,0.001458999999954358,0
0,2,event,638,0.001167000000009466,0
0,2,event,639,0.0011660000000119908,0
0,2,event,640,0.001125000000001819,0
0,2,event,641,0.0013329999999314168,0
0,2,event,642,0.0014999999999645297,0
0,2,event,643,0.001209000000017113,0
0,2,event,644,0.001125000000001819,0
0,2,event,645,0.001167000000009466,0
0,2,event,646,0.0012500000000272848,0
0,2,event,647,0.0014999999999645297,0
0,2,event,648,0.0012500000000272848,0
0,2,event,649,0.0011660000000119908,0
0,2,event,650,0.0012080000000196378,0
0,2,event,651,0.001167000000009466,0
0,2,event,652,0.0013749999999390639,0
0,2,event,653,0.0018750000000409273,0
0,2,event,654,0.0012500000000272848,0
0,2,event,655,0.0012089999999034262,0
0,2,event,656,0.0013750000000527507,0
0,2,event,657,0.0012920000000349319,0
0,2,event,658,0.0014170000000603977,0
0,2,event,659,0.0012910000000374566,0
0,2,event,660,0.014375000000086402,2
0,2,event,661,0.0020839999999680003,0
0,2,event,662,0.0017090000000052896,0
0,2,event,663,0.001249999999913598,0
0,2,event,664,0.0012920000000349319,0
0,2,event,665,0.0012500000000272848,0
0,2,event,666,0.001207999999905951,0
0,2,event,667,0.0016669999999976426,0
0,2,event,668,0.001125000000001819,0
0,2,event,669,0.001167000000009466,0
0,2,event,670,0.0012920000000349319,0
0,2,event,671,0.001125000000001819,0
0,2,event,672,0.0019589999999425345,0
0,2,event,673,0.001167000000009466,0
0,2,event,674,0.0011660000000119908,0
0,2,event,675,0.001167000000009466,0
0,2,event,676,0.001125000000001819,0
0,2,event,677,0.0015000000000782165,0
0,2,event,678,0.0017080000000078144,0
0,2,event,679,0.001125000000001819,0
0,2,event,680,0.0015000000000782165,0
0,2,event,681,0.001125000000001819,0
0,2,event,682,0.001291999999921245,0
0,2,event,683,0.0014170000000603977,0
0,2,event,684,0.001125000000001819,0
0,2,event,685,0.001167000000009466,0
0,2,event,686,0.0018750000000409273,0
0,2,event,687,0.001167000000009466,0
0,2,event,688,0.0015409999999747015,0
0,2,event,689,0.001167000000009466,0
0,2,event,690,0.001167000000009466,0
0,2,event,691,0.001082999999994172,0
0,2,event,692,0.001207999999905951,0
0,2,event,693,0.0025830000000723885,0
0,2,event,694,0.001167000000009466,0
0,2,event,695,0.0011669999998957792,0
0,2,event,696,0.0011660000000119908,0
0,2,event,697,0.0012080000000196378,0
0,2,event,698,0.0014169999999467109,0
0,2,event,699,0.0012920000000349319,0
0,2,event,700,0.0012080000000196378,0
0,2,event,701,0.0013329999999314168,0
0,2,event,702,0.0011660000000119908,0
0,2,event,703,0.001167000000009466,0
0,2,event,704,0.0014999999999645297,0
0,2,event,705,0.0014170000000603977,0
0,2,event,706,0.001333999999928892,0
0,2,event,707,0.001167000000009466,0
0,2,event,708,0.0011660000000119908,0
0,2,event,709,0.0014579999999568827,0
0,2,event,710,0.0012500000000272848,0
0,2,event,711,0.0012080000000196378,0
0,2,event,712,0.0015829999999823485,0
0,2,event,713,0.001125000000001819,0
0,2,event,714,0.0014590000000680448,0
0,2,event,715,0.0012500000000272848,0
0,2,event,716,0.001125000000001819,0
0,2,event,717,0.001167000000009466,0
0,2,event,718,0.0011660000000119908,0
0,2,event,719,0.0015419999999721767,0
0,2,event,720,0.010916000000065651,2
0,2,event,721,0.0017919999999094216,0
0,2,event,722,0.001209000000017113,0
0,2,event,723,0.0017090000000052896,0
0,2,event,724,0.001125000000001819,0
0,2,event,725,0.0013329999999314168,0
0,2,event,726,0.0012500000000272848,0
0,2,event,727,0.0012080000000196378,0
0,2,event,728,0.0012500000000272848,0
0,2,event,729,0.001458999999954358,0
0,2,event,730,0.0012500000000272848,0
0,2,event,731,0.0018339999999170686,0
0,2,event,732,0.001125000000001819,0
0,2,event,733,0.001167000000009466,0
0,2,event,734,0.0015419999999721767,0
0,2,event,735,0.0012500000000272848,0
0,2,event,736,0.0016669999999976426,0
0,2,event,737,0.001125000000001819,0
0,2,event,738,0.0014579999999568827,0
0,2,event,739,0.0014160000000629225,0
0,2,event,740,0.001167000000009466,0
0,2,event,741,0.0015420000000858636,0
0,2,event,742,0.0011660000000119908,0
0,2,event,743,0.001167000000009466,0
0,2,event,744,0.0014999999999645297,0
0,2,event,745,0.0013750000000527507,0
0,2,event,746,0.0011660000000119908,0
0,2,event,747,0.0014579999999568827,0
0,2,event,748,0.001125000000001819,0
0,2,event,749,0.001082999999994172,0
0,2,event,750,0.0014999999999645297,0
0,2,event,751,0.0013750000000527507,0
0,2,event,752,0.001249999999913598,0
0,2,event,753,0.0017080000000078144,0
0,2,event,754,0.0012500000000272848,0
0,2,event,755,0.0017080000000078144,0
0,2,event,756,0.002207999999995991,0
0,2,event,757,0.0011660000000119908,0
0,2,event,758,0.001082999999994172,0
0,2,event,759,0.0012080000000196378,0
0,2,event,760,0.0014580000000705695,0
0,2,event,761,0.001207999999905951,0
0,2,event,762,0.001167000000009466,0
0,2,event,763,0.001167000000009466,0
0,2,event,764,0.001082999999994172,0
0,2,event,765,0.0015409999999747015,0
0,2,event,766,0.001125000000001819,0
0,2,event,767,0.0012080000000196378,0
0,2,event,768,0.001167000000009466,0
0,2,event,769,0.001291999999921245,0
0,2,event,770,0.0012500000000272848,0
0,2,event,771,0.001458999999954358,0
0,2,event,772,0.001125000000001819,0
0,2,event,773,0.001167000000009466,0
0,2,event,774,0.0012080000000196378,0
0,2,event,775,0.0011660000000119908,0
0,2,event,776,0.0015419999999721767,0
0,2,event,777,0.0013749999999390639,0
0,2,event,778,0.001125000000001819,0
0,2,event,779,0.0012500000000272848,0
0,2,event,780,0.00979199999994762,2
0,2,event,781,0.0017080000000078144,0
0,2,event,782,0.0011660000000119908,0
0,2,event,783,0.0012920000000349319,0
0,2,event,784,0.0014169999999467109,0
0,2,event,785,0.0031249999999545253,0
0,2,event,786,0.002124999999978172,0
0,2,event,787,0.003249999999979991,0
0,2,event,788,0.002083000000084212,0
0,2,event,789,0.0030840000000580403,0
0,2,event,790,0.0026669999999739957,0
0,2,event,791,0.002292000000011285,0
0,2,event,792,0.002124999999978172,0
0,2,event,793,0.002250000000003638,0
0,2,event,794,0.002124999999978172,0
0,2,event,795,0.002374999999915417,0
0,2,event,796,0.0027499999999918145,0
0,2,event,797,0.002166999999985819,0
0,2,event,798,0.002207999999995991,0
0,2,event,799,0.0022910000000138098,0
0,2,event,800,0.002333000000021457,0
0,2,event,801,0.0028750000000172804,0
0,2,event,802,0.002124999999978172,0
0,2,event,803,0.002417000000036751,0
0,2,event,804,0.002165999999988344,0
0,2,event,805,0.002207999999995991,0
0,2,event,806,0.002499999999940883,0
0,2,event,807,0.002292000000011285,0
0,2,event,808,0.002124999999978172,0
0,2,event,809,0.002165999999988344,0
0,2,event,810,0.002124999999978172,0
0,2,event,811,0.0027079999999841675,0
0,2,event,812,0.002207999999995991,0
0,2,event,813,0.002165999999988344,0
0,2,event,814,0.0028750000000172804,0
0,2,event,815,0.002208999999993466,0
0,2,event,816,0.0029579999999214124,0
0,2,event,817,0.0028330000000096334,0
0,2,event,818,0.002165999999988344,0
0,2,event,819,0.0027499999999918145,0
0,2,event,820,0.002499999999940883,0
0,2,event,821,0.002334000000018932,0
0,2,event,822,0.00254199999994853,0
0,2,event,823,0.002375000000029104,0
0,2,event,824,0.002124999999978172,0
0,2,event,825,0.002250000000003638,0
0,2,event,826,0.002250000000003638,0
0,2,event,827,0.0028750000000172804,0
0,2,event,828,0.002207999999995991,0
0,2,event,829,0.002292000000011285,0
0,2,event,830,0.002208999999993466,0
0,2,event,831,0.002292000000011285,0
0,2,event,832,0.0026669999999739957,0
0,2,event,833,0.002165999999988344,0
0,2,event,834,0.002040999999962878,0
0,2,event,835,0.002124999999978172,0
0,2,event,836,0.002207999999995991,0
0,2,event,837,0.002165999999988344,0
0,2,event,838,0.002499999999940883,0
0,2,event,839,0.002207999999995991,0
0,2,event,840,0.016875000000027285,2
0,2,event,841,0.0031249999999545253,0
0,2,event,842,0.0030840000000580403,0
0,2,event,843,0.002124999999978172,0
0,2,event,844,0.0020839999999680003,0
0,2,event,845,0.002250000000003638,0
0,2,event,846,0.002333000000021457,0
0,2,event,847,0.0028340000000071086,0
0,2,event,848,0.003207999999972344,0
0,2,event,849,0.002375000000029104,0
0,2,event,850,0.0020419999999603533,0
0,2,event,851,0.002292000000011285,0
0,2,event,852,0.003249999999979991,0
0,2,event,853,0.002333000000021457,0
0,2,event,854,0.0031249999999545253,0
0,2,event,855,0.002165999999988344,0
0,2,event,856,0.002250000000003638,0
0,2,event,857,0.0028749999999035936,0
0,2,event,858,0.002125000000091859,0
0,2,event,859,0.002125000000091859,0
0,2,event,860,0.002292000000011285,0
0,2,event,861,0.002208999999993466,0
0,2,event,862,0.003375000000005457,0
0,2,event,863,0.0027499999999918145,0
0,2,event,864,0.002207999999995991,0
0,2,event,865,0.0025409999999510546,0
0,2,event,866,0.002165999999988344,0
0,2,event,867,0.002333000000021457,0
0,2,event,868,0.0026249999999663487,0
0,2,event,869,0.002459000000044398,0
0,2,event,870,0.002207999999995991,0
0,2,event,871,0.0029170000000249274,0
0,2,event,872,0.002250000000003638,0
0,2,event,873,0.0030419999999367064,0
0,2,event,874,0.002000000000066393,0
0,2,event,875,0.002290999999900123,0
0,2,event,876,0.002250000000003638,0
0,2,event,877,0.002207999999995991,0
0,2,event,878,0.003458000000023276,0
0,2,event,879,0.002334000000018932,0
0,2,event,880,0.0029579999999214124,0
0,2,event,881,0.0028750000000172804,0
0,2,event,882,0.002165999999988344,0
0,2,event,883,0.0027919999999994616,0
0,2,event,884,0.002416999999923064,0
0,2,event,885,0.002208999999993466,0
0,2,event,886,0.002124999999978172,0
0,2,event,887,0.0037080000000742075,0
0,2,event,888,0.002250000000003638,0
0,2,event,889,0.00254199999994853,0
0,2,event,890,0.002166999999985819,0
0,2,event,891,0.002166999999985819,0
0,2,event,892,0.002124999999978172,0
0,2,event,893,0.002165999999988344,0
0,2,event,894,0.0027910000000019863,0
0,2,event,895,0.00233299999990777,0
0,2,event,896,0.00204200000007404,0
0,2,event,897,0.0020419999999603533,0
0,2,event,898,0.002208999999993466,0
0,2,event,899,0.0028749999999035936,0
0,2,event,900,0.016334000000028936,2
0,2,event,901,0.0031669999999621723,0
0,2,event,902,0.002333000000021457,0
0,2,event,903,0.003040999999939231,0
0,2,event,904,0.002124999999978172,0
0,2,event,905,0.002417000000036751,0
0,2,event,906,0.002166999999985819,0
0,2,event,907,0.002250000000003638,0
0,2,event,908,0.002165999999988344,0
0,2,event,909,0.0026249999999663487,0
0,2,event,910,0.002125000000091859,0
0,2,event,911,0.002208999999993466,0
0,2,event,912,0.002292000000011285,0
0,2,event,913,0.0020839999999680003,0
0,2,event,914,0.0028750000000172804,0
0,2,event,915,0.002165999999988344,0
0,2,event,916,0.002207999999995991,0
0,2,event,917,0.0020839999999680003,0
0,2,event,918,0.002417000000036751,0
0,2,event,919,0.003917000000001281,0
0,2,event,920,0.0030000000000427463,0
0,2,event,921,0.002250000000003638,0
0,2,event,922,0.002166999999985819,0
0,2,event,923,0.002292000000011285,0
0,2,event,924,0.0030000000000427463,0
0,2,event,925,0.002082999999970525,0
0,2,event,926,0.002166999999985819,0
0,2,event,927,0.002207999999995991,0
0,2,event,928,0.002250000000003638,0
0,2,event,929,0.002040999999962878,0
0,2,event,930,0.0027079999999841675,0
0,2,event,931,0.002292000000011285,0
0,2,event,932,0.002250000000003638,0
0,2,event,933,0.002290999999900123,0
0,2,event,934,0.002125000000091859,0
0,2,event,935,0.0026670000000876826,0
0,2,event,936,0.002207999999995991,0
0,2,event,937,0.002207999999995991,0
0,2,event,938,0.002292000000011285,0
0,2,event,939,0.0027089999999816428,0
0,2,event,940,0.0026249999999663487,0
0,2,event,941,0.002292000000011285,0
0,2,event,942,0.002124999999978172,0
0,2,event,943,0.002207999999995991,0
0,2,event,944,0.002208999999993466,0
0,2,event,945,0.0027919999999994616,0
0,2,event,946,0.0026669999999739957,0
0,2,event,947,0.002166999999985819,0
0,2,event,948,0.0026669999999739957,0
0,2,event,949,0.002166999999985819,0
0,2,event,950,0.002583999999956177,0
0,2,event,951,0.0027079999999841675,0
0,2,event,952,0.002207999999995991,0
0,2,event,953,0.002166999999985819,0
0,2,event,954,0.0029170000000249274,0
0,2,event,955,0.0026670000000876826,0
0,2,event,956,0.0027500000001055014,0
0,2,event,957,0.002250000000003638,0
0,2,event,958,0.002207999999995991,0
0,2,event,959,0.002124999999978172,0
0,2,event,960,0.024833000000057837,2
0,2,event,961,0.003375000000005457,0
0,2,event,962,0.0028330000000096334,0
0,2,event,963,0.002250000000003638,0
0,2,event,964,0.002499999999940883,0
0,2,event,965,0.003249999999979991,0
0,2,event,966,0.002165999999988344,0
0,2,event,967,0.002207999999995991,0
0,2,event,968,0.002250000000003638,0
0,2,event,969,0.002292000000011285,0
0,2,event,970,0.0026669999999739957,0
0,2,event,971,0.002417000000036751,0
0,2,event,972,0.002125000000091859,0
0,2,event,973,0.0022910000000138098,0
0,2,event,974,0.00204200000007404,0
0,2,event,975,0.002375000000029104,0
0,2,event,976,0.0029590000000325745,0
0,2,event,977,0.002208999999993466,0
0,2,event,978,0.002124999999978172,0
0,2,event,979,0.002166999999985819,0
0,2,event,980,0.002124999999978172,0
0,2,event,981,0.0027919999999994616,0
0,2,event,982,0.002207999999995991,0
0,2,event,983,0.0022910000000138098,0
0,2,event,984,0.002082999999970525,0
0,2,event,985,0.002334000000018932,0
0,2,event,986,0.0027919999999994616,0
0,2,event,987,0.0030419999999367064,0
0,2,event,988,0.002166999999985819,0
0,2,event,989,0.002124999999978172,0
0,2,event,990,0.002207999999995991,0
0,2,event,991,0.0027919999999994616,0
0,2,event,992,0.002292000000011285,0
0,2,event,993,0.002250000000003638,0
0,2,event,994,0.002207999999995991,0
0,2,event,995,0.002249999999889951,0
0,2,event,996,0.002125000000091859,0
0,2,event,997,0.0027919999999994616,0
0,2,event,998,0.0021660000001020308,0
0,2,event,999,0.002207999999995991,0
0,2,burst,0,0.055957999999918684,14
0,2,burst,1,0.050915999999915584,14
0,2,burst,2,0.05079200000000128,14
0,2,burst,3,0.05037499999980355,14
0,2,burst,4,0.05199999999990723,14
0,2,burst,5,0.05025000000000546,14
0,2,burst,6,0.05087499999990541,14
0,2,burst,7,0.05108399999994617,14
0,2,burst,8,0.05712500000004184,14
0,2,burst,9,0.054082999999991443,14
0,2,burst,10,0.05062499999985448,14
0,2,burst,11,0.051584000000048036,14
0,2,burst,12,21.620584000000008,14
0,2,burst,13,7.960458000000017,14
0,2,burst,14,0.11345800000003692,14
0,2,burst,15,0.057332999999971435,14
0,2,burst,16,0.059333000000151515,14
0,2,burst,17,0.0524159999999938,14
0,2,burst,18,0.05329200000005585,14
0,2,burst,19,0.05124999999998181,14
0,2,burst,20,0.05550000000016553,14
0,2,burst,21,0.05312499999990905,14
0,2,burst,22,0.051791999999977634,14
0,2,burst,23,0.051124999999956344,14
0,2,burst,24,0.05216599999994287,14
0,2,burst,25,0.05162500000005821,14
0,2,burst,26,0.058209000000033484,14
0,2,burst,27,0.05158399999982066,14
0,2,burst,28,0.05237499999998363,14
0,2,burst,29,5.273042000000032,14
0,2,burst,30,0.1772080000000642,14
0,2,burst,31,0.13691599999992832,14
0,2,burst,32,0.14512500000000728,14
0,2,burst,33,0.1323330000000169,14
0,2,burst,34,0.13304100000004837,14
0,2,burst,35,0.1307499999998072,14
0,2,burst,36,0.13674999999989268,14
0,2,burst,37,0.1298340000000735,14
0,2,burst,38,0.13245800000004238,14
0,2,burst,39,4.256041000000096,14
0,2,burst,40,0.08329100000014478,14
0,2,burst,41,0.06100000000014916,14
0,2,burst,42,0.06750000000010914,14
0,2,burst,43,0.05841699999996308,14
0,2,burst,44,0.06437499999992724,14
0,2,burst,45,0.058875000000170985,14
0,2,burst,46,0.05812500000001819,14
0,2,burst,47,0.06154199999991761,14
0,2,burst,48,0.056375000000116415,14
0,2,burst,49,0.05670800000007148,14
0,2,burst,50,0.0597090000001117,14
0,2,burst,51,0.05416700000000674,14
0,2,burst,52,0.061040999999931955,14
0,2,burst,53,0.058708000000024185,14
0,2,burst,54,0.06270899999981339,14
0,2,burst,55,0.05537500000014006,14
0,2,burst,56,0.05379199999993034,14
0,2,burst,57,0.055625000000190994,14
0,2,burst,58,0.06466699999987213,14
0,2,burst,59,0.06545799999980773,14
0,2,burst,60,0.05237499999998363,14
0,2,burst,61,0.05600000000004002,14
0,2,burst,62,0.05791699999986122,14
0,2,burst,63,0.08037500000000364,14
0,2,burst,64,0.056125000000065484,14
0,2,burst,65,0.05499999999983629,14
0,2,burst,66,0.05424999999991087,14
0,2,burst,67,0.05841699999996308,14
0,2,burst,68,0.052000000000134605,14
0,2,burst,69,0.056166999999959444,14
0,2,burst,70,0.055458000000044194,14
0,2,burst,71,0.05887499999994361,14
0,2,burst,72,0.060124999999970896,14
0,2,burst,73,0.05199999999990723,14
0,2,burst,74,0.05424999999991087,14
0,2,burst,75,0.0546670000001086,14
0,2,burst,76,0.05791599999997743,14
0,2,burst,77,0.06037500000002183,14
0,2,burst,78,0.0525830000001406,14
0,2,burst,79,0.057624999999916326,14
0,2,burst,80,0.05670800000007148,14
0,2,burst,81,0.05787499999996726,14
0,2,burst,82,0.053875000000061846,14
0,2,burst,83,0.055292000000008557,14
0,2,burst,84,0.05791700000008859,14
0,2,burst,85,0.055916000000024724,14
0,2,burst,86,0.054124999999885404,14
0,2,burst,87,0.059874999999919964,14
0,2,burst,88,0.05379199999993034,14
0,2,burst,89,0.05729199999996126,14
0,2,burst,90,0.05333399999994981,14
0,2,burst,91,0.07104200000003402,14
0,2,burst,92,0.05645800000002055,14
0,2,burst,93,0.07191599999987375,14
0,2,burst,94,0.05404199999998127,14
0,2,burst,95,0.05483400000002803,14
0,2,burst,96,0.06158399999981157,14
0,2,burst,97,0.06062500000007276,14
0,2,burst,98,0.051874999999881766,14
0,2,burst,99,0.060374999999794454,14
0,2,burst,100,0.05679200000008677,14
0,2,burst,101,0.05816599999980099,14
0,2,burst,102,0.054542000000083135,14
0,2,burst,103,0.05591599999979735,14
0,2,burst,104,0.05587500000001455,14
0,2,burst,105,0.055959000000029846,14
0,2,burst,106,0.060083999999960724,14
0,2,burst,107,0.05012499999997999,14
0,2,burst,108,0.05979200000001583,14
0,2,burst,109,0.05254100000001927,14
0,2,burst,110,0.06333300000005693,14
0,2,burst,111,0.05116700000007768,14
0,2,burst,112,0.060124999999970896,14
0,2,burst,113,0.05262499999980719,14
0,2,burst,114,0.06083300000000236,14
0,2,burst,115,0.05679099999997561,14
0,2,burst,116,0.05966699999999037,14
0,2,burst,117,0.058708999999907974,14
0,2,burst,118,0.05329200000005585,14
0,2,burst,119,0.05379100000004655,14
0,2,burst,120,129.9565,14
0,2,burst,121,0.4909589999999753,14
0,2,burst,122,0.22020799999995688,14
0,2,burst,123,0.15845800000010968,14
0,2,burst,124,0.14216699999997218,14
0,2,burst,125,0.13741699999991397,14
0,2,burst,126,0.13799999999991996,14
0,2,burst,127,0.13845800000012787,14
0,2,burst,128,0.13745799999992414,14
0,2,burst,129,0.13599999999996726,14
0,2,burst,130,0.13562499999989086,14
0,2,burst,131,0.1506249999999909,14
0,2,burst,132,0.14783299999999144,14
0,2,burst,133,0.13645899999983158,14
0,2,burst,134,0.1401250000001255,14
0,2,burst,135,0.1375829999999496,14
0,2,burst,136,0.13341700000000856,14
0,2,burst,137,0.1332079999999678,14
0,2,burst,138,0.13266599999997197,14
0,2,burst,139,0.13458300000002055,14
0,2,burst,140,0.13324999999986176,14
0,2,burst,141,0.13333299999999326,14
0,2,burst,142,0.13374999999996362,14
0,2,burst,143,0.1326249999999618,14
0,2,burst,144,0.13020800000003874,14
0,2,burst,145,0.13149999999995998,14
0,2,burst,146,0.13150000000018736,14
0,2,burst,147,0.13254100000017388,14
0,2,burst,148,0.14770799999996598,14
0,2,burst,149,0.1321250000000873,14
0,2,burst,150,0.13333299999999326,14
0,2,burst,151,0.1310840000001008,14
0,2,burst,152,0.13049999999998363,14
0,2,burst,153,0.13083399999982248,14
0,2,burst,154,0.13079199999992852,14
0,2,burst,155,0.12950000000000728,14
0,2,burst,156,0.13200000000006185,14
0,2,burst,157,0.12929200000007768,14
0,2,burst,158,0.13108299999998962,14
0,2,burst,159,0.12945800000011332,14
0,2,burst,160,0.1298340000000735,14
0,2,burst,161,0.13254200000005767,14
0,2,burst,162,0.13425000000006548,14
0,2,burst,163,0.13695799999982228,14
0,2,burst,164,0.12933399999997164,14
0,2,burst,165,0.13083300000016607,14
0,2,burst,166,0.13841600000000653,14
0,2,burst,167,0.13133300000004056,14
0,2,burst,168,0.1287089999998443,14
0,2,burst,169,0.12858299999993505,14
0,2,burst,170,0.13166599999999562,14
0,2,burst,171,0.1434159999998883,14
0,2,burst,172,0.12887500000010732,14
0,2,burst,173,0.12950000000000728,14
0,2,burst,174,0.13216699999998127,14
0,2,burst,175,0.1281250000001819,14
0,2,burst,176,0.1310000000000855,14
0,2,burst,177,0.13483300000007148,14
0,2,burst,178,0.13341600000012477,14
0,2,burst,179,0.12841699999989942,14
0,2,burst,180,0.1293749999999818,14
0,2,burst,181,0.12758400000006986,14
0,2,burst,182,0.13837499999999636,14
0,2,burst,183,0.12870900000007168,14
0,2,burst,184,0.12812499999995453,14
0,2,burst,185,0.1314589999999498,14
0,2,burst,186,0.13362499999993815,14
0,2,burst,187,0.12849999999980355,14
0,2,burst,188,0.12979100000006838,14
0,2,burst,189,0.12950000000000728,14
0,2,burst,190,0.12866700000017772,14
0,2,burst,191,0.13316699999995762,14
0,2,burst,192,0.1540829999999005,14
0,2,burst,193,0.1318340000000262,14
0,2,burst,194,0.1290000000001328,14
0,2,burst,195,0.12850000000003092,14
0,2,burst,196,0.12912499999993088,14
0,2,burst,197,0.1305419999998776,14
0,2,burst,198,0.12875000000008185,14
0,2,burst,199,0.12762499999985266,14
0,2,burst,200,0.13437499999986358,14
0,2,burst,201,0.13008399999989706,14
0,2,burst,202,0.12654199999997218,14
0,2,burst,203,0.12962500000003274,14
0,2,burst,204,0.13000000000010914,14
0,2,burst,205,0.13191699999993034,14
0,2,burst,206,0.13341700000000856,14
0,2,burst,207,0.12850000000003092,14
0,2,burst,208,0.12950000000000728,14
0,2,burst,209,0.13087500000006003,14
0,2,burst,210,0.12770900000009533,14
0,2,burst,211,0.1273750000000291,14
0,2,burst,212,0.13037499999995816,14
0,2,burst,213,0.13037499999995816,14
0,2,burst,214,0.128832999999986,14
0,2,burst,215,0.128832999999986,14
0,2,burst,216,0.12979199999995217,14
0,2,burst,217,0.13483399999995527,14
0,2,burst,218,0.12983299999996234,14
0,2,burst,219,0.12979100000006838,14
0,2,burst,220,0.13387499999998909,14
0,2,burst,221,0.13195800000016789,14
0,2,burst,222,0.13229099999989558,14
0,2,burst,223,0.12987500000008367,14
0,2,burst,224,0.12783399999989342,14
0,2,burst,225,0.14741700000013225,14
0,2,burst,226,0.12691700000004857,14
0,2,burst,227,0.1271670000000995,14
0,2,burst,228,0.1283330000001115,14
0,2,burst,229,0.13166599999999562,14
0,2,burst,230,0.12866600000006656,14
0,2,burst,231,0.12725000000000364,14
0,2,burst,232,0.1274590000000444,14
0,2,burst,233,0.1318340000000262,14
0,2,burst,234,0.13691700000003948,14
0,2,burst,235,0.12941699999987577,14
0,2,burst,236,0.13012499999990723,14
0,2,burst,237,0.13212499999985994,14
0,2,burst,238,0.12866699999995035,14
0,2,burst,239,0.12958400000002257,14
0,2,burst,240,0.13020899999992253,14
0,2,burst,241,0.1286250000000564,14
0,2,burst,242,0.12887499999987995,14
0,2,burst,243,0.12858299999993505,14
0,2,burst,244,0.13200000000006185,14
0,2,burst,245,0.12816700000007586,14
0,2,burst,246,0.12841699999989942,14
0,2,burst,247,0.12924999999995634,14
0,2,burst,248,0.11479199999985212,14
0,2,burst,249,0.09674999999992906,14
0,2,burst,250,0.0917500000000473,14
0,2,burst,251,70.33158299999991,14
0,2,burst,252,0.2314160000000811,14
0,2,burst,253,0.23695800000018608,14
0,2,burst,254,0.1664579999999205,14
0,2,burst,255,3.2817079999999805,14
0,2,burst,256,0.4172080000000733,14
0,2,burst,257,1.0222089999999753,14
0,2,burst,258,1.2322920000001432,14
0,2,burst,259,0.43737499999997453,14
0,2,burst,260,0.7274160000001757,14
0,2,burst,261,0.21470900000008442,14
0,2,burst,262,0.06262500000002547,14
0,2,burst,263,0.06458299999985684,14
0,2,burst,264,0.05716700000016317,14
0,2,burst,265,0.05258400000002439,14
0,2,burst,266,0.05408399999987523,14
0,2,burst,267,0.05258400000002439,14
0,2,burst,268,0.05291699999997945,14
0,2,burst,269,0.06220800000005511,14
0,2,burst,270,0.053625000000010914,14
0,2,burst,271,0.05195800000001327,14
0,2,burst,272,0.05404199999998127,14
0,2,burst,273,0.05245799999988776,14
0,2,burst,274,0.3078329999998459,14
0,2,burst,275,0.06387499999982538,14
0,2,burst,276,0.05808300000012423,14
0,2,burst,277,0.055708000000095126,14
0,2,burst,278,0.052500000000009095,14
0,2,burst,279,0.05329200000005585,14
0,2,burst,280,0.05441599999994651,14
0,2,burst,281,0.0525830000001406,14
0,2,burst,282,0.05370800000014242,14
0,2,burst,283,0.05108399999994617,14
0,2,burst,284,0.0519170000000031,14
0,2,burst,285,0.05166600000006838,14
0,2,burst,286,0.06137499999999818,14
0,2,burst,287,0.05170800000018971,14
0,2,burst,288,0.05270799999993869,14
0,2,burst,289,0.05083300000001145,14
0,2,burst,290,0.05099999999993088,14
0,2,burst,291,0.052000000000134605,14
0,2,burst,292,11.268541000000141,14
0,2,burst,293,0.17108299999995324,14
0,2,burst,294,0.12904200000002675,14
0,2,burst,295,0.11933299999986957,14
0,2,burst,296,0.11662500000011278,14
0,2,burst,297,0.11229200000002493,14
0,2,burst,298,0.11254200000007586,14
0,2,burst,299,0.11312500000008185,14
0,2,burst,300,0.11050000000000182,14
0,2,burst,301,0.1118749999998272,14
0,2,burst,302,0.11125000000015461,14
0,2,burst,303,0.11570899999992434,14
0,2,burst,304,0.12741699999992306,14
0,2,burst,305,0.11158399999999347,14
0,2,burst,306,0.11829199999988305,14
0,2,burst,307,0.11283400000002075,14
0,2,burst,308,0.11554200000000492,14
0,2,burst,309,0.11187500000005457,14
0,2,burst,310,0.11112500000012915,14
0,2,burst,311,0.11304199999995035,14
0,2,burst,312,0.11166700000012497,14
0,2,burst,313,0.11033300000008239,14
0,2,burst,314,0.11045799999988049,14
0,2,burst,315,0.11379100000021936,14
0,2,burst,316,0.11362500000018372,14
0,2,burst,317,0.10983399999986432,14
0,2,burst,318,0.11216699999999946,14
0,2,burst,319,0.11133299999983137,14
0,2,burst,320,0.11287500000003092,14
0,2,burst,321,0.12445800000000418,14
0,2,burst,322,0.1144170000000031,14
0,2,burst,323,0.11562499999990905,14
0,2,burst,324,0.1101659999999356,14
0,2,burst,325,0.11079100000006292,14
0,2,burst,326,0.10920800000008057,14
0,2,burst,327,0.12041599999997743,14
0,2,burst,328,0.11108300000000781,14
0,2,burst,329,0.11066700000014862,14
0,2,burst,330,0.1113749999999527,14
0,2,burst,331,0.11091600000008839,14
0,2,burst,332,0.10962499999982356,14
0,2,burst,333,0.11062500000002728,14
0,2,burst,334,0.10962500000005093,14
0,2,burst,335,0.1164169999999558,14
0,2,burst,336,0.11050000000000182,14
0,2,burst,337,0.11066699999992125,14
0,2,burst,338,0.11516699999992852,14
0,2,burst,339,0.11120899999991707,14
0,2,burst,340,0.11212499999987813,14
0,2,burst,341,0.10933299999987867,14
0,2,burst,342,0.10854199999994307,14
0,2,burst,343,0.10816699999986668,14
0,2,burst,344,0.10720899999978428,14
0,2,burst,345,0.109375,14
0,2,burst,346,0.11000000000012733,14
0,2,burst,347,0.10758399999986068,14
0,2,burst,348,0.1091670000000704,14
0,2,burst,349,0.11404200000015408,14
0,2,burst,350,0.10924999999997453,14
0,2,burst,351,0.10841699999991761,14
0,2,burst,352,0.10887499999989814,14
0,2,burst,353,0.10979100000008657,14
0,2,burst,354,0.11045800000010786,14
0,2,burst,355,0.11570899999992434,14
0,2,burst,356,0.11050000000000182,14
0,2,burst,357,0.10812499999997272,14
0,2,burst,358,0.10862500000007458,14
0,2,burst,359,0.10908300000005511,14
0,2,burst,360,0.10983299999998053,14
0,2,burst,361,0.1069159999999556,14
0,2,burst,362,0.109958000000006,14
0,2,burst,363,0.11349999999993088,14
0,2,burst,364,0.11554200000000492,14
0,2,burst,365,0.10887500000012551,14
0,2,burst,366,0.10866699999996854,14
0,2,burst,367,0.10950000000002547,14
0,2,burst,368,0.11016700000004676,14
0,2,burst,369,0.10991699999999582,14
0,2,burst,370,0.11770799999999326,14
0,2,burst,371,0.12904200000002675,14
0,2,burst,372,0.1296669999999267,14
0,2,burst,373,0.13454200000001038,14
0,2,burst,374,0.1295829999999114,14
0,2,burst,375,0.12799999999992906,14
0,2,burst,376,0.12941599999999198,14
0,2,burst,377,0.12683300000003328,14
0,2,burst,378,0.13399999999978718,14
0,2,burst,379,0.1297500000000582,14
0,2,burst,380,0.12970900000004804,14
0,2,burst,381,0.12920800000006238,14
0,2,burst,382,0.12916599999994105,14
0,2,burst,383,0.12808300000006057,14
0,2,burst,384,0.13187500000003638,14
0,2,burst,385,0.12912499999993088,14
0,2,burst,386,0.13287500000001273,14
0,2,burst,387,0.12725000000000364,14
0,2,burst,388,0.13087499999983265,14
0,2,burst,389,0.13458300000002055,14
0,2,burst,390,0.1335830000000442,14
0,2,burst,391,0.12924999999995634,14
0,2,burst,392,0.13408299999991868,14
0,2,burst,393,0.1303330000000642,14
0,2,burst,394,0.12870900000007168,14
0,2,burst,395,0.13458300000002055,14
0,2,burst,396,0.1293749999999818,14
0,2,burst,397,0.13170800000011695,14
0,2,burst,398,0.12933299999986048,14
0,2,burst,399,0.12950000000000728,14
0,2,burst,400,0.12804099999993923,14
0,2,burst,401,0.1296660000000429,14
0,2,burst,402,0.12704099999996288,14
0,2,burst,403,0.13020800000003874,14
0,2,burst,404,0.12866699999995035,14
0,2,burst,405,0.13020899999992253,14
0,2,burst,406,0.12854200000015226,14
0,2,burst,407,0.13762499999984357,14
0,2,burst,408,0.1300420000000031,14
0,2,burst,409,0.1313750000001619,14
0,2,burst,410,0.1277500000001055,14
0,2,burst,411,0.12870799999996052,14
0,2,burst,412,0.13095900000007532,14
0,2,burst,413,0.13029200000005403,14
0,2,burst,414,0.12820899999996982,14
0,2,burst,415,0.12587500000017826,14
0,2,burst,416,0.11391600000001745,14
0,2,burst,417,0.11045800000010786,14
0,2,burst,418,0.10779099999990649,14
0,2,burst,419,0.10766699999999219,14
0,2,burst,420,0.11004200000002129,14
0,2,burst,421,0.11262499999997999,14
0,2,burst,422,0.10795899999993708,14
0,2,burst,423,0.10708399999998619,14
0,2,burst,424,0.10862500000007458,14
0,2,burst,425,0.1145409999999174,14
0,2,burst,426,0.11149999999997817,14
0,2,burst,427,0.11350000000015825,14
0,2,burst,428,0.10766599999988102,14
0,2,burst,429,0.11008299999980409,14
0,2,burst,430,0.10762500000009823,14
0,2,burst,431,0.10841699999991761,14
0,2,burst,432,0.10820799999987685,14
0,2,burst,433,0.11079199999994671,14
0,2,burst,434,0.1068750000001728,14
0,2,burst,435,0.11237499999992906,14
0,2,burst,436,0.10845800000015515,14
0,2,burst,437,0.10966599999983373,14
0,2,burst,438,0.1086249999998472,14
0,2,burst,439,0.107291000000032,14
0,2,burst,440,0.10999999999989996,14
0,2,burst,441,0.10687499999994543,14
0,2,burst,442,0.10887500000012551,14
0,2,burst,443,0.11324999999987995,14
0,2,burst,444,0.11054199999989578,14
0,2,burst,445,0.10904199999981756,14
0,2,burst,446,0.10795900000016445,14
0,2,burst,447,0.10754199999996672,14
0,2,burst,448,0.10787500000014916,14
0,2,burst,449,0.10891700000001947,14
0,2,burst,450,0.12829199999987395,14
0,2,burst,451,0.11037499999997635,14
0,2,burst,452,0.11112500000012915,14
0,2,burst,453,0.10987500000010186,14
0,2,burst,454,0.10875000000010004,14
0,2,burst,455,0.10904200000004494,14
0,2,burst,456,0.109375,14
0,2,burst,457,0.1097500000000764,14
0,2,burst,458,0.10712499999999636,14
0,2,burst,459,0.11262500000020736,14
0,2,burst,460,0.12837500000000546,14
0,2,burst,461,0.11033300000008239,14
0,2,burst,462,0.10820800000010422,14
0,2,burst,463,0.1095829999999296,14
0,2,burst,464,0.11712499999998727,14
0,2,burst,465,0.12387499999999818,14
0,2,burst,466,0.1094580000001315,14
0,2,burst,467,0.10774999999989632,14
0,2,burst,468,0.11020899999994072,14
0,2,burst,469,0.10970799999995506,14
0,2,burst,470,0.1095829999999296,14
0,2,burst,471,0.10874999999987267,14
0,2,burst,472,0.11741699999993216,14
0,2,burst,473,0.10933299999987867,14
0,2,burst,474,0.12924999999995634,14
0,2,burst,475,0.11066699999992125,14
0,2,burst,476,0.124416999999994,14
0,2,burst,477,0.12354200000004312,14
0,2,burst,478,0.11029099999996106,14
0,2,burst,479,0.12175000000002001,14
0,2,burst,480,0.1112079999998059,14
0,2,burst,481,0.11108300000000781,14
0,2,burst,482,0.10670900000013717,14
0,2,burst,483,0.10858299999995324,14
0,2,burst,484,0.11520800000016607,14
0,2,burst,485,0.10683300000005147,14
0,2,burst,486,0.10804200000006858,14
0,2,burst,487,0.11316699999997581,14
0,2,burst,488,0.10970900000006623,14
0,2,burst,489,0.10666700000001583,14
0,2,burst,490,0.1072079999999005,14
0,2,burst,491,0.10791599999993196,14
0,2,burst,492,0.10829100000000835,14
0,2,burst,493,0.11712499999998727,14
0,2,burst,494,0.10966700000017227,14
0,2,burst,495,0.10895899999991343,14
0,2,burst,496,0.11483300000008967,14
0,2,burst,497,0.10745799999995143,14
0,2,burst,498,0.10820899999998801,14
0,2,burst,499,0.11387500000000728,14
0,2,burst,500,0.10900000000015098,14
0,2,burst,501,0.10895800000002964,14
0,2,burst,502,0.11066600000003746,14
0,2,burst,503,0.10729200000014316,14
0,2,burst,504,0.10829200000011951,14
0,2,burst,505,0.11283299999990959,14
0,2,burst,506,0.10858300000018062,14
0,2,burst,507,0.10979100000008657,14
0,2,burst,508,0.11312500000008185,14
0,2,burst,509,0.12016700000003766,14
0,2,burst,510,0.10733400000003712,14
0,2,burst,511,0.11358299999983501,14
0,2,burst,512,0.11087500000007822,14
0,2,burst,513,0.11616600000002109,14
0,2,burst,514,0.10787500000014916,14
0,2,burst,515,0.10904200000004494,14
0,2,burst,516,0.11650000000008731,14
0,2,burst,517,0.10795800000005329,14
0,2,burst,518,0.10674999999991996,14
0,2,burst,519,0.11016700000004676,14
0,2,burst,520,0.11370899999997164,14
0,2,burst,521,0.11400000000003274,14
0,2,burst,522,0.11379099999999198,14
0,2,burst,523,0.10725000000002183,14
0,2,burst,524,0.1149159999999938,14
0,2,burst,525,0.1089999999999236,14
0,2,burst,526,0.10858399999983703,14
0,2,burst,527,0.11991699999998673,14
0,2,burst,528,0.10933299999987867,14
0,2,burst,529,0.10725000000002183,14
0,2,burst,530,0.1092909999999847,14
0,2,burst,531,0.114165999999841,14
0,2,burst,532,0.10725000000002183,14
0,2,burst,533,0.11245799999983319,14
0,2,burst,534,0.10900000000015098,14
0,2,burst,535,0.11804199999983211,14
0,2,burst,536,0.1146249999999327,14
0,2,burst,537,9.385999999999967,14
0,2,burst,538,0.21670800000015333,14
0,2,burst,539,13.699207999999999,14
0,2,burst,540,0.06412500000010368,14
0,2,burst,541,0.05695799999989504,14
0,2,burst,542,0.06058400000006259,14
0,2,burst,543,0.056125000000065484,14
0,2,burst,544,0.052957999999989624,14
0,2,burst,545,0.057084000000031665,14
0,2,burst,546,0.0652500000001055,14
0,2,burst,547,0.0522080000000642,14
0,2,burst,548,0.05195899999989706,14
0,2,burst,549,0.0522080000000642,14
0,2,burst,550,0.055582999999842286,14
0,2,burst,551,0.054374999999936335,14
0,2,burst,552,0.052290999999968335,14
0,2,burst,553,0.055292000000008557,14
0,2,burst,554,0.053625000000010914,14
0,2,burst,555,8.201792000000069,14
0,2,burst,556,0.15708300000005693,14
0,2,burst,557,0.16887499999984357,14
0,2,burst,558,0.155666999999994,14
0,2,burst,559,0.14199999999982538,14
0,2,burst,560,0.14037499999994907,14
0,2,burst,561,10.367124999999987,14
0,2,burst,562,0.1139589999997952,14
0,2,burst,563,0.07425000000012005,14
0,2,burst,564,0.060000000000172804,14
0,2,burst,565,0.07816600000001017,14
0,2,burst,566,0.056458999999904336,14
0,2,burst,567,0.057958000000098764,14
0,2,burst,568,0.05966600000010658,14
0,2,burst,569,0.06154200000014498,14
0,2,burst,570,0.05774999999994179,14
0,2,burst,571,0.05625000000009095,14
0,2,burst,572,0.0618339999998625,14
0,2,burst,573,0.058917000000064945,14
0,2,burst,574,0.05654200000003584,14
0,2,burst,575,0.055708999999978914,14
0,2,burst,576,0.05899999999996908,14
0,2,burst,577,0.05512500000008913,14
0,2,burst,578,0.05695800000012241,14
0,2,burst,579,0.05695800000012241,14
0,2,burst,580,0.06270800000015697,14
0,2,burst,581,0.05562499999996362,14
0,2,burst,582,0.057958000000098764,14
0,2,burst,583,0.05337499999995998,14
0,2,burst,584,0.055959000000029846,14
0,2,burst,585,0.05737500000009277,14
0,2,burst,586,0.06687499999998181,14
0,2,burst,587,0.05841699999996308,14
0,2,burst,588,0.058167000000139524,14
0,2,burst,589,0.05749999999989086,14
0,2,burst,590,0.060582999999951426,14
0,2,burst,591,0.055041000000073836,14
0,2,burst,592,0.05566699999985758,14
0,2,burst,593,0.055292000000008557,14
0,2,burst,594,6.393833000000086,14
0,2,burst,595,0.23579200000017408,14
0,2,burst,596,0.2444590000000062,14
0,2,burst,597,0.09508400000004258,14
0,2,burst,598,0.06087499999989632,14
0,2,burst,599,0.056417000000010376,14
0,2,burst,600,0.15283399999998437,14
0,2,burst,601,0.1879999999998745,14
0,2,burst,602,0.2712909999997919,14
0,2,burst,603,0.14791600000012295,14
0,2,burst,604,0.13875000000007276,14
0,2,burst,605,0.06179199999996854,14
0,2,burst,606,0.06204200000001947,14
0,2,burst,607,0.054333000000042375,14
0,2,burst,608,0.055749999999989086,14
0,2,burst,609,0.056375000000116415,14
0,2,burst,610,0.05379100000004655,14
0,2,burst,611,0.05491699999993216,14
0,2,burst,612,0.05654099999992468,14
0,2,burst,613,0.239292000000205,14
0,2,burst,614,0.14170899999999165,14
0,2,burst,615,0.24729200000001583,14
0,2,burst,616,0.22229200000015226,14
0,2,burst,617,0.07625000000007276,14
0,2,burst,618,0.05662499999993997,14
0,2,burst,619,0.06887500000016189,14
0,2,burst,620,0.055540999999948326,14
0,2,burst,621,0.06295799999998053,14
0,2,burst,622,0.05854199999998855,14
0,2,burst,623,0.8114579999999023,14
0,2,burst,624,0.055499999999938154,14
0,2,burst,625,0.05395800000019335,14
0,2,burst,626,0.05116700000007768,14
0,2,burst,627,0.052957999999989624,14
0,2,burst,628,0.09533299999998235,14
0,2,burst,629,0.46708300000000236,14
0,2,burst,630,0.07583399999998619,14
0,2,burst,631,0.16241700000000492,14
0,2,burst,632,0.14541600000006838,14
0,2,burst,633,0.1433750000001055,14
0,2,burst,634,5.179750000000013,14
0,2,burst,635,0.12999999999988177,14
0,2,burst,636,9.939417000000049,14
0,2,burst,637,0.07320899999990615,14
0,2,burst,638,0.0628750000000764,14
0,2,burst,639,0.06629099999986465,14
0,2,burst,640,0.058917000000064945,14
0,2,burst,641,0.05700000000001637,14
0,2,burst,642,0.053834000000051674,14
0,2,burst,643,0.054542000000083135,14
0,2,burst,644,0.05858299999999872,14
0,2,burst,645,0.05283299999996416,14
0,2,burst,646,0.05241699999987759,14
0,2,burst,647,0.051791999999977634,14
0,2,burst,648,0.053457999999864114,14
0,2,burst,649,0.05216700000005403,14
0,2,burst,650,57.06162500000005,14
0,2,burst,651,0.2592500000000655,14
0,2,burst,652,0.2078750000000582,14
0,2,burst,653,0.16541699999993398,14
0,2,burst,654,0.14258399999994253,14
0,2,burst,655,0.21554199999991397,14
0,2,burst,656,0.1962079999998423,14
0,2,burst,657,0.1478749999998854,14
0,2,burst,658,0.13483300000007148,14
0,2,burst,659,0.3947499999999309,14
0,2,burst,660,0.32995899999991707,14
0,2,burst,661,0.15637500000002547,14
0,2,burst,662,0.13483300000007148,14
0,2,burst,663,0.141208000000006,14
0,2,burst,664,0.13420799999994415,14
0,2,burst,665,67.47170900000015,14
0,2,burst,666,0.17904100000009748,14
0,2,burst,667,0.14487499999995634,14
0,2,burst,668,0.13779199999999037,14
0,2,burst,669,0.13341700000000856,14
0,2,burst,670,0.136417000000165,14
0,2,burst,671,0.13937499999997272,14
0,2,burst,672,0.1354999999998654,14
0,2,burst,673,0.15083300000014788,14
0,2,burst,674,0.13433299999996962,14
0,2,burst,675,0.1402499999999236,14
0,2,burst,676,0.13258300000006784,14
0,2,burst,677,0.1362500000000182,14
0,2,burst,678,0.13599999999996726,14
0,2,burst,679,0.13666699999998855,14
0,2,burst,680,0.13162499999998545,14
0,2,burst,681,0.13583300000004783,14
0,2,burst,682,0.142708999999968,14
0,2,burst,683,0.13637500000004366,14
0,2,burst,684,0.13175000000001091,14
0,2,burst,685,0.13374999999996362,14
0,2,burst,686,0.13266699999985576,14
0,2,burst,687,0.13474999999993997,14
0,2,burst,688,0.1325419999998303,14
0,2,burst,689,0.13037499999995816,14
0,2,burst,690,0.13212499999985994,14
0,2,burst,691,0.14362499999992906,14
0,2,burst,692,0.13258399999995163,14
0,2,burst,693,0.13154199999985394,14
0,2,burst,694,36.95379200000002,14
0,2,burst,695,0.15799999999990177,14
0,2,burst,696,0.15304100000003018,14
0,2,burst,697,0.1826250000001437,14
0,2,burst,698,1.3274999999998727,14
0,2,burst,699,0.16300000000001091,14
0,2,burst,700,0.13133400000015172,14
0,2,burst,701,0.1305419999998776,14
0,2,burst,702,0.1321659999998701,14
0,2,burst,703,0.1364579999999478,14
0,2,burst,704,0.15599999999994907,14
0,2,burst,705,0.17287499999997635,14
0,2,burst,706,0.13566699999978482,14
0,2,burst,707,0.1286250000000564,14
0,2,burst,708,0.1265410000000884,14
0,2,burst,709,0.15191700000013952,14
0,2,burst,710,0.1302499999999327,14
0,2,burst,711,0.12833299999988412,14
0,2,burst,712,0.12924999999995634,14
0,2,burst,713,0.12912499999993088,14
0,2,burst,714,0.13216699999998127,14
0,2,burst,715,0.12750000000005457,14
0,2,burst,716,0.12758400000006986,14
0,2,burst,717,0.12741699999992306,14
0,2,burst,718,0.1286250000000564,14
0,2,burst,719,0.12745799999993324,14
0,2,burst,720,0.126166000000012,14
0,2,burst,721,0.13029099999994287,14
0,2,burst,722,0.1323330000000169,14
0,2,burst,723,0.06408299999998235,14
0,2,burst,724,0.06041699999991579,14
0,2,burst,725,0.0542089999999007,14
0,2,burst,726,0.05479200000013407,14
0,2,burst,727,0.06150000000002365,14
0,2,burst,728,0.054333000000042375,14
0,2,burst,729,0.05149999999980537,14
0,2,burst,730,0.051791000000093845,14
0,2,burst,731,0.0522080000000642,14
0,2,burst,732,0.050875000000132786,14
0,2,burst,733,0.05029199999989942,14
0,2,burst,734,0.05183300000021518,14
0,2,burst,735,0.05099999999993088,14
0,2,burst,736,0.050917000000026746,14
0,2,burst,737,0.05099999999993088,14
0,2,burst,738,0.0542920000000322,14
0,2,burst,739,0.051207999999860476,14
0,2,burst,740,0.050208999999995285,14
0,2,burst,741,0.05066700000020319,14
0,2,burst,742,0.05170799999996234,14
0,2,burst,743,0.05333300000006602,14
0,2,burst,744,0.051832999999987805,14
0,2,burst,745,0.051791999999977634,14
0,2,burst,746,0.0519170000000031,14
0,2,burst,747,0.05016699999987395,14
0,2,burst,748,0.04912500000000364,14
0,2,burst,749,0.05095800000003692,14
0,2,burst,750,0.05166699999995217,14
0,2,burst,751,0.05124999999998181,14
0,2,burst,752,0.05258299999991323,14
0,2,burst,753,0.05216699999982666,14
0,2,burst,754,0.050583000000187894,14
0,2,burst,755,0.051832999999987805,14
0,2,burst,756,0.05037500000003092,14
0,2,burst,757,0.0522080000000642,14
0,2,burst,758,0.0502080000001115,14
0,2,burst,759,0.05216700000005403,14
0,2,burst,760,0.05124999999998181,14
0,2,burst,761,0.05462499999998727,14
0,2,burst,762,0.04991700000005039,14
0,2,burst,763,0.05045800000016243,14
0,2,burst,764,0.05129099999999198,14
0,2,burst,765,0.050834000000122614,14
0,2,burst,766,0.050499999999829015,14
0,2,burst,767,0.05320900000015172,14
0,2,burst,768,0.05108399999994617,14
0,2,burst,769,0.051791999999977634,14
0,2,burst,770,0.05020799999988412,14
0,2,burst,771,0.049749999999903594,14
0,2,burst,772,0.05095800000003692,14
0,2,burst,773,0.052999999999883585,14
0,2,burst,774,0.04966600000011567,14
0,2,burst,775,0.050666999999975815,14
0,2,burst,776,0.051874999999881766,14
0,2,burst,777,0.05075000000010732,14
0,2,burst,778,0.053208000000040556,14
0,2,burst,779,0.05016699999987395,14
0,2,burst,780,0.05058299999996052,14
0,2,burst,781,0.05258299999991323,14
0,2,burst,782,0.05020799999988412,14
0,2,burst,783,0.05150000000003274,14
0,2,burst,784,0.050625000000081855,14
0,2,burst,785,0.05312499999990905,14
0,2,burst,786,0.05016699999987395,14
0,2,burst,787,0.05095900000014808,14
0,2,burst,788,0.051415999999790074,14
0,2,burst,789,0.051124999999956344,14
0,2,burst,790,0.05154099999981554,14
0,2,burst,791,0.05054199999995035,14
0,2,burst,792,0.050666999999975815,14
0,2,burst,793,0.051624999999830834,14
0,2,burst,794,0.05079100000011749,14
0,2,burst,795,0.05379199999993034,14
0,2,burst,796,0.05445799999984047,14
0,2,burst,797,0.05237499999998363,14
0,2,burst,798,0.05424999999991087,14
0,2,burst,799,0.05124999999998181,14
0,2,burst,800,0.05074999999987995,14
0,2,burst,801,0.05170799999996234,14
0,2,burst,802,0.05054199999995035,14
0,2,burst,803,0.05116700000007768,14
0,2,burst,804,0.050457999999935055,14
0,2,burst,805,0.05245799999988776,14
0,2,burst,806,0.051665999999841006,14
0,2,burst,807,0.05079200000000128,14
0,2,burst,808,0.051584000000048036,14
0,2,burst,809,0.05074999999987995,14
0,2,burst,810,0.0522920000000795,14
0,2,burst,811,0.0515419999999267,14
0,2,burst,812,0.05295900000010079,14
0,2,burst,813,0.051750000000083674,14
0,2,burst,814,0.051582999999936874,14
0,2,burst,815,0.04937500000005457,14
0,2,burst,816,0.05212500000016007,14
0,2,burst,817,0.048874999999952706,14
0,2,burst,818,0.05087499999990541,14
0,2,burst,819,0.05012499999997999,14
0,2,burst,820,0.050875000000132786,14
0,2,burst,821,0.04979200000002493,14
0,2,burst,822,0.05033400000002075,14
0,2,burst,823,0.049958000000060565,14
0,2,burst,824,0.052957999999989624,14
0,2,burst,825,0.049749999999903594,14
0,2,burst,826,0.0496250000001055,14
0,2,burst,827,0.05016699999987395,14
0,2,burst,828,0.05179099999986647,14
0,2,burst,829,0.05224999999995816,14
0,2,burst,830,0.05012499999997999,14
0,2,burst,831,0.05054199999995035,14
0,2,burst,832,0.051165999999966516,14
0,2,burst,833,0.05150000000003274,14
0,2,burst,834,0.0491669999998976,14
0,2,burst,835,0.05104200000005221,14
0,2,burst,836,0.05104099999994105,14
0,2,burst,837,0.05045900000004622,14
0,2,burst,838,0.05054100000006656,14
0,2,burst,839,0.053167000000030384,14
0,2,burst,840,0.05116700000007768,14
0,2,burst,841,0.05045800000016243,14
0,2,burst,842,0.05008300000008603,14
0,2,burst,843,0.05091600000014296,14
0,2,burst,844,0.05150000000003274,14
0,2,burst,845,0.05275000000006003,14
0,2,burst,846,0.056375000000116415,14
0,2,burst,847,0.05300000000011096,14
0,2,burst,848,0.05120800000008785,14
0,2,burst,849,0.05058299999996052,14
0,2,burst,850,0.05050000000005639,14
0,2,burst,851,0.04991700000005039,14
0,2,burst,852,0.05099999999993088,14
0,2,burst,853,0.05216699999982666,14
0,2,burst,854,0.04958299999998417,14
0,2,burst,855,0.05004200000007586,14
0,2,burst,856,0.050666999999975815,14
0,2,burst,857,0.051207999999860476,14
0,2,burst,858,0.05054099999983919,14
0,2,burst,859,0.051083000000062384,14
0,2,burst,860,0.04941699999994853,14
0,2,burst,861,0.05037500000003092,14
0,2,burst,862,0.05116700000007768,14
0,2,burst,863,0.05191600000011931,14
0,2,burst,864,0.05145800000013878,14
0,2,burst,865,0.05033299999990959,14
0,2,burst,866,0.05054199999995035,14
0,2,burst,867,0.053666999999904874,14
0,2,burst,868,0.050707999999985987,14
0,2,burst,869,0.04908300000010968,14
0,2,burst,870,0.05033300000013696,14
0,2,burst,871,0.051041000000168424,14
0,2,burst,872,0.0515419999999267,14
0,2,burst,873,0.049250000000029104,14
0,2,burst,874,0.049291000000039276,14
0,2,burst,875,0.051166999999850304,14
0,2,burst,876,0.05420900000012807,14
0,2,burst,877,0.05016699999987395,14
0,2,burst,878,0.05058299999996052,14
0,2,burst,879,0.05266699999992852,14
0,2,burst,880,0.05075000000010732,14
0,2,burst,881,0.050290999999788255,14
0,2,burst,882,0.05383299999994051,14
0,2,burst,883,0.05108399999994617,14
0,2,burst,884,0.05054200000017772,14
0,2,burst,885,0.049250000000029104,14
0,2,burst,886,0.05033400000002075,14
0,2,burst,887,0.051165999999966516,14
0,2,burst,888,0.050125000000207365,14
0,2,burst,889,0.04941600000006474,14
0,2,burst,890,0.04979200000002493,14
0,2,burst,891,0.051582999999936874,14
0,2,burst,892,0.05054100000006656,14
0,2,burst,893,0.04899999999997817,14
0,2,burst,894,0.05124999999998181,14
0,2,burst,895,0.05141600000001745,14
0,2,burst,896,0.05333300000006602,14
0,2,burst,897,0.049583999999867956,14
0,2,burst,898,0.049459000000069864,14
0,2,burst,899,0.057999999999992724,14
0,2,burst,900,0.05275000000006003,14
0,2,burst,901,0.05033300000013696,14
0,2,burst,902,0.05058399999984431,14
0,2,burst,903,0.05187500000010914,14
0,2,burst,904,0.05074999999987995,14
0,2,burst,905,0.05012499999997999,14
0,2,burst,906,0.05033300000013696,14
0,2,burst,907,0.05120800000008785,14
0,2,burst,908,0.051874999999881766,14
0,2,burst,909,0.050707999999985987,14
0,2,burst,910,0.054791000000022905,14
0,2,burst,911,0.05045900000004622,14
0,2,burst,912,0.051791999999977634,14
0,2,burst,913,0.05033299999990959,14
0,2,burst,914,0.05054199999995035,14
0,2,burst,915,0.05104200000005221,14
0,2,burst,916,0.05050000000005639,14
0,2,burst,917,0.05029100000001563,14
0,2,burst,918,0.05245799999988776,14
0,2,burst,919,0.05112500000018372,14
0,2,burst,920,0.05050000000005639,14
0,2,burst,921,0.04991700000005039,14
0,2,burst,922,0.05083300000001145,14
0,2,burst,923,0.05104200000005221,14
0,2,burst,924,0.05062499999985448,14
0,2,burst,925,0.05195900000012443,14
0,2,burst,926,0.05083399999989524,14
0,2,burst,927,0.04937500000005457,14
0,2,burst,928,0.05004200000007586,14
0,2,burst,929,0.051333999999997104,14
0,2,burst,930,0.05095899999992071,14
0,2,burst,931,0.05100000000015825,14
0,2,burst,932,0.04966699999999946,14
0,2,burst,933,0.05054199999995035,14
0,2,burst,934,0.050416000000041095,14
0,2,burst,935,0.05233300000008967,14
0,2,burst,936,0.049541999999973996,14
0,2,burst,937,0.049999999999954525,14
0,2,burst,938,0.050875000000132786,14
0,2,burst,939,0.05412500000011278,14
0,2,burst,940,0.05104099999994105,14
0,2,burst,941,0.04970800000000963,14
0,2,burst,942,0.05095800000003692,14
0,2,burst,943,0.05033299999990959,14
0,2,burst,944,0.05029200000012679,14
0,2,burst,945,0.05012499999997999,14
0,2,burst,946,0.049749999999903594,14
0,2,burst,947,0.04987500000015643,14
0,2,burst,948,0.050666999999975815,14
0,2,burst,949,0.04983400000014626,14
0,2,burst,950,0.058041999999886684,14
0,2,burst,951,0.04991700000005039,14
0,2,burst,952,0.04983399999991889,14
0,2,burst,953,0.05412500000011278,14
0,2,burst,954,58.81499999999983,14
0,2,burst,955,0.6365840000000844,14
0,2,burst,956,9.03387500000008,14
0,2,burst,957,0.4834169999999176,14
0,2,burst,958,0.22183300000006057,14
0,2,burst,959,0.22833399999990434,14
0,2,burst,960,0.40058299999986957,14
0,2,burst,961,1.4682500000001255,14
0,2,burst,962,0.3709999999998672,14
0,2,burst,963,0.24908299999992778,14
0,2,burst,964,0.18837500000017826,14
0,2,burst,965,0.1984580000000733,14
0,2,burst,966,43.21654199999989,14
0,2,burst,967,0.17516700000010132,14
0,2,burst,968,0.1554999999998472,14
0,2,burst,969,0.14512500000000728,14
0,2,burst,970,0.160457999999835,14
0,2,burst,971,0.14008300000000418,14
0,2,burst,972,0.1349169999998594,14
0,2,burst,973,0.14545799999996234,14
0,2,burst,974,0.1353750000000673,14
0,2,burst,975,0.13495799999986957,14
0,2,burst,976,0.15162499999996726,14
0,2,burst,977,0.15166699999986122,14
0,2,burst,978,0.14737500000001091,14
0,2,burst,979,0.13954200000011951,14
0,2,burst,980,0.14512500000000728,14
0,2,burst,981,0.14895799999999326,14
0,2,burst,982,0.1567080000002079,14
0,2,burst,983,0.1370839999999589,14
0,2,burst,984,0.15124999999989086,14
0,2,burst,985,0.1464170000001559,14
0,2,burst,986,0.15379200000006676,14
0,2,burst,987,0.15045899999995527,14
0,2,burst,988,0.14237500000012915,14
0,2,burst,989,0.14270799999985684,14
0,2,burst,990,0.14370800000006057,14
0,2,burst,991,0.14108299999998053,14
0,2,burst,992,40.60170799999992,14
0,2,burst,993,0.42191600000001017,14
0,2,burst,994,1.382082999999966,14
0,2,burst,995,0.39925000000016553,14
0,2,burst,996,0.08504199999993034,14
0,2,burst,997,0.3201250000001892,14
0,2,burst,998,0.07054200000015953,14
0,2,burst,999,0.06337499999995089,14
0,4,idle,0,0.0011670000001231529,0
0,4,idle,1,0.0010419999998703133,0
0,4,idle,2,0.001042000000097687,0
0,4,idle,3,0.0016669999999976426,0
0,4,idle,4,0.0010419999998703133,0
0,4,idle,5,0.0010000000002037268,0
0,4,idle,6,0.0030419999998230196,0
0,4,idle,7,0.001040999999986525,0
0,4,idle,8,0.0012080000001333246,0
0,4,idle,9,0.0010830000001078588,0
0,4,idle,10,0.001125000000001819,0
0,4,idle,11,0.0010419999998703133,0
0,4,idle,12,0.001207999999905951,0
0,4,idle,13,0.001207999999905951,0
0,4,idle,14,0.0010830000001078588,0
0,4,idle,15,0.0010839999999916472,0
0,4,idle,16,0.0010839999999916472,0
0,4,idle,17,0.003375000000005457,0
0,4,idle,18,0.0012499999997999112,0
0,4,idle,19,0.0010419999998703133,0
0,4,idle,20,0.0034160000000156288,0
0,4,idle,21,0.0010419999998703133,0
0,4,idle,22,0.0010839999999916472,0
0,4,idle,23,0.001042000000097687,0
0,4,idle,24,0.0012500000000272848,0
0,4,idle,25,0.0009999999999763531,0
0,4,idle,26,0.001125000000001819,0
0,4,idle,27,0.0010419999998703133,0
0,4,idle,28,0.001040999999986525,0
0,4,idle,29,0.0015000000000782165,0
0,4,idle,30,0.0011669999998957792,0
0,4,idle,31,0.001042000000097687,0
0,4,idle,32,0.0009999999999763531,0
0,4,idle,33,0.001125000000001819,0
0,4,idle,34,0.0014169999999467109,0
0,4,idle,35,0.0014999999998508429,0
0,4,idle,36,0.0012080000001333246,0
0,4,idle,37,0.0009999999999763531,0
0,4,idle,38,0.0034160000000156288,0
0,4,idle,39,0.0014169999999467109,0
0,4,idle,40,0.0009999999999763531,0
0,4,idle,41,0.0009579999998550193,0
0,4,idle,42,0.0009999999999763531,0
0,4,idle,43,0.0009580000000823929,0
0,4,idle,44,0.0009999999999763531,0
0,4,idle,45,0.0012500000000272848,0
0,4,idle,46,0.0009999999999763531,0
0,4,idle,47,0.0009579999998550193,0
0,4,idle,48,0.0011669999998957792,0
0,4,idle,49,0.001042000000097687,0
0,4,idle,50,0.0034160000000156288,0
0,4,idle,51,0.0010829999998804851,0
0,4,idle,52,0.0011669999998957792,0
0,4,idle,53,0.0009999999999763531,0
0,4,idle,54,0.0010839999999916472,0
0,4,idle,55,0.0014160000000629225,0
0,4,idle,56,0.001042000000097687,0
0,4,idle,57,0.0009999999999763531,0
0,4,idle,58,0.0013750000000527507,0
0,4,idle,59,0.0011669999998957792,0
0,4,idle,60,0.0012910000000374566,0
0,4,idle,61,0.0010830000001078588,0
0,4,idle,62,0.0010839999999916472,0
0,4,idle,63,0.0009999999999763531,0
0,4,idle,64,0.0010829999998804851,0
0,4,idle,65,0.0010830000001078588,0
0,4,idle,66,0.0016250000001036824,0
0,4,idle,67,0.0010830000001078588,0
0,4,idle,68,0.003165999999964697,0
0,4,idle,69,0.0010840000002190209,0
0,4,idle,70,0.0009999999999763531,0
0,4,idle,71,0.001125000000001819,0
0,4,idle,72,0.0010839999999916472,0
0,4,idle,73,0.0009589999999661813,0
0,4,idle,74,0.0010419999998703133,0
0,4,idle,75,0.0009999999999763531,0
0,4,idle,76,0.001209000000017113,0
0,4,idle,77,0.0012500000000272848,0
0,4,idle,78,0.001374999999825377,0
0,4,idle,79,0.0010419999998703133,0
0,4,idle,80,0.0012910000000374566,0
0,4,idle,81,0.003582999999935055,0
0,4,idle,82,0.0011669999998957792,0
0,4,idle,83,0.0010830000001078588,0
0,4,idle,84,0.003083000000060565,0
0,4,idle,85,0.0010419999998703133,0
0,4,idle,86,0.0009999999999763531,0
0,4,idle,87,0.001291999999921245,0
0,4,idle,88,0.001125000000001819,0
0,4,idle,89,0.0010830000001078588,0
0,4,idle,90,0.001042000000097687,0
0,4,idle,91,0.0015829999999823485,0
0,4,idle,92,0.0012500000000272848,0
0,4,idle,93,0.0010830000001078588,0
0,4,idle,94,0.001040999999986525,0
0,4,idle,95,0.001042000000097687,0
0,4,idle,96,0.001291999999921245,0
0,4,idle,97,0.0012080000001333246,0
0,4,idle,98,0.0012910000000374566,0
0,4,idle,99,0.0010000000002037268,0
0,4,idle,100,0.0009579999998550193,0
0,4,idle,101,0.0009579999998550193,0
0,4,idle,102,0.0009579999998550193,0
0,4,idle,103,0.0012500000000272848,0
0,4,idle,104,0.0010419999998703133,0
0,4,idle,105,0.0009999999999763531,0
0,4,idle,106,0.0010829999998804851,0
0,4,idle,107,0.0009999999999763531,0
0,4,idle,108,0.001207999999905951,0
0,4,idle,109,0.0010419999998703133,0
0,4,idle,110,0.0009589999999661813,0
0,4,idle,111,0.003500000000030923,0
0,4,idle,112,0.001125000000001819,0
0,4,idle,113,0.001291999999921245,0
0,4,idle,114,0.001042000000097687,0
0,4,idle,115,0.0009580000000823929,0
0,4,idle,116,0.0009999999999763531,0
0,4,idle,117,0.0011670000001231529,0
0,4,idle,118,0.001291999999921245,0
0,4,idle,119,0.0014169999999467109,0
0,4,idle,120,0.0009999999999763531,0
0,4,idle,121,0.0009999999999763531,0
0,4,idle,122,0.003000000000156433,0
0,4,idle,123,0.0010419999998703133,0
0,4,idle,124,0.0012500000000272848,0
0,4,idle,125,0.0010419999998703133,0
0,4,idle,126,0.0010830000001078588,0
0,4,idle,127,0.0009580000000823929,0
0,4,idle,128,0.001040999999986525,0
0,4,idle,129,0.0017090000001189765,0
0,4,idle,130,0.005332999999836829,0
0,4,idle,131,0.001125000000001819,0
0,4,idle,132,0.0010419999998703133,0
0,4,idle,133,0.001042000000097687,0
0,4,idle,134,0.001209000000017113,0
0,4,idle,135,0.0009999999999763531,0
0,4,idle,136,0.0010000000002037268,0
0,4,idle,137,0.0009999999999763531,0
0,4,idle,138,0.0009589999999661813,0
0,4,idle,139,0.0012080000001333246,0
0,4,idle,140,0.001040999999986525,0
0,4,idle,141,0.0010419999998703133,0
0,4,idle,142,0.0029999999999290594,0
0,4,idle,143,0.0012500000000272848,0
0,4,idle,144,0.0010829999998804851,0
0,4,idle,145,0.0012500000000272848,0
0,4,idle,146,0.0011669999998957792,0
0,4,idle,147,0.0010830000001078588,0
0,4,idle,148,0.001125000000001819,0
0,4,idle,149,0.0009999999999763531,0
0,4,idle,150,0.0012080000001333246,0
0,4,idle,151,0.0028330000000096334,0
0,4,idle,152,0.001125000000001819,0
0,4,idle,153,0.0009999999999763531,0
0,4,idle,154,0.0010419999998703133,0
0,4,idle,155,0.0014579999999568827,0
0,4,idle,156,0.0010419999998703133,0
0,4,idle,157,0.0010830000001078588,0
0,4,idle,158,0.0009580000000823929,0
0,4,idle,159,0.0010410000002138986,0
0,4,idle,160,0.0012089999997897394,0
0,4,idle,161,0.0015000000000782165,0
0,4,idle,162,0.0009999999999763531,0
0,4,idle,163,0.001291999999921245,0
0,4,idle,164,0.0010839999999916472,0
0,4,idle,165,0.0009589999999661813,0
0,4,idle,166,0.001209000000017113,0
0,4,idle,167,0.0011669999998957792,0
0,4,idle,168,0.001042000000097687,0
0,4,idle,169,0.0010829999998804851,0
0,4,idle,170,0.0010000000002037268,0
0,4,idle,171,0.0012499999997999112,0
0,4,idle,172,0.0029580000000350992,0
0,4,idle,173,0.001125000000001819,0
0,4,idle,174,0.0012500000000272848,0
0,4,idle,175,0.0010830000001078588,0
0,4,idle,176,0.001207999999905951,0
0,4,idle,177,0.0010419999998703133,0
0,4,idle,178,0.001040999999986525,0
0,4,idle,179,0.0009999999999763531,0
0,4,idle,180,0.0009580000000823929,0
0,4,idle,181,0.0015829999999823485,0
0,4,idle,182,0.0011670000001231529,0
0,4,idle,183,0.001040999999986525,0
0,4,idle,184,0.001042000000097687,0
0,4,idle,185,0.001040999999986525,0
0,4,idle,186,0.0009999999999763531,0
0,4,idle,187,0.001334000000042579,0
0,4,idle,188,0.0010829999998804851,0
0,4,idle,189,0.0010000000002037268,0
0,4,idle,190,0.001207999999905951,0
0,4,idle,191,0.001042000000097687,0
0,4,idle,192,0.003666999999950349,0
0,4,idle,193,0.001125000000001819,0
0,4,idle,194,0.001040999999986525,0
0,4,idle,195,0.001042000000097687,0
0,4,idle,196,0.001125000000001819,0
0,4,idle,197,0.0013339999998152052,0
0,4,idle,198,0.0010000000002037268,0
0,4,idle,199,0.0009580000000823929,0
0,4,idle,200,0.001042000000097687,0
0,4,idle,201,0.0009579999998550193,0
0,4,idle,202,0.0009999999999763531,0
0,4,idle,203,0.0030839999999443535,0
0,4,idle,204,0.0010839999999916472,0
0,4,idle,205,0.0028330000000096334,0
0,4,idle,206,0.0012080000001333246,0
0,4,idle,207,0.0010830000001078588,0
0,4,idle,208,0.0011660000000119908,0
0,4,idle,209,0.0009999999999763531,0
0,4,idle,210,0.0010829999998804851,0
0,4,idle,211,0.0009999999999763531,0
0,4,idle,212,0.0009580000000823929,0
0,4,idle,213,0.001165999999784617,0
0,4,idle,214,0.0010829999998804851,0
0,4,idle,215,0.001042000000097687,0
0,4,idle,216,0.0009580000000823929,0
0,4,idle,217,0.0009580000000823929,0
0,4,idle,218,0.0031669999998484855,0
0,4,idle,219,0.0010829999998804851,0
0,4,idle,220,0.0010829999998804851,0
0,4,idle,221,0.0009999999999763531,0
0,4,idle,222,0.0009589999999661813,0
0,4,idle,223,0.0009589999999661813,0
0,4,idle,224,0.0017090000001189765,0
0,4,idle,225,0.0009999999999763531,0
0,4,idle,226,0.0010830000001078588,0
0,4,idle,227,0.0009580000000823929,0
0,4,idle,228,0.0009580000000823929,0
0,4,idle,229,0.0011669999998957792,0
0,4,idle,230,0.0016249999998763087,0
0,4,idle,231,0.0010830000001078588,0
0,4,idle,232,0.0009580000000823929,0
0,4,idle,233,0.002916000000141139,0
0,4,idle,234,0.0012500000000272848,0
0,4,idle,235,0.001125000000001819,0
0,4,idle,236,0.001125000000001819,0
0,4,idle,237,0.0011669999998957792,0
0,4,idle,238,0.001042000000097687,0
0,4,idle,239,0.001209000000017113,0
0,4,idle,240,0.000959000000193555,0
0,4,idle,241,0.0009589999999661813,0
0,4,idle,242,0.0010839999999916472,0
0,4,idle,243,0.001374999999825377,0
0,4,idle,244,0.0010410000002138986,0
0,4,idle,245,0.001207999999905951,0
0,4,idle,246,0.0015420000001995504,0
0,4,idle,247,0.0012500000000272848,0
0,4,idle,248,0.0010419999998703133,0
0,4,idle,249,0.0009580000000823929,0
0,4,idle,250,0.001207999999905951,0
0,4,idle,251,0.001040999999986525,0
0,4,idle,252,0.001042000000097687,0
0,4,idle,253,0.0010419999998703133,0
0,4,idle,254,0.003332999999884123,0
0,4,idle,255,0.0016669999999976426,0
0,4,idle,256,0.0010839999999916472,0
0,4,idle,257,0.001125000000001819,0
0,4,idle,258,0.0014160000000629225,0
0,4,idle,259,0.001042000000097687,0
0,4,idle,260,0.0012500000000272848,0
0,4,idle,261,0.0011660000000119908,0
0,4,idle,262,0.0010419999998703133,0
0,4,idle,263,0.0029999999999290594,0
0,4,idle,264,0.0011660000000119908,0
0,4,idle,265,0.0010829999998804851,0
0,4,idle,266,0.0012500000000272848,0
0,4,idle,267,0.0010839999999916472,0
0,4,idle,268,0.0009999999999763531,0
0,4,idle,269,0.0012500000000272848,0
0,4,idle,270,0.0010419999998703133,0
0,4,idle,271,0.0011670000001231529,0
0,4,idle,272,0.001125000000001819,0
0,4,idle,273,0.0010830000001078588,0
0,4,idle,274,0.0009999999999763531,0
0,4,idle,275,0.001042000000097687,0
0,4,idle,276,0.0013750000000527507,0
0,4,idle,277,0.0009999999999763531,0
0,4,idle,278,0.0009580000000823929,0
0,4,idle,279,0.0011669999998957792,0
0,4,idle,280,0.001042000000097687,0
0,4,idle,281,0.001207999999905951,0
0,4,idle,282,0.0009999999999763531,0
0,4,idle,283,0.0010839999999916472,0
0,4,idle,284,0.001125000000001819,0
0,4,idle,285,0.0031249999999545253,0
0,4,idle,286,0.0010419999998703133,0
0,4,idle,287,0.0016250000001036824,0
0,4,idle,288,0.0011670000001231529,0
0,4,idle,289,0.003290999999990163,0
0,4,idle,290,0.001042000000097687,0
0,4,idle,291,0.0009999999999763531,0
0,4,idle,292,0.0013750000000527507,0
0,4,idle,293,0.0010419999998703133,0
0,4,idle,294,0.003040999999939231,0
0,4,idle,295,0.0009999999999763531,0
0,4,idle,296,0.0011660000000119908,0
0,4,idle,297,0.0016669999999976426,0
0,4,idle,298,0.001040999999986525,0
0,4,idle,299,0.0009579999998550193,0
0,4,idle,300,0.001207999999905951,0
0,4,idle,301,0.001125000000001819,0
0,4,idle,302,0.0013329999999314168,0
0,4,idle,303,0.001209000000017113,0
0,4,idle,304,0.0010839999999916472,0
0,4,idle,305,0.0013329999999314168,0
0,4,idle,306,0.001042000000097687,0
0,4,idle,307,0.0009999999999763531,0
0,4,idle,308,0.0014170000001740846,0
0,4,idle,309,0.0009999999999763531,0
0,4,idle,310,0.0012080000001333246,0
0,4,idle,311,0.0010419999998703133,0
0,4,idle,312,0.0009999999999763531,0
0,4,idle,313,0.0012500000000272848,0
0,4,idle,314,0.001583999999866137,0
0,4,idle,315,0.0011660000000119908,0
0,4,idle,316,0.0030829999998331914,0
0,4,idle,317,0.0010419999998703133,0
0,4,idle,318,0.0015000000000782165,0
0,4,idle,319,0.001042000000097687,0
0,4,idle,320,0.0009580000000823929,0
0,4,idle,321,0.0010830000001078588,0
0,4,idle,322,0.0009580000000823929,0
0,4,idle,323,0.0010830000001078588,0
0,4,idle,324,0.003249999999979991,0
0,4,idle,325,0.001207999999905951,0
0,4,idle,326,0.0009999999999763531,0
0,4,idle,327,0.0010829999998804851,0
0,4,idle,328,0.0009999999999763531,0
0,4,idle,329,0.001040999999986525,0
0,4,idle,330,0.0010419999998703133,0
0,4,idle,331,0.000959000000193555,0
0,4,idle,332,0.001209000000017113,0
0,4,idle,333,0.001040999999986525,0
0,4,idle,334,0.001209000000017113,0
0,4,idle,335,0.001042000000097687,0
0,4,idle,336,0.0009999999999763531,0
0,4,idle,337,0.0009580000000823929,0
0,4,idle,338,0.0009999999999763531,0
0,4,idle,339,0.0011669999998957792,0
0,4,idle,340,0.0010829999998804851,0
0,4,idle,341,0.0009999999999763531,0
0,4,idle,342,0.0015419999999721767,0
0,4,idle,343,0.001040999999986525,0
0,4,idle,344,0.0009169999998448475,0
0,4,idle,345,0.0012500000000272848,0
0,4,idle,346,0.0010419999998703133,0
0,4,idle,347,0.0009170000000722212,0
0,4,idle,348,0.0010000000002037268,0
0,4,idle,349,0.0009170000000722212,0
0,4,idle,350,0.0015829999999823485,0
0,4,idle,351,0.001125000000001819,0
0,4,idle,352,0.0031249999999545253,0
0,4,idle,353,0.0010839999999916472,0
0,4,idle,354,0.001040999999986525,0
0,4,idle,355,0.0028340000001207954,0
0,4,idle,356,0.0010419999998703133,0
0,4,idle,357,0.001042000000097687,0
0,4,idle,358,0.001040999999986525,0
0,4,idle,359,0.0012500000000272848,0
0,4,idle,360,0.001125000000001819,0
0,4,idle,361,0.0010829999998804851,0
0,4,idle,362,0.0009999999999763531,0
0,4,idle,363,0.0013750000000527507,0
0,4,idle,364,0.0012910000000374566,0
0,4,idle,365,0.0009580000000823929,0
0,4,idle,366,0.001291999999921245,0
0,4,idle,367,0.0010829999998804851,0
0,4,idle,368,0.0010839999999916472,0
0,4,idle,369,0.0009999999999763531,0
0,4,idle,370,0.0009579999998550193,0
0,4,idle,371,0.001291999999921245,0
0,4,idle,372,0.0009589999999661813,0
0,4,idle,373,0.003083000000060565,0
0,4,idle,374,0.001042000000097687,0
0,4,idle,375,0.0010829999998804851,0
0,4,idle,376,0.0013329999999314168,0
0,4,idle,377,0.001040999999986525,0
0,4,idle,378,0.003249999999979991,0
0,4,idle,379,0.0010829999998804851,0
0,4,idle,380,0.0009580000000823929,0
0,4,idle,381,0.001583999999866137,0
0,4,idle,382,0.0009999999999763531,0
0,4,idle,383,0.001042000000097687,0
0,4,idle,384,0.0009999999999763531,0
0,4,idle,385,0.003000000000156433,0
0,4,idle,386,0.0010419999998703133,0
0,4,idle,387,0.001207999999905951,0
0,4,idle,388,0.001125000000001819,0
0,4,idle,389,0.0011670000001231529,0
0,4,idle,390,0.0010829999998804851,0
0,4,idle,391,0.0009159999999610591,0
0,4,idle,392,0.0012500000000272848,0
0,4,idle,393,0.0009999999999763531,0
0,4,idle,394,0.0010829999998804851,0
0,4,idle,395,0.001290999999810083,0
0,4,idle,396,0.0010419999998703133,0
0,4,idle,397,0.001209000000017113,0
0,4,idle,398,0.0009999999999763531,0
0,4,idle,399,0.0009580000000823929,0
0,4,idle,400,0.0010419999998703133,0
0,4,idle,401,0.0009579999998550193,0
0,4,idle,402,0.0009999999999763531,0
0,4,idle,403,0.0011669999998957792,0
0,4,idle,404,0.001125000000001819,0
0,4,idle,405,0.0009999999999763531,0
0,4,idle,406,0.001042000000097687,0
0,4,idle,407,0.0009999999999763531,0
0,4,idle,408,0.001125000000001819,0
0,4,idle,409,0.001042000000097687,0
0,4,idle,410,0.0009999999999763531,0
0,4,idle,411,0.0012500000000272848,0
0,4,idle,412,0.0009580000000823929,0
0,4,idle,413,0.001958000000058746,0
0,4,idle,414,0.0009999999999763531,0
0,4,idle,415,0.0009580000000823929,0
0,4,idle,416,0.00437499999998181,0
0,4,idle,417,0.0014169999999467109,0
0,4,idle,418,0.0014170000001740846,0
0,4,idle,419,0.003583999999818843,0
0,4,idle,420,0.0013330000001587905,0
0,4,idle,421,0.001040999999986525,0
0,4,idle,422,0.0010839999999916472,0
0,4,idle,423,0.0011660000000119908,0
0,4,idle,424,0.0013750000000527507,0
0,4,idle,425,0.001125000000001819,0
0,4,idle,426,0.0013750000000527507,0
0,4,idle,427,0.0011669999998957792,0
0,4,idle,428,0.0014159999998355488,0
0,4,idle,429,0.001291999999921245,0
0,4,idle,430,0.0011670000001231529,0
0,4,idle,431,0.0013329999999314168,0
0,4,idle,432,0.0010829999998804851,0
0,4,idle,433,0.0009999999999763531,0
0,4,idle,434,0.001209000000017113,0
0,4,idle,435,0.001125000000001819,0
0,4,idle,436,0.0010419999998703133,0
0,4,idle,437,0.0009999999999763531,0
0,4,idle,438,0.0009999999999763531,0
0,4,idle,439,0.0012910000000374566,0
0,4,idle,440,0.0031249999999545253,0
0,4,idle,441,0.0012080000001333246,0
0,4,idle,442,0.001042000000097687,0
0,4,idle,443,0.0009999999999763531,0
0,4,idle,444,0.0014580000001842564,0
0,4,idle,445,0.001291999999921245,0
0,4,idle,446,0.0029580000000350992,0
0,4,idle,447,0.0012500000000272848,0
0,4,idle,448,0.0010839999999916472,0
0,4,idle,449,0.0009999999999763531,0
0,4,idle,450,0.0012080000001333246,0
0,4,idle,451,0.0009999999999763531,0
0,4,idle,452,0.0009579999998550193,0
0,4,idle,453,0.0009999999999763531,0
0,4,idle,454,0.0010419999998703133,0
0,4,idle,455,0.0012920000001486187,0
0,4,idle,456,0.0029999999999290594,0
0,4,idle,457,0.0010839999999916472,0
0,4,idle,458,0.0012500000000272848,0
0,4,idle,459,0.0010830000001078588,0
0,4,idle,460,0.0011669999998957792,0
0,4,idle,461,0.001040999999986525,0
0,4,idle,462,0.0010830000001078588,0
0,4,idle,463,0.0010830000001078588,0
0,4,idle,464,0.0010419999998703133,0
0,4,idle,465,0.001042000000097687,0
0,4,idle,466,0.001125000000001819,0
0,4,idle,467,0.0010830000001078588,0
0,4,idle,468,0.0010419999998703133,0
0,4,idle,469,0.001040999999986525,0
0,4,idle,470,0.0010000000002037268,0
0,4,idle,471,0.001207999999905951,0
0,4,idle,472,0.001125000000001819,0
0,4,idle,473,0.0012500000000272848,0
0,4,idle,474,0.0009999999999763531,0
0,4,idle,475,0.0009999999999763531,0
0,4,idle,476,0.0016669999999976426,0
0,4,idle,477,0.0027919999999994616,0
0,4,idle,478,0.0011670000001231529,0
0,4,idle,479,0.0009999999999763531,0
0,4,idle,480,0.0010419999998703133,0
0,4,idle,481,0.001125000000001819,0
0,4,idle,482,0.001125000000001819,0
0,4,idle,483,0.0009999999999763531,0
0,4,idle,484,0.0010829999998804851,0
0,4,idle,485,0.001042000000097687,0
0,4,idle,486,0.0027090000000953296,0
0,4,idle,487,0.001290999999810083,0
0,4,idle,488,0.0010419999998703133,0
0,4,idle,489,0.0012910000000374566,0
0,4,idle,490,0.0015000000000782165,0
0,4,idle,491,0.0010419999998703133,0
0,4,idle,492,0.0012080000001333246,0
0,4,idle,493,0.0009999999999763531,0
0,4,idle,494,0.0009580000000823929,0
0,4,idle,495,0.0009999999999763531,0
0,4,idle,496,0.0013329999999314168,0
0,4,idle,497,0.0016249999998763087,0
0,4,idle,498,0.0012500000000272848,0
0,4,idle,499,0.0010829999998804851,0
0,4,idle,500,0.0009999999999763531,0
0,4,idle,501,0.001040999999986525,0
0,4,idle,502,0.0027919999999994616,0
0,4,idle,503,0.0012500000000272848,0
0,4,idle,504,0.001042000000097687,0
0,4,idle,505,0.0009589999999661813,0
0,4,idle,506,0.0009999999999763531,0
0,4,idle,507,0.0035830000001624285,0
0,4,idle,508,0.001291999999921245,0
0,4,idle,509,0.001125000000001819,0
0,4,idle,510,0.0009999999999763531,0
0,4,idle,511,0.001125000000001819,0
0,4,idle,512,0.001042000000097687,0
0,4,idle,513,0.0013329999999314168,0
0,4,idle,514,0.001042000000097687,0
0,4,idle,515,0.0010419999998703133,0
0,4,idle,516,0.0010410000002138986,0
0,4,idle,517,0.0010830000001078588,0
0,4,idle,518,0.0011669999998957792,0
0,4,idle,519,0.001042000000097687,0
0,4,idle,520,0.0009589999999661813,0
0,4,idle,521,0.0012499999997999112,0
0,4,idle,522,0.0010000000002037268,0
0,4,idle,523,0.0009580000000823929,0
0,4,idle,524,0.0011670000001231529,0
0,4,idle,525,0.0013339999998152052,0
0,4,idle,526,0.0010830000001078588,0
0,4,idle,527,0.001125000000001819,0
0,4,idle,528,0.0009580000000823929,0
0,4,idle,529,0.0011660000000119908,0
0,4,idle,530,0.0009580000000823929,0
0,4,idle,531,0.0009999999999763531,0
0,4,idle,532,0.001040999999986525,0
0,4,idle,533,0.0009580000000823929,0
0,4,idle,534,0.0012080000001333246,0
0,4,idle,535,0.0010830000001078588,0
0,4,idle,536,0.0011669999998957792,0
0,4,idle,537,0.0009579999998550193,0
0,4,idle,538,0.0029999999999290594,0
0,4,idle,539,0.0014590000000680448,0
0,4,idle,540,0.0030419999998230196,0
0,4,idle,541,0.0010830000001078588,0
0,4,idle,542,0.0009999999999763531,0
0,4,idle,543,0.001125000000001819,0
0,4,idle,544,0.0009999999999763531,0
0,4,idle,545,0.0012500000000272848,0
0,4,idle,546,0.0009999999999763531,0
0,4,idle,547,0.0010000000002037268,0
0,4,idle,548,0.0010419999998703133,0
0,4,idle,549,0.0009999999999763531,0
0,4,idle,550,0.0011670000001231529,0
0,4,idle,551,0.001040999999986525,0
0,4,idle,552,0.0015829999999823485,0
0,4,idle,553,0.004791999999952168,0
0,4,idle,554,0.001125000000001819,0
0,4,idle,555,0.0011669999998957792,0
0,4,idle,556,0.0011670000001231529,0
0,4,idle,557,0.0010830000001078588,0
0,4,idle,558,0.0010829999998804851,0
0,4,idle,559,0.001042000000097687,0
0,4,idle,560,0.0012080000001333246,0
0,4,idle,561,0.0010830000001078588,0
0,4,idle,562,0.0009999999999763531,0
0,4,idle,563,0.001042000000097687,0
0,4,idle,564,0.003208000000086031,0
0,4,idle,565,0.0012500000000272848,0
0,4,idle,566,0.001209000000017113,0
0,4,idle,567,0.001042000000097687,0
0,4,idle,568,0.0029999999999290594,0
0,4,idle,569,0.0011670000001231529,0
0,4,idle,570,0.001374999999825377,0
0,4,idle,571,0.0013330000001587905,0
0,4,idle,572,0.0010419999998703133,0
0,4,idle,573,0.0012500000000272848,0
0,4,idle,574,0.0010829999998804851,0
0,4,idle,575,0.0009999999999763531,0
0,4,idle,576,0.0012500000000272848,0
0,4,idle,577,0.001040999999986525,0
0,4,idle,578,0.001042000000097687,0
0,4,idle,579,0.0009999999999763531,0
0,4,idle,580,0.0009999999999763531,0
0,4,idle,581,0.001207999999905951,0
0,4,idle,582,0.0010830000001078588,0
0,4,idle,583,0.0009580000000823929,0
0,4,idle,584,0.0012080000001333246,0
0,4,idle,585,0.0010830000001078588,0
0,4,idle,586,0.0009580000000823929,0
0,4,idle,587,0.001209000000017113,0
0,4,idle,588,0.0010839999999916472,0
0,4,idle,589,0.0009999999999763531,0
0,4,idle,590,0.0010419999998703133,0
0,4,idle,591,0.001040999999986525,0
0,4,idle,592,0.0012500000000272848,0
0,4,idle,593,0.001875000000154614,0
0,4,idle,594,0.001040999999986525,0
0,4,idle,595,0.0009999999999763531,0
0,4,idle,596,0.0010829999998804851,0
0,4,idle,597,0.001291999999921245,0
0,4,idle,598,0.0028749999999035936,0
0,4,idle,599,0.0013329999999314168,0
0,4,idle,600,0.0009999999999763531,0
0,4,idle,601,0.0010419999998703133,0
0,4,idle,602,0.0014160000000629225,0
0,4,idle,603,0.001291999999921245,0
0,4,idle,604,0.0010000000002037268,0
0,4,idle,605,0.001040999999986525,0
0,4,idle,606,0.0010829999998804851,0
0,4,idle,607,0.0009579999998550193,0
0,4,idle,608,0.0012499999997999112,0
0,4,idle,609,0.0009999999999763531,0
0,4,idle,610,0.0009999999999763531,0
0,4,idle,611,0.0010419999998703133,0
0,4,idle,612,0.0009589999999661813,0
0,4,idle,613,0.0011670000001231529,0
0,4,idle,614,0.001374999999825377,0
0,4,idle,615,0.001207999999905951,0
0,4,idle,616,0.0010830000001078588,0
0,4,idle,617,0.0010839999999916472,0
0,4,idle,618,0.0011669999998957792,0
0,4,idle,619,0.0009579999998550193,0
0,4,idle,620,0.0029999999999290594,0
0,4,idle,621,0.001042000000097687,0
0,4,idle,622,0.0009999999999763531,0
0,4,idle,623,0.0009999999999763531,0
0,4,idle,624,0.003417000000126791,0
0,4,idle,625,0.001040999999986525,0
0,4,idle,626,0.003375000000005457,0
0,4,idle,627,0.001042000000097687,0
0,4,idle,628,0.001040999999986525,0
0,4,idle,629,0.0070420000001831795,0
0,4,idle,630,0.0015410000000883883,0
0,4,idle,631,0.001125000000001819,0
0,4,idle,632,0.0013339999998152052,0
0,4,idle,633,0.0014170000001740846,0
0,4,idle,634,0.0012910000000374566,0
0,4,idle,635,0.001042000000097687,0
0,4,idle,636,0.001042000000097687,0
0,4,idle,637,0.0016669999999976426,0
0,4,idle,638,0.001040999999986525,0
0,4,idle,639,0.001207999999905951,0
0,4,idle,640,0.001125000000001819,0
0,4,idle,641,0.0010419999998703133,0
0,4,idle,642,0.0010000000002037268,0
0,4,idle,643,0.0009999999999763531,0
0,4,idle,644,0.0009579999998550193,0
0,4,idle,645,0.0011660000000119908,0
0,4,idle,646,0.001042000000097687,0
0,4,idle,647,0.001209000000017113,0
0,4,idle,648,0.001040999999986525,0
0,4,idle,649,0.0009999999999763531,0
0,4,idle,650,0.0012080000001333246,0
0,4,idle,651,0.0009999999999763531,0
0,4,idle,652,0.001042000000097687,0
0,4,idle,653,0.0009999999999763531,0
0,4,idle,654,0.001042000000097687,0
0,4,idle,655,0.0014160000000629225,0
0,4,idle,656,0.0010419999998703133,0
0,4,idle,657,0.001040999999986525,0
0,4,idle,658,0.0009999999999763531,0
0,4,idle,659,0.003375000000005457,0
0,4,idle,660,0.0014579999999568827,0
0,4,idle,661,0.0011669999998957792,0
0,4,idle,662,0.0011660000000119908,0
0,4,idle,663,0.0009999999999763531,0
0,4,idle,664,0.0009999999999763531,0
0,4,idle,665,0.0014580000001842564,0
0,4,idle,666,0.0012500000000272848,0
0,4,idle,667,0.001125000000001819,0
0,4,idle,668,0.0010419999998703133,0
0,4,idle,669,0.001042000000097687,0
0,4,idle,670,0.0009999999999763531,0
0,4,idle,671,0.001291999999921245,0
0,4,idle,672,0.001040999999986525,0
0,4,idle,673,0.0010000000002037268,0
0,4,idle,674,0.0009580000000823929,0
0,4,idle,675,0.0009999999999763531,0
0,4,idle,676,0.0015840000000935106,0
0,4,idle,677,0.0010419999998703133,0
0,4,idle,678,0.0012080000001333246,0
0,4,idle,679,0.001042000000097687,0
0,4,idle,680,0.0009999999999763531,0
0,4,idle,681,0.001125000000001819,0
0,4,idle,682,0.001042000000097687,0
0,4,idle,683,0.0009579999998550193,0
0,4,idle,684,0.0010829999998804851,0
0,4,idle,685,0.0009999999999763531,0
0,4,idle,686,0.0009999999999763531,0
0,4,idle,687,0.003666999999950349,0
0,4,idle,688,0.003167000000075859,0
0,4,idle,689,0.0010829999998804851,0
0,4,idle,690,0.003125000000181899,0
0,4,idle,691,0.0009999999999763531,0
0,4,idle,692,0.001209000000017113,0
0,4,idle,693,0.0010839999999916472,0
0,4,idle,694,0.001125000000001819,0
0,4,idle,695,0.0009589999999661813,0
0,4,idle,696,0.011292000000139524,0
0,4,idle,697,0.0018329999998059066,0
0,4,idle,698,0.0011669999998957792,0
0,4,idle,699,0.0013330000001587905,0
0,4,idle,700,0.001040999999986525,0
0,4,idle,701,0.0009579999998550193,0
0,4,idle,702,0.0011669999998957792,0
0,4,idle,703,0.0010839999999916472,0
0,4,idle,704,0.0009999999999763531,0
0,4,idle,705,0.001042000000097687,0
0,4,idle,706,0.0009999999999763531,0
0,4,idle,707,0.0036660000000665605,0
0,4,idle,708,0.0014169999999467109,0
0,4,idle,709,0.0009999999999763531,0
0,4,idle,710,0.0013750000000527507,0
0,4,idle,711,0.001040999999986525,0
0,4,idle,712,0.0010839999999916472,0
0,4,idle,713,0.001209000000017113,0
0,4,idle,714,0.001042000000097687,0
0,4,idle,715,0.001042000000097687,0
0,4,idle,716,0.0010839999999916472,0
0,4,idle,717,0.0009999999999763531,0
0,4,idle,718,0.0012910000000374566,0
0,4,idle,719,0.001125000000001819,0
0,4,idle,720,0.0029170000000249274,0
0,4,idle,721,0.0010839999999916472,0
0,4,idle,722,0.0010419999998703133,0
0,4,idle,723,0.0012500000000272848,0
0,4,idle,724,0.0010829999998804851,0
0,4,idle,725,0.0009579999998550193,0
0,4,idle,726,0.0009999999999763531,0
0,4,idle,727,0.0010419999998703133,0
0,4,idle,728,0.0014170000001740846,0
0,4,idle,729,0.0012910000000374566,0
0,4,idle,730,0.0010839999999916472,0
0,4,idle,731,0.0009999999999763531,0
0,4,idle,732,0.0012500000000272848,0
0,4,idle,733,0.0009999999999763531,0
0,4,idle,734,0.0012080000001333246,0
0,4,idle,735,0.001042000000097687,0
0,4,idle,736,0.0010419999998703133,0
0,4,idle,737,0.0009999999999763531,0
0,4,idle,738,0.001042000000097687,0
0,4,idle,739,0.0013329999999314168,0
0,4,idle,740,0.001042000000097687,0
0,4,idle,741,0.0011660000000119908,0
0,4,idle,742,0.0009579999998550193,0
0,4,idle,743,0.0009999999999763531,0
0,4,idle,744,0.001291999999921245,0
0,4,idle,745,0.001042000000097687,0
0,4,idle,746,0.001040999999986525,0
0,4,idle,747,0.001291999999921245,0
0,4,idle,748,0.0015840000000935106,0
0,4,idle,749,0.0010419999998703133,0
0,4,idle,750,0.0031249999999545253,0
0,4,idle,751,0.0027499999998781277,0
0,4,idle,752,0.001042000000097687,0
0,4,idle,753,0.0009999999999763531,0
0,4,idle,754,0.0028750000001309672,0
0,4,idle,755,0.0012920000001486187,0
0,4,idle,756,0.001125000000001819,0
0,4,idle,757,0.0010419999998703133,0
0,4,idle,758,0.001040999999986525,0
0,4,idle,759,0.0012920000001486187,0
0,4,idle,760,0.0011670000001231529,0
0,4,idle,761,0.0010830000001078588,0
0,4,idle,762,0.0010000000002037268,0
0,4,idle,763,0.0010000000002037268,0
0,4,idle,764,0.0009999999999763531,0
0,4,idle,765,0.0012080000001333246,0
0,4,idle,766,0.001374999999825377,0
0,4,idle,767,0.0010839999999916472,0
0,4,idle,768,0.0009589999999661813,0
0,4,idle,769,0.0013750000000527507,0
0,4,idle,770,0.0009999999999763531,0
0,4,idle,771,0.0011660000000119908,0
0,4,idle,772,0.0010419999998703133,0
0,4,idle,773,0.0011660000000119908,0
0,4,idle,774,0.0009999999999763531,0
0,4,idle,775,0.0009580000000823929,0
0,4,idle,776,0.001125000000001819,0
0,4,idle,777,0.0009999999999763531,0
0,4,idle,778,0.0010419999998703133,0
0,4,idle,779,0.001040999999986525,0
0,4,idle,780,0.0009580000000823929,0
0,4,idle,781,0.0030419999998230196,0
0,4,idle,782,0.0009999999999763531,0
0,4,idle,783,0.0010839999999916472,0
0,4,idle,784,0.0009999999999763531,0
0,4,idle,785,0.0009999999999763531,0
0,4,idle,786,0.0011669999998957792,0
0,4,idle,787,0.0010839999999916472,0
0,4,idle,788,0.001042000000097687,0
0,4,idle,789,0.001040999999986525,0
0,4,idle,790,0.0009999999999763531,0
0,4,idle,791,0.0032089999999698193,0
0,4,idle,792,0.0012920000001486187,0
0,4,idle,793,0.0010830000001078588,0
0,4,idle,794,0.0009999999999763531,0
0,4,idle,795,0.0009999999999763531,0
0,4,idle,796,0.0009579999998550193,0
0,4,idle,797,0.001207999999905951,0
0,4,idle,798,0.0010839999999916472,0
0,4,idle,799,0.0016250000001036824,0
0,4,idle,800,0.0009999999999763531,0
0,4,idle,801,0.0011660000000119908,0
0,4,idle,802,0.001125000000001819,0
0,4,idle,803,0.0009579999998550193,0
0,4,idle,804,0.0012910000000374566,0
0,4,idle,805,0.001125000000001819,0
0,4,idle,806,0.0009580000000823929,0
0,4,idle,807,0.0011660000000119908,0
0,4,idle,808,0.0009580000000823929,0
0,4,idle,809,0.0009999999999763531,0
0,4,idle,810,0.001125000000001819,0
0,4,idle,811,0.0009999999999763531,0
0,4,idle,812,0.004833999999846128,0
0,4,idle,813,0.0014580000001842564,0
0,4,idle,814,0.001040999999986525,0
0,4,idle,815,0.0010829999998804851,0
0,4,idle,816,0.0009999999999763531,0
0,4,idle,817,0.0009999999999763531,0
0,4,idle,818,0.001334000000042579,0
0,4,idle,819,0.001042000000097687,0
0,4,idle,820,0.0010419999998703133,0
0,4,idle,821,0.0029589999999188876,0
0,4,idle,822,0.0016669999999976426,0
0,4,idle,823,0.001207999999905951,0
0,4,idle,824,0.001125000000001819,0
0,4,idle,825,0.0010419999998703133,0
0,4,idle,826,0.0009579999998550193,0
0,4,idle,827,0.001040999999986525,0
0,4,idle,828,0.001042000000097687,0
0,4,idle,829,0.0012500000000272848,0
0,4,idle,830,0.001125000000001819,0
0,4,idle,831,0.0009999999999763531,0
0,4,idle,832,0.001042000000097687,0
0,4,idle,833,0.0012500000000272848,0
0,4,idle,834,0.0011669999998957792,0
0,4,idle,835,0.0009999999999763531,0
0,4,idle,836,0.001125000000001819,0
0,4,idle,837,0.0009999999999763531,0
0,4,idle,838,0.001042000000097687,0
0,4,idle,839,0.0012500000000272848,0
0,4,idle,840,0.0009589999999661813,0
0,4,idle,841,0.0011669999998957792,0
0,4,idle,842,0.003292000000101325,0
0,4,idle,843,0.0010829999998804851,0
0,4,idle,844,0.0019999999999527063,0
0,4,idle,845,0.001040999999986525,0
0,4,idle,846,0.001042000000097687,0
0,4,idle,847,0.0010829999998804851,0
0,4,idle,848,0.0009169999998448475,0
0,4,idle,849,0.0009999999999763531,0
0,4,idle,850,0.0011669999998957792,0
0,4,idle,851,0.0011660000000119908,0
0,4,idle,852,0.001042000000097687,0
0,4,idle,853,0.0010419999998703133,0
0,4,idle,854,0.0014160000000629225,0
0,4,idle,855,0.0011669999998957792,0
0,4,idle,856,0.001042000000097687,0
0,4,idle,857,0.0010829999998804851,0
0,4,idle,858,0.001042000000097687,0
0,4,idle,859,0.0012910000000374566,0
0,4,idle,860,0.0012080000001333246,0
0,4,idle,861,0.0013750000000527507,0
0,4,idle,862,0.0009999999999763531,0
0,4,idle,863,0.001042000000097687,0
0,4,idle,864,0.0009589999999661813,0
0,4,idle,865,0.001207999999905951,0
0,4,idle,866,0.001125000000001819,0
0,4,idle,867,0.001207999999905951,0
0,4,idle,868,0.0009999999999763531,0
0,4,idle,869,0.001040999999986525,0
0,4,idle,870,0.0010419999998703133,0
0,4,idle,871,0.001207999999905951,0
0,4,idle,872,0.001040999999986525,0
0,4,idle,873,0.0028330000000096334,0
0,4,idle,874,0.002499999999827196,0
0,4,idle,875,0.0027499999998781277,0
0,4,idle,876,0.001209000000017113,0
0,4,idle,877,0.0011670000001231529,0
0,4,idle,878,0.0009999999999763531,0
0,4,idle,879,0.0009999999999763531,0
0,4,idle,880,0.0009999999999763531,0
0,4,idle,881,0.001209000000017113,0
0,4,idle,882,0.001040999999986525,0
0,4,idle,883,0.001042000000097687,0
0,4,idle,884,0.0010830000001078588,0
0,4,idle,885,0.0014579999999568827,0
0,4,idle,886,0.0011669999998957792,0
0,4,idle,887,0.001042000000097687,0
0,4,idle,888,0.0026669999999739957,0
0,4,idle,889,0.0010839999999916472,0
0,4,idle,890,0.001040999999986525,0
0,4,idle,891,0.0010419999998703133,0
0,4,idle,892,0.001207999999905951,0
0,4,idle,893,0.001040999999986525,0
0,4,idle,894,0.0010839999999916472,0
0,4,idle,895,0.0009999999999763531,0
0,4,idle,896,0.001042000000097687,0
0,4,idle,897,0.0012500000000272848,0
0,4,idle,898,0.0009999999999763531,0
0,4,idle,899,0.0011660000000119908,0
0,4,idle,900,0.001291999999921245,0
0,4,idle,901,0.0010000000002037268,0
0,4,idle,902,0.0012499999997999112,0
0,4,idle,903,0.0027919999999994616,0
0,4,idle,904,0.001040999999986525,0
0,4,idle,905,0.0010000000002037268,0
0,4,idle,906,0.0010829999998804851,0
0,4,idle,907,0.0011670000001231529,0
0,4,idle,908,0.001125000000001819,0
0,4,idle,909,0.0009999999999763531,0
0,4,idle,910,0.0009999999999763531,0
0,4,idle,911,0.0009999999999763531,0
0,4,idle,912,0.0009589999999661813,0
0,4,idle,913,0.001125000000001819,0
0,4,idle,914,0.0010419999998703133,0
0,4,idle,915,0.0009999999999763531,0
0,4,idle,916,0.0010000000002037268,0
0,4,idle,917,0.0012500000000272848,0
0,4,idle,918,0.0011660000000119908,0
0,4,idle,919,0.0010839999999916472,0
0,4,idle,920,0.0009999999999763531,0
0,4,idle,921,0.0009579999998550193,0
0,4,idle,922,0.0009999999999763531,0
0,4,idle,923,0.0015829999999823485,0
0,4,idle,924,0.0010839999999916472,0
0,4,idle,925,0.0009999999999763531,0
0,4,idle,926,0.001040999999986525,0
0,4,idle,927,0.0010419999998703133,0
0,4,idle,928,0.0014160000000629225,0
0,4,idle,929,0.001125000000001819,0
0,4,idle,930,0.001207999999905951,0
0,4,idle,931,0.0009999999999763531,0
0,4,idle,932,0.0009589999999661813,0
0,4,idle,933,0.0029170000000249274,0
0,4,idle,934,0.0012910000000374566,0
0,4,idle,935,0.0010419999998703133,0
0,4,idle,936,0.0029580000000350992,0
0,4,idle,937,0.0009999999999763531,0
0,4,idle,938,0.0009999999999763531,0
0,4,idle,939,0.0011670000001231529,0
0,4,idle,940,0.0010419999998703133,0
0,4,idle,941,0.0009579999998550193,0
0,4,idle,942,0.0009999999999763531,0
0,4,idle,943,0.0010000000002037268,0
0,4,idle,944,0.001291999999921245,0
0,4,idle,945,0.0010839999999916472,0
0,4,idle,946,0.001125000000001819,0
0,4,idle,947,0.0009999999999763531,0
0,4,idle,948,0.0012500000000272848,0
0,4,idle,949,0.0009999999999763531,0
0,4,idle,950,0.0013750000000527507,0
0,4,idle,951,0.0010419999998703133,0
0,4,idle,952,0.001042000000097687,0
0,4,idle,953,0.001040999999986525,0
0,4,idle,954,0.0009999999999763531,0
0,4,idle,955,0.0029999999999290594,0
0,4,idle,956,0.001125000000001819,0
0,4,idle,957,0.0009580000000823929,0
0,4,idle,958,0.0025829999999587017,0
0,4,idle,959,0.001125000000001819,0
0,4,idle,960,0.0012500000000272848,0
0,4,idle,961,0.0010839999999916472,0
0,4,idle,962,0.0011669999998957792,0
0,4,idle,963,0.001042000000097687,0
0,4,idle,964,0.003541999999924883,0
0,4,idle,965,0.0012500000000272848,0
0,4,idle,966,0.0009999999999763531,0
0,4,idle,967,0.001334000000042579,0
0,4,idle,968,0.0009999999999763531,0
0,4,idle,969,0.0009169999998448475,0
0,4,idle,970,0.001334000000042579,0
0,4,idle,971,0.001291999999921245,0
0,4,idle,972,0.0009580000000823929,0
0,4,idle,973,0.0010830000001078588,0
0,4,idle,974,0.0009999999999763531,0
0,4,idle,975,0.001040999999986525,0
0,4,idle,976,0.0012500000000272848,0
0,4,idle,977,0.0009999999999763531,0
0,4,idle,978,0.0009999999999763531,0
0,4,idle,979,0.001042000000097687,0
0,4,idle,980,0.0012500000000272848,0
0,4,idle,981,0.0011670000001231529,0
0,4,idle,982,0.0011669999998957792,0
0,4,idle,983,0.0009999999999763531,0
0,4,idle,984,0.001040999999986525,0
0,4,idle,985,0.0012499999997999112,0
0,4,idle,986,0.0011660000000119908,0
0,4,idle,987,0.0010419999998703133,0
0,4,idle,988,0.0009580000000823929,0
0,4,idle,989,0.0009999999999763531,0
0,4,idle,990,0.0009589999999661813,0
0,4,idle,991,0.0009589999999661813,0
0,4,idle,992,0.001125000000001819,0
0,4,idle,993,0.0012500000000272848,0
0,4,idle,994,0.0029999999999290594,0
0,4,idle,995,0.0010839999999916472,0
0,4,idle,996,0.0009999999999763531,0
0,4,idle,997,0.001207999999905951,0
0,4,idle,998,0.003375000000005457,0
0,4,idle,999,0.0015829999999823485,0
0,4,event,0,0.013958000000002357,4
0,4,event,1,0.002250000000003638,0
0,4,event,2,0.0012499999997999112,0
0,4,event,3,0.0013329999999314168,0
0,4,event,4,0.001040999999986525,0
0,4,event,5,0.0010419999998703133,0
0,4,event,6,0.0015829999999823485,0
0,4,event,7,0.0010419999998703133,0
0,4,event,8,0.0012500000000272848,0
0,4,event,9,0.0010829999998804851,0
0,4,event,10,0.0009999999999763531,0
0,4,event,11,0.0010830000001078588,0
0,4,event,12,0.0009999999999763531,0
0,4,event,13,0.0037910000000920263,0
0,4,event,14,0.0010830000001078588,0
0,4,event,15,0.0009999999999763531,0
0,4,event,16,0.001042000000097687,0
0,4,event,17,0.001040999999986525,0
0,4,event,18,0.0014169999999467109,0
0,4,event,19,0.003209000000197193,0
0,4,event,20,0.0010829999998804851,0
0,4,event,21,0.0009999999999763531,0
0,4,event,22,0.0029580000000350992,0
0,4,event,23,0.001040999999986525,0
0,4,event,24,0.001209000000017113,0
0,4,event,25,0.0010419999998703133,0
0,4,event,26,0.0009999999999763531,0
0,4,event,27,0.0009999999999763531,0
0,4,event,28,0.0011670000001231529,0
0,4,event,29,0.0011660000000119908,0
0,4,event,30,0.001042000000097687,0
0,4,event,31,0.0009589999999661813,0
0,4,event,32,0.0010839999999916472,0
0,4,event,33,0.0009999999999763531,0
0,4,event,34,0.0012920000001486187,0
0,4,event,35,0.0012910000000374566,0
0,4,event,36,0.0009999999999763531,0
0,4,event,37,0.0013750000000527507,0
0,4,event,38,0.0031249999999545253,0
0,4,event,39,0.0010839999999916472,0
0,4,event,40,0.0011669999998957792,0
0,4,event,41,0.0009999999999763531,0
0,4,event,42,0.0010839999999916472,0
0,4,event,43,0.0011660000000119908,0
0,4,event,44,0.0029170000000249274,0
0,4,event,45,0.001334000000042579,0
0,4,event,46,0.001040999999986525,0
0,4,event,47,0.0009170000000722212,0
0,4,event,48,0.0009589999999661813,0
0,4,event,49,0.0009589999999661813,0
0,4,event,50,0.0014160000000629225,0
0,4,event,51,0.0009580000000823929,0
0,4,event,52,0.0009579999998550193,0
0,4,event,53,0.0009999999999763531,0
0,4,event,54,0.0010419999998703133,0
0,4,event,55,0.0012910000000374566,0
0,4,event,56,0.0010419999998703133,0
0,4,event,57,0.0009170000000722212,0
0,4,event,58,0.001040999999986525,0
0,4,event,59,0.001125000000001819,0
0,4,event,60,0.015041999999994005,4
0,4,event,61,0.0019589999999425345,0
0,4,event,62,0.001125000000001819,0
0,4,event,63,0.0010829999998804851,0
0,4,event,64,0.0012500000000272848,0
0,4,event,65,0.001040999999986525,0
0,4,event,66,0.001125000000001819,0
0,4,event,67,0.001040999999986525,0
0,4,event,68,0.0013750000000527507,0
0,4,event,69,0.0017499999999017746,0
0,4,event,70,0.0009999999999763531,0
0,4,event,71,0.0010419999998703133,0
0,4,event,72,0.0014160000000629225,0
0,4,event,73,0.003249999999979991,0
0,4,event,74,0.0012500000000272848,0
0,4,event,75,0.0010419999998703133,0
0,4,event,76,0.0009579999998550193,0
0,4,event,77,0.0009999999999763531,0
0,4,event,78,0.0009999999999763531,0
0,4,event,79,0.001042000000097687,0
0,4,event,80,0.003292000000101325,0
0,4,event,81,0.0012910000000374566,0
0,4,event,82,0.0009580000000823929,0
0,4,event,83,0.001042000000097687,0
0,4,event,84,0.0009999999999763531,0
0,4,event,85,0.001207999999905951,0
0,4,event,86,0.001042000000097687,0
0,4,event,87,0.0014169999999467109,0
0,4,event,88,0.001040999999986525,0
0,4,event,89,0.0009580000000823929,0
0,4,event,90,0.0012500000000272848,0
0,4,event,91,0.001040999999986525,0
0,4,event,92,0.0010839999999916472,0
0,4,event,93,0.0009589999999661813,0
0,4,event,94,0.0009999999999763531,0
0,4,event,95,0.001209000000017113,0
0,4,event,96,0.0009589999999661813,0
0,4,event,97,0.0009170000000722212,0
0,4,event,98,0.0029159999999137654,0
0,4,event,99,0.0010419999998703133,0
0,4,event,100,0.0012920000001486187,0
0,4,event,101,0.0012910000000374566,0
0,4,event,102,0.001125000000001819,0
0,4,event,103,0.0010839999999916472,0
0,4,event,104,0.004750000000058208,0
0,4,event,105,0.0010839999999916472,0
0,4,event,106,0.001207999999905951,0
0,4,event,107,0.0009579999998550193,0
0,4,event,108,0.0010829999998804851,0
0,4,event,109,0.0009999999999763531,0
0,4,event,110,0.0009999999999763531,0
0,4,event,111,0.0012500000000272848,0
0,4,event,112,0.0013330000001587905,0
0,4,event,113,0.0010830000001078588,0
0,4,event,114,0.0009999999999763531,0
0,4,event,115,0.0009999999999763531,0
0,4,event,116,0.0009580000000823929,0
0,4,event,117,0.001125000000001819,0
0,4,event,118,0.001040999999986525,0
0,4,event,119,0.0009580000000823929,0
0,4,event,120,0.011458000000175161,4
0,4,event,121,0.0016249999998763087,0
0,4,event,122,0.0011670000001231529,0
0,4,event,123,0.0010829999998804851,0
0,4,event,124,0.0011670000001231529,0
0,4,event,125,0.0012500000000272848,0
0,4,event,126,0.0009999999999763531,0
0,4,event,127,0.0015000000000782165,0
0,4,event,128,0.0011669999998957792,0
0,4,event,129,0.001125000000001819,0
0,4,event,130,0.0011660000000119908,0
0,4,event,131,0.001042000000097687,0
0,4,event,132,0.001374999999825377,0
0,4,event,133,0.0032919999998739513,0
0,4,event,134,0.0011670000001231529,0
0,4,event,135,0.0014579999999568827,0
0,4,event,136,0.001125000000001819,0
0,4,event,137,0.0011670000001231529,0
0,4,event,138,0.0010829999998804851,0
0,4,event,139,0.0010829999998804851,0
0,4,event,140,0.0009579999998550193,0
0,4,event,141,0.003208000000086031,0
0,4,event,142,0.0010419999998703133,0
0,4,event,143,0.0025829999999587017,0
0,4,event,144,0.0012500000000272848,0
0,4,event,145,0.0013750000000527507,0
0,4,event,146,0.0013750000000527507,0
0,4,event,147,0.0009999999999763531,0
0,4,event,148,0.0009999999999763531,0
0,4,event,149,0.001042000000097687,0
0,4,event,150,0.0015829999999823485,0
0,4,event,151,0.0012500000000272848,0
0,4,event,152,0.0011660000000119908,0
0,4,event,153,0.0009999999999763531,0
0,4,event,154,0.0009999999999763531,0
0,4,event,155,0.0009999999999763531,0
0,4,event,156,0.001334000000042579,0
0,4,event,157,0.0010839999999916472,0
0,4,event,158,0.0029589999999188876,0
0,4,event,159,0.001042000000097687,0
0,4,event,160,0.0009579999998550193,0
0,4,event,161,0.001042000000097687,0
0,4,event,162,0.0011660000000119908,0
0,4,event,163,0.0014169999999467109,0
0,4,event,164,0.003375000000005457,0
0,4,event,165,0.001209000000017113,0
0,4,event,166,0.0009999999999763531,0
0,4,event,167,0.001125000000001819,0
0,4,event,168,0.0009999999999763531,0
0,4,event,169,0.0009580000000823929,0
0,4,event,170,0.0009580000000823929,0
0,4,event,171,0.0009580000000823929,0
0,4,event,172,0.0012080000001333246,0
0,4,event,173,0.0010830000001078588,0
0,4,event,174,0.0010419999998703133,0
0,4,event,175,0.0012910000000374566,0
0,4,event,176,0.001042000000097687,0
0,4,event,177,0.001040999999986525,0
0,4,event,178,0.001291999999921245,0
0,4,event,179,0.0009580000000823929,0
0,4,event,180,0.011416000000053828,4
0,4,event,181,0.0017920000000231084,0
0,4,event,182,0.0015419999999721767,0
0,4,event,183,0.001040999999986525,0
0,4,event,184,0.0009999999999763531,0
0,4,event,185,0.003582999999935055,0
0,4,event,186,0.001290999999810083,0
0,4,event,187,0.0010419999998703133,0
0,4,event,188,0.001040999999986525,0
0,4,event,189,0.001042000000097687,0
0,4,event,190,0.001042000000097687,0
0,4,event,191,0.0012080000001333246,0
0,4,event,192,0.001040999999986525,0
0,4,event,193,0.0009999999999763531,0
0,4,event,194,0.005625000000009095,0
0,4,event,195,0.0015420000001995504,0
0,4,event,196,0.0015829999999823485,0
0,4,event,197,0.001042000000097687,0
0,4,event,198,0.0010829999998804851,0
0,4,event,199,0.0009999999999763531,0
0,4,event,200,0.0010839999999916472,0
0,4,event,201,0.0009999999999763531,0
0,4,event,202,0.003708999999844309,0
0,4,event,203,0.001042000000097687,0
0,4,event,204,0.0009580000000823929,0
0,4,event,205,0.001042000000097687,0
0,4,event,206,0.001291999999921245,0
0,4,event,207,0.0012080000001333246,0
0,4,event,208,0.0009579999998550193,0
0,4,event,209,0.001042000000097687,0
0,4,event,210,0.0010000000002037268,0
0,4,event,211,0.0009170000000722212,0
0,4,event,212,0.001374999999825377,0
0,4,event,213,0.001125000000001819,0
0,4,event,214,0.0012080000001333246,0
0,4,event,215,0.0009159999999610591,0
0,4,event,216,0.0009999999999763531,0
0,4,event,217,0.0009580000000823929,0
0,4,event,218,0.003457999999909589,0
0,4,event,219,0.003249999999979991,0
0,4,event,220,0.0010829999998804851,0
0,4,event,221,0.001040999999986525,0
0,4,event,222,0.0010830000001078588,0
0,4,event,223,0.001207999999905951,0
0,4,event,224,0.0038329999999859865,0
0,4,event,225,0.0013750000000527507,0
0,4,event,226,0.0013750000000527507,0
0,4,event,227,0.0010000000002037268,0
0,4,event,228,0.0011670000001231529,0
0,4,event,229,0.001040999999986525,0
0,4,event,230,0.0009580000000823929,0
0,4,event,231,0.0009999999999763531,0
0,4,event,232,0.001040999999986525,0
0,4,event,233,0.0012080000001333246,0
0,4,event,234,0.001042000000097687,0
0,4,event,235,0.0009169999998448475,0
0,4,event,236,0.001042000000097687,0
0,4,event,237,0.001125000000001819,0
0,4,event,238,0.0010419999998703133,0
0,4,event,239,0.0011660000000119908,0
0,4,event,240,0.012417000000141343,4
0,4,event,241,0.0013339999998152052,0
0,4,event,242,0.0014170000001740846,0
0,4,event,243,0.0010830000001078588,0
0,4,event,244,0.0009999999999763531,0
0,4,event,245,0.001042000000097687,0
0,4,event,246,0.0009999999999763531,0
0,4,event,247,0.0012500000000272848,0
0,4,event,248,0.0010000000002037268,0
0,4,event,249,0.0010419999998703133,0
0,4,event,250,0.0009999999999763531,0
0,4,event,251,0.0009999999999763531,0
0,4,event,252,0.001207999999905951,0
0,4,event,253,0.0009999999999763531,0
0,4,event,254,0.0032919999998739513,0
0,4,event,255,0.001042000000097687,0
0,4,event,256,0.0009999999999763531,0
0,4,event,257,0.001125000000001819,0
0,4,event,258,0.0016669999999976426,0
0,4,event,259,0.0012080000001333246,0
0,4,event,260,0.0009580000000823929,0
0,4,event,261,0.0010830000001078588,0
0,4,event,262,0.001042000000097687,0
0,4,event,263,0.0032089999999698193,0
0,4,event,264,0.001040999999986525,0
0,4,event,265,0.0009999999999763531,0
0,4,event,266,0.0010829999998804851,0
0,4,event,267,0.003249999999979991,0
0,4,event,268,0.0015000000000782165,0
0,4,event,269,0.001334000000042579,0
0,4,event,270,0.0009999999999763531,0
0,4,event,271,0.0009999999999763531,0
0,4,event,272,0.0009579999998550193,0
0,4,event,273,0.0012500000000272848,0
0,4,event,274,0.0012500000000272848,0
0,4,event,275,0.001040999999986525,0
0,4,event,276,0.0009580000000823929,0
0,4,event,277,0.0031249999999545253,0
0,4,event,278,0.0010830000001078588,0
0,4,event,279,0.0012500000000272848,0
0,4,event,280,0.0009999999999763531,0
0,4,event,281,0.0009999999999763531,0
0,4,event,282,0.0009999999999763531,0
0,4,event,283,0.0010000000002037268,0
0,4,event,284,0.0032079999998586572,0
0,4,event,285,0.0010419999998703133,0
0,4,event,286,0.0009589999999661813,0
0,4,event,287,0.0009999999999763531,0
0,4,event,288,0.0009999999999763531,0
0,4,event,289,0.0015829999999823485,0
0,4,event,290,0.0011670000001231529,0
0,4,event,291,0.0009999999999763531,0
0,4,event,292,0.0009589999999661813,0
0,4,event,293,0.0009589999999661813,0
0,4,event,294,0.0011670000001231529,0
0,4,event,295,0.0010830000001078588,0
0,4,event,296,0.0010419999998703133,0
0,4,event,297,0.0009999999999763531,0
0,4,event,298,0.0009999999999763531,0
0,4,event,299,0.0010830000001078588,0
0,4,event,300,0.01125000000001819,4
0,4,event,301,0.0014590000000680448,0
0,4,event,302,0.0010419999998703133,0
0,4,event,303,0.0013750000000527507,0
0,4,event,304,0.0010830000001078588,0
0,4,event,305,0.0013750000000527507,0
0,4,event,306,0.0009999999999763531,0
0,4,event,307,0.0009999999999763531,0
0,4,event,308,0.001207999999905951,0
0,4,event,309,0.0009999999999763531,0
0,4,event,310,0.0010830000001078588,0
0,4,event,311,0.0010829999998804851,0
0,4,event,312,0.0009999999999763531,0
0,4,event,313,0.0011660000000119908,0
0,4,event,314,0.0030420000000503933,0
0,4,event,315,0.0010829999998804851,0
0,4,event,316,0.0010830000001078588,0
0,4,event,317,0.001125000000001819,0
0,4,event,318,0.0009580000000823929,0
0,4,event,319,0.0013750000000527507,0
0,4,event,320,0.0010000000002037268,0
0,4,event,321,0.0015000000000782165,0
0,4,event,322,0.0009579999998550193,0
0,4,event,323,0.0009999999999763531,0
0,4,event,324,0.0032919999998739513,0
0,4,event,325,0.001042000000097687,0
0,4,event,326,0.0009580000000823929,0
0,4,event,327,0.0010000000002037268,0
0,4,event,328,0.0009999999999763531,0
0,4,event,329,0.0011669999998957792,0
0,4,event,330,0.0009999999999763531,0
0,4,event,331,0.001207999999905951,0
0,4,event,332,0.001040999999986525,0
0,4,event,333,0.0010419999998703133,0
0,4,event,334,0.0012500000000272848,0
0,4,event,335,0.0010829999998804851,0
0,4,event,336,0.001165999999784617,0
0,4,event,337,0.0028340000001207954,0
0,4,event,338,0.0010839999999916472,0
0,4,event,339,0.0010829999998804851,0
0,4,event,340,0.0012920000001486187,0
0,4,event,341,0.0010419999998703133,0
0,4,event,342,0.001125000000001819,0
0,4,event,343,0.0011669999998957792,0
0,4,event,344,0.0027499999998781277,0
0,4,event,345,0.001334000000042579,0
0,4,event,346,0.0010829999998804851,0
0,4,event,347,0.0009580000000823929,0
0,4,event,348,0.0009999999999763531,0
0,4,event,349,0.0009170000000722212,0
0,4,event,350,0.0029580000000350992,0
0,4,event,351,0.0009999999999763531,0
0,4,event,352,0.0012500000000272848,0
0,4,event,353,0.0009999999999763531,0
0,4,event,354,0.0010829999998804851,0
0,4,event,355,0.001291999999921245,0
0,4,event,356,0.0010830000001078588,0
0,4,event,357,0.0009999999999763531,0
0,4,event,358,0.0009999999999763531,0
0,4,event,359,0.0009580000000823929,0
0,4,event,360,0.010915999999951964,4
0,4,event,361,0.0013750000000527507,0
0,4,event,362,0.0013330000001587905,0
0,4,event,363,0.0009999999999763531,0
0,4,event,364,0.001334000000042579,0
0,4,event,365,0.0010830000001078588,0
0,4,event,366,0.0009159999999610591,0
0,4,event,367,0.0010829999998804851,0
0,4,event,368,0.0009589999999661813,0
0,4,event,369,0.0015419999999721767,0
0,4,event,370,0.0010829999998804851,0
0,4,event,371,0.001042000000097687,0
0,4,event,372,0.001040999999986525,0
0,4,event,373,0.0009589999999661813,0
0,4,event,374,0.003333999999995285,0
0,4,event,375,0.0012080000001333246,0
0,4,event,376,0.001040999999986525,0
0,4,event,377,0.0009999999999763531,0
0,4,event,378,0.0009169999998448475,0
0,4,event,379,0.001042000000097687,0
0,4,event,380,0.0011660000000119908,0
0,4,event,381,0.0009999999999763531,0
0,4,event,382,0.0009999999999763531,0
0,4,event,383,0.0010830000001078588,0
0,4,event,384,0.0015000000000782165,0
0,4,event,385,0.003208000000086031,0
0,4,event,386,0.0009999999999763531,0
0,4,event,387,0.0009999999999763531,0
0,4,event,388,0.001042000000097687,0
0,4,event,389,0.0009160000001884328,0
0,4,event,390,0.001207999999905951,0
0,4,event,391,0.0010829999998804851,0
0,4,event,392,0.0009580000000823929,0
0,4,event,393,0.0011669999998957792,0
0,4,event,394,0.001042000000097687,0
0,4,event,395,0.0011669999998957792,0
0,4,event,396,0.0010830000001078588,0
0,4,event,397,0.003416999999899417,0
0,4,event,398,0.0010839999999916472,0
0,4,event,399,0.000959000000193555,0
0,4,event,400,0.001042000000097687,0
0,4,event,401,0.0016669999999976426,0
0,4,event,402,0.0009999999999763531,0
0,4,event,403,0.001207999999905951,0
0,4,event,404,0.0009580000000823929,0
0,4,event,405,0.0027919999999994616,0
0,4,event,406,0.001291999999921245,0
0,4,event,407,0.0010419999998703133,0
0,4,event,408,0.001042000000097687,0
0,4,event,409,0.0011670000001231529,0
0,4,event,410,0.0010839999999916472,0
0,4,event,411,0.0014160000000629225,0
0,4,event,412,0.001042000000097687,0
0,4,event,413,0.0009579999998550193,0
0,4,event,414,0.0009999999999763531,0
0,4,event,415,0.0016659999998864805,0
0,4,event,416,0.001207999999905951,0
0,4,event,417,0.0010829999998804851,0
0,4,event,418,0.0009579999998550193,0
0,4,event,419,0.0009999999999763531,0
0,4,event,420,0.010833000000047832,4
0,4,event,421,0.009957999999869571,0
0,4,event,422,0.001125000000001819,0
0,4,event,423,0.0009999999999763531,0
0,4,event,424,0.0016669999999976426,0
0,4,event,425,0.0009589999999661813,0
0,4,event,426,0.0009589999999661813,0
0,4,event,427,0.0009580000000823929,0
0,4,event,428,0.0009580000000823929,0
0,4,event,429,0.001125000000001819,0
0,4,event,430,0.0009589999999661813,0
0,4,event,431,0.003416999999899417,0
0,4,event,432,0.0009999999999763531,0
0,4,event,433,0.0009999999999763531,0
0,4,event,434,0.00254199999994853,0
0,4,event,435,0.0014160000000629225,0
0,4,event,436,0.0010419999998703133,0
0,4,event,437,0.0009589999999661813,0
0,4,event,438,0.0009170000000722212,0
0,4,event,439,0.0014580000001842564,0
0,4,event,440,0.0010830000001078588,0
0,4,event,441,0.0009159999999610591,0
0,4,event,442,0.0009169999998448475,0
0,4,event,443,0.0009999999999763531,0
0,4,event,444,0.0009170000000722212,0
0,4,event,445,0.001125000000001819,0
0,4,event,446,0.0026670000002013694,0
0,4,event,447,0.0009999999999763531,0
0,4,event,448,0.0008749999999508873,0
0,4,event,449,0.0009170000000722212,0
0,4,event,450,0.0011669999998957792,0
0,4,event,451,0.000875000000178261,0
0,4,event,452,0.0009170000000722212,0
0,4,event,453,0.001040999999986525,0
0,4,event,454,0.0028330000000096334,0
0,4,event,455,0.0009170000000722212,0
0,4,event,456,0.0015000000000782165,0
0,4,event,457,0.0028330000000096334,0
0,4,event,458,0.0009999999999763531,0
0,4,event,459,0.0009169999998448475,0
0,4,event,460,0.0014579999999568827,0
0,4,event,461,0.0011669999998957792,0
0,4,event,462,0.0009580000000823929,0
0,4,event,463,0.0009160000001884328,0
0,4,event,464,0.0009589999999661813,0
0,4,event,465,0.0031249999999545253,0
0,4,event,466,0.0011670000001231529,0
0,4,event,467,0.001040999999986525,0
0,4,event,468,0.0009580000000823929,0
0,4,event,469,0.0009169999998448475,0
0,4,event,470,0.0012910000000374566,0
0,4,event,471,0.000875000000178261,0
0,4,event,472,0.001125000000001819,0
0,4,event,473,0.0008749999999508873,0
0,4,event,474,0.0009170000000722212,0
0,4,event,475,0.0009170000000722212,0
0,4,event,476,0.0009579999998550193,0
0,4,event,477,0.001040999999986525,0
0,4,event,478,0.0009170000000722212,0
0,4,event,479,0.0009999999999763531,0
0,4,event,480,0.022917000000006738,4
0,4,event,481,0.0015419999999721767,0
0,4,event,482,0.0009589999999661813,0
0,4,event,483,0.0010830000001078588,0
0,4,event,484,0.0010829999998804851,0
0,4,event,485,0.001125000000001819,0
0,4,event,486,0.0009579999998550193,0
0,4,event,487,0.0012500000000272848,0
0,4,event,488,0.0009580000000823929,0
0,4,event,489,0.0009159999999610591,0
0,4,event,490,0.001125000000001819,0
0,4,event,491,0.001125000000001819,0
0,4,event,492,0.0009170000000722212,0
0,4,event,493,0.0009999999999763531,0
0,4,event,494,0.0013750000000527507,0
0,4,event,495,0.0035830000001624285,0
0,4,event,496,0.001207999999905951,0
0,4,event,497,0.0009589999999661813,0
0,4,event,498,0.0009170000000722212,0
0,4,event,499,0.0009999999999763531,0
0,4,event,500,0.0010000000002037268,0
0,4,event,501,0.001042000000097687,0
0,4,event,502,0.0009170000000722212,0
0,4,event,503,0.0008749999999508873,0
0,4,event,504,0.0009580000000823929,0
0,4,event,505,0.0008749999999508873,0
0,4,event,506,0.0010830000001078588,0
0,4,event,507,0.003165999999964697,0
0,4,event,508,0.0009589999999661813,0
0,4,event,509,0.000875000000178261,0
0,4,event,510,0.0009580000000823929,0
0,4,event,511,0.0011670000001231529,0
0,4,event,512,0.0008339999999407155,0
0,4,event,513,0.0028339999998934218,0
0,4,event,514,0.0009999999999763531,0
0,4,event,515,0.0009160000001884328,0
0,4,event,516,0.0009170000000722212,0
0,4,event,517,0.0029580000000350992,0
0,4,event,518,0.0013329999999314168,0
0,4,event,519,0.0009579999998550193,0
0,4,event,520,0.0008749999999508873,0
0,4,event,521,0.0009170000000722212,0
0,4,event,522,0.0011669999998957792,0
0,4,event,523,0.0009170000000722212,0
0,4,event,524,0.0013330000001587905,0
0,4,event,525,0.0033330000001114968,0
0,4,event,526,0.0010419999998703133,0
0,4,event,527,0.0010839999999916472,0
0,4,event,528,0.0009170000000722212,0
0,4,event,529,0.001040999999986525,0
0,4,event,530,0.0009579999998550193,0
0,4,event,531,0.0009170000000722212,0
0,4,event,532,0.0010829999998804851,0
0,4,event,533,0.0008749999999508873,0
0,4,event,534,0.0009169999998448475,0
0,4,event,535,0.0009159999999610591,0
0,4,event,536,0.0009169999998448475,0
0,4,event,537,0.004000000000132786,0
0,4,event,538,0.0011669999998957792,0
0,4,event,539,0.0009580000000823929,0
0,4,event,540,0.013374999999996362,4
0,4,event,541,0.0016669999999976426,0
0,4,event,542,0.0009999999999763531,0
0,4,event,543,0.0009999999999763531,0
0,4,event,544,0.0010829999998804851,0
0,4,event,545,0.0009170000000722212,0
0,4,event,546,0.0012089999997897394,0
0,4,event,547,0.0009580000000823929,0
0,4,event,548,0.0009579999998550193,0
0,4,event,549,0.0015409999998610147,0
0,4,event,550,0.0009579999998550193,0
0,4,event,551,0.001125000000001819,0
0,4,event,552,0.0008749999999508873,0
0,4,event,553,0.0008749999999508873,0
0,4,event,554,0.0009589999999661813,0
0,4,event,555,0.003249999999979991,0
0,4,event,556,0.0009580000000823929,0
0,4,event,557,0.0011670000001231529,0
0,4,event,558,0.0009589999999661813,0
0,4,event,559,0.0009580000000823929,0
0,4,event,560,0.0009999999999763531,0
0,4,event,561,0.0009580000000823929,0
0,4,event,562,0.001125000000001819,0
0,4,event,563,0.0009160000001884328,0
0,4,event,564,0.0009589999999661813,0
0,4,event,565,0.0009999999999763531,0
0,4,event,566,0.0009589999999661813,0
0,4,event,567,0.0011660000000119908,0
0,4,event,568,0.0029170000000249274,0
0,4,event,569,0.0009999999999763531,0
0,4,event,570,0.0009589999999661813,0
0,4,event,571,0.0009170000000722212,0
0,4,event,572,0.001125000000001819,0
0,4,event,573,0.0009160000001884328,0
0,4,event,574,0.0009580000000823929,0
0,4,event,575,0.0009170000000722212,0
0,4,event,576,0.0028749999999035936,0
0,4,event,577,0.0009589999999661813,0
0,4,event,578,0.0010839999999916472,0
0,4,event,579,0.000959000000193555,0
0,4,event,580,0.000875000000178261,0
0,4,event,581,0.0011670000001231529,0
0,4,event,582,0.0008749999999508873,0
0,4,event,583,0.0010830000001078588,0
0,4,event,584,0.0008749999999508873,0
0,4,event,585,0.0029159999999137654,0
0,4,event,586,0.0009999999999763531,0
0,4,event,587,0.0009580000000823929,0
0,4,event,588,0.001125000000001819,0
0,4,event,589,0.0009160000001884328,0
0,4,event,590,0.0009169999998448475,0
0,4,event,591,0.0009999999999763531,0
0,4,event,592,0.0009159999999610591,0
0,4,event,593,0.0010419999998703133,0
0,4,event,594,0.0009999999999763531,0
0,4,event,595,0.0028749999999035936,0
0,4,event,596,0.0010829999998804851,0
0,4,event,597,0.0009580000000823929,0
0,4,event,598,0.0008749999999508873,0
0,4,event,599,0.0011670000001231529,0
0,4,event,600,0.010416999999961263,4
0,4,event,601,0.0015000000000782165,0
0,4,event,602,0.0012910000000374566,0
0,4,event,603,0.001042000000097687,0
0,4,event,604,0.001583999999866137,0
0,4,event,605,0.0009580000000823929,0
0,4,event,606,0.0009579999998550193,0
0,4,event,607,0.007333000000016909,0
0,4,event,608,0.0014169999999467109,0
0,4,event,609,0.0010419999998703133,0
0,4,event,610,0.0009580000000823929,0
0,4,event,611,0.0009170000000722212,0
0,4,event,612,0.001209000000017113,0
0,4,event,613,0.0008749999999508873,0
0,4,event,614,0.0009589999999661813,0
0,4,event,615,0.015375000000176442,0
0,4,event,616,0.0010830000001078588,0
0,4,event,617,0.0012089999997897394,0
0,4,event,618,0.0009170000000722212,0
0,4,event,619,0.0009170000000722212,0
0,4,event,620,0.0009169999998448475,0
0,4,event,621,0.0009159999999610591,0
0,4,event,622,0.001125000000001819,0
0,4,event,623,0.0008749999999508873,0
0,4,event,624,0.0009159999999610591,0
0,4,event,625,0.0009170000000722212,0
0,4,event,626,0.000875000000178261,0
0,4,event,627,0.0010830000001078588,0
0,4,event,628,0.0009169999998448475,0
0,4,event,629,0.0029999999999290594,0
0,4,event,630,0.0009999999999763531,0
0,4,event,631,0.0009169999998448475,0
0,4,event,632,0.000875000000178261,0
0,4,event,633,0.0015000000000782165,0
0,4,event,634,0.0017499999999017746,0
0,4,event,635,0.0009580000000823929,0
0,4,event,636,0.0029159999999137654,0
0,4,event,637,0.0009580000000823929,0
0,4,event,638,0.0009589999999661813,0
0,4,event,639,0.001125000000001819,0
0,4,event,640,0.0010419999998703133,0
0,4,event,641,0.0009580000000823929,0
0,4,event,642,0.0008749999999508873,0
0,4,event,643,0.000875000000178261,0
0,4,event,644,0.0011670000001231529,0
0,4,event,645,0.003167000000075859,0
0,4,event,646,0.0009579999998550193,0
0,4,event,647,0.0009159999999610591,0
0,4,event,648,0.0009170000000722212,0
0,4,event,649,0.0010830000001078588,0
0,4,event,650,0.0009159999999610591,0
0,4,event,651,0.0008329999998295534,0
0,4,event,652,0.0015419999999721767,0
0,4,event,653,0.0008339999999407155,0
0,4,event,654,0.0009159999999610591,0
0,4,event,655,0.0010419999998703133,0
0,4,event,656,0.000875000000178261,0
0,4,event,657,0.0029999999999290594,0
0,4,event,658,0.0010000000002037268,0
0,4,event,659,0.0008749999999508873,0
0,4,event,660,0.021042000000079497,4
0,4,event,661,0.0017920000000231084,0
0,4,event,662,0.001040999999986525,0
0,4,event,663,0.0012920000001486187,0
0,4,event,664,0.0009589999999661813,0
0,4,event,665,0.0009169999998448475,0
0,4,event,666,0.0009580000000823929,0
0,4,event,667,0.0009170000000722212,0
0,4,event,668,0.001042000000097687,0
0,4,event,669,0.0009159999999610591,0
0,4,event,670,0.0009170000000722212,0
0,4,event,671,0.0013329999999314168,0
0,4,event,672,0.0009169999998448475,0
0,4,event,673,0.0010830000001078588,0
0,4,event,674,0.0009160000001884328,0
0,4,event,675,0.003167000000075859,0
0,4,event,676,0.0028339999998934218,0
0,4,event,677,0.0008749999999508873,0
0,4,event,678,0.0008749999999508873,0
0,4,event,679,0.001207999999905951,0
0,4,event,680,0.0009170000000722212,0
0,4,event,681,0.0009579999998550193,0
0,4,event,682,0.0008749999999508873,0
0,4,event,683,0.0010419999998703133,0
0,4,event,684,0.0011670000001231529,0
0,4,event,685,0.0009159999999610591,0
0,4,event,686,0.0008749999999508873,0
0,4,event,687,0.0008749999999508873,0
0,4,event,688,0.0009160000001884328,0
0,4,event,689,0.003292000000101325,0
0,4,event,690,0.0028749999999035936,0
0,4,event,691,0.000875000000178261,0
0,4,event,692,0.0008330000000569271,0
0,4,event,693,0.0009159999999610591,0
0,4,event,694,0.001042000000097687,0
0,4,event,695,0.0009579999998550193,0
0,4,event,696,0.0027500000001055014,0
0,4,event,697,0.0009159999999610591,0
0,4,event,698,0.0008330000000569271,0
0,4,event,699,0.0009170000000722212,0
0,4,event,700,0.001040999999986525,0
0,4,event,701,0.0008749999999508873,0
0,4,event,702,0.0009580000000823929,0
0,4,event,703,0.0009169999998448475,0
0,4,event,704,0.0008749999999508873,0
0,4,event,705,0.001125000000001819,0
0,4,event,706,0.0026669999999739957,0
0,4,event,707,0.0008749999999508873,0
0,4,event,708,0.0008749999999508873,0
0,4,event,709,0.0008749999999508873,0
0,4,event,710,0.0011669999998957792,0
0,4,event,711,0.000959000000193555,0
0,4,event,712,0.0008749999999508873,0
0,4,event,713,0.0009999999999763531,0
0,4,event,714,0.000875000000178261,0
0,4,event,715,0.0011660000000119908,0
0,4,event,716,0.0009589999999661813,0
0,4,event,717,0.0009999999999763531,0
0,4,event,718,0.0009589999999661813,0
0,4,event,719,0.000875000000178261,0
0,4,event,720,0.012459000000035303,4
0,4,event,721,0.0011670000001231529,0
0,4,event,722,0.0009579999998550193,0
0,4,event,723,0.0009170000000722212,0
0,4,event,724,0.001125000000001819,0
0,4,event,725,0.0009170000000722212,0
0,4,event,726,0.0008339999999407155,0
0,4,event,727,0.0010419999998703133,0
0,4,event,728,0.0009579999998550193,0
0,4,event,729,0.0011660000000119908,0
0,4,event,730,0.0009170000000722212,0
0,4,event,731,0.0009159999999610591,0
0,4,event,732,0.0009169999998448475,0
0,4,event,733,0.000875000000178261,0
0,4,event,734,0.0010419999998703133,0
0,4,event,735,0.003249999999979991,0
0,4,event,736,0.0009999999999763531,0
0,4,event,737,0.0008749999999508873,0
0,4,event,738,0.001209000000017113,0
0,4,event,739,0.0009999999999763531,0
0,4,event,740,0.0010419999998703133,0
0,4,event,741,0.0009580000000823929,0
0,4,event,742,0.0014169999999467109,0
0,4,event,743,0.0009589999999661813,0
0,4,event,744,0.0009159999999610591,0
0,4,event,745,0.0010829999998804851,0
0,4,event,746,0.0008749999999508873,0
0,4,event,747,0.0008749999999508873,0
0,4,event,748,0.0009160000001884328,0
0,4,event,749,0.0009580000000823929,0
0,4,event,750,0.001125000000001819,0
0,4,event,751,0.003165999999964697,0
0,4,event,752,0.0009170000000722212,0
0,4,event,753,0.0009170000000722212,0
0,4,event,754,0.0009169999998448475,0
0,4,event,755,0.001334000000042579,0
0,4,event,756,0.0029999999999290594,0
0,4,event,757,0.000875000000178261,0
0,4,event,758,0.0008749999999508873,0
0,4,event,759,0.0028330000000096334,0
0,4,event,760,0.0009170000000722212,0
0,4,event,761,0.0011660000000119908,0
0,4,event,762,0.0009589999999661813,0
0,4,event,763,0.0010000000002037268,0
0,4,event,764,0.0009159999999610591,0
0,4,event,765,0.0009580000000823929,0
0,4,event,766,0.0033330000001114968,0
0,4,event,767,0.0009999999999763531,0
0,4,event,768,0.0009999999999763531,0
0,4,event,769,0.0008749999999508873,0
0,4,event,770,0.0009169999998448475,0
0,4,event,771,0.0011660000000119908,0
0,4,event,772,0.0008749999999508873,0
0,4,event,773,0.0009159999999610591,0
0,4,event,774,0.0010000000002037268,0
0,4,event,775,0.0013339999998152052,0
0,4,event,776,0.001042000000097687,0
0,4,event,777,0.0009589999999661813,0
0,4,event,778,0.0009170000000722212,0
0,4,event,779,0.0009160000001884328,0
0,4,event,780,0.010499999999865395,4
0,4,event,781,0.0012499999997999112,0
0,4,event,782,0.0009170000000722212,0
0,4,event,783,0.0009170000000722212,0
0,4,event,784,0.0008749999999508873,0
0,4,event,785,0.001125000000001819,0
0,4,event,786,0.0009580000000823929,0
0,4,event,787,0.0009170000000722212,0
0,4,event,788,0.0009579999998550193,0
0,4,event,789,0.0009580000000823929,0
0,4,event,790,0.001125000000001819,0
0,4,event,791,0.0009169999998448475,0
0,4,event,792,0.0008749999999508873,0
0,4,event,793,0.001042000000097687,0
0,4,event,794,0.0009160000001884328,0
0,4,event,795,0.0031669999998484855,0
0,4,event,796,0.001125000000001819,0
0,4,event,797,0.0009169999998448475,0
0,4,event,798,0.0009159999999610591,0
0,4,event,799,0.001042000000097687,0
0,4,event,800,0.0009580000000823929,0
0,4,event,801,0.001125000000001819,0
0,4,event,802,0.0009169999998448475,0
0,4,event,803,0.0009589999999661813,0
0,4,event,804,0.0009170000000722212,0
0,4,event,805,0.0013750000000527507,0
0,4,event,806,0.0011660000000119908,0
0,4,event,807,0.0008749999999508873,0
0,4,event,808,0.000875000000178261,0
0,4,event,809,0.0008749999999508873,0
0,4,event,810,0.0008749999999508873,0
0,4,event,811,0.0011660000000119908,0
0,4,event,812,0.0029589999999188876,0
0,4,event,813,0.0009589999999661813,0
0,4,event,814,0.000875000000178261,0
0,4,event,815,0.0009169999998448475,0
0,4,event,816,0.0030829999998331914,0
0,4,event,817,0.0009999999999763531,0
0,4,event,818,0.0009159999999610591,0
0,4,event,819,0.0008749999999508873,0
0,4,event,820,0.0009159999999610591,0
0,4,event,821,0.0010000000002037268,0
0,4,event,822,0.0010839999999916472,0
0,4,event,823,0.0009999999999763531,0
0,4,event,824,0.0009999999999763531,0
0,4,event,825,0.0008749999999508873,0
0,4,event,826,0.005916999999953987,0
0,4,event,827,0.001125000000001819,0
0,4,event,828,0.0008749999999508873,0
0,4,event,829,0.0009170000000722212,0
0,4,event,830,0.0008749999999508873,0
0,4,event,831,0.0009169999998448475,0
0,4,event,832,0.0016250000001036824,0
0,4,event,833,0.0008749999999508873,0
0,4,event,834,0.0008749999999508873,0
0,4,event,835,0.0008749999999508873,0
0,4,event,836,0.0008749999999508873,0
0,4,event,837,0.0010830000001078588,0
0,4,event,838,0.0009170000000722212,0
0,4,event,839,0.0008749999999508873,0
0,4,event,840,0.012707999999975073,4
0,4,event,841,0.0017080000000078144,0
0,4,event,842,0.0009999999999763531,0
0,4,event,843,0.0009999999999763531,0
0,4,event,844,0.0009999999999763531,0
0,4,event,845,0.0009589999999661813,0
0,4,event,846,0.0011660000000119908,0
0,4,event,847,0.0009170000000722212,0
0,4,event,848,0.0008749999999508873,0
0,4,event,849,0.0009170000000722212,0
0,4,event,850,0.0009159999999610591,0
0,4,event,851,0.001583999999866137,0
0,4,event,852,0.0009589999999661813,0
0,4,event,853,0.0009160000001884328,0
0,4,event,854,0.0009999999999763531,0
0,4,event,855,0.0009170000000722212,0
0,4,event,856,0.003416999999899417,0
0,4,event,857,0.0009159999999610591,0
0,4,event,858,0.000875000000178261,0
0,4,event,859,0.0009579999998550193,0
0,4,event,860,0.0009999999999763531,0
0,4,event,861,0.0009589999999661813,0
0,4,event,862,0.001125000000001819,0
0,4,event,863,0.000959000000193555,0
0,4,event,864,0.0008340000001680892,0
0,4,event,865,0.0009169999998448475,0
0,4,event,866,0.0009580000000823929,0
0,4,event,867,0.0010830000001078588,0
0,4,event,868,0.001042000000097687,0
0,4,event,869,0.001040999999986525,0
0,4,event,870,0.0009170000000722212,0
0,4,event,871,0.0008749999999508873,0
0,4,event,872,0.0015420000001995504,0
0,4,event,873,0.0029999999999290594,0
0,4,event,874,0.0009170000000722212,0
0,4,event,875,0.0028330000000096334,0
0,4,event,876,0.0010419999998703133,0
0,4,event,877,0.001040999999986525,0
0,4,event,878,0.0009170000000722212,0
0,4,event,879,0.0009159999999610591,0
0,4,event,880,0.0009170000000722212,0
0,4,event,881,0.000875000000178261,0
0,4,event,882,0.0008749999999508873,0
0,4,event,883,0.0009999999999763531,0
0,4,event,884,0.0009159999999610591,0
0,4,event,885,0.0009169999998448475,0
0,4,event,886,0.0027090000000953296,0
0,4,event,887,0.001458999999840671,0
0,4,event,888,0.001125000000001819,0
0,4,event,889,0.000959000000193555,0
0,4,event,890,0.000875000000178261,0
0,4,event,891,0.0008749999999508873,0
0,4,event,892,0.0009579999998550193,0
0,4,event,893,0.001207999999905951,0
0,4,event,894,0.0009579999998550193,0
0,4,event,895,0.0012920000001486187,0
0,4,event,896,0.0008749999999508873,0
0,4,event,897,0.000875000000178261,0
0,4,event,898,0.0010830000001078588,0
0,4,event,899,0.0008749999999508873,0
0,4,event,900,0.009958999999980733,4
0,4,event,901,0.0013750000000527507,0
0,4,event,902,0.001291999999921245,0
0,4,event,903,0.0018749999999272404,0
0,4,event,904,0.0008749999999508873,0
0,4,event,905,0.000875000000178261,0
0,4,event,906,0.0009999999999763531,0
0,4,event,907,0.0010839999999916472,0
0,4,event,908,0.0008749999999508873,0
0,4,event,909,0.0009169999998448475,0
0,4,event,910,0.0009170000000722212,0
0,4,event,911,0.0008749999999508873,0
0,4,event,912,0.0011670000001231529,0
0,4,event,913,0.0008749999999508873,0
0,4,event,914,0.000875000000178261,0
0,4,event,915,0.0009580000000823929,0
0,4,event,916,0.003958000000011452,0
0,4,event,917,0.001207999999905951,0
0,4,event,918,0.0008749999999508873,0
0,4,event,919,0.0009159999999610591,0
0,4,event,920,0.0009170000000722212,0
0,4,event,921,0.0009170000000722212,0
0,4,event,922,0.003083000000060565,0
0,4,event,923,0.001209000000017113,0
0,4,event,924,0.0028339999998934218,0
0,4,event,925,0.001040999999986525,0
0,4,event,926,0.0009169999998448475,0
0,4,event,927,0.000875000000178261,0
0,4,event,928,0.001125000000001819,0
0,4,event,929,0.0009159999999610591,0
0,4,event,930,0.0008749999999508873,0
0,4,event,931,0.0009170000000722212,0
0,4,event,932,0.0009170000000722212,0
0,4,event,933,0.0010830000001078588,0
0,4,event,934,0.0029999999999290594,0
0,4,event,935,0.0026660000000902073,0
0,4,event,936,0.0009579999998550193,0
0,4,event,937,0.0009170000000722212,0
0,4,event,938,0.0011660000000119908,0
0,4,event,939,0.0014169999999467109,0
0,4,event,940,0.0009589999999661813,0
0,4,event,941,0.0009999999999763531,0
0,4,event,942,0.001374999999825377,0
0,4,event,943,0.0010000000002037268,0
0,4,event,944,0.0011660000000119908,0
0,4,event,945,0.0009170000000722212,0
0,4,event,946,0.0028749999999035936,0
0,4,event,947,0.0009580000000823929,0
0,4,event,948,0.0009169999998448475,0
0,4,event,949,0.0010830000001078588,0
0,4,event,950,0.0009999999999763531,0
0,4,event,951,0.000875000000178261,0
0,4,event,952,0.0008749999999508873,0
0,4,event,953,0.0009170000000722212,0
0,4,event,954,0.001125000000001819,0
0,4,event,955,0.0009159999999610591,0
0,4,event,956,0.0008330000000569271,0
0,4,event,957,0.0008749999999508873,0
0,4,event,958,0.0008749999999508873,0
0,4,event,959,0.0009159999999610591,0
0,4,event,960,0.010957999999845924,4
0,4,event,961,0.0013329999999314168,0
0,4,event,962,0.0009589999999661813,0
0,4,event,963,0.0013330000001587905,0
0,4,event,964,0.0009580000000823929,0
0,4,event,965,0.0009169999998448475,0
0,4,event,966,0.000875000000178261,0
0,4,event,967,0.0009999999999763531,0
0,4,event,968,0.001125000000001819,0
0,4,event,969,0.0009159999999610591,0
0,4,event,970,0.0008749999999508873,0
0,4,event,971,0.0009170000000722212,0
0,4,event,972,0.0009170000000722212,0
0,4,event,973,0.0010830000001078588,0
0,4,event,974,0.0008749999999508873,0
0,4,event,975,0.0009160000001884328,0
0,4,event,976,0.5389170000000831,0
0,4,event,977,0.008916999999883046,0
0,4,event,978,0.0030829999998331914,0
0,4,event,979,0.0015000000000782165,0
0,4,event,980,0.0012080000001333246,0
0,4,event,981,0.0010829999998804851,0
0,4,event,982,0.001291999999921245,0
0,4,event,983,0.0012500000000272848,0
0,4,event,984,0.0009580000000823929,0
0,4,event,985,0.0010419999998703133,0
0,4,event,986,0.0009999999999763531,0
0,4,event,987,0.0010830000001078588,0
0,4,event,988,0.0010419999998703133,0
0,4,event,989,0.0012920000001486187,0
0,4,event,990,0.0008749999999508873,0
0,4,event,991,0.0010839999999916472,0
0,4,event,992,0.0010830000001078588,0
0,4,event,993,0.0009999999999763531,0
0,4,event,994,0.0012500000000272848,0
0,4,event,995,0.37229200000001583,0
0,4,event,996,0.0034589999997933774,0
0,4,event,997,0.0013750000000527507,0
0,4,event,998,0.001209000000017113,0
0,4,event,999,0.001040999999986525,0
0,4,burst,0,0.061707999999953245,28
0,4,burst,1,0.05625000000009095,28
0,4,burst,2,0.055041999999957625,28
0,4,burst,3,3.5953329999999823,28
0,4,burst,4,0.0802920000000995,28
0,4,burst,5,0.06145799999990231,28
0,4,burst,6,0.05899999999996908,28
0,4,burst,7,0.06354199999987031,28
0,4,burst,8,0.05716600000005201,28
0,4,burst,9,0.05787499999996726,28
0,4,burst,10,0.05729199999996126,28
0,4,burst,11,0.060292000000117696,28
0,4,burst,12,0.05645800000002055,28
0,4,burst,13,0.056417000000010376,28
0,4,burst,14,0.05929199999991397,28
0,4,burst,15,0.06312499999989996,28
0,4,burst,16,0.057999999999992724,28
0,4,burst,17,0.056375000000116415,28
0,4,burst,18,0.054958000000169704,28
0,4,burst,19,3.1418750000000273,28
0,4,burst,20,0.061875000000100044,28
0,4,burst,21,0.0569590000000062,28
0,4,burst,22,0.05945900000006077,28
0,4,burst,23,0.05875000000014552,28
0,4,burst,24,0.055000000000063665,28
0,4,burst,25,0.05591699999990851,28
0,4,burst,26,0.054791000000022905,28
0,4,burst,27,0.05608299999994415,28
0,4,burst,28,0.05550000000016553,28
0,4,burst,29,0.05945799999994961,28
0,4,burst,30,0.053415999999970154,28
0,4,burst,31,0.061041999999815744,28
0,4,burst,32,0.05458300000009331,28
0,4,burst,33,0.05566599999997379,28
0,4,burst,34,0.05445800000006784,28
0,4,burst,35,0.056125000000065484,28
0,4,burst,36,0.056833000000096945,28
0,4,burst,37,0.054124999999885404,28
0,4,burst,38,0.05641599999989921,28
0,4,burst,39,0.055541999999832115,28
0,4,burst,40,0.05529100000012477,28
0,4,burst,41,5.83458399999995,28
0,4,burst,42,6.890707999999904,28
0,4,burst,43,75.11487499999998,28
0,4,burst,44,0.38808399999993526,28
0,4,burst,45,0.2549589999998716,28
0,4,burst,46,2.1400840000001153,28
0,4,burst,47,0.3311670000000504,28
0,4,burst,48,0.22216600000001563,28
0,4,burst,49,0.29120899999998073,28
0,4,burst,50,0.23154199999999037,28
0,4,burst,51,19.319334000000026,28
0,4,burst,52,0.16399999999998727,28
0,4,burst,53,0.1534999999998945,28
0,4,burst,54,0.14762500000006185,28
0,4,burst,55,0.1475420000001577,28
0,4,burst,56,0.14512500000000728,28
0,4,burst,57,0.15216599999985192,28
0,4,burst,58,0.14762500000006185,28
0,4,burst,59,0.14187500000002728,28
0,4,burst,60,0.1449169999998503,28
0,4,burst,61,0.14199999999982538,28
0,4,burst,62,0.15679100000011204,28
0,4,burst,63,0.140625,28
0,4,burst,64,0.1458749999999327,28
0,4,burst,65,0.14420799999993505,28
0,4,burst,66,0.144457999999986,28
0,4,burst,67,0.14266599999996288,28
0,4,burst,68,0.141208000000006,28
0,4,burst,69,0.14283399999999347,28
0,4,burst,70,0.14533299999993687,28
0,4,burst,71,0.141208000000006,28
0,4,burst,72,0.1486250000000382,28
0,4,burst,73,0.13962500000002365,28
0,4,burst,74,0.1426249999999527,28
0,4,burst,75,0.1405419999998685,28
0,4,burst,76,0.1405419999998685,28
0,4,burst,77,0.14429199999995035,28
0,4,burst,78,29.152624999999944,28
0,4,burst,79,0.1897919999998976,28
0,4,burst,80,0.15249999999991815,28
0,4,burst,81,0.14774999999985994,28
0,4,burst,82,0.1546659999999065,28
0,4,burst,83,0.14570800000001327,28
0,4,burst,84,0.14308299999993324,28
0,4,burst,85,0.14841599999999744,28
0,4,burst,86,0.15020800000002055,28
0,4,burst,87,0.14608300000008967,28
0,4,burst,88,15.742165999999997,28
0,4,burst,89,12.15054199999986,28
0,4,burst,90,20.595374999999876,28
0,4,burst,91,2.2662500000001273,28
0,4,burst,92,0.07474999999999454,28
0,4,burst,93,3.105542000000014,28
0,4,burst,94,0.17137499999989814,28
0,4,burst,95,0.1455829999999878,28
0,4,burst,96,0.14183299999990595,28
0,4,burst,97,0.14550000000008367,28
0,4,burst,98,0.14479199999982484,28
0,4,burst,99,0.14287500000000364,28
0,4,burst,100,0.161040999999841,28
0,4,burst,101,0.18920800000000781,28
0,4,burst,102,0.07908300000008239,28
0,4,burst,103,0.06537500000013097,28
0,4,burst,104,0.06062500000007276,28
0,4,burst,105,0.0595419999999649,28
0,4,burst,106,0.056874999999990905,28
0,4,burst,107,0.057792000000063126,28
0,4,burst,108,0.05908300000010058,28
0,4,burst,109,0.07183299999996962,28
0,4,burst,110,0.05749999999989086,28
0,4,burst,111,0.056417000000010376,28
0,4,burst,112,0.05816600000002836,28
0,4,burst,113,0.0565839999999298,28
0,4,burst,114,0.05541700000003402,28
0,4,burst,115,0.058082999999896856,28
0,4,burst,116,0.05629199999998491,28
0,4,burst,117,0.0565839999999298,28
0,4,burst,118,0.0544999999999618,28
0,4,burst,119,0.056207999999969616,28
0,4,burst,120,0.053792000000157714,28
0,4,burst,121,0.05545899999992798,28
0,4,burst,122,0.05629199999998491,28
0,4,burst,123,0.05616599999984828,28
0,4,burst,124,0.05570799999986775,28
0,4,burst,125,0.0567919999998594,28
0,4,burst,126,0.054583999999977095,28
0,4,burst,127,0.06054200000016863,28
0,4,burst,128,0.05604199999993398,28
0,4,burst,129,0.05829100000005383,28
0,4,burst,130,0.05495799999994233,28
0,4,burst,131,0.05512499999986176,28
0,4,burst,132,0.055041000000073836,28
0,4,burst,133,0.056207999999969616,28
0,4,burst,134,0.054332999999815,28
0,4,burst,135,0.054333000000042375,28
0,4,burst,136,0.05833299999994779,28
0,4,burst,137,0.0546670000001086,28
0,4,burst,138,0.054333000000042375,28
0,4,burst,139,0.055458000000044194,28
0,4,burst,140,0.056457999999793174,28
0,4,burst,141,0.05495799999994233,28
0,4,burst,142,0.0679579999998623,28
0,4,burst,143,0.06758300000001327,28
0,4,burst,144,0.05729199999996126,28
0,4,burst,145,0.05691600000000108,28
0,4,burst,146,0.05633299999999508,28
0,4,burst,147,0.05537500000014006,28
0,4,burst,148,0.059791000000132044,28
0,4,burst,149,0.054832999999916865,28
0,4,burst,150,2.8831669999999576,28
0,4,burst,151,0.1565419999999449,28
0,4,burst,152,0.14554100000009385,28
0,4,burst,153,0.14420800000016243,28
0,4,burst,154,0.162166999999954,28
0,4,burst,155,0.14187500000002728,28
0,4,burst,156,0.14558400000009897,28
0,4,burst,157,4.563833999999815,28
0,4,burst,158,0.08291600000006838,28
0,4,burst,159,0.06962500000008731,28
0,4,burst,160,0.06737500000008367,28
0,4,burst,161,0.0591669999998885,28
0,4,burst,162,0.05820799999992232,28
0,4,burst,163,0.059833000000026004,28
0,4,burst,164,0.05904099999997925,28
0,4,burst,165,0.06074999999987085,28
0,4,burst,166,0.057624999999916326,28
0,4,burst,167,0.06654200000002675,28
0,4,burst,168,0.05883300000004965,28
0,4,burst,169,0.055999999999812644,28
0,4,burst,170,0.056417000000010376,28
0,4,burst,171,0.05604200000016135,28
0,4,burst,172,0.06058400000006259,28
0,4,burst,173,0.05920900000000984,28
0,4,burst,174,0.055209000000104425,28
0,4,burst,175,0.056417000000010376,28
0,4,burst,176,0.06045799999992596,28
0,4,burst,177,0.05583299999989322,28
0,4,burst,178,0.056207999999969616,28
0,4,burst,179,0.06166699999994307,28
0,4,burst,180,0.057542000000012195,28
0,4,burst,181,0.055041000000073836,28
0,4,burst,182,0.05637499999988904,28
0,4,burst,183,0.05504099999984646,28
0,4,burst,184,0.05737500000009277,28
0,4,burst,185,0.05649999999991451,28
0,4,burst,186,0.05774999999994179,28
0,4,burst,187,0.058208000000149696,28
0,4,burst,188,0.054374999999936335,28
0,4,burst,189,0.05491700000015953,28
0,4,burst,190,0.05612499999983811,28
0,4,burst,191,0.06112499999994725,28
0,4,burst,192,0.05541700000003402,28
0,4,burst,193,0.062415999999984706,28
0,4,burst,194,0.05837500000006912,28
0,4,burst,195,0.05741600000010294,28
0,4,burst,196,0.05479199999990669,28
0,4,burst,197,2.0300410000002103,28
0,4,burst,198,0.15783300000020972,28
0,4,burst,199,0.15012499999988904,28
0,4,burst,200,0.14170899999999165,28
0,4,burst,201,0.15475000000014916,28
0,4,burst,202,0.1483330000000933,28
0,4,burst,203,0.1514159999999265,28
0,4,burst,204,0.14383299999985866,28
0,4,burst,205,4.63495799999987,28
0,4,burst,206,0.17466699999999946,28
0,4,burst,207,0.06654200000002675,28
0,4,burst,208,0.07791599999995924,28
0,4,burst,209,0.06300000000010186,28
0,4,burst,210,0.06137499999999818,28
0,4,burst,211,0.06245899999998983,28
0,4,burst,212,0.05645900000013171,28
0,4,burst,213,0.05637499999988904,28
0,4,burst,214,0.0607910000001084,28
0,4,burst,215,0.06987499999991087,28
0,4,burst,216,0.059166000000004715,28
0,4,burst,217,0.05583300000012059,28
0,4,burst,218,0.05629199999998491,28
0,4,burst,219,0.06150000000002365,28
0,4,burst,220,0.054583999999977095,28
0,4,burst,221,0.0597090000001117,28
0,4,burst,222,0.05858299999999872,28
0,4,burst,223,0.057832999999845924,28
0,4,burst,224,0.05920900000000984,28
0,4,burst,225,0.06083400000011352,28
0,4,burst,226,0.05891599999995378,28
0,4,burst,227,0.05966699999999037,28
0,4,burst,228,0.058333999999831576,28
0,4,burst,229,0.06158400000003894,28
0,4,burst,230,0.05512500000008913,28
0,4,burst,231,0.05854199999998855,28
0,4,burst,232,0.05462499999998727,28
0,4,burst,233,0.05925000000002001,28
0,4,burst,234,0.05749999999989086,28
0,4,burst,235,0.05633299999999508,28
0,4,burst,236,0.059957999999824096,28
0,4,burst,237,0.05654200000003584,28
0,4,burst,238,0.058749999999918145,28
0,4,burst,239,0.054958000000169704,28
0,4,burst,240,0.059625000000096406,28
0,4,burst,241,0.05679099999997561,28
0,4,burst,242,0.05908299999987321,28
0,4,burst,243,0.06150000000002365,28
0,4,burst,244,0.05770799999982046,28
0,4,burst,245,0.05787499999996726,28
0,4,burst,246,0.060541000000057466,28
0,4,burst,247,0.05499999999983629,28
0,4,burst,248,0.05754099999990103,28
0,4,burst,249,0.05445799999984047,28
0,4,burst,250,0.056125000000065484,28
0,4,burst,251,0.06083300000000236,28
0,4,burst,252,0.0572500000000673,28
0,4,burst,253,0.05950000000007094,28
0,4,burst,254,0.057958000000098764,28
0,4,burst,255,0.05812500000001819,28
0,4,burst,256,0.059375000000045475,28
0,4,burst,257,0.0546670000001086,28
0,4,burst,258,0.06462499999997817,28
0,4,burst,259,0.05499999999983629,28
0,4,burst,260,0.05712500000004184,28
0,4,burst,261,0.054333000000042375,28
0,4,burst,262,0.058457999999973254,28
0,4,burst,263,0.056666999999833934,28
0,4,burst,264,0.057709000000158994,28
0,4,burst,265,0.05962499999986903,28
0,4,burst,266,0.055499999999938154,28
0,4,burst,267,0.05395799999996598,28
0,4,burst,268,0.06220800000005511,28
0,4,burst,269,0.057792000000063126,28
0,4,burst,270,0.06283299999995506,28
0,4,burst,271,0.06187499999987267,28
0,4,burst,272,0.0632500000001528,28
0,4,burst,273,0.06429099999991195,28
0,4,burst,274,0.0574579999999969,28
0,4,burst,275,0.06387500000005275,28
0,4,burst,276,0.07749999999987267,28
0,4,burst,277,0.05774999999994179,28
0,4,burst,278,0.06154199999991761,28
0,4,burst,279,0.059166000000004715,28
0,4,burst,280,0.06620799999996052,28
0,4,burst,281,0.05804200000011406,28
0,4,burst,282,0.06904099999997015,28
0,4,burst,283,0.06254200000012133,28
0,4,burst,284,0.058291999999937616,28
0,4,burst,285,0.06083300000000236,28
0,4,burst,286,0.059915999999930136,28
0,4,burst,287,0.06795899999997346,28
0,4,burst,288,0.06425000000012915,28
0,4,burst,289,0.06308399999988978,28
0,4,burst,290,0.06108300000005329,28
0,4,burst,291,0.06312500000012733,28
0,4,burst,292,0.060291000000006534,28
0,4,burst,293,0.06570899999996982,28
0,4,burst,294,0.05774999999994179,28
0,4,burst,295,0.06437500000015461,28
0,4,burst,296,0.05670800000007148,28
0,4,burst,297,0.07016700000008314,28
0,4,burst,298,0.06108399999993708,28
0,4,burst,299,0.0625840000000153,28
0,4,burst,300,0.06058400000006259,28
0,4,burst,301,0.06412499999987631,28
0,4,burst,302,0.060332999999900494,28
0,4,burst,303,0.0605830000001788,28
0,4,burst,304,0.059874999999919964,28
0,4,burst,305,0.06574999999997999,28
0,4,burst,306,0.05949999999984357,28
0,4,burst,307,0.06624999999985448,28
0,4,burst,308,0.06512500000008004,28
0,4,burst,309,0.060458000000153334,28
0,4,burst,310,0.05662500000016735,28
0,4,burst,311,0.06145799999990231,28
0,4,burst,312,0.062415999999984706,28
0,4,burst,313,0.06204200000001947,28
0,4,burst,314,0.05904200000009041,28
0,4,burst,315,0.06029199999989032,28
0,4,burst,316,0.06529100000011567,28
0,4,burst,317,0.060750000000098225,28
0,4,burst,318,0.05829100000005383,28
0,4,burst,319,0.06420800000000781,28
0,4,burst,320,0.05962499999986903,28
0,4,burst,321,0.058209000000033484,28
0,4,burst,322,0.058917000000064945,28
0,4,burst,323,0.06345799999985502,28
0,4,burst,324,0.062167000000044936,28
0,4,burst,325,0.06274999999982356,28
0,4,burst,326,0.06391699999994671,28
0,4,burst,327,0.060042000000066764,28
0,4,burst,328,0.05850000000009459,28
0,4,burst,329,0.06099999999992178,28
0,4,burst,330,0.06383300000015879,28
0,4,burst,331,23.20833300000004,28
0,4,burst,332,0.07908299999962765,28
0,4,burst,333,0.07120800000029703,28
0,4,burst,334,0.06383300000015879,28
0,4,burst,335,13.461084000000028,28
0,4,burst,336,0.2874159999996664,28
0,4,burst,337,0.15816599999971004,28
0,4,burst,338,0.16766599999982645,28
0,4,burst,339,0.1672920000000886,28
0,4,burst,340,0.16016700000000128,28
0,4,burst,341,0.17041599999993196,28
0,4,burst,342,0.14750000000003638,28
0,4,burst,343,82.5762080000004,28
0,4,burst,344,0.18520799999987503,28
0,4,burst,345,0.16458300000022064,28
0,4,burst,346,0.15124999999989086,28
0,4,burst,347,0.1829579999998714,28
0,4,burst,348,0.15545799999972587,28
0,4,burst,349,0.15029200000026322,28
0,4,burst,350,0.14620899999999892,28
0,4,burst,351,0.14704200000005585,28
0,4,burst,352,0.15420799999992596,28
0,4,burst,353,0.14395899999999529,28
0,4,burst,354,0.14458300000023883,28
0,4,burst,355,0.14283400000022084,28
0,4,burst,356,0.1451670000001286,28
0,4,burst,357,0.14287500000000364,28
0,4,burst,358,0.16308299999991505,28
0,4,burst,359,0.14754199999970297,28
0,4,burst,360,0.1439580000001115,28
0,4,burst,361,0.14087500000005093,28
0,4,burst,362,0.1426249999999527,28
0,4,burst,363,0.14049999999997453,28
0,4,burst,364,0.14416699999992488,28
0,4,burst,365,0.1407920000001468,28
0,4,burst,366,0.14545799999996234,28
0,4,burst,367,0.14070799999990413,28
0,4,burst,368,0.15654200000017227,28
0,4,burst,369,0.14287500000000364,28
0,4,burst,370,0.14145800000005693,28
0,4,burst,371,0.13929200000029596,28
0,4,burst,372,0.145542000000205,28
0,4,burst,373,0.13999999999987267,28
0,4,burst,374,0.15783299999975497,28
0,4,burst,375,0.13929200000029596,28
0,4,burst,376,0.41150000000016007,28
0,4,burst,377,0.16800000000012005,28
0,4,burst,378,0.15570900000011534,28
0,4,burst,379,0.15041699999983393,28
0,4,burst,380,0.1481669999998303,28
0,4,burst,381,0.15041700000028868,28
0,4,burst,382,0.1453750000000582,28
0,4,burst,383,0.14249999999992724,28
0,4,burst,384,0.14475000000038563,28
0,4,burst,385,0.1432079999999587,28
0,4,burst,386,0.14816600000040125,28
0,4,burst,387,0.1439580000001115,28
0,4,burst,388,0.1602499999999054,28
0,4,burst,389,0.14641600000004473,28
0,4,burst,390,0.13995800000020608,28
0,4,burst,391,0.14487499999995634,28
0,4,burst,392,0.13979100000005928,28
0,4,burst,393,0.14399999999977808,28
0,4,burst,394,0.1406669999996666,28
0,4,burst,395,0.14699999999993452,28
0,4,burst,396,0.14091600000028848,28
0,4,burst,397,0.14133300000003146,28
0,4,burst,398,0.14229199999999764,28
0,4,burst,399,0.14208400000006804,28
0,4,burst,400,0.14129199999979392,28
0,4,burst,401,0.14212499999985084,28
0,4,burst,402,0.14383300000008603,28
0,4,burst,403,0.1489579999997659,28
0,4,burst,404,0.14862500000026557,28
0,4,burst,405,0.15950000000020736,28
0,4,burst,406,0.14379199999984849,28
0,4,burst,407,0.14316699999972116,28
0,4,burst,408,0.1413750000001528,28
0,4,burst,409,0.14437500000030923,28
0,4,burst,410,0.14033300000028248,28
0,4,burst,411,0.14179200000035053,28
0,4,burst,412,0.14012499999989814,28
0,4,burst,413,0.14037499999994907,28
0,4,burst,414,0.14187500000025466,28
0,4,burst,415,0.14312500000005457,28
0,4,burst,416,0.140625,28
0,4,burst,417,0.14449999999987995,28
0,4,burst,418,0.14016700000001947,28
0,4,burst,419,0.15008399999987887,28
0,4,burst,420,0.14054199999964112,28
0,4,burst,421,0.13995799999975134,28
0,4,burst,422,0.14099999999962165,28
0,4,burst,423,0.14370799999960582,28
0,4,burst,424,0.1457909999999174,28
0,4,burst,425,0.14216599999963364,28
0,4,burst,426,0.14004100000011022,28
0,4,burst,427,0.14295799999990777,28
0,4,burst,428,0.13870899999983521,28
0,4,burst,429,0.14025000000037835,28
0,4,burst,430,0.13966600000003382,28
0,4,burst,431,108.10358300000007,28
0,4,burst,432,0.4450000000001637,28
0,4,burst,433,0.3853750000002947,28
0,4,burst,434,0.3711249999996653,28
0,4,burst,435,0.472957999999835,28
0,4,burst,436,0.4725419999999758,28
0,4,burst,437,21.732500000000073,28
0,4,burst,438,0.4751659999997173,28
0,4,burst,439,18.515792000000147,28
0,4,burst,440,1.5064590000001772,28
0,4,burst,441,0.2655840000002172,28
0,4,burst,442,0.2660839999998643,28
0,4,burst,443,0.2455419999996593,28
0,4,burst,444,0.23229200000014316,28
0,4,burst,445,0.25437500000043656,28
0,4,burst,446,0.32900000000017826,28
0,4,burst,447,0.48362500000030195,28
0,4,burst,448,6.3323340000001735,28
0,4,burst,449,0.30654199999980847,28
0,4,burst,450,0.4702500000003056,28
0,4,burst,451,0.46079199999985576,28
0,4,burst,452,0.381083000000217,28
0,4,burst,453,0.3813749999999345,28
0,4,burst,454,0.3799579999999878,28
0,4,burst,455,0.3635420000000522,28
0,4,burst,456,0.3779170000002523,28
0,4,burst,457,0.3613329999998314,28
0,4,burst,458,0.37779200000022684,28
0,4,burst,459,35.24387499999966,28
0,4,burst,460,0.4522919999999431,28
0,4,burst,461,0.23441600000023755,28
0,4,burst,462,0.2943329999998241,28
0,4,burst,463,0.43316600000025574,28
0,4,burst,464,0.23245799999995143,28
0,4,burst,465,0.4767500000002656,28
0,4,burst,466,0.2632499999999709,28
0,4,burst,467,0.21229099999982282,28
0,4,burst,468,0.19712500000014188,28
0,4,burst,469,0.1974169999998594,28
0,4,burst,470,0.2035000000000764,28
0,4,burst,471,0.19495800000004238,28
0,4,burst,472,0.19191600000021936,28
0,4,burst,473,0.18912500000033106,28
0,4,burst,474,0.21425000000044747,28
0,4,burst,475,23.290042000000085,28
0,4,burst,476,0.18120799999996962,28
0,4,burst,477,2.9742089999999735,28
0,4,burst,478,0.21408300000030067,28
0,4,burst,479,0.1587920000001759,28
0,4,burst,480,0.14683400000012625,28
0,4,burst,481,0.1790000000000873,28
0,4,burst,482,0.1510840000000826,28
0,4,burst,483,0.14729200000010678,28
0,4,burst,484,0.14525000000003274,28
0,4,burst,485,0.14275000000043292,28
0,4,burst,486,0.1492920000000595,28
0,4,burst,487,0.14508400000022448,28
0,4,burst,488,0.14941700000008495,28
0,4,burst,489,0.14550000000008367,28
0,4,burst,490,0.14070899999978792,28
0,4,burst,491,0.14258399999971516,28
0,4,burst,492,0.13991699999996854,28
0,4,burst,493,0.14691700000003038,28
0,4,burst,494,0.14083400000026813,28
0,4,burst,495,0.14058299999987867,28
0,4,burst,496,0.14699999999993452,28
0,4,burst,497,0.1546250000001237,28
0,4,burst,498,0.1430000000000291,28
0,4,burst,499,0.13999999999987267,28
0,4,burst,500,11.184915999999703,28
0,4,burst,501,0.2569170000001577,28
0,4,burst,502,0.1682079999995949,28
0,4,burst,503,0.15470800000002782,28
0,4,burst,504,0.1420829999997295,28
0,4,burst,505,0.14474999999993088,28
0,4,burst,506,0.1422499999998763,28
0,4,burst,507,0.14587499999970532,28
0,4,burst,508,0.14525000000003274,28
0,4,burst,509,7.313125000000127,28
0,4,burst,510,0.18362500000012005,28
0,4,burst,511,2.891958000000159,28
0,4,burst,512,0.20495900000014444,28
0,4,burst,513,0.17475000000013097,28
0,4,burst,514,0.14570800000001327,28
0,4,burst,515,0.14033300000028248,28
0,4,burst,516,0.1413750000001528,28
0,4,burst,517,0.15170800000032614,28
0,4,burst,518,0.14220800000020972,28
0,4,burst,519,0.19608300000027157,28
0,4,burst,520,0.13887500000009823,28
0,4,burst,521,0.14545899999984613,28
0,4,burst,522,4.662249999999858,28
0,4,burst,523,0.11475000000018554,28
0,4,burst,524,0.10516700000016499,28
0,4,burst,525,14.877791000000343,28
0,4,burst,526,0.1527089999999589,28
0,4,burst,527,0.13100000000031287,28
0,4,burst,528,0.12733299999990777,28
0,4,burst,529,0.11287499999980355,28
0,4,burst,530,0.12679100000013932,28
0,4,burst,531,0.11570800000026793,28
0,4,burst,532,0.11025000000017826,28
0,4,burst,533,0.108791999999994,28
0,4,burst,534,0.10637499999984357,28
0,4,burst,535,0.10687499999994543,28
0,4,burst,536,0.10675000000037471,28
0,4,burst,537,0.10445900000013353,28
0,4,burst,538,0.10508400000026086,28
0,4,burst,539,0.10766700000021956,28
0,4,burst,540,0.10687500000040018,28
0,4,burst,541,0.10462499999994179,28
0,4,burst,542,0.10433299999976953,28
0,4,burst,543,0.1024160000001757,28
0,4,burst,544,0.10566599999992832,28
0,4,burst,545,0.10358300000007148,28
0,4,burst,546,0.1152500000002874,28
0,4,burst,547,0.10570800000004965,28
0,4,burst,548,0.10654199999999037,28
0,4,burst,549,0.10408400000005713,28
0,4,burst,550,0.10600000000022192,28
0,4,burst,551,0.10187500000029104,28
0,4,burst,552,0.10554200000024139,28
0,4,burst,553,0.10645800000020245,28
0,4,burst,554,0.10345799999959127,28
0,4,burst,555,0.10324999999966167,28
0,4,burst,556,0.10812500000020009,28
0,4,burst,557,0.10354100000040489,28
0,4,burst,558,0.10408300000017334,28
0,4,burst,559,0.10275000000001455,28
0,4,burst,560,0.16845800000010058,28
0,4,burst,561,0.12062500000001819,28
0,4,burst,562,3.129374999999982,28
0,4,burst,563,0.4248330000000351,28
0,4,burst,564,0.515458000000308,28
0,4,burst,565,0.16870800000015151,28
0,4,burst,566,0.15158400000018446,28
0,4,burst,567,0.48641700000007404,28
0,4,burst,568,0.17766699999992852,28
0,4,burst,569,0.15283300000010058,28
0,4,burst,570,0.1507080000001224,28
0,4,burst,571,0.14420800000016243,28
0,4,burst,572,0.14816600000040125,28
0,4,burst,573,0.1415830000000824,28
0,4,burst,574,0.15633400000024267,28
0,4,burst,575,0.14054200000009587,28
0,4,burst,576,0.16291599999976825,28
0,4,burst,577,0.14612499999975626,28
0,4,burst,578,0.32704199999989214,28
0,4,burst,579,0.10520799999994779,28
0,4,burst,580,0.20391699999981938,28
0,4,burst,581,0.16612499999973807,28
0,4,burst,582,0.15025000000014188,28
0,4,burst,583,0.13970800000015515,28
0,4,burst,584,4.878083000000061,28
0,4,burst,585,0.15808300000026065,28
0,4,burst,586,0.1631670000001577,28
0,4,burst,587,0.15629200000012133,28
0,4,burst,588,0.15712500000017826,28
0,4,burst,589,0.1477909999998701,28
0,4,burst,590,1.503208000000086,28
0,4,burst,591,0.07912500000020373,28
0,4,burst,592,0.08133299999963128,28
0,4,burst,593,0.06966700000020865,28
0,4,burst,594,0.06837499999983265,28
0,4,burst,595,0.07087499999988722,28
0,4,burst,596,0.07066699999995762,28
0,4,burst,597,0.0676659999999174,28
0,4,burst,598,0.0682080000001406,28
0,4,burst,599,0.07029199999988123,28
0,4,burst,600,0.06725000000005821,28
0,4,burst,601,0.06645800000023883,28
0,4,burst,602,0.06554200000027777,28
0,4,burst,603,0.07045800000014424,28
0,4,burst,604,0.06729100000029575,28
0,4,burst,605,0.06720799999993687,28
0,4,burst,606,0.06558300000006057,28
0,4,burst,607,0.07162500000004002,28
0,4,burst,608,0.06695800000034069,28
0,4,burst,609,0.0669169999996484,28
0,4,burst,610,0.06816699999990306,28
0,4,burst,611,0.0676250000001346,28
0,4,burst,612,0.06574999999975262,28
0,4,burst,613,0.06624999999985448,28
0,4,burst,614,0.06483299999990777,28
0,4,burst,615,0.06804199999987759,28
0,4,burst,616,0.06558300000006057,28
0,4,burst,617,0.06775000000016007,28
0,4,burst,618,0.06495899999981702,28
0,4,burst,619,0.06620899999961694,28
0,4,burst,620,0.06483399999979156,28
0,4,burst,621,0.06479100000024118,28
0,4,burst,622,0.06562499999972715,28
0,4,burst,623,0.07000000000016371,28
0,4,burst,624,0.0674579999999878,28
0,4,burst,625,0.0660000000002583,28
0,4,burst,626,0.06529200000022684,28
0,4,burst,627,0.06612500000028376,28
0,4,burst,628,0.06554200000027777,28
0,4,burst,629,0.06579099999999016,28
0,4,burst,630,0.0644999999999527,28
0,4,burst,631,0.06895799999983865,28
0,4,burst,632,0.06437499999992724,28
0,4,burst,633,0.06649999999990541,28
0,4,burst,634,2.591374999999971,28
0,4,burst,635,0.06454199999961929,28
0,4,burst,636,0.05962500000032378,28
0,4,burst,637,0.05729199999996126,28
0,4,burst,638,0.059333000000151515,28
0,4,burst,639,0.05783300000030067,28
0,4,burst,640,0.06304099999988466,28
0,4,burst,641,0.055957999999918684,28
0,4,burst,642,0.058417000000190455,28
0,4,burst,643,0.056999999999789,28
0,4,burst,644,0.055957999999918684,28
0,4,burst,645,0.19887500000004366,28
0,4,burst,646,0.16800000000012005,28
0,4,burst,647,0.2220420000003287,28
0,4,burst,648,0.1477500000000873,28
0,4,burst,649,0.2327909999999065,28
0,4,burst,650,1.1824579999997695,28
0,4,burst,651,0.2363749999999527,28
0,4,burst,652,7.886207999999897,28
0,4,burst,653,0.08083299999998417,28
0,4,burst,654,0.0647079999998823,28
0,4,burst,655,0.06070799999997689,28
0,4,burst,656,0.05991600000015751,28
0,4,burst,657,0.06891700000005585,28
0,4,burst,658,0.06037500000002183,28
0,4,burst,659,0.05687499999976353,28
0,4,burst,660,0.059166000000004715,28
0,4,burst,661,0.05570799999986775,28
0,4,burst,662,0.05829199999971024,28
0,4,burst,663,0.05529100000012477,28
0,4,burst,664,0.056375000000116415,28
0,4,burst,665,0.05579199999965567,28
0,4,burst,666,0.05904199999986304,28
0,4,burst,667,0.05850000000009459,28
0,4,burst,668,0.05691600000000108,28
0,4,burst,669,0.05545800000027157,28
0,4,burst,670,0.05774999999994179,28
0,4,burst,671,0.05554199999960474,28
0,4,burst,672,0.05758400000013353,28
0,4,burst,673,0.055292000000008557,28
0,4,burst,674,0.06420799999978044,28
0,4,burst,675,0.056125000000065484,28
0,4,burst,676,0.05704100000002654,28
0,4,burst,677,0.056499999999687134,28
0,4,burst,678,0.05704100000002654,28
0,4,burst,679,0.05616699999973207,28
0,4,burst,680,0.055749999999989086,28
0,4,burst,681,0.054874999999810825,28
0,4,burst,682,0.05900000000019645,28
0,4,burst,683,0.05445800000006784,28
0,4,burst,684,0.056665999999950145,28
0,4,burst,685,0.055459000000155356,28
0,4,burst,686,0.06766700000025594,28
0,4,burst,687,0.054791000000022905,28
0,4,burst,688,0.055292000000008557,28
0,4,burst,689,0.06175000000030195,28
0,4,burst,690,0.05500000000029104,28
0,4,burst,691,0.05462499999975989,28
0,4,burst,692,0.05524999999988722,28
0,4,burst,693,0.05745799999976953,28
0,4,burst,694,0.05616699999973207,28
0,4,burst,695,0.05445899999995163,28
0,4,burst,696,0.05758400000013353,28
0,4,burst,697,0.05741699999998673,28
0,4,burst,698,0.05470800000011877,28
0,4,burst,699,0.054791000000022905,28
0,4,burst,700,0.05483299999968949,28
0,4,burst,701,0.056291999999757536,28
0,4,burst,702,0.056458999999904336,28
0,4,burst,703,0.0567919999998594,28
0,4,burst,704,0.05545799999981682,28
0,4,burst,705,0.059874999999919964,28
0,4,burst,706,0.05600000000004002,28
0,4,burst,707,0.05508299999974042,28
0,4,burst,708,0.05441700000028504,28
0,4,burst,709,0.05724999999983993,28
0,4,burst,710,0.05783300000030067,28
0,4,burst,711,0.055416000000150234,28
0,4,burst,712,0.055499999999938154,28
0,4,burst,713,0.05733299999974406,28
0,4,burst,714,0.05650000000014188,28
0,4,burst,715,0.055292000000008557,28
0,4,burst,716,0.05658300000004601,28
0,4,burst,717,0.056041999999706604,28
0,4,burst,718,0.057624999999916326,28
0,4,burst,719,0.056999999999789,28
0,4,burst,720,0.05474999999978536,28
0,4,burst,721,0.06091699999979028,28
0,4,burst,722,0.05508300000019517,28
0,4,burst,723,0.05600000000004002,28
0,4,burst,724,0.055666000000201166,28
0,4,burst,725,57.49229199999991,28
0,4,burst,726,0.1700420000001941,28
0,4,burst,727,0.15191699999968478,28
0,4,burst,728,0.15374999999994543,28
0,4,burst,729,0.15174999999999272,28
0,4,burst,730,0.14937500000041837,28
0,4,burst,731,0.1446249999999054,28
0,4,burst,732,0.14920799999981682,28
0,4,burst,733,0.1487090000000535,28
0,4,burst,734,0.1435830000000351,28
0,4,burst,735,0.14458299999978408,28
0,4,burst,736,0.1430419999996957,28
0,4,burst,737,0.16162500000018554,28
0,4,burst,738,0.14279100000021572,28
0,4,burst,739,0.1474580000003698,28
0,4,burst,740,0.1447080000002643,28
0,4,burst,741,0.1402090000001408,28
0,4,burst,742,0.1414999999997235,28
0,4,burst,743,0.1418749999997999,28
0,4,burst,744,0.1450409999997646,28
0,4,burst,745,0.14166599999998652,28
0,4,burst,746,0.1463330000001406,28
0,4,burst,747,0.13999999999987267,28
0,4,burst,748,0.14437499999985448,28
0,4,burst,749,0.140041999999994,28
0,4,burst,750,0.14216699999997218,28
0,4,burst,751,0.2931250000001455,28
0,4,burst,752,0.97262499999988,28
0,4,burst,753,0.16104100000029575,28
0,4,burst,754,0.14466600000014296,28
0,4,burst,755,0.14295800000036252,28
0,4,burst,756,0.140625,28
0,4,burst,757,0.14312500000005457,28
0,4,burst,758,0.1527499999997417,28
0,4,burst,759,0.1446249999999054,28
0,4,burst,760,0.14229199999999764,28
0,4,burst,761,0.14416700000037963,28
0,4,burst,762,33.14345899999989,28
0,4,burst,763,0.20420800000010786,28
0,4,burst,764,0.17954199999985576,28
0,4,burst,765,0.20308299999987867,28
0,4,burst,766,0.28670800000008967,28
0,4,burst,767,0.23470799999995506,28
0,4,burst,768,0.15324999999984357,28
0,4,burst,769,0.16300000000001091,28
0,4,burst,770,0.1505000000001928,28
0,4,burst,771,2.53708400000005,28
0,4,burst,772,0.20341599999983373,28
0,4,burst,773,0.15029200000026322,28
0,4,burst,774,0.19691699999975754,28
0,4,burst,775,0.15354200000001583,28
0,4,burst,776,0.25758300000006784,28
0,4,burst,777,0.15000000000009095,28
0,4,burst,778,0.15137499999991633,28
0,4,burst,779,0.1447920000000522,28
0,4,burst,780,0.14233400000011898,28
0,4,burst,781,0.14554199999975026,28
0,4,burst,782,0.14641600000004473,28
0,4,burst,783,0.15283300000010058,28
0,4,burst,784,0.5234590000000026,28
0,4,burst,785,0.18583300000000236,28
0,4,burst,786,0.18887500000028012,28
0,4,burst,787,0.244083000000046,28
0,4,burst,788,0.1803330000002461,28
0,4,burst,789,0.1481250000001637,28
0,4,burst,790,0.14862499999981083,28
0,4,burst,791,0.16183399999999892,28
0,4,burst,792,0.1862500000002001,28
0,4,burst,793,0.16550000000006548,28
0,4,burst,794,0.25370799999973315,28
0,4,burst,795,0.22345799999993687,28
0,4,burst,796,0.18720800000028248,28
0,4,burst,797,0.1452079999999114,28
0,4,burst,798,0.17145799999980227,28
0,4,burst,799,0.1610419999997248,28
0,4,burst,800,0.19054099999993923,28
0,4,burst,801,0.1404579999998532,28
0,4,burst,802,0.17195799999990413,28
0,4,burst,803,0.14950000000044383,28
0,4,burst,804,0.22720799999979135,28
0,4,burst,805,0.15724999999974898,28
0,4,burst,806,0.1746250000001055,28
0,4,burst,807,0.7528340000003482,28
0,4,burst,808,0.14858400000002803,28
0,4,burst,809,0.16541700000016135,28
0,4,burst,810,0.2630829999998241,28
0,4,burst,811,0.17412500000000364,28
0,4,burst,812,0.16233299999976225,28
0,4,burst,813,0.15275000000019645,28
0,4,burst,814,0.1540410000002339,28
0,4,burst,815,0.1480410000003758,28
0,4,burst,816,0.14245800000026065,28
0,4,burst,817,0.14187500000025466,28
0,4,burst,818,0.14404199999989942,28
0,4,burst,819,0.1662920000003396,28
0,4,burst,820,0.14395899999999529,28
0,4,burst,821,24.777624999999716,28
0,4,burst,822,0.23799999999982901,28
0,4,burst,823,0.16387499999973443,28
0,4,burst,824,0.15000000000009095,28
0,4,burst,825,0.19845799999984592,28
0,4,burst,826,0.15941700000030323,28
0,4,burst,827,0.24020800000016607,28
0,4,burst,828,0.8084159999998519,28
0,4,burst,829,0.23754199999984849,28
0,4,burst,830,0.15770800000018426,28
0,4,burst,831,0.15099999999983993,28
0,4,burst,832,0.14841700000033597,28
0,4,burst,833,0.1599580000001879,28
0,4,burst,834,0.1508750000002692,28
0,4,burst,835,0.16333299999996598,28
0,4,burst,836,0.5211249999997563,28
0,4,burst,837,0.2472499999998945,28
0,4,burst,838,0.17579200000000128,28
0,4,burst,839,0.14399999999977808,28
0,4,burst,840,0.14295799999990777,28
0,4,burst,841,0.15116699999998673,28
0,4,burst,842,0.14420800000016243,28
0,4,burst,843,0.14137499999969805,28
0,4,burst,844,0.14383300000008603,28
0,4,burst,845,0.1384579999999005,28
0,4,burst,846,0.2383749999999054,28
0,4,burst,847,0.13845900000023903,28
0,4,burst,848,0.13337499999988722,28
0,4,burst,849,0.12458299999980227,28
0,4,burst,850,0.12774999999965075,28
0,4,burst,851,0.11999999999989086,28
0,4,burst,852,0.13629199999968478,28
0,4,burst,853,0.12079200000016499,28
0,4,burst,854,0.12504200000012133,28
0,4,burst,855,0.1250409999997828,28
0,4,burst,856,0.12091599999985192,28
0,4,burst,857,0.12087500000006912,28
0,4,burst,858,0.12274999999999636,28
0,4,burst,859,0.12425000000030195,28
0,4,burst,860,0.11895899999990434,28
0,4,burst,861,0.11995800000022427,28
0,4,burst,862,0.12570800000003146,28
0,4,burst,863,0.11720800000011877,28
0,4,burst,864,0.12154099999997925,28
0,4,burst,865,0.1290830000002643,28
0,4,burst,866,0.09195799999997689,28
0,4,burst,867,0.09054100000003018,28
0,4,burst,868,0.09654199999977209,28
0,4,burst,869,0.09324999999989814,28
0,4,burst,870,0.09466699999984485,28
0,4,burst,871,0.09008400000038819,28
0,4,burst,872,0.0905840000000353,28
0,4,burst,873,0.09233399999993708,28
0,4,burst,874,0.09133299999984956,28
0,4,burst,875,0.08891700000003766,28
0,4,burst,876,0.09166700000014316,28
0,4,burst,877,0.09495799999967858,28
0,4,burst,878,0.08987500000012005,28
0,4,burst,879,0.08966700000019046,28
0,4,burst,880,0.09070900000006077,28
0,4,burst,881,0.09512499999982538,28
0,4,burst,882,0.09074999999984357,28
0,4,burst,883,0.09000000000014552,28
0,4,burst,884,0.09216699999979028,28
0,4,burst,885,0.09545899999966423,28
0,4,burst,886,0.09145899999975882,28
0,4,burst,887,0.09045900000000984,28
0,4,burst,888,0.08933400000023539,28
0,4,burst,889,0.09208300000000236,28
0,4,burst,890,0.08962499999961437,28
0,4,burst,891,0.09441599999991013,28
0,4,burst,892,0.09020800000007512,28
0,4,burst,893,0.09250000000020009,28
0,4,burst,894,0.09004200000026685,28
0,4,burst,895,0.08954099999982645,28
0,4,burst,896,0.09208300000000236,28
0,4,burst,897,0.09087500000032378,28
0,4,burst,898,0.09466599999996106,28
0,4,burst,899,0.0893330000003516,28
0,4,burst,900,0.09066699999993943,28
0,4,burst,901,0.09691699999984849,28
0,4,burst,902,0.09000000000014552,28
0,4,burst,903,0.09066699999993943,28
0,4,burst,904,0.09037499999976717,28
0,4,burst,905,0.09595899999976609,28
0,4,burst,906,0.08970899999985704,28
0,4,burst,907,0.088249999999789,28
0,4,burst,908,0.09149999999999636,28
0,4,burst,909,0.0939579999999296,28
0,4,burst,910,0.08933299999989686,28
0,4,burst,911,0.08987500000012005,28
0,4,burst,912,0.09149999999999636,28
0,4,burst,913,0.07779200000004494,28
0,4,burst,914,0.07454099999995378,28
0,4,burst,915,0.0747919999998885,28
0,4,burst,916,0.07545900000013717,28
0,4,burst,917,0.07445899999993344,28
0,4,burst,918,0.07699999999977081,28
0,4,burst,919,0.07587499999999636,28
0,4,burst,920,0.07916599999998652,28
0,4,burst,921,0.07450000000017099,28
0,4,burst,922,0.07404099999985192,28
0,4,burst,923,0.07366700000011406,28
0,4,burst,924,0.07562499999994543,28
0,4,burst,925,0.0744169999998121,28
0,4,burst,926,0.07337499999994179,28
0,4,burst,927,0.07991700000002311,28
0,4,burst,928,0.07524999999986903,28
0,4,burst,929,0.07620799999995143,28
0,4,burst,930,0.07587499999999636,28
0,4,burst,931,0.07391599999982645,28
0,4,burst,932,0.07579200000009223,28
0,4,burst,933,0.07379200000013952,28
0,4,burst,934,0.07874999999967258,28
0,4,burst,935,0.07858399999986432,28
0,4,burst,936,0.07641699999976481,28
0,4,burst,937,0.0754159999996773,28
0,4,burst,938,0.07495800000015151,28
0,4,burst,939,0.07395799999994779,28
0,4,burst,940,0.07729200000039782,28
0,4,burst,941,0.07666699999981574,28
0,4,burst,942,0.07658300000002782,28
0,4,burst,943,0.0759579999999005,28
0,4,burst,944,0.07654099999990649,28
0,4,burst,945,0.07562499999994543,28
0,4,burst,946,0.07487499999979264,28
0,4,burst,947,0.07512499999984357,28
0,4,burst,948,0.07645899999988615,28
0,4,burst,949,0.07687500000020009,28
0,4,burst,950,0.07545900000013717,28
0,4,burst,951,0.0786670000002232,28
0,4,burst,952,0.07674999999971988,28
0,4,burst,953,0.07545899999968242,28
0,4,burst,954,0.07691699999986668,28
0,4,burst,955,0.07554100000015751,28
0,4,burst,956,0.07854200000019773,28
0,4,burst,957,0.07475000000022192,28
0,4,burst,958,0.07570799999984956,28
0,4,burst,959,0.07583399999975882,28
0,4,burst,960,0.07749999999987267,28
0,4,burst,961,0.0751669999999649,28
0,4,burst,962,0.07600000000002183,28
0,4,burst,963,0.08154199999989942,28
0,4,burst,964,0.07691699999986668,28
0,4,burst,965,0.0757499999999709,28
0,4,burst,966,0.07550000000037471,28
0,4,burst,967,0.06899999999995998,28
0,4,burst,968,0.058708000000024185,28
0,4,burst,969,0.058875000000170985,28
0,4,burst,970,0.06195800000023155,28
0,4,burst,971,0.060292000000117696,28
0,4,burst,972,0.060500000000047294,28
0,4,burst,973,0.057959000000209926,28
0,4,burst,974,0.060165999999753694,28
0,4,burst,975,0.0599170000000413,28
0,4,burst,976,0.05937500000027285,28
0,4,burst,977,0.06187499999987267,28
0,4,burst,978,0.06016699999963748,28
0,4,burst,979,0.059874999999919964,28
0,4,burst,980,0.05862500000012005,28
0,4,burst,981,0.059500000000298314,28
0,4,burst,982,0.06037500000002183,28
0,4,burst,983,0.06387499999982538,28
0,4,burst,984,0.06812500000023647,28
0,4,burst,985,0.06041600000025937,28
0,4,burst,986,0.060500000000047294,28
0,4,burst,987,0.06095800000002782,28
0,4,burst,988,0.05900000000019645,28
0,4,burst,989,0.05999999999994543,28
0,4,burst,990,0.06037500000002183,28
0,4,burst,991,0.06224999999994907,28
0,4,burst,992,0.061749999999847205,28
0,4,burst,993,0.05866700000024139,28
0,4,burst,994,0.06054200000016863,28
0,4,burst,995,0.06062500000007276,28
0,4,burst,996,0.058999999999741704,28
0,4,burst,997,0.05854200000021592,28
0,4,burst,998,0.05962499999986903,28
0,4,burst,999,0.06295799999998053,28
1,1,idle,0,0.0009579999996276456,0
1,1,idle,1,0.0011250000002291927,0
1,1,idle,2,0.0009159999999610591,0
1,1,idle,3,0.000875000000178261,0
1,1,idle,4,0.0009580000000823929,0
1,1,idle,5,0.0008749999997235136,0
1,1,idle,6,0.0011249999997744453,0
1,1,idle,7,0.000875000000178261,0
1,1,idle,8,0.0009580000000823929,0
1,1,idle,9,0.0010000000002037268,0
1,1,idle,10,0.000875000000178261,0
1,1,idle,11,0.0009999999997489795,0
1,1,idle,12,0.0008339999999407155,0
1,1,idle,13,0.0010839999999916472,0
1,1,idle,14,0.0009159999999610591,0
1,1,idle,15,0.0008330000000569271,0
1,1,idle,16,0.0009169999998448475,0
1,1,idle,17,0.0012080000001333246,0
1,1,idle,18,0.0009999999997489795,0
1,1,idle,19,0.0010000000002037268,0
1,1,idle,20,0.0008749999997235136,0
1,1,idle,21,0.0009159999999610591,0
1,1,idle,22,0.0012080000001333246,0
1,1,idle,23,0.0009579999996276456,0
1,1,idle,24,0.0009169999998448475,0
1,1,idle,25,0.0017090000001189765,0
1,1,idle,26,0.0009579999996276456,0
1,1,idle,27,0.0011250000002291927,0
1,1,idle,28,0.0011249999997744453,0
1,1,idle,29,0.0016669999999976426,0
1,1,idle,30,0.000875000000178261,0
1,1,idle,31,0.000875000000178261,0
1,1,idle,32,0.0010839999999916472,0
1,1,idle,33,0.0008339999999407155,0
1,1,idle,34,0.000875000000178261,0
1,1,idle,35,0.0008749999997235136,0
1,1,idle,36,0.0009580000000823929,0
1,1,idle,37,0.0008749999997235136,0
1,1,idle,38,0.001040999999986525,0
1,1,idle,39,0.0008749999997235136,0
1,1,idle,40,0.0009170000002995948,0
1,1,idle,41,0.001334000000042579,0
1,1,idle,42,0.0008749999997235136,0
1,1,idle,43,0.0011669999998957792,0
1,1,idle,44,0.0009589999999661813,0
1,1,idle,45,0.0009170000002995948,0
1,1,idle,46,0.0009579999996276456,0
1,1,idle,47,0.000875000000178261,0
1,1,idle,48,0.0012500000002546585,0
1,1,idle,49,0.000875000000178261,0
1,1,idle,50,0.0009169999998448475,0
1,1,idle,51,0.0008339999999407155,0
1,1,idle,52,0.000875000000178261,0
1,1,idle,53,0.0010419999998703133,0
1,1,idle,54,0.000875000000178261,0
1,1,idle,55,0.0008749999997235136,0
1,1,idle,56,0.0009159999999610591,0
1,1,idle,57,0.0009169999998448475,0
1,1,idle,58,0.0010419999998703133,0
1,1,idle,59,0.0011250000002291927,0
1,1,idle,60,0.0010420000003250607,0
1,1,idle,61,0.0008749999997235136,0
1,1,idle,62,0.0010830000001078588,0
1,1,idle,63,0.0013329999997040431,0
1,1,idle,64,0.0012080000001333246,0
1,1,idle,65,0.0007919999998193816,0
1,1,idle,66,0.001209000000017113,0
1,1,idle,67,0.0009579999996276456,0
1,1,idle,68,0.000875000000178261,0
1,1,idle,69,0.0011250000002291927,0
1,1,idle,70,0.0010420000003250607,0
1,1,idle,71,0.0009999999997489795,0
1,1,idle,72,0.0008749999997235136,0
1,1,idle,73,0.000875000000178261,0
1,1,idle,74,0.0011250000002291927,0
1,1,idle,75,0.000875000000178261,0
1,1,idle,76,0.0008749999997235136,0
1,1,idle,77,0.0008330000000569271,0
1,1,idle,78,0.0008749999997235136,0
1,1,idle,79,0.0009169999998448475,0
1,1,idle,80,0.0010830000001078588,0
1,1,idle,81,0.0008749999997235136,0
1,1,idle,82,0.000875000000178261,0
1,1,idle,83,0.000875000000178261,0
1,1,idle,84,0.0009589999999661813,0
1,1,idle,85,0.0010839999999916472,0
1,1,idle,86,0.0009169999998448475,0
1,1,idle,87,0.0009159999999610591,0
1,1,idle,88,0.0010419999998703133,0
1,1,idle,89,0.0009159999999610591,0
1,1,idle,90,0.0011249999997744453,0
1,1,idle,91,0.0007909999999355932,0
1,1,idle,92,0.001374999999825377,0
1,1,idle,93,0.0008330000000569271,0
1,1,idle,94,0.0009160000004158064,0
1,1,idle,95,0.0010839999999916472,0
1,1,idle,96,0.0011669999998957792,0
1,1,idle,97,0.001374999999825377,0
1,1,idle,98,0.0009169999998448475,0
1,1,idle,99,0.0009170000002995948,0
1,1,idle,100,0.001374999999825377,0
1,1,idle,101,0.0011250000002291927,0
1,1,idle,102,0.0009579999996276456,0
1,1,idle,103,0.0012500000002546585,0
1,1,idle,104,0.000875000000178261,0
1,1,idle,105,0.0009159999999610591,0
1,1,idle,106,0.0011669999998957792,0
1,1,idle,107,0.0008330000000569271,0
1,1,idle,108,0.0008749999997235136,0
1,1,idle,109,0.0008749999997235136,0
1,1,idle,110,0.0008330000000569271,0
1,1,idle,111,0.0010839999999916472,0
1,1,idle,112,0.0008340000003954628,0
1,1,idle,113,0.0008339999999407155,0
1,1,idle,114,0.0008749999997235136,0
1,1,idle,115,0.000875000000178261,0
1,1,idle,116,0.0011660000000119908,0
1,1,idle,117,0.0010830000001078588,0
1,1,idle,118,0.0009169999998448475,0
1,1,idle,119,0.0010000000002037268,0
1,1,idle,120,0.0009579999996276456,0
1,1,idle,121,0.000875000000178261,0
1,1,idle,122,0.0012499999997999112,0
1,1,idle,123,0.0008330000000569271,0
1,1,idle,124,0.0009579999996276456,0
1,1,idle,125,0.000875000000178261,0
1,1,idle,126,0.0009999999997489795,0
1,1,idle,127,0.0010419999998703133,0
1,1,idle,128,0.0008749999997235136,0
1,1,idle,129,0.0012500000002546585,0
1,1,idle,130,0.0013329999997040431,0
1,1,idle,131,0.0008330000000569271,0
1,1,idle,132,0.001040999999986525,0
1,1,idle,133,0.0008749999997235136,0
1,1,idle,134,0.0009590000004209287,0
1,1,idle,135,0.000875000000178261,0
1,1,idle,136,0.0012920000003759924,0
1,1,idle,137,0.0008339999999407155,0
1,1,idle,138,0.0011249999997744453,0
1,1,idle,139,0.0008330000000569271,0
1,1,idle,140,0.0009580000000823929,0
1,1,idle,141,0.0010000000002037268,0
1,1,idle,142,0.0009169999998448475,0
1,1,idle,143,0.0019170000000485743,0
1,1,idle,144,0.0009589999999661813,0
1,1,idle,145,0.000875000000178261,0
1,1,idle,146,0.0008330000000569271,0
1,1,idle,147,0.0008330000000569271,0
1,1,idle,148,0.0011669999998957792,0
1,1,idle,149,0.000875000000178261,0
1,1,idle,150,0.0009169999998448475,0
1,1,idle,151,0.0009580000000823929,0
1,1,idle,152,0.0009169999998448475,0
1,1,idle,153,0.001291999999921245,0
1,1,idle,154,0.0009169999998448475,0
1,1,idle,155,0.0008749999997235136,0
1,1,idle,156,0.000875000000178261,0
1,1,idle,157,0.0008330000000569271,0
1,1,idle,158,0.000875000000178261,0
1,1,idle,159,0.0014590000000680448,0
1,1,idle,160,0.001374999999825377,0
1,1,idle,161,0.0011660000000119908,0
1,1,idle,162,0.0015000000003055902,0
1,1,idle,163,0.0009589999999661813,0
1,1,idle,164,0.0014590000000680448,0
1,1,idle,165,0.001209000000017113,0
1,1,idle,166,0.0009999999997489795,0
1,1,idle,167,0.0009170000002995948,0
1,1,idle,168,0.001040999999986525,0
1,1,idle,169,0.0012500000002546585,0
1,1,idle,170,0.0009580000000823929,0
1,1,idle,171,0.0009170000002995948,0
1,1,idle,172,0.000875000000178261,0
1,1,idle,173,0.0008330000000569271,0
1,1,idle,174,0.0010830000001078588,0
1,1,idle,175,0.0008749999997235136,0
1,1,idle,176,0.000875000000178261,0
1,1,idle,177,0.0009159999999610591,0
1,1,idle,178,0.0009580000000823929,0
1,1,idle,179,0.0010419999998703133,0
1,1,idle,180,0.0012080000001333246,0
1,1,idle,181,0.0008330000000569271,0
1,1,idle,182,0.0009170000002995948,0
1,1,idle,183,0.0008339999999407155,0
1,1,idle,184,0.0010000000002037268,0
1,1,idle,185,0.0010830000001078588,0
1,1,idle,186,0.000875000000178261,0
1,1,idle,187,0.000875000000178261,0
1,1,idle,188,0.0008339999999407155,0
1,1,idle,189,0.0008749999997235136,0
1,1,idle,190,0.0011669999998957792,0
1,1,idle,191,0.0008330000000569271,0
1,1,idle,192,0.000875000000178261,0
1,1,idle,193,0.0008330000000569271,0
1,1,idle,194,0.0009170000002995948,0
1,1,idle,195,0.0008339999999407155,0
1,1,idle,196,0.0012499999997999112,0
1,1,idle,197,0.0011669999998957792,0
1,1,idle,198,0.0008749999997235136,0
1,1,idle,199,0.0009170000002995948,0
1,1,idle,200,0.001040999999986525,0
1,1,idle,201,0.0010419999998703133,0
1,1,idle,202,0.001040999999986525,0
1,1,idle,203,0.0009170000002995948,0
1,1,idle,204,0.000875000000178261,0
1,1,idle,205,0.0008339999999407155,0
1,1,idle,206,0.0011250000002291927,0
1,1,idle,207,0.0009169999998448475,0
1,1,idle,208,0.0010830000001078588,0
1,1,idle,209,0.0010420000003250607,0
1,1,idle,210,0.0009580000000823929,0
1,1,idle,211,0.0010829999996531114,0
1,1,idle,212,0.000875000000178261,0
1,1,idle,213,0.0007910000003903406,0
1,1,idle,214,0.0009170000002995948,0
1,1,idle,215,0.0008339999999407155,0
1,1,idle,216,0.0008749999997235136,0
1,1,idle,217,0.0011250000002291927,0
1,1,idle,218,0.0008329999996021797,0
1,1,idle,219,0.000875000000178261,0
1,1,idle,220,0.0008749999997235136,0
1,1,idle,221,0.0008749999997235136,0
1,1,idle,222,0.0011669999998957792,0
1,1,idle,223,0.0009159999999610591,0
1,1,idle,224,0.0009589999999661813,0
1,1,idle,225,0.0009169999998448475,0
1,1,idle,226,0.001040999999986525,0
1,1,idle,227,0.0013329999997040431,0
1,1,idle,228,0.0009169999998448475,0
1,1,idle,229,0.0018750000003819878,0
1,1,idle,230,0.0010000000002037268,0
1,1,idle,231,0.0008330000000569271,0
1,1,idle,232,0.0010830000001078588,0
1,1,idle,233,0.000875000000178261,0
1,1,idle,234,0.0008749999997235136,0
1,1,idle,235,0.0008749999997235136,0
1,1,idle,236,0.0009170000002995948,0
1,1,idle,237,0.0008749999997235136,0
1,1,idle,238,0.0010419999998703133,0
1,1,idle,239,0.0007910000003903406,0
1,1,idle,240,0.000875000000178261,0
1,1,idle,241,0.0008749999997235136,0
1,1,idle,242,0.0008749999997235136,0
1,1,idle,243,0.0010830000001078588,0
1,1,idle,244,0.0009169999998448475,0
1,1,idle,245,0.0008749999997235136,0
1,1,idle,246,0.0009580000000823929,0
1,1,idle,247,0.000875000000178261,0
1,1,idle,248,0.0012910000000374566,0
1,1,idle,249,0.000875000000178261,0
1,1,idle,250,0.0009580000000823929,0
1,1,idle,251,0.000875000000178261,0
1,1,idle,252,0.0009580000000823929,0
1,1,idle,253,0.0010419999998703133,0
1,1,idle,254,0.0008340000003954628,0
1,1,idle,255,0.0009589999999661813,0
1,1,idle,256,0.0009580000000823929,0
1,1,idle,257,0.0008749999997235136,0
1,1,idle,258,0.0008749999997235136,0
1,1,idle,259,0.0011250000002291927,0
1,1,idle,260,0.0008329999996021797,0
1,1,idle,261,0.0008330000000569271,0
1,1,idle,262,0.000875000000178261,0
1,1,idle,263,0.0012500000002546585,0
1,1,idle,264,0.0014999999998508429,0
1,1,idle,265,0.0008330000000569271,0
1,1,idle,266,0.000875000000178261,0
1,1,idle,267,0.0007919999998193816,0
1,1,idle,268,0.0014160000000629225,0
1,1,idle,269,0.0010830000001078588,0
1,1,idle,270,0.0010419999998703133,0
1,1,idle,271,0.0009170000002995948,0
1,1,idle,272,0.000875000000178261,0
1,1,idle,273,0.0011670000003505265,0
1,1,idle,274,0.0011250000002291927,0
1,1,idle,275,0.000875000000178261,0
1,1,idle,276,0.0009580000000823929,0
1,1,idle,277,0.0009579999996276456,0
1,1,idle,278,0.0009169999998448475,0
1,1,idle,279,0.0009160000004158064,0
1,1,idle,280,0.0011250000002291927,0
1,1,idle,281,0.0008329999996021797,0
1,1,idle,282,0.0009580000000823929,0
1,1,idle,283,0.0007909999999355932,0
1,1,idle,284,0.0009999999997489795,0
1,1,idle,285,0.0012080000001333246,0
1,1,idle,286,0.0009580000000823929,0
1,1,idle,287,0.0008330000000569271,0
1,1,idle,288,0.0009169999998448475,0
1,1,idle,289,0.0011250000002291927,0
1,1,idle,290,0.0011250000002291927,0
1,1,idle,291,0.0008749999997235136,0
1,1,idle,292,0.0009169999998448475,0
1,1,idle,293,0.0010839999999916472,0
1,1,idle,294,0.0009170000002995948,0
1,1,idle,295,0.0009580000000823929,0
1,1,idle,296,0.001374999999825377,0
1,1,idle,297,0.000875000000178261,0
1,1,idle,298,0.000875000000178261,0
1,1,idle,299,0.0009169999998448475,0
1,1,idle,300,0.0009580000000823929,0
1,1,idle,301,0.0011250000002291927,0
1,1,idle,302,0.0009999999997489795,0
1,1,idle,303,0.0009169999998448475,0
1,1,idle,304,0.000875000000178261,0
1,1,idle,305,0.000875000000178261,0
1,1,idle,306,0.0011669999998957792,0
1,1,idle,307,0.0008749999997235136,0
1,1,idle,308,0.0010000000002037268,0
1,1,idle,309,0.0009580000000823929,0
1,1,idle,310,0.0009169999998448475,0
1,1,idle,311,0.0011670000003505265,0
1,1,idle,312,0.000875000000178261,0
1,1,idle,313,0.0010000000002037268,0
1,1,idle,314,0.001040999999986525,0
1,1,idle,315,0.0008330000000569271,0
1,1,idle,316,0.0008749999997235136,0
1,1,idle,317,0.0011660000000119908,0
1,1,idle,318,0.0008330000000569271,0
1,1,idle,319,0.0008749999997235136,0
1,1,idle,320,0.0009580000000823929,0
1,1,idle,321,0.0008749999997235136,0
1,1,idle,322,0.0012080000001333246,0
1,1,idle,323,0.0009160000004158064,0
1,1,idle,324,0.0010000000002037268,0
1,1,idle,325,0.0009169999998448475,0
1,1,idle,326,0.0009159999999610591,0
1,1,idle,327,0.0010839999999916472,0
1,1,idle,328,0.0009159999999610591,0
1,1,idle,329,0.0009169999998448475,0
1,1,idle,330,0.001291999999921245,0
1,1,idle,331,0.0011249999997744453,0
1,1,idle,332,0.0009999999997489795,0
1,1,idle,333,0.0009159999999610591,0
1,1,idle,334,0.0009579999996276456,0
1,1,idle,335,0.0009170000002995948,0
1,1,idle,336,0.001040999999986525,0
1,1,idle,337,0.0008749999997235136,0
1,1,idle,338,0.0012080000001333246,0
1,1,idle,339,0.0008330000000569271,0
1,1,idle,340,0.000875000000178261,0
1,1,idle,341,0.000875000000178261,0
1,1,idle,342,0.0009159999999610591,0
1,1,idle,343,0.0011669999998957792,0
1,1,idle,344,0.0009159999999610591,0
1,1,idle,345,0.0009169999998448475,0
1,1,idle,346,0.0009580000000823929,0
1,1,idle,347,0.0009579999996276456,0
1,1,idle,348,0.0011250000002291927,0
1,1,idle,349,0.000875000000178261,0
1,1,idle,350,0.0009999999997489795,0
1,1,idle,351,0.0012080000001333246,0
1,1,idle,352,0.0008329999996021797,0
1,1,idle,353,0.0009580000000823929,0
1,1,idle,354,0.0009169999998448475,0
1,1,idle,355,0.000875000000178261,0
1,1,idle,356,0.000875000000178261,0
1,1,idle,357,0.0009169999998448475,0
1,1,idle,358,0.0008330000000569271,0
1,1,idle,359,0.001040999999986525,0
1,1,idle,360,0.0016669999999976426,0
1,1,idle,361,0.001209000000017113,0
1,1,idle,362,0.0009169999998448475,0
1,1,idle,363,0.0013750000002801244,0
1,1,idle,364,0.0010829999996531114,0
1,1,idle,365,0.0009580000000823929,0
1,1,idle,366,0.0008749999997235136,0
1,1,idle,367,0.0007909999999355932,0
1,1,idle,368,0.0009169999998448475,0
1,1,idle,369,0.0010830000001078588,0
1,1,idle,370,0.000875000000178261,0
1,1,idle,371,0.0008339999999407155,0
1,1,idle,372,0.0009169999998448475,0
1,1,idle,373,0.0008330000000569271,0
1,1,idle,374,0.0010830000001078588,0
1,1,idle,375,0.0008330000000569271,0
1,1,idle,376,0.0008749999997235136,0
1,1,idle,377,0.0007909999999355932,0
1,1,idle,378,0.0008749999997235136,0
1,1,idle,379,0.000875000000178261,0
1,1,idle,380,0.0010839999999916472,0
1,1,idle,381,0.0011250000002291927,0
1,1,idle,382,0.0009170000002995948,0
1,1,idle,383,0.0008330000000569271,0
1,1,idle,384,0.000875000000178261,0
1,1,idle,385,0.0010839999999916472,0
1,1,idle,386,0.0008339999999407155,0
1,1,idle,387,0.0009170000002995948,0
1,1,idle,388,0.0009159999999610591,0
1,1,idle,389,0.0008330000000569271,0
1,1,idle,390,0.0010829999996531114,0
1,1,idle,391,0.0009170000002995948,0
1,1,idle,392,0.0008329999996021797,0
1,1,idle,393,0.0008330000000569271,0
1,1,idle,394,0.0008749999997235136,0
1,1,idle,395,0.000875000000178261,0
1,1,idle,396,0.0014170000004014582,0
1,1,idle,397,0.0008749999997235136,0
1,1,idle,398,0.0012499999997999112,0
1,1,idle,399,0.0009169999998448475,0
1,1,idle,400,0.0008749999997235136,0
1,1,idle,401,0.0010419999998703133,0
1,1,idle,402,0.0008330000000569271,0
1,1,idle,403,0.0009579999996276456,0
1,1,idle,404,0.000875000000178261,0
1,1,idle,405,0.0008749999997235136,0
1,1,idle,406,0.0010839999999916472,0
1,1,idle,407,0.0008339999999407155,0
1,1,idle,408,0.0009169999998448475,0
1,1,idle,409,0.0008330000000569271,0
1,1,idle,410,0.0009580000000823929,0
1,1,idle,411,0.0011249999997744453,0
1,1,idle,412,0.0011669999998957792,0
1,1,idle,413,0.0015830000002097222,0
1,1,idle,414,0.0009169999998448475,0
1,1,idle,415,0.0009580000000823929,0
1,1,idle,416,0.0008749999997235136,0
1,1,idle,417,0.0011660000000119908,0
1,1,idle,418,0.000875000000178261,0
1,1,idle,419,0.000875000000178261,0
1,1,idle,420,0.0009170000002995948,0
1,1,idle,421,0.0010000000002037268,0
1,1,idle,422,0.0015840000000935106,0
1,1,idle,423,0.0008339999999407155,0
1,1,idle,424,0.0009589999999661813,0
1,1,idle,425,0.0008339999999407155,0
1,1,idle,426,0.000875000000178261,0
1,1,idle,427,0.001374999999825377,0
1,1,idle,428,0.0009170000002995948,0
1,1,idle,429,0.0008339999999407155,0
1,1,idle,430,0.0011249999997744453,0
1,1,idle,431,0.000875000000178261,0
1,1,idle,432,0.0012920000003759924,0
1,1,idle,433,0.0008339999999407155,0
1,1,idle,434,0.0009169999998448475,0
1,1,idle,435,0.0013329999997040431,0
1,1,idle,436,0.000875000000178261,0
1,1,idle,437,0.0008330000000569271,0
1,1,idle,438,0.0011250000002291927,0
1,1,idle,439,0.0008330000000569271,0
1,1,idle,440,0.0010829999996531114,0
1,1,idle,441,0.0008330000000569271,0
1,1,idle,442,0.0009999999997489795,0
1,1,idle,443,0.0011250000002291927,0
1,1,idle,444,0.0009159999999610591,0
1,1,idle,445,0.0009999999997489795,0
1,1,idle,446,0.000875000000178261,0
1,1,idle,447,0.0009169999998448475,0
1,1,idle,448,0.0010420000003250607,0
1,1,idle,449,0.000875000000178261,0
1,1,idle,450,0.0008749999997235136,0
1,1,idle,451,0.000875000000178261,0
1,1,idle,452,0.0009169999998448475,0
1,1,idle,453,0.0009999999997489795,0
1,1,idle,454,0.0008749999997235136,0
1,1,idle,455,0.0008330000000569271,0
1,1,idle,456,0.0009169999998448475,0
1,1,idle,457,0.000875000000178261,0
1,1,idle,458,0.001040999999986525,0
1,1,idle,459,0.0011669999998957792,0
1,1,idle,460,0.0009580000000823929,0
1,1,idle,461,0.0008330000000569271,0
1,1,idle,462,0.000875000000178261,0
1,1,idle,463,0.0010829999996531114,0
1,1,idle,464,0.0011250000002291927,0
1,1,idle,465,0.001209000000017113,0
1,1,idle,466,0.0009590000004209287,0
1,1,idle,467,0.0009169999998448475,0
1,1,idle,468,0.000875000000178261,0
1,1,idle,469,0.0010839999999916472,0
1,1,idle,470,0.0010000000002037268,0
1,1,idle,471,0.0012499999997999112,0
1,1,idle,472,0.0008749999997235136,0
1,1,idle,473,0.000875000000178261,0
1,1,idle,474,0.0010829999996531114,0
1,1,idle,475,0.001334000000042579,0
1,1,idle,476,0.0009580000000823929,0
1,1,idle,477,0.0007909999999355932,0
1,1,idle,478,0.0009169999998448475,0
1,1,idle,479,0.0009159999999610591,0
1,1,idle,480,0.0010830000001078588,0
1,1,idle,481,0.0008749999997235136,0
1,1,idle,482,0.0009169999998448475,0
1,1,idle,483,0.001209000000017113,0
1,1,idle,484,0.000875000000178261,0
1,1,idle,485,0.0010419999998703133,0
1,1,idle,486,0.0009589999999661813,0
1,1,idle,487,0.0009169999998448475,0
1,1,idle,488,0.0009170000002995948,0
1,1,idle,489,0.0007919999998193816,0
1,1,idle,490,0.0011250000002291927,0
1,1,idle,491,0.0008339999999407155,0
1,1,idle,492,0.0010000000002037268,0
1,1,idle,493,0.0008749999997235136,0
1,1,idle,494,0.0028750000001309672,0
1,1,idle,495,0.0009999999997489795,0
1,1,idle,496,0.0011669999998957792,0
1,1,idle,497,0.0011250000002291927,0
1,1,idle,498,0.0009579999996276456,0
1,1,idle,499,0.0009159999999610591,0
1,1,idle,500,0.000875000000178261,0
1,1,idle,501,0.0010829999996531114,0
1,1,idle,502,0.0008330000000569271,0
1,1,idle,503,0.0008749999997235136,0
1,1,idle,504,0.000875000000178261,0
1,1,idle,505,0.000875000000178261,0
1,1,idle,506,0.0011670000003505265,0
1,1,idle,507,0.0009159999999610591,0
1,1,idle,508,0.0008749999997235136,0
1,1,idle,509,0.0008330000000569271,0
1,1,idle,510,0.0007910000003903406,0
1,1,idle,511,0.0010000000002037268,0
1,1,idle,512,0.0008749999997235136,0
1,1,idle,513,0.0009589999999661813,0
1,1,idle,514,0.0008749999997235136,0
1,1,idle,515,0.0009159999999610591,0
1,1,idle,516,0.0008330000000569271,0
1,1,idle,517,0.0010830000001078588,0
1,1,idle,518,0.0008330000000569271,0
1,1,idle,519,0.0011249999997744453,0
1,1,idle,520,0.000875000000178261,0
1,1,idle,521,0.0008339999999407155,0
1,1,idle,522,0.0010419999998703133,0
1,1,idle,523,0.0008749999997235136,0
1,1,idle,524,0.0011669999998957792,0
1,1,idle,525,0.000875000000178261,0
1,1,idle,526,0.0009159999999610591,0
1,1,idle,527,0.0010420000003250607,0
1,1,idle,528,0.0009159999999610591,0
1,1,idle,529,0.000875000000178261,0
1,1,idle,530,0.0012079999996785773,0
1,1,idle,531,0.0009170000002995948,0
1,1,idle,532,0.0014169999999467109,0
1,1,idle,533,0.000875000000178261,0
1,1,idle,534,0.0008339999999407155,0
1,1,idle,535,0.0008749999997235136,0
1,1,idle,536,0.0010830000001078588,0
1,1,idle,537,0.001334000000042579,0
1,1,idle,538,0.0011660000000119908,0
1,1,idle,539,0.0009579999996276456,0
1,1,idle,540,0.000875000000178261,0
1,1,idle,541,0.000875000000178261,0
1,1,idle,542,0.0008339999999407155,0
1,1,idle,543,0.0011250000002291927,0
1,1,idle,544,0.0010000000002037268,0
1,1,idle,545,0.0009999999997489795,0
1,1,idle,546,0.0008339999999407155,0
1,1,idle,547,0.000875000000178261,0
1,1,idle,548,0.0010420000003250607,0
1,1,idle,549,0.000875000000178261,0
1,1,idle,550,0.0008329999996021797,0
1,1,idle,551,0.0008330000000569271,0
1,1,idle,552,0.0008749999997235136,0
1,1,idle,553,0.0010420000003250607,0
1,1,idle,554,0.0009159999999610591,0
1,1,idle,555,0.0009589999999661813,0
1,1,idle,556,0.0010420000003250607,0
1,1,idle,557,0.0009169999998448475,0
1,1,idle,558,0.000875000000178261,0
1,1,idle,559,0.0011250000002291927,0
1,1,idle,560,0.0009169999998448475,0
1,1,idle,561,0.0012079999996785773,0
1,1,idle,562,0.000875000000178261,0
1,1,idle,563,0.000875000000178261,0
1,1,idle,564,0.0014590000000680448,0
1,1,idle,565,0.000875000000178261,0
1,1,idle,566,0.0009170000002995948,0
1,1,idle,567,0.0009159999999610591,0
1,1,idle,568,0.0008749999997235136,0
1,1,idle,569,0.0011250000002291927,0
1,1,idle,570,0.000875000000178261,0
1,1,idle,571,0.0009999999997489795,0
1,1,idle,572,0.0007919999998193816,0
1,1,idle,573,0.0009589999999661813,0
1,1,idle,574,0.0011249999997744453,0
1,1,idle,575,0.0008749999997235136,0
1,1,idle,576,0.0009170000002995948,0
1,1,idle,577,0.0008330000000569271,0
1,1,idle,578,0.0009159999999610591,0
1,1,idle,579,0.0009589999999661813,0
1,1,idle,580,0.001040999999986525,0
1,1,idle,581,0.000875000000178261,0
1,1,idle,582,0.0008330000000569271,0
1,1,idle,583,0.0012499999997999112,0
1,1,idle,584,0.0008339999999407155,0
1,1,idle,585,0.0011249999997744453,0
1,1,idle,586,0.0009160000004158064,0
1,1,idle,587,0.0009170000002995948,0
1,1,idle,588,0.0009159999999610591,0
1,1,idle,589,0.0009169999998448475,0
1,1,idle,590,0.0011660000000119908,0
1,1,idle,591,0.000875000000178261,0
1,1,idle,592,0.0010000000002037268,0
1,1,idle,593,0.0009999999997489795,0
1,1,idle,594,0.0009170000002995948,0
1,1,idle,595,0.000875000000178261,0
1,1,idle,596,0.0011250000002291927,0
1,1,idle,597,0.0012909999995827093,0
1,1,idle,598,0.0010000000002037268,0
1,1,idle,599,0.0017079999997804407,0
1,1,idle,600,0.0009169999998448475,0
1,1,idle,601,0.0011660000000119908,0
1,1,idle,602,0.0014169999999467109,0
1,1,idle,603,0.0009580000000823929,0
1,1,idle,604,0.000875000000178261,0
1,1,idle,605,0.001291999999921245,0
1,1,idle,606,0.0010419999998703133,0
1,1,idle,607,0.000875000000178261,0
1,1,idle,608,0.000875000000178261,0
1,1,idle,609,0.0009169999998448475,0
1,1,idle,610,0.0008330000000569271,0
1,1,idle,611,0.001040999999986525,0
1,1,idle,612,0.000875000000178261,0
1,1,idle,613,0.0008330000000569271,0
1,1,idle,614,0.0008330000000569271,0
1,1,idle,615,0.0010830000001078588,0
1,1,idle,616,0.0009169999998448475,0
1,1,idle,617,0.0010830000001078588,0
1,1,idle,618,0.0008749999997235136,0
1,1,idle,619,0.0009159999999610591,0
1,1,idle,620,0.000875000000178261,0
1,1,idle,621,0.0008749999997235136,0
1,1,idle,622,0.0011249999997744453,0
1,1,idle,623,0.0008749999997235136,0
1,1,idle,624,0.0009580000000823929,0
1,1,idle,625,0.0009169999998448475,0
1,1,idle,626,0.0009170000002995948,0
1,1,idle,627,0.0010839999999916472,0
1,1,idle,628,0.0010830000001078588,0
1,1,idle,629,0.0009580000000823929,0
1,1,idle,630,0.0008749999997235136,0
1,1,idle,631,0.0014160000000629225,0
1,1,idle,632,0.0010000000002037268,0
1,1,idle,633,0.0009580000000823929,0
1,1,idle,634,0.0008329999996021797,0
1,1,idle,635,0.000875000000178261,0
1,1,idle,636,0.0008749999997235136,0
1,1,idle,637,0.0008330000000569271,0
1,1,idle,638,0.0010830000001078588,0
1,1,idle,639,0.0009580000000823929,0
1,1,idle,640,0.0007919999998193816,0
1,1,idle,641,0.0008339999999407155,0
1,1,idle,642,0.0009169999998448475,0
1,1,idle,643,0.0012080000001333246,0
1,1,idle,644,0.0009589999999661813,0
1,1,idle,645,0.0009999999997489795,0
1,1,idle,646,0.0008749999997235136,0
1,1,idle,647,0.0009170000002995948,0
1,1,idle,648,0.001040999999986525,0
1,1,idle,649,0.000875000000178261,0
1,1,idle,650,0.0009580000000823929,0
1,1,idle,651,0.000875000000178261,0
1,1,idle,652,0.000875000000178261,0
1,1,idle,653,0.0011250000002291927,0
1,1,idle,654,0.0008749999997235136,0
1,1,idle,655,0.000875000000178261,0
1,1,idle,656,0.0009170000002995948,0
1,1,idle,657,0.0008330000000569271,0
1,1,idle,658,0.0008330000000569271,0
1,1,idle,659,0.0010829999996531114,0
1,1,idle,660,0.000875000000178261,0
1,1,idle,661,0.0012079999996785773,0
1,1,idle,662,0.0013750000002801244,0
1,1,idle,663,0.0012500000002546585,0
1,1,idle,664,0.001708000000235188,0
1,1,idle,665,0.0008330000000569271,0
1,1,idle,666,0.0014169999999467109,0
1,1,idle,667,0.0009170000002995948,0
1,1,idle,668,0.0009589999999661813,0
1,1,idle,669,0.0011249999997744453,0
1,1,idle,670,0.0009589999999661813,0
1,1,idle,671,0.0009169999998448475,0
1,1,idle,672,0.0008330000000569271,0
1,1,idle,673,0.0009579999996276456,0
1,1,idle,674,0.0010419999998703133,0
1,1,idle,675,0.000875000000178261,0
1,1,idle,676,0.0009169999998448475,0
1,1,idle,677,0.0009579999996276456,0
1,1,idle,678,0.000875000000178261,0
1,1,idle,679,0.0008749999997235136,0
1,1,idle,680,0.0009999999997489795,0
1,1,idle,681,0.000875000000178261,0
1,1,idle,682,0.0009169999998448475,0
1,1,idle,683,0.000875000000178261,0
1,1,idle,684,0.0009580000000823929,0
1,1,idle,685,0.0011249999997744453,0
1,1,idle,686,0.0008330000000569271,0
1,1,idle,687,0.0009580000000823929,0
1,1,idle,688,0.0008330000000569271,0
1,1,idle,689,0.0009999999997489795,0
1,1,idle,690,0.0010839999999916472,0
1,1,idle,691,0.0009589999999661813,0
1,1,idle,692,0.0009159999999610591,0
1,1,idle,693,0.0009169999998448475,0
1,1,idle,694,0.000875000000178261,0
1,1,idle,695,0.0015419999999721767,0
1,1,idle,696,0.0011250000002291927,0
1,1,idle,697,0.001291999999921245,0
1,1,idle,698,0.0008330000000569271,0
1,1,idle,699,0.0008749999997235136,0
1,1,idle,700,0.0008749999997235136,0
1,1,idle,701,0.0010419999998703133,0
1,1,idle,702,0.0008339999999407155,0
1,1,idle,703,0.0010000000002037268,0
1,1,idle,704,0.0008339999999407155,0
1,1,idle,705,0.000875000000178261,0
1,1,idle,706,0.0010839999999916472,0
1,1,idle,707,0.0009159999999610591,0
1,1,idle,708,0.000875000000178261,0
1,1,idle,709,0.0009169999998448475,0
1,1,idle,710,0.0008339999999407155,0
1,1,idle,711,0.0011249999997744453,0
1,1,idle,712,0.0009589999999661813,0
1,1,idle,713,0.0008339999999407155,0
1,1,idle,714,0.0007919999998193816,0
1,1,idle,715,0.0009159999999610591,0
1,1,idle,716,0.0008749999997235136,0
1,1,idle,717,0.0011250000002291927,0
1,1,idle,718,0.0008749999997235136,0
1,1,idle,719,0.0009169999998448475,0
1,1,idle,720,0.0009580000000823929,0
1,1,idle,721,0.0009159999999610591,0
1,1,idle,722,0.0011670000003505265,0
1,1,idle,723,0.0013330000001587905,0
1,1,idle,724,0.0009159999999610591,0
1,1,idle,725,0.0009169999998448475,0
1,1,idle,726,0.0008330000000569271,0
1,1,idle,727,0.0011249999997744453,0
1,1,idle,728,0.0009169999998448475,0
1,1,idle,729,0.0008749999997235136,0
1,1,idle,730,0.0008330000000569271,0
1,1,idle,731,0.0015419999999721767,0
1,1,idle,732,0.0011670000003505265,0
1,1,idle,733,0.0011660000000119908,0
1,1,idle,734,0.000875000000178261,0
1,1,idle,735,0.0009159999999610591,0
1,1,idle,736,0.0010000000002037268,0
1,1,idle,737,0.0009169999998448475,0
1,1,idle,738,0.0010419999998703133,0
1,1,idle,739,0.0009579999996276456,0
1,1,idle,740,0.0007909999999355932,0
1,1,idle,741,0.000875000000178261,0
1,1,idle,742,0.0008330000000569271,0
1,1,idle,743,0.0010830000001078588,0
1,1,idle,744,0.0008749999997235136,0
1,1,idle,745,0.0009580000000823929,0
1,1,idle,746,0.0008329999996021797,0
1,1,idle,747,0.0010830000001078588,0
1,1,idle,748,0.001040999999986525,0
1,1,idle,749,0.0008330000000569271,0
1,1,idle,750,0.0009169999998448475,0
1,1,idle,751,0.0009580000000823929,0
1,1,idle,752,0.0009580000000823929,0
1,1,idle,753,0.0011669999998957792,0
1,1,idle,754,0.0009170000002995948,0
1,1,idle,755,0.0008749999997235136,0
1,1,idle,756,0.0010000000002037268,0
1,1,idle,757,0.0008339999999407155,0
1,1,idle,758,0.0009169999998448475,0
1,1,idle,759,0.0011249999997744453,0
1,1,idle,760,0.000875000000178261,0
1,1,idle,761,0.0009159999999610591,0
1,1,idle,762,0.0012079999996785773,0
1,1,idle,763,0.0009590000004209287,0
1,1,idle,764,0.0016249999998763087,0
1,1,idle,765,0.0010000000002037268,0
1,1,idle,766,0.0009169999998448475,0
1,1,idle,767,0.0012910000000374566,0
1,1,idle,768,0.0008749999997235136,0
1,1,idle,769,0.0012499999997999112,0
1,1,idle,770,0.0014580000001842564,0
1,1,idle,771,0.0009169999998448475,0
1,1,idle,772,0.0008749999997235136,0
1,1,idle,773,0.000875000000178261,0
1,1,idle,774,0.0011249999997744453,0
1,1,idle,775,0.0011669999998957792,0
1,1,idle,776,0.0010000000002037268,0
1,1,idle,777,0.0009159999999610591,0
1,1,idle,778,0.000875000000178261,0
1,1,idle,779,0.0008330000000569271,0
1,1,idle,780,0.0010830000001078588,0
1,1,idle,781,0.0009589999999661813,0
1,1,idle,782,0.0009589999999661813,0
1,1,idle,783,0.0009169999998448475,0
1,1,idle,784,0.0009170000002995948,0
1,1,idle,785,0.001540999999633641,0
1,1,idle,786,0.0010000000002037268,0
1,1,idle,787,0.015041000000110216,0
1,1,idle,788,0.0010830000001078588,0
1,1,idle,789,0.0009580000000823929,0
1,1,idle,790,0.0012079999996785773,0
1,1,idle,791,0.000875000000178261,0
1,1,idle,792,0.0009579999996276456,0
1,1,idle,793,0.0010000000002037268,0
1,1,idle,794,0.000875000000178261,0
1,1,idle,795,0.001040999999986525,0
1,1,idle,796,0.0014580000001842564,0
1,1,idle,797,0.0009169999998448475,0
1,1,idle,798,0.0008749999997235136,0
1,1,idle,799,0.0009580000000823929,0
1,1,idle,800,0.0011249999997744453,0
1,1,idle,801,0.0011669999998957792,0
1,1,idle,802,0.0008749999997235136,0
1,1,idle,803,0.0010000000002037268,0
1,1,idle,804,0.000875000000178261,0
1,1,idle,805,0.0008749999997235136,0
1,1,idle,806,0.0013330000001587905,0
1,1,idle,807,0.0009159999999610591,0
1,1,idle,808,0.0009589999999661813,0
1,1,idle,809,0.000875000000178261,0
1,1,idle,810,0.0008749999997235136,0
1,1,idle,811,0.0011250000002291927,0
1,1,idle,812,0.000875000000178261,0
1,1,idle,813,0.0009589999999661813,0
1,1,idle,814,0.0009160000004158064,0
1,1,idle,815,0.000875000000178261,0
1,1,idle,816,0.0008749999997235136,0
1,1,idle,817,0.0010830000001078588,0
1,1,idle,818,0.0008330000000569271,0
1,1,idle,819,0.000875000000178261,0
1,1,idle,820,0.0008340000003954628,0
1,1,idle,821,0.0009169999998448475,0
1,1,idle,822,0.0011660000000119908,0
1,1,idle,823,0.0008749999997235136,0
1,1,idle,824,0.0008330000000569271,0
1,1,idle,825,0.0008330000000569271,0
1,1,idle,826,0.0009159999999610591,0
1,1,idle,827,0.0011250000002291927,0
1,1,idle,828,0.0009580000000823929,0
1,1,idle,829,0.0019580000002861198,0
1,1,idle,830,0.000875000000178261,0
1,1,idle,831,0.0009169999998448475,0
1,1,idle,832,0.0010839999999916472,0
1,1,idle,833,0.0009580000000823929,0
1,1,idle,834,0.0010000000002037268,0
1,1,idle,835,0.0009170000002995948,0
1,1,idle,836,0.0008330000000569271,0
1,1,idle,837,0.000875000000178261,0
1,1,idle,838,0.0011250000002291927,0
1,1,idle,839,0.0008749999997235136,0
1,1,idle,840,0.0008330000000569271,0
1,1,idle,841,0.0008749999997235136,0
1,1,idle,842,0.0008330000000569271,0
1,1,idle,843,0.0009999999997489795,0
1,1,idle,844,0.0008749999997235136,0
1,1,idle,845,0.000875000000178261,0
1,1,idle,846,0.000875000000178261,0
1,1,idle,847,0.0012500000002546585,0
1,1,idle,848,0.001457999999729509,0
1,1,idle,849,0.0009999999997489795,0
1,1,idle,850,0.0009159999999610591,0
1,1,idle,851,0.0009169999998448475,0
1,1,idle,852,0.0010000000002037268,0
1,1,idle,853,0.0010839999999916472,0
1,1,idle,854,0.0010000000002037268,0
1,1,idle,855,0.0009170000002995948,0
1,1,idle,856,0.0008330000000569271,0
1,1,idle,857,0.0009580000000823929,0
1,1,idle,858,0.0008749999997235136,0
1,1,idle,859,0.0012080000001333246,0
1,1,idle,860,0.000875000000178261,0
1,1,idle,861,0.0010000000002037268,0
1,1,idle,862,0.001291999999921245,0
1,1,idle,863,0.0009170000002995948,0
1,1,idle,864,0.001334000000042579,0
1,1,idle,865,0.0008749999997235136,0
1,1,idle,866,0.000875000000178261,0
1,1,idle,867,0.0011249999997744453,0
1,1,idle,868,0.000875000000178261,0
1,1,idle,869,0.001040999999986525,0
1,1,idle,870,0.000875000000178261,0
1,1,idle,871,0.0009579999996276456,0
1,1,idle,872,0.000875000000178261,0
1,1,idle,873,0.0009580000000823929,0
1,1,idle,874,0.001040999999986525,0
1,1,idle,875,0.0009169999998448475,0
1,1,idle,876,0.0009169999998448475,0
1,1,idle,877,0.000875000000178261,0
1,1,idle,878,0.000875000000178261,0
1,1,idle,879,0.0009169999998448475,0
1,1,idle,880,0.001040999999986525,0
1,1,idle,881,0.0009580000000823929,0
1,1,idle,882,0.0008330000000569271,0
1,1,idle,883,0.0008749999997235136,0
1,1,idle,884,0.000875000000178261,0
1,1,idle,885,0.0011660000000119908,0
1,1,idle,886,0.0008749999997235136,0
1,1,idle,887,0.0009589999999661813,0
1,1,idle,888,0.0008339999999407155,0
1,1,idle,889,0.0009589999999661813,0
1,1,idle,890,0.0010839999999916472,0
1,1,idle,891,0.0008749999997235136,0
1,1,idle,892,0.0008339999999407155,0
1,1,idle,893,0.0009159999999610591,0
1,1,idle,894,0.0009170000002995948,0
1,1,idle,895,0.001040999999986525,0
1,1,idle,896,0.0013330000001587905,0
1,1,idle,897,0.0009170000002995948,0
1,1,idle,898,0.000792000000274129,0
1,1,idle,899,0.0010830000001078588,0
1,1,idle,900,0.0009580000000823929,0
1,1,idle,901,0.0011250000002291927,0
1,1,idle,902,0.000875000000178261,0
1,1,idle,903,0.0008749999997235136,0
1,1,idle,904,0.0008330000000569271,0
1,1,idle,905,0.0009999999997489795,0
1,1,idle,906,0.0011669999998957792,0
1,1,idle,907,0.0009169999998448475,0
1,1,idle,908,0.0009589999999661813,0
1,1,idle,909,0.001625000000331056,0
1,1,idle,910,0.000875000000178261,0
1,1,idle,911,0.0011660000000119908,0
1,1,idle,912,0.0010420000003250607,0
1,1,idle,913,0.0009999999997489795,0
1,1,idle,914,0.0011669999998957792,0
1,1,idle,915,0.0011660000000119908,0
1,1,idle,916,0.0009580000000823929,0
1,1,idle,917,0.001209000000017113,0
1,1,idle,918,0.0012500000002546585,0
1,1,idle,919,0.0009159999999610591,0
1,1,idle,920,0.0009999999997489795,0
1,1,idle,921,0.0009999999997489795,0
1,1,idle,922,0.0011670000003505265,0
1,1,idle,923,0.001040999999986525,0
1,1,idle,924,0.0009169999998448475,0
1,1,idle,925,0.0009159999999610591,0
1,1,idle,926,0.0009579999996276456,0
1,1,idle,927,0.0011669999998957792,0
1,1,idle,928,0.0009580000000823929,0
1,1,idle,929,0.0017920000000231084,0
1,1,idle,930,0.0009159999999610591,0
1,1,idle,931,0.0008339999999407155,0
1,1,idle,932,0.0010839999999916472,0
1,1,idle,933,0.0009580000000823929,0
1,1,idle,934,0.0013750000002801244,0
1,1,idle,935,0.0009170000002995948,0
1,1,idle,936,0.000875000000178261,0
1,1,idle,937,0.0012500000002546585,0
1,1,idle,938,0.0010829999996531114,0
1,1,idle,939,0.0010000000002037268,0
1,1,idle,940,0.0010000000002037268,0
1,1,idle,941,0.0009170000002995948,0
1,1,idle,942,0.000875000000178261,0
1,1,idle,943,0.0011250000002291927,0
1,1,idle,944,0.0008329999996021797,0
1,1,idle,945,0.0008330000000569271,0
1,1,idle,946,0.0008330000000569271,0
1,1,idle,947,0.0008749999997235136,0
1,1,idle,948,0.0011660000000119908,0
1,1,idle,949,0.0008749999997235136,0
1,1,idle,950,0.0008330000000569271,0
1,1,idle,951,0.0009159999999610591,0
1,1,idle,952,0.0008749999997235136,0
1,1,idle,953,0.0010839999999916472,0
1,1,idle,954,0.000875000000178261,0
1,1,idle,955,0.000875000000178261,0
1,1,idle,956,0.0007909999999355932,0
1,1,idle,957,0.0009170000002995948,0
1,1,idle,958,0.0008339999999407155,0
1,1,idle,959,0.001040999999986525,0
1,1,idle,960,0.0009170000002995948,0
1,1,idle,961,0.000875000000178261,0
1,1,idle,962,0.000875000000178261,0
1,1,idle,963,0.0014160000000629225,0
1,1,idle,964,0.0010830000001078588,0
1,1,idle,965,0.0008749999997235136,0
1,1,idle,966,0.0009170000002995948,0
1,1,idle,967,0.000875000000178261,0
1,1,idle,968,0.0009169999998448475,0
1,1,idle,969,0.0011249999997744453,0
1,1,idle,970,0.0008339999999407155,0
1,1,idle,971,0.0014590000000680448,0
1,1,idle,972,0.0008749999997235136,0
1,1,idle,973,0.0009169999998448475,0
1,1,idle,974,0.0010839999999916472,0
1,1,idle,975,0.001040999999986525,0
1,1,idle,976,0.0009169999998448475,0
1,1,idle,977,0.0009580000000823929,0
1,1,idle,978,0.0009580000000823929,0
1,1,idle,979,0.000875000000178261,0
1,1,idle,980,0.0012080000001333246,0
1,1,idle,981,0.0009589999999661813,0
1,1,idle,982,0.0008339999999407155,0
1,1,idle,983,0.0009159999999610591,0
1,1,idle,984,0.0008330000000569271,0
1,1,idle,985,0.0010830000001078588,0
1,1,idle,986,0.0008330000000569271,0
1,1,idle,987,0.0009580000000823929,0
1,1,idle,988,0.0009999999997489795,0
1,1,idle,989,0.000875000000178261,0
1,1,idle,990,0.0010830000001078588,0
1,1,idle,991,0.0009169999998448475,0
1,1,idle,992,0.0009169999998448475,0
1,1,idle,993,0.000875000000178261,0
1,1,idle,994,0.0009159999999610591,0
1,1,idle,995,0.0011249999997744453,0
1,1,idle,996,0.0011669999998957792,0
1,1,idle,997,0.0008749999997235136,0
1,1,idle,998,0.000875000000178261,0
1,1,idle,999,0.0009579999996276456,0
1,1,event,0,0.006499999999959982,1
1,1,event,1,0.002041999999619293,0
1,1,event,2,0.0009169999998448475,0
1,1,event,3,0.000875000000178261,0
1,1,event,4,0.001209000000017113,0
1,1,event,5,0.0009589999999661813,0
1,1,event,6,0.0009159999999610591,0
1,1,event,7,0.000875000000178261,0
1,1,event,8,0.001040999999986525,0
1,1,event,9,0.0026250000000800355,0
1,1,event,10,0.0010830000001078588,0
1,1,event,11,0.0008749999997235136,0
1,1,event,12,0.000875000000178261,0
1,1,event,13,0.0015840000000935106,0
1,1,event,14,0.0012500000002546585,0
1,1,event,15,0.0009589999999661813,0
1,1,event,16,0.0008749999997235136,0
1,1,event,17,0.001457999999729509,0
1,1,event,18,0.0009590000004209287,0
1,1,event,19,0.001209000000017113,0
1,1,event,20,0.000875000000178261,0
1,1,event,21,0.0009169999998448475,0
1,1,event,22,0.0008330000000569271,0
1,1,event,23,0.0008749999997235136,0
1,1,event,24,0.0009169999998448475,0
1,1,event,25,0.001374999999825377,0
1,1,event,26,0.0009159999999610591,0
1,1,event,27,0.0009589999999661813,0
1,1,event,28,0.000875000000178261,0
1,1,event,29,0.0015830000002097222,0
1,1,event,30,0.0011249999997744453,0
1,1,event,31,0.000875000000178261,0
1,1,event,32,0.000875000000178261,0
1,1,event,33,0.0009170000002995948,0
1,1,event,34,0.0012499999997999112,0
1,1,event,35,0.0014170000004014582,0
1,1,event,36,0.0009159999999610591,0
1,1,event,37,0.0009169999998448475,0
1,1,event,38,0.0009160000004158064,0
1,1,event,39,0.0012080000001333246,0
1,1,event,40,0.0012499999997999112,0
1,1,event,41,0.0011660000000119908,0
1,1,event,42,0.0009169999998448475,0
1,1,event,43,0.000875000000178261,0
1,1,event,44,0.000875000000178261,0
1,1,event,45,0.0009170000002995948,0
1,1,event,46,0.0011250000002291927,0
1,1,event,47,0.0009580000000823929,0
1,1,event,48,0.000875000000178261,0
1,1,event,49,0.0008749999997235136,0
1,1,event,50,0.0010000000002037268,0
1,1,event,51,0.001374999999825377,0
1,1,event,52,0.000875000000178261,0
1,1,event,53,0.0008330000000569271,0
1,1,event,54,0.0008330000000569271,0
1,1,event,55,0.0011660000000119908,0
1,1,event,56,0.0011670000003505265,0
1,1,event,57,0.0009159999999610591,0
1,1,event,58,0.0012499999997999112,0
1,1,event,59,0.0009169999998448475,0
1,1,event,60,0.005666000000019267,1
1,1,event,61,0.0019170000000485743,0
1,1,event,62,0.0010420000003250607,0
1,1,event,63,0.0014580000001842564,0
1,1,event,64,0.001040999999986525,0
1,1,event,65,0.0012920000003759924,0
1,1,event,66,0.0014590000000680448,0
1,1,event,67,0.0009170000002995948,0
1,1,event,68,0.0009580000000823929,0
1,1,event,69,0.0010419999998703133,0
1,1,event,70,0.0009580000000823929,0
1,1,event,71,0.0011250000002291927,0
1,1,event,72,0.001374999999825377,0
1,1,event,73,0.0010000000002037268,0
1,1,event,74,0.000875000000178261,0
1,1,event,75,0.0011249999997744453,0
1,1,event,76,0.0011250000002291927,0
1,1,event,77,0.0009169999998448475,0
1,1,event,78,0.0008330000000569271,0
1,1,event,79,0.0009159999999610591,0
1,1,event,80,0.0009170000002995948,0
1,1,event,81,0.0009580000000823929,0
1,1,event,82,0.0010830000001078588,0
1,1,event,83,0.0009160000004158064,0
1,1,event,84,0.0009170000002995948,0
1,1,event,85,0.0009169999998448475,0
1,1,event,86,0.000875000000178261,0
1,1,event,87,0.0011250000002291927,0
1,1,event,88,0.0008330000000569271,0
1,1,event,89,0.000875000000178261,0
1,1,event,90,0.0008330000000569271,0
1,1,event,91,0.0009159999999610591,0
1,1,event,92,0.0010830000001078588,0
1,1,event,93,0.000875000000178261,0
1,1,event,94,0.0008330000000569271,0
1,1,event,95,0.000875000000178261,0
1,1,event,96,0.0011670000003505265,0
1,1,event,97,0.001040999999986525,0
1,1,event,98,0.000875000000178261,0
1,1,event,99,0.0009169999998448475,0
1,1,event,100,0.0008339999999407155,0
1,1,event,101,0.0011669999998957792,0
1,1,event,102,0.000875000000178261,0
1,1,event,103,0.0012079999996785773,0
1,1,event,104,0.000875000000178261,0
1,1,event,105,0.0009159999999610591,0
1,1,event,106,0.0008749999997235136,0
1,1,event,107,0.0009590000004209287,0
1,1,event,108,0.0010839999999916472,0
1,1,event,109,0.0009169999998448475,0
1,1,event,110,0.0008749999997235136,0
1,1,event,111,0.0009580000000823929,0
1,1,event,112,0.0008330000000569271,0
1,1,event,113,0.001040999999986525,0
1,1,event,114,0.000875000000178261,0
1,1,event,115,0.0009580000000823929,0
1,1,event,116,0.000875000000178261,0
1,1,event,117,0.0012499999997999112,0
1,1,event,118,0.0010419999998703133,0
1,1,event,119,0.0009159999999610591,0
1,1,event,120,0.005208000000038737,1
1,1,event,121,0.0014169999999467109,0
1,1,event,122,0.0011250000002291927,0
1,1,event,123,0.001209000000017113,0
1,1,event,124,0.0009169999998448475,0
1,1,event,125,0.0009579999996276456,0
1,1,event,126,0.0009170000002995948,0
1,1,event,127,0.0009589999999661813,0
1,1,event,128,0.0010839999999916472,0
1,1,event,129,0.0012500000002546585,0
1,1,event,130,0.0009169999998448475,0
1,1,event,131,0.0037080000001878943,0
1,1,event,132,0.0010830000001078588,0
1,1,event,133,0.0011249999997744453,0
1,1,event,134,0.0010000000002037268,0
1,1,event,135,0.000875000000178261,0
1,1,event,136,0.0009589999999661813,0
1,1,event,137,0.0009159999999610591,0
1,1,event,138,0.0011669999998957792,0
1,1,event,139,0.0008339999999407155,0
1,1,event,140,0.000875000000178261,0
1,1,event,141,0.0007919999998193816,0
1,1,event,142,0.0009580000000823929,0
1,1,event,143,0.0009579999996276456,0
1,1,event,144,0.0011669999998957792,0
1,1,event,145,0.0008339999999407155,0
1,1,event,146,0.000875000000178261,0
1,1,event,147,0.0009169999998448475,0
1,1,event,148,0.0010000000002037268,0
1,1,event,149,0.0011249999997744453,0
1,1,event,150,0.0015839999996387633,0
1,1,event,151,0.0008749999997235136,0
1,1,event,152,0.0010000000002037268,0
1,1,event,153,0.0008329999996021797,0
1,1,event,154,0.0012080000001333246,0
1,1,event,155,0.0008330000000569271,0
1,1,event,156,0.000875000000178261,0
1,1,event,157,0.0009169999998448475,0
1,1,event,158,0.0009159999999610591,0
1,1,event,159,0.0010830000001078588,0
1,1,event,160,0.0009580000000823929,0
1,1,event,161,0.0008330000000569271,0
1,1,event,162,0.0008330000000569271,0
1,1,event,163,0.0013750000002801244,0
1,1,event,164,0.0008749999997235136,0
1,1,event,165,0.0010839999999916472,0
1,1,event,166,0.001040999999986525,0
1,1,event,167,0.0013750000002801244,0
1,1,event,168,0.0013329999997040431,0
1,1,event,169,0.0009170000002995948,0
1,1,event,170,0.0011660000000119908,0
1,1,event,171,0.000875000000178261,0
1,1,event,172,0.0008749999997235136,0
1,1,event,173,0.001209000000017113,0
1,1,event,174,0.0009159999999610591,0
1,1,event,175,0.0011669999998957792,0
1,1,event,176,0.0009159999999610591,0
1,1,event,177,0.0010419999998703133,0
1,1,event,178,0.000875000000178261,0
1,1,event,179,0.0012499999997999112,0
1,1,event,180,0.005834000000049855,1
1,1,event,181,0.0014169999999467109,0
1,1,event,182,0.0008329999996021797,0
1,1,event,183,0.000875000000178261,0
1,1,event,184,0.001040999999986525,0
1,1,event,185,0.0014169999999467109,0
1,1,event,186,0.0008749999997235136,0
1,1,event,187,0.0016669999999976426,0
1,1,event,188,0.0011249999997744453,0
1,1,event,189,0.0007909999999355932,0
1,1,event,190,0.0010830000001078588,0
1,1,event,191,0.000875000000178261,0
1,1,event,192,0.0009589999999661813,0
1,1,event,193,0.0009169999998448475,0
1,1,event,194,0.0008749999997235136,0
1,1,event,195,0.0015000000003055902,0
1,1,event,196,0.0007919999998193816,0
1,1,event,197,0.0008330000000569271,0
1,1,event,198,0.0008330000000569271,0
1,1,event,199,0.000875000000178261,0
1,1,event,200,0.0009589999999661813,0
1,1,event,201,0.001040999999986525,0
1,1,event,202,0.000875000000178261,0
1,1,event,203,0.000875000000178261,0
1,1,event,204,0.0008330000000569271,0
1,1,event,205,0.0009159999999610591,0
1,1,event,206,0.0009580000000823929,0
1,1,event,207,0.0007909999999355932,0
1,1,event,208,0.0008749999997235136,0
1,1,event,209,0.0009580000000823929,0
1,1,event,210,0.0008330000000569271,0
1,1,event,211,0.001040999999986525,0
1,1,event,212,0.0009589999999661813,0
1,1,event,213,0.0007919999998193816,0
1,1,event,214,0.0009580000000823929,0
1,1,event,215,0.0009170000002995948,0
1,1,event,216,0.0009159999999610591,0
1,1,event,217,0.0008330000000569271,0
1,1,event,218,0.0009169999998448475,0
1,1,event,219,0.000875000000178261,0
1,1,event,220,0.0008339999999407155,0
1,1,event,221,0.0008339999999407155,0
1,1,event,222,0.0009999999997489795,0
1,1,event,223,0.0008330000000569271,0
1,1,event,224,0.0010830000001078588,0
1,1,event,225,0.0008330000000569271,0
1,1,event,226,0.0008339999999407155,0
1,1,event,227,0.0010000000002037268,0
1,1,event,228,0.0011249999997744453,0
1,1,event,229,0.0009580000000823929,0
1,1,event,230,0.0007909999999355932,0
1,1,event,231,0.000792000000274129,0
1,1,event,232,0.0010419999998703133,0
1,1,event,233,0.0008330000000569271,0
1,1,event,234,0.0008330000000569271,0
1,1,event,235,0.0011249999997744453,0
1,1,event,236,0.0008330000000569271,0
1,1,event,237,0.0010829999996531114,0
1,1,event,238,0.0010000000002037268,0
1,1,event,239,0.0009589999999661813,0
1,1,event,240,0.0049579999999878055,1
1,1,event,241,0.0012499999997999112,0
1,1,event,242,0.0011660000000119908,0
1,1,event,243,0.000875000000178261,0
1,1,event,244,0.0008749999997235136,0
1,1,event,245,0.0009580000000823929,0
1,1,event,246,0.0008749999997235136,0
1,1,event,247,0.0009159999999610591,0
1,1,event,248,0.0008330000000569271,0
1,1,event,249,0.0008749999997235136,0
1,1,event,250,0.0012080000001333246,0
1,1,event,251,0.0007919999998193816,0
1,1,event,252,0.0012500000002546585,0
1,1,event,253,0.0008749999997235136,0
1,1,event,254,0.0007909999999355932,0
1,1,event,255,0.0007919999998193816,0
1,1,event,256,0.0007919999998193816,0
1,1,event,257,0.0010419999998703133,0
1,1,event,258,0.0008339999999407155,0
1,1,event,259,0.0008330000000569271,0
1,1,event,260,0.0007499999996980478,0
1,1,event,261,0.0014169999999467109,0
1,1,event,262,0.0007909999999355932,0
1,1,event,263,0.0010420000003250607,0
1,1,event,264,0.0008339999999407155,0
1,1,event,265,0.0007499999996980478,0
1,1,event,266,0.000792000000274129,0
1,1,event,267,0.0008339999999407155,0
1,1,event,268,0.0009999999997489795,0
1,1,event,269,0.0007919999998193816,0
1,1,event,270,0.0008339999999407155,0
1,1,event,271,0.000792000000274129,0
1,1,event,272,0.0008329999996021797,0
1,1,event,273,0.0010000000002037268,0
1,1,event,274,0.0008330000000569271,0
1,1,event,275,0.0007919999998193816,0
1,1,event,276,0.0007919999998193816,0
1,1,event,277,0.0007909999999355932,0
1,1,event,278,0.0007919999998193816,0
1,1,event,279,0.0010839999999916472,0
1,1,event,280,0.0009169999998448475,0
1,1,event,281,0.000875000000178261,0
1,1,event,282,0.0007919999998193816,0
1,1,event,283,0.0008330000000569271,0
1,1,event,284,0.001040999999986525,0
1,1,event,285,0.0007919999998193816,0
1,1,event,286,0.000875000000178261,0
1,1,event,287,0.0009169999998448475,0
1,1,event,288,0.0009170000002995948,0
1,1,event,289,0.001209000000017113,0
1,1,event,290,0.0008330000000569271,0
1,1,event,291,0.0008330000000569271,0
1,1,event,292,0.0007910000003903406,0
1,1,event,293,0.0008330000000569271,0
1,1,event,294,0.0009589999999661813,0
1,1,event,295,0.001209000000017113,0
1,1,event,296,0.0009159999999610591,0
1,1,event,297,0.000792000000274129,0
1,1,event,298,0.000792000000274129,0
1,1,event,299,0.000875000000178261,0
1,1,event,300,0.004833999999846128,1
1,1,event,301,0.0011249999997744453,0
1,1,event,302,0.0015840000000935106,0
1,1,event,303,0.0009589999999661813,0
1,1,event,304,0.0012500000002546585,0
1,1,event,305,0.0009159999999610591,0
1,1,event,306,0.0008749999997235136,0
1,1,event,307,0.0008339999999407155,0
1,1,event,308,0.0009169999998448475,0
1,1,event,309,0.001374999999825377,0
1,1,event,310,0.0008339999999407155,0
1,1,event,311,0.000792000000274129,0
1,1,event,312,0.0007909999999355932,0
1,1,event,313,0.000792000000274129,0
1,1,event,314,0.001040999999986525,0
1,1,event,315,0.0008749999997235136,0
1,1,event,316,0.0010420000003250607,0
1,1,event,317,0.0014590000000680448,0
1,1,event,318,0.000875000000178261,0
1,1,event,319,0.0008339999999407155,0
1,1,event,320,0.0010000000002037268,0
1,1,event,321,0.0008339999999407155,0
1,1,event,322,0.0008339999999407155,0
1,1,event,323,0.000792000000274129,0
1,1,event,324,0.0007910000003903406,0
1,1,event,325,0.0009580000000823929,0
1,1,event,326,0.000875000000178261,0
1,1,event,327,0.0008749999997235136,0
1,1,event,328,0.0011670000003505265,0
1,1,event,329,0.0011250000002291927,0
1,1,event,330,0.001040999999986525,0
1,1,event,331,0.0007919999998193816,0
1,1,event,332,0.0008340000003954628,0
1,1,event,333,0.0014169999999467109,0
1,1,event,334,0.0009159999999610591,0
1,1,event,335,0.0010830000001078588,0
1,1,event,336,0.0008330000000569271,0
1,1,event,337,0.0009169999998448475,0
1,1,event,338,0.0008330000000569271,0
1,1,event,339,0.0010419999998703133,0
1,1,event,340,0.0008330000000569271,0
1,1,event,341,0.0010830000001078588,0
1,1,event,342,0.0008749999997235136,0
1,1,event,343,0.0007500000001527951,0
1,1,event,344,0.000792000000274129,0
1,1,event,345,0.0008330000000569271,0
1,1,event,346,0.0010000000002037268,0
1,1,event,347,0.0008339999999407155,0
1,1,event,348,0.0008339999999407155,0
1,1,event,349,0.000875000000178261,0
1,1,event,350,0.0008329999996021797,0
1,1,event,351,0.0011669999998957792,0
1,1,event,352,0.000875000000178261,0
1,1,event,353,0.0008330000000569271,0
1,1,event,354,0.0008329999996021797,0
1,1,event,355,0.0007909999999355932,0
1,1,event,356,0.0010000000002037268,0
1,1,event,357,0.0008330000000569271,0
1,1,event,358,0.000875000000178261,0
1,1,event,359,0.0007919999998193816,0
1,1,event,360,0.004249999999956344,1
1,1,event,361,0.0014169999999467109,0
1,1,event,362,0.0011249999997744453,0
1,1,event,363,0.0008749999997235136,0
1,1,event,364,0.0011669999998957792,0
1,1,event,365,0.0008339999999407155,0
1,1,event,366,0.001040999999986525,0
1,1,event,367,0.0008329999996021797,0
1,1,event,368,0.0011669999998957792,0
1,1,event,369,0.0010839999999916472,0
1,1,event,370,0.0008330000000569271,0
1,1,event,371,0.0009169999998448475,0
1,1,event,372,0.001040999999986525,0
1,1,event,373,0.0008330000000569271,0
1,1,event,374,0.000792000000274129,0
1,1,event,375,0.0008339999999407155,0
1,1,event,376,0.0009589999999661813,0
1,1,event,377,0.0009159999999610591,0
1,1,event,378,0.0007919999998193816,0
1,1,event,379,0.000875000000178261,0
1,1,event,380,0.0007909999999355932,0
1,1,event,381,0.0008749999997235136,0
1,1,event,382,0.001374999999825377,0
1,1,event,383,0.0009169999998448475,0
1,1,event,384,0.0008330000000569271,0
1,1,event,385,0.0007919999998193816,0
1,1,event,386,0.0008330000000569271,0
1,1,event,387,0.0009999999997489795,0
1,1,event,388,0.0007919999998193816,0
1,1,event,389,0.000875000000178261,0
1,1,event,390,0.0007919999998193816,0
1,1,event,391,0.0009159999999610591,0
1,1,event,392,0.001209000000017113,0
1,1,event,393,0.0007919999998193816,0
1,1,event,394,0.0008330000000569271,0
1,1,event,395,0.0008330000000569271,0
1,1,event,396,0.0018749999999272404,0
1,1,event,397,0.0010000000002037268,0
1,1,event,398,0.000792000000274129,0
1,1,event,399,0.0008330000000569271,0
1,1,event,400,0.0008330000000569271,0
1,1,event,401,0.000875000000178261,0
1,1,event,402,0.0008749999997235136,0
1,1,event,403,0.0012500000002546585,0
1,1,event,404,0.0007909999999355932,0
1,1,event,405,0.0008340000003954628,0
1,1,event,406,0.0008339999999407155,0
1,1,event,407,0.0009159999999610591,0
1,1,event,408,0.0009580000000823929,0
1,1,event,409,0.0008330000000569271,0
1,1,event,410,0.0008339999999407155,0
1,1,event,411,0.0008339999999407155,0
1,1,event,412,0.0007499999996980478,0
1,1,event,413,0.0010000000002037268,0
1,1,event,414,0.0007909999999355932,0
1,1,event,415,0.000792000000274129,0
1,1,event,416,0.0007919999998193816,0
1,1,event,417,0.0008330000000569271,0
1,1,event,418,0.0008339999999407155,0
1,1,event,419,0.0010419999998703133,0
1,1,event,420,0.004915999999866472,1
1,1,event,421,0.0010839999999916472,0
1,1,event,422,0.0007919999998193816,0
1,1,event,423,0.0010830000001078588,0
1,1,event,424,0.0007500000001527951,0
1,1,event,425,0.0011670000003505265,0
1,1,event,426,0.0007500000001527951,0
1,1,event,427,0.0014169999999467109,0
1,1,event,428,0.0010419999998703133,0
1,1,event,429,0.0011250000002291927,0
1,1,event,430,0.0008339999999407155,0
1,1,event,431,0.000875000000178261,0
1,1,event,432,0.000792000000274129,0
1,1,event,433,0.0010830000001078588,0
1,1,event,434,0.0009159999999610591,0
1,1,event,435,0.0009169999998448475,0
1,1,event,436,0.0011249999997744453,0
1,1,event,437,0.0007919999998193816,0
1,1,event,438,0.0009159999999610591,0
1,1,event,439,0.0011249999997744453,0
1,1,event,440,0.0008330000000569271,0
1,1,event,441,0.0008330000000569271,0
1,1,event,442,0.0009169999998448475,0
1,1,event,443,0.0008330000000569271,0
1,1,event,444,0.0010419999998703133,0
1,1,event,445,0.000875000000178261,0
1,1,event,446,0.0007909999999355932,0
1,1,event,447,0.0008329999996021797,0
1,1,event,448,0.0012080000001333246,0
1,1,event,449,0.0011669999998957792,0
1,1,event,450,0.0007909999999355932,0
1,1,event,451,0.0007919999998193816,0
1,1,event,452,0.0007919999998193816,0
1,1,event,453,0.0008330000000569271,0
1,1,event,454,0.001040999999986525,0
1,1,event,455,0.000875000000178261,0
1,1,event,456,0.0008330000000569271,0
1,1,event,457,0.0009999999997489795,0
1,1,event,458,0.0007500000001527951,0
1,1,event,459,0.0007909999999355932,0
1,1,event,460,0.0010830000001078588,0
1,1,event,461,0.000875000000178261,0
1,1,event,462,0.000792000000274129,0
1,1,event,463,0.0010839999999916472,0
1,1,event,464,0.0007499999996980478,0
1,1,event,465,0.0010000000002037268,0
1,1,event,466,0.0008749999997235136,0
1,1,event,467,0.0010000000002037268,0
1,1,event,468,0.0007500000001527951,0
1,1,event,469,0.0007499999996980478,0
1,1,event,470,0.0012499999997999112,0
1,1,event,471,0.000875000000178261,0
1,1,event,472,0.000792000000274129,0
1,1,event,473,0.0008330000000569271,0
1,1,event,474,0.000792000000274129,0
1,1,event,475,0.0012500000002546585,0
1,1,event,476,0.0008339999999407155,0
1,1,event,477,0.000792000000274129,0
1,1,event,478,0.0007500000001527951,0
1,1,event,479,0.000792000000274129,0
1,1,event,480,0.004790999999841006,1
1,1,event,481,0.0010829999996531114,0
1,1,event,482,0.000792000000274129,0
1,1,event,483,0.0012079999996785773,0
1,1,event,484,0.0008330000000569271,0
1,1,event,485,0.0010830000001078588,0
1,1,event,486,0.0008749999997235136,0
1,1,event,487,0.0017090000001189765,0
1,1,event,488,0.000792000000274129,0
1,1,event,489,0.0009169999998448475,0
1,1,event,490,0.0010000000002037268,0
1,1,event,491,0.0008330000000569271,0
1,1,event,492,0.0007500000001527951,0
1,1,event,493,0.0008339999999407155,0
1,1,event,494,0.0007500000001527951,0
1,1,event,495,0.0010419999998703133,0
1,1,event,496,0.0014160000000629225,0
1,1,event,497,0.000875000000178261,0
1,1,event,498,0.0012499999997999112,0
1,1,event,499,0.000875000000178261,0
1,1,event,500,0.0009159999999610591,0
1,1,event,501,0.0009579999996276456,0
1,1,event,502,0.000792000000274129,0
1,1,event,503,0.0011249999997744453,0
1,1,event,504,0.0008330000000569271,0
1,1,event,505,0.0009159999999610591,0
1,1,event,506,0.0010420000003250607,0
1,1,event,507,0.0009170000002995948,0
1,1,event,508,0.000875000000178261,0
1,1,event,509,0.000792000000274129,0
1,1,event,510,0.0007909999999355932,0
1,1,event,511,0.0010000000002037268,0
1,1,event,512,0.0007909999999355932,0
1,1,event,513,0.0011669999998957792,0
1,1,event,514,0.0008330000000569271,0
1,1,event,515,0.0009169999998448475,0
1,1,event,516,0.0010000000002037268,0
1,1,event,517,0.0007919999998193816,0
1,1,event,518,0.0007080000000314612,0
1,1,event,519,0.0008330000000569271,0
1,1,event,520,0.0008330000000569271,0
1,1,event,521,0.000875000000178261,0
1,1,event,522,0.0010419999998703133,0
1,1,event,523,0.0008330000000569271,0
1,1,event,524,0.0007919999998193816,0
1,1,event,525,0.000875000000178261,0
1,1,event,526,0.000792000000274129,0
1,1,event,527,0.0009169999998448475,0
1,1,event,528,0.0007909999999355932,0
1,1,event,529,0.0008339999999407155,0
1,1,event,530,0.0011249999997744453,0
1,1,event,531,0.000792000000274129,0
1,1,event,532,0.0009579999996276456,0
1,1,event,533,0.0009159999999610591,0
1,1,event,534,0.000875000000178261,0
1,1,event,535,0.0007919999998193816,0
1,1,event,536,0.000792000000274129,0
1,1,event,537,0.0007919999998193816,0
1,1,event,538,0.0010419999998703133,0
1,1,event,539,0.0008749999997235136,0
1,1,event,540,0.005124999999679858,1
1,1,event,541,0.0010420000003250607,0
1,1,event,542,0.0009589999999661813,0
1,1,event,543,0.0008330000000569271,0
1,1,event,544,0.0007909999999355932,0
1,1,event,545,0.0009169999998448475,0
1,1,event,546,0.0012499999997999112,0
1,1,event,547,0.0009589999999661813,0
1,1,event,548,0.0008339999999407155,0
1,1,event,549,0.0011660000000119908,0
1,1,event,550,0.0008340000003954628,0
1,1,event,551,0.0008749999997235136,0
1,1,event,552,0.0009169999998448475,0
1,1,event,553,0.0008749999997235136,0
1,1,event,554,0.0007500000001527951,0
1,1,event,555,0.000792000000274129,0
1,1,event,556,0.0009589999999661813,0
1,1,event,557,0.0007919999998193816,0
1,1,event,558,0.0009580000000823929,0
1,1,event,559,0.000875000000178261,0
1,1,event,560,0.0008330000000569271,0
1,1,event,561,0.0011669999998957792,0
1,1,event,562,0.0007499999996980478,0
1,1,event,563,0.0013750000002801244,0
1,1,event,564,0.0008749999997235136,0
1,1,event,565,0.0008339999999407155,0
1,1,event,566,0.0007919999998193816,0
1,1,event,567,0.0010830000001078588,0
1,1,event,568,0.0012079999996785773,0
1,1,event,569,0.0009169999998448475,0
1,1,event,570,0.0010000000002037268,0
1,1,event,571,0.0008749999997235136,0
1,1,event,572,0.0007919999998193816,0
1,1,event,573,0.0009999999997489795,0
1,1,event,574,0.0010000000002037268,0
1,1,event,575,0.0008329999996021797,0
1,1,event,576,0.000792000000274129,0
1,1,event,577,0.0009589999999661813,0
1,1,event,578,0.0009999999997489795,0
1,1,event,579,0.0008749999997235136,0
1,1,event,580,0.0007909999999355932,0
1,1,event,581,0.0007919999998193816,0
1,1,event,582,0.0007919999998193816,0
1,1,event,583,0.0007909999999355932,0
1,1,event,584,0.0009580000000823929,0
1,1,event,585,0.0007919999998193816,0
1,1,event,586,0.0008330000000569271,0
1,1,event,587,0.0008330000000569271,0
1,1,event,588,0.0007500000001527951,0
1,1,event,589,0.0010830000001078588,0
1,1,event,590,0.0008329999996021797,0
1,1,event,591,0.000875000000178261,0
1,1,event,592,0.0009159999999610591,0
1,1,event,593,0.0010830000001078588,0
1,1,event,594,0.001291999999921245,0
1,1,event,595,0.0009159999999610591,0
1,1,event,596,0.0007919999998193816,0
1,1,event,597,0.0014580000001842564,0
1,1,event,598,0.0008330000000569271,0
1,1,event,599,0.0008749999997235136,0
1,1,event,600,0.004834000000300875,1
1,1,event,601,0.0011249999997744453,0
1,1,event,602,0.0008330000000569271,0
1,1,event,603,0.0008749999997235136,0
1,1,event,604,0.001040999999986525,0
1,1,event,605,0.0013330000001587905,0
1,1,event,606,0.0008339999999407155,0
1,1,event,607,0.000875000000178261,0
1,1,event,608,0.0008749999997235136,0
1,1,event,609,0.0010000000002037268,0
1,1,event,610,0.0008339999999407155,0
1,1,event,611,0.0012910000000374566,0
1,1,event,612,0.000875000000178261,0
1,1,event,613,0.0008330000000569271,0
1,1,event,614,0.0010000000002037268,0
1,1,event,615,0.0008330000000569271,0
1,1,event,616,0.000792000000274129,0
1,1,event,617,0.000792000000274129,0
1,1,event,618,0.0008330000000569271,0
1,1,event,619,0.0008330000000569271,0
1,1,event,620,0.001040999999986525,0
1,1,event,621,0.000792000000274129,0
1,1,event,622,0.0007919999998193816,0
1,1,event,623,0.0008330000000569271,0
1,1,event,624,0.0007499999996980478,0
1,1,event,625,0.0010419999998703133,0
1,1,event,626,0.0007909999999355932,0
1,1,event,627,0.0007919999998193816,0
1,1,event,628,0.0008339999999407155,0
1,1,event,629,0.000792000000274129,0
1,1,event,630,0.0009160000004158064,0
1,1,event,631,0.0011670000003505265,0
1,1,event,632,0.0008339999999407155,0
1,1,event,633,0.0008330000000569271,0
1,1,event,634,0.0007500000001527951,0
1,1,event,635,0.0007910000003903406,0
1,1,event,636,0.0011249999997744453,0
1,1,event,637,0.0010419999998703133,0
1,1,event,638,0.0007919999998193816,0
1,1,event,639,0.0008330000000569271,0
1,1,event,640,0.0007499999996980478,0
1,1,event,641,0.0009999999997489795,0
1,1,event,642,0.0008339999999407155,0
1,1,event,643,0.0009999999997489795,0
1,1,event,644,0.0007919999998193816,0
1,1,event,645,0.000875000000178261,0
1,1,event,646,0.0010000000002037268,0
1,1,event,647,0.0009169999998448475,0
1,1,event,648,0.000875000000178261,0
1,1,event,649,0.0008339999999407155,0
1,1,event,650,0.000875000000178261,0
1,1,event,651,0.001040999999986525,0
1,1,event,652,0.0007919999998193816,0
1,1,event,653,0.0009170000002995948,0
1,1,event,654,0.0007919999998193816,0
1,1,event,655,0.0008339999999407155,0
1,1,event,656,0.0009159999999610591,0
1,1,event,657,0.0009999999997489795,0
1,1,event,658,0.0010830000001078588,0
1,1,event,659,0.0007919999998193816,0
1,1,event,660,0.00420799999983501,1
1,1,event,661,0.0014160000000629225,0
1,1,event,662,0.0008330000000569271,0
1,1,event,663,0.0015000000003055902,0
1,1,event,664,0.001291999999921245,0
1,1,event,665,0.0014160000000629225,0
1,1,event,666,0.0014170000004014582,0
1,1,event,667,0.0009169999998448475,0
1,1,event,668,0.000875000000178261,0
1,1,event,669,0.000875000000178261,0
1,1,event,670,0.0008329999996021797,0
1,1,event,671,0.0009580000000823929,0
1,1,event,672,0.001209000000017113,0
1,1,event,673,0.0008340000003954628,0
1,1,event,674,0.000875000000178261,0
1,1,event,675,0.0008749999997235136,0
1,1,event,676,0.0007919999998193816,0
1,1,event,677,0.0009589999999661813,0
1,1,event,678,0.0008340000003954628,0
1,1,event,679,0.0008749999997235136,0
1,1,event,680,0.0009580000000823929,0
1,1,event,681,0.0008330000000569271,0
1,1,event,682,0.0010829999996531114,0
1,1,event,683,0.000875000000178261,0
1,1,event,684,0.0008330000000569271,0
1,1,event,685,0.000792000000274129,0
1,1,event,686,0.0008749999997235136,0
1,1,event,687,0.0010000000002037268,0
1,1,event,688,0.0008339999999407155,0
1,1,event,689,0.0007919999998193816,0
1,1,event,690,0.0007500000001527951,0
1,1,event,691,0.000792000000274129,0
1,1,event,692,0.000875000000178261,0
1,1,event,693,0.000792000000274129,0
1,1,event,694,0.0007909999999355932,0
1,1,event,695,0.000792000000274129,0
1,1,event,696,0.000792000000274129,0
1,1,event,697,0.0007910000003903406,0
1,1,event,698,0.0012920000003759924,0
1,1,event,699,0.0007919999998193816,0
1,1,event,700,0.000875000000178261,0
1,1,event,701,0.0008339999999407155,0
1,1,event,702,0.0007499999996980478,0
1,1,event,703,0.0010830000001078588,0
1,1,event,704,0.0015840000000935106,0
1,1,event,705,0.0008749999997235136,0
1,1,event,706,0.0007919999998193816,0
1,1,event,707,0.0009159999999610591,0
1,1,event,708,0.0011669999998957792,0
1,1,event,709,0.0008749999997235136,0
1,1,event,710,0.000875000000178261,0
1,1,event,711,0.000792000000274129,0
1,1,event,712,0.0008339999999407155,0
1,1,event,713,0.0009169999998448475,0
1,1,event,714,0.0008330000000569271,0
1,1,event,715,0.0007909999999355932,0
1,1,event,716,0.000875000000178261,0
1,1,event,717,0.0008330000000569271,0
1,1,event,718,0.0007919999998193816,0
1,1,event,719,0.0010419999998703133,0
1,1,event,720,0.00483299999996234,1
1,1,event,721,0.0011660000000119908,0
1,1,event,722,0.0009170000002995948,0
1,1,event,723,0.0011669999998957792,0
1,1,event,724,0.0012080000001333246,0
1,1,event,725,0.0009579999996276456,0
1,1,event,726,0.000792000000274129,0
1,1,event,727,0.0007909999999355932,0
1,1,event,728,0.0010000000002037268,0
1,1,event,729,0.0008330000000569271,0
1,1,event,730,0.0007910000003903406,0
1,1,event,731,0.0012080000001333246,0
1,1,event,732,0.0008330000000569271,0
1,1,event,733,0.0009999999997489795,0
1,1,event,734,0.0011250000002291927,0
1,1,event,735,0.0010000000002037268,0
1,1,event,736,0.0007909999999355932,0
1,1,event,737,0.0008749999997235136,0
1,1,event,738,0.0008340000003954628,0
1,1,event,739,0.0010829999996531114,0
1,1,event,740,0.0009580000000823929,0
1,1,event,741,0.0008330000000569271,0
1,1,event,742,0.0009170000002995948,0
1,1,event,743,0.0008339999999407155,0
1,1,event,744,0.001040999999986525,0
1,1,event,745,0.0009580000000823929,0
1,1,event,746,0.0008330000000569271,0
1,1,event,747,0.000875000000178261,0
1,1,event,748,0.0008749999997235136,0
1,1,event,749,0.001040999999986525,0
1,1,event,750,0.0007919999998193816,0
1,1,event,751,0.000875000000178261,0
1,1,event,752,0.0008330000000569271,0
1,1,event,753,0.0008339999999407155,0
1,1,event,754,0.0007499999996980478,0
1,1,event,755,0.0010000000002037268,0
1,1,event,756,0.0008330000000569271,0
1,1,event,757,0.0008339999999407155,0
1,1,event,758,0.0008330000000569271,0
1,1,event,759,0.0009169999998448475,0
1,1,event,760,0.001040999999986525,0
1,1,event,761,0.0007919999998193816,0
1,1,event,762,0.0008339999999407155,0
1,1,event,763,0.0009579999996276456,0
1,1,event,764,0.0007500000001527951,0
1,1,event,765,0.0013750000002801244,0
1,1,event,766,0.0009589999999661813,0
1,1,event,767,0.0008330000000569271,0
1,1,event,768,0.0007500000001527951,0
1,1,event,769,0.0007919999998193816,0
1,1,event,770,0.0009999999997489795,0
1,1,event,771,0.001040999999986525,0
1,1,event,772,0.000875000000178261,0
1,1,event,773,0.0007910000003903406,0
1,1,event,774,0.0010420000003250607,0
1,1,event,775,0.0008329999996021797,0
1,1,event,776,0.0010420000003250607,0
1,1,event,777,0.000792000000274129,0
1,1,event,778,0.0008749999997235136,0
1,1,event,779,0.0007909999999355932,0
1,1,event,780,0.004292000000077678,1
1,1,event,781,0.0010419999998703133,0
1,1,event,782,0.0008330000000569271,0
1,1,event,783,0.0011660000000119908,0
1,1,event,784,0.0009169999998448475,0
1,1,event,785,0.001040999999986525,0
1,1,event,786,0.0009579999996276456,0
1,1,event,787,0.0008330000000569271,0
1,1,event,788,0.0007919999998193816,0
1,1,event,789,0.0008339999999407155,0
1,1,event,790,0.0010839999999916472,0
1,1,event,791,0.0008330000000569271,0
1,1,event,792,0.0007499999996980478,0
1,1,event,793,0.0008339999999407155,0
1,1,event,794,0.0008339999999407155,0
1,1,event,795,0.0007909999999355932,0
1,1,event,796,0.0012499999997999112,0
1,1,event,797,0.0008330000000569271,0
1,1,event,798,0.0022080000003370515,0
1,1,event,799,0.000875000000178261,0
1,1,event,800,0.0007909999999355932,0
1,1,event,801,0.0010830000001078588,0
1,1,event,802,0.000792000000274129,0
1,1,event,803,0.000792000000274129,0
1,1,event,804,0.0008329999996021797,0
1,1,event,805,0.0009170000002995948,0
1,1,event,806,0.001040999999986525,0
1,1,event,807,0.0009170000002995948,0
1,1,event,808,0.0008339999999407155,0
1,1,event,809,0.0007919999998193816,0
1,1,event,810,0.0007499999996980478,0
1,1,event,811,0.0010000000002037268,0
1,1,event,812,0.000792000000274129,0
1,1,event,813,0.0008330000000569271,0
1,1,event,814,0.0007909999999355932,0
1,1,event,815,0.0011670000003505265,0
1,1,event,816,0.0007919999998193816,0
1,1,event,817,0.0009999999997489795,0
1,1,event,818,0.0011669999998957792,0
1,1,event,819,0.0012910000000374566,0
1,1,event,820,0.0007499999996980478,0
1,1,event,821,0.0008330000000569271,0
1,1,event,822,0.0010830000001078588,0
1,1,event,823,0.0009999999997489795,0
1,1,event,824,0.000875000000178261,0
1,1,event,825,0.0008329999996021797,0
1,1,event,826,0.000792000000274129,0
1,1,event,827,0.0009999999997489795,0
1,1,event,828,0.0007499999996980478,0
1,1,event,829,0.0011669999998957792,0
1,1,event,830,0.0009999999997489795,0
1,1,event,831,0.0008339999999407155,0
1,1,event,832,0.0012499999997999112,0
1,1,event,833,0.000875000000178261,0
1,1,event,834,0.0007910000003903406,0
1,1,event,835,0.0008339999999407155,0
1,1,event,836,0.000792000000274129,0
1,1,event,837,0.000875000000178261,0
1,1,event,838,0.0012920000003759924,0
1,1,event,839,0.0010419999998703133,0
1,1,event,840,0.004415999999764608,1
1,1,event,841,0.0014169999999467109,0
1,1,event,842,0.0014999999998508429,0
1,1,event,843,0.0008339999999407155,0
1,1,event,844,0.0008330000000569271,0
1,1,event,845,0.000875000000178261,0
1,1,event,846,0.0007910000003903406,0
1,1,event,847,0.0011669999998957792,0
1,1,event,848,0.000875000000178261,0
1,1,event,849,0.0008339999999407155,0
1,1,event,850,0.0009579999996276456,0
1,1,event,851,0.0009170000002995948,0
1,1,event,852,0.0010420000003250607,0
1,1,event,853,0.0009580000000823929,0
1,1,event,854,0.0007500000001527951,0
1,1,event,855,0.0007919999998193816,0
1,1,event,856,0.0008330000000569271,0
1,1,event,857,0.000875000000178261,0
1,1,event,858,0.001291999999921245,0
1,1,event,859,0.0008339999999407155,0
1,1,event,860,0.0008339999999407155,0
1,1,event,861,0.0008749999997235136,0
1,1,event,862,0.0009169999998448475,0
1,1,event,863,0.0010000000002037268,0
1,1,event,864,0.000792000000274129,0
1,1,event,865,0.0013329999997040431,0
1,1,event,866,0.0008330000000569271,0
1,1,event,867,0.0007919999998193816,0
1,1,event,868,0.0009590000004209287,0
1,1,event,869,0.0008329999996021797,0
1,1,event,870,0.0007909999999355932,0
1,1,event,871,0.0007919999998193816,0
1,1,event,872,0.0008339999999407155,0
1,1,event,873,0.0008339999999407155,0
1,1,event,874,0.0009589999999661813,0
1,1,event,875,0.0008339999999407155,0
1,1,event,876,0.000875000000178261,0
1,1,event,877,0.0009169999998448475,0
1,1,event,878,0.0007500000001527951,0
1,1,event,879,0.0010419999998703133,0
1,1,event,880,0.0009580000000823929,0
1,1,event,881,0.0008749999997235136,0
1,1,event,882,0.0009169999998448475,0
1,1,event,883,0.0007500000001527951,0
1,1,event,884,0.0010839999999916472,0
1,1,event,885,0.000875000000178261,0
1,1,event,886,0.0007499999996980478,0
1,1,event,887,0.0007909999999355932,0
1,1,event,888,0.0008330000000569271,0
1,1,event,889,0.0011669999998957792,0
1,1,event,890,0.0007909999999355932,0
1,1,event,891,0.0009169999998448475,0
1,1,event,892,0.000875000000178261,0
1,1,event,893,0.0008330000000569271,0
1,1,event,894,0.0007919999998193816,0
1,1,event,895,0.0010839999999916472,0
1,1,event,896,0.0007909999999355932,0
1,1,event,897,0.0007500000001527951,0
1,1,event,898,0.0007909999999355932,0
1,1,event,899,0.0011669999998957792,0
1,1,event,900,0.00454200000012861,1
1,1,event,901,0.0015410000000883883,0
1,1,event,902,0.0014999999998508429,0
1,1,event,903,0.0009169999998448475,0
1,1,event,904,0.0011250000002291927,0
1,1,event,905,0.0011249999997744453,0
1,1,event,906,0.000875000000178261,0
1,1,event,907,0.0008749999997235136,0
1,1,event,908,0.0008749999997235136,0
1,1,event,909,0.0009580000000823929,0
1,1,event,910,0.0009579999996276456,0
1,1,event,911,0.0008340000003954628,0
1,1,event,912,0.0007919999998193816,0
1,1,event,913,0.0014580000001842564,0
1,1,event,914,0.0008330000000569271,0
1,1,event,915,0.0009170000002995948,0
1,1,event,916,0.0010839999999916472,0
1,1,event,917,0.000875000000178261,0
1,1,event,918,0.0008330000000569271,0
1,1,event,919,0.004583000000366155,0
1,1,event,920,0.0010000000002037268,0
1,1,event,921,0.0009170000002995948,0
1,1,event,922,0.0007910000003903406,0
1,1,event,923,0.000792000000274129,0
1,1,event,924,0.0008749999997235136,0
1,1,event,925,0.0009999999997489795,0
1,1,event,926,0.0014169999999467109,0
1,1,event,927,0.000875000000178261,0
1,1,event,928,0.0009159999999610591,0
1,1,event,929,0.000875000000178261,0
1,1,event,930,0.0009170000002995948,0
1,1,event,931,0.0008339999999407155,0
1,1,event,932,0.0008330000000569271,0
1,1,event,933,0.0012500000002546585,0
1,1,event,934,0.000875000000178261,0
1,1,event,935,0.0008330000000569271,0
1,1,event,936,0.0011669999998957792,0
1,1,event,937,0.0009580000000823929,0
1,1,event,938,0.0007909999999355932,0
1,1,event,939,0.0008330000000569271,0
1,1,event,940,0.0009170000002995948,0
1,1,event,941,0.0012080000001333246,0
1,1,event,942,0.0007909999999355932,0
1,1,event,943,0.000875000000178261,0
1,1,event,944,0.0008339999999407155,0
1,1,event,945,0.000792000000274129,0
1,1,event,946,0.0009580000000823929,0
1,1,event,947,0.0007909999999355932,0
1,1,event,948,0.0008330000000569271,0
1,1,event,949,0.0007500000001527951,0
1,1,event,950,0.0007909999999355932,0
1,1,event,951,0.0009579999996276456,0
1,1,event,952,0.0010000000002037268,0
1,1,event,953,0.0009169999998448475,0
1,1,event,954,0.0008330000000569271,0
1,1,event,955,0.0009589999999661813,0
1,1,event,956,0.0008749999997235136,0
1,1,event,957,0.0010830000001078588,0
1,1,event,958,0.0007919999998193816,0
1,1,event,959,0.0014580000001842564,0
1,1,event,960,0.006125000000338332,1
1,1,event,961,0.0018340000001444423,0
1,1,event,962,0.0009159999999610591,0
1,1,event,963,0.0008329999996021797,0
1,1,event,964,0.0009169999998448475,0
1,1,event,965,0.0008339999999407155,0
1,1,event,966,0.0012499999997999112,0
1,1,event,967,0.0007919999998193816,0
1,1,event,968,0.0007919999998193816,0
1,1,event,969,0.0008330000000569271,0
1,1,event,970,0.0008329999996021797,0
1,1,event,971,0.0008330000000569271,0
1,1,event,972,0.001334000000042579,0
1,1,event,973,0.000875000000178261,0
1,1,event,974,0.0007919999998193816,0
1,1,event,975,0.0009170000002995948,0
1,1,event,976,0.0009159999999610591,0
1,1,event,977,0.0010419999998703133,0
1,1,event,978,0.000875000000178261,0
1,1,event,979,0.000875000000178261,0
1,1,event,980,0.0007919999998193816,0
1,1,event,981,0.0012499999997999112,0
1,1,event,982,0.001040999999986525,0
1,1,event,983,0.0008339999999407155,0
1,1,event,984,0.0007499999996980478,0
1,1,event,985,0.000792000000274129,0
1,1,event,986,0.0007909999999355932,0
1,1,event,987,0.0014170000004014582,0
1,1,event,988,0.0007919999998193816,0
1,1,event,989,0.0007909999999355932,0
1,1,event,990,0.000792000000274129,0
1,1,event,991,0.0007910000003903406,0
1,1,event,992,0.000792000000274129,0
1,1,event,993,0.0009999999997489795,0
1,1,event,994,0.0009999999997489795,0
1,1,event,995,0.0014169999999467109,0
1,1,event,996,0.0007909999999355932,0
1,1,event,997,0.0009170000002995948,0
1,1,event,998,0.0010419999998703133,0
1,1,event,999,0.0008330000000569271,0
1,1,burst,0,0.049165999999786436,7
1,1,burst,1,0.05391700000018318,7
1,1,burst,2,0.05045799999970768,7
1,1,burst,3,0.05249999999978172,7
1,1,burst,4,0.051292000000103144,7
1,1,burst,5,0.05516699999998309,7
1,1,burst,6,0.054791000000022905,7
1,1,burst,7,0.06133300000010422,7
1,1,burst,8,0.0555410000001757,7
1,1,burst,9,0.052999999999883585,7
1,1,burst,10,0.053707999999915046,7
1,1,burst,11,0.048584000000118976,7
1,1,burst,12,0.057000000000243745,7
1,1,burst,13,0.057374999999865395,7
1,1,burst,14,0.05491699999993216,7
1,1,burst,15,0.050416000000041095,7
1,1,burst,16,0.058333999999831576,7
1,1,burst,17,0.052709000000049855,7
1,1,burst,18,0.05266699999992852,7
1,1,burst,19,0.0520409999999174,7
1,1,burst,20,0.05337499999995998,7
1,1,burst,21,0.055208000000220636,7
1,1,burst,22,0.05150000000003274,7
1,1,burst,23,0.05720800000017334,7
1,1,burst,24,0.057832999999845924,7
1,1,burst,25,0.06566699999984849,7
1,1,burst,26,0.05195899999989706,7
1,1,burst,27,0.05312499999990905,7
1,1,burst,28,0.053875000000061846,7
1,1,burst,29,0.05187500000010914,7
1,1,burst,30,0.05366599999979371,7
1,1,burst,31,0.05320799999981318,7
1,1,burst,32,0.053417000000081316,7
1,1,burst,33,0.04999999999972715,7
1,1,burst,34,0.060042000000066764,7
1,1,burst,35,0.054416999999830296,7
1,1,burst,36,0.05229200000030687,7
1,1,burst,37,0.051040999999713677,7
1,1,burst,38,0.0573340000000826,7
1,1,burst,39,0.05133400000022448,7
1,1,burst,40,0.05862500000012005,7
1,1,burst,41,0.05099999999993088,7
1,1,burst,42,0.0553330000002461,7
1,1,burst,43,0.05687500000021828,7
1,1,burst,44,0.051916000000346685,7
1,1,burst,45,0.04899999999997817,7
1,1,burst,46,0.05320800000026793,7
1,1,burst,47,0.05133300000034069,7
1,1,burst,48,0.05337500000041473,7
1,1,burst,49,0.05954100000008111,7
1,1,burst,50,0.05283400000007532,7
1,1,burst,51,0.04841699999997218,7
1,1,burst,52,0.05616600000030303,7
1,1,burst,53,0.049250000000029104,7
1,1,burst,54,0.05462499999975989,7
1,1,burst,55,0.048791000000164786,7
1,1,burst,56,0.05366700000013225,7
1,1,burst,57,0.055459000000155356,7
1,1,burst,58,1.0719589999998789,7
1,1,burst,59,49.236042,7
1,1,burst,60,2.995332999999846,7
1,1,burst,61,0.2877920000000813,7
1,1,burst,62,0.28833399999984977,7
1,1,burst,63,0.3289159999999356,7
1,1,burst,64,131.57541700000002,7
1,1,burst,65,0.19274999999970532,7
1,1,burst,66,0.15266699999983757,7
1,1,burst,67,0.14991700000018682,7
1,1,burst,68,0.13458399999990434,7
1,1,burst,69,0.13295800000014424,7
1,1,burst,70,0.1507080000001224,7
1,1,burst,71,0.1322920000002341,7
1,1,burst,72,0.13012499999967986,7
1,1,burst,73,0.12966699999969933,7
1,1,burst,74,0.13054200000033234,7
1,1,burst,75,0.12987500000008367,7
1,1,burst,76,0.12770899999986796,7
1,1,burst,77,0.1323330000000169,7
1,1,burst,78,0.1333329999997659,7
1,1,burst,79,0.1279589999999189,7
1,1,burst,80,0.1268329999998059,7
1,1,burst,81,0.1295420000001286,7
1,1,burst,82,0.1287080000001879,7
1,1,burst,83,0.12745800000038798,7
1,1,burst,84,0.1277909999998883,7
1,1,burst,85,0.129790999999841,7
1,1,burst,86,0.12966599999981554,7
1,1,burst,87,0.13599999999996726,7
1,1,burst,88,0.1404579999998532,7
1,1,burst,89,0.13008300000001327,7
1,1,burst,90,0.1291670000000522,7
1,1,burst,91,0.1246249999999236,7
1,1,burst,92,16.86870799999997,7
1,1,burst,93,0.2009579999999005,7
1,1,burst,94,0.40275000000019645,7
1,1,burst,95,0.23095799999964584,7
1,1,burst,96,0.16575000000011642,7
1,1,burst,97,0.14191699999992125,7
1,1,burst,98,0.1374590000000353,7
1,1,burst,99,0.1335839999997006,7
1,1,burst,100,0.13441699999975754,7
1,1,burst,101,0.13120800000024246,7
1,1,burst,102,0.13262500000018917,7
1,1,burst,103,0.1277500000001055,7
1,1,burst,104,0.12691599999971004,7
1,1,burst,105,0.13099999999985812,7
1,1,burst,106,0.1459580000000642,7
1,1,burst,107,0.12791599999991377,7
1,1,burst,108,0.12654199999997218,7
1,1,burst,109,0.12891700000000128,7
1,1,burst,110,0.12704200000007404,7
1,1,burst,111,0.12600000000020373,7
1,1,burst,112,0.12495799999987867,7
1,1,burst,113,0.12591699999984485,7
1,1,burst,114,0.1279170000002523,7
1,1,burst,115,0.1327089999999771,7
1,1,burst,116,0.12487499999997453,7
1,1,burst,117,0.12645900000006804,7
1,1,burst,118,0.1295829999999114,7
1,1,burst,119,0.12504100000023755,7
1,1,burst,120,0.13283300000011877,7
1,1,burst,121,0.12741700000015044,7
1,1,burst,122,14.624458000000232,7
1,1,burst,123,3.9188340000000608,7
1,1,burst,124,0.38733300000012605,7
1,1,burst,125,0.34370799999987867,7
1,1,burst,126,0.12366599999995742,7
1,1,burst,127,0.11345900000014808,7
1,1,burst,128,0.11108299999978044,7
1,1,burst,129,0.11366700000007768,7
1,1,burst,130,0.10887499999989814,7
1,1,burst,131,0.5294159999998556,7
1,1,burst,132,0.3542499999998654,7
1,1,burst,133,0.1348750000001928,7
1,1,burst,134,0.3194170000001577,7
1,1,burst,135,0.17837499999995998,7
1,1,burst,136,0.14445800000021336,7
1,1,burst,137,0.131083000000217,7
1,1,burst,138,0.12616699999989578,7
1,1,burst,139,0.14866600000004837,7
1,1,burst,140,0.1286659999996118,7
1,1,burst,141,0.131083000000217,7
1,1,burst,142,0.13637500000004366,7
1,1,burst,143,0.12470899999971152,7
1,1,burst,144,0.13183399999979883,7
1,1,burst,145,0.1259170000002996,7
1,1,burst,146,4.88241700000026,7
1,1,burst,147,1.711667000000034,7
1,1,burst,148,0.15025000000014188,7
1,1,burst,149,0.1416669999998703,7
1,1,burst,150,0.1582499999999527,7
1,1,burst,151,0.13408299999991868,7
1,1,burst,152,0.19916699999976117,7
1,1,burst,153,0.3502910000001975,7
1,1,burst,154,0.48745899999994435,7
1,1,burst,155,0.14216699999997218,7
1,1,burst,156,0.13654200000019046,7
1,1,burst,157,0.10483300000032614,7
1,1,burst,158,0.09662500000013097,7
1,1,burst,159,0.09545799999978044,7
1,1,burst,160,0.11954100000002654,7
1,1,burst,161,0.0972500000002583,7
1,1,burst,162,0.09387500000002547,7
1,1,burst,163,0.09333299999980227,7
1,1,burst,164,0.09279199999991761,7
1,1,burst,165,0.09549999999990177,7
1,1,burst,166,0.09204199999976481,7
1,1,burst,167,0.09270900000001348,7
1,1,burst,168,0.09387500000002547,7
1,1,burst,169,0.0917500000000473,7
1,1,burst,170,0.0909590000001117,7
1,1,burst,171,0.08991700000024139,7
1,1,burst,172,0.09466599999996106,7
1,1,burst,173,0.15475000000014916,7
1,1,burst,174,0.09441699999979392,7
1,1,burst,175,0.21745800000007875,7
1,1,burst,176,0.13891599999988102,7
1,1,burst,177,0.12670799999978044,7
1,1,burst,178,0.12783300000000963,7
1,1,burst,179,5.442708000000039,7
1,1,burst,180,0.11333299999978408,7
1,1,burst,181,0.08737500000006548,7
1,1,burst,182,0.09037500000022192,7
1,1,burst,183,0.08699999999998909,7
1,1,burst,184,0.0850839999998243,7
1,1,burst,185,0.08262500000000728,7
1,1,burst,186,0.08237499999995634,7
1,1,burst,187,0.08179199999995035,7
1,1,burst,188,0.08287500000005821,7
1,1,burst,189,0.08212499999990541,7
1,1,burst,190,0.0814580000001115,7
1,1,burst,191,0.08137500000020736,7
1,1,burst,192,0.08599999999978536,7
1,1,burst,193,0.08062500000005457,7
1,1,burst,194,0.08770800000002055,7
1,1,burst,195,0.1647499999999127,7
1,1,burst,196,0.10191699999995762,7
1,1,burst,197,3.3579580000000533,7
1,1,burst,198,0.2018750000002001,7
1,1,burst,199,0.1973750000001928,7
1,1,burst,200,0.11754100000007384,7
1,1,burst,201,0.14945799999986775,7
1,1,burst,202,1.0882500000002437,7
1,1,burst,203,0.09329200000001947,7
1,1,burst,204,13.820541999999932,7
1,1,burst,205,0.11883399999987887,7
1,1,burst,206,0.08329199999980119,7
1,1,burst,207,0.07916599999998652,7
1,1,burst,208,0.08149999999977808,7
1,1,burst,209,0.07758300000023155,7
1,1,burst,210,0.07779100000016115,7
1,1,burst,211,0.10787500000014916,7
1,1,burst,212,0.11358300000028976,7
1,1,burst,213,0.10962500000005093,7
1,1,burst,214,0.10924999999997453,7
1,1,burst,215,0.12212499999986903,7
1,1,burst,216,0.11387500000000728,7
1,1,burst,217,0.11349999999993088,7
1,1,burst,218,0.10750000000007276,7
1,1,burst,219,0.11245800000006057,7
1,1,burst,220,0.11091600000008839,7
1,1,burst,221,0.10629199999993943,7
1,1,burst,222,0.10883400000011534,7
1,1,burst,223,0.10941700000012133,7
1,1,burst,224,0.1073750000000473,7
1,1,burst,225,0.10808300000007875,7
1,1,burst,226,0.10758299999997689,7
1,1,burst,227,0.11108299999978044,7
1,1,burst,228,0.10741699999971388,7
1,1,burst,229,0.10891700000001947,7
1,1,burst,230,0.11524999999983265,7
1,1,burst,231,0.11050000000022919,7
1,1,burst,232,0.1089999999999236,7
1,1,burst,233,0.10637499999984357,7
1,1,burst,234,0.11866699999973207,7
1,1,burst,235,0.10895800000025702,7
1,1,burst,236,0.10650000000032378,7
1,1,burst,237,0.10933300000033341,7
1,1,burst,238,0.10779100000036124,7
1,1,burst,239,0.10983299999998053,7
1,1,burst,240,0.10791700000027049,7
1,1,burst,241,0.10587500000019645,7
1,1,burst,242,0.10670800000025338,7
1,1,burst,243,0.09625000000005457,7
1,1,burst,244,0.07429199999978664,7
1,1,burst,245,0.07345799999984592,7
1,1,burst,246,0.07504100000005565,7
1,1,burst,247,0.07600000000002183,7
1,1,burst,248,0.07433300000002419,7
1,1,burst,249,0.07383299999992232,7
1,1,burst,250,0.09483399999999165,7
1,1,burst,251,0.10929200000009587,7
1,1,burst,252,0.1156250000003638,7
1,1,burst,253,0.10695800000030431,7
1,1,burst,254,0.10729100000025937,7
1,1,burst,255,0.10987500000010186,7
1,1,burst,256,0.11520800000016607,7
1,1,burst,257,0.10716600000023391,7
1,1,burst,258,0.10704100000020844,7
1,1,burst,259,0.1150830000001406,7
1,1,burst,260,0.10979200000019773,7
1,1,burst,261,0.10829199999989214,7
1,1,burst,262,0.10779199999979028,7
1,1,burst,263,0.10933299999987867,7
1,1,burst,264,0.108791999999994,7
1,1,burst,265,0.10541700000021592,7
1,1,burst,266,0.1073340000002645,7
1,1,burst,267,0.1088329999997768,7
1,1,burst,268,0.10874999999987267,7
1,1,burst,269,0.10579199999983757,7
1,1,burst,270,0.11537499999985812,7
1,1,burst,271,0.10729200000014316,7
1,1,burst,272,0.08779199999980847,7
1,1,burst,273,0.073334000000159,7
1,1,burst,274,0.0773340000000644,7
1,1,burst,275,0.07425000000012005,7
1,1,burst,276,0.07416699999976117,7
1,1,burst,277,0.07545900000013717,7
1,1,burst,278,0.07645899999988615,7
1,1,burst,279,0.074083000000428,7
1,1,burst,280,0.07387500000004366,7
1,1,burst,281,0.0751669999999649,7
1,1,burst,282,0.0757499999999709,7
1,1,burst,283,0.0729590000000826,7
1,1,burst,284,0.0724169999998594,7
1,1,burst,285,0.07445800000004965,7
1,1,burst,286,0.07433300000002419,7
1,1,burst,287,0.07908300000008239,7
1,1,burst,288,0.07962500000030559,7
1,1,burst,289,0.07475000000022192,7
1,1,burst,290,0.0840410000000702,7
1,1,burst,291,0.10825000000022555,7
1,1,burst,292,0.1065840000001117,7
1,1,burst,293,0.10729200000014316,7
1,1,burst,294,0.10866699999996854,7
1,1,burst,295,0.10758400000031543,7
1,1,burst,296,2.129374999999982,7
1,1,burst,297,0.1374999999998181,7
1,1,burst,298,0.12012499999991633,7
1,1,burst,299,0.11795899999970061,7
1,1,burst,300,0.11495899999999892,7
1,1,burst,301,0.11279199999989942,7
1,1,burst,302,0.11208299999998417,7
1,1,burst,303,0.10912499999994907,7
1,1,burst,304,0.10691700000006676,7
1,1,burst,305,0.1072079999999005,7
1,1,burst,306,0.13554100000010294,7
1,1,burst,307,0.10966600000028848,7
1,1,burst,308,0.10904200000004494,7
1,1,burst,309,0.11166699999967022,7
1,1,burst,310,0.10837499999979627,7
1,1,burst,311,0.10775000000012369,7
1,1,burst,312,0.10633300000017698,7
1,1,burst,313,0.10887500000035288,7
1,1,burst,314,0.10908400000016627,7
1,1,burst,315,0.10725000000002183,7
1,1,burst,316,0.11183400000027177,7
1,1,burst,317,0.10733299999992596,7
1,1,burst,318,0.108791999999994,7
1,1,burst,319,0.10608400000000984,7
1,1,burst,320,0.10687500000040018,7
1,1,burst,321,0.10983399999986432,7
1,1,burst,322,0.10820800000010422,7
1,1,burst,323,0.11187500000005457,7
1,1,burst,324,0.10962500000005093,7
1,1,burst,325,0.11124999999992724,7
1,1,burst,326,0.10704200000009223,7
1,1,burst,327,0.10812499999974534,7
1,1,burst,328,0.10608300000012605,7
1,1,burst,329,0.11062500000025466,7
1,1,burst,330,0.10583300000007512,7
1,1,burst,331,0.1119579999999587,7
1,1,burst,332,0.11379100000021936,7
1,1,burst,333,0.11108300000023519,7
1,1,burst,334,0.10695800000030431,7
1,1,burst,335,0.10612500000024738,7
1,1,burst,336,0.10870900000008987,7
1,1,burst,337,0.10966700000017227,7
1,1,burst,338,0.10520799999994779,7
1,1,burst,339,0.10637499999984357,7
1,1,burst,340,0.11258300000008603,7
1,1,burst,341,0.10991599999988466,7
1,1,burst,342,9.816041000000041,7
1,1,burst,343,0.09445800000003146,7
1,1,burst,344,0.0858749999997599,7
1,1,burst,345,0.08670799999981682,7
1,1,burst,346,0.07808299999987867,7
1,1,burst,347,0.0785000000000764,7
1,1,burst,348,0.07825000000002547,7
1,1,burst,349,0.07720800000015515,7
1,1,burst,350,0.07691700000032142,7
1,1,burst,351,0.07633299999997689,7
1,1,burst,352,0.10174999999981083,7
1,1,burst,353,0.109958000000006,7
1,1,burst,354,0.10879100000011022,7
1,1,burst,355,0.09112499999991996,7
1,1,burst,356,0.07587499999999636,7
1,1,burst,357,0.07591599999977916,7
1,1,burst,358,0.0858330000000933,7
1,1,burst,359,0.07583399999975882,7
1,1,burst,360,0.07529199999999037,7
1,1,burst,361,0.07562499999994543,7
1,1,burst,362,0.07558400000016263,7
1,1,burst,363,0.07420899999988251,7
1,1,burst,364,15.639333999999963,7
1,1,burst,365,0.15320900000006077,7
1,1,burst,366,0.12741700000015044,7
1,1,burst,367,0.12929199999962293,7
1,1,burst,368,0.12895800000023883,7
1,1,burst,369,0.3502910000001975,7
1,1,burst,370,0.25262500000008004,7
1,1,burst,371,0.14187500000025466,7
1,1,burst,372,0.13537500000029468,7
1,1,burst,373,0.1378340000001117,7
1,1,burst,374,0.1331249999998363,7
1,1,burst,375,5.827958000000308,7
1,1,burst,376,0.1062090000000353,7
1,1,burst,377,0.07012500000018917,7
1,1,burst,378,0.06591600000001563,7
1,1,burst,379,58.475625000000036,7
1,1,burst,380,0.4915419999997539,7
1,1,burst,381,0.20174999999971988,7
1,1,burst,382,0.14720900000020265,7
1,1,burst,383,0.13129200000003038,7
1,1,burst,384,0.13637500000004366,7
1,1,burst,385,0.1279589999999189,7
1,1,burst,386,0.12941700000010314,7
1,1,burst,387,0.13462500000014188,7
1,1,burst,388,0.13462500000014188,7
1,1,burst,389,0.16795799999999872,7
1,1,burst,390,0.1930419999998776,7
1,1,burst,391,0.14904099999967002,7
1,1,burst,392,0.1481250000001637,7
1,1,burst,393,0.13854199999968841,7
1,1,burst,394,0.13099999999985812,7
1,1,burst,395,0.24949999999989814,7
1,1,burst,396,0.22083299999985684,7
1,1,burst,397,0.2840409999998883,7
1,1,burst,398,0.13583299999982046,7
1,1,burst,399,0.13650000000006912,7
1,1,burst,400,0.19037500000013097,7
1,1,burst,401,0.23479199999974298,7
1,1,burst,402,0.1392080000000533,7
1,1,burst,403,0.15250000000014552,7
1,1,burst,404,71.84612500000003,7
1,1,burst,405,0.280666999999994,7
1,1,burst,406,0.19774999999981446,7
1,1,burst,407,0.33370800000011513,7
1,1,burst,408,1.0193750000003092,7
1,1,burst,409,22.560833000000002,7
1,1,burst,410,0.1616249999997308,7
1,1,burst,411,0.1452079999999114,7
1,1,burst,412,0.1522500000000946,7
1,1,burst,413,0.1552919999999176,7
1,1,burst,414,0.1384579999999005,7
1,1,burst,415,0.1325409999999465,7
1,1,burst,416,0.13204099999984464,7
1,1,burst,417,0.12891599999966274,7
1,1,burst,418,0.13441599999987375,7
1,1,burst,419,0.13229099999989558,7
1,1,burst,420,0.13066600000001927,7
1,1,burst,421,0.1289999999999054,7
1,1,burst,422,0.12912500000038563,7
1,1,burst,423,0.13029099999994287,7
1,1,burst,424,0.12641599999960818,7
1,1,burst,425,0.12695799999983137,7
1,1,burst,426,1.3994169999996302,7
1,1,burst,427,0.1733329999997295,7
1,1,burst,428,0.13541600000007747,7
1,1,burst,429,0.1279580000000351,7
1,1,burst,430,0.73050000000012,7
1,1,burst,431,0.7811249999999745,7
1,1,burst,432,0.26299999999991996,7
1,1,burst,433,0.2578330000001188,7
1,1,burst,434,0.1389169999997648,7
1,1,burst,435,0.13570899999967878,7
1,1,burst,436,0.12745800000038798,7
1,1,burst,437,0.12387499999977081,7
1,1,burst,438,0.12616699999989578,7
1,1,burst,439,0.12816700000030323,7
1,1,burst,440,0.1246659999997064,7
1,1,burst,441,0.12175000000024738,7
1,1,burst,442,0.12766700000020137,7
1,1,burst,443,0.12854200000037963,7
1,1,burst,444,0.12820800000008603,7
1,1,burst,445,0.1253340000002936,7
1,1,burst,446,0.12487499999997453,7
1,1,burst,447,0.1242499999998472,7
1,1,burst,448,0.12400000000025102,7
1,1,burst,449,0.35354099999995015,7
1,1,burst,450,0.2564590000001772,7
1,1,burst,451,0.14712499999995998,7
1,1,burst,452,0.1404170000000704,7
1,1,burst,453,0.2583749999998872,7
1,1,burst,454,0.1538330000003043,7
1,1,burst,455,0.14174999999977445,7
1,1,burst,456,0.13383299999986775,7
1,1,burst,457,0.13066699999990306,7
1,1,burst,458,0.1330840000000535,7
1,1,burst,459,0.13258399999995163,7
1,1,burst,460,0.14145800000005693,7
1,1,burst,461,0.13262500000018917,7
1,1,burst,462,0.1325000000001637,7
1,1,burst,463,0.13395799999989322,7
1,1,burst,464,0.13320799999974042,7
1,1,burst,465,0.13237500000013824,7
1,1,burst,466,0.13279199999988123,7
1,1,burst,467,0.15354200000001583,7
1,1,burst,468,0.13391699999965567,7
1,1,burst,469,0.1301669999998012,7
1,1,burst,470,0.13408400000025722,7
1,1,burst,471,0.13004199999977573,7
1,1,burst,472,0.130916999999954,7
1,1,burst,473,0.1307090000000244,7
1,1,burst,474,0.13095899999962057,7
1,1,burst,475,0.12766699999974662,7
1,1,burst,476,0.12766700000020137,7
1,1,burst,477,0.12550000000010186,7
1,1,burst,478,0.13229100000035032,7
1,1,burst,479,0.12762500000008004,7
1,1,burst,480,0.1293749999999818,7
1,1,burst,481,0.13100000000031287,7
1,1,burst,482,0.13912500000014916,7
1,1,burst,483,0.12987500000008367,7
1,1,burst,484,0.13945799999964947,7
1,1,burst,485,0.16133399999989706,7
1,1,burst,486,0.13637500000004366,7
1,1,burst,487,0.15075000000024374,7
1,1,burst,488,0.13841599999977916,7
1,1,burst,489,0.161750000000211,7
1,1,burst,490,0.1376669999999649,7
1,1,burst,491,0.1329169999999067,7
1,1,burst,492,0.13570899999967878,7
1,1,burst,493,0.14254199999959383,7
1,1,burst,494,0.1415830000000824,7
1,1,burst,495,0.13437500000009095,7
1,1,burst,496,0.13429200000018682,7
1,1,burst,497,0.16274999999995998,7
1,1,burst,498,0.1382499999999709,7
1,1,burst,499,0.13354200000003402,7
1,1,burst,500,0.13437500000009095,7
1,1,burst,501,0.14354199999979755,7
1,1,burst,502,0.1330420000003869,7
1,1,burst,503,0.14941700000008495,7
1,1,burst,504,0.13950000000022555,7
1,1,burst,505,0.14362500000015643,7
1,1,burst,506,0.13079199999992852,7
1,1,burst,507,0.14370800000006057,7
1,1,burst,508,0.13716599999997925,7
1,1,burst,509,0.14183300000013332,7
1,1,burst,510,0.13500000000021828,7
1,1,burst,511,0.13420799999994415,7
1,1,burst,512,0.139458999999988,7
1,1,burst,513,0.13666699999976117,7
1,1,burst,514,0.13445799999999508,7
1,1,burst,515,0.13304100000004837,7
1,1,burst,516,0.14699999999993452,7
1,1,burst,517,0.1537079999998241,7
1,1,burst,518,0.13058300000011513,7
1,1,burst,519,0.14829099999997197,7
1,1,burst,520,0.13220799999999144,7
1,1,burst,521,0.14516699999967386,7
1,1,burst,522,0.1331249999998363,7
1,1,burst,523,0.14095799999995506,7
1,1,burst,524,0.14641600000004473,7
1,1,burst,525,0.13816599999972823,7
1,1,burst,526,0.14316599999983737,7
1,1,burst,527,0.13850000000002183,7
1,1,burst,528,0.14970799999991868,7
1,1,burst,529,0.1392080000000533,7
1,1,burst,530,0.1297500000000582,7
1,1,burst,531,0.13795799999979863,7
1,1,burst,532,0.14699999999993452,7
1,1,burst,533,0.1404579999998532,7
1,1,burst,534,0.1404170000000704,7
1,1,burst,535,0.12833399999999529,7
1,1,burst,536,0.15345799999977316,7
1,1,burst,537,0.1391249999996944,7
1,1,burst,538,0.14270799999985684,7
1,1,burst,539,0.13791600000013204,7
1,1,burst,540,28.00691599999982,7
1,1,burst,541,0.15229199999976117,7
1,1,burst,542,0.13962500000025102,7
1,1,burst,543,0.14583399999992253,7
1,1,burst,544,0.19395799999983865,7
1,1,burst,545,0.22775000000001455,7
1,1,burst,546,0.15229200000021592,7
1,1,burst,547,0.1875,7
1,1,burst,548,0.17416700000012497,7
1,1,burst,549,0.14604199999985212,7
1,1,burst,550,0.637583999999606,7
1,1,burst,551,0.17533300000013696,7
1,1,burst,552,0.16449999999986176,7
1,1,burst,553,0.171875,7
1,1,burst,554,0.15970800000013696,7
1,1,burst,555,0.17679100000032122,7
1,1,burst,556,0.16487499999993815,7
1,1,burst,557,0.12950000000000728,7
1,1,burst,558,0.1392080000000533,7
1,1,burst,559,3.029833999999937,7
1,1,burst,560,0.398584000000028,7
1,1,burst,561,0.21266700000023775,7
1,1,burst,562,0.14458300000023883,7
1,1,burst,563,41.895208999999795,7
1,1,burst,564,0.1902500000001055,7
1,1,burst,565,0.14287500000000364,7
1,1,burst,566,0.13475000000016735,7
1,1,burst,567,0.13595800000030067,7
1,1,burst,568,0.13679199999978664,7
1,1,burst,569,0.13137499999993452,7
1,1,burst,570,0.19508399999995163,7
1,1,burst,571,0.07070800000019517,7
1,1,burst,572,0.057000000000243745,7
1,1,burst,573,0.05337499999995998,7
1,1,burst,574,0.051124999999956344,7
1,1,burst,575,0.06387500000028012,7
1,1,burst,576,0.053707999999915046,7
1,1,burst,577,0.05124999999998181,7
1,1,burst,578,0.05283300000019153,7
1,1,burst,579,0.06079100000033577,7
1,1,burst,580,0.058167000000139524,7
1,1,burst,581,0.05775000000039654,7
1,1,burst,582,0.0580830000003516,7
1,1,burst,583,0.06100000000014916,7
1,1,burst,584,0.05766700000003766,7
1,1,burst,585,0.05641700000023775,7
1,1,burst,586,0.05912499999976717,7
1,1,burst,587,0.05754199999955745,7
1,1,burst,588,0.05795799999987139,7
1,1,burst,589,0.05787499999996726,7
1,1,burst,590,0.05883399999993344,7
1,1,burst,591,0.0628750000000764,7
1,1,burst,592,0.0622920000000704,7
1,1,burst,593,0.05749999999989086,7
1,1,burst,594,0.05749999999989086,7
1,1,burst,595,0.055416999999579275,7
1,1,burst,596,0.05774999999994179,7
1,1,burst,597,0.05554200000005949,7
1,1,burst,598,0.05712500000026921,7
1,1,burst,599,0.05454200000031051,7
1,1,burst,600,0.055917000000135886,7
1,1,burst,601,0.05741600000010294,7
1,1,burst,602,0.05758299999979499,7
1,1,burst,603,0.0553330000002461,7
1,1,burst,604,0.05579200000011042,7
1,1,burst,605,0.05625000000009095,7
1,1,burst,606,0.3938749999997526,7
1,1,burst,607,0.06662500000038563,7
1,1,burst,608,0.062167000000044936,7
1,1,burst,609,0.05795799999987139,7
1,1,burst,610,0.06458299999985684,7
1,1,burst,611,0.05733299999974406,7
1,1,burst,612,0.056375000000116415,7
1,1,burst,613,0.05675000000019281,7
1,1,burst,614,0.05795799999987139,7
1,1,burst,615,0.056208999999853404,7
1,1,burst,616,0.056999999999789,7
1,1,burst,617,0.055332999999791355,7
1,1,burst,618,0.05758299999979499,7
1,1,burst,619,0.05491699999993216,7
1,1,burst,620,0.061459000000013475,7
1,1,burst,621,0.05541700000003402,7
1,1,burst,622,0.057832999999845924,7
1,1,burst,623,0.05658300000004601,7
1,1,burst,624,0.05679099999997561,7
1,1,burst,625,0.055749999999989086,7
1,1,burst,626,0.05775000000039654,7
1,1,burst,627,0.055583000000297034,7
1,1,burst,628,0.05720800000017334,7
1,1,burst,629,0.05933299999969677,7
1,1,burst,630,0.05954100000008111,7
1,1,burst,631,0.05591699999968114,7
1,1,burst,632,0.055749999999989086,7
1,1,burst,633,0.05291699999997945,7
1,1,burst,634,0.05025000000023283,7
1,1,burst,635,0.048958000000311586,7
1,1,burst,636,0.05083399999966787,7
1,1,burst,637,0.051208999999744265,7
1,1,burst,638,0.05054100000006656,7
1,1,burst,639,0.05116700000007768,7
1,1,burst,640,0.04991599999993923,7
1,1,burst,641,0.05229199999985212,7
1,1,burst,642,0.05033400000002075,7
1,1,burst,643,0.05008399999996982,7
1,1,burst,644,0.04945899999984249,7
1,1,burst,645,0.05166700000017954,7
1,1,burst,646,0.050499999999829015,7
1,1,burst,647,0.052958000000217,7
1,1,burst,648,0.0557080000003225,7
1,1,burst,649,0.05216599999994287,7
1,1,burst,650,0.04945900000029724,7
1,1,burst,651,0.04991599999993923,7
1,1,burst,652,0.050041999999848485,7
1,1,burst,653,0.05162499999960346,7
1,1,burst,654,0.04912500000000364,7
1,1,burst,655,0.050833000000238826,7
1,1,burst,656,0.05087500000036016,7
1,1,burst,657,0.051041000000168424,7
1,1,burst,658,0.049624999999650754,7
1,1,burst,659,0.049790999999913765,7
1,1,burst,660,0.04987500000015643,7
1,1,burst,661,0.051916000000346685,7
1,1,burst,662,0.04958299999998417,7
1,1,burst,663,0.04970900000034817,7
1,1,burst,664,0.050834000000122614,7
1,1,burst,665,0.06791700000030687,7
1,1,burst,666,0.04795800000010786,7
1,1,burst,667,0.049250000000029104,7
1,1,burst,668,0.0656250000001819,7
1,1,burst,669,0.0536669999996775,7
1,1,burst,670,0.05024999999977808,7
1,1,burst,671,0.04845800000020972,7
1,1,burst,672,0.04904199999964476,7
1,1,burst,673,0.05070800000021336,7
1,1,burst,674,0.04966600000034305,7
1,1,burst,675,0.04891699999961929,7
1,1,burst,676,0.0498330000000351,7
1,1,burst,677,0.05554099999972095,7
1,1,burst,678,0.048874999999952706,7
1,1,burst,679,0.05025000000023283,7
1,1,burst,680,0.05375000000003638,7
1,1,burst,681,0.05170799999996234,7
1,1,burst,682,0.0500000000001819,7
1,1,burst,683,0.05383299999994051,7
1,1,burst,684,0.05283300000019153,7
1,1,burst,685,0.04929200000015044,7
1,1,burst,686,0.049790999999913765,7
1,1,burst,687,0.050666999999975815,7
1,1,burst,688,0.05195900000035181,7
1,1,burst,689,0.050666999999975815,7
1,1,burst,690,0.04899999999997817,7
1,1,burst,691,0.050416000000041095,7
1,1,burst,692,0.05145799999991141,7
1,1,burst,693,0.04933300000038798,7
1,1,burst,694,0.04912500000000364,7
1,1,burst,695,0.05025000000023283,7
1,1,burst,696,0.05279099999961545,7
1,1,burst,697,0.0501670000003287,7
1,1,burst,698,0.04966699999977209,7
1,1,burst,699,0.049250000000029104,7
1,1,burst,700,0.05529100000012477,7
1,1,burst,701,0.05062499999985448,7
1,1,burst,702,0.05004200000030323,7
1,1,burst,703,0.04954100000031758,7
1,1,burst,704,7.309083000000101,7
1,1,burst,705,0.10320799999999508,7
1,1,burst,706,0.07591699999966295,7
1,1,burst,707,0.05966600000010658,7
1,1,burst,708,0.05591699999968114,7
1,1,burst,709,0.05479199999990669,7
1,1,burst,710,0.05983299999979863,7
1,1,burst,711,0.051124999999956344,7
1,1,burst,712,0.055833000000347965,7
1,1,burst,713,0.050917000000026746,7
1,1,burst,714,0.05037499999980355,7
1,1,burst,715,0.05166700000017954,7
1,1,burst,716,0.052458000000115135,7
1,1,burst,717,0.050416000000041095,7
1,1,burst,718,0.06091699999979028,7
1,1,burst,719,0.050957999999809545,7
1,1,burst,720,0.05116600000019389,7
1,1,burst,721,0.049500000000080036,7
1,1,burst,722,0.04987500000015643,7
1,1,burst,723,0.050583000000187894,7
1,1,burst,724,0.05108300000028976,7
1,1,burst,725,0.051749999999628926,7
1,1,burst,726,0.04958299999998417,7
1,1,burst,727,0.04958299999998417,7
1,1,burst,728,0.05079200000000128,7
1,1,burst,729,0.049042000000099506,7
1,1,burst,730,0.04929200000015044,7
1,1,burst,731,0.04908400000022084,7
1,1,burst,732,0.05095900000014808,7
1,1,burst,733,0.0500000000001819,7
1,1,burst,734,0.04987500000015643,7
1,1,burst,735,0.053249999999934516,7
1,1,burst,736,0.05358299999988958,7
1,1,burst,737,0.049500000000080036,7
1,1,burst,738,0.04912500000000364,7
1,1,burst,739,0.05074999999987995,7
1,1,burst,740,0.04866700000002311,7
1,1,burst,741,0.04904100000021572,7
1,1,burst,742,0.04883299999983137,7
1,1,burst,743,0.05099999999993088,7
1,1,burst,744,0.049583999999867956,7
1,1,burst,745,0.04929100000026665,7
1,1,burst,746,0.0494579999999587,7
1,1,burst,747,0.05091600000014296,7
1,1,burst,748,0.04899999999997817,7
1,1,burst,749,0.04958299999998417,7
1,1,burst,750,0.0496250000001055,7
1,1,burst,751,0.05087499999990541,7
1,1,burst,752,0.05045800000016243,7
1,1,burst,753,0.04991600000039398,7
1,1,burst,754,0.05304200000000492,7
1,1,burst,755,0.05145799999991141,7
1,1,burst,756,0.049790999999913765,7
1,1,burst,757,0.0495840000003227,7
1,1,burst,758,0.0500409999999647,7
1,1,burst,759,0.05133299999988594,7
1,1,burst,760,0.05041699999992488,7
1,1,burst,761,0.0496659999998883,7
1,1,burst,762,0.051375000000007276,7
1,1,burst,763,0.056749999999738066,7
1,1,burst,764,0.05141700000012861,7
1,1,burst,765,0.050125000000207365,7
1,1,burst,766,0.05083299999978408,7
1,1,burst,767,0.05074999999987995,7
1,1,burst,768,0.04975000000013097,7
1,1,burst,769,0.050834000000122614,7
1,1,burst,770,0.05025000000023283,7
1,1,burst,771,0.05499999999983629,7
1,1,burst,772,0.050957999999809545,7
1,1,burst,773,0.05062499999985448,7
1,1,burst,774,0.04891699999961929,7
1,1,burst,775,0.049958000000060565,7
1,1,burst,776,0.049500000000080036,7
1,1,burst,777,0.050332999999682215,7
1,1,burst,778,0.04958299999998417,7
1,1,burst,779,0.05441599999994651,7
1,1,burst,780,0.05062499999985448,7
1,1,burst,781,0.05016699999987395,7
1,1,burst,782,0.052083999999922526,7
1,1,burst,783,0.04929200000015044,7
1,1,burst,784,0.04999999999972715,7
1,1,burst,785,0.04954199999974662,7
1,1,burst,786,0.050125000000207365,7
1,1,burst,787,0.05074999999987995,7
1,1,burst,788,0.04937500000005457,7
1,1,burst,789,0.04854099999965911,7
1,1,burst,790,0.05250000000023647,7
1,1,burst,791,0.04916600000024118,7
1,1,burst,792,0.05162499999960346,7
1,1,burst,793,0.04754200000024866,7
1,1,burst,794,0.04929200000015044,7
1,1,burst,795,0.04820800000015879,7
1,1,burst,796,0.051208999999744265,7
1,1,burst,797,0.04883300000028612,7
1,1,burst,798,0.049791999999797554,7
1,1,burst,799,0.04787499999974898,7
1,1,burst,800,0.04854199999999764,7
1,1,burst,801,0.04941599999983737,7
1,1,burst,802,0.049417000000175904,7
1,1,burst,803,0.048915999999735504,7
1,1,burst,804,0.04837499999985084,7
1,1,burst,805,0.04775000000017826,7
1,1,burst,806,0.05274999999983265,7
1,1,burst,807,0.048333000000184256,7
1,1,burst,808,0.048708000000260654,7
1,1,burst,809,0.04829199999994671,7
1,1,burst,810,0.0500000000001819,7
1,1,burst,811,0.049082999999882304,7
1,1,burst,812,0.04999999999972715,7
1,1,burst,813,0.0502080000001115,7
1,1,burst,814,0.05012499999975262,7
1,1,burst,815,0.048791000000164786,7
1,1,burst,816,0.04958299999998417,7
1,1,burst,817,0.048166999999921245,7
1,1,burst,818,0.05012499999975262,7
1,1,burst,819,0.047999999999774445,7
1,1,burst,820,0.04912500000000364,7
1,1,burst,821,0.051208999999744265,7
1,1,burst,822,0.0496250000001055,7
1,1,burst,823,0.049416999999721156,7
1,1,burst,824,0.051832999999987805,7
1,1,burst,825,0.048290999999608175,7
1,1,burst,826,0.04945900000029724,7
1,1,burst,827,0.04937500000005457,7
1,1,burst,828,0.048624999999901775,7
1,1,burst,829,0.04812500000025466,7
1,1,burst,830,0.04966600000034305,7
1,1,burst,831,0.04858399999966423,7
1,1,burst,832,0.04904100000021572,7
1,1,burst,833,0.04883300000028612,7
1,1,burst,834,0.04858399999966423,7
1,1,burst,835,0.047708999999940715,7
1,1,burst,836,0.048333000000184256,7
1,1,burst,837,0.048958000000311586,7
1,1,burst,838,0.048708000000260654,7
1,1,burst,839,0.047458000000005995,7
1,1,burst,840,0.04891600000019025,7
1,1,burst,841,0.051832999999987805,7
1,1,burst,842,0.04854199999999764,7
1,1,burst,843,0.04920800000036252,7
1,1,burst,844,0.04991599999993923,7
1,1,burst,845,0.0496250000001055,7
1,1,burst,846,0.04820799999970404,7
1,1,burst,847,0.04841600000008839,7
1,1,burst,848,0.049791999999797554,7
1,1,burst,849,0.05195899999989706,7
1,1,burst,850,0.047749999999723514,7
1,1,burst,851,0.04804199999989578,7
1,1,burst,852,0.04912500000000364,7
1,1,burst,853,0.04945900000029724,7
1,1,burst,854,0.04787499999974898,7
1,1,burst,855,0.04758399999991525,7
1,1,burst,856,0.048584000000118976,7
1,1,burst,857,0.051749999999628926,7
1,1,burst,858,0.048874999999952706,7
1,1,burst,859,0.04820800000015879,7
1,1,burst,860,0.051041999999597465,7
1,1,burst,861,0.04866700000002311,7
1,1,burst,862,0.04749999999967258,7
1,1,burst,863,0.048166999999921245,7
1,1,burst,864,0.047915999999986525,7
1,1,burst,865,0.04854199999999764,7
1,1,burst,866,0.04695899999978792,7
1,1,burst,867,0.04841699999997218,7
1,1,burst,868,0.04737500000010186,7
1,1,burst,869,0.04966699999977209,7
1,1,burst,870,0.04758300000003146,7
1,1,burst,871,0.04883300000028612,7
1,1,burst,872,0.04770800000005693,7
1,1,burst,873,0.049500000000080036,7
1,1,burst,874,0.04716600000028848,7
1,1,burst,875,0.048166999999921245,7
1,1,burst,876,0.05033400000002075,7
1,1,burst,877,0.049874999999701686,7
1,1,burst,878,0.05045800000016243,7
1,1,burst,879,0.048708999999689695,7
1,1,burst,880,0.04854199999999764,7
1,1,burst,881,0.04912500000000364,7
1,1,burst,882,0.04758399999991525,7
1,1,burst,883,0.04874999999992724,7
1,1,burst,884,0.04954199999974662,7
1,1,burst,885,0.04787499999974898,7
1,1,burst,886,0.04854199999999764,7
1,1,burst,887,0.04754200000024866,7
1,1,burst,888,0.04912500000000364,7
1,1,burst,889,0.04750000000012733,7
1,1,burst,890,0.04945800000041345,7
1,1,burst,891,0.0474170000002232,7
1,1,burst,892,0.0497920000002523,7
1,1,burst,893,0.04749999999967258,7
1,1,burst,894,0.049332999999933236,7
1,1,burst,895,0.04800000000022919,7
1,1,burst,896,0.050041999999848485,7
1,1,burst,897,0.04750000000012733,7
1,1,burst,898,0.04804200000035053,7
1,1,burst,899,0.04779099999996106,7
1,1,burst,900,0.04929200000015044,7
1,1,burst,901,0.04804100000001199,7
1,1,burst,902,0.04783300000008239,7
1,1,burst,903,0.04791699999987031,7
1,1,burst,904,0.05024999999977808,7
1,1,burst,905,0.047167000000172266,7
1,1,burst,906,0.04837499999985084,7
1,1,burst,907,0.0502080000001115,7
1,1,burst,908,0.04970800000000963,7
1,1,burst,909,0.04779199999984485,7
1,1,burst,910,0.04787499999974898,7
1,1,burst,911,0.04791699999987031,7
1,1,burst,912,0.051040999999713677,7
1,1,burst,913,0.048250000000280124,7
1,1,burst,914,0.04845800000020972,7
1,1,burst,915,0.047749999999723514,7
1,1,burst,916,0.055499999999938154,7
1,1,burst,917,0.047749999999723514,7
1,1,burst,918,0.04858300000023519,7
1,1,burst,919,0.04729200000019773,7
1,1,burst,920,0.04874999999992724,7
1,1,burst,921,0.048166999999921245,7
1,1,burst,922,0.04933300000038798,7
1,1,burst,923,0.049332999999933236,7
1,1,burst,924,0.04854199999999764,7
1,1,burst,925,0.047167000000172266,7
1,1,burst,926,0.048624999999901775,7
1,1,burst,927,0.04733299999998053,7
1,1,burst,928,0.04899999999997817,7
1,1,burst,929,0.047374999999647116,7
1,1,burst,930,0.0502080000001115,7
1,1,burst,931,0.04733299999998053,7
1,1,burst,932,0.049416999999721156,7
1,1,burst,933,0.047000000000025466,7
1,1,burst,934,0.04845899999963876,7
1,1,burst,935,0.04920899999979156,7
1,1,burst,936,0.05087499999990541,7
1,1,burst,937,0.047749999999723514,7
1,1,burst,938,0.0500000000001819,7
1,1,burst,939,0.04991700000027777,7
1,1,burst,940,0.04862500000035652,7
1,1,burst,941,0.04812499999979991,7
1,1,burst,942,0.052000000000134605,7
1,1,burst,943,0.04866599999968457,7
1,1,burst,944,0.047625000000152795,7
1,1,burst,945,0.04770800000005693,7
1,1,burst,946,0.04841699999997218,7
1,1,burst,947,0.04866700000002311,7
1,1,burst,948,0.049790999999913765,7
1,1,burst,949,0.047083000000384345,7
1,1,burst,950,0.04787500000020373,7
1,1,burst,951,0.04970800000000963,7
1,1,burst,952,0.04912500000000364,7
1,1,burst,953,0.04970800000000963,7
1,1,burst,954,0.0472500000000764,7
1,1,burst,955,0.0492909999998119,7
1,1,burst,956,0.04837499999985084,7
1,1,burst,957,0.048083000000133325,7
1,1,burst,958,0.04895799999985684,7
1,1,burst,959,0.06604199999992488,7
1,1,burst,960,0.0625,7
1,1,burst,961,0.057999999999992724,7
1,1,burst,962,0.04795800000010786,7
1,1,burst,963,0.05329200000005585,7
1,1,burst,964,0.055041999999957625,7
1,1,burst,965,0.060582999999951426,7
1,1,burst,966,0.05229199999985212,7
1,1,burst,967,0.055125000000316504,7
1,1,burst,968,0.05441599999994651,7
1,1,burst,969,0.05704199999991033,7
1,1,burst,970,0.051084000000173546,7
1,1,burst,971,0.05425000000013824,7
1,1,burst,972,0.062167000000044936,7
1,1,burst,973,0.05333299999983865,7
1,1,burst,974,0.05470800000011877,7
1,1,burst,975,0.05370800000036979,7
1,1,burst,976,0.05470900000000256,7
1,1,burst,977,0.052290999999968335,7
1,1,burst,978,0.05095899999969333,7
1,1,burst,979,0.05412500000011278,7
1,1,burst,980,0.04891699999961929,7
1,1,burst,981,0.05395799999996598,7
1,1,burst,982,0.05154099999981554,7
1,1,burst,983,0.0571669999999358,7
1,1,burst,984,0.05579199999965567,7
1,1,burst,985,0.054500000000189175,7
1,1,burst,986,0.053707999999915046,7
1,1,burst,987,0.05245799999966039,7
1,1,burst,988,0.054333000000042375,7
1,1,burst,989,0.05466599999999744,7
1,1,burst,990,0.053457999999864114,7
1,1,burst,991,0.04891700000007404,7
1,1,burst,992,0.05604100000027756,7
1,1,burst,993,0.06008299999984956,7
1,1,burst,994,0.054333000000042375,7
1,1,burst,995,0.052708000000166066,7
1,1,burst,996,0.05437499999970896,7
1,1,burst,997,0.05679099999997561,7
1,1,burst,998,0.054583999999977095,7
1,1,burst,999,0.047541999999793916,7
1,2,idle,0,0.0012499999997999112,0
1,2,idle,1,0.0028339999998934218,0
1,2,idle,2,0.0010000000002037268,0
1,2,idle,3,0.0009169999998448475,0
1,2,idle,4,0.0009580000000823929,0
1,2,idle,5,0.0010829999996531114,0
1,2,idle,6,0.0009159999999610591,0
1,2,idle,7,0.000875000000178261,0
1,2,idle,8,0.000875000000178261,0
1,2,idle,9,0.0009590000004209287,0
1,2,idle,10,0.0011250000002291927,0
1,2,idle,11,0.0010420000003250607,0
1,2,idle,12,0.0011669999998957792,0
1,2,idle,13,0.0009159999999610591,0
1,2,idle,14,0.0009169999998448475,0
1,2,idle,15,0.0011669999998957792,0
1,2,idle,16,0.0009579999996276456,0
1,2,idle,17,0.0026250000000800355,0
1,2,idle,18,0.0009170000002995948,0
1,2,idle,19,0.0010410000004412723,0
1,2,idle,20,0.0029169999997975538,0
1,2,idle,21,0.0010000000002037268,0
1,2,idle,22,0.0009159999999610591,0
1,2,idle,23,0.0009589999999661813,0
1,2,idle,24,0.000875000000178261,0
1,2,idle,25,0.0013750000002801244,0
1,2,idle,26,0.0012500000002546585,0
1,2,idle,27,0.0010000000002037268,0
1,2,idle,28,0.0009169999998448475,0
1,2,idle,29,0.0010000000002037268,0
1,2,idle,30,0.003000000000156433,0
1,2,idle,31,0.0012500000002546585,0
1,2,idle,32,0.0009580000000823929,0
1,2,idle,33,0.0010830000001078588,0
1,2,idle,34,0.0008749999997235136,0
1,2,idle,35,0.0009589999999661813,0
1,2,idle,36,0.0011669999998957792,0
1,2,idle,37,0.0009580000000823929,0
1,2,idle,38,0.0009169999998448475,0
1,2,idle,39,0.0012499999997999112,0
1,2,idle,40,0.0009169999998448475,0
1,2,idle,41,0.0012499999997999112,0
1,2,idle,42,0.0009170000002995948,0
1,2,idle,43,0.001040999999986525,0
1,2,idle,44,0.001209000000017113,0
1,2,idle,45,0.0009580000000823929,0
1,2,idle,46,0.0008749999997235136,0
1,2,idle,47,0.002791999999772088,0
1,2,idle,48,0.0010830000001078588,0
1,2,idle,49,0.0009580000000823929,0
1,2,idle,50,0.0009580000000823929,0
1,2,idle,51,0.000875000000178261,0
1,2,idle,52,0.0011660000000119908,0
1,2,idle,53,0.002834000000348169,0
1,2,idle,54,0.001209000000017113,0
1,2,idle,55,0.0009580000000823929,0
1,2,idle,56,0.0009159999999610591,0
1,2,idle,57,0.0014580000001842564,0
1,2,idle,58,0.0009580000000823929,0
1,2,idle,59,0.0009589999999661813,0
1,2,idle,60,0.0010829999996531114,0
1,2,idle,61,0.001374999999825377,0
1,2,idle,62,0.0012499999997999112,0
1,2,idle,63,0.0009580000000823929,0
1,2,idle,64,0.0011669999998957792,0
1,2,idle,65,0.0009580000000823929,0
1,2,idle,66,0.0009580000000823929,0
1,2,idle,67,0.0010420000003250607,0
1,2,idle,68,0.001374999999825377,0
1,2,idle,69,0.000875000000178261,0
1,2,idle,70,0.0009160000004158064,0
1,2,idle,71,0.0009170000002995948,0
1,2,idle,72,0.0010000000002037268,0
1,2,idle,73,0.001209000000017113,0
1,2,idle,74,0.0010000000002037268,0
1,2,idle,75,0.0011669999998957792,0
1,2,idle,76,0.0009580000000823929,0
1,2,idle,77,0.0010000000002037268,0
1,2,idle,78,0.0011249999997744453,0
1,2,idle,79,0.0030839999999443535,0
1,2,idle,80,0.0010000000002037268,0
1,2,idle,81,0.0008749999997235136,0
1,2,idle,82,0.0010000000002037268,0
1,2,idle,83,0.0012079999996785773,0
1,2,idle,84,0.0010420000003250607,0
1,2,idle,85,0.000875000000178261,0
1,2,idle,86,0.0010419999998703133,0
1,2,idle,87,0.0025000000000545697,0
1,2,idle,88,0.0014169999999467109,0
1,2,idle,89,0.0011250000002291927,0
1,2,idle,90,0.0009169999998448475,0
1,2,idle,91,0.0009999999997489795,0
1,2,idle,92,0.0009589999999661813,0
1,2,idle,93,0.0009170000002995948,0
1,2,idle,94,0.0012499999997999112,0
1,2,idle,95,0.0010000000002037268,0
1,2,idle,96,0.0009999999997489795,0
1,2,idle,97,0.0009589999999661813,0
1,2,idle,98,0.0009159999999610591,0
1,2,idle,99,0.0011250000002291927,0
1,2,idle,100,0.0008749999997235136,0
1,2,idle,101,0.0009589999999661813,0
1,2,idle,102,0.0010000000002037268,0
1,2,idle,103,0.0009169999998448475,0
1,2,idle,104,0.001040999999986525,0
1,2,idle,105,0.001291999999921245,0
1,2,idle,106,0.0011249999997744453,0
1,2,idle,107,0.0012080000001333246,0
1,2,idle,108,0.0009159999999610591,0
1,2,idle,109,0.0009999999997489795,0
1,2,idle,110,0.0010830000001078588,0
1,2,idle,111,0.0009580000000823929,0
1,2,idle,112,0.0009159999999610591,0
1,2,idle,113,0.0010419999998703133,0
1,2,idle,114,0.003250000000207365,0
1,2,idle,115,0.0011669999998957792,0
1,2,idle,116,0.0009580000000823929,0
1,2,idle,117,0.0009159999999610591,0
1,2,idle,118,0.000875000000178261,0
1,2,idle,119,0.0009580000000823929,0
1,2,idle,120,0.0031249999997271516,0
1,2,idle,121,0.0010830000001078588,0
1,2,idle,122,0.0014160000000629225,0
1,2,idle,123,0.0010839999999916472,0
1,2,idle,124,0.0010000000002037268,0
1,2,idle,125,0.0009159999999610591,0
1,2,idle,126,0.0029580000000350992,0
1,2,idle,127,0.0010420000003250607,0
1,2,idle,128,0.0009579999996276456,0
1,2,idle,129,0.0009159999999610591,0
1,2,idle,130,0.0009580000000823929,0
1,2,idle,131,0.001457999999729509,0
1,2,idle,132,0.0009169999998448475,0
1,2,idle,133,0.0011250000002291927,0
1,2,idle,134,0.0009170000002995948,0
1,2,idle,135,0.0009159999999610591,0
1,2,idle,136,0.0011250000002291927,0
1,2,idle,137,0.0009579999996276456,0
1,2,idle,138,0.0011250000002291927,0
1,2,idle,139,0.0009580000000823929,0
1,2,idle,140,0.0009580000000823929,0
1,2,idle,141,0.0029999999997016857,0
1,2,idle,142,0.0010830000001078588,0
1,2,idle,143,0.0008749999997235136,0
1,2,idle,144,0.0009159999999610591,0
1,2,idle,145,0.0010000000002037268,0
1,2,idle,146,0.0009589999999661813,0
1,2,idle,147,0.0011250000002291927,0
1,2,idle,148,0.0008749999997235136,0
1,2,idle,149,0.0010830000001078588,0
1,2,idle,150,0.0009160000004158064,0
1,2,idle,151,0.001291999999921245,0
1,2,idle,152,0.0011249999997744453,0
1,2,idle,153,0.0009580000000823929,0
1,2,idle,154,0.0026670000002013694,0
1,2,idle,155,0.0011249999997744453,0
1,2,idle,156,0.0009169999998448475,0
1,2,idle,157,0.001209000000017113,0
1,2,idle,158,0.000875000000178261,0
1,2,idle,159,0.0010419999998703133,0
1,2,idle,160,0.0009170000002995948,0
1,2,idle,161,0.0011669999998957792,0
1,2,idle,162,0.0011249999997744453,0
1,2,idle,163,0.0009169999998448475,0
1,2,idle,164,0.000875000000178261,0
1,2,idle,165,0.0009169999998448475,0
1,2,idle,166,0.0009580000000823929,0
1,2,idle,167,0.0009580000000823929,0
1,2,idle,168,0.001209000000017113,0
1,2,idle,169,0.0010000000002037268,0
1,2,idle,170,0.0011249999997744453,0
1,2,idle,171,0.0009169999998448475,0
1,2,idle,172,0.0008749999997235136,0
1,2,idle,173,0.0011669999998957792,0
1,2,idle,174,0.0009169999998448475,0
1,2,idle,175,0.0009159999999610591,0
1,2,idle,176,0.0009169999998448475,0
1,2,idle,177,0.0008749999997235136,0
1,2,idle,178,0.0011249999997744453,0
1,2,idle,179,0.0009159999999610591,0
1,2,idle,180,0.000875000000178261,0
1,2,idle,181,0.0025829999999587017,0
1,2,idle,182,0.0009580000000823929,0
1,2,idle,183,0.0016249999998763087,0
1,2,idle,184,0.0009159999999610591,0
1,2,idle,185,0.0009999999997489795,0
1,2,idle,186,0.0010000000002037268,0
1,2,idle,187,0.00233299999990777,0
1,2,idle,188,0.001040999999986525,0
1,2,idle,189,0.0012080000001333246,0
1,2,idle,190,0.0010419999998703133,0
1,2,idle,191,0.0009169999998448475,0
1,2,idle,192,0.0009159999999610591,0
1,2,idle,193,0.0009169999998448475,0
1,2,idle,194,0.0012080000001333246,0
1,2,idle,195,0.0009580000000823929,0
1,2,idle,196,0.0008749999997235136,0
1,2,idle,197,0.0009169999998448475,0
1,2,idle,198,0.0012499999997999112,0
1,2,idle,199,0.0012080000001333246,0
1,2,idle,200,0.0008749999997235136,0
1,2,idle,201,0.001209000000017113,0
1,2,idle,202,0.0009170000002995948,0
1,2,idle,203,0.002666999999746622,0
1,2,idle,204,0.0009169999998448475,0
1,2,idle,205,0.0011249999997744453,0
1,2,idle,206,0.0009169999998448475,0
1,2,idle,207,0.0008749999997235136,0
1,2,idle,208,0.0009589999999661813,0
1,2,idle,209,0.0009580000000823929,0
1,2,idle,210,0.0011249999997744453,0
1,2,idle,211,0.0009589999999661813,0
1,2,idle,212,0.0011250000002291927,0
1,2,idle,213,0.0011670000003505265,0
1,2,idle,214,0.0012499999997999112,0
1,2,idle,215,0.0011250000002291927,0
1,2,idle,216,0.0009160000004158064,0
1,2,idle,217,0.000875000000178261,0
1,2,idle,218,0.0012499999997999112,0
1,2,idle,219,0.0008749999997235136,0
1,2,idle,220,0.001291999999921245,0
1,2,idle,221,0.003250000000207365,0
1,2,idle,222,0.001040999999986525,0
1,2,idle,223,0.000875000000178261,0
1,2,idle,224,0.0009159999999610591,0
1,2,idle,225,0.0009170000002995948,0
1,2,idle,226,0.0011670000003505265,0
1,2,idle,227,0.0008330000000569271,0
1,2,idle,228,0.0009159999999610591,0
1,2,idle,229,0.0009589999999661813,0
1,2,idle,230,0.0009580000000823929,0
1,2,idle,231,0.001040999999986525,0
1,2,idle,232,0.0009580000000823929,0
1,2,idle,233,0.0010830000001078588,0
1,2,idle,234,0.0009589999999661813,0
1,2,idle,235,0.0009170000002995948,0
1,2,idle,236,0.0011669999998957792,0
1,2,idle,237,0.0009170000002995948,0
1,2,idle,238,0.0009580000000823929,0
1,2,idle,239,0.000875000000178261,0
1,2,idle,240,0.0009169999998448475,0
1,2,idle,241,0.0011660000000119908,0
1,2,idle,242,0.0009589999999661813,0
1,2,idle,243,0.0008339999999407155,0
1,2,idle,244,0.001209000000017113,0
1,2,idle,245,0.0009169999998448475,0
1,2,idle,246,0.0012499999997999112,0
1,2,idle,247,0.001209000000017113,0
1,2,idle,248,0.002457999999933236,0
1,2,idle,249,0.0011249999997744453,0
1,2,idle,250,0.0009159999999610591,0
1,2,idle,251,0.0009589999999661813,0
1,2,idle,252,0.00287499999967622,0
1,2,idle,253,0.0009169999998448475,0
1,2,idle,254,0.0022910000002411834,0
1,2,idle,255,0.0010419999998703133,0
1,2,idle,256,0.0009170000002995948,0
1,2,idle,257,0.0011250000002291927,0
1,2,idle,258,0.0010000000002037268,0
1,2,idle,259,0.0008749999997235136,0
1,2,idle,260,0.0009159999999610591,0
1,2,idle,261,0.0009169999998448475,0
1,2,idle,262,0.0011660000000119908,0
1,2,idle,263,0.001374999999825377,0
1,2,idle,264,0.0012910000000374566,0
1,2,idle,265,0.0028330000000096334,0
1,2,idle,266,0.0009580000000823929,0
1,2,idle,267,0.0009580000000823929,0
1,2,idle,268,0.0011249999997744453,0
1,2,idle,269,0.0009169999998448475,0
1,2,idle,270,0.0008749999997235136,0
1,2,idle,271,0.0009169999998448475,0
1,2,idle,272,0.0009169999998448475,0
1,2,idle,273,0.0011250000002291927,0
1,2,idle,274,0.0009999999997489795,0
1,2,idle,275,0.0008749999997235136,0
1,2,idle,276,0.0009169999998448475,0
1,2,idle,277,0.001209000000017113,0
1,2,idle,278,0.0010419999998703133,0
1,2,idle,279,0.000875000000178261,0
1,2,idle,280,0.0009170000002995948,0
1,2,idle,281,0.0009159999999610591,0
1,2,idle,282,0.0009589999999661813,0
1,2,idle,283,0.0010419999998703133,0
1,2,idle,284,0.0009580000000823929,0
1,2,idle,285,0.0009169999998448475,0
1,2,idle,286,0.0010000000002037268,0
1,2,idle,287,0.0009580000000823929,0
1,2,idle,288,0.0029169999997975538,0
1,2,idle,289,0.0011670000003505265,0
1,2,idle,290,0.0009580000000823929,0
1,2,idle,291,0.0009159999999610591,0
1,2,idle,292,0.000875000000178261,0
1,2,idle,293,0.0009170000002995948,0
1,2,idle,294,0.001209000000017113,0
1,2,idle,295,0.0009999999997489795,0
1,2,idle,296,0.0012080000001333246,0
1,2,idle,297,0.0009580000000823929,0
1,2,idle,298,0.0009170000002995948,0
1,2,idle,299,0.0010830000001078588,0
1,2,idle,300,0.0009999999997489795,0
1,2,idle,301,0.0009169999998448475,0
1,2,idle,302,0.0009580000000823929,0
1,2,idle,303,0.0009999999997489795,0
1,2,idle,304,0.0009159999999610591,0
1,2,idle,305,0.001291999999921245,0
1,2,idle,306,0.0009580000000823929,0
1,2,idle,307,0.0010830000001078588,0
1,2,idle,308,0.0009580000000823929,0
1,2,idle,309,0.0012499999997999112,0
1,2,idle,310,0.001040999999986525,0
1,2,idle,311,0.0009169999998448475,0
1,2,idle,312,0.0009589999999661813,0
1,2,idle,313,0.0009589999999661813,0
1,2,idle,314,0.0010000000002037268,0
1,2,idle,315,0.002917000000252301,0
1,2,idle,316,0.0010000000002037268,0
1,2,idle,317,0.0010830000001078588,0
1,2,idle,318,0.0009159999999610591,0
1,2,idle,319,0.0009169999998448475,0
1,2,idle,320,0.0011249999997744453,0
1,2,idle,321,0.0025829999999587017,0
1,2,idle,322,0.0010420000003250607,0
1,2,idle,323,0.0009580000000823929,0
1,2,idle,324,0.0009159999999610591,0
1,2,idle,325,0.0009169999998448475,0
1,2,idle,326,0.0012500000002546585,0
1,2,idle,327,0.0029589999999188876,0
1,2,idle,328,0.0009589999999661813,0
1,2,idle,329,0.000875000000178261,0
1,2,idle,330,0.0009170000002995948,0
1,2,idle,331,0.0010839999999916472,0
1,2,idle,332,0.0011669999998957792,0
1,2,idle,333,0.0009159999999610591,0
1,2,idle,334,0.0009169999998448475,0
1,2,idle,335,0.000875000000178261,0
1,2,idle,336,0.001209000000017113,0
1,2,idle,337,0.0009159999999610591,0
1,2,idle,338,0.0009580000000823929,0
1,2,idle,339,0.0009580000000823929,0
1,2,idle,340,0.0011669999998957792,0
1,2,idle,341,0.0010419999998703133,0
1,2,idle,342,0.0008749999997235136,0
1,2,idle,343,0.0009999999997489795,0
1,2,idle,344,0.0009580000000823929,0
1,2,idle,345,0.0009169999998448475,0
1,2,idle,346,0.0009170000002995948,0
1,2,idle,347,0.0011660000000119908,0
1,2,idle,348,0.0010000000002037268,0
1,2,idle,349,0.0009589999999661813,0
1,2,idle,350,0.0009170000002995948,0
1,2,idle,351,0.0009580000000823929,0
1,2,idle,352,0.0010830000001078588,0
1,2,idle,353,0.0010419999998703133,0
1,2,idle,354,0.010583000000224274,0
1,2,idle,355,0.0029580000000350992,0
1,2,idle,356,0.0010000000002037268,0
1,2,idle,357,0.0010839999999916472,0
1,2,idle,358,0.0009169999998448475,0
1,2,idle,359,0.0012910000000374566,0
1,2,idle,360,0.0009589999999661813,0
1,2,idle,361,0.000875000000178261,0
1,2,idle,362,0.0011670000003505265,0
1,2,idle,363,0.0010000000002037268,0
1,2,idle,364,0.0010419999998703133,0
1,2,idle,365,0.0008749999997235136,0
1,2,idle,366,0.0009159999999610591,0
1,2,idle,367,0.0009169999998448475,0
1,2,idle,368,0.0012499999997999112,0
1,2,idle,369,0.0011250000002291927,0
1,2,idle,370,0.0009999999997489795,0
1,2,idle,371,0.0010000000002037268,0
1,2,idle,372,0.0013329999997040431,0
1,2,idle,373,0.0011249999997744453,0
1,2,idle,374,0.0012920000003759924,0
1,2,idle,375,0.0010000000002037268,0
1,2,idle,376,0.0009589999999661813,0
1,2,idle,377,0.0025420000001759036,0
1,2,idle,378,0.001291999999921245,0
1,2,idle,379,0.0009590000004209287,0
1,2,idle,380,0.001040999999986525,0
1,2,idle,381,0.0009170000002995948,0
1,2,idle,382,0.0028330000000096334,0
1,2,idle,383,0.0012080000001333246,0
1,2,idle,384,0.0009169999998448475,0
1,2,idle,385,0.0009169999998448475,0
1,2,idle,386,0.0009580000000823929,0
1,2,idle,387,0.0009999999997489795,0
1,2,idle,388,0.0027500000001055014,0
1,2,idle,389,0.002834000000348169,0
1,2,idle,390,0.004040999999688211,0
1,2,idle,391,0.0011669999998957792,0
1,2,idle,392,0.0009169999998448475,0
1,2,idle,393,0.0009580000000823929,0
1,2,idle,394,0.0013330000001587905,0
1,2,idle,395,0.0010830000001078588,0
1,2,idle,396,0.0010839999999916472,0
1,2,idle,397,0.0010420000003250607,0
1,2,idle,398,0.000875000000178261,0
1,2,idle,399,0.0015840000000935106,0
1,2,idle,400,0.001040999999986525,0
1,2,idle,401,0.0009169999998448475,0
1,2,idle,402,0.0009169999998448475,0
1,2,idle,403,0.0012079999996785773,0
1,2,idle,404,0.0010000000002037268,0
1,2,idle,405,0.001209000000017113,0
1,2,idle,406,0.0009589999999661813,0
1,2,idle,407,0.0009170000002995948,0
1,2,idle,408,0.0009580000000823929,0
1,2,idle,409,0.0008330000000569271,0
1,2,idle,410,0.0011660000000119908,0
1,2,idle,411,0.0009170000002995948,0
1,2,idle,412,0.0012909999995827093,0
1,2,idle,413,0.0009170000002995948,0
1,2,idle,414,0.000875000000178261,0
1,2,idle,415,0.0010830000001078588,0
1,2,idle,416,0.0009580000000823929,0
1,2,idle,417,0.0009589999999661813,0
1,2,idle,418,0.0009159999999610591,0
1,2,idle,419,0.0009169999998448475,0
1,2,idle,420,0.0011250000002291927,0
1,2,idle,421,0.0008749999997235136,0
1,2,idle,422,0.003125000000181899,0
1,2,idle,423,0.0010839999999916472,0
1,2,idle,424,0.0009589999999661813,0
1,2,idle,425,0.001040999999986525,0
1,2,idle,426,0.0011669999998957792,0
1,2,idle,427,0.0012079999996785773,0
1,2,idle,428,0.000875000000178261,0
1,2,idle,429,0.0009169999998448475,0
1,2,idle,430,0.0009170000002995948,0
1,2,idle,431,0.0011250000002291927,0
1,2,idle,432,0.0010000000002037268,0
1,2,idle,433,0.0009580000000823929,0
1,2,idle,434,0.0008749999997235136,0
1,2,idle,435,0.0012080000001333246,0
1,2,idle,436,0.0010830000001078588,0
1,2,idle,437,0.0009159999999610591,0
1,2,idle,438,0.0009580000000823929,0
1,2,idle,439,0.0009170000002995948,0
1,2,idle,440,0.0009169999998448475,0
1,2,idle,441,0.0011250000002291927,0
1,2,idle,442,0.0009159999999610591,0
1,2,idle,443,0.000875000000178261,0
1,2,idle,444,0.0009159999999610591,0
1,2,idle,445,0.0009169999998448475,0
1,2,idle,446,0.0009580000000823929,0
1,2,idle,447,0.0011250000002291927,0
1,2,idle,448,0.0011250000002291927,0
1,2,idle,449,0.0027500000001055014,0
1,2,idle,450,0.0009580000000823929,0
1,2,idle,451,0.002375000000029104,0
1,2,idle,452,0.0010839999999916472,0
1,2,idle,453,0.001209000000017113,0
1,2,idle,454,0.0009589999999661813,0
1,2,idle,455,0.002749999999650754,0
1,2,idle,456,0.0010830000001078588,0
1,2,idle,457,0.0011669999998957792,0
1,2,idle,458,0.0010000000002037268,0
1,2,idle,459,0.0009589999999661813,0
1,2,idle,460,0.0008749999997235136,0
1,2,idle,461,0.0009169999998448475,0
1,2,idle,462,0.0011669999998957792,0
1,2,idle,463,0.0014160000000629225,0
1,2,idle,464,0.0012080000001333246,0
1,2,idle,465,0.0009589999999661813,0
1,2,idle,466,0.0014160000000629225,0
1,2,idle,467,0.0009589999999661813,0
1,2,idle,468,0.0010839999999916472,0
1,2,idle,469,0.0009589999999661813,0
1,2,idle,470,0.000875000000178261,0
1,2,idle,471,0.0009580000000823929,0
1,2,idle,472,0.0009170000002995948,0
1,2,idle,473,0.0011660000000119908,0
1,2,idle,474,0.0009589999999661813,0
1,2,idle,475,0.0010830000001078588,0
1,2,idle,476,0.0009159999999610591,0
1,2,idle,477,0.0009170000002995948,0
1,2,idle,478,0.0011250000002291927,0
1,2,idle,479,0.000875000000178261,0
1,2,idle,480,0.0008749999997235136,0
1,2,idle,481,0.0013330000001587905,0
1,2,idle,482,0.0009999999997489795,0
1,2,idle,483,0.0011670000003505265,0
1,2,idle,484,0.0009589999999661813,0
1,2,idle,485,0.0014589999996132974,0
1,2,idle,486,0.0009169999998448475,0
1,2,idle,487,0.0009159999999610591,0
1,2,idle,488,0.0008749999997235136,0
1,2,idle,489,0.0027909999998882995,0
1,2,idle,490,0.0010000000002037268,0
1,2,idle,491,0.0009579999996276456,0
1,2,idle,492,0.0009580000000823929,0
1,2,idle,493,0.0009169999998448475,0
1,2,idle,494,0.0011250000002291927,0
1,2,idle,495,0.000875000000178261,0
1,2,idle,496,0.0009580000000823929,0
1,2,idle,497,0.0009169999998448475,0
1,2,idle,498,0.0012910000000374566,0
1,2,idle,499,0.0011669999998957792,0
1,2,idle,500,0.0008749999997235136,0
1,2,idle,501,0.0010000000002037268,0
1,2,idle,502,0.000875000000178261,0
1,2,idle,503,0.0028750000001309672,0
1,2,idle,504,0.0009169999998448475,0
1,2,idle,505,0.0011249999997744453,0
1,2,idle,506,0.0011249999997744453,0
1,2,idle,507,0.0010000000002037268,0
1,2,idle,508,0.0009589999999661813,0
1,2,idle,509,0.0009169999998448475,0
1,2,idle,510,0.0011249999997744453,0
1,2,idle,511,0.0010000000002037268,0
1,2,idle,512,0.0009999999997489795,0
1,2,idle,513,0.004666999999699328,0
1,2,idle,514,0.0010420000003250607,0
1,2,idle,515,0.0012910000000374566,0
1,2,idle,516,0.0028339999998934218,0
1,2,idle,517,0.0009589999999661813,0
1,2,idle,518,0.0008749999997235136,0
1,2,idle,519,0.0009580000000823929,0
1,2,idle,520,0.001291999999921245,0
1,2,idle,521,0.0009589999999661813,0
1,2,idle,522,0.0029169999997975538,0
1,2,idle,523,0.001040999999986525,0
1,2,idle,524,0.0009169999998448475,0
1,2,idle,525,0.0009999999997489795,0
1,2,idle,526,0.0012080000001333246,0
1,2,idle,527,0.0010000000002037268,0
1,2,idle,528,0.0009159999999610591,0
1,2,idle,529,0.0011669999998957792,0
1,2,idle,530,0.0009999999997489795,0
1,2,idle,531,0.0011250000002291927,0
1,2,idle,532,0.003125000000181899,0
1,2,idle,533,0.0013329999997040431,0
1,2,idle,534,0.0009580000000823929,0
1,2,idle,535,0.0009169999998448475,0
1,2,idle,536,0.0010830000001078588,0
1,2,idle,537,0.0009159999999610591,0
1,2,idle,538,0.0010419999998703133,0
1,2,idle,539,0.0009169999998448475,0
1,2,idle,540,0.0009159999999610591,0
1,2,idle,541,0.0011250000002291927,0
1,2,idle,542,0.0009170000002995948,0
1,2,idle,543,0.0010000000002037268,0
1,2,idle,544,0.000875000000178261,0
1,2,idle,545,0.0009999999997489795,0
1,2,idle,546,0.0009159999999610591,0
1,2,idle,547,0.0011250000002291927,0
1,2,idle,548,0.001209000000017113,0
1,2,idle,549,0.0009580000000823929,0
1,2,idle,550,0.0009169999998448475,0
1,2,idle,551,0.0009580000000823929,0
1,2,idle,552,0.0010829999996531114,0
1,2,idle,553,0.0012500000002546585,0
1,2,idle,554,0.0009589999999661813,0
1,2,idle,555,0.0010000000002037268,0
1,2,idle,556,0.003165999999964697,0
1,2,idle,557,0.0012500000002546585,0
1,2,idle,558,0.0009580000000823929,0
1,2,idle,559,0.0009999999997489795,0
1,2,idle,560,0.0009169999998448475,0
1,2,idle,561,0.0013750000002801244,0
1,2,idle,562,0.0012080000001333246,0
1,2,idle,563,0.001040999999986525,0
1,2,idle,564,0.0038749999998799467,0
1,2,idle,565,0.0010839999999916472,0
1,2,idle,566,0.0009589999999661813,0
1,2,idle,567,0.0009170000002995948,0
1,2,idle,568,0.0011250000002291927,0
1,2,idle,569,0.0009589999999661813,0
1,2,idle,570,0.0009159999999610591,0
1,2,idle,571,0.0010420000003250607,0
1,2,idle,572,0.0008749999997235136,0
1,2,idle,573,0.0011660000000119908,0
1,2,idle,574,0.0009589999999661813,0
1,2,idle,575,0.0030419999998230196,0
1,2,idle,576,0.0009580000000823929,0
1,2,idle,577,0.0009159999999610591,0
1,2,idle,578,0.0011670000003505265,0
1,2,idle,579,0.0012500000002546585,0
1,2,idle,580,0.0011250000002291927,0
1,2,idle,581,0.0009170000002995948,0
1,2,idle,582,0.0009159999999610591,0
1,2,idle,583,0.002666999999746622,0
1,2,idle,584,0.0009169999998448475,0
1,2,idle,585,0.0009159999999610591,0
1,2,idle,586,0.0009589999999661813,0
1,2,idle,587,0.0009589999999661813,0
1,2,idle,588,0.0009169999998448475,0
1,2,idle,589,0.0026250000000800355,0
1,2,idle,590,0.0011660000000119908,0
1,2,idle,591,0.0010419999998703133,0
1,2,idle,592,0.0012080000001333246,0
1,2,idle,593,0.0008749999997235136,0
1,2,idle,594,0.0010830000001078588,0
1,2,idle,595,0.0009159999999610591,0
1,2,idle,596,0.001708000000235188,0
1,2,idle,597,0.0009170000002995948,0
1,2,idle,598,0.0009170000002995948,0
1,2,idle,599,0.0012079999996785773,0
1,2,idle,600,0.0012499999997999112,0
1,2,idle,601,0.0009159999999610591,0
1,2,idle,602,0.0009589999999661813,0
1,2,idle,603,0.0009589999999661813,0
1,2,idle,604,0.0009580000000823929,0
1,2,idle,605,0.0012079999996785773,0
1,2,idle,606,0.0011670000003505265,0
1,2,idle,607,0.0009579999996276456,0
1,2,idle,608,0.0009590000004209287,0
1,2,idle,609,0.0009589999999661813,0
1,2,idle,610,0.001209000000017113,0
1,2,idle,611,0.0012499999997999112,0
1,2,idle,612,0.0009170000002995948,0
1,2,idle,613,0.0008749999997235136,0
1,2,idle,614,0.0009169999998448475,0
1,2,idle,615,0.0010830000001078588,0
1,2,idle,616,0.0010420000003250607,0
1,2,idle,617,0.0009580000000823929,0
1,2,idle,618,0.0009579999996276456,0
1,2,idle,619,0.0010000000002037268,0
1,2,idle,620,0.0011249999997744453,0
1,2,idle,621,0.0009159999999610591,0
1,2,idle,622,0.001291999999921245,0
1,2,idle,623,0.0033330000001114968,0
1,2,idle,624,0.001374999999825377,0
1,2,idle,625,0.0009159999999610591,0
1,2,idle,626,0.0010829999996531114,0
1,2,idle,627,0.0010419999998703133,0
1,2,idle,628,0.0025829999999587017,0
1,2,idle,629,0.0011250000002291927,0
1,2,idle,630,0.0009159999999610591,0
1,2,idle,631,0.0011249999997744453,0
1,2,idle,632,0.0008749999997235136,0
1,2,idle,633,0.0009999999997489795,0
1,2,idle,634,0.0009580000000823929,0
1,2,idle,635,0.0009169999998448475,0
1,2,idle,636,0.0010839999999916472,0
1,2,idle,637,0.0024589999998170242,0
1,2,idle,638,0.0009169999998448475,0
1,2,idle,639,0.000875000000178261,0
1,2,idle,640,0.0009589999999661813,0
1,2,idle,641,0.0011249999997744453,0
1,2,idle,642,0.001291999999921245,0
1,2,idle,643,0.001040999999986525,0
1,2,idle,644,0.0009169999998448475,0
1,2,idle,645,0.001040999999986525,0
1,2,idle,646,0.0009999999997489795,0
1,2,idle,647,0.0010830000001078588,0
1,2,idle,648,0.0010829999996531114,0
1,2,idle,649,0.0009170000002995948,0
1,2,idle,650,0.0026250000000800355,0
1,2,idle,651,0.0011669999998957792,0
1,2,idle,652,0.0011250000002291927,0
1,2,idle,653,0.0009169999998448475,0
1,2,idle,654,0.0008749999997235136,0
1,2,idle,655,0.001291999999921245,0
1,2,idle,656,0.003040999999939231,0
1,2,idle,657,0.001374999999825377,0
1,2,idle,658,0.0009159999999610591,0
1,2,idle,659,0.0010830000001078588,0
1,2,idle,660,0.0009589999999661813,0
1,2,idle,661,0.0009999999997489795,0
1,2,idle,662,0.0011250000002291927,0
1,2,idle,663,0.0014160000000629225,0
1,2,idle,664,0.0009589999999661813,0
1,2,idle,665,0.0009579999996276456,0
1,2,idle,666,0.0009580000000823929,0
1,2,idle,667,0.0011250000002291927,0
1,2,idle,668,0.0012910000000374566,0
1,2,idle,669,0.0009580000000823929,0
1,2,idle,670,0.0009170000002995948,0
1,2,idle,671,0.0009589999999661813,0
1,2,idle,672,0.0008749999997235136,0
1,2,idle,673,0.0012080000001333246,0
1,2,idle,674,0.0011249999997744453,0
1,2,idle,675,0.0010830000001078588,0
1,2,idle,676,0.0009999999997489795,0
1,2,idle,677,0.0009580000000823929,0
1,2,idle,678,0.0011669999998957792,0
1,2,idle,679,0.0009589999999661813,0
1,2,idle,680,0.0009169999998448475,0
1,2,idle,681,0.0009580000000823929,0
1,2,idle,682,0.0009169999998448475,0
1,2,idle,683,0.0011250000002291927,0
1,2,idle,684,0.001291999999921245,0
1,2,idle,685,0.0010830000001078588,0
1,2,idle,686,0.0009159999999610591,0
1,2,idle,687,0.0012500000002546585,0
1,2,idle,688,0.0009999999997489795,0
1,2,idle,689,0.0011250000002291927,0
1,2,idle,690,0.00258399999984249,0
1,2,idle,691,0.0009169999998448475,0
1,2,idle,692,0.0009580000000823929,0
1,2,idle,693,0.0009169999998448475,0
1,2,idle,694,0.0011249999997744453,0
1,2,idle,695,0.0010419999998703133,0
1,2,idle,696,0.0009580000000823929,0
1,2,idle,697,0.0009169999998448475,0
1,2,idle,698,0.0009589999999661813,0
1,2,idle,699,0.0026250000000800355,0
1,2,idle,700,0.0009589999999661813,0
1,2,idle,701,0.0009169999998448475,0
1,2,idle,702,0.0009159999999610591,0
1,2,idle,703,0.0009579999996276456,0
1,2,idle,704,0.0009169999998448475,0
1,2,idle,705,0.001291999999921245,0
1,2,idle,706,0.0013330000001587905,0
1,2,idle,707,0.0009580000000823929,0
1,2,idle,708,0.0009169999998448475,0
1,2,idle,709,0.000875000000178261,0
1,2,idle,710,0.0010830000001078588,0
1,2,idle,711,0.0009580000000823929,0
1,2,idle,712,0.0009170000002995948,0
1,2,idle,713,0.0009159999999610591,0
1,2,idle,714,0.0010830000001078588,0
1,2,idle,715,0.001374999999825377,0
1,2,idle,716,0.0010000000002037268,0
1,2,idle,717,0.002457999999933236,0
1,2,idle,718,0.001334000000042579,0
1,2,idle,719,0.0009999999997489795,0
1,2,idle,720,0.0010830000001078588,0
1,2,idle,721,0.001040999999986525,0
1,2,idle,722,0.0009580000000823929,0
1,2,idle,723,0.0026670000002013694,0
1,2,idle,724,0.0011660000000119908,0
1,2,idle,725,0.0009999999997489795,0
1,2,idle,726,0.0012500000002546585,0
1,2,idle,727,0.0009589999999661813,0
1,2,idle,728,0.0009159999999610591,0
1,2,idle,729,0.0009580000000823929,0
1,2,idle,730,0.0009580000000823929,0
1,2,idle,731,0.0011249999997744453,0
1,2,idle,732,0.0009159999999610591,0
1,2,idle,733,0.0008749999997235136,0
1,2,idle,734,0.0011660000000119908,0
1,2,idle,735,0.000875000000178261,0
1,2,idle,736,0.0011660000000119908,0
1,2,idle,737,0.001209000000017113,0
1,2,idle,738,0.001040999999986525,0
1,2,idle,739,0.0009580000000823929,0
1,2,idle,740,0.0010000000002037268,0
1,2,idle,741,0.0010830000001078588,0
1,2,idle,742,0.0009159999999610591,0
1,2,idle,743,0.0009169999998448475,0
1,2,idle,744,0.0009169999998448475,0
1,2,idle,745,0.0013330000001587905,0
1,2,idle,746,0.0009579999996276456,0
1,2,idle,747,0.0012500000002546585,0
1,2,idle,748,0.0009579999996276456,0
1,2,idle,749,0.0009590000004209287,0
1,2,idle,750,0.001291999999921245,0
1,2,idle,751,0.0009159999999610591,0
1,2,idle,752,0.0011669999998957792,0
1,2,idle,753,0.0009580000000823929,0
1,2,idle,754,0.002624999999625288,0
1,2,idle,755,0.0009999999997489795,0
1,2,idle,756,0.0009170000002995948,0
1,2,idle,757,0.002583000000413449,0
1,2,idle,758,0.0010419999998703133,0
1,2,idle,759,0.0009170000002995948,0
1,2,idle,760,0.0009999999997489795,0
1,2,idle,761,0.0025000000000545697,0
1,2,idle,762,0.0012080000001333246,0
1,2,idle,763,0.0009169999998448475,0
1,2,idle,764,0.0010000000002037268,0
1,2,idle,765,0.0009169999998448475,0
1,2,idle,766,0.0009590000004209287,0
1,2,idle,767,0.0009159999999610591,0
1,2,idle,768,0.0013750000002801244,0
1,2,idle,769,0.0009580000000823929,0
1,2,idle,770,0.0009580000000823929,0
1,2,idle,771,0.0009580000000823929,0
1,2,idle,772,0.0009169999998448475,0
1,2,idle,773,0.0011249999997744453,0
1,2,idle,774,0.0010000000002037268,0
1,2,idle,775,0.0009580000000823929,0
1,2,idle,776,0.0010000000002037268,0
1,2,idle,777,0.0009170000002995948,0
1,2,idle,778,0.0011250000002291927,0
1,2,idle,779,0.0008340000003954628,0
1,2,idle,780,0.0010000000002037268,0
1,2,idle,781,0.001291999999921245,0
1,2,idle,782,0.0009160000004158064,0
1,2,idle,783,0.0010000000002037268,0
1,2,idle,784,0.0026659999998628336,0
1,2,idle,785,0.0010419999998703133,0
1,2,idle,786,0.0008749999997235136,0
1,2,idle,787,0.0009169999998448475,0
1,2,idle,788,0.000875000000178261,0
1,2,idle,789,0.0010839999999916472,0
1,2,idle,790,0.0024589999998170242,0
1,2,idle,791,0.0010000000002037268,0
1,2,idle,792,0.0009169999998448475,0
1,2,idle,793,0.0009589999999661813,0
1,2,idle,794,0.0011660000000119908,0
1,2,idle,795,0.0009170000002995948,0
1,2,idle,796,0.0009580000000823929,0
1,2,idle,797,0.000875000000178261,0
1,2,idle,798,0.0009589999999661813,0
1,2,idle,799,0.0011250000002291927,0
1,2,idle,800,0.0012500000002546585,0
1,2,idle,801,0.0013329999997040431,0
1,2,idle,802,0.0009589999999661813,0
1,2,idle,803,0.0009169999998448475,0
1,2,idle,804,0.0009159999999610591,0
1,2,idle,805,0.001291999999921245,0
1,2,idle,806,0.0009170000002995948,0
1,2,idle,807,0.0013750000002801244,0
1,2,idle,808,0.0009170000002995948,0
1,2,idle,809,0.0009159999999610591,0
1,2,idle,810,0.0011250000002291927,0
1,2,idle,811,0.0009169999998448475,0
1,2,idle,812,0.0009580000000823929,0
1,2,idle,813,0.0012909999995827093,0
1,2,idle,814,0.0009590000004209287,0
1,2,idle,815,0.0011250000002291927,0
1,2,idle,816,0.0009170000002995948,0
1,2,idle,817,0.001374999999825377,0
1,2,idle,818,0.0009170000002995948,0
1,2,idle,819,0.0009169999998448475,0
1,2,idle,820,0.0012080000001333246,0
1,2,idle,821,0.0010419999998703133,0
1,2,idle,822,0.0009159999999610591,0
1,2,idle,823,0.002791999999772088,0
1,2,idle,824,0.00258399999984249,0
1,2,idle,825,0.0009999999997489795,0
1,2,idle,826,0.0012080000001333246,0
1,2,idle,827,0.0009589999999661813,0
1,2,idle,828,0.0009589999999661813,0
1,2,idle,829,0.0009169999998448475,0
1,2,idle,830,0.0009159999999610591,0
1,2,idle,831,0.001374999999825377,0
1,2,idle,832,0.0010000000002037268,0
1,2,idle,833,0.0009999999997489795,0
1,2,idle,834,0.0009159999999610591,0
1,2,idle,835,0.0009169999998448475,0
1,2,idle,836,0.0011669999998957792,0
1,2,idle,837,0.0009160000004158064,0
1,2,idle,838,0.0009170000002995948,0
1,2,idle,839,0.0009999999997489795,0
1,2,idle,840,0.0010000000002037268,0
1,2,idle,841,0.0011660000000119908,0
1,2,idle,842,0.0009170000002995948,0
1,2,idle,843,0.001209000000017113,0
1,2,idle,844,0.0013330000001587905,0
1,2,idle,845,0.0009579999996276456,0
1,2,idle,846,0.0009159999999610591,0
1,2,idle,847,0.0011669999998957792,0
1,2,idle,848,0.001040999999986525,0
1,2,idle,849,0.0009580000000823929,0
1,2,idle,850,0.0008749999997235136,0
1,2,idle,851,0.0025000000000545697,0
1,2,idle,852,0.0011660000000119908,0
1,2,idle,853,0.0010000000002037268,0
1,2,idle,854,0.0009580000000823929,0
1,2,idle,855,0.0009169999998448475,0
1,2,idle,856,0.0009170000002995948,0
1,2,idle,857,0.0026250000000800355,0
1,2,idle,858,0.0010419999998703133,0
1,2,idle,859,0.0009999999997489795,0
1,2,idle,860,0.0008749999997235136,0
1,2,idle,861,0.0009170000002995948,0
1,2,idle,862,0.0010839999999916472,0
1,2,idle,863,0.0011249999997744453,0
1,2,idle,864,0.0010419999998703133,0
1,2,idle,865,0.000875000000178261,0
1,2,idle,866,0.0009169999998448475,0
1,2,idle,867,0.0010419999998703133,0
1,2,idle,868,0.0014999999998508429,0
1,2,idle,869,0.001040999999986525,0
1,2,idle,870,0.0009169999998448475,0
1,2,idle,871,0.0009159999999610591,0
1,2,idle,872,0.0009169999998448475,0
1,2,idle,873,0.0011249999997744453,0
1,2,idle,874,0.0008749999997235136,0
1,2,idle,875,0.0009580000000823929,0
1,2,idle,876,0.0011669999998957792,0
1,2,idle,877,0.0009169999998448475,0
1,2,idle,878,0.0011660000000119908,0
1,2,idle,879,0.0026250000000800355,0
1,2,idle,880,0.001040999999986525,0
1,2,idle,881,0.0009169999998448475,0
1,2,idle,882,0.0014999999998508429,0
1,2,idle,883,0.0011249999997744453,0
1,2,idle,884,0.0009170000002995948,0
1,2,idle,885,0.002375000000029104,0
1,2,idle,886,0.0009169999998448475,0
1,2,idle,887,0.0009580000000823929,0
1,2,idle,888,0.001291999999921245,0
1,2,idle,889,0.0010830000001078588,0
1,2,idle,890,0.0009999999997489795,0
1,2,idle,891,0.0023330000003625173,0
1,2,idle,892,0.0009999999997489795,0
1,2,idle,893,0.0009169999998448475,0
1,2,idle,894,0.0014999999998508429,0
1,2,idle,895,0.0010000000002037268,0
1,2,idle,896,0.0010000000002037268,0
1,2,idle,897,0.0009999999997489795,0
1,2,idle,898,0.0009580000000823929,0
1,2,idle,899,0.0011660000000119908,0
1,2,idle,900,0.0009999999997489795,0
1,2,idle,901,0.0008749999997235136,0
1,2,idle,902,0.0009159999999610591,0
1,2,idle,903,0.0009169999998448475,0
1,2,idle,904,0.0009159999999610591,0
1,2,idle,905,0.0011669999998957792,0
1,2,idle,906,0.000875000000178261,0
1,2,idle,907,0.0012500000002546585,0
1,2,idle,908,0.0009999999997489795,0
1,2,idle,909,0.0009170000002995948,0
1,2,idle,910,0.0011250000002291927,0
1,2,idle,911,0.0009580000000823929,0
1,2,idle,912,0.0009169999998448475,0
1,2,idle,913,0.0009169999998448475,0
1,2,idle,914,0.0011660000000119908,0
1,2,idle,915,0.0011249999997744453,0
1,2,idle,916,0.0012080000001333246,0
1,2,idle,917,0.0009170000002995948,0
1,2,idle,918,0.0028330000000096334,0
1,2,idle,919,0.0009160000004158064,0
1,2,idle,920,0.0011250000002291927,0
1,2,idle,921,0.000875000000178261,0
1,2,idle,922,0.0010830000001078588,0
1,2,idle,923,0.0010419999998703133,0
1,2,idle,924,0.0022089999997660925,0
1,2,idle,925,0.0010419999998703133,0
1,2,idle,926,0.001374999999825377,0
1,2,idle,927,0.001040999999986525,0
1,2,idle,928,0.0008749999997235136,0
1,2,idle,929,0.0011250000002291927,0
1,2,idle,930,0.0009169999998448475,0
1,2,idle,931,0.0011250000002291927,0
1,2,idle,932,0.0010000000002037268,0
1,2,idle,933,0.0009170000002995948,0
1,2,idle,934,0.0009580000000823929,0
1,2,idle,935,0.0012500000002546585,0
1,2,idle,936,0.0011250000002291927,0
1,2,idle,937,0.0009170000002995948,0
1,2,idle,938,0.0009580000000823929,0
1,2,idle,939,0.0012500000002546585,0
1,2,idle,940,0.0009170000002995948,0
1,2,idle,941,0.0010829999996531114,0
1,2,idle,942,0.0009169999998448475,0
1,2,idle,943,0.0009589999999661813,0
1,2,idle,944,0.0009170000002995948,0
1,2,idle,945,0.0009169999998448475,0
1,2,idle,946,0.0009169999998448475,0
1,2,idle,947,0.0032499999997526174,0
1,2,idle,948,0.001040999999986525,0
1,2,idle,949,0.000875000000178261,0
1,2,idle,950,0.000875000000178261,0
1,2,idle,951,0.0009170000002995948,0
1,2,idle,952,0.0010829999996531114,0
1,2,idle,953,0.0009580000000823929,0
1,2,idle,954,0.0009159999999610591,0
1,2,idle,955,0.0009170000002995948,0
1,2,idle,956,0.0009170000002995948,0
1,2,idle,957,0.0012910000000374566,0
1,2,idle,958,0.0028750000001309672,0
1,2,idle,959,0.0011249999997744453,0
1,2,idle,960,0.0009169999998448475,0
1,2,idle,961,0.0009589999999661813,0
1,2,idle,962,0.0011250000002291927,0
1,2,idle,963,0.0009169999998448475,0
1,2,idle,964,0.000875000000178261,0
1,2,idle,965,0.0014999999998508429,0
1,2,idle,966,0.0015000000003055902,0
1,2,idle,967,0.0009999999997489795,0
1,2,idle,968,0.0011249999997744453,0
1,2,idle,969,0.0009580000000823929,0
1,2,idle,970,0.0012080000001333246,0
1,2,idle,971,0.0009580000000823929,0
1,2,idle,972,0.0009580000000823929,0
1,2,idle,973,0.0011669999998957792,0
1,2,idle,974,0.0009159999999610591,0
1,2,idle,975,0.0009999999997489795,0
1,2,idle,976,0.0010000000002037268,0
1,2,idle,977,0.0009580000000823929,0
1,2,idle,978,0.0010830000001078588,0
1,2,idle,979,0.0009580000000823929,0
1,2,idle,980,0.0009580000000823929,0
1,2,idle,981,0.0010000000002037268,0
1,2,idle,982,0.0008749999997235136,0
1,2,idle,983,0.0011249999997744453,0
1,2,idle,984,0.0009589999999661813,0
1,2,idle,985,0.002917000000252301,0
1,2,idle,986,0.0009999999997489795,0
1,2,idle,987,0.0009580000000823929,0
1,2,idle,988,0.0009159999999610591,0
1,2,idle,989,0.0013329999997040431,0
1,2,idle,990,0.0009999999997489795,0
1,2,idle,991,0.002250000000003638,0
1,2,idle,992,0.0010000000002037268,0
1,2,idle,993,0.000875000000178261,0
1,2,idle,994,0.0011249999997744453,0
1,2,idle,995,0.0009580000000823929,0
1,2,idle,996,0.0009169999998448475,0
1,2,idle,997,0.001374999999825377,0
1,2,idle,998,0.0009589999999661813,0
1,2,idle,999,0.0012910000000374566,0
1,2,event,0,0.007833000000118773,2
1,2,event,1,0.0019999999999527063,0
1,2,event,2,0.0010830000001078588,0
1,2,event,3,0.0009159999999610591,0
1,2,event,4,0.0009580000000823929,0
1,2,event,5,0.0009589999999661813,0
1,2,event,6,0.0009999999997489795,0
1,2,event,7,0.0011669999998957792,0
1,2,event,8,0.0009999999997489795,0
1,2,event,9,0.003958000000238826,0
1,2,event,10,0.0010829999996531114,0
1,2,event,11,0.0009580000000823929,0
1,2,event,12,0.0011669999998957792,0
1,2,event,13,0.0009580000000823929,0
1,2,event,14,0.0010839999999916472,0
1,2,event,15,0.0013339999995878316,0
1,2,event,16,0.0009169999998448475,0
1,2,event,17,0.0011660000000119908,0
1,2,event,18,0.0010839999999916472,0
1,2,event,19,0.0010000000002037268,0
1,2,event,20,0.0009589999999661813,0
1,2,event,21,0.0010000000002037268,0
1,2,event,22,0.0012500000002546585,0
1,2,event,23,0.0009170000002995948,0
1,2,event,24,0.0027500000001055014,0
1,2,event,25,0.0009579999996276456,0
1,2,event,26,0.0009170000002995948,0
1,2,event,27,0.0026670000002013694,0
1,2,event,28,0.0017499999999017746,0
1,2,event,29,0.0009579999996276456,0
1,2,event,30,0.0014580000001842564,0
1,2,event,31,0.00287499999967622,0
1,2,event,32,0.0009580000000823929,0
1,2,event,33,0.0011249999997744453,0
1,2,event,34,0.0009580000000823929,0
1,2,event,35,0.0009580000000823929,0
1,2,event,36,0.001209000000017113,0
1,2,event,37,0.0009589999999661813,0
1,2,event,38,0.001209000000017113,0
1,2,event,39,0.0009170000002995948,0
1,2,event,40,0.0009580000000823929,0
1,2,event,41,0.0008749999997235136,0
1,2,event,42,0.0009589999999661813,0
1,2,event,43,0.0011250000002291927,0
1,2,event,44,0.0013329999997040431,0
1,2,event,45,0.0010830000001078588,0
1,2,event,46,0.0012499999997999112,0
1,2,event,47,0.0009580000000823929,0
1,2,event,48,0.0009579999996276456,0
1,2,event,49,0.0017090000001189765,0
1,2,event,50,0.0009169999998448475,0
1,2,event,51,0.0008749999997235136,0
1,2,event,52,0.0009999999997489795,0
1,2,event,53,0.0009170000002995948,0
1,2,event,54,0.0011250000002291927,0
1,2,event,55,0.0009170000002995948,0
1,2,event,56,0.0009160000004158064,0
1,2,event,57,0.0009170000002995948,0
1,2,event,58,0.0025829999999587017,0
1,2,event,59,0.0017920000000231084,0
1,2,event,60,0.007292000000234111,2
1,2,event,61,0.0013330000001587905,0
1,2,event,62,0.0009580000000823929,0
1,2,event,63,0.0012910000000374566,0
1,2,event,64,0.0009169999998448475,0
1,2,event,65,0.0009999999997489795,0
1,2,event,66,0.0009580000000823929,0
1,2,event,67,0.0012079999996785773,0
1,2,event,68,0.0012499999997999112,0
1,2,event,69,0.0009580000000823929,0
1,2,event,70,0.0009159999999610591,0
1,2,event,71,0.0008749999997235136,0
1,2,event,72,0.0009580000000823929,0
1,2,event,73,0.0028330000000096334,0
1,2,event,74,0.0012500000002546585,0
1,2,event,75,0.0011249999997744453,0
1,2,event,76,0.0009999999997489795,0
1,2,event,77,0.0009169999998448475,0
1,2,event,78,0.001291999999921245,0
1,2,event,79,0.0012080000001333246,0
1,2,event,80,0.0009589999999661813,0
1,2,event,81,0.0009579999996276456,0
1,2,event,82,0.0009580000000823929,0
1,2,event,83,0.0009580000000823929,0
1,2,event,84,0.0011669999998957792,0
1,2,event,85,0.000875000000178261,0
1,2,event,86,0.0009169999998448475,0
1,2,event,87,0.0009590000004209287,0
1,2,event,88,0.0009159999999610591,0
1,2,event,89,0.0014169999999467109,0
1,2,event,90,0.0011669999998957792,0
1,2,event,91,0.0032499999997526174,0
1,2,event,92,0.0027500000001055014,0
1,2,event,93,0.0009589999999661813,0
1,2,event,94,0.0009580000000823929,0
1,2,event,95,0.0012500000002546585,0
1,2,event,96,0.000875000000178261,0
1,2,event,97,0.0009169999998448475,0
1,2,event,98,0.0009170000002995948,0
1,2,event,99,0.000875000000178261,0
1,2,event,100,0.0012080000001333246,0
1,2,event,101,0.0009580000000823929,0
1,2,event,102,0.0009170000002995948,0
1,2,event,103,0.0011660000000119908,0
1,2,event,104,0.0009170000002995948,0
1,2,event,105,0.0010839999999916472,0
1,2,event,106,0.0009589999999661813,0
1,2,event,107,0.0010420000003250607,0
1,2,event,108,0.0009159999999610591,0
1,2,event,109,0.0012080000001333246,0
1,2,event,110,0.0009579999996276456,0
1,2,event,111,0.0011669999998957792,0
1,2,event,112,0.0009580000000823929,0
1,2,event,113,0.0008749999997235136,0
1,2,event,114,0.0009589999999661813,0
1,2,event,115,0.001209000000017113,0
1,2,event,116,0.0014580000001842564,0
1,2,event,117,0.0011249999997744453,0
1,2,event,118,0.0009999999997489795,0
1,2,event,119,0.0009589999999661813,0
1,2,event,120,0.006750000000010914,2
1,2,event,121,0.0013329999997040431,0
1,2,event,122,0.0014580000001842564,0
1,2,event,123,0.0009999999997489795,0
1,2,event,124,0.0029580000000350992,0
1,2,event,125,0.001291999999921245,0
1,2,event,126,0.0010830000001078588,0
1,2,event,127,0.0009170000002995948,0
1,2,event,128,0.0009589999999661813,0
1,2,event,129,0.0009169999998448475,0
1,2,event,130,0.0012080000001333246,0
1,2,event,131,0.0009579999996276456,0
1,2,event,132,0.0009580000000823929,0
1,2,event,133,0.0009580000000823929,0
1,2,event,134,0.0009589999999661813,0
1,2,event,135,0.0012499999997999112,0
1,2,event,136,0.0027500000001055014,0
1,2,event,137,0.0010000000002037268,0
1,2,event,138,0.0010419999998703133,0
1,2,event,139,0.0010830000001078588,0
1,2,event,140,0.0009579999996276456,0
1,2,event,141,0.0014999999998508429,0
1,2,event,142,0.0009159999999610591,0
1,2,event,143,0.000875000000178261,0
1,2,event,144,0.0010000000002037268,0
1,2,event,145,0.0009170000002995948,0
1,2,event,146,0.0012079999996785773,0
1,2,event,147,0.0009170000002995948,0
1,2,event,148,0.0013329999997040431,0
1,2,event,149,0.000875000000178261,0
1,2,event,150,0.00437499999998181,0
1,2,event,151,0.0014999999998508429,0
1,2,event,152,0.0011250000002291927,0
1,2,event,153,0.0009579999996276456,0
1,2,event,154,0.003084000000399101,0
1,2,event,155,0.000875000000178261,0
1,2,event,156,0.0009580000000823929,0
1,2,event,157,0.0010830000001078588,0
1,2,event,158,0.0026670000002013694,0
1,2,event,159,0.0012920000003759924,0
1,2,event,160,0.0009579999996276456,0
1,2,event,161,0.0010000000002037268,0
1,2,event,162,0.001291999999921245,0
1,2,event,163,0.0009999999997489795,0
1,2,event,164,0.0009580000000823929,0
1,2,event,165,0.0010000000002037268,0
1,2,event,166,0.0009580000000823929,0
1,2,event,167,0.0012500000002546585,0
1,2,event,168,0.0009999999997489795,0
1,2,event,169,0.0009169999998448475,0
1,2,event,170,0.0012499999997999112,0
1,2,event,171,0.0009589999999661813,0
1,2,event,172,0.0014169999999467109,0
1,2,event,173,0.0009580000000823929,0
1,2,event,174,0.0009580000000823929,0
1,2,event,175,0.0009170000002995948,0
1,2,event,176,0.0009169999998448475,0
1,2,event,177,0.0009159999999610591,0
1,2,event,178,0.001209000000017113,0
1,2,event,179,0.0009159999999610591,0
1,2,event,180,0.006750000000010914,2
1,2,event,181,0.0017909999996845727,0
1,2,event,182,0.0010830000001078588,0
1,2,event,183,0.0009589999999661813,0
1,2,event,184,0.0010830000001078588,0
1,2,event,185,0.001457999999729509,0
1,2,event,186,0.0010000000002037268,0
1,2,event,187,0.0011249999997744453,0
1,2,event,188,0.001040999999986525,0
1,2,event,189,0.0008749999997235136,0
1,2,event,190,0.0009580000000823929,0
1,2,event,191,0.00287499999967622,0
1,2,event,192,0.0011669999998957792,0
1,2,event,193,0.0008749999997235136,0
1,2,event,194,0.0009169999998448475,0
1,2,event,195,0.000875000000178261,0
1,2,event,196,0.0009169999998448475,0
1,2,event,197,0.0011670000003505265,0
1,2,event,198,0.0009169999998448475,0
1,2,event,199,0.003000000000156433,0
1,2,event,200,0.0010419999998703133,0
1,2,event,201,0.0008749999997235136,0
1,2,event,202,0.0009580000000823929,0
1,2,event,203,0.0011249999997744453,0
1,2,event,204,0.0012500000002546585,0
1,2,event,205,0.0009579999996276456,0
1,2,event,206,0.0009170000002995948,0
1,2,event,207,0.001374999999825377,0
1,2,event,208,0.0012500000002546585,0
1,2,event,209,0.0009579999996276456,0
1,2,event,210,0.0009169999998448475,0
1,2,event,211,0.000875000000178261,0
1,2,event,212,0.0009170000002995948,0
1,2,event,213,0.0011250000002291927,0
1,2,event,214,0.0008749999997235136,0
1,2,event,215,0.0025000000000545697,0
1,2,event,216,0.0009579999996276456,0
1,2,event,217,0.0012920000003759924,0
1,2,event,218,0.0011659999995572434,0
1,2,event,219,0.0009590000004209287,0
1,2,event,220,0.0009159999999610591,0
1,2,event,221,0.0009170000002995948,0
1,2,event,222,0.0009580000000823929,0
1,2,event,223,0.000875000000178261,0
1,2,event,224,0.0010839999999916472,0
1,2,event,225,0.0023339999997915584,0
1,2,event,226,0.0009999999997489795,0
1,2,event,227,0.0009170000002995948,0
1,2,event,228,0.0009580000000823929,0
1,2,event,229,0.0012080000001333246,0
1,2,event,230,0.0009580000000823929,0
1,2,event,231,0.0009589999999661813,0
1,2,event,232,0.0009579999996276456,0
1,2,event,233,0.0009159999999610591,0
1,2,event,234,0.001209000000017113,0
1,2,event,235,0.0011250000002291927,0
1,2,event,236,0.0010000000002037268,0
1,2,event,237,0.0012499999997999112,0
1,2,event,238,0.0009580000000823929,0
1,2,event,239,0.0011249999997744453,0
1,2,event,240,0.00641700000005585,2
1,2,event,241,0.0013329999997040431,0
1,2,event,242,0.0010000000002037268,0
1,2,event,243,0.0011669999998957792,0
1,2,event,244,0.0009159999999610591,0
1,2,event,245,0.0009580000000823929,0
1,2,event,246,0.0009169999998448475,0
1,2,event,247,0.0009580000000823929,0
1,2,event,248,0.0013750000002801244,0
1,2,event,249,0.0012080000001333246,0
1,2,event,250,0.0009159999999610591,0
1,2,event,251,0.0009169999998448475,0
1,2,event,252,0.0009169999998448475,0
1,2,event,253,0.0010000000002037268,0
1,2,event,254,0.0010829999996531114,0
1,2,event,255,0.0009159999999610591,0
1,2,event,256,0.0008749999997235136,0
1,2,event,257,0.0009170000002995948,0
1,2,event,258,0.0029589999999188876,0
1,2,event,259,0.001334000000042579,0
1,2,event,260,0.0009170000002995948,0
1,2,event,261,0.0010419999998703133,0
1,2,event,262,0.000875000000178261,0
1,2,event,263,0.0027079999999841675,0
1,2,event,264,0.001209000000017113,0
1,2,event,265,0.000875000000178261,0
1,2,event,266,0.0012079999996785773,0
1,2,event,267,0.0011250000002291927,0
1,2,event,268,0.0009580000000823929,0
1,2,event,269,0.0011660000000119908,0
1,2,event,270,0.001291999999921245,0
1,2,event,271,0.0010419999998703133,0
1,2,event,272,0.0009580000000823929,0
1,2,event,273,0.0009580000000823929,0
1,2,event,274,0.0025829999999587017,0
1,2,event,275,0.0011670000003505265,0
1,2,event,276,0.0009169999998448475,0
1,2,event,277,0.00233299999990777,0
1,2,event,278,0.0009580000000823929,0
1,2,event,279,0.0009159999999610591,0
1,2,event,280,0.0014999999998508429,0
1,2,event,281,0.0009580000000823929,0
1,2,event,282,0.0010000000002037268,0
1,2,event,283,0.0009999999997489795,0
1,2,event,284,0.0010000000002037268,0
1,2,event,285,0.0012499999997999112,0
1,2,event,286,0.0009580000000823929,0
1,2,event,287,0.0009169999998448475,0
1,2,event,288,0.0008749999997235136,0
1,2,event,289,0.0009590000004209287,0
1,2,event,290,0.0009169999998448475,0
1,2,event,291,0.0012080000001333246,0
1,2,event,292,0.0029999999997016857,0
1,2,event,293,0.0009589999999661813,0
1,2,event,294,0.0009580000000823929,0
1,2,event,295,0.0009159999999610591,0
1,2,event,296,0.0011669999998957792,0
1,2,event,297,0.0009169999998448475,0
1,2,event,298,0.0011250000002291927,0
1,2,event,299,0.0009159999999610591,0
1,2,event,300,0.006709000000228116,2
1,2,event,301,0.0012920000003759924,0
1,2,event,302,0.0012500000002546585,0
1,2,event,303,0.0009170000002995948,0
1,2,event,304,0.0012910000000374566,0
1,2,event,305,0.0012080000001333246,0
1,2,event,306,0.0010000000002037268,0
1,2,event,307,0.0009580000000823929,0
1,2,event,308,0.0009589999999661813,0
1,2,event,309,0.0009999999997489795,0
1,2,event,310,0.0011660000000119908,0
1,2,event,311,0.0014590000000680448,0
1,2,event,312,0.0009169999998448475,0
1,2,event,313,0.0009159999999610591,0
1,2,event,314,0.0010419999998703133,0
1,2,event,315,0.0009159999999610591,0
1,2,event,316,0.001209000000017113,0
1,2,event,317,0.0010000000002037268,0
1,2,event,318,0.0009589999999661813,0
1,2,event,319,0.0009169999998448475,0
1,2,event,320,0.0009580000000823929,0
1,2,event,321,0.0010830000001078588,0
1,2,event,322,0.0009589999999661813,0
1,2,event,323,0.0009999999997489795,0
1,2,event,324,0.0009169999998448475,0
1,2,event,325,0.0033749999997780833,0
1,2,event,326,0.0026670000002013694,0
1,2,event,327,0.0011669999998957792,0
1,2,event,328,0.0009159999999610591,0
1,2,event,329,0.0009999999997489795,0
1,2,event,330,0.0011250000002291927,0
1,2,event,331,0.0012910000000374566,0
1,2,event,332,0.0009589999999661813,0
1,2,event,333,0.000875000000178261,0
1,2,event,334,0.0009170000002995948,0
1,2,event,335,0.000875000000178261,0
1,2,event,336,0.0008749999997235136,0
1,2,event,337,0.0010830000001078588,0
1,2,event,338,0.002375000000029104,0
1,2,event,339,0.0009589999999661813,0
1,2,event,340,0.0009159999999610591,0
1,2,event,341,0.0009169999998448475,0
1,2,event,342,0.001209000000017113,0
1,2,event,343,0.0012499999997999112,0
1,2,event,344,0.0009580000000823929,0
1,2,event,345,0.0009169999998448475,0
1,2,event,346,0.0009580000000823929,0
1,2,event,347,0.0011249999997744453,0
1,2,event,348,0.0008749999997235136,0
1,2,event,349,0.0009169999998448475,0
1,2,event,350,0.0009580000000823929,0
1,2,event,351,0.0009169999998448475,0
1,2,event,352,0.0011660000000119908,0
1,2,event,353,0.000875000000178261,0
1,2,event,354,0.001040999999986525,0
1,2,event,355,0.0025829999999587017,0
1,2,event,356,0.0009169999998448475,0
1,2,event,357,0.0009169999998448475,0
1,2,event,358,0.0012080000001333246,0
1,2,event,359,0.002666999999746622,0
1,2,event,360,0.006416000000172062,2
1,2,event,361,0.0015419999999721767,0
1,2,event,362,0.0019159999997100385,0
1,2,event,363,0.0009580000000823929,0
1,2,event,364,0.0009169999998448475,0
1,2,event,365,0.0009170000002995948,0
1,2,event,366,0.0009580000000823929,0
1,2,event,367,0.0014580000001842564,0
1,2,event,368,0.001209000000017113,0
1,2,event,369,0.0009580000000823929,0
1,2,event,370,0.0009580000000823929,0
1,2,event,371,0.0010830000001078588,0
1,2,event,372,0.0010830000001078588,0
1,2,event,373,0.0009170000002995948,0
1,2,event,374,0.001334000000042579,0
1,2,event,375,0.0010000000002037268,0
1,2,event,376,0.000875000000178261,0
1,2,event,377,0.0012080000001333246,0
1,2,event,378,0.0009169999998448475,0
1,2,event,379,0.000875000000178261,0
1,2,event,380,0.0011660000000119908,0
1,2,event,381,0.0009580000000823929,0
1,2,event,382,0.0009170000002995948,0
1,2,event,383,0.0010830000001078588,0
1,2,event,384,0.0011660000000119908,0
1,2,event,385,0.0009579999996276456,0
1,2,event,386,0.0009169999998448475,0
1,2,event,387,0.0009160000004158064,0
1,2,event,388,0.0011250000002291927,0
1,2,event,389,0.0009580000000823929,0
1,2,event,390,0.0028750000001309672,0
1,2,event,391,0.0009999999997489795,0
1,2,event,392,0.0028330000000096334,0
1,2,event,393,0.0015410000000883883,0
1,2,event,394,0.0010419999998703133,0
1,2,event,395,0.0009580000000823929,0
1,2,event,396,0.0009159999999610591,0
1,2,event,397,0.0026670000002013694,0
1,2,event,398,0.0012499999997999112,0
1,2,event,399,0.0009580000000823929,0
1,2,event,400,0.0027500000001055014,0
1,2,event,401,0.0009579999996276456,0
1,2,event,402,0.0009580000000823929,0
1,2,event,403,0.0009580000000823929,0
1,2,event,404,0.0014170000004014582,0
1,2,event,405,0.0009999999997489795,0
1,2,event,406,0.0012080000001333246,0
1,2,event,407,0.0009579999996276456,0
1,2,event,408,0.000875000000178261,0
1,2,event,409,0.0014169999999467109,0
1,2,event,410,0.0009159999999610591,0
1,2,event,411,0.0009169999998448475,0
1,2,event,412,0.0009999999997489795,0
1,2,event,413,0.0009169999998448475,0
1,2,event,414,0.0011249999997744453,0
1,2,event,415,0.0009580000000823929,0
1,2,event,416,0.0009579999996276456,0
1,2,event,417,0.0009169999998448475,0
1,2,event,418,0.000875000000178261,0
1,2,event,419,0.0011250000002291927,0
1,2,event,420,0.006375000000389264,2
1,2,event,421,0.001291999999921245,0
1,2,event,422,0.0009580000000823929,0
1,2,event,423,0.001374999999825377,0
1,2,event,424,0.0013330000001587905,0
1,2,event,425,0.00287499999967622,0
1,2,event,426,0.0011250000002291927,0
1,2,event,427,0.0009159999999610591,0
1,2,event,428,0.0009589999999661813,0
1,2,event,429,0.0011669999998957792,0
1,2,event,430,0.0010000000002037268,0
1,2,event,431,0.0009159999999610591,0
1,2,event,432,0.0009999999997489795,0
1,2,event,433,0.0009169999998448475,0
1,2,event,434,0.0011249999997744453,0
1,2,event,435,0.0009580000000823929,0
1,2,event,436,0.0008749999997235136,0
1,2,event,437,0.0013330000001587905,0
1,2,event,438,0.0014169999999467109,0
1,2,event,439,0.0011250000002291927,0
1,2,event,440,0.0009589999999661813,0
1,2,event,441,0.0009170000002995948,0
1,2,event,442,0.0009159999999610591,0
1,2,event,443,0.0011669999998957792,0
1,2,event,444,0.0012499999997999112,0
1,2,event,445,0.0009169999998448475,0
1,2,event,446,0.0009169999998448475,0
1,2,event,447,0.0010000000002037268,0
1,2,event,448,0.0009169999998448475,0
1,2,event,449,0.0010000000002037268,0
1,2,event,450,0.0011660000000119908,0
1,2,event,451,0.000875000000178261,0
1,2,event,452,0.0009999999997489795,0
1,2,event,453,0.003208000000086031,0
1,2,event,454,0.0009999999997489795,0
1,2,event,455,0.0011669999998957792,0
1,2,event,456,0.0011249999997744453,0
1,2,event,457,0.0009169999998448475,0
1,2,event,458,0.0009159999999610591,0
1,2,event,459,0.0025829999999587017,0
1,2,event,460,0.0012080000001333246,0
1,2,event,461,0.002375000000029104,0
1,2,event,462,0.0009580000000823929,0
1,2,event,463,0.0014170000004014582,0
1,2,event,464,0.0010000000002037268,0
1,2,event,465,0.0011249999997744453,0
1,2,event,466,0.0009999999997489795,0
1,2,event,467,0.0009580000000823929,0
1,2,event,468,0.0009159999999610591,0
1,2,event,469,0.0012080000001333246,0
1,2,event,470,0.0009580000000823929,0
1,2,event,471,0.0011250000002291927,0
1,2,event,472,0.0008749999997235136,0
1,2,event,473,0.0009169999998448475,0
1,2,event,474,0.0009159999999610591,0
1,2,event,475,0.0009169999998448475,0
1,2,event,476,0.001209000000017113,0
1,2,event,477,0.0010000000002037268,0
1,2,event,478,0.0009590000004209287,0
1,2,event,479,0.0009169999998448475,0
1,2,event,480,0.0066660000002229935,2
1,2,event,481,0.0013750000002801244,0
1,2,event,482,0.0009160000004158064,0
1,2,event,483,0.0009580000000823929,0
1,2,event,484,0.0008749999997235136,0
1,2,event,485,0.0010830000001078588,0
1,2,event,486,0.0009579999996276456,0
1,2,event,487,0.0011660000000119908,0
1,2,event,488,0.0009580000000823929,0
1,2,event,489,0.000875000000178261,0
1,2,event,490,0.0016249999998763087,0
1,2,event,491,0.0010000000002037268,0
1,2,event,492,0.0032919999998739513,0
1,2,event,493,0.001040999999986525,0
1,2,event,494,0.0008749999997235136,0
1,2,event,495,0.0009580000000823929,0
1,2,event,496,0.001291999999921245,0
1,2,event,497,0.0009169999998448475,0
1,2,event,498,0.0009159999999610591,0
1,2,event,499,0.0009589999999661813,0
1,2,event,500,0.0012920000003759924,0
1,2,event,501,0.0011669999998957792,0
1,2,event,502,0.0009580000000823929,0
1,2,event,503,0.0009169999998448475,0
1,2,event,504,0.0009159999999610591,0
1,2,event,505,0.0010829999996531114,0
1,2,event,506,0.0010830000001078588,0
1,2,event,507,0.0009169999998448475,0
1,2,event,508,0.0010000000002037268,0
1,2,event,509,0.0009169999998448475,0
1,2,event,510,0.0009580000000823929,0
1,2,event,511,0.0011249999997744453,0
1,2,event,512,0.0009580000000823929,0
1,2,event,513,0.001040999999986525,0
1,2,event,514,0.0009580000000823929,0
1,2,event,515,0.0009580000000823929,0
1,2,event,516,0.0028750000001309672,0
1,2,event,517,0.0012080000001333246,0
1,2,event,518,0.0009579999996276456,0
1,2,event,519,0.0011250000002291927,0
1,2,event,520,0.0009160000004158064,0
1,2,event,521,0.002666999999746622,0
1,2,event,522,0.001291999999921245,0
1,2,event,523,0.0029589999999188876,0
1,2,event,524,0.001040999999986525,0
1,2,event,525,0.0009589999999661813,0
1,2,event,526,0.0027079999999841675,0
1,2,event,527,0.0011660000000119908,0
1,2,event,528,0.0009589999999661813,0
1,2,event,529,0.000875000000178261,0
1,2,event,530,0.0009169999998448475,0
1,2,event,531,0.000875000000178261,0
1,2,event,532,0.001374999999825377,0
1,2,event,533,0.0009999999997489795,0
1,2,event,534,0.000875000000178261,0
1,2,event,535,0.0009170000002995948,0
1,2,event,536,0.000875000000178261,0
1,2,event,537,0.0009170000002995948,0
1,2,event,538,0.0011250000002291927,0
1,2,event,539,0.0010000000002037268,0
1,2,event,540,0.0063329999998131825,2
1,2,event,541,0.0011660000000119908,0
1,2,event,542,0.0013329999997040431,0
1,2,event,543,0.0009170000002995948,0
1,2,event,544,0.0009169999998448475,0
1,2,event,545,0.001209000000017113,0
1,2,event,546,0.0009169999998448475,0
1,2,event,547,0.0011249999997744453,0
1,2,event,548,0.0009169999998448475,0
1,2,event,549,0.0010420000003250607,0
1,2,event,550,0.0011250000002291927,0
1,2,event,551,0.0009589999999661813,0
1,2,event,552,0.0011250000002291927,0
1,2,event,553,0.0009999999997489795,0
1,2,event,554,0.0009589999999661813,0
1,2,event,555,0.0008749999997235136,0
1,2,event,556,0.0009170000002995948,0
1,2,event,557,0.0010830000001078588,0
1,2,event,558,0.0009159999999610591,0
1,2,event,559,0.002708999999867956,0
1,2,event,560,0.0009999999997489795,0
1,2,event,561,0.0009169999998448475,0
1,2,event,562,0.0009999999997489795,0
1,2,event,563,0.0014999999998508429,0
1,2,event,564,0.0009159999999610591,0
1,2,event,565,0.0009169999998448475,0
1,2,event,566,0.0009159999999610591,0
1,2,event,567,0.0008749999997235136,0
1,2,event,568,0.0011660000000119908,0
1,2,event,569,0.0009169999998448475,0
1,2,event,570,0.0010830000001078588,0
1,2,event,571,0.0009159999999610591,0
1,2,event,572,0.001209000000017113,0
1,2,event,573,0.0011660000000119908,0
1,2,event,574,0.0009170000002995948,0
1,2,event,575,0.000875000000178261,0
1,2,event,576,0.0009579999996276456,0
1,2,event,577,0.0009170000002995948,0
1,2,event,578,0.001291999999921245,0
1,2,event,579,0.000875000000178261,0
1,2,event,580,0.0024169999996956903,0
1,2,event,581,0.0009169999998448475,0
1,2,event,582,0.0011250000002291927,0
1,2,event,583,0.0009589999999661813,0
1,2,event,584,0.0033750000002328306,0
1,2,event,585,0.0009589999999661813,0
1,2,event,586,0.0009169999998448475,0
1,2,event,587,0.0009159999999610591,0
1,2,event,588,0.0011250000002291927,0
1,2,event,589,0.0012080000001333246,0
1,2,event,590,0.0009589999999661813,0
1,2,event,591,0.001040999999986525,0
1,2,event,592,0.0009169999998448475,0
1,2,event,593,0.002540999999837368,0
1,2,event,594,0.0011669999998957792,0
1,2,event,595,0.0012500000002546585,0
1,2,event,596,0.0009579999996276456,0
1,2,event,597,0.0009580000000823929,0
1,2,event,598,0.0009580000000823929,0
1,2,event,599,0.0011669999998957792,0
1,2,event,600,0.008957999999893218,2
1,2,event,601,0.001708000000235188,0
1,2,event,602,0.0009580000000823929,0
1,2,event,603,0.0013329999997040431,0
1,2,event,604,0.0010000000002037268,0
1,2,event,605,0.0009589999999661813,0
1,2,event,606,0.0009169999998448475,0
1,2,event,607,0.0009159999999610591,0
1,2,event,608,0.0010839999999916472,0
1,2,event,609,0.001209000000017113,0
1,2,event,610,0.0009169999998448475,0
1,2,event,611,0.0009159999999610591,0
1,2,event,612,0.0009169999998448475,0
1,2,event,613,0.0011250000002291927,0
1,2,event,614,0.0011669999998957792,0
1,2,event,615,0.0009999999997489795,0
1,2,event,616,0.0009580000000823929,0
1,2,event,617,0.000875000000178261,0
1,2,event,618,0.001209000000017113,0
1,2,event,619,0.0012920000003759924,0
1,2,event,620,0.0010420000003250607,0
1,2,event,621,0.0009170000002995948,0
1,2,event,622,0.0009159999999610591,0
1,2,event,623,0.0009589999999661813,0
1,2,event,624,0.0011669999998957792,0
1,2,event,625,0.0009159999999610591,0
1,2,event,626,0.003083000000060565,0
1,2,event,627,0.0010000000002037268,0
1,2,event,628,0.0009580000000823929,0
1,2,event,629,0.0010839999999916472,0
1,2,event,630,0.0011660000000119908,0
1,2,event,631,0.0010000000002037268,0
1,2,event,632,0.0009580000000823929,0
1,2,event,633,0.0009999999997489795,0
1,2,event,634,0.0009580000000823929,0
1,2,event,635,0.0011669999998957792,0
1,2,event,636,0.000875000000178261,0
1,2,event,637,0.0009580000000823929,0
1,2,event,638,0.0009170000002995948,0
1,2,event,639,0.0011660000000119908,0
1,2,event,640,0.0010420000003250607,0
1,2,event,641,0.0009999999997489795,0
1,2,event,642,0.0009580000000823929,0
1,2,event,643,0.0025420000001759036,0
1,2,event,644,0.0027500000001055014,0
1,2,event,645,0.0014169999999467109,0
1,2,event,646,0.0025000000000545697,0
1,2,event,647,0.0010000000002037268,0
1,2,event,648,0.0009170000002995948,0
1,2,event,649,0.0010000000002037268,0
1,2,event,650,0.0010000000002037268,0
1,2,event,651,0.0011660000000119908,0
1,2,event,652,0.0009580000000823929,0
1,2,event,653,0.0009589999999661813,0
1,2,event,654,0.0009589999999661813,0
1,2,event,655,0.0009159999999610591,0
1,2,event,656,0.0010829999996531114,0
1,2,event,657,0.0009170000002995948,0
1,2,event,658,0.001291999999921245,0
1,2,event,659,0.0009999999997489795,0
1,2,event,660,0.008625000000392902,2
1,2,event,661,0.001334000000042579,0
1,2,event,662,0.0010000000002037268,0
1,2,event,663,0.0009999999997489795,0
1,2,event,664,0.0009580000000823929,0
1,2,event,665,0.0012499999997999112,0
1,2,event,666,0.0009170000002995948,0
1,2,event,667,0.0010419999998703133,0
1,2,event,668,0.0009159999999610591,0
1,2,event,669,0.0009169999998448475,0
1,2,event,670,0.0010839999999916472,0
1,2,event,671,0.0010000000002037268,0
1,2,event,672,0.0009169999998448475,0
1,2,event,673,0.0009170000002995948,0
1,2,event,674,0.0009580000000823929,0
1,2,event,675,0.0009159999999610591,0
1,2,event,676,0.001374999999825377,0
1,2,event,677,0.0009580000000823929,0
1,2,event,678,0.0008749999997235136,0
1,2,event,679,0.0009159999999610591,0
1,2,event,680,0.0008749999997235136,0
1,2,event,681,0.0011660000000119908,0
1,2,event,682,0.0009580000000823929,0
1,2,event,683,0.0009589999999661813,0
1,2,event,684,0.0009170000002995948,0
1,2,event,685,0.0009580000000823929,0
1,2,event,686,0.0011669999998957792,0
1,2,event,687,0.0010000000002037268,0
1,2,event,688,0.0009589999999661813,0
1,2,event,689,0.0014590000000680448,0
1,2,event,690,0.0009580000000823929,0
1,2,event,691,0.0012079999996785773,0
1,2,event,692,0.0010420000003250607,0
1,2,event,693,0.0028750000001309672,0
1,2,event,694,0.0010000000002037268,0
1,2,event,695,0.0009169999998448475,0
1,2,event,696,0.0009589999999661813,0
1,2,event,697,0.0011669999998957792,0
1,2,event,698,0.0010420000003250607,0
1,2,event,699,0.0009159999999610591,0
1,2,event,700,0.0009170000002995948,0
1,2,event,701,0.0009170000002995948,0
1,2,event,702,0.0012080000001333246,0
1,2,event,703,0.0010000000002037268,0
1,2,event,704,0.0009580000000823929,0
1,2,event,705,0.000875000000178261,0
1,2,event,706,0.0012499999997999112,0
1,2,event,707,0.004208000000289758,0
1,2,event,708,0.0014580000001842564,0
1,2,event,709,0.0009579999996276456,0
1,2,event,710,0.0009169999998448475,0
1,2,event,711,0.0010000000002037268,0
1,2,event,712,0.0010000000002037268,0
1,2,event,713,0.0009580000000823929,0
1,2,event,714,0.0009169999998448475,0
1,2,event,715,0.0009159999999610591,0
1,2,event,716,0.0008749999997235136,0
1,2,event,717,0.001040999999986525,0
1,2,event,718,0.0010839999999916472,0
1,2,event,719,0.0009589999999661813,0
1,2,event,720,0.006000000000312866,2
1,2,event,721,0.0017499999999017746,0
1,2,event,722,0.001291999999921245,0
1,2,event,723,0.0009169999998448475,0
1,2,event,724,0.0011249999997744453,0
1,2,event,725,0.0009169999998448475,0
1,2,event,726,0.0027500000001055014,0
1,2,event,727,0.0013750000002801244,0
1,2,event,728,0.0009999999997489795,0
1,2,event,729,0.0009589999999661813,0
1,2,event,730,0.0009169999998448475,0
1,2,event,731,0.0009159999999610591,0
1,2,event,732,0.0011249999997744453,0
1,2,event,733,0.0009580000000823929,0
1,2,event,734,0.0009579999996276456,0
1,2,event,735,0.0009170000002995948,0
1,2,event,736,0.0009579999996276456,0
1,2,event,737,0.0014160000000629225,0
1,2,event,738,0.0009999999997489795,0
1,2,event,739,0.0010830000001078588,0
1,2,event,740,0.0009999999997489795,0
1,2,event,741,0.000875000000178261,0
1,2,event,742,0.0009169999998448475,0
1,2,event,743,0.0011250000002291927,0
1,2,event,744,0.0009579999996276456,0
1,2,event,745,0.0009159999999610591,0
1,2,event,746,0.0010000000002037268,0
1,2,event,747,0.0010419999998703133,0
1,2,event,748,0.0012500000002546585,0
1,2,event,749,0.0009159999999610591,0
1,2,event,750,0.0009580000000823929,0
1,2,event,751,0.0009169999998448475,0
1,2,event,752,0.01170799999999872,0
1,2,event,753,0.0011660000000119908,0
1,2,event,754,0.0009589999999661813,0
1,2,event,755,0.0009589999999661813,0
1,2,event,756,0.0009589999999661813,0
1,2,event,757,0.0010000000002037268,0
1,2,event,758,0.0011669999998957792,0
1,2,event,759,0.0009159999999610591,0
1,2,event,760,0.002791999999772088,0
1,2,event,761,0.0009169999998448475,0
1,2,event,762,0.0009999999997489795,0
1,2,event,763,0.0016660000001138542,0
1,2,event,764,0.0009169999998448475,0
1,2,event,765,0.0009580000000823929,0
1,2,event,766,0.0010000000002037268,0
1,2,event,767,0.0009580000000823929,0
1,2,event,768,0.003290999999990163,0
1,2,event,769,0.002375000000029104,0
1,2,event,770,0.007832999999664025,0
1,2,event,771,0.0013750000002801244,0
1,2,event,772,0.0009580000000823929,0
1,2,event,773,0.0015840000000935106,0
1,2,event,774,0.0009170000002995948,0
1,2,event,775,0.0009999999997489795,0
1,2,event,776,0.0009999999997489795,0
1,2,event,777,0.0009169999998448475,0
1,2,event,778,0.0009580000000823929,0
1,2,event,779,0.0011669999998957792,0
1,2,event,780,0.008916999999655673,2
1,2,event,781,0.0013330000001587905,0
1,2,event,782,0.001291999999921245,0
1,2,event,783,0.0011249999997744453,0
1,2,event,784,0.0018749999999272404,0
1,2,event,785,0.001291999999921245,0
1,2,event,786,0.0009169999998448475,0
1,2,event,787,0.0009579999996276456,0
1,2,event,788,0.0016249999998763087,0
1,2,event,789,0.0011249999997744453,0
1,2,event,790,0.0010419999998703133,0
1,2,event,791,0.0009589999999661813,0
1,2,event,792,0.0009159999999610591,0
1,2,event,793,0.003208000000086031,0
1,2,event,794,0.0012499999997999112,0
1,2,event,795,0.0009169999998448475,0
1,2,event,796,0.0012080000001333246,0
1,2,event,797,0.0009999999997489795,0
1,2,event,798,0.0011249999997744453,0
1,2,event,799,0.0009999999997489795,0
1,2,event,800,0.0009580000000823929,0
1,2,event,801,0.0009159999999610591,0
1,2,event,802,0.0012920000003759924,0
1,2,event,803,0.001291999999921245,0
1,2,event,804,0.0009170000002995948,0
1,2,event,805,0.0009169999998448475,0
1,2,event,806,0.0009170000002995948,0
1,2,event,807,0.0009589999999661813,0
1,2,event,808,0.0016249999998763087,0
1,2,event,809,0.0011669999998957792,0
1,2,event,810,0.0009580000000823929,0
1,2,event,811,0.0009579999996276456,0
1,2,event,812,0.0009580000000823929,0
1,2,event,813,0.0010000000002037268,0
1,2,event,814,0.0011249999997744453,0
1,2,event,815,0.0014169999999467109,0
1,2,event,816,0.0010419999998703133,0
1,2,event,817,0.0009999999997489795,0
1,2,event,818,0.0022919999996702245,0
1,2,event,819,0.005583000000115135,0
1,2,event,820,0.0010830000001078588,0
1,2,event,821,0.0010839999999916472,0
1,2,event,822,0.0010839999999916472,0
1,2,event,823,0.0011249999997744453,0
1,2,event,824,0.001209000000017113,0
1,2,event,825,0.0009589999999661813,0
1,2,event,826,0.0010419999998703133,0
1,2,event,827,123.969333,0
1,2,event,828,0.022625000000061846,0
1,2,event,829,0.02170799999976225,0
1,2,event,830,0.006083000000216998,0
1,2,event,831,0.003208000000086031,0
1,2,event,832,0.0029999999997016857,0
1,2,event,833,0.0023339999997915584,0
1,2,event,834,0.004874999999628926,0
1,2,event,835,0.003416999999899417,0
1,2,event,836,0.002666999999746622,0
1,2,event,837,0.002375000000029104,0
1,2,event,838,0.002375000000029104,0
1,2,event,839,0.0025420000001759036,0
1,2,event,840,0.11737500000026557,2
1,2,event,841,0.0049579999999878055,0
1,2,event,842,0.00437499999998181,0
1,2,event,843,0.004166999999597465,0
1,2,event,844,0.004208999999718799,0
1,2,event,845,0.0028750000001309672,0
1,2,event,846,0.0039999999999054126,0
1,2,event,847,0.002375000000029104,0
1,2,event,848,0.0027500000001055014,0
1,2,event,849,0.003208000000086031,0
1,2,event,850,0.002457999999933236,0
1,2,event,851,0.0024160000002666493,0
1,2,event,852,0.002457999999933236,0
1,2,event,853,0.0025000000000545697,0
1,2,event,854,0.0027500000001055014,0
1,2,event,855,0.002292000000124972,0
1,2,event,856,0.00233299999990777,0
1,2,event,857,0.002375000000029104,0
1,2,event,858,0.002167000000099506,0
1,2,event,859,0.004249999999956344,0
1,2,event,860,0.0030419999998230196,0
1,2,event,861,0.0021660000002157176,0
1,2,event,862,0.0022080000003370515,0
1,2,event,863,0.002250000000003638,0
1,2,event,864,0.002375000000029104,0
1,2,event,865,0.004125000000385626,0
1,2,event,866,0.0027920000002268353,0
1,2,event,867,0.002375000000029104,0
1,2,event,868,0.0024170000001504377,0
1,2,event,869,0.00220900000022084,0
1,2,event,870,0.0027920000002268353,0
1,2,event,871,0.002250000000003638,0
1,2,event,872,0.0024169999996956903,0
1,2,event,873,0.0022910000002411834,0
1,2,event,874,0.0035420000003796304,0
1,2,event,875,0.0026670000002013694,0
1,2,event,876,0.002375000000029104,0
1,2,event,877,0.002541999999721156,0
1,2,event,878,0.0024160000002666493,0
1,2,event,879,0.002292000000124972,0
1,2,event,880,0.0025420000001759036,0
1,2,event,881,0.0027500000001055014,0
1,2,event,882,0.002375000000029104,0
1,2,event,883,0.0024169999996956903,0
1,2,event,884,0.002708999999867956,0
1,2,event,885,0.002375000000029104,0
1,2,event,886,0.0028330000000096334,0
1,2,event,887,0.003125000000181899,0
1,2,event,888,0.0024160000002666493,0
1,2,event,889,0.0021669999996447586,0
1,2,event,890,0.0030839999999443535,0
1,2,event,891,0.0035000000002582965,0
1,2,event,892,0.0029999999997016857,0
1,2,event,893,0.003499999999803549,0
1,2,event,894,0.0032079999996312836,0
1,2,event,895,0.0024170000001504377,0
1,2,event,896,0.0025840000002972374,0
1,2,event,897,0.0035000000002582965,0
1,2,event,898,0.0025000000000545697,0
1,2,event,899,0.002250000000003638,0
1,2,event,900,0.023500000000240107,2
1,2,event,901,0.0036250000002837623,0
1,2,event,902,0.0027500000001055014,0
1,2,event,903,0.002250000000003638,0
1,2,event,904,0.0034160000000156288,0
1,2,event,905,0.002292000000124972,0
1,2,event,906,0.0027090000003227033,0
1,2,event,907,0.00258399999984249,0
1,2,event,908,0.002666999999746622,0
1,2,event,909,0.00233299999990777,0
1,2,event,910,0.00233299999990777,0
1,2,event,911,0.0027500000001055014,0
1,2,event,912,0.0024170000001504377,0
1,2,event,913,0.002375000000029104,0
1,2,event,914,0.002292000000124972,0
1,2,event,915,0.0021659999997609702,0
1,2,event,916,0.0028330000000096334,0
1,2,event,917,0.0022080000003370515,0
1,2,event,918,0.0022080000003370515,0
1,2,event,919,0.0021250000004329195,0
1,2,event,920,0.0030839999999443535,0
1,2,event,921,0.0035000000002582965,0
1,2,event,922,0.0022499999995488906,0
1,2,event,923,0.002207999999882304,0
1,2,event,924,0.00233299999990777,0
1,2,event,925,0.0027500000001055014,0
1,2,event,926,0.0023340000002463057,0
1,2,event,927,0.002834000000348169,0
1,2,event,928,0.0032919999998739513,0
1,2,event,929,0.002415999999811902,0
1,2,event,930,0.002207999999882304,0
1,2,event,931,0.00233299999990777,0
1,2,event,932,0.0028330000000096334,0
1,2,event,933,0.00233299999990777,0
1,2,event,934,0.0030419999998230196,0
1,2,event,935,0.0029999999997016857,0
1,2,event,936,0.0024170000001504377,0
1,2,event,937,0.0026250000000800355,0
1,2,event,938,0.0024169999996956903,0
1,2,event,939,0.002457999999933236,0
1,2,event,940,0.0025000000000545697,0
1,2,event,941,0.0024590000002717716,0
1,2,event,942,0.0023340000002463057,0
1,2,event,943,0.003000000000156433,0
1,2,event,944,0.0025000000000545697,0
1,2,event,945,0.0023749999995743565,0
1,2,event,946,0.002375000000029104,0
1,2,event,947,0.002250000000003638,0
1,2,event,948,0.003000000000156433,0
1,2,event,949,0.0022919999996702245,0
1,2,event,950,0.0028750000001309672,0
1,2,event,951,0.003250000000207365,0
1,2,event,952,0.002540999999837368,0
1,2,event,953,0.002666999999746622,0
1,2,event,954,0.0022919999996702245,0
1,2,event,955,0.002207999999882304,0
1,2,event,956,0.0025829999999587017,0
1,2,event,957,0.0025000000000545697,0
1,2,event,958,0.0026670000002013694,0
1,2,event,959,0.0027079999999841675,0
1,2,event,960,0.018625000000156433,2
1,2,event,961,0.004500000000007276,0
1,2,event,962,0.003208000000086031,0
1,2,event,963,0.002207999999882304,0
1,2,event,964,0.00233299999990777,0
1,2,event,965,0.002207999999882304,0
1,2,event,966,0.0031669999998484855,0
1,2,event,967,0.002708999999867956,0
1,2,event,968,0.002375000000029104,0
1,2,event,969,0.002290999999786436,0
1,2,event,970,0.0024170000001504377,0
1,2,event,971,0.002167000000099506,0
1,2,event,972,0.002457999999933236,0
1,2,event,973,0.002666000000317581,0
1,2,event,974,0.0024169999996956903,0
1,2,event,975,0.0033749999997780833,0
1,2,event,976,0.002375000000029104,0
1,2,event,977,0.00233299999990777,0
1,2,event,978,0.002666000000317581,0
1,2,event,979,0.00233299999990777,0
1,2,event,980,0.002292000000124972,0
1,2,event,981,0.0022919999996702245,0
1,2,event,982,0.003250000000207365,0
1,2,event,983,0.0028339999998934218,0
1,2,event,984,0.0024589999998170242,0
1,2,event,985,0.002167000000099506,0
1,2,event,986,0.002457999999933236,0
1,2,event,987,0.002207999999882304,0
1,2,event,988,0.0024160000002666493,0
1,2,event,989,0.0025420000001759036,0
1,2,event,990,0.0024170000001504377,0
1,2,event,991,0.0028330000000096334,0
1,2,event,992,0.0028750000001309672,0
1,2,event,993,0.0023339999997915584,0
1,2,event,994,0.0029169999997975538,0
1,2,event,995,0.00233299999990777,0
1,2,event,996,0.002415999999811902,0
1,2,event,997,0.003208000000086031,0
1,2,event,998,0.0024170000001504377,0
1,2,event,999,0.00287499999967622,0
1,2,burst,0,0.13183299999991505,14
1,2,burst,1,0.13179200000013225,14
1,2,burst,2,0.13120799999978772,14
1,2,burst,3,0.1289160000001175,14
1,2,burst,4,0.13954100000000835,14
1,2,burst,5,0.12983299999996234,14
1,2,burst,6,0.12970899999982066,14
1,2,burst,7,0.13004200000023047,14
1,2,burst,8,0.13320800000019517,14
1,2,burst,9,0.13120800000024246,14
1,2,burst,10,0.12966700000015408,14
1,2,burst,11,0.130333999999948,14
1,2,burst,12,0.134708000000046,14
1,2,burst,13,0.1305409999999938,14
1,2,burst,14,0.13408299999991868,14
1,2,burst,15,0.13120900000012625,14
1,2,burst,16,0.13149999999995998,14
1,2,burst,17,0.12895899999966787,14
1,2,burst,18,0.12970800000039162,14
1,2,burst,19,0.1283330000001115,14
1,2,burst,20,0.13241699999980483,14
1,2,burst,21,0.14116699999976845,14
1,2,burst,22,0.2649590000000899,14
1,2,burst,23,0.17475000000013097,14
1,2,burst,24,0.15095900000005713,14
1,2,burst,25,0.145542000000205,14
1,2,burst,26,0.14179200000035053,14
1,2,burst,27,19.29424999999992,14
1,2,burst,28,0.17545800000016243,14
1,2,burst,29,0.14745799999991505,14
1,2,burst,30,0.158125000000382,14
1,2,burst,31,0.14049999999997453,14
1,2,burst,32,0.14033299999982773,14
1,2,burst,33,0.1418749999997999,14
1,2,burst,34,0.135124999999789,14
1,2,burst,35,0.1354999999998654,14
1,2,burst,36,0.13500000000021828,14
1,2,burst,37,0.13579200000003766,14
1,2,burst,38,0.1369169999998121,14
1,2,burst,39,0.1492920000000595,14
1,2,burst,40,0.1396669999999176,14
1,2,burst,41,0.1314580000002934,14
1,2,burst,42,0.13316699999995762,14
1,2,burst,43,0.13875000000007276,14
1,2,burst,44,0.1365419999997357,14
1,2,burst,45,0.13395799999989322,14
1,2,burst,46,0.13462500000014188,14
1,2,burst,47,0.13483300000007148,14
1,2,burst,48,15.779665999999906,14
1,2,burst,49,0.2771250000000691,14
1,2,burst,50,0.1461659999999938,14
1,2,burst,51,0.22325000000000728,14
1,2,burst,52,0.15637500000002547,14
1,2,burst,53,0.1338330000003225,14
1,2,burst,54,0.2585419999995793,14
1,2,burst,55,0.15000000000009095,14
1,2,burst,56,0.6700000000000728,14
1,2,burst,57,3.810417000000143,14
1,2,burst,58,0.16554199999973207,14
1,2,burst,59,0.28720800000019153,14
1,2,burst,60,0.9644579999999223,14
1,2,burst,61,0.16412499999978536,14
1,2,burst,62,0.17824999999993452,14
1,2,burst,63,1.696374999999989,14
1,2,burst,64,0.16300000000001091,14
1,2,burst,65,0.14016700000001947,14
1,2,burst,66,0.1382909999997537,14
1,2,burst,67,0.1382909999997537,14
1,2,burst,68,0.13362499999993815,14
1,2,burst,69,0.13083300000016607,14
1,2,burst,70,0.1380410000001575,14
1,2,burst,71,0.14520800000036616,14
1,2,burst,72,0.1321250000000873,14
1,2,burst,73,0.12970799999993687,14
1,2,burst,74,0.1307080000001406,14
1,2,burst,75,0.14945899999975154,14
1,2,burst,76,0.13129200000003038,14
1,2,burst,77,0.129917000000205,14
1,2,burst,78,0.13062499999978172,14
1,2,burst,79,0.13133299999981318,14
1,2,burst,80,0.13166700000010678,14
1,2,burst,81,0.1319170000001577,14
1,2,burst,82,0.13216700000020865,14
1,2,burst,83,0.13295800000014424,14
1,2,burst,84,0.14937499999996362,14
1,2,burst,85,0.13299999999981083,14
1,2,burst,86,0.13679199999978664,14
1,2,burst,87,0.1325409999999465,14
1,2,burst,88,0.1334999999999127,14
1,2,burst,89,0.13083400000004985,14
1,2,burst,90,0.16883300000017698,14
1,2,burst,91,0.142500000000382,14
1,2,burst,92,0.13037500000018554,14
1,2,burst,93,0.13058300000011513,14
1,2,burst,94,0.13029099999994287,14
1,2,burst,95,0.12970799999993687,14
1,2,burst,96,0.1306670000003578,14
1,2,burst,97,0.12924999999995634,14
1,2,burst,98,0.1305409999999938,14
1,2,burst,99,0.12966700000015408,14
1,2,burst,100,0.13483300000007148,14
1,2,burst,101,0.13558400000010806,14
1,2,burst,102,0.13316699999995762,14
1,2,burst,103,0.12987499999962893,14
1,2,burst,104,0.1303330000000642,14
1,2,burst,105,0.12941700000010314,14
1,2,burst,106,0.13300000000026557,14
1,2,burst,107,0.13675000000012005,14
1,2,burst,108,0.13095800000019153,14
1,2,burst,109,0.12770899999986796,14
1,2,burst,110,0.1317909999997937,14
1,2,burst,111,0.12895799999978408,14
1,2,burst,112,0.12950000000000728,14
1,2,burst,113,0.12674999999990177,14
1,2,burst,114,0.13437500000009095,14
1,2,burst,115,0.13004200000023047,14
1,2,burst,116,0.12849999999980355,14
1,2,burst,117,0.12829099999999016,14
1,2,burst,118,0.13262500000018917,14
1,2,burst,119,0.13066699999990306,14
1,2,burst,120,0.12829199999987395,14
1,2,burst,121,0.1297500000000582,14
1,2,burst,122,0.13116599999966638,14
1,2,burst,123,0.1301250000001346,14
1,2,burst,124,0.1273750000000291,14
1,2,burst,125,0.1366250000000946,14
1,2,burst,126,0.13154200000008132,14
1,2,burst,127,0.12774999999965075,14
1,2,burst,128,0.1310420000004342,14
1,2,burst,129,0.13245800000004238,14
1,2,burst,130,0.13170900000022812,14
1,2,burst,131,0.1263330000001588,14
1,2,burst,132,0.13400000000001455,14
1,2,burst,133,0.13225000000011278,14
1,2,burst,134,0.12995900000032634,14
1,2,burst,135,0.1264579999997295,14
1,2,burst,136,0.12950000000000728,14
1,2,burst,137,0.14529200000015408,14
1,2,burst,138,0.13374999999996362,14
1,2,burst,139,0.12770799999998417,14
1,2,burst,140,0.12945900000022448,14
1,2,burst,141,0.13070799999968585,14
1,2,burst,142,0.13404099999979735,14
1,2,burst,143,0.13133299999981318,14
1,2,burst,144,0.12845900000002075,14
1,2,burst,145,0.13124999999990905,14
1,2,burst,146,0.1275420000001759,14
1,2,burst,147,0.12845900000002075,14
1,2,burst,148,0.13116700000000492,14
1,2,burst,149,0.13179200000013225,14
1,2,burst,150,0.13083400000004985,14
1,2,burst,151,0.12745800000038798,14
1,2,burst,152,0.13116600000012113,14
1,2,burst,153,0.13258300000006784,14
1,2,burst,154,0.1308750000002874,14
1,2,burst,155,0.1309160000000702,14
1,2,burst,156,0.13049999999975626,14
1,2,burst,157,0.13591700000006313,14
1,2,burst,158,0.13000000000010914,14
1,2,burst,159,0.12783400000034817,14
1,2,burst,160,0.1433750000001055,14
1,2,burst,161,0.13012499999967986,14
1,2,burst,162,0.13579100000015387,14
1,2,burst,163,0.13137499999993452,14
1,2,burst,164,0.13225000000011278,14
1,2,burst,165,0.13112500000033833,14
1,2,burst,166,0.13041599999996834,14
1,2,burst,167,0.12895900000012261,14
1,2,burst,168,0.13258399999995163,14
1,2,burst,169,0.12950000000000728,14
1,2,burst,170,0.12883400000009715,14
1,2,burst,171,0.1307499999998072,14
1,2,burst,172,0.13612499999999272,14
1,2,burst,173,0.1305409999999938,14
1,2,burst,174,0.12762500000008004,14
1,2,burst,175,0.12874999999985448,14
1,2,burst,176,0.13308299999971496,14
1,2,burst,177,0.13175000000001091,14
1,2,burst,178,0.12804199999982302,14
1,2,burst,179,0.1289999999999054,14
1,2,burst,180,0.12774999999965075,14
1,2,burst,181,0.13095800000019153,14
1,2,burst,182,0.12687499999992724,14
1,2,burst,183,0.12879199999997581,14
1,2,burst,184,0.13158299999986411,14
1,2,burst,185,0.126166000000012,14
1,2,burst,186,0.13195800000039526,14
1,2,burst,187,0.12762500000008004,14
1,2,burst,188,0.13170799999988958,14
1,2,burst,189,0.12654200000042692,14
1,2,burst,190,0.12816699999984849,14
1,2,burst,191,0.12758400000029724,14
1,2,burst,192,0.13045800000008967,14
1,2,burst,193,0.37266600000020844,14
1,2,burst,194,0.17950000000018917,14
1,2,burst,195,0.14474999999993088,14
1,2,burst,196,71.15420799999993,14
1,2,burst,197,0.0850839999998243,14
1,2,burst,198,0.058374999999614374,14
1,2,burst,199,0.06016700000009223,14
1,2,burst,200,0.06704099999979007,14
1,2,burst,201,0.05454199999985576,14
1,2,burst,202,0.05179200000020501,14
1,2,burst,203,0.053249999999934516,14
1,2,burst,204,0.05358300000034433,14
1,2,burst,205,0.054500000000189175,14
1,2,burst,206,0.05345900000020265,14
1,2,burst,207,0.05225000000018554,14
1,2,burst,208,0.05304200000000492,14
1,2,burst,209,0.054042000000208645,14
1,2,burst,210,0.051665999999841006,14
1,2,burst,211,0.051916999999775726,14
1,2,burst,212,0.07083300000022064,14
1,2,burst,213,0.053083000000242464,14
1,2,burst,214,0.053457999999864114,14
1,2,burst,215,0.05645800000002055,14
1,2,burst,216,0.05329100000017206,14
1,2,burst,217,0.052374999999756255,14
1,2,burst,218,0.05212500000016007,14
1,2,burst,219,0.05212500000016007,14
1,2,burst,220,0.053625000000010914,14
1,2,burst,221,0.05437500000016371,14
1,2,burst,222,0.05249999999978172,14
1,2,burst,223,0.051832999999987805,14
1,2,burst,224,0.0527500000002874,14
1,2,burst,225,0.051666999999724794,14
1,2,burst,226,0.05499999999983629,14
1,2,burst,227,0.052541999999903055,14
1,2,burst,228,0.055041000000073836,14
1,2,burst,229,0.062291999999615655,14
1,2,burst,230,0.05291699999997945,14
1,2,burst,231,0.05458299999963856,14
1,2,burst,232,0.05233300000008967,14
1,2,burst,233,0.051832999999987805,14
1,2,burst,234,0.05258299999968585,14
1,2,burst,235,0.05375000000003638,14
1,2,burst,236,0.052458000000115135,14
1,2,burst,237,0.05124999999998181,14
1,2,burst,238,0.05358300000034433,14
1,2,burst,239,0.05266699999992852,14
1,2,burst,240,0.051582999999936874,14
1,2,burst,241,0.05058299999973315,14
1,2,burst,242,0.0529170000004342,14
1,2,burst,243,0.05449999999973443,14
1,2,burst,244,0.0525830000001406,14
1,2,burst,245,0.05154199999969933,14
1,2,burst,246,0.055749999999989086,14
1,2,burst,247,0.05208300000003874,14
1,2,burst,248,0.051124999999956344,14
1,2,burst,249,0.051832999999987805,14
1,2,burst,250,0.056375000000116415,14
1,2,burst,251,0.05245799999966039,14
1,2,burst,252,0.05166700000017954,14
1,2,burst,253,0.0520409999999174,14
1,2,burst,254,0.0522080000000642,14
1,2,burst,255,0.052000000000134605,14
1,2,burst,256,0.052374999999756255,14
1,2,burst,257,57.21333300000015,14
1,2,burst,258,11.927208000000064,14
1,2,burst,259,0.16329200000018318,14
1,2,burst,260,0.14704200000005585,14
1,2,burst,261,0.14133399999991525,14
1,2,burst,262,0.13554199999998673,14
1,2,burst,263,0.1544170000001941,14
1,2,burst,264,0.13616700000011406,14
1,2,burst,265,0.13504199999988487,14
1,2,burst,266,0.13579200000003766,14
1,2,burst,267,0.135124999999789,14
1,2,burst,268,0.13350000000036744,14
1,2,burst,269,0.13104199999997945,14
1,2,burst,270,0.1325000000001637,14
1,2,burst,271,0.13237500000013824,14
1,2,burst,272,0.13875000000007276,14
1,2,burst,273,0.13350000000036744,14
1,2,burst,274,0.13316600000007384,14
1,2,burst,275,0.13633300000037707,14
1,2,burst,276,0.13616700000011406,14
1,2,burst,277,0.1335839999997006,14
1,2,burst,278,0.1325829999996131,14
1,2,burst,279,0.13562499999989086,14
1,2,burst,280,0.134708000000046,14
1,2,burst,281,0.14191699999992125,14
1,2,burst,282,0.13149999999995998,14
1,2,burst,283,20.022750000000087,14
1,2,burst,284,1.5264170000000377,14
1,2,burst,285,0.1750000000001819,14
1,2,burst,286,0.15508300000010422,14
1,2,burst,287,0.15529100000003382,14
1,2,burst,288,0.146708000000217,14
1,2,burst,289,0.15233299999999872,14
1,2,burst,290,0.2842080000000351,14
1,2,burst,291,0.15212500000006912,14
1,2,burst,292,0.3386249999998654,14
1,2,burst,293,0.14216700000042692,14
1,2,burst,294,0.141208000000006,14
1,2,burst,295,0.45304200000009587,14
1,2,burst,296,0.14816700000028504,14
1,2,burst,297,0.15870799999993324,14
1,2,burst,298,0.24129100000027393,14
1,2,burst,299,0.14745799999991505,14
1,2,burst,300,0.15295900000000984,14
1,2,burst,301,0.427958000000217,14
1,2,burst,302,0.24754099999972823,14
1,2,burst,303,0.1551249999997708,14
1,2,burst,304,0.15195799999992232,14
1,2,burst,305,0.13754199999993943,14
1,2,burst,306,11.19379200000003,14
1,2,burst,307,0.19762500000024374,14
1,2,burst,308,0.17341599999963364,14
1,2,burst,309,0.14662500000031287,14
1,2,burst,310,0.15287499999976717,14
1,2,burst,311,0.150749999999789,14
1,2,burst,312,0.15670799999998053,14
1,2,burst,313,0.14329099999986283,14
1,2,burst,314,0.16583300000002055,14
1,2,burst,315,0.15670799999998053,14
1,2,burst,316,0.15033400000038455,14
1,2,burst,317,0.15279199999986304,14
1,2,burst,318,0.13279200000033597,14
1,2,burst,319,0.1477919999997539,14
1,2,burst,320,0.14266600000019025,14
1,2,burst,321,0.14699999999993452,14
1,2,burst,322,0.1352919999999358,14
1,2,burst,323,0.15120799999976953,14
1,2,burst,324,0.14154099999996106,14
1,2,burst,325,0.18679099999963,14
1,2,burst,326,0.1433340000003227,14
1,2,burst,327,0.14812499999970896,14
1,2,burst,328,0.15212499999961437,14
1,2,burst,329,0.15612499999997453,14
1,2,burst,330,0.14058299999987867,14
1,2,burst,331,6.091041000000132,14
1,2,burst,332,3.107833000000028,14
1,2,burst,333,0.19124999999985448,14
1,2,burst,334,0.17479099999991377,14
1,2,burst,335,0.15583300000025702,14
1,2,burst,336,0.16512499999998909,14
1,2,burst,337,0.14354199999979755,14
1,2,burst,338,0.15858300000036252,14
1,2,burst,339,0.14770799999996598,14
1,2,burst,340,0.1558340000001408,14
1,2,burst,341,0.14508299999988594,14
1,2,burst,342,0.14366599999993923,14
1,2,burst,343,0.14424999999982901,14
1,2,burst,344,0.16754200000013952,14
1,2,burst,345,0.14912500000036744,14
1,2,burst,346,0.16249999999990905,14
1,2,burst,347,0.14695800000026793,14
1,2,burst,348,0.141208000000006,14
1,2,burst,349,0.14179199999989578,14
1,2,burst,350,0.15716699999984485,14
1,2,burst,351,0.1357919999995829,14
1,2,burst,352,0.14762500000006185,14
1,2,burst,353,0.13974999999982174,14
1,2,burst,354,0.15454100000033577,14
1,2,burst,355,0.1386250000000473,14
1,2,burst,356,8.171000000000276,14
1,2,burst,357,0.21908299999995506,14
1,2,burst,358,0.27204100000017206,14
1,2,burst,359,0.19087499999977808,14
1,2,burst,360,0.16995799999995143,14
1,2,burst,361,0.1457500000001346,14
1,2,burst,362,0.16258400000015172,14
1,2,burst,363,0.15704199999981938,14
1,2,burst,364,0.16220799999973678,14
1,2,burst,365,0.1347499999997126,14
1,2,burst,366,0.1481669999998303,14
1,2,burst,367,0.13858299999992596,14
1,2,burst,368,0.17945800000006784,14
1,2,burst,369,19.137708000000202,14
1,2,burst,370,0.965708000000177,14
1,2,burst,371,0.14066700000012133,14
1,2,burst,372,0.13958400000001348,14
1,2,burst,373,0.13537500000029468,14
1,2,burst,374,0.13337500000034197,14
1,2,burst,375,0.140041999999994,14
1,2,burst,376,0.13616700000011406,14
1,2,burst,377,0.13400000000001455,14
1,2,burst,378,0.13262499999973443,14
1,2,burst,379,0.13441699999975754,14
1,2,burst,380,0.13737499999979264,14
1,2,burst,381,0.1924999999996544,14
1,2,burst,382,0.18920900000011898,14
1,2,burst,383,0.21570800000017698,14
1,2,burst,384,0.16404099999999744,14
1,2,burst,385,0.14566599999989194,14
1,2,burst,386,0.1379159999996773,14
1,2,burst,387,0.13870799999995143,14
1,2,burst,388,0.13895800000000236,14
1,2,burst,389,0.1363339999998061,14
1,2,burst,390,0.13570899999967878,14
1,2,burst,391,0.13404199999968114,14
1,2,burst,392,0.13670799999999872,14
1,2,burst,393,0.13383299999986775,14
1,2,burst,394,0.13295900000002803,14
1,2,burst,395,0.13116700000000492,14
1,2,burst,396,0.1356670000000122,14
1,2,burst,397,0.13187500000003638,14
1,2,burst,398,0.1641250000002401,14
1,2,burst,399,0.1378749999998945,14
1,2,burst,400,0.1332919999999831,14
1,2,burst,401,0.13062499999978172,14
1,2,burst,402,0.13420899999982794,14
1,2,burst,403,0.13337499999988722,14
1,2,burst,404,0.12916699999959746,14
1,2,burst,405,0.12933399999974426,14
1,2,burst,406,0.13062500000023647,14
1,2,burst,407,0.1362500000000182,14
1,2,burst,408,0.1307499999998072,14
1,2,burst,409,0.13175000000001091,14
1,2,burst,410,0.13112499999988358,14
1,2,burst,411,0.1378749999998945,14
1,2,burst,412,0.13741600000003018,14
1,2,burst,413,0.12970799999993687,14
1,2,burst,414,0.1297500000000582,14
1,2,burst,415,0.14554100000032122,14
1,2,burst,416,0.1334580000002461,14
1,2,burst,417,0.1334590000001299,14
1,2,burst,418,0.1333329999997659,14
1,2,burst,419,0.13299999999981083,14
1,2,burst,420,0.1325000000001637,14
1,2,burst,421,0.12908299999980954,14
1,2,burst,422,0.13020800000003874,14
1,2,burst,423,0.13366599999972095,14
1,2,burst,424,0.13108299999976225,14
1,2,burst,425,0.12891700000000128,14
1,2,burst,426,0.13062499999978172,14
1,2,burst,427,0.13633300000037707,14
1,2,burst,428,0.1307499999998072,14
1,2,burst,429,0.12862499999982901,14
1,2,burst,430,0.1326670000003105,14
1,2,burst,431,0.13466699999980847,14
1,2,burst,432,0.13841699999966295,14
1,2,burst,433,0.13133300000026793,14
1,2,burst,434,0.13020800000003874,14
1,2,burst,435,0.13337500000034197,14
1,2,burst,436,0.1332910000000993,14
1,2,burst,437,0.12829099999999016,14
1,2,burst,438,0.13104199999997945,14
1,2,burst,439,0.13304100000004837,14
1,2,burst,440,0.13024999999970532,14
1,2,burst,441,0.13833300000032978,14
1,2,burst,442,0.1321659999998701,14
1,2,burst,443,0.1325000000001637,14
1,2,burst,444,0.13108299999976225,14
1,2,burst,445,0.13025000000016007,14
1,2,burst,446,0.13408399999980247,14
1,2,burst,447,0.13208300000042072,14
1,2,burst,448,0.1305409999999938,14
1,2,burst,449,0.1375409999996009,14
1,2,burst,450,0.1327499999997599,14
1,2,burst,451,0.12966699999969933,14
1,2,burst,452,0.12987500000008367,14
1,2,burst,453,0.13179200000013225,14
1,2,burst,454,0.13483300000007148,14
1,2,burst,455,0.1301659999999174,14
1,2,burst,456,0.13412500000004002,14
1,2,burst,457,0.129334000000199,14
1,2,burst,458,0.1332919999999831,14
1,2,burst,459,0.1301250000001346,14
1,2,burst,460,0.1302920000002814,14
1,2,burst,461,0.130916999999954,14
1,2,burst,462,0.1310840000001008,14
1,2,burst,463,0.1291670000000522,14
1,2,burst,464,0.12808300000006057,14
1,2,burst,465,0.12879099999963728,14
1,2,burst,466,0.1330840000000535,14
1,2,burst,467,0.13616700000011406,14
1,2,burst,468,0.1299579999999878,14
1,2,burst,469,0.12962500000003274,14
1,2,burst,470,0.156833000000006,14
1,2,burst,471,0.13712500000019645,14
1,2,burst,472,0.12879199999997581,14
1,2,burst,473,0.13083300000016607,14
1,2,burst,474,0.13179100000024846,14
1,2,burst,475,0.12954100000024482,14
1,2,burst,476,0.1296660000002703,14
1,2,burst,477,0.12966599999981554,14
1,2,burst,478,0.130333999999948,14
1,2,burst,479,0.1297500000000582,14
1,2,burst,480,0.12837499999977808,14
1,2,burst,481,0.13062499999978172,14
1,2,burst,482,0.13254200000028504,14
1,2,burst,483,0.1321250000000873,14
1,2,burst,484,0.14033400000016627,14
1,2,burst,485,0.13087499999983265,14
1,2,burst,486,0.1324590000003809,14
1,2,burst,487,0.12874999999985448,14
1,2,burst,488,0.13083400000004985,14
1,2,burst,489,0.1290830000002643,14
1,2,burst,490,0.13200000000006185,14
1,2,burst,491,0.13000000000010914,14
1,2,burst,492,0.12950000000000728,14
1,2,burst,493,0.1289999999999054,14
1,2,burst,494,0.1323330000000169,14
1,2,burst,495,0.1303330000000642,14
1,2,burst,496,0.1297500000000582,14
1,2,burst,497,0.13083300000016607,14
1,2,burst,498,0.13320900000007896,14
1,2,burst,499,0.1329169999999067,14
1,2,burst,500,0.1279170000002523,14
1,2,burst,501,0.1327080000000933,14
1,2,burst,502,0.14404199999989942,14
1,2,burst,503,0.13095900000007532,14
1,2,burst,504,0.12904200000002675,14
1,2,burst,505,0.13150000000041473,14
1,2,burst,506,0.13045899999997346,14
1,2,burst,507,0.12858300000016243,14
1,2,burst,508,0.129790999999841,14
1,2,burst,509,0.1325409999999465,14
1,2,burst,510,0.1294159999997646,14
1,2,burst,511,0.13012499999967986,14
1,2,burst,512,0.13120800000024246,14
1,2,burst,513,0.13829100000020844,14
1,2,burst,514,0.12933300000031522,14
1,2,burst,515,0.13058399999999892,14
1,2,burst,516,0.13008300000001327,14
1,2,burst,517,0.13129099999969185,14
1,2,burst,518,0.12750000000005457,14
1,2,burst,519,0.13287499999978536,14
1,2,burst,520,0.13320900000007896,14
1,2,burst,521,0.13283300000011877,14
1,2,burst,522,0.1303330000000642,14
1,2,burst,523,0.12891700000000128,14
1,2,burst,524,0.13087499999983265,14
1,2,burst,525,0.13075000000026193,14
1,2,burst,526,0.13320800000019517,14
1,2,burst,527,0.13387499999998909,14
1,2,burst,528,0.1319589999998243,14
1,2,burst,529,0.1314580000002934,14
1,2,burst,530,0.13229099999989558,14
1,2,burst,531,0.12908299999980954,14
1,2,burst,532,0.13675000000012005,14
1,2,burst,533,0.130916999999954,14
1,2,burst,534,0.13208299999996598,14
1,2,burst,535,0.129790999999841,14
1,2,burst,536,0.13479099999995015,14
1,2,burst,537,0.13149999999995998,14
1,2,burst,538,0.12987500000008367,14
1,2,burst,539,0.129917000000205,14
1,2,burst,540,0.1285410000000411,14
1,2,burst,541,0.13191599999981918,14
1,2,burst,542,0.13404099999979735,14
1,2,burst,543,0.13041599999996834,14
1,2,burst,544,0.1301250000001346,14
1,2,burst,545,0.13137499999993452,14
1,2,burst,546,0.1312089999996715,14
1,2,burst,547,0.13033299999960946,14
1,2,burst,548,0.1277909999998883,14
1,2,burst,549,0.13116599999966638,14
1,2,burst,550,0.13104100000009566,14
1,2,burst,551,0.13200000000006185,14
1,2,burst,552,0.13391700000011042,14
1,2,burst,553,0.1378330000002279,14
1,2,burst,554,0.13162499999998545,14
1,2,burst,555,0.13154200000008132,14
1,2,burst,556,0.13629200000013952,14
1,2,burst,557,0.130916999999954,14
1,2,burst,558,0.13358400000015536,14
1,2,burst,559,0.13099999999985812,14
1,2,burst,560,0.1322920000002341,14
1,2,burst,561,0.1319589999998243,14
1,2,burst,562,0.13724999999976717,14
1,2,burst,563,0.13200000000006185,14
1,2,burst,564,0.1323749999996835,14
1,2,burst,565,0.13129199999957564,14
1,2,burst,566,0.1305829999996604,14
1,2,burst,567,0.12962500000003274,14
1,2,burst,568,0.131083000000217,14
1,2,burst,569,0.13275000000021464,14
1,2,burst,570,0.14379199999984849,14
1,2,burst,571,0.13308399999959875,14
1,2,burst,572,0.13229199999977936,14
1,2,burst,573,0.13154200000008132,14
1,2,burst,574,0.13129200000003038,14
1,2,burst,575,0.13062500000023647,14
1,2,burst,576,0.1329160000000229,14
1,2,burst,577,0.13295900000002803,14
1,2,burst,578,0.1325419999998303,14
1,2,burst,579,0.1317909999997937,14
1,2,burst,580,0.13395799999989322,14
1,2,burst,581,0.13062500000023647,14
1,2,burst,582,0.13004099999989194,14
1,2,burst,583,0.13112499999988358,14
1,2,burst,584,0.13066699999990306,14
1,2,burst,585,0.13466699999980847,14
1,2,burst,586,0.13049999999975626,14
1,2,burst,587,0.13466599999992468,14
1,2,burst,588,0.13162499999998545,14
1,2,burst,589,0.12787500000013097,14
1,2,burst,590,0.1288750000003347,14
1,2,burst,591,0.13149999999995998,14
1,2,burst,592,0.13220799999999144,14
1,2,burst,593,74.64837499999976,14
1,2,burst,594,0.16995799999995143,14
1,2,burst,595,0.15195799999992232,14
1,2,burst,596,0.16520900000023175,14
1,2,burst,597,0.14541700000017954,14
1,2,burst,598,0.1447080000002643,14
1,2,burst,599,0.8126659999998083,14
1,2,burst,600,0.17124999999987267,14
1,2,burst,601,0.298457999999755,14
1,2,burst,602,2.541500000000269,14
1,2,burst,603,0.25045900000031907,14
1,2,burst,604,0.15279199999986304,14
1,2,burst,605,0.18429199999991397,14
1,2,burst,606,0.14974999999958527,14
1,2,burst,607,0.24316600000020117,14
1,2,burst,608,0.16608300000007148,14
1,2,burst,609,0.1582090000001699,14
1,2,burst,610,0.15220799999997325,14
1,2,burst,611,0.15008299999999508,14
1,2,burst,612,0.1481250000001637,14
1,2,burst,613,0.18629200000032142,14
1,2,burst,614,0.15012500000011642,14
1,2,burst,615,32.49354200000016,14
1,2,burst,616,0.16445799999974042,14
1,2,burst,617,0.1481659999999465,14
1,2,burst,618,0.14020799999980227,14
1,2,burst,619,0.1408329999999296,14
1,2,burst,620,0.14070799999990413,14
1,2,burst,621,0.13533400000005713,14
1,2,burst,622,0.16041599999971368,14
1,2,burst,623,0.13912500000014916,14
1,2,burst,624,0.1354999999998654,14
1,2,burst,625,0.13300000000026557,14
1,2,burst,626,0.135291000000052,14
1,2,burst,627,0.13358299999981682,14
1,2,burst,628,0.14212499999985084,14
1,2,burst,629,0.13504199999988487,14
1,2,burst,630,0.1334999999999127,14
1,2,burst,631,0.13333400000010442,14
1,2,burst,632,0.13204200000018318,14
1,2,burst,633,0.13374999999996362,14
1,2,burst,634,0.13137499999993452,14
1,2,burst,635,0.14150000000017826,14
1,2,burst,636,0.13591700000006313,14
1,2,burst,637,0.13687500000014552,14
1,2,burst,638,0.14383300000008603,14
1,2,burst,639,0.13654099999985192,14
1,2,burst,640,0.13220799999999144,14
1,2,burst,641,0.13608399999975518,14
1,2,burst,642,0.13845800000035524,14
1,2,burst,643,0.1639580000000933,14
1,2,burst,644,0.13795900000013717,14
1,2,burst,645,0.13337499999988722,14
1,2,burst,646,0.13262500000018917,14
1,2,burst,647,0.13650000000006912,14
1,2,burst,648,0.13333300000022064,14
1,2,burst,649,0.1293749999999818,14
1,2,burst,650,0.1334999999999127,14
1,2,burst,651,0.13279199999988123,14
1,2,burst,652,0.13279199999988123,14
1,2,burst,653,0.13066699999990306,14
1,2,burst,654,0.13570800000024974,14
1,2,burst,655,0.13745800000015151,14
1,2,burst,656,0.13558400000010806,14
1,2,burst,657,0.13095800000019153,14
1,2,burst,658,0.13316600000007384,14
1,2,burst,659,0.13220799999999144,14
1,2,burst,660,0.13020800000003874,14
1,2,burst,661,0.1288750000003347,14
1,2,burst,662,0.13425000000006548,14
1,2,burst,663,0.13004200000023047,14
1,2,burst,664,0.12970799999993687,14
1,2,burst,665,0.1297500000000582,14
1,2,burst,666,0.13300000000026557,14
1,2,burst,667,0.1310840000001008,14
1,2,burst,668,0.13208299999996598,14
1,2,burst,669,0.13166599999976825,14
1,2,burst,670,0.13558299999976953,14
1,2,burst,671,0.13533400000005713,14
1,2,burst,672,0.13079200000038327,14
1,2,burst,673,0.14754199999970297,14
1,2,burst,674,0.1349579999996422,14
1,2,burst,675,0.1323330000000169,14
1,2,burst,676,0.12979200000017954,14
1,2,burst,677,0.13116700000000492,14
1,2,burst,678,0.13362499999993815,14
1,2,burst,679,0.13120799999978772,14
1,2,burst,680,0.13108299999976225,14
1,2,burst,681,0.12987500000008367,14
1,2,burst,682,0.13216700000020865,14
1,2,burst,683,0.12962500000003274,14
1,2,burst,684,0.13220899999987523,14
1,2,burst,685,0.1361669999996593,14
1,2,burst,686,0.13345799999979135,14
1,2,burst,687,0.13475000000016735,14
1,2,burst,688,0.129917000000205,14
1,2,burst,689,0.1287080000001879,14
1,2,burst,690,0.13875000000007276,14
1,2,burst,691,0.12929200000007768,14
1,2,burst,692,0.12887499999987995,14
1,2,burst,693,0.12895800000023883,14
1,2,burst,694,0.13504100000000108,14
1,2,burst,695,0.13145799999983865,14
1,2,burst,696,0.13145900000017718,14
1,2,burst,697,0.12854200000037963,14
1,2,burst,698,0.1578749999998763,14
1,2,burst,699,0.1373329999996713,14
1,2,burst,700,0.12945799999988594,14
1,2,burst,701,0.130333999999948,14
1,2,burst,702,0.13183299999991505,14
1,2,burst,703,0.1360420000000886,14
1,2,burst,704,0.13191699999970297,14
1,2,burst,705,0.1327499999997599,14
1,2,burst,706,0.13762500000029831,14
1,2,burst,707,0.12970799999993687,14
1,2,burst,708,0.12820800000008603,14
1,2,burst,709,0.13108299999976225,14
1,2,burst,710,0.13054200000033234,14
1,2,burst,711,0.1277919999997721,14
1,2,burst,712,0.126166000000012,14
1,2,burst,713,0.13312500000029104,14
1,2,burst,714,0.1362500000000182,14
1,2,burst,715,0.13158400000020265,14
1,2,burst,716,0.12887499999987995,14
1,2,burst,717,0.1297500000000582,14
1,2,burst,718,0.13133299999981318,14
1,2,burst,719,0.1302920000002814,14
1,2,burst,720,0.12950000000000728,14
1,2,burst,721,0.13183299999991505,14
1,2,burst,722,0.141791000000012,14
1,2,burst,723,0.1305409999999938,14
1,2,burst,724,0.13266599999997197,14
1,2,burst,725,0.1327499999997599,14
1,2,burst,726,0.12845799999968222,14
1,2,burst,727,0.13079100000004473,14
1,2,burst,728,0.13358299999981682,14
1,2,burst,729,0.130916999999954,14
1,2,burst,730,0.129334000000199,14
1,2,burst,731,0.12929200000007768,14
1,2,burst,732,0.13058300000011513,14
1,2,burst,733,0.13737500000024738,14
1,2,burst,734,0.13158300000031886,14
1,2,burst,735,0.13137499999993452,14
1,2,burst,736,0.13045799999963492,14
1,2,burst,737,0.13366699999960474,14
1,2,burst,738,0.12974999999960346,14
1,2,burst,739,0.13041599999996834,14
1,2,burst,740,0.13095800000019153,14
1,2,burst,741,0.13591700000006313,14
1,2,burst,742,0.1370839999999589,14
1,2,burst,743,0.1305419999998776,14
1,2,burst,744,0.12912499999993088,14
1,2,burst,745,0.1324590000003809,14
1,2,burst,746,0.13062500000023647,14
1,2,burst,747,0.13008399999989706,14
1,2,burst,748,0.1277500000001055,14
1,2,burst,749,0.13183399999979883,14
1,2,burst,750,0.13087499999983265,14
1,2,burst,751,0.12958400000024994,14
1,2,burst,752,0.1321669999997539,14
1,2,burst,753,0.13154199999962657,14
1,2,burst,754,0.13145799999983865,14
1,2,burst,755,0.13083300000016607,14
1,2,burst,756,0.13258399999995163,14
1,2,burst,757,0.135707999999795,14
1,2,burst,758,0.13579099999969912,14
1,2,burst,759,0.13129200000003038,14
1,2,burst,760,0.13333300000022064,14
1,2,burst,761,0.1330830000001697,14
1,2,burst,762,0.13195800000039526,14
1,2,burst,763,0.13650000000006912,14
1,2,burst,764,0.13408299999991868,14
1,2,burst,765,0.13141700000005585,14
1,2,burst,766,0.1307090000000244,14
1,2,burst,767,0.13145900000017718,14
1,2,burst,768,0.13337499999988722,14
1,2,burst,769,0.13062500000023647,14
1,2,burst,770,0.13133300000026793,14
1,2,burst,771,0.13995800000020608,14
1,2,burst,772,0.13487499999973807,14
1,2,burst,773,0.1319589999998243,14
1,2,burst,774,0.13129200000003038,14
1,2,burst,775,0.13750000000027285,14
1,2,burst,776,0.13416700000016135,14
1,2,burst,777,0.13220899999987523,14
1,2,burst,778,0.12962500000003274,14
1,2,burst,779,0.13249999999970896,14
1,2,burst,780,0.13162499999998545,14
1,2,burst,781,0.13000000000010914,14
1,2,burst,782,0.1295839999997952,14
1,2,burst,783,0.13229199999977936,14
1,2,burst,784,0.1323330000000169,14
1,2,burst,785,0.1328750000002401,14
1,2,burst,786,0.12962500000003274,14
1,2,burst,787,0.13170799999988958,14
1,2,burst,788,0.13008300000001327,14
1,2,burst,789,0.12962500000003274,14
1,2,burst,790,0.12933299999986048,14
1,2,burst,791,0.1333329999997659,14
1,2,burst,792,0.13520800000014788,14
1,2,burst,793,0.1309160000000702,14
1,2,burst,794,0.13704100000040853,14
1,2,burst,795,0.1345409999998992,14
1,2,burst,796,0.12924999999995634,14
1,2,burst,797,0.12887499999987995,14
1,2,burst,798,0.13487499999973807,14
1,2,burst,799,0.13204200000018318,14
1,2,burst,800,0.13845800000035524,14
1,2,burst,801,0.12837499999977808,14
1,2,burst,802,0.13362499999993815,14
1,2,burst,803,0.12883300000021336,14
1,2,burst,804,0.1325000000001637,14
1,2,burst,805,0.12866699999995035,14
1,2,burst,806,0.1326670000003105,14
1,2,burst,807,0.13116700000000492,14
1,2,burst,808,0.13500000000021828,14
1,2,burst,809,0.1299579999999878,14
1,2,burst,810,0.13204200000018318,14
1,2,burst,811,0.13016700000025594,14
1,2,burst,812,0.13133400000015172,14
1,2,burst,813,0.13000000000010914,14
1,2,burst,814,0.1356670000000122,14
1,2,burst,815,0.13045899999997346,14
1,2,burst,816,0.1302920000002814,14
1,2,burst,817,0.12841699999989942,14
1,2,burst,818,0.13079199999992852,14
1,2,burst,819,0.130916999999954,14
1,2,burst,820,0.12879199999997581,14
1,2,burst,821,0.13154200000008132,14
1,2,burst,822,0.1302920000002814,14
1,2,burst,823,0.12800000000015643,14
1,2,burst,824,0.13483300000007148,14
1,2,burst,825,0.12883400000009715,14
1,2,burst,826,0.13591700000006313,14
1,2,burst,827,0.12895899999966787,14
1,2,burst,828,0.13020800000003874,14
1,2,burst,829,0.13383299999986775,14
1,2,burst,830,0.15450000000009823,14
1,2,burst,831,0.13070799999968585,14
1,2,burst,832,0.13004199999977573,14
1,2,burst,833,0.1277500000001055,14
1,2,burst,834,0.13024999999970532,14
1,2,burst,835,0.12916699999959746,14
1,2,burst,836,0.12933399999974426,14
1,2,burst,837,0.12854199999992488,14
1,2,burst,838,0.1562090000002172,14
1,2,burst,839,0.1384170000001177,14
1,2,burst,840,0.13562499999989086,14
1,2,burst,841,0.13637500000004366,14
1,2,burst,842,44.43550000000005,14
1,2,burst,843,0.156833000000006,14
1,2,burst,844,47.88004099999989,14
1,2,burst,845,0.3722499999998945,14
1,2,burst,846,0.15762499999982538,14
1,2,burst,847,17.595416999999998,14
1,2,burst,848,0.14666600000009566,14
1,2,burst,849,0.0629159999998592,14
1,2,burst,850,0.05758300000024974,14
1,2,burst,851,0.05554200000005949,14
1,2,burst,852,0.05375000000003638,14
1,2,burst,853,0.054416999999830296,14
1,2,burst,854,0.052999999999883585,14
1,2,burst,855,0.05379099999981918,14
1,2,burst,856,0.05229200000030687,14
1,2,burst,857,0.055666000000201166,14
1,2,burst,858,0.05216699999982666,14
1,2,burst,859,0.058584000000337255,14
1,2,burst,860,0.05233399999997346,14
1,2,burst,861,0.0542089999999007,14
1,2,burst,862,0.055459000000155356,14
1,2,burst,863,0.05295899999964604,14
1,2,burst,864,0.052625000000261934,14
1,2,burst,865,0.0527500000002874,14
1,2,burst,866,0.053417000000081316,14
1,2,burst,867,0.05220899999994799,14
1,2,burst,868,0.05462500000021464,14
1,2,burst,869,0.05266699999992852,14
1,2,burst,870,0.052000000000134605,14
1,2,burst,871,0.052083999999922526,14
1,2,burst,872,0.054166999999779364,14
1,2,burst,873,0.05316599999969185,14
1,2,burst,874,0.05104200000005221,14
1,2,burst,875,0.061542000000372354,14
1,2,burst,876,0.05608299999994415,14
1,2,burst,877,0.05195800000001327,14
1,2,burst,878,0.05158399999982066,14
1,2,burst,879,0.0502080000001115,14
1,2,burst,880,0.052375000000211,14
1,2,burst,881,0.05195900000035181,14
1,2,burst,882,0.8612499999999272,14
1,2,burst,883,0.24299999999993815,14
1,2,burst,884,0.161040999999841,14
1,2,burst,885,0.13962500000025102,14
1,2,burst,886,0.4974579999998241,14
1,2,burst,887,1.9035840000001372,14
1,2,burst,888,0.15754199999992125,14
1,2,burst,889,0.14974999999958527,14
1,2,burst,890,0.1566250000000764,14
1,2,burst,891,0.13437500000009095,14
1,2,burst,892,0.1757910000001175,14
1,2,burst,893,0.1452079999999114,14
1,2,burst,894,0.1374999999998181,14
1,2,burst,895,0.13479200000028868,14
1,2,burst,896,0.13808400000016263,14
1,2,burst,897,0.13991699999996854,14
1,2,burst,898,0.13791600000013204,14
1,2,burst,899,0.13483300000007148,14
1,2,burst,900,0.14070900000024267,14
1,2,burst,901,0.1319999999996071,14
1,2,burst,902,0.1369169999998121,14
1,2,burst,903,0.39420800000016243,14
1,2,burst,904,2.201082999999926,14
1,2,burst,905,0.25266700000020137,14
1,2,burst,906,0.15150000000039654,14
1,2,burst,907,17.90558299999975,14
1,2,burst,908,1.0048339999998461,14
1,2,burst,909,0.7658329999999296,14
1,2,burst,910,0.27466699999968114,14
1,2,burst,911,0.1607920000001286,14
1,2,burst,912,0.1661669999998594,14
1,2,burst,913,0.37287500000002183,14
1,2,burst,914,0.18779100000028848,14
1,2,burst,915,0.16220800000019153,14
1,2,burst,916,0.1790000000000873,14
1,2,burst,917,0.15362499999991996,14
1,2,burst,918,0.1531249999998181,14
1,2,burst,919,0.16808300000002419,14
1,2,burst,920,0.15933300000006057,14
1,2,burst,921,0.1481250000001637,14
1,2,burst,922,0.14587499999970532,14
1,2,burst,923,0.16212499999983265,14
1,2,burst,924,0.2563329999998132,14
1,2,burst,925,1.1233339999998861,14
1,2,burst,926,8.053917000000183,14
1,2,burst,927,0.39579200000025594,14
1,2,burst,928,0.4238749999999527,14
1,2,burst,929,1.4726670000000013,14
1,2,burst,930,0.1544579999999769,14
1,2,burst,931,0.1590419999997721,14
1,2,burst,932,0.2314589999996315,14
1,2,burst,933,0.15616699999964112,14
1,2,burst,934,0.16041600000016842,14
1,2,burst,935,0.14991600000030303,14
1,2,burst,936,1.930417000000034,14
1,2,burst,937,0.16683299999976953,14
1,2,burst,938,0.3706669999996848,14
1,2,burst,939,1.0991669999998521,14
1,2,burst,940,0.14462500000036016,14
1,2,burst,941,0.13854100000025937,14
1,2,burst,942,0.22579099999984464,14
1,2,burst,943,0.24825000000009823,14
1,2,burst,944,0.16333299999996598,14
1,2,burst,945,0.17383300000028612,14
1,2,burst,946,0.14291599999978644,14
1,2,burst,947,13.361125000000357,14
1,2,burst,948,0.23995800000011513,14
1,2,burst,949,0.15154100000017934,14
1,2,burst,950,0.14200000000028012,14
1,2,burst,951,0.1414999999997235,14
1,2,burst,952,0.1352919999999358,14
1,2,burst,953,0.13654099999985192,14
1,2,burst,954,0.13237500000013824,14
1,2,burst,955,0.13854200000014316,14
1,2,burst,956,0.13283300000011877,14
1,2,burst,957,0.13633299999992232,14
1,2,burst,958,0.13504100000000108,14
1,2,burst,959,0.1364579999999478,14
1,2,burst,960,0.1328750000002401,14
1,2,burst,961,0.13245800000004238,14
1,2,burst,962,0.16391699999985576,14
1,2,burst,963,0.13400000000001455,14
1,2,burst,964,0.13495800000009694,14
1,2,burst,965,0.1328750000002401,14
1,2,burst,966,0.13225000000011278,14
1,2,burst,967,0.13433299999996962,14
1,2,burst,968,0.13362499999993815,14
1,2,burst,969,0.13520800000014788,14
1,2,burst,970,0.13095899999962057,14
1,2,burst,971,0.13241699999980483,14
1,2,burst,972,0.13158300000031886,14
1,2,burst,973,0.13341600000012477,14
1,2,burst,974,0.1301659999999174,14
1,2,burst,975,0.1350830000001224,14
1,2,burst,976,0.13895899999988615,14
1,2,burst,977,0.14266700000007404,14
1,2,burst,978,0.1308750000002874,14
1,2,burst,979,0.1413750000001528,14
1,2,burst,980,0.1390000000001237,14
1,2,burst,981,0.13358299999981682,14
1,2,burst,982,0.13158299999986411,14
1,2,burst,983,0.1362500000000182,14
1,2,burst,984,0.13412500000004002,14
1,2,burst,985,0.1293749999999818,14
1,2,burst,986,0.12983299999996234,14
1,2,burst,987,0.13112500000033833,14
1,2,burst,988,0.13079199999992852,14
1,2,burst,989,0.1295420000001286,14
1,2,burst,990,0.13066699999990306,14
1,2,burst,991,0.13699999999971624,14
1,2,burst,992,0.13116700000000492,14
1,2,burst,993,0.12962500000003274,14
1,2,burst,994,0.12887499999987995,14
1,2,burst,995,0.13312500000029104,14
1,2,burst,996,0.1301659999999174,14
1,2,burst,997,0.134708000000046,14
1,2,burst,998,0.13083400000004985,14
1,2,burst,999,0.13262500000018917,14
1,4,idle,0,0.0021660000002157176,0
1,4,idle,1,0.0020410000001902517,0
1,4,idle,2,0.0027500000001055014,0
1,4,idle,3,0.00233299999990777,0
1,4,idle,4,0.002375000000029104,0
1,4,idle,5,0.002124999999978172,0
1,4,idle,6,0.0021659999997609702,0
1,4,idle,7,0.0026250000000800355,0
1,4,idle,8,0.002250000000003638,0
1,4,idle,9,0.0021250000004329195,0
1,4,idle,10,0.002124999999978172,0
1,4,idle,11,0.0026250000000800355,0
1,4,idle,12,0.0028330000000096334,0
1,4,idle,13,0.00220900000022084,0
1,4,idle,14,0.0020829999998568383,0
1,4,idle,15,0.002250000000003638,0
1,4,idle,16,0.002167000000099506,0
1,4,idle,17,0.0025840000002972374,0
1,4,idle,18,0.002791999999772088,0
1,4,idle,19,0.0022919999996702245,0
1,4,idle,20,0.0020829999998568383,0
1,4,idle,21,0.0027500000001055014,0
1,4,idle,22,0.0022080000003370515,0
1,4,idle,23,0.002917000000252301,0
1,4,idle,24,0.0020829999998568383,0
1,4,idle,25,0.002167000000099506,0
1,4,idle,26,0.002250000000003638,0
1,4,idle,27,0.0020829999998568383,0
1,4,idle,28,0.0027909999998882995,0
1,4,idle,29,0.002124999999978172,0
1,4,idle,30,0.002250000000003638,0
1,4,idle,31,0.002250000000003638,0
1,4,idle,32,0.002583000000413449,0
1,4,idle,33,0.0027079999999841675,0
1,4,idle,34,0.002167000000099506,0
1,4,idle,35,0.002540999999837368,0
1,4,idle,36,0.0020409999997355044,0
1,4,idle,37,0.002207999999882304,0
1,4,idle,38,0.002124999999978172,0
1,4,idle,39,0.0029159999999137654,0
1,4,idle,40,0.0021659999997609702,0
1,4,idle,41,0.0025829999999587017,0
1,4,idle,42,0.0022080000003370515,0
1,4,idle,43,0.002124999999978172,0
1,4,idle,44,0.0030419999998230196,0
1,4,idle,45,0.002207999999882304,0
1,4,idle,46,0.0020829999998568383,0
1,4,idle,47,0.002167000000099506,0
1,4,idle,48,0.002084000000195374,0
1,4,idle,49,0.0025829999999587017,0
1,4,idle,50,0.0020829999998568383,0
1,4,idle,51,0.0025000000000545697,0
1,4,idle,52,0.0021659999997609702,0
1,4,idle,53,0.002124999999978172,0
1,4,idle,54,0.0020839999997406267,0
1,4,idle,55,0.002791999999772088,0
1,4,idle,56,0.0020830000003115856,0
1,4,idle,57,0.002124999999978172,0
1,4,idle,58,0.00204200000007404,0
1,4,idle,59,0.002124999999978172,0
1,4,idle,60,0.002666999999746622,0
1,4,idle,61,0.002084000000195374,0
1,4,idle,62,0.002167000000099506,0
1,4,idle,63,0.002207999999882304,0
1,4,idle,64,0.0020829999998568383,0
1,4,idle,65,0.003875000000334694,0
1,4,idle,66,0.002250000000003638,0
1,4,idle,67,0.002292000000124972,0
1,4,idle,68,0.0020830000003115856,0
1,4,idle,69,0.0022910000002411834,0
1,4,idle,70,0.0027909999998882995,0
1,4,idle,71,0.002207999999882304,0
1,4,idle,72,0.0026670000002013694,0
1,4,idle,73,0.0019999999999527063,0
1,4,idle,74,0.002124999999978172,0
1,4,idle,75,0.002124999999978172,0
1,4,idle,76,0.0028330000000096334,0
1,4,idle,77,0.0021660000002157176,0
1,4,idle,78,0.002250000000003638,0
1,4,idle,79,0.002124999999978172,0
1,4,idle,80,0.00204200000007404,0
1,4,idle,81,0.002541999999721156,0
1,4,idle,82,0.003541999999924883,0
1,4,idle,83,0.002124999999978172,0
1,4,idle,84,0.0021660000002157176,0
1,4,idle,85,0.002167000000099506,0
1,4,idle,86,0.003416999999899417,0
1,4,idle,87,0.002167000000099506,0
1,4,idle,88,0.0020829999998568383,0
1,4,idle,89,0.002207999999882304,0
1,4,idle,90,0.002124999999978172,0
1,4,idle,91,0.0026670000002013694,0
1,4,idle,92,0.0019999999999527063,0
1,4,idle,93,0.00204200000007404,0
1,4,idle,94,0.002084000000195374,0
1,4,idle,95,0.002207999999882304,0
1,4,idle,96,0.002167000000099506,0
1,4,idle,97,0.0027920000002268353,0
1,4,idle,98,0.002375000000029104,0
1,4,idle,99,0.0026250000000800355,0
1,4,idle,100,0.0020839999997406267,0
1,4,idle,101,0.0022080000003370515,0
1,4,idle,102,0.0034160000000156288,0
1,4,idle,103,0.0021659999997609702,0
1,4,idle,104,0.002290999999786436,0
1,4,idle,105,0.002124999999978172,0
1,4,idle,106,0.002084000000195374,0
1,4,idle,107,0.002666999999746622,0
1,4,idle,108,0.002124999999978172,0
1,4,idle,109,0.002167000000099506,0
1,4,idle,110,0.002124999999978172,0
1,4,idle,111,0.0020830000003115856,0
1,4,idle,112,0.003749999999854481,0
1,4,idle,113,0.002207999999882304,0
1,4,idle,114,0.002207999999882304,0
1,4,idle,115,0.002124999999978172,0
1,4,idle,116,0.002207999999882304,0
1,4,idle,117,0.002124999999978172,0
1,4,idle,118,0.0027500000001055014,0
1,4,idle,119,0.002124999999978172,0
1,4,idle,120,0.0020830000003115856,0
1,4,idle,121,0.002124999999978172,0
1,4,idle,122,0.0028330000000096334,0
1,4,idle,123,0.002791999999772088,0
1,4,idle,124,0.002084000000195374,0
1,4,idle,125,0.00204200000007404,0
1,4,idle,126,0.002167000000099506,0
1,4,idle,127,0.00204200000007404,0
1,4,idle,128,0.0026250000000800355,0
1,4,idle,129,0.002917000000252301,0
1,4,idle,130,0.002375000000029104,0
1,4,idle,131,0.0021660000002157176,0
1,4,idle,132,0.002124999999978172,0
1,4,idle,133,0.01662499999974898,0
1,4,idle,134,0.002167000000099506,0
1,4,idle,135,0.002084000000195374,0
1,4,idle,136,0.002167000000099506,0
1,4,idle,137,0.002167000000099506,0
1,4,idle,138,0.0020829999998568383,0
1,4,idle,139,0.0027500000001055014,0
1,4,idle,140,0.00233299999990777,0
1,4,idle,141,0.002124999999978172,0
1,4,idle,142,0.0020829999998568383,0
1,4,idle,143,0.002124999999978172,0
1,4,idle,144,0.0033749999997780833,0
1,4,idle,145,0.0022089999997660925,0
1,4,idle,146,0.002167000000099506,0
1,4,idle,147,0.002124999999978172,0
1,4,idle,148,0.002041999999619293,0
1,4,idle,149,0.002624999999625288,0
1,4,idle,150,0.0021659999997609702,0
1,4,idle,151,0.0020409999997355044,0
1,4,idle,152,0.002124999999978172,0
1,4,idle,153,0.0020829999998568383,0
1,4,idle,154,0.0027909999998882995,0
1,4,idle,155,0.0021659999997609702,0
1,4,idle,156,0.002292000000124972,0
1,4,idle,157,0.002207999999882304,0
1,4,idle,158,0.002124999999978172,0
1,4,idle,159,0.00233299999990777,0
1,4,idle,160,0.002666000000317581,0
1,4,idle,161,0.002375000000029104,0
1,4,idle,162,0.002167000000099506,0
1,4,idle,163,0.002917000000252301,0
1,4,idle,164,0.0019999999999527063,0
1,4,idle,165,0.0034160000000156288,0
1,4,idle,166,0.002666000000317581,0
1,4,idle,167,0.002207999999882304,0
1,4,idle,168,0.0021660000002157176,0
1,4,idle,169,0.002124999999978172,0
1,4,idle,170,0.0028339999998934218,0
1,4,idle,171,0.002084000000195374,0
1,4,idle,172,0.0027920000002268353,0
1,4,idle,173,0.002167000000099506,0
1,4,idle,174,0.0020829999998568383,0
1,4,idle,175,0.003541999999924883,0
1,4,idle,176,0.00204200000007404,0
1,4,idle,177,0.0023340000002463057,0
1,4,idle,178,0.00233299999990777,0
1,4,idle,179,0.0020409999997355044,0
1,4,idle,180,0.0020829999998568383,0
1,4,idle,181,0.0028750000001309672,0
1,4,idle,182,0.0024170000001504377,0
1,4,idle,183,0.002167000000099506,0
1,4,idle,184,0.002124999999978172,0
1,4,idle,185,0.002084000000195374,0
1,4,idle,186,0.002666999999746622,0
1,4,idle,187,0.002250000000003638,0
1,4,idle,188,0.002124999999978172,0
1,4,idle,189,0.002124999999978172,0
1,4,idle,190,0.0020830000003115856,0
1,4,idle,191,0.002666000000317581,0
1,4,idle,192,0.0024169999996956903,0
1,4,idle,193,0.0027920000002268353,0
1,4,idle,194,0.002124999999978172,0
1,4,idle,195,0.0020829999998568383,0
1,4,idle,196,0.002708999999867956,0
1,4,idle,197,0.0021669999996447586,0
1,4,idle,198,0.002124999999978172,0
1,4,idle,199,0.00204200000007404,0
1,4,idle,200,0.002250000000003638,0
1,4,idle,201,0.0022080000003370515,0
1,4,idle,202,0.0026250000000800355,0
1,4,idle,203,0.002124999999978172,0
1,4,idle,204,0.00204200000007404,0
1,4,idle,205,0.002167000000099506,0
1,4,idle,206,0.002708999999867956,0
1,4,idle,207,0.0025420000001759036,0
1,4,idle,208,0.00233299999990777,0
1,4,idle,209,0.002250000000003638,0
1,4,idle,210,0.00204200000007404,0
1,4,idle,211,0.0020829999998568383,0
1,4,idle,212,0.0027500000001055014,0
1,4,idle,213,0.00233299999990777,0
1,4,idle,214,0.0020830000003115856,0
1,4,idle,215,0.002167000000099506,0
1,4,idle,216,0.002124999999978172,0
1,4,idle,217,0.002749999999650754,0
1,4,idle,218,0.0022089999997660925,0
1,4,idle,219,0.002250000000003638,0
1,4,idle,220,0.002124999999978172,0
1,4,idle,221,0.002124999999978172,0
1,4,idle,222,0.002124999999978172,0
1,4,idle,223,0.002583000000413449,0
1,4,idle,224,0.002917000000252301,0
1,4,idle,225,0.002292000000124972,0
1,4,idle,226,0.002124999999978172,0
1,4,idle,227,0.002124999999978172,0
1,4,idle,228,0.002666999999746622,0
1,4,idle,229,0.0022919999996702245,0
1,4,idle,230,0.002207999999882304,0
1,4,idle,231,0.0028330000000096334,0
1,4,idle,232,0.002666999999746622,0
1,4,idle,233,0.0032089999999698193,0
1,4,idle,234,0.0021669999996447586,0
1,4,idle,235,0.002250000000003638,0
1,4,idle,236,0.002124999999978172,0
1,4,idle,237,0.0029580000000350992,0
1,4,idle,238,0.002084000000195374,0
1,4,idle,239,0.0028330000000096334,0
1,4,idle,240,0.002250000000003638,0
1,4,idle,241,0.0029580000000350992,0
1,4,idle,242,0.0027909999998882995,0
1,4,idle,243,0.002540999999837368,0
1,4,idle,244,0.0027079999999841675,0
1,4,idle,245,0.0026670000002013694,0
1,4,idle,246,0.00204200000007404,0
1,4,idle,247,0.002791999999772088,0
1,4,idle,248,0.0019999999999527063,0
1,4,idle,249,0.003125000000181899,0
1,4,idle,250,0.002084000000195374,0
1,4,idle,251,0.002250000000003638,0
1,4,idle,252,0.002124999999978172,0
1,4,idle,253,0.002207999999882304,0
1,4,idle,254,0.0031669999998484855,0
1,4,idle,255,0.0022089999997660925,0
1,4,idle,256,0.002458000000387983,0
1,4,idle,257,0.002124999999978172,0
1,4,idle,258,0.002124999999978172,0
1,4,idle,259,0.0021669999996447586,0
1,4,idle,260,0.00258399999984249,0
1,4,idle,261,0.002415999999811902,0
1,4,idle,262,0.002290999999786436,0
1,4,idle,263,0.0021659999997609702,0
1,4,idle,264,0.0020829999998568383,0
1,4,idle,265,0.0028330000000096334,0
1,4,idle,266,0.0022089999997660925,0
1,4,idle,267,0.0019999999999527063,0
1,4,idle,268,0.0028330000000096334,0
1,4,idle,269,0.0021669999996447586,0
1,4,idle,270,0.0027500000001055014,0
1,4,idle,271,0.002207999999882304,0
1,4,idle,272,0.0020829999998568383,0
1,4,idle,273,0.002124999999978172,0
1,4,idle,274,0.0024170000001504377,0
1,4,idle,275,0.0027500000001055014,0
1,4,idle,276,0.0020830000003115856,0
1,4,idle,277,0.002084000000195374,0
1,4,idle,278,0.002124999999978172,0
1,4,idle,279,0.002167000000099506,0
1,4,idle,280,0.002124999999978172,0
1,4,idle,281,0.002749999999650754,0
1,4,idle,282,0.0021669999996447586,0
1,4,idle,283,0.0022080000003370515,0
1,4,idle,284,0.002708999999867956,0
1,4,idle,285,0.002207999999882304,0
1,4,idle,286,0.0026250000000800355,0
1,4,idle,287,0.002124999999978172,0
1,4,idle,288,0.0026250000000800355,0
1,4,idle,289,0.002207999999882304,0
1,4,idle,290,0.0029169999997975538,0
1,4,idle,291,0.0028339999998934218,0
1,4,idle,292,0.002207999999882304,0
1,4,idle,293,0.002250000000003638,0
1,4,idle,294,0.00233299999990777,0
1,4,idle,295,0.002124999999978172,0
1,4,idle,296,0.0025829999999587017,0
1,4,idle,297,0.002124999999978172,0
1,4,idle,298,0.002124999999978172,0
1,4,idle,299,0.0030839999999443535,0
1,4,idle,300,0.0025420000001759036,0
1,4,idle,301,0.002207999999882304,0
1,4,idle,302,0.0028330000000096334,0
1,4,idle,303,0.0024170000001504377,0
1,4,idle,304,0.00220900000022084,0
1,4,idle,305,0.002124999999978172,0
1,4,idle,306,0.0022089999997660925,0
1,4,idle,307,0.002749999999650754,0
1,4,idle,308,0.002124999999978172,0
1,4,idle,309,0.002124999999978172,0
1,4,idle,310,0.0022080000003370515,0
1,4,idle,311,0.0020829999998568383,0
1,4,idle,312,0.00258399999984249,0
1,4,idle,313,0.0022080000003370515,0
1,4,idle,314,0.002290999999786436,0
1,4,idle,315,0.0027500000001055014,0
1,4,idle,316,0.002124999999978172,0
1,4,idle,317,0.0027500000001055014,0
1,4,idle,318,0.002375000000029104,0
1,4,idle,319,0.0021660000002157176,0
1,4,idle,320,0.0020410000001902517,0
1,4,idle,321,0.0020830000003115856,0
1,4,idle,322,0.002250000000003638,0
1,4,idle,323,0.0027079999999841675,0
1,4,idle,324,0.0021669999996447586,0
1,4,idle,325,0.0023339999997915584,0
1,4,idle,326,0.002124999999978172,0
1,4,idle,327,0.0021250000004329195,0
1,4,idle,328,0.002540999999837368,0
1,4,idle,329,0.002415999999811902,0
1,4,idle,330,0.0076249999997344275,0
1,4,idle,331,0.0022080000003370515,0
1,4,idle,332,0.002708000000438915,0
1,4,idle,333,0.0029159999999137654,0
1,4,idle,334,0.002207999999882304,0
1,4,idle,335,0.002207999999882304,0
1,4,idle,336,0.00220900000022084,0
1,4,idle,337,0.002124999999978172,0
1,4,idle,338,0.002084000000195374,0
1,4,idle,339,0.0028750000001309672,0
1,4,idle,340,0.002250000000003638,0
1,4,idle,341,0.0020830000003115856,0
1,4,idle,342,0.002167000000099506,0
1,4,idle,343,0.002124999999978172,0
1,4,idle,344,0.002749999999650754,0
1,4,idle,345,0.002749999999650754,0
1,4,idle,346,0.002124999999978172,0
1,4,idle,347,0.0020829999998568383,0
1,4,idle,348,0.002207999999882304,0
1,4,idle,349,0.003167000000303233,0
1,4,idle,350,0.0020839999997406267,0
1,4,idle,351,0.002375000000029104,0
1,4,idle,352,0.002666999999746622,0
1,4,idle,353,0.0021250000004329195,0
1,4,idle,354,0.0025829999999587017,0
1,4,idle,355,0.002084000000195374,0
1,4,idle,356,0.002167000000099506,0
1,4,idle,357,0.0020829999998568383,0
1,4,idle,358,0.0020829999998568383,0
1,4,idle,359,0.002167000000099506,0
1,4,idle,360,0.0025000000000545697,0
1,4,idle,361,0.002290999999786436,0
1,4,idle,362,0.002207999999882304,0
1,4,idle,363,0.00220900000022084,0
1,4,idle,364,0.00204200000007404,0
1,4,idle,365,0.002457999999933236,0
1,4,idle,366,0.002207999999882304,0
1,4,idle,367,0.002708999999867956,0
1,4,idle,368,0.0020830000003115856,0
1,4,idle,369,0.002124999999978172,0
1,4,idle,370,0.002666999999746622,0
1,4,idle,371,0.002124999999978172,0
1,4,idle,372,0.0019999999999527063,0
1,4,idle,373,0.0025829999999587017,0
1,4,idle,374,0.00204200000007404,0
1,4,idle,375,0.0026659999998628336,0
1,4,idle,376,0.0026250000000800355,0
1,4,idle,377,0.002167000000099506,0
1,4,idle,378,0.002207999999882304,0
1,4,idle,379,0.0021659999997609702,0
1,4,idle,380,0.002124999999978172,0
1,4,idle,381,0.00258399999984249,0
1,4,idle,382,0.002375000000029104,0
1,4,idle,383,0.0023339999997915584,0
1,4,idle,384,0.002124999999978172,0
1,4,idle,385,0.002124999999978172,0
1,4,idle,386,0.0027500000001055014,0
1,4,idle,387,0.00204200000007404,0
1,4,idle,388,0.002207999999882304,0
1,4,idle,389,0.002375000000029104,0
1,4,idle,390,0.002167000000099506,0
1,4,idle,391,0.00383300000021336,0
1,4,idle,392,0.0021660000002157176,0
1,4,idle,393,0.0022910000002411834,0
1,4,idle,394,0.0021660000002157176,0
1,4,idle,395,0.0020410000001902517,0
1,4,idle,396,0.0026659999998628336,0
1,4,idle,397,0.0021659999997609702,0
1,4,idle,398,0.008457999999791355,0
1,4,idle,399,0.002250000000003638,0
1,4,idle,400,0.002124999999978172,0
1,4,idle,401,0.002292000000124972,0
1,4,idle,402,0.0027500000001055014,0
1,4,idle,403,0.002415999999811902,0
1,4,idle,404,0.0022499999995488906,0
1,4,idle,405,0.0022919999996702245,0
1,4,idle,406,0.0025829999999587017,0
1,4,idle,407,0.0028330000000096334,0
1,4,idle,408,0.002084000000195374,0
1,4,idle,409,0.003167000000303233,0
1,4,idle,410,0.0020829999998568383,0
1,4,idle,411,0.0022910000002411834,0
1,4,idle,412,0.002541000000292115,0
1,4,idle,413,0.0022080000003370515,0
1,4,idle,414,0.0023339999997915584,0
1,4,idle,415,0.0026670000002013694,0
1,4,idle,416,0.002167000000099506,0
1,4,idle,417,0.0026670000002013694,0
1,4,idle,418,0.002167000000099506,0
1,4,idle,419,0.002250000000003638,0
1,4,idle,420,0.002250000000003638,0
1,4,idle,421,0.002124999999978172,0
1,4,idle,422,0.002124999999978172,0
1,4,idle,423,0.0027909999998882995,0
1,4,idle,424,0.0021660000002157176,0
1,4,idle,425,0.002124999999978172,0
1,4,idle,426,0.0020829999998568383,0
1,4,idle,427,0.002250000000003638,0
1,4,idle,428,0.0025000000000545697,0
1,4,idle,429,0.002250000000003638,0
1,4,idle,430,0.002167000000099506,0
1,4,idle,431,0.0022080000003370515,0
1,4,idle,432,0.002041999999619293,0
1,4,idle,433,0.002624999999625288,0
1,4,idle,434,0.0027079999999841675,0
1,4,idle,435,0.00204200000007404,0
1,4,idle,436,0.002167000000099506,0
1,4,idle,437,0.002708999999867956,0
1,4,idle,438,0.0026250000000800355,0
1,4,idle,439,0.002124999999978172,0
1,4,idle,440,0.0020830000003115856,0
1,4,idle,441,0.002167000000099506,0
1,4,idle,442,0.0022080000003370515,0
1,4,idle,443,0.002124999999978172,0
1,4,idle,444,0.002791000000343047,0
1,4,idle,445,0.0025000000000545697,0
1,4,idle,446,0.002124999999978172,0
1,4,idle,447,0.0021659999997609702,0
1,4,idle,448,0.00233299999990777,0
1,4,idle,449,0.0026670000002013694,0
1,4,idle,450,0.0019999999999527063,0
1,4,idle,451,0.0021659999997609702,0
1,4,idle,452,0.0021659999997609702,0
1,4,idle,453,0.0027909999998882995,0
1,4,idle,454,0.0027079999999841675,0
1,4,idle,455,0.0022089999997660925,0
1,4,idle,456,0.0020839999997406267,0
1,4,idle,457,0.002124999999978172,0
1,4,idle,458,0.0020839999997406267,0
1,4,idle,459,0.0025829999999587017,0
1,4,idle,460,0.002124999999978172,0
1,4,idle,461,0.002250000000003638,0
1,4,idle,462,0.002167000000099506,0
1,4,idle,463,0.0027090000003227033,0
1,4,idle,464,0.0020829999998568383,0
1,4,idle,465,0.0025829999999587017,0
1,4,idle,466,0.002167000000099506,0
1,4,idle,467,0.0029589999999188876,0
1,4,idle,468,0.003000000000156433,0
1,4,idle,469,0.00204200000007404,0
1,4,idle,470,0.002917000000252301,0
1,4,idle,471,0.0022089999997660925,0
1,4,idle,472,0.002250000000003638,0
1,4,idle,473,0.00204200000007404,0
1,4,idle,474,0.0020839999997406267,0
1,4,idle,475,0.002666999999746622,0
1,4,idle,476,0.0024169999996956903,0
1,4,idle,477,0.0024169999996956903,0
1,4,idle,478,0.002167000000099506,0
1,4,idle,479,0.002084000000195374,0
1,4,idle,480,0.0027920000002268353,0
1,4,idle,481,0.002124999999978172,0
1,4,idle,482,0.00220900000022084,0
1,4,idle,483,0.00204200000007404,0
1,4,idle,484,0.002207999999882304,0
1,4,idle,485,0.0020829999998568383,0
1,4,idle,486,0.0027500000001055014,0
1,4,idle,487,0.0021250000004329195,0
1,4,idle,488,0.0021660000002157176,0
1,4,idle,489,0.0022080000003370515,0
1,4,idle,490,0.002167000000099506,0
1,4,idle,491,0.0026250000000800355,0
1,4,idle,492,0.00233299999990777,0
1,4,idle,493,0.0021669999996447586,0
1,4,idle,494,0.0021660000002157176,0
1,4,idle,495,0.0026659999998628336,0
1,4,idle,496,0.0026659999998628336,0
1,4,idle,497,0.003083000000060565,0
1,4,idle,498,0.0022089999997660925,0
1,4,idle,499,0.0026670000002013694,0
1,4,idle,500,0.002167000000099506,0
1,4,idle,501,0.0025000000000545697,0
1,4,idle,502,0.0027500000001055014,0
1,4,idle,503,0.00204200000007404,0
1,4,idle,504,0.002167000000099506,0
1,4,idle,505,0.0020829999998568383,0
1,4,idle,506,0.002290999999786436,0
1,4,idle,507,0.0026659999998628336,0
1,4,idle,508,0.0022910000002411834,0
1,4,idle,509,0.0022080000003370515,0
1,4,idle,510,0.002124999999978172,0
1,4,idle,511,0.002124999999978172,0
1,4,idle,512,0.0025829999999587017,0
1,4,idle,513,0.002124999999978172,0
1,4,idle,514,0.00204200000007404,0
1,4,idle,515,0.0027079999999841675,0
1,4,idle,516,0.002124999999978172,0
1,4,idle,517,0.0026250000000800355,0
1,4,idle,518,0.0019999999999527063,0
1,4,idle,519,0.002124999999978172,0
1,4,idle,520,0.002124999999978172,0
1,4,idle,521,0.0019999999999527063,0
1,4,idle,522,0.0025000000000545697,0
1,4,idle,523,0.0025420000001759036,0
1,4,idle,524,0.0024169999996956903,0
1,4,idle,525,0.0022919999996702245,0
1,4,idle,526,0.002250000000003638,0
1,4,idle,527,0.00287499999967622,0
1,4,idle,528,0.003499999999803549,0
1,4,idle,529,0.002207999999882304,0
1,4,idle,530,0.002124999999978172,0
1,4,idle,531,0.002124999999978172,0
1,4,idle,532,0.0020839999997406267,0
1,4,idle,533,0.0027079999999841675,0
1,4,idle,534,0.0020829999998568383,0
1,4,idle,535,0.002250000000003638,0
1,4,idle,536,0.0020829999998568383,0
1,4,idle,537,0.002250000000003638,0
1,4,idle,538,0.0026659999998628336,0
1,4,idle,539,0.0021659999997609702,0
1,4,idle,540,0.00233299999990777,0
1,4,idle,541,0.002084000000195374,0
1,4,idle,542,0.002167000000099506,0
1,4,idle,543,0.002124999999978172,0
1,4,idle,544,0.0025420000001759036,0
1,4,idle,545,0.002292000000124972,0
1,4,idle,546,0.002124999999978172,0
1,4,idle,547,0.0021659999997609702,0
1,4,idle,548,0.00204200000007404,0
1,4,idle,549,0.0026250000000800355,0
1,4,idle,550,0.0022910000002411834,0
1,4,idle,551,0.0024160000002666493,0
1,4,idle,552,0.0020829999998568383,0
1,4,idle,553,0.0022080000003370515,0
1,4,idle,554,0.0027500000001055014,0
1,4,idle,555,0.002124999999978172,0
1,4,idle,556,0.00233299999990777,0
1,4,idle,557,0.002167000000099506,0
1,4,idle,558,0.0024590000002717716,0
1,4,idle,559,0.002624999999625288,0
1,4,idle,560,0.002124999999978172,0
1,4,idle,561,0.002167000000099506,0
1,4,idle,562,0.002084000000195374,0
1,4,idle,563,0.002207999999882304,0
1,4,idle,564,0.0023330000003625173,0
1,4,idle,565,0.0027500000001055014,0
1,4,idle,566,0.0021660000002157176,0
1,4,idle,567,0.002250000000003638,0
1,4,idle,568,0.0026670000002013694,0
1,4,idle,569,0.002167000000099506,0
1,4,idle,570,0.0025829999999587017,0
1,4,idle,571,0.002207999999882304,0
1,4,idle,572,0.002250000000003638,0
1,4,idle,573,0.002250000000003638,0
1,4,idle,574,0.00204200000007404,0
1,4,idle,575,0.003125000000181899,0
1,4,idle,576,0.002250000000003638,0
1,4,idle,577,0.003541999999924883,0
1,4,idle,578,0.002124999999978172,0
1,4,idle,579,0.0023330000003625173,0
1,4,idle,580,0.002708999999867956,0
1,4,idle,581,0.002292000000124972,0
1,4,idle,582,0.002250000000003638,0
1,4,idle,583,0.002624999999625288,0
1,4,idle,584,0.002290999999786436,0
1,4,idle,585,0.0020409999997355044,0
1,4,idle,586,0.003083000000060565,0
1,4,idle,587,0.0024170000001504377,0
1,4,idle,588,0.002167000000099506,0
1,4,idle,589,0.002791999999772088,0
1,4,idle,590,0.002250000000003638,0
1,4,idle,591,0.0027920000002268353,0
1,4,idle,592,0.002124999999978172,0
1,4,idle,593,0.002124999999978172,0
1,4,idle,594,0.0020409999997355044,0
1,4,idle,595,0.002290999999786436,0
1,4,idle,596,0.0026250000000800355,0
1,4,idle,597,0.002124999999978172,0
1,4,idle,598,0.002084000000195374,0
1,4,idle,599,0.0019999999999527063,0
1,4,idle,600,0.002250000000003638,0
1,4,idle,601,0.0021659999997609702,0
1,4,idle,602,0.002749999999650754,0
1,4,idle,603,0.002583000000413449,0
1,4,idle,604,0.0020830000003115856,0
1,4,idle,605,0.0020410000001902517,0
1,4,idle,606,0.00204200000007404,0
1,4,idle,607,0.0027500000001055014,0
1,4,idle,608,0.002084000000195374,0
1,4,idle,609,0.002124999999978172,0
1,4,idle,610,0.00204200000007404,0
1,4,idle,611,0.002124999999978172,0
1,4,idle,612,0.002540999999837368,0
1,4,idle,613,0.0021659999997609702,0
1,4,idle,614,0.002290999999786436,0
1,4,idle,615,0.002250000000003638,0
1,4,idle,616,0.00204200000007404,0
1,4,idle,617,0.0025000000000545697,0
1,4,idle,618,0.002124999999978172,0
1,4,idle,619,0.002666999999746622,0
1,4,idle,620,0.00204200000007404,0
1,4,idle,621,0.00204200000007404,0
1,4,idle,622,0.00233299999990777,0
1,4,idle,623,0.0026250000000800355,0
1,4,idle,624,0.0027500000001055014,0
1,4,idle,625,0.002124999999978172,0
1,4,idle,626,0.002084000000195374,0
1,4,idle,627,0.00204200000007404,0
1,4,idle,628,0.0027079999999841675,0
1,4,idle,629,0.002124999999978172,0
1,4,idle,630,0.002375000000029104,0
1,4,idle,631,0.002167000000099506,0
1,4,idle,632,0.0019999999999527063,0
1,4,idle,633,0.0027079999999841675,0
1,4,idle,634,0.002084000000195374,0
1,4,idle,635,0.002666999999746622,0
1,4,idle,636,0.0020829999998568383,0
1,4,idle,637,0.0020830000003115856,0
1,4,idle,638,0.00258399999984249,0
1,4,idle,639,0.0025420000001759036,0
1,4,idle,640,0.002167000000099506,0
1,4,idle,641,0.002167000000099506,0
1,4,idle,642,0.002124999999978172,0
1,4,idle,643,0.00204200000007404,0
1,4,idle,644,0.0024589999998170242,0
1,4,idle,645,0.002124999999978172,0
1,4,idle,646,0.0027500000001055014,0
1,4,idle,647,0.002124999999978172,0
1,4,idle,648,0.00204200000007404,0
1,4,idle,649,0.003125000000181899,0
1,4,idle,650,0.0022919999996702245,0
1,4,idle,651,0.002207999999882304,0
1,4,idle,652,0.002124999999978172,0
1,4,idle,653,0.0019580000002861198,0
1,4,idle,654,0.002666999999746622,0
1,4,idle,655,0.002124999999978172,0
1,4,idle,656,0.0022910000002411834,0
1,4,idle,657,0.002207999999882304,0
1,4,idle,658,0.0020000000004074536,0
1,4,idle,659,0.0026659999998628336,0
1,4,idle,660,0.0020829999998568383,0
1,4,idle,661,0.002084000000195374,0
1,4,idle,662,0.002207999999882304,0
1,4,idle,663,0.002250000000003638,0
1,4,idle,664,0.002124999999978172,0
1,4,idle,665,0.002540999999837368,0
1,4,idle,666,0.0029159999999137654,0
1,4,idle,667,0.002124999999978172,0
1,4,idle,668,0.0020829999998568383,0
1,4,idle,669,0.0021669999996447586,0
1,4,idle,670,0.002624999999625288,0
1,4,idle,671,0.0019999999999527063,0
1,4,idle,672,0.0020830000003115856,0
1,4,idle,673,0.00204200000007404,0
1,4,idle,674,0.00204200000007404,0
1,4,idle,675,0.002541999999721156,0
1,4,idle,676,0.0020839999997406267,0
1,4,idle,677,0.00204200000007404,0
1,4,idle,678,0.0020830000003115856,0
1,4,idle,679,0.00204200000007404,0
1,4,idle,680,0.003333999999995285,0
1,4,idle,681,0.002124999999978172,0
1,4,idle,682,0.0024590000002717716,0
1,4,idle,683,0.00204200000007404,0
1,4,idle,684,0.0020829999998568383,0
1,4,idle,685,0.0021659999997609702,0
1,4,idle,686,0.0033329999996567494,0
1,4,idle,687,0.0020839999997406267,0
1,4,idle,688,0.0022080000003370515,0
1,4,idle,689,0.0020410000001902517,0
1,4,idle,690,0.002207999999882304,0
1,4,idle,691,0.0026250000000800355,0
1,4,idle,692,0.002124999999978172,0
1,4,idle,693,0.0022080000003370515,0
1,4,idle,694,0.002375000000029104,0
1,4,idle,695,0.002207999999882304,0
1,4,idle,696,0.0025829999999587017,0
1,4,idle,697,0.002124999999978172,0
1,4,idle,698,0.002457999999933236,0
1,4,idle,699,0.00204200000007404,0
1,4,idle,700,0.0019999999999527063,0
1,4,idle,701,0.0026659999998628336,0
1,4,idle,702,0.003165999999964697,0
1,4,idle,703,0.0020829999998568383,0
1,4,idle,704,0.0020000000004074536,0
1,4,idle,705,0.0027909999998882995,0
1,4,idle,706,0.0019999999999527063,0
1,4,idle,707,0.0028750000001309672,0
1,4,idle,708,0.0024589999998170242,0
1,4,idle,709,0.0019999999999527063,0
1,4,idle,710,0.00258399999984249,0
1,4,idle,711,0.0020000000004074536,0
1,4,idle,712,0.0026250000000800355,0
1,4,idle,713,0.002375000000029104,0
1,4,idle,714,0.002207999999882304,0
1,4,idle,715,0.0020829999998568383,0
1,4,idle,716,0.0021250000004329195,0
1,4,idle,717,0.002540999999837368,0
1,4,idle,718,0.002124999999978172,0
1,4,idle,719,0.002124999999978172,0
1,4,idle,720,0.00220900000022084,0
1,4,idle,721,0.0020829999998568383,0
1,4,idle,722,0.0021659999997609702,0
1,4,idle,723,0.0027079999999841675,0
1,4,idle,724,0.0019999999999527063,0
1,4,idle,725,0.002250000000003638,0
1,4,idle,726,0.002124999999978172,0
1,4,idle,727,0.0020829999998568383,0
1,4,idle,728,0.0025829999999587017,0
1,4,idle,729,0.002250000000003638,0
1,4,idle,730,0.002124999999978172,0
1,4,idle,731,0.002124999999978172,0
1,4,idle,732,0.0021669999996447586,0
1,4,idle,733,0.002541999999721156,0
1,4,idle,734,0.0026670000002013694,0
1,4,idle,735,0.002167000000099506,0
1,4,idle,736,0.002207999999882304,0
1,4,idle,737,0.002124999999978172,0
1,4,idle,738,0.0029580000000350992,0
1,4,idle,739,0.0021659999997609702,0
1,4,idle,740,0.002124999999978172,0
1,4,idle,741,0.0026250000000800355,0
1,4,idle,742,0.0022080000003370515,0
1,4,idle,743,0.002124999999978172,0
1,4,idle,744,0.002666000000317581,0
1,4,idle,745,0.0027909999998882995,0
1,4,idle,746,0.002540999999837368,0
1,4,idle,747,0.002124999999978172,0
1,4,idle,748,0.002666999999746622,0
1,4,idle,749,0.0027500000001055014,0
1,4,idle,750,0.0026250000000800355,0
1,4,idle,751,0.002124999999978172,0
1,4,idle,752,0.002041999999619293,0
1,4,idle,753,0.002041999999619293,0
1,4,idle,754,0.002624999999625288,0
1,4,idle,755,0.0020409999997355044,0
1,4,idle,756,0.0021659999997609702,0
1,4,idle,757,0.0020410000001902517,0
1,4,idle,758,0.0021660000002157176,0
1,4,idle,759,0.0026659999998628336,0
1,4,idle,760,0.002207999999882304,0
1,4,idle,761,0.002292000000124972,0
1,4,idle,762,0.0019999999999527063,0
1,4,idle,763,0.002749999999650754,0
1,4,idle,764,0.0027079999999841675,0
1,4,idle,765,0.0027500000001055014,0
1,4,idle,766,0.002124999999978172,0
1,4,idle,767,0.002084000000195374,0
1,4,idle,768,0.002167000000099506,0
1,4,idle,769,0.0025829999999587017,0
1,4,idle,770,0.0026250000000800355,0
1,4,idle,771,0.002917000000252301,0
1,4,idle,772,0.0021660000002157176,0
1,4,idle,773,0.002124999999978172,0
1,4,idle,774,0.002167000000099506,0
1,4,idle,775,0.0025000000000545697,0
1,4,idle,776,0.0020839999997406267,0
1,4,idle,777,0.002167000000099506,0
1,4,idle,778,0.002124999999978172,0
1,4,idle,779,0.0020839999997406267,0
1,4,idle,780,0.003083000000060565,0
1,4,idle,781,0.002124999999978172,0
1,4,idle,782,0.0020829999998568383,0
1,4,idle,783,0.002124999999978172,0
1,4,idle,784,0.002167000000099506,0
1,4,idle,785,0.00204200000007404,0
1,4,idle,786,0.0027079999999841675,0
1,4,idle,787,0.0021659999997609702,0
1,4,idle,788,0.002124999999978172,0
1,4,idle,789,0.002124999999978172,0
1,4,idle,790,0.00204200000007404,0
1,4,idle,791,0.0024590000002717716,0
1,4,idle,792,0.002167000000099506,0
1,4,idle,793,0.002375000000029104,0
1,4,idle,794,0.002124999999978172,0
1,4,idle,795,0.0020410000001902517,0
1,4,idle,796,0.0027500000001055014,0
1,4,idle,797,0.0020830000003115856,0
1,4,idle,798,0.0027500000001055014,0
1,4,idle,799,0.002250000000003638,0
1,4,idle,800,0.0019999999999527063,0
1,4,idle,801,0.002124999999978172,0
1,4,idle,802,0.003083000000060565,0
1,4,idle,803,0.002124999999978172,0
1,4,idle,804,0.0019999999999527063,0
1,4,idle,805,0.002124999999978172,0
1,4,idle,806,0.0020409999997355044,0
1,4,idle,807,0.0027079999999841675,0
1,4,idle,808,0.002250000000003638,0
1,4,idle,809,0.002124999999978172,0
1,4,idle,810,0.0020839999997406267,0
1,4,idle,811,0.0021669999996447586,0
1,4,idle,812,0.002666999999746622,0
1,4,idle,813,0.002124999999978172,0
1,4,idle,814,0.0022089999997660925,0
1,4,idle,815,0.002167000000099506,0
1,4,idle,816,0.002124999999978172,0
1,4,idle,817,0.002666999999746622,0
1,4,idle,818,0.002084000000195374,0
1,4,idle,819,0.00204200000007404,0
1,4,idle,820,0.0020830000003115856,0
1,4,idle,821,0.002124999999978172,0
1,4,idle,822,0.002124999999978172,0
1,4,idle,823,0.003290999999990163,0
1,4,idle,824,0.002207999999882304,0
1,4,idle,825,0.0029159999999137654,0
1,4,idle,826,0.002207999999882304,0
1,4,idle,827,0.0020839999997406267,0
1,4,idle,828,0.002708000000438915,0
1,4,idle,829,0.002124999999978172,0
1,4,idle,830,0.0022080000003370515,0
1,4,idle,831,0.002124999999978172,0
1,4,idle,832,0.0026250000000800355,0
1,4,idle,833,0.0027090000003227033,0
1,4,idle,834,0.002541999999721156,0
1,4,idle,835,0.002207999999882304,0
1,4,idle,836,0.002457999999933236,0
1,4,idle,837,0.0020839999997406267,0
1,4,idle,838,0.002583000000413449,0
1,4,idle,839,0.002167000000099506,0
1,4,idle,840,0.002457999999933236,0
1,4,idle,841,0.0020829999998568383,0
1,4,idle,842,0.002084000000195374,0
1,4,idle,843,0.002167000000099506,0
1,4,idle,844,0.0026670000002013694,0
1,4,idle,845,0.00220900000022084,0
1,4,idle,846,0.0021659999997609702,0
1,4,idle,847,0.002124999999978172,0
1,4,idle,848,0.002124999999978172,0
1,4,idle,849,0.0025420000001759036,0
1,4,idle,850,0.002207999999882304,0
1,4,idle,851,0.0021660000002157176,0
1,4,idle,852,0.0020830000003115856,0
1,4,idle,853,0.002167000000099506,0
1,4,idle,854,0.0027500000001055014,0
1,4,idle,855,0.0021660000002157176,0
1,4,idle,856,0.0021660000002157176,0
1,4,idle,857,0.002124999999978172,0
1,4,idle,858,0.00204200000007404,0
1,4,idle,859,0.0026250000000800355,0
1,4,idle,860,0.0020839999997406267,0
1,4,idle,861,0.002167000000099506,0
1,4,idle,862,0.002167000000099506,0
1,4,idle,863,0.0026670000002013694,0
1,4,idle,864,0.002167000000099506,0
1,4,idle,865,0.0026670000002013694,0
1,4,idle,866,0.002292000000124972,0
1,4,idle,867,0.002124999999978172,0
1,4,idle,868,0.0020829999998568383,0
1,4,idle,869,0.002084000000195374,0
1,4,idle,870,0.002541999999721156,0
1,4,idle,871,0.0022919999996702245,0
1,4,idle,872,0.0022919999996702245,0
1,4,idle,873,0.0021669999996447586,0
1,4,idle,874,0.00204200000007404,0
1,4,idle,875,0.0031249999997271516,0
1,4,idle,876,0.002207999999882304,0
1,4,idle,877,0.00204200000007404,0
1,4,idle,878,0.002084000000195374,0
1,4,idle,879,0.0020830000003115856,0
1,4,idle,880,0.002457999999933236,0
1,4,idle,881,0.002124999999978172,0
1,4,idle,882,0.003040999999939231,0
1,4,idle,883,0.0020410000001902517,0
1,4,idle,884,0.0023749999995743565,0
1,4,idle,885,0.0021669999996447586,0
1,4,idle,886,0.002541999999721156,0
1,4,idle,887,0.003042000000277767,0
1,4,idle,888,0.0020829999998568383,0
1,4,idle,889,0.002207999999882304,0
1,4,idle,890,0.00204200000007404,0
1,4,idle,891,0.0026250000000800355,0
1,4,idle,892,0.002124999999978172,0
1,4,idle,893,0.003040999999939231,0
1,4,idle,894,0.0021660000002157176,0
1,4,idle,895,0.0020830000003115856,0
1,4,idle,896,0.002708999999867956,0
1,4,idle,897,0.0022080000003370515,0
1,4,idle,898,0.002124999999978172,0
1,4,idle,899,0.0020830000003115856,0
1,4,idle,900,0.0027909999998882995,0
1,4,idle,901,0.002207999999882304,0
1,4,idle,902,0.0027500000001055014,0
1,4,idle,903,0.002791999999772088,0
1,4,idle,904,0.002167000000099506,0
1,4,idle,905,0.002124999999978172,0
1,4,idle,906,0.002124999999978172,0
1,4,idle,907,0.002541000000292115,0
1,4,idle,908,0.0021660000002157176,0
1,4,idle,909,0.0027909999998882995,0
1,4,idle,910,0.0021659999997609702,0
1,4,idle,911,0.0020409999997355044,0
1,4,idle,912,0.003250000000207365,0
1,4,idle,913,0.0020839999997406267,0
1,4,idle,914,0.0021669999996447586,0
1,4,idle,915,0.002124999999978172,0
1,4,idle,916,0.0022089999997660925,0
1,4,idle,917,0.0025829999999587017,0
1,4,idle,918,0.0027909999998882995,0
1,4,idle,919,0.002457999999933236,0
1,4,idle,920,0.002084000000195374,0
1,4,idle,921,0.0020829999998568383,0
1,4,idle,922,0.002124999999978172,0
1,4,idle,923,0.0029589999999188876,0
1,4,idle,924,0.0021669999996447586,0
1,4,idle,925,0.002124999999978172,0
1,4,idle,926,0.0022089999997660925,0
1,4,idle,927,0.0021669999996447586,0
1,4,idle,928,0.002624999999625288,0
1,4,idle,929,0.0021669999996447586,0
1,4,idle,930,0.002041999999619293,0
1,4,idle,931,0.0023339999997915584,0
1,4,idle,932,0.002167000000099506,0
1,4,idle,933,0.0025829999999587017,0
1,4,idle,934,0.002207999999882304,0
1,4,idle,935,0.00204200000007404,0
1,4,idle,936,0.002167000000099506,0
1,4,idle,937,0.00204200000007404,0
1,4,idle,938,0.0026250000000800355,0
1,4,idle,939,0.002124999999978172,0
1,4,idle,940,0.002124999999978172,0
1,4,idle,941,0.002124999999978172,0
1,4,idle,942,0.002834000000348169,0
1,4,idle,943,0.00204200000007404,0
1,4,idle,944,0.0027079999999841675,0
1,4,idle,945,0.0022910000002411834,0
1,4,idle,946,0.0020830000003115856,0
1,4,idle,947,0.002124999999978172,0
1,4,idle,948,0.0020830000003115856,0
1,4,idle,949,0.0033749999997780833,0
1,4,idle,950,0.0021659999997609702,0
1,4,idle,951,0.002290999999786436,0
1,4,idle,952,0.002124999999978172,0
1,4,idle,953,0.0019999999999527063,0
1,4,idle,954,0.003125000000181899,0
1,4,idle,955,0.0021660000002157176,0
1,4,idle,956,0.0020410000001902517,0
1,4,idle,957,0.002124999999978172,0
1,4,idle,958,0.002250000000003638,0
1,4,idle,959,0.002457999999933236,0
1,4,idle,960,0.002124999999978172,0
1,4,idle,961,0.0020830000003115856,0
1,4,idle,962,0.002124999999978172,0
1,4,idle,963,0.0022080000003370515,0
1,4,idle,964,0.002124999999978172,0
1,4,idle,965,0.002583000000413449,0
1,4,idle,966,0.002250000000003638,0
1,4,idle,967,0.00204200000007404,0
1,4,idle,968,0.0020830000003115856,0
1,4,idle,969,0.002124999999978172,0
1,4,idle,970,0.003416999999899417,0
1,4,idle,971,0.0021669999996447586,0
1,4,idle,972,0.0021669999996447586,0
1,4,idle,973,0.002207999999882304,0
1,4,idle,974,0.0020830000003115856,0
1,4,idle,975,0.002666999999746622,0
1,4,idle,976,0.0019999999999527063,0
1,4,idle,977,0.0019999999999527063,0
1,4,idle,978,0.002041999999619293,0
1,4,idle,979,0.0020829999998568383,0
1,4,idle,980,0.0025000000000545697,0
1,4,idle,981,0.0021669999996447586,0
1,4,idle,982,0.002124999999978172,0
1,4,idle,983,0.002124999999978172,0
1,4,idle,984,0.002541999999721156,0
1,4,idle,985,0.00204200000007404,0
1,4,idle,986,0.0025420000001759036,0
1,4,idle,987,0.002292000000124972,0
1,4,idle,988,0.002124999999978172,0
1,4,idle,989,0.002250000000003638,0
1,4,idle,990,0.002124999999978172,0
1,4,idle,991,0.002375000000029104,0
1,4,idle,992,0.002250000000003638,0
1,4,idle,993,0.0019159999997100385,0
1,4,idle,994,0.002290999999786436,0
1,4,idle,995,0.0020829999998568383,0
1,4,idle,996,0.002540999999837368,0
1,4,idle,997,0.002749999999650754,0
1,4,idle,998,0.002541999999721156,0
1,4,idle,999,0.0026670000002013694,0
1,4,event,0,0.029332999999951426,4
1,4,event,1,0.0034589999995660037,0
1,4,event,2,0.004124999999930878,0
1,4,event,3,0.002290999999786436,0
1,4,event,4,0.0022080000003370515,0
1,4,event,5,0.0021660000002157176,0
1,4,event,6,0.002207999999882304,0
1,4,event,7,0.002791000000343047,0
1,4,event,8,0.002124999999978172,0
1,4,event,9,0.0020830000003115856,0
1,4,event,10,0.00233299999990777,0
1,4,event,11,0.0021669999996447586,0
1,4,event,12,0.0022919999996702245,0
1,4,event,13,0.002624999999625288,0
1,4,event,14,0.002250000000003638,0
1,4,event,15,0.002207999999882304,0
1,4,event,16,0.0024170000001504377,0
1,4,event,17,0.00233299999990777,0
1,4,event,18,0.0072909999998955755,0
1,4,event,19,0.0024160000002666493,0
1,4,event,20,0.0021669999996447586,0
1,4,event,21,0.0023339999997915584,0
1,4,event,22,0.0020830000003115856,0
1,4,event,23,0.0028330000000096334,0
1,4,event,24,0.00220900000022084,0
1,4,event,25,0.00204200000007404,0
1,4,event,26,0.0019999999999527063,0
1,4,event,27,0.0027920000002268353,0
1,4,event,28,0.00258399999984249,0
1,4,event,29,0.002124999999978172,0
1,4,event,30,0.002041999999619293,0
1,4,event,31,0.0022089999997660925,0
1,4,event,32,0.003000000000156433,0
1,4,event,33,0.0027920000002268353,0
1,4,event,34,0.00258399999984249,0
1,4,event,35,0.002250000000003638,0
1,4,event,36,0.0020839999997406267,0
1,4,event,37,0.003000000000156433,0
1,4,event,38,0.002292000000124972,0
1,4,event,39,0.0028750000001309672,0
1,4,event,40,0.0020830000003115856,0
1,4,event,41,0.002292000000124972,0
1,4,event,42,0.002124999999978172,0
1,4,event,43,0.00204200000007404,0
1,4,event,44,0.002749999999650754,0
1,4,event,45,0.002250000000003638,0
1,4,event,46,0.0020000000004074536,0
1,4,event,47,0.002124999999978172,0
1,4,event,48,0.0019580000002861198,0
1,4,event,49,0.0026250000000800355,0
1,4,event,50,0.0021660000002157176,0
1,4,event,51,0.0022910000002411834,0
1,4,event,52,0.002124999999978172,0
1,4,event,53,0.0026250000000800355,0
1,4,event,54,0.002124999999978172,0
1,4,event,55,0.0027079999999841675,0
1,4,event,56,0.002124999999978172,0
1,4,event,57,0.0020829999998568383,0
1,4,event,58,0.00204200000007404,0
1,4,event,59,0.00220900000022084,0
1,4,event,60,0.027833000000100583,4
1,4,event,61,0.0034160000000156288,0
1,4,event,62,0.0033330000001114968,0
1,4,event,63,0.003165999999964697,0
1,4,event,64,0.002290999999786436,0
1,4,event,65,0.002415999999811902,0
1,4,event,66,0.002375000000029104,0
1,4,event,67,0.002124999999978172,0
1,4,event,68,0.00258399999984249,0
1,4,event,69,0.0027079999999841675,0
1,4,event,70,0.0021659999997609702,0
1,4,event,71,0.002290999999786436,0
1,4,event,72,0.0021659999997609702,0
1,4,event,73,0.0021659999997609702,0
1,4,event,74,0.002540999999837368,0
1,4,event,75,0.002124999999978172,0
1,4,event,76,0.0020829999998568383,0
1,4,event,77,0.0020829999998568383,0
1,4,event,78,0.00204200000007404,0
1,4,event,79,0.0025000000000545697,0
1,4,event,80,0.002207999999882304,0
1,4,event,81,0.0029589999999188876,0
1,4,event,82,0.002250000000003638,0
1,4,event,83,0.0022910000002411834,0
1,4,event,84,0.0027079999999841675,0
1,4,event,85,0.002207999999882304,0
1,4,event,86,0.002124999999978172,0
1,4,event,87,0.0019999999999527063,0
1,4,event,88,0.00204200000007404,0
1,4,event,89,0.0025000000000545697,0
1,4,event,90,0.002167000000099506,0
1,4,event,91,0.002250000000003638,0
1,4,event,92,0.0027909999998882995,0
1,4,event,93,0.0029580000000350992,0
1,4,event,94,0.002124999999978172,0
1,4,event,95,0.0026659999998628336,0
1,4,event,96,0.002375000000029104,0
1,4,event,97,0.00204200000007404,0
1,4,event,98,0.00204200000007404,0
1,4,event,99,0.0020829999998568383,0
1,4,event,100,0.0026670000002013694,0
1,4,event,101,0.00204200000007404,0
1,4,event,102,0.0019999999999527063,0
1,4,event,103,0.002290999999786436,0
1,4,event,104,0.0019579999998313724,0
1,4,event,105,0.0025000000000545697,0
1,4,event,106,0.002084000000195374,0
1,4,event,107,0.002124999999978172,0
1,4,event,108,0.002167000000099506,0
1,4,event,109,0.00220900000022084,0
1,4,event,110,0.0025000000000545697,0
1,4,event,111,0.002084000000195374,0
1,4,event,112,0.002250000000003638,0
1,4,event,113,0.0026250000000800355,0
1,4,event,114,0.0021669999996447586,0
1,4,event,115,0.0020829999998568383,0
1,4,event,116,0.002666999999746622,0
1,4,event,117,0.002124999999978172,0
1,4,event,118,0.0020839999997406267,0
1,4,event,119,0.00204200000007404,0
1,4,event,120,0.027000000000043656,4
1,4,event,121,0.0031669999998484855,0
1,4,event,122,0.0029589999999188876,0
1,4,event,123,0.0022080000003370515,0
1,4,event,124,0.0028330000000096334,0
1,4,event,125,0.002167000000099506,0
1,4,event,126,0.002250000000003638,0
1,4,event,127,0.002207999999882304,0
1,4,event,128,0.002124999999978172,0
1,4,event,129,0.0032499999997526174,0
1,4,event,130,0.002124999999978172,0
1,4,event,131,0.002124999999978172,0
1,4,event,132,0.002250000000003638,0
1,4,event,133,0.0030839999999443535,0
1,4,event,134,0.002124999999978172,0
1,4,event,135,0.0026250000000800355,0
1,4,event,136,0.0027500000001055014,0
1,4,event,137,0.0020830000003115856,0
1,4,event,138,0.002124999999978172,0
1,4,event,139,0.0021250000004329195,0
1,4,event,140,0.002666999999746622,0
1,4,event,141,0.0020830000003115856,0
1,4,event,142,0.0020830000003115856,0
1,4,event,143,0.0022089999997660925,0
1,4,event,144,0.002957999999580352,0
1,4,event,145,0.0028330000000096334,0
1,4,event,146,0.002167000000099506,0
1,4,event,147,0.00204200000007404,0
1,4,event,148,0.002917000000252301,0
1,4,event,149,0.002167000000099506,0
1,4,event,150,0.0031669999998484855,0
1,4,event,151,0.002167000000099506,0
1,4,event,152,0.0029589999999188876,0
1,4,event,153,0.002541000000292115,0
1,4,event,154,0.0027500000001055014,0
1,4,event,155,0.0020830000003115856,0
1,4,event,156,0.003083000000060565,0
1,4,event,157,0.0023340000002463057,0
1,4,event,158,0.0020829999998568383,0
1,4,event,159,0.0021659999997609702,0
1,4,event,160,0.002207999999882304,0
1,4,event,161,0.002708999999867956,0
1,4,event,162,0.002124999999978172,0
1,4,event,163,0.002167000000099506,0
1,4,event,164,0.002124999999978172,0
1,4,event,165,0.0020829999998568383,0
1,4,event,166,0.002666000000317581,0
1,4,event,167,0.002124999999978172,0
1,4,event,168,0.002124999999978172,0
1,4,event,169,0.002124999999978172,0
1,4,event,170,0.0021660000002157176,0
1,4,event,171,0.0027909999998882995,0
1,4,event,172,0.002207999999882304,0
1,4,event,173,0.0027920000002268353,0
1,4,event,174,0.00220900000022084,0
1,4,event,175,0.0020829999998568383,0
1,4,event,176,0.002124999999978172,0
1,4,event,177,0.0026250000000800355,0
1,4,event,178,0.002250000000003638,0
1,4,event,179,0.002250000000003638,0
1,4,event,180,0.02679199999965931,4
1,4,event,181,0.0029589999999188876,0
1,4,event,182,0.002917000000252301,0
1,4,event,183,0.002124999999978172,0
1,4,event,184,0.00220900000022084,0
1,4,event,185,0.002791999999772088,0
1,4,event,186,0.00233299999990777,0
1,4,event,187,0.002375000000029104,0
1,4,event,188,0.002124999999978172,0
1,4,event,189,0.002124999999978172,0
1,4,event,190,0.0027909999998882995,0
1,4,event,191,0.002124999999978172,0
1,4,event,192,0.002084000000195374,0
1,4,event,193,0.002207999999882304,0
1,4,event,194,0.0020829999998568383,0
1,4,event,195,0.002250000000003638,0
1,4,event,196,0.0027909999998882995,0
1,4,event,197,0.0020830000003115856,0
1,4,event,198,0.0020839999997406267,0
1,4,event,199,0.002250000000003638,0
1,4,event,200,0.002167000000099506,0
1,4,event,201,0.00258399999984249,0
1,4,event,202,0.0020830000003115856,0
1,4,event,203,0.002207999999882304,0
1,4,event,204,0.0024169999996956903,0
1,4,event,205,0.0023340000002463057,0
1,4,event,206,0.0028330000000096334,0
1,4,event,207,0.0021659999997609702,0
1,4,event,208,0.002250000000003638,0
1,4,event,209,0.002124999999978172,0
1,4,event,210,0.00204200000007404,0
1,4,event,211,0.0026659999998628336,0
1,4,event,212,0.0028750000001309672,0
1,4,event,213,0.002124999999978172,0
1,4,event,214,0.002041999999619293,0
1,4,event,215,0.002666999999746622,0
1,4,event,216,0.00220900000022084,0
1,4,event,217,0.0026670000002013694,0
1,4,event,218,0.002207999999882304,0
1,4,event,219,0.0020409999997355044,0
1,4,event,220,0.002207999999882304,0
1,4,event,221,0.002124999999978172,0
1,4,event,222,0.002749999999650754,0
1,4,event,223,0.002124999999978172,0
1,4,event,224,0.0022089999997660925,0
1,4,event,225,0.0022089999997660925,0
1,4,event,226,0.0020829999998568383,0
1,4,event,227,0.0027500000001055014,0
1,4,event,228,0.0022080000003370515,0
1,4,event,229,0.0020829999998568383,0
1,4,event,230,0.0021669999996447586,0
1,4,event,231,0.0021669999996447586,0
1,4,event,232,0.007708999999977095,0
1,4,event,233,0.0029580000000350992,0
1,4,event,234,0.002250000000003638,0
1,4,event,235,0.0020839999997406267,0
1,4,event,236,0.0027079999999841675,0
1,4,event,237,0.0020829999998568383,0
1,4,event,238,0.0026670000002013694,0
1,4,event,239,0.0019999999999527063,0
1,4,event,240,0.02608299999974406,4
1,4,event,241,0.003917000000001281,0
1,4,event,242,0.0028339999998934218,0
1,4,event,243,0.002250000000003638,0
1,4,event,244,0.0023340000002463057,0
1,4,event,245,0.002457999999933236,0
1,4,event,246,0.002749999999650754,0
1,4,event,247,0.0029169999997975538,0
1,4,event,248,0.0025420000001759036,0
1,4,event,249,0.002457999999933236,0
1,4,event,250,0.002124999999978172,0
1,4,event,251,0.0026670000002013694,0
1,4,event,252,0.002124999999978172,0
1,4,event,253,0.0026670000002013694,0
1,4,event,254,0.002167000000099506,0
1,4,event,255,0.0022089999997660925,0
1,4,event,256,0.002124999999978172,0
1,4,event,257,0.002541000000292115,0
1,4,event,258,0.0021660000002157176,0
1,4,event,259,0.0021660000002157176,0
1,4,event,260,0.0021660000002157176,0
1,4,event,261,0.002250000000003638,0
1,4,event,262,0.0026250000000800355,0
1,4,event,263,0.002292000000124972,0
1,4,event,264,0.00220900000022084,0
1,4,event,265,0.00233299999990777,0
1,4,event,266,0.0021659999997609702,0
1,4,event,267,0.0027909999998882995,0
1,4,event,268,0.0022080000003370515,0
1,4,event,269,0.0024170000001504377,0
1,4,event,270,0.0022089999997660925,0
1,4,event,271,0.00204200000007404,0
1,4,event,272,0.0034579999996822153,0
1,4,event,273,0.0021659999997609702,0
1,4,event,274,0.002207999999882304,0
1,4,event,275,0.00220900000022084,0
1,4,event,276,0.0027500000001055014,0
1,4,event,277,0.00204200000007404,0
1,4,event,278,0.0026250000000800355,0
1,4,event,279,0.002207999999882304,0
1,4,event,280,0.0020000000004074536,0
1,4,event,281,0.0022089999997660925,0
1,4,event,282,0.002124999999978172,0
1,4,event,283,0.002666999999746622,0
1,4,event,284,0.002375000000029104,0
1,4,event,285,0.002124999999978172,0
1,4,event,286,0.002207999999882304,0
1,4,event,287,0.0020829999998568383,0
1,4,event,288,0.0027500000001055014,0
1,4,event,289,0.0021659999997609702,0
1,4,event,290,0.0020409999997355044,0
1,4,event,291,0.002207999999882304,0
1,4,event,292,0.0020829999998568383,0
1,4,event,293,0.0025840000002972374,0
1,4,event,294,0.0025829999999587017,0
1,4,event,295,0.002457999999933236,0
1,4,event,296,0.002124999999978172,0
1,4,event,297,0.0034160000000156288,0
1,4,event,298,0.002124999999978172,0
1,4,event,299,0.0027500000001055014,0
1,4,event,300,0.02616699999998673,4
1,4,event,301,0.0030419999998230196,0
1,4,event,302,0.004083999999693333,0
1,4,event,303,0.0020829999998568383,0
1,4,event,304,0.0021660000002157176,0
1,4,event,305,0.0025829999999587017,0
1,4,event,306,0.0021669999996447586,0
1,4,event,307,0.0027079999999841675,0
1,4,event,308,0.00220900000022084,0
1,4,event,309,0.002167000000099506,0
1,4,event,310,0.002167000000099506,0
1,4,event,311,0.0019999999999527063,0
1,4,event,312,0.0028750000001309672,0
1,4,event,313,0.0019999999999527063,0
1,4,event,314,0.002167000000099506,0
1,4,event,315,0.002124999999978172,0
1,4,event,316,0.0025420000001759036,0
1,4,event,317,0.002124999999978172,0
1,4,event,318,0.002749999999650754,0
1,4,event,319,0.0021250000004329195,0
1,4,event,320,0.00258399999984249,0
1,4,event,321,0.002167000000099506,0
1,4,event,322,0.0020830000003115856,0
1,4,event,323,0.0027909999998882995,0
1,4,event,324,0.002167000000099506,0
1,4,event,325,0.002167000000099506,0
1,4,event,326,0.002207999999882304,0
1,4,event,327,0.0020829999998568383,0
1,4,event,328,0.0026670000002013694,0
1,4,event,329,0.002084000000195374,0
1,4,event,330,0.002207999999882304,0
1,4,event,331,0.0020829999998568383,0
1,4,event,332,0.0028750000001309672,0
1,4,event,333,0.002541000000292115,0
1,4,event,334,0.002124999999978172,0
1,4,event,335,0.0020830000003115856,0
1,4,event,336,0.0020410000001902517,0
1,4,event,337,0.003749999999854481,0
1,4,event,338,0.0021669999996447586,0
1,4,event,339,0.0028330000000096334,0
1,4,event,340,0.002375000000029104,0
1,4,event,341,0.002167000000099506,0
1,4,event,342,0.002292000000124972,0
1,4,event,343,0.002124999999978172,0
1,4,event,344,0.0025840000002972374,0
1,4,event,345,0.002167000000099506,0
1,4,event,346,0.002124999999978172,0
1,4,event,347,0.00220900000022084,0
1,4,event,348,0.0020829999998568383,0
1,4,event,349,0.002540999999837368,0
1,4,event,350,0.0021659999997609702,0
1,4,event,351,0.002375000000029104,0
1,4,event,352,0.00258399999984249,0
1,4,event,353,0.002041999999619293,0
1,4,event,354,0.002250000000003638,0
1,4,event,355,0.0029999999997016857,0
1,4,event,356,0.00233299999990777,0
1,4,event,357,0.002124999999978172,0
1,4,event,358,0.002124999999978172,0
1,4,event,359,0.0020829999998568383,0
1,4,event,360,0.02599999999983993,4
1,4,event,361,0.003917000000001281,0
1,4,event,362,0.002250000000003638,0
1,4,event,363,0.0030419999998230196,0
1,4,event,364,0.0021250000004329195,0
1,4,event,365,0.002207999999882304,0
1,4,event,366,0.0021250000004329195,0
1,4,event,367,0.002124999999978172,0
1,4,event,368,0.0027920000002268353,0
1,4,event,369,0.002124999999978172,0
1,4,event,370,0.002250000000003638,0
1,4,event,371,0.002250000000003638,0
1,4,event,372,0.0023340000002463057,0
1,4,event,373,0.0028750000001309672,0
1,4,event,374,0.002250000000003638,0
1,4,event,375,0.002207999999882304,0
1,4,event,376,0.0020829999998568383,0
1,4,event,377,0.002250000000003638,0
1,4,event,378,0.002124999999978172,0
1,4,event,379,0.0025829999999587017,0
1,4,event,380,0.002375000000029104,0
1,4,event,381,0.002207999999882304,0
1,4,event,382,0.0021250000004329195,0
1,4,event,383,0.002292000000124972,0
1,4,event,384,0.002541999999721156,0
1,4,event,385,0.0022089999997660925,0
1,4,event,386,0.0022080000003370515,0
1,4,event,387,0.002207999999882304,0
1,4,event,388,0.002250000000003638,0
1,4,event,389,0.0027500000001055014,0
1,4,event,390,0.002207999999882304,0
1,4,event,391,0.0027909999998882995,0
1,4,event,392,0.0021660000002157176,0
1,4,event,393,0.0021250000004329195,0
1,4,event,394,0.0020829999998568383,0
1,4,event,395,0.0027909999998882995,0
1,4,event,396,0.002124999999978172,0
1,4,event,397,0.0021250000004329195,0
1,4,event,398,0.0029169999997975538,0
1,4,event,399,0.0027500000001055014,0
1,4,event,400,0.0026659999998628336,0
1,4,event,401,0.0029169999997975538,0
1,4,event,402,0.002124999999978172,0
1,4,event,403,0.0021660000002157176,0
1,4,event,404,0.0025829999999587017,0
1,4,event,405,0.0027090000003227033,0
1,4,event,406,0.002207999999882304,0
1,4,event,407,0.002375000000029104,0
1,4,event,408,0.002124999999978172,0
1,4,event,409,0.002124999999978172,0
1,4,event,410,0.0027079999999841675,0
1,4,event,411,0.0022089999997660925,0
1,4,event,412,0.0025829999999587017,0
1,4,event,413,0.0021660000002157176,0
1,4,event,414,0.0020829999998568383,0
1,4,event,415,0.002124999999978172,0
1,4,event,416,0.0025829999999587017,0
1,4,event,417,0.00233299999990777,0
1,4,event,418,0.002084000000195374,0
1,4,event,419,0.002250000000003638,0
1,4,event,420,0.026833999999780644,4
1,4,event,421,0.0032499999997526174,0
1,4,event,422,0.002250000000003638,0
1,4,event,423,0.002457999999933236,0
1,4,event,424,0.0028750000001309672,0
1,4,event,425,0.002124999999978172,0
1,4,event,426,0.002250000000003638,0
1,4,event,427,0.002250000000003638,0
1,4,event,428,0.0022089999997660925,0
1,4,event,429,0.002749999999650754,0
1,4,event,430,0.002292000000124972,0
1,4,event,431,0.0023340000002463057,0
1,4,event,432,0.002124999999978172,0
1,4,event,433,0.00204200000007404,0
1,4,event,434,0.002084000000195374,0
1,4,event,435,0.0027090000003227033,0
1,4,event,436,0.002124999999978172,0
1,4,event,437,0.0020829999998568383,0
1,4,event,438,0.002167000000099506,0
1,4,event,439,0.002084000000195374,0
1,4,event,440,0.0025420000001759036,0
1,4,event,441,0.002167000000099506,0
1,4,event,442,0.002124999999978172,0
1,4,event,443,0.002084000000195374,0
1,4,event,444,0.002666999999746622,0
1,4,event,445,0.002457999999933236,0
1,4,event,446,0.002124999999978172,0
1,4,event,447,0.002124999999978172,0
1,4,event,448,0.002292000000124972,0
1,4,event,449,0.0020839999997406267,0
1,4,event,450,0.003416999999899417,0
1,4,event,451,0.002124999999978172,0
1,4,event,452,0.00220900000022084,0
1,4,event,453,0.00204200000007404,0
1,4,event,454,0.00204200000007404,0
1,4,event,455,0.002207999999882304,0
1,4,event,456,0.0029159999999137654,0
1,4,event,457,0.0031669999998484855,0
1,4,event,458,0.002124999999978172,0
1,4,event,459,0.0027920000002268353,0
1,4,event,460,0.002084000000195374,0
1,4,event,461,0.0026670000002013694,0
1,4,event,462,0.002207999999882304,0
1,4,event,463,0.0021660000002157176,0
1,4,event,464,0.002666000000317581,0
1,4,event,465,0.0022910000002411834,0
1,4,event,466,0.0026659999998628336,0
1,4,event,467,0.002124999999978172,0
1,4,event,468,0.002207999999882304,0
1,4,event,469,0.002290999999786436,0
1,4,event,470,0.0020829999998568383,0
1,4,event,471,0.0025420000001759036,0
1,4,event,472,0.0026670000002013694,0
1,4,event,473,0.002250000000003638,0
1,4,event,474,0.0020830000003115856,0
1,4,event,475,0.002167000000099506,0
1,4,event,476,0.002124999999978172,0
1,4,event,477,0.002791000000343047,0
1,4,event,478,0.002375000000029104,0
1,4,event,479,0.002124999999978172,0
1,4,event,480,0.02624999999989086,4
1,4,event,481,0.0029159999999137654,0
1,4,event,482,0.002207999999882304,0
1,4,event,483,0.0021659999997609702,0
1,4,event,484,0.002457999999933236,0
1,4,event,485,0.0027920000002268353,0
1,4,event,486,0.002167000000099506,0
1,4,event,487,0.002124999999978172,0
1,4,event,488,0.003624999999829015,0
1,4,event,489,0.002084000000195374,0
1,4,event,490,0.0025829999999587017,0
1,4,event,491,0.0020829999998568383,0
1,4,event,492,0.002292000000124972,0
1,4,event,493,0.002290999999786436,0
1,4,event,494,0.0028330000000096334,0
1,4,event,495,0.002124999999978172,0
1,4,event,496,0.0026250000000800355,0
1,4,event,497,0.002250000000003638,0
1,4,event,498,0.0020839999997406267,0
1,4,event,499,0.0025000000000545697,0
1,4,event,500,0.00220900000022084,0
1,4,event,501,0.0025420000001759036,0
1,4,event,502,0.002207999999882304,0
1,4,event,503,0.0021659999997609702,0
1,4,event,504,0.002124999999978172,0
1,4,event,505,0.002167000000099506,0
1,4,event,506,0.0025840000002972374,0
1,4,event,507,0.002207999999882304,0
1,4,event,508,0.0022910000002411834,0
1,4,event,509,0.002250000000003638,0
1,4,event,510,0.0028330000000096334,0
1,4,event,511,0.0025829999999587017,0
1,4,event,512,0.002250000000003638,0
1,4,event,513,0.002250000000003638,0
1,4,event,514,0.00220900000022084,0
1,4,event,515,0.002207999999882304,0
1,4,event,516,0.002124999999978172,0
1,4,event,517,0.0026670000002013694,0
1,4,event,518,0.00204200000007404,0
1,4,event,519,0.002375000000029104,0
1,4,event,520,0.0029169999997975538,0
1,4,event,521,0.002124999999978172,0
1,4,event,522,0.0025829999999587017,0
1,4,event,523,0.002250000000003638,0
1,4,event,524,0.002250000000003638,0
1,4,event,525,0.002167000000099506,0
1,4,event,526,0.002124999999978172,0
1,4,event,527,0.0025840000002972374,0
1,4,event,528,0.0020829999998568383,0
1,4,event,529,0.00220900000022084,0
1,4,event,530,0.0020829999998568383,0
1,4,event,531,0.002124999999978172,0
1,4,event,532,0.003208000000086031,0
1,4,event,533,0.0021250000004329195,0
1,4,event,534,0.002167000000099506,0
1,4,event,535,0.002124999999978172,0
1,4,event,536,0.002124999999978172,0
1,4,event,537,0.002250000000003638,0
1,4,event,538,0.0025000000000545697,0
1,4,event,539,0.0033330000001114968,0
1,4,event,540,0.025750000000243745,4
1,4,event,541,0.00383300000021336,0
1,4,event,542,0.0022919999996702245,0
1,4,event,543,0.002250000000003638,0
1,4,event,544,0.00233299999990777,0
1,4,event,545,0.0020839999997406267,0
1,4,event,546,0.0028339999998934218,0
1,4,event,547,0.0020829999998568383,0
1,4,event,548,0.0021659999997609702,0
1,4,event,549,0.002124999999978172,0
1,4,event,550,0.002167000000099506,0
1,4,event,551,0.0026670000002013694,0
1,4,event,552,0.002250000000003638,0
1,4,event,553,0.002415999999811902,0
1,4,event,554,0.0022910000002411834,0
1,4,event,555,0.0021660000002157176,0
1,4,event,556,0.00233299999990777,0
1,4,event,557,0.002541000000292115,0
1,4,event,558,0.0021660000002157176,0
1,4,event,559,0.0020410000001902517,0
1,4,event,560,0.0021660000002157176,0
1,4,event,561,0.0020829999998568383,0
1,4,event,562,0.00258399999984249,0
1,4,event,563,0.0022080000003370515,0
1,4,event,564,0.0020829999998568383,0
1,4,event,565,0.002167000000099506,0
1,4,event,566,0.002207999999882304,0
1,4,event,567,0.0025420000001759036,0
1,4,event,568,0.002084000000195374,0
1,4,event,569,0.0025000000000545697,0
1,4,event,570,0.0035000000002582965,0
1,4,event,571,0.0026659999998628336,0
1,4,event,572,0.0027500000001055014,0
1,4,event,573,0.002666999999746622,0
1,4,event,574,0.0021669999996447586,0
1,4,event,575,0.0022919999996702245,0
1,4,event,576,0.002124999999978172,0
1,4,event,577,0.0031669999998484855,0
1,4,event,578,0.0024590000002717716,0
1,4,event,579,0.00204200000007404,0
1,4,event,580,0.002292000000124972,0
1,4,event,581,0.0028750000001309672,0
1,4,event,582,0.0021660000002157176,0
1,4,event,583,0.002541000000292115,0
1,4,event,584,0.0020829999998568383,0
1,4,event,585,0.0022919999996702245,0
1,4,event,586,0.0020839999997406267,0
1,4,event,587,0.002167000000099506,0
1,4,event,588,0.002583000000413449,0
1,4,event,589,0.0021659999997609702,0
1,4,event,590,0.002207999999882304,0
1,4,event,591,0.0027090000003227033,0
1,4,event,592,0.002167000000099506,0
1,4,event,593,0.0025829999999587017,0
1,4,event,594,0.0020410000001902517,0
1,4,event,595,0.002290999999786436,0
1,4,event,596,0.0020830000003115856,0
1,4,event,597,0.002292000000124972,0
1,4,event,598,0.002124999999978172,0
1,4,event,599,0.0028330000000096334,0
1,4,event,600,0.0253749999997126,4
1,4,event,601,0.0029999999997016857,0
1,4,event,602,0.0031249999997271516,0
1,4,event,603,0.0024590000002717716,0
1,4,event,604,0.002167000000099506,0
1,4,event,605,0.00220900000022084,0
1,4,event,606,0.0020829999998568383,0
1,4,event,607,0.0027500000001055014,0
1,4,event,608,0.002457999999933236,0
1,4,event,609,0.002250000000003638,0
1,4,event,610,0.002207999999882304,0
1,4,event,611,0.002207999999882304,0
1,4,event,612,0.0026250000000800355,0
1,4,event,613,0.002167000000099506,0
1,4,event,614,0.0022080000003370515,0
1,4,event,615,0.002250000000003638,0
1,4,event,616,0.0020829999998568383,0
1,4,event,617,0.002124999999978172,0
1,4,event,618,0.0027909999998882995,0
1,4,event,619,0.0020830000003115856,0
1,4,event,620,0.002124999999978172,0
1,4,event,621,0.002250000000003638,0
1,4,event,622,0.0020829999998568383,0
1,4,event,623,0.0027079999999841675,0
1,4,event,624,0.0021669999996447586,0
1,4,event,625,0.0021669999996447586,0
1,4,event,626,0.0021669999996447586,0
1,4,event,627,0.0020839999997406267,0
1,4,event,628,0.002541999999721156,0
1,4,event,629,0.0025000000000545697,0
1,4,event,630,0.0027079999999841675,0
1,4,event,631,0.0023340000002463057,0
1,4,event,632,0.002124999999978172,0
1,4,event,633,0.002708999999867956,0
1,4,event,634,0.002167000000099506,0
1,4,event,635,0.0022080000003370515,0
1,4,event,636,0.0021660000002157176,0
1,4,event,637,0.002124999999978172,0
1,4,event,638,0.0020830000003115856,0
1,4,event,639,0.0027500000001055014,0
1,4,event,640,0.0023340000002463057,0
1,4,event,641,0.002167000000099506,0
1,4,event,642,0.0036250000002837623,0
1,4,event,643,0.002124999999978172,0
1,4,event,644,0.0026250000000800355,0
1,4,event,645,0.002124999999978172,0
1,4,event,646,0.0023749999995743565,0
1,4,event,647,0.002124999999978172,0
1,4,event,648,0.002124999999978172,0
1,4,event,649,0.0028750000001309672,0
1,4,event,650,0.002749999999650754,0
1,4,event,651,0.0024999999995998223,0
1,4,event,652,0.002666999999746622,0
1,4,event,653,0.002250000000003638,0
1,4,event,654,0.0027079999999841675,0
1,4,event,655,0.0026670000002013694,0
1,4,event,656,0.0022089999997660925,0
1,4,event,657,0.002124999999978172,0
1,4,event,658,0.002124999999978172,0
1,4,event,659,0.0029160000003685127,0
1,4,event,660,0.02587500000026921,4
1,4,event,661,0.003208000000086031,0
1,4,event,662,0.0022080000003370515,0
1,4,event,663,0.0028330000000096334,0
1,4,event,664,0.002167000000099506,0
1,4,event,665,0.002167000000099506,0
1,4,event,666,0.002124999999978172,0
1,4,event,667,0.002124999999978172,0
1,4,event,668,0.0025420000001759036,0
1,4,event,669,0.0022919999996702245,0
1,4,event,670,0.002207999999882304,0
1,4,event,671,0.002250000000003638,0
1,4,event,672,0.002791999999772088,0
1,4,event,673,0.0025000000000545697,0
1,4,event,674,0.002167000000099506,0
1,4,event,675,0.002167000000099506,0
1,4,event,676,0.002124999999978172,0
1,4,event,677,0.002250000000003638,0
1,4,event,678,0.0020829999998568383,0
1,4,event,679,0.0027909999998882995,0
1,4,event,680,0.002250000000003638,0
1,4,event,681,0.00233299999990777,0
1,4,event,682,0.002583000000413449,0
1,4,event,683,0.002250000000003638,0
1,4,event,684,0.0026250000000800355,0
1,4,event,685,0.0022080000003370515,0
1,4,event,686,0.002124999999978172,0
1,4,event,687,0.002167000000099506,0
1,4,event,688,0.002124999999978172,0
1,4,event,689,0.0027079999999841675,0
1,4,event,690,0.0027079999999841675,0
1,4,event,691,0.002292000000124972,0
1,4,event,692,0.00233299999990777,0
1,4,event,693,0.0028750000001309672,0
1,4,event,694,0.0028330000000096334,0
1,4,event,695,0.002292000000124972,0
1,4,event,696,0.002167000000099506,0
1,4,event,697,0.003208000000086031,0
1,4,event,698,0.002124999999978172,0
1,4,event,699,0.0020829999998568383,0
1,4,event,700,0.003165999999964697,0
1,4,event,701,0.002124999999978172,0
1,4,event,702,0.0020829999998568383,0
1,4,event,703,0.0026250000000800355,0
1,4,event,704,0.0019999999999527063,0
1,4,event,705,0.0027079999999841675,0
1,4,event,706,0.002167000000099506,0
1,4,event,707,0.002375000000029104,0
1,4,event,708,0.002207999999882304,0
1,4,event,709,0.002207999999882304,0
1,4,event,710,0.0027079999999841675,0
1,4,event,711,0.0025000000000545697,0
1,4,event,712,0.002124999999978172,0
1,4,event,713,0.0020410000001902517,0
1,4,event,714,0.002207999999882304,0
1,4,event,715,0.002541999999721156,0
1,4,event,716,0.002124999999978172,0
1,4,event,717,0.002207999999882304,0
1,4,event,718,0.00220900000022084,0
1,4,event,719,0.002124999999978172,0
1,4,event,720,0.029917000000295957,4
1,4,event,721,0.0029169999997975538,0
1,4,event,722,0.0024589999998170242,0
1,4,event,723,0.002834000000348169,0
1,4,event,724,0.0029169999997975538,0
1,4,event,725,0.002250000000003638,0
1,4,event,726,0.0020830000003115856,0
1,4,event,727,0.002250000000003638,0
1,4,event,728,0.0020410000001902517,0
1,4,event,729,0.0027500000001055014,0
1,4,event,730,0.0020830000003115856,0
1,4,event,731,0.0021660000002157176,0
1,4,event,732,0.002124999999978172,0
1,4,event,733,0.002167000000099506,0
1,4,event,734,0.0034580000001369626,0
1,4,event,735,0.0022080000003370515,0
1,4,event,736,0.002292000000124972,0
1,4,event,737,0.0021660000002157176,0
1,4,event,738,0.002124999999978172,0
1,4,event,739,0.002666999999746622,0
1,4,event,740,0.0025829999999587017,0
1,4,event,741,0.0021659999997609702,0
1,4,event,742,0.002167000000099506,0
1,4,event,743,0.002167000000099506,0
1,4,event,744,0.002167000000099506,0
1,4,event,745,0.0025829999999587017,0
1,4,event,746,0.00220900000022084,0
1,4,event,747,0.00204200000007404,0
1,4,event,748,0.002207999999882304,0
1,4,event,749,0.0020829999998568383,0
1,4,event,750,0.003333999999995285,0
1,4,event,751,0.002124999999978172,0
1,4,event,752,0.0022919999996702245,0
1,4,event,753,0.002250000000003638,0
1,4,event,754,0.0019999999999527063,0
1,4,event,755,0.002791000000343047,0
1,4,event,756,0.0020410000001902517,0
1,4,event,757,0.002124999999978172,0
1,4,event,758,0.002167000000099506,0
1,4,event,759,0.0028339999998934218,0
1,4,event,760,0.0020829999998568383,0
1,4,event,761,0.0025829999999587017,0
1,4,event,762,0.00220900000022084,0
1,4,event,763,0.002250000000003638,0
1,4,event,764,0.0026250000000800355,0
1,4,event,765,0.002250000000003638,0
1,4,event,766,0.0027500000001055014,0
1,4,event,767,0.0021250000004329195,0
1,4,event,768,0.00233299999990777,0
1,4,event,769,0.002250000000003638,0
1,4,event,770,0.002167000000099506,0
1,4,event,771,0.0033330000001114968,0
1,4,event,772,0.002124999999978172,0
1,4,event,773,0.002124999999978172,0
1,4,event,774,0.002124999999978172,0
1,4,event,775,0.0020839999997406267,0
1,4,event,776,0.0021669999996447586,0
1,4,event,777,0.002624999999625288,0
1,4,event,778,0.0025000000000545697,0
1,4,event,779,0.003165999999964697,0
1,4,event,780,0.0253749999997126,4
1,4,event,781,0.002917000000252301,0
1,4,event,782,0.002207999999882304,0
1,4,event,783,0.002415999999811902,0
1,4,event,784,0.002124999999978172,0
1,4,event,785,0.0026670000002013694,0
1,4,event,786,0.0022919999996702245,0
1,4,event,787,0.0020829999998568383,0
1,4,event,788,0.0022080000003370515,0
1,4,event,789,0.0022089999997660925,0
1,4,event,790,0.002791999999772088,0
1,4,event,791,0.0026670000002013694,0
1,4,event,792,0.002167000000099506,0
1,4,event,793,0.002207999999882304,0
1,4,event,794,0.002124999999978172,0
1,4,event,795,0.0026250000000800355,0
1,4,event,796,0.0020409999997355044,0
1,4,event,797,0.002375000000029104,0
1,4,event,798,0.002124999999978172,0
1,4,event,799,0.002415999999811902,0
1,4,event,800,0.002124999999978172,0
1,4,event,801,0.0027079999999841675,0
1,4,event,802,0.002124999999978172,0
1,4,event,803,0.0020829999998568383,0
1,4,event,804,0.0022080000003370515,0
1,4,event,805,0.0020839999997406267,0
1,4,event,806,0.0025829999999587017,0
1,4,event,807,0.002207999999882304,0
1,4,event,808,0.0022089999997660925,0
1,4,event,809,0.002167000000099506,0
1,4,event,810,0.0025829999999587017,0
1,4,event,811,0.0027500000001055014,0
1,4,event,812,0.0020829999998568383,0
1,4,event,813,0.002290999999786436,0
1,4,event,814,0.002124999999978172,0
1,4,event,815,0.0020829999998568383,0
1,4,event,816,0.002124999999978172,0
1,4,event,817,0.003499999999803549,0
1,4,event,818,0.00204200000007404,0
1,4,event,819,0.0021669999996447586,0
1,4,event,820,0.0024169999996956903,0
1,4,event,821,0.00220900000022084,0
1,4,event,822,0.0026250000000800355,0
1,4,event,823,0.0029589999999188876,0
1,4,event,824,0.0020829999998568383,0
1,4,event,825,0.002541000000292115,0
1,4,event,826,0.0020410000001902517,0
1,4,event,827,0.0026250000000800355,0
1,4,event,828,0.0022080000003370515,0
1,4,event,829,0.002250000000003638,0
1,4,event,830,0.0021659999997609702,0
1,4,event,831,0.0029159999999137654,0
1,4,event,832,0.0024999999995998223,0
1,4,event,833,0.0021669999996447586,0
1,4,event,834,0.002124999999978172,0
1,4,event,835,0.002084000000195374,0
1,4,event,836,0.0020829999998568383,0
1,4,event,837,0.0020829999998568383,0
1,4,event,838,0.002624999999625288,0
1,4,event,839,0.002624999999625288,0
1,4,event,840,0.025166999999783002,4
1,4,event,841,0.0037910000000920263,0
1,4,event,842,0.0022910000002411834,0
1,4,event,843,0.002250000000003638,0
1,4,event,844,0.0024589999998170242,0
1,4,event,845,0.002207999999882304,0
1,4,event,846,0.0027079999999841675,0
1,4,event,847,0.002084000000195374,0
1,4,event,848,0.002207999999882304,0
1,4,event,849,0.0020829999998568383,0
1,4,event,850,0.0019999999999527063,0
1,4,event,851,0.0025829999999587017,0
1,4,event,852,0.002250000000003638,0
1,4,event,853,0.0022080000003370515,0
1,4,event,854,0.0030839999999443535,0
1,4,event,855,0.002167000000099506,0
1,4,event,856,0.0025829999999587017,0
1,4,event,857,0.002207999999882304,0
1,4,event,858,0.002292000000124972,0
1,4,event,859,0.0020829999998568383,0
1,4,event,860,0.002084000000195374,0
1,4,event,861,0.002167000000099506,0
1,4,event,862,0.0027079999999841675,0
1,4,event,863,0.00220900000022084,0
1,4,event,864,0.002666999999746622,0
1,4,event,865,0.002250000000003638,0
1,4,event,866,0.002250000000003638,0
1,4,event,867,0.0025420000001759036,0
1,4,event,868,0.002292000000124972,0
1,4,event,869,0.0028330000000096334,0
1,4,event,870,0.002207999999882304,0
1,4,event,871,0.002167000000099506,0
1,4,event,872,0.0026250000000800355,0
1,4,event,873,0.0021660000002157176,0
1,4,event,874,0.002250000000003638,0
1,4,event,875,0.002250000000003638,0
1,4,event,876,0.0022080000003370515,0
1,4,event,877,0.0020839999997406267,0
1,4,event,878,0.002749999999650754,0
1,4,event,879,0.0022910000002411834,0
1,4,event,880,0.0020410000001902517,0
1,4,event,881,0.002124999999978172,0
1,4,event,882,0.002250000000003638,0
1,4,event,883,0.002624999999625288,0
1,4,event,884,0.002124999999978172,0
1,4,event,885,0.002084000000195374,0
1,4,event,886,0.0026250000000800355,0
1,4,event,887,0.00204200000007404,0
1,4,event,888,0.0026670000002013694,0
1,4,event,889,0.0022080000003370515,0
1,4,event,890,0.002708999999867956,0
1,4,event,891,0.0020830000003115856,0
1,4,event,892,0.0020410000001902517,0
1,4,event,893,0.0027500000001055014,0
1,4,event,894,0.0020830000003115856,0
1,4,event,895,0.0021660000002157176,0
1,4,event,896,0.002250000000003638,0
1,4,event,897,0.0020839999997406267,0
1,4,event,898,0.0020830000003115856,0
1,4,event,899,0.0049579999999878055,0
1,4,event,900,0.024292000000059488,4
1,4,event,901,0.0037919999999758147,0
1,4,event,902,0.0030419999998230196,0
1,4,event,903,0.0027920000002268353,0
1,4,event,904,0.002250000000003638,0
1,4,event,905,0.002583000000413449,0
1,4,event,906,0.002666999999746622,0
1,4,event,907,0.0026250000000800355,0
1,4,event,908,0.0021659999997609702,0
1,4,event,909,0.002124999999978172,0
1,4,event,910,0.0020829999998568383,0
1,4,event,911,0.0021659999997609702,0
1,4,event,912,0.0027079999999841675,0
1,4,event,913,0.002124999999978172,0
1,4,event,914,0.002290999999786436,0
1,4,event,915,0.002290999999786436,0
1,4,event,916,0.0022080000003370515,0
1,4,event,917,0.002124999999978172,0
1,4,event,918,0.0028330000000096334,0
1,4,event,919,0.00233299999990777,0
1,4,event,920,0.0023339999997915584,0
1,4,event,921,0.002124999999978172,0
1,4,event,922,0.002167000000099506,0
1,4,event,923,0.0026670000002013694,0
1,4,event,924,0.002292000000124972,0
1,4,event,925,0.00220900000022084,0
1,4,event,926,0.002084000000195374,0
1,4,event,927,0.0027500000001055014,0
1,4,event,928,0.002791999999772088,0
1,4,event,929,0.0022089999997660925,0
1,4,event,930,0.0020830000003115856,0
1,4,event,931,0.002124999999978172,0
1,4,event,932,0.002250000000003638,0
1,4,event,933,0.002708999999867956,0
1,4,event,934,0.002207999999882304,0
1,4,event,935,0.002292000000124972,0
1,4,event,936,0.002124999999978172,0
1,4,event,937,0.0020829999998568383,0
1,4,event,938,0.0020409999997355044,0
1,4,event,939,0.002624999999625288,0
1,4,event,940,0.0022919999996702245,0
1,4,event,941,0.002124999999978172,0
1,4,event,942,0.0020839999997406267,0
1,4,event,943,0.0020829999998568383,0
1,4,event,944,0.0027500000001055014,0
1,4,event,945,0.0022080000003370515,0
1,4,event,946,0.0021660000002157176,0
1,4,event,947,0.0026250000000800355,0
1,4,event,948,0.0020829999998568383,0
1,4,event,949,0.0026659999998628336,0
1,4,event,950,0.0027079999999841675,0
1,4,event,951,0.002250000000003638,0
1,4,event,952,0.0021660000002157176,0
1,4,event,953,0.0021660000002157176,0
1,4,event,954,0.0027079999999841675,0
1,4,event,955,0.0020839999997406267,0
1,4,event,956,0.00204200000007404,0
1,4,event,957,0.0028330000000096334,0
1,4,event,958,0.0021659999997609702,0
1,4,event,959,0.0021659999997609702,0
1,4,event,960,0.02529099999992468,4
1,4,event,961,0.003125000000181899,0
1,4,event,962,0.0022080000003370515,0
1,4,event,963,0.0029580000000350992,0
1,4,event,964,0.002084000000195374,0
1,4,event,965,0.002207999999882304,0
1,4,event,966,0.002250000000003638,0
1,4,event,967,0.002207999999882304,0
1,4,event,968,0.0027079999999841675,0
1,4,event,969,0.002124999999978172,0
1,4,event,970,0.0020830000003115856,0
1,4,event,971,0.002292000000124972,0
1,4,event,972,0.0019999999999527063,0
1,4,event,973,0.002541000000292115,0
1,4,event,974,0.002167000000099506,0
1,4,event,975,0.0020830000003115856,0
1,4,event,976,0.0021660000002157176,0
1,4,event,977,0.002207999999882304,0
1,4,event,978,0.002124999999978172,0
1,4,event,979,0.0025829999999587017,0
1,4,event,980,0.0024169999996956903,0
1,4,event,981,0.002250000000003638,0
1,4,event,982,0.0021659999997609702,0
1,4,event,983,0.002124999999978172,0
1,4,event,984,0.0026250000000800355,0
1,4,event,985,0.002167000000099506,0
1,4,event,986,0.0031669999998484855,0
1,4,event,987,0.0030419999998230196,0
1,4,event,988,0.002292000000124972,0
1,4,event,989,0.0025840000002972374,0
1,4,event,990,0.0026250000000800355,0
1,4,event,991,0.0021660000002157176,0
1,4,event,992,0.0022080000003370515,0
1,4,event,993,0.0022089999997660925,0
1,4,event,994,0.002624999999625288,0
1,4,event,995,0.002250000000003638,0
1,4,event,996,0.002250000000003638,0
1,4,event,997,0.002167000000099506,0
1,4,event,998,0.0023340000002463057,0
1,4,event,999,0.0020829999998568383,0
1,4,burst,0,0.1455829999999878,28
1,4,burst,1,0.13991699999996854,28
1,4,burst,2,0.14454200000000128,28
1,4,burst,3,0.14016700000001947,28
1,4,burst,4,0.1463749999998072,28
1,4,burst,5,0.14054100000021208,28
1,4,burst,6,0.14504100000021936,28
1,4,burst,7,0.14429100000006656,28
1,4,burst,8,0.1609590000002754,28
1,4,burst,9,0.14141699999981938,28
1,4,burst,10,0.14391699999987395,28
1,4,burst,11,0.14120899999988978,28
1,4,burst,12,0.1432079999999587,28
1,4,burst,13,0.14458300000023883,28
1,4,burst,14,0.14399999999977808,28
1,4,burst,15,0.1443330000001879,28
1,4,burst,16,0.14245800000026065,28
1,4,burst,17,0.14133300000003146,28
1,4,burst,18,0.1425840000001699,28
1,4,burst,19,0.1492920000000595,28
1,4,burst,20,0.13887500000009823,28
1,4,burst,21,0.144832999999835,28
1,4,burst,22,0.14674999999988358,28
1,4,burst,23,0.14266700000007404,28
1,4,burst,24,0.14270800000031159,28
1,4,burst,25,0.14325000000008004,28
1,4,burst,26,0.14404199999989942,28
1,4,burst,27,0.14408299999968222,28
1,4,burst,28,0.13895800000000236,28
1,4,burst,29,0.14566599999989194,28
1,4,burst,30,0.14279100000021572,28
1,4,burst,31,0.140625,28
1,4,burst,32,0.14216700000042692,28
1,4,burst,33,0.1416669999998703,28
1,4,burst,34,0.14541700000017954,28
1,4,burst,35,0.13937499999974534,28
1,4,burst,36,0.14974999999958527,28
1,4,burst,37,0.14954200000011042,28
1,4,burst,38,0.14025000000037835,28
1,4,burst,39,0.14499999999952706,28
1,4,burst,40,0.14112500000010186,28
1,4,burst,41,0.1477919999997539,28
1,4,burst,42,0.13904199999979028,28
1,4,burst,43,0.14679199999955017,28
1,4,burst,44,0.14020800000071176,28
1,4,burst,45,0.14295800000036252,28
1,4,burst,46,0.14325000000008004,28
1,4,burst,47,0.13879199999973935,28
1,4,burst,48,0.1417089999995369,28
1,4,burst,49,0.1483749999997599,28
1,4,burst,50,0.14404199999989942,28
1,4,burst,51,0.14262500000040745,28
1,4,burst,52,0.1453750000000582,28
1,4,burst,53,0.1447920000000522,28
1,4,burst,54,0.14054200000009587,28
1,4,burst,55,0.14050000000042928,28
1,4,burst,56,0.14033399999971152,28
1,4,burst,57,0.14608299999963492,28
1,4,burst,58,0.14083400000072288,28
1,4,burst,59,0.13804199999958655,28
1,4,burst,60,0.14116700000067794,28
1,4,burst,61,0.144666999999572,28
1,4,burst,62,0.1419580000001588,28
1,4,burst,63,0.14174999999977445,28
1,4,burst,64,0.15908399999989342,28
1,4,burst,65,0.17716699999982666,28
1,4,burst,66,0.14604200000030687,28
1,4,burst,67,0.1446250000008149,28
1,4,burst,68,0.15783300000020972,28
1,4,burst,69,0.15779199999997218,28
1,4,burst,70,0.15233400000033726,28
1,4,burst,71,0.1514999999999418,28
1,4,burst,72,0.16579100000035396,28
1,4,burst,73,0.14962499999910506,28
1,4,burst,74,0.1540419999992082,28
1,4,burst,75,0.15158299999984592,28
1,4,burst,76,0.15750000000025466,28
1,4,burst,77,0.15395900000021356,28
1,4,burst,78,0.1547500000006039,28
1,4,burst,79,0.15270799999962037,28
1,4,burst,80,0.16020800000023883,28
1,4,burst,81,0.1563750000004802,28
1,4,burst,82,0.15354200000001583,28
1,4,burst,83,0.1546250000001237,28
1,4,burst,84,0.15720899999996618,28
1,4,burst,85,0.15991699999995035,28
1,4,burst,86,0.15141700000003766,28
1,4,burst,87,0.1522500000000946,28
1,4,burst,88,0.16466700000000856,28
1,4,burst,89,0.1494590000002063,28
1,4,burst,90,0.21983300000010786,28
1,4,burst,91,0.16591599999992468,28
1,4,burst,92,0.16566599999987375,28
1,4,burst,93,0.1501670000006925,28
1,4,burst,94,0.15195799999946757,28
1,4,burst,95,0.14979099999982282,28
1,4,burst,96,0.16633299999921292,28
1,4,burst,97,0.1535409999996773,28
1,4,burst,98,0.15425000000050204,28
1,4,burst,99,0.15695799999957671,28
1,4,burst,100,0.1590409999998883,28
1,4,burst,101,0.1507080000001224,28
1,4,burst,102,0.15845900000022084,28
1,4,burst,103,0.14970799999991868,28
1,4,burst,104,0.162916000000223,28
1,4,burst,105,0.14541600000029575,28
1,4,burst,106,0.1453750000000582,28
1,4,burst,107,0.1610000000000582,28
1,4,burst,108,0.1644590000005337,28
1,4,burst,109,0.14937499999996362,28
1,4,burst,110,0.15666700000019773,28
1,4,burst,111,109.57345900000018,28
1,4,burst,112,0.2568330000003698,28
1,4,burst,113,0.13950000000022555,28
1,4,burst,114,0.15887500000008004,28
1,4,burst,115,0.158291000000645,28
1,4,burst,116,0.14470799999980954,28
1,4,burst,117,0.14633299999968585,28
1,4,burst,118,0.13795799999934388,28
1,4,burst,119,0.1446250000008149,28
1,4,burst,120,0.13283300000057352,28
1,4,burst,121,0.13837499999954161,28
1,4,burst,122,0.12495800000033341,28
1,4,burst,123,0.1319999999996071,28
1,4,burst,124,0.13762500000029831,28
1,4,burst,125,0.1358749999999418,28
1,4,burst,126,0.12845800000013696,28
1,4,burst,127,0.13299999999981083,28
1,4,burst,128,0.140332999999373,28
1,4,burst,129,0.13158299999940937,28
1,4,burst,130,0.13699999999971624,28
1,4,burst,131,0.13025000000016007,28
1,4,burst,132,0.13666599999942264,28
1,4,burst,133,0.130207999999584,28
1,4,burst,134,0.12758299999950395,28
1,4,burst,135,0.14066700000057608,28
1,4,burst,136,28.397415999999794,28
1,4,burst,137,0.22366599999986647,28
1,4,burst,138,0.16079200000058336,28
1,4,burst,139,0.15029200000026322,28
1,4,burst,140,0.5318749999996726,28
1,4,burst,141,0.15616600000066683,28
1,4,burst,142,0.14425000000028376,28
1,4,burst,143,0.1494169999996302,28
1,4,burst,144,0.14608399999997346,28
1,4,burst,145,0.14845900000000256,28
1,4,burst,146,0.16108400000030088,28
1,4,burst,147,0.17891700000018318,28
1,4,burst,148,0.10195800000019517,28
1,4,burst,149,0.09799999999995634,28
1,4,burst,150,0.09500000000025466,28
1,4,burst,151,0.08804200000031415,28
1,4,burst,152,0.08774999999968713,28
1,4,burst,153,0.08654200000000856,28
1,4,burst,154,0.09875000000010914,28
1,4,burst,155,0.08550000000013824,28
1,4,burst,156,0.08579200000076526,28
1,4,burst,157,0.09075000000029831,28
1,4,burst,158,0.08474999999998545,28
1,4,burst,159,0.08579100000042672,28
1,4,burst,160,0.08333300000049348,28
1,4,burst,161,0.1054999999996653,28
1,4,burst,162,0.08399999999983265,28
1,4,burst,163,0.10137499999927968,28
1,4,burst,164,0.08779199999935372,28
1,4,burst,165,0.08337500000016007,28
1,4,burst,166,0.0820000000003347,28
1,4,burst,167,0.08337500000016007,28
1,4,burst,168,0.08479199999965203,28
1,4,burst,169,0.08237499999995634,28
1,4,burst,170,0.08258300000034069,28
1,4,burst,171,0.0849580000003698,28
1,4,burst,172,0.08399999999983265,28
1,4,burst,173,0.08158300000013696,28
1,4,burst,174,0.08116699999936827,28
1,4,burst,175,0.0847089999997479,28
1,4,burst,176,0.08370900000045367,28
1,4,burst,177,0.08237499999995634,28
1,4,burst,178,0.08462499999950523,28
1,4,burst,179,0.09091700000044511,28
1,4,burst,180,0.08424999999988358,28
1,4,burst,181,0.07733299999927112,28
1,4,burst,182,0.07083299999976589,28
1,4,burst,183,0.06920799999988958,28
1,4,burst,184,0.07212499999968713,28
1,4,burst,185,0.06824999999935244,28
1,4,burst,186,0.07304199999998673,28
1,4,burst,187,0.06912499999998545,28
1,4,burst,188,0.07504200000039418,28
1,4,burst,189,0.06829100000049948,28
1,4,burst,190,0.06987500000013824,28
1,4,burst,191,0.06791599999996834,28
1,4,burst,192,0.06920800000079907,28
1,4,burst,193,0.07541700000001583,28
1,4,burst,194,0.06862499999988358,28
1,4,burst,195,0.06795800000054442,28
1,4,burst,196,0.07595800000035524,28
1,4,burst,197,0.06808300000011513,28
1,4,burst,198,0.07216700000026322,28
1,4,burst,199,0.06854199999997945,28
1,4,burst,200,0.0724579999996422,28
1,4,burst,201,0.06895799999983865,28
1,4,burst,202,0.0693330000003698,28
1,4,burst,203,0.06891600000017206,28
1,4,burst,204,0.0703750000002401,28
1,4,burst,205,0.0687499999994543,28
1,4,burst,206,0.06904200000008132,28
1,4,burst,207,0.07066699999995762,28
1,4,burst,208,0.07062499999938154,28
1,4,burst,209,0.07012499999927968,28
1,4,burst,210,0.06883300000026793,28
1,4,burst,211,0.06908300000031886,28
1,4,burst,212,0.07349999999951251,28
1,4,burst,213,0.06975000000056752,28
1,4,burst,214,0.07337499999994179,28
1,4,burst,215,0.068583000000217,28
1,4,burst,216,0.07066699999995762,28
1,4,burst,217,0.06779199999982666,28
1,4,burst,218,0.06895800000074814,28
1,4,burst,219,0.07129100000020117,28
1,4,burst,220,0.0703750000002401,28
1,4,burst,221,0.06804100000044855,28
1,4,burst,222,0.07175000000006548,28
1,4,burst,223,0.06987500000013824,28
1,4,burst,224,0.06950000000051659,28
1,4,burst,225,0.06812499999978172,28
1,4,burst,226,0.06950000000051659,28
1,4,burst,227,0.06929200000013225,28
1,4,burst,228,0.0727919999999358,28
1,4,burst,229,0.07366600000023027,28
1,4,burst,230,0.06945799999994051,28
1,4,burst,231,0.07045800000014424,28
1,4,burst,232,0.06925000000046566,28
1,4,burst,233,0.06945900000027905,28
1,4,burst,234,0.06854199999997945,28
1,4,burst,235,0.07070800000019517,28
1,4,burst,236,0.08245799999986048,28
1,4,burst,237,0.06941600000027393,28
1,4,burst,238,0.0689169999996011,28
1,4,burst,239,0.07087500000034197,28
1,4,burst,240,0.06924999999955617,28
1,4,burst,241,0.06762499999967986,28
1,4,burst,242,0.06962500000008731,28
1,4,burst,243,0.07545899999968242,28
1,4,burst,244,0.06887499999993452,28
1,4,burst,245,0.05870800000047893,28
1,4,burst,246,0.05854200000067067,28
1,4,burst,247,0.06158400000003894,28
1,4,burst,248,0.058791999999812106,28
1,4,burst,249,0.05895799999962037,28
1,4,burst,250,0.06199999999989814,28
1,4,burst,251,0.06387499999982538,28
1,4,burst,252,0.059917000000496046,28
1,4,burst,253,0.05900000000019645,28
1,4,burst,254,0.05979200000001583,28
1,4,burst,255,0.060499999999592546,28
1,4,burst,256,0.059500000000298314,28
1,4,burst,257,0.06179199999951379,28
1,4,burst,258,0.05883300000004965,28
1,4,burst,259,0.061040999999931955,28
1,4,burst,260,0.059500000000298314,28
1,4,burst,261,0.061916999999994005,28
1,4,burst,262,0.05983399999968242,28
1,4,burst,263,0.060042000000066764,28
1,4,burst,264,0.059041000000433996,28
1,4,burst,265,0.06229200000052515,28
1,4,burst,266,0.05908400000043912,28
1,4,burst,267,0.060791999999310065,28
1,4,burst,268,0.05891599999995378,28
1,4,burst,269,0.059957999999824096,28
1,4,burst,270,0.06033299999944575,28
1,4,burst,271,12.092916999999943,28
1,4,burst,272,0.17045799999959854,28
1,4,burst,273,0.17924999999922875,28
1,4,burst,274,0.1758749999999054,28
1,4,burst,275,0.15012500000011642,28
1,4,burst,276,0.5319170000002487,28
1,4,burst,277,0.4191660000005868,28
1,4,burst,278,0.07012500000018917,28
1,4,burst,279,0.06658400000014808,28
1,4,burst,280,0.058167000000139524,28
1,4,burst,281,0.06004099999972823,28
1,4,burst,282,0.05962499999986903,28
1,4,burst,283,0.05737500000032014,28
1,4,burst,284,0.05779199999960838,28
1,4,burst,285,0.05554200000005949,28
1,4,burst,286,0.06262500000048021,28
1,4,burst,287,0.0565839999999298,28
1,4,burst,288,0.0571669999999358,28
1,4,burst,289,0.057541000000128406,28
1,4,burst,290,0.058167000000139524,28
1,4,burst,291,0.05533399999967514,28
1,4,burst,292,0.06491699999969569,28
1,4,burst,293,0.05983299999934388,28
1,4,burst,294,0.05691599999954633,28
1,4,burst,295,0.055249999999432475,28
1,4,burst,296,0.05908299999919109,28
1,4,burst,297,0.05587500000001455,28
1,4,burst,298,0.05924999999933789,28
1,4,burst,299,0.05700000000069849,28
1,4,burst,300,0.05962500000077853,28
1,4,burst,301,0.059707999999773165,28
1,4,burst,302,0.05850000000009459,28
1,4,burst,303,0.05775000000085129,28
1,4,burst,304,0.059416000000055647,28
1,4,burst,305,0.05658300000050076,28
1,4,burst,306,0.057832999999845924,28
1,4,burst,307,0.06349999999929423,28
1,4,burst,308,0.062124999999468855,28
1,4,burst,309,0.054667000000335975,28
1,4,burst,310,0.05841699999928096,28
1,4,burst,311,0.05666600000040489,28
1,4,burst,312,0.058250000000043656,28
1,4,burst,313,0.056165999999393534,28
1,4,burst,314,0.057291999999506515,28
1,4,burst,315,0.0595419999999649,28
1,4,burst,316,0.058624999999665306,28
1,4,burst,317,0.057541000000128406,28
1,4,burst,318,0.056999999999789,28
1,4,burst,319,0.05691599999954633,28
1,4,burst,320,0.058250000000043656,28
1,4,burst,321,0.05712500000026921,28
1,4,burst,322,0.062458000000333413,28
1,4,burst,323,0.05616600000030303,28
1,4,burst,324,0.06108399999993708,28
1,4,burst,325,0.0586250000005748,28
1,4,burst,326,0.056749999999738066,28
1,4,burst,327,0.054333999999471416,28
1,4,burst,328,0.056666999999833934,28
1,4,burst,329,0.05875000000014552,28
1,4,burst,330,0.05604100000073231,28
1,4,burst,331,0.054667000000335975,28
1,4,burst,332,0.05479199999990669,28
1,4,burst,333,0.056167000000641565,28
1,4,burst,334,0.05516700000043784,28
1,4,burst,335,0.05675000000064756,28
1,4,burst,336,0.060583999999835214,28
1,4,burst,337,0.062084000000140804,28
1,4,burst,338,0.05458399999952235,28
1,4,burst,339,0.05416700000023411,28
1,4,burst,340,0.05662500000016735,28
1,4,burst,341,0.0553330000002461,28
1,4,burst,342,0.055416999999579275,28
1,4,burst,343,0.058250000000043656,28
1,4,burst,344,0.05670899999950052,28
1,4,burst,345,0.05687500000021828,28
1,4,burst,346,0.05470900000000256,28
1,4,burst,347,0.05525000000034197,28
1,4,burst,348,0.05654099999992468,28
1,4,burst,349,0.056999999999789,28
1,4,burst,350,0.05541700000048877,28
1,4,burst,351,0.05691700000079436,28
1,4,burst,352,0.0571669999999358,28
1,4,burst,353,0.06074999999964348,28
1,4,burst,354,0.05525000000034197,28
1,4,burst,355,0.05700000000069849,28
1,4,burst,356,0.0553330000002461,28
1,4,burst,357,0.05629200000021228,28
1,4,burst,358,0.058374999999614374,28
1,4,burst,359,0.05837500000052387,28
1,4,burst,360,0.056000000000494765,28
1,4,burst,361,0.056040999999822816,28
1,4,burst,362,0.056542000000263215,28
1,4,burst,363,0.05604199999925186,28
1,4,burst,364,0.05512500000077125,28
1,4,burst,365,0.05983300000025338,28
1,4,burst,366,0.05520799999976589,28
1,4,burst,367,0.05695800000012241,28
1,4,burst,368,0.060791999999310065,28
1,4,burst,369,0.056916999999884865,28
1,4,burst,370,0.05508300000019517,28
1,4,burst,371,0.05554200000005949,28
1,4,burst,372,0.06037500000002183,28
1,4,burst,373,0.055833000000347965,28
1,4,burst,374,0.056375000000116415,28
1,4,burst,375,0.05495799999971496,28
1,4,burst,376,0.05791600000065955,28
1,4,burst,377,0.05662500000016735,28
1,4,burst,378,0.05791700000008859,28
1,4,burst,379,0.05754200000046694,28
1,4,burst,380,0.05841599999985192,28
1,4,burst,381,0.0562499999996362,28
1,4,burst,382,0.05595800000082818,28
1,4,burst,383,0.05591699999968114,28
1,4,burst,384,0.0635839999995369,28
1,4,burst,385,0.058791999999812106,28
1,4,burst,386,0.059333000000151515,28
1,4,burst,387,0.05583299999943847,28
1,4,burst,388,0.05708299999969313,28
1,4,burst,389,0.05512500000077125,28
1,4,burst,390,0.05533400000058464,28
1,4,burst,391,0.05575000000044383,28
1,4,burst,392,0.05729200000041601,28
1,4,burst,393,0.060790999999881024,28
1,4,burst,394,0.06362499999977445,28
1,4,burst,395,0.05491600000004837,28
1,4,burst,396,0.05654199999935372,28
1,4,burst,397,0.055833999999777006,28
1,4,burst,398,0.059917000000496046,28
1,4,burst,399,0.059540999999626365,28
1,4,burst,400,0.06308400000034453,28
1,4,burst,401,0.05508300000019517,28
1,4,burst,402,0.06033300000035524,28
1,4,burst,403,0.05616699999973207,28
1,4,burst,404,0.05724999999983993,28
1,4,burst,405,0.05525000000034197,28
1,4,burst,406,0.060499999999592546,28
1,4,burst,407,0.057708000000275206,28
1,4,burst,408,0.05783300000075542,28
1,4,burst,409,0.055416000000150234,28
1,4,burst,410,0.060416999999688414,28
1,4,burst,411,0.05383400000027905,28
1,4,burst,412,0.06208399999923131,28
1,4,burst,413,0.061000000000603904,28
1,4,burst,414,0.06199999999989814,28
1,4,burst,415,0.05766700000003766,28
1,4,burst,416,0.06437499999992724,28
1,4,burst,417,0.05633300000044983,28
1,4,burst,418,0.06099999999969441,28
1,4,burst,419,0.05679200000031415,28
1,4,burst,420,0.057041999999455584,28
1,4,burst,421,0.056916999999884865,28
1,4,burst,422,0.062167000000044936,28
1,4,burst,423,0.05645799999911105,28
1,4,burst,424,0.060666000000310305,28
1,4,burst,425,0.05475000000024011,28
1,4,burst,426,0.06041600000025937,28
1,4,burst,427,0.05712500000026921,28
1,4,burst,428,0.05891599999995378,28
1,4,burst,429,0.05762499999946158,28
1,4,burst,430,0.05466599999999744,28
1,4,burst,431,0.05929199999991397,28
1,4,burst,432,0.056499999999687134,28
1,4,burst,433,0.05987500000082946,28
1,4,burst,434,0.055666000000201166,28
1,4,burst,435,0.05895799999962037,28
1,4,burst,436,0.05562499999996362,28
1,4,burst,437,0.05670800000007148,28
1,4,burst,438,0.05537499999991269,28
1,4,burst,439,0.0595419999999649,28
1,4,burst,440,0.0565839999999298,28
1,4,burst,441,0.05633300000044983,28
1,4,burst,442,0.054540999999517226,28
1,4,burst,443,0.05875000000014552,28
1,4,burst,444,0.055459000000155356,28
1,4,burst,445,0.05766700000003766,28
1,4,burst,446,0.05516699999952834,28
1,4,burst,447,0.06237500000042928,28
1,4,burst,448,0.05570899999929679,28
1,4,burst,449,0.05770899999970425,28
1,4,burst,450,0.05629200000021228,28
1,4,burst,451,0.0571669999999358,28
1,4,burst,452,0.05574999999953434,28
1,4,burst,453,0.05429199999980483,28
1,4,burst,454,0.05454199999985576,28
1,4,burst,455,0.057999999999992724,28
1,4,burst,456,0.05704100000002654,28
1,4,burst,457,0.056999999999789,28
1,4,burst,458,0.05362500000046566,28
1,4,burst,459,0.056167000000641565,28
1,4,burst,460,0.056749999999738066,28
1,4,burst,461,0.05508399999962421,28
1,4,burst,462,0.05462499999975989,28
1,4,burst,463,0.06062500000007276,28
1,4,burst,464,0.06241599999975733,28
1,4,burst,465,0.056582999999591266,28
1,4,burst,466,0.05533299999933661,28
1,4,burst,467,0.055209000000104425,28
1,4,burst,468,0.05720899999960238,28
1,4,burst,469,0.05779100000017934,28
1,4,burst,470,0.05829200000061974,28
1,4,burst,471,0.05850000000009459,28
1,4,burst,472,0.05716700000084529,28
1,4,burst,473,0.05525000000034197,28
1,4,burst,474,0.055084000000533706,28
1,4,burst,475,0.05520799999976589,28
1,4,burst,476,0.055416000000150234,28
1,4,burst,477,0.05441700000028504,28
1,4,burst,478,0.055666000000201166,28
1,4,burst,479,0.05908300000010058,28
1,4,burst,480,0.0593749999998181,28
1,4,burst,481,0.05570799999986775,28
1,4,burst,482,0.05587500000001455,28
1,4,burst,483,0.055459000000155356,28
1,4,burst,484,0.057999999999992724,28
1,4,burst,485,0.05429199999980483,28
1,4,burst,486,0.05983300000025338,28
1,4,burst,487,0.059500000000298314,28
1,4,burst,488,0.06283299999995506,28
1,4,burst,489,0.05679099999997561,28
1,4,burst,490,0.05837500000052387,28
1,4,burst,491,0.05941699999948469,28
1,4,burst,492,0.05720800000017334,28
1,4,burst,493,0.05712500000026921,28
1,4,burst,494,0.05770899999970425,28
1,4,burst,495,0.0632500000001528,28
1,4,burst,496,0.05895799999962037,28
1,4,burst,497,0.05574999999953434,28
1,4,burst,498,0.06020799999987503,28
1,4,burst,499,0.0562500000005457,28
1,4,burst,500,0.05820899999980611,28
1,4,burst,501,0.056375000000116415,28
1,4,burst,502,0.05933400000049005,28
1,4,burst,503,0.061625000000276486,28
1,4,burst,504,0.057458000000224274,28
1,4,burst,505,0.057500000000800355,28
1,4,burst,506,0.05712500000026921,28
1,4,burst,507,0.058584000000337255,28
1,4,burst,508,0.05599999999958527,28
1,4,burst,509,0.05962499999986903,28
1,4,burst,510,0.057832999999845924,28
1,4,burst,511,0.056375000000116415,28
1,4,burst,512,0.057625000000371074,28
1,4,burst,513,0.05462499999975989,28
1,4,burst,514,0.05791600000065955,28
1,4,burst,515,0.054667000000335975,28
1,4,burst,516,0.056916999999884865,28
1,4,burst,517,0.05654099999992468,28
1,4,burst,518,0.05774999999994179,28
1,4,burst,519,0.054917000000386906,28
1,4,burst,520,0.05574999999953434,28
1,4,burst,521,0.057250000000749424,28
1,4,burst,522,0.05666600000040489,28
1,4,burst,523,0.056207999999969616,28
1,4,burst,524,0.06112500000017462,28
1,4,burst,525,0.05912499999976717,28
1,4,burst,526,0.056999999999789,28
1,4,burst,527,0.05695800000012241,28
1,4,burst,528,0.056125000000065484,28
1,4,burst,529,0.05887499999971624,28
1,4,burst,530,0.05554099999972095,28
1,4,burst,531,0.05554200000005949,28
1,4,burst,532,0.056167000000641565,28
1,4,burst,533,0.061040999999931955,28
1,4,burst,534,0.056709000000410015,28
1,4,burst,535,0.05591700000059063,28
1,4,burst,536,0.059707999999773165,28
1,4,burst,537,0.058749999999236024,28
1,4,burst,538,0.05920900000000984,28
1,4,burst,539,0.056709000000410015,28
1,4,burst,540,0.05675000000064756,28
1,4,burst,541,0.07200000000011642,28
1,4,burst,542,0.06329199999981938,28
1,4,burst,543,0.06716700000015408,28
1,4,burst,544,0.06245799999942392,28
1,4,burst,545,0.05737499999941065,28
1,4,burst,546,0.05949999999938882,28
1,4,burst,547,0.059500000000298314,28
1,4,burst,548,0.06091699999979028,28
1,4,burst,549,0.059750000000349246,28
1,4,burst,550,0.06291699999928824,28
1,4,burst,551,0.05720800000017334,28
1,4,burst,552,0.06333400000039546,28
1,4,burst,553,0.0635840000004464,28
1,4,burst,554,0.060791999999310065,28
1,4,burst,555,0.05841599999985192,28
1,4,burst,556,0.057250000000749424,28
1,4,burst,557,0.06191599999965547,28
1,4,burst,558,0.057999999999992724,28
1,4,burst,559,0.06074999999964348,28
1,4,burst,560,0.05887500000062573,28
1,4,burst,561,0.0626670000001468,28
1,4,burst,562,0.05879099999947357,28
1,4,burst,563,0.05958299999929295,28
1,4,burst,564,0.05987500000082946,28
1,4,burst,565,0.06549999999970169,28
1,4,burst,566,0.060666999999739346,28
1,4,burst,567,99.63425000000007,28
1,4,burst,568,0.2548340000003009,28
1,4,burst,569,0.15241599999990285,28
1,4,burst,570,0.2528329999995549,28
1,4,burst,571,0.1529579999996713,28
1,4,burst,572,0.15487500000017462,28
1,4,burst,573,0.2592079999994894,28
1,4,burst,574,0.7754169999998339,28
1,4,burst,575,0.16716699999960838,28
1,4,burst,576,0.1856659999994008,28
1,4,burst,577,0.16137499999967986,28
1,4,burst,578,0.23254199999973935,28
1,4,burst,579,0.1522500000000946,28
1,4,burst,580,0.1453750000000582,28
1,4,burst,581,0.14245799999935116,28
1,4,burst,582,0.14683400000012625,28
1,4,burst,583,0.14445900000009715,28
1,4,burst,584,0.24570800000037707,28
1,4,burst,585,0.15949999999975262,28
1,4,burst,586,1.092874999999367,28
1,4,burst,587,0.4705420000000231,28
1,4,burst,588,0.19320799999968585,28
1,4,burst,589,0.16958299999987503,28
1,4,burst,590,0.15541699999994307,28
1,4,burst,591,0.150749999999789,28
1,4,burst,592,0.15587499999946886,28
1,4,burst,593,0.16366699999980483,28
1,4,burst,594,0.14966700000059063,28
1,4,burst,595,0.14645800000016607,28
1,4,burst,596,0.1553330000006099,28
1,4,burst,597,0.1439169999994192,28
1,4,burst,598,0.1446670000004815,28
1,4,burst,599,0.15137500000037107,28
1,4,burst,600,0.14591600000039762,28
1,4,burst,601,0.1425409999992553,28
1,4,burst,602,0.14249999999992724,28
1,4,burst,603,12.769375000000764,28
1,4,burst,604,0.2564590000001772,28
1,4,burst,605,0.16225000000031287,28
1,4,burst,606,0.15995899999961694,28
1,4,burst,607,0.15270800000052986,28
1,4,burst,608,0.14887500000077125,28
1,4,burst,609,0.1708329999992202,28
1,4,burst,610,0.15783300000020972,28
1,4,burst,611,0.14841599999999744,28
1,4,burst,612,0.14658299999973678,28
1,4,burst,613,0.14387499999975262,28
1,4,burst,614,0.1446670000004815,28
1,4,burst,615,0.14654199999949924,28
1,4,burst,616,0.14429200000085984,28
1,4,burst,617,0.14874999999938154,28
1,4,burst,618,0.1441660000000411,28
1,4,burst,619,0.1444579999997586,28
1,4,burst,620,0.1430419999996957,28
1,4,burst,621,0.1422919999995429,28
1,4,burst,622,0.1415420000002996,28
1,4,burst,623,0.14412499999980355,28
1,4,burst,624,1.483459000000039,28
1,4,burst,625,0.16866599999957543,28
1,4,burst,626,0.24262499999986176,28
1,4,burst,627,2.326208999999835,28
1,4,burst,628,18.85966599999938,28
1,4,burst,629,3.2939580000002024,28
1,4,burst,630,0.188083000000006,28
1,4,burst,631,0.16237499999988358,28
1,4,burst,632,0.16608300000007148,28
1,4,burst,633,0.1522500000000946,28
1,4,burst,634,0.15404099999977916,28
1,4,burst,635,0.15029099999992468,28
1,4,burst,636,0.1531249999998181,28
1,4,burst,637,0.23325000000022555,28
1,4,burst,638,0.46416599999975006,28
1,4,burst,639,0.1744170000001759,28
1,4,burst,640,0.17549999999937427,28
1,4,burst,641,0.15183299999989686,28
1,4,burst,642,0.14674999999988358,28
1,4,burst,643,0.15091599999959726,28
1,4,burst,644,0.5883750000002692,28
1,4,burst,645,0.1751669999994192,28
1,4,burst,646,0.16275000000041473,28
1,4,burst,647,0.15079100000002654,28
1,4,burst,648,0.14933300000029703,28
1,4,burst,649,0.1494169999996302,28
1,4,burst,650,0.15470900000036636,28
1,4,burst,651,0.14954200000011042,28
1,4,burst,652,0.14420799999970768,28
1,4,burst,653,0.15308300000015151,28
1,4,burst,654,0.14566699999977573,28
1,4,burst,655,0.160584000000199,28
1,4,burst,656,0.14304200000060519,28
1,4,burst,657,0.14587500000016007,28
1,4,burst,658,0.14674999999988358,28
1,4,burst,659,0.1452079999999114,28
1,4,burst,660,0.14445900000009715,28
1,4,burst,661,0.14845799999966403,28
1,4,burst,662,0.1485000000002401,28
1,4,burst,663,0.1453750000000582,28
1,4,burst,664,0.144959000000199,28
1,4,burst,665,0.14545799999996234,28
1,4,burst,666,0.14858300000014424,28
1,4,burst,667,0.16033400000014808,28
1,4,burst,668,0.14699999999993452,28
1,4,burst,669,0.14774999999917782,28
1,4,burst,670,0.15062500000021828,28
1,4,burst,671,0.14274999999997817,28
1,4,burst,672,0.14425000000028376,28
1,4,burst,673,0.14312499999959982,28
1,4,burst,674,0.1439170000003287,28
1,4,burst,675,0.14750000000003638,28
1,4,burst,676,0.14308400000027177,28
1,4,burst,677,0.14654199999949924,28
1,4,burst,678,0.146125000000211,28
1,4,burst,679,0.14433400000052643,28
1,4,burst,680,0.1472090000006574,28
1,4,burst,681,0.14362499999970169,28
1,4,burst,682,0.14804199999980483,28
1,4,burst,683,0.1413749999992433,28
1,4,burst,684,0.14941600000020117,28
1,4,burst,685,0.14024999999946886,28
1,4,burst,686,0.15650000000005093,28
1,4,burst,687,0.14754200000061246,28
1,4,burst,688,0.14595899999949324,28
1,4,burst,689,0.14958300000034797,28
1,4,burst,690,0.14408300000013696,28
1,4,burst,691,0.14354199999979755,28
1,4,burst,692,0.1446249999999054,28
1,4,burst,693,0.14691599999969185,28
1,4,burst,694,0.14699999999993452,28
1,4,burst,695,0.14179200000035053,28
1,4,burst,696,0.14891699999952834,28
1,4,burst,697,0.14437499999985448,28
1,4,burst,698,0.1424170000000231,28
1,4,burst,699,0.1421250000003056,28
1,4,burst,700,0.14558300000044255,28
1,4,burst,701,0.1503339999999298,28
1,4,burst,702,0.14666699999997945,28
1,4,burst,703,0.14487499999995634,28
1,4,burst,704,0.14812500000061846,28
1,4,burst,705,0.14991600000030303,28
1,4,burst,706,0.14199999999982538,28
1,4,burst,707,0.14183299999967858,28
1,4,burst,708,0.14366599999993923,28
1,4,burst,709,0.14383300000008603,28
1,4,burst,710,0.14341700000022684,28
1,4,burst,711,0.14733400000022812,28
1,4,burst,712,0.14337499999965075,28
1,4,burst,713,0.14604200000030687,28
1,4,burst,714,0.14433399999961694,28
1,4,burst,715,0.14383300000008603,28
1,4,burst,716,0.14500000000043656,28
1,4,burst,717,0.14845799999966403,28
1,4,burst,718,0.14695800000026793,28
1,4,burst,719,0.14262499999949796,28
1,4,burst,720,0.14679100000012113,28
1,4,burst,721,0.14349999999922147,28
1,4,burst,722,0.14274999999997817,28
1,4,burst,723,0.14333299999998417,28
1,4,burst,724,0.1422920000004524,28
1,4,burst,725,0.15024999999968713,28
1,4,burst,726,0.14279099999930622,28
1,4,burst,727,0.14325000000008004,28
1,4,burst,728,0.1443330000001879,28
1,4,burst,729,0.14420799999970768,28
1,4,burst,730,0.14562500000010914,28
1,4,burst,731,0.1459999999997308,28
1,4,burst,732,0.1575830000001588,28
1,4,burst,733,0.15487500000017462,28
1,4,burst,734,0.14787500000056752,28
1,4,burst,735,0.14495800000076997,28
1,4,burst,736,0.14495899999928952,28
1,4,burst,737,0.1452079999999114,28
1,4,burst,738,0.1435830000000351,28
1,4,burst,739,0.14937499999996362,28
1,4,burst,740,0.14679100000012113,28
1,4,burst,741,0.1432909999994081,28
1,4,burst,742,0.14387499999975262,28
1,4,burst,743,0.14483299999938026,28
1,4,burst,744,0.14387499999975262,28
1,4,burst,745,0.1447920000000522,28
1,4,burst,746,0.14141699999981938,28
1,4,burst,747,0.14745900000070833,28
1,4,burst,748,0.14804199999980483,28
1,4,burst,749,0.14329199999974662,28
1,4,burst,750,0.14337500000056025,28
1,4,burst,751,0.14308400000027177,28
1,4,burst,752,0.15345799999977316,28
1,4,burst,753,0.15054200000031415,28
1,4,burst,754,0.15037500000016735,28
1,4,burst,755,0.1479170000002341,28
1,4,burst,756,0.14962500000001455,28
1,4,burst,757,0.14670899999964604,28
1,4,burst,758,0.14504200000010314,28
1,4,burst,759,0.14170800000010786,28
1,4,burst,760,0.1546250000001237,28
1,4,burst,761,0.15008299999954033,28
1,4,burst,762,0.14499999999952706,28
1,4,burst,763,0.14354200000070705,28
1,4,burst,764,0.14654199999949924,28
1,4,burst,765,0.15270799999962037,28
1,4,burst,766,0.1446670000004815,28
1,4,burst,767,0.1455839999998716,28
1,4,burst,768,0.14995799999996962,28
1,4,burst,769,0.14237499999944703,28
1,4,burst,770,0.14145800000005693,28
1,4,burst,771,0.14308400000027177,28
1,4,burst,772,0.14516699999967386,28
1,4,burst,773,0.14083300000038435,28
1,4,burst,774,0.14066600000023755,28
1,4,burst,775,0.14574999999967986,28
1,4,burst,776,0.1431670000001759,28
1,4,burst,777,0.14816700000028504,28
1,4,burst,778,0.14329199999974662,28
1,4,burst,779,0.14545799999996234,28
1,4,burst,780,0.14591600000039762,28
1,4,burst,781,0.15641600000071776,28
1,4,burst,782,0.14800000000013824,28
1,4,burst,783,0.14654200000040873,28
1,4,burst,784,0.14787499999965803,28
1,4,burst,785,0.14429199999995035,28
1,4,burst,786,0.14216699999997218,28
1,4,burst,787,0.14949999999953434,28
1,4,burst,788,0.14712500000041473,28
1,4,burst,789,0.14529200000015408,28
1,4,burst,790,0.14691700000003038,28
1,4,burst,791,0.14474999999947613,28
1,4,burst,792,0.15233400000033726,28
1,4,burst,793,0.1433339999994132,28
1,4,burst,794,0.14558299999953306,28
1,4,burst,795,0.1428749999995489,28
1,4,burst,796,0.15212500000052387,28
1,4,burst,797,0.14825000000018917,28
1,4,burst,798,0.14241600000059407,28
1,4,burst,799,0.14383300000008603,28
1,4,burst,800,0.14316599999983737,28
1,4,burst,801,0.14470799999980954,28
1,4,burst,802,0.14104200000019773,28
1,4,burst,803,0.14262499999949796,28
1,4,burst,804,0.1489579999997659,28
1,4,burst,805,0.1416669999998703,28
1,4,burst,806,0.1424170000000231,28
1,4,burst,807,0.14308400000027177,28
1,4,burst,808,0.1428749999995489,28
1,4,burst,809,0.14158399999996618,28
1,4,burst,810,0.14570800000001327,28
1,4,burst,811,0.14991600000030303,28
1,4,burst,812,0.14316599999983737,28
1,4,burst,813,0.14312500000050932,28
1,4,burst,814,0.14074999999957072,28
1,4,burst,815,0.1485419999999067,28
1,4,burst,816,0.14254199999959383,28
1,4,burst,817,0.1479589999999007,28
1,4,burst,818,0.1452079999999114,28
1,4,burst,819,0.14216600000054314,28
1,4,burst,820,0.14274999999997817,28
1,4,burst,821,0.14054200000009587,28
1,4,burst,822,0.13983299999927112,28
1,4,burst,823,0.14237500000035652,28
1,4,burst,824,0.1491249999999127,28
1,4,burst,825,0.14133399999991525,28
1,4,burst,826,0.14579200000025594,28
1,4,burst,827,0.1422499999998763,28
1,4,burst,828,0.14270900000065012,28
1,4,burst,829,0.14141699999981938,28
1,4,burst,830,0.14083300000038435,28
1,4,burst,831,0.14249999999992724,28
1,4,burst,832,0.14337499999965075,28
1,4,burst,833,0.14041699999961565,28
1,4,burst,834,0.14249999999992724,28
1,4,burst,835,0.14470800000071904,28
1,4,burst,836,0.14491699999962293,28
1,4,burst,837,0.14204200000040146,28
1,4,burst,838,0.1399169999995138,28
1,4,burst,839,0.14962499999910506,28
1,4,burst,840,0.14845800000057352,28
1,4,burst,841,0.14379199999984849,28
1,4,burst,842,0.14683400000012625,28
1,4,burst,843,0.14429199999995035,28
1,4,burst,844,0.14429199999995035,28
1,4,burst,845,0.14029200000004494,28
1,4,burst,846,0.14400000000023283,28
1,4,burst,847,0.14395899999999529,28
1,4,burst,848,0.1446249999999054,28
1,4,burst,849,0.14195900000049733,28
1,4,burst,850,0.14312499999959982,28
1,4,burst,851,0.14308399999936228,28
1,4,burst,852,0.1422920000004524,28
1,4,burst,853,0.14454200000000128,28
1,4,burst,854,0.14341700000022684,28
1,4,burst,855,0.14245800000026065,28
1,4,burst,856,0.1413330000004862,28
1,4,burst,857,0.14191699999992125,28
1,4,burst,858,0.1483749999997599,28
1,4,burst,859,0.14129200000024866,28
1,4,burst,860,0.1484999999993306,28
1,4,burst,861,0.14104200000019773,28
1,4,burst,862,0.1424170000000231,28
1,4,burst,863,0.140625,28
1,4,burst,864,0.14199999999982538,28
1,4,burst,865,0.13862499999959255,28
1,4,burst,866,0.14287500000045839,28
1,4,burst,867,0.1468750000003638,28
1,4,burst,868,0.14066600000023755,28
1,4,burst,869,0.14229100000011385,28
1,4,burst,870,0.14716600000065228,28
1,4,burst,871,0.16116600000077597,28
1,4,burst,872,0.14812500000061846,28
1,4,burst,873,0.14604199999939738,28
1,4,burst,874,0.14787499999965803,28
1,4,burst,875,0.14158399999996618,28
1,4,burst,876,0.14158300000053714,28
1,4,burst,877,0.14141600000039034,28
1,4,burst,878,0.14662499999940337,28
1,4,burst,879,0.1435830000000351,28
1,4,burst,880,0.14274999999997817,28
1,4,burst,881,0.14083300000038435,28
1,4,burst,882,0.14758300000085,28
1,4,burst,883,0.14295899999979156,28
1,4,burst,884,0.13712500000019645,28
1,4,burst,885,0.12049999999999272,28
1,4,burst,886,0.11829200000011042,28
1,4,burst,887,0.12104199999976117,28
1,4,burst,888,0.12020799999936571,28
1,4,burst,889,0.12175000000024738,28
1,4,burst,890,0.12420900000051915,28
1,4,burst,891,0.11883300000044983,28
1,4,burst,892,0.12508299999990413,28
1,4,burst,893,0.12045799999941664,28
1,4,burst,894,0.12016700000003766,28
1,4,burst,895,0.11804099999972095,28
1,4,burst,896,0.12120799999956944,28
1,4,burst,897,0.11883400000078836,28
1,4,burst,898,0.11662499999965803,28
1,4,burst,899,0.11691599999994651,28
1,4,burst,900,0.11983299999974406,28
1,4,burst,901,0.12399999999979627,28
1,4,burst,902,0.11999999999989086,28
1,4,burst,903,0.12174999999933789,28
1,4,burst,904,0.12062499999956344,28
1,4,burst,905,0.12058300000080635,28
1,4,burst,906,0.12404100000003382,28
1,4,burst,907,0.11754199999995762,28
1,4,burst,908,0.12383399999998801,28
1,4,burst,909,0.1196669999999358,28
1,4,burst,910,0.12108400000033726,28
1,4,burst,911,0.11812499999996362,28
1,4,burst,912,0.14804199999980483,28
1,4,burst,913,0.13250000000061846,28
1,4,burst,914,0.13354199999957928,28
1,4,burst,915,0.12404200000037235,28
1,4,burst,916,0.13266699999985576,28
1,4,burst,917,0.129334000000199,28
1,4,burst,918,0.14175000000068394,28
1,4,burst,919,0.12420800000018062,28
1,4,burst,920,0.13116600000012113,28
1,4,burst,921,0.13045800000054442,28
1,4,burst,922,0.1369169999998121,28
1,4,burst,923,0.12804200000027777,28
1,4,burst,924,0.13687500000014552,28
1,4,burst,925,0.12404200000037235,28
1,4,burst,926,0.13299999999981083,28
1,4,burst,927,0.125292000000627,28
1,4,burst,928,0.12608300000010786,28
1,4,burst,929,0.12404200000037235,28
1,4,burst,930,0.13699999999971624,28
1,4,burst,931,0.12312500000007276,28
1,4,burst,932,0.13487500000064756,28
1,4,burst,933,0.13279099999999744,28
1,4,burst,934,0.1336670000000595,28
1,4,burst,935,0.12124999999923602,28
1,4,burst,936,0.1332910000000993,28
1,4,burst,937,0.1255410000003394,28
1,4,burst,938,0.13450000000011642,28
1,4,burst,939,0.13012500000058935,28
1,4,burst,940,0.12816600000041944,28
1,4,burst,941,0.13233299999956216,28
1,4,burst,942,0.12437500000032742,28
1,4,burst,943,0.12545800000043528,28
1,4,burst,944,0.12733299999945302,28
1,4,burst,945,0.12858300000061718,28
1,4,burst,946,0.12841699999989942,28
1,4,burst,947,0.12791699999979755,28
1,4,burst,948,0.13195900000027905,28
1,4,burst,949,0.13116699999955017,28
1,4,burst,950,0.1267920000000231,28
1,4,burst,951,0.12579199999981938,28
1,4,burst,952,0.12387500000022555,28
1,4,burst,953,0.12970800000039162,28
1,4,burst,954,0.14350000000013097,28
1,4,burst,955,0.12579199999981938,28
1,4,burst,956,0.1354590000000826,28
1,4,burst,957,0.13204200000018318,28
1,4,burst,958,0.12179199999991397,28
1,4,burst,959,0.13104199999997945,28
1,4,burst,960,0.1251670000001468,28
1,4,burst,961,0.13279200000033597,28
1,4,burst,962,0.1212919999998121,28
1,4,burst,963,0.13820899999973335,28
1,4,burst,964,0.13262500000018917,28
1,4,burst,965,0.13070799999968585,28
1,4,burst,966,0.12679100000059407,28
1,4,burst,967,0.12366600000041217,28
1,4,burst,968,0.1320000000005166,28
1,4,burst,969,0.13487499999973807,28
1,4,burst,970,0.12362500000017462,28
1,4,burst,971,0.13000000000010914,28
1,4,burst,972,0.12879100000009203,28
1,4,burst,973,0.12983299999996234,28
1,4,burst,974,0.12479199999961565,28
1,4,burst,975,0.13625000000047294,28
1,4,burst,976,0.12387500000022555,28
1,4,burst,977,0.12937500000043656,28
1,4,burst,978,0.11566700000003038,28
1,4,burst,979,0.1288329999997586,28
1,4,burst,980,0.12891700000000128,28
1,4,burst,981,0.13191699999970297,28
1,4,burst,982,0.1282920000003287,28
1,4,burst,983,0.12595899999996618,28
1,4,burst,984,0.1303330000000642,28
1,4,burst,985,0.1285410000000411,28
1,4,burst,986,0.12533299999995506,28
1,4,burst,987,0.13070799999968585,28
1,4,burst,988,0.12287500000002183,28
1,4,burst,989,0.1397500000002765,28
1,4,burst,990,0.12545800000043528,28
1,4,burst,991,0.12824999999975262,28
1,4,burst,992,0.12620799999967858,28
1,4,burst,993,0.14770900000075926,28
1,4,burst,994,0.1344169999993028,28
1,4,burst,995,0.1297919999997248,28
1,4,burst,996,0.1367920000002414,28
1,4,burst,997,0.1264999999993961,28
1,4,burst,998,0.1319999999996071,28
1,4,burst,999,0.13116700000045967,28
2,1,idle,0,0.0018749999999272404,0
2,1,idle,1,0.0018749999999272404,0
2,1,idle,2,0.0017079999997804407,0
2,1,idle,3,0.001750000000356522,0
2,1,idle,4,0.002124999999978172,0
2,1,idle,5,0.002374999999119609,0
2,1,idle,6,0.0021669999996447586,0
2,1,idle,7,0.001750000000356522,0
2,1,idle,8,0.0017079999997804407,0
2,1,idle,9,0.001750000000356522,0
2,1,idle,10,0.0022500000004583853,0
2,1,idle,11,0.0025829999995039543,0
2,1,idle,12,0.00166700000045239,0
2,1,idle,13,0.0018749999999272404,0
2,1,idle,14,0.0024159999993571546,0
2,1,idle,15,0.0034580000001369626,0
2,1,idle,16,0.001916999999593827,0
2,1,idle,17,0.0019170000005033216,0
2,1,idle,18,0.0017079999997804407,0
2,1,idle,19,0.0019159999992552912,0
2,1,idle,20,0.0023329999994530226,0
2,1,idle,21,0.0017499999994470272,0
2,1,idle,22,0.0017909999996845727,0
2,1,idle,23,0.0017499999994470272,0
2,1,idle,24,0.001750000000356522,0
2,1,idle,25,0.002291000000695931,0
2,1,idle,26,0.003125000000181899,0
2,1,idle,27,0.0016249999998763087,0
2,1,idle,28,0.0016660000001138542,0
2,1,idle,29,0.0016660000001138542,0
2,1,idle,30,0.0017079999997804407,0
2,1,idle,31,0.002292000000124972,0
2,1,idle,32,0.00166700000045239,0
2,1,idle,33,0.002124999999978172,0
2,1,idle,34,0.00166700000045239,0
2,1,idle,35,0.0017079999997804407,0
2,1,idle,36,0.002375000000029104,0
2,1,idle,37,0.0021669999996447586,0
2,1,idle,38,0.002041000000644999,0
2,1,idle,39,0.0018750000008367351,0
2,1,idle,40,0.0018749999999272404,0
2,1,idle,41,0.0022500000004583853,0
2,1,idle,42,0.002457999999933236,0
2,1,idle,43,0.0017499999994470272,0
2,1,idle,44,0.001750000000356522,0
2,1,idle,45,0.001750000000356522,0
2,1,idle,46,0.001750000000356522,0
2,1,idle,47,0.0022499999995488906,0
2,1,idle,48,0.001750000000356522,0
2,1,idle,49,0.0017910000005940674,0
2,1,idle,50,0.001750000000356522,0
2,1,idle,51,0.0016669999995428952,0
2,1,idle,52,0.0022500000004583853,0
2,1,idle,53,0.002540999999837368,0
2,1,idle,54,0.001750000000356522,0
2,1,idle,55,0.0016669999995428952,0
2,1,idle,56,0.0017499999994470272,0
2,1,idle,57,0.0030829999996058177,0
2,1,idle,58,0.0017079999997804407,0
2,1,idle,59,0.0017920000000231084,0
2,1,idle,60,0.00258399999984249,0
2,1,idle,61,0.0017090000001189765,0
2,1,idle,62,0.0017920000000231084,0
2,1,idle,63,0.002124999999978172,0
2,1,idle,64,0.0017920000000231084,0
2,1,idle,65,0.0017499999994470272,0
2,1,idle,66,0.0017079999997804407,0
2,1,idle,67,0.0016660000001138542,0
2,1,idle,68,0.002375000000029104,0
2,1,idle,69,0.0019170000005033216,0
2,1,idle,70,0.001833000000260654,0
2,1,idle,71,0.002375000000029104,0
2,1,idle,72,0.0022500000004583853,0
2,1,idle,73,0.0030830000005153124,0
2,1,idle,74,0.0016669999995428952,0
2,1,idle,75,0.0017499999994470272,0
2,1,idle,76,0.0018749999999272404,0
2,1,idle,77,0.0017499999994470272,0
2,1,idle,78,0.002290999999786436,0
2,1,idle,79,0.0017920000000231084,0
2,1,idle,80,0.0016249999998763087,0
2,1,idle,81,0.0017920000000231084,0
2,1,idle,82,0.001750000000356522,0
2,1,idle,83,0.001750000000356522,0
2,1,idle,84,0.00220900000022084,0
2,1,idle,85,0.0018329999993511592,0
2,1,idle,86,0.0017079999997804407,0
2,1,idle,87,0.0017909999996845727,0
2,1,idle,88,0.002375000000029104,0
2,1,idle,89,0.002124999999978172,0
2,1,idle,90,0.0017090000001189765,0
2,1,idle,91,0.0017090000001189765,0
2,1,idle,92,0.002208999999311345,0
2,1,idle,93,0.001750000000356522,0
2,1,idle,94,0.002207999999882304,0
2,1,idle,95,0.0016669999995428952,0
2,1,idle,96,0.0017090000001189765,0
2,1,idle,97,0.0027920000002268353,0
2,1,idle,98,0.0017499999994470272,0
2,1,idle,99,0.0021669999996447586,0
2,1,idle,100,0.0017080000006899354,0
2,1,idle,101,0.0019579999998313724,0
2,1,idle,102,0.0016660000001138542,0
2,1,idle,103,0.0017080000006899354,0
2,1,idle,104,0.0027909999998882995,0
2,1,idle,105,0.0022499999995488906,0
2,1,idle,106,0.0017920000000231084,0
2,1,idle,107,0.0016249999998763087,0
2,1,idle,108,0.0017079999997804407,0
2,1,idle,109,0.0017080000006899354,0
2,1,idle,110,0.0022500000004583853,0
2,1,idle,111,0.0017499999994470272,0
2,1,idle,112,0.0018749999999272404,0
2,1,idle,113,0.0018749999999272404,0
2,1,idle,114,0.0017079999997804407,0
2,1,idle,115,0.0021660000002157176,0
2,1,idle,116,0.001833000000260654,0
2,1,idle,117,0.0016249999998763087,0
2,1,idle,118,0.0033329999996567494,0
2,1,idle,119,0.002375000000029104,0
2,1,idle,120,0.002207999999882304,0
2,1,idle,121,0.00166700000045239,0
2,1,idle,122,0.0016249999998763087,0
2,1,idle,123,0.0016660000001138542,0
2,1,idle,124,0.0020830000003115856,0
2,1,idle,125,0.0018749999999272404,0
2,1,idle,126,0.002292000000124972,0
2,1,idle,127,0.0016660000001138542,0
2,1,idle,128,0.0016660000001138542,0
2,1,idle,129,0.0017909999996845727,0
2,1,idle,130,0.0017499999994470272,0
2,1,idle,131,0.0020830000003115856,0
2,1,idle,132,0.0019160000001647859,0
2,1,idle,133,0.0018749999999272404,0
2,1,idle,134,0.0017090000001189765,0
2,1,idle,135,0.002124999999978172,0
2,1,idle,136,0.002082999999402091,0
2,1,idle,137,0.002417000000605185,0
2,1,idle,138,0.001833999999689695,0
2,1,idle,139,0.0016669999995428952,0
2,1,idle,140,0.0018329999993511592,0
2,1,idle,141,0.0029999999997016857,0
2,1,idle,142,0.0017079999997804407,0
2,1,idle,143,0.0016669999995428952,0
2,1,idle,144,0.0017089999992094818,0
2,1,idle,145,0.00166700000045239,0
2,1,idle,146,0.0016669999995428952,0
2,1,idle,147,0.002124999999978172,0
2,1,idle,148,0.0016669999995428952,0
2,1,idle,149,0.002124999999978172,0
2,1,idle,150,0.0023329999994530226,0
2,1,idle,151,0.0017920000000231084,0
2,1,idle,152,0.002207999999882304,0
2,1,idle,153,0.0018329999993511592,0
2,1,idle,154,0.0017089999992094818,0
2,1,idle,155,0.0018329999993511592,0
2,1,idle,156,0.0028330000004643807,0
2,1,idle,157,0.0029999999997016857,0
2,1,idle,158,0.0017080000006899354,0
2,1,idle,159,0.002041000000644999,0
2,1,idle,160,0.0017080000006899354,0
2,1,idle,161,0.0016669999995428952,0
2,1,idle,162,0.001750000000356522,0
2,1,idle,163,0.002375000000029104,0
2,1,idle,164,0.00204200000007404,0
2,1,idle,165,0.0017920000000231084,0
2,1,idle,166,0.002290999999786436,0
2,1,idle,167,0.0017080000006899354,0
2,1,idle,168,0.002290999999786436,0
2,1,idle,169,0.0017079999997804407,0
2,1,idle,170,0.0017499999994470272,0
2,1,idle,171,0.00220900000022084,0
2,1,idle,172,0.00166700000045239,0
2,1,idle,173,0.0023329999994530226,0
2,1,idle,174,0.0017079999997804407,0
2,1,idle,175,0.0017920000000231084,0
2,1,idle,176,0.0017499999994470272,0
2,1,idle,177,0.001750000000356522,0
2,1,idle,178,0.0020830000003115856,0
2,1,idle,179,0.0017080000006899354,0
2,1,idle,180,0.0017079999997804407,0
2,1,idle,181,0.0016249999998763087,0
2,1,idle,182,0.0017499999994470272,0
2,1,idle,183,0.0017089999992094818,0
2,1,idle,184,0.00220900000022084,0
2,1,idle,185,0.00166700000045239,0
2,1,idle,186,0.002500000000509317,0
2,1,idle,187,0.001833000000260654,0
2,1,idle,188,0.0017079999997804407,0
2,1,idle,189,0.002375000000029104,0
2,1,idle,190,0.00166700000045239,0
2,1,idle,191,0.0017920000000231084,0
2,1,idle,192,0.0016669999995428952,0
2,1,idle,193,0.001750000000356522,0
2,1,idle,194,0.0021660000002157176,0
2,1,idle,195,0.0018749999999272404,0
2,1,idle,196,0.002375000000029104,0
2,1,idle,197,0.00166700000045239,0
2,1,idle,198,0.0017090000001189765,0
2,1,idle,199,0.0023330000003625173,0
2,1,idle,200,0.0018329999993511592,0
2,1,idle,201,0.0016660000001138542,0
2,1,idle,202,0.001750000000356522,0
2,1,idle,203,0.0017079999997804407,0
2,1,idle,204,0.002124999999978172,0
2,1,idle,205,0.002290999999786436,0
2,1,idle,206,0.001833000000260654,0
2,1,idle,207,0.0016669999995428952,0
2,1,idle,208,0.0017090000001189765,0
2,1,idle,209,0.00166700000045239,0
2,1,idle,210,0.0021669999996447586,0
2,1,idle,211,0.00166700000045239,0
2,1,idle,212,0.001750000000356522,0
2,1,idle,213,0.001959000000169908,0
2,1,idle,214,0.0017920000000231084,0
2,1,idle,215,0.0022500000004583853,0
2,1,idle,216,0.002041000000644999,0
2,1,idle,217,0.0018749999999272404,0
2,1,idle,218,0.0017090000001189765,0
2,1,idle,219,0.0016669999995428952,0
2,1,idle,220,0.0022499999995488906,0
2,1,idle,221,0.0018749999999272404,0
2,1,idle,222,0.0016659999992043595,0
2,1,idle,223,0.0016660000001138542,0
2,1,idle,224,0.0017499999994470272,0
2,1,idle,225,0.0016249999998763087,0
2,1,idle,226,0.0028339999998934218,0
2,1,idle,227,0.0020839999997406267,0
2,1,idle,228,0.001750000000356522,0
2,1,idle,229,0.0016669999995428952,0
2,1,idle,230,0.002540999999837368,0
2,1,idle,231,0.002207999999882304,0
2,1,idle,232,0.0017090000001189765,0
2,1,idle,233,0.0017090000001189765,0
2,1,idle,234,0.001833000000260654,0
2,1,idle,235,0.0016660000001138542,0
2,1,idle,236,0.002791000000797794,0
2,1,idle,237,0.001750000000356522,0
2,1,idle,238,0.0022499999995488906,0
2,1,idle,239,0.002290999999786436,0
2,1,idle,240,0.0017080000006899354,0
2,1,idle,241,0.0024999999995998223,0
2,1,idle,242,0.0017499999994470272,0
2,1,idle,243,0.0017920000000231084,0
2,1,idle,244,0.0017920000000231084,0
2,1,idle,245,0.0017920000000231084,0
2,1,idle,246,0.0021670000005542533,0
2,1,idle,247,0.0022500000004583853,0
2,1,idle,248,0.0016249999998763087,0
2,1,idle,249,0.0017080000006899354,0
2,1,idle,250,0.001833000000260654,0
2,1,idle,251,0.002290999999786436,0
2,1,idle,252,0.0020830000003115856,0
2,1,idle,253,0.0016669999995428952,0
2,1,idle,254,0.001750000000356522,0
2,1,idle,255,0.0017499999994470272,0
2,1,idle,256,0.0017080000006899354,0
2,1,idle,257,0.002124999999978172,0
2,1,idle,258,0.001750000000356522,0
2,1,idle,259,0.0019160000001647859,0
2,1,idle,260,0.0016249999998763087,0
2,1,idle,261,0.002292000000124972,0
2,1,idle,262,0.001750000000356522,0
2,1,idle,263,0.00220900000022084,0
2,1,idle,264,0.0017080000006899354,0
2,1,idle,265,0.0016660000001138542,0
2,1,idle,266,0.0017079999997804407,0
2,1,idle,267,0.001584000000548258,0
2,1,idle,268,0.0021669999996447586,0
2,1,idle,269,0.0017920000000231084,0
2,1,idle,270,0.0017090000001189765,0
2,1,idle,271,0.002124999999978172,0
2,1,idle,272,0.0017080000006899354,0
2,1,idle,273,0.002292000000124972,0
2,1,idle,274,0.001750000000356522,0
2,1,idle,275,0.001833999999689695,0
2,1,idle,276,0.0017090000001189765,0
2,1,idle,277,0.00166700000045239,0
2,1,idle,278,0.002417000000605185,0
2,1,idle,279,0.0018749999999272404,0
2,1,idle,280,0.0016249999998763087,0
2,1,idle,281,0.0017089999992094818,0
2,1,idle,282,0.002125000000887667,0
2,1,idle,283,0.0017499999994470272,0
2,1,idle,284,0.002207999999882304,0
2,1,idle,285,0.001833000000260654,0
2,1,idle,286,0.0016659999992043595,0
2,1,idle,287,0.0017079999997804407,0
2,1,idle,288,0.00166700000045239,0
2,1,idle,289,0.0022500000004583853,0
2,1,idle,290,0.001999999999497959,0
2,1,idle,291,0.0017079999997804407,0
2,1,idle,292,0.0017080000006899354,0
2,1,idle,293,0.002124999999978172,0
2,1,idle,294,0.002124999999978172,0
2,1,idle,295,0.0017920000000231084,0
2,1,idle,296,0.0017909999996845727,0
2,1,idle,297,0.001750000000356522,0
2,1,idle,298,0.001750000000356522,0
2,1,idle,299,0.002292000000124972,0
2,1,idle,300,0.001833999999689695,0
2,1,idle,301,0.0017079999997804407,0
2,1,idle,302,0.0016660000001138542,0
2,1,idle,303,0.0016249999998763087,0
2,1,idle,304,0.0017089999992094818,0
2,1,idle,305,0.0024590000002717716,0
2,1,idle,306,0.001833000000260654,0
2,1,idle,307,0.0016660000001138542,0
2,1,idle,308,0.001750000000356522,0
2,1,idle,309,0.00166700000045239,0
2,1,idle,310,0.0022500000004583853,0
2,1,idle,311,0.0016669999995428952,0
2,1,idle,312,0.0015830000002097222,0
2,1,idle,313,0.0021660000002157176,0
2,1,idle,314,0.0015410000005431357,0
2,1,idle,315,0.002207999999882304,0
2,1,idle,316,0.0016669999995428952,0
2,1,idle,317,0.0016250000007858034,0
2,1,idle,318,0.0017920000000231084,0
2,1,idle,319,0.002541999999266409,0
2,1,idle,320,0.0020839999997406267,0
2,1,idle,321,0.0016669999995428952,0
2,1,idle,322,0.002124999999978172,0
2,1,idle,323,0.0020830000003115856,0
2,1,idle,324,0.0017090000001189765,0
2,1,idle,325,0.0017090000001189765,0
2,1,idle,326,0.0021669999996447586,0
2,1,idle,327,0.001750000000356522,0
2,1,idle,328,0.0017079999997804407,0
2,1,idle,329,0.001833999999689695,0
2,1,idle,330,0.0017499999994470272,0
2,1,idle,331,0.002082999999402091,0
2,1,idle,332,0.0016249999998763087,0
2,1,idle,333,0.0017079999997804407,0
2,1,idle,334,0.0017499999994470272,0
2,1,idle,335,0.0016669999995428952,0
2,1,idle,336,0.002292000000124972,0
2,1,idle,337,0.0018749999999272404,0
2,1,idle,338,0.002124999999978172,0
2,1,idle,339,0.0017090000001189765,0
2,1,idle,340,0.0017920000000231084,0
2,1,idle,341,0.002124999999978172,0
2,1,idle,342,0.0020000000004074536,0
2,1,idle,343,0.0016660000001138542,0
2,1,idle,344,0.0029999999997016857,0
2,1,idle,345,0.0017090000001189765,0
2,1,idle,346,0.0017079999997804407,0
2,1,idle,347,0.002124999999978172,0
2,1,idle,348,0.0021669999996447586,0
2,1,idle,349,0.0018329999993511592,0
2,1,idle,350,0.0017079999997804407,0
2,1,idle,351,0.0016249999998763087,0
2,1,idle,352,0.002207999999882304,0
2,1,idle,353,0.0017920000000231084,0
2,1,idle,354,0.0019170000005033216,0
2,1,idle,355,0.0018749999999272404,0
2,1,idle,356,0.00166700000045239,0
2,1,idle,357,0.00220900000022084,0
2,1,idle,358,0.0017920000000231084,0
2,1,idle,359,0.0017090000001189765,0
2,1,idle,360,0.002125000000887667,0
2,1,idle,361,0.0017079999997804407,0
2,1,idle,362,0.0016249999998763087,0
2,1,idle,363,0.0022500000004583853,0
2,1,idle,364,0.001750000000356522,0
2,1,idle,365,0.0017079999997804407,0
2,1,idle,366,0.0016660000001138542,0
2,1,idle,367,0.0017079999997804407,0
2,1,idle,368,0.002124999999978172,0
2,1,idle,369,0.00166700000045239,0
2,1,idle,370,0.0015830000002097222,0
2,1,idle,371,0.001750000000356522,0
2,1,idle,372,0.0020000000004074536,0
2,1,idle,373,0.00220900000022084,0
2,1,idle,374,0.0017090000001189765,0
2,1,idle,375,0.001750000000356522,0
2,1,idle,376,0.0017920000000231084,0
2,1,idle,377,0.001750000000356522,0
2,1,idle,378,0.0021669999996447586,0
2,1,idle,379,0.001750000000356522,0
2,1,idle,380,0.0017079999997804407,0
2,1,idle,381,0.001750000000356522,0
2,1,idle,382,0.0017079999997804407,0
2,1,idle,383,0.0017499999994470272,0
2,1,idle,384,0.0021670000005542533,0
2,1,idle,385,0.001833999999689695,0
2,1,idle,386,0.0018749999999272404,0
2,1,idle,387,0.0017499999994470272,0
2,1,idle,388,0.0017080000006899354,0
2,1,idle,389,0.0020830000003115856,0
2,1,idle,390,0.001750000000356522,0
2,1,idle,391,0.0016249999998763087,0
2,1,idle,392,0.001750000000356522,0
2,1,idle,393,0.0017920000000231084,0
2,1,idle,394,0.0023330000003625173,0
2,1,idle,395,0.0017079999997804407,0
2,1,idle,396,0.0016660000001138542,0
2,1,idle,397,0.001750000000356522,0
2,1,idle,398,0.0017090000001189765,0
2,1,idle,399,0.00204200000007404,0
2,1,idle,400,0.0020000000004074536,0
2,1,idle,401,0.002375000000029104,0
2,1,idle,402,0.00204200000007404,0
2,1,idle,403,0.001916999999593827,0
2,1,idle,404,0.002500000000509317,0
2,1,idle,405,0.0024160000002666493,0
2,1,idle,406,0.003374999999323336,0
2,1,idle,407,0.001750000000356522,0
2,1,idle,408,0.002500000000509317,0
2,1,idle,409,0.0016249999998763087,0
2,1,idle,410,0.00220900000022084,0
2,1,idle,411,0.00166700000045239,0
2,1,idle,412,0.0017079999997804407,0
2,1,idle,413,0.0018749999999272404,0
2,1,idle,414,0.00166700000045239,0
2,1,idle,415,0.0020839999997406267,0
2,1,idle,416,0.0017080000006899354,0
2,1,idle,417,0.001958000000740867,0
2,1,idle,418,0.0017499999994470272,0
2,1,idle,419,0.0016660000001138542,0
2,1,idle,420,0.0022500000004583853,0
2,1,idle,421,0.0016249999998763087,0
2,1,idle,422,0.001750000000356522,0
2,1,idle,423,0.0016249999998763087,0
2,1,idle,424,0.0016669999995428952,0
2,1,idle,425,0.0017499999994470272,0
2,1,idle,426,0.0021669999996447586,0
2,1,idle,427,0.002292000000124972,0
2,1,idle,428,0.0016669999995428952,0
2,1,idle,429,0.0016250000007858034,0
2,1,idle,430,0.0016669999995428952,0
2,1,idle,431,0.0021669999996447586,0
2,1,idle,432,0.0017920000000231084,0
2,1,idle,433,0.0017090000001189765,0
2,1,idle,434,0.00166700000045239,0
2,1,idle,435,0.0017090000001189765,0
2,1,idle,436,0.0021669999996447586,0
2,1,idle,437,0.001750000000356522,0
2,1,idle,438,0.0017090000001189765,0
2,1,idle,439,0.002082999999402091,0
2,1,idle,440,0.0017079999997804407,0
2,1,idle,441,0.002082999999402091,0
2,1,idle,442,0.0017090000001189765,0
2,1,idle,443,0.00166700000045239,0
2,1,idle,444,0.0018749999999272404,0
2,1,idle,445,0.0017499999994470272,0
2,1,idle,446,0.0017079999997804407,0
2,1,idle,447,0.0023330000003625173,0
2,1,idle,448,0.001916999999593827,0
2,1,idle,449,0.00166700000045239,0
2,1,idle,450,0.00166700000045239,0
2,1,idle,451,0.0016669999995428952,0
2,1,idle,452,0.0022500000004583853,0
2,1,idle,453,0.002292000000124972,0
2,1,idle,454,0.0019579999998313724,0
2,1,idle,455,0.0017499999994470272,0
2,1,idle,456,0.0016660000001138542,0
2,1,idle,457,0.002290999999786436,0
2,1,idle,458,0.0017079999997804407,0
2,1,idle,459,0.00970800000050076,0
2,1,idle,460,0.0029999999997016857,0
2,1,idle,461,0.0017920000000231084,0
2,1,idle,462,0.001833000000260654,0
2,1,idle,463,0.002207999999882304,0
2,1,idle,464,0.0017079999997804407,0
2,1,idle,465,0.00166700000045239,0
2,1,idle,466,0.001750000000356522,0
2,1,idle,467,0.0016250000007858034,0
2,1,idle,468,0.0029580000000350992,0
2,1,idle,469,0.0017080000006899354,0
2,1,idle,470,0.0017920000000231084,0
2,1,idle,471,0.001750000000356522,0
2,1,idle,472,0.0022499999995488906,0
2,1,idle,473,0.002207999999882304,0
2,1,idle,474,0.0017909999996845727,0
2,1,idle,475,0.0016660000001138542,0
2,1,idle,476,0.001958000000740867,0
2,1,idle,477,0.0016660000001138542,0
2,1,idle,478,0.0020409999997355044,0
2,1,idle,479,0.0016660000001138542,0
2,1,idle,480,0.0020830000003115856,0
2,1,idle,481,0.0017079999997804407,0
2,1,idle,482,0.0017079999997804407,0
2,1,idle,483,0.001833999999689695,0
2,1,idle,484,0.002208999999311345,0
2,1,idle,485,0.0017920000000231084,0
2,1,idle,486,0.00166700000045239,0
2,1,idle,487,0.0016669999995428952,0
2,1,idle,488,0.0017090000001189765,0
2,1,idle,489,0.0028750000001309672,0
2,1,idle,490,0.0017079999997804407,0
2,1,idle,491,0.0016669999995428952,0
2,1,idle,492,0.0017089999992094818,0
2,1,idle,493,0.0017090000001189765,0
2,1,idle,494,0.002292000000124972,0
2,1,idle,495,0.0017499999994470272,0
2,1,idle,496,0.001750000000356522,0
2,1,idle,497,0.0028340000008029165,0
2,1,idle,498,0.0017079999997804407,0
2,1,idle,499,0.0021670000005542533,0
2,1,idle,500,0.0018749999999272404,0
2,1,idle,501,0.0015830000002097222,0
2,1,idle,502,0.0017910000005940674,0
2,1,idle,503,0.0016660000001138542,0
2,1,idle,504,0.001750000000356522,0
2,1,idle,505,0.0021670000005542533,0
2,1,idle,506,0.0023339999997915584,0
2,1,idle,507,0.0016249999998763087,0
2,1,idle,508,0.0017920000000231084,0
2,1,idle,509,0.0017499999994470272,0
2,1,idle,510,0.0020830000003115856,0
2,1,idle,511,0.001833999999689695,0
2,1,idle,512,0.0017920000000231084,0
2,1,idle,513,0.00166700000045239,0
2,1,idle,514,0.0017079999997804407,0
2,1,idle,515,0.002208000000791799,0
2,1,idle,516,0.0017920000000231084,0
2,1,idle,517,0.0017079999997804407,0
2,1,idle,518,0.0016249999998763087,0
2,1,idle,519,0.0016249999998763087,0
2,1,idle,520,0.002124999999978172,0
2,1,idle,521,0.0016249999998763087,0
2,1,idle,522,0.0017910000005940674,0
2,1,idle,523,0.0016250000007858034,0
2,1,idle,524,0.0018329999993511592,0
2,1,idle,525,0.0015830000002097222,0
2,1,idle,526,0.001959000000169908,0
2,1,idle,527,0.0017090000001189765,0
2,1,idle,528,0.00166700000045239,0
2,1,idle,529,0.0016669999995428952,0
2,1,idle,530,0.002207999999882304,0
2,1,idle,531,0.0020839999997406267,0
2,1,idle,532,0.0017079999997804407,0
2,1,idle,533,0.0017499999994470272,0
2,1,idle,534,0.0016669999995428952,0
2,1,idle,535,0.0017080000006899354,0
2,1,idle,536,0.002124999999978172,0
2,1,idle,537,0.0016659999992043595,0
2,1,idle,538,0.0016660000001138542,0
2,1,idle,539,0.0022499999995488906,0
2,1,idle,540,0.0017090000001189765,0
2,1,idle,541,0.002832999999554886,0
2,1,idle,542,0.0015830000002097222,0
2,1,idle,543,0.0020839999997406267,0
2,1,idle,544,0.00166700000045239,0
2,1,idle,545,0.0016660000001138542,0
2,1,idle,546,0.001750000000356522,0
2,1,idle,547,0.0020839999997406267,0
2,1,idle,548,0.0017080000006899354,0
2,1,idle,549,0.001750000000356522,0
2,1,idle,550,0.0016669999995428952,0
2,1,idle,551,0.0016249999998763087,0
2,1,idle,552,0.0020409999997355044,0
2,1,idle,553,0.0016669999995428952,0
2,1,idle,554,0.0016249999998763087,0
2,1,idle,555,0.0017499999994470272,0
2,1,idle,556,0.0016249999998763087,0
2,1,idle,557,0.002124999999978172,0
2,1,idle,558,0.0017499999994470272,0
2,1,idle,559,0.00258399999984249,0
2,1,idle,560,0.0019170000005033216,0
2,1,idle,561,0.00204200000007404,0
2,1,idle,562,0.0017090000001189765,0
2,1,idle,563,0.002292000000124972,0
2,1,idle,564,0.0016249999998763087,0
2,1,idle,565,0.0016669999995428952,0
2,1,idle,566,0.0017090000001189765,0
2,1,idle,567,0.0017499999994470272,0
2,1,idle,568,0.00204200000007404,0
2,1,idle,569,0.0017920000000231084,0
2,1,idle,570,0.0015419999999721767,0
2,1,idle,571,0.0019579999998313724,0
2,1,idle,572,0.001999999999497959,0
2,1,idle,573,0.0026250000000800355,0
2,1,idle,574,0.0020000000004074536,0
2,1,idle,575,0.001833999999689695,0
2,1,idle,576,0.0021669999996447586,0
2,1,idle,577,0.001750000000356522,0
2,1,idle,578,0.0021660000002157176,0
2,1,idle,579,0.0017909999996845727,0
2,1,idle,580,0.0018749999999272404,0
2,1,idle,581,0.0017920000000231084,0
2,1,idle,582,0.0016669999995428952,0
2,1,idle,583,0.0017080000006899354,0
2,1,idle,584,0.0020830000003115856,0
2,1,idle,585,0.0019160000001647859,0
2,1,idle,586,0.0017079999997804407,0
2,1,idle,587,0.0015830000002097222,0
2,1,idle,588,0.0015830000002097222,0
2,1,idle,589,0.0021670000005542533,0
2,1,idle,590,0.002457999999933236,0
2,1,idle,591,0.0016249999998763087,0
2,1,idle,592,0.002375000000029104,0
2,1,idle,593,0.00166700000045239,0
2,1,idle,594,0.002124999999978172,0
2,1,idle,595,0.001833000000260654,0
2,1,idle,596,0.0016249999998763087,0
2,1,idle,597,0.0017499999994470272,0
2,1,idle,598,0.0017090000001189765,0
2,1,idle,599,0.0021669999996447586,0
2,1,idle,600,0.001750000000356522,0
2,1,idle,601,0.0017499999994470272,0
2,1,idle,602,0.0017079999997804407,0
2,1,idle,603,0.0016249999998763087,0
2,1,idle,604,0.0016249999998763087,0
2,1,idle,605,0.002124999999978172,0
2,1,idle,606,0.0024169999996956903,0
2,1,idle,607,0.0016249999998763087,0
2,1,idle,608,0.0016249999998763087,0
2,1,idle,609,0.0016249999998763087,0
2,1,idle,610,0.002292000000124972,0
2,1,idle,611,0.00166700000045239,0
2,1,idle,612,0.0017079999997804407,0
2,1,idle,613,0.0017079999997804407,0
2,1,idle,614,0.0015829999993002275,0
2,1,idle,615,0.0021670000005542533,0
2,1,idle,616,0.0016249999998763087,0
2,1,idle,617,0.0016250000007858034,0
2,1,idle,618,0.0017920000000231084,0
2,1,idle,619,0.0016249999998763087,0
2,1,idle,620,0.002124999999978172,0
2,1,idle,621,0.0017090000001189765,0
2,1,idle,622,0.0016250000007858034,0
2,1,idle,623,0.0015419999999721767,0
2,1,idle,624,0.0016249999998763087,0
2,1,idle,625,0.0017499999994470272,0
2,1,idle,626,0.0021669999996447586,0
2,1,idle,627,0.0016250000007858034,0
2,1,idle,628,0.0020830000003115856,0
2,1,idle,629,0.00166700000045239,0
2,1,idle,630,0.0015829999993002275,0
2,1,idle,631,0.001999999999497959,0
2,1,idle,632,0.0017090000001189765,0
2,1,idle,633,0.0017920000000231084,0
2,1,idle,634,0.001750000000356522,0
2,1,idle,635,0.0015830000002097222,0
2,1,idle,636,0.0022500000004583853,0
2,1,idle,637,0.0016249999998763087,0
2,1,idle,638,0.0020000000004074536,0
2,1,idle,639,0.0016669999995428952,0
2,1,idle,640,0.0017920000000231084,0
2,1,idle,641,0.0021660000002157176,0
2,1,idle,642,0.0015830000002097222,0
2,1,idle,643,0.00166700000045239,0
2,1,idle,644,0.0016660000001138542,0
2,1,idle,645,0.0016250000007858034,0
2,1,idle,646,0.0016249999998763087,0
2,1,idle,647,0.002124999999978172,0
2,1,idle,648,0.0016249999998763087,0
2,1,idle,649,0.0024999999995998223,0
2,1,idle,650,0.0016249999998763087,0
2,1,idle,651,0.002666000000317581,0
2,1,idle,652,0.002082999999402091,0
2,1,idle,653,0.0017090000001189765,0
2,1,idle,654,0.00258399999984249,0
2,1,idle,655,0.0019579999998313724,0
2,1,idle,656,0.0017079999997804407,0
2,1,idle,657,0.002082999999402091,0
2,1,idle,658,0.001916999999593827,0
2,1,idle,659,0.0016660000001138542,0
2,1,idle,660,0.0017909999996845727,0
2,1,idle,661,0.0016249999998763087,0
2,1,idle,662,0.001750000000356522,0
2,1,idle,663,0.002124999999978172,0
2,1,idle,664,0.0017920000000231084,0
2,1,idle,665,0.00166700000045239,0
2,1,idle,666,0.0017079999997804407,0
2,1,idle,667,0.0017090000001189765,0
2,1,idle,668,0.002124999999978172,0
2,1,idle,669,0.0019579999998313724,0
2,1,idle,670,0.0016249999998763087,0
2,1,idle,671,0.00166700000045239,0
2,1,idle,672,0.00166700000045239,0
2,1,idle,673,0.0026250000000800355,0
2,1,idle,674,0.0016669999995428952,0
2,1,idle,675,0.001750000000356522,0
2,1,idle,676,0.0019579999998313724,0
2,1,idle,677,0.001750000000356522,0
2,1,idle,678,0.0020830000003115856,0
2,1,idle,679,0.0017080000006899354,0
2,1,idle,680,0.0016660000001138542,0
2,1,idle,681,0.0017079999997804407,0
2,1,idle,682,0.0016249999998763087,0
2,1,idle,683,0.001959000000169908,0
2,1,idle,684,0.0020839999997406267,0
2,1,idle,685,0.0017079999997804407,0
2,1,idle,686,0.0016249999998763087,0
2,1,idle,687,0.0017090000001189765,0
2,1,idle,688,0.00166700000045239,0
2,1,idle,689,0.00204200000007404,0
2,1,idle,690,0.001750000000356522,0
2,1,idle,691,0.001916999999593827,0
2,1,idle,692,0.00166700000045239,0
2,1,idle,693,0.0015839999996387633,0
2,1,idle,694,0.0027920000002268353,0
2,1,idle,695,0.002292000000124972,0
2,1,idle,696,0.0016669999995428952,0
2,1,idle,697,0.0017090000001189765,0
2,1,idle,698,0.0016249999998763087,0
2,1,idle,699,0.002124999999978172,0
2,1,idle,700,0.0017089999992094818,0
2,1,idle,701,0.001999999999497959,0
2,1,idle,702,0.0016249999998763087,0
2,1,idle,703,0.0017909999996845727,0
2,1,idle,704,0.0016249999998763087,0
2,1,idle,705,0.0020839999997406267,0
2,1,idle,706,0.0017090000001189765,0
2,1,idle,707,0.001959000000169908,0
2,1,idle,708,0.0017079999997804407,0
2,1,idle,709,0.00166700000045239,0
2,1,idle,710,0.002124999999978172,0
2,1,idle,711,0.0016669999995428952,0
2,1,idle,712,0.0017089999992094818,0
2,1,idle,713,0.0016669999995428952,0
2,1,idle,714,0.00166700000045239,0
2,1,idle,715,0.001999999999497959,0
2,1,idle,716,0.0020409999997355044,0
2,1,idle,717,0.0018749999999272404,0
2,1,idle,718,0.0017499999994470272,0
2,1,idle,719,0.0017079999997804407,0
2,1,idle,720,0.0020000000004074536,0
2,1,idle,721,0.0017090000001189765,0
2,1,idle,722,0.0017499999994470272,0
2,1,idle,723,0.0018750000008367351,0
2,1,idle,724,0.0017079999997804407,0
2,1,idle,725,0.0015839999996387633,0
2,1,idle,726,0.00204200000007404,0
2,1,idle,727,0.00166700000045239,0
2,1,idle,728,0.0016250000007858034,0
2,1,idle,729,0.0016249999998763087,0
2,1,idle,730,0.0016250000007858034,0
2,1,idle,731,0.0021660000002157176,0
2,1,idle,732,0.001750000000356522,0
2,1,idle,733,0.001833999999689695,0
2,1,idle,734,0.001750000000356522,0
2,1,idle,735,0.0016669999995428952,0
2,1,idle,736,0.0020839999997406267,0
2,1,idle,737,0.0016669999995428952,0
2,1,idle,738,0.0016249999998763087,0
2,1,idle,739,0.0028750000001309672,0
2,1,idle,740,0.002041000000644999,0
2,1,idle,741,0.0021660000002157176,0
2,1,idle,742,0.0017079999997804407,0
2,1,idle,743,0.0018329999993511592,0
2,1,idle,744,0.0016250000007858034,0
2,1,idle,745,0.0017499999994470272,0
2,1,idle,746,0.0017089999992094818,0
2,1,idle,747,0.001999999999497959,0
2,1,idle,748,0.0018340000005991897,0
2,1,idle,749,0.0016249999998763087,0
2,1,idle,750,0.0016660000001138542,0
2,1,idle,751,0.0016249999998763087,0
2,1,idle,752,0.0021669999996447586,0
2,1,idle,753,0.0016669999995428952,0
2,1,idle,754,0.001750000000356522,0
2,1,idle,755,0.0017920000000231084,0
2,1,idle,756,0.0016660000001138542,0
2,1,idle,757,0.002207999999882304,0
2,1,idle,758,0.0016249999998763087,0
2,1,idle,759,0.0016660000001138542,0
2,1,idle,760,0.0017920000000231084,0
2,1,idle,761,0.0017499999994470272,0
2,1,idle,762,0.002207999999882304,0
2,1,idle,763,0.0028750000001309672,0
2,1,idle,764,0.001999999999497959,0
2,1,idle,765,0.0016659999992043595,0
2,1,idle,766,0.0016660000001138542,0
2,1,idle,767,0.0016249999998763087,0
2,1,idle,768,0.002208999999311345,0
2,1,idle,769,0.0017920000000231084,0
2,1,idle,770,0.00166700000045239,0
2,1,idle,771,0.0017079999997804407,0
2,1,idle,772,0.0016250000007858034,0
2,1,idle,773,0.0021660000002157176,0
2,1,idle,774,0.0019160000001647859,0
2,1,idle,775,0.0017080000006899354,0
2,1,idle,776,0.0016249999998763087,0
2,1,idle,777,0.001750000000356522,0
2,1,idle,778,0.0030839999999443535,0
2,1,idle,779,0.0017920000000231084,0
2,1,idle,780,0.0016249999998763087,0
2,1,idle,781,0.001584000000548258,0
2,1,idle,782,0.0016669999995428952,0
2,1,idle,783,0.0017090000001189765,0
2,1,idle,784,0.003042000000277767,0
2,1,idle,785,0.0017920000000231084,0
2,1,idle,786,0.0018749999999272404,0
2,1,idle,787,0.0016250000007858034,0
2,1,idle,788,0.0016669999995428952,0
2,1,idle,789,0.0021669999996447586,0
2,1,idle,790,0.0017090000001189765,0
2,1,idle,791,0.0016249999998763087,0
2,1,idle,792,0.0018749999999272404,0
2,1,idle,793,0.0016669999995428952,0
2,1,idle,794,0.0024999999995998223,0
2,1,idle,795,0.0018749999999272404,0
2,1,idle,796,0.001999999999497959,0
2,1,idle,797,0.001750000000356522,0
2,1,idle,798,0.001750000000356522,0
2,1,idle,799,0.002207999999882304,0
2,1,idle,800,0.001750000000356522,0
2,1,idle,801,0.0015830000002097222,0
2,1,idle,802,0.00166700000045239,0
2,1,idle,803,0.0016660000001138542,0
2,1,idle,804,0.0017079999997804407,0
2,1,idle,805,0.0021660000002157176,0
2,1,idle,806,0.0016249999998763087,0
2,1,idle,807,0.0020000000004074536,0
2,1,idle,808,0.0017920000000231084,0
2,1,idle,809,0.0016669999995428952,0
2,1,idle,810,0.0020409999997355044,0
2,1,idle,811,0.0016660000001138542,0
2,1,idle,812,0.0016249999998763087,0
2,1,idle,813,0.0017090000001189765,0
2,1,idle,814,0.0016249999998763087,0
2,1,idle,815,0.002165999999306223,0
2,1,idle,816,0.0016660000001138542,0
2,1,idle,817,0.0017909999996845727,0
2,1,idle,818,0.0016660000001138542,0
2,1,idle,819,0.0016250000007858034,0
2,1,idle,820,0.00204200000007404,0
2,1,idle,821,0.0017090000001189765,0
2,1,idle,822,0.0017920000000231084,0
2,1,idle,823,0.001958000000740867,0
2,1,idle,824,0.0016669999995428952,0
2,1,idle,825,0.0017080000006899354,0
2,1,idle,826,0.00220900000022084,0
2,1,idle,827,0.001916999999593827,0
2,1,idle,828,0.0017090000001189765,0
2,1,idle,829,0.0027500000005602487,0
2,1,idle,830,0.0016249999998763087,0
2,1,idle,831,0.00204200000007404,0
2,1,idle,832,0.0017089999992094818,0
2,1,idle,833,0.0016250000007858034,0
2,1,idle,834,0.0017079999997804407,0
2,1,idle,835,0.0016249999998763087,0
2,1,idle,836,0.0021669999996447586,0
2,1,idle,837,0.00166700000045239,0
2,1,idle,838,0.0016669999995428952,0
2,1,idle,839,0.0017920000000231084,0
2,1,idle,840,0.002207999999882304,0
2,1,idle,841,0.002458999999362277,0
2,1,idle,842,0.0017090000001189765,0
2,1,idle,843,0.0016249999998763087,0
2,1,idle,844,0.0017079999997804407,0
2,1,idle,845,0.00166700000045239,0
2,1,idle,846,0.0016660000001138542,0
2,1,idle,847,0.002165999999306223,0
2,1,idle,848,0.001750000000356522,0
2,1,idle,849,0.0016249999998763087,0
2,1,idle,850,0.0017090000001189765,0
2,1,idle,851,0.0016249999998763087,0
2,1,idle,852,0.002124999999978172,0
2,1,idle,853,0.0016669999995428952,0
2,1,idle,854,0.0016249999998763087,0
2,1,idle,855,0.0017090000001189765,0
2,1,idle,856,0.0016250000007858034,0
2,1,idle,857,0.002208999999311345,0
2,1,idle,858,0.00166700000045239,0
2,1,idle,859,0.001916999999593827,0
2,1,idle,860,0.00166700000045239,0
2,1,idle,861,0.0016249999998763087,0
2,1,idle,862,0.0017080000006899354,0
2,1,idle,863,0.002124999999978172,0
2,1,idle,864,0.001750000000356522,0
2,1,idle,865,0.0017910000005940674,0
2,1,idle,866,0.00166700000045239,0
2,1,idle,867,0.0016249999998763087,0
2,1,idle,868,0.00204200000007404,0
2,1,idle,869,0.0016249999998763087,0
2,1,idle,870,0.0016249999998763087,0
2,1,idle,871,0.0017079999997804407,0
2,1,idle,872,0.0017079999997804407,0
2,1,idle,873,0.002082999999402091,0
2,1,idle,874,0.002749999999650754,0
2,1,idle,875,0.0018749999999272404,0
2,1,idle,876,0.0017090000001189765,0
2,1,idle,877,0.001750000000356522,0
2,1,idle,878,0.002208000000791799,0
2,1,idle,879,0.001750000000356522,0
2,1,idle,880,0.00166700000045239,0
2,1,idle,881,0.0017909999996845727,0
2,1,idle,882,0.0017499999994470272,0
2,1,idle,883,0.0017499999994470272,0
2,1,idle,884,0.00204200000007404,0
2,1,idle,885,0.0018340000005991897,0
2,1,idle,886,0.0016249999998763087,0
2,1,idle,887,0.0017499999994470272,0
2,1,idle,888,0.0016249999998763087,0
2,1,idle,889,0.002208000000791799,0
2,1,idle,890,0.0019160000001647859,0
2,1,idle,891,0.0016660000001138542,0
2,1,idle,892,0.00166700000045239,0
2,1,idle,893,0.0016669999995428952,0
2,1,idle,894,0.0020830000003115856,0
2,1,idle,895,0.0017079999997804407,0
2,1,idle,896,0.00204200000007404,0
2,1,idle,897,0.0015839999996387633,0
2,1,idle,898,0.00166700000045239,0
2,1,idle,899,0.002124999999978172,0
2,1,idle,900,0.0017079999997804407,0
2,1,idle,901,0.0017920000000231084,0
2,1,idle,902,0.0027500000005602487,0
2,1,idle,903,0.0017920000000231084,0
2,1,idle,904,0.0021670000005542533,0
2,1,idle,905,0.0025420000001759036,0
2,1,idle,906,0.002207999999882304,0
2,1,idle,907,0.001959000000169908,0
2,1,idle,908,0.002417000000605185,0
2,1,idle,909,0.00166700000045239,0
2,1,idle,910,0.002124999999978172,0
2,1,idle,911,0.002082999999402091,0
2,1,idle,912,0.0016250000007858034,0
2,1,idle,913,0.0017079999997804407,0
2,1,idle,914,0.0017079999997804407,0
2,1,idle,915,0.002207999999882304,0
2,1,idle,916,0.0016660000001138542,0
2,1,idle,917,0.0016660000001138542,0
2,1,idle,918,0.001750000000356522,0
2,1,idle,919,0.0024169999996956903,0
2,1,idle,920,0.002292000000124972,0
2,1,idle,921,0.00166700000045239,0
2,1,idle,922,0.0019589999992604135,0
2,1,idle,923,0.0016669999995428952,0
2,1,idle,924,0.0017090000001189765,0
2,1,idle,925,0.0016669999995428952,0
2,1,idle,926,0.002124999999978172,0
2,1,idle,927,0.0018329999993511592,0
2,1,idle,928,0.0016249999998763087,0
2,1,idle,929,0.0017079999997804407,0
2,1,idle,930,0.0016249999998763087,0
2,1,idle,931,0.0021669999996447586,0
2,1,idle,932,0.0017079999997804407,0
2,1,idle,933,0.0017090000001189765,0
2,1,idle,934,0.0016669999995428952,0
2,1,idle,935,0.001750000000356522,0
2,1,idle,936,0.001999999999497959,0
2,1,idle,937,0.00166700000045239,0
2,1,idle,938,0.0015830000002097222,0
2,1,idle,939,0.0015830000002097222,0
2,1,idle,940,0.00166700000045239,0
2,1,idle,941,0.002375000000029104,0
2,1,idle,942,0.0016660000001138542,0
2,1,idle,943,0.0016249999998763087,0
2,1,idle,944,0.0017079999997804407,0
2,1,idle,945,0.0016669999995428952,0
2,1,idle,946,0.00166700000045239,0
2,1,idle,947,0.0020840000006501214,0
2,1,idle,948,0.0016669999995428952,0
2,1,idle,949,0.0016250000007858034,0
2,1,idle,950,0.0017090000001189765,0
2,1,idle,951,0.00166700000045239,0
2,1,idle,952,0.0020830000003115856,0
2,1,idle,953,0.0018749999999272404,0
2,1,idle,954,0.001833000000260654,0
2,1,idle,955,0.00166700000045239,0
2,1,idle,956,0.0015830000002097222,0
2,1,idle,957,0.0021670000005542533,0
2,1,idle,958,0.0017079999997804407,0
2,1,idle,959,0.001540999999633641,0
2,1,idle,960,0.0018329999993511592,0
2,1,idle,961,0.0017079999997804407,0
2,1,idle,962,0.0017090000001189765,0
2,1,idle,963,0.0027079999999841675,0
2,1,idle,964,0.0029999999997016857,0
2,1,idle,965,0.0017920000000231084,0
2,1,idle,966,0.00166700000045239,0
2,1,idle,967,0.0017090000001189765,0
2,1,idle,968,0.002124999999978172,0
2,1,idle,969,0.0017499999994470272,0
2,1,idle,970,0.0016249999998763087,0
2,1,idle,971,0.0017920000000231084,0
2,1,idle,972,0.0017920000000231084,0
2,1,idle,973,0.002124999999978172,0
2,1,idle,974,0.0018749999999272404,0
2,1,idle,975,0.002124999999978172,0
2,1,idle,976,0.001750000000356522,0
2,1,idle,977,0.0016249999998763087,0
2,1,idle,978,0.0020830000003115856,0
2,1,idle,979,0.0017079999997804407,0
2,1,idle,980,0.0017920000000231084,0
2,1,idle,981,0.001750000000356522,0
2,1,idle,982,0.0017920000000231084,0
2,1,idle,983,0.001750000000356522,0
2,1,idle,984,0.0021660000002157176,0
2,1,idle,985,0.0019159999992552912,0
2,1,idle,986,0.0017079999997804407,0
2,1,idle,987,0.0017499999994470272,0
2,1,idle,988,0.0016660000001138542,0
2,1,idle,989,0.002082999999402091,0
2,1,idle,990,0.001959000000169908,0
2,1,idle,991,0.0017499999994470272,0
2,1,idle,992,0.0017079999997804407,0
2,1,idle,993,0.001540999999633641,0
2,1,idle,994,0.002124999999978172,0
2,1,idle,995,0.0016249999998763087,0
2,1,idle,996,0.001750000000356522,0
2,1,idle,997,0.0017499999994470272,0
2,1,idle,998,0.0016249999998763087,0
2,1,idle,999,0.0021669999996447586,0
2,1,event,0,0.016332999999576714,1
2,1,event,1,0.0029580000000350992,0
2,1,event,2,0.002375000000029104,0
2,1,event,3,0.00166700000045239,0
2,1,event,4,0.00166700000045239,0
2,1,event,5,0.00166700000045239,0
2,1,event,6,0.0016249999998763087,0
2,1,event,7,0.0020830000003115856,0
2,1,event,8,0.0023329999994530226,0
2,1,event,9,0.0018329999993511592,0
2,1,event,10,0.0015839999996387633,0
2,1,event,11,0.001750000000356522,0
2,1,event,12,0.0017079999997804407,0
2,1,event,13,0.002124999999978172,0
2,1,event,14,0.0016249999998763087,0
2,1,event,15,0.0017910000005940674,0
2,1,event,16,0.0016660000001138542,0
2,1,event,17,0.001750000000356522,0
2,1,event,18,0.00220900000022084,0
2,1,event,19,0.001750000000356522,0
2,1,event,20,0.0016249999998763087,0
2,1,event,21,0.0017499999994470272,0
2,1,event,22,0.0016249999998763087,0
2,1,event,23,0.0022499999995488906,0
2,1,event,24,0.0016250000007858034,0
2,1,event,25,0.0016669999995428952,0
2,1,event,26,0.0018329999993511592,0
2,1,event,27,0.0021670000005542533,0
2,1,event,28,0.0016249999998763087,0
2,1,event,29,0.0020830000003115856,0
2,1,event,30,0.0017080000006899354,0
2,1,event,31,0.0017080000006899354,0
2,1,event,32,0.0016669999995428952,0
2,1,event,33,0.0016249999998763087,0
2,1,event,34,0.002124999999978172,0
2,1,event,35,0.0017079999997804407,0
2,1,event,36,0.001833999999689695,0
2,1,event,37,0.0016669999995428952,0
2,1,event,38,0.0016249999998763087,0
2,1,event,39,0.0022499999995488906,0
2,1,event,40,0.0016249999998763087,0
2,1,event,41,0.002375000000029104,0
2,1,event,42,0.001584000000548258,0
2,1,event,43,0.0017089999992094818,0
2,1,event,44,0.001584000000548258,0
2,1,event,45,0.0022499999995488906,0
2,1,event,46,0.00166700000045239,0
2,1,event,47,0.0016249999998763087,0
2,1,event,48,0.0023329999994530226,0
2,1,event,49,0.001584000000548258,0
2,1,event,50,0.0020830000003115856,0
2,1,event,51,0.0020000000004074536,0
2,1,event,52,0.001750000000356522,0
2,1,event,53,0.002124999999978172,0
2,1,event,54,0.001750000000356522,0
2,1,event,55,0.0021669999996447586,0
2,1,event,56,0.002165999999306223,0
2,1,event,57,0.0017499999994470272,0
2,1,event,58,0.002290999999786436,0
2,1,event,59,0.0016249999998763087,0
2,1,event,60,0.012584000000060769,1
2,1,event,61,0.002624999999170541,0
2,1,event,62,0.0019159999992552912,0
2,1,event,63,0.0017920000000231084,0
2,1,event,64,0.0017499999994470272,0
2,1,event,65,0.002207999999882304,0
2,1,event,66,0.0017090000001189765,0
2,1,event,67,0.0017920000000231084,0
2,1,event,68,0.0016249999998763087,0
2,1,event,69,0.0016249999998763087,0
2,1,event,70,0.0023329999994530226,0
2,1,event,71,0.0015830000002097222,0
2,1,event,72,0.0017910000005940674,0
2,1,event,73,0.001750000000356522,0
2,1,event,74,0.0021670000005542533,0
2,1,event,75,0.002292000000124972,0
2,1,event,76,0.0017920000000231084,0
2,1,event,77,0.0017090000001189765,0
2,1,event,78,0.001750000000356522,0
2,1,event,79,0.0017079999997804407,0
2,1,event,80,0.0020409999997355044,0
2,1,event,81,0.0016669999995428952,0
2,1,event,82,0.0017079999997804407,0
2,1,event,83,0.001750000000356522,0
2,1,event,84,0.0016249999998763087,0
2,1,event,85,0.00166700000045239,0
2,1,event,86,0.001999999999497959,0
2,1,event,87,0.0017909999996845727,0
2,1,event,88,0.0017079999997804407,0
2,1,event,89,0.001750000000356522,0
2,1,event,90,0.00166700000045239,0
2,1,event,91,0.0020000000004074536,0
2,1,event,92,0.0016660000001138542,0
2,1,event,93,0.0017499999994470272,0
2,1,event,94,0.00166700000045239,0
2,1,event,95,0.00166700000045239,0
2,1,event,96,0.0026250000000800355,0
2,1,event,97,0.0015830000002097222,0
2,1,event,98,0.0016660000001138542,0
2,1,event,99,0.0017080000006899354,0
2,1,event,100,0.0016660000001138542,0
2,1,event,101,0.0022500000004583853,0
2,1,event,102,0.001750000000356522,0
2,1,event,103,0.0018749999999272404,0
2,1,event,104,0.0015839999996387633,0
2,1,event,105,0.0016249999998763087,0
2,1,event,106,0.0017079999997804407,0
2,1,event,107,0.0027920000002268353,0
2,1,event,108,0.00204200000007404,0
2,1,event,109,0.00166700000045239,0
2,1,event,110,0.0023339999997915584,0
2,1,event,111,0.0015830000002097222,0
2,1,event,112,0.002082999999402091,0
2,1,event,113,0.0016249999998763087,0
2,1,event,114,0.0017910000005940674,0
2,1,event,115,0.0017080000006899354,0
2,1,event,116,0.0015839999996387633,0
2,1,event,117,0.00204200000007404,0
2,1,event,118,0.00166700000045239,0
2,1,event,119,0.0016249999998763087,0
2,1,event,120,0.011124999999992724,1
2,1,event,121,0.0032499999997526174,0
2,1,event,122,0.00220900000022084,0
2,1,event,123,0.00166700000045239,0
2,1,event,124,0.00166700000045239,0
2,1,event,125,0.0015839999996387633,0
2,1,event,126,0.0017079999997804407,0
2,1,event,127,0.0020000000004074536,0
2,1,event,128,0.0015419999999721767,0
2,1,event,129,0.0016669999995428952,0
2,1,event,130,0.0016249999998763087,0
2,1,event,131,0.0017090000001189765,0
2,1,event,132,0.002124999999978172,0
2,1,event,133,0.001833999999689695,0
2,1,event,134,0.001833999999689695,0
2,1,event,135,0.0017080000006899354,0
2,1,event,136,0.0016660000001138542,0
2,1,event,137,0.0023330000003625173,0
2,1,event,138,0.0020839999997406267,0
2,1,event,139,0.00166700000045239,0
2,1,event,140,0.0022499999995488906,0
2,1,event,141,0.0016249999998763087,0
2,1,event,142,0.0028330000004643807,0
2,1,event,143,0.0016249999998763087,0
2,1,event,144,0.00166700000045239,0
2,1,event,145,0.0016249999998763087,0
2,1,event,146,0.0015830000002097222,0
2,1,event,147,0.0016249999998763087,0
2,1,event,148,0.0020840000006501214,0
2,1,event,149,0.0015830000002097222,0
2,1,event,150,0.0018749999999272404,0
2,1,event,151,0.0017079999997804407,0
2,1,event,152,0.001750000000356522,0
2,1,event,153,0.0020839999997406267,0
2,1,event,154,0.0017920000000231084,0
2,1,event,155,0.0018750000008367351,0
2,1,event,156,0.0018329999993511592,0
2,1,event,157,0.0016669999995428952,0
2,1,event,158,0.0020839999997406267,0
2,1,event,159,0.0016669999995428952,0
2,1,event,160,0.0015839999996387633,0
2,1,event,161,0.001750000000356522,0
2,1,event,162,0.0016660000001138542,0
2,1,event,163,0.00166700000045239,0
2,1,event,164,0.0022499999995488906,0
2,1,event,165,0.001999999999497959,0
2,1,event,166,0.0015419999999721767,0
2,1,event,167,0.0016669999995428952,0
2,1,event,168,0.0015830000002097222,0
2,1,event,169,0.0020409999997355044,0
2,1,event,170,0.0016249999998763087,0
2,1,event,171,0.0016249999998763087,0
2,1,event,172,0.002207999999882304,0
2,1,event,173,0.0016249999998763087,0
2,1,event,174,0.0019579999998313724,0
2,1,event,175,0.0022500000004583853,0
2,1,event,176,0.0015829999993002275,0
2,1,event,177,0.0016669999995428952,0
2,1,event,178,0.00166700000045239,0
2,1,event,179,0.0020839999997406267,0
2,1,event,180,0.01062499999989086,1
2,1,event,181,0.002124999999978172,0
2,1,event,182,0.0017079999997804407,0
2,1,event,183,0.0016250000007858034,0
2,1,event,184,0.002207999999882304,0
2,1,event,185,0.0017089999992094818,0
2,1,event,186,0.00166700000045239,0
2,1,event,187,0.002124999999978172,0
2,1,event,188,0.0016660000001138542,0
2,1,event,189,0.0020000000004074536,0
2,1,event,190,0.0017499999994470272,0
2,1,event,191,0.001584000000548258,0
2,1,event,192,0.0015830000002097222,0
2,1,event,193,0.0016660000001138542,0
2,1,event,194,0.002291000000695931,0
2,1,event,195,0.0018749999999272404,0
2,1,event,196,0.0017910000005940674,0
2,1,event,197,0.0016249999998763087,0
2,1,event,198,0.0016669999995428952,0
2,1,event,199,0.0020839999997406267,0
2,1,event,200,0.00166700000045239,0
2,1,event,201,0.0015839999996387633,0
2,1,event,202,0.00166700000045239,0
2,1,event,203,0.0015419999999721767,0
2,1,event,204,0.0015830000002097222,0
2,1,event,205,0.0021660000002157176,0
2,1,event,206,0.0019160000001647859,0
2,1,event,207,0.0017920000000231084,0
2,1,event,208,0.0020000000004074536,0
2,1,event,209,0.0017909999996845727,0
2,1,event,210,0.002124999999978172,0
2,1,event,211,0.0017080000006899354,0
2,1,event,212,0.001750000000356522,0
2,1,event,213,0.001750000000356522,0
2,1,event,214,0.0016249999998763087,0
2,1,event,215,0.0020830000003115856,0
2,1,event,216,0.0016669999995428952,0
2,1,event,217,0.0018340000005991897,0
2,1,event,218,0.0016669999995428952,0
2,1,event,219,0.001584000000548258,0
2,1,event,220,0.002124999999978172,0
2,1,event,221,0.0016249999998763087,0
2,1,event,222,0.0017080000006899354,0
2,1,event,223,0.0016249999998763087,0
2,1,event,224,0.001584000000548258,0
2,1,event,225,0.002124999999978172,0
2,1,event,226,0.0020830000003115856,0
2,1,event,227,0.001959000000169908,0
2,1,event,228,0.0015830000002097222,0
2,1,event,229,0.0016669999995428952,0
2,1,event,230,0.001833999999689695,0
2,1,event,231,0.0020419999991645454,0
2,1,event,232,0.0016249999998763087,0
2,1,event,233,0.0021669999996447586,0
2,1,event,234,0.0017090000001189765,0
2,1,event,235,0.0015830000002097222,0
2,1,event,236,0.002082999999402091,0
2,1,event,237,0.0016669999995428952,0
2,1,event,238,0.0017089999992094818,0
2,1,event,239,0.0017079999997804407,0
2,1,event,240,0.009833000000071479,1
2,1,event,241,0.0021660000002157176,0
2,1,event,242,0.002457999999933236,0
2,1,event,243,0.0018749999999272404,0
2,1,event,244,0.0016660000001138542,0
2,1,event,245,0.0016249999998763087,0
2,1,event,246,0.002165999999306223,0
2,1,event,247,0.0019579999998313724,0
2,1,event,248,0.0016249999998763087,0
2,1,event,249,0.001916999999593827,0
2,1,event,250,0.0015830000002097222,0
2,1,event,251,0.0020830000003115856,0
2,1,event,252,0.002207999999882304,0
2,1,event,253,0.0016660000001138542,0
2,1,event,254,0.0016660000001138542,0
2,1,event,255,0.0016659999992043595,0
2,1,event,256,0.0022499999995488906,0
2,1,event,257,0.0017920000000231084,0
2,1,event,258,0.0017499999994470272,0
2,1,event,259,0.0017919999991136137,0
2,1,event,260,0.0015829999993002275,0
2,1,event,261,0.0016660000001138542,0
2,1,event,262,0.002165999999306223,0
2,1,event,263,0.001833000000260654,0
2,1,event,264,0.0017080000006899354,0
2,1,event,265,0.0016249999998763087,0
2,1,event,266,0.0017090000001189765,0
2,1,event,267,0.002082999999402091,0
2,1,event,268,0.0017079999997804407,0
2,1,event,269,0.0016249999998763087,0
2,1,event,270,0.0017920000000231084,0
2,1,event,271,0.0016669999995428952,0
2,1,event,272,0.0021670000005542533,0
2,1,event,273,0.0016249999998763087,0
2,1,event,274,0.0016249999998763087,0
2,1,event,275,0.0021660000002157176,0
2,1,event,276,0.0017920000000231084,0
2,1,event,277,0.0020830000003115856,0
2,1,event,278,0.00166700000045239,0
2,1,event,279,0.0015829999993002275,0
2,1,event,280,0.0016249999998763087,0
2,1,event,281,0.002375000000029104,0
2,1,event,282,0.0019170000005033216,0
2,1,event,283,0.002041000000644999,0
2,1,event,284,0.0016249999998763087,0
2,1,event,285,0.0016249999998763087,0
2,1,event,286,0.0015830000002097222,0
2,1,event,287,0.0016249999998763087,0
2,1,event,288,0.002208000000791799,0
2,1,event,289,0.001916999999593827,0
2,1,event,290,0.0017080000006899354,0
2,1,event,291,0.001750000000356522,0
2,1,event,292,0.0016249999998763087,0
2,1,event,293,0.002292000000124972,0
2,1,event,294,0.0016669999995428952,0
2,1,event,295,0.002457999999933236,0
2,1,event,296,0.0016660000001138542,0
2,1,event,297,0.00166700000045239,0
2,1,event,298,0.0025420000001759036,0
2,1,event,299,0.0016249999998763087,0
2,1,event,300,0.00954100000035396,1
2,1,event,301,0.0023330000003625173,0
2,1,event,302,0.0015830000002097222,0
2,1,event,303,0.002832999999554886,0
2,1,event,304,0.002124999999978172,0
2,1,event,305,0.0017089999992094818,0
2,1,event,306,0.0015829999993002275,0
2,1,event,307,0.0020000000004074536,0
2,1,event,308,0.0020840000006501214,0
2,1,event,309,0.0022500000004583853,0
2,1,event,310,0.0016659999992043595,0
2,1,event,311,0.0015830000002097222,0
2,1,event,312,0.0017090000001189765,0
2,1,event,313,0.0020830000003115856,0
2,1,event,314,0.0015830000002097222,0
2,1,event,315,0.0016249999998763087,0
2,1,event,316,0.0015410000005431357,0
2,1,event,317,0.002041000000644999,0
2,1,event,318,0.002124999999978172,0
2,1,event,319,0.001833999999689695,0
2,1,event,320,0.0022499999995488906,0
2,1,event,321,0.0015830000002097222,0
2,1,event,322,0.0015000000003055902,0
2,1,event,323,0.0017909999996845727,0
2,1,event,324,0.0021670000005542533,0
2,1,event,325,0.0016250000007858034,0
2,1,event,326,0.006916999999702966,0
2,1,event,327,0.001750000000356522,0
2,1,event,328,0.0016250000007858034,0
2,1,event,329,0.0021669999996447586,0
2,1,event,330,0.001750000000356522,0
2,1,event,331,0.0016660000001138542,0
2,1,event,332,0.002375000000029104,0
2,1,event,333,0.0016250000007858034,0
2,1,event,334,0.002375000000029104,0
2,1,event,335,0.0016249999998763087,0
2,1,event,336,0.0016669999995428952,0
2,1,event,337,0.0015830000002097222,0
2,1,event,338,0.0016249999998763087,0
2,1,event,339,0.0021669999996447586,0
2,1,event,340,0.00166700000045239,0
2,1,event,341,0.0017089999992094818,0
2,1,event,342,0.0019170000005033216,0
2,1,event,343,0.0015419999999721767,0
2,1,event,344,0.0015419999999721767,0
2,1,event,345,0.0018749999999272404,0
2,1,event,346,0.001750000000356522,0
2,1,event,347,0.0016249999998763087,0
2,1,event,348,0.0016249999998763087,0
2,1,event,349,0.0015839999996387633,0
2,1,event,350,0.0020000000004074536,0
2,1,event,351,0.0017090000001189765,0
2,1,event,352,0.00166700000045239,0
2,1,event,353,0.0015829999993002275,0
2,1,event,354,0.0016669999995428952,0
2,1,event,355,0.0022500000004583853,0
2,1,event,356,0.0016249999998763087,0
2,1,event,357,0.00220900000022084,0
2,1,event,358,0.0017090000001189765,0
2,1,event,359,0.0016249999998763087,0
2,1,event,360,0.011124999999992724,1
2,1,event,361,0.00220900000022084,0
2,1,event,362,0.0017090000001189765,0
2,1,event,363,0.0017090000001189765,0
2,1,event,364,0.0016249999998763087,0
2,1,event,365,0.0021660000002157176,0
2,1,event,366,0.001540999999633641,0
2,1,event,367,0.0016660000001138542,0
2,1,event,368,0.0015830000002097222,0
2,1,event,369,0.0015830000002097222,0
2,1,event,370,0.002124999999978172,0
2,1,event,371,0.0018749999999272404,0
2,1,event,372,0.0016249999998763087,0
2,1,event,373,0.0016669999995428952,0
2,1,event,374,0.002457999999933236,0
2,1,event,375,0.0023329999994530226,0
2,1,event,376,0.0021669999996447586,0
2,1,event,377,0.001833000000260654,0
2,1,event,378,0.0017080000006899354,0
2,1,event,379,0.0016660000001138542,0
2,1,event,380,0.0017079999997804407,0
2,1,event,381,0.0022500000004583853,0
2,1,event,382,0.0017909999996845727,0
2,1,event,383,0.002207999999882304,0
2,1,event,384,0.0014999999993960955,0
2,1,event,385,0.0017080000006899354,0
2,1,event,386,0.0020830000003115856,0
2,1,event,387,0.0015830000002097222,0
2,1,event,388,0.00166700000045239,0
2,1,event,389,0.002292000000124972,0
2,1,event,390,0.0015839999996387633,0
2,1,event,391,0.00204200000007404,0
2,1,event,392,0.0015839999996387633,0
2,1,event,393,0.0020419999991645454,0
2,1,event,394,0.0016249999998763087,0
2,1,event,395,0.0016249999998763087,0
2,1,event,396,0.00204200000007404,0
2,1,event,397,0.0016249999998763087,0
2,1,event,398,0.0018749999999272404,0
2,1,event,399,0.00166700000045239,0
2,1,event,400,0.0015829999993002275,0
2,1,event,401,0.0016249999998763087,0
2,1,event,402,0.00220900000022084,0
2,1,event,403,0.0018340000005991897,0
2,1,event,404,0.0016669999995428952,0
2,1,event,405,0.0016660000001138542,0
2,1,event,406,0.0016249999998763087,0
2,1,event,407,0.002124999999978172,0
2,1,event,408,0.0017499999994470272,0
2,1,event,409,0.002124999999978172,0
2,1,event,410,0.00166700000045239,0
2,1,event,411,0.0016249999998763087,0
2,1,event,412,0.002124999999978172,0
2,1,event,413,0.0017090000001189765,0
2,1,event,414,0.001750000000356522,0
2,1,event,415,0.0016249999998763087,0
2,1,event,416,0.0016660000001138542,0
2,1,event,417,0.002207999999882304,0
2,1,event,418,0.0016669999995428952,0
2,1,event,419,0.002124999999978172,0
2,1,event,420,0.009540999999444466,1
2,1,event,421,0.0021660000002157176,0
2,1,event,422,0.002375000000029104,0
2,1,event,423,0.001833000000260654,0
2,1,event,424,0.0016249999998763087,0
2,1,event,425,0.0016660000001138542,0
2,1,event,426,0.0016660000001138542,0
2,1,event,427,0.002207999999882304,0
2,1,event,428,0.0015830000002097222,0
2,1,event,429,0.0016249999998763087,0
2,1,event,430,0.001750000000356522,0
2,1,event,431,0.0017079999997804407,0
2,1,event,432,0.00204200000007404,0
2,1,event,433,0.0016249999998763087,0
2,1,event,434,0.0017920000000231084,0
2,1,event,435,0.0015829999993002275,0
2,1,event,436,0.0016249999998763087,0
2,1,event,437,0.0020830000003115856,0
2,1,event,438,0.0016249999998763087,0
2,1,event,439,0.001959000000169908,0
2,1,event,440,0.00166700000045239,0
2,1,event,441,0.00166700000045239,0
2,1,event,442,0.0016249999998763087,0
2,1,event,443,0.0028750000001309672,0
2,1,event,444,0.0017090000001189765,0
2,1,event,445,0.00166700000045239,0
2,1,event,446,0.0016249999998763087,0
2,1,event,447,0.0023339999997915584,0
2,1,event,448,0.0026670000006561168,0
2,1,event,449,0.00166700000045239,0
2,1,event,450,0.001750000000356522,0
2,1,event,451,0.0016669999995428952,0
2,1,event,452,0.00166700000045239,0
2,1,event,453,0.0020830000003115856,0
2,1,event,454,0.0017079999997804407,0
2,1,event,455,0.0017079999997804407,0
2,1,event,456,0.0016249999998763087,0
2,1,event,457,0.0015419999999721767,0
2,1,event,458,0.001999999999497959,0
2,1,event,459,0.0015000000003055902,0
2,1,event,460,0.0016669999995428952,0
2,1,event,461,0.0016249999998763087,0
2,1,event,462,0.0017499999994470272,0
2,1,event,463,0.0017090000001189765,0
2,1,event,464,0.0020830000003115856,0
2,1,event,465,0.00166700000045239,0
2,1,event,466,0.001750000000356522,0
2,1,event,467,0.001750000000356522,0
2,1,event,468,0.0022500000004583853,0
2,1,event,469,0.002041000000644999,0
2,1,event,470,0.0019579999998313724,0
2,1,event,471,0.002291999999215477,0
2,1,event,472,0.0016249999998763087,0
2,1,event,473,0.0016249999998763087,0
2,1,event,474,0.0020000000004074536,0
2,1,event,475,0.0016669999995428952,0
2,1,event,476,0.001999999999497959,0
2,1,event,477,0.0023330000003625173,0
2,1,event,478,0.00166700000045239,0
2,1,event,479,0.00166700000045239,0
2,1,event,480,0.010374999999839929,1
2,1,event,481,0.002292000000124972,0
2,1,event,482,0.001833999999689695,0
2,1,event,483,0.0015419999999721767,0
2,1,event,484,0.0020839999997406267,0
2,1,event,485,0.0016249999998763087,0
2,1,event,486,0.0016669999995428952,0
2,1,event,487,0.0015829999993002275,0
2,1,event,488,0.0016669999995428952,0
2,1,event,489,0.001959000000169908,0
2,1,event,490,0.0015830000002097222,0
2,1,event,491,0.0017079999997804407,0
2,1,event,492,0.0015000000003055902,0
2,1,event,493,0.0015830000002097222,0
2,1,event,494,0.0020000000004074536,0
2,1,event,495,0.00166700000045239,0
2,1,event,496,0.0017499999994470272,0
2,1,event,497,0.0017090000001189765,0
2,1,event,498,0.0015830000002097222,0
2,1,event,499,0.0016249999998763087,0
2,1,event,500,0.0020409999997355044,0
2,1,event,501,0.0017499999994470272,0
2,1,event,502,0.0016249999998763087,0
2,1,event,503,0.0016249999998763087,0
2,1,event,504,0.001584000000548258,0
2,1,event,505,0.0030419999993682723,0
2,1,event,506,0.0016250000007858034,0
2,1,event,507,0.0017920000000231084,0
2,1,event,508,0.0016249999998763087,0
2,1,event,509,0.0017080000006899354,0
2,1,event,510,0.0027079999999841675,0
2,1,event,511,0.0016249999998763087,0
2,1,event,512,0.0016249999998763087,0
2,1,event,513,0.0020000000004074536,0
2,1,event,514,0.0016249999998763087,0
2,1,event,515,0.0020840000006501214,0
2,1,event,516,0.0015419999999721767,0
2,1,event,517,0.001584000000548258,0
2,1,event,518,0.0016669999995428952,0
2,1,event,519,0.00166700000045239,0
2,1,event,520,0.0016660000001138542,0
2,1,event,521,0.0020000000004074536,0
2,1,event,522,0.0016660000001138542,0
2,1,event,523,0.0016249999998763087,0
2,1,event,524,0.0016669999995428952,0
2,1,event,525,0.0015829999993002275,0
2,1,event,526,0.0020000000004074536,0
2,1,event,527,0.0016249999998763087,0
2,1,event,528,0.0017079999997804407,0
2,1,event,529,0.0016249999998763087,0
2,1,event,530,0.00166700000045239,0
2,1,event,531,0.002207999999882304,0
2,1,event,532,0.0015829999993002275,0
2,1,event,533,0.0016249999998763087,0
2,1,event,534,0.0017079999997804407,0
2,1,event,535,0.0016249999998763087,0
2,1,event,536,0.0019579999998313724,0
2,1,event,537,0.0015830000002097222,0
2,1,event,538,0.0019579999998313724,0
2,1,event,539,0.0016669999995428952,0
2,1,event,540,0.008625000000392902,1
2,1,event,541,0.002666999999746622,0
2,1,event,542,0.0027919999993173406,0
2,1,event,543,0.002124999999978172,0
2,1,event,544,0.0021660000002157176,0
2,1,event,545,0.0016660000001138542,0
2,1,event,546,0.0021670000005542533,0
2,1,event,547,0.0016669999995428952,0
2,1,event,548,0.001833000000260654,0
2,1,event,549,0.0017499999994470272,0
2,1,event,550,0.0016249999998763087,0
2,1,event,551,0.0022499999995488906,0
2,1,event,552,0.0017080000006899354,0
2,1,event,553,0.0016249999998763087,0
2,1,event,554,0.001833000000260654,0
2,1,event,555,0.0022499999995488906,0
2,1,event,556,0.0022499999995488906,0
2,1,event,557,0.0017079999997804407,0
2,1,event,558,0.0020409999997355044,0
2,1,event,559,0.0016660000001138542,0
2,1,event,560,0.001833000000260654,0
2,1,event,561,0.0015419999999721767,0
2,1,event,562,0.00204200000007404,0
2,1,event,563,0.001750000000356522,0
2,1,event,564,0.001750000000356522,0
2,1,event,565,0.0017090000001189765,0
2,1,event,566,0.001584000000548258,0
2,1,event,567,0.002124999999978172,0
2,1,event,568,0.0016669999995428952,0
2,1,event,569,0.0017919999991136137,0
2,1,event,570,0.0016249999998763087,0
2,1,event,571,0.0015839999996387633,0
2,1,event,572,0.0020839999997406267,0
2,1,event,573,0.00166700000045239,0
2,1,event,574,0.0016669999995428952,0
2,1,event,575,0.001750000000356522,0
2,1,event,576,0.001833000000260654,0
2,1,event,577,0.002417000000605185,0
2,1,event,578,0.00204200000007404,0
2,1,event,579,0.0017079999997804407,0
2,1,event,580,0.0015829999993002275,0
2,1,event,581,0.0016669999995428952,0
2,1,event,582,0.0020000000004074536,0
2,1,event,583,0.0020830000003115856,0
2,1,event,584,0.00166700000045239,0
2,1,event,585,0.0016250000007858034,0
2,1,event,586,0.0017079999997804407,0
2,1,event,587,0.0016250000007858034,0
2,1,event,588,0.001916999999593827,0
2,1,event,589,0.0016249999998763087,0
2,1,event,590,0.0015000000003055902,0
2,1,event,591,0.0015830000002097222,0
2,1,event,592,0.0016660000001138542,0
2,1,event,593,0.001999999999497959,0
2,1,event,594,0.001584000000548258,0
2,1,event,595,0.0017090000001189765,0
2,1,event,596,0.0015830000002097222,0
2,1,event,597,0.0015829999993002275,0
2,1,event,598,0.0015830000002097222,0
2,1,event,599,0.002124999999978172,0
2,1,event,600,0.009000000000014552,1
2,1,event,601,0.001916999999593827,0
2,1,event,602,0.00166700000045239,0
2,1,event,603,0.002207999999882304,0
2,1,event,604,0.0022499999995488906,0
2,1,event,605,0.0018749999999272404,0
2,1,event,606,0.0016250000007858034,0
2,1,event,607,0.0016249999998763087,0
2,1,event,608,0.0020830000003115856,0
2,1,event,609,0.0016249999998763087,0
2,1,event,610,0.001999999999497959,0
2,1,event,611,0.0015839999996387633,0
2,1,event,612,0.0017079999997804407,0
2,1,event,613,0.002124999999978172,0
2,1,event,614,0.0017090000001189765,0
2,1,event,615,0.0017090000001189765,0
2,1,event,616,0.0015419999999721767,0
2,1,event,617,0.00166700000045239,0
2,1,event,618,0.0016249999998763087,0
2,1,event,619,0.0020000000004074536,0
2,1,event,620,0.002124999999978172,0
2,1,event,621,0.0015829999993002275,0
2,1,event,622,0.0016660000001138542,0
2,1,event,623,0.0015830000002097222,0
2,1,event,624,0.0020409999997355044,0
2,1,event,625,0.0016659999992043595,0
2,1,event,626,0.0016660000001138542,0
2,1,event,627,0.001540999999633641,0
2,1,event,628,0.001540999999633641,0
2,1,event,629,0.002082999999402091,0
2,1,event,630,0.0017079999997804407,0
2,1,event,631,0.0020000000004074536,0
2,1,event,632,0.0017080000006899354,0
2,1,event,633,0.0016669999995428952,0
2,1,event,634,0.002124999999978172,0
2,1,event,635,0.0017079999997804407,0
2,1,event,636,0.0017090000001189765,0
2,1,event,637,0.001750000000356522,0
2,1,event,638,0.0015830000002097222,0
2,1,event,639,0.00166700000045239,0
2,1,event,640,0.0020409999997355044,0
2,1,event,641,0.0016660000001138542,0
2,1,event,642,0.0016249999998763087,0
2,1,event,643,0.002375000000029104,0
2,1,event,644,0.002666999999746622,0
2,1,event,645,0.00204200000007404,0
2,1,event,646,0.0016249999998763087,0
2,1,event,647,0.0016660000001138542,0
2,1,event,648,0.0016660000001138542,0
2,1,event,649,0.0016249999998763087,0
2,1,event,650,0.002207999999882304,0
2,1,event,651,0.0015829999993002275,0
2,1,event,652,0.0018340000005991897,0
2,1,event,653,0.0015830000002097222,0
2,1,event,654,0.0016250000007858034,0
2,1,event,655,0.001959000000169908,0
2,1,event,656,0.0016669999995428952,0
2,1,event,657,0.0017909999996845727,0
2,1,event,658,0.0015830000002097222,0
2,1,event,659,0.0016669999995428952,0
2,1,event,660,0.009540999999444466,1
2,1,event,661,0.0022500000004583853,0
2,1,event,662,0.0017920000000231084,0
2,1,event,663,0.0016250000007858034,0
2,1,event,664,0.0017090000001189765,0
2,1,event,665,0.0029580000000350992,0
2,1,event,666,0.0015830000002097222,0
2,1,event,667,0.0017079999997804407,0
2,1,event,668,0.0016250000007858034,0
2,1,event,669,0.0016249999998763087,0
2,1,event,670,0.00204200000007404,0
2,1,event,671,0.0015419999999721767,0
2,1,event,672,0.0017079999997804407,0
2,1,event,673,0.0015830000002097222,0
2,1,event,674,0.0016250000007858034,0
2,1,event,675,0.0021669999996447586,0
2,1,event,676,0.0015830000002097222,0
2,1,event,677,0.0015419999999721767,0
2,1,event,678,0.0019579999998313724,0
2,1,event,679,0.0016249999998763087,0
2,1,event,680,0.0016250000007858034,0
2,1,event,681,0.0020839999997406267,0
2,1,event,682,0.0017079999997804407,0
2,1,event,683,0.0017499999994470272,0
2,1,event,684,0.0016250000007858034,0
2,1,event,685,0.0016249999998763087,0
2,1,event,686,0.0020000000004074536,0
2,1,event,687,0.0015839999996387633,0
2,1,event,688,0.00166700000045239,0
2,1,event,689,0.0016250000007858034,0
2,1,event,690,0.0016669999995428952,0
2,1,event,691,0.0021669999996447586,0
2,1,event,692,0.0016669999995428952,0
2,1,event,693,0.002124999999978172,0
2,1,event,694,0.0016249999998763087,0
2,1,event,695,0.0015830000002097222,0
2,1,event,696,0.00204200000007404,0
2,1,event,697,0.0015839999996387633,0
2,1,event,698,0.0016249999998763087,0
2,1,event,699,0.001540999999633641,0
2,1,event,700,0.0015410000005431357,0
2,1,event,701,0.0015830000002097222,0
2,1,event,702,0.0021670000005542533,0
2,1,event,703,0.0016660000001138542,0
2,1,event,704,0.0016249999998763087,0
2,1,event,705,0.0015829999993002275,0
2,1,event,706,0.0017499999994470272,0
2,1,event,707,0.0020000000004074536,0
2,1,event,708,0.0016250000007858034,0
2,1,event,709,0.0071250000000873115,0
2,1,event,710,0.001750000000356522,0
2,1,event,711,0.00204200000007404,0
2,1,event,712,0.0020840000006501214,0
2,1,event,713,0.001750000000356522,0
2,1,event,714,0.0016250000007858034,0
2,1,event,715,0.0017079999997804407,0
2,1,event,716,0.0015419999999721767,0
2,1,event,717,0.0016249999998763087,0
2,1,event,718,0.0019579999998313724,0
2,1,event,719,0.0018749999999272404,0
2,1,event,720,0.01008300000012241,1
2,1,event,721,0.002124999999978172,0
2,1,event,722,0.002417000000605185,0
2,1,event,723,0.0016249999998763087,0
2,1,event,724,0.0017920000000231084,0
2,1,event,725,0.0017089999992094818,0
2,1,event,726,0.0017920000000231084,0
2,1,event,727,0.0027079999999841675,0
2,1,event,728,0.001999999999497959,0
2,1,event,729,0.0016660000001138542,0
2,1,event,730,0.0016250000007858034,0
2,1,event,731,0.0016669999995428952,0
2,1,event,732,0.00204200000007404,0
2,1,event,733,0.001833000000260654,0
2,1,event,734,0.0017080000006899354,0
2,1,event,735,0.0021669999996447586,0
2,1,event,736,0.0015419999999721767,0
2,1,event,737,0.0016249999998763087,0
2,1,event,738,0.002082999999402091,0
2,1,event,739,0.0015419999999721767,0
2,1,event,740,0.0016669999995428952,0
2,1,event,741,0.001750000000356522,0
2,1,event,742,0.00166700000045239,0
2,1,event,743,0.001999999999497959,0
2,1,event,744,0.0017090000001189765,0
2,1,event,745,0.001959000000169908,0
2,1,event,746,0.0016249999998763087,0
2,1,event,747,0.0015830000002097222,0
2,1,event,748,0.002124999999978172,0
2,1,event,749,0.0016249999998763087,0
2,1,event,750,0.0015419999999721767,0
2,1,event,751,0.0016249999998763087,0
2,1,event,752,0.0015830000002097222,0
2,1,event,753,0.0019579999998313724,0
2,1,event,754,0.0015419999999721767,0
2,1,event,755,0.0018749999999272404,0
2,1,event,756,0.0017910000005940674,0
2,1,event,757,0.0016250000007858034,0
2,1,event,758,0.0016669999995428952,0
2,1,event,759,0.002124999999978172,0
2,1,event,760,0.0017499999994470272,0
2,1,event,761,0.0016250000007858034,0
2,1,event,762,0.0016669999995428952,0
2,1,event,763,0.0015419999999721767,0
2,1,event,764,0.002165999999306223,0
2,1,event,765,0.0017079999997804407,0
2,1,event,766,0.00166700000045239,0
2,1,event,767,0.0016249999998763087,0
2,1,event,768,0.001584000000548258,0
2,1,event,769,0.0020840000006501214,0
2,1,event,770,0.00166700000045239,0
2,1,event,771,0.0015830000002097222,0
2,1,event,772,0.0016660000001138542,0
2,1,event,773,0.0015000000003055902,0
2,1,event,774,0.0024169999996956903,0
2,1,event,775,0.0015830000002097222,0
2,1,event,776,0.0018329999993511592,0
2,1,event,777,0.0016249999998763087,0
2,1,event,778,0.0020839999997406267,0
2,1,event,779,0.0018749999999272404,0
2,1,event,780,0.009583999999449588,1
2,1,event,781,0.002124999999978172,0
2,1,event,782,0.0016249999998763087,0
2,1,event,783,0.0016669999995428952,0
2,1,event,784,0.002207999999882304,0
2,1,event,785,0.0019160000001647859,0
2,1,event,786,0.0019170000005033216,0
2,1,event,787,0.0016669999995428952,0
2,1,event,788,0.0015419999999721767,0
2,1,event,789,0.0029579999991256045,0
2,1,event,790,0.0015830000002097222,0
2,1,event,791,0.0020000000004074536,0
2,1,event,792,0.0017090000001189765,0
2,1,event,793,0.0016249999998763087,0
2,1,event,794,0.0020830000003115856,0
2,1,event,795,0.0016249999998763087,0
2,1,event,796,0.0016249999998763087,0
2,1,event,797,0.001750000000356522,0
2,1,event,798,0.0016249999998763087,0
2,1,event,799,0.0018340000005991897,0
2,1,event,800,0.002082999999402091,0
2,1,event,801,0.002207999999882304,0
2,1,event,802,0.0016249999998763087,0
2,1,event,803,0.00166700000045239,0
2,1,event,804,0.002124999999978172,0
2,1,event,805,0.0019170000005033216,0
2,1,event,806,0.002124999999978172,0
2,1,event,807,0.0015830000002097222,0
2,1,event,808,0.0018329999993511592,0
2,1,event,809,0.0020840000006501214,0
2,1,event,810,0.00204200000007404,0
2,1,event,811,0.0017499999994470272,0
2,1,event,812,0.0025420000001759036,0
2,1,event,813,0.0015839999996387633,0
2,1,event,814,0.0016250000007858034,0
2,1,event,815,0.001750000000356522,0
2,1,event,816,0.00220900000022084,0
2,1,event,817,0.00204200000007404,0
2,1,event,818,0.0015839999996387633,0
2,1,event,819,0.001750000000356522,0
2,1,event,820,0.0016249999998763087,0
2,1,event,821,0.001958000000740867,0
2,1,event,822,0.0016250000007858034,0
2,1,event,823,0.0016249999998763087,0
2,1,event,824,0.0015830000002097222,0
2,1,event,825,0.0015839999996387633,0
2,1,event,826,0.0020000000004074536,0
2,1,event,827,0.0015830000002097222,0
2,1,event,828,0.0016249999998763087,0
2,1,event,829,0.0017090000001189765,0
2,1,event,830,0.0023330000003625173,0
2,1,event,831,0.0020409999997355044,0
2,1,event,832,0.0015830000002097222,0
2,1,event,833,0.0017499999994470272,0
2,1,event,834,0.0017920000000231084,0
2,1,event,835,0.0016249999998763087,0
2,1,event,836,0.0015830000002097222,0
2,1,event,837,0.002292000000124972,0
2,1,event,838,0.0017080000006899354,0
2,1,event,839,0.0020839999997406267,0
2,1,event,840,0.00854200000048877,1
2,1,event,841,0.0026250000000800355,0
2,1,event,842,0.0016249999998763087,0
2,1,event,843,0.0017079999997804407,0
2,1,event,844,0.0016669999995428952,0
2,1,event,845,0.00204200000007404,0
2,1,event,846,0.0020839999997406267,0
2,1,event,847,0.0019170000005033216,0
2,1,event,848,0.001916999999593827,0
2,1,event,849,0.00166700000045239,0
2,1,event,850,0.0029169999997975538,0
2,1,event,851,0.002500000000509317,0
2,1,event,852,0.0016669999995428952,0
2,1,event,853,0.0016249999998763087,0
2,1,event,854,0.001750000000356522,0
2,1,event,855,0.0016669999995428952,0
2,1,event,856,0.0015419999999721767,0
2,1,event,857,0.002124999999978172,0
2,1,event,858,0.0017909999996845727,0
2,1,event,859,0.0017920000000231084,0
2,1,event,860,0.0016249999998763087,0
2,1,event,861,0.0016249999998763087,0
2,1,event,862,0.0022500000004583853,0
2,1,event,863,0.0016669999995428952,0
2,1,event,864,0.0017909999996845727,0
2,1,event,865,0.0015829999993002275,0
2,1,event,866,0.0015419999999721767,0
2,1,event,867,0.002082999999402091,0
2,1,event,868,0.0016249999998763087,0
2,1,event,869,0.00166700000045239,0
2,1,event,870,0.0016669999995428952,0
2,1,event,871,0.0015419999999721767,0
2,1,event,872,0.0019170000005033216,0
2,1,event,873,0.0016249999998763087,0
2,1,event,874,0.0016249999998763087,0
2,1,event,875,0.0016660000001138542,0
2,1,event,876,0.0015829999993002275,0
2,1,event,877,0.0016249999998763087,0
2,1,event,878,0.001999999999497959,0
2,1,event,879,0.002207999999882304,0
2,1,event,880,0.0016250000007858034,0
2,1,event,881,0.0016249999998763087,0
2,1,event,882,0.0017079999997804407,0
2,1,event,883,0.002208000000791799,0
2,1,event,884,0.0016249999998763087,0
2,1,event,885,0.001584000000548258,0
2,1,event,886,0.0017090000001189765,0
2,1,event,887,0.0015419999999721767,0
2,1,event,888,0.016833000000588072,0
2,1,event,889,0.0027079999999841675,0
2,1,event,890,0.0021669999996447586,0
2,1,event,891,0.0016660000001138542,0
2,1,event,892,0.0018329999993511592,0
2,1,event,893,0.0021660000002157176,0
2,1,event,894,0.0016249999998763087,0
2,1,event,895,0.002082999999402091,0
2,1,event,896,0.0016249999998763087,0
2,1,event,897,0.0017090000001189765,0
2,1,event,898,0.0016669999995428952,0
2,1,event,899,0.002292000000124972,0
2,1,event,900,0.010666000000128406,1
2,1,event,901,0.003125000000181899,0
2,1,event,902,0.001750000000356522,0
2,1,event,903,0.002124999999978172,0
2,1,event,904,0.0016249999998763087,0
2,1,event,905,0.0017079999997804407,0
2,1,event,906,0.0016249999998763087,0
2,1,event,907,0.0016660000001138542,0
2,1,event,908,0.0027500000005602487,0
2,1,event,909,0.0018749999999272404,0
2,1,event,910,0.0018749999999272404,0
2,1,event,911,0.0017499999994470272,0
2,1,event,912,0.0026670000006561168,0
2,1,event,913,0.002124999999978172,0
2,1,event,914,0.0017499999994470272,0
2,1,event,915,0.002291999999215477,0
2,1,event,916,0.0017499999994470272,0
2,1,event,917,0.0016249999998763087,0
2,1,event,918,0.001750000000356522,0
2,1,event,919,0.002082999999402091,0
2,1,event,920,0.0016669999995428952,0
2,1,event,921,0.001750000000356522,0
2,1,event,922,0.0016249999998763087,0
2,1,event,923,0.0016249999998763087,0
2,1,event,924,0.0021669999996447586,0
2,1,event,925,0.0015830000002097222,0
2,1,event,926,0.00166700000045239,0
2,1,event,927,0.0015830000002097222,0
2,1,event,928,0.0016669999995428952,0
2,1,event,929,0.0020409999997355044,0
2,1,event,930,0.0016249999998763087,0
2,1,event,931,0.0017079999997804407,0
2,1,event,932,0.0016660000001138542,0
2,1,event,933,0.0015830000002097222,0
2,1,event,934,0.0016249999998763087,0
2,1,event,935,0.0018749999999272404,0
2,1,event,936,0.001584000000548258,0
2,1,event,937,0.0016249999998763087,0
2,1,event,938,0.0015839999996387633,0
2,1,event,939,0.0016250000007858034,0
2,1,event,940,0.002124999999978172,0
2,1,event,941,0.0020000000004074536,0
2,1,event,942,0.0016249999998763087,0
2,1,event,943,0.0016249999998763087,0
2,1,event,944,0.00166700000045239,0
2,1,event,945,0.0021669999996447586,0
2,1,event,946,0.001999999999497959,0
2,1,event,947,0.0017920000000231084,0
2,1,event,948,0.00166700000045239,0
2,1,event,949,0.0017090000001189765,0
2,1,event,950,0.002292000000124972,0
2,1,event,951,0.00166700000045239,0
2,1,event,952,0.0016669999995428952,0
2,1,event,953,0.0017089999992094818,0
2,1,event,954,0.001584000000548258,0
2,1,event,955,0.0015829999993002275,0
2,1,event,956,0.0020409999997355044,0
2,1,event,957,0.0017079999997804407,0
2,1,event,958,0.0015419999999721767,0
2,1,event,959,0.0016249999998763087,0
2,1,event,960,0.009208000000398897,1
2,1,event,961,0.002207999999882304,0
2,1,event,962,0.0017079999997804407,0
2,1,event,963,0.001584000000548258,0
2,1,event,964,0.0017499999994470272,0
2,1,event,965,0.0027079999999841675,0
2,1,event,966,0.0022500000004583853,0
2,1,event,967,0.0018750000008367351,0
2,1,event,968,0.0017499999994470272,0
2,1,event,969,0.0015419999999721767,0
2,1,event,970,0.00204200000007404,0
2,1,event,971,0.001833999999689695,0
2,1,event,972,0.0016249999998763087,0
2,1,event,973,0.0017090000001189765,0
2,1,event,974,0.0027090000003227033,0
2,1,event,975,0.0016250000007858034,0
2,1,event,976,0.002207999999882304,0
2,1,event,977,0.0017089999992094818,0
2,1,event,978,0.0016669999995428952,0
2,1,event,979,0.001999999999497959,0
2,1,event,980,0.0023330000003625173,0
2,1,event,981,0.002207999999882304,0
2,1,event,982,0.0017090000001189765,0
2,1,event,983,0.0017079999997804407,0
2,1,event,984,0.0017079999997804407,0
2,1,event,985,0.0016669999995428952,0
2,1,event,986,0.0020839999997406267,0
2,1,event,987,0.0015829999993002275,0
2,1,event,988,0.001833000000260654,0
2,1,event,989,0.0018749999999272404,0
2,1,event,990,0.00166700000045239,0
2,1,event,991,0.0020830000003115856,0
2,1,event,992,0.0016660000001138542,0
2,1,event,993,0.0017909999996845727,0
2,1,event,994,0.0015000000003055902,0
2,1,event,995,0.0017499999994470272,0
2,1,event,996,0.0015420000008816714,0
2,1,event,997,0.00204200000007404,0
2,1,event,998,0.0016669999995428952,0
2,1,event,999,0.0018749999999272404,0
2,1,burst,0,0.10400000000026921,7
2,1,burst,1,0.10454200000003766,7
2,1,burst,2,0.1014580000000933,7
2,1,burst,3,0.10308299999996962,7
2,1,burst,4,0.10441699999955745,7
2,1,burst,5,0.10620899999958056,7
2,1,burst,6,0.10354199999983393,7
2,1,burst,7,0.10337499999968713,7
2,1,burst,8,0.1031250000005457,7
2,1,burst,9,0.10808400000041729,7
2,1,burst,10,0.10383300000012241,7
2,1,burst,11,0.10375000000021828,7
2,1,burst,12,0.10858399999960966,7
2,1,burst,13,0.10637499999938882,7
2,1,burst,14,0.10529200000019046,7
2,1,burst,15,0.10479200000008859,7
2,1,burst,16,0.10891700000047422,7
2,1,burst,17,19.434041999999863,7
2,1,burst,18,0.13879200000064884,7
2,1,burst,19,0.13150000000041473,7
2,1,burst,20,0.13225000000056752,7
2,1,burst,21,0.3016250000000582,7
2,1,burst,22,0.12366600000041217,7
2,1,burst,23,0.11495800000011513,7
2,1,burst,24,0.11737499999981083,7
2,1,burst,25,0.11058300000058807,7
2,1,burst,26,0.1102920000002996,7
2,1,burst,27,0.10870900000008987,7
2,1,burst,28,0.4025000000001455,7
2,1,burst,29,0.11200000000008004,7
2,1,burst,30,0.10970799999995506,7
2,1,burst,31,0.10725000000002183,7
2,1,burst,32,0.11141700000007404,7
2,1,burst,33,0.1065840000001117,7
2,1,burst,34,0.12370800000007875,7
2,1,burst,35,0.110833000000639,7
2,1,burst,36,0.10970799999995506,7
2,1,burst,37,0.10924999999951979,7
2,1,burst,38,0.10870800000066083,7
2,1,burst,39,0.10933300000033341,7
2,1,burst,40,0.1181669999996302,7
2,1,burst,41,0.10891699999956472,7
2,1,burst,42,0.10891700000047422,7
2,1,burst,43,0.10770900000079564,7
2,1,burst,44,0.10866700000042329,7
2,1,burst,45,0.10674999999991996,7
2,1,burst,46,0.10962500000005093,7
2,1,burst,47,0.10604100000000471,7
2,1,burst,48,0.10866700000042329,7
2,1,burst,49,0.11145799999940209,7
2,1,burst,50,0.10745800000040617,7
2,1,burst,51,0.11524999999983265,7
2,1,burst,52,0.10854199999994307,7
2,1,burst,53,0.1065840000001117,7
2,1,burst,54,0.10654199999953562,7
2,1,burst,55,0.10749999999916326,7
2,1,burst,56,0.10895799999980227,7
2,1,burst,57,0.10541599999942264,7
2,1,burst,58,0.10449999999946158,7
2,1,burst,59,0.10649999999986903,7
2,1,burst,60,0.10804199999984121,7
2,1,burst,61,0.10750000000007276,7
2,1,burst,62,0.10358400000041001,7
2,1,burst,63,0.10591699999986304,7
2,1,burst,64,0.10983299999952578,7
2,1,burst,65,0.10495799999989686,7
2,1,burst,66,0.10470900000018446,7
2,1,burst,67,0.10783300000002782,7
2,1,burst,68,0.10812499999974534,7
2,1,burst,69,0.11312499999985448,7
2,1,burst,70,0.10354100000040489,7
2,1,burst,71,0.10933299999942392,7
2,1,burst,72,0.10491600000023027,7
2,1,burst,73,0.10495799999989686,7
2,1,burst,74,0.10616700000082346,7
2,1,burst,75,0.1058339999999589,7
2,1,burst,76,0.10537500000009459,7
2,1,burst,77,0.10366699999940465,7
2,1,burst,78,0.10474999999951251,7
2,1,burst,79,0.10637500000029831,7
2,1,burst,80,0.10441700000046694,7
2,1,burst,81,0.10529200000019046,7
2,1,burst,82,0.10462499999994179,7
2,1,burst,83,0.10833300000012969,7
2,1,burst,84,0.1037079999996422,7
2,1,burst,85,0.10391700000036508,7
2,1,burst,86,0.10466699999960838,7
2,1,burst,87,19.14495899999929,7
2,1,burst,88,0.19566600000052858,7
2,1,burst,89,0.139458999999988,7
2,1,burst,90,0.20529199999964476,7
2,1,burst,91,0.4445830000004207,7
2,1,burst,92,0.2355840000000171,7
2,1,burst,93,0.16108400000030088,7
2,1,burst,94,0.12866699999995035,7
2,1,burst,95,0.13154099999974278,7
2,1,burst,96,0.23995800000011513,7
2,1,burst,97,0.18870800000058807,7
2,1,burst,98,0.20949999999993452,7
2,1,burst,99,0.27666599999975006,7
2,1,burst,100,0.19174999999995634,7
2,1,burst,101,0.22183399999994435,7
2,1,burst,102,0.1680420000002414,7
2,1,burst,103,0.14470900000014808,7
2,1,burst,104,0.17583300000023883,7
2,1,burst,105,0.12450000000080763,7
2,1,burst,106,0.12470900000062102,7
2,1,burst,107,0.11216699999931734,7
2,1,burst,108,0.13337499999943248,7
2,1,burst,109,0.15629200000057608,7
2,1,burst,110,0.13179200000013225,7
2,1,burst,111,0.16420899999957328,7
2,1,burst,112,0.16987499999959255,7
2,1,burst,113,0.12525000000005093,7
2,1,burst,114,0.5262499999998909,7
2,1,burst,115,0.1492500000003929,7
2,1,burst,116,0.13670799999999872,7
2,1,burst,117,0.13370899999972607,7
2,1,burst,118,0.1468749999994543,7
2,1,burst,119,0.13724999999976717,7
2,1,burst,120,0.15424999999959255,7
2,1,burst,121,0.18416600000000471,7
2,1,burst,122,0.14808300000004238,7
2,1,burst,123,0.6574590000000171,7
2,1,burst,124,0.29154099999959726,7
2,1,burst,125,0.4377089999998134,7
2,1,burst,126,0.17329200000040146,7
2,1,burst,127,0.8800830000000133,7
2,1,burst,128,0.23712499999965075,7
2,1,burst,129,0.11412500000005821,7
2,1,burst,130,0.13866700000016863,7
2,1,burst,131,0.13341700000000856,7
2,1,burst,132,0.13354199999957928,7
2,1,burst,133,0.1571670000002996,7
2,1,burst,134,0.12345800000002782,7
2,1,burst,135,0.13441700000021228,7
2,1,burst,136,0.12062499999956344,7
2,1,burst,137,0.11733400000048277,7
2,1,burst,138,0.13279199999942648,7
2,1,burst,139,0.10520900000028632,7
2,1,burst,140,0.12091699999928096,7
2,1,burst,141,0.1180000000003929,7
2,1,burst,142,0.12024999999994179,7
2,1,burst,143,0.10762499999964348,7
2,1,burst,144,0.10399999999935972,7
2,1,burst,145,0.10495900000023539,7
2,1,burst,146,0.1065840000001117,7
2,1,burst,147,0.10704199999963748,7
2,1,burst,148,0.11650000000008731,7
2,1,burst,149,0.11320800000066811,7
2,1,burst,150,0.11391699999967386,7
2,1,burst,151,0.1156250000003638,7
2,1,burst,152,0.125,7
2,1,burst,153,0.18087500000001455,7
2,1,burst,154,0.12708300000031159,7
2,1,burst,155,0.156833000000006,7
2,1,burst,156,0.1178330000002461,7
2,1,burst,157,0.21937499999967258,7
2,1,burst,158,0.1833329999999478,7
2,1,burst,159,0.13149999999950523,7
2,1,burst,160,0.13129200000003038,7
2,1,burst,161,0.12620800000058807,7
2,1,burst,162,0.15124999999989086,7
2,1,burst,163,0.4160409999994954,7
2,1,burst,164,0.15270800000052986,7
2,1,burst,165,0.20141700000021956,7
2,1,burst,166,0.279540999999881,7
2,1,burst,167,0.13754200000039418,7
2,1,burst,168,0.09766700000000128,7
2,1,burst,169,0.09845800000039162,7
2,1,burst,170,0.1272079999998823,7
2,1,burst,171,0.3144590000001699,7
2,1,burst,172,0.16295799999988958,7
2,1,burst,173,0.21366699999998673,7
2,1,burst,174,0.09533300000020972,7
2,1,burst,175,0.23720799999955489,7
2,1,burst,176,0.1792910000003758,7
2,1,burst,177,0.12916600000062317,7
2,1,burst,178,0.11995800000022427,7
2,1,burst,179,0.1291670000000522,7
2,1,burst,180,0.11658400000032998,7
2,1,burst,181,0.17925000000013824,7
2,1,burst,182,0.12266699999963748,7
2,1,burst,183,0.09791700000005221,7
2,1,burst,184,0.09845899999982066,7
2,1,burst,185,0.11345900000014808,7
2,1,burst,186,0.12058299999989686,7
2,1,burst,187,0.14091699999971752,7
2,1,burst,188,0.11279199999989942,7
2,1,burst,189,0.09674999999970169,7
2,1,burst,190,0.09037499999976717,7
2,1,burst,191,0.09166699999968841,7
2,1,burst,192,0.09166599999934988,7
2,1,burst,193,0.09333299999980227,7
2,1,burst,194,0.10054200000013225,7
2,1,burst,195,0.09241699999984121,7
2,1,burst,196,0.2132500000006985,7
2,1,burst,197,0.19829200000003766,7
2,1,burst,198,0.20158300000002782,7
2,1,burst,199,0.13820899999973335,7
2,1,burst,200,0.16270799999983865,7
2,1,burst,201,0.13770799999929295,7
2,1,burst,202,0.2417910000003758,7
2,1,burst,203,0.08508400000027905,7
2,1,burst,204,0.09349999999994907,7
2,1,burst,205,0.11599999999998545,7
2,1,burst,206,0.09566600000016479,7
2,1,burst,207,0.1102919999993901,7
2,1,burst,208,0.09487499999977445,7
2,1,burst,209,0.09320799999932206,7
2,1,burst,210,0.09145799999987503,7
2,1,burst,211,0.1448340000006283,7
2,1,burst,212,0.10750000000007276,7
2,1,burst,213,0.19274999999925058,7
2,1,burst,214,0.16641700000036508,7
2,1,burst,215,0.1479589999999007,7
2,1,burst,216,0.1422919999995429,7
2,1,burst,217,0.13300000000072032,7
2,1,burst,218,0.13554199999998673,7
2,1,burst,219,0.13045799999963492,7
2,1,burst,220,0.14550000000053842,7
2,1,burst,221,0.1258749999997235,7
2,1,burst,222,0.12970799999948213,7
2,1,burst,223,0.13324999999986176,7
2,1,burst,224,0.1470839999992677,7
2,1,burst,225,0.13087499999983265,7
2,1,burst,226,0.14091600000028848,7
2,1,burst,227,0.12675000000035652,7
2,1,burst,228,1.1260410000004413,7
2,1,burst,229,0.09862500000053842,7
2,1,burst,230,0.0815840000004755,7
2,1,burst,231,0.08462499999950523,7
2,1,burst,232,0.08804199999940465,7
2,1,burst,233,0.07758399999966059,7
2,1,burst,234,0.08100000000013097,7
2,1,burst,235,0.08120800000051531,7
2,1,burst,236,0.665791999999783,7
2,1,burst,237,0.155083999999988,7
2,1,burst,238,0.18220899999960238,7
2,1,burst,239,0.09549999999944703,7
2,1,burst,240,0.08787500000016735,7
2,1,burst,241,0.25633300000026793,7
2,1,burst,242,0.42475000000013097,7
2,1,burst,243,0.1553750000002765,7
2,1,burst,244,0.11187499999959982,7
2,1,burst,245,0.11720900000000256,7
2,1,burst,246,0.16312500000003638,7
2,1,burst,247,0.1086249999998472,7
2,1,burst,248,0.10450000000037107,7
2,1,burst,249,0.11391699999967386,7
2,1,burst,250,0.10308299999996962,7
2,1,burst,251,0.10204199999952834,7
2,1,burst,252,0.10858300000018062,7
2,1,burst,253,0.15433299999949668,7
2,1,burst,254,0.08387500000026193,7
2,1,burst,255,0.13925000000017462,7
2,1,burst,256,0.08212499999990541,7
2,1,burst,257,0.10391600000002654,7
2,1,burst,258,0.07949999999982538,7
2,1,burst,259,0.48858300000028976,7
2,1,burst,260,0.15704199999981938,7
2,1,burst,261,0.13887500000055297,7
2,1,burst,262,0.13833400000021356,7
2,1,burst,263,2.002417000000605,7
2,1,burst,264,0.20745799999986048,7
2,1,burst,265,0.18554200000016863,7
2,1,burst,266,0.14937499999996362,7
2,1,burst,267,0.11679199999980483,7
2,1,burst,268,0.09716599999956088,7
2,1,burst,269,0.08379100000001927,7
2,1,burst,270,0.29395800000020245,7
2,1,burst,271,0.39179199999944103,7
2,1,burst,272,0.08550000000013824,7
2,1,burst,273,0.08445800000026793,7
2,1,burst,274,0.07824999999957072,7
2,1,burst,275,0.1711669999995138,7
2,1,burst,276,0.1483330000000933,7
2,1,burst,277,0.26137500000004366,7
2,1,burst,278,0.13154100000065228,7
2,1,burst,279,0.12474999999994907,7
2,1,burst,280,0.12849999999980355,7
2,1,burst,281,0.12075000000004366,7
2,1,burst,282,0.13850000000002183,7
2,1,burst,283,0.11937499999930878,7
2,1,burst,284,0.11749999999938154,7
2,1,burst,285,0.12391700000080164,7
2,1,burst,286,0.1266670000004524,7
2,1,burst,287,0.12004199999955745,7
2,1,burst,288,0.11791700000048877,7
2,1,burst,289,0.11870799999996962,7
2,1,burst,290,0.11349999999947613,7
2,1,burst,291,0.12495800000033341,7
2,1,burst,292,0.11329099999966274,7
2,1,burst,293,0.11625000000003638,7
2,1,burst,294,0.11300000000028376,7
2,1,burst,295,0.12029100000017934,7
2,1,burst,296,0.1145409999999174,7
2,1,burst,297,0.11204100000031758,7
2,1,burst,298,0.12612499999977445,7
2,1,burst,299,0.11841699999968114,7
2,1,burst,300,0.1231660000003103,7
2,1,burst,301,0.12029200000051787,7
2,1,burst,302,0.1165419999997539,7
2,1,burst,303,0.10758299999997689,7
2,1,burst,304,0.11441600000034668,7
2,1,burst,305,0.11633300000085,7
2,1,burst,306,0.11483399999997346,7
2,1,burst,307,0.1181670000005397,7
2,1,burst,308,0.11945800000012241,7
2,1,burst,309,0.1121660000007978,7
2,1,burst,310,0.11991699999998673,7
2,1,burst,311,0.1086249999998472,7
2,1,burst,312,0.11608299999988958,7
2,1,burst,313,0.1117500000000291,7
2,1,burst,314,0.11716700000033597,7
2,1,burst,315,0.10858400000051915,7
2,1,burst,316,0.12495800000033341,7
2,1,burst,317,0.10808300000007875,7
2,1,burst,318,0.1121659999998883,7
2,1,burst,319,0.11412500000005821,7
2,1,burst,320,0.120375000000422,7
2,1,burst,321,0.10341600000083417,7
2,1,burst,322,0.12266600000020844,7
2,1,burst,323,0.10737500000050204,7
2,1,burst,324,0.1257080000004862,7
2,1,burst,325,0.1157919999996011,7
2,1,burst,326,0.11570900000060647,7
2,1,burst,327,0.1171249999997599,7
2,1,burst,328,0.11566600000060134,7
2,1,burst,329,0.1336250000003929,7
2,1,burst,330,0.11679199999980483,7
2,1,burst,331,0.11574999999993452,7
2,1,burst,332,0.11691599999994651,7
2,1,burst,333,0.11504100000001927,7
2,1,burst,334,45.29479100000026,7
2,1,burst,335,0.14566699999977573,7
2,1,burst,336,0.11808299999938754,7
2,1,burst,337,0.10337500000059663,7
2,1,burst,338,0.10325000000011642,7
2,1,burst,339,0.09554100000059407,7
2,1,burst,340,0.09712499999932334,7
2,1,burst,341,0.09516700000040146,7
2,1,burst,342,0.09949999999935244,7
2,1,burst,343,0.09404199999971752,7
2,1,burst,344,0.10412499999983993,7
2,1,burst,345,0.094333000000006,7
2,1,burst,346,0.10508300000037707,7
2,1,burst,347,0.09487499999977445,7
2,1,burst,348,0.09575000000040745,7
2,1,burst,349,0.09183299999949668,7
2,1,burst,350,0.10212499999943248,7
2,1,burst,351,0.10812499999974534,7
2,1,burst,352,0.10833299999922019,7
2,1,burst,353,0.11004099999991013,7
2,1,burst,354,0.10874999999941792,7
2,1,burst,355,0.10804199999984121,7
2,1,burst,356,0.09749999999985448,7
2,1,burst,357,0.09145900000021356,7
2,1,burst,358,0.09479199999987031,7
2,1,burst,359,0.09441600000081962,7
2,1,burst,360,0.09125000000040018,7
2,1,burst,361,0.09629199999926641,7
2,1,burst,362,0.09537499999987631,7
2,1,burst,363,0.09845899999982066,7
2,1,burst,364,0.091708999999355,7
2,1,burst,365,0.09429200000067794,7
2,1,burst,366,0.09162500000002183,7
2,1,burst,367,0.09316599999965547,7
2,1,burst,368,0.09075000000029831,7
2,1,burst,369,0.09562499999992724,7
2,1,burst,370,0.0902089999999589,7
2,1,burst,371,0.1032920000006925,7
2,1,burst,372,0.11220800000046438,7
2,1,burst,373,0.10812499999974534,7
2,1,burst,374,0.10337500000059663,7
2,1,burst,375,0.10504200000013952,7
2,1,burst,376,0.10362499999973807,7
2,1,burst,377,0.10783300000002782,7
2,1,burst,378,0.10579099999995378,7
2,1,burst,379,0.1095419999992373,7
2,1,burst,380,0.10620800000015151,7
2,1,burst,381,0.11020800000005693,7
2,1,burst,382,0.10504100000071048,7
2,1,burst,383,0.10479100000065955,7
2,1,burst,384,0.10570800000004965,7
2,1,burst,385,0.10674999999991996,7
2,1,burst,386,0.1027910000002521,7
2,1,burst,387,0.10529099999985192,7
2,1,burst,388,0.10337499999968713,7
2,1,burst,389,0.10691700000006676,7
2,1,burst,390,0.10379199999988487,7
2,1,burst,391,0.10816700000032142,7
2,1,burst,392,0.1077499999992142,7
2,1,burst,393,0.10637500000029831,7
2,1,burst,394,0.10245800000029703,7
2,1,burst,395,0.10679199999958655,7
2,1,burst,396,0.1090410000006159,7
2,1,burst,397,0.10949999999957072,7
2,1,burst,398,3.2144170000001395,7
2,1,burst,399,0.2062500000001819,7
2,1,burst,400,0.6466669999999795,7
2,1,burst,401,0.12600000000020373,7
2,1,burst,402,0.10362500000064756,7
2,1,burst,403,0.09854100000029575,7
2,1,burst,404,0.09683299999960582,7
2,1,burst,405,0.09695799999917654,7
2,1,burst,406,0.09758399999918765,7
2,1,burst,407,0.1372079999991911,7
2,1,burst,408,0.09479199999987031,7
2,1,burst,409,0.09674999999970169,7
2,1,burst,410,0.09220800000002782,7
2,1,burst,411,0.0913749999999709,7
2,1,burst,412,0.8126250000004802,7
2,1,burst,413,0.18633299999964947,7
2,1,burst,414,0.22162500000013097,7
2,1,burst,415,0.2703329999994821,7
2,1,burst,416,0.8369169999996302,7
2,1,burst,417,0.09412499999962165,7
2,1,burst,418,0.09508300000015879,7
2,1,burst,419,0.12374999999974534,7
2,1,burst,420,0.1571670000002996,7
2,1,burst,421,0.26166700000067067,7
2,1,burst,422,0.5053750000006403,7
2,1,burst,423,0.1045830000002752,7
2,1,burst,424,0.09870799999953306,7
2,1,burst,425,0.0945000000001528,7
2,1,burst,426,0.09295800000018062,7
2,1,burst,427,0.09429100000033941,7
2,1,burst,428,0.11629099999936443,7
2,1,burst,429,0.10495799999989686,7
2,1,burst,430,0.10525000000052387,7
2,1,burst,431,5.085957999999664,7
2,1,burst,432,0.17595799999980954,7
2,1,burst,433,0.15029099999992468,7
2,1,burst,434,0.12999999999919964,7
2,1,burst,435,0.1288329999997586,7
2,1,burst,436,0.12716600000021572,7
2,1,burst,437,7.40520800000013,7
2,1,burst,438,0.1395410000004631,7
2,1,burst,439,0.13000000000010914,7
2,1,burst,440,0.14712500000041473,7
2,1,burst,441,0.1287080000001879,7
2,1,burst,442,0.1218750000007276,7
2,1,burst,443,0.12845799999922747,7
2,1,burst,444,0.12579199999981938,7
2,1,burst,445,0.12287499999911233,7
2,1,burst,446,0.12374999999974534,7
2,1,burst,447,0.12474999999994907,7
2,1,burst,448,0.12399999999979627,7
2,1,burst,449,0.1318329999994603,7
2,1,burst,450,0.14858300000014424,7
2,1,burst,451,0.13324999999986176,7
2,1,burst,452,0.12891599999966274,7
2,1,burst,453,0.1260839999995369,7
2,1,burst,454,0.12362500000017462,7
2,1,burst,455,0.12258399999973335,7
2,1,burst,456,0.1250419999996666,7
2,1,burst,457,0.12150000000019645,7
2,1,burst,458,0.12512499999957072,7
2,1,burst,459,0.1251670000001468,7
2,1,burst,460,1.489875000000211,7
2,1,burst,461,0.13237499999922875,7
2,1,burst,462,2.1518749999995634,7
2,1,burst,463,4.393874999999753,7
2,1,burst,464,0.0689170000005106,7
2,1,burst,465,0.05216600000039762,7
2,1,burst,466,6.32287499999984,7
2,1,burst,467,6.223041999999623,7
2,1,burst,468,0.8284169999997175,7
2,1,burst,469,0.13537499999983993,7
2,1,burst,470,0.115458000000217,7
2,1,burst,471,0.9080000000003565,7
2,1,burst,472,0.05620899999939866,7
2,1,burst,473,0.0542089999999007,7
2,1,burst,474,0.05124999999952706,7
2,1,burst,475,0.12987499999962893,7
2,1,burst,476,0.057541000000128406,7
2,1,burst,477,0.05458300000009331,7
2,1,burst,478,0.05670899999950052,7
2,1,burst,479,0.07966600000054314,7
2,1,burst,480,0.050583000000187894,7
2,1,burst,481,0.05066700000043056,7
2,1,burst,482,0.04899999999997817,7
2,1,burst,483,0.06687500000043656,7
2,1,burst,484,1.6327500000006694,7
2,1,burst,485,0.11687499999970896,7
2,1,burst,486,0.11804200000005949,7
2,1,burst,487,0.11329200000000128,7
2,1,burst,488,0.22033300000020972,7
2,1,burst,489,0.1367500000005748,7
2,1,burst,490,0.1200410000001284,7
2,1,burst,491,0.1193329999996422,7
2,1,burst,492,0.11495800000011513,7
2,1,burst,493,0.1121659999998883,7
2,1,burst,494,0.11033299999962765,7
2,1,burst,495,0.11516699999992852,7
2,1,burst,496,0.11279200000080891,7
2,1,burst,497,0.11129199999959383,7
2,1,burst,498,0.10825000000022555,7
2,1,burst,499,0.11054200000035053,7
2,1,burst,500,0.10820799999964947,7
2,1,burst,501,0.11045800000010786,7
2,1,burst,502,0.10954100000071776,7
2,1,burst,503,0.12087500000052387,7
2,1,burst,504,0.1102919999993901,7
2,1,burst,505,0.10604100000000471,7
2,1,burst,506,0.109958000000006,7
2,1,burst,507,0.11683400000038091,7
2,1,burst,508,0.10754199999973935,7
2,1,burst,509,0.10512500000004366,7
2,1,burst,510,0.10870799999975134,7
2,1,burst,511,0.10812499999974534,7
2,1,burst,512,0.10745800000040617,7
2,1,burst,513,0.11033399999996618,7
2,1,burst,514,0.1064169999999649,7
2,1,burst,515,0.10841699999946286,7
2,1,burst,516,0.1062500000007276,7
2,1,burst,517,0.1071670000001177,7
2,1,burst,518,0.1135839999997188,7
2,1,burst,519,0.10899999999946886,7
2,1,burst,520,0.1054999999996653,7
2,1,burst,521,0.10404200000084529,7
2,1,burst,522,0.1092079999998532,7
2,1,burst,523,0.10766599999988102,7
2,1,burst,524,0.10591699999986304,7
2,1,burst,525,0.10545799999999872,7
2,1,burst,526,0.10750000000007276,7
2,1,burst,527,0.1069999999999709,7
2,1,burst,528,0.10800000000017462,7
2,1,burst,529,0.10458299999936571,7
2,1,burst,530,0.10633399999915127,7
2,1,burst,531,0.10545799999999872,7
2,1,burst,532,0.10504100000071048,7
2,1,burst,533,0.109375,7
2,1,burst,534,0.10662500000034925,7
2,1,burst,535,0.11258300000008603,7
2,1,burst,536,0.10966700000062701,7
2,1,burst,537,0.10537500000009459,7
2,1,burst,538,0.10562499999923602,7
2,1,burst,539,0.10504200000013952,7
2,1,burst,540,0.10508299999946757,7
2,1,burst,541,0.10429100000055769,7
2,1,burst,542,0.10595800000010058,7
2,1,burst,543,0.1053329999995185,7
2,1,burst,544,0.10516699999971024,7
2,1,burst,545,0.10395900000003166,7
2,1,burst,546,0.10654200000044511,7
2,1,burst,547,0.10345800000050076,7
2,1,burst,548,0.10616699999991397,7
2,1,burst,549,0.10304199999973207,7
2,1,burst,550,0.10533399999985704,7
2,1,burst,551,0.10512500000004366,7
2,1,burst,552,0.10337499999968713,7
2,1,burst,553,0.10529200000019046,7
2,1,burst,554,0.10987500000010186,7
2,1,burst,555,0.10666700000001583,7
2,1,burst,556,0.10487499999999272,7
2,1,burst,557,0.10541599999942264,7
2,1,burst,558,0.10704199999963748,7
2,1,burst,559,0.1025419999996302,7
2,1,burst,560,0.10291700000016135,7
2,1,burst,561,0.10445900000013353,7
2,1,burst,562,0.10616699999991397,7
2,1,burst,563,0.10520799999994779,7
2,1,burst,564,0.10870799999975134,7
2,1,burst,565,0.10395799999969313,7
2,1,burst,566,0.10500000000047294,7
2,1,burst,567,0.10637500000029831,7
2,1,burst,568,0.10412499999983993,7
2,1,burst,569,0.10587500000019645,7
2,1,burst,570,0.10541700000067067,7
2,1,burst,571,0.1097089999993841,7
2,1,burst,572,0.10891700000047422,7
2,1,burst,573,0.11099999999987631,7
2,1,burst,574,0.10720800000035524,7
2,1,burst,575,0.10745800000040617,7
2,1,burst,576,0.1045830000002752,7
2,1,burst,577,0.10766700000021956,7
2,1,burst,578,0.10583299999962037,7
2,1,burst,579,0.10791599999993196,7
2,1,burst,580,0.1054999999996653,7
2,1,burst,581,0.10679200000049605,7
2,1,burst,582,0.10366699999940465,7
2,1,burst,583,0.10687499999949068,7
2,1,burst,584,0.10795800000050804,7
2,1,burst,585,0.109958000000006,7
2,1,burst,586,0.10504199999923003,7
2,1,burst,587,0.10574999999971624,7
2,1,burst,588,0.10812499999974534,7
2,1,burst,589,0.1123330000000351,7
2,1,burst,590,0.10495799999989686,7
2,1,burst,591,0.10424999999941065,7
2,1,burst,592,0.10591700000077253,7
2,1,burst,593,0.11262499999975262,7
2,1,burst,594,0.10483300000032614,7
2,1,burst,595,0.10612500000024738,7
2,1,burst,596,0.10491699999965931,7
2,1,burst,597,0.10779199999979028,7
2,1,burst,598,0.10595800000010058,7
2,1,burst,599,0.1051659999993717,7
2,1,burst,600,0.10262499999953434,7
2,1,burst,601,0.10750000000007276,7
2,1,burst,602,0.10499999999956344,7
2,1,burst,603,0.10525000000052387,7
2,1,burst,604,0.10362500000064756,7
2,1,burst,605,0.10562499999923602,7
2,1,burst,606,0.1040419999999358,7
2,1,burst,607,0.10958399999981339,7
2,1,burst,608,0.10762499999964348,7
2,1,burst,609,0.10691700000006676,7
2,1,burst,610,0.10483300000032614,7
2,1,burst,611,0.10420799999974406,7
2,1,burst,612,0.10524999999961437,7
2,1,burst,613,0.10691700000006676,7
2,1,burst,614,0.10416699999950652,7
2,1,burst,615,0.10295900000073743,7
2,1,burst,616,0.10645799999929295,7
2,1,burst,617,0.10658299999977316,7
2,1,burst,618,0.10637499999938882,7
2,1,burst,619,0.10379199999988487,7
2,1,burst,620,0.10662500000034925,7
2,1,burst,621,0.10874999999941792,7
2,1,burst,622,0.10412499999983993,7
2,1,burst,623,0.10449999999946158,7
2,1,burst,624,0.10800000000017462,7
2,1,burst,625,0.105333000000428,7
2,1,burst,626,0.10487499999999272,7
2,1,burst,627,0.10429199999998673,7
2,1,burst,628,0.10720899999978428,7
2,1,burst,629,0.10537499999918509,7
2,1,burst,630,0.10487499999999272,7
2,1,burst,631,0.10408300000017334,7
2,1,burst,632,0.10545799999999872,7
2,1,burst,633,0.1049589999993259,7
2,1,burst,634,0.10450000000037107,7
2,1,burst,635,0.10408300000017334,7
2,1,burst,636,0.10679200000049605,7
2,1,burst,637,0.10441699999955745,7
2,1,burst,638,0.1060829999996713,7
2,1,burst,639,0.10570900000038819,7
2,1,burst,640,0.10770799999954761,7
2,1,burst,641,0.10345799999959127,7
2,1,burst,642,0.10612500000024738,7
2,1,burst,643,0.1092079999998532,7
2,1,burst,644,0.1051659999993717,7
2,1,burst,645,0.10362499999973807,7
2,1,burst,646,0.10783400000036636,7
2,1,burst,647,0.10545900000033726,7
2,1,burst,648,0.10741700000016863,7
2,1,burst,649,0.10358399999950052,7
2,1,burst,650,0.10995900000034453,7
2,1,burst,651,0.10587500000019645,7
2,1,burst,652,0.10570800000004965,7
2,1,burst,653,0.10383300000012241,7
2,1,burst,654,0.10479100000065955,7
2,1,burst,655,0.10570800000004965,7
2,1,burst,656,0.10620800000015151,7
2,1,burst,657,0.10362499999973807,7
2,1,burst,658,0.10516700000061974,7
2,1,burst,659,0.10679199999958655,7
2,1,burst,660,0.1115829999998823,7
2,1,burst,661,0.10395799999969313,7
2,1,burst,662,0.10474999999951251,7
2,1,burst,663,0.1064170000008744,7
2,1,burst,664,0.10545900000033726,7
2,1,burst,665,0.10445799999979499,7
2,1,burst,666,0.1060829999996713,7
2,1,burst,667,0.1068329999998241,7
2,1,burst,668,0.1040419999999358,7
2,1,burst,669,0.1056669999998121,7
2,1,burst,670,0.10366700000031415,7
2,1,burst,671,0.10829199999989214,7
2,1,burst,672,0.10320899999987887,7
2,1,burst,673,0.10483399999975518,7
2,1,burst,674,0.10300000000006548,7
2,1,burst,675,0.10616699999991397,7
2,1,burst,676,0.10424999999941065,7
2,1,burst,677,0.105333000000428,7
2,1,burst,678,0.10674999999991996,7
2,1,burst,679,0.1156249999994543,7
2,1,burst,680,0.10416700000041601,7
2,1,burst,681,0.10516699999971024,7
2,1,burst,682,0.10425000000032014,7
2,1,burst,683,0.10691599999972823,7
2,1,burst,684,0.11837500000001455,7
2,1,burst,685,0.10445799999979499,7
2,1,burst,686,0.10454200000003766,7
2,1,burst,687,0.10691700000006676,7
2,1,burst,688,0.10508399999980611,7
2,1,burst,689,0.10400000000026921,7
2,1,burst,690,0.10470800000075542,7
2,1,burst,691,0.1051660000002812,7
2,1,burst,692,0.10379199999988487,7
2,1,burst,693,0.10433399999965332,7
2,1,burst,694,0.10304199999973207,7
2,1,burst,695,0.10629200000039418,7
2,1,burst,696,0.10337499999968713,7
2,1,burst,697,0.10925000000042928,7
2,1,burst,698,0.10424999999941065,7
2,1,burst,699,0.10695899999973335,7
2,1,burst,700,0.10454200000003766,7
2,1,burst,701,0.1034589999999298,7
2,1,burst,702,0.1064169999999649,7
2,1,burst,703,0.10712499999954161,7
2,1,burst,704,0.10425000000032014,7
2,1,burst,705,0.10525000000052387,7
2,1,burst,706,0.10570800000004965,7
2,1,burst,707,0.10783400000036636,7
2,1,burst,708,0.11008300000048621,7
2,1,burst,709,0.10450000000037107,7
2,1,burst,710,0.10604199999943376,7
2,1,burst,711,0.10912499999994907,7
2,1,burst,712,0.10575000000062573,7
2,1,burst,713,0.10616699999991397,7
2,1,burst,714,0.11004200000024866,7
2,1,burst,715,0.10920900000019174,7
2,1,burst,716,0.10520899999937683,7
2,1,burst,717,0.10516700000061974,7
2,1,burst,718,0.10645800000020245,7
2,1,burst,719,0.10466699999960838,7
2,1,burst,720,0.10649999999986903,7
2,1,burst,721,0.10566600000038306,7
2,1,burst,722,0.11258300000008603,7
2,1,burst,723,0.10670800000025338,7
2,1,burst,724,0.10520799999994779,7
2,1,burst,725,0.1069999999999709,7
2,1,burst,726,0.10808300000007875,7
2,1,burst,727,0.10491600000023027,7
2,1,burst,728,0.10512500000004366,7
2,1,burst,729,0.10508399999980611,7
2,1,burst,730,0.10825000000022555,7
2,1,burst,731,0.10595800000010058,7
2,1,burst,732,0.1082909999995536,7
2,1,burst,733,0.10579099999995378,7
2,1,burst,734,0.10750000000007276,7
2,1,burst,735,0.10449999999946158,7
2,1,burst,736,0.11070900000049733,7
2,1,burst,737,0.1049170000005688,7
2,1,burst,738,0.1054999999996653,7
2,1,burst,739,0.10616699999991397,7
2,1,burst,740,0.10325000000011642,7
2,1,burst,741,0.10887499999989814,7
2,1,burst,742,0.10583300000052986,7
2,1,burst,743,0.10687500000040018,7
2,1,burst,744,0.10545799999999872,7
2,1,burst,745,0.10766700000021956,7
2,1,burst,746,0.10487499999999272,7
2,1,burst,747,0.1060830000005808,7
2,1,burst,748,0.10816599999998289,7
2,1,burst,749,0.11029099999996106,7
2,1,burst,750,0.10504199999923003,7
2,1,burst,751,0.10591699999986304,7
2,1,burst,752,0.1069999999999709,7
2,1,burst,753,0.10562500000014552,7
2,1,burst,754,0.10412499999983993,7
2,1,burst,755,0.10470799999984592,7
2,1,burst,756,0.10629100000005565,7
2,1,burst,757,0.10579099999995378,7
2,1,burst,758,0.1055000000005748,7
2,1,burst,759,0.4002089999994496,7
2,1,burst,760,116.98266700000022,7
2,1,burst,761,0.23700000000008004,7
2,1,burst,762,3.4752920000000813,7
2,1,burst,763,0.7827499999993961,7
2,1,burst,764,0.21424999999999272,7
2,1,burst,765,0.15320900000006077,7
2,1,burst,766,0.11641700000018318,7
2,1,burst,767,0.11262499999975262,7
2,1,burst,768,0.11395799999991141,7
2,1,burst,769,0.1110000000007858,7
2,1,burst,770,0.10775000000012369,7
2,1,burst,771,0.1097909999998592,7
2,1,burst,772,0.10887500000080763,7
2,1,burst,773,0.11029099999996106,7
2,1,burst,774,0.10704099999929895,7
2,1,burst,775,0.11037500000020373,7
2,1,burst,776,0.10674999999991996,7
2,1,burst,777,0.10733299999992596,7
2,1,burst,778,0.10562499999923602,7
2,1,burst,779,0.10679100000015751,7
2,1,burst,780,0.10570800000004965,7
2,1,burst,781,0.920708999999988,7
2,1,burst,782,0.3320830000002388,7
2,1,burst,783,0.757832999999664,7
2,1,burst,784,0.1454169999997248,7
2,1,burst,785,0.11775000000034197,7
2,1,burst,786,0.11608299999988958,7
2,1,burst,787,0.11616599999979371,7
2,1,burst,788,0.11066599999958271,7
2,1,burst,789,0.10779200000069977,7
2,1,burst,790,0.10841700000037235,7
2,1,burst,791,0.10900000000037835,7
2,1,burst,792,0.1172919999999067,7
2,1,burst,793,0.11120800000026065,7
2,1,burst,794,0.10720799999944575,7
2,1,burst,795,0.10604100000000471,7
2,1,burst,796,0.10808300000007875,7
2,1,burst,797,0.10583299999962037,7
2,1,burst,798,0.10679099999924802,7
2,1,burst,799,0.10412499999983993,7
2,1,burst,800,0.10770899999988615,7
2,1,burst,801,0.10649999999986903,7
2,1,burst,802,0.11349999999947613,7
2,1,burst,803,0.10900000000037835,7
2,1,burst,804,0.10729199999968841,7
2,1,burst,805,0.10654200000044511,7
2,1,burst,806,8.515083000000232,7
2,1,burst,807,1.3681669999996302,7
2,1,burst,808,1.2541250000003856,7
2,1,burst,809,0.05645899999944959,7
2,1,burst,810,0.05275000000074215,7
2,1,burst,811,0.05191700000068522,7
2,1,burst,812,0.050666000000092026,7
2,1,burst,813,0.049958999999944353,7
2,1,burst,814,0.05216699999982666,7
2,1,burst,815,0.04970800000046438,7
2,1,burst,816,0.06454200000007404,7
2,1,burst,817,0.053167000000030384,7
2,1,burst,818,0.08737500000006548,7
2,1,burst,819,0.05629099999987375,7
2,1,burst,820,0.05900000000019645,7
2,1,burst,821,0.05883300000004965,7
2,1,burst,822,0.058082999999896856,7
2,1,burst,823,0.05574999999953434,7
2,1,burst,824,0.10837499999979627,7
2,1,burst,825,0.10845900000003894,7
2,1,burst,826,0.12216700000044511,7
2,1,burst,827,0.10970799999995506,7
2,1,burst,828,0.12225000000034925,7
2,1,burst,829,0.10991599999942991,7
2,1,burst,830,0.12199999999938882,7
2,1,burst,831,0.11200000000008004,7
2,1,burst,832,0.11616599999979371,7
2,1,burst,833,4.332666999999674,7
2,1,burst,834,0.13616599999932077,7
2,1,burst,835,0.11749999999938154,7
2,1,burst,836,0.11516699999992852,7
2,1,burst,837,0.11208299999998417,7
2,1,burst,838,0.11016700000072888,7
2,1,burst,839,0.11008399999991525,7
2,1,burst,840,0.11020800000005693,7
2,1,burst,841,0.11025000000063301,7
2,1,burst,842,0.10904200000004494,7
2,1,burst,843,0.10987500000010186,7
2,1,burst,844,0.1212919999998121,7
2,1,burst,845,0.1090410000006159,7
2,1,burst,846,0.10908300000028248,7
2,1,burst,847,0.10595900000043912,7
2,1,burst,848,0.10958299999947485,7
2,1,burst,849,0.10750000000007276,7
2,1,burst,850,41.08874999999989,7
2,1,burst,851,0.2016249999996944,7
2,1,burst,852,0.5993749999997817,7
2,1,burst,853,1.2209590000002208,7
2,1,burst,854,0.166667000000416,7
2,1,burst,855,0.12729200000012497,7
2,1,burst,856,0.13129200000003038,7
2,1,burst,857,0.1254159999998592,7
2,1,burst,858,0.1226249999999709,7
2,1,burst,859,0.12266699999963748,7
2,1,burst,860,0.17904099999941536,7
2,1,burst,861,0.1334580000002461,7
2,1,burst,862,0.18908399999963876,7
2,1,burst,863,0.1275419999992664,7
2,1,burst,864,0.1953750000002401,7
2,1,burst,865,0.16824999999971624,7
2,1,burst,866,0.6101250000001528,7
2,1,burst,867,0.13754100000005565,7
2,1,burst,868,0.13479199999983393,7
2,1,burst,869,0.12704200000007404,7
2,1,burst,870,0.12983400000030088,7
2,1,burst,871,0.1259170000002996,7
2,1,burst,872,0.1277090000003227,7
2,1,burst,873,0.1263330000001588,7
2,1,burst,874,0.12608300000010786,7
2,1,burst,875,0.12954199999967386,7
2,1,burst,876,1.073457999999846,7
2,1,burst,877,0.348374999999578,7
2,1,burst,878,0.7952499999992142,7
2,1,burst,879,0.15320800000063173,7
2,1,burst,880,0.170416999999361,7
2,1,burst,881,0.61200000000008,7
2,1,burst,882,0.18558399999983521,7
2,1,burst,883,0.13333400000010442,7
2,1,burst,884,2.153417000000445,7
2,1,burst,885,0.2809580000002825,7
2,1,burst,886,0.38279099999999744,7
2,1,burst,887,0.19200000000000728,7
2,1,burst,888,0.21141700000043784,7
2,1,burst,889,0.1800409999996191,7
2,1,burst,890,0.19583300000067538,7
2,1,burst,891,0.2319999999999709,7
2,1,burst,892,0.144083999999566,7
2,1,burst,893,0.17954199999985576,7
2,1,burst,894,0.45495800000026065,7
2,1,burst,895,0.13779200000044511,7
2,1,burst,896,0.12895800000023883,7
2,1,burst,897,0.21408400000018446,7
2,1,burst,898,0.24233400000048277,7
2,1,burst,899,0.13491700000031415,7
2,1,burst,900,0.18229100000007747,7
2,1,burst,901,0.1492499999994834,7
2,1,burst,902,0.14016699999956472,7
2,1,burst,903,0.15900000000056025,7
2,1,burst,904,0.1250419999996666,7
2,1,burst,905,0.13683299999956944,7
2,1,burst,906,0.7339169999995647,7
2,1,burst,907,0.437209000000621,7
2,1,burst,908,0.16187500000069122,7
2,1,burst,909,0.12766699999974662,7
2,1,burst,910,0.1253340000002936,7
2,1,burst,911,0.2301660000002812,7
2,1,burst,912,0.13716699999986304,7
2,1,burst,913,0.17104199999994307,7
2,1,burst,914,0.4710830000003625,7
2,1,burst,915,0.24087499999950523,7
2,1,burst,916,0.1319999999996071,7
2,1,burst,917,0.17462499999965075,7
2,1,burst,918,1.3814170000005106,7
2,1,burst,919,0.18224999999983993,7
2,1,burst,920,0.1855409999998301,7
2,1,burst,921,0.13487500000064756,7
2,1,burst,922,0.1851249999999709,7
2,1,burst,923,0.17237500000010186,7
2,1,burst,924,0.13400000000001455,7
2,1,burst,925,0.12537499999962165,7
2,1,burst,926,0.13012499999967986,7
2,1,burst,927,0.1687499999998181,7
2,1,burst,928,0.15704100000039034,7
2,1,burst,929,0.11904200000026322,7
2,1,burst,930,0.13100000000031287,7
2,1,burst,931,0.12749999999959982,7
2,1,burst,932,0.10816700000032142,7
2,1,burst,933,0.10750000000007276,7
2,1,burst,934,0.10970799999995506,7
2,1,burst,935,0.10674999999991996,7
2,1,burst,936,0.10795899999993708,7
2,1,burst,937,0.1086249999998472,7
2,1,burst,938,0.11316600000009203,7
2,1,burst,939,0.10591700000077253,7
2,1,burst,940,0.1053329999995185,7
2,1,burst,941,0.10766599999988102,7
2,1,burst,942,0.10895800000071176,7
2,1,burst,943,0.10574999999971624,7
2,1,burst,944,0.10683400000016263,7
2,1,burst,945,0.1071670000001177,7
2,1,burst,946,0.10816700000032142,7
2,1,burst,947,0.11424999999962893,7
2,1,burst,948,0.11070899999958783,7
2,1,burst,949,0.10725000000002183,7
2,1,burst,950,0.10895800000071176,7
2,1,burst,951,0.1062499999998181,7
2,1,burst,952,0.10454200000003766,7
2,1,burst,953,0.10612500000024738,7
2,1,burst,954,0.11120900000059919,7
2,1,burst,955,0.10520900000028632,7
2,1,burst,956,0.10729199999968841,7
2,1,burst,957,0.1047919999991791,7
2,1,burst,958,0.10974999999962165,7
2,1,burst,959,0.10404100000050676,7
2,1,burst,960,0.10466700000051787,7
2,1,burst,961,0.10466699999960838,7
2,1,burst,962,0.10654200000044511,7
2,1,burst,963,0.10950000000048021,7
2,1,burst,964,0.10641599999962637,7
2,1,burst,965,0.10629200000039418,7
2,1,burst,966,0.11479199999939738,7
2,1,burst,967,0.10629199999948469,7
2,1,burst,968,0.10529200000019046,7
2,1,burst,969,0.10654200000044511,7
2,1,burst,970,0.10841600000003382,7
2,1,burst,971,0.10570800000004965,7
2,1,burst,972,0.10512500000004366,7
2,1,burst,973,0.10425000000032014,7
2,1,burst,974,0.10962500000005093,7
2,1,burst,975,0.10429100000055769,7
2,1,burst,976,0.11104200000045239,7
2,1,burst,977,0.10541700000067067,7
2,1,burst,978,0.1065840000001117,7
2,1,burst,979,0.10629200000039418,7
2,1,burst,980,0.10650000000077853,7
2,1,burst,981,0.10929200000009587,7
2,1,burst,982,0.10612500000024738,7
2,1,burst,983,0.11279199999989942,7
2,1,burst,984,0.10633299999972223,7
2,1,burst,985,0.11087500000030559,7
2,1,burst,986,0.10737499999959255,7
2,1,burst,987,0.10620800000015151,7
2,1,burst,988,0.10583300000052986,7
2,1,burst,989,0.10929099999975733,7
2,1,burst,990,0.10800000000017462,7
2,1,burst,991,0.10658299999977316,7
2,1,burst,992,0.10541600000033213,7
2,1,burst,993,0.1060829999996713,7
2,1,burst,994,0.10620800000015151,7
2,1,burst,995,0.10674999999991996,7
2,1,burst,996,0.10608400000000984,7
2,1,burst,997,0.10745899999983521,7
2,1,burst,998,0.10679199999958655,7
2,1,burst,999,0.10670799999934388,7
2,2,idle,0,0.0018340000005991897,0
2,2,idle,1,0.00166700000045239,0
2,2,idle,2,0.0016660000001138542,0
2,2,idle,3,0.001457999999729509,0
2,2,idle,4,0.0016249999998763087,0
2,2,idle,5,0.00204200000007404,0
2,2,idle,6,0.001457999999729509,0
2,2,idle,7,0.0015830000002097222,0
2,2,idle,8,0.0015410000005431357,0
2,2,idle,9,0.0015419999999721767,0
2,2,idle,10,0.003125000000181899,0
2,2,idle,11,0.0015830000002097222,0
2,2,idle,12,0.0016660000001138542,0
2,2,idle,13,0.0019579999998313724,0
2,2,idle,14,0.0016250000007858034,0
2,2,idle,15,0.0018749999999272404,0
2,2,idle,16,0.0017920000000231084,0
2,2,idle,17,0.00258399999984249,0
2,2,idle,18,0.0015419999999721767,0
2,2,idle,19,0.0015839999996387633,0
2,2,idle,20,0.0015419999999721767,0
2,2,idle,21,0.0018750000008367351,0
2,2,idle,22,0.0016249999998763087,0
2,2,idle,23,0.0027079999999841675,0
2,2,idle,24,0.0015829999993002275,0
2,2,idle,25,0.0016249999998763087,0
2,2,idle,26,0.0018749999999272404,0
2,2,idle,27,0.0025410000007468625,0
2,2,idle,28,0.0023329999994530226,0
2,2,idle,29,0.0016249999998763087,0
2,2,idle,30,0.0015419999999721767,0
2,2,idle,31,0.001999999999497959,0
2,2,idle,32,0.0015000000003055902,0
2,2,idle,33,0.0015410000005431357,0
2,2,idle,34,0.001457999999729509,0
2,2,idle,35,0.0015419999999721767,0
2,2,idle,36,0.0018749999999272404,0
2,2,idle,37,0.0016669999995428952,0
2,2,idle,38,0.0015419999999721767,0
2,2,idle,39,0.0015830000002097222,0
2,2,idle,40,0.001457999999729509,0
2,2,idle,41,0.0016249999998763087,0
2,2,idle,42,0.0019579999998313724,0
2,2,idle,43,0.0016249999998763087,0
2,2,idle,44,0.0015000000003055902,0
2,2,idle,45,0.0015419999999721767,0
2,2,idle,46,0.0014590000000680448,0
2,2,idle,47,0.001959000000169908,0
2,2,idle,48,0.0016249999998763087,0
2,2,idle,49,0.0019579999998313724,0
2,2,idle,50,0.0015419999999721767,0
2,2,idle,51,0.0014169999994919635,0
2,2,idle,52,0.00204200000007404,0
2,2,idle,53,0.001457999999729509,0
2,2,idle,54,0.001457999999729509,0
2,2,idle,55,0.001457999999729509,0
2,2,idle,56,0.0014590000000680448,0
2,2,idle,57,0.0018749999999272404,0
2,2,idle,58,0.0017079999997804407,0
2,2,idle,59,0.0026670000006561168,0
2,2,idle,60,0.0015000000003055902,0
2,2,idle,61,0.001540999999633641,0
2,2,idle,62,0.0023330000003625173,0
2,2,idle,63,0.0018750000008367351,0
2,2,idle,64,0.0014160000000629225,0
2,2,idle,65,0.001540999999633641,0
2,2,idle,66,0.002457999999933236,0
2,2,idle,67,0.0015000000003055902,0
2,2,idle,68,0.0021669999996447586,0
2,2,idle,69,0.0016249999998763087,0
2,2,idle,70,0.0015829999993002275,0
2,2,idle,71,0.0015829999993002275,0
2,2,idle,72,0.0015419999999721767,0
2,2,idle,73,0.001999999999497959,0
2,2,idle,74,0.0015420000008816714,0
2,2,idle,75,0.0014590000000680448,0
2,2,idle,76,0.0015000000003055902,0
2,2,idle,77,0.0015000000003055902,0
2,2,idle,78,0.0015839999996387633,0
2,2,idle,79,0.0017920000000231084,0
2,2,idle,80,0.00204200000007404,0
2,2,idle,81,0.0015000000003055902,0
2,2,idle,82,0.0015000000003055902,0
2,2,idle,83,0.0027909999998882995,0
2,2,idle,84,0.0019170000005033216,0
2,2,idle,85,0.0015419999999721767,0
2,2,idle,86,0.001540999999633641,0
2,2,idle,87,0.0015000000003055902,0
2,2,idle,88,0.0015419999999721767,0
2,2,idle,89,0.0019579999998313724,0
2,2,idle,90,0.002207999999882304,0
2,2,idle,91,0.0020839999997406267,0
2,2,idle,92,0.0024999999995998223,0
2,2,idle,93,0.0015419999999721767,0
2,2,idle,94,0.0019170000005033216,0
2,2,idle,95,0.0015000000003055902,0
2,2,idle,96,0.0017089999992094818,0
2,2,idle,97,0.001584000000548258,0
2,2,idle,98,0.0015419999999721767,0
2,2,idle,99,0.001457999999729509,0
2,2,idle,100,0.001958000000740867,0
2,2,idle,101,0.0014999999993960955,0
2,2,idle,102,0.0015419999999721767,0
2,2,idle,103,0.0014999999993960955,0
2,2,idle,104,0.001540999999633641,0
2,2,idle,105,0.0017920000000231084,0
2,2,idle,106,0.0015000000003055902,0
2,2,idle,107,0.0015000000003055902,0
2,2,idle,108,0.0015410000005431357,0
2,2,idle,109,0.0015000000003055902,0
2,2,idle,110,0.0018749999999272404,0
2,2,idle,111,0.0015830000002097222,0
2,2,idle,112,0.0014999999993960955,0
2,2,idle,113,0.0014999999993960955,0
2,2,idle,114,0.0015000000003055902,0
2,2,idle,115,0.0017910000005940674,0
2,2,idle,116,0.0022500000004583853,0
2,2,idle,117,0.0015000000003055902,0
2,2,idle,118,0.0015419999999721767,0
2,2,idle,119,0.001540999999633641,0
2,2,idle,120,0.0014999999993960955,0
2,2,idle,121,0.0027909999998882995,0
2,2,idle,122,0.0020830000003115856,0
2,2,idle,123,0.0015410000005431357,0
2,2,idle,124,0.0024999999995998223,0
2,2,idle,125,0.0015419999999721767,0
2,2,idle,126,0.0020830000003115856,0
2,2,idle,127,0.0016249999998763087,0
2,2,idle,128,0.0015419999999721767,0
2,2,idle,129,0.001584000000548258,0
2,2,idle,130,0.0015000000003055902,0
2,2,idle,131,0.00204200000007404,0
2,2,idle,132,0.0015419999999721767,0
2,2,idle,133,0.0014580000006390037,0
2,2,idle,134,0.0016660000001138542,0
2,2,idle,135,0.0015830000002097222,0
2,2,idle,136,0.0019170000005033216,0
2,2,idle,137,0.0017090000001189765,0
2,2,idle,138,0.0014590000000680448,0
2,2,idle,139,0.0015419999999721767,0
2,2,idle,140,0.0015410000005431357,0
2,2,idle,141,0.0015419999999721767,0
2,2,idle,142,0.001833999999689695,0
2,2,idle,143,0.0016669999995428952,0
2,2,idle,144,0.0017079999997804407,0
2,2,idle,145,0.0015830000002097222,0
2,2,idle,146,0.0014999999993960955,0
2,2,idle,147,0.002375000000029104,0
2,2,idle,148,0.0016249999998763087,0
2,2,idle,149,0.0021660000002157176,0
2,2,idle,150,0.0019579999998313724,0
2,2,idle,151,0.0015420000008816714,0
2,2,idle,152,0.0031669999998484855,0
2,2,idle,153,0.0015419999999721767,0
2,2,idle,154,0.0020409999997355044,0
2,2,idle,155,0.0014169999994919635,0
2,2,idle,156,0.0016249999998763087,0
2,2,idle,157,0.0019170000005033216,0
2,2,idle,158,0.0015410000005431357,0
2,2,idle,159,0.001457999999729509,0
2,2,idle,160,0.0025420000001759036,0
2,2,idle,161,0.0015000000003055902,0
2,2,idle,162,0.0015830000002097222,0
2,2,idle,163,0.002124999999978172,0
2,2,idle,164,0.0015830000002097222,0
2,2,idle,165,0.0016660000001138542,0
2,2,idle,166,0.0014580000006390037,0
2,2,idle,167,0.0016249999998763087,0
2,2,idle,168,0.0019160000001647859,0
2,2,idle,169,0.001457999999729509,0
2,2,idle,170,0.0015000000003055902,0
2,2,idle,171,0.0015830000002097222,0
2,2,idle,172,0.0015410000005431357,0
2,2,idle,173,0.0018749999999272404,0
2,2,idle,174,0.0014999999993960955,0
2,2,idle,175,0.0016249999998763087,0
2,2,idle,176,0.001916999999593827,0
2,2,idle,177,0.0015419999999721767,0
2,2,idle,178,0.0015000000003055902,0
2,2,idle,179,0.00204200000007404,0
2,2,idle,180,0.001540999999633641,0
2,2,idle,181,0.001457999999729509,0
2,2,idle,182,0.0015419999999721767,0
2,2,idle,183,0.001833999999689695,0
2,2,idle,184,0.0019170000005033216,0
2,2,idle,185,0.002124999999978172,0
2,2,idle,186,0.0014999999993960955,0
2,2,idle,187,0.0015829999993002275,0
2,2,idle,188,0.0014999999993960955,0
2,2,idle,189,0.0019579999998313724,0
2,2,idle,190,0.0014170000004014582,0
2,2,idle,191,0.001457999999729509,0
2,2,idle,192,0.0014999999993960955,0
2,2,idle,193,0.0014580000006390037,0
2,2,idle,194,0.003042000000277767,0
2,2,idle,195,0.0015419999999721767,0
2,2,idle,196,0.001540999999633641,0
2,2,idle,197,0.0015419999999721767,0
2,2,idle,198,0.00145899999915855,0
2,2,idle,199,0.0016249999998763087,0
2,2,idle,200,0.001916999999593827,0
2,2,idle,201,0.0015419999999721767,0
2,2,idle,202,0.0014580000006390037,0
2,2,idle,203,0.0016249999998763087,0
2,2,idle,204,0.0017909999996845727,0
2,2,idle,205,0.0019159999992552912,0
2,2,idle,206,0.0015830000002097222,0
2,2,idle,207,0.0015419999999721767,0
2,2,idle,208,0.0014999999993960955,0
2,2,idle,209,0.0015419999999721767,0
2,2,idle,210,0.001916999999593827,0
2,2,idle,211,0.0015000000003055902,0
2,2,idle,212,0.0015419999999721767,0
2,2,idle,213,0.0014169999994919635,0
2,2,idle,214,0.0026250000000800355,0
2,2,idle,215,0.0018750000008367351,0
2,2,idle,216,0.0018749999999272404,0
2,2,idle,217,0.0020000000004074536,0
2,2,idle,218,0.0017079999997804407,0
2,2,idle,219,0.0014169999994919635,0
2,2,idle,220,0.0015000000003055902,0
2,2,idle,221,0.001750000000356522,0
2,2,idle,222,0.001457999999729509,0
2,2,idle,223,0.0014999999993960955,0
2,2,idle,224,0.0014999999993960955,0
2,2,idle,225,0.0014170000004014582,0
2,2,idle,226,0.0019160000001647859,0
2,2,idle,227,0.0030000000006111804,0
2,2,idle,228,0.001833000000260654,0
2,2,idle,229,0.0020830000003115856,0
2,2,idle,230,0.0014590000000680448,0
2,2,idle,231,0.002334000000701053,0
2,2,idle,232,0.0015419999999721767,0
2,2,idle,233,0.001999999999497959,0
2,2,idle,234,0.0016249999998763087,0
2,2,idle,235,0.0014999999993960955,0
2,2,idle,236,0.0027079999999841675,0
2,2,idle,237,0.001457999999729509,0
2,2,idle,238,0.0016660000001138542,0
2,2,idle,239,0.0015000000003055902,0
2,2,idle,240,0.001457999999729509,0
2,2,idle,241,0.001540999999633641,0
2,2,idle,242,0.001833000000260654,0
2,2,idle,243,0.0016660000001138542,0
2,2,idle,244,0.0016249999998763087,0
2,2,idle,245,0.0014999999993960955,0
2,2,idle,246,0.0015839999996387633,0
2,2,idle,247,0.001959000000169908,0
2,2,idle,248,0.002124999999978172,0
2,2,idle,249,0.0015000000003055902,0
2,2,idle,250,0.0017499999994470272,0
2,2,idle,251,0.0015830000002097222,0
2,2,idle,252,0.001833000000260654,0
2,2,idle,253,0.0016249999998763087,0
2,2,idle,254,0.001584000000548258,0
2,2,idle,255,0.001584000000548258,0
2,2,idle,256,0.0015839999996387633,0
2,2,idle,257,0.001916999999593827,0
2,2,idle,258,0.0014580000006390037,0
2,2,idle,259,0.0015419999999721767,0
2,2,idle,260,0.0016669999995428952,0
2,2,idle,261,0.0014590000000680448,0
2,2,idle,262,0.0025420000001759036,0
2,2,idle,263,0.0017910000005940674,0
2,2,idle,264,0.0015000000003055902,0
2,2,idle,265,0.0014590000000680448,0
2,2,idle,266,0.0015839999996387633,0
2,2,idle,267,0.001457999999729509,0
2,2,idle,268,0.001916999999593827,0
2,2,idle,269,0.0014590000000680448,0
2,2,idle,270,0.0016249999998763087,0
2,2,idle,271,0.0015830000002097222,0
2,2,idle,272,0.0015000000003055902,0
2,2,idle,273,0.0018749999999272404,0
2,2,idle,274,0.0014999999993960955,0
2,2,idle,275,0.0015000000003055902,0
2,2,idle,276,0.0019170000005033216,0
2,2,idle,277,0.0014590000000680448,0
2,2,idle,278,0.0015000000003055902,0
2,2,idle,279,0.0020409999997355044,0
2,2,idle,280,0.0022500000004583853,0
2,2,idle,281,0.001833000000260654,0
2,2,idle,282,0.001457999999729509,0
2,2,idle,283,0.0019160000001647859,0
2,2,idle,284,0.00204200000007404,0
2,2,idle,285,0.0016249999998763087,0
2,2,idle,286,0.0015419999999721767,0
2,2,idle,287,0.00204200000007404,0
2,2,idle,288,0.0016669999995428952,0
2,2,idle,289,0.0019589999992604135,0
2,2,idle,290,0.0015839999996387633,0
2,2,idle,291,0.0015000000003055902,0
2,2,idle,292,0.0016249999998763087,0
2,2,idle,293,0.0015000000003055902,0
2,2,idle,294,0.0017909999996845727,0
2,2,idle,295,0.0015419999999721767,0
2,2,idle,296,0.002417000000605185,0
2,2,idle,297,0.0017499999994470272,0
2,2,idle,298,0.0015830000002097222,0
2,2,idle,299,0.0015830000002097222,0
2,2,idle,300,0.0018749999999272404,0
2,2,idle,301,0.0016250000007858034,0
2,2,idle,302,0.00166700000045239,0
2,2,idle,303,0.0014580000006390037,0
2,2,idle,304,0.001457999999729509,0
2,2,idle,305,0.001999999999497959,0
2,2,idle,306,0.0015830000002097222,0
2,2,idle,307,0.0014580000006390037,0
2,2,idle,308,0.0014580000006390037,0
2,2,idle,309,0.0015419999999721767,0
2,2,idle,310,0.0020000000004074536,0
2,2,idle,311,0.002082999999402091,0
2,2,idle,312,0.0015419999999721767,0
2,2,idle,313,0.0020830000003115856,0
2,2,idle,314,0.0014580000006390037,0
2,2,idle,315,0.0017909999996845727,0
2,2,idle,316,0.0018749999999272404,0
2,2,idle,317,0.001750000000356522,0
2,2,idle,318,0.0015419999999721767,0
2,2,idle,319,0.0014999999993960955,0
2,2,idle,320,0.0015829999993002275,0
2,2,idle,321,0.001999999999497959,0
2,2,idle,322,0.001457999999729509,0
2,2,idle,323,0.0015410000005431357,0
2,2,idle,324,0.0014580000006390037,0
2,2,idle,325,0.001457999999729509,0
2,2,idle,326,0.0018749999999272404,0
2,2,idle,327,0.0015000000003055902,0
2,2,idle,328,0.0015000000003055902,0
2,2,idle,329,0.002374999999119609,0
2,2,idle,330,0.0015000000003055902,0
2,2,idle,331,0.0021660000002157176,0
2,2,idle,332,0.0016249999998763087,0
2,2,idle,333,0.0015829999993002275,0
2,2,idle,334,0.001540999999633641,0
2,2,idle,335,0.0015419999999721767,0
2,2,idle,336,0.00204200000007404,0
2,2,idle,337,0.0015000000003055902,0
2,2,idle,338,0.001959000000169908,0
2,2,idle,339,0.0014590000000680448,0
2,2,idle,340,0.0015830000002097222,0
2,2,idle,341,0.0014999999993960955,0
2,2,idle,342,0.0019159999992552912,0
2,2,idle,343,0.001999999999497959,0
2,2,idle,344,0.0016249999998763087,0
2,2,idle,345,0.0014169999994919635,0
2,2,idle,346,0.001540999999633641,0
2,2,idle,347,0.0018749999999272404,0
2,2,idle,348,0.001750000000356522,0
2,2,idle,349,0.0015830000002097222,0
2,2,idle,350,0.0016669999995428952,0
2,2,idle,351,0.0015000000003055902,0
2,2,idle,352,0.0018749999999272404,0
2,2,idle,353,0.0015000000003055902,0
2,2,idle,354,0.0015419999999721767,0
2,2,idle,355,0.0014999999993960955,0
2,2,idle,356,0.0015000000003055902,0
2,2,idle,357,0.001833000000260654,0
2,2,idle,358,0.00166700000045239,0
2,2,idle,359,0.0015419999999721767,0
2,2,idle,360,0.0015830000002097222,0
2,2,idle,361,0.0015419999999721767,0
2,2,idle,362,0.001540999999633641,0
2,2,idle,363,0.001833000000260654,0
2,2,idle,364,0.0025829999995039543,0
2,2,idle,365,0.001457999999729509,0
2,2,idle,366,0.0015830000002097222,0
2,2,idle,367,0.001457999999729509,0
2,2,idle,368,0.0019579999998313724,0
2,2,idle,369,0.0015410000005431357,0
2,2,idle,370,0.0016669999995428952,0
2,2,idle,371,0.001584000000548258,0
2,2,idle,372,0.0015419999999721767,0
2,2,idle,373,0.0019579999998313724,0
2,2,idle,374,0.0021660000002157176,0
2,2,idle,375,0.0014580000006390037,0
2,2,idle,376,0.0015830000002097222,0
2,2,idle,377,0.001457999999729509,0
2,2,idle,378,0.0015419999999721767,0
2,2,idle,379,0.0018749999999272404,0
2,2,idle,380,0.0015419999999721767,0
2,2,idle,381,0.0015419999999721767,0
2,2,idle,382,0.0016249999998763087,0
2,2,idle,383,0.0015000000003055902,0
2,2,idle,384,0.0021670000005542533,0
2,2,idle,385,0.0016660000001138542,0
2,2,idle,386,0.0015830000002097222,0
2,2,idle,387,0.0015000000003055902,0
2,2,idle,388,0.0015000000003055902,0
2,2,idle,389,0.0017920000000231084,0
2,2,idle,390,0.0014170000004014582,0
2,2,idle,391,0.0014999999993960955,0
2,2,idle,392,0.001457999999729509,0
2,2,idle,393,0.001457999999729509,0
2,2,idle,394,0.001833000000260654,0
2,2,idle,395,0.0015000000003055902,0
2,2,idle,396,0.0015830000002097222,0
2,2,idle,397,0.0015419999999721767,0
2,2,idle,398,0.002292000000124972,0
2,2,idle,399,0.002207999999882304,0
2,2,idle,400,0.002375000000029104,0
2,2,idle,401,0.001457999999729509,0
2,2,idle,402,0.0014999999993960955,0
2,2,idle,403,0.0014999999993960955,0
2,2,idle,404,0.0014590000000680448,0
2,2,idle,405,0.001916999999593827,0
2,2,idle,406,0.0018749999999272404,0
2,2,idle,407,0.001457999999729509,0
2,2,idle,408,0.0015000000003055902,0
2,2,idle,409,0.0014580000006390037,0
2,2,idle,410,0.0019160000001647859,0
2,2,idle,411,0.0015419999999721767,0
2,2,idle,412,0.0015419999999721767,0
2,2,idle,413,0.0015000000003055902,0
2,2,idle,414,0.0014590000000680448,0
2,2,idle,415,0.002292000000124972,0
2,2,idle,416,0.0015419999999721767,0
2,2,idle,417,0.0018340000005991897,0
2,2,idle,418,0.015499999999519787,0
2,2,idle,419,0.002124999999978172,0
2,2,idle,420,0.0016249999998763087,0
2,2,idle,421,0.0019170000005033216,0
2,2,idle,422,0.0017090000001189765,0
2,2,idle,423,0.0015419999999721767,0
2,2,idle,424,0.0015419999999721767,0
2,2,idle,425,0.0015000000003055902,0
2,2,idle,426,0.0018749999999272404,0
2,2,idle,427,0.0017080000006899354,0
2,2,idle,428,0.0015830000002097222,0
2,2,idle,429,0.001457999999729509,0
2,2,idle,430,0.0017499999994470272,0
2,2,idle,431,0.0031249999992724042,0
2,2,idle,432,0.0015000000003055902,0
2,2,idle,433,0.0015000000003055902,0
2,2,idle,434,0.0016249999998763087,0
2,2,idle,435,0.0015830000002097222,0
2,2,idle,436,0.0020000000004074536,0
2,2,idle,437,0.002417000000605185,0
2,2,idle,438,0.0016660000001138542,0
2,2,idle,439,0.0015000000003055902,0
2,2,idle,440,0.0015410000005431357,0
2,2,idle,441,0.0015419999999721767,0
2,2,idle,442,0.0018749999999272404,0
2,2,idle,443,0.0016249999998763087,0
2,2,idle,444,0.0013750000007348717,0
2,2,idle,445,0.0015410000005431357,0
2,2,idle,446,0.0015830000002097222,0
2,2,idle,447,0.0019579999998313724,0
2,2,idle,448,0.0015000000003055902,0
2,2,idle,449,0.001457999999729509,0
2,2,idle,450,0.001833000000260654,0
2,2,idle,451,0.0015000000003055902,0
2,2,idle,452,0.0017919999991136137,0
2,2,idle,453,0.001457999999729509,0
2,2,idle,454,0.0016249999998763087,0
2,2,idle,455,0.0014999999993960955,0
2,2,idle,456,0.0016249999998763087,0
2,2,idle,457,0.001750000000356522,0
2,2,idle,458,0.0015419999999721767,0
2,2,idle,459,0.0015419999999721767,0
2,2,idle,460,0.0014580000006390037,0
2,2,idle,461,0.001457999999729509,0
2,2,idle,462,0.002207999999882304,0
2,2,idle,463,0.0019579999998313724,0
2,2,idle,464,0.0017499999994470272,0
2,2,idle,465,0.0015839999996387633,0
2,2,idle,466,0.002292000000124972,0
2,2,idle,467,0.0015830000002097222,0
2,2,idle,468,0.0019159999992552912,0
2,2,idle,469,0.0021669999996447586,0
2,2,idle,470,0.001457999999729509,0
2,2,idle,471,0.0015419999999721767,0
2,2,idle,472,0.0014169999994919635,0
2,2,idle,473,0.0019159999992552912,0
2,2,idle,474,0.0016660000001138542,0
2,2,idle,475,0.0014170000004014582,0
2,2,idle,476,0.0015839999996387633,0
2,2,idle,477,0.0014169999994919635,0
2,2,idle,478,0.0017909999996845727,0
2,2,idle,479,0.001958000000740867,0
2,2,idle,480,0.001833000000260654,0
2,2,idle,481,0.0015830000002097222,0
2,2,idle,482,0.0017909999996845727,0
2,2,idle,483,0.0017920000000231084,0
2,2,idle,484,0.002292000000124972,0
2,2,idle,485,0.0014160000000629225,0
2,2,idle,486,0.0015420000008816714,0
2,2,idle,487,0.0020000000004074536,0
2,2,idle,488,0.0015000000003055902,0
2,2,idle,489,0.001958000000740867,0
2,2,idle,490,0.0016669999995428952,0
2,2,idle,491,0.001584000000548258,0
2,2,idle,492,0.0015419999999721767,0
2,2,idle,493,0.001457999999729509,0
2,2,idle,494,0.001959000000169908,0
2,2,idle,495,0.0015419999999721767,0
2,2,idle,496,0.001457999999729509,0
2,2,idle,497,0.0014999999993960955,0
2,2,idle,498,0.0014590000000680448,0
2,2,idle,499,0.001457999999729509,0
2,2,idle,500,0.002540999999837368,0
2,2,idle,501,0.0015419999999721767,0
2,2,idle,502,0.0014590000000680448,0
2,2,idle,503,0.0014590000000680448,0
2,2,idle,504,0.0014590000000680448,0
2,2,idle,505,0.001916999999593827,0
2,2,idle,506,0.0015419999999721767,0
2,2,idle,507,0.0015410000005431357,0
2,2,idle,508,0.001457999999729509,0
2,2,idle,509,0.0017090000001189765,0
2,2,idle,510,0.0018340000005991897,0
2,2,idle,511,0.0018340000005991897,0
2,2,idle,512,0.001999999999497959,0
2,2,idle,513,0.0015000000003055902,0
2,2,idle,514,0.0015410000005431357,0
2,2,idle,515,0.001833000000260654,0
2,2,idle,516,0.0014170000004014582,0
2,2,idle,517,0.001833999999689695,0
2,2,idle,518,0.001457999999729509,0
2,2,idle,519,0.0014999999993960955,0
2,2,idle,520,0.001540999999633641,0
2,2,idle,521,0.0018749999999272404,0
2,2,idle,522,0.0015419999999721767,0
2,2,idle,523,0.001457999999729509,0
2,2,idle,524,0.002082999999402091,0
2,2,idle,525,0.0014999999993960955,0
2,2,idle,526,0.0018340000005991897,0
2,2,idle,527,0.0014170000004014582,0
2,2,idle,528,0.0015410000005431357,0
2,2,idle,529,0.001457999999729509,0
2,2,idle,530,0.0014169999994919635,0
2,2,idle,531,0.0017920000000231084,0
2,2,idle,532,0.0021670000005542533,0
2,2,idle,533,0.001457999999729509,0
2,2,idle,534,0.001457999999729509,0
2,2,idle,535,0.001457999999729509,0
2,2,idle,536,0.001833000000260654,0
2,2,idle,537,0.0014580000006390037,0
2,2,idle,538,0.001457999999729509,0
2,2,idle,539,0.0014999999993960955,0
2,2,idle,540,0.0014590000000680448,0
2,2,idle,541,0.0014590000000680448,0
2,2,idle,542,0.0017920000000231084,0
2,2,idle,543,0.0015420000008816714,0
2,2,idle,544,0.001457999999729509,0
2,2,idle,545,0.001457999999729509,0
2,2,idle,546,0.0015000000003055902,0
2,2,idle,547,0.0020839999997406267,0
2,2,idle,548,0.0015419999999721767,0
2,2,idle,549,0.0020000000004074536,0
2,2,idle,550,0.0015829999993002275,0
2,2,idle,551,0.0017920000000231084,0
2,2,idle,552,0.001916999999593827,0
2,2,idle,553,0.0014580000006390037,0
2,2,idle,554,0.0015830000002097222,0
2,2,idle,555,0.001457999999729509,0
2,2,idle,556,0.0023329999994530226,0
2,2,idle,557,0.0018749999999272404,0
2,2,idle,558,0.001374999999825377,0
2,2,idle,559,0.0015000000003055902,0
2,2,idle,560,0.0015000000003055902,0
2,2,idle,561,0.0015000000003055902,0
2,2,idle,562,0.001457999999729509,0
2,2,idle,563,0.002334000000701053,0
2,2,idle,564,0.0017920000000231084,0
2,2,idle,565,0.0014170000004014582,0
2,2,idle,566,0.0015000000003055902,0
2,2,idle,567,0.001833999999689695,0
2,2,idle,568,0.001833999999689695,0
2,2,idle,569,0.0015419999999721767,0
2,2,idle,570,0.0015000000003055902,0
2,2,idle,571,0.0015000000003055902,0
2,2,idle,572,0.0015000000003055902,0
2,2,idle,573,0.0017919999991136137,0
2,2,idle,574,0.001457999999729509,0
2,2,idle,575,0.0014999999993960955,0
2,2,idle,576,0.0015000000003055902,0
2,2,idle,577,0.0014170000004014582,0
2,2,idle,578,0.0015419999999721767,0
2,2,idle,579,0.0018749999999272404,0
2,2,idle,580,0.0014170000004014582,0
2,2,idle,581,0.0015410000005431357,0
2,2,idle,582,0.0014170000004014582,0
2,2,idle,583,0.001457999999729509,0
2,2,idle,584,0.002208000000791799,0
2,2,idle,585,0.0015830000002097222,0
2,2,idle,586,0.0021670000005542533,0
2,2,idle,587,0.0015419999999721767,0
2,2,idle,588,0.0015829999993002275,0
2,2,idle,589,0.001833000000260654,0
2,2,idle,590,0.001540999999633641,0
2,2,idle,591,0.001457999999729509,0
2,2,idle,592,0.0014580000006390037,0
2,2,idle,593,0.0015830000002097222,0
2,2,idle,594,0.0018749999999272404,0
2,2,idle,595,0.002082999999402091,0
2,2,idle,596,0.0014999999993960955,0
2,2,idle,597,0.0015419999999721767,0
2,2,idle,598,0.0015410000005431357,0
2,2,idle,599,0.001457999999729509,0
2,2,idle,600,0.0025420000001759036,0
2,2,idle,601,0.0015419999999721767,0
2,2,idle,602,0.001540999999633641,0
2,2,idle,603,0.0014999999993960955,0
2,2,idle,604,0.001457999999729509,0
2,2,idle,605,0.0017910000005940674,0
2,2,idle,606,0.0014160000000629225,0
2,2,idle,607,0.001457999999729509,0
2,2,idle,608,0.0014999999993960955,0
2,2,idle,609,0.0015419999999721767,0
2,2,idle,610,0.0020000000004074536,0
2,2,idle,611,0.001457999999729509,0
2,2,idle,612,0.0015410000005431357,0
2,2,idle,613,0.0015000000003055902,0
2,2,idle,614,0.0014160000000629225,0
2,2,idle,615,0.001833000000260654,0
2,2,idle,616,0.0017909999996845727,0
2,2,idle,617,0.0015830000002097222,0
2,2,idle,618,0.0018749999999272404,0
2,2,idle,619,0.001457999999729509,0
2,2,idle,620,0.001540999999633641,0
2,2,idle,621,0.0017920000000231084,0
2,2,idle,622,0.0020830000003115856,0
2,2,idle,623,0.0015420000008816714,0
2,2,idle,624,0.0015000000003055902,0
2,2,idle,625,0.0015830000002097222,0
2,2,idle,626,0.0022499999995488906,0
2,2,idle,627,0.0015419999999721767,0
2,2,idle,628,0.0015419999999721767,0
2,2,idle,629,0.001540999999633641,0
2,2,idle,630,0.0014160000000629225,0
2,2,idle,631,0.0018749999999272404,0
2,2,idle,632,0.0015000000003055902,0
2,2,idle,633,0.0014580000006390037,0
2,2,idle,634,0.0014580000006390037,0
2,2,idle,635,0.0014590000000680448,0
2,2,idle,636,0.0018340000005991897,0
2,2,idle,637,0.0015419999999721767,0
2,2,idle,638,0.00145899999915855,0
2,2,idle,639,0.0014590000000680448,0
2,2,idle,640,0.0015839999996387633,0
2,2,idle,641,0.0015000000003055902,0
2,2,idle,642,0.0019160000001647859,0
2,2,idle,643,0.0014999999993960955,0
2,2,idle,644,0.001584000000548258,0
2,2,idle,645,0.0022500000004583853,0
2,2,idle,646,0.001457999999729509,0
2,2,idle,647,0.0019170000005033216,0
2,2,idle,648,0.0023330000003625173,0
2,2,idle,649,0.002124999999978172,0
2,2,idle,650,0.00204200000007404,0
2,2,idle,651,0.0019589999992604135,0
2,2,idle,652,0.0020840000006501214,0
2,2,idle,653,0.0014590000000680448,0
2,2,idle,654,0.0015419999999721767,0
2,2,idle,655,0.0015000000003055902,0
2,2,idle,656,0.0014580000006390037,0
2,2,idle,657,0.0020000000004074536,0
2,2,idle,658,0.0020840000006501214,0
2,2,idle,659,0.001584000000548258,0
2,2,idle,660,0.0015830000002097222,0
2,2,idle,661,0.0015000000003055902,0
2,2,idle,662,0.0015839999996387633,0
2,2,idle,663,0.001959000000169908,0
2,2,idle,664,0.0015830000002097222,0
2,2,idle,665,0.0015000000003055902,0
2,2,idle,666,0.0015419999999721767,0
2,2,idle,667,0.0015000000003055902,0
2,2,idle,668,0.0019579999998313724,0
2,2,idle,669,0.001457999999729509,0
2,2,idle,670,0.0014159999991534278,0
2,2,idle,671,0.0014580000006390037,0
2,2,idle,672,0.0015000000003055902,0
2,2,idle,673,0.001916999999593827,0
2,2,idle,674,0.0014999999993960955,0
2,2,idle,675,0.0015419999999721767,0
2,2,idle,676,0.0015419999999721767,0
2,2,idle,677,0.0015000000003055902,0
2,2,idle,678,0.001584000000548258,0
2,2,idle,679,0.0018749999999272404,0
2,2,idle,680,0.0016249999998763087,0
2,2,idle,681,0.0014170000004014582,0
2,2,idle,682,0.0015410000005431357,0
2,2,idle,683,0.001916999999593827,0
2,2,idle,684,0.0019170000005033216,0
2,2,idle,685,0.001833999999689695,0
2,2,idle,686,0.0014999999993960955,0
2,2,idle,687,0.0016249999998763087,0
2,2,idle,688,0.0014590000000680448,0
2,2,idle,689,0.002375000000029104,0
2,2,idle,690,0.0024169999996956903,0
2,2,idle,691,0.0015000000003055902,0
2,2,idle,692,0.0014999999993960955,0
2,2,idle,693,0.0014169999994919635,0
2,2,idle,694,0.0017909999996845727,0
2,2,idle,695,0.0014999999993960955,0
2,2,idle,696,0.001457999999729509,0
2,2,idle,697,0.0014580000006390037,0
2,2,idle,698,0.0015000000003055902,0
2,2,idle,699,0.0014170000004014582,0
2,2,idle,700,0.001833000000260654,0
2,2,idle,701,0.0015000000003055902,0
2,2,idle,702,0.0014999999993960955,0
2,2,idle,703,0.001457999999729509,0
2,2,idle,704,0.0015000000003055902,0
2,2,idle,705,0.001833000000260654,0
2,2,idle,706,0.001540999999633641,0
2,2,idle,707,0.0014170000004014582,0
2,2,idle,708,0.0014999999993960955,0
2,2,idle,709,0.001457999999729509,0
2,2,idle,710,0.0023330000003625173,0
2,2,idle,711,0.0017079999997804407,0
2,2,idle,712,0.0015000000003055902,0
2,2,idle,713,0.001457999999729509,0
2,2,idle,714,0.0014999999993960955,0
2,2,idle,715,0.001750000000356522,0
2,2,idle,716,0.001457999999729509,0
2,2,idle,717,0.0014160000000629225,0
2,2,idle,718,0.0017920000000231084,0
2,2,idle,719,0.0015000000003055902,0
2,2,idle,720,0.0015830000002097222,0
2,2,idle,721,0.002375000000029104,0
2,2,idle,722,0.0015000000003055902,0
2,2,idle,723,0.0015000000003055902,0
2,2,idle,724,0.0014169999994919635,0
2,2,idle,725,0.0014590000000680448,0
2,2,idle,726,0.0018749999999272404,0
2,2,idle,727,0.0016249999998763087,0
2,2,idle,728,0.001540999999633641,0
2,2,idle,729,0.0022499999995488906,0
2,2,idle,730,0.0014580000006390037,0
2,2,idle,731,0.003040999999939231,0
2,2,idle,732,0.0014999999993960955,0
2,2,idle,733,0.0018749999999272404,0
2,2,idle,734,0.001916999999593827,0
2,2,idle,735,0.0016659999992043595,0
2,2,idle,736,0.001833000000260654,0
2,2,idle,737,0.0014160000000629225,0
2,2,idle,738,0.0020830000003115856,0
2,2,idle,739,0.001457999999729509,0
2,2,idle,740,0.001540999999633641,0
2,2,idle,741,0.0014170000004014582,0
2,2,idle,742,0.0018749999999272404,0
2,2,idle,743,0.0015000000003055902,0
2,2,idle,744,0.0016249999998763087,0
2,2,idle,745,0.0014170000004014582,0
2,2,idle,746,0.0015000000003055902,0
2,2,idle,747,0.001833000000260654,0
2,2,idle,748,0.0015000000003055902,0
2,2,idle,749,0.00145899999915855,0
2,2,idle,750,0.0020000000004074536,0
2,2,idle,751,0.0015000000003055902,0
2,2,idle,752,0.0024160000002666493,0
2,2,idle,753,0.002082999999402091,0
2,2,idle,754,0.0014160000000629225,0
2,2,idle,755,0.001457999999729509,0
2,2,idle,756,0.001457999999729509,0
2,2,idle,757,0.0017499999994470272,0
2,2,idle,758,0.0014580000006390037,0
2,2,idle,759,0.001457999999729509,0
2,2,idle,760,0.0015419999999721767,0
2,2,idle,761,0.0016250000007858034,0
2,2,idle,762,0.0014170000004014582,0
2,2,idle,763,0.001750000000356522,0
2,2,idle,764,0.0017079999997804407,0
2,2,idle,765,0.0015830000002097222,0
2,2,idle,766,0.0015000000003055902,0
2,2,idle,767,0.001540999999633641,0
2,2,idle,768,0.0018329999993511592,0
2,2,idle,769,0.0015419999999721767,0
2,2,idle,770,0.0015839999996387633,0
2,2,idle,771,0.0014169999994919635,0
2,2,idle,772,0.002124999999978172,0
2,2,idle,773,0.0017920000000231084,0
2,2,idle,774,0.0015000000003055902,0
2,2,idle,775,0.0016660000001138542,0
2,2,idle,776,0.001457999999729509,0
2,2,idle,777,0.0015000000003055902,0
2,2,idle,778,0.0014590000000680448,0
2,2,idle,779,0.0026250000000800355,0
2,2,idle,780,0.0015000000003055902,0
2,2,idle,781,0.0015000000003055902,0
2,2,idle,782,0.0014580000006390037,0
2,2,idle,783,0.001457999999729509,0
2,2,idle,784,0.0024169999996956903,0
2,2,idle,785,0.001833000000260654,0
2,2,idle,786,0.001457999999729509,0
2,2,idle,787,0.0014160000000629225,0
2,2,idle,788,0.001457999999729509,0
2,2,idle,789,0.0018329999993511592,0
2,2,idle,790,0.0014590000000680448,0
2,2,idle,791,0.0014170000004014582,0
2,2,idle,792,0.0015000000003055902,0
2,2,idle,793,0.0014590000000680448,0
2,2,idle,794,0.001959000000169908,0
2,2,idle,795,0.0014169999994919635,0
2,2,idle,796,0.0016250000007858034,0
2,2,idle,797,0.0016249999998763087,0
2,2,idle,798,0.0016249999998763087,0
2,2,idle,799,0.0015000000003055902,0
2,2,idle,800,0.0019159999992552912,0
2,2,idle,801,0.0014169999994919635,0
2,2,idle,802,0.0014170000004014582,0
2,2,idle,803,0.0014999999993960955,0
2,2,idle,804,0.001457999999729509,0
2,2,idle,805,0.0016249999998763087,0
2,2,idle,806,0.0016249999998763087,0
2,2,idle,807,0.0015000000003055902,0
2,2,idle,808,0.0014590000000680448,0
2,2,idle,809,0.0014999999993960955,0
2,2,idle,810,0.0019579999998313724,0
2,2,idle,811,0.001457999999729509,0
2,2,idle,812,0.0014999999993960955,0
2,2,idle,813,0.001374999999825377,0
2,2,idle,814,0.001374999999825377,0
2,2,idle,815,0.002583000000413449,0
2,2,idle,816,0.0015419999999721767,0
2,2,idle,817,0.0017920000000231084,0
2,2,idle,818,0.0017910000005940674,0
2,2,idle,819,0.001750000000356522,0
2,2,idle,820,0.001457999999729509,0
2,2,idle,821,0.001999999999497959,0
2,2,idle,822,0.0015000000003055902,0
2,2,idle,823,0.001457999999729509,0
2,2,idle,824,0.0016250000007858034,0
2,2,idle,825,0.001457999999729509,0
2,2,idle,826,0.0017499999994470272,0
2,2,idle,827,0.0014590000000680448,0
2,2,idle,828,0.0014169999994919635,0
2,2,idle,829,0.001457999999729509,0
2,2,idle,830,0.001374999999825377,0
2,2,idle,831,0.0018749999999272404,0
2,2,idle,832,0.0016249999998763087,0
2,2,idle,833,0.0014580000006390037,0
2,2,idle,834,0.0019579999998313724,0
2,2,idle,835,0.0016250000007858034,0
2,2,idle,836,0.0017909999996845727,0
2,2,idle,837,0.0015000000003055902,0
2,2,idle,838,0.001584000000548258,0
2,2,idle,839,0.0014590000000680448,0
2,2,idle,840,0.0015000000003055902,0
2,2,idle,841,0.0014580000006390037,0
2,2,idle,842,0.0017920000000231084,0
2,2,idle,843,0.0015000000003055902,0
2,2,idle,844,0.001457999999729509,0
2,2,idle,845,0.0018749999999272404,0
2,2,idle,846,0.00145899999915855,0
2,2,idle,847,0.002541999999266409,0
2,2,idle,848,0.0015419999999721767,0
2,2,idle,849,0.001457999999729509,0
2,2,idle,850,0.0015000000003055902,0
2,2,idle,851,0.0014169999994919635,0
2,2,idle,852,0.002124999999978172,0
2,2,idle,853,0.001374999999825377,0
2,2,idle,854,0.0015000000003055902,0
2,2,idle,855,0.0014590000000680448,0
2,2,idle,856,0.0014590000000680448,0
2,2,idle,857,0.001833999999689695,0
2,2,idle,858,0.0014590000000680448,0
2,2,idle,859,0.0014999999993960955,0
2,2,idle,860,0.0014169999994919635,0
2,2,idle,861,0.0014590000000680448,0
2,2,idle,862,0.0014169999994919635,0
2,2,idle,863,0.0017090000001189765,0
2,2,idle,864,0.0014169999994919635,0
2,2,idle,865,0.001540999999633641,0
2,2,idle,866,0.0014169999994919635,0
2,2,idle,867,0.0014170000004014582,0
2,2,idle,868,0.0017920000000231084,0
2,2,idle,869,0.0023330000003625173,0
2,2,idle,870,0.001457999999729509,0
2,2,idle,871,0.0015000000003055902,0
2,2,idle,872,0.0014580000006390037,0
2,2,idle,873,0.0019579999998313724,0
2,2,idle,874,0.001457999999729509,0
2,2,idle,875,0.0014170000004014582,0
2,2,idle,876,0.0014590000000680448,0
2,2,idle,877,0.001457999999729509,0
2,2,idle,878,0.0019579999998313724,0
2,2,idle,879,0.0020409999997355044,0
2,2,idle,880,0.001833000000260654,0
2,2,idle,881,0.0015410000005431357,0
2,2,idle,882,0.0015000000003055902,0
2,2,idle,883,0.001374999999825377,0
2,2,idle,884,0.002124999999978172,0
2,2,idle,885,0.0015419999999721767,0
2,2,idle,886,0.002124999999978172,0
2,2,idle,887,0.0016249999998763087,0
2,2,idle,888,0.0016249999998763087,0
2,2,idle,889,0.0017909999996845727,0
2,2,idle,890,0.001457999999729509,0
2,2,idle,891,0.0014160000000629225,0
2,2,idle,892,0.0014169999994919635,0
2,2,idle,893,0.0015419999999721767,0
2,2,idle,894,0.001750000000356522,0
2,2,idle,895,0.001457999999729509,0
2,2,idle,896,0.0019579999998313724,0
2,2,idle,897,0.0014160000000629225,0
2,2,idle,898,0.0015000000003055902,0
2,2,idle,899,0.001457999999729509,0
2,2,idle,900,0.0017090000001189765,0
2,2,idle,901,0.0015839999996387633,0
2,2,idle,902,0.0017920000000231084,0
2,2,idle,903,0.0014160000000629225,0
2,2,idle,904,0.0015000000003055902,0
2,2,idle,905,0.0017919999991136137,0
2,2,idle,906,0.0014590000000680448,0
2,2,idle,907,0.001584000000548258,0
2,2,idle,908,0.0015000000003055902,0
2,2,idle,909,0.0014160000000629225,0
2,2,idle,910,0.0023330000003625173,0
2,2,idle,911,0.0016660000001138542,0
2,2,idle,912,0.0014999999993960955,0
2,2,idle,913,0.0021670000005542533,0
2,2,idle,914,0.001457999999729509,0
2,2,idle,915,0.001833000000260654,0
2,2,idle,916,0.0014590000000680448,0
2,2,idle,917,0.0014590000000680448,0
2,2,idle,918,0.0015000000003055902,0
2,2,idle,919,0.0018749999999272404,0
2,2,idle,920,0.0015419999999721767,0
2,2,idle,921,0.0017909999996845727,0
2,2,idle,922,0.0015000000003055902,0
2,2,idle,923,0.0014160000000629225,0
2,2,idle,924,0.0015419999999721767,0
2,2,idle,925,0.0015000000003055902,0
2,2,idle,926,0.0017920000000231084,0
2,2,idle,927,0.0014590000000680448,0
2,2,idle,928,0.0015000000003055902,0
2,2,idle,929,0.001457999999729509,0
2,2,idle,930,0.001457999999729509,0
2,2,idle,931,0.0017499999994470272,0
2,2,idle,932,0.0014580000006390037,0
2,2,idle,933,0.0015419999999721767,0
2,2,idle,934,0.0014999999993960955,0
2,2,idle,935,0.0014999999993960955,0
2,2,idle,936,0.0018749999999272404,0
2,2,idle,937,0.0015419999999721767,0
2,2,idle,938,0.0016249999998763087,0
2,2,idle,939,0.0014590000000680448,0
2,2,idle,940,0.0014999999993960955,0
2,2,idle,941,0.0018749999999272404,0
2,2,idle,942,0.0018749999999272404,0
2,2,idle,943,0.001374999999825377,0
2,2,idle,944,0.001457999999729509,0
2,2,idle,945,0.0014580000006390037,0
2,2,idle,946,0.0015830000002097222,0
2,2,idle,947,0.0019579999998313724,0
2,2,idle,948,0.001457999999729509,0
2,2,idle,949,0.0014580000006390037,0
2,2,idle,950,0.0014590000000680448,0
2,2,idle,951,0.0018340000005991897,0
2,2,idle,952,0.0020830000003115856,0
2,2,idle,953,0.0014160000000629225,0
2,2,idle,954,0.0014999999993960955,0
2,2,idle,955,0.001540999999633641,0
2,2,idle,956,0.0014170000004014582,0
2,2,idle,957,0.0020839999997406267,0
2,2,idle,958,0.0027920000002268353,0
2,2,idle,959,0.0015830000002097222,0
2,2,idle,960,0.001457999999729509,0
2,2,idle,961,0.0014999999993960955,0
2,2,idle,962,0.0015000000003055902,0
2,2,idle,963,0.001750000000356522,0
2,2,idle,964,0.0016660000001138542,0
2,2,idle,965,0.001833000000260654,0
2,2,idle,966,0.0014580000006390037,0
2,2,idle,967,0.0014580000006390037,0
2,2,idle,968,0.0019160000001647859,0
2,2,idle,969,0.0015000000003055902,0
2,2,idle,970,0.0014160000000629225,0
2,2,idle,971,0.0015829999993002275,0
2,2,idle,972,0.0014999999993960955,0
2,2,idle,973,0.0024159999993571546,0
2,2,idle,974,0.0015830000002097222,0
2,2,idle,975,0.001457999999729509,0
2,2,idle,976,0.0015000000003055902,0
2,2,idle,977,0.0015000000003055902,0
2,2,idle,978,0.0015000000003055902,0
2,2,idle,979,0.0019160000001647859,0
2,2,idle,980,0.001833000000260654,0
2,2,idle,981,0.0015000000003055902,0
2,2,idle,982,0.001916999999593827,0
2,2,idle,983,0.0015000000003055902,0
2,2,idle,984,0.001916999999593827,0
2,2,idle,985,0.0017909999996845727,0
2,2,idle,986,0.0018749999999272404,0
2,2,idle,987,0.0014170000004014582,0
2,2,idle,988,0.0015410000005431357,0
2,2,idle,989,0.0017920000000231084,0
2,2,idle,990,0.0016249999998763087,0
2,2,idle,991,0.0014170000004014582,0
2,2,idle,992,0.0014169999994919635,0
2,2,idle,993,0.0013750000007348717,0
2,2,idle,994,0.001750000000356522,0
2,2,idle,995,0.0015419999999721767,0
2,2,idle,996,0.001540999999633641,0
2,2,idle,997,0.0015000000003055902,0
2,2,idle,998,0.001374999999825377,0
2,2,idle,999,0.0014580000006390037,0
2,2,event,0,0.03316599999925529,2
2,2,event,1,0.0046249999995779945,0
2,2,event,2,0.0033750000002328306,0
2,2,event,3,0.002666999999746622,0
2,2,event,4,0.002457999999933236,0
2,2,event,5,0.0024160000002666493,0
2,2,event,6,0.0026250000000800355,0
2,2,event,7,0.0031660000004194444,0
2,2,event,8,0.003958000000238826,0
2,2,event,9,0.0026250000000800355,0
2,2,event,10,0.0024590000002717716,0
2,2,event,11,0.0024590000002717716,0
2,2,event,12,0.0028750000001309672,0
2,2,event,13,0.0025829999995039543,0
2,2,event,14,0.002417000000605185,0
2,2,event,15,0.002374999999119609,0
2,2,event,16,0.0025829999995039543,0
2,2,event,17,0.002666999999746622,0
2,2,event,18,0.0034589999995660037,0
2,2,event,19,0.002375000000029104,0
2,2,event,20,0.002583000000413449,0
2,2,event,21,0.0026670000006561168,0
2,2,event,22,0.0025420000001759036,0
2,2,event,23,0.0029160000003685127,0
2,2,event,24,0.002540999999837368,0
2,2,event,25,0.002457999999933236,0
2,2,event,26,0.002457999999933236,0
2,2,event,27,0.0024159999993571546,0
2,2,event,28,0.0031249999992724042,0
2,2,event,29,0.0026250000000800355,0
2,2,event,30,0.004625000000487489,0
2,2,event,31,0.002500000000509317,0
2,2,event,32,0.0024160000002666493,0
2,2,event,33,0.0029169999997975538,0
2,2,event,34,0.0024169999996956903,0
2,2,event,35,0.0024999999995998223,0
2,2,event,36,0.0024169999996956903,0
2,2,event,37,0.0024999999995998223,0
2,2,event,38,0.0024590000002717716,0
2,2,event,39,0.003042000000277767,0
2,2,event,40,0.002583000000413449,0
2,2,event,41,0.0024160000002666493,0
2,2,event,42,0.0035420000003796304,0
2,2,event,43,0.0032499999997526174,0
2,2,event,44,0.0028330000004643807,0
2,2,event,45,0.002666999999746622,0
2,2,event,46,0.0024590000002717716,0
2,2,event,47,0.0024999999995998223,0
2,2,event,48,0.0025420000001759036,0
2,2,event,49,0.0029999999997016857,0
2,2,event,50,0.0027079999999841675,0
2,2,event,51,0.0030829999996058177,0
2,2,event,52,0.0025420000001759036,0
2,2,event,53,0.004167000000052212,0
2,2,event,54,0.0028750000001309672,0
2,2,event,55,0.002666999999746622,0
2,2,event,56,0.002749999999650754,0
2,2,event,57,0.0025420000001759036,0
2,2,event,58,0.0024590000002717716,0
2,2,event,59,0.0025420000001759036,0
2,2,event,60,0.025040999999873748,2
2,2,event,61,0.003958000000238826,0
2,2,event,62,0.0037089999996169354,0
2,2,event,63,0.0027090000003227033,0
2,2,event,64,0.0035420000003796304,0
2,2,event,65,0.002375000000029104,0
2,2,event,66,0.002375000000029104,0
2,2,event,67,0.002375000000029104,0
2,2,event,68,0.002457999999933236,0
2,2,event,69,0.0031660000004194444,0
2,2,event,70,0.0023330000003625173,0
2,2,event,71,0.0025410000007468625,0
2,2,event,72,0.0024169999996956903,0
2,2,event,73,0.00258399999984249,0
2,2,event,74,0.0027920000002268353,0
2,2,event,75,0.0024160000002666493,0
2,2,event,76,0.0037080000001878943,0
2,2,event,77,0.002417000000605185,0
2,2,event,78,0.002292000000124972,0
2,2,event,79,0.002959000000373635,0
2,2,event,80,0.002458999999362277,0
2,2,event,81,0.002666999999746622,0
2,2,event,82,0.002749999999650754,0
2,2,event,83,0.002666999999746622,0
2,2,event,84,0.0026250000000800355,0
2,2,event,85,0.0039999999999054126,0
2,2,event,86,0.002375000000029104,0
2,2,event,87,0.002666999999746622,0
2,2,event,88,0.0024160000002666493,0
2,2,event,89,0.002457999999933236,0
2,2,event,90,0.0027920000002268353,0
2,2,event,91,0.0024590000002717716,0
2,2,event,92,0.002375000000029104,0
2,2,event,93,0.0033750000002328306,0
2,2,event,94,0.003333000000566244,0
2,2,event,95,0.0270410000002812,0
2,2,event,96,0.0027500000005602487,0
2,2,event,97,0.0025420000001759036,0
2,2,event,98,0.002375000000029104,0
2,2,event,99,0.0027090000003227033,0
2,2,event,100,0.0030419999993682723,0
2,2,event,101,0.002624999999170541,0
2,2,event,102,0.0024999999995998223,0
2,2,event,103,0.003499999999803549,0
2,2,event,104,0.06129199999941193,0
2,2,event,105,0.004999999999199645,0
2,2,event,106,0.00537499999973079,0
2,2,event,107,0.0029580000000350992,0
2,2,event,108,0.0027920000002268353,0
2,2,event,109,0.002749999999650754,0
2,2,event,110,0.0024159999993571546,0
2,2,event,111,0.0035419999994701357,0
2,2,event,112,0.002959000000373635,0
2,2,event,113,0.0027089999994132086,0
2,2,event,114,0.0025420000001759036,0
2,2,event,115,0.0027079999999841675,0
2,2,event,116,0.003041000000848726,0
2,2,event,117,0.0028750000001309672,0
2,2,event,118,0.0033750000002328306,0
2,2,event,119,0.0026250000000800355,0
2,2,event,120,0.04108300000007148,2
2,2,event,121,0.004750000000058208,0
2,2,event,122,0.0027079999999841675,0
2,2,event,123,0.002375000000029104,0
2,2,event,124,0.0024999999995998223,0
2,2,event,125,0.006249999999454303,0
2,2,event,126,0.002500000000509317,0
2,2,event,127,0.002666999999746622,0
2,2,event,128,0.003749999999854481,0
2,2,event,129,0.002583000000413449,0
2,2,event,130,0.002583000000413449,0
2,2,event,131,0.003917000000001281,0
2,2,event,132,0.0026250000000800355,0
2,2,event,133,0.003250000000662112,0
2,2,event,134,0.002666000000317581,0
2,2,event,135,0.003917000000001281,0
2,2,event,136,0.0029589999994641403,0
2,2,event,137,0.0033750000002328306,0
2,2,event,138,0.002500000000509317,0
2,2,event,139,0.0024999999995998223,0
2,2,event,140,0.002500000000509317,0
2,2,event,141,0.0030829999996058177,0
2,2,event,142,0.002457999999933236,0
2,2,event,143,0.0029999999997016857,0
2,2,event,144,0.0025829999995039543,0
2,2,event,145,0.002749999999650754,0
2,2,event,146,0.0033750000002328306,0
2,2,event,147,0.0027079999999841675,0
2,2,event,148,0.002500000000509317,0
2,2,event,149,0.002666000000317581,0
2,2,event,150,0.002500000000509317,0
2,2,event,151,0.0033750000002328306,0
2,2,event,152,0.003125000000181899,0
2,2,event,153,0.0026250000000800355,0
2,2,event,154,0.0027079999999841675,0
2,2,event,155,0.0026250000000800355,0
2,2,event,156,0.003584000000046217,0
2,2,event,157,0.0029589999994641403,0
2,2,event,158,0.0024999999995998223,0
2,2,event,159,0.0027079999999841675,0
2,2,event,160,0.0025420000001759036,0
2,2,event,161,0.002666999999746622,0
2,2,event,162,0.0027909999998882995,0
2,2,event,163,0.002457999999933236,0
2,2,event,164,0.0022499999995488906,0
2,2,event,165,0.0037089999996169354,0
2,2,event,166,0.0024590000002717716,0
2,2,event,167,0.0028340000008029165,0
2,2,event,168,0.0025420000001759036,0
2,2,event,169,0.003416000000470376,0
2,2,event,170,0.034042000000226835,0
2,2,event,171,0.005791999999928521,0
2,2,event,172,0.0025420000001759036,0
2,2,event,173,0.0035420000003796304,0
2,2,event,174,0.0031659999995099497,0
2,2,event,175,0.0025829999995039543,0
2,2,event,176,0.002292000000124972,0
2,2,event,177,0.0027090000003227033,0
2,2,event,178,0.0029999999997016857,0
2,2,event,179,0.002583000000413449,0
2,2,event,180,0.04845800000020972,2
2,2,event,181,0.004125000000385626,0
2,2,event,182,0.003333000000566244,0
2,2,event,183,0.0026250000000800355,0
2,2,event,184,0.0027920000002268353,0
2,2,event,185,0.0033329999996567494,0
2,2,event,186,0.0038749999994251993,0
2,2,event,187,0.0031669999998484855,0
2,2,event,188,0.004915999999866472,0
2,2,event,189,0.002583000000413449,0
2,2,event,190,0.0024999999995998223,0
2,2,event,191,0.0027079999999841675,0
2,2,event,192,0.003290999999990163,0
2,2,event,193,0.002666999999746622,0
2,2,event,194,0.002624999999170541,0
2,2,event,195,0.0026250000000800355,0
2,2,event,196,0.00258399999984249,0
2,2,event,197,1.8906669999996666,0
2,2,event,198,0.019290999999611813,0
2,2,event,199,0.003666999999950349,0
2,2,event,200,0.003500000000713044,0
2,2,event,201,0.0030000000006111804,0
2,2,event,202,0.003084000000853848,0
2,2,event,203,0.004167000000052212,0
2,2,event,204,0.0035410000000410946,0
2,2,event,205,0.003499999999803549,0
2,2,event,206,0.0031669999998484855,0
2,2,event,207,0.00616600000012113,0
2,2,event,208,0.004167000000052212,0
2,2,event,209,0.003208999999515072,0
2,2,event,210,0.0029169999997975538,0
2,2,event,211,0.0029999999997016857,0
2,2,event,212,0.002749999999650754,0
2,2,event,213,0.0030000000006111804,0
2,2,event,214,0.002540999999837368,0
2,2,event,215,0.002832999999554886,0
2,2,event,216,0.004625000000487489,0
2,2,event,217,0.002541999999266409,0
2,2,event,218,0.004041000000142958,0
2,2,event,219,0.007332999999562162,0
2,2,event,220,0.0040829999998095445,0
2,2,event,221,0.002583000000413449,0
2,2,event,222,0.0029999999997016857,0
2,2,event,223,0.0027089999994132086,0
2,2,event,224,0.0031669999998484855,0
2,2,event,225,0.0027909999998882995,0
2,2,event,226,0.005917000000408734,0
2,2,event,227,0.0030839999999443535,0
2,2,event,228,0.0024590000002717716,0
2,2,event,229,0.003291999999419204,0
2,2,event,230,0.07958299999972951,0
2,2,event,231,0.003666999999950349,0
2,2,event,232,0.0028750000001309672,0
2,2,event,233,0.0036250000002837623,0
2,2,event,234,0.0033750000002328306,0
2,2,event,235,0.003208999999515072,0
2,2,event,236,0.003125000000181899,0
2,2,event,237,0.003042000000277767,0
2,2,event,238,0.0028750000001309672,0
2,2,event,239,0.0029169999997975538,0
2,2,event,240,0.056999999999789,2
2,2,event,241,0.005250000000160071,0
2,2,event,242,0.0028749999992214725,0
2,2,event,243,0.0028750000001309672,0
2,2,event,244,0.003333999999995285,0
2,2,event,245,0.0025840000007519848,0
2,2,event,246,0.0027920000002268353,0
2,2,event,247,0.0024580000008427305,0
2,2,event,248,0.0029999999997016857,0
2,2,event,249,0.0030839999999443535,0
2,2,event,250,0.00258399999984249,0
2,2,event,251,0.0059169999994992395,0
2,2,event,252,0.0028749999992214725,0
2,2,event,253,0.0026670000006561168,0
2,2,event,254,0.0034580000001369626,0
2,2,event,255,0.002457999999933236,0
2,2,event,256,0.0025829999995039543,0
2,2,event,257,0.002500000000509317,0
2,2,event,258,0.0026250000000800355,0
2,2,event,259,0.0028750000001309672,0
2,2,event,260,0.002500000000509317,0
2,2,event,261,0.002500000000509317,0
2,2,event,262,0.0024169999996956903,0
2,2,event,263,0.002541999999266409,0
2,2,event,264,0.0028339999998934218,0
2,2,event,265,0.003125000000181899,0
2,2,event,266,0.002583000000413449,0
2,2,event,267,0.0028750000001309672,0
2,2,event,268,0.0024169999996956903,0
2,2,event,269,0.0026250000000800355,0
2,2,event,270,0.0029170000007070485,0
2,2,event,271,0.002292000000124972,0
2,2,event,272,0.002457999999933236,0
2,2,event,273,0.002375000000029104,0
2,2,event,274,0.0024590000002717716,0
2,2,event,275,0.0027920000002268353,0
2,2,event,276,0.002375000000029104,0
2,2,event,277,0.002375000000029104,0
2,2,event,278,0.0026250000000800355,0
2,2,event,279,0.002375000000029104,0
2,2,event,280,0.0029999999997016857,0
2,2,event,281,0.002583000000413449,0
2,2,event,282,0.0036250000002837623,0
2,2,event,283,0.0024999999995998223,0
2,2,event,284,0.002417000000605185,0
2,2,event,285,0.0036250000002837623,0
2,2,event,286,0.0033750000002328306,0
2,2,event,287,0.0027079999999841675,0
2,2,event,288,0.0037919999995210674,0
2,2,event,289,0.0024169999996956903,0
2,2,event,290,0.002540999999837368,0
2,2,event,291,0.0029170000007070485,0
2,2,event,292,0.0027920000002268353,0
2,2,event,293,0.0037500000007639755,0
2,2,event,294,0.0025420000001759036,0
2,2,event,295,0.0025410000007468625,0
2,2,event,296,0.003582999999707681,0
2,2,event,297,0.003582999999707681,0
2,2,event,298,0.0029170000007070485,0
2,2,event,299,0.0025420000001759036,0
2,2,event,300,0.024290999999720952,2
2,2,event,301,0.004125000000385626,0
2,2,event,302,0.0029160000003685127,0
2,2,event,303,0.002457999999933236,0
2,2,event,304,0.003666999999950349,0
2,2,event,305,0.0030839999999443535,0
2,2,event,306,17.709375000000364,0
2,2,event,307,0.04066600000078324,0
2,2,event,308,0.0039999999999054126,0
2,2,event,309,0.003416000000470376,0
2,2,event,310,0.004542000000583357,0
2,2,event,311,0.004167000000052212,0
2,2,event,312,0.0027079999999841675,0
2,2,event,313,0.0030830000005153124,0
2,2,event,314,0.009790999999495398,0
2,2,event,315,0.3620419999997466,0
2,2,event,316,0.029958000000078755,0
2,2,event,317,0.0043750000004365575,0
2,2,event,318,0.006416000000172062,0
2,2,event,319,0.0032499999997526174,0
2,2,event,320,0.003040999999939231,0
2,2,event,321,0.0035419999994701357,0
2,2,event,322,0.0035420000003796304,0
2,2,event,323,0.0028749999992214725,0
2,2,event,324,0.0031660000004194444,0
2,2,event,325,0.002749999999650754,0
2,2,event,326,0.003958000000238826,0
2,2,event,327,0.0029999999997016857,0
2,2,event,328,0.002749999999650754,0
2,2,event,329,0.0030419999993682723,0
2,2,event,330,0.003042000000277767,0
2,2,event,331,0.002457999999933236,0
2,2,event,332,0.0034580000001369626,0
2,2,event,333,0.002832999999554886,0
2,2,event,334,0.0027079999999841675,0
2,2,event,335,0.002500000000509317,0
2,2,event,336,0.0027079999999841675,0
2,2,event,337,0.003416999999899417,0
2,2,event,338,0.003208999999515072,0
2,2,event,339,0.0024999999995998223,0
2,2,event,340,0.0027919999993173406,0
2,2,event,341,0.0025420000001759036,0
2,2,event,342,0.0034580000001369626,0
2,2,event,343,0.0024999999995998223,0
2,2,event,344,0.0024169999996956903,0
2,2,event,345,0.005083000000013271,0
2,2,event,346,0.002832999999554886,0
2,2,event,347,0.03191599999991013,0
2,2,event,348,0.010874999999941792,0
2,2,event,349,0.023959000000104425,0
2,2,event,350,0.004708999999820662,0
2,2,event,351,0.0037919999995210674,0
2,2,event,352,0.0029999999997016857,0
2,2,event,353,0.00408400000014808,0
2,2,event,354,0.0029999999997016857,0
2,2,event,355,0.0028330000004643807,0
2,2,event,356,0.0030000000006111804,0
2,2,event,357,0.0026250000000800355,0
2,2,event,358,0.0031249999992724042,0
2,2,event,359,0.002915999999459018,0
2,2,event,360,1.6837079999995694,2
2,2,event,361,0.011041000000659551,0
2,2,event,362,0.004791000000295753,0
2,2,event,363,0.0024999999995998223,0
2,2,event,364,0.0024590000002717716,0
2,2,event,365,0.002334000000701053,0
2,2,event,366,0.0027079999999841675,0
2,2,event,367,0.0029169999997975538,0
2,2,event,368,0.0023339999997915584,0
2,2,event,369,0.002207999999882304,0
2,2,event,370,0.002292000000124972,0
2,2,event,371,0.002082999999402091,0
2,2,event,372,0.002500000000509317,0
2,2,event,373,0.00220900000022084,0
2,2,event,374,0.002375000000029104,0
2,2,event,375,0.0022500000004583853,0
2,2,event,376,0.002124999999978172,0
2,2,event,377,0.00687500000003638,0
2,2,event,378,0.0029999999997016857,0
2,2,event,379,0.0020830000003115856,0
2,2,event,380,0.0021660000002157176,0
2,2,event,381,0.0020000000004074536,0
2,2,event,382,0.00537499999973079,0
2,2,event,383,0.014791999999943073,0
2,2,event,384,0.004791999999724794,0
2,2,event,385,0.0030829999996058177,0
2,2,event,386,0.0023329999994530226,0
2,2,event,387,0.002124999999978172,0
2,2,event,388,0.003749999999854481,0
2,2,event,389,0.0021669999996447586,0
2,2,event,390,0.003582999999707681,0
2,2,event,391,0.0020000000004074536,0
2,2,event,392,0.0020830000003115856,0
2,2,event,393,0.002666999999746622,0
2,2,event,394,0.0021660000002157176,0
2,2,event,395,0.002041000000644999,0
2,2,event,396,0.00204200000007404,0
2,2,event,397,0.0020830000003115856,0
2,2,event,398,0.0020830000003115856,0
2,2,event,399,0.002583000000413449,0
2,2,event,400,0.002124999999978172,0
2,2,event,401,0.0023329999994530226,0
2,2,event,402,0.002207999999882304,0
2,2,event,403,0.002124999999978172,0
2,2,event,404,0.0027090000003227033,0
2,2,event,405,0.00220900000022084,0
2,2,event,406,0.0019170000005033216,0
2,2,event,407,0.001833000000260654,0
2,2,event,408,0.00483299999996234,0
2,2,event,409,0.0024590000002717716,0
2,2,event,410,0.0020000000004074536,0
2,2,event,411,0.003584000000046217,0
2,2,event,412,0.0020419999991645454,0
2,2,event,413,0.0019160000001647859,0
2,2,event,414,0.0026250000000800355,0
2,2,event,415,0.002124999999978172,0
2,2,event,416,0.0019160000001647859,0
2,2,event,417,0.0019160000001647859,0
2,2,event,418,0.0024999999995998223,0
2,2,event,419,0.0020839999997406267,0
2,2,event,420,0.032709000000068045,2
2,2,event,421,0.004667000000154076,0
2,2,event,422,0.0023330000003625173,0
2,2,event,423,0.002375000000029104,0
2,2,event,424,0.002583000000413449,0
2,2,event,425,0.002292000000124972,0
2,2,event,426,0.0020419999991645454,0
2,2,event,427,0.001999999999497959,0
2,2,event,428,0.002082999999402091,0
2,2,event,429,0.00258399999984249,0
2,2,event,430,0.00204200000007404,0
2,2,event,431,0.0018749999999272404,0
2,2,event,432,0.002124999999978172,0
2,2,event,433,0.0019579999998313724,0
2,2,event,434,0.00258399999984249,0
2,2,event,435,0.002124999999978172,0
2,2,event,436,0.0020409999997355044,0
2,2,event,437,0.0020830000003115856,0
2,2,event,438,0.002124999999978172,0
2,2,event,439,0.0026250000000800355,0
2,2,event,440,0.003875000000334694,0
2,2,event,441,0.0020000000004074536,0
2,2,event,442,0.0019160000001647859,0
2,2,event,443,0.001958000000740867,0
2,2,event,444,0.0018749999999272404,0
2,2,event,445,0.0026659999994080863,0
2,2,event,446,0.0020000000004074536,0
2,2,event,447,0.002208999999311345,0
2,2,event,448,0.0019170000005033216,0
2,2,event,449,0.0019589999992604135,0
2,2,event,450,0.003457999999227468,0
2,2,event,451,0.0020830000003115856,0
2,2,event,452,0.0024999999995998223,0
2,2,event,453,0.0019579999998313724,0
2,2,event,454,0.0019579999998313724,0
2,2,event,455,0.0023339999997915584,0
2,2,event,456,0.0020000000004074536,0
2,2,event,457,0.001833000000260654,0
2,2,event,458,0.001959000000169908,0
2,2,event,459,0.00220900000022084,0
2,2,event,460,0.002500000000509317,0
2,2,event,461,0.001916999999593827,0
2,2,event,462,0.0019160000001647859,0
2,2,event,463,0.001833000000260654,0
2,2,event,464,0.0018749999999272404,0
2,2,event,465,0.0019579999998313724,0
2,2,event,466,0.0024580000008427305,0
2,2,event,467,0.001999999999497959,0
2,2,event,468,0.0019170000005033216,0
2,2,event,469,0.001833999999689695,0
2,2,event,470,0.0018749999999272404,0
2,2,event,471,0.003499999999803549,0
2,2,event,472,0.0036250000002837623,0
2,2,event,473,0.001833999999689695,0
2,2,event,474,0.0017920000000231084,0
2,2,event,475,0.0017910000005940674,0
2,2,event,476,0.0024999999995998223,0
2,2,event,477,0.0020840000006501214,0
2,2,event,478,0.0020000000004074536,0
2,2,event,479,0.0019160000001647859,0
2,2,event,480,0.020042000000103144,2
2,2,event,481,0.003291999999419204,0
2,2,event,482,0.002375000000029104,0
2,2,event,483,0.00258399999984249,0
2,2,event,484,0.00204200000007404,0
2,2,event,485,0.003125000000181899,0
2,2,event,486,0.001959000000169908,0
2,2,event,487,0.0019589999992604135,0
2,2,event,488,0.001959000000169908,0
2,2,event,489,0.0018749999999272404,0
2,2,event,490,0.00204200000007404,0
2,2,event,491,0.002375000000029104,0
2,2,event,492,0.0033750000002328306,0
2,2,event,493,0.0017909999996845727,0
2,2,event,494,0.0018329999993511592,0
2,2,event,495,0.001916999999593827,0
2,2,event,496,0.002500000000509317,0
2,2,event,497,0.0017910000005940674,0
2,2,event,498,0.001916999999593827,0
2,2,event,499,0.0019170000005033216,0
2,2,event,500,0.001916999999593827,0
2,2,event,501,0.0026250000000800355,0
2,2,event,502,0.0020000000004074536,0
2,2,event,503,0.003291999999419204,0
2,2,event,504,0.0018340000005991897,0
2,2,event,505,0.001916999999593827,0
2,2,event,506,0.0025420000001759036,0
2,2,event,507,0.001959000000169908,0
2,2,event,508,0.00204200000007404,0
2,2,event,509,0.0018750000008367351,0
2,2,event,510,0.001833000000260654,0
2,2,event,511,0.0019579999998313724,0
2,2,event,512,0.0023330000003625173,0
2,2,event,513,0.002124999999978172,0
2,2,event,514,0.0018749999999272404,0
2,2,event,515,0.0018329999993511592,0
2,2,event,516,0.0018749999999272404,0
2,2,event,517,0.002540999999837368,0
2,2,event,518,0.0027079999999841675,0
2,2,event,519,0.002375000000029104,0
2,2,event,520,0.0019170000005033216,0
2,2,event,521,0.0019579999998313724,0
2,2,event,522,0.0024169999996956903,0
2,2,event,523,0.0020000000004074536,0
2,2,event,524,0.001833999999689695,0
2,2,event,525,0.0018749999999272404,0
2,2,event,526,0.0018749999999272404,0
2,2,event,527,0.0024169999996956903,0
2,2,event,528,0.0018749999999272404,0
2,2,event,529,0.0020000000004074536,0
2,2,event,530,0.0018749999999272404,0
2,2,event,531,0.001833000000260654,0
2,2,event,532,0.002208000000791799,0
2,2,event,533,0.002457999999933236,0
2,2,event,534,0.0034590000004754984,0
2,2,event,535,0.001916999999593827,0
2,2,event,536,0.0019170000005033216,0
2,2,event,537,0.0018749999999272404,0
2,2,event,538,0.002457999999933236,0
2,2,event,539,0.0018749999999272404,0
2,2,event,540,0.015625,2
2,2,event,541,0.0030829999996058177,0
2,2,event,542,0.003040999999939231,0
2,2,event,543,0.0020000000004074536,0
2,2,event,544,0.00204200000007404,0
2,2,event,545,0.0018749999999272404,0
2,2,event,546,0.0025410000007468625,0
2,2,event,547,0.0025829999995039543,0
2,2,event,548,0.0018749999999272404,0
2,2,event,549,0.001958000000740867,0
2,2,event,550,0.002207999999882304,0
2,2,event,551,0.0020000000004074536,0
2,2,event,552,0.0028330000004643807,0
2,2,event,553,0.001999999999497959,0
2,2,event,554,0.001833000000260654,0
2,2,event,555,0.0024160000002666493,0
2,2,event,556,0.002457999999933236,0
2,2,event,557,0.001959000000169908,0
2,2,event,558,0.0024590000002717716,0
2,2,event,559,0.0018749999999272404,0
2,2,event,560,0.0018329999993511592,0
2,2,event,561,0.0019589999992604135,0
2,2,event,562,0.0018750000008367351,0
2,2,event,563,0.002541999999266409,0
2,2,event,564,0.001916999999593827,0
2,2,event,565,0.0018749999999272404,0
2,2,event,566,0.0030829999996058177,0
2,2,event,567,0.001958000000740867,0
2,2,event,568,0.002375000000029104,0
2,2,event,569,0.0020830000003115856,0
2,2,event,570,0.001958000000740867,0
2,2,event,571,0.00204200000007404,0
2,2,event,572,0.0018749999999272404,0
2,2,event,573,0.002500000000509317,0
2,2,event,574,0.001833000000260654,0
2,2,event,575,0.002124999999978172,0
2,2,event,576,0.0018750000008367351,0
2,2,event,577,0.0018749999999272404,0
2,2,event,578,0.0018749999999272404,0
2,2,event,579,0.0024590000002717716,0
2,2,event,580,0.001999999999497959,0
2,2,event,581,0.0019579999998313724,0
2,2,event,582,0.0019159999992552912,0
2,2,event,583,0.0020000000004074536,0
2,2,event,584,0.0024999999995998223,0
2,2,event,585,0.0018340000005991897,0
2,2,event,586,0.002666999999746622,0
2,2,event,587,0.001916999999593827,0
2,2,event,588,0.0019579999998313724,0
2,2,event,589,0.0024169999996956903,0
2,2,event,590,0.0018749999999272404,0
2,2,event,591,0.001916999999593827,0
2,2,event,592,0.0018749999999272404,0
2,2,event,593,0.0029999999997016857,0
2,2,event,594,0.0019170000005033216,0
2,2,event,595,0.003125000000181899,0
2,2,event,596,0.0019579999998313724,0
2,2,event,597,0.002500000000509317,0
2,2,event,598,0.0018749999999272404,0
2,2,event,599,0.0018749999999272404,0
2,2,event,600,0.0152909999997064,2
2,2,event,601,0.0027079999999841675,0
2,2,event,602,0.0020000000004074536,0
2,2,event,603,0.0019579999998313724,0
2,2,event,604,0.002749999999650754,0
2,2,event,605,0.0019579999998313724,0
2,2,event,606,0.0020830000003115856,0
2,2,event,607,0.002041000000644999,0
2,2,event,608,0.0020000000004074536,0
2,2,event,609,0.0024169999996956903,0
2,2,event,610,0.003041000000848726,0
2,2,event,611,0.001916999999593827,0
2,2,event,612,0.0017920000000231084,0
2,2,event,613,0.001916999999593827,0
2,2,event,614,0.002500000000509317,0
2,2,event,615,0.0019589999992604135,0
2,2,event,616,0.001916999999593827,0
2,2,event,617,0.0019579999998313724,0
2,2,event,618,0.001833000000260654,0
2,2,event,619,0.0031660000004194444,0
2,2,event,620,0.0018749999999272404,0
2,2,event,621,0.001959000000169908,0
2,2,event,622,0.0019170000005033216,0
2,2,event,623,0.0019170000005033216,0
2,2,event,624,0.001916999999593827,0
2,2,event,625,0.0026250000000800355,0
2,2,event,626,0.0030830000005153124,0
2,2,event,627,0.001833999999689695,0
2,2,event,628,0.0023330000003625173,0
2,2,event,629,0.0030000000006111804,0
2,2,event,630,0.0024999999995998223,0
2,2,event,631,0.001999999999497959,0
2,2,event,632,0.002666999999746622,0
2,2,event,633,0.002292000000124972,0
2,2,event,634,0.0019170000005033216,0
2,2,event,635,0.0029580000000350992,0
2,2,event,636,0.0019170000005033216,0
2,2,event,637,0.002124999999978172,0
2,2,event,638,0.0019579999998313724,0
2,2,event,639,0.0023329999994530226,0
2,2,event,640,0.001833000000260654,0
2,2,event,641,0.0024590000002717716,0
2,2,event,642,0.002124999999978172,0
2,2,event,643,0.0018749999999272404,0
2,2,event,644,0.0020409999997355044,0
2,2,event,645,0.0019579999998313724,0
2,2,event,646,0.0024590000002717716,0
2,2,event,647,0.001959000000169908,0
2,2,event,648,0.001999999999497959,0
2,2,event,649,0.0018749999999272404,0
2,2,event,650,0.0018749999999272404,0
2,2,event,651,0.002500000000509317,0
2,2,event,652,0.002666999999746622,0
2,2,event,653,0.001833000000260654,0
2,2,event,654,0.0018329999993511592,0
2,2,event,655,0.0018750000008367351,0
2,2,event,656,0.002500000000509317,0
2,2,event,657,0.0026250000000800355,0
2,2,event,658,0.001959000000169908,0
2,2,event,659,0.001999999999497959,0
2,2,event,660,0.016375000000152795,2
2,2,event,661,0.0027909999998882995,0
2,2,event,662,0.002124999999978172,0
2,2,event,663,0.0019589999992604135,0
2,2,event,664,0.0019579999998313724,0
2,2,event,665,0.0035420000003796304,0
2,2,event,666,0.0020000000004074536,0
2,2,event,667,0.001999999999497959,0
2,2,event,668,0.002124999999978172,0
2,2,event,669,0.0019170000005033216,0
2,2,event,670,0.001916999999593827,0
2,2,event,671,0.002457999999933236,0
2,2,event,672,0.0019579999998313724,0
2,2,event,673,0.0030829999996058177,0
2,2,event,674,0.0019579999998313724,0
2,2,event,675,0.0019160000001647859,0
2,2,event,676,0.002457999999933236,0
2,2,event,677,0.0018749999999272404,0
2,2,event,678,0.001959000000169908,0
2,2,event,679,0.0019589999992604135,0
2,2,event,680,0.0019170000005033216,0
2,2,event,681,0.0024169999996956903,0
2,2,event,682,0.0019170000005033216,0
2,2,event,683,0.0019589999992604135,0
2,2,event,684,0.0018749999999272404,0
2,2,event,685,0.001916999999593827,0
2,2,event,686,0.003208000000086031,0
2,2,event,687,0.002124999999978172,0
2,2,event,688,0.002124999999978172,0
2,2,event,689,0.001916999999593827,0
2,2,event,690,0.0019170000005033216,0
2,2,event,691,0.0017920000000231084,0
2,2,event,692,0.003499999999803549,0
2,2,event,693,0.0025420000001759036,0
2,2,event,694,0.001958000000740867,0
2,2,event,695,0.0019579999998313724,0
2,2,event,696,0.001833000000260654,0
2,2,event,697,0.003291999999419204,0
2,2,event,698,0.002082999999402091,0
2,2,event,699,0.0019579999998313724,0
2,2,event,700,0.0019579999998313724,0
2,2,event,701,0.0018749999999272404,0
2,2,event,702,0.0024999999995998223,0
2,2,event,703,0.0019579999998313724,0
2,2,event,704,0.0020839999997406267,0
2,2,event,705,0.001833000000260654,0
2,2,event,706,0.001833000000260654,0
2,2,event,707,0.001833000000260654,0
2,2,event,708,0.002458999999362277,0
2,2,event,709,0.00204200000007404,0
2,2,event,710,0.0020000000004074536,0
2,2,event,711,0.001833000000260654,0
2,2,event,712,0.0020830000003115856,0
2,2,event,713,0.002375000000029104,0
2,2,event,714,0.002124999999978172,0
2,2,event,715,0.0018749999999272404,0
2,2,event,716,0.001833999999689695,0
2,2,event,717,0.001833999999689695,0
2,2,event,718,0.00316700000075798,0
2,2,event,719,0.0030829999996058177,0
2,2,event,720,0.0148750000007567,2
2,2,event,721,0.002666000000317581,0
2,2,event,722,0.0028330000004643807,0
2,2,event,723,0.0034580000001369626,0
2,2,event,724,0.001958000000740867,0
2,2,event,725,0.0019579999998313724,0
2,2,event,726,0.0019159999992552912,0
2,2,event,727,0.0024160000002666493,0
2,2,event,728,0.0018749999999272404,0
2,2,event,729,0.00204200000007404,0
2,2,event,730,0.0019579999998313724,0
2,2,event,731,0.0018749999999272404,0
2,2,event,732,0.0024159999993571546,0
2,2,event,733,0.0019160000001647859,0
2,2,event,734,0.001958000000740867,0
2,2,event,735,0.0021669999996447586,0
2,2,event,736,0.0019170000005033216,0
2,2,event,737,0.0020839999997406267,0
2,2,event,738,0.002457999999933236,0
2,2,event,739,0.0025829999995039543,0
2,2,event,740,0.00204200000007404,0
2,2,event,741,0.0018749999999272404,0
2,2,event,742,0.0018749999999272404,0
2,2,event,743,0.002500000000509317,0
2,2,event,744,0.001916999999593827,0
2,2,event,745,0.001833000000260654,0
2,2,event,746,0.0018340000005991897,0
2,2,event,747,0.001959000000169908,0
2,2,event,748,0.00258399999984249,0
2,2,event,749,0.0019170000005033216,0
2,2,event,750,0.0019579999998313724,0
2,2,event,751,0.0019159999992552912,0
2,2,event,752,0.002500000000509317,0
2,2,event,753,0.00204200000007404,0
2,2,event,754,0.002375000000029104,0
2,2,event,755,0.002749999999650754,0
2,2,event,756,0.0019170000005033216,0
2,2,event,757,0.0018749999999272404,0
2,2,event,758,0.0019579999998313724,0
2,2,event,759,0.002375000000029104,0
2,2,event,760,0.002124999999978172,0
2,2,event,761,0.002082999999402091,0
2,2,event,762,0.0020000000004074536,0
2,2,event,763,0.0019579999998313724,0
2,2,event,764,0.0024169999996956903,0
2,2,event,765,0.001959000000169908,0
2,2,event,766,0.0018750000008367351,0
2,2,event,767,0.0019160000001647859,0
2,2,event,768,0.0018750000008367351,0
2,2,event,769,0.002458999999362277,0
2,2,event,770,0.001916999999593827,0
2,2,event,771,0.0017920000000231084,0
2,2,event,772,0.001833000000260654,0
2,2,event,773,0.001833999999689695,0
2,2,event,774,0.0032920000003286987,0
2,2,event,775,0.0024999999995998223,0
2,2,event,776,0.0019170000005033216,0
2,2,event,777,0.0018749999999272404,0
2,2,event,778,0.0019170000005033216,0
2,2,event,779,0.0024999999995998223,0
2,2,event,780,0.014625000000705768,2
2,2,event,781,0.002666999999746622,0
2,2,event,782,0.002208000000791799,0
2,2,event,783,0.0020839999997406267,0
2,2,event,784,0.002457999999933236,0
2,2,event,785,0.002832999999554886,0
2,2,event,786,0.0030829999996058177,0
2,2,event,787,0.0019159999992552912,0
2,2,event,788,0.0020000000004074536,0
2,2,event,789,0.0023329999994530226,0
2,2,event,790,0.0019579999998313724,0
2,2,event,791,0.001999999999497959,0
2,2,event,792,0.0019170000005033216,0
2,2,event,793,0.0019579999998313724,0
2,2,event,794,0.0027500000005602487,0
2,2,event,795,0.0019160000001647859,0
2,2,event,796,0.0019170000005033216,0
2,2,event,797,0.0018749999999272404,0
2,2,event,798,0.002500000000509317,0
2,2,event,799,0.001916999999593827,0
2,2,event,800,0.002375000000029104,0
2,2,event,801,0.002082999999402091,0
2,2,event,802,0.0019160000001647859,0
2,2,event,803,0.001916999999593827,0
2,2,event,804,0.00204200000007404,0
2,2,event,805,0.002666000000317581,0
2,2,event,806,0.0020000000004074536,0
2,2,event,807,0.002375000000029104,0
2,2,event,808,0.0018749999999272404,0
2,2,event,809,0.0018749999999272404,0
2,2,event,810,0.002375000000029104,0
2,2,event,811,0.0019160000001647859,0
2,2,event,812,0.0019579999998313724,0
2,2,event,813,0.0019170000005033216,0
2,2,event,814,0.0018749999999272404,0
2,2,event,815,0.002375000000029104,0
2,2,event,816,0.0020000000004074536,0
2,2,event,817,0.0023339999997915584,0
2,2,event,818,0.003250000000662112,0
2,2,event,819,0.0018749999999272404,0
2,2,event,820,0.0019170000005033216,0
2,2,event,821,0.0026250000000800355,0
2,2,event,822,0.001999999999497959,0
2,2,event,823,0.0018329999993511592,0
2,2,event,824,0.0018749999999272404,0
2,2,event,825,0.0018749999999272404,0
2,2,event,826,0.002290999999786436,0
2,2,event,827,0.0020409999997355044,0
2,2,event,828,0.0019159999992552912,0
2,2,event,829,0.001916999999593827,0
2,2,event,830,0.0019170000005033216,0
2,2,event,831,0.0024169999996956903,0
2,2,event,832,0.0018749999999272404,0
2,2,event,833,0.001999999999497959,0
2,2,event,834,0.002666999999746622,0
2,2,event,835,0.0019170000005033216,0
2,2,event,836,0.002457999999933236,0
2,2,event,837,0.001959000000169908,0
2,2,event,838,0.0018749999999272404,0
2,2,event,839,0.0018749999999272404,0
2,2,event,840,0.014415999999982887,2
2,2,event,841,0.003832999999758613,0
2,2,event,842,0.001999999999497959,0
2,2,event,843,0.001959000000169908,0
2,2,event,844,0.001916999999593827,0
2,2,event,845,0.002457999999933236,0
2,2,event,846,0.001833999999689695,0
2,2,event,847,0.0023330000003625173,0
2,2,event,848,0.002207999999882304,0
2,2,event,849,0.0029579999991256045,0
2,2,event,850,0.00204200000007404,0
2,2,event,851,0.002375000000029104,0
2,2,event,852,0.002583000000413449,0
2,2,event,853,0.0020000000004074536,0
2,2,event,854,0.001916999999593827,0
2,2,event,855,0.001959000000169908,0
2,2,event,856,0.002417000000605185,0
2,2,event,857,0.0019160000001647859,0
2,2,event,858,0.0018749999999272404,0
2,2,event,859,0.0017920000000231084,0
2,2,event,860,0.001916999999593827,0
2,2,event,861,0.0028750000001309672,0
2,2,event,862,0.0019170000005033216,0
2,2,event,863,0.0018749999999272404,0
2,2,event,864,0.001958000000740867,0
2,2,event,865,0.0019160000001647859,0
2,2,event,866,0.001833000000260654,0
2,2,event,867,0.002457999999933236,0
2,2,event,868,0.0020000000004074536,0
2,2,event,869,0.0018329999993511592,0
2,2,event,870,0.0019579999998313724,0
2,2,event,871,0.0019579999998313724,0
2,2,event,872,0.0023339999997915584,0
2,2,event,873,0.00204200000007404,0
2,2,event,874,0.001959000000169908,0
2,2,event,875,0.0019579999998313724,0
2,2,event,876,0.001833000000260654,0
2,2,event,877,0.002666999999746622,0
2,2,event,878,0.0019579999998313724,0
2,2,event,879,0.0018749999999272404,0
2,2,event,880,0.001916999999593827,0
2,2,event,881,0.002375000000029104,0
2,2,event,882,0.002749999999650754,0
2,2,event,883,0.00204200000007404,0
2,2,event,884,0.0028750000001309672,0
2,2,event,885,0.017124999999396096,0
2,2,event,886,0.0029169999997975538,0
2,2,event,887,0.001959000000169908,0
2,2,event,888,0.002457999999933236,0
2,2,event,889,0.002666000000317581,0
2,2,event,890,0.0023330000003625173,0
2,2,event,891,0.0018750000008367351,0
2,2,event,892,0.0018749999999272404,0
2,2,event,893,0.0024590000002717716,0
2,2,event,894,0.001916999999593827,0
2,2,event,895,0.0019579999998313724,0
2,2,event,896,0.0018749999999272404,0
2,2,event,897,0.0028750000001309672,0
2,2,event,898,0.002417000000605185,0
2,2,event,899,0.0023330000003625173,0
2,2,event,900,0.016208999999435036,2
2,2,event,901,0.0028339999998934218,0
2,2,event,902,0.003333000000566244,0
2,2,event,903,0.0021660000002157176,0
2,2,event,904,0.0019160000001647859,0
2,2,event,905,0.001958000000740867,0
2,2,event,906,0.0020409999997355044,0
2,2,event,907,0.002375000000029104,0
2,2,event,908,0.001833000000260654,0
2,2,event,909,0.0018750000008367351,0
2,2,event,910,0.001959000000169908,0
2,2,event,911,0.0018749999999272404,0
2,2,event,912,0.0030829999996058177,0
2,2,event,913,0.0024580000008427305,0
2,2,event,914,0.001833999999689695,0
2,2,event,915,0.00204200000007404,0
2,2,event,916,0.0020000000004074536,0
2,2,event,917,0.0018749999999272404,0
2,2,event,918,0.0028749999992214725,0
2,2,event,919,0.0018329999993511592,0
2,2,event,920,0.001833000000260654,0
2,2,event,921,0.0019160000001647859,0
2,2,event,922,0.0018749999999272404,0
2,2,event,923,0.002457999999933236,0
2,2,event,924,0.0019160000001647859,0
2,2,event,925,0.0026250000000800355,0
2,2,event,926,0.0017920000000231084,0
2,2,event,927,0.0018750000008367351,0
2,2,event,928,0.0025420000001759036,0
2,2,event,929,0.001833000000260654,0
2,2,event,930,0.0019160000001647859,0
2,2,event,931,0.0018749999999272404,0
2,2,event,932,0.001833999999689695,0
2,2,event,933,0.0017920000000231084,0
2,2,event,934,0.0025420000001759036,0
2,2,event,935,0.0019170000005033216,0
2,2,event,936,0.0023339999997915584,0
2,2,event,937,0.0018329999993511592,0
2,2,event,938,0.0019579999998313724,0
2,2,event,939,0.002375000000029104,0
2,2,event,940,0.0018329999993511592,0
2,2,event,941,0.001999999999497959,0
2,2,event,942,0.0017920000000231084,0
2,2,event,943,0.0018340000005991897,0
2,2,event,944,0.003042000000277767,0
2,2,event,945,0.002208999999311345,0
2,2,event,946,0.0018749999999272404,0
2,2,event,947,0.0018749999999272404,0
2,2,event,948,0.0019160000001647859,0
2,2,event,949,0.002375000000029104,0
2,2,event,950,0.001916999999593827,0
2,2,event,951,0.0027500000005602487,0
2,2,event,952,0.0019160000001647859,0
2,2,event,953,0.0020000000004074536,0
2,2,event,954,0.0019579999998313724,0
2,2,event,955,0.0027090000003227033,0
2,2,event,956,0.0019579999998313724,0
2,2,event,957,0.0024169999996956903,0
2,2,event,958,0.0024169999996956903,0
2,2,event,959,0.0020419999991645454,0
2,2,event,960,0.022832999999991443,2
2,2,event,961,0.0027500000005602487,0
2,2,event,962,0.0019579999998313724,0
2,2,event,963,0.0020409999997355044,0
2,2,event,964,0.003208000000086031,0
2,2,event,965,0.0019160000001647859,0
2,2,event,966,0.001999999999497959,0
2,2,event,967,0.001999999999497959,0
2,2,event,968,0.001999999999497959,0
2,2,event,969,0.0024159999993571546,0
2,2,event,970,0.0018749999999272404,0
2,2,event,971,0.0019160000001647859,0
2,2,event,972,0.0017909999996845727,0
2,2,event,973,0.0017499999994470272,0
2,2,event,974,0.0029999999997016857,0
2,2,event,975,0.0028750000001309672,0
2,2,event,976,0.0020830000003115856,0
2,2,event,977,0.0019159999992552912,0
2,2,event,978,0.0018749999999272404,0
2,2,event,979,0.0019160000001647859,0
2,2,event,980,0.002500000000509317,0
2,2,event,981,0.0020000000004074536,0
2,2,event,982,0.0017919999991136137,0
2,2,event,983,0.001916999999593827,0
2,2,event,984,0.0027500000005602487,0
2,2,event,985,0.0024160000002666493,0
2,2,event,986,0.0019160000001647859,0
2,2,event,987,0.001999999999497959,0
2,2,event,988,0.002291999999215477,0
2,2,event,989,0.001999999999497959,0
2,2,event,990,0.0025420000001759036,0
2,2,event,991,0.0020839999997406267,0
2,2,event,992,0.001959000000169908,0
2,2,event,993,0.001916999999593827,0
2,2,event,994,0.0018750000008367351,0
2,2,event,995,0.002540999999837368,0
2,2,event,996,0.001833000000260654,0
2,2,event,997,0.001999999999497959,0
2,2,event,998,0.0027079999999841675,0
2,2,event,999,0.001916999999593827,0
2,2,burst,0,0.12241700000049605,14
2,2,burst,1,0.11245800000051531,14
2,2,burst,2,0.11333300000023883,14
2,2,burst,3,0.11133400000016991,14
2,2,burst,4,0.1374999999998181,14
2,2,burst,5,0.11229199999979755,14
2,2,burst,6,0.11508299999968585,14
2,2,burst,7,0.11149999999997817,14
2,2,burst,8,0.11245899999994435,14
2,2,burst,9,0.11275000000023283,14
2,2,burst,10,0.11754199999995762,14
2,2,burst,11,0.11445900000035181,14
2,2,burst,12,0.11154200000055425,14
2,2,burst,13,0.11337499999990541,14
2,2,burst,14,0.1290000000008149,14
2,2,burst,15,0.11291699999947014,14
2,2,burst,16,0.11708400000043184,14
2,2,burst,17,0.11437500000010914,14
2,2,burst,18,0.11541600000055041,14
2,2,burst,19,0.11362499999995634,14
2,2,burst,20,0.11400000000048749,14
2,2,burst,21,0.11374999999952706,14
2,2,burst,22,0.11341600000014296,14
2,2,burst,23,0.11241700000027777,14
2,2,burst,24,0.11262500000066211,14
2,2,burst,25,0.11429100000077597,14
2,2,burst,26,0.11675000000013824,14
2,2,burst,27,0.11079200000040146,14
2,2,burst,28,0.11524999999983265,14
2,2,burst,29,0.12399999999979627,14
2,2,burst,30,0.13737500000024738,14
2,2,burst,31,0.108791999999994,14
2,2,burst,32,0.11604199999965203,14
2,2,burst,33,0.1125000000001819,14
2,2,burst,34,0.11583299999983865,14
2,2,burst,35,0.11029099999996106,14
2,2,burst,36,0.10695800000030431,14
2,2,burst,37,0.11300000000028376,14
2,2,burst,38,0.11300000000028376,14
2,2,burst,39,0.10920900000019174,14
2,2,burst,40,0.10887499999989814,14
2,2,burst,41,0.11245799999960582,14
2,2,burst,42,0.11441600000034668,14
2,2,burst,43,0.109375,14
2,2,burst,44,0.10858300000018062,14
2,2,burst,45,0.10975000000053114,14
2,2,burst,46,0.10875000000032742,14
2,2,burst,47,0.10949999999957072,14
2,2,burst,48,0.11479099999996834,14
2,2,burst,49,0.11041700000077981,14
2,2,burst,50,0.10920900000019174,14
2,2,burst,51,0.10941700000057608,14
2,2,burst,52,0.11395799999991141,14
2,2,burst,53,0.110833000000639,14
2,2,burst,54,0.11087500000030559,14
2,2,burst,55,0.1095420000001468,14
2,2,burst,56,0.10908300000028248,14
2,2,burst,57,0.11670800000047166,14
2,2,burst,58,0.10966600000028848,14
2,2,burst,59,0.10912499999994907,14
2,2,burst,60,0.11037500000020373,14
2,2,burst,61,0.11483300000054442,14
2,2,burst,62,0.11149999999997817,14
2,2,burst,63,0.10974999999962165,14
2,2,burst,64,0.10950000000048021,14
2,2,burst,65,0.11700000000018917,14
2,2,burst,66,0.12250000000040018,14
2,2,burst,67,0.12062499999956344,14
2,2,burst,68,0.11604200000056153,14
2,2,burst,69,0.11533399999916583,14
2,2,burst,70,51.10079200000018,14
2,2,burst,71,0.16595800000050076,14
2,2,burst,72,0.14104200000019773,14
2,2,burst,73,0.12908400000014808,14
2,2,burst,74,0.13654199999928096,14
2,2,burst,75,0.14058299999942392,14
2,2,burst,76,0.13041699999939738,14
2,2,burst,77,0.12395899999955873,14
2,2,burst,78,0.12725000000045839,14
2,2,burst,79,0.12433300000066083,14
2,2,burst,80,0.13608399999975518,14
2,2,burst,81,0.12437499999941792,14
2,2,burst,82,0.11633299999994051,14
2,2,burst,83,0.12383300000055897,14
2,2,burst,84,0.12495800000033341,14
2,2,burst,85,0.12495800000033341,14
2,2,burst,86,0.12179199999991397,14
2,2,burst,87,0.12075000000004366,14
2,2,burst,88,0.12654099999963364,14
2,2,burst,89,2.668999999999869,14
2,2,burst,90,0.16737499999999272,14
2,2,burst,91,0.15250000000014552,14
2,2,burst,92,0.2562079999997877,14
2,2,burst,93,0.21150000000034197,14
2,2,burst,94,0.2430000000003929,14
2,2,burst,95,9.801542000000154,14
2,2,burst,96,0.2563749999999345,14
2,2,burst,97,0.6227909999997792,14
2,2,burst,98,0.18637500000022555,14
2,2,burst,99,0.20391699999981938,14
2,2,burst,100,0.21745800000007875,14
2,2,burst,101,0.17449999999917054,14
2,2,burst,102,0.6999999999998181,14
2,2,burst,103,0.21975000000020373,14
2,2,burst,104,0.19966699999986304,14
2,2,burst,105,0.19816700000046694,14
2,2,burst,106,0.16320900000027905,14
2,2,burst,107,0.1476250000005166,14
2,2,burst,108,0.4209579999997004,14
2,2,burst,109,0.23291599999993196,14
2,2,burst,110,0.21779100000003382,14
2,2,burst,111,0.22550000000046566,14
2,2,burst,112,0.14858300000014424,14
2,2,burst,113,0.13945799999964947,14
2,2,burst,114,0.15416699999968841,14
2,2,burst,115,0.13237500000013824,14
2,2,burst,116,0.11908299999959127,14
2,2,burst,117,0.12637499999982538,14
2,2,burst,118,0.12087500000052387,14
2,2,burst,119,0.151625000000422,14
2,2,burst,120,0.12433399999918038,14
2,2,burst,121,0.1156250000003638,14
2,2,burst,122,0.1294579999994312,14
2,2,burst,123,0.12504099999932805,14
2,2,burst,124,0.12299999999959255,14
2,2,burst,125,0.11583400000017718,14
2,2,burst,126,0.12195900000006077,14
2,2,burst,127,0.12208400000054098,14
2,2,burst,128,0.13133300000026793,14
2,2,burst,129,0.11024999999972351,14
2,2,burst,130,0.12083299999994779,14
2,2,burst,131,0.12966599999981554,14
2,2,burst,132,0.12508299999990413,14
2,2,burst,133,0.11275000000023283,14
2,2,burst,134,0.12383300000055897,14
2,2,burst,135,0.1287080000001879,14
2,2,burst,136,0.1224579999998241,14
2,2,burst,137,0.11350000000038563,14
2,2,burst,138,0.1265000000003056,14
2,2,burst,139,0.11945899999955145,14
2,2,burst,140,0.13195900000027905,14
2,2,burst,141,0.11420799999996234,14
2,2,burst,142,0.12875000000076398,14
2,2,burst,143,0.11741699999947741,14
2,2,burst,144,0.11629200000061246,14
2,2,burst,145,0.11412500000005821,14
2,2,burst,146,0.1360420000000886,14
2,2,burst,147,0.11424999999962893,14
2,2,burst,148,0.12070799999946757,14
2,2,burst,149,0.11866600000030303,14
2,2,burst,150,0.12120799999956944,14
2,2,burst,151,0.12062499999956344,14
2,2,burst,152,0.11316600000009203,14
2,2,burst,153,0.12208300000020245,14
2,2,burst,154,8.76904100000047,14
2,2,burst,155,0.1358749999999418,14
2,2,burst,156,0.12874999999985448,14
2,2,burst,157,0.11837500000001455,14
2,2,burst,158,0.11758300000019517,14
2,2,burst,159,0.11616699999922275,14
2,2,burst,160,0.11895800000002055,14
2,2,burst,161,0.11425000000053842,14
2,2,burst,162,0.11595799999940937,14
2,2,burst,163,0.121541000000434,14
2,2,burst,164,0.12675000000035652,14
2,2,burst,165,0.11379200000010314,14
2,2,burst,166,0.11366699999962293,14
2,2,burst,167,0.11733300000014424,14
2,2,burst,168,0.12062500000047294,14
2,2,burst,169,0.11433299999953306,14
2,2,burst,170,0.11666599999989558,14
2,2,burst,171,0.11262499999975262,14
2,2,burst,172,0.11687500000061846,14
2,2,burst,173,0.11183299999993324,14
2,2,burst,174,0.1125000000001819,14
2,2,burst,175,0.11308400000052643,14
2,2,burst,176,0.11345899999923859,14
2,2,burst,177,0.11420799999996234,14
2,2,burst,178,0.11304100000052131,14
2,2,burst,179,0.11129200000050332,14
2,2,burst,180,0.12170900000000984,14
2,2,burst,181,0.1126670000003287,14
2,2,burst,182,0.1165419999997539,14
2,2,burst,183,0.18950000000040745,14
2,2,burst,184,0.26029100000050676,14
2,2,burst,185,0.13374999999996362,14
2,2,burst,186,0.11574999999993452,14
2,2,burst,187,0.114875000000211,14
2,2,burst,188,0.11566599999969185,14
2,2,burst,189,0.11162499999954889,14
2,2,burst,190,0.10866699999951379,14
2,2,burst,191,0.1132499999994252,14
2,2,burst,192,0.10858300000018062,14
2,2,burst,193,0.11066699999992125,14
2,2,burst,194,0.10712499999954161,14
2,2,burst,195,0.11141700000007404,14
2,2,burst,196,0.11379099999976461,14
2,2,burst,197,0.11929099999997561,14
2,2,burst,198,0.10991700000067794,14
2,2,burst,199,0.11037500000020373,14
2,2,burst,200,0.10991600000033941,14
2,2,burst,201,0.11237500000061118,14
2,2,burst,202,0.10741700000016863,14
2,2,burst,203,0.109375,14
2,2,burst,204,0.11020800000005693,14
2,2,burst,205,0.10850000000027649,14
2,2,burst,206,0.10725000000002183,14
2,2,burst,207,0.11120800000026065,14
2,2,burst,208,0.1097090000002936,14
2,2,burst,209,0.10891700000047422,14
2,2,burst,210,0.1089590000001408,14
2,2,burst,211,0.11554200000045967,14
2,2,burst,212,0.10912500000085856,14
2,2,burst,213,0.10829199999989214,14
2,2,burst,214,0.11454200000025594,14
2,2,burst,215,0.11033399999996618,14
2,2,burst,216,0.10945799999990413,14
2,2,burst,217,0.10604200000034325,14
2,2,burst,218,20.615458000000217,14
2,2,burst,219,0.30599999999958527,14
2,2,burst,220,0.3083329999999478,14
2,2,burst,221,0.14308299999993324,14
2,2,burst,222,0.13249999999970896,14
2,2,burst,223,0.1333329999997659,14
2,2,burst,224,0.15816699999959383,14
2,2,burst,225,0.14745899999979883,14
2,2,burst,226,0.721042000000125,14
2,2,burst,227,0.15587500000037835,14
2,2,burst,228,0.1720000000004802,14
2,2,burst,229,0.15987499999937427,14
2,2,burst,230,0.1422919999995429,14
2,2,burst,231,0.1547920000002705,14
2,2,burst,232,0.13729100000000471,14
2,2,burst,233,0.19795800000065356,14
2,2,burst,234,0.2624999999998181,14
2,2,burst,235,0.14270900000065012,14
2,2,burst,236,0.26350000000002183,14
2,2,burst,237,0.18341700000019046,14
2,2,burst,238,0.16204100000049948,14
2,2,burst,239,1.201625000000604,14
2,2,burst,240,0.22633399999995163,14
2,2,burst,241,0.13741699999991397,14
2,2,burst,242,0.12120899999990797,14
2,2,burst,243,0.11941699999988487,14
2,2,burst,244,10.33849999999984,14
2,2,burst,245,0.3734580000000278,14
2,2,burst,246,0.12599999999929423,14
2,2,burst,247,0.11575000000084401,14
2,2,burst,248,0.12087500000052387,14
2,2,burst,249,0.1288329999997586,14
2,2,burst,250,0.11370800000076997,14
2,2,burst,251,0.3675410000005286,14
2,2,burst,252,0.18624999999974534,14
2,2,burst,253,0.19566699999995762,14
2,2,burst,254,0.23687499999959982,14
2,2,burst,255,0.13729200000034325,14
2,2,burst,256,0.12479199999961565,14
2,2,burst,257,0.1187500000005457,14
2,2,burst,258,0.1172919999999067,14
2,2,burst,259,0.11474999999973079,14
2,2,burst,260,0.11537500000031287,14
2,2,burst,261,0.11787499999991269,14
2,2,burst,262,0.11591599999974278,14
2,2,burst,263,0.11758299999928568,14
2,2,burst,264,0.11345799999980954,14
2,2,burst,265,0.13025000000016007,14
2,2,burst,266,0.12045799999941664,14
2,2,burst,267,0.11537500000031287,14
2,2,burst,268,0.1198339999991731,14
2,2,burst,269,0.11304199999995035,14
2,2,burst,270,0.11445800000001327,14
2,2,burst,271,0.11225000000013097,14
2,2,burst,272,0.1132500000003347,14
2,2,burst,273,0.11683300000004238,14
2,2,burst,274,0.1145409999999174,14
2,2,burst,275,0.11166599999978644,14
2,2,burst,276,0.11108299999978044,14
2,2,burst,277,0.11041699999987031,14
2,2,burst,278,0.11374999999952706,14
2,2,burst,279,0.11479200000030687,14
2,2,burst,280,0.11133299999983137,14
2,2,burst,281,0.11112500000035652,14
2,2,burst,282,0.11445899999944231,14
2,2,burst,283,0.12433400000008987,14
2,2,burst,284,0.1119170000001759,14
2,2,burst,285,0.11345799999980954,14
2,2,burst,286,0.11391700000058336,14
2,2,burst,287,0.11279200000080891,14
2,2,burst,288,0.11091699999997218,14
2,2,burst,289,0.11162500000045839,14
2,2,burst,290,0.11233400000037363,14
2,2,burst,291,0.11120800000026065,14
2,2,burst,292,0.1084580000006099,14
2,2,burst,293,0.11433300000044255,14
2,2,burst,294,0.11108400000011898,14
2,2,burst,295,0.11449999999967986,14
2,2,burst,296,0.1123330000000351,14
2,2,burst,297,0.11758399999962421,14
2,2,burst,298,0.11108400000011898,14
2,2,burst,299,0.11833299999943847,14
2,2,burst,300,0.11095800000020972,14
2,2,burst,301,0.11345799999980954,14
2,2,burst,302,0.11183299999993324,14
2,2,burst,303,0.1125000000001819,14
2,2,burst,304,0.11279199999989942,14
2,2,burst,305,0.1143339999998716,14
2,2,burst,306,0.11295900000004622,14
2,2,burst,307,0.11058299999967858,14
2,2,burst,308,0.11104100000011385,14
2,2,burst,309,0.11791700000048877,14
2,2,burst,310,0.11229199999979755,14
2,2,burst,311,0.11495800000011513,14
2,2,burst,312,0.11200000000008004,14
2,2,burst,313,0.11258400000042457,14
2,2,burst,314,0.1132499999994252,14
2,2,burst,315,0.11237499999970169,14
2,2,burst,316,0.11958400000003166,14
2,2,burst,317,0.11383399999976973,14
2,2,burst,318,0.11337499999990541,14
2,2,burst,319,0.11112500000035652,14
2,2,burst,320,0.11370900000019901,14
2,2,burst,321,0.11466700000073615,14
2,2,burst,322,0.11283300000013696,14
2,2,burst,323,0.11079199999949196,14
2,2,burst,324,0.11262499999975262,14
2,2,burst,325,0.11312499999985448,14
2,2,burst,326,0.11791699999957928,14
2,2,burst,327,0.11195800000041345,14
2,2,burst,328,0.11191599999983737,14
2,2,burst,329,0.11229199999979755,14
2,2,burst,330,0.11099999999987631,14
2,2,burst,331,0.11066699999992125,14
2,2,burst,332,0.1170830000000933,14
2,2,burst,333,0.11429099999986647,14
2,2,burst,334,0.11133299999983137,14
2,2,burst,335,0.11191599999983737,14
2,2,burst,336,0.11204199999974662,14
2,2,burst,337,0.11387500000000728,14
2,2,burst,338,0.109375,14
2,2,burst,339,0.10941699999966659,14
2,2,burst,340,0.11537500000031287,14
2,2,burst,341,0.11108400000011898,14
2,2,burst,342,0.11287499999980355,14
2,2,burst,343,0.10949999999957072,14
2,2,burst,344,0.11804200000005949,14
2,2,burst,345,0.1147080000000642,14
2,2,burst,346,0.110833000000639,14
2,2,burst,347,0.10875000000032742,14
2,2,burst,348,0.11904200000026322,14
2,2,burst,349,0.11183299999993324,14
2,2,burst,350,0.1086249999998472,14
2,2,burst,351,0.11033399999996618,14
2,2,burst,352,0.11204200000065612,14
2,2,burst,353,0.10983399999986432,14
2,2,burst,354,0.11437500000010914,14
2,2,burst,355,0.11091600000054314,14
2,2,burst,356,0.11383300000034069,14
2,2,burst,357,0.1114159999997355,14
2,2,burst,358,0.10941700000057608,14
2,2,burst,359,0.1086249999998472,14
2,2,burst,360,0.11024999999972351,14
2,2,burst,361,0.10912499999994907,14
2,2,burst,362,0.10854199999994307,14
2,2,burst,363,0.10995900000034453,14
2,2,burst,364,0.10895799999980227,14
2,2,burst,365,0.11541600000055041,14
2,2,burst,366,0.10945799999990413,14
2,2,burst,367,0.10962500000005093,14
2,2,burst,368,0.11091699999997218,14
2,2,burst,369,0.11666599999989558,14
2,2,burst,370,0.11050000000068394,14
2,2,burst,371,0.10983299999952578,14
2,2,burst,372,0.11304199999995035,14
2,2,burst,373,0.11233399999946414,14
2,2,burst,374,0.11124999999992724,14
2,2,burst,375,0.11020800000005693,14
2,2,burst,376,0.11370799999986048,14
2,2,burst,377,0.11112499999944703,14
2,2,burst,378,0.10612500000024738,14
2,2,burst,379,0.0953750000007858,14
2,2,burst,380,0.10062500000003638,14
2,2,burst,381,0.09437499999967258,14
2,2,burst,382,0.10291700000016135,14
2,2,burst,383,0.09962499999983265,14
2,2,burst,384,0.09699999999975262,14
2,2,burst,385,0.09487499999977445,14
2,2,burst,386,0.09291699999994307,14
2,2,burst,387,0.09716699999989942,14
2,2,burst,388,0.09729200000037963,14
2,2,burst,389,0.09787500000038563,14
2,2,burst,390,0.09354200000052515,14
2,2,burst,391,0.09633299999950395,14
2,2,burst,392,0.09583300000031159,14
2,2,burst,393,0.09537499999987631,14
2,2,burst,394,0.09566699999959383,14
2,2,burst,395,0.09620799999993324,14
2,2,burst,396,0.09566699999959383,14
2,2,burst,397,0.09970900000007532,14
2,2,burst,398,0.09454199999981938,14
2,2,burst,399,0.09962499999983265,14
2,2,burst,400,0.0961250000000291,14
2,2,burst,401,0.093166999999994,14
2,2,burst,402,0.09350000000085856,14
2,2,burst,403,0.09520900000006804,14
2,2,burst,404,0.09870800000044255,14
2,2,burst,405,0.09445799999957671,14
2,2,burst,406,0.09204099999988102,14
2,2,burst,407,0.09512499999982538,14
2,2,burst,408,0.09750000000076398,14
2,2,burst,409,0.09187500000007276,14
2,2,burst,410,0.0935829999998532,14
2,2,burst,411,0.09950000000026193,14
2,2,burst,412,0.09324999999989814,14
2,2,burst,413,0.09274999999979627,14
2,2,burst,414,0.09320799999932206,14
2,2,burst,415,0.09445799999957671,14
2,2,burst,416,0.09966699999949924,14
2,2,burst,417,0.09537499999987631,14
2,2,burst,418,0.09295800000018062,14
2,2,burst,419,0.09641600000031758,14
2,2,burst,420,0.09675000000061118,14
2,2,burst,421,0.09337500000037835,14
2,2,burst,422,0.09879200000068522,14
2,2,burst,423,0.09737499999937427,14
2,2,burst,424,0.09408299999995506,14
2,2,burst,425,0.09679200000027777,14
2,2,burst,426,0.09320899999966059,14
2,2,burst,427,0.09716699999989942,14
2,2,burst,428,0.094333000000006,14
2,2,burst,429,0.09237500000017462,14
2,2,burst,430,0.09570800000074087,14
2,2,burst,431,0.09608300000036252,14
2,2,burst,432,0.09416700000019773,14
2,2,burst,433,0.093166999999994,14
2,2,burst,434,0.09825000000000728,14
2,2,burst,435,0.09704099999999016,14
2,2,burst,436,0.09562499999992724,14
2,2,burst,437,0.09562499999992724,14
2,2,burst,438,0.09441700000024866,14
2,2,burst,439,0.09479099999953178,14
2,2,burst,440,0.09891700000025594,14
2,2,burst,441,0.09545900000011898,14
2,2,burst,442,0.09437499999967258,14
2,2,burst,443,0.09349999999994907,14
2,2,burst,444,0.09425000000010186,14
2,2,burst,445,0.09479199999987031,14
2,2,burst,446,0.09550000000035652,14
2,2,burst,447,0.09416700000019773,14
2,2,burst,448,0.09545799999978044,14
2,2,burst,449,0.09333299999980227,14
2,2,burst,450,0.10241600000063045,14
2,2,burst,451,0.09475000000020373,14
2,2,burst,452,0.09333299999980227,14
2,2,burst,453,0.09304100000008475,14
2,2,burst,454,0.09933300000011513,14
2,2,burst,455,0.09387500000048021,14
2,2,burst,456,0.09408299999995506,14
2,2,burst,457,0.09354199999961565,14
2,2,burst,458,0.09649999999965075,14
2,2,burst,459,0.0939169999992373,14
2,2,burst,460,0.09383400000024267,14
2,2,burst,461,0.09354199999961565,14
2,2,burst,462,0.09591600000021572,14
2,2,burst,463,0.0939169999992373,14
2,2,burst,464,0.09879199999977573,14
2,2,burst,465,0.09291700000085257,14
2,2,burst,466,0.09475000000020373,14
2,2,burst,467,0.09600000000045839,14
2,2,burst,468,0.0977920000004815,14
2,2,burst,469,0.1000000000003638,14
2,2,burst,470,0.09583300000031159,14
2,2,burst,471,0.09562500000083674,14
2,2,burst,472,0.09291599999960454,14
2,2,burst,473,0.09379199999966659,14
2,2,burst,474,0.09516699999949196,14
2,2,burst,475,0.09412499999962165,14
2,2,burst,476,0.09324999999989814,14
2,2,burst,477,0.09387499999957072,14
2,2,burst,478,0.09754199999952107,14
2,2,burst,479,0.09316599999965547,14
2,2,burst,480,0.09437499999967258,14
2,2,burst,481,0.09287500000027649,14
2,2,burst,482,0.09533300000020972,14
2,2,burst,483,0.09941600000001927,14
2,2,burst,484,0.09391600000071776,14
2,2,burst,485,0.09845800000039162,14
2,2,burst,486,0.09583300000031159,14
2,2,burst,487,0.09462500000063301,14
2,2,burst,488,0.09425000000010186,14
2,2,burst,489,0.09816599999976461,14
2,2,burst,490,0.09512499999982538,14
2,2,burst,491,0.09337499999946886,14
2,2,burst,492,0.09475000000020373,14
2,2,burst,493,0.09591600000021572,14
2,2,burst,494,0.09404100000028848,14
2,2,burst,495,0.09337500000037835,14
2,2,burst,496,0.09587499999997817,14
2,2,burst,497,0.10062500000003638,14
2,2,burst,498,0.09724999999980355,14
2,2,burst,499,0.09545900000011898,14
2,2,burst,500,0.09604200000012497,14
2,2,burst,501,0.09904099999948812,14
2,2,burst,502,0.0968749999992724,14
2,2,burst,503,0.10441700000046694,14
2,2,burst,504,0.0968750000001819,14
2,2,burst,505,0.09566699999959383,14
2,2,burst,506,0.10966599999937898,14
2,2,burst,507,0.09766700000000128,14
2,2,burst,508,0.09616700000060519,14
2,2,burst,509,0.09570799999983137,14
2,2,burst,510,0.0945000000001528,14
2,2,burst,511,0.09950000000026193,14
2,2,burst,512,0.09345799999937299,14
2,2,burst,513,0.09591600000021572,14
2,2,burst,514,0.0961250000000291,14
2,2,burst,515,0.09320800000023155,14
2,2,burst,516,0.09620900000027177,14
2,2,burst,517,0.09395899999981339,14
2,2,burst,518,0.09866699999929551,14
2,2,burst,519,0.09770900000057736,14
2,2,burst,520,0.09616700000060519,14
2,2,burst,521,0.0962920000001759,14
2,2,burst,522,0.09658300000046438,14
2,2,burst,523,0.09316599999965547,14
2,2,burst,524,0.09533299999930023,14
2,2,burst,525,0.09829199999967386,14
2,2,burst,526,0.0994170000003578,14
2,2,burst,527,0.09375,14
2,2,burst,528,0.09420899999986432,14
2,2,burst,529,0.09512499999982538,14
2,2,burst,530,0.0959579999998823,14
2,2,burst,531,0.09408299999995506,14
2,2,burst,532,0.09483300000010786,14
2,2,burst,533,0.0996660000000702,14
2,2,burst,534,0.09954199999992852,14
2,2,burst,535,0.09779100000014296,14
2,2,burst,536,0.09500000000025466,14
2,2,burst,537,0.09583300000031159,14
2,2,burst,538,0.09604099999978644,14
2,2,burst,539,0.094333000000006,14
2,2,burst,540,0.09991700000045967,14
2,2,burst,541,0.097791999999572,14
2,2,burst,542,0.09545900000011898,14
2,2,burst,543,0.0945000000001528,14
2,2,burst,544,0.09783299999980954,14
2,2,burst,545,0.09825000000000728,14
2,2,burst,546,0.09433400000034453,14
2,2,burst,547,0.09670899999946414,14
2,2,burst,548,0.09712500000023283,14
2,2,burst,549,0.09495799999967858,14
2,2,burst,550,0.09837500000048749,14
2,2,burst,551,0.09595900000022084,14
2,2,burst,552,0.0974580000001879,14
2,2,burst,553,0.09445799999957671,14
2,2,burst,554,0.09583299999940209,14
2,2,burst,555,0.10100000000056752,14
2,2,burst,556,0.10025000000041473,14
2,2,burst,557,0.0941659999998592,14
2,2,burst,558,0.09724999999980355,14
2,2,burst,559,0.09429199999976845,14
2,2,burst,560,0.09695799999917654,14
2,2,burst,561,0.09529099999963364,14
2,2,burst,562,0.0929999999998472,14
2,2,burst,563,0.09475000000020373,14
2,2,burst,564,0.09462499999972351,14
2,2,burst,565,0.09425000000010186,14
2,2,burst,566,0.0929999999998472,14
2,2,burst,567,0.10050000000046566,14
2,2,burst,568,0.09504199999992125,14
2,2,burst,569,0.09674999999970169,14
2,2,burst,570,0.09470800000053714,14
2,2,burst,571,0.09591600000021572,14
2,2,burst,572,0.09529199999997218,14
2,2,burst,573,0.09337499999946886,14
2,2,burst,574,0.09429199999976845,14
2,2,burst,575,0.09583300000031159,14
2,2,burst,576,0.09575000000040745,14
2,2,burst,577,0.09662500000013097,14
2,2,burst,578,0.09529199999997218,14
2,2,burst,579,0.09520900000006804,14
2,2,burst,580,0.09429200000067794,14
2,2,burst,581,0.09512499999982538,14
2,2,burst,582,0.09554200000002311,14
2,2,burst,583,0.10737500000050204,14
2,2,burst,584,0.09591699999964476,14
2,2,burst,585,0.09516700000040146,14
2,2,burst,586,0.09625000000050932,14
2,2,burst,587,0.09591699999964476,14
2,2,burst,588,0.09600000000045839,14
2,2,burst,589,0.09858299999996234,14
2,2,burst,590,0.0968750000001819,14
2,2,burst,591,0.09479199999987031,14
2,2,burst,592,0.10808300000007875,14
2,2,burst,593,0.11350000000038563,14
2,2,burst,594,0.10358300000007148,14
2,2,burst,595,0.103874999999789,14
2,2,burst,596,0.10499999999956344,14
2,2,burst,597,0.10204199999952834,14
2,2,burst,598,0.10266599999977188,14
2,2,burst,599,0.10129200000028504,14
2,2,burst,600,0.10545799999999872,14
2,2,burst,601,0.10350000000016735,14
2,2,burst,602,0.10450000000037107,14
2,2,burst,603,0.11379200000010314,14
2,2,burst,604,0.1056669999998121,14
2,2,burst,605,0.09725000000071304,14
2,2,burst,606,0.11312499999985448,14
2,2,burst,607,0.10212500000034197,14
2,2,burst,608,0.11095899999963876,14
2,2,burst,609,0.09633399999984249,14
2,2,burst,610,0.10587500000019645,14
2,2,burst,611,0.09691600000041944,14
2,2,burst,612,0.14050000000042928,14
2,2,burst,613,0.09708300000056624,14
2,2,burst,614,0.09866599999986647,14
2,2,burst,615,0.104750000000422,14
2,2,burst,616,0.10708299999987503,14
2,2,burst,617,0.09679099999993923,14
2,2,burst,618,0.10300000000006548,14
2,2,burst,619,0.10275000000001455,14
2,2,burst,620,0.10845900000003894,14
2,2,burst,621,0.10812500000065484,14
2,2,burst,622,0.10604199999943376,14
2,2,burst,623,0.10424999999941065,14
2,2,burst,624,0.11158400000022084,14
2,2,burst,625,0.10491699999965931,14
2,2,burst,626,0.10558399999990797,14
2,2,burst,627,0.11204200000065612,14
2,2,burst,628,0.10891699999956472,14
2,2,burst,629,0.10179199999947741,14
2,2,burst,630,0.6562079999994239,14
2,2,burst,631,0.11358300000028976,14
2,2,burst,632,0.6837079999995694,14
2,2,burst,633,0.06387499999982538,14
2,2,burst,634,0.05866599999990285,14
2,2,burst,635,0.054333000000042375,14
2,2,burst,636,0.055459000000155356,14
2,2,burst,637,0.054333000000042375,14
2,2,burst,638,0.05470800000057352,14
2,2,burst,639,0.05537499999991269,14
2,2,burst,640,0.053167000000030384,14
2,2,burst,641,0.05866599999990285,14
2,2,burst,642,0.055041999999957625,14
2,2,burst,643,0.058374999999614374,14
2,2,burst,644,0.09716699999989942,14
2,2,burst,645,0.10241700000005949,14
2,2,burst,646,0.10116600000037579,14
2,2,burst,647,0.09895800000049348,14
2,2,burst,648,0.10062500000003638,14
2,2,burst,649,0.09987499999988358,14
2,2,burst,650,0.09904199999982666,14
2,2,burst,651,0.0976249999994252,14
2,2,burst,652,0.09866700000020501,14
2,2,burst,653,0.09912499999973079,14
2,2,burst,654,0.09700000000066211,14
2,2,burst,655,0.10008299999935844,14
2,2,burst,656,0.0962920000001759,14
2,2,burst,657,0.10445900000013353,14
2,2,burst,658,0.09591700000055425,14
2,2,burst,659,0.0979590000006283,14
2,2,burst,660,0.10095900000032998,14
2,2,burst,661,0.09829200000058336,14
2,2,burst,662,0.09799999999995634,14
2,2,burst,663,0.08133300000008603,14
2,2,burst,664,0.05212500000016007,14
2,2,burst,665,0.05437499999970896,14
2,2,burst,666,0.051375000000007276,14
2,2,burst,667,0.051582999999482126,14
2,2,burst,668,0.0520409999999174,14
2,2,burst,669,0.052792000000408734,14
2,2,burst,670,0.05070799999975861,14
2,2,burst,671,0.05262499999935244,14
2,2,burst,672,0.20841699999982666,14
2,2,burst,673,0.09566599999925529,14
2,2,burst,674,0.1852920000001177,14
2,2,burst,675,0.10408399999960238,14
2,2,burst,676,0.15487500000017462,14
2,2,burst,677,0.12491599999975733,14
2,2,burst,678,0.10674999999991996,14
2,2,burst,679,0.10166599999956816,14
2,2,burst,680,0.09995800000069721,14
2,2,burst,681,0.1029580000003989,14
2,2,burst,682,0.05316699999912089,14
2,2,burst,683,0.05316599999969185,14
2,2,burst,684,0.0540419999997539,14
2,2,burst,685,0.051916999999775726,14
2,2,burst,686,0.053791000000273925,14
2,2,burst,687,0.05200000000058935,14
2,2,burst,688,0.052708000000166066,14
2,2,burst,689,0.0996660000000702,14
2,2,burst,690,0.09920800000054442,14
2,2,burst,691,0.09741599999961181,14
2,2,burst,692,0.10866700000042329,14
2,2,burst,693,0.09866699999929551,14
2,2,burst,694,0.09637499999917054,14
2,2,burst,695,0.09666699999979755,14
2,2,burst,696,0.09895899999992253,14
2,2,burst,697,0.09891699999934644,14
2,2,burst,698,0.099250000000211,14
2,2,burst,699,0.09708299999965675,14
2,2,burst,700,0.09770800000023883,14
2,2,burst,701,0.1031250000005457,14
2,2,burst,702,0.10199999999986176,14
2,2,burst,703,0.10041700000056153,14
2,2,burst,704,0.10208399999919493,14
2,2,burst,705,0.09595900000022084,14
2,2,burst,706,0.09554200000002311,14
2,2,burst,707,0.28458299999965675,14
2,2,burst,708,0.11483399999997346,14
2,2,burst,709,0.16612499999973807,14
2,2,burst,710,0.11583400000017718,14
2,2,burst,711,0.1045830000002752,14
2,2,burst,712,0.10487499999999272,14
2,2,burst,713,0.10616600000048493,14
2,2,burst,714,0.09870800000044255,14
2,2,burst,715,0.09958300000016607,14
2,2,burst,716,0.10054200000013225,14
2,2,burst,717,0.0979590000006283,14
2,2,burst,718,0.10337500000059663,14
2,2,burst,719,17.695166999999856,14
2,2,burst,720,0.15500000000065484,14
2,2,burst,721,0.13400000000001455,14
2,2,burst,722,0.13279199999942648,14
2,2,burst,723,29.9320000000007,14
2,2,burst,724,0.15275000000019645,14
2,2,burst,725,0.08879200000046694,14
2,2,burst,726,0.09500000000025466,14
2,2,burst,727,0.08525000000008731,14
2,2,burst,728,0.08295799999996234,14
2,2,burst,729,0.09033300000010058,14
2,2,burst,730,0.07970800000020972,14
2,2,burst,731,0.07858299999952578,14
2,2,burst,732,0.08520800000042072,14
2,2,burst,733,6.03545800000029,14
2,2,burst,734,0.1422499999998763,14
2,2,burst,735,0.1327080000000933,14
2,2,burst,736,0.13629200000013952,14
2,2,burst,737,0.12912499999947613,14
2,2,burst,738,20.544041999999536,14
2,2,burst,739,2.1486660000000484,14
2,2,burst,740,13.043999999999869,14
2,2,burst,741,37.829915999999685,14
2,2,burst,742,0.24962500000037835,14
2,2,burst,743,0.3546669999996084,14
2,2,burst,744,0.17849999999998545,14
2,2,burst,745,0.14170800000010786,14
2,2,burst,746,0.14708400000017718,14
2,2,burst,747,0.14279200000055425,14
2,2,burst,748,0.1358749999999418,14
2,2,burst,749,0.13466599999992468,14
2,2,burst,750,0.12683300000026065,14
2,2,burst,751,0.13670799999999872,14
2,2,burst,752,0.130207999999584,14
2,2,burst,753,0.131666000000223,14
2,2,burst,754,2.1769580000000133,14
2,2,burst,755,0.14412499999980355,14
2,2,burst,756,0.13670799999999872,14
2,2,burst,757,1.2084580000000642,14
2,2,burst,758,0.1619170000003578,14
2,2,burst,759,0.8945420000000013,14
2,2,burst,760,0.177958000000217,14
2,2,burst,761,0.1516670000000886,14
2,2,burst,762,0.13804199999958655,14
2,2,burst,763,0.1430000000000291,14
2,2,burst,764,0.13670799999999872,14
2,2,burst,765,0.14937499999996362,14
2,2,burst,766,0.20529200000055425,14
2,2,burst,767,0.160874999999578,14
2,2,burst,768,0.1431670000001759,14
2,2,burst,769,2.563959000000068,14
2,2,burst,770,0.7427499999994325,14
2,2,burst,771,0.1288329999997586,14
2,2,burst,772,0.10845900000003894,14
2,2,burst,773,0.15529200000037235,14
2,2,burst,774,0.2917090000000826,14
2,2,burst,775,0.31825000000026193,14
2,2,burst,776,0.14412500000071304,14
2,2,burst,777,0.13558299999931478,14
2,2,burst,778,0.15454200000021956,14
2,2,burst,779,0.11350000000038563,14
2,2,burst,780,0.11287499999980355,14
2,2,burst,781,0.10999999999967258,14
2,2,burst,782,0.10991599999942991,14
2,2,burst,783,0.13058300000011513,14
2,2,burst,784,0.11475000000064028,14
2,2,burst,785,0.1078750000006039,14
2,2,burst,786,0.1095420000001468,14
2,2,burst,787,0.4768340000000535,14
2,2,burst,788,0.21149999999943248,14
2,2,burst,789,0.2150419999998121,14
2,2,burst,790,0.09395800000038435,14
2,2,burst,791,0.08962499999961437,14
2,2,burst,792,0.0897079999995185,14
2,2,burst,793,0.0972090000004755,14
2,2,burst,794,0.09258399999998801,14
2,2,burst,795,0.08754200000021228,14
2,2,burst,796,0.1332909999991898,14
2,2,burst,797,0.0957909999997355,14
2,2,burst,798,0.09020799999962037,14
2,2,burst,799,0.08683299999938754,14
2,2,burst,800,0.10137499999927968,14
2,2,burst,801,0.0874999999996362,14
2,2,burst,802,0.08874999999989086,14
2,2,burst,803,0.08645900000010442,14
2,2,burst,804,0.0929999999998472,14
2,2,burst,805,0.0849579999994603,14
2,2,burst,806,0.08758299999954033,14
2,2,burst,807,0.08429200000045967,14
2,2,burst,808,1.7702089999993404,14
2,2,burst,809,0.08741699999973207,14
2,2,burst,810,0.0885839999991731,14
2,2,burst,811,0.08550000000013824,14
2,2,burst,812,0.08825000000069849,14
2,2,burst,813,0.08558399999947142,14
2,2,burst,814,0.08770900000035908,14
2,2,burst,815,0.08700000000044383,14
2,2,burst,816,0.08666700000048877,14
2,2,burst,817,0.08408399999916583,14
2,2,burst,818,0.09112499999991996,14
2,2,burst,819,0.2312919999994847,14
2,2,burst,820,2.6163329999999405,14
2,2,burst,821,0.10704099999929895,14
2,2,burst,822,0.3297079999993002,14
2,2,burst,823,0.26508300000023155,14
2,2,burst,824,3.658042000000023,14
2,2,burst,825,0.5165839999999662,14
2,2,burst,826,0.1747910000003685,14
2,2,burst,827,0.14454200000000128,14
2,2,burst,828,0.2314169999999649,14
2,2,burst,829,0.12125000000014552,14
2,2,burst,830,0.17008400000031543,14
2,2,burst,831,0.2260420000002341,14
2,2,burst,832,0.21345899999960238,14
2,2,burst,833,0.11879200000021228,14
2,2,burst,834,0.12249999999949068,14
2,2,burst,835,0.317417000000205,14
2,2,burst,836,0.14116699999976845,14
2,2,burst,837,0.13687500000014552,14
2,2,burst,838,5.594124999999622,14
2,2,burst,839,0.10462499999994179,14
2,2,burst,840,0.07645799999954761,14
2,2,burst,841,0.10249999999996362,14
2,2,burst,842,0.08299999999962893,14
2,2,burst,843,0.09237500000017462,14
2,2,burst,844,0.07275000000026921,14
2,2,burst,845,0.08412500000031287,14
2,2,burst,846,0.08287500000005821,14
2,2,burst,847,0.08629100000052858,14
2,2,burst,848,0.2455420000005688,14
2,2,burst,849,0.19270899999992253,14
2,2,burst,850,0.13887500000055297,14
2,2,burst,851,0.15191700000013952,14
2,2,burst,852,0.18087500000001455,14
2,2,burst,853,0.0842079999993075,14
2,2,burst,854,0.0832909999999174,14
2,2,burst,855,0.08287500000005821,14
2,2,burst,856,0.08291599999938626,14
2,2,burst,857,0.08333299999958399,14
2,2,burst,858,0.47283300000071904,14
2,2,burst,859,0.0904580000005808,14
2,2,burst,860,0.08954199999971024,14
2,2,burst,861,0.08424999999988358,14
2,2,burst,862,0.08270900000024994,14
2,2,burst,863,0.6743340000002718,14
2,2,burst,864,0.08395800000016607,14
2,2,burst,865,0.08054099999935715,14
2,2,burst,866,0.07462500000019645,14
2,2,burst,867,0.07445800000004965,14
2,2,burst,868,0.2762910000001284,14
2,2,burst,869,0.12195800000063173,14
2,2,burst,870,0.109958000000006,14
2,2,burst,871,0.08820800000012241,14
2,2,burst,872,0.08783299999959127,14
2,2,burst,873,0.07345799999984592,14
2,2,burst,874,0.17733299999963492,14
2,2,burst,875,0.0889580000002752,14
2,2,burst,876,0.3346670000000813,14
2,2,burst,877,0.15504199999941193,14
2,2,burst,878,0.0825829999994312,14
2,2,burst,879,0.07191700000021228,14
2,2,burst,880,0.07291600000007747,14
2,2,burst,881,0.0820000000003347,14
2,2,burst,882,0.07583299999987503,14
2,2,burst,883,0.08287500000005821,14
2,2,burst,884,0.07241700000031415,14
2,2,burst,885,0.09537499999987631,14
2,2,burst,886,0.2876249999999345,14
2,2,burst,887,0.24291599999924074,14
2,2,burst,888,0.14270800000031159,14
2,2,burst,889,0.12983399999939138,14
2,2,burst,890,0.12479200000052515,14
2,2,burst,891,0.1152910000000702,14
2,2,burst,892,0.13533299999926385,14
2,2,burst,893,0.11700000000018917,14
2,2,burst,894,0.11529200000040873,14
2,2,burst,895,0.1156250000003638,14
2,2,burst,896,0.11312499999985448,14
2,2,burst,897,0.11108400000011898,14
2,2,burst,898,0.1119170000001759,14
2,2,burst,899,0.1125000000001819,14
2,2,burst,900,0.11366699999962293,14
2,2,burst,901,0.11054200000035053,14
2,2,burst,902,0.11070899999958783,14
2,2,burst,903,0.11495899999954418,14
2,2,burst,904,0.11312499999985448,14
2,2,burst,905,0.11008300000048621,14
2,2,burst,906,0.11183399999936228,14
2,2,burst,907,0.10845900000003894,14
2,2,burst,908,0.11391699999967386,14
2,2,burst,909,0.12224999999943975,14
2,2,burst,910,0.10841700000037235,14
2,2,burst,911,0.11079200000040146,14
2,2,burst,912,0.11429200000020501,14
2,2,burst,913,0.10987500000010186,14
2,2,burst,914,0.11020800000005693,14
2,2,burst,915,0.11008299999957671,14
2,2,burst,916,0.11295799999970768,14
2,2,burst,917,0.109958000000006,14
2,2,burst,918,0.11449999999967986,14
2,2,burst,919,0.10945800000081363,14
2,2,burst,920,0.11900000000059663,14
2,2,burst,921,0.11062500000025466,14
2,2,burst,922,0.11041700000077981,14
2,2,burst,923,0.11291699999947014,14
2,2,burst,924,0.11275000000023283,14
2,2,burst,925,0.11049999999977445,14
2,2,burst,926,0.11866600000030303,14
2,2,burst,927,0.11283300000013696,14
2,2,burst,928,0.11287500000071304,14
2,2,burst,929,0.1117500000000291,14
2,2,burst,930,0.10950000000048021,14
2,2,burst,931,0.10850000000027649,14
2,2,burst,932,0.11679199999980483,14
2,2,burst,933,0.11004199999933917,14
2,2,burst,934,0.10837499999979627,14
2,2,burst,935,0.10962500000005093,14
2,2,burst,936,0.1138329999994312,14
2,2,burst,937,0.11137499999949796,14
2,2,burst,938,0.1095420000001468,14
2,2,burst,939,0.10883399999966059,14
2,2,burst,940,0.11304199999995035,14
2,2,burst,941,0.11245799999960582,14
2,2,burst,942,0.10766600000079052,14
2,2,burst,943,0.11037500000020373,14
2,2,burst,944,0.11941600000045582,14
2,2,burst,945,0.11416600000029575,14
2,2,burst,946,0.10966599999937898,14
2,2,burst,947,0.11779099999967002,14
2,2,burst,948,0.11091600000054314,14
2,2,burst,949,0.11091699999997218,14
2,2,burst,950,0.10874999999941792,14
2,2,burst,951,0.10945799999990413,14
2,2,burst,952,0.11058299999967858,14
2,2,burst,953,0.11033300000053714,14
2,2,burst,954,0.10779100000036124,14
2,2,burst,955,0.11120800000026065,14
2,2,burst,956,0.11783299999933661,14
2,2,burst,957,0.10791599999993196,14
2,2,burst,958,0.10837499999979627,14
2,2,burst,959,0.1101249999992433,14
2,2,burst,960,0.11074999999982538,14
2,2,burst,961,0.12116700000024139,14
2,2,burst,962,0.10891699999956472,14
2,2,burst,963,0.11037500000020373,14
2,2,burst,964,0.10929100000066683,14
2,2,burst,965,0.11133300000074087,14
2,2,burst,966,0.11037500000020373,14
2,2,burst,967,0.11170900000070105,14
2,2,burst,968,28.415375000000495,14
2,2,burst,969,0.26512499999989814,14
2,2,burst,970,0.09924999999930151,14
2,2,burst,971,0.0990830000000642,14
2,2,burst,972,0.08133300000008603,14
2,2,burst,973,0.32462500000019645,14
2,2,burst,974,0.17441599999983737,14
2,2,burst,975,0.12641600000006292,14
2,2,burst,976,0.0959579999998823,14
2,2,burst,977,0.09070800000063173,14
2,2,burst,978,0.09066600000005565,14
2,2,burst,979,0.0907919999999649,14
2,2,burst,980,0.08916700000008859,14
2,2,burst,981,0.0874999999996362,14
2,2,burst,982,8.932041999999456,14
2,2,burst,983,0.14258299999983137,14
2,2,burst,984,0.14679100000012113,14
2,2,burst,985,0.4497080000001006,14
2,2,burst,986,0.09591699999964476,14
2,2,burst,987,0.10324999999920692,14
2,2,burst,988,0.08991700000024139,14
2,2,burst,989,0.08508299999994051,14
2,2,burst,990,0.11420799999996234,14
2,2,burst,991,0.08983299999999872,14
2,2,burst,992,0.11241600000084873,14
2,2,burst,993,0.09695800000008603,14
2,2,burst,994,0.09574999999949796,14
2,2,burst,995,0.10262500000044383,14
2,2,burst,996,0.09145799999987503,14
2,2,burst,997,0.08079099999940809,14
2,2,burst,998,0.14474999999947613,14
2,2,burst,999,0.09258399999998801,14
2,4,idle,0,0.001374999999825377,0
2,4,idle,1,0.0015000000003055902,0
2,4,idle,2,0.0014590000000680448,0
2,4,idle,3,0.0015000000003055902,0
2,4,idle,4,0.0017920000000231084,0
2,4,idle,5,0.0014999999993960955,0
2,4,idle,6,0.001457999999729509,0
2,4,idle,7,0.0015000000003055902,0
2,4,idle,8,0.001374999999825377,0
2,4,idle,9,0.0014170000004014582,0
2,4,idle,10,0.0017080000006899354,0
2,4,idle,11,0.003125000000181899,0
2,4,idle,12,0.00145899999915855,0
2,4,idle,13,0.001374999999825377,0
2,4,idle,14,0.002124999999978172,0
2,4,idle,15,0.002207999999882304,0
2,4,idle,16,0.0014170000004014582,0
2,4,idle,17,0.0014999999993960955,0
2,4,idle,18,0.001374999999825377,0
2,4,idle,19,0.0014160000000629225,0
2,4,idle,20,0.0018750000008367351,0
2,4,idle,21,0.0015829999993002275,0
2,4,idle,22,0.001457999999729509,0
2,4,idle,23,0.0015000000003055902,0
2,4,idle,24,0.0013330000001587905,0
2,4,idle,25,0.0017909999996845727,0
2,4,idle,26,0.016666999999870313,0
2,4,idle,27,0.00220900000022084,0
2,4,idle,28,0.0016249999998763087,0
2,4,idle,29,0.0020830000003115856,0
2,4,idle,30,0.0015000000003055902,0
2,4,idle,31,0.001833000000260654,0
2,4,idle,32,0.0020000000004074536,0
2,4,idle,33,0.0017920000000231084,0
2,4,idle,34,0.0014590000000680448,0
2,4,idle,35,0.0015839999996387633,0
2,4,idle,36,0.0029999999997016857,0
2,4,idle,37,0.0015830000002097222,0
2,4,idle,38,0.0015419999999721767,0
2,4,idle,39,0.0014590000000680448,0
2,4,idle,40,0.0014590000000680448,0
2,4,idle,41,0.0024169999996956903,0
2,4,idle,42,0.0014160000000629225,0
2,4,idle,43,0.0018749999999272404,0
2,4,idle,44,0.0014160000000629225,0
2,4,idle,45,0.0013750000007348717,0
2,4,idle,46,0.001833000000260654,0
2,4,idle,47,0.0018329999993511592,0
2,4,idle,48,0.001457999999729509,0
2,4,idle,49,0.0013750000007348717,0
2,4,idle,50,0.001457999999729509,0
2,4,idle,51,0.0014160000000629225,0
2,4,idle,52,0.001916999999593827,0
2,4,idle,53,0.001374999999825377,0
2,4,idle,54,0.0014169999994919635,0
2,4,idle,55,0.0014170000004014582,0
2,4,idle,56,0.0014160000000629225,0
2,4,idle,57,0.002375000000029104,0
2,4,idle,58,0.0014170000004014582,0
2,4,idle,59,0.0015410000005431357,0
2,4,idle,60,0.002124999999978172,0
2,4,idle,61,0.0015000000003055902,0
2,4,idle,62,0.001833999999689695,0
2,4,idle,63,0.0015419999999721767,0
2,4,idle,64,0.0014580000006390037,0
2,4,idle,65,0.001457999999729509,0
2,4,idle,66,0.0014170000004014582,0
2,4,idle,67,0.001916999999593827,0
2,4,idle,68,0.0014160000000629225,0
2,4,idle,69,0.0015419999999721767,0
2,4,idle,70,0.0014170000004014582,0
2,4,idle,71,0.0014160000000629225,0
2,4,idle,72,0.001374999999825377,0
2,4,idle,73,0.0018749999999272404,0
2,4,idle,74,0.001750000000356522,0
2,4,idle,75,0.0015000000003055902,0
2,4,idle,76,0.001457999999729509,0
2,4,idle,77,0.002165999999306223,0
2,4,idle,78,0.002124999999978172,0
2,4,idle,79,0.0014170000004014582,0
2,4,idle,80,0.0013330000001587905,0
2,4,idle,81,0.0013330000001587905,0
2,4,idle,82,0.0014160000000629225,0
2,4,idle,83,0.001959000000169908,0
2,4,idle,84,0.0013339999995878316,0
2,4,idle,85,0.0014160000000629225,0
2,4,idle,86,0.001374999999825377,0
2,4,idle,87,0.001374999999825377,0
2,4,idle,88,0.006083999999646039,0
2,4,idle,89,0.0023339999997915584,0
2,4,idle,90,0.0017090000001189765,0
2,4,idle,91,0.0015419999999721767,0
2,4,idle,92,0.001374999999825377,0
2,4,idle,93,0.001374999999825377,0
2,4,idle,94,0.0018749999999272404,0
2,4,idle,95,0.001374999999825377,0
2,4,idle,96,0.0014590000000680448,0
2,4,idle,97,0.001374999999825377,0
2,4,idle,98,0.0015000000003055902,0
2,4,idle,99,0.0019579999998313724,0
2,4,idle,100,0.0014580000006390037,0
2,4,idle,101,0.0015419999999721767,0
2,4,idle,102,0.0013339999995878316,0
2,4,idle,103,0.0013330000001587905,0
2,4,idle,104,0.002207999999882304,0
2,4,idle,105,0.0014580000006390037,0
2,4,idle,106,0.7792920000001686,0
2,4,idle,107,0.009000000000014552,0
2,4,idle,108,0.0031669999998484855,0
2,4,idle,109,0.0030839999999443535,0
2,4,idle,110,0.006666999999652035,0
2,4,idle,111,0.0027909999998882995,0
2,4,idle,112,0.011457999999947788,0
2,4,idle,113,0.00650000000041473,0
2,4,idle,114,0.03141600000071776,0
2,4,idle,115,0.019500000000334694,0
2,4,idle,116,0.004917000000205007,0
2,4,idle,117,0.003125000000181899,0
2,4,idle,118,0.0028750000001309672,0
2,4,idle,119,0.0029999999997016857,0
2,4,idle,120,0.005500000000211003,0
2,4,idle,121,0.0032079999991765362,0
2,4,idle,122,0.004750000000058208,0
2,4,idle,123,0.0029169999997975538,0
2,4,idle,124,0.0028330000004643807,0
2,4,idle,125,0.003582999999707681,0
2,4,idle,126,0.0027500000005602487,0
2,4,idle,127,0.002749999999650754,0
2,4,idle,128,0.0027920000002268353,0
2,4,idle,129,0.0029160000003685127,0
2,4,idle,130,0.0025420000001759036,0
2,4,idle,131,0.0032499999997526174,0
2,4,idle,132,0.0032499999997526174,0
2,4,idle,133,0.002749999999650754,0
2,4,idle,134,0.0038330000006681075,0
2,4,idle,135,0.002749999999650754,0
2,4,idle,136,0.003499999999803549,0
2,4,idle,137,0.0026659999994080863,0
2,4,idle,138,0.0024999999995998223,0
2,4,idle,139,0.0026250000000800355,0
2,4,idle,140,0.0028339999998934218,0
2,4,idle,141,0.005000000000109139,0
2,4,idle,142,0.0027500000005602487,0
2,4,idle,143,0.0024999999995998223,0
2,4,idle,144,0.0026250000000800355,0
2,4,idle,145,0.0026250000000800355,0
2,4,idle,146,0.0029999999997016857,0
2,4,idle,147,0.0024999999995998223,0
2,4,idle,148,0.0026670000006561168,0
2,4,idle,149,0.0024999999995998223,0
2,4,idle,150,0.0242500000003929,0
2,4,idle,151,0.0027920000002268353,0
2,4,idle,152,0.0042090000006282935,0
2,4,idle,153,0.0029589999994641403,0
2,4,idle,154,0.00258399999984249,0
2,4,idle,155,0.0027089999994132086,0
2,4,idle,156,0.0028339999998934218,0
2,4,idle,157,0.0032920000003286987,0
2,4,idle,158,0.0024999999995998223,0
2,4,idle,159,0.0027500000005602487,0
2,4,idle,160,0.002666999999746622,0
2,4,idle,161,0.002583000000413449,0
2,4,idle,162,0.003040999999939231,0
2,4,idle,163,2.857833000000028,0
2,4,idle,164,0.12749999999959982,0
2,4,idle,165,0.01587500000005093,0
2,4,idle,166,0.003125000000181899,0
2,4,idle,167,0.003333000000566244,0
2,4,idle,168,0.0020000000004074536,0
2,4,idle,169,0.002417000000605185,0
2,4,idle,170,0.004708000000391621,0
2,4,idle,171,0.0020830000003115856,0
2,4,idle,172,0.002124999999978172,0
2,4,idle,173,0.005709000000024389,0
2,4,idle,174,0.0021670000005542533,0
2,4,idle,175,0.001750000000356522,0
2,4,idle,176,0.0019589999992604135,0
2,4,idle,177,0.001750000000356522,0
2,4,idle,178,0.0025420000001759036,0
2,4,idle,179,0.0017089999992094818,0
2,4,idle,180,0.0018749999999272404,0
2,4,idle,181,0.0018749999999272404,0
2,4,idle,182,0.001833999999689695,0
2,4,idle,183,0.003584000000046217,0
2,4,idle,184,0.0019589999992604135,0
2,4,idle,185,0.004584000000249944,0
2,4,idle,186,0.0024169999996956903,0
2,4,idle,187,0.0016249999998763087,0
2,4,idle,188,0.001916999999593827,0
2,4,idle,189,0.0021669999996447586,0
2,4,idle,190,0.01595800000086456,0
2,4,idle,191,0.002207999999882304,0
2,4,idle,192,0.0017080000006899354,0
2,4,idle,193,0.0019160000001647859,0
2,4,idle,194,0.003042000000277767,0
2,4,idle,195,0.0018749999999272404,0
2,4,idle,196,0.0018749999999272404,0
2,4,idle,197,0.0016249999998763087,0
2,4,idle,198,0.0022500000004583853,0
2,4,idle,199,0.0020000000004074536,0
2,4,idle,200,0.0015410000005431357,0
2,4,idle,201,0.0015410000005431357,0
2,4,idle,202,0.0015419999999721767,0
2,4,idle,203,0.0015000000003055902,0
2,4,idle,204,0.0029169999997975538,0
2,4,idle,205,0.0017499999994470272,0
2,4,idle,206,0.0016249999998763087,0
2,4,idle,207,0.0015410000005431357,0
2,4,idle,208,0.0015000000003055902,0
2,4,idle,209,0.0015410000005431357,0
2,4,idle,210,0.0019579999998313724,0
2,4,idle,211,0.0016250000007858034,0
2,4,idle,212,0.00687500000003638,0
2,4,idle,213,0.0017920000000231084,0
2,4,idle,214,0.001540999999633641,0
2,4,idle,215,0.0030419999993682723,0
2,4,idle,216,0.00166700000045239,0
2,4,idle,217,0.0016249999998763087,0
2,4,idle,218,0.0015839999996387633,0
2,4,idle,219,0.0015419999999721767,0
2,4,idle,220,0.0019160000001647859,0
2,4,idle,221,0.0016249999998763087,0
2,4,idle,222,0.0015410000005431357,0
2,4,idle,223,0.0015830000002097222,0
2,4,idle,224,0.002124999999978172,0
2,4,idle,225,0.0020409999997355044,0
2,4,idle,226,0.0015419999999721767,0
2,4,idle,227,0.0016249999998763087,0
2,4,idle,228,0.0015829999993002275,0
2,4,idle,229,0.0015419999999721767,0
2,4,idle,230,0.0014590000000680448,0
2,4,idle,231,0.0017920000000231084,0
2,4,idle,232,0.0015000000003055902,0
2,4,idle,233,0.0015419999999721767,0
2,4,idle,234,0.0014590000000680448,0
2,4,idle,235,0.0014590000000680448,0
2,4,idle,236,0.002334000000701053,0
2,4,idle,237,0.001584000000548258,0
2,4,idle,238,0.0015419999999721767,0
2,4,idle,239,0.0014160000000629225,0
2,4,idle,240,0.0015419999999721767,0
2,4,idle,241,0.0019579999998313724,0
2,4,idle,242,0.0015830000002097222,0
2,4,idle,243,0.001457999999729509,0
2,4,idle,244,0.0014169999994919635,0
2,4,idle,245,0.0015000000003055902,0
2,4,idle,246,0.0024999999995998223,0
2,4,idle,247,0.0014999999993960955,0
2,4,idle,248,0.0016669999995428952,0
2,4,idle,249,0.0015839999996387633,0
2,4,idle,250,0.0015000000003055902,0
2,4,idle,251,0.0015000000003055902,0
2,4,idle,252,0.0019579999998313724,0
2,4,idle,253,0.0015829999993002275,0
2,4,idle,254,0.001457999999729509,0
2,4,idle,255,0.002457999999933236,0
2,4,idle,256,0.0016660000001138542,0
2,4,idle,257,0.0018749999999272404,0
2,4,idle,258,0.0015410000005431357,0
2,4,idle,259,0.00166700000045239,0
2,4,idle,260,0.0016249999998763087,0
2,4,idle,261,0.0014999999993960955,0
2,4,idle,262,0.0018749999999272404,0
2,4,idle,263,0.001540999999633641,0
2,4,idle,264,0.0015000000003055902,0
2,4,idle,265,0.0015000000003055902,0
2,4,idle,266,0.0015419999999721767,0
2,4,idle,267,0.002165999999306223,0
2,4,idle,268,0.0015419999999721767,0
2,4,idle,269,0.0014590000000680448,0
2,4,idle,270,0.0015000000003055902,0
2,4,idle,271,0.0014170000004014582,0
2,4,idle,272,0.0015839999996387633,0
2,4,idle,273,0.005874999999832653,0
2,4,idle,274,0.016666999999870313,0
2,4,idle,275,0.002124999999978172,0
2,4,idle,276,0.002207999999882304,0
2,4,idle,277,0.0015830000002097222,0
2,4,idle,278,0.003290999999990163,0
2,4,idle,279,0.0015419999999721767,0
2,4,idle,280,0.0016249999998763087,0
2,4,idle,281,0.0025420000001759036,0
2,4,idle,282,0.0022499999995488906,0
2,4,idle,283,0.0019579999998313724,0
2,4,idle,284,0.0015419999999721767,0
2,4,idle,285,0.0024169999996956903,0
2,4,idle,286,0.0014999999993960955,0
2,4,idle,287,0.0015419999999721767,0
2,4,idle,288,0.0015419999999721767,0
2,4,idle,289,0.0018749999999272404,0
2,4,idle,290,0.001750000000356522,0
2,4,idle,291,0.0014580000006390037,0
2,4,idle,292,0.001457999999729509,0
2,4,idle,293,0.0014999999993960955,0
2,4,idle,294,0.001999999999497959,0
2,4,idle,295,0.0014590000000680448,0
2,4,idle,296,0.0016249999998763087,0
2,4,idle,297,0.0015830000002097222,0
2,4,idle,298,0.0016249999998763087,0
2,4,idle,299,0.002207999999882304,0
2,4,idle,300,0.0016249999998763087,0
2,4,idle,301,0.0014590000000680448,0
2,4,idle,302,0.0015839999996387633,0
2,4,idle,303,0.0014590000000680448,0
2,4,idle,304,0.00204200000007404,0
2,4,idle,305,0.001457999999729509,0
2,4,idle,306,0.001540999999633641,0
2,4,idle,307,0.0014580000006390037,0
2,4,idle,308,0.0015000000003055902,0
2,4,idle,309,0.0020000000004074536,0
2,4,idle,310,0.0018749999999272404,0
2,4,idle,311,0.0016669999995428952,0
2,4,idle,312,0.0015000000003055902,0
2,4,idle,313,0.001457999999729509,0
2,4,idle,314,0.002124999999978172,0
2,4,idle,315,0.0020000000004074536,0
2,4,idle,316,0.0014590000000680448,0
2,4,idle,317,0.0014590000000680448,0
2,4,idle,318,0.0015000000003055902,0
2,4,idle,319,0.0015410000005431357,0
2,4,idle,320,0.0017499999994470272,0
2,4,idle,321,0.001457999999729509,0
2,4,idle,322,0.0015829999993002275,0
2,4,idle,323,0.001540999999633641,0
2,4,idle,324,0.0015000000003055902,0
2,4,idle,325,0.0018750000008367351,0
2,4,idle,326,0.0015000000003055902,0
2,4,idle,327,0.0015830000002097222,0
2,4,idle,328,0.0014580000006390037,0
2,4,idle,329,0.001457999999729509,0
2,4,idle,330,0.0017920000000231084,0
2,4,idle,331,0.0018750000008367351,0
2,4,idle,332,0.001457999999729509,0
2,4,idle,333,0.0014999999993960955,0
2,4,idle,334,0.001457999999729509,0
2,4,idle,335,0.0015000000003055902,0
2,4,idle,336,0.006041999999979453,0
2,4,idle,337,0.0015830000002097222,0
2,4,idle,338,0.0015000000003055902,0
2,4,idle,339,0.0016250000007858034,0
2,4,idle,340,0.0017920000000231084,0
2,4,idle,341,0.002541999999266409,0
2,4,idle,342,0.0015830000002097222,0
2,4,idle,343,0.0015830000002097222,0
2,4,idle,344,0.0020409999997355044,0
2,4,idle,345,0.0015419999999721767,0
2,4,idle,346,0.00204200000007404,0
2,4,idle,347,0.001540999999633641,0
2,4,idle,348,0.0014999999993960955,0
2,4,idle,349,0.001540999999633641,0
2,4,idle,350,0.0014580000006390037,0
2,4,idle,351,0.00166700000045239,0
2,4,idle,352,0.0018749999999272404,0
2,4,idle,353,0.0017920000000231084,0
2,4,idle,354,0.0015419999999721767,0
2,4,idle,355,0.001540999999633641,0
2,4,idle,356,0.0015419999999721767,0
2,4,idle,357,0.005167000000255939,0
2,4,idle,358,0.0016660000001138542,0
2,4,idle,359,0.0015419999999721767,0
2,4,idle,360,0.0015000000003055902,0
2,4,idle,361,0.0015830000002097222,0
2,4,idle,362,0.0023329999994530226,0
2,4,idle,363,0.0014999999993960955,0
2,4,idle,364,0.0014999999993960955,0
2,4,idle,365,0.001916999999593827,0
2,4,idle,366,0.001457999999729509,0
2,4,idle,367,0.0018750000008367351,0
2,4,idle,368,0.001584000000548258,0
2,4,idle,369,0.0014170000004014582,0
2,4,idle,370,0.0016660000001138542,0
2,4,idle,371,0.0014999999993960955,0
2,4,idle,372,0.0020409999997355044,0
2,4,idle,373,0.001833000000260654,0
2,4,idle,374,0.001958000000740867,0
2,4,idle,375,0.0015000000003055902,0
2,4,idle,376,0.0015000000003055902,0
2,4,idle,377,0.0015000000003055902,0
2,4,idle,378,0.0019170000005033216,0
2,4,idle,379,0.0016669999995428952,0
2,4,idle,380,0.0015410000005431357,0
2,4,idle,381,0.0015000000003055902,0
2,4,idle,382,0.0015830000002097222,0
2,4,idle,383,0.002500000000509317,0
2,4,idle,384,0.0015839999996387633,0
2,4,idle,385,0.0017090000001189765,0
2,4,idle,386,0.0015000000003055902,0
2,4,idle,387,0.0015419999999721767,0
2,4,idle,388,0.0015419999999721767,0
2,4,idle,389,0.0018749999999272404,0
2,4,idle,390,0.0015000000003055902,0
2,4,idle,391,0.0015829999993002275,0
2,4,idle,392,0.002290999999786436,0
2,4,idle,393,0.002375000000029104,0
2,4,idle,394,0.0019160000001647859,0
2,4,idle,395,0.0015419999999721767,0
2,4,idle,396,0.0015419999999721767,0
2,4,idle,397,0.0015410000005431357,0
2,4,idle,398,0.004917000000205007,0
2,4,idle,399,0.001959000000169908,0
2,4,idle,400,0.0017090000001189765,0
2,4,idle,401,0.0017499999994470272,0
2,4,idle,402,0.0014999999993960955,0
2,4,idle,403,0.0017079999997804407,0
2,4,idle,404,0.0029580000000350992,0
2,4,idle,405,0.0016659999992043595,0
2,4,idle,406,0.0017079999997804407,0
2,4,idle,407,0.0015419999999721767,0
2,4,idle,408,0.0015000000003055902,0
2,4,idle,409,0.0015000000003055902,0
2,4,idle,410,0.0019579999998313724,0
2,4,idle,411,0.001540999999633641,0
2,4,idle,412,0.0015419999999721767,0
2,4,idle,413,0.0015419999999721767,0
2,4,idle,414,0.001540999999633641,0
2,4,idle,415,0.001958000000740867,0
2,4,idle,416,0.0015000000003055902,0
2,4,idle,417,0.0016249999998763087,0
2,4,idle,418,0.0015419999999721767,0
2,4,idle,419,0.0015410000005431357,0
2,4,idle,420,0.0019170000005033216,0
2,4,idle,421,0.0015419999999721767,0
2,4,idle,422,0.001540999999633641,0
2,4,idle,423,0.0015000000003055902,0
2,4,idle,424,0.0015000000003055902,0
2,4,idle,425,0.0021669999996447586,0
2,4,idle,426,0.0015829999993002275,0
2,4,idle,427,0.002290999999786436,0
2,4,idle,428,0.0016250000007858034,0
2,4,idle,429,0.001540999999633641,0
2,4,idle,430,0.0014999999993960955,0
2,4,idle,431,0.0018749999999272404,0
2,4,idle,432,0.0017090000001189765,0
2,4,idle,433,0.0015419999999721767,0
2,4,idle,434,0.002291000000695931,0
2,4,idle,435,0.0020000000004074536,0
2,4,idle,436,0.0020000000004074536,0
2,4,idle,437,0.0015419999999721767,0
2,4,idle,438,0.0016249999998763087,0
2,4,idle,439,0.0015830000002097222,0
2,4,idle,440,0.0014170000004014582,0
2,4,idle,441,0.005959000000075321,0
2,4,idle,442,0.0015839999996387633,0
2,4,idle,443,0.0015000000003055902,0
2,4,idle,444,0.0015419999999721767,0
2,4,idle,445,0.0015000000003055902,0
2,4,idle,446,0.0019579999998313724,0
2,4,idle,447,0.0015419999999721767,0
2,4,idle,448,0.00166700000045239,0
2,4,idle,449,0.001833000000260654,0
2,4,idle,450,0.0015830000002097222,0
2,4,idle,451,0.0015410000005431357,0
2,4,idle,452,0.001833000000260654,0
2,4,idle,453,0.00166700000045239,0
2,4,idle,454,0.001584000000548258,0
2,4,idle,455,0.0016669999995428952,0
2,4,idle,456,0.0019579999998313724,0
2,4,idle,457,0.001833000000260654,0
2,4,idle,458,0.0017909999996845727,0
2,4,idle,459,0.001457999999729509,0
2,4,idle,460,0.0046249999995779945,0
2,4,idle,461,0.0015830000002097222,0
2,4,idle,462,0.0018750000008367351,0
2,4,idle,463,0.0015419999999721767,0
2,4,idle,464,0.002124999999978172,0
2,4,idle,465,0.0015419999999721767,0
2,4,idle,466,0.0015000000003055902,0
2,4,idle,467,0.002500000000509317,0
2,4,idle,468,0.0015000000003055902,0
2,4,idle,469,0.0017079999997804407,0
2,4,idle,470,0.0015829999993002275,0
2,4,idle,471,0.0015830000002097222,0
2,4,idle,472,0.0014580000006390037,0
2,4,idle,473,0.001958000000740867,0
2,4,idle,474,0.0015000000003055902,0
2,4,idle,475,0.001584000000548258,0
2,4,idle,476,0.0015419999999721767,0
2,4,idle,477,0.0015000000003055902,0
2,4,idle,478,0.0019170000005033216,0
2,4,idle,479,0.0015410000005431357,0
2,4,idle,480,0.0015830000002097222,0
2,4,idle,481,0.0015830000002097222,0
2,4,idle,482,0.07141700000011042,0
2,4,idle,483,0.004124999999476131,0
2,4,idle,484,0.0017920000000231084,0
2,4,idle,485,0.00316700000075798,0
2,4,idle,486,0.0028330000004643807,0
2,4,idle,487,0.001540999999633641,0
2,4,idle,488,0.0021669999996447586,0
2,4,idle,489,0.0018749999999272404,0
2,4,idle,490,0.0015830000002097222,0
2,4,idle,491,0.0016249999998763087,0
2,4,idle,492,0.001540999999633641,0
2,4,idle,493,0.002291999999215477,0
2,4,idle,494,0.0020000000004074536,0
2,4,idle,495,0.00166700000045239,0
2,4,idle,496,0.0015419999999721767,0
2,4,idle,497,0.0014999999993960955,0
2,4,idle,498,0.10987500000010186,0
2,4,idle,499,0.0075839999999516294,0
2,4,idle,500,0.0018749999999272404,0
2,4,idle,501,0.0017920000000231084,0
2,4,idle,502,0.0016669999995428952,0
2,4,idle,503,0.0017080000006899354,0
2,4,idle,504,0.0020000000004074536,0
2,4,idle,505,0.002749999999650754,0
2,4,idle,506,0.0016250000007858034,0
2,4,idle,507,0.0015419999999721767,0
2,4,idle,508,0.001540999999633641,0
2,4,idle,509,0.0016250000007858034,0
2,4,idle,510,0.0020409999997355044,0
2,4,idle,511,0.0017499999994470272,0
2,4,idle,512,0.0015829999993002275,0
2,4,idle,513,0.00724999999965803,0
2,4,idle,514,0.0024590000002717716,0
2,4,idle,515,0.00204200000007404,0
2,4,idle,516,0.0015829999993002275,0
2,4,idle,517,0.001540999999633641,0
2,4,idle,518,0.0015000000003055902,0
2,4,idle,519,0.002041000000644999,0
2,4,idle,520,0.0020000000004074536,0
2,4,idle,521,0.001457999999729509,0
2,4,idle,522,0.005957999999736785,0
2,4,idle,523,0.0015830000002097222,0
2,4,idle,524,0.002374999999119609,0
2,4,idle,525,0.004917000000205007,0
2,4,idle,526,0.0015830000002097222,0
2,4,idle,527,0.002125000000887667,0
2,4,idle,528,0.0021669999996447586,0
2,4,idle,529,0.00204200000007404,0
2,4,idle,530,0.0024999999995998223,0
2,4,idle,531,0.0020000000004074536,0
2,4,idle,532,0.0016249999998763087,0
2,4,idle,533,0.0020409999997355044,0
2,4,idle,534,0.0014580000006390037,0
2,4,idle,535,0.0015000000003055902,0
2,4,idle,536,0.0019160000001647859,0
2,4,idle,537,0.001833000000260654,0
2,4,idle,538,0.0017079999997804407,0
2,4,idle,539,0.0015419999999721767,0
2,4,idle,540,0.0015419999999721767,0
2,4,idle,541,0.0018749999999272404,0
2,4,idle,542,0.0015839999996387633,0
2,4,idle,543,0.0017090000001189765,0
2,4,idle,544,0.0014590000000680448,0
2,4,idle,545,0.001584000000548258,0
2,4,idle,546,0.0018340000005991897,0
2,4,idle,547,0.0015420000008816714,0
2,4,idle,548,0.0015000000003055902,0
2,4,idle,549,0.0017920000000231084,0
2,4,idle,550,0.0014999999993960955,0
2,4,idle,551,0.001959000000169908,0
2,4,idle,552,0.0019589999992604135,0
2,4,idle,553,0.0016249999998763087,0
2,4,idle,554,0.002207999999882304,0
2,4,idle,555,0.0015000000003055902,0
2,4,idle,556,0.0015410000005431357,0
2,4,idle,557,0.0019579999998313724,0
2,4,idle,558,0.0023330000003625173,0
2,4,idle,559,0.0014580000006390037,0
2,4,idle,560,0.0015419999999721767,0
2,4,idle,561,0.001999999999497959,0
2,4,idle,562,0.001833000000260654,0
2,4,idle,563,0.0017079999997804407,0
2,4,idle,564,0.0016660000001138542,0
2,4,idle,565,0.0015830000002097222,0
2,4,idle,566,0.00166700000045239,0
2,4,idle,567,0.001959000000169908,0
2,4,idle,568,0.0015839999996387633,0
2,4,idle,569,0.0015000000003055902,0
2,4,idle,570,0.0016249999998763087,0
2,4,idle,571,0.001540999999633641,0
2,4,idle,572,0.0015830000002097222,0
2,4,idle,573,0.0018749999999272404,0
2,4,idle,574,0.0016660000001138542,0
2,4,idle,575,0.0015000000003055902,0
2,4,idle,576,0.0014580000006390037,0
2,4,idle,577,0.001540999999633641,0
2,4,idle,578,0.0018749999999272404,0
2,4,idle,579,0.0015830000002097222,0
2,4,idle,580,0.0015410000005431357,0
2,4,idle,581,0.0015000000003055902,0
2,4,idle,582,0.001833000000260654,0
2,4,idle,583,0.002500000000509317,0
2,4,idle,584,0.005166999999346444,0
2,4,idle,585,0.001584000000548258,0
2,4,idle,586,0.001584000000548258,0
2,4,idle,587,0.0015420000008816714,0
2,4,idle,588,0.0015830000002097222,0
2,4,idle,589,0.0018749999999272404,0
2,4,idle,590,0.0017090000001189765,0
2,4,idle,591,0.0014590000000680448,0
2,4,idle,592,0.0016249999998763087,0
2,4,idle,593,0.001999999999497959,0
2,4,idle,594,0.0018329999993511592,0
2,4,idle,595,0.0016249999998763087,0
2,4,idle,596,0.0015420000008816714,0
2,4,idle,597,0.0015000000003055902,0
2,4,idle,598,0.0015000000003055902,0
2,4,idle,599,0.0019579999998313724,0
2,4,idle,600,0.0015000000003055902,0
2,4,idle,601,0.0015830000002097222,0
2,4,idle,602,0.002375000000029104,0
2,4,idle,603,0.0014169999994919635,0
2,4,idle,604,0.0018749999999272404,0
2,4,idle,605,0.0015419999999721767,0
2,4,idle,606,0.0016249999998763087,0
2,4,idle,607,0.0015000000003055902,0
2,4,idle,608,0.004791000000295753,0
2,4,idle,609,0.0016249999998763087,0
2,4,idle,610,0.0019160000001647859,0
2,4,idle,611,0.0015000000003055902,0
2,4,idle,612,0.0014160000000629225,0
2,4,idle,613,0.002375000000029104,0
2,4,idle,614,0.0019579999998313724,0
2,4,idle,615,0.001750000000356522,0
2,4,idle,616,0.0027920000002268353,0
2,4,idle,617,0.0015829999993002275,0
2,4,idle,618,0.001540999999633641,0
2,4,idle,619,0.0014580000006390037,0
2,4,idle,620,0.0018749999999272404,0
2,4,idle,621,0.0014999999993960955,0
2,4,idle,622,0.0014590000000680448,0
2,4,idle,623,0.0015419999999721767,0
2,4,idle,624,0.0021660000002157176,0
2,4,idle,625,0.0017920000000231084,0
2,4,idle,626,0.0015419999999721767,0
2,4,idle,627,0.0016660000001138542,0
2,4,idle,628,0.0015419999999721767,0
2,4,idle,629,0.0015419999999721767,0
2,4,idle,630,0.001540999999633641,0
2,4,idle,631,0.0018750000008367351,0
2,4,idle,632,0.0015000000003055902,0
2,4,idle,633,0.0015419999999721767,0
2,4,idle,634,0.001457999999729509,0
2,4,idle,635,0.0014580000006390037,0
2,4,idle,636,0.0017909999996845727,0
2,4,idle,637,0.0014999999993960955,0
2,4,idle,638,0.0015830000002097222,0
2,4,idle,639,0.001540999999633641,0
2,4,idle,640,0.001457999999729509,0
2,4,idle,641,0.0026670000006561168,0
2,4,idle,642,0.0016249999998763087,0
2,4,idle,643,0.001999999999497959,0
2,4,idle,644,0.0015830000002097222,0
2,4,idle,645,0.0017909999996845727,0
2,4,idle,646,0.006416999999601103,0
2,4,idle,647,0.0015419999999721767,0
2,4,idle,648,0.0015410000005431357,0
2,4,idle,649,0.0016660000001138542,0
2,4,idle,650,0.0015419999999721767,0
2,4,idle,651,0.0015000000003055902,0
2,4,idle,652,0.001833000000260654,0
2,4,idle,653,0.0015419999999721767,0
2,4,idle,654,0.0015000000003055902,0
2,4,idle,655,0.0015000000003055902,0
2,4,idle,656,0.0020000000004074536,0
2,4,idle,657,0.001916999999593827,0
2,4,idle,658,0.0015410000005431357,0
2,4,idle,659,0.0016249999998763087,0
2,4,idle,660,0.0016249999998763087,0
2,4,idle,661,0.0014999999993960955,0
2,4,idle,662,0.0019579999998313724,0
2,4,idle,663,0.0015000000003055902,0
2,4,idle,664,0.0015000000003055902,0
2,4,idle,665,0.0015419999999721767,0
2,4,idle,666,0.0015830000002097222,0
2,4,idle,667,0.0019579999998313724,0
2,4,idle,668,0.0014999999993960955,0
2,4,idle,669,0.001750000000356522,0
2,4,idle,670,0.00204200000007404,0
2,4,idle,671,0.0015839999996387633,0
2,4,idle,672,0.0015419999999721767,0
2,4,idle,673,0.0017910000005940674,0
2,4,idle,674,0.0015419999999721767,0
2,4,idle,675,0.0014590000000680448,0
2,4,idle,676,0.0014999999993960955,0
2,4,idle,677,0.0017090000001189765,0
2,4,idle,678,0.0018749999999272404,0
2,4,idle,679,0.0014999999993960955,0
2,4,idle,680,0.0015829999993002275,0
2,4,idle,681,0.001540999999633641,0
2,4,idle,682,0.0015000000003055902,0
2,4,idle,683,0.0018749999999272404,0
2,4,idle,684,0.0015000000003055902,0
2,4,idle,685,0.0022500000004583853,0
2,4,idle,686,0.0014580000006390037,0
2,4,idle,687,0.0018749999999272404,0
2,4,idle,688,0.0016249999998763087,0
2,4,idle,689,0.0018749999999272404,0
2,4,idle,690,0.001540999999633641,0
2,4,idle,691,0.0015830000002097222,0
2,4,idle,692,0.00966699999935372,0
2,4,idle,693,0.0017090000001189765,0
2,4,idle,694,0.0018749999999272404,0
2,4,idle,695,0.0016249999998763087,0
2,4,idle,696,0.0016249999998763087,0
2,4,idle,697,0.001584000000548258,0
2,4,idle,698,0.0015839999996387633,0
2,4,idle,699,0.0018749999999272404,0
2,4,idle,700,0.006083000000216998,0
2,4,idle,701,0.001833000000260654,0
2,4,idle,702,0.0016250000007858034,0
2,4,idle,703,0.0024160000002666493,0
2,4,idle,704,0.001916999999593827,0
2,4,idle,705,0.0015419999999721767,0
2,4,idle,706,0.0016249999998763087,0
2,4,idle,707,0.001584000000548258,0
2,4,idle,708,0.004791999999724794,0
2,4,idle,709,0.0017079999997804407,0
2,4,idle,710,0.0017909999996845727,0
2,4,idle,711,0.0015829999993002275,0
2,4,idle,712,0.001457999999729509,0
2,4,idle,713,0.0015000000003055902,0
2,4,idle,714,0.0015410000005431357,0
2,4,idle,715,0.0019170000005033216,0
2,4,idle,716,0.001584000000548258,0
2,4,idle,717,0.0015000000003055902,0
2,4,idle,718,0.0015000000003055902,0
2,4,idle,719,0.002082999999402091,0
2,4,idle,720,0.0018329999993511592,0
2,4,idle,721,0.0016249999998763087,0
2,4,idle,722,0.0022500000004583853,0
2,4,idle,723,0.0015000000003055902,0
2,4,idle,724,0.0015410000005431357,0
2,4,idle,725,0.001833000000260654,0
2,4,idle,726,0.0015419999999721767,0
2,4,idle,727,0.0015000000003055902,0
2,4,idle,728,0.0015419999999721767,0
2,4,idle,729,0.0014999999993960955,0
2,4,idle,730,0.0015419999999721767,0
2,4,idle,731,0.004916999999295513,0
2,4,idle,732,0.0018329999993511592,0
2,4,idle,733,0.001540999999633641,0
2,4,idle,734,0.0015419999999721767,0
2,4,idle,735,0.0015000000003055902,0
2,4,idle,736,0.0018749999999272404,0
2,4,idle,737,0.001540999999633641,0
2,4,idle,738,0.0014999999993960955,0
2,4,idle,739,0.0014999999993960955,0
2,4,idle,740,0.0017920000000231084,0
2,4,idle,741,0.001833000000260654,0
2,4,idle,742,0.0024160000002666493,0
2,4,idle,743,0.001457999999729509,0
2,4,idle,744,0.0014580000006390037,0
2,4,idle,745,0.0015419999999721767,0
2,4,idle,746,0.0017920000000231084,0
2,4,idle,747,0.001457999999729509,0
2,4,idle,748,0.0017079999997804407,0
2,4,idle,749,0.0015410000005431357,0
2,4,idle,750,0.001916999999593827,0
2,4,idle,751,0.0014590000000680448,0
2,4,idle,752,0.001833999999689695,0
2,4,idle,753,0.0016249999998763087,0
2,4,idle,754,0.0015000000003055902,0
2,4,idle,755,0.0015000000003055902,0
2,4,idle,756,0.0014590000000680448,0
2,4,idle,757,0.001916999999593827,0
2,4,idle,758,0.0015410000005431357,0
2,4,idle,759,0.00166700000045239,0
2,4,idle,760,0.0015000000003055902,0
2,4,idle,761,0.004708000000391621,0
2,4,idle,762,0.0018749999999272404,0
2,4,idle,763,0.0014999999993960955,0
2,4,idle,764,0.0016249999998763087,0
2,4,idle,765,0.001457999999729509,0
2,4,idle,766,0.0015000000003055902,0
2,4,idle,767,0.001833000000260654,0
2,4,idle,768,0.0014580000006390037,0
2,4,idle,769,0.0015410000005431357,0
2,4,idle,770,0.004332999999860476,0
2,4,idle,771,0.0019170000005033216,0
2,4,idle,772,0.0016669999995428952,0
2,4,idle,773,0.0019160000001647859,0
2,4,idle,774,0.0017079999997804407,0
2,4,idle,775,0.0015830000002097222,0
2,4,idle,776,0.004125000000385626,0
2,4,idle,777,0.0015000000003055902,0
2,4,idle,778,0.0023339999997915584,0
2,4,idle,779,0.0016249999998763087,0
2,4,idle,780,0.0018749999999272404,0
2,4,idle,781,0.0014999999993960955,0
2,4,idle,782,0.00204200000007404,0
2,4,idle,783,0.0019160000001647859,0
2,4,idle,784,0.0018329999993511592,0
2,4,idle,785,0.0017079999997804407,0
2,4,idle,786,0.0015000000003055902,0
2,4,idle,787,0.002375000000029104,0
2,4,idle,788,0.0015830000002097222,0
2,4,idle,789,0.001833000000260654,0
2,4,idle,790,0.0015830000002097222,0
2,4,idle,791,0.0014999999993960955,0
2,4,idle,792,0.0056670000003578025,0
2,4,idle,793,0.001540999999633641,0
2,4,idle,794,0.0018329999993511592,0
2,4,idle,795,0.0014999999993960955,0
2,4,idle,796,0.0016249999998763087,0
2,4,idle,797,0.0015419999999721767,0
2,4,idle,798,0.0015000000003055902,0
2,4,idle,799,0.0018749999999272404,0
2,4,idle,800,0.0015830000002097222,0
2,4,idle,801,0.0015000000003055902,0
2,4,idle,802,0.0015000000003055902,0
2,4,idle,803,0.0017920000000231084,0
2,4,idle,804,0.0018749999999272404,0
2,4,idle,805,0.0014999999993960955,0
2,4,idle,806,0.0015829999993002275,0
2,4,idle,807,0.0015419999999721767,0
2,4,idle,808,0.0014999999993960955,0
2,4,idle,809,0.0014999999993960955,0
2,4,idle,810,0.0019160000001647859,0
2,4,idle,811,0.0015000000003055902,0
2,4,idle,812,0.0015000000003055902,0
2,4,idle,813,0.00204200000007404,0
2,4,idle,814,0.0014999999993960955,0
2,4,idle,815,0.0018749999999272404,0
2,4,idle,816,0.001750000000356522,0
2,4,idle,817,0.001750000000356522,0
2,4,idle,818,0.0014999999993960955,0
2,4,idle,819,0.0015419999999721767,0
2,4,idle,820,0.0024999999995998223,0
2,4,idle,821,0.001540999999633641,0
2,4,idle,822,0.004666999999244581,0
2,4,idle,823,0.0016249999998763087,0
2,4,idle,824,0.0016669999995428952,0
2,4,idle,825,0.001999999999497959,0
2,4,idle,826,0.0014999999993960955,0
2,4,idle,827,0.0017089999992094818,0
2,4,idle,828,0.001584000000548258,0
2,4,idle,829,0.0015000000003055902,0
2,4,idle,830,0.0015000000003055902,0
2,4,idle,831,0.0026250000000800355,0
2,4,idle,832,0.004834000000300875,0
2,4,idle,833,0.0015000000003055902,0
2,4,idle,834,0.002375000000029104,0
2,4,idle,835,0.0014999999993960955,0
2,4,idle,836,0.0017090000001189765,0
2,4,idle,837,0.0015419999999721767,0
2,4,idle,838,0.0015410000005431357,0
2,4,idle,839,0.0015000000003055902,0
2,4,idle,840,0.001540999999633641,0
2,4,idle,841,0.001999999999497959,0
2,4,idle,842,0.001457999999729509,0
2,4,idle,843,0.0014580000006390037,0
2,4,idle,844,0.0014160000000629225,0
2,4,idle,845,0.0020000000004074536,0
2,4,idle,846,0.0017910000005940674,0
2,4,idle,847,0.0015000000003055902,0
2,4,idle,848,0.0016249999998763087,0
2,4,idle,849,0.0016669999995428952,0
2,4,idle,850,0.001540999999633641,0
2,4,idle,851,0.0015419999999721767,0
2,4,idle,852,0.004542000000583357,0
2,4,idle,853,0.0018749999999272404,0
2,4,idle,854,0.0017090000001189765,0
2,4,idle,855,0.0015000000003055902,0
2,4,idle,856,0.0015830000002097222,0
2,4,idle,857,0.0018749999999272404,0
2,4,idle,858,0.0015830000002097222,0
2,4,idle,859,0.0017909999996845727,0
2,4,idle,860,0.004124999999476131,0
2,4,idle,861,0.0015830000002097222,0
2,4,idle,862,0.0018749999999272404,0
2,4,idle,863,0.0015419999999721767,0
2,4,idle,864,0.0015410000005431357,0
2,4,idle,865,0.0015419999999721767,0
2,4,idle,866,0.0017920000000231084,0
2,4,idle,867,0.001833000000260654,0
2,4,idle,868,0.0017909999996845727,0
2,4,idle,869,0.0015419999999721767,0
2,4,idle,870,0.0014999999993960955,0
2,4,idle,871,0.0015000000003055902,0
2,4,idle,872,0.0015000000003055902,0
2,4,idle,873,0.0019170000005033216,0
2,4,idle,874,0.0015419999999721767,0
2,4,idle,875,0.0021660000002157176,0
2,4,idle,876,0.0019170000005033216,0
2,4,idle,877,0.0016249999998763087,0
2,4,idle,878,0.0019579999998313724,0
2,4,idle,879,0.0015830000002097222,0
2,4,idle,880,0.0016250000007858034,0
2,4,idle,881,0.0014160000000629225,0
2,4,idle,882,0.0015000000003055902,0
2,4,idle,883,0.004875000000538421,0
2,4,idle,884,0.0016250000007858034,0
2,4,idle,885,0.0015419999999721767,0
2,4,idle,886,0.0014590000000680448,0
2,4,idle,887,0.0015419999999721767,0
2,4,idle,888,0.0015830000002097222,0
2,4,idle,889,0.0019160000001647859,0
2,4,idle,890,0.0017079999997804407,0
2,4,idle,891,0.0016249999998763087,0
2,4,idle,892,0.0015000000003055902,0
2,4,idle,893,0.0014999999993960955,0
2,4,idle,894,0.005666999999448308,0
2,4,idle,895,0.0015419999999721767,0
2,4,idle,896,0.0015410000005431357,0
2,4,idle,897,0.056999999999789,0
2,4,idle,898,0.006583000000318862,0
2,4,idle,899,0.004208000000289758,0
2,4,idle,900,0.0029580000000350992,0
2,4,idle,901,0.003125000000181899,0
2,4,idle,902,0.0027909999998882995,0
2,4,idle,903,0.0027500000005602487,0
2,4,idle,904,0.003040999999939231,0
2,4,idle,905,0.0028749999992214725,0
2,4,idle,906,0.003957999999329331,0
2,4,idle,907,0.0026659999994080863,0
2,4,idle,908,0.003958000000238826,0
2,4,idle,909,0.0027909999998882995,0
2,4,idle,910,0.003125000000181899,0
2,4,idle,911,0.0032499999997526174,0
2,4,idle,912,0.00258399999984249,0
2,4,idle,913,0.019416000000092026,0
2,4,idle,914,0.003583000000617176,0
2,4,idle,915,0.003499999999803549,0
2,4,idle,916,0.002540999999837368,0
2,4,idle,917,0.0026250000000800355,0
2,4,idle,918,0.002624999999170541,0
2,4,idle,919,0.004834000000300875,0
2,4,idle,920,0.0031249999992724042,0
2,4,idle,921,0.002832999999554886,0
2,4,idle,922,0.0029580000000350992,0
2,4,idle,923,0.002749999999650754,0
2,4,idle,924,0.002457999999933236,0
2,4,idle,925,0.0032499999997526174,0
2,4,idle,926,0.002666999999746622,0
2,4,idle,927,0.0027079999999841675,0
2,4,idle,928,0.002457999999933236,0
2,4,idle,929,0.0034159999995608814,0
2,4,idle,930,0.0027920000002268353,0
2,4,idle,931,0.003125000000181899,0
2,4,idle,932,0.0027920000002268353,0
2,4,idle,933,0.0027089999994132086,0
2,4,idle,934,0.00258399999984249,0
2,4,idle,935,0.00258399999984249,0
2,4,idle,936,0.0029589999994641403,0
2,4,idle,937,0.0025420000001759036,0
2,4,idle,938,0.002500000000509317,0
2,4,idle,939,0.003500000000713044,0
2,4,idle,940,0.0025420000001759036,0
2,4,idle,941,0.0030419999993682723,0
2,4,idle,942,0.002915999999459018,0
2,4,idle,943,0.009541999999783002,0
2,4,idle,944,0.008084000000053493,0
2,4,idle,945,0.0026670000006561168,0
2,4,idle,946,0.00429100000019389,0
2,4,idle,947,0.0027079999999841675,0
2,4,idle,948,0.0025420000001759036,0
2,4,idle,949,0.08012500000040745,0
2,4,idle,950,0.004708999999820662,0
2,4,idle,951,0.004249999999956344,0
2,4,idle,952,0.003125000000181899,0
2,4,idle,953,0.001999999999497959,0
2,4,idle,954,0.0017920000000231084,0
2,4,idle,955,0.0017079999997804407,0
2,4,idle,956,0.009833000000071479,0
2,4,idle,957,0.002540999999837368,0
2,4,idle,958,0.0019579999998313724,0
2,4,idle,959,0.0016249999998763087,0
2,4,idle,960,0.00466599999981554,0
2,4,idle,961,0.0019579999998313724,0
2,4,idle,962,0.039667000000008557,0
2,4,idle,963,0.015499999999519787,0
2,4,idle,964,0.0036250000002837623,0
2,4,idle,965,0.003333000000566244,0
2,4,idle,966,0.0030000000006111804,0
2,4,idle,967,0.0035420000003796304,0
2,4,idle,968,0.0027920000002268353,0
2,4,idle,969,0.0026250000000800355,0
2,4,idle,970,0.00258399999984249,0
2,4,idle,971,0.0058339999995951075,0
2,4,idle,972,0.0025420000001759036,0
2,4,idle,973,0.006583000000318862,0
2,4,idle,974,0.016874999999345164,0
2,4,idle,975,0.0036249999993742676,0
2,4,idle,976,0.0029169999997975538,0
2,4,idle,977,0.14004099999965547,0
2,4,idle,978,0.0028750000001309672,0
2,4,idle,979,0.00166700000045239,0
2,4,idle,980,0.0015410000005431357,0
2,4,idle,981,0.0015419999999721767,0
2,4,idle,982,0.0017090000001189765,0
2,4,idle,983,0.0020839999997406267,0
2,4,idle,984,0.0018749999999272404,0
2,4,idle,985,0.0018749999999272404,0
2,4,idle,986,0.0015830000002097222,0
2,4,idle,987,0.001540999999633641,0
2,4,idle,988,0.0027500000005602487,0
2,4,idle,989,0.001833999999689695,0
2,4,idle,990,0.0015839999996387633,0
2,4,idle,991,0.0015000000003055902,0
2,4,idle,992,0.00204200000007404,0
2,4,idle,993,0.009708999999929802,0
2,4,idle,994,0.002541999999266409,0
2,4,idle,995,0.0015829999993002275,0
2,4,idle,996,0.0017079999997804407,0
2,4,idle,997,0.0025410000007468625,0
2,4,idle,998,0.0015000000003055902,0
2,4,idle,999,0.0018749999999272404,0
2,4,event,0,0.03608299999996234,4
2,4,event,1,0.004582999999911408,0
2,4,event,2,0.0029580000000350992,0
2,4,event,3,0.002500000000509317,0
2,4,event,4,0.0027909999998882995,0
2,4,event,5,0.0031249999992724042,0
2,4,event,6,0.0026250000000800355,0
2,4,event,7,0.0024590000002717716,0
2,4,event,8,0.0029999999997016857,0
2,4,event,9,0.0026250000000800355,0
2,4,event,10,0.0030829999996058177,0
2,4,event,11,0.0026659999994080863,0
2,4,event,12,0.0025829999995039543,0
2,4,event,13,0.002666999999746622,0
2,4,event,14,0.0027089999994132086,0
2,4,event,15,0.004291999999622931,0
2,4,event,16,0.0026659999994080863,0
2,4,event,17,0.0037080000001878943,0
2,4,event,18,0.0027920000002268353,0
2,4,event,19,0.003333999999995285,0
2,4,event,20,0.002666999999746622,0
2,4,event,21,0.0029580000000350992,0
2,4,event,22,0.0027909999998882995,0
2,4,event,23,0.007749999999759893,0
2,4,event,24,0.0033750000002328306,0
2,4,event,25,0.0026250000000800355,0
2,4,event,26,0.003416999999899417,0
2,4,event,27,0.0026250000000800355,0
2,4,event,28,0.004291999999622931,0
2,4,event,29,0.002749999999650754,0
2,4,event,30,0.002666999999746622,0
2,4,event,31,0.0030000000006111804,0
2,4,event,32,0.0025420000001759036,0
2,4,event,33,0.0027079999999841675,0
2,4,event,34,0.002540999999837368,0
2,4,event,35,0.0027919999993173406,0
2,4,event,36,0.002959000000373635,0
2,4,event,37,0.00370900000052643,0
2,4,event,38,0.0029169999997975538,0
2,4,event,39,0.007958000000144239,0
2,4,event,40,0.002832999999554886,0
2,4,event,41,0.002749999999650754,0
2,4,event,42,0.0030829999996058177,0
2,4,event,43,0.002457999999933236,0
2,4,event,44,0.0026250000000800355,0
2,4,event,45,0.003792000000430562,0
2,4,event,46,0.0029160000003685127,0
2,4,event,47,0.003125000000181899,0
2,4,event,48,0.0033750000002328306,0
2,4,event,49,0.002749999999650754,0
2,4,event,50,0.002832999999554886,0
2,4,event,51,0.002624999999170541,0
2,4,event,52,0.003208000000086031,0
2,4,event,53,0.0027079999999841675,0
2,4,event,54,0.00741699999980483,0
2,4,event,55,0.0027090000003227033,0
2,4,event,56,0.0028340000008029165,0
2,4,event,57,0.003042000000277767,0
2,4,event,58,0.0028750000001309672,0
2,4,event,59,0.002666999999746622,0
2,4,event,60,0.035499999999956344,4
2,4,event,61,0.006041999999979453,0
2,4,event,62,0.002666999999746622,0
2,4,event,63,0.0026250000000800355,0
2,4,event,64,0.011833999999907974,0
2,4,event,65,0.0030839999999443535,0
2,4,event,66,0.003084000000853848,0
2,4,event,67,0.002500000000509317,0
2,4,event,68,0.002500000000509317,0
2,4,event,69,0.0029999999997016857,0
2,4,event,70,0.0027090000003227033,0
2,4,event,71,0.0030000000006111804,0
2,4,event,72,0.0027079999999841675,0
2,4,event,73,0.0026670000006561168,0
2,4,event,74,0.0025840000007519848,0
2,4,event,75,0.002500000000509317,0
2,4,event,76,0.0031669999998484855,0
2,4,event,77,0.0026250000000800355,0
2,4,event,78,0.0026250000000800355,0
2,4,event,79,0.0034159999995608814,0
2,4,event,80,0.0027500000005602487,0
2,4,event,81,0.0026250000000800355,0
2,4,event,82,0.003042000000277767,0
2,4,event,83,0.0024999999995998223,0
2,4,event,84,0.008249999999861757,0
2,4,event,85,0.002832999999554886,0
2,4,event,86,0.0027920000002268353,0
2,4,event,87,0.003125000000181899,0
2,4,event,88,0.0026250000000800355,0
2,4,event,89,0.0028330000004643807,0
2,4,event,90,0.0026250000000800355,0
2,4,event,91,0.003666999999950349,0
2,4,event,92,0.0031660000004194444,0
2,4,event,93,0.0027920000002268353,0
2,4,event,94,0.0028339999998934218,0
2,4,event,95,0.0024999999995998223,0
2,4,event,96,0.0026670000006561168,0
2,4,event,97,0.00316700000075798,0
2,4,event,98,0.0027079999999841675,0
2,4,event,99,0.0026250000000800355,0
2,4,event,100,0.0075839999999516294,0
2,4,event,101,0.002666000000317581,0
2,4,event,102,0.0027919999993173406,0
2,4,event,103,0.0036250000002837623,0
2,4,event,104,0.0027079999999841675,0
2,4,event,105,0.0025420000001759036,0
2,4,event,106,0.0028339999998934218,0
2,4,event,107,0.021291000000019267,0
2,4,event,108,0.003416999999899417,0
2,4,event,109,0.00258399999984249,0
2,4,event,110,0.002749999999650754,0
2,4,event,111,0.003208000000086031,0
2,4,event,112,0.0028339999998934218,0
2,4,event,113,0.003125000000181899,0
2,4,event,114,0.010666999999557447,0
2,4,event,115,0.0029999999997016857,0
2,4,event,116,0.002666999999746622,0
2,4,event,117,0.0027089999994132086,0
2,4,event,118,0.002749999999650754,0
2,4,event,119,0.003042000000277767,0
2,4,event,120,0.6894580000007409,4
2,4,event,121,0.007749999999759893,0
2,4,event,122,0.003917000000001281,0
2,4,event,123,0.005333999999493244,0
2,4,event,124,0.0017920000000231084,0
2,4,event,125,0.0017910000005940674,0
2,4,event,126,0.0015830000002097222,0
2,4,event,127,0.00204200000007404,0
2,4,event,128,0.0015839999996387633,0
2,4,event,129,0.001959000000169908,0
2,4,event,130,0.0021670000005542533,0
2,4,event,131,0.0015830000002097222,0
2,4,event,132,0.002041000000644999,0
2,4,event,133,0.0015830000002097222,0
2,4,event,134,0.0015419999999721767,0
2,4,event,135,0.0016249999998763087,0
2,4,event,136,0.0017920000000231084,0
2,4,event,137,0.0020839999997406267,0
2,4,event,138,0.05958399999963149,0
2,4,event,139,0.01695800000015879,0
2,4,event,140,0.0039999999999054126,0
2,4,event,141,0.0030000000006111804,0
2,4,event,142,0.006417000000510598,0
2,4,event,143,0.003917000000001281,0
2,4,event,144,0.008207999999285676,0
2,4,event,145,0.004457999999431195,0
2,4,event,146,0.003290999999990163,0
2,4,event,147,0.0028750000001309672,0
2,4,event,148,0.0037080000001878943,0
2,4,event,149,0.0030000000006111804,0
2,4,event,150,0.0033750000002328306,0
2,4,event,151,0.0025420000001759036,0
2,4,event,152,0.0027079999999841675,0
2,4,event,153,0.003208000000086031,0
2,4,event,154,0.004541000000244821,0
2,4,event,155,0.0027920000002268353,0
2,4,event,156,0.0029999999997016857,0
2,4,event,157,0.00258399999984249,0
2,4,event,158,0.0032090000004245667,0
2,4,event,159,0.002500000000509317,0
2,4,event,160,0.0030830000005153124,0
2,4,event,161,0.008499999999912689,0
2,4,event,162,0.0029160000003685127,0
2,4,event,163,0.002583000000413449,0
2,4,event,164,0.0033750000002328306,0
2,4,event,165,0.0029580000000350992,0
2,4,event,166,0.0026659999994080863,0
2,4,event,167,0.0025829999995039543,0
2,4,event,168,0.0037079999992783996,0
2,4,event,169,0.003125000000181899,0
2,4,event,170,0.0026250000000800355,0
2,4,event,171,0.002458999999362277,0
2,4,event,172,0.002583000000413449,0
2,4,event,173,0.003208000000086031,0
2,4,event,174,0.008125000000291038,0
2,4,event,175,0.0029169999997975538,0
2,4,event,176,0.0028330000004643807,0
2,4,event,177,0.0026250000000800355,0
2,4,event,178,0.0027079999999841675,0
2,4,event,179,0.002417000000605185,0
2,4,event,180,0.06287500000053114,4
2,4,event,181,0.0052080000004934845,0
2,4,event,182,0.003666999999950349,0
2,4,event,183,0.00408400000014808,0
2,4,event,184,0.004040999999233463,0
2,4,event,185,0.0030419999993682723,0
2,4,event,186,0.006374999999934516,0
2,4,event,187,0.002959000000373635,0
2,4,event,188,0.003291999999419204,0
2,4,event,189,0.002832999999554886,0
2,4,event,190,0.002791000000797794,0
2,4,event,191,0.0029580000000350992,0
2,4,event,192,0.0026670000006561168,0
2,4,event,193,0.003333999999995285,0
2,4,event,194,0.0026250000000800355,0
2,4,event,195,0.0025420000001759036,0
2,4,event,196,0.0026250000000800355,0
2,4,event,197,0.0027500000005602487,0
2,4,event,198,0.003208000000086031,0
2,4,event,199,0.002666999999746622,0
2,4,event,200,0.0026250000000800355,0
2,4,event,201,0.002666999999746622,0
2,4,event,202,0.0027090000003227033,0
2,4,event,203,0.002541999999266409,0
2,4,event,204,0.018332999999984168,0
2,4,event,205,0.003290999999990163,0
2,4,event,206,0.0026250000000800355,0
2,4,event,207,0.0026659999994080863,0
2,4,event,208,0.0025829999995039543,0
2,4,event,209,0.0031669999998484855,0
2,4,event,210,0.0029589999994641403,0
2,4,event,211,0.002666999999746622,0
2,4,event,212,0.002624999999170541,0
2,4,event,213,0.002666999999746622,0
2,4,event,214,0.008624999999483407,0
2,4,event,215,0.003042000000277767,0
2,4,event,216,0.0027920000002268353,0
2,4,event,217,0.003749999999854481,0
2,4,event,218,0.0028750000001309672,0
2,4,event,219,0.002666000000317581,0
2,4,event,220,0.0029999999997016857,0
2,4,event,221,0.0029580000000350992,0
2,4,event,222,0.008708000000297034,0
2,4,event,223,0.0028330000004643807,0
2,4,event,224,0.002749999999650754,0
2,4,event,225,0.0032920000003286987,0
2,4,event,226,0.0027079999999841675,0
2,4,event,227,0.0027079999999841675,0
2,4,event,228,0.0025829999995039543,0
2,4,event,229,0.003917000000001281,0
2,4,event,230,0.0031249999992724042,0
2,4,event,231,0.0026670000006561168,0
2,4,event,232,0.002583000000413449,0
2,4,event,233,0.0028330000004643807,0
2,4,event,234,0.007375000000138243,0
2,4,event,235,0.003875000000334694,0
2,4,event,236,0.003583000000617176,0
2,4,event,237,0.0029169999997975538,0
2,4,event,238,0.0028339999998934218,0
2,4,event,239,0.0028330000004643807,0
2,4,event,240,0.04470799999944575,4
2,4,event,241,0.01412499999969441,0
2,4,event,242,0.002791000000797794,0
2,4,event,243,0.0024999999995998223,0
2,4,event,244,0.003208000000086031,0
2,4,event,245,0.0026250000000800355,0
2,4,event,246,0.0024999999995998223,0
2,4,event,247,0.0026670000006561168,0
2,4,event,248,0.002500000000509317,0
2,4,event,249,0.005000000000109139,0
2,4,event,250,0.0027080000008936622,0
2,4,event,251,0.0026250000000800355,0
2,4,event,252,0.0028339999998934218,0
2,4,event,253,0.002915999999459018,0
2,4,event,254,0.003291999999419204,0
2,4,event,255,0.0027920000002268353,0
2,4,event,256,0.002666000000317581,0
2,4,event,257,0.0028750000001309672,0
2,4,event,258,0.002583000000413449,0
2,4,event,259,0.0025829999995039543,0
2,4,event,260,0.0030829999996058177,0
2,4,event,261,0.002749999999650754,0
2,4,event,262,0.0027079999999841675,0
2,4,event,263,0.002540999999837368,0
2,4,event,264,0.009458000000449829,0
2,4,event,265,0.003208000000086031,0
2,4,event,266,0.0028330000004643807,0
2,4,event,267,0.003499999999803549,0
2,4,event,268,0.0038749999994251993,0
2,4,event,269,0.0026670000006561168,0
2,4,event,270,0.0039999999999054126,0
2,4,event,271,0.0027089999994132086,0
2,4,event,272,0.0039999999999054126,0
2,4,event,273,0.002832999999554886,0
2,4,event,274,0.0027500000005602487,0
2,4,event,275,0.003208000000086031,0
2,4,event,276,0.0039160000005722395,0
2,4,event,277,0.0027500000005602487,0
2,4,event,278,0.002540999999837368,0
2,4,event,279,0.0026250000000800355,0
2,4,event,280,0.0034159999995608814,0
2,4,event,281,0.003291999999419204,0
2,4,event,282,0.0029169999997975538,0
2,4,event,283,0.008207999999285676,0
2,4,event,284,0.0027079999999841675,0
2,4,event,285,0.0027079999999841675,0
2,4,event,286,0.003125000000181899,0
2,4,event,287,0.00258399999984249,0
2,4,event,288,0.007166999999753898,0
2,4,event,289,0.0030829999996058177,0
2,4,event,290,0.0027079999999841675,0
2,4,event,291,0.0031659999995099497,0
2,4,event,292,0.002541999999266409,0
2,4,event,293,0.0027500000005602487,0
2,4,event,294,0.002749999999650754,0
2,4,event,295,0.008165999999619089,0
2,4,event,296,0.0030829999996058177,0
2,4,event,297,0.0026670000006561168,0
2,4,event,298,0.003333999999995285,0
2,4,event,299,0.0027090000003227033,0
2,4,event,300,0.03650000000016007,4
2,4,event,301,0.004291999999622931,0
2,4,event,302,0.0029169999997975538,0
2,4,event,303,0.0025410000007468625,0
2,4,event,304,0.002666999999746622,0
2,4,event,305,0.0031669999998484855,0
2,4,event,306,0.002500000000509317,0
2,4,event,307,0.004124999999476131,0
2,4,event,308,0.002666999999746622,0
2,4,event,309,0.0028750000001309672,0
2,4,event,310,0.003042000000277767,0
2,4,event,311,0.0027909999998882995,0
2,4,event,312,0.004167000000052212,0
2,4,event,313,0.0029999999997016857,0
2,4,event,314,0.0028750000001309672,0
2,4,event,315,0.0030830000005153124,0
2,4,event,316,0.002666999999746622,0
2,4,event,317,0.0027920000002268353,0
2,4,event,318,0.0026250000000800355,0
2,4,event,319,0.0024999999995998223,0
2,4,event,320,0.002457999999933236,0
2,4,event,321,0.0031669999998484855,0
2,4,event,322,0.0027090000003227033,0
2,4,event,323,0.0026250000000800355,0
2,4,event,324,0.00858299999981682,0
2,4,event,325,0.003290999999990163,0
2,4,event,326,0.0032499999997526174,0
2,4,event,327,0.0027909999998882995,0
2,4,event,328,0.002583000000413449,0
2,4,event,329,0.003749999999854481,0
2,4,event,330,0.002500000000509317,0
2,4,event,331,0.0031660000004194444,0
2,4,event,332,0.002457999999933236,0
2,4,event,333,0.003125000000181899,0
2,4,event,334,0.0024160000002666493,0
2,4,event,335,0.0027079999999841675,0
2,4,event,336,0.0029169999997975538,0
2,4,event,337,0.0027079999999841675,0
2,4,event,338,0.002624999999170541,0
2,4,event,339,0.002666999999746622,0
2,4,event,340,0.0027909999998882995,0
2,4,event,341,0.0029170000007070485,0
2,4,event,342,0.0029170000007070485,0
2,4,event,343,0.0037910000000920263,0
2,4,event,344,0.00874999999996362,0
2,4,event,345,0.0027909999998882995,0
2,4,event,346,0.002666999999746622,0
2,4,event,347,0.0034590000004754984,0
2,4,event,348,0.0026670000006561168,0
2,4,event,349,0.0027079999999841675,0
2,4,event,350,0.0026250000000800355,0
2,4,event,351,0.0025420000001759036,0
2,4,event,352,0.0028750000001309672,0
2,4,event,353,0.0037089999996169354,0
2,4,event,354,0.008125000000291038,0
2,4,event,355,0.007875000000240107,0
2,4,event,356,0.0028750000001309672,0
2,4,event,357,0.003250000000662112,0
2,4,event,358,0.0025420000001759036,0
2,4,event,359,0.002540999999837368,0
2,4,event,360,0.04312500000014552,4
2,4,event,361,0.005083000000013271,0
2,4,event,362,0.002749999999650754,0
2,4,event,363,0.002749999999650754,0
2,4,event,364,0.0025829999995039543,0
2,4,event,365,0.0028750000001309672,0
2,4,event,366,0.0029580000000350992,0
2,4,event,367,0.002666000000317581,0
2,4,event,368,0.0026250000000800355,0
2,4,event,369,0.0027079999999841675,0
2,4,event,370,0.0024999999995998223,0
2,4,event,371,0.003333999999995285,0
2,4,event,372,0.0026250000000800355,0
2,4,event,373,0.002832999999554886,0
2,4,event,374,0.0026250000000800355,0
2,4,event,375,0.003875000000334694,0
2,4,event,376,0.0030829999996058177,0
2,4,event,377,0.0027500000005602487,0
2,4,event,378,0.002541999999266409,0
2,4,event,379,0.002540999999837368,0
2,4,event,380,0.0026250000000800355,0
2,4,event,381,0.002749999999650754,0
2,4,event,382,0.004041999999571999,0
2,4,event,383,0.0024999999995998223,0
2,4,event,384,0.008584000000155356,0
2,4,event,385,0.00370900000052643,0
2,4,event,386,0.0026250000000800355,0
2,4,event,387,0.003291999999419204,0
2,4,event,388,0.00258399999984249,0
2,4,event,389,0.0026250000000800355,0
2,4,event,390,0.0027079999999841675,0
2,4,event,391,0.0029169999997975538,0
2,4,event,392,0.004874999999628926,0
2,4,event,393,0.0030000000006111804,0
2,4,event,394,0.002666000000317581,0
2,4,event,395,0.0026250000000800355,0
2,4,event,396,0.002583000000413449,0
2,4,event,397,0.0030830000005153124,0
2,4,event,398,0.002500000000509317,0
2,4,event,399,0.0024590000002717716,0
2,4,event,400,0.0024999999995998223,0
2,4,event,401,0.0029579999991256045,0
2,4,event,402,0.0024999999995998223,0
2,4,event,403,0.0032499999997526174,0
2,4,event,404,0.0027919999993173406,0
2,4,event,405,0.008875000000443833,0
2,4,event,406,0.0036250000002837623,0
2,4,event,407,0.0028750000001309672,0
2,4,event,408,0.0031669999998484855,0
2,4,event,409,0.002749999999650754,0
2,4,event,410,0.00258399999984249,0
2,4,event,411,0.002666999999746622,0
2,4,event,412,0.0026659999994080863,0
2,4,event,413,0.0032499999997526174,0
2,4,event,414,0.002666000000317581,0
2,4,event,415,0.007708000000093307,0
2,4,event,416,0.002749999999650754,0
2,4,event,417,0.0027500000005602487,0
2,4,event,418,0.0030839999999443535,0
2,4,event,419,0.0027920000002268353,0
2,4,event,420,0.03120799999942392,4
2,4,event,421,0.004042000000481494,0
2,4,event,422,0.003416999999899417,0
2,4,event,423,0.003832999999758613,0
2,4,event,424,0.0027079999999841675,0
2,4,event,425,0.003915999999662745,0
2,4,event,426,0.0024999999995998223,0
2,4,event,427,0.0030830000005153124,0
2,4,event,428,0.0026250000000800355,0
2,4,event,429,0.010041999999884865,0
2,4,event,430,0.0027909999998882995,0
2,4,event,431,0.0046249999995779945,0
2,4,event,432,0.0031659999995099497,0
2,4,event,433,0.0031249999992724042,0
2,4,event,434,0.002749999999650754,0
2,4,event,435,0.0026250000000800355,0
2,4,event,436,0.0028750000001309672,0
2,4,event,437,0.0029160000003685127,0
2,4,event,438,0.00483299999996234,0
2,4,event,439,0.0027919999993173406,0
2,4,event,440,0.003125000000181899,0
2,4,event,441,0.0026670000006561168,0
2,4,event,442,0.0028750000001309672,0
2,4,event,443,0.003125000000181899,0
2,4,event,444,0.0027079999999841675,0
2,4,event,445,0.007999999999810825,0
2,4,event,446,0.0030830000005153124,0
2,4,event,447,0.002666000000317581,0
2,4,event,448,0.5024170000006052,0
2,4,event,449,0.008417000000008557,0
2,4,event,450,0.0024160000002666493,0
2,4,event,451,0.0019170000005033216,0
2,4,event,452,0.0020000000004074536,0
2,4,event,453,0.002207999999882304,0
2,4,event,454,0.0034580000001369626,0
2,4,event,455,0.0024169999996956903,0
2,4,event,456,0.001959000000169908,0
2,4,event,457,0.0016249999998763087,0
2,4,event,458,0.002583000000413449,0
2,4,event,459,0.001750000000356522,0
2,4,event,460,0.0020000000004074536,0
2,4,event,461,0.0016249999998763087,0
2,4,event,462,0.001833000000260654,0
2,4,event,463,0.0017499999994470272,0
2,4,event,464,0.0020830000003115856,0
2,4,event,465,0.001999999999497959,0
2,4,event,466,0.009000000000014552,0
2,4,event,467,0.0017909999996845727,0
2,4,event,468,0.0017079999997804407,0
2,4,event,469,0.003208000000086031,0
2,4,event,470,0.0016250000007858034,0
2,4,event,471,0.0015000000003055902,0
2,4,event,472,0.00166700000045239,0
2,4,event,473,0.0015410000005431357,0
2,4,event,474,0.5497080000004644,0
2,4,event,475,0.02870800000073359,0
2,4,event,476,0.005041000000346685,0
2,4,event,477,0.0029999999997016857,0
2,4,event,478,0.0030839999999443535,0
2,4,event,479,0.0035420000003796304,0
2,4,event,480,0.045750000000225555,4
2,4,event,481,0.004500000000007276,0
2,4,event,482,0.0026250000000800355,0
2,4,event,483,0.0038749999994251993,0
2,4,event,484,0.0037919999995210674,0
2,4,event,485,0.004750000000058208,0
2,4,event,486,0.0037919999995210674,0
2,4,event,487,0.0029580000000350992,0
2,4,event,488,0.0036249999993742676,0
2,4,event,489,0.00258399999984249,0
2,4,event,490,0.00258399999984249,0
2,4,event,491,0.0039999999999054126,0
2,4,event,492,0.0028750000001309672,0
2,4,event,493,0.003125000000181899,0
2,4,event,494,0.0031660000004194444,0
2,4,event,495,0.002583000000413449,0
2,4,event,496,0.0029170000007070485,0
2,4,event,497,0.0028339999998934218,0
2,4,event,498,0.0032920000003286987,0
2,4,event,499,0.0028330000004643807,0
2,4,event,500,0.002666000000317581,0
2,4,event,501,0.004208000000289758,0
2,4,event,502,0.0028330000004643807,0
2,4,event,503,0.002500000000509317,0
2,4,event,504,0.01004200000079436,0
2,4,event,505,0.007499999999708962,0
2,4,event,506,0.0029169999997975538,0
2,4,event,507,0.0027079999999841675,0
2,4,event,508,0.0026250000000800355,0
2,4,event,509,0.0029589999994641403,0
2,4,event,510,0.0027920000002268353,0
2,4,event,511,0.0027079999999841675,0
2,4,event,512,0.002666000000317581,0
2,4,event,513,0.0028750000001309672,0
2,4,event,514,0.003040999999939231,0
2,4,event,515,0.0037089999996169354,0
2,4,event,516,0.002666999999746622,0
2,4,event,517,0.0031249999992724042,0
2,4,event,518,0.002666999999746622,0
2,4,event,519,0.0029580000000350992,0
2,4,event,520,0.0027909999998882995,0
2,4,event,521,0.0032499999997526174,0
2,4,event,522,0.0027079999999841675,0
2,4,event,523,0.0027909999998882995,0
2,4,event,524,0.002500000000509317,0
2,4,event,525,0.9420839999993404,0
2,4,event,526,0.0032920000003286987,0
2,4,event,527,0.008291000000099302,0
2,4,event,528,0.002165999999306223,0
2,4,event,529,0.001833000000260654,0
2,4,event,530,0.002666999999746622,0
2,4,event,531,0.001916999999593827,0
2,4,event,532,0.06779099999948812,0
2,4,event,533,0.007708000000093307,0
2,4,event,534,0.0029169999997975538,0
2,4,event,535,0.020583999999871594,0
2,4,event,536,0.0038749999994251993,0
2,4,event,537,0.003125000000181899,0
2,4,event,538,0.0029999999997016857,0
2,4,event,539,0.0027909999998882995,0
2,4,event,540,0.04658299999937299,4
2,4,event,541,0.004208000000289758,0
2,4,event,542,0.0027920000002268353,0
2,4,event,543,0.0027920000002268353,0
2,4,event,544,0.0036250000002837623,0
2,4,event,545,0.002666999999746622,0
2,4,event,546,0.002624999999170541,0
2,4,event,547,0.0028339999998934218,0
2,4,event,548,0.004042000000481494,0
2,4,event,549,0.003290999999990163,0
2,4,event,550,0.0027500000005602487,0
2,4,event,551,0.003040999999939231,0
2,4,event,552,0.0026250000000800355,0
2,4,event,553,0.0042920000005324255,0
2,4,event,554,0.0031669999998484855,0
2,4,event,555,0.0027079999999841675,0
2,4,event,556,0.0027079999999841675,0
2,4,event,557,0.0028750000001309672,0
2,4,event,558,0.0027090000003227033,0
2,4,event,559,0.003333999999995285,0
2,4,event,560,0.0027919999993173406,0
2,4,event,561,0.0024999999995998223,0
2,4,event,562,0.00258399999984249,0
2,4,event,563,0.00258399999984249,0
2,4,event,564,0.004124999999476131,0
2,4,event,565,0.00929199999973207,0
2,4,event,566,0.0028339999998934218,0
2,4,event,567,0.0027500000005602487,0
2,4,event,568,0.0025420000001759036,0
2,4,event,569,0.0025420000001759036,0
2,4,event,570,0.003125000000181899,0
2,4,event,571,0.00258399999984249,0
2,4,event,572,0.0028340000008029165,0
2,4,event,573,0.00258399999984249,0
2,4,event,574,0.0026250000000800355,0
2,4,event,575,0.0032920000003286987,0
2,4,event,576,0.0027920000002268353,0
2,4,event,577,0.002666999999746622,0
2,4,event,578,0.007834000000002561,0
2,4,event,579,0.003917000000001281,0
2,4,event,580,0.0034159999995608814,0
2,4,event,581,0.002832999999554886,0
2,4,event,582,0.0029170000007070485,0
2,4,event,583,0.003208999999515072,0
2,4,event,584,0.0029169999997975538,0
2,4,event,585,0.0027500000005602487,0
2,4,event,586,0.003290999999990163,0
2,4,event,587,0.0027920000002268353,0
2,4,event,588,0.008458000000246102,0
2,4,event,589,0.0027079999999841675,0
2,4,event,590,0.0027079999999841675,0
2,4,event,591,0.0031659999995099497,0
2,4,event,592,0.0026250000000800355,0
2,4,event,593,0.002666000000317581,0
2,4,event,594,0.0028330000004643807,0
2,4,event,595,0.00837500000034197,0
2,4,event,596,0.004333999999289517,0
2,4,event,597,0.003959000000577362,0
2,4,event,598,0.0028750000001309672,0
2,4,event,599,0.0027079999999841675,0
2,4,event,600,0.04616699999951379,4
2,4,event,601,0.004749999999148713,0
2,4,event,602,0.003125000000181899,0
2,4,event,603,0.0028750000001309672,0
2,4,event,604,0.0028749999992214725,0
2,4,event,605,0.0047079999994821264,0
2,4,event,606,0.002832999999554886,0
2,4,event,607,0.002749999999650754,0
2,4,event,608,0.0027919999993173406,0
2,4,event,609,0.002749999999650754,0
2,4,event,610,0.004167000000052212,0
2,4,event,611,0.0029580000000350992,0
2,4,event,612,0.0027500000005602487,0
2,4,event,613,0.002540999999837368,0
2,4,event,614,0.0029999999997016857,0
2,4,event,615,0.003250000000662112,0
2,4,event,616,0.0028750000001309672,0
2,4,event,617,0.0027920000002268353,0
2,4,event,618,0.0028339999998934218,0
2,4,event,619,0.0030839999999443535,0
2,4,event,620,0.003374999999323336,0
2,4,event,621,0.0027919999993173406,0
2,4,event,622,0.0030839999999443535,0
2,4,event,623,0.003042000000277767,0
2,4,event,624,0.002832999999554886,0
2,4,event,625,0.008707999999387539,0
2,4,event,626,0.0038749999994251993,0
2,4,event,627,0.004500000000007276,0
2,4,event,628,0.0028339999998934218,0
2,4,event,629,0.0027500000005602487,0
2,4,event,630,0.0026250000000800355,0
2,4,event,631,0.003290999999990163,0
2,4,event,632,0.003208000000086031,0
2,4,event,633,0.003042000000277767,0
2,4,event,634,0.0027500000005602487,0
2,4,event,635,0.0029169999997975538,0
2,4,event,636,0.003416999999899417,0
2,4,event,637,0.0030829999996058177,0
2,4,event,638,0.0030000000006111804,0
2,4,event,639,0.0029170000007070485,0
2,4,event,640,0.002749999999650754,0
2,4,event,641,0.0028339999998934218,0
2,4,event,642,0.004041999999571999,0
2,4,event,643,0.0031669999998484855,0
2,4,event,644,0.0029160000003685127,0
2,4,event,645,0.0028750000001309672,0
2,4,event,646,0.0026250000000800355,0
2,4,event,647,0.003125000000181899,0
2,4,event,648,0.0027920000002268353,0
2,4,event,649,0.008625000000392902,0
2,4,event,650,0.0029169999997975538,0
2,4,event,651,0.0029169999997975538,0
2,4,event,652,0.0033750000002328306,0
2,4,event,653,0.018124999999599822,0
2,4,event,654,0.0032499999997526174,0
2,4,event,655,0.0028750000001309672,0
2,4,event,656,0.008249999999861757,0
2,4,event,657,0.0036250000002837623,0
2,4,event,658,0.00429100000019389,0
2,4,event,659,0.002832999999554886,0
2,4,event,660,0.035375000000385626,4
2,4,event,661,0.004208000000289758,0
2,4,event,662,0.002666000000317581,0
2,4,event,663,0.0030830000005153124,0
2,4,event,664,0.0027500000005602487,0
2,4,event,665,0.002666000000317581,0
2,4,event,666,0.003416999999899417,0
2,4,event,667,0.002749999999650754,0
2,4,event,668,0.0027919999993173406,0
2,4,event,669,0.0025420000001759036,0
2,4,event,670,0.0026250000000800355,0
2,4,event,671,0.0046249999995779945,0
2,4,event,672,0.0033329999996567494,0
2,4,event,673,0.003500000000713044,0
2,4,event,674,0.0028330000004643807,0
2,4,event,675,0.002749999999650754,0
2,4,event,676,0.0031669999998484855,0
2,4,event,677,0.0026659999994080863,0
2,4,event,678,0.0024999999995998223,0
2,4,event,679,0.002666000000317581,0
2,4,event,680,0.0028330000004643807,0
2,4,event,681,0.003125000000181899,0
2,4,event,682,0.0039160000005722395,0
2,4,event,683,0.0027079999999841675,0
2,4,event,684,0.004125000000385626,0
2,4,event,685,0.007958000000144239,0
2,4,event,686,0.003333000000566244,0
2,4,event,687,0.003208000000086031,0
2,4,event,688,0.0025420000001759036,0
2,4,event,689,0.003666000000521308,0
2,4,event,690,0.003749999999854481,0
2,4,event,691,0.0028330000004643807,0
2,4,event,692,0.003250000000662112,0
2,4,event,693,0.002959000000373635,0
2,4,event,694,0.002666999999746622,0
2,4,event,695,0.0027500000005602487,0
2,4,event,696,0.002959000000373635,0
2,4,event,697,0.003208999999515072,0
2,4,event,698,0.0027090000003227033,0
2,4,event,699,0.002959000000373635,0
2,4,event,700,0.0024999999995998223,0
2,4,event,701,0.002749999999650754,0
2,4,event,702,0.002500000000509317,0
2,4,event,703,0.0033329999996567494,0
2,4,event,704,0.003041000000848726,0
2,4,event,705,0.002832999999554886,0
2,4,event,706,0.002666999999746622,0
2,4,event,707,0.002749999999650754,0
2,4,event,708,0.0029579999991256045,0
2,4,event,709,0.0026250000000800355,0
2,4,event,710,0.008832999999867752,0
2,4,event,711,0.0028330000004643807,0
2,4,event,712,0.0026250000000800355,0
2,4,event,713,0.003499999999803549,0
2,4,event,714,0.0025420000001759036,0
2,4,event,715,0.002749999999650754,0
2,4,event,716,0.007542000000285043,0
2,4,event,717,0.3813749999999345,0
2,4,event,718,0.004249999999956344,0
2,4,event,719,0.001999999999497959,0
2,4,event,720,0.22116700000060519,4
2,4,event,721,0.016165999999429914,0
2,4,event,722,0.0034580000001369626,0
2,4,event,723,0.0029160000003685127,0
2,4,event,724,0.0029169999997975538,0
2,4,event,725,0.003917000000001281,0
2,4,event,726,0.002624999999170541,0
2,4,event,727,0.004334000000199012,0
2,4,event,728,0.010083999999551452,0
2,4,event,729,0.002666999999746622,0
2,4,event,730,0.0027079999999841675,0
2,4,event,731,0.0027909999998882995,0
2,4,event,732,0.0032090000004245667,0
2,4,event,733,0.0025420000001759036,0
2,4,event,734,0.0027079999999841675,0
2,4,event,735,0.003915999999662745,0
2,4,event,736,0.0026250000000800355,0
2,4,event,737,0.0029999999997016857,0
2,4,event,738,0.0024999999995998223,0
2,4,event,739,0.0026250000000800355,0
2,4,event,740,0.0027500000005602487,0
2,4,event,741,0.003042000000277767,0
2,4,event,742,0.0026250000000800355,0
2,4,event,743,0.003584000000046217,0
2,4,event,744,0.0024999999995998223,0
2,4,event,745,0.0025420000001759036,0
2,4,event,746,0.015041999999994005,0
2,4,event,747,0.0027090000003227033,0
2,4,event,748,0.003084000000853848,0
2,4,event,749,0.0026250000000800355,0
2,4,event,750,0.0026250000000800355,0
2,4,event,751,0.0028750000001309672,0
2,4,event,752,0.0027909999998882995,0
2,4,event,753,0.004208000000289758,0
2,4,event,754,0.002583000000413449,0
2,4,event,755,0.0027079999999841675,0
2,4,event,756,0.002666999999746622,0
2,4,event,757,0.002666999999746622,0
2,4,event,758,0.003040999999939231,0
2,4,event,759,0.002832999999554886,0
2,4,event,760,0.0027500000005602487,0
2,4,event,761,0.002540999999837368,0
2,4,event,762,0.0027079999999841675,0
2,4,event,763,0.002666999999746622,0
2,4,event,764,0.003125000000181899,0
2,4,event,765,0.0027090000003227033,0
2,4,event,766,0.0024590000002717716,0
2,4,event,767,0.0034589999995660037,0
2,4,event,768,0.002500000000509317,0
2,4,event,769,0.0044589999997697305,0
2,4,event,770,0.002666999999746622,0
2,4,event,771,0.015041000000564964,0
2,4,event,772,0.0029169999997975538,0
2,4,event,773,0.0037080000001878943,0
2,4,event,774,0.003040999999939231,0
2,4,event,775,0.0028330000004643807,0
2,4,event,776,0.007792000000335975,0
2,4,event,777,0.003042000000277767,0
2,4,event,778,0.002583000000413449,0
2,4,event,779,0.003416000000470376,0
2,4,event,780,0.0873330000003989,4
2,4,event,781,0.005583000000115135,0
2,4,event,782,0.002417000000605185,0
2,4,event,783,0.002292000000124972,0
2,4,event,784,0.002290999999786436,0
2,4,event,785,0.0025420000001759036,0
2,4,event,786,0.002375000000029104,0
2,4,event,787,0.0026250000000800355,0
2,4,event,788,0.0023330000003625173,0
2,4,event,789,0.009041000000252097,0
2,4,event,790,0.002375000000029104,0
2,4,event,791,0.002290999999786436,0
2,4,event,792,0.010291999999935797,0
2,4,event,793,0.0027920000002268353,0
2,4,event,794,0.007749999999759893,0
2,4,event,795,0.002417000000605185,0
2,4,event,796,0.0022499999995488906,0
2,4,event,797,0.0029169999997975538,0
2,4,event,798,0.0033329999996567494,0
2,4,event,799,0.002374999999119609,0
2,4,event,800,0.00220900000022084,0
2,4,event,801,0.002583000000413449,0
2,4,event,802,0.0027079999999841675,0
2,4,event,803,0.0023330000003625173,0
2,4,event,804,0.0023330000003625173,0
2,4,event,805,0.002290999999786436,0
2,4,event,806,0.007666999999855761,0
2,4,event,807,0.002457999999933236,0
2,4,event,808,0.0027500000005602487,0
2,4,event,809,0.002374999999119609,0
2,4,event,810,0.0023329999994530226,0
2,4,event,811,0.002375000000029104,0
2,4,event,812,0.002290999999786436,0
2,4,event,813,0.002749999999650754,0
2,4,event,814,0.002290999999786436,0
2,4,event,815,0.0021670000005542533,0
2,4,event,816,0.0023339999997915584,0
2,4,event,817,0.002292000000124972,0
2,4,event,818,0.002666000000317581,0
2,4,event,819,0.0032920000003286987,0
2,4,event,820,0.0024169999996956903,0
2,4,event,821,0.0024159999993571546,0
2,4,event,822,0.0022499999995488906,0
2,4,event,823,0.0027079999999841675,0
2,4,event,824,0.00220900000022084,0
2,4,event,825,0.002291999999215477,0
2,4,event,826,0.002207999999882304,0
2,4,event,827,0.002207999999882304,0
2,4,event,828,0.002207999999882304,0
2,4,event,829,0.003416000000470376,0
2,4,event,830,0.002583000000413449,0
2,4,event,831,0.0022500000004583853,0
2,4,event,832,0.007749999999759893,0
2,4,event,833,0.0024169999996956903,0
2,4,event,834,0.002749999999650754,0
2,4,event,835,0.0024169999996956903,0
2,4,event,836,0.0066660000002229935,0
2,4,event,837,0.002749999999650754,0
2,4,event,838,0.003208000000086031,0
2,4,event,839,0.0026659999994080863,0
2,4,event,840,0.044667000000117696,4
2,4,event,841,0.003584000000046217,0
2,4,event,842,0.002959000000373635,0
2,4,event,843,0.002334000000701053,0
2,4,event,844,0.0021670000005542533,0
2,4,event,845,0.0023330000003625173,0
2,4,event,846,0.0024999999995998223,0
2,4,event,847,0.00220900000022084,0
2,4,event,848,0.002666999999746622,0
2,4,event,849,0.002375000000029104,0
2,4,event,850,0.0024169999996956903,0
2,4,event,851,0.002540999999837368,0
2,4,event,852,0.0023330000003625173,0
2,4,event,853,0.0027500000005602487,0
2,4,event,854,0.0022499999995488906,0
2,4,event,855,0.002375000000029104,0
2,4,event,856,0.003290999999990163,0
2,4,event,857,0.002375000000029104,0
2,4,event,858,0.0027500000005602487,0
2,4,event,859,0.002292000000124972,0
2,4,event,860,0.0028750000001309672,0
2,4,event,861,0.0024590000002717716,0
2,4,event,862,0.0024999999995998223,0
2,4,event,863,0.0028750000001309672,0
2,4,event,864,0.0023329999994530226,0
2,4,event,865,0.002124999999978172,0
2,4,event,866,0.00837500000034197,0
2,4,event,867,0.002457999999933236,0
2,4,event,868,0.007000000000516593,0
2,4,event,869,0.0039999999999054126,0
2,4,event,870,0.0023329999994530226,0
2,4,event,871,0.002375000000029104,0
2,4,event,872,0.0022499999995488906,0
2,4,event,873,0.0023330000003625173,0
2,4,event,874,0.0027909999998882995,0
2,4,event,875,0.0024590000002717716,0
2,4,event,876,0.002207999999882304,0
2,4,event,877,0.002207999999882304,0
2,4,event,878,0.002207999999882304,0
2,4,event,879,0.0028330000004643807,0
2,4,event,880,0.002375000000029104,0
2,4,event,881,0.0025420000001759036,0
2,4,event,882,0.002290999999786436,0
2,4,event,883,0.002500000000509317,0
2,4,event,884,0.0027079999999841675,0
2,4,event,885,0.002208000000791799,0
2,4,event,886,0.0023330000003625173,0
2,4,event,887,0.002375000000029104,0
2,4,event,888,0.002207999999882304,0
2,4,event,889,0.002124999999978172,0
2,4,event,890,0.002541999999266409,0
2,4,event,891,0.0031659999995099497,0
2,4,event,892,0.0028749999992214725,0
2,4,event,893,0.007708000000093307,0
2,4,event,894,0.002375000000029104,0
2,4,event,895,0.0029160000003685127,0
2,4,event,896,0.00687500000003638,0
2,4,event,897,0.0028750000001309672,0
2,4,event,898,0.0026250000000800355,0
2,4,event,899,0.002500000000509317,0
2,4,event,900,0.027250000000094587,4
2,4,event,901,0.003666999999950349,0
2,4,event,902,0.0023339999997915584,0
2,4,event,903,0.0030830000005153124,0
2,4,event,904,0.002207999999882304,0
2,4,event,905,0.002291000000695931,0
2,4,event,906,0.002207999999882304,0
2,4,event,907,0.0023330000003625173,0
2,4,event,908,0.002208000000791799,0
2,4,event,909,0.0025829999995039543,0
2,4,event,910,0.0024169999996956903,0
2,4,event,911,0.002375000000029104,0
2,4,event,912,0.002457999999933236,0
2,4,event,913,0.002207999999882304,0
2,4,event,914,0.002749999999650754,0
2,4,event,915,0.003584000000046217,0
2,4,event,916,0.0023339999997915584,0
2,4,event,917,0.00220900000022084,0
2,4,event,918,0.0021670000005542533,0
2,4,event,919,0.0026250000000800355,0
2,4,event,920,0.002292000000124972,0
2,4,event,921,0.0021660000002157176,0
2,4,event,922,0.00854200000048877,0
2,4,event,923,0.0031669999998484855,0
2,4,event,924,0.002749999999650754,0
2,4,event,925,0.00220900000022084,0
2,4,event,926,0.008042000000386906,0
2,4,event,927,0.002583000000413449,0
2,4,event,928,0.003040999999939231,0
2,4,event,929,0.002207999999882304,0
2,4,event,930,0.0027079999999841675,0
2,4,event,931,0.0022499999995488906,0
2,4,event,932,0.003374999999323336,0
2,4,event,933,0.002375000000029104,0
2,4,event,934,0.002292000000124972,0
2,4,event,935,0.0034589999995660037,0
2,4,event,936,0.002375000000029104,0
2,4,event,937,0.0022500000004583853,0
2,4,event,938,0.0021660000002157176,0
2,4,event,939,0.0021670000005542533,0
2,4,event,940,0.0031249999992724042,0
2,4,event,941,0.002375000000029104,0
2,4,event,942,0.0024169999996956903,0
2,4,event,943,0.0072089999994204845,0
2,4,event,944,0.003416999999899417,0
2,4,event,945,0.0027500000005602487,0
2,4,event,946,0.002290999999786436,0
2,4,event,947,0.0024169999996956903,0
2,4,event,948,0.002458999999362277,0
2,4,event,949,0.0025410000007468625,0
2,4,event,950,0.002292000000124972,0
2,4,event,951,0.00258399999984249,0
2,4,event,952,0.002417000000605185,0
2,4,event,953,0.0022500000004583853,0
2,4,event,954,0.008250000000771252,0
2,4,event,955,0.0024169999996956903,0
2,4,event,956,0.008416000000579515,0
2,4,event,957,0.007625000000189175,0
2,4,event,958,0.002457999999933236,0
2,4,event,959,0.002375000000029104,0
2,4,event,960,0.027916000000004715,4
2,4,event,961,0.003500000000713044,0
2,4,event,962,0.002290999999786436,0
2,4,event,963,0.002207999999882304,0
2,4,event,964,0.002749999999650754,0
2,4,event,965,0.002375000000029104,0
2,4,event,966,0.0022499999995488906,0
2,4,event,967,0.0024169999996956903,0
2,4,event,968,0.002290999999786436,0
2,4,event,969,0.002417000000605185,0
2,4,event,970,0.0026670000006561168,0
2,4,event,971,0.0023330000003625173,0
2,4,event,972,0.002290999999786436,0
2,4,event,973,0.002375000000029104,0
2,4,event,974,0.002291999999215477,0
2,4,event,975,0.00258399999984249,0
2,4,event,976,0.002292000000124972,0
2,4,event,977,0.0022500000004583853,0
2,4,event,978,0.002458999999362277,0
2,4,event,979,0.00220900000022084,0
2,4,event,980,0.008792000000539701,0
2,4,event,981,0.002666000000317581,0
2,4,event,982,0.002500000000509317,0
2,4,event,983,0.0024160000002666493,0
2,4,event,984,0.002457999999933236,0
2,4,event,985,0.003582999999707681,0
2,4,event,986,0.009332999999969616,0
2,4,event,987,0.0029169999997975538,0
2,4,event,988,0.0023339999997915584,0
2,4,event,989,0.002375000000029104,0
2,4,event,990,0.002292000000124972,0
2,4,event,991,0.0027089999994132086,0
2,4,event,992,0.0024169999996956903,0
2,4,event,993,0.002375000000029104,0
2,4,event,994,0.00220900000022084,0
2,4,event,995,0.002292000000124972,0
2,4,event,996,0.002540999999837368,0
2,4,event,997,0.003208000000086031,0
2,4,event,998,0.002207999999882304,0
2,4,event,999,0.0023330000003625173,0
2,4,burst,0,0.1267920000000231,28
2,4,burst,1,0.12804200000027777,28
2,4,burst,2,0.12133300000004965,28
2,4,burst,3,0.11954100000002654,28
2,4,burst,4,0.1279580000000351,28
2,4,burst,5,0.12000000000080036,28
2,4,burst,6,0.12158399999952962,28
2,4,burst,7,0.12062499999956344,28
2,4,burst,8,0.12954199999967386,28
2,4,burst,9,0.11924999999973807,28
2,4,burst,10,0.12208300000020245,28
2,4,burst,11,0.12358299999959854,28
2,4,burst,12,0.1209579999995185,28
2,4,burst,13,0.12329099999988102,28
2,4,burst,14,0.1292909999992844,28
2,4,burst,15,0.1279580000000351,28
2,4,burst,16,0.12083299999994779,28
2,4,burst,17,0.124416999999994,28
2,4,burst,18,0.1214589999999589,28
2,4,burst,19,0.12191700000039418,28
2,4,burst,20,0.1224579999998241,28
2,4,burst,21,0.12129100000038306,28
2,4,burst,22,0.1270409999997355,28
2,4,burst,23,0.12233300000025338,28
2,4,burst,24,0.11866600000030303,28
2,4,burst,25,0.12062499999956344,28
2,4,burst,26,0.12008399999922403,28
2,4,burst,27,0.12391699999989214,28
2,4,burst,28,0.12037499999951251,28
2,4,burst,29,0.12162499999976717,28
2,4,burst,30,0.13208299999951123,28
2,4,burst,31,0.12433299999975134,28
2,4,burst,32,0.12133300000004965,28
2,4,burst,33,0.12083299999994779,28
2,4,burst,34,0.11966600000050676,28
2,4,burst,35,0.12308300000040617,28
2,4,burst,36,0.12175000000024738,28
2,4,burst,37,0.12362500000017462,28
2,4,burst,38,0.12233300000025338,28
2,4,burst,39,0.12225000000034925,28
2,4,burst,40,0.13770800000020245,28
2,4,burst,41,0.120958000000428,28
2,4,burst,42,0.12045800000032614,28
2,4,burst,43,0.12329200000021956,28
2,4,burst,44,0.12579100000039034,28
2,4,burst,45,0.11916699999983393,28
2,4,burst,46,0.12800000000061118,28
2,4,burst,47,0.12520799999947485,28
2,4,burst,48,0.12079199999971024,28
2,4,burst,49,0.12370799999916926,28
2,4,burst,50,0.12029199999960838,28
2,4,burst,51,0.12924999999995634,28
2,4,burst,52,0.11999999999989086,28
2,4,burst,53,0.12033299999984592,28
2,4,burst,54,0.11941599999954633,28
2,4,burst,55,0.12299999999959255,28
2,4,burst,56,0.12158400000043912,28
2,4,burst,57,0.1202080000002752,28
2,4,burst,58,0.12366600000041217,28
2,4,burst,59,0.125,28
2,4,burst,60,0.145832999999584,28
2,4,burst,61,0.12612499999977445,28
2,4,burst,62,0.12924999999995634,28
2,4,burst,63,0.12200000000029831,28
2,4,burst,64,0.1222909999996773,28
2,4,burst,65,0.12658300000020972,28
2,4,burst,66,0.121541000000434,28
2,4,burst,67,0.120375000000422,28
2,4,burst,68,0.12075000000004366,28
2,4,burst,69,0.12137500000062573,28
2,4,burst,70,0.12045900000066467,28
2,4,burst,71,0.12100000000009459,28
2,4,burst,72,0.12625000000025466,28
2,4,burst,73,0.12216700000044511,28
2,4,burst,74,0.1242500000007567,28
2,4,burst,75,0.12041700000008859,28
2,4,burst,76,0.1227920000001177,28
2,4,burst,77,0.12212499999986903,28
2,4,burst,78,0.1301659999999174,28
2,4,burst,79,0.1266249999998763,28
2,4,burst,80,0.12208399999963149,28
2,4,burst,81,0.12237499999991996,28
2,4,burst,82,0.13108399999964604,28
2,4,burst,83,0.12066700000013952,28
2,4,burst,84,0.12291699999968841,28
2,4,burst,85,0.1226249999999709,28
2,4,burst,86,0.12245800000073359,28
2,4,burst,87,0.12608300000010786,28
2,4,burst,88,0.1205420000005688,28
2,4,burst,89,0.11924999999973807,28
2,4,burst,90,0.12329100000079052,28
2,4,burst,91,0.12108299999999872,28
2,4,burst,92,0.1242499999998472,28
2,4,burst,93,0.12720899999931135,28
2,4,burst,94,0.13100000000031287,28
2,4,burst,95,0.12283300000035524,28
2,4,burst,96,14.441625000000386,28
2,4,burst,97,0.31570900000042457,28
2,4,burst,98,1.658582999999453,28
2,4,burst,99,0.17004199999973935,28
2,4,burst,100,2.4457500000007713,28
2,4,burst,101,23.578875000000153,28
2,4,burst,102,14.76970799999981,28
2,4,burst,103,0.2461670000002414,28
2,4,burst,104,0.3626249999997526,28
2,4,burst,105,0.1342079999994894,28
2,4,burst,106,0.15350000000034925,28
2,4,burst,107,0.15383400000064285,28
2,4,burst,108,0.14970799999991868,28
2,4,burst,109,0.12449999999989814,28
2,4,burst,110,1.3458749999999782,28
2,4,burst,111,0.15345799999977316,28
2,4,burst,112,3.8501249999999345,28
2,4,burst,113,0.16600000000016735,28
2,4,burst,114,0.14429199999995035,28
2,4,burst,115,2.6752910000004704,28
2,4,burst,116,0.24233300000014424,28
2,4,burst,117,0.14699999999993452,28
2,4,burst,118,0.13562499999989086,28
2,4,burst,119,0.12758300000041345,28
2,4,burst,120,0.12716699999964476,28
2,4,burst,121,0.12729099999978644,28
2,4,burst,122,0.15512499999931606,28
2,4,burst,123,0.12570899999991525,28
2,4,burst,124,0.12308399999983521,28
2,4,burst,125,0.12491700000009587,28
2,4,burst,126,0.125,28
2,4,burst,127,0.1217080000005808,28
2,4,burst,128,0.12416699999994307,28
2,4,burst,129,0.12158300000010058,28
2,4,burst,130,0.12495800000033341,28
2,4,burst,131,0.11829099999977188,28
2,4,burst,132,0.11999999999989086,28
2,4,burst,133,0.12120899999990797,28
2,4,burst,134,0.12058400000023539,28
2,4,burst,135,0.11925000000064756,28
2,4,burst,136,0.11991599999964819,28
2,4,burst,137,0.13283299999966403,28
2,4,burst,138,0.12237499999991996,28
2,4,burst,139,0.12216699999953562,28
2,4,burst,140,0.1226249999999709,28
2,4,burst,141,0.12108299999999872,28
2,4,burst,142,0.12012500000037107,28
2,4,burst,143,0.12166600000000471,28
2,4,burst,144,0.12625000000025466,28
2,4,burst,145,0.12354099999993196,28
2,4,burst,146,0.12012500000037107,28
2,4,burst,147,0.12854199999947014,28
2,4,burst,148,0.12125000000014552,28
2,4,burst,149,0.12058400000023539,28
2,4,burst,150,0.11904199999935372,28
2,4,burst,151,0.12483400000019174,28
2,4,burst,152,0.12675000000035652,28
2,4,burst,153,0.12445800000023155,28
2,4,burst,154,0.11770800000067538,28
2,4,burst,155,0.1205839999993259,28
2,4,burst,156,0.11879199999930279,28
2,4,burst,157,0.12408400000003894,28
2,4,burst,158,0.12233300000025338,28
2,4,burst,159,0.12250000000040018,28
2,4,burst,160,0.12320900000031543,28
2,4,burst,161,0.11929200000031415,28
2,4,burst,162,0.11929099999997561,28
2,4,burst,163,0.12016700000003766,28
2,4,burst,164,0.12079199999971024,28
2,4,burst,165,0.11995800000022427,28
2,4,burst,166,0.12429200000042329,28
2,4,burst,167,0.12691699999959383,28
2,4,burst,168,0.12237499999991996,28
2,4,burst,169,0.11854099999982282,28
2,4,burst,170,0.11700000000018917,28
2,4,burst,171,0.11829200000011042,28
2,4,burst,172,0.12149999999928696,28
2,4,burst,173,0.12125000000014552,28
2,4,burst,174,0.1170830000000933,28
2,4,burst,175,0.1185830000003989,28
2,4,burst,176,0.1190839999999298,28
2,4,burst,177,0.11825000000044383,28
2,4,burst,178,0.11795799999981682,28
2,4,burst,179,0.12120800000047893,28
2,4,burst,180,0.1288750000003347,28
2,4,burst,181,0.11645799999951123,28
2,4,burst,182,0.11829200000011042,28
2,4,burst,183,0.1167089999999007,28
2,4,burst,184,0.13045899999997346,28
2,4,burst,185,0.12341699999979028,28
2,4,burst,186,0.12108400000033726,28
2,4,burst,187,0.11774999999943248,28
2,4,burst,188,0.11912499999925785,28
2,4,burst,189,0.1170830000000933,28
2,4,burst,190,0.1176660000000993,28
2,4,burst,191,0.11970800000017334,28
2,4,burst,192,0.12329099999988102,28
2,4,burst,193,0.11783299999933661,28
2,4,burst,194,0.12070800000037707,28
2,4,burst,195,0.11820799999986775,28
2,4,burst,196,0.11954100000002654,28
2,4,burst,197,0.1172500000002401,28
2,4,burst,198,0.11691599999994651,28
2,4,burst,199,0.12316699999973935,28
2,4,burst,200,0.12458399999923131,28
2,4,burst,201,0.11633299999994051,28
2,4,burst,202,0.11825000000044383,28
2,4,burst,203,0.11924999999973807,28
2,4,burst,204,0.11937500000021828,28
2,4,burst,205,0.11695800000052259,28
2,4,burst,206,0.11812499999996362,28
2,4,burst,207,0.12208399999963149,28
2,4,burst,208,0.12033400000018446,28
2,4,burst,209,0.11666699999932462,28
2,4,burst,210,0.1174170000003869,28
2,4,burst,211,0.12108299999999872,28
2,4,burst,212,0.1183340000006865,28
2,4,burst,213,30.60283299999992,28
2,4,burst,214,0.4990829999997004,28
2,4,burst,215,2.845874999999978,28
2,4,burst,216,0.29112500000064756,28
2,4,burst,217,1.8482919999996739,28
2,4,burst,218,0.26579099999980826,28
2,4,burst,219,0.33616600000004837,28
2,4,burst,220,0.3007920000000013,28
2,4,burst,221,0.23962500000016007,28
2,4,burst,222,0.6810830000003989,28
2,4,burst,223,0.29258300000037707,28
2,4,burst,224,1.018583000000035,28
2,4,burst,225,0.3540840000005119,28
2,4,burst,226,0.3834999999999127,28
2,4,burst,227,0.10687499999949068,28
2,4,burst,228,0.10379199999988487,28
2,4,burst,229,0.830707999999504,28
2,4,burst,230,0.31466700000055425,28
2,4,burst,231,0.11520800000016607,28
2,4,burst,232,0.09466599999996106,28
2,4,burst,233,0.09054199999991397,28
2,4,burst,234,0.09054199999991397,28
2,4,burst,235,0.09324999999989814,28
2,4,burst,236,0.08950000000004366,28
2,4,burst,237,10.760582999999315,28
2,4,burst,238,0.12854200000037963,28
2,4,burst,239,0.0928329999997004,28
2,4,burst,240,0.10420799999974406,28
2,4,burst,241,0.24445900000046095,28
2,4,burst,242,0.405083999999988,28
2,4,burst,243,0.18204200000036508,28
2,4,burst,244,0.15212499999961437,28
2,4,burst,245,0.1690840000001117,28
2,4,burst,246,0.15245800000047893,28
2,4,burst,247,0.16300000000046566,28
2,4,burst,248,0.17229200000019773,28
2,4,burst,249,0.16887499999938882,28
2,4,burst,250,0.1563750000004802,28
2,4,burst,251,0.15599999999994907,28
2,4,burst,252,0.1599160000005213,28
2,4,burst,253,0.16195799999968585,28
2,4,burst,254,1.855874999999287,28
2,4,burst,255,0.20429199999944103,28
2,4,burst,256,0.10854199999994307,28
2,4,burst,257,0.16220899999916583,28
2,4,burst,258,0.3494169999994483,28
2,4,burst,259,0.15808300000026065,28
2,4,burst,260,0.3140000000003056,28
2,4,burst,261,0.18000000000029104,28
2,4,burst,262,0.15208400000028632,28
2,4,burst,263,0.1499999999996362,28
2,4,burst,264,10.701624999999694,28
2,4,burst,265,0.10945799999990413,28
2,4,burst,266,0.10437499999989086,28
2,4,burst,267,0.1009169999997539,28
2,4,burst,268,0.10283299999991868,28
2,4,burst,269,0.46508300000004965,28
2,4,burst,270,0.29916700000012497,28
2,4,burst,271,0.16204199999992852,28
2,4,burst,272,0.14754199999970297,28
2,4,burst,273,0.15220899999985704,28
2,4,burst,274,0.14833399999952235,28
2,4,burst,275,0.14499999999952706,28
2,4,burst,276,0.14154099999996106,28
2,4,burst,277,0.145249999999578,28
2,4,burst,278,0.15395799999987503,28
2,4,burst,279,0.15216700000019046,28
2,4,burst,280,0.1476250000005166,28
2,4,burst,281,0.14079099999980826,28
2,4,burst,282,0.14558300000044255,28
2,4,burst,283,0.1459999999997308,28
2,4,burst,284,0.1453750000000582,28
2,4,burst,285,0.1392919999998412,28
2,4,burst,286,0.14662499999940337,28
2,4,burst,287,0.14174999999977445,28
2,4,burst,288,0.14266700000007404,28
2,4,burst,289,0.14216699999997218,28
2,4,burst,290,0.1434159999998883,28
2,4,burst,291,0.1468750000003638,28
2,4,burst,292,0.24991600000066683,28
2,4,burst,293,0.15116699999998673,28
2,4,burst,294,0.1589590000003227,28
2,4,burst,295,0.130207999999584,28
2,4,burst,296,0.13062499999978172,28
2,4,burst,297,0.12529199999971752,28
2,4,burst,298,0.1277909999998883,28
2,4,burst,299,0.12525000000005093,28
2,4,burst,300,0.1291670000000522,28
2,4,burst,301,0.12445900000057009,28
2,4,burst,302,0.12687499999992724,28
2,4,burst,303,0.12208300000020245,28
2,4,burst,304,0.12266600000020844,28
2,4,burst,305,0.12229200000001583,28
2,4,burst,306,0.12429200000042329,28
2,4,burst,307,0.12462500000037835,28
2,4,burst,308,0.1297500000000582,28
2,4,burst,309,0.12354099999993196,28
2,4,burst,310,0.1242499999998472,28
2,4,burst,311,0.12212499999986903,28
2,4,burst,312,0.1226249999999709,28
2,4,burst,313,0.12137499999971624,28
2,4,burst,314,0.12491700000009587,28
2,4,burst,315,0.12141599999995378,28
2,4,burst,316,0.15499999999974534,28
2,4,burst,317,0.13374999999996362,28
2,4,burst,318,0.12283399999978428,28
2,4,burst,319,0.13425000000006548,28
2,4,burst,320,0.14262499999949796,28
2,4,burst,321,0.1280830000005153,28
2,4,burst,322,0.1435830000000351,28
2,4,burst,323,0.12270799999987503,28
2,4,burst,324,0.14108300000043528,28
2,4,burst,325,0.12216600000010658,28
2,4,burst,326,0.13295800000014424,28
2,4,burst,327,0.12787499999922147,28
2,4,burst,328,0.13620799999989686,28
2,4,burst,329,0.13520900000003166,28
2,4,burst,330,0.12704200000007404,28
2,4,burst,331,0.12658399999963876,28
2,4,burst,332,0.13462499999968713,28
2,4,burst,333,0.12862500000028376,28
2,4,burst,334,0.12795900000037363,28
2,4,burst,335,0.13091700000040873,28
2,4,burst,336,0.13429200000064156,28
2,4,burst,337,0.13220899999942048,28
2,4,burst,338,0.11733300000014424,28
2,4,burst,339,0.13695800000004965,28
2,4,burst,340,0.1275420000001759,28
2,4,burst,341,0.13350000000082218,28
2,4,burst,342,0.12800000000061118,28
2,4,burst,343,0.135707999999795,28
2,4,burst,344,0.1334999999999127,28
2,4,burst,345,0.12087499999961437,28
2,4,burst,346,0.12849999999980355,28
2,4,burst,347,0.13241699999980483,28
2,4,burst,348,0.12658399999963876,28
2,4,burst,349,0.12787500000013097,28
2,4,burst,350,0.13412499999958527,28
2,4,burst,351,0.1259170000002996,28
2,4,burst,352,0.1369169999998121,28
2,4,burst,353,0.13154100000065228,28
2,4,burst,354,0.1263330000001588,28
2,4,burst,355,0.13387500000044383,28
2,4,burst,356,0.12733300000036252,28
2,4,burst,357,0.13412499999958527,28
2,4,burst,358,0.11849999999958527,28
2,4,burst,359,0.13058300000011513,28
2,4,burst,360,0.1279580000000351,28
2,4,burst,361,0.126166000000012,28
2,4,burst,362,0.12966700000015408,28
2,4,burst,363,0.13008300000001327,28
2,4,burst,364,0.12824999999975262,28
2,4,burst,365,0.13387499999953434,28
2,4,burst,366,0.12454199999956472,28
2,4,burst,367,0.12950000000000728,28
2,4,burst,368,0.12608300000010786,28
2,4,burst,369,0.1320000000005166,28
2,4,burst,370,0.12395800000012969,28
2,4,burst,371,0.1388329999999769,28
2,4,burst,372,0.12804199999936827,28
2,4,burst,373,0.14087500000005093,28
2,4,burst,374,0.12595799999962765,28
2,4,burst,375,0.14529099999981554,28
2,4,burst,376,6.080332999999882,28
2,4,burst,377,0.1741249999995489,28
2,4,burst,378,0.13870799999949668,28
2,4,burst,379,0.12616700000035053,28
2,4,burst,380,0.1286660000005213,28
2,4,burst,381,0.12637499999982538,28
2,4,burst,382,0.12387499999931606,28
2,4,burst,383,0.13004199999977573,28
2,4,burst,384,0.12491599999975733,28
2,4,burst,385,0.13920799999959854,28
2,4,burst,386,0.12333399999988615,28
2,4,burst,387,0.1209579999995185,28
2,4,burst,388,0.125,28
2,4,burst,389,0.12437500000032742,28
2,4,burst,390,0.13004199999977573,28
2,4,burst,391,0.12266699999963748,28
2,4,burst,392,27.99433399999998,28
2,4,burst,393,0.13575000000037107,28
2,4,burst,394,0.14141699999981938,28
2,4,burst,395,1.2018750000006548,28
2,4,burst,396,0.10154199999942648,28
2,4,burst,397,0.11720800000057352,28
2,4,burst,398,0.1248329999998532,28
2,4,burst,399,0.15887500000008004,28
2,4,burst,400,0.4865829999998823,28
2,4,burst,401,0.09783400000014808,28
2,4,burst,402,0.08654200000000856,28
2,4,burst,403,0.17758299999968585,28
2,4,burst,404,0.09058300000015151,28
2,4,burst,405,0.0906249999998181,28
2,4,burst,406,0.08566700000028504,28
2,4,burst,407,0.08654099999967002,28
2,4,burst,408,0.13683300000047893,28
2,4,burst,409,0.32979100000011385,28
2,4,burst,410,0.17199999999957072,28
2,4,burst,411,0.1453750000000582,28
2,4,burst,412,0.3059589999993477,28
2,4,burst,413,0.5259580000001733,28
2,4,burst,414,0.20208399999955873,28
2,4,burst,415,0.1760420000000522,28
2,4,burst,416,0.1696250000004511,28
2,4,burst,417,0.14862499999981083,28
2,4,burst,418,0.14674999999988358,28
2,4,burst,419,0.15024999999968713,28
2,4,burst,420,0.17583300000023883,28
2,4,burst,421,5.254500000000007,28
2,4,burst,422,0.11275000000023283,28
2,4,burst,423,0.17491700000027777,28
2,4,burst,424,0.0945000000001528,28
2,4,burst,425,0.08924999999999272,28
2,4,burst,426,0.19545800000014424,28
2,4,burst,427,0.0898749999996653,28
2,4,burst,428,0.08745900000030815,28
2,4,burst,429,0.2047920000004524,28
2,4,burst,430,0.41791600000033213,28
2,4,burst,431,0.14508400000067923,28
2,4,burst,432,0.1532919999999649,28
2,4,burst,433,0.129917000000205,28
2,4,burst,434,0.13033400000040274,28
2,4,burst,435,0.12366699999984121,28
2,4,burst,436,0.1263330000001588,28
2,4,burst,437,0.12058299999989686,28
2,4,burst,438,0.12191600000005565,28
2,4,burst,439,0.12304100000073959,28
2,4,burst,440,0.12270799999987503,28
2,4,burst,441,0.1263329999992493,28
2,4,burst,442,0.11991699999998673,28
2,4,burst,443,0.1248329999998532,28
2,4,burst,444,0.12266599999929895,28
2,4,burst,445,0.12108400000033726,28
2,4,burst,446,0.11883299999954033,28
2,4,burst,447,0.13079199999992852,28
2,4,burst,448,0.1254590000007738,28
2,4,burst,449,0.12058299999989686,28
2,4,burst,450,0.12000000000080036,28
2,4,burst,451,0.12212499999986903,28
2,4,burst,452,0.12308300000040617,28
2,4,burst,453,0.11920800000007148,28
2,4,burst,454,0.12304100000073959,28
2,4,burst,455,0.1275420000001759,28
2,4,burst,456,0.1273750000000291,28
2,4,burst,457,0.11879200000021228,28
2,4,burst,458,0.11862500000006548,28
2,4,burst,459,0.12104199999976117,28
2,4,burst,460,0.1227920000001177,28
2,4,burst,461,0.12091699999928096,28
2,4,burst,462,0.1254159999998592,28
2,4,burst,463,0.12741599999935715,28
2,4,burst,464,0.12075000000004366,28
2,4,burst,465,0.11808399999972607,28
2,4,burst,466,0.11820900000020629,28
2,4,burst,467,0.12070799999946757,28
2,4,burst,468,0.12154199999986304,28
2,4,burst,469,0.124416999999994,28
2,4,burst,470,0.12600000000020373,28
2,4,burst,471,0.139458999999988,28
2,4,burst,472,0.12283299999944575,28
2,4,burst,473,0.11937500000021828,28
2,4,burst,474,0.11974999999983993,28
2,4,burst,475,0.12108400000033726,28
2,4,burst,476,0.12041700000008859,28
2,4,burst,477,0.12237499999991996,28
2,4,burst,478,0.12091699999928096,28
2,4,burst,479,0.12620799999967858,28
2,4,burst,480,0.1212919999998121,28
2,4,burst,481,0.12075000000004366,28
2,4,burst,482,0.11833299999943847,28
2,4,burst,483,0.12224999999943975,28
2,4,burst,484,0.1245840000001408,28
2,4,burst,485,0.11866699999973207,28
2,4,burst,486,0.1222909999996773,28
2,4,burst,487,0.12075000000004366,28
2,4,burst,488,0.12658399999963876,28
2,4,burst,489,15.19470899999942,28
2,4,burst,490,26.05962499999987,28
2,4,burst,491,1.08533400000033,28
2,4,burst,492,0.09995799999978772,28
2,4,burst,493,0.06824999999935244,28
2,4,burst,494,0.06145900000046822,28
2,4,burst,495,0.05908400000043912,28
2,4,burst,496,1.1876249999995707,28
2,4,burst,497,0.0976249999994252,28
2,4,burst,498,0.13862499999959255,28
2,4,burst,499,0.12383399999998801,28
2,4,burst,500,0.4462499999999636,28
2,4,burst,501,0.12399999999979627,28
2,4,burst,502,0.11679199999980483,28
2,4,burst,503,0.09462499999972351,28
2,4,burst,504,0.07662499999969441,28
2,4,burst,505,0.10991600000033941,28
2,4,burst,506,0.07633299999997689,28
2,4,burst,507,0.06958299999951123,28
2,4,burst,508,0.06983299999956216,28
2,4,burst,509,0.19216700000015408,28
2,4,burst,510,0.15262499999971624,28
2,4,burst,511,0.07945800000015879,28
2,4,burst,512,0.07491699999991397,28
2,4,burst,513,0.06970799999999144,28
2,4,burst,514,0.07304100000055769,28
2,4,burst,515,0.07108299999981682,28
2,4,burst,516,0.06883299999935844,28
2,4,burst,517,0.07633400000031543,28
2,4,burst,518,0.10974999999962165,28
2,4,burst,519,0.10979199999928824,28
2,4,burst,520,0.1049170000005688,28
2,4,burst,521,0.12041599999975006,28
2,4,burst,522,0.12049999999999272,28
2,4,burst,523,0.12029199999960838,28
2,4,burst,524,0.07270800000060262,28
2,4,burst,525,0.0707910000000993,28
2,4,burst,526,0.07695800000055897,28
2,4,burst,527,0.07291700000041601,28
2,4,burst,528,0.06979200000023411,28
2,4,burst,529,0.0757499999999709,28
2,4,burst,530,8.869542000000365,28
2,4,burst,531,0.08354200000030687,28
2,4,burst,532,0.07354099999975006,28
2,4,burst,533,0.07195799999954033,28
2,4,burst,534,0.08333299999958399,28
2,4,burst,535,7.9384170000003,28
2,4,burst,536,0.17429200000060519,28
2,4,burst,537,0.16262499999993452,28
2,4,burst,538,0.16674999999941065,28
2,4,burst,539,5.894624999999905,28
2,4,burst,540,20.70758300000034,28
2,4,burst,541,0.09754200000043056,28
2,4,burst,542,0.07462500000019645,28
2,4,burst,543,0.0867500000003929,28
2,4,burst,544,1.7450000000008004,28
2,4,burst,545,0.23129100000005565,28
2,4,burst,546,0.16016700000000128,28
2,4,burst,547,4.426292000000103,28
2,4,burst,548,0.1001669999996011,28
2,4,burst,549,0.07641699999931006,28
2,4,burst,550,0.069166000000223,28
2,4,burst,551,0.06662500000038563,28
2,4,burst,552,0.06666599999971368,28
2,4,burst,553,0.06787499999973079,28
2,4,burst,554,0.1027910000002521,28
2,4,burst,555,0.13816599999972823,28
2,4,burst,556,0.1275420000001759,28
2,4,burst,557,0.12749999999959982,28
2,4,burst,558,0.4482499999994616,28
2,4,burst,559,0.0865830000002461,28
2,4,burst,560,0.07395799999994779,28
2,4,burst,561,0.07033300000057352,28
2,4,burst,562,0.0700829999996131,28
2,4,burst,563,0.06512500000008004,28
2,4,burst,564,0.06570800000008603,28
2,4,burst,565,0.33620799999971496,28
2,4,burst,566,0.13208300000042072,28
2,4,burst,567,0.14020799999980227,28
2,4,burst,568,5.715374999999767,28
2,4,burst,569,1.231499999999869,28
2,4,burst,570,0.40929099999993923,28
2,4,burst,571,0.1483749999997599,28
2,4,burst,572,0.12908299999980954,28
2,4,burst,573,0.1317910000007032,28
2,4,burst,574,0.12349999999969441,28
2,4,burst,575,0.12658299999930023,28
2,4,burst,576,0.12716699999964476,28
2,4,burst,577,0.13450000000011642,28
2,4,burst,578,0.12312500000007276,28
2,4,burst,579,0.1245840000001408,28
2,4,burst,580,0.12600000000020373,28
2,4,burst,581,0.12245800000073359,28
2,4,burst,582,0.12066599999980099,28
2,4,burst,583,0.12312499999916326,28
2,4,burst,584,0.12529199999971752,28
2,4,burst,585,0.12833300000056624,28
2,4,burst,586,0.12116599999990285,28
2,4,burst,587,0.3754579999995258,28
2,4,burst,588,0.2425840000005337,28
2,4,burst,589,0.20812499999919964,28
2,4,burst,590,0.3925419999995938,28
2,4,burst,591,0.08779200000026322,28
2,4,burst,592,0.6372920000003433,28
2,4,burst,593,0.18425000000024738,28
2,4,burst,594,0.14754199999970297,28
2,4,burst,595,0.14987500000006548,28
2,4,burst,596,0.16983299999992596,28
2,4,burst,597,0.14591700000073615,28
2,4,burst,598,0.21987499999977445,28
2,4,burst,599,0.14683299999978772,28
2,4,burst,600,0.08154199999989942,28
2,4,burst,601,0.08216600000014296,28
2,4,burst,602,0.06925000000046566,28
2,4,burst,603,0.06970799999999144,28
2,4,burst,604,0.06979100000080507,28
2,4,burst,605,0.07183299999996962,28
2,4,burst,606,0.06825000000026193,28
2,4,burst,607,0.19308400000045367,28
2,4,burst,608,0.16270799999983865,28
2,4,burst,609,0.16420900000048277,28
2,4,burst,610,0.16349999999965803,28
2,4,burst,611,0.14962500000001455,28
2,4,burst,612,0.15687500000058208,28
2,4,burst,613,0.146125000000211,28
2,4,burst,614,0.14662500000031287,28
2,4,burst,615,0.141791000000012,28
2,4,burst,616,0.14679199999955017,28
2,4,burst,617,0.16295900000022812,28
2,4,burst,618,0.2084580000000642,28
2,4,burst,619,0.16004200000043056,28
2,4,burst,620,0.411750000000211,28
2,4,burst,621,0.16720800000075542,28
2,4,burst,622,0.14579199999934644,28
2,4,burst,623,0.14291599999978644,28
2,4,burst,624,0.1479170000002341,28
2,4,burst,625,1.4459999999999127,28
2,4,burst,626,1.3731250000000728,28
2,4,burst,627,0.13700000000062573,28
2,4,burst,628,0.13116699999955017,28
2,4,burst,629,0.12470799999937299,28
2,4,burst,630,0.1273750000000291,28
2,4,burst,631,0.1252089999998134,28
2,4,burst,632,0.14016699999956472,28
2,4,burst,633,0.12262500000088039,28
2,4,burst,634,0.1245840000001408,28
2,4,burst,635,0.12079200000061974,28
2,4,burst,636,0.12408400000003894,28
2,4,burst,637,0.12049999999999272,28
2,4,burst,638,0.11991599999964819,28
2,4,burst,639,0.12516599999980826,28
2,4,burst,640,0.1280830000005153,28
2,4,burst,641,0.1226249999999709,28
2,4,burst,642,0.11858400000073743,28
2,4,burst,643,0.12391699999989214,28
2,4,burst,644,0.11829200000011042,28
2,4,burst,645,0.11733400000048277,28
2,4,burst,646,0.1198340000000826,28
2,4,burst,647,0.12529199999971752,28
2,4,burst,648,0.12708399999974063,28
2,4,burst,649,0.12545899999986432,28
2,4,burst,650,0.11999999999989086,28
2,4,burst,651,0.11954100000002654,28
2,4,burst,652,19.078207999999904,28
2,4,burst,653,0.129041999999572,28
2,4,burst,654,0.2439589999994496,28
2,4,burst,655,0.09095799999977316,28
2,4,burst,656,0.08725000000049477,28
2,4,burst,657,0.08562499999970896,28
2,4,burst,658,0.0858749999997599,28
2,4,burst,659,0.08950000000004366,28
2,4,burst,660,0.0867500000003929,28
2,4,burst,661,0.0915420000001177,28
2,4,burst,662,0.10145900000043184,28
2,4,burst,663,0.12304199999925913,28
2,4,burst,664,0.12024999999994179,28
2,4,burst,665,0.13366699999915,28
2,4,burst,666,0.11999999999989086,28
2,4,burst,667,0.12070800000037707,28
2,4,burst,668,0.12495800000033341,28
2,4,burst,669,0.12083299999994779,28
2,4,burst,670,0.1200410000001284,28
2,4,burst,671,0.12091700000019046,28
2,4,burst,672,0.12270899999930407,28
2,4,burst,673,0.11974999999983993,28
2,4,burst,674,0.1204169999991791,28
2,4,burst,675,0.125292000000627,28
2,4,burst,676,0.12091699999928096,28
2,4,burst,677,0.12045899999975518,28
2,4,burst,678,0.12037499999951251,28
2,4,burst,679,0.12183300000015151,28
2,4,burst,680,0.1300839999994423,28
2,4,burst,681,0.11954200000036508,28
2,4,burst,682,0.125,28
2,4,burst,683,0.12062499999956344,28
2,4,burst,684,0.11766699999952834,28
2,4,burst,685,0.09587499999997817,28
2,4,burst,686,0.08225000000038563,28
2,4,burst,687,15.363124999999854,28
2,4,burst,688,0.2638329999999769,28
2,4,burst,689,0.16341599999941536,28
2,4,burst,690,0.19174999999995634,28
2,4,burst,691,1.2249170000004597,28
2,4,burst,692,0.15987500000028376,28
2,4,burst,693,0.14987500000006548,28
2,4,burst,694,0.2012909999994008,28
2,4,burst,695,1.4318330000005517,28
2,4,burst,696,0.15391699999963748,28
2,4,burst,697,0.1610000000000582,28
2,4,burst,698,0.1352500000002692,28
2,4,burst,699,0.13179200000013225,28
2,4,burst,700,0.1259170000002996,28
2,4,burst,701,0.13358400000015536,28
2,4,burst,702,0.1251670000001468,28
2,4,burst,703,0.12816699999984849,28
2,4,burst,704,0.1334579999993366,28
2,4,burst,705,0.12075000000004366,28
2,4,burst,706,0.12612499999977445,28
2,4,burst,707,0.1190839999999298,28
2,4,burst,708,0.11904200000026322,28
2,4,burst,709,0.11983299999974406,28
2,4,burst,710,0.12495800000033341,28
2,4,burst,711,0.1367499999996653,28
2,4,burst,712,0.12429199999951379,28
2,4,burst,713,0.12320799999997689,28
2,4,burst,714,0.12745799999993324,28
2,4,burst,715,0.1226249999999709,28
2,4,burst,716,0.1180000000003929,28
2,4,burst,717,0.1398749999998472,28
2,4,burst,718,0.13058300000011513,28
2,4,burst,719,0.13370800000029703,28
2,4,burst,720,0.13879199999973935,28
2,4,burst,721,0.13154200000008132,28
2,4,burst,722,0.13612499999999272,28
2,4,burst,723,0.12995799999953306,28
2,4,burst,724,0.13708299999962037,28
2,4,burst,725,0.1304999999993015,28
2,4,burst,726,0.12687499999992724,28
2,4,burst,727,0.14629100000001927,28
2,4,burst,728,0.13541600000007747,28
2,4,burst,729,0.12491700000009587,28
2,4,burst,730,0.12725000000045839,28
2,4,burst,731,0.1303749999997308,28
2,4,burst,732,0.13550000000032014,28
2,4,burst,733,0.13816600000063772,28
2,4,burst,734,0.1305419999998776,28
2,4,burst,735,0.12845800000013696,28
2,4,burst,736,0.12600000000020373,28
2,4,burst,737,0.12674999999944703,28
2,4,burst,738,0.13162499999998545,28
2,4,burst,739,0.13137499999993452,28
2,4,burst,740,0.14645800000016607,28
2,4,burst,741,0.13258399999995163,28
2,4,burst,742,0.13558300000022427,28
2,4,burst,743,0.12487499999951979,28
2,4,burst,744,0.13354199999957928,28
2,4,burst,745,0.12879199999952107,28
2,4,burst,746,0.12274999999954161,28
2,4,burst,747,0.13208300000042072,28
2,4,burst,748,0.1288750000003347,28
2,4,burst,749,0.12808399999994435,28
2,4,burst,750,0.1268339999996897,28
2,4,burst,751,0.12491700000009587,28
2,4,burst,752,0.1336670000000595,28
2,4,burst,753,0.12645900000006804,28
2,4,burst,754,0.12804200000027777,28
2,4,burst,755,0.11658299999999144,28
2,4,burst,756,0.13562499999989086,28
2,4,burst,757,0.12254099999972823,28
2,4,burst,758,0.13237500000013824,28
2,4,burst,759,0.11904200000026322,28
2,4,burst,760,0.13475000000016735,28
2,4,burst,761,0.1297500000000582,28
2,4,burst,762,0.12458300000071176,28
2,4,burst,763,0.1250419999996666,28
2,4,burst,764,0.13045899999997346,28
2,4,burst,765,0.12795900000037363,28
2,4,burst,766,0.12474999999994907,28
2,4,burst,767,0.12695799999983137,28
2,4,burst,768,0.14404099999956088,28
2,4,burst,769,0.12912499999947613,28
2,4,burst,770,0.12345900000036636,28
2,4,burst,771,0.13316699999995762,28
2,4,burst,772,0.13129099999969185,28
2,4,burst,773,0.12845800000013696,28
2,4,burst,774,0.12833300000056624,28
2,4,burst,775,0.12654099999963364,28
2,4,burst,776,0.13937499999974534,28
2,4,burst,777,0.12216700000044511,28
2,4,burst,778,0.13104099999964092,28
2,4,burst,779,0.12774999999965075,28
2,4,burst,780,0.12895799999932933,28
2,4,burst,781,0.12566599999991013,28
2,4,burst,782,0.12654100000054314,28
2,4,burst,783,0.1264579999997295,28
2,4,burst,784,0.135417000000416,28
2,4,burst,785,0.12595799999962765,28
2,4,burst,786,0.1224579999998241,28
2,4,burst,787,0.13170900000022812,28
2,4,burst,788,0.13358299999981682,28
2,4,burst,789,0.11991699999998673,28
2,4,burst,790,0.12749999999959982,28
2,4,burst,791,0.12966600000072503,28
2,4,burst,792,0.1404160000001866,28
2,4,burst,793,0.12337500000012369,28
2,4,burst,794,0.167540999999801,28
2,4,burst,795,0.12820800000008603,28
2,4,burst,796,0.14991600000030303,28
2,4,burst,797,0.1242499999998472,28
2,4,burst,798,0.12579100000039034,28
2,4,burst,799,0.129917000000205,28
2,4,burst,800,0.1267920000000231,28
2,4,burst,801,0.11954100000002654,28
2,4,burst,802,0.12237499999991996,28
2,4,burst,803,0.15300000000024738,28
2,4,burst,804,0.13908399999945686,28
2,4,burst,805,0.13608300000032614,28
2,4,burst,806,0.13575000000037107,28
2,4,burst,807,0.13174999999955617,28
2,4,burst,808,0.1266249999998763,28
2,4,burst,809,76.94075000000066,28
2,4,burst,810,0.16220799999973678,28
2,4,burst,811,0.07416599999942264,28
2,4,burst,812,0.07058299999971496,28
2,4,burst,813,0.0705420000003869,28
2,4,burst,814,0.06708399999934045,28
2,4,burst,815,0.06541699999979755,28
2,4,burst,816,0.06633300000066811,28
2,4,burst,817,0.07087500000034197,28
2,4,burst,818,0.06512499999917054,28
2,4,burst,819,0.07254099999954633,28
2,4,burst,820,0.06599999999980355,28
2,4,burst,821,0.06787500000064028,28
2,4,burst,822,0.06404199999997218,28
2,4,burst,823,0.06512500000008004,28
2,4,burst,824,0.09083400000054098,28
2,4,burst,825,0.1242499999998472,28
2,4,burst,826,0.12291699999968841,28
2,4,burst,827,0.12362500000017462,28
2,4,burst,828,0.12237499999991996,28
2,4,burst,829,0.12520800000038435,28
2,4,burst,830,0.12320799999997689,28
2,4,burst,831,0.13333400000010442,28
2,4,burst,832,0.12820800000008603,28
2,4,burst,833,0.12983299999996234,28
2,4,burst,834,0.12033400000018446,28
2,4,burst,835,0.1220419999999649,28
2,4,burst,836,0.12316699999973935,28
2,4,burst,837,0.12158300000010058,28
2,4,burst,838,0.12591599999996106,28
2,4,burst,839,0.11975000000074942,28
2,4,burst,840,0.1250419999996666,28
2,4,burst,841,0.11954199999945558,28
2,4,burst,842,0.11987500000032014,28
2,4,burst,843,0.1200410000001284,28
2,4,burst,844,2.732375000000502,28
2,4,burst,845,0.0797500000007858,28
2,4,burst,846,0.08791699999983393,28
2,4,burst,847,0.12312500000007276,28
2,4,burst,848,0.09124999999949068,28
2,4,burst,849,0.07087500000034197,28
2,4,burst,850,0.07045800000014424,28
2,4,burst,851,0.06733299999996234,28
2,4,burst,852,0.0683340000005046,28
2,4,burst,853,0.06766700000025594,28
2,4,burst,854,0.06404100000054314,28
2,4,burst,855,0.06437499999992724,28
2,4,burst,856,0.06666599999971368,28
2,4,burst,857,0.06404199999997218,28
2,4,burst,858,0.06300000000010186,28
2,4,burst,859,0.06370800000058807,28
2,4,burst,860,0.10933300000033341,28
2,4,burst,861,0.12200000000029831,28
2,4,burst,862,0.12166700000034325,28
2,4,burst,863,0.11941699999988487,28
2,4,burst,864,0.12304200000016863,28
2,4,burst,865,0.12804099999993923,28
2,4,burst,866,0.12212500000077853,28
2,4,burst,867,0.12462500000037835,28
2,4,burst,868,0.1220419999999649,28
2,4,burst,869,0.11929200000031415,28
2,4,burst,870,0.12066600000071048,28
2,4,burst,871,0.12100000000009459,28
2,4,burst,872,0.12433300000066083,28
2,4,burst,873,0.11829099999977188,28
2,4,burst,874,0.12312500000007276,28
2,4,burst,875,0.1185829999994894,28
2,4,burst,876,0.12433399999918038,28
2,4,burst,877,0.12104199999976117,28
2,4,burst,878,0.11966599999959726,28
2,4,burst,879,0.12012500000037107,28
2,4,burst,880,0.12804199999936827,28
2,4,burst,881,0.12083400000028632,28
2,4,burst,882,0.11845799999991868,28
2,4,burst,883,0.12708300000031159,28
2,4,burst,884,0.12008300000070449,28
2,4,burst,885,0.11820799999986775,28
2,4,burst,886,0.11895899999944959,28
2,4,burst,887,0.12283399999978428,28
2,4,burst,888,0.12250000000040018,28
2,4,burst,889,0.11887500000011642,28
2,4,burst,890,0.11787499999991269,28
2,4,burst,891,0.1211249999996653,28
2,4,burst,892,0.11929199999940465,28
2,4,burst,893,0.12237499999991996,28
2,4,burst,894,0.11849999999958527,28
2,4,burst,895,0.12216700000044511,28
2,4,burst,896,0.12716699999964476,28
2,4,burst,897,0.11854199999925186,28
2,4,burst,898,0.10512500000004366,28
2,4,burst,899,0.06737500000053842,28
2,4,burst,900,0.06483300000036252,28
2,4,burst,901,0.06558300000051531,28
2,4,burst,902,33.15529199999946,28
2,4,burst,903,0.6546250000001237,28
2,4,burst,904,0.22791700000016135,28
2,4,burst,905,1.4347920000000158,28
2,4,burst,906,0.5830000000005384,28
2,4,burst,907,0.15041700000074343,28
2,4,burst,908,0.13475000000016735,28
2,4,burst,909,0.1275839999998425,28
2,4,burst,910,0.13079199999992852,28
2,4,burst,911,0.12629199999992125,28
2,4,burst,912,0.13400000000001455,28
2,4,burst,913,0.13537499999983993,28
2,4,burst,914,0.09641700000065612,28
2,4,burst,915,0.08650000000034197,28
2,4,burst,916,0.0843750000003638,28
2,4,burst,917,0.08854100000007747,28
2,4,burst,918,0.08279199999924458,28
2,4,burst,919,0.504334000000199,28
2,4,burst,920,1.4772910000001502,28
2,4,burst,921,0.26749999999992724,28
2,4,burst,922,1.3057080000007772,28
2,4,burst,923,0.17087499999979627,28
2,4,burst,924,1.3233330000002752,28
2,4,burst,925,0.4204589999999371,28
2,4,burst,926,0.1696670000001177,28
2,4,burst,927,0.10837500000070577,28
2,4,burst,928,0.1034589999999298,28
2,4,burst,929,0.09024999999928696,28
2,4,burst,930,0.08916599999975006,28
2,4,burst,931,0.09208299999954761,28
2,4,burst,932,0.08729099999982282,28
2,4,burst,933,0.08487499999955617,28
2,4,burst,934,0.08912499999951251,28
2,4,burst,935,0.08562499999970896,28
2,4,burst,936,0.08700000000044383,28
2,4,burst,937,0.08345899999949324,28
2,4,burst,938,0.0915420000001177,28
2,4,burst,939,0.08591599999999744,28
2,4,burst,940,0.08729200000016135,28
2,4,burst,941,0.08566700000028504,28
2,4,burst,942,0.08625000000029104,28
2,4,burst,943,0.09370899999976245,28
2,4,burst,944,0.0860419999999067,28
2,4,burst,945,0.09004100000038306,28
2,4,burst,946,0.08687499999996362,28
2,4,burst,947,0.08400000000074215,28
2,4,burst,948,3.216833999999835,28
2,4,burst,949,0.1937499999994543,28
2,4,burst,950,0.14216699999997218,28
2,4,burst,951,0.12924999999995634,28
2,4,burst,952,0.12749999999959982,28
2,4,burst,953,0.13175000000046566,28
2,4,burst,954,0.12470799999937299,28
2,4,burst,955,0.12904099999923346,28
2,4,burst,956,0.12754099999983737,28
2,4,burst,957,0.12258300000030431,28
2,4,burst,958,0.14579200000025594,28
2,4,burst,959,0.12379200000032142,28
2,4,burst,960,0.13429100000030303,28
2,4,burst,961,0.12254200000006676,28
2,4,burst,962,0.12791699999979755,28
2,4,burst,963,0.12208399999963149,28
2,4,burst,964,0.12241700000049605,28
2,4,burst,965,0.12049999999999272,28
2,4,burst,966,0.13637500000004366,28
2,4,burst,967,0.12908299999980954,28
2,4,burst,968,0.12250000000040018,28
2,4,burst,969,0.11995899999965332,28
2,4,burst,970,0.12433299999975134,28
2,4,burst,971,0.12774999999965075,28
2,4,burst,972,0.125583000000006,28
2,4,burst,973,0.119499999999789,28
2,4,burst,974,0.13087499999983265,28
2,4,burst,975,0.12045899999975518,28
2,4,burst,976,0.1222089999992022,28
2,4,burst,977,0.12220799999977316,28
2,4,burst,978,0.12233300000025338,28
2,4,burst,979,0.12041700000008859,28
2,4,burst,980,0.12058400000023539,28
2,4,burst,981,0.12433299999975134,28
2,4,burst,982,0.12520799999947485,28
2,4,burst,983,0.11991699999998673,28
2,4,burst,984,0.1190839999999298,28
2,4,burst,985,0.12216700000044511,28
2,4,burst,986,0.12433300000066083,28
2,4,burst,987,0.12183300000015151,28
2,4,burst,988,0.12212499999986903,28
2,4,burst,989,0.12158300000010058,28
2,4,burst,990,0.11908299999959127,28
2,4,burst,991,0.1191659999994954,28
2,4,burst,992,0.12045799999941664,28
2,4,burst,993,15.380666999999448,28
2,4,burst,994,12.459499999999935,28
2,4,burst,995,0.3876250000002983,28
2,4,burst,996,0.38816599999972823,28
2,4,burst,997,2.8546669999996084,28
2,4,burst,998,0.15979200000037963,28
2,4,burst,999,1.0750420000003942,28
