round,targets,mode,sample,ms,pending
0,1,idle,0,0.003249999999979991,0
0,1,idle,1,0.0029170000000249274,0
0,1,idle,2,0.003333999999995285,0
0,1,idle,3,0.0033330000000546534,0
0,1,idle,4,0.0034160000000156288,0
0,1,idle,5,0.002708000000041011,0
0,1,idle,6,0.002750000000048658,0
0,1,idle,7,0.002708000000041011,0
0,1,idle,8,0.0025840000000130203,0
0,1,idle,9,0.003207999999972344,0
0,1,idle,10,0.004124999999987722,0
0,1,idle,11,0.008500000000026375,0
0,1,idle,12,0.0031249999999545253,0
0,1,idle,13,0.005041000000005624,0
0,1,idle,14,0.004082999999980075,0
0,1,idle,15,0.008916999999996733,0
0,1,idle,16,0.002999999999985903,0
0,1,idle,17,0.003084000000001197,0
0,1,idle,18,0.004666999999983545,0
0,1,idle,19,0.03941600000001699,0
0,1,idle,20,0.004416999999989457,0
0,1,idle,21,0.002958999999975731,0
0,1,idle,22,0.008166000000016993,0
0,1,idle,23,0.0072920000000067375,0
0,1,idle,24,0.00333299999999781,0
0,1,idle,25,0.0027499999999918145,0
0,1,idle,26,0.0026659999999765205,0
0,1,idle,27,0.002583000000015545,0
0,1,idle,28,0.002583000000015545,0
0,1,idle,29,0.0027499999999918145,0
0,1,idle,30,0.0030409999999960746,0
0,1,idle,31,0.0025840000000130203,0
0,1,idle,32,0.007042000000012649,0
0,1,idle,33,0.0027919999999994616,0
0,1,idle,34,0.0027919999999994616,0
0,1,idle,35,0.003207999999972344,0
0,1,idle,36,0.0027499999999918145,0
0,1,idle,37,0.0026659999999765205,0
0,1,idle,38,0.006915999999989708,0
0,1,idle,39,0.0072079999999914435,0
0,1,idle,40,0.007667000000026292,0
0,1,idle,41,0.003917000000001281,0
0,1,idle,42,0.002916000000027452,0
0,1,idle,43,0.002625000000023192,0
0,1,idle,44,0.0026249999999663487,0
0,1,idle,45,0.00533300000000736,0
0,1,idle,46,0.0028750000000172804,0
0,1,idle,47,0.0026659999999765205,0
0,1,idle,48,0.0027499999999918145,0
0,1,idle,49,0.0025829999999587017,0
0,1,idle,50,0.0024579999999900792,0
0,1,idle,51,0.0037499999999681677,0
0,1,idle,52,0.002625000000023192,0
0,1,idle,53,0.0029590000000325745,0
0,1,idle,54,0.003375000000005457,0
0,1,idle,55,0.0027910000000019863,0
0,1,idle,56,0.0031250000000113687,0
0,1,idle,57,0.0027910000000019863,0
0,1,idle,58,0.002709000000038486,0
0,1,idle,59,0.002667000000030839,0
0,1,idle,60,0.0024999999999977263,0
0,1,idle,61,0.0029590000000325745,0
0,1,idle,62,0.0024579999999900792,0
0,1,idle,63,0.004042000000026746,0
0,1,idle,64,0.007584000000008473,0
0,1,idle,65,0.0026669999999739957,0
0,1,idle,66,0.0026669999999739957,0
0,1,idle,67,0.0071659999999837964,0
0,1,idle,68,0.003249999999979991,0
0,1,idle,69,0.0035829999999918982,0
0,1,idle,70,0.0025829999999587017,0
0,1,idle,71,0.0026659999999765205,0
0,1,idle,72,0.00304199999999355,0
0,1,idle,73,0.003917000000001281,0
0,1,idle,74,0.0029170000000249274,0
0,1,idle,75,0.002583000000015545,0
0,1,idle,76,0.0024999999999977263,0
0,1,idle,77,0.010417000000018106,0
0,1,idle,78,0.0024999999999977263,0
0,1,idle,79,0.0013329999999882602,0
0,1,idle,80,0.0012499999999704414,0
0,1,idle,81,0.001167000000009466,0
0,1,idle,82,0.0014170000000035543,0
0,1,idle,83,0.0011660000000119908,0
0,1,idle,84,0.0014170000000035543,0
0,1,idle,85,0.00408399999997755,0
0,1,idle,86,0.0013749999999959073,0
0,1,idle,87,0.001458999999954358,0
0,1,idle,88,0.0015000000000213731,0
0,1,idle,89,0.0012499999999704414,0
0,1,idle,90,0.0012080000000196378,0
0,1,idle,91,0.0011659999999551474,0
0,1,idle,92,0.0012080000000196378,0
0,1,idle,93,0.0013749999999959073,0
0,1,idle,94,0.0012080000000196378,0
0,1,idle,95,0.0012919999999780885,0
0,1,idle,96,0.001209000000017113,0
0,1,idle,97,0.0012089999999602696,0
0,1,idle,98,0.0014170000000035543,0
0,1,idle,99,0.0012080000000196378,0
0,1,idle,100,0.0012500000000272848,0
0,1,idle,101,0.0012919999999780885,0
0,1,idle,102,0.0031250000000113687,0
0,1,idle,103,0.0015420000000290202,0
0,1,idle,104,0.0016669999999976426,0
0,1,idle,105,0.011750000000006366,0
0,1,idle,106,0.006708000000003267,0
0,1,idle,107,0.006041999999979453,0
0,1,idle,108,0.0018329999999764368,0
0,1,idle,109,0.0020000000000095497,0
0,1,idle,110,0.004041000000029271,0
0,1,idle,111,0.01741700000002311,0
0,1,idle,112,0.004292000000020835,0
0,1,idle,113,0.002082999999970525,0
0,1,idle,114,0.0020000000000095497,0
0,1,idle,115,0.0015000000000213731,0
0,1,idle,116,0.0016249999999899956,0
0,1,idle,117,0.0015829999999823485,0
0,1,idle,118,0.0028750000000172804,0
0,1,idle,119,0.0017920000000231084,0
0,1,idle,120,0.0019580000000019027,0
0,1,idle,121,0.0013749999999959073,0
0,1,idle,122,0.0012920000000349319,0
0,1,idle,123,0.0012089999999602696,0
0,1,idle,124,0.0015420000000290202,0
0,1,idle,125,0.0012500000000272848,0
0,1,idle,126,0.0014170000000035543,0
0,1,idle,127,0.0012079999999627944,0
0,1,idle,128,0.0012500000000272848,0
0,1,idle,129,0.001334000000042579,0
0,1,idle,130,0.0015419999999721767,0
0,1,idle,131,0.0016660000000001673,0
0,1,idle,132,0.0013749999999959073,0
0,1,idle,133,0.0012499999999704414,0
0,1,idle,134,0.0013339999999857355,0
0,1,idle,135,0.0015420000000290202,0
0,1,idle,136,0.007000000000005002,0
0,1,idle,137,0.002208999999993466,0
0,1,idle,138,0.0016669999999976426,0
0,1,idle,139,0.0013329999999882602,0
0,1,idle,140,0.004041999999969903,0
0,1,idle,141,0.002334000000018932,0
0,1,idle,142,0.0014999999999645297,0
0,1,idle,143,0.0027919999999994616,0
0,1,idle,144,0.0014590000000112013,0
0,1,idle,145,0.0015409999999747015,0
0,1,idle,146,0.0012919999999780885,0
0,1,idle,147,0.01191700000003948,0
0,1,idle,148,0.002708000000041011,0
0,1,idle,149,0.0037909999999783395,0
0,1,idle,150,0.0015419999999721767,0
0,1,idle,151,0.004458999999997104,0
0,1,idle,152,0.004209000000003016,0
0,1,idle,153,0.002124999999978172,0
0,1,idle,154,0.0015000000000213731,0
0,1,idle,155,0.0012500000000272848,0
0,1,idle,156,0.0014579999999568827,0
0,1,idle,157,0.0012920000000349319,0
0,1,idle,158,0.0012499999999704414,0
0,1,idle,159,0.0013329999999882602,0
0,1,idle,160,0.0013749999999959073,0
0,1,idle,161,0.0015829999999823485,0
0,1,idle,162,0.0012909999999806132,0
0,1,idle,163,0.0012080000000196378,0
0,1,idle,164,0.0012499999999704414,0
0,1,idle,165,0.001209000000017113,0
0,1,idle,166,0.0011669999999526226,0
0,1,idle,167,0.0018749999999840838,0
0,1,idle,168,0.001167000000009466,0
0,1,idle,169,0.001125000000001819,0
0,1,idle,170,0.001209000000017113,0
0,1,idle,171,0.0015419999999721767,0
0,1,idle,172,0.001458000000013726,0
0,1,idle,173,0.0013329999999882602,0
0,1,idle,174,0.003290999999990163,0
0,1,idle,175,0.0025420000000053733,0
0,1,idle,176,0.0013749999999959073,0
0,1,idle,177,0.0014579999999568827,0
0,1,idle,178,0.0012500000000272848,0
0,1,idle,179,0.00383300000004283,0
0,1,idle,180,0.0012500000000272848,0
0,1,idle,181,0.0016249999999899956,0
0,1,idle,182,0.0035839999999893735,0
0,1,idle,183,0.0014590000000112013,0
0,1,idle,184,0.0012919999999780885,0
0,1,idle,185,0.001416000000006079,0
0,1,idle,186,0.0012919999999780885,0
0,1,idle,187,0.02437499999996362,0
0,1,idle,188,0.002250000000003638,0
0,1,idle,189,0.00437499999998181,0
0,1,idle,190,0.0015409999999747015,0
0,1,idle,191,0.002165999999988344,0
0,1,idle,192,0.0014170000000035543,0
0,1,idle,193,0.0015839999999798238,0
0,1,idle,194,0.0013749999999959073,0
0,1,idle,195,0.0012499999999704414,0
0,1,idle,196,0.0012920000000349319,0
0,1,idle,197,0.0012500000000272848,0
0,1,idle,198,0.0015419999999721767,0
0,1,idle,199,0.0019159999999942556,0
0,1,idle,200,0.0012920000000349319,0
0,1,idle,201,0.0012080000000196378,0
0,1,idle,202,0.0012079999999627944,0
0,1,idle,203,0.004208000000005541,0
0,1,idle,204,0.002165999999988344,0
0,1,idle,205,0.0012909999999806132,0
0,1,idle,206,0.0012919999999780885,0
0,1,idle,207,0.0012500000000272848,0
0,1,idle,208,0.0022919999999544416,0
0,1,idle,209,0.004082999999980075,0
0,1,idle,210,0.0012920000000349319,0
0,1,idle,211,0.0012089999999602696,0
0,1,idle,212,0.0012500000000272848,0
0,1,idle,213,0.0012910000000374566,0
0,1,idle,214,0.0015419999999721767,0
0,1,idle,215,0.001458000000013726,0
0,1,idle,216,0.0012909999999806132,0
0,1,idle,217,0.0012919999999780885,0
0,1,idle,218,0.0014590000000112013,0
0,1,idle,219,0.0014999999999645297,0
0,1,idle,220,0.0013329999999882602,0
0,1,idle,221,0.0015420000000290202,0
0,1,idle,222,0.002999999999985903,0
0,1,idle,223,0.0014999999999645297,0
0,1,idle,224,0.0017080000000078144,0
0,1,idle,225,0.0013329999999882602,0
0,1,idle,226,0.0012080000000196378,0
0,1,idle,227,0.0012089999999602696,0
0,1,idle,228,0.0012500000000272848,0
0,1,idle,229,0.0012500000000272848,0
0,1,idle,230,0.0018749999999840838,0
0,1,idle,231,0.0037090000000148393,0
0,1,idle,232,0.0013750000000527507,0
0,1,idle,233,0.001167000000009466,0
0,1,idle,234,0.0012919999999780885,0
0,1,idle,235,0.0038329999999859865,0
0,1,idle,236,0.0013749999999959073,0
0,1,idle,237,0.0037090000000148393,0
0,1,idle,238,0.0012500000000272848,0
0,1,idle,239,0.0012079999999627944,0
0,1,idle,240,0.002292000000011285,0
0,1,idle,241,0.003333999999995285,0
0,1,idle,242,0.0017500000000154614,0
0,1,idle,243,0.0012500000000272848,0
0,1,idle,244,0.0017080000000078144,0
0,1,idle,245,0.0014999999999645297,0
0,1,idle,246,0.0012919999999780885,0
0,1,idle,247,0.001167000000009466,0
0,1,idle,248,0.0012079999999627944,0
0,1,idle,249,0.0011660000000119908,0
0,1,idle,250,0.001167000000009466,0
0,1,idle,251,0.0014999999999645297,0
0,1,idle,252,0.0013329999999882602,0
0,1,idle,253,0.001167000000009466,0
0,1,idle,254,0.001125000000001819,0
0,1,idle,255,0.0011659999999551474,0
0,1,idle,256,0.0017080000000078144,0
0,1,idle,257,0.0013749999999959073,0
0,1,idle,258,0.0012499999999704414,0
0,1,idle,259,0.0012919999999780885,0
0,1,idle,260,0.001167000000009466,0
0,1,idle,261,0.0015000000000213731,0
0,1,idle,262,0.0015840000000366672,0
0,1,idle,263,0.0012919999999780885,0
0,1,idle,264,0.0011660000000119908,0
0,1,idle,265,0.0012500000000272848,0
0,1,idle,266,0.001667000000054486,0
0,1,idle,267,0.0017920000000231084,0
0,1,idle,268,0.0012499999999704414,0
0,1,idle,269,0.001209000000017113,0
0,1,idle,270,0.001167000000009466,0
0,1,idle,271,0.003791000000035183,0
0,1,idle,272,0.0015829999999823485,0
0,1,idle,273,0.004332999999974163,0
0,1,idle,274,0.0015000000000213731,0
0,1,idle,275,0.0011659999999551474,0
0,1,idle,276,0.0013749999999959073,0
0,1,idle,277,0.001541000000031545,0
0,1,idle,278,0.0012919999999780885,0
0,1,idle,279,0.0012089999999602696,0
0,1,idle,280,0.001209000000017113,0
0,1,idle,281,0.001125000000001819,0
0,1,idle,282,0.0014170000000035543,0
0,1,idle,283,0.001334000000042579,0
0,1,idle,284,0.0012500000000272848,0
0,1,idle,285,0.001791999999966265,0
0,1,idle,286,0.0013749999999959073,0
0,1,idle,287,0.0012920000000349319,0
0,1,idle,288,0.0017080000000078144,0
0,1,idle,289,0.0012080000000196378,0
0,1,idle,290,0.0012500000000272848,0
0,1,idle,291,0.001125000000001819,0
0,1,idle,292,0.0034999999999740794,0
0,1,idle,293,0.0019580000000019027,0
0,1,idle,294,0.001334000000042579,0
0,1,idle,295,0.0012089999999602696,0
0,1,idle,296,0.001125000000001819,0
0,1,idle,297,0.0016660000000001673,0
0,1,idle,298,0.0014170000000035543,0
0,1,idle,299,0.0012920000000349319,0
0,1,idle,300,0.0013329999999882602,0
0,1,idle,301,0.0012499999999704414,0
0,1,idle,302,0.001167000000009466,0
0,1,idle,303,0.001416000000006079,0
0,1,idle,304,0.004207999999948697,0
0,1,idle,305,0.002459000000044398,0
0,1,idle,306,0.0012909999999806132,0
0,1,idle,307,0.0012909999999806132,0
0,1,idle,308,0.0035419999999817264,0
0,1,idle,309,0.0016669999999976426,0
0,1,idle,310,0.0013329999999882602,0
0,1,idle,311,0.0012500000000272848,0
0,1,idle,312,0.001167000000009466,0
0,1,idle,313,0.001167000000009466,0
0,1,idle,314,0.0015420000000290202,0
0,1,idle,315,0.0034999999999740794,0
0,1,idle,316,0.0012919999999780885,0
0,1,idle,317,0.0012910000000374566,0
0,1,idle,318,0.0012499999999704414,0
0,1,idle,319,0.004166999999995369,0
0,1,idle,320,0.001416000000006079,0
0,1,idle,321,0.0013339999999857355,0
0,1,idle,322,0.0012920000000349319,0
0,1,idle,323,0.0012080000000196378,0
0,1,idle,324,0.0015829999999823485,0
0,1,idle,325,0.003666000000009717,0
0,1,idle,326,0.0014170000000035543,0
0,1,idle,327,0.0012080000000196378,0
0,1,idle,328,0.003417000000013104,0
0,1,idle,329,0.001458999999954358,0
0,1,idle,330,0.0018340000000307555,0
0,1,idle,331,0.001167000000009466,0
0,1,idle,332,0.0012500000000272848,0
0,1,idle,333,0.004458999999997104,0
0,1,idle,334,0.0015829999999823485,0
0,1,idle,335,0.0015420000000290202,0
0,1,idle,336,0.001334000000042579,0
0,1,idle,337,0.0012499999999704414,0
0,1,idle,338,0.001791999999966265,0
0,1,idle,339,0.0014170000000035543,0
0,1,idle,340,0.001416000000006079,0
0,1,idle,341,0.0012499999999704414,0
0,1,idle,342,0.0012080000000196378,0
0,1,idle,343,0.0012089999999602696,0
0,1,idle,344,0.001209000000017113,0
0,1,idle,345,0.0013749999999959073,0
0,1,idle,346,0.00333299999999781,0
0,1,idle,347,0.0013750000000527507,0
0,1,idle,348,0.09954100000004473,0
0,1,idle,349,0.0031660000000215405,0
0,1,idle,350,0.0016669999999976426,0
0,1,idle,351,0.0015419999999721767,0
0,1,idle,352,0.0015000000000213731,0
0,1,idle,353,0.0014999999999645297,0
0,1,idle,354,0.0012909999999806132,0
0,1,idle,355,0.0015000000000213731,0
0,1,idle,356,0.0018749999999840838,0
0,1,idle,357,0.0038749999999936335,0
0,1,idle,358,0.0015419999999721767,0
0,1,idle,359,0.0012919999999780885,0
0,1,idle,360,0.0012080000000196378,0
0,1,idle,361,0.0015409999999747015,0
0,1,idle,362,0.0013329999999882602,0
0,1,idle,363,0.0012500000000272848,0
0,1,idle,364,0.0012080000000196378,0
0,1,idle,365,0.008082999999999174,0
0,1,idle,366,0.0012499999999704414,0
0,1,idle,367,0.001458000000013726,0
0,1,idle,368,0.0014159999999492356,0
0,1,idle,369,0.001167000000009466,0
0,1,idle,370,0.0017920000000231084,0
0,1,idle,371,0.0012500000000272848,0
0,1,idle,372,0.0014170000000035543,0
0,1,idle,373,0.0012909999999806132,0
0,1,idle,374,0.0012499999999704414,0
0,1,idle,375,0.003958000000011452,0
0,1,idle,376,0.0012909999999806132,0
0,1,idle,377,0.0015000000000213731,0
0,1,idle,378,0.0012079999999627944,0
0,1,idle,379,0.0012080000000196378,0
0,1,idle,380,0.0012499999999704414,0
0,1,idle,381,0.0012499999999704414,0
0,1,idle,382,0.001458000000013726,0
0,1,idle,383,0.0012919999999780885,0
0,1,idle,384,0.001167000000009466,0
0,1,idle,385,0.0012089999999602696,0
0,1,idle,386,0.0012920000000349319,0
0,1,idle,387,0.003500000000030923,0
0,1,idle,388,0.0020419999999603533,0
0,1,idle,389,0.0012910000000374566,0
0,1,idle,390,0.0012500000000272848,0
0,1,idle,391,0.003207999999972344,0
0,1,idle,392,0.0013329999999882602,0
0,1,idle,393,0.001583000000039192,0
0,1,idle,394,0.0013750000000527507,0
0,1,idle,395,0.003333999999995285,0
0,1,idle,396,0.001167000000009466,0
0,1,idle,397,0.001416000000006079,0
0,1,idle,398,0.0014999999999645297,0
0,1,idle,399,0.0032500000000368345,0
0,1,idle,400,0.003290999999990163,0
0,1,idle,401,0.0012499999999704414,0
0,1,idle,402,0.002957999999978256,0
0,1,idle,403,0.004834000000016658,0
0,1,idle,404,0.0014170000000035543,0
0,1,idle,405,0.0013330000000451037,0
0,1,idle,406,0.003375000000005457,0
0,1,idle,407,0.0012500000000272848,0
0,1,idle,408,0.0013329999999882602,0
0,1,idle,409,0.0016249999999899956,0
0,1,idle,410,0.0012499999999704414,0
0,1,idle,411,0.0015420000000290202,0
0,1,idle,412,0.0012080000000196378,0
0,1,idle,413,0.0012499999999704414,0
0,1,idle,414,0.0013749999999959073,0
0,1,idle,415,0.0013329999999882602,0
0,1,idle,416,0.0012500000000272848,0
0,1,idle,417,0.0012079999999627944,0
0,1,idle,418,0.0012080000000196378,0
0,1,idle,419,0.0018749999999840838,0
0,1,idle,420,0.001167000000009466,0
0,1,idle,421,0.0012500000000272848,0
0,1,idle,422,0.0013749999999959073,0
0,1,idle,423,0.0012499999999704414,0
0,1,idle,424,0.0015000000000213731,0
0,1,idle,425,0.0012920000000349319,0
0,1,idle,426,0.0012919999999780885,0
0,1,idle,427,0.0012089999999602696,0
0,1,idle,428,0.001209000000017113,0
0,1,idle,429,0.0012089999999602696,0
0,1,idle,430,0.0013749999999959073,0
0,1,idle,431,0.0011660000000119908,0
0,1,idle,432,0.0012919999999780885,0
0,1,idle,433,0.0012499999999704414,0
0,1,idle,434,0.0012500000000272848,0
0,1,idle,435,0.002208999999993466,0
0,1,idle,436,0.003875000000050477,0
0,1,idle,437,0.0012080000000196378,0
0,1,idle,438,0.0012499999999704414,0
0,1,idle,439,0.0012500000000272848,0
0,1,idle,440,0.0031249999999545253,0
0,1,idle,441,0.0015000000000213731,0
0,1,idle,442,0.003249999999979991,0
0,1,idle,443,0.0013329999999882602,0
0,1,idle,444,0.0012080000000196378,0
0,1,idle,445,0.0015000000000213731,0
0,1,idle,446,0.0013329999999882602,0
0,1,idle,447,0.0012500000000272848,0
0,1,idle,448,0.001209000000017113,0
0,1,idle,449,0.001209000000017113,0
0,1,idle,450,0.0012920000000349319,0
0,1,idle,451,0.0017909999999687898,0
0,1,idle,452,0.0015000000000213731,0
0,1,idle,453,0.0015000000000213731,0
0,1,idle,454,0.003291999999987638,0
0,1,idle,455,0.0013329999999882602,0
0,1,idle,456,0.0016669999999976426,0
0,1,idle,457,0.0031669999999621723,0
0,1,idle,458,0.0013329999999882602,0
0,1,idle,459,0.0012080000000196378,0
0,1,idle,460,0.0013329999999882602,0
0,1,idle,461,0.0015000000000213731,0
0,1,idle,462,0.001209000000017113,0
0,1,idle,463,0.001167000000009466,0
0,1,idle,464,0.0013749999999959073,0
0,1,idle,465,0.0012080000000196378,0
0,1,idle,466,0.0012080000000196378,0
0,1,idle,467,0.0015420000000290202,0
0,1,idle,468,0.0017090000000052896,0
0,1,idle,469,0.0031670000000190157,0
0,1,idle,470,0.03412500000001728,0
0,1,idle,471,0.001334000000042579,0
0,1,idle,472,0.0015420000000290202,0
0,1,idle,473,0.0013339999999857355,0
0,1,idle,474,0.0013749999999959073,0
0,1,idle,475,0.0012499999999704414,0
0,1,idle,476,0.0012500000000272848,0
0,1,idle,477,0.001625000000046839,0
0,1,idle,478,0.0013749999999959073,0
0,1,idle,479,0.0012080000000196378,0
0,1,idle,480,0.0012080000000196378,0
0,1,idle,481,0.0012080000000196378,0
0,1,idle,482,0.046749999999974534,0
0,1,idle,483,0.0031250000000113687,0
0,1,idle,484,0.0014170000000035543,0
0,1,idle,485,0.0013339999999857355,0
0,1,idle,486,0.0038749999999936335,0
0,1,idle,487,0.0016249999999899956,0
0,1,idle,488,0.0018330000000332802,0
0,1,idle,489,0.0014579999999568827,0
0,1,idle,490,0.0012910000000374566,0
0,1,idle,491,0.001167000000009466,0
0,1,idle,492,0.001209000000017113,0
0,1,idle,493,0.0015839999999798238,0
0,1,idle,494,0.0012499999999704414,0
0,1,idle,495,0.0013329999999882602,0
0,1,idle,496,0.0012080000000196378,0
0,1,idle,497,0.0012079999999627944,0
0,1,idle,498,0.0014170000000035543,0
0,1,idle,499,0.0013339999999857355,0
0,1,idle,500,0.002166999999985819,0
0,1,idle,501,0.0012500000000272848,0
0,1,idle,502,0.001749999999958618,0
0,1,idle,503,0.001541000000031545,0
0,1,idle,504,0.0012080000000196378,0
0,1,idle,505,0.0012080000000196378,0
0,1,idle,506,0.0012499999999704414,0
0,1,idle,507,0.0012499999999704414,0
0,1,idle,508,0.0016249999999899956,0
0,1,idle,509,0.004250000000013188,0
0,1,idle,510,0.0013339999999857355,0
0,1,idle,511,0.0015000000000213731,0
0,1,idle,512,0.0012080000000196378,0
0,1,idle,513,0.0035829999999918982,0
0,1,idle,514,0.0020420000000171967,0
0,1,idle,515,0.001625000000046839,0
0,1,idle,516,0.0012499999999704414,0
0,1,idle,517,0.0014590000000112013,0
0,1,idle,518,0.0012499999999704414,0
0,1,idle,519,0.003917000000001281,0
0,1,idle,520,0.0015420000000290202,0
0,1,idle,521,0.0014159999999492356,0
0,1,idle,522,0.0012500000000272848,0
0,1,idle,523,0.0012079999999627944,0
0,1,idle,524,0.0030830000000037217,0
0,1,idle,525,0.0012909999999806132,0
0,1,idle,526,0.0012080000000196378,0
0,1,idle,527,0.001167000000009466,0
0,1,idle,528,0.0013749999999959073,0
0,1,idle,529,0.0012080000000196378,0
0,1,idle,530,0.0014999999999645297,0
0,1,idle,531,0.0012500000000272848,0
0,1,idle,532,0.0012499999999704414,0
0,1,idle,533,0.0019159999999942556,0
0,1,idle,534,0.0012499999999704414,0
0,1,idle,535,0.001416000000006079,0
0,1,idle,536,0.0012500000000272848,0
0,1,idle,537,0.0012920000000349319,0
0,1,idle,538,0.0012080000000196378,0
0,1,idle,539,0.0012089999999602696,0
0,1,idle,540,0.0012920000000349319,0
0,1,idle,541,0.0012909999999806132,0
0,1,idle,542,0.0012499999999704414,0
0,1,idle,543,0.0012500000000272848,0
0,1,idle,544,0.0012089999999602696,0
0,1,idle,545,0.0017920000000231084,0
0,1,idle,546,0.0012080000000196378,0
0,1,idle,547,0.0012080000000196378,0
0,1,idle,548,0.001167000000009466,0
0,1,idle,549,0.0011660000000119908,0
0,1,idle,550,0.0012079999999627944,0
0,1,idle,551,0.0014170000000035543,0
0,1,idle,552,0.0012499999999704414,0
0,1,idle,553,0.0013330000000451037,0
0,1,idle,554,0.001167000000009466,0
0,1,idle,555,0.0013339999999857355,0
0,1,idle,556,0.0016249999999899956,0
0,1,idle,557,0.0012500000000272848,0
0,1,idle,558,0.0012499999999704414,0
0,1,idle,559,0.001209000000017113,0
0,1,idle,560,0.001167000000009466,0
0,1,idle,561,0.001541000000031545,0
0,1,idle,562,0.0015420000000290202,0
0,1,idle,563,0.0012089999999602696,0
0,1,idle,564,0.001209000000017113,0
0,1,idle,565,0.001958999999999378,0
0,1,idle,566,0.0036670000000071923,0
0,1,idle,567,0.0013330000000451037,0
0,1,idle,568,0.0012080000000196378,0
0,1,idle,569,0.0012499999999704414,0
0,1,idle,570,0.003333999999995285,0
0,1,idle,571,0.0012500000000272848,0
0,1,idle,572,0.0033330000000546534,0
0,1,idle,573,0.0012500000000272848,0
0,1,idle,574,0.0012919999999780885,0
0,1,idle,575,0.001458000000013726,0
0,1,idle,576,0.002999999999985903,0
0,1,idle,577,0.0017090000000052896,0
0,1,idle,578,0.0015840000000366672,0
0,1,idle,579,0.003375000000005457,0
0,1,idle,580,0.0013749999999959073,0
0,1,idle,581,0.004292000000020835,0
0,1,idle,582,0.0016660000000001673,0
0,1,idle,583,0.0014170000000035543,0
0,1,idle,584,0.0013339999999857355,0
0,1,idle,585,0.0012910000000374566,0
0,1,idle,586,0.0011669999999526226,0
0,1,idle,587,0.0015420000000290202,0
0,1,idle,588,0.0012079999999627944,0
0,1,idle,589,0.0012080000000196378,0
0,1,idle,590,0.0011660000000119908,0
0,1,idle,591,0.0012080000000196378,0
0,1,idle,592,0.0012079999999627944,0
0,1,idle,593,0.0016660000000001673,0
0,1,idle,594,0.001167000000009466,0
0,1,idle,595,0.0012089999999602696,0
0,1,idle,596,0.001209000000017113,0
0,1,idle,597,0.001209000000017113,0
0,1,idle,598,0.0020420000000171967,0
0,1,idle,599,0.0012909999999806132,0
0,1,idle,600,0.0013329999999882602,0
0,1,idle,601,0.001167000000009466,0
0,1,idle,602,0.011958999999990283,0
0,1,idle,603,0.002166999999985819,0
0,1,idle,604,0.0014590000000112013,0
0,1,idle,605,0.0012500000000272848,0
0,1,idle,606,0.0013749999999959073,0
0,1,idle,607,0.0012499999999704414,0
0,1,idle,608,0.004250000000013188,0
0,1,idle,609,0.0013749999999959073,0
0,1,idle,610,0.0012080000000196378,0
0,1,idle,611,0.0012499999999704414,0
0,1,idle,612,0.003375000000005457,0
0,1,idle,613,0.0016669999999976426,0
0,1,idle,614,0.0016660000000001673,0
0,1,idle,615,0.0015829999999823485,0
0,1,idle,616,0.0012079999999627944,0
0,1,idle,617,0.0012080000000196378,0
0,1,idle,618,0.0012909999999806132,0
0,1,idle,619,0.0019169999999917309,0
0,1,idle,620,0.0015000000000213731,0
0,1,idle,621,0.0012080000000196378,0
0,1,idle,622,0.0012500000000272848,0
0,1,idle,623,0.0013749999999959073,0
0,1,idle,624,0.0015000000000213731,0
0,1,idle,625,0.0012500000000272848,0
0,1,idle,626,0.0012919999999780885,0
0,1,idle,627,0.001209000000017113,0
0,1,idle,628,0.0011669999999526226,0
0,1,idle,629,0.001458000000013726,0
0,1,idle,630,0.0019580000000019027,0
0,1,idle,631,0.0012079999999627944,0
0,1,idle,632,0.001209000000017113,0
0,1,idle,633,0.001125000000001819,0
0,1,idle,634,0.0012080000000196378,0
0,1,idle,635,0.0013749999999959073,0
0,1,idle,636,0.0013339999999857355,0
0,1,idle,637,0.0012089999999602696,0
0,1,idle,638,0.003417000000013104,0
0,1,idle,639,0.0013339999999857355,0
0,1,idle,640,0.0017500000000154614,0
0,1,idle,641,0.0012500000000272848,0
0,1,idle,642,0.0030409999999960746,0
0,1,idle,643,0.005124999999964075,0
0,1,idle,644,0.0012500000000272848,0
0,1,idle,645,0.0015419999999721767,0
0,1,idle,646,0.0015000000000213731,0
0,1,idle,647,0.001334000000042579,0
0,1,idle,648,0.0028330000000096334,0
0,1,idle,649,0.002583000000015545,0
0,1,idle,650,0.006750000000010914,0
0,1,idle,651,0.007124999999973625,0
0,1,idle,652,0.0027499999999918145,0
0,1,idle,653,0.0025829999999587017,0
0,1,idle,654,0.012584000000003925,0
0,1,idle,655,0.0027499999999918145,0
0,1,idle,656,0.0031250000000113687,0
0,1,idle,657,0.00283299999995279,0
0,1,idle,658,0.002583000000015545,0
0,1,idle,659,0.002667000000030839,0
0,1,idle,660,0.0025829999999587017,0
0,1,idle,661,0.003249999999979991,0
0,1,idle,662,0.0027499999999918145,0
0,1,idle,663,0.004000000000019099,0
0,1,idle,664,0.002916999999968084,0
0,1,idle,665,0.0026669999999739957,0
0,1,idle,666,0.003291999999987638,0
0,1,idle,667,0.002916999999968084,0
0,1,idle,668,0.003375000000005457,0
0,1,idle,669,0.0026249999999663487,0
0,1,idle,670,0.002625000000023192,0
0,1,idle,671,0.0031670000000190157,0
0,1,idle,672,0.003207999999972344,0
0,1,idle,673,0.002541000000007898,0
0,1,idle,674,0.0025420000000053733,0
0,1,idle,675,0.0024579999999900792,0
0,1,idle,676,0.0025829999999587017,0
0,1,idle,677,0.0031250000000113687,0
0,1,idle,678,0.00283299999995279,0
0,1,idle,679,0.002625000000023192,0
0,1,idle,680,0.0025840000000130203,0
0,1,idle,681,0.008540999999979704,0
0,1,idle,682,0.003750000000025011,0
0,1,idle,683,0.0027910000000019863,0
0,1,idle,684,0.002666000000033364,0
0,1,idle,685,0.0027079999999841675,0
0,1,idle,686,0.0029170000000249274,0
0,1,idle,687,0.003375000000005457,0
0,1,idle,688,0.058041000000002896,0
0,1,idle,689,0.005208999999979369,0
0,1,idle,690,0.0034999999999740794,0
0,1,idle,691,0.0028750000000172804,0
0,1,idle,692,0.00895900000000438,0
0,1,idle,693,0.0036670000000071923,0
0,1,idle,694,0.0027079999999841675,0
0,1,idle,695,0.03233299999999417,0
0,1,idle,696,0.0035829999999918982,0
0,1,idle,697,0.0027499999999918145,0
0,1,idle,698,0.003291999999987638,0
0,1,idle,699,0.0030830000000037217,0
0,1,idle,700,0.0028750000000172804,0
0,1,idle,701,0.0029170000000249274,0
0,1,idle,702,0.002583000000015545,0
0,1,idle,703,0.003999999999962256,0
0,1,idle,704,0.0027919999999994616,0
0,1,idle,705,0.013416000000006534,0
0,1,idle,706,0.002957999999978256,0
0,1,idle,707,0.002667000000030839,0
0,1,idle,708,0.003417000000013104,0
0,1,idle,709,0.002874999999960437,0
0,1,idle,710,0.007875000000012733,0
0,1,idle,711,0.00283299999995279,0
0,1,idle,712,0.0027089999999816428,0
0,1,idle,713,0.0028750000000172804,0
0,1,idle,714,0.0030830000000037217,0
0,1,idle,715,0.002957999999978256,0
0,1,idle,716,0.0027499999999918145,0
0,1,idle,717,0.0026249999999663487,0
0,1,idle,718,0.002999999999985903,0
0,1,idle,719,0.003291999999987638,0
0,1,idle,720,0.11645799999996598,0
0,1,idle,721,0.0072499999999990905,0
0,1,idle,722,0.00333299999999781,0
0,1,idle,723,0.002916999999968084,0
0,1,idle,724,0.0035419999999817264,0
0,1,idle,725,0.003207999999972344,0
0,1,idle,726,0.0027919999999994616,0
0,1,idle,727,0.002667000000030839,0
0,1,idle,728,0.00454199999995808,0
0,1,idle,729,0.00333299999999781,0
0,1,idle,730,0.003249999999979991,0
0,1,idle,731,0.0026249999999663487,0
0,1,idle,732,0.0031250000000113687,0
0,1,idle,733,0.002667000000030839,0
0,1,idle,734,0.011458000000004631,0
0,1,idle,735,0.0035829999999918982,0
0,1,idle,736,0.002916999999968084,0
0,1,idle,737,0.008333999999990738,0
0,1,idle,738,0.0034999999999740794,0
0,1,idle,739,0.002957999999978256,0
0,1,idle,740,0.003249999999979991,0
0,1,idle,741,0.0031670000000190157,0
0,1,idle,742,0.0027499999999918145,0
0,1,idle,743,0.002625000000023192,0
0,1,idle,744,0.002583000000015545,0
0,1,idle,745,0.0037499999999681677,0
0,1,idle,746,0.13091600000001336,0
0,1,idle,747,0.005583000000001448,0
0,1,idle,748,0.0027919999999994616,0
0,1,idle,749,0.0027919999999994616,0
0,1,idle,750,0.002750000000048658,0
0,1,idle,751,0.0035410000000410946,0
0,1,idle,752,0.0027089999999816428,0
0,1,idle,753,0.0027919999999994616,0
0,1,idle,754,0.0031250000000113687,0
0,1,idle,755,0.002750000000048658,0
0,1,idle,756,0.00925000000000864,0
0,1,idle,757,0.07262499999995953,0
0,1,idle,758,0.4534999999999627,0
0,1,idle,759,0.004624999999975898,0
0,1,idle,760,0.005166999999971722,0
0,1,idle,761,0.0035419999999817264,0
0,1,idle,762,0.0030409999999960746,0
0,1,idle,763,0.0027089999999816428,0
0,1,idle,764,0.0027499999999918145,0
0,1,idle,765,0.002667000000030839,0
0,1,idle,766,0.004124999999987722,0
0,1,idle,767,0.7063330000000292,0
0,1,idle,768,0.008082999999999174,0
0,1,idle,769,0.0031249999999545253,0
0,1,idle,770,0.0028750000000172804,0
0,1,idle,771,0.003792000000032658,0
0,1,idle,772,0.004250000000013188,0
0,1,idle,773,0.0026669999999739957,0
0,1,idle,774,0.003375000000005457,0
0,1,idle,775,0.008209000000022115,0
0,1,idle,776,0.003417000000013104,0
0,1,idle,777,0.007875000000012733,0
0,1,idle,778,0.002874999999960437,0
0,1,idle,779,0.0024999999999977263,0
0,1,idle,780,0.002583999999956177,0
0,1,idle,781,0.0028750000000172804,0
0,1,idle,782,0.0030830000000037217,0
0,1,idle,783,0.0031250000000113687,0
0,1,idle,784,0.002625000000023192,0
0,1,idle,785,0.002625000000023192,0
0,1,idle,786,0.0037079999999605207,0
0,1,idle,787,0.003375000000005457,0
0,1,idle,788,0.0031249999999545253,0
0,1,idle,789,0.0027079999999841675,0
0,1,idle,790,0.0025420000000053733,0
0,1,idle,791,0.0025420000000053733,0
0,1,idle,792,0.0025420000000053733,0
0,1,idle,793,0.004666000000042914,0
0,1,idle,794,0.008040999999991527,0
0,1,idle,795,0.0027499999999918145,0
0,1,idle,796,0.002583000000015545,0
0,1,idle,797,0.0038749999999936335,0
0,1,idle,798,0.0031250000000113687,0
0,1,idle,799,0.0029159999999706088,0
0,1,idle,800,0.0026249999999663487,0
0,1,idle,801,0.002667000000030839,0
0,1,idle,802,0.0027499999999918145,0
0,1,idle,803,0.0030830000000037217,0
0,1,idle,804,0.0027499999999918145,0
0,1,idle,805,0.0024999999999977263,0
0,1,idle,806,0.0025420000000053733,0
0,1,idle,807,0.0024999999999977263,0
0,1,idle,808,0.0030409999999960746,0
0,1,idle,809,0.0027910000000019863,0
0,1,idle,810,0.0025829999999587017,0
0,1,idle,811,0.0025420000000053733,0
0,1,idle,812,0.002583000000015545,0
0,1,idle,813,0.002583999999956177,0
0,1,idle,814,0.0032080000000291875,0
0,1,idle,815,0.002666000000033364,0
0,1,idle,816,0.0027499999999918145,0
0,1,idle,817,0.0077080000000364635,0
0,1,idle,818,0.0030830000000037217,0
0,1,idle,819,0.0620829999999728,0
0,1,idle,820,0.020125000000007276,0
0,1,idle,821,0.024833000000000993,0
0,1,idle,822,0.004791000000011536,0
0,1,idle,823,0.004792000000009011,0
0,1,idle,824,0.005167000000028565,0
0,1,idle,825,0.004625000000032742,0
0,1,idle,826,0.003917000000001281,0
0,1,idle,827,0.005875000000003183,0
0,1,idle,828,0.0038329999999859865,0
0,1,idle,829,0.012750000000039563,0
0,1,idle,830,0.009833000000014636,0
0,1,idle,831,0.004707999999993717,0
0,1,idle,832,0.004000000000019099,0
0,1,idle,833,0.0037090000000148393,0
0,1,idle,834,0.0043330000000310065,0
0,1,idle,835,0.020208000000025095,0
0,1,idle,836,0.005999999999971806,0
0,1,idle,837,0.003958000000011452,0
0,1,idle,838,0.003750000000025011,0
0,1,idle,839,0.004165999999997894,0
0,1,idle,840,0.004625000000032742,0
0,1,idle,841,0.004334000000028482,0
0,1,idle,842,0.0036249999999995453,0
0,1,idle,843,0.0037499999999681677,0
0,1,idle,844,0.011750000000006366,0
0,1,idle,845,0.004457999999999629,0
0,1,idle,846,0.004166999999995369,0
0,1,idle,847,0.0037499999999681677,0
0,1,idle,848,0.009916999999973086,0
0,1,idle,849,0.005499999999983629,0
0,1,idle,850,0.004500000000007276,0
0,1,idle,851,0.003958000000011452,0
0,1,idle,852,0.003750000000025011,0
0,1,idle,853,0.0036249999999995453,0
0,1,idle,854,0.003500000000030923,0
0,1,idle,855,0.025958000000002812,0
0,1,idle,856,0.004583000000025095,0
0,1,idle,857,0.0038339999999834617,0
0,1,idle,858,0.00716600000004064,0
0,1,idle,859,0.04704200000003311,0
0,1,idle,860,0.019875000000013188,0
0,1,idle,861,0.006332999999983713,0
0,1,idle,862,0.003666000000009717,0
0,1,idle,863,0.00333299999999781,0
0,1,idle,864,0.002833999999950265,0
0,1,idle,865,0.0031660000000215405,0
0,1,idle,866,0.0034999999999740794,0
0,1,idle,867,0.0030830000000037217,0
0,1,idle,868,0.004291999999963991,0
0,1,idle,869,0.0028330000000096334,0
0,1,idle,870,0.002667000000030839,0
0,1,idle,871,0.0027919999999994616,0
0,1,idle,872,0.0036670000000071923,0
0,1,idle,873,0.002708000000041011,0
0,1,idle,874,0.002666000000033364,0
0,1,idle,875,0.0026659999999765205,0
0,1,idle,876,0.0027919999999994616,0
0,1,idle,877,0.0032500000000368345,0
0,1,idle,878,0.0029580000000350992,0
0,1,idle,879,0.0027919999999994616,0
0,1,idle,880,0.003375000000005457,0
0,1,idle,881,0.002708000000041011,0
0,1,idle,882,0.0031250000000113687,0
0,1,idle,883,0.0028330000000096334,0
0,1,idle,884,0.002625000000023192,0
0,1,idle,885,0.00304199999999355,0
0,1,idle,886,0.0029170000000249274,0
0,1,idle,887,0.003291999999987638,0
0,1,idle,888,0.0031250000000113687,0
0,1,idle,889,0.012833000000000538,0
0,1,idle,890,0.008500000000026375,0
0,1,idle,891,0.01325000000002774,0
0,1,idle,892,0.004750000000001364,0
0,1,idle,893,0.009458999999992557,0
0,1,idle,894,0.003500000000030923,0
0,1,idle,895,0.0027919999999994616,0
0,1,idle,896,0.0028330000000096334,0
0,1,idle,897,0.0032090000000266627,0
0,1,idle,898,0.003375000000005457,0
0,1,idle,899,0.007208999999988919,0
0,1,idle,900,0.0037909999999783395,0
0,1,idle,901,0.0072079999999914435,0
0,1,idle,902,0.007958999999971184,0
0,1,idle,903,0.003375000000005457,0
0,1,idle,904,0.0028340000000071086,0
0,1,idle,905,0.010333000000002812,0
0,1,idle,906,0.003084000000001197,0
0,1,idle,907,0.007125000000030468,0
0,1,idle,908,0.007959000000028027,0
0,1,idle,909,0.00304199999999355,0
0,1,idle,910,0.0027919999999994616,0
0,1,idle,911,0.016458000000000084,0
0,1,idle,912,0.004500000000007276,0
0,1,idle,913,0.25704200000001265,0
0,1,idle,914,0.013541999999972631,0
0,1,idle,915,0.003957999999954609,0
0,1,idle,916,0.004124999999987722,0
0,1,idle,917,0.003999999999962256,0
0,1,idle,918,0.0038329999999859865,0
0,1,idle,919,0.005791999999985364,0
0,1,idle,920,0.004332999999974163,0
0,1,idle,921,0.0036249999999995453,0
0,1,idle,922,0.004166999999995369,0
0,1,idle,923,0.007999999999981355,0
0,1,idle,924,0.004457999999999629,0
0,1,idle,925,0.0036670000000071923,0
0,1,idle,926,0.008166999999957625,0
0,1,idle,927,0.003708000000017364,0
0,1,idle,928,0.004000000000019099,0
0,1,idle,929,0.004542000000014923,0
0,1,idle,930,0.0038329999999859865,0
0,1,idle,931,0.0034589999999639076,0
0,1,idle,932,0.0034579999999664324,0
0,1,idle,933,0.004792000000009011,0
0,1,idle,934,0.004083000000036918,0
0,1,idle,935,0.003458000000023276,0
0,1,idle,936,0.0038749999999936335,0
0,1,idle,937,0.0034999999999740794,0
0,1,idle,938,0.013916999999992186,0
0,1,idle,939,0.003459000000020751,0
0,1,idle,940,0.004124999999987722,0
0,1,idle,941,0.0038329999999859865,0
0,1,idle,942,0.004000000000019099,0
0,1,idle,943,0.009624999999971351,0
0,1,idle,944,0.022749999999973625,0
0,1,idle,945,0.005708000000026914,0
0,1,idle,946,0.06170899999995072,0
0,1,idle,947,0.005208999999979369,0
0,1,idle,948,0.0037079999999605207,0
0,1,idle,949,0.003917000000001281,0
0,1,idle,950,0.004541000000017448,0
0,1,idle,951,0.004333999999971638,0
0,1,idle,952,0.004582999999968251,0
0,1,idle,953,0.015166000000021995,0
0,1,idle,954,0.004166999999995369,0
0,1,idle,955,0.004582999999968251,0
0,1,idle,956,0.009916999999973086,0
0,1,idle,957,0.004416999999989457,0
0,1,idle,958,0.0044999999999504325,0
0,1,idle,959,0.0035419999999817264,0
0,1,idle,960,0.004124999999987722,0
0,1,idle,961,0.004457999999999629,0
0,1,idle,962,0.31620800000001736,0
0,1,idle,963,0.0060829999999896245,0
0,1,idle,964,0.0038749999999936335,0
0,1,idle,965,0.003750000000025011,0
0,1,idle,966,0.004334000000028482,0
0,1,idle,967,0.003791000000035183,0
0,1,idle,968,0.003750000000025011,0
0,1,idle,969,0.013750000000015916,0
0,1,idle,970,0.006375000000048203,0
0,1,idle,971,0.004250000000013188,0
0,1,idle,972,0.003916000000003805,0
0,1,idle,973,0.0036249999999995453,0
0,1,idle,974,0.0037079999999605207,0
0,1,idle,975,0.0036670000000071923,0
0,1,idle,976,0.0034999999999740794,0
0,1,idle,977,0.004332999999974163,0
0,1,idle,978,0.01074999999997317,0
0,1,idle,979,0.004040999999972428,0
0,1,idle,980,0.0034999999999740794,0
0,1,idle,981,0.0038749999999936335,0
0,1,idle,982,0.004542000000014923,0
0,1,idle,983,0.003584000000046217,0
0,1,idle,984,0.003458000000023276,0
0,1,idle,985,0.009208000000000993,0
0,1,idle,986,0.005791999999985364,0
0,1,idle,987,0.004500000000007276,0
0,1,idle,988,0.005916000000013355,0
0,1,idle,989,0.010416000000020631,0
0,1,idle,990,0.004042000000026746,0
0,1,idle,991,0.0035829999999918982,0
0,1,idle,992,0.004166999999995369,0
0,1,idle,993,0.003750000000025011,0
0,1,idle,994,0.003750000000025011,0
0,1,idle,995,0.003458000000023276,0
0,1,idle,996,0.003750000000025011,0
0,1,idle,997,0.0036249999999995453,0
0,1,idle,998,0.004124999999987722,0
0,1,idle,999,0.0036670000000071923,0
0,1,event,0,0.056874999999990905,1
0,1,event,1,0.004040999999972428,0
0,1,event,2,0.002250000000003638,0
0,1,event,3,0.0017080000000078144,0
0,1,event,4,0.0031669999999621723,0
0,1,event,5,0.00304199999999355,0
0,1,event,6,0.006416999999999007,0
0,1,event,7,0.0018750000000409273,0
0,1,event,8,0.0017500000000154614,0
0,1,event,9,0.004916999999977634,0
0,1,event,10,0.0019580000000019027,0
0,1,event,11,0.004791000000011536,0
0,1,event,12,0.0017909999999687898,0
0,1,event,13,0.0017909999999687898,0
0,1,event,14,0.0019580000000019027,0
0,1,event,15,0.0016669999999976426,0
0,1,event,16,0.0016660000000001673,0
0,1,event,17,0.0016249999999899956,0
0,1,event,18,0.0015829999999823485,0
0,1,event,19,0.0019169999999917309,0
0,1,event,20,0.0017090000000052896,0
0,1,event,21,0.0016249999999899956,0
0,1,event,22,0.0016669999999976426,0
0,1,event,23,0.0016249999999899956,0
0,1,event,24,0.0016249999999899956,0
0,1,event,25,0.002957999999978256,0
0,1,event,26,0.001791999999966265,0
0,1,event,27,0.0016249999999899956,0
0,1,event,28,0.0015829999999823485,0
0,1,event,29,0.0016660000000001673,0
0,1,event,30,0.0019580000000019027,0
0,1,event,31,0.0015419999999721767,0
0,1,event,32,0.0016249999999899956,0
0,1,event,33,0.0020419999999603533,0
0,1,event,34,0.0015829999999823485,0
0,1,event,35,0.0020000000000095497,0
0,1,event,36,0.0016249999999899956,0
0,1,event,37,0.006332999999983713,0
0,1,event,38,0.004916999999977634,0
0,1,event,39,0.0016669999999976426,0
0,1,event,40,0.0023749999999722604,0
0,1,event,41,0.0019169999999917309,0
0,1,event,42,0.0016669999999976426,0
0,1,event,43,0.0016669999999976426,0
0,1,event,44,0.0016660000000001673,0
0,1,event,45,0.0015000000000213731,0
0,1,event,46,0.0018749999999840838,0
0,1,event,47,0.0015839999999798238,0
0,1,event,48,0.0016249999999899956,0
0,1,event,49,0.0016249999999899956,0
0,1,event,50,0.0015420000000290202,0
0,1,event,51,0.004874999999969987,0
0,1,event,52,0.001833999999973912,0
0,1,event,53,0.00458400000002257,0
0,1,event,54,0.0017089999999484462,0
0,1,event,55,0.0019169999999917309,0
0,1,event,56,0.007041000000015174,0
0,1,event,57,0.002874999999960437,0
0,1,event,58,0.0017920000000231084,0
0,1,event,59,0.0015839999999798238,0
0,1,event,60,0.02645799999999099,1
0,1,event,61,0.003459000000020751,0
0,1,event,62,0.0018329999999764368,0
0,1,event,63,0.0020420000000171967,0
0,1,event,64,0.00458400000002257,0
0,1,event,65,0.002124999999978172,0
0,1,event,66,0.002124999999978172,0
0,1,event,67,0.0016249999999899956,0
0,1,event,68,0.001707999999950971,0
0,1,event,69,0.0016669999999976426,0
0,1,event,70,0.0027499999999918145,0
0,1,event,71,0.012207999999986896,0
0,1,event,72,0.001958999999999378,0
0,1,event,73,0.0017090000000052896,0
0,1,event,74,0.0016669999999976426,0
0,1,event,75,0.0016660000000001673,0
0,1,event,76,0.0019159999999942556,0
0,1,event,77,0.004457999999999629,0
0,1,event,78,0.0017090000000052896,0
0,1,event,79,0.001583000000039192,0
0,1,event,80,0.0017080000000078144,0
0,1,event,81,0.0019580000000019027,0
0,1,event,82,0.001749999999958618,0
0,1,event,83,0.004583000000025095,0
0,1,event,84,0.0017500000000154614,0
0,1,event,85,0.0017909999999687898,0
0,1,event,86,0.0016669999999976426,0
0,1,event,87,0.0020840000000248438,0
0,1,event,88,0.008166999999957625,0
0,1,event,89,0.002082999999970525,0
0,1,event,90,0.0029170000000249274,0
0,1,event,91,0.0018750000000409273,0
0,1,event,92,0.002250000000003638,0
0,1,event,93,0.0049579999999878055,0
0,1,event,94,0.0017500000000154614,0
0,1,event,95,0.001749999999958618,0
0,1,event,96,0.0016660000000001673,0
0,1,event,97,0.002165999999988344,0
0,1,event,98,0.0016249999999899956,0
0,1,event,99,0.0056669999999598986,0
0,1,event,100,0.00304199999999355,0
0,1,event,101,0.0020420000000171967,0
0,1,event,102,0.0030420000000503933,0
0,1,event,103,0.0018330000000332802,0
0,1,event,104,0.001625000000046839,0
0,1,event,105,0.001625000000046839,0
0,1,event,106,0.0016669999999976426,0
0,1,event,107,0.0017500000000154614,0
0,1,event,108,0.0020420000000171967,0
0,1,event,109,0.0016660000000001673,0
0,1,event,110,0.0020000000000095497,0
0,1,event,111,0.0016249999999899956,0
0,1,event,112,0.0017500000000154614,0
0,1,event,113,0.0020000000000095497,0
0,1,event,114,0.0017080000000078144,0
0,1,event,115,0.0016669999999976426,0
0,1,event,116,0.0016249999999899956,0
0,1,event,117,0.0018329999999764368,0
0,1,event,118,0.0020420000000171967,0
0,1,event,119,0.0016669999999976426,0
0,1,event,120,0.026749999999992724,1
0,1,event,121,0.003708000000017364,0
0,1,event,122,0.0023749999999722604,0
0,1,event,123,0.0017500000000154614,0
0,1,event,124,0.0020830000000273685,0
0,1,event,125,0.0016660000000001673,0
0,1,event,126,0.0016669999999976426,0
0,1,event,127,0.0017080000000078144,0
0,1,event,128,0.002124999999978172,0
0,1,event,129,0.0016669999999976426,0
0,1,event,130,0.001625000000046839,0
0,1,event,131,0.0017500000000154614,0
0,1,event,132,0.0016669999999976426,0
0,1,event,133,0.0019999999999527063,0
0,1,event,134,0.001583000000039192,0
0,1,event,135,0.006250000000022737,0
0,1,event,136,0.007624999999961801,0
0,1,event,137,0.0017500000000154614,0
0,1,event,138,0.002124999999978172,0
0,1,event,139,0.0016669999999976426,0
0,1,event,140,0.00437499999998181,0
0,1,event,141,0.0016249999999899956,0
0,1,event,142,0.0015839999999798238,0
0,1,event,143,0.0019169999999917309,0
0,1,event,144,0.0016669999999976426,0
0,1,event,145,0.003207999999972344,0
0,1,event,146,0.0016249999999899956,0
0,1,event,147,0.0017920000000231084,0
0,1,event,148,0.001625000000046839,0
0,1,event,149,0.001958999999999378,0
0,1,event,150,0.0017090000000052896,0
0,1,event,151,0.002292000000011285,0
0,1,event,152,0.0016249999999899956,0
0,1,event,153,0.0016669999999976426,0
0,1,event,154,0.0019580000000019027,0
0,1,event,155,0.0016669999999976426,0
0,1,event,156,0.0015839999999798238,0
0,1,event,157,0.0016249999999899956,0
0,1,event,158,0.0017920000000231084,0
0,1,event,159,0.0019580000000019027,0
0,1,event,160,0.0017080000000078144,0
0,1,event,161,0.004874999999969987,0
0,1,event,162,0.0019169999999917309,0
0,1,event,163,0.0015829999999823485,0
0,1,event,164,0.0015419999999721767,0
0,1,event,165,0.001958999999999378,0
0,1,event,166,0.0016669999999976426,0
0,1,event,167,0.002541000000007898,0
0,1,event,168,0.0018329999999764368,0
0,1,event,169,0.0015829999999823485,0
0,1,event,170,0.0020839999999680003,0
0,1,event,171,0.0016249999999899956,0
0,1,event,172,0.0015419999999721767,0
0,1,event,173,0.0016660000000001673,0
0,1,event,174,0.0015829999999823485,0
0,1,event,175,0.0019580000000019027,0
0,1,event,176,0.0016249999999899956,0
0,1,event,177,0.004707999999993717,0
0,1,event,178,0.001833999999973912,0
0,1,event,179,0.0015829999999823485,0
0,1,event,180,0.023458000000005086,1
0,1,event,181,0.003458000000023276,0
0,1,event,182,0.0017920000000231084,0
0,1,event,183,0.0023749999999722604,0
0,1,event,184,0.001791999999966265,0
0,1,event,185,0.0024999999999977263,0
0,1,event,186,0.0018330000000332802,0
0,1,event,187,0.0015840000000366672,0
0,1,event,188,0.0017080000000078144,0
0,1,event,189,0.0015829999999823485,0
0,1,event,190,0.0020830000000273685,0
0,1,event,191,0.0016660000000001673,0
0,1,event,192,0.0017910000000256332,0
0,1,event,193,0.001791999999966265,0
0,1,event,194,0.0017500000000154614,0
0,1,event,195,0.0019580000000019027,0
0,1,event,196,0.001625000000046839,0
0,1,event,197,0.0016669999999976426,0
0,1,event,198,0.0021250000000350155,0
0,1,event,199,0.0015419999999721767,0
0,1,event,200,0.006709000000000742,0
0,1,event,201,0.004750000000001364,0
0,1,event,202,0.0018749999999840838,0
0,1,event,203,0.0016249999999899956,0
0,1,event,204,0.0016249999999899956,0
0,1,event,205,0.0016249999999899956,0
0,1,event,206,0.0020410000000197215,0
0,1,event,207,0.0015829999999823485,0
0,1,event,208,0.0017500000000154614,0
0,1,event,209,0.001625000000046839,0
0,1,event,210,0.0015829999999823485,0
0,1,event,211,0.001958999999999378,0
0,1,event,212,0.0016249999999899956,0
0,1,event,213,0.0016660000000001673,0
0,1,event,214,0.002250000000003638,0
0,1,event,215,0.0016249999999899956,0
0,1,event,216,0.0020830000000273685,0
0,1,event,217,0.0016660000000001673,0
0,1,event,218,0.004416999999989457,0
0,1,event,219,0.0019580000000019027,0
0,1,event,220,0.0016660000000001673,0
0,1,event,221,0.0020420000000171967,0
0,1,event,222,0.00458400000002257,0
0,1,event,223,0.004582999999968251,0
0,1,event,224,0.0020830000000273685,0
0,1,event,225,0.0018750000000409273,0
0,1,event,226,0.004542000000014923,0
0,1,event,227,0.002124999999978172,0
0,1,event,228,0.001833999999973912,0
0,1,event,229,0.0017080000000078144,0
0,1,event,230,0.001707999999950971,0
0,1,event,231,0.0018750000000409273,0
0,1,event,232,0.0020420000000171967,0
0,1,event,233,0.0025420000000053733,0
0,1,event,234,0.0017500000000154614,0
0,1,event,235,0.0019159999999942556,0
0,1,event,236,0.0016660000000001673,0
0,1,event,237,0.0019999999999527063,0
0,1,event,238,0.0017500000000154614,0
0,1,event,239,0.0018749999999840838,0
0,1,event,240,0.02112499999998363,1
0,1,event,241,0.004209000000003016,0
0,1,event,242,0.0018749999999840838,0
0,1,event,243,0.0017080000000078144,0
0,1,event,244,0.0016249999999899956,0
0,1,event,245,0.0016660000000001673,0
0,1,event,246,0.002999999999985903,0
0,1,event,247,0.002250000000003638,0
0,1,event,248,0.0016669999999976426,0
0,1,event,249,0.0015829999999823485,0
0,1,event,250,0.0015839999999798238,0
0,1,event,251,0.0020000000000095497,0
0,1,event,252,0.002040999999962878,0
0,1,event,253,0.0017910000000256332,0
0,1,event,254,0.0017500000000154614,0
0,1,event,255,0.0015829999999823485,0
0,1,event,256,0.0015829999999823485,0
0,1,event,257,0.001833999999973912,0
0,1,event,258,0.0017080000000078144,0
0,1,event,259,0.0016660000000001673,0
0,1,event,260,0.005250000000046384,0
0,1,event,261,0.0018750000000409273,0
0,1,event,262,0.0021250000000350155,0
0,1,event,263,0.001833999999973912,0
0,1,event,264,0.0016249999999899956,0
0,1,event,265,0.00254199999994853,0
0,1,event,266,0.004625000000032742,0
0,1,event,267,0.0017500000000154614,0
0,1,event,268,0.0019169999999917309,0
0,1,event,269,0.0018329999999764368,0
0,1,event,270,0.0016669999999976426,0
0,1,event,271,0.0016249999999899956,0
0,1,event,272,0.0016249999999899956,0
0,1,event,273,0.0018749999999840838,0
0,1,event,274,0.0016669999999976426,0
0,1,event,275,0.001625000000046839,0
0,1,event,276,0.001625000000046839,0
0,1,event,277,0.0018750000000409273,0
0,1,event,278,0.0020830000000273685,0
0,1,event,279,0.0016249999999899956,0
0,1,event,280,0.0015829999999823485,0
0,1,event,281,0.0015839999999798238,0
0,1,event,282,0.0018329999999764368,0
0,1,event,283,0.0019169999999917309,0
0,1,event,284,0.005583999999998923,0
0,1,event,285,0.004582999999968251,0
0,1,event,286,0.0016660000000001673,0
0,1,event,287,0.0016249999999899956,0
0,1,event,288,0.0016669999999976426,0
0,1,event,289,0.0019999999999527063,0
0,1,event,290,0.0016669999999976426,0
0,1,event,291,0.0016669999999976426,0
0,1,event,292,0.0016669999999976426,0
0,1,event,293,0.0015420000000290202,0
0,1,event,294,0.002165999999988344,0
0,1,event,295,0.0017080000000078144,0
0,1,event,296,0.001583000000039192,0
0,1,event,297,0.0016669999999976426,0
0,1,event,298,0.0024999999999977263,0
0,1,event,299,0.0018749999999840838,0
0,1,event,300,0.016999999999995907,1
0,1,event,301,0.01916599999998425,0
0,1,event,302,0.013166000000012446,0
0,1,event,303,0.0020830000000273685,0
0,1,event,304,0.004792000000009011,0
0,1,event,305,0.0024999999999977263,0
0,1,event,306,0.008790999999973792,0
0,1,event,307,0.009542000000010376,0
0,1,event,308,0.001833999999973912,0
0,1,event,309,0.002583000000015545,0
0,1,event,310,0.0024579999999900792,0
0,1,event,311,0.0017500000000154614,0
0,1,event,312,0.0016660000000001673,0
0,1,event,313,0.0018749999999840838,0
0,1,event,314,0.0016249999999899956,0
0,1,event,315,0.002082999999970525,0
0,1,event,316,0.0021250000000350155,0
0,1,event,317,0.0017090000000052896,0
0,1,event,318,0.0015419999999721767,0
0,1,event,319,0.0016669999999976426,0
0,1,event,320,0.0019580000000019027,0
0,1,event,321,0.0016669999999976426,0
0,1,event,322,0.0016249999999899956,0
0,1,event,323,0.001667000000054486,0
0,1,event,324,0.0015840000000366672,0
0,1,event,325,0.0019580000000019027,0
0,1,event,326,0.0016660000000001673,0
0,1,event,327,0.0017500000000154614,0
0,1,event,328,0.0016669999999976426,0
0,1,event,329,0.0015839999999798238,0
0,1,event,330,0.0025420000000053733,0
0,1,event,331,0.004792000000009011,0
0,1,event,332,0.0019170000000485743,0
0,1,event,333,0.0015000000000213731,0
0,1,event,334,0.0016249999999899956,0
0,1,event,335,0.0015839999999798238,0
0,1,event,336,0.0019169999999917309,0
0,1,event,337,0.0015419999999721767,0
0,1,event,338,0.0016249999999899956,0
0,1,event,339,0.001749999999958618,0
0,1,event,340,0.0020420000000171967,0
0,1,event,341,0.0020830000000273685,0
0,1,event,342,0.0016249999999899956,0
0,1,event,343,0.0016669999999976426,0
0,1,event,344,0.005291999999997188,0
0,1,event,345,0.0017500000000154614,0
0,1,event,346,0.004874999999969987,0
0,1,event,347,0.001833999999973912,0
0,1,event,348,0.0017090000000052896,0
0,1,event,349,0.0016669999999976426,0
0,1,event,350,0.0016249999999899956,0
0,1,event,351,0.0014999999999645297,0
0,1,event,352,0.001958999999999378,0
0,1,event,353,0.0017090000000052896,0
0,1,event,354,0.001625000000046839,0
0,1,event,355,0.0016669999999976426,0
0,1,event,356,0.0015839999999798238,0
0,1,event,357,0.002334000000018932,0
0,1,event,358,0.0016249999999899956,0
0,1,event,359,0.0016249999999899956,0
0,1,event,360,0.017833999999993466,1
0,1,event,361,0.0043330000000310065,0
0,1,event,362,0.0019159999999942556,0
0,1,event,363,0.002583000000015545,0
0,1,event,364,0.0017080000000078144,0
0,1,event,365,0.0016660000000001673,0
0,1,event,366,0.0019999999999527063,0
0,1,event,367,0.0015829999999823485,0
0,1,event,368,0.004707999999993717,0
0,1,event,369,0.002082999999970525,0
0,1,event,370,0.001583000000039192,0
0,1,event,371,0.001625000000046839,0
0,1,event,372,0.002583000000015545,0
0,1,event,373,0.0016249999999899956,0
0,1,event,374,0.0017090000000052896,0
0,1,event,375,0.0016249999999899956,0
0,1,event,376,0.001625000000046839,0
0,1,event,377,0.0020830000000273685,0
0,1,event,378,0.0018329999999764368,0
0,1,event,379,0.0016249999999899956,0
0,1,event,380,0.0015839999999798238,0
0,1,event,381,0.0015839999999798238,0
0,1,event,382,0.0018749999999840838,0
0,1,event,383,0.0016249999999899956,0
0,1,event,384,0.0015829999999823485,0
0,1,event,385,0.0016249999999899956,0
0,1,event,386,0.0050420000000030996,0
0,1,event,387,0.0018329999999764368,0
0,1,event,388,0.0018749999999840838,0
0,1,event,389,0.0016249999999899956,0
0,1,event,390,0.001625000000046839,0
0,1,event,391,0.004707999999993717,0
0,1,event,392,0.001707999999950971,0
0,1,event,393,0.002124999999978172,0
0,1,event,394,0.0017090000000052896,0
0,1,event,395,0.0025420000000053733,0
0,1,event,396,0.004707999999993717,0
0,1,event,397,0.0017500000000154614,0
0,1,event,398,0.0021670000000426626,0
0,1,event,399,0.005583000000001448,0
0,1,event,400,0.001958999999999378,0
0,1,event,401,0.0017080000000078144,0
0,1,event,402,0.0015829999999823485,0
0,1,event,403,0.0026659999999765205,0
0,1,event,404,0.0016660000000001673,0
0,1,event,405,0.005457999999975982,0
0,1,event,406,0.0016660000000001673,0
0,1,event,407,0.0014999999999645297,0
0,1,event,408,0.005334000000004835,0
0,1,event,409,0.0019999999999527063,0
0,1,event,410,0.001583000000039192,0
0,1,event,411,0.0016249999999899956,0
0,1,event,412,0.001583000000039192,0
0,1,event,413,0.0018340000000307555,0
0,1,event,414,0.0015420000000290202,0
0,1,event,415,0.0016249999999899956,0
0,1,event,416,0.0016660000000001673,0
0,1,event,417,0.0015420000000290202,0
0,1,event,418,0.0016669999999976426,0
0,1,event,419,0.001958999999999378,0
0,1,event,420,0.039709000000016204,1
0,1,event,421,0.0025829999999587017,0
0,1,event,422,0.0020830000000273685,0
0,1,event,423,0.0020000000000095497,0
0,1,event,424,0.0016249999999899956,0
0,1,event,425,0.0017500000000154614,0
0,1,event,426,0.0015420000000290202,0
0,1,event,427,0.0016249999999899956,0
0,1,event,428,0.006250000000022737,0
0,1,event,429,0.002207999999995991,0
0,1,event,430,0.0015829999999823485,0
0,1,event,431,0.001749999999958618,0
0,1,event,432,0.0015840000000366672,0
0,1,event,433,0.0020420000000171967,0
0,1,event,434,0.0016249999999899956,0
0,1,event,435,0.002250000000003638,0
0,1,event,436,0.0015000000000213731,0
0,1,event,437,0.0014999999999645297,0
0,1,event,438,0.002166999999985819,0
0,1,event,439,0.0017080000000078144,0
0,1,event,440,0.0016249999999899956,0
0,1,event,441,0.0014999999999645297,0
0,1,event,442,0.0015829999999823485,0
0,1,event,443,0.0016669999999976426,0
0,1,event,444,0.002625000000023192,0
0,1,event,445,0.0015420000000290202,0
0,1,event,446,0.001583000000039192,0
0,1,event,447,0.0014999999999645297,0
0,1,event,448,0.006000000000028649,0
0,1,event,449,0.002166999999985819,0
0,1,event,450,0.0017500000000154614,0
0,1,event,451,0.0015419999999721767,0
0,1,event,452,0.0015409999999747015,0
0,1,event,453,0.0015829999999823485,0
0,1,event,454,0.0018750000000409273,0
0,1,event,455,0.001583000000039192,0
0,1,event,456,0.001541000000031545,0
0,1,event,457,0.0015829999999823485,0
0,1,event,458,0.001791999999966265,0
0,1,event,459,0.0019580000000019027,0
0,1,event,460,0.002124999999978172,0
0,1,event,461,0.005334000000004835,0
0,1,event,462,0.0016249999999899956,0
0,1,event,463,0.001625000000046839,0
0,1,event,464,0.001625000000046839,0
0,1,event,465,0.0021250000000350155,0
0,1,event,466,0.005291999999997188,0
0,1,event,467,0.001541000000031545,0
0,1,event,468,0.0017500000000154614,0
0,1,event,469,0.004916999999977634,0
0,1,event,470,0.005083000000013271,0
0,1,event,471,0.001541000000031545,0
0,1,event,472,0.0015409999999747015,0
0,1,event,473,0.0015409999999747015,0
0,1,event,474,0.0015000000000213731,0
0,1,event,475,0.004791000000011536,0
0,1,event,476,0.0015829999999823485,0
0,1,event,477,0.0015000000000213731,0
0,1,event,478,0.0015839999999798238,0
0,1,event,479,0.0016249999999899956,0
0,1,event,480,0.016124999999988177,1
0,1,event,481,0.0023329999999646134,0
0,1,event,482,0.0016660000000001673,0
0,1,event,483,0.0016249999999899956,0
0,1,event,484,0.0014999999999645297,0
0,1,event,485,0.0020420000000171967,0
0,1,event,486,0.0015000000000213731,0
0,1,event,487,0.0015409999999747015,0
0,1,event,488,0.0015829999999823485,0
0,1,event,489,0.0014999999999645297,0
0,1,event,490,0.0024579999999900792,0
0,1,event,491,0.0017090000000052896,0
0,1,event,492,0.0015839999999798238,0
0,1,event,493,0.0024999999999977263,0
0,1,event,494,0.0014590000000112013,0
0,1,event,495,0.0017500000000154614,0
0,1,event,496,0.001541000000031545,0
0,1,event,497,0.0020000000000095497,0
0,1,event,498,0.0020840000000248438,0
0,1,event,499,0.0014999999999645297,0
0,1,event,500,0.0018330000000332802,0
0,1,event,501,0.001625000000046839,0
0,1,event,502,0.001583000000039192,0
0,1,event,503,0.001625000000046839,0
0,1,event,504,0.001583000000039192,0
0,1,event,505,0.0015420000000290202,0
0,1,event,506,0.0018749999999840838,0
0,1,event,507,0.002207999999995991,0
0,1,event,508,0.0015409999999747015,0
0,1,event,509,0.0015409999999747015,0
0,1,event,510,0.0015000000000213731,0
0,1,event,511,0.00466599999998607,0
0,1,event,512,0.004457999999999629,0
0,1,event,513,0.0019580000000019027,0
0,1,event,514,0.0016249999999899956,0
0,1,event,515,0.0017080000000078144,0
0,1,event,516,0.0018330000000332802,0
0,1,event,517,0.001958999999999378,0
0,1,event,518,0.0016249999999899956,0
0,1,event,519,0.0015839999999798238,0
0,1,event,520,0.0016669999999976426,0
0,1,event,521,0.0015829999999823485,0
0,1,event,522,0.0020830000000273685,0
0,1,event,523,0.0015420000000290202,0
0,1,event,524,0.0016249999999899956,0
0,1,event,525,0.0026249999999663487,0
0,1,event,526,0.00466599999998607,0
0,1,event,527,0.0017920000000231084,0
0,1,event,528,0.0023339999999620886,0
0,1,event,529,0.002292000000011285,0
0,1,event,530,0.005083000000013271,0
0,1,event,531,0.0027079999999841675,0
0,1,event,532,0.004874999999969987,0
0,1,event,533,0.0020420000000171967,0
0,1,event,534,0.001625000000046839,0
0,1,event,535,0.0015000000000213731,0
0,1,event,536,0.0017090000000052896,0
0,1,event,537,0.001458000000013726,0
0,1,event,538,0.0018749999999840838,0
0,1,event,539,0.0015419999999721767,0
0,1,event,540,0.01412500000003547,1
0,1,event,541,0.0020830000000273685,0
0,1,event,542,0.0020000000000095497,0
0,1,event,543,0.001416000000006079,0
0,1,event,544,0.0016660000000001673,0
0,1,event,545,0.0015420000000290202,0
0,1,event,546,0.0016669999999976426,0
0,1,event,547,0.001458000000013726,0
0,1,event,548,0.0020410000000197215,0
0,1,event,549,0.001458000000013726,0
0,1,event,550,0.0020839999999680003,0
0,1,event,551,0.0025840000000130203,0
0,1,event,552,0.0016249999999899956,0
0,1,event,553,0.0047089999999911925,0
0,1,event,554,0.001749999999958618,0
0,1,event,555,0.004208000000005541,0
0,1,event,556,0.001791999999966265,0
0,1,event,557,0.0015000000000213731,0
0,1,event,558,0.007416000000034728,0
0,1,event,559,0.0017920000000231084,0
0,1,event,560,0.0015839999999798238,0
0,1,event,561,0.0023329999999646134,0
0,1,event,562,0.0015000000000213731,0
0,1,event,563,0.001958999999999378,0
0,1,event,564,0.001583000000039192,0
0,1,event,565,0.001583000000039192,0
0,1,event,566,0.001541000000031545,0
0,1,event,567,0.0014999999999645297,0
0,1,event,568,0.004166999999995369,0
0,1,event,569,0.0020420000000171967,0
0,1,event,570,0.001583000000039192,0
0,1,event,571,0.0015420000000290202,0
0,1,event,572,0.0016669999999976426,0
0,1,event,573,0.004166999999995369,0
0,1,event,574,0.002292000000011285,0
0,1,event,575,0.0017080000000078144,0
0,1,event,576,0.0015000000000213731,0
0,1,event,577,0.0015419999999721767,0
0,1,event,578,0.0015839999999798238,0
0,1,event,579,0.0019580000000019027,0
0,1,event,580,0.0015829999999823485,0
0,1,event,581,0.0015829999999823485,0
0,1,event,582,0.0014170000000035543,0
0,1,event,583,0.0016249999999899956,0
0,1,event,584,0.0019169999999917309,0
0,1,event,585,0.0015000000000213731,0
0,1,event,586,0.0014999999999645297,0
0,1,event,587,0.001541000000031545,0
0,1,event,588,0.0015420000000290202,0
0,1,event,589,0.0014999999999645297,0
0,1,event,590,0.0028340000000071086,0
0,1,event,591,0.00437499999998181,0
0,1,event,592,0.0020830000000273685,0
0,1,event,593,0.004874999999969987,0
0,1,event,594,0.0015829999999823485,0
0,1,event,595,0.004666999999983545,0
0,1,event,596,0.0018750000000409273,0
0,1,event,597,0.001625000000046839,0
0,1,event,598,0.0015420000000290202,0
0,1,event,599,0.0015839999999798238,0
0,1,event,600,0.015917000000001735,1
0,1,event,601,0.0020830000000273685,0
0,1,event,602,0.0016249999999899956,0
0,1,event,603,0.0020000000000095497,0
0,1,event,604,0.0020410000000197215,0
0,1,event,605,0.0016669999999976426,0
0,1,event,606,0.0014999999999645297,0
0,1,event,607,0.0016669999999976426,0
0,1,event,608,0.0015839999999798238,0
0,1,event,609,0.0015839999999798238,0
0,1,event,610,0.001958999999999378,0
0,1,event,611,0.0015839999999798238,0
0,1,event,612,0.001833999999973912,0
0,1,event,613,0.0015839999999798238,0
0,1,event,614,0.0015829999999823485,0
0,1,event,615,0.0020000000000095497,0
0,1,event,616,0.0015419999999721767,0
0,1,event,617,0.0015419999999721767,0
0,1,event,618,0.0015420000000290202,0
0,1,event,619,0.0016249999999899956,0
0,1,event,620,0.0020410000000197215,0
0,1,event,621,0.0015419999999721767,0
0,1,event,622,0.0015829999999823485,0
0,1,event,623,0.0024579999999900792,0
0,1,event,624,0.002166999999985819,0
0,1,event,625,0.0015000000000213731,0
0,1,event,626,0.001958999999999378,0
0,1,event,627,0.0015000000000213731,0
0,1,event,628,0.0015000000000213731,0
0,1,event,629,0.0015409999999747015,0
0,1,event,630,0.0015000000000213731,0
0,1,event,631,0.0018330000000332802,0
0,1,event,632,0.001583000000039192,0
0,1,event,633,0.0015420000000290202,0
0,1,event,634,0.0014999999999645297,0
0,1,event,635,0.0016660000000001673,0
0,1,event,636,0.0020420000000171967,0
0,1,event,637,0.004457999999999629,0
0,1,event,638,0.0020410000000197215,0
0,1,event,639,0.001583000000039192,0
0,1,event,640,0.0015000000000213731,0
0,1,event,641,0.0018329999999764368,0
0,1,event,642,0.00437499999998181,0
0,1,event,643,0.0016660000000001673,0
0,1,event,644,0.0015420000000290202,0
0,1,event,645,0.0015000000000213731,0
0,1,event,646,0.0015829999999823485,0
0,1,event,647,0.0019159999999942556,0
0,1,event,648,0.0015829999999823485,0
0,1,event,649,0.0015000000000213731,0
0,1,event,650,0.0015000000000213731,0
0,1,event,651,0.0015409999999747015,0
0,1,event,652,0.0020000000000095497,0
0,1,event,653,0.004333999999971638,0
0,1,event,654,0.0017500000000154614,0
0,1,event,655,0.0072920000000067375,0
0,1,event,656,0.00437499999998181,0
0,1,event,657,0.002124999999978172,0
0,1,event,658,0.0015839999999798238,0
0,1,event,659,0.0015420000000290202,0
0,1,event,660,0.013165999999955602,1
0,1,event,661,0.0026669999999739957,0
0,1,event,662,0.001833999999973912,0
0,1,event,663,0.001458000000013726,0
0,1,event,664,0.0014999999999645297,0
0,1,event,665,0.0015419999999721767,0
0,1,event,666,0.0015000000000213731,0
0,1,event,667,0.0019580000000019027,0
0,1,event,668,0.001541000000031545,0
0,1,event,669,0.0016249999999899956,0
0,1,event,670,0.0015419999999721767,0
0,1,event,671,0.0015000000000213731,0
0,1,event,672,0.0019169999999917309,0
0,1,event,673,0.0017920000000231084,0
0,1,event,674,0.0016669999999976426,0
0,1,event,675,0.0014999999999645297,0
0,1,event,676,0.0015000000000213731,0
0,1,event,677,0.0018340000000307555,0
0,1,event,678,0.0015839999999798238,0
0,1,event,679,0.004208000000005541,0
0,1,event,680,0.0016660000000001673,0
0,1,event,681,0.0016249999999899956,0
0,1,event,682,0.0019169999999917309,0
0,1,event,683,0.0016249999999899956,0
0,1,event,684,0.0015829999999823485,0
0,1,event,685,0.0016249999999899956,0
0,1,event,686,0.0015000000000213731,0
0,1,event,687,0.002375000000029104,0
0,1,event,688,0.002874999999960437,0
0,1,event,689,0.0015000000000213731,0
0,1,event,690,0.0015420000000290202,0
0,1,event,691,0.0018329999999764368,0
0,1,event,692,0.0014590000000112013,0
0,1,event,693,0.002124999999978172,0
0,1,event,694,0.0015419999999721767,0
0,1,event,695,0.0016249999999899956,0
0,1,event,696,0.001458000000013726,0
0,1,event,697,0.0015840000000366672,0
0,1,event,698,0.0019169999999917309,0
0,1,event,699,0.0015000000000213731,0
0,1,event,700,0.0015409999999747015,0
0,1,event,701,0.0015829999999823485,0
0,1,event,702,0.0015829999999823485,0
0,1,event,703,0.0020830000000273685,0
0,1,event,704,0.0016249999999899956,0
0,1,event,705,0.0014999999999645297,0
0,1,event,706,0.001541000000031545,0
0,1,event,707,0.001583000000039192,0
0,1,event,708,0.001541000000031545,0
0,1,event,709,0.0019169999999917309,0
0,1,event,710,0.0014170000000035543,0
0,1,event,711,0.0015420000000290202,0
0,1,event,712,0.0014999999999645297,0
0,1,event,713,0.0015829999999823485,0
0,1,event,714,0.0019169999999917309,0
0,1,event,715,0.001458000000013726,0
0,1,event,716,0.004082999999980075,0
0,1,event,717,0.0016660000000001673,0
0,1,event,718,0.0019580000000019027,0
0,1,event,719,0.0020000000000095497,0
0,1,event,720,0.015625,1
0,1,event,721,0.005208000000038737,0
0,1,event,722,0.0018329999999764368,0
0,1,event,723,0.002082999999970525,0
0,1,event,724,0.001583000000039192,0
0,1,event,725,0.0015000000000213731,0
0,1,event,726,0.004333999999971638,0
0,1,event,727,0.0015829999999823485,0
0,1,event,728,0.0015000000000213731,0
0,1,event,729,0.0019169999999917309,0
0,1,event,730,0.0014590000000112013,0
0,1,event,731,0.0015829999999823485,0
0,1,event,732,0.004291999999963991,0
0,1,event,733,0.0015420000000290202,0
0,1,event,734,0.002082999999970525,0
0,1,event,735,0.001583000000039192,0
0,1,event,736,0.0015000000000213731,0
0,1,event,737,0.0016669999999976426,0
0,1,event,738,0.0015839999999798238,0
0,1,event,739,0.0020419999999603533,0
0,1,event,740,0.0015000000000213731,0
0,1,event,741,0.001541000000031545,0
0,1,event,742,0.0014579999999568827,0
0,1,event,743,0.001583000000039192,0
0,1,event,744,0.002250000000003638,0
0,1,event,745,0.0019169999999917309,0
0,1,event,746,0.0015420000000290202,0
0,1,event,747,0.0016249999999899956,0
0,1,event,748,0.001583000000039192,0
0,1,event,749,0.0015420000000290202,0
0,1,event,750,0.00254199999994853,0
0,1,event,751,0.0015000000000213731,0
0,1,event,752,0.0016249999999899956,0
0,1,event,753,0.0023339999999620886,0
0,1,event,754,0.0015420000000290202,0
0,1,event,755,0.0018750000000409273,0
0,1,event,756,0.001625000000046839,0
0,1,event,757,0.0015000000000213731,0
0,1,event,758,0.0014999999999645297,0
0,1,event,759,0.0015000000000213731,0
0,1,event,760,0.0020419999999603533,0
0,1,event,761,0.0015420000000290202,0
0,1,event,762,0.0015420000000290202,0
0,1,event,763,0.006416999999999007,0
0,1,event,764,0.0016669999999976426,0
0,1,event,765,0.0015000000000213731,0
0,1,event,766,0.0019580000000019027,0
0,1,event,767,0.0015000000000213731,0
0,1,event,768,0.0016249999999899956,0
0,1,event,769,0.0015839999999798238,0
0,1,event,770,0.0016249999999899956,0
0,1,event,771,0.001791999999966265,0
0,1,event,772,0.0014590000000112013,0
0,1,event,773,0.0015839999999798238,0
0,1,event,774,0.0014999999999645297,0
0,1,event,775,0.0015829999999823485,0
0,1,event,776,0.0018749999999840838,0
0,1,event,777,0.0016249999999899956,0
0,1,event,778,0.004332999999974163,0
0,1,event,779,0.004082999999980075,0
0,1,event,780,0.01229200000000219,1
0,1,event,781,0.0027089999999816428,0
0,1,event,782,0.0015839999999798238,0
0,1,event,783,0.0015420000000290202,0
0,1,event,784,0.0050420000000030996,0
0,1,event,785,0.0027910000000019863,0
0,1,event,786,0.0020420000000171967,0
0,1,event,787,0.001667000000054486,0
0,1,event,788,0.001583000000039192,0
0,1,event,789,0.0016249999999899956,0
0,1,event,790,0.0016669999999976426,0
0,1,event,791,0.0020000000000095497,0
0,1,event,792,0.0015829999999823485,0
0,1,event,793,0.0015000000000213731,0
0,1,event,794,0.0015000000000213731,0
0,1,event,795,0.004792000000009011,0
0,1,event,796,0.004792000000009011,0
0,1,event,797,0.0020000000000095497,0
0,1,event,798,0.0015829999999823485,0
0,1,event,799,0.0014590000000112013,0
0,1,event,800,0.0014579999999568827,0
0,1,event,801,0.0019169999999917309,0
0,1,event,802,0.0014590000000112013,0
0,1,event,803,0.0016669999999976426,0
0,1,event,804,0.0015420000000290202,0
0,1,event,805,0.005583999999998923,0
0,1,event,806,0.005167000000028565,0
0,1,event,807,0.0020419999999603533,0
0,1,event,808,0.0017500000000154614,0
0,1,event,809,0.01466699999997445,0
0,1,event,810,0.004416999999989457,0
0,1,event,811,0.0017090000000052896,0
0,1,event,812,0.0020420000000171967,0
0,1,event,813,0.0020839999999680003,0
0,1,event,814,0.0015000000000213731,0
0,1,event,815,0.0015829999999823485,0
0,1,event,816,0.0015419999999721767,0
0,1,event,817,0.001833999999973912,0
0,1,event,818,0.0024169999999799074,0
0,1,event,819,0.0015420000000290202,0
0,1,event,820,0.0014999999999645297,0
0,1,event,821,0.0017080000000078144,0
0,1,event,822,0.0018749999999840838,0
0,1,event,823,0.0016249999999899956,0
0,1,event,824,0.0014999999999645297,0
0,1,event,825,0.0015000000000213731,0
0,1,event,826,0.0015000000000213731,0
0,1,event,827,0.0016249999999899956,0
0,1,event,828,0.0018329999999764368,0
0,1,event,829,0.0015000000000213731,0
0,1,event,830,0.0015419999999721767,0
0,1,event,831,0.001458000000013726,0
0,1,event,832,0.0015409999999747015,0
0,1,event,833,0.0018749999999840838,0
0,1,event,834,0.0015829999999823485,0
0,1,event,835,0.001458000000013726,0
0,1,event,836,0.0015840000000366672,0
0,1,event,837,0.0015000000000213731,0
0,1,event,838,0.0019169999999917309,0
0,1,event,839,0.0015409999999747015,0
0,1,event,840,0.01608299999998053,1
0,1,event,841,0.0020839999999680003,0
0,1,event,842,0.0019580000000019027,0
0,1,event,843,0.0015829999999823485,0
0,1,event,844,0.0017500000000154614,0
0,1,event,845,0.0015000000000213731,0
0,1,event,846,0.0017090000000052896,0
0,1,event,847,0.005749999999977717,0
0,1,event,848,0.0019580000000019027,0
0,1,event,849,0.004416000000048825,0
0,1,event,850,0.002916000000027452,0
0,1,event,851,0.0016660000000001673,0
0,1,event,852,0.001541000000031545,0
0,1,event,853,0.001916000000051099,0
0,1,event,854,0.001583000000039192,0
0,1,event,855,0.001541000000031545,0
0,1,event,856,0.0017080000000078144,0
0,1,event,857,0.0015419999999721767,0
0,1,event,858,0.0018749999999840838,0
0,1,event,859,0.0015829999999823485,0
0,1,event,860,0.0015000000000213731,0
0,1,event,861,0.001458000000013726,0
0,1,event,862,0.0015829999999823485,0
0,1,event,863,0.0019159999999942556,0
0,1,event,864,0.0015420000000290202,0
0,1,event,865,0.0015000000000213731,0
0,1,event,866,0.0015839999999798238,0
0,1,event,867,0.0014999999999645297,0
0,1,event,868,0.0015829999999823485,0
0,1,event,869,0.0019169999999917309,0
0,1,event,870,0.0015839999999798238,0
0,1,event,871,0.0015000000000213731,0
0,1,event,872,0.0017090000000052896,0
0,1,event,873,0.0015000000000213731,0
0,1,event,874,0.0020410000000197215,0
0,1,event,875,0.0015829999999823485,0
0,1,event,876,0.002208999999993466,0
0,1,event,877,0.0014999999999645297,0
0,1,event,878,0.0015000000000213731,0
0,1,event,879,0.001833999999973912,0
0,1,event,880,0.0014999999999645297,0
0,1,event,881,0.0015000000000213731,0
0,1,event,882,0.001625000000046839,0
0,1,event,883,0.002333000000021457,0
0,1,event,884,0.0017080000000078144,0
0,1,event,885,0.0020419999999603533,0
0,1,event,886,0.011458000000004631,0
0,1,event,887,0.0020839999999680003,0
0,1,event,888,0.005125000000020918,0
0,1,event,889,0.0027499999999918145,0
0,1,event,890,0.002165999999988344,0
0,1,event,891,0.0017500000000154614,0
0,1,event,892,0.0016660000000001673,0
0,1,event,893,0.005249999999989541,0
0,1,event,894,0.0024999999999977263,0
0,1,event,895,0.0015420000000290202,0
0,1,event,896,0.004582999999968251,0
0,1,event,897,0.0016249999999899956,0
0,1,event,898,0.0015829999999823485,0
0,1,event,899,0.0017909999999687898,0
0,1,event,900,0.029832999999996446,1
0,1,event,901,0.00637499999999136,0
0,1,event,902,0.0016249999999899956,0
0,1,event,903,0.0016249999999899956,0
0,1,event,904,0.001791999999966265,0
0,1,event,905,0.001416000000006079,0
0,1,event,906,0.0015000000000213731,0
0,1,event,907,0.0022090000000503096,0
0,1,event,908,0.0017090000000052896,0
0,1,event,909,0.0019169999999917309,0
0,1,event,910,0.001458000000013726,0
0,1,event,911,0.001416000000006079,0
0,1,event,912,0.001458000000013726,0
0,1,event,913,0.0013749999999959073,0
0,1,event,914,0.0055000000000404725,0
0,1,event,915,0.0027919999999994616,0
0,1,event,916,0.001458000000013726,0
0,1,event,917,0.0019169999999917309,0
0,1,event,918,0.0014170000000035543,0
0,1,event,919,0.0018330000000332802,0
0,1,event,920,0.001416000000006079,0
0,1,event,921,0.0013749999999959073,0
0,1,event,922,0.0013329999999882602,0
0,1,event,923,0.0017080000000078144,0
0,1,event,924,0.0015000000000213731,0
0,1,event,925,0.0017909999999687898,0
0,1,event,926,0.001416000000006079,0
0,1,event,927,0.0014170000000035543,0
0,1,event,928,0.0013749999999959073,0
0,1,event,929,0.001583000000039192,0
0,1,event,930,0.00658400000003212,0
0,1,event,931,0.0019169999999917309,0
0,1,event,932,0.0015829999999823485,0
0,1,event,933,0.001458999999954358,0
0,1,event,934,0.0014170000000035543,0
0,1,event,935,0.0018329999999764368,0
0,1,event,936,0.001458000000013726,0
0,1,event,937,0.0014999999999645297,0
0,1,event,938,0.004500000000007276,0
0,1,event,939,0.002250000000003638,0
0,1,event,940,0.0017500000000154614,0
0,1,event,941,0.0015419999999721767,0
0,1,event,942,0.001583000000039192,0
0,1,event,943,0.0015000000000213731,0
0,1,event,944,0.001458000000013726,0
0,1,event,945,0.0015000000000213731,0
0,1,event,946,0.0018329999999764368,0
0,1,event,947,0.0015000000000213731,0
0,1,event,948,0.002999999999985903,0
0,1,event,949,0.0013749999999959073,0
0,1,event,950,0.001458000000013726,0
0,1,event,951,0.002207999999995991,0
0,1,event,952,0.0015409999999747015,0
0,1,event,953,0.0013749999999959073,0
0,1,event,954,0.0015419999999721767,0
0,1,event,955,0.001541000000031545,0
0,1,event,956,0.002124999999978172,0
0,1,event,957,0.0017500000000154614,0
0,1,event,958,0.0015000000000213731,0
0,1,event,959,0.0014999999999645297,0
0,1,event,960,0.016999999999995907,1
0,1,event,961,0.0025840000000130203,0
0,1,event,962,0.0015840000000366672,0
0,1,event,963,0.016542000000015378,0
0,1,event,964,0.001458000000013726,0
0,1,event,965,0.0015000000000213731,0
0,1,event,966,0.001833999999973912,0
0,1,event,967,0.0015419999999721767,0
0,1,event,968,0.0013339999999857355,0
0,1,event,969,0.0013329999999882602,0
0,1,event,970,0.002292000000011285,0
0,1,event,971,0.0018749999999840838,0
0,1,event,972,0.005499999999983629,0
0,1,event,973,0.0019159999999942556,0
0,1,event,974,0.0014999999999645297,0
0,1,event,975,0.0013329999999882602,0
0,1,event,976,0.001958999999999378,0
0,1,event,977,0.005249999999989541,0
0,1,event,978,0.0017910000000256332,0
0,1,event,979,0.0038749999999936335,0
0,1,event,980,0.0018329999999764368,0
0,1,event,981,0.0013339999999857355,0
0,1,event,982,0.0018749999999840838,0
0,1,event,983,0.0014999999999645297,0
0,1,event,984,0.0013749999999959073,0
0,1,event,985,0.0014170000000035543,0
0,1,event,986,0.0014170000000035543,0
0,1,event,987,0.0017920000000231084,0
0,1,event,988,0.0014170000000035543,0
0,1,event,989,0.0013329999999882602,0
0,1,event,990,0.0013749999999959073,0
0,1,event,991,0.0014579999999568827,0
0,1,event,992,0.0017080000000078144,0
0,1,event,993,0.0013749999999959073,0
0,1,event,994,0.0013749999999959073,0
0,1,event,995,0.0014170000000035543,0
0,1,event,996,0.0013329999999882602,0
0,1,event,997,0.001833999999973912,0
0,1,event,998,0.0015000000000213731,0
0,1,event,999,0.0014159999999492356,0
0,1,burst,0,0.06479200000001129,7
0,1,burst,1,0.061458000000016,7
0,1,burst,2,0.058665999999959695,7
0,1,burst,3,0.05883299999999281,7
0,1,burst,4,0.05791600000003427,7
0,1,burst,5,0.06112499999994725,7
0,1,burst,6,0.055625000000020464,7
0,1,burst,7,0.052583000000026914,7
0,1,burst,8,0.06274999999999409,7
0,1,burst,9,0.06662500000004457,7
0,1,burst,10,0.06158299999998462,7
0,1,burst,11,0.055999999999983174,7
0,1,burst,12,0.06133399999998801,7
0,1,burst,13,0.05604199999999082,7
0,1,burst,14,0.0529589999999871,7
0,1,burst,15,0.05604199999999082,7
0,1,burst,16,0.07049999999998136,7
0,1,burst,17,0.05762499999997317,7
0,1,burst,18,0.05824999999998681,7
0,1,burst,19,0.05750000000000455,7
0,1,burst,20,0.06479200000001129,7
0,1,burst,21,0.054874999999981355,7
0,1,burst,22,0.0605419999999981,7
0,1,burst,23,0.05920800000001236,7
0,1,burst,24,0.06287499999996271,7
0,1,burst,25,0.06279100000000426,7
0,1,burst,26,0.07545799999996916,7
0,1,burst,27,0.06112500000000409,7
0,1,burst,28,0.06320800000003146,7
0,1,burst,29,0.05720800000000281,7
0,1,burst,30,0.05858299999999872,7
0,1,burst,31,0.056417000000010376,7
0,1,burst,32,0.063083000000006,7
0,1,burst,33,0.05458299999997962,7
0,1,burst,34,0.06541700000002493,7
0,1,burst,35,0.06562500000001137,7
0,1,burst,36,0.061459000000013475,7
0,1,burst,37,0.062124999999980446,7
0,1,burst,38,0.05816700000002584,7
0,1,burst,39,0.057542000000012195,7
0,1,burst,40,0.06362500000000182,7
0,1,burst,41,0.055084000000022115,7
0,1,burst,42,0.06133399999998801,7
0,1,burst,43,0.057916999999974905,7
0,1,burst,44,0.06320800000003146,7
0,1,burst,45,0.06254099999995333,7
0,1,burst,46,0.0578750000000241,7
0,1,burst,47,0.057165999999995165,7
0,1,burst,48,0.0685839999999871,7
0,1,burst,49,0.05633299999999508,7
0,1,burst,50,0.061166000000014265,7
0,1,burst,51,0.0534579999999778,7
0,1,burst,52,0.05637500000000273,7
0,1,burst,53,0.06187499999998636,7
0,1,burst,54,0.06320799999997462,7
0,1,burst,55,0.0548750000000382,7
0,1,burst,56,0.0595000000000141,7
0,1,burst,57,0.05733300000002828,7
0,1,burst,58,0.05437499999999318,7
0,1,burst,59,0.05795899999998255,7
0,1,burst,60,0.0666659999999979,7
0,1,burst,61,0.05579199999999673,7
0,1,burst,62,0.06241699999998218,7
0,1,burst,63,0.05875000000003183,7
0,1,burst,64,0.05416700000000674,7
0,1,burst,65,0.05779200000000628,7
0,1,burst,66,0.061916999999994005,7
0,1,burst,67,0.061041999999986274,7
0,1,burst,68,0.058041000000002896,7
0,1,burst,69,0.058334000000002106,7
0,1,burst,70,0.05779200000000628,7
0,1,burst,71,0.08345800000000736,7
0,1,burst,72,0.056708000000014636,7
0,1,burst,73,0.058290999999996984,7
0,1,burst,74,0.05308299999995825,7
0,1,burst,75,0.06020800000004556,7
0,1,burst,76,0.05629200000004175,7
0,1,burst,77,0.055499999999995,7
0,1,burst,78,0.05608300000000099,7
0,1,burst,79,0.05729199999996126,7
0,1,burst,80,0.06241600000004155,7
0,1,burst,81,0.059833999999966636,7
0,1,burst,82,0.04883399999999938,7
0,1,burst,83,0.057292000000018106,7
0,1,burst,84,0.05624999999997726,7
0,1,burst,85,0.07895800000000008,7
0,1,burst,86,0.05545799999998735,7
0,1,burst,87,0.06516599999997652,7
0,1,burst,88,0.05804200000000037,7
0,1,burst,89,0.06879100000003291,7
0,1,burst,90,0.05770800000004783,7
0,1,burst,91,0.05970800000000054,7
0,1,burst,92,0.05770900000004531,7
0,1,burst,93,0.05412499999999909,7
0,1,burst,94,0.05670900000001211,7
0,1,burst,95,0.05791700000003175,7
0,1,burst,96,0.06437500000004093,7
0,1,burst,97,0.05904099999997925,7
0,1,burst,98,0.058625000000006366,7
0,1,burst,99,0.06270799999998644,7
0,1,burst,100,0.07941699999997809,7
0,1,burst,101,0.059041999999976724,7
0,1,burst,102,0.054666999999994914,7
0,1,burst,103,0.05720900000000029,7
0,1,burst,104,0.061750000000017735,7
0,1,burst,105,0.05874999999997499,7
0,1,burst,106,0.05520799999999326,7
0,1,burst,107,0.061750000000017735,7
0,1,burst,108,0.06095799999997098,7
0,1,burst,109,0.05500000000000682,7
0,1,burst,110,0.05929199999997081,7
0,1,burst,111,0.05700000000001637,7
0,1,burst,112,0.0574579999999969,7
0,1,burst,113,0.05508300000002464,7
0,1,burst,114,0.0550829999999678,7
0,1,burst,115,0.06637499999999363,7
0,1,burst,116,0.06529100000000199,7
0,1,burst,117,0.05483300000003055,7
0,1,burst,118,0.05883300000004965,7
0,1,burst,119,0.058250000000043656,7
0,1,burst,120,0.061082999999996446,7
0,1,burst,121,0.059249999999963165,7
0,1,burst,122,0.06349999999997635,7
0,1,burst,123,0.057542000000012195,7
0,1,burst,124,0.07204200000001038,7
0,1,burst,125,0.060291000000006534,7
0,1,burst,126,0.06366700000000947,7
0,1,burst,127,0.058083999999951175,7
0,1,burst,128,0.06504200000000537,7
0,1,burst,129,0.05237499999998363,7
0,1,burst,130,0.07545900000002348,7
0,1,burst,131,0.05620800000002646,7
0,1,burst,132,0.07062500000000682,7
0,1,burst,133,0.08037500000000364,7
0,1,burst,134,0.06245899999998983,7
0,1,burst,135,0.05479200000002038,7
0,1,burst,136,0.059041999999976724,7
0,1,burst,137,0.052290999999968335,7
0,1,burst,138,0.05741699999998673,7
0,1,burst,139,0.06700000000000728,7
0,1,burst,140,0.05824999999998681,7
0,1,burst,141,0.052416999999991276,7
0,1,burst,142,0.06970799999999144,7
0,1,burst,143,0.05729100000002063,7
0,1,burst,144,0.054666999999994914,7
0,1,burst,145,0.05370900000002621,7
0,1,burst,146,0.05341699999996763,7
0,1,burst,147,0.06112500000000409,7
0,1,burst,148,0.060124999999970896,7
0,1,burst,149,0.056791000000032454,7
0,1,burst,150,0.05974999999995134,7
0,1,burst,151,0.05687500000004775,7
0,1,burst,152,0.058875000000000455,7
0,1,burst,153,0.0534579999999778,7
0,1,burst,154,0.061458000000016,7
0,1,burst,155,0.055499999999995,7
0,1,burst,156,0.05516699999998309,7
0,1,burst,157,0.055542000000002645,7
0,1,burst,158,0.05516600000004246,7
0,1,burst,159,0.058708000000024185,7
0,1,burst,160,0.05929099999997334,7
0,1,burst,161,0.057542000000012195,7
0,1,burst,162,0.057749999999998636,7
0,1,burst,163,0.05583299999995006,7
0,1,burst,164,0.05525000000000091,7
0,1,burst,165,0.05675000000002228,7
0,1,burst,166,0.05195800000001327,7
0,1,burst,167,0.05512500000003229,7
0,1,burst,168,0.06900000000001683,7
0,1,burst,169,0.05808300000001054,7
0,1,burst,170,0.05870799999996734,7
0,1,burst,171,0.050957999999980075,7
0,1,burst,172,0.05508300000002464,7
0,1,burst,173,0.0559170000000222,7
0,1,burst,174,0.0524159999999938,7
0,1,burst,175,0.058457999999973254,7
0,1,burst,176,0.05275000000000318,7
0,1,burst,177,0.05637500000000273,7
0,1,burst,178,0.05458300000003646,7
0,1,burst,179,0.061332999999990534,7
0,1,burst,180,0.05358300000000327,7
0,1,burst,181,0.05829199999999446,7
0,1,burst,182,0.05200000000002092,7
0,1,burst,183,0.054417000000000826,7
0,1,burst,184,0.05537499999996953,7
0,1,burst,185,0.05679200000002993,7
0,1,burst,186,0.06620900000001484,7
0,1,burst,187,0.0529589999999871,7
0,1,burst,188,0.06429200000002311,7
0,1,burst,189,0.05733400000002575,7
0,1,burst,190,0.05637500000000273,7
0,1,burst,191,0.05666699999994762,7
0,1,burst,192,0.05279200000001083,7
0,1,burst,193,0.05412499999999909,7
0,1,burst,194,0.054209000000014385,7
0,1,burst,195,0.057542000000012195,7
0,1,burst,196,0.05712499999998499,7
0,1,burst,197,0.05641699999995353,7
0,1,burst,198,0.05704200000002402,7
0,1,burst,199,0.05720800000000281,7
0,1,burst,200,0.06679200000002083,7
0,1,burst,201,0.05529100000001108,7
0,1,burst,202,0.054042000000038115,7
0,1,burst,203,0.05220800000000736,7
0,1,burst,204,0.05541700000003402,7
0,1,burst,205,0.0532500000000482,7
0,1,burst,206,0.058667000000014013,7
0,1,burst,207,0.05895900000001575,7
0,1,burst,208,0.0635000000000332,7
0,1,burst,209,0.05725000000001046,7
0,1,burst,210,0.05629100000004428,7
0,1,burst,211,0.06224999999994907,7
0,1,burst,212,0.060416000000032,7
0,1,burst,213,0.055041999999957625,7
0,1,burst,214,0.05720900000000029,7
0,1,burst,215,0.05624999999997726,7
0,1,burst,216,0.05700000000001637,7
0,1,burst,217,0.055415999999979704,7
0,1,burst,218,0.055625000000020464,7
0,1,burst,219,0.05770799999999099,7
0,1,burst,220,0.055332999999961885,7
0,1,burst,221,0.05612500000000864,7
0,1,burst,222,0.05479199999996354,7
0,1,burst,223,0.056667000000004464,7
0,1,burst,224,0.05666600000000699,7
0,1,burst,225,0.06024999999999636,7
0,1,burst,226,0.054417000000000826,7
0,1,burst,227,0.05620800000002646,7
0,1,burst,228,0.05883299999999281,7
0,1,burst,229,0.05174999999996999,7
0,1,burst,230,0.05779200000000628,7
0,1,burst,231,0.05433399999998301,7
0,1,burst,232,0.056791999999973086,7
0,1,burst,233,0.05879099999998516,7
0,1,burst,234,0.052957999999989624,7
0,1,burst,235,0.052292000000022654,7
0,1,burst,236,0.05620899999996709,7
0,1,burst,237,0.056541999999979,7
0,1,burst,238,0.05704200000002402,7
0,1,burst,239,0.05608399999999847,7
0,1,burst,240,0.05233399999997346,7
0,1,burst,241,0.05691699999999855,7
0,1,burst,242,0.056457999999963704,7
0,1,burst,243,0.05920800000001236,7
0,1,burst,244,0.05658299999998917,7
0,1,burst,245,0.06033300000001418,7
0,1,burst,246,0.055749999999989086,7
0,1,burst,247,0.05433399999998301,7
0,1,burst,248,0.05804200000000037,7
0,1,burst,249,0.053000000000054115,7
0,1,burst,250,0.052917000000036296,7
0,1,burst,251,0.058583999999996195,7
0,1,burst,252,0.05645900000001802,7
0,1,burst,253,0.05624999999997726,7
0,1,burst,254,0.05600000000004002,7
0,1,burst,255,0.051999999999964075,7
0,1,burst,256,0.05837500000001228,7
0,1,burst,257,0.05541700000003402,7
0,1,burst,258,0.053916999999955806,7
0,1,burst,259,0.06662500000004457,7
0,1,burst,260,0.05945800000000645,7
0,1,burst,261,0.05541600000003655,7
0,1,burst,262,0.05212499999998954,7
0,1,burst,263,0.05424999999996771,7
0,1,burst,264,0.05516699999998309,7
0,1,burst,265,0.0559170000000222,7
0,1,burst,266,0.05649999999997135,7
0,1,burst,267,0.055084000000022115,7
0,1,burst,268,0.05275000000000318,7
0,1,burst,269,0.06229200000001356,7
0,1,burst,270,0.06508400000001302,7
0,1,burst,271,0.05854199999998855,7
0,1,burst,272,0.054957999999999174,7
0,1,burst,273,0.054082999999991443,7
0,1,burst,274,0.05720800000000281,7
0,1,burst,275,0.05854099999999107,7
0,1,burst,276,0.0559170000000222,7
0,1,burst,277,0.05324999999999136,7
0,1,burst,278,0.059249999999963165,7
0,1,burst,279,0.059833000000026004,7
0,1,burst,280,0.052957999999989624,7
0,1,burst,281,0.056040999999993346,7
0,1,burst,282,0.05233299999997598,7
0,1,burst,283,0.05725000000001046,7
0,1,burst,284,0.05504099999996015,7
0,1,burst,285,0.05970800000000054,7
0,1,burst,286,0.05720800000000281,7
0,1,burst,287,0.05691600000000108,7
0,1,burst,288,0.055375000000026375,7
0,1,burst,289,0.056708000000014636,7
0,1,burst,290,0.056500000000028194,7
0,1,burst,291,0.05525000000000091,7
0,1,burst,292,0.054916999999989,7
0,1,burst,293,0.05587499999995771,7
0,1,burst,294,0.05324999999999136,7
0,1,burst,295,0.05491599999999153,7
0,1,burst,296,0.06095800000002782,7
0,1,burst,297,0.05299999999999727,7
0,1,burst,298,0.07158299999997553,7
0,1,burst,299,0.05416600000000926,7
0,1,burst,300,0.06091699999996081,7
0,1,burst,301,0.05854199999998855,7
0,1,burst,302,0.056250000000034106,7
0,1,burst,303,0.052207999999950516,7
0,1,burst,304,0.05970800000000054,7
0,1,burst,305,0.0610409999999888,7
0,1,burst,306,0.06770899999997937,7
0,1,burst,307,0.05750000000000455,7
0,1,burst,308,0.06879199999997354,7
0,1,burst,309,0.059292000000027656,7
0,1,burst,310,0.056040999999993346,7
0,1,burst,311,0.05858299999999872,7
0,1,burst,312,0.05912499999999454,7
0,1,burst,313,0.05470900000000256,7
0,1,burst,314,0.0625,7
0,1,burst,315,0.05170800000001918,7
0,1,burst,316,0.06024999999999636,7
0,1,burst,317,0.05291600000003882,7
0,1,burst,318,12.386375000000044,7
0,1,burst,319,0.17533400000002075,7
0,1,burst,320,0.06099999999997863,7
0,1,burst,321,0.053625000000010914,7
0,1,burst,322,0.054708000000005086,7
0,1,burst,323,0.07641699999999219,7
0,1,burst,324,0.054916999999989,7
0,1,burst,325,0.05170799999996234,7
0,1,burst,326,0.05370800000002873,7
0,1,burst,327,0.053625000000010914,7
0,1,burst,328,0.053375000000016826,7
0,1,burst,329,0.053458999999975276,7
0,1,burst,330,0.053625000000010914,7
0,1,burst,331,0.06262500000002547,7
0,1,burst,332,0.052707999999995536,7
0,1,burst,333,0.051165999999966516,7
0,1,burst,334,0.05166700000000901,7
0,1,burst,335,0.048042000000009466,7
0,1,burst,336,0.051625000000001364,7
0,1,burst,337,0.04895800000002737,7
0,1,burst,338,0.05483299999997371,7
0,1,burst,339,0.05079200000000128,7
0,1,burst,340,0.05329199999999901,7
0,1,burst,341,0.05124999999998181,7
0,1,burst,342,0.10474999999996726,7
0,1,burst,343,0.05037500000003092,7
0,1,burst,344,0.05237500000004047,7
0,1,burst,345,0.050416000000041095,7
0,1,burst,346,0.05116699999996399,7
0,1,burst,347,0.05099999999998772,7
0,1,burst,348,0.05570799999998144,7
0,1,burst,349,0.0508750000000191,7
0,1,burst,350,0.05066599999997834,7
0,1,burst,351,0.05025000000000546,7
0,1,burst,352,0.04995800000000372,7
0,1,burst,353,0.04954099999997652,7
0,1,burst,354,0.048749999999984084,7
0,1,burst,355,0.05012499999997999,7
0,1,burst,356,0.0483340000000112,7
0,1,burst,357,0.05116699999996399,7
0,1,burst,358,0.048583000000007814,7
0,1,burst,359,0.04816699999997809,7
0,1,burst,360,0.04862500000001546,7
0,1,burst,361,0.04862500000001546,7
0,1,burst,362,0.05129199999998946,7
0,1,burst,363,0.04891600000001972,7
0,1,burst,364,0.04745799999994915,7
0,1,burst,365,0.04975000000001728,7
0,1,burst,366,0.049832999999978256,7
0,1,burst,367,0.04775000000000773,7
0,1,burst,368,0.05779200000000628,7
0,1,burst,369,0.05062499999996817,7
0,1,burst,370,0.048292000000003554,7
0,1,burst,371,0.05145799999996825,7
0,1,burst,372,0.0494160000000079,7
0,1,burst,373,0.050082999999972344,7
0,1,burst,374,0.04795799999999417,7
0,1,burst,375,0.04979200000002493,7
0,1,burst,376,0.05175000000002683,7
0,1,burst,377,0.05299999999999727,7
0,1,burst,378,0.050583999999957996,7
0,1,burst,379,0.05158399999999119,7
0,1,burst,380,0.051333999999997104,7
0,1,burst,381,0.054209000000014385,7
0,1,burst,382,0.05008399999996982,7
0,1,burst,383,0.049624999999991815,7
0,1,burst,384,0.048749999999984084,7
0,1,burst,385,0.052500000000009095,7
0,1,burst,386,0.047832999999968706,7
0,1,burst,387,0.048499999999989996,7
0,1,burst,388,0.04745900000000347,7
0,1,burst,389,0.05150000000003274,7
0,1,burst,390,0.049791999999968084,7
0,1,burst,391,0.050333000000023276,7
0,1,burst,392,0.04970800000000963,7
0,1,burst,393,0.05195800000001327,7
0,1,burst,394,0.04854100000000017,7
0,1,burst,395,0.04991699999999355,7
0,1,burst,396,0.04879199999999173,7
0,1,burst,397,0.05150000000003274,7
0,1,burst,398,0.04775000000000773,7
0,1,burst,399,0.05133299999999963,7
0,1,burst,400,0.05187499999999545,7
0,1,burst,401,0.055625000000020464,7
0,1,burst,402,0.04991699999999355,7
0,1,burst,403,0.05166699999995217,7
0,1,burst,404,0.05291600000003882,7
0,1,burst,405,0.05983299999996916,7
0,1,burst,406,0.050416999999981726,7
0,1,burst,407,0.04966699999999946,7
0,1,burst,408,0.052957999999989624,7
0,1,burst,409,0.07474999999999454,7
0,1,burst,410,0.0498749999999859,7
0,1,burst,411,0.050499999999999545,7
0,1,burst,412,0.055124999999975444,7
0,1,burst,413,0.05158399999999119,7
0,1,burst,414,0.049167000000011285,7
0,1,burst,415,0.0498749999999859,7
0,1,burst,416,0.052957999999989624,7
0,1,burst,417,0.05366699999996172,7
0,1,burst,418,0.05375000000003638,7
0,1,burst,419,0.05170800000001918,7
0,1,burst,420,0.051625000000001364,7
0,1,burst,421,0.04954099999997652,7
0,1,burst,422,0.04995800000000372,7
0,1,burst,423,0.05204199999997172,7
0,1,burst,424,0.06100000000003547,7
0,1,burst,425,0.05079199999994444,7
0,1,burst,426,0.05104199999999537,7
0,1,burst,427,0.05129099999999198,7
0,1,burst,428,0.05604199999999082,7
0,1,burst,429,0.05324999999999136,7
0,1,burst,430,0.048333000000013726,7
0,1,burst,431,0.05054100000000972,7
0,1,burst,432,0.05275000000000318,7
0,1,burst,433,0.05541600000003655,7
0,1,burst,434,0.04954200000003084,7
0,1,burst,435,0.05129199999998946,7
0,1,burst,436,0.05874999999997499,7
0,1,burst,437,0.04975000000001728,7
0,1,burst,438,0.052833000000021,7
0,1,burst,439,0.050749999999993634,7
0,1,burst,440,0.05324999999999136,7
0,1,burst,441,0.05000000000001137,7
0,1,burst,442,0.05129099999999198,7
0,1,burst,443,0.052207999999950516,7
0,1,burst,444,0.05804200000000037,7
0,1,burst,445,0.049624999999991815,7
0,1,burst,446,0.05054200000000719,7
0,1,burst,447,0.051040999999997894,7
0,1,burst,448,0.055458000000044194,7
0,1,burst,449,0.05037500000003092,7
0,1,burst,450,0.04879199999999173,7
0,1,burst,451,0.050499999999999545,7
0,1,burst,452,0.051375000000007276,7
0,1,burst,453,0.05500000000000682,7
0,1,burst,454,0.050292000000013104,7
0,1,burst,455,0.05258299999997007,7
0,1,burst,456,0.04924999999997226,7
0,1,burst,457,0.04912500000000364,7
0,1,burst,458,0.0498749999999859,7
0,1,burst,459,0.05170900000001666,7
0,1,burst,460,0.04995800000000372,7
0,1,burst,461,0.05066700000003266,7
0,1,burst,462,0.053375000000016826,7
0,1,burst,463,0.05545799999998735,7
0,1,burst,464,0.050416999999981726,7
0,1,burst,465,0.05025000000000546,7
0,1,burst,466,0.04970800000000963,7
0,1,burst,467,0.05154099999998607,7
0,1,burst,468,0.05145799999996825,7
0,1,burst,469,0.05212499999998954,7
0,1,burst,470,0.04750000000001364,7
0,1,burst,471,0.057999999999992724,7
0,1,burst,472,0.05129199999998946,7
0,1,burst,473,0.05320899999998119,7
0,1,burst,474,0.048292000000003554,7
0,1,burst,475,0.05479099999996606,7
0,1,burst,476,0.04954200000003084,7
0,1,burst,477,0.050208999999995285,7
0,1,burst,478,0.049250000000029104,7
0,1,burst,479,0.05708399999997482,7
0,1,burst,480,0.052416999999991276,7
0,1,burst,481,0.052583999999967546,7
0,1,burst,482,0.06654200000002675,7
0,1,burst,483,0.07195799999999508,7
0,1,burst,484,0.059833000000026004,7
0,1,burst,485,0.05404199999998127,7
0,1,burst,486,0.05245899999999892,7
0,1,burst,487,0.058625000000006366,7
0,1,burst,488,0.05025000000000546,7
0,1,burst,489,0.05304100000000744,7
0,1,burst,490,0.05275000000000318,7
0,1,burst,491,0.06183299999997871,7
0,1,burst,492,0.04887500000000955,7
0,1,burst,493,0.05875000000003183,7
0,1,burst,494,0.05033399999996391,7
0,1,burst,495,0.054209000000014385,7
0,1,burst,496,0.04862499999995862,7
0,1,burst,497,0.04854199999999764,7
0,1,burst,498,0.05225000000001501,7
0,1,burst,499,0.054874999999981355,7
0,1,burst,500,0.050499999999999545,7
0,1,burst,501,0.048749999999984084,7
0,1,burst,502,0.04875000000004093,7
0,1,burst,503,0.056374999999945885,7
0,1,burst,504,0.04970800000000963,7
0,1,burst,505,0.05079200000000128,7
0,1,burst,506,198.76916699999998,7
0,1,burst,507,0.16975000000002183,7
0,1,burst,508,0.14224999999999,7
0,1,burst,509,0.13066700000001674,7
0,1,burst,510,0.13549999999997908,7
0,1,burst,511,0.13924999999994725,7
0,1,burst,512,0.1468330000000151,7
0,1,burst,513,0.13341600000001108,7
0,1,burst,514,0.1362499999999045,7
0,1,burst,515,0.12829199999998764,7
0,1,burst,516,0.1353750000000673,7
0,1,burst,517,0.1332079999999678,7
0,1,burst,518,0.13437499999997726,7
0,1,burst,519,0.13733300000001236,7
0,1,burst,520,0.13770900000008623,7
0,1,burst,521,0.12399999999990996,7
0,1,burst,522,0.1489169999999831,7
0,1,burst,523,45.30087500000002,7
0,1,burst,524,0.20587499999999181,7
0,1,burst,525,0.12712499999997817,7
0,1,burst,526,0.13308299999994233,7
0,1,burst,527,0.13133300000004056,7
0,1,burst,528,0.13308299999994233,7
0,1,burst,529,9.271791000000007,7
0,1,burst,530,0.07425000000000637,7
0,1,burst,531,0.055124999999975444,7
0,1,burst,532,0.05737499999997908,7
0,1,burst,533,0.05366700000001856,7
0,1,burst,534,0.05666699999994762,7
0,1,burst,535,0.053208000000040556,7
0,1,burst,536,5.754249999999956,7
0,1,burst,537,0.15591699999993125,7
0,1,burst,538,0.14879199999995762,7
0,1,burst,539,0.1588330000000724,7
0,1,burst,540,0.14125000000001364,7
0,1,burst,541,0.5242919999999458,7
0,1,burst,542,0.18258300000002237,7
0,1,burst,543,0.1580420000000231,7
0,1,burst,544,0.14579199999991488,7
0,1,burst,545,0.13345800000001873,7
0,1,burst,546,0.5469160000000102,7
0,1,burst,547,0.1414999999999509,7
0,1,burst,548,0.12037500000008095,7
0,1,burst,549,0.0865840000000162,7
0,1,burst,550,0.08766700000001038,7
0,1,burst,551,0.08562500000005002,7
0,1,burst,552,0.10191699999995762,7
0,1,burst,553,0.08949999999992997,7
0,1,burst,554,0.08737500000006548,7
0,1,burst,555,0.08429100000000744,7
0,1,burst,556,0.08020799999997053,7
0,1,burst,557,0.0967919999999367,7
0,1,burst,558,0.1002090000000635,7
0,1,burst,559,0.08999999999991815,7
0,1,burst,560,0.08420799999998962,7
0,1,burst,561,0.10204099999998562,7
0,1,burst,562,0.09345800000005511,7
0,1,burst,563,0.0884169999999358,7
0,1,burst,564,0.08029099999998834,7
0,1,burst,565,0.08779200000003584,7
0,1,burst,566,0.08562499999993634,7
0,1,burst,567,0.08570800000006784,7
0,1,burst,568,0.07962500000007822,7
0,1,burst,569,0.09195899999997437,7
0,1,burst,570,0.08345899999994799,7
0,1,burst,571,17.87087500000007,7
0,1,burst,572,0.14037500000006276,7
0,1,burst,573,0.15724999999997635,7
0,1,burst,574,0.12583399999994072,7
0,1,burst,575,0.1267920000000231,7
0,1,burst,576,0.12008299999990868,7
0,1,burst,577,0.13895899999999983,7
0,1,burst,578,0.12433299999997871,7
0,1,burst,579,0.12687500000004093,7
0,1,burst,580,0.12029199999994944,7
0,1,burst,581,0.12658299999998235,7
0,1,burst,582,0.1312080000000151,7
0,1,burst,583,0.12312499999995907,7
0,1,burst,584,0.14820800000006784,7
0,1,burst,585,0.1345409999998992,7
0,1,burst,586,0.12120800000002419,7
0,1,burst,587,0.12295800000003965,7
0,1,burst,588,0.13541699999996126,7
0,1,burst,589,0.1256670000000213,7
0,1,burst,590,0.13466599999992468,7
0,1,burst,591,0.1224170000000413,7
0,1,burst,592,0.12383399999998801,7
0,1,burst,593,0.12633299999993142,7
0,1,burst,594,0.12112500000000637,7
0,1,burst,595,0.12149999999996908,7
0,1,burst,596,0.1237500000000864,7
0,1,burst,597,0.12429199999996854,7
0,1,burst,598,0.12229200000001583,7
0,1,burst,599,0.12095900000008442,7
0,1,burst,600,0.11937500000010459,7
0,1,burst,601,9.21008299999994,7
0,1,burst,602,0.06583399999999529,7
0,1,burst,603,0.06174999999996089,7
0,1,burst,604,0.05633299999999508,7
0,1,burst,605,0.05587500000001455,7
0,1,burst,606,0.06437499999992724,7
0,1,burst,607,0.056125000000065484,7
0,1,burst,608,0.06824999999992087,7
0,1,burst,609,0.05891600000006747,7
0,1,burst,610,0.060083999999960724,7
0,1,burst,611,0.05795799999998508,7
0,1,burst,612,0.055124999999975444,7
0,1,burst,613,0.05550000000005184,7
0,1,burst,614,0.055584000000067135,7
0,1,burst,615,0.05416700000000674,7
0,1,burst,616,0.05383299999994051,7
0,1,burst,617,0.0548750000000382,7
0,1,burst,618,0.0569590000000062,7
0,1,burst,619,0.055540999999948326,7
0,1,burst,620,0.05804200000000037,7
0,1,burst,621,0.05600000000004002,7
0,1,burst,622,0.054666999999994914,7
0,1,burst,623,0.05395900000007714,7
0,1,burst,624,0.058667000000014013,7
0,1,burst,625,0.059874999999919964,7
0,1,burst,626,0.055584000000067135,7
0,1,burst,627,0.06283400000006623,7
0,1,burst,628,0.06662499999993088,7
0,1,burst,629,0.05366700000001856,7
0,1,burst,630,0.05645800000002055,7
0,1,burst,631,0.05716599999993832,7
0,1,burst,632,0.05729200000007495,7
0,1,burst,633,0.05824999999992997,7
0,1,burst,634,0.05962499999998272,7
0,1,burst,635,0.05333300000006602,7
0,1,burst,636,0.05670799999995779,7
0,1,burst,637,0.05195800000001327,7
0,1,burst,638,0.052416999999991276,7
0,1,burst,639,0.05533300000001873,7
0,1,burst,640,0.05995800000005147,7
0,1,burst,641,0.05245800000000145,7
0,1,burst,642,0.05254200000001674,7
0,1,burst,643,0.05162500000005821,7
0,1,burst,644,0.06216699999993125,7
0,1,burst,645,0.05233399999997346,7
0,1,burst,646,0.05395900000007714,7
0,1,burst,647,0.05187499999999545,7
0,1,burst,648,0.05558299999995597,7
0,1,burst,649,0.055749999999989086,7
0,1,burst,650,0.05320900000003803,7
0,1,burst,651,0.05358400000000074,7
0,1,burst,652,0.05354200000010678,7
0,1,burst,653,0.053916999999955806,7
0,1,burst,654,0.05683299999998326,7
0,1,burst,655,0.05566599999997379,7
0,1,burst,656,0.05195800000001327,7
0,1,burst,657,0.05245899999999892,7
0,1,burst,658,0.05320900000003803,7
0,1,burst,659,0.05525000000000091,7
0,1,burst,660,0.05712500000004184,7
0,1,burst,661,0.05233299999997598,7
0,1,burst,662,0.052290999999968335,7
0,1,burst,663,0.061125000000060936,7
0,1,burst,664,0.052624999999920874,7
0,1,burst,665,0.0679170000000795,7
0,1,burst,666,0.054082999999991443,7
0,1,burst,667,0.05299999999999727,7
0,1,burst,668,0.05120799999997416,7
0,1,burst,669,0.05195800000001327,7
0,1,burst,670,77.07650000000001,7
0,1,burst,671,0.18633299999999053,7
0,1,burst,672,0.2426669999999831,7
0,1,burst,673,0.14337499999999181,7
0,1,burst,674,0.1332079999999678,7
0,1,burst,675,0.13754099999994196,7
0,1,burst,676,0.13466700000003584,7
0,1,burst,677,0.30499999999995,7
0,1,burst,678,0.16458399999999074,7
0,1,burst,679,0.15666699999997036,7
0,1,burst,680,0.13820799999996325,7
0,1,burst,681,0.1404579999999669,7
0,1,burst,682,0.14575000000002092,7
0,1,burst,683,0.6630420000000186,7
0,1,burst,684,0.7203329999999823,7
0,1,burst,685,0.16012499999999363,7
0,1,burst,686,0.1666659999999638,7
0,1,burst,687,0.16600000000005366,7
0,1,burst,688,0.13212499999997362,7
0,1,burst,689,0.1304169999999658,7
0,1,burst,690,0.12404100000003382,7
0,1,burst,691,0.13283300000000509,7
0,1,burst,692,0.14312500000005457,7
0,1,burst,693,0.1329999999999245,7
0,1,burst,694,13.293041000000017,7
0,1,burst,695,0.17724999999995816,7
0,1,burst,696,0.13583299999993415,7
0,1,burst,697,0.13383399999997891,7
0,1,burst,698,0.126041999999984,7
0,1,burst,699,0.13908300000002782,7
0,1,burst,700,0.1293749999999818,7
0,1,burst,701,0.12654199999997218,7
0,1,burst,702,0.12704199999996035,7
0,1,burst,703,0.1326250000000755,7
0,1,burst,704,0.12779199999999946,7
0,1,burst,705,0.1284170000000131,7
0,1,burst,706,0.13258299999995415,7
0,1,burst,707,0.1265410000000884,7
0,1,burst,708,0.12950000000000728,7
0,1,burst,709,0.12816700000007586,7
0,1,burst,710,0.1312910000000329,7
0,1,burst,711,0.13266599999997197,7
0,1,burst,712,0.1319580000000542,7
0,1,burst,713,0.13041600000008202,7
0,1,burst,714,0.13529099999993832,7
0,1,burst,715,0.1322499999999991,7
0,1,burst,716,0.12645799999995688,7
0,1,burst,717,0.12358300000005329,7
0,1,burst,718,0.1273750000000291,7
0,1,burst,719,0.15241600000001654,7
0,1,burst,720,0.12533299999995506,7
0,1,burst,721,0.13208399999996345,7
0,1,burst,722,0.12529200000005858,7
0,1,burst,723,0.24395899999990434,7
0,1,burst,724,0.1337500000000773,7
0,1,burst,725,0.13250000000005002,7
0,1,burst,726,0.12533299999995506,7
0,1,burst,727,0.12854200000003857,7
0,1,burst,728,0.13049999999998363,7
0,1,burst,729,0.2257079999999405,7
0,1,burst,730,0.13304200000004585,7
0,1,burst,731,0.12687500000004093,7
0,1,burst,732,0.12708299999997053,7
0,1,burst,733,0.12712499999997817,7
0,1,burst,734,0.13362500000005184,7
0,1,burst,735,0.12983299999996234,7
0,1,burst,736,0.12770799999998417,7
0,1,burst,737,0.1290000000000191,7
0,1,burst,738,0.1495830000000069,7
0,1,burst,739,0.12275000000011005,7
0,1,burst,740,0.07633400000008805,7
0,1,burst,741,0.07824999999991178,7
0,1,burst,742,0.08133300000008603,7
0,1,burst,743,0.07595800000001418,7
0,1,burst,744,0.07645800000000236,7
0,1,burst,745,0.07562500000005912,7
0,1,burst,746,0.07758300000000418,7
0,1,burst,747,0.07704100000000835,7
0,1,burst,748,0.07504200000005312,7
0,1,burst,749,0.09887500000002092,7
0,1,burst,750,0.1375829999999496,7
0,1,burst,751,0.12512500000002547,7
0,1,burst,752,0.1263330000000451,7
0,1,burst,753,0.1316669999999931,7
0,1,burst,754,0.1251670000000331,7
0,1,burst,755,0.13483300000007148,7
0,1,burst,756,0.12466599999993377,7
0,1,burst,757,0.13270799999997962,7
0,1,burst,758,0.12954200000001492,7
0,1,burst,759,61.814250000000015,7
0,1,burst,760,0.1449999999999818,7
0,1,burst,761,0.14158399999996618,7
0,1,burst,762,0.13741700000002766,7
0,1,burst,763,0.13829199999997854,7
0,1,burst,764,0.12754099999995105,7
0,1,burst,765,0.1303330000000642,7
0,1,burst,766,0.12687499999992724,7
0,1,burst,767,0.1207920000000513,7
0,1,burst,768,0.12641599999994924,7
0,1,burst,769,0.1307920000000422,7
0,1,burst,770,0.12674999999990177,7
0,1,burst,771,0.12487500000008822,7
0,1,burst,772,0.12095800000008694,7
0,1,burst,773,0.13599999999996726,7
0,1,burst,774,0.130333999999948,7
0,1,burst,775,0.12416700000005676,7
0,1,burst,776,0.2882919999999558,7
0,1,burst,777,0.143291999999974,7
0,1,burst,778,0.0831670000000031,7
0,1,burst,779,0.22508400000003803,7
0,1,burst,780,0.0847919999999931,7
0,1,burst,781,0.13145799999995234,7
0,1,burst,782,0.11016700000004676,7
0,1,burst,783,0.10187499999994998,7
0,1,burst,784,0.08066700000006222,7
0,1,burst,785,0.0802920000000995,7
0,1,burst,786,0.07608300000003965,7
0,1,burst,787,0.07437500000003183,7
0,1,burst,788,0.07599999999990814,7
0,1,burst,789,0.09475000000009004,7
0,1,burst,790,0.0935420000000704,7
0,1,burst,791,0.081833999999958,7
0,1,burst,792,0.08029199999998582,7
0,1,burst,793,0.49412500000005366,7
0,1,burst,794,0.17895800000007966,7
0,1,burst,795,0.13954100000000835,7
0,1,burst,796,0.16054200000007768,7
0,1,burst,797,0.1614159999999174,7
0,1,burst,798,0.13508300000000872,7
0,1,burst,799,0.23050000000000637,7
0,1,burst,800,0.6507919999999103,7
0,1,burst,801,0.16208300000005238,7
0,1,burst,802,0.22320799999999963,7
0,1,burst,803,0.20733300000006238,7
0,1,burst,804,0.15879199999994853,7
0,1,burst,805,0.15362500000003365,7
0,1,burst,806,0.1543330000000651,7
0,1,burst,807,0.1283329999999978,7
0,1,burst,808,0.14183300000001964,7
0,1,burst,809,0.1333750000000009,7
0,1,burst,810,0.13933400000007623,7
0,1,burst,811,0.24299999999993815,7
0,1,burst,812,0.39429199999995035,7
0,1,burst,813,0.48308299999996507,7
0,1,burst,814,0.3265410000000202,7
0,1,burst,815,0.13924999999994725,7
0,1,burst,816,6.1429580000000215,7
0,1,burst,817,0.1097500000000764,7
0,1,burst,818,0.07183299999996962,7
0,1,burst,819,0.06729099999995469,7
0,1,burst,820,0.06574999999997999,7
0,1,burst,821,0.06858299999998962,7
0,1,burst,822,0.0656659999999647,7
0,1,burst,823,0.0655420000000504,7
0,1,burst,824,0.06441699999993489,7
0,1,burst,825,0.06445800000005875,7
0,1,burst,826,0.06454099999996288,7
0,1,burst,827,0.06387500000005275,7
0,1,burst,828,0.06608399999993253,7
0,1,burst,829,0.0709590000000162,7
0,1,burst,830,0.0750830000000633,7
0,1,burst,831,0.0674579999999878,7
0,1,burst,832,0.06387499999993906,7
0,1,burst,833,0.06349999999997635,7
0,1,burst,834,0.06270800000004328,7
0,1,burst,835,0.06541699999991124,7
0,1,burst,836,0.06645900000000893,7
0,1,burst,837,0.06483400000001893,7
0,1,burst,838,0.06499999999994088,7
0,1,burst,839,0.06337500000006457,7
0,1,burst,840,0.05962499999998272,7
0,1,burst,841,0.07579199999997854,7
0,1,burst,842,0.05587500000001455,7
0,1,burst,843,0.06004199999995308,7
0,1,burst,844,0.056500000000028194,7
0,1,burst,845,0.06475000000000364,7
0,1,burst,846,0.056083999999941625,7
0,1,burst,847,0.06725000000005821,7
0,1,burst,848,0.055957999999918684,7
0,1,burst,849,0.0582920000000513,7
0,1,burst,850,0.060541999999941254,7
0,1,burst,851,0.06349999999997635,7
0,1,burst,852,0.05583400000000438,7
0,1,burst,853,0.06441700000004857,7
0,1,burst,854,0.05466599999999744,7
0,1,burst,855,0.06370799999990595,7
0,1,burst,856,0.05558300000006966,7
0,1,burst,857,7.20212499999991,7
0,1,burst,858,0.15145800000004783,7
0,1,burst,859,0.13504199999999855,7
0,1,burst,860,0.12933400000008533,7
0,1,burst,861,0.12470799999994142,7
0,1,burst,862,0.12029199999994944,7
0,1,burst,863,0.13083400000004985,7
0,1,burst,864,0.12258399999996072,7
0,1,burst,865,0.14437499999996817,7
0,1,burst,866,0.1257500000000391,7
0,1,burst,867,0.12420899999995072,7
0,1,burst,868,0.11983399999996891,7
0,1,burst,869,0.49695900000006077,7
0,1,burst,870,0.13600000000008095,7
0,1,burst,871,0.12458299999991596,7
0,1,burst,872,0.11987499999997908,7
0,1,burst,873,0.12187500000004547,7
0,1,burst,874,0.13412500000004002,7
0,1,burst,875,0.12512500000002547,7
0,1,burst,876,0.13504199999999855,7
0,1,burst,877,0.14554099999998016,7
0,1,burst,878,0.13045899999997346,7
0,1,burst,879,0.12450000000001182,7
0,1,burst,880,0.12237500000003365,7
0,1,burst,881,0.13570899999990615,7
0,1,burst,882,0.12704200000007404,7
0,1,burst,883,0.14458399999989524,7
0,1,burst,884,0.1264169999999467,7
0,1,burst,885,0.12662499999999,7
0,1,burst,886,0.13162499999998545,7
0,1,burst,887,14.45316600000001,7
0,1,burst,888,0.06745899999998528,7
0,1,burst,889,0.059166000000004715,7
0,1,burst,890,0.0544999999999618,7
0,1,burst,891,0.057790999999951964,7
0,1,burst,892,0.05237499999998363,7
0,1,burst,893,0.051667000000065855,7
0,1,burst,894,0.05237499999998363,7
0,1,burst,895,0.05099999999993088,7
0,1,burst,896,0.051750000000083674,7
0,1,burst,897,0.04899999999997817,7
0,1,burst,898,0.052083999999922526,7
0,1,burst,899,0.05008300000008603,7
0,1,burst,900,0.05025000000000546,7
0,1,burst,901,0.049459000000069864,7
0,1,burst,902,0.06370800000001964,7
0,1,burst,903,0.055499999999938154,7
0,1,burst,904,0.04966699999999946,7
0,1,burst,905,0.04837499999996453,7
0,1,burst,906,0.050749999999993634,7
0,1,burst,907,0.050707999999985987,7
0,1,burst,908,0.04741599999999835,7
0,1,burst,909,0.05050000000005639,7
0,1,burst,910,0.052290999999968335,7
0,1,burst,911,0.04866700000002311,7
0,1,burst,912,0.04891699999996035,7
0,1,burst,913,0.05095800000003692,7
0,1,burst,914,0.05020799999999781,7
0,1,burst,915,0.04795799999999417,7
0,1,burst,916,0.048624999999901775,7
0,1,burst,917,0.04920800000002146,7
0,1,burst,918,0.04941700000006222,7
0,1,burst,919,0.047499999999899956,7
0,1,burst,920,0.052334000000087144,7
0,1,burst,921,0.05891699999995126,7
0,1,burst,922,0.04866600000002563,7
0,1,burst,923,0.04716699999994489,7
0,1,burst,924,0.047584000000028936,7
0,1,burst,925,0.05004199999996217,7
0,1,burst,926,0.04954099999997652,7
0,1,burst,927,0.047416999999995824,7
0,1,burst,928,0.049958000000060565,7
0,1,burst,929,0.04866699999990942,7
0,1,burst,930,0.047292000000084045,7
0,1,burst,931,0.049999999999954525,7
0,1,burst,932,0.046749999999974534,7
0,1,burst,933,0.04875000000004093,7
0,1,burst,934,0.047207999999955064,7
0,1,burst,935,0.04724999999996271,7
0,1,burst,936,0.04816600000003746,7
0,1,burst,937,0.04837499999996453,7
0,1,burst,938,0.05095800000003692,7
0,1,burst,939,0.04837499999996453,7
0,1,burst,940,0.04737499999998818,7
0,1,burst,941,0.05066599999997834,7
0,1,burst,942,0.04787499999997635,7
0,1,burst,943,0.04912500000000364,7
0,1,burst,944,0.04737499999998818,7
0,1,burst,945,0.04891700000007404,7
0,1,burst,946,0.04770799999994324,7
0,1,burst,947,0.04762500000003911,7
0,1,burst,948,0.04750000000001364,7
0,1,burst,949,0.04937499999994088,7
0,1,burst,950,0.04816700000003493,7
0,1,burst,951,0.04795799999999417,7
0,1,burst,952,0.04737499999998818,7
0,1,burst,953,0.049999999999954525,7
0,1,burst,954,0.04762500000003911,7
0,1,burst,955,0.04745900000000347,7
0,1,burst,956,0.04808300000001964,7
0,1,burst,957,0.0522080000000642,7
0,1,burst,958,0.04750000000001364,7
0,1,burst,959,0.04737499999998818,7
0,1,burst,960,0.04958299999998417,7
0,1,burst,961,0.04895800000008421,7
0,1,burst,962,0.04679200000009587,7
0,1,burst,963,0.04787499999997635,7
0,1,burst,964,0.04829199999994671,7
0,1,burst,965,0.047667000000046755,7
0,1,burst,966,0.058041000000002896,7
0,1,burst,967,0.04645800000002964,7
0,1,burst,968,0.04854199999999764,7
0,1,burst,969,0.04875000000004093,7
0,1,burst,970,0.04683299999999235,7
0,1,burst,971,0.05383299999994051,7
0,1,burst,972,0.050041000000078384,7
0,1,burst,973,0.04737499999998818,7
0,1,burst,974,0.04754099999991013,7
0,1,burst,975,0.04958299999998417,7
0,1,burst,976,0.04825000000005275,7
0,1,burst,977,0.04833299999995688,7
0,1,burst,978,0.04712500000005093,7
0,1,burst,979,0.04870899999991707,7
0,1,burst,980,0.04762500000003911,7
0,1,burst,981,0.04762499999992542,7
0,1,burst,982,0.047750000000064574,7
0,1,burst,983,0.04716699999994489,7
0,1,burst,984,0.05016699999998764,7
0,1,burst,985,0.04808400000001711,7
0,1,burst,986,0.04737499999998818,7
0,1,burst,987,0.04770800000005693,7
0,1,burst,988,0.048042000000009466,7
0,1,burst,989,0.05162500000005821,7
0,1,burst,990,0.04695800000001782,7
0,1,burst,991,0.04808300000001964,7
0,1,burst,992,0.0493340000000444,7
0,1,burst,993,0.05095800000003692,7
0,1,burst,994,0.046790999999984706,7
0,1,burst,995,0.04733299999998053,7
0,1,burst,996,0.048458999999979824,7
0,1,burst,997,0.04774999999995089,7
0,1,burst,998,0.048417000000085864,7
0,1,burst,999,0.04750000000001364,7
0,2,idle,0,0.0008340000000544023,0
0,2,idle,1,0.0011669999998957792,0
0,2,idle,2,0.0012500000000272848,0
0,2,idle,3,0.0009169999999585343,0
0,2,idle,4,0.0008330000000569271,0
0,2,idle,5,0.0009159999999610591,0
0,2,idle,6,0.001125000000001819,0
0,2,idle,7,0.0009579999999687061,0
0,2,idle,8,0.0009170000000722212,0
0,2,idle,9,0.0008749999999508873,0
0,2,idle,10,0.0009169999999585343,0
0,2,idle,11,0.0012080000000196378,0
0,2,idle,12,0.0012080000000196378,0
0,2,idle,13,0.0012080000000196378,0
0,2,idle,14,0.0009169999999585343,0
0,2,idle,15,0.0008749999999508873,0
0,2,idle,16,0.001082999999994172,0
0,2,idle,17,0.0010419999999840002,0
0,2,idle,18,0.0009590000000798682,0
0,2,idle,19,0.0009170000000722212,0
0,2,idle,20,0.0008749999999508873,0
0,2,idle,21,0.0009589999999661813,0
0,2,idle,22,0.0011660000000119908,0
0,2,idle,23,0.0008750000000645741,0
0,2,idle,24,0.0008749999999508873,0
0,2,idle,25,0.0009999999999763531,0
0,2,idle,26,0.0008750000000645741,0
0,2,idle,27,0.0014579999999568827,0
0,2,idle,28,0.0013750000000527507,0
0,2,idle,29,0.0009579999999687061,0
0,2,idle,30,0.0009169999999585343,0
0,2,idle,31,0.0008750000000645741,0
0,2,idle,32,0.001165999999898304,0
0,2,idle,33,0.0009170000000722212,0
0,2,idle,34,0.001125000000001819,0
0,2,idle,35,0.0009589999999661813,0
0,2,idle,36,0.0009169999999585343,0
0,2,idle,37,0.001167000000009466,0
0,2,idle,38,0.0008340000000544023,0
0,2,idle,39,0.0011249999998881322,0
0,2,idle,40,0.0008330000000569271,0
0,2,idle,41,0.0009579999999687061,0
0,2,idle,42,0.0009169999999585343,0
0,2,idle,43,0.001125000000001819,0
0,2,idle,44,0.0010419999999840002,0
0,2,idle,45,0.0009590000000798682,0
0,2,idle,46,0.0009589999999661813,0
0,2,idle,47,0.0009579999999687061,0
0,2,idle,48,0.0011660000000119908,0
0,2,idle,49,0.0009169999999585343,0
0,2,idle,50,0.0009999999999763531,0
0,2,idle,51,0.001209000000017113,0
0,2,idle,52,0.0009169999999585343,0
0,2,idle,53,0.0012500000000272848,0
0,2,idle,54,0.003083000000060565,0
0,2,idle,55,0.001040999999986525,0
0,2,idle,56,0.0009169999999585343,0
0,2,idle,57,0.0009169999999585343,0
0,2,idle,58,0.0011660000000119908,0
0,2,idle,59,0.0012500000000272848,0
0,2,idle,60,0.0009579999999687061,0
0,2,idle,61,0.001082999999994172,0
0,2,idle,62,0.0009579999999687061,0
0,2,idle,63,0.0009170000000722212,0
0,2,idle,64,0.001167000000009466,0
0,2,idle,65,0.0012920000000349319,0
0,2,idle,66,0.0008749999999508873,0
0,2,idle,67,0.0009170000000722212,0
0,2,idle,68,0.0009589999999661813,0
0,2,idle,69,0.001125000000001819,0
0,2,idle,70,0.0008749999999508873,0
0,2,idle,71,0.001125000000001819,0
0,2,idle,72,0.0012920000000349319,0
0,2,idle,73,0.0009999999999763531,0
0,2,idle,74,0.0012080000000196378,0
0,2,idle,75,0.0009169999999585343,0
0,2,idle,76,0.0009589999999661813,0
0,2,idle,77,0.0009170000000722212,0
0,2,idle,78,0.001040999999986525,0
0,2,idle,79,0.0012080000000196378,0
0,2,idle,80,0.001249999999913598,0
0,2,idle,81,0.0009999999999763531,0
0,2,idle,82,0.0009590000000798682,0
0,2,idle,83,0.0009169999999585343,0
0,2,idle,84,0.0008750000000645741,0
0,2,idle,85,0.001082999999994172,0
0,2,idle,86,0.0009170000000722212,0
0,2,idle,87,0.0013749999999390639,0
0,2,idle,88,0.0009580000000823929,0
0,2,idle,89,0.0009159999999610591,0
0,2,idle,90,0.0013749999999390639,0
0,2,idle,91,0.001167000000009466,0
0,2,idle,92,0.0008750000000645741,0
0,2,idle,93,0.0007919999999330685,0
0,2,idle,94,0.0008340000000544023,0
0,2,idle,95,0.0010839999999916472,0
0,2,idle,96,0.0010839999999916472,0
0,2,idle,97,0.0008750000000645741,0
0,2,idle,98,0.0009169999999585343,0
0,2,idle,99,0.0008330000000569271,0
0,2,idle,100,0.0009159999999610591,0
0,2,idle,101,0.0014579999999568827,0
0,2,idle,102,0.0009999999999763531,0
0,2,idle,103,0.0009580000000823929,0
0,2,idle,104,0.0009159999999610591,0
0,2,idle,105,0.0008749999999508873,0
0,2,idle,106,0.001082999999994172,0
0,2,idle,107,0.0008750000000645741,0
0,2,idle,108,0.0009579999999687061,0
0,2,idle,109,0.0008749999999508873,0
0,2,idle,110,0.0008750000000645741,0
0,2,idle,111,0.001082999999994172,0
0,2,idle,112,0.0008749999999508873,0
0,2,idle,113,0.0009159999999610591,0
0,2,idle,114,0.0008750000000645741,0
0,2,idle,115,0.0008329999999432403,0
0,2,idle,116,0.0010419999999840002,0
0,2,idle,117,0.0009160000000747459,0
0,2,idle,118,0.0008749999999508873,0
0,2,idle,119,0.0008330000000569271,0
0,2,idle,120,0.0009169999999585343,0
0,2,idle,121,0.0008749999999508873,0
0,2,idle,122,0.0015830000000960354,0
0,2,idle,123,0.0009580000000823929,0
0,2,idle,124,0.0009999999999763531,0
0,2,idle,125,0.0009169999999585343,0
0,2,idle,126,0.0008340000000544023,0
0,2,idle,127,0.001125000000001819,0
0,2,idle,128,0.001207999999905951,0
0,2,idle,129,0.0008750000000645741,0
0,2,idle,130,0.0008749999999508873,0
0,2,idle,131,0.0009159999999610591,0
0,2,idle,132,0.001167000000009466,0
0,2,idle,133,0.0009170000000722212,0
0,2,idle,134,0.0015409999999747015,0
0,2,idle,135,0.0009169999999585343,0
0,2,idle,136,0.0009580000000823929,0
0,2,idle,137,0.001125000000001819,0
0,2,idle,138,0.001125000000001819,0
0,2,idle,139,0.0009160000000747459,0
0,2,idle,140,0.0008749999999508873,0
0,2,idle,141,0.0008330000000569271,0
0,2,idle,142,0.0008330000000569271,0
0,2,idle,143,0.00100000000009004,0
0,2,idle,144,0.0008339999999407155,0
0,2,idle,145,0.0009169999999585343,0
0,2,idle,146,0.0009170000000722212,0
0,2,idle,147,0.0064589999999498104,0
0,2,idle,148,0.001334000000042579,0
0,2,idle,149,0.0014579999999568827,0
0,2,idle,150,0.0009579999999687061,0
0,2,idle,151,0.0009160000000747459,0
0,2,idle,152,0.0010839999999916472,0
0,2,idle,153,0.001082999999994172,0
0,2,idle,154,0.0008749999999508873,0
0,2,idle,155,0.0009169999999585343,0
0,2,idle,156,0.0008750000000645741,0
0,2,idle,157,0.0008749999999508873,0
0,2,idle,158,0.0010419999999840002,0
0,2,idle,159,0.0008749999999508873,0
0,2,idle,160,0.0008340000000544023,0
0,2,idle,161,0.0008339999999407155,0
0,2,idle,162,0.0008750000000645741,0
0,2,idle,163,0.0008329999999432403,0
0,2,idle,164,0.001125000000001819,0
0,2,idle,165,0.0008749999999508873,0
0,2,idle,166,0.0009160000000747459,0
0,2,idle,167,0.0008329999999432403,0
0,2,idle,168,0.0010419999999840002,0
0,2,idle,169,0.0011660000000119908,0
0,2,idle,170,0.0009170000000722212,0
0,2,idle,171,0.0008750000000645741,0
0,2,idle,172,0.0009159999999610591,0
0,2,idle,173,0.0008750000000645741,0
0,2,idle,174,0.001167000000009466,0
0,2,idle,175,0.0010839999999916472,0
0,2,idle,176,0.00100000000009004,0
0,2,idle,177,0.0008749999999508873,0
0,2,idle,178,0.0013750000000527507,0
0,2,idle,179,0.0009999999999763531,0
0,2,idle,180,0.001291999999921245,0
0,2,idle,181,0.0008340000000544023,0
0,2,idle,182,0.0010839999999916472,0
0,2,idle,183,0.0009169999999585343,0
0,2,idle,184,0.001167000000009466,0
0,2,idle,185,0.001125000000001819,0
0,2,idle,186,0.0013329999999314168,0
0,2,idle,187,0.00100000000009004,0
0,2,idle,188,0.0008329999999432403,0
0,2,idle,189,0.0009579999999687061,0
0,2,idle,190,0.0010419999999840002,0
0,2,idle,191,0.0011660000000119908,0
0,2,idle,192,0.0008330000000569271,0
0,2,idle,193,0.0009579999999687061,0
0,2,idle,194,0.0007919999999330685,0
0,2,idle,195,0.0010839999999916472,0
0,2,idle,196,0.0008750000000645741,0
0,2,idle,197,0.0009579999999687061,0
0,2,idle,198,0.001167000000009466,0
0,2,idle,199,0.0008749999999508873,0
0,2,idle,200,0.0008340000000544023,0
0,2,idle,201,0.001125000000001819,0
0,2,idle,202,0.0009169999999585343,0
0,2,idle,203,0.0008749999999508873,0
0,2,idle,204,0.0009589999999661813,0
0,2,idle,205,0.0009169999999585343,0
0,2,idle,206,0.001082999999994172,0
0,2,idle,207,0.0009580000000823929,0
0,2,idle,208,0.0009169999999585343,0
0,2,idle,209,0.0008329999999432403,0
0,2,idle,210,0.0013750000000527507,0
0,2,idle,211,0.0014579999999568827,0
0,2,idle,212,0.0008750000000645741,0
0,2,idle,213,0.0010419999999840002,0
0,2,idle,214,0.0008749999999508873,0
0,2,idle,215,0.001125000000001819,0
0,2,idle,216,0.003500000000030923,0
0,2,idle,217,0.0031249999999545253,0
0,2,idle,218,0.0012500000000272848,0
0,2,idle,219,0.0008749999999508873,0
0,2,idle,220,0.0008330000000569271,0
0,2,idle,221,0.001167000000009466,0
0,2,idle,222,0.0013329999999314168,0
0,2,idle,223,0.0008749999999508873,0
0,2,idle,224,0.0008750000000645741,0
0,2,idle,225,0.0010419999999840002,0
0,2,idle,226,0.0008749999999508873,0
0,2,idle,227,0.0010419999999840002,0
0,2,idle,228,0.0009160000000747459,0
0,2,idle,229,0.001167000000009466,0
0,2,idle,230,0.0008749999999508873,0
0,2,idle,231,0.0009169999999585343,0
0,2,idle,232,0.001125000000001819,0
0,2,idle,233,0.0009159999999610591,0
0,2,idle,234,0.0008750000000645741,0
0,2,idle,235,0.001125000000001819,0
0,2,idle,236,0.0008329999999432403,0
0,2,idle,237,0.001082999999994172,0
0,2,idle,238,0.0008330000000569271,0
0,2,idle,239,0.0009579999999687061,0
0,2,idle,240,0.0008329999999432403,0
0,2,idle,241,0.0013330000000451037,0
0,2,idle,242,0.0009159999999610591,0
0,2,idle,243,0.001125000000001819,0
0,2,idle,244,0.0009579999999687061,0
0,2,idle,245,0.0009590000000798682,0
0,2,idle,246,0.0008749999999508873,0
0,2,idle,247,0.0007919999999330685,0
0,2,idle,248,0.0010839999999916472,0
0,2,idle,249,0.0008750000000645741,0
0,2,idle,250,0.0009169999999585343,0
0,2,idle,251,0.0008750000000645741,0
0,2,idle,252,0.0008340000000544023,0
0,2,idle,253,0.0009999999999763531,0
0,2,idle,254,0.001125000000001819,0
0,2,idle,255,0.0008749999999508873,0
0,2,idle,256,0.0009170000000722212,0
0,2,idle,257,0.0008749999999508873,0
0,2,idle,258,0.0009999999999763531,0
0,2,idle,259,0.0008750000000645741,0
0,2,idle,260,0.0009580000000823929,0
0,2,idle,261,0.0008329999999432403,0
0,2,idle,262,0.0008750000000645741,0
0,2,idle,263,0.0010830000001078588,0
0,2,idle,264,0.0011669999998957792,0
0,2,idle,265,0.0008340000000544023,0
0,2,idle,266,0.0009170000000722212,0
0,2,idle,267,0.0008339999999407155,0
0,2,idle,268,0.0009589999999661813,0
0,2,idle,269,0.001125000000001819,0
0,2,idle,270,0.001125000000001819,0
0,2,idle,271,0.0008330000000569271,0
0,2,idle,272,0.0009169999999585343,0
0,2,idle,273,0.0016660000000001673,0
0,2,idle,274,0.001167000000009466,0
0,2,idle,275,0.0009169999999585343,0
0,2,idle,276,0.0008750000000645741,0
0,2,idle,277,0.0008339999999407155,0
0,2,idle,278,0.0008749999999508873,0
0,2,idle,279,0.0009580000000823929,0
0,2,idle,280,0.0012080000000196378,0
0,2,idle,281,0.0010410000001002118,0
0,2,idle,282,0.0009170000000722212,0
0,2,idle,283,0.0008339999999407155,0
0,2,idle,284,0.0008340000000544023,0
0,2,idle,285,0.0009999999999763531,0
0,2,idle,286,0.0009169999999585343,0
0,2,idle,287,0.0008750000000645741,0
0,2,idle,288,0.0009169999999585343,0
0,2,idle,289,0.0008339999999407155,0
0,2,idle,290,0.0013330000000451037,0
0,2,idle,291,0.0009999999999763531,0
0,2,idle,292,0.001040999999986525,0
0,2,idle,293,0.0008750000000645741,0
0,2,idle,294,0.0009169999999585343,0
0,2,idle,295,0.0011660000000119908,0
0,2,idle,296,0.0009999999999763531,0
0,2,idle,297,0.0008749999999508873,0
0,2,idle,298,0.0009580000000823929,0
0,2,idle,299,0.0008749999999508873,0
0,2,idle,300,0.0009169999999585343,0
0,2,idle,301,0.001040999999986525,0
0,2,idle,302,0.0015000000000782165,0
0,2,idle,303,0.0008329999999432403,0
0,2,idle,304,0.0012500000000272848,0
0,2,idle,305,0.001167000000009466,0
0,2,idle,306,0.001291999999921245,0
0,2,idle,307,0.0013750000000527507,0
0,2,idle,308,0.001040999999986525,0
0,2,idle,309,0.0009999999999763531,0
0,2,idle,310,0.0008750000000645741,0
0,2,idle,311,0.0012080000000196378,0
0,2,idle,312,0.0014160000000629225,0
0,2,idle,313,0.0008749999999508873,0
0,2,idle,314,0.0008749999999508873,0
0,2,idle,315,0.0010419999999840002,0
0,2,idle,316,0.0013750000000527507,0
0,2,idle,317,0.0013749999999390639,0
0,2,idle,318,0.0008750000000645741,0
0,2,idle,319,0.0008749999999508873,0
0,2,idle,320,0.0009999999999763531,0
0,2,idle,321,0.0009160000000747459,0
0,2,idle,322,0.001249999999913598,0
0,2,idle,323,0.0010419999999840002,0
0,2,idle,324,0.0008750000000645741,0
0,2,idle,325,0.0009999999999763531,0
0,2,idle,326,0.0008329999999432403,0
0,2,idle,327,0.0012500000000272848,0
0,2,idle,328,0.001209000000017113,0
0,2,idle,329,0.0009169999999585343,0
0,2,idle,330,0.0008750000000645741,0
0,2,idle,331,0.0008750000000645741,0
0,2,idle,332,0.0010419999999840002,0
0,2,idle,333,0.0009159999999610591,0
0,2,idle,334,0.001082999999994172,0
0,2,idle,335,0.001167000000009466,0
0,2,idle,336,0.0012500000000272848,0
0,2,idle,337,0.0015829999999823485,0
0,2,idle,338,0.001082999999994172,0
0,2,idle,339,0.0010419999999840002,0
0,2,idle,340,0.001125000000001819,0
0,2,idle,341,0.0009579999999687061,0
0,2,idle,342,0.0009169999999585343,0
0,2,idle,343,0.0012910000000374566,0
0,2,idle,344,0.0009589999999661813,0
0,2,idle,345,0.0009589999999661813,0
0,2,idle,346,0.0009170000000722212,0
0,2,idle,347,0.0011660000000119908,0
0,2,idle,348,0.0015839999999798238,0
0,2,idle,349,0.0009169999999585343,0
0,2,idle,350,0.001082999999994172,0
0,2,idle,351,0.0010419999999840002,0
0,2,idle,352,0.0009999999999763531,0
0,2,idle,353,0.001209000000017113,0
0,2,idle,354,0.0009999999999763531,0
0,2,idle,355,0.0009590000000798682,0
0,2,idle,356,0.0009170000000722212,0
0,2,idle,357,0.0008749999999508873,0
0,2,idle,358,0.001209000000017113,0
0,2,idle,359,0.0010839999999916472,0
0,2,idle,360,0.0009589999999661813,0
0,2,idle,361,0.0010839999999916472,0
0,2,idle,362,0.0009169999999585343,0
0,2,idle,363,0.0009580000000823929,0
0,2,idle,364,0.001458999999954358,0
0,2,idle,365,0.0013750000000527507,0
0,2,idle,366,0.001040999999986525,0
0,2,idle,367,0.0014579999999568827,0
0,2,idle,368,0.0008749999999508873,0
0,2,idle,369,0.0012500000000272848,0
0,2,idle,370,0.0009169999999585343,0
0,2,idle,371,0.0012500000000272848,0
0,2,idle,372,0.0009159999999610591,0
0,2,idle,373,0.00100000000009004,0
0,2,idle,374,0.0011669999998957792,0
0,2,idle,375,0.0008750000000645741,0
0,2,idle,376,0.0008749999999508873,0
0,2,idle,377,0.0008750000000645741,0
0,2,idle,378,0.0008749999999508873,0
0,2,idle,379,0.0008749999999508873,0
0,2,idle,380,0.0013750000000527507,0
0,2,idle,381,0.0009169999999585343,0
0,2,idle,382,0.0009159999999610591,0
0,2,idle,383,0.0009170000000722212,0
0,2,idle,384,0.0008339999999407155,0
0,2,idle,385,0.0014999999999645297,0
0,2,idle,386,0.0009580000000823929,0
0,2,idle,387,0.0009169999999585343,0
0,2,idle,388,0.0008749999999508873,0
0,2,idle,389,0.0012080000000196378,0
0,2,idle,390,0.0015409999999747015,0
0,2,idle,391,0.0008750000000645741,0
0,2,idle,392,0.0019590000000562213,0
0,2,idle,393,0.0010839999999916472,0
0,2,idle,394,0.0009589999999661813,0
0,2,idle,395,0.0009999999999763531,0
0,2,idle,396,0.0009169999999585343,0
0,2,idle,397,0.0015829999999823485,0
0,2,idle,398,0.0009160000000747459,0
0,2,idle,399,0.0014169999999467109,0
0,2,idle,400,0.0010839999999916472,0
0,2,idle,401,0.0009159999999610591,0
0,2,idle,402,0.001082999999994172,0
0,2,idle,403,0.00100000000009004,0
0,2,idle,404,0.0009579999999687061,0
0,2,idle,405,0.001040999999986525,0
0,2,idle,406,0.0009999999999763531,0
0,2,idle,407,0.0014579999999568827,0
0,2,idle,408,0.0009590000000798682,0
0,2,idle,409,0.0008749999999508873,0
0,2,idle,410,0.0008749999999508873,0
0,2,idle,411,0.0009590000000798682,0
0,2,idle,412,0.0009169999999585343,0
0,2,idle,413,0.0012080000000196378,0
0,2,idle,414,0.0009159999999610591,0
0,2,idle,415,0.0009169999999585343,0
0,2,idle,416,0.0009580000000823929,0
0,2,idle,417,0.0009579999999687061,0
0,2,idle,418,0.0012500000000272848,0
0,2,idle,419,0.0008750000000645741,0
0,2,idle,420,0.001167000000009466,0
0,2,idle,421,0.001125000000001819,0
0,2,idle,422,0.0009579999999687061,0
0,2,idle,423,0.0012080000000196378,0
0,2,idle,424,0.0009169999999585343,0
0,2,idle,425,0.001040999999986525,0
0,2,idle,426,0.0009170000000722212,0
0,2,idle,427,0.0008750000000645741,0
0,2,idle,428,0.001125000000001819,0
0,2,idle,429,0.0009999999999763531,0
0,2,idle,430,0.0015419999999721767,0
0,2,idle,431,0.0011660000000119908,0
0,2,idle,432,0.0008749999999508873,0
0,2,idle,433,0.001082999999994172,0
0,2,idle,434,0.001082999999994172,0
0,2,idle,435,0.0015000000000782165,0
0,2,idle,436,0.0012920000000349319,0
0,2,idle,437,0.0012920000000349319,0
0,2,idle,438,0.0008749999999508873,0
0,2,idle,439,0.001082999999994172,0
0,2,idle,440,0.0008749999999508873,0
0,2,idle,441,0.0008330000000569271,0
0,2,idle,442,0.0008329999999432403,0
0,2,idle,443,0.001082999999994172,0
0,2,idle,444,0.001125000000001819,0
0,2,idle,445,0.0009580000000823929,0
0,2,idle,446,0.0009579999999687061,0
0,2,idle,447,0.0009169999999585343,0
0,2,idle,448,0.0009579999999687061,0
0,2,idle,449,0.0012080000000196378,0
0,2,idle,450,0.0009999999999763531,0
0,2,idle,451,0.0009999999999763531,0
0,2,idle,452,0.001209000000017113,0
0,2,idle,453,0.0009589999999661813,0
0,2,idle,454,0.0008340000000544023,0
0,2,idle,455,0.0012500000000272848,0
0,2,idle,456,0.0009580000000823929,0
0,2,idle,457,0.0009579999999687061,0
0,2,idle,458,0.0009999999999763531,0
0,2,idle,459,0.001125000000001819,0
0,2,idle,460,0.0009579999999687061,0
0,2,idle,461,0.0009999999999763531,0
0,2,idle,462,0.0015000000000782165,0
0,2,idle,463,0.0009579999999687061,0
0,2,idle,464,0.0009999999999763531,0
0,2,idle,465,0.001125000000001819,0
0,2,idle,466,0.0009579999999687061,0
0,2,idle,467,0.0009999999999763531,0
0,2,idle,468,0.0016660000000001673,0
0,2,idle,469,0.001167000000009466,0
0,2,idle,470,0.0012080000000196378,0
0,2,idle,471,0.0009999999999763531,0
0,2,idle,472,0.0010419999999840002,0
0,2,idle,473,0.001125000000001819,0
0,2,idle,474,0.0009579999999687061,0
0,2,idle,475,0.00100000000009004,0
0,2,idle,476,0.0013329999999314168,0
0,2,idle,477,0.0008750000000645741,0
0,2,idle,478,0.0009159999999610591,0
0,2,idle,479,0.0009579999999687061,0
0,2,idle,480,0.0009589999999661813,0
0,2,idle,481,0.0012920000000349319,0
0,2,idle,482,0.0007909999999355932,0
0,2,idle,483,0.001125000000001819,0
0,2,idle,484,0.0009170000000722212,0
0,2,idle,485,0.0009999999999763531,0
0,2,idle,486,0.001082999999994172,0
0,2,idle,487,0.0009579999999687061,0
0,2,idle,488,0.0010419999999840002,0
0,2,idle,489,0.0009999999999763531,0
0,2,idle,490,0.0008340000000544023,0
0,2,idle,491,0.0010839999999916472,0
0,2,idle,492,0.0010839999999916472,0
0,2,idle,493,0.0017080000000078144,0
0,2,idle,494,0.001040999999986525,0
0,2,idle,495,0.0009999999999763531,0
0,2,idle,496,0.0009159999999610591,0
0,2,idle,497,0.0012920000000349319,0
0,2,idle,498,0.0009579999999687061,0
0,2,idle,499,0.0008329999999432403,0
0,2,idle,500,0.001125000000001819,0
0,2,idle,501,0.0010830000001078588,0
0,2,idle,502,0.0015420000000858636,0
0,2,idle,503,0.0012909999999237698,0
0,2,idle,504,0.0008330000000569271,0
0,2,idle,505,0.0010419999999840002,0
0,2,idle,506,0.0014169999999467109,0
0,2,idle,507,0.001125000000001819,0
0,2,idle,508,0.0010419999999840002,0
0,2,idle,509,0.0008330000000569271,0
0,2,idle,510,0.0009579999999687061,0
0,2,idle,511,0.0009169999999585343,0
0,2,idle,512,0.0008750000000645741,0
0,2,idle,513,0.0010830000001078588,0
0,2,idle,514,0.0015419999999721767,0
0,2,idle,515,0.0012909999999237698,0
0,2,idle,516,0.0009170000000722212,0
0,2,idle,517,0.0009589999999661813,0
0,2,idle,518,0.0010839999999916472,0
0,2,idle,519,0.0009169999999585343,0
0,2,idle,520,0.0008330000000569271,0
0,2,idle,521,0.001207999999905951,0
0,2,idle,522,0.0008750000000645741,0
0,2,idle,523,0.001125000000001819,0
0,2,idle,524,0.0008749999999508873,0
0,2,idle,525,0.0014579999999568827,0
0,2,idle,526,0.0009170000000722212,0
0,2,idle,527,0.0008749999999508873,0
0,2,idle,528,0.001209000000017113,0
0,2,idle,529,0.0008339999999407155,0
0,2,idle,530,0.0009580000000823929,0
0,2,idle,531,0.0008750000000645741,0
0,2,idle,532,0.0008749999999508873,0
0,2,idle,533,0.0008750000000645741,0
0,2,idle,534,0.0013329999999314168,0
0,2,idle,535,0.0008750000000645741,0
0,2,idle,536,0.0009169999999585343,0
0,2,idle,537,0.0008749999999508873,0
0,2,idle,538,0.0008340000000544023,0
0,2,idle,539,0.001125000000001819,0
0,2,idle,540,0.0009169999999585343,0
0,2,idle,541,0.0009159999999610591,0
0,2,idle,542,0.0009170000000722212,0
0,2,idle,543,0.0007909999999355932,0
0,2,idle,544,0.0012500000000272848,0
0,2,idle,545,0.0007909999999355932,0
0,2,idle,546,0.0009580000000823929,0
0,2,idle,547,0.0008329999999432403,0
0,2,idle,548,0.0008329999999432403,0
0,2,idle,549,0.001042000000097687,0
0,2,idle,550,0.0008340000000544023,0
0,2,idle,551,0.0010419999999840002,0
0,2,idle,552,0.0008749999999508873,0
0,2,idle,553,0.001125000000001819,0
0,2,idle,554,0.0008750000000645741,0
0,2,idle,555,0.001207999999905951,0
0,2,idle,556,0.0017920000000231084,0
0,2,idle,557,0.0009579999999687061,0
0,2,idle,558,0.00100000000009004,0
0,2,idle,559,0.0008749999999508873,0
0,2,idle,560,0.0010839999999916472,0
0,2,idle,561,0.0009159999999610591,0
0,2,idle,562,0.0009170000000722212,0
0,2,idle,563,0.0012080000000196378,0
0,2,idle,564,0.0008330000000569271,0
0,2,idle,565,0.001040999999986525,0
0,2,idle,566,0.0008749999999508873,0
0,2,idle,567,0.0009170000000722212,0
0,2,idle,568,0.0008339999999407155,0
0,2,idle,569,0.0012500000000272848,0
0,2,idle,570,0.0013749999999390639,0
0,2,idle,571,0.0009160000000747459,0
0,2,idle,572,0.0008749999999508873,0
0,2,idle,573,0.0008749999999508873,0
0,2,idle,574,0.0008750000000645741,0
0,2,idle,575,0.0008749999999508873,0
0,2,idle,576,0.0013750000000527507,0
0,2,idle,577,0.0009579999999687061,0
0,2,idle,578,0.0008749999999508873,0
0,2,idle,579,0.0009159999999610591,0
0,2,idle,580,0.0008330000000569271,0
0,2,idle,581,0.0010419999999840002,0
0,2,idle,582,0.0008749999999508873,0
0,2,idle,583,0.001167000000009466,0
0,2,idle,584,0.0008340000000544023,0
0,2,idle,585,0.0008749999999508873,0
0,2,idle,586,0.001082999999994172,0
0,2,idle,587,0.0008329999999432403,0
0,2,idle,588,0.001082999999994172,0
0,2,idle,589,0.0008750000000645741,0
0,2,idle,590,0.0008329999999432403,0
0,2,idle,591,0.001125000000001819,0
0,2,idle,592,0.0008330000000569271,0
0,2,idle,593,0.00100000000009004,0
0,2,idle,594,0.0008339999999407155,0
0,2,idle,595,0.0008749999999508873,0
0,2,idle,596,0.0008330000000569271,0
0,2,idle,597,0.001125000000001819,0
0,2,idle,598,0.0012080000000196378,0
0,2,idle,599,0.0008749999999508873,0
0,2,idle,600,0.0008330000000569271,0
0,2,idle,601,0.0008750000000645741,0
0,2,idle,602,0.0010419999999840002,0
0,2,idle,603,0.0009169999999585343,0
0,2,idle,604,0.0008330000000569271,0
0,2,idle,605,0.0009579999999687061,0
0,2,idle,606,0.0008329999999432403,0
0,2,idle,607,0.001082999999994172,0
0,2,idle,608,0.0008750000000645741,0
0,2,idle,609,0.001125000000001819,0
0,2,idle,610,0.0008749999999508873,0
0,2,idle,611,0.0008330000000569271,0
0,2,idle,612,0.0008749999999508873,0
0,2,idle,613,0.001125000000001819,0
0,2,idle,614,0.0009169999999585343,0
0,2,idle,615,0.0009170000000722212,0
0,2,idle,616,0.0009169999999585343,0
0,2,idle,617,0.0009579999999687061,0
0,2,idle,618,0.0009999999999763531,0
0,2,idle,619,0.0012080000000196378,0
0,2,idle,620,0.0009169999999585343,0
0,2,idle,621,0.0008340000000544023,0
0,2,idle,622,0.0008749999999508873,0
0,2,idle,623,0.001125000000001819,0
0,2,idle,624,0.0008750000000645741,0
0,2,idle,625,0.0007910000000492801,0
0,2,idle,626,0.0008749999999508873,0
0,2,idle,627,0.0008330000000569271,0
0,2,idle,628,0.0011660000000119908,0
0,2,idle,629,0.0009169999999585343,0
0,2,idle,630,0.0009159999999610591,0
0,2,idle,631,0.0008750000000645741,0
0,2,idle,632,0.0012080000000196378,0
0,2,idle,633,0.0008750000000645741,0
0,2,idle,634,0.001167000000009466,0
0,2,idle,635,0.0009169999999585343,0
0,2,idle,636,0.0010419999999840002,0
0,2,idle,637,0.0015409999999747015,0
0,2,idle,638,0.00100000000009004,0
0,2,idle,639,0.001082999999994172,0
0,2,idle,640,0.0009579999999687061,0
0,2,idle,641,0.0009579999999687061,0
0,2,idle,642,0.001042000000097687,0
0,2,idle,643,0.0009160000000747459,0
0,2,idle,644,0.001209000000017113,0
0,2,idle,645,0.001291999999921245,0
0,2,idle,646,0.0013750000000527507,0
0,2,idle,647,0.0008749999999508873,0
0,2,idle,648,0.0009169999999585343,0
0,2,idle,649,0.0010839999999916472,0
0,2,idle,650,0.001082999999994172,0
0,2,idle,651,0.0016669999999976426,0
0,2,idle,652,0.0008340000000544023,0
0,2,idle,653,0.0009999999999763531,0
0,2,idle,654,0.0008749999999508873,0
0,2,idle,655,0.0011660000000119908,0
0,2,idle,656,0.0009170000000722212,0
0,2,idle,657,0.0009580000000823929,0
0,2,idle,658,0.0009999999999763531,0
0,2,idle,659,0.0009999999999763531,0
0,2,idle,660,0.0013749999999390639,0
0,2,idle,661,0.0009999999999763531,0
0,2,idle,662,0.0008750000000645741,0
0,2,idle,663,0.0009999999999763531,0
0,2,idle,664,0.0009999999999763531,0
0,2,idle,665,0.001167000000009466,0
0,2,idle,666,0.0009999999999763531,0
0,2,idle,667,0.0008750000000645741,0
0,2,idle,668,0.00100000000009004,0
0,2,idle,669,0.0009579999999687061,0
0,2,idle,670,0.0012500000000272848,0
0,2,idle,671,0.0008749999999508873,0
0,2,idle,672,0.001082999999994172,0
0,2,idle,673,0.0008749999999508873,0
0,2,idle,674,0.0008750000000645741,0
0,2,idle,675,0.0009589999999661813,0
0,2,idle,676,0.001125000000001819,0
0,2,idle,677,0.0008749999999508873,0
0,2,idle,678,0.0008750000000645741,0
0,2,idle,679,0.0009169999999585343,0
0,2,idle,680,0.0008329999999432403,0
0,2,idle,681,0.0011660000000119908,0
0,2,idle,682,0.0016249999999899956,0
0,2,idle,683,0.0009999999999763531,0
0,2,idle,684,0.0009160000000747459,0
0,2,idle,685,0.0008749999999508873,0
0,2,idle,686,0.0014579999999568827,0
0,2,idle,687,0.00100000000009004,0
0,2,idle,688,0.0013329999999314168,0
0,2,idle,689,0.0009579999999687061,0
0,2,idle,690,0.0008330000000569271,0
0,2,idle,691,0.001125000000001819,0
0,2,idle,692,0.0009999999999763531,0
0,2,idle,693,0.0009579999999687061,0
0,2,idle,694,0.0008750000000645741,0
0,2,idle,695,0.001165999999898304,0
0,2,idle,696,0.0009170000000722212,0
0,2,idle,697,0.001082999999994172,0
0,2,idle,698,0.0008749999999508873,0
0,2,idle,699,0.0008340000000544023,0
0,2,idle,700,0.0008340000000544023,0
0,2,idle,701,0.001167000000009466,0
0,2,idle,702,0.001125000000001819,0
0,2,idle,703,0.0009579999999687061,0
0,2,idle,704,0.001209000000017113,0
0,2,idle,705,0.0008339999999407155,0
0,2,idle,706,0.0008750000000645741,0
0,2,idle,707,0.0013749999999390639,0
0,2,idle,708,0.0009170000000722212,0
0,2,idle,709,0.0009170000000722212,0
0,2,idle,710,0.0008329999999432403,0
0,2,idle,711,0.0008330000000569271,0
0,2,idle,712,0.0008329999999432403,0
0,2,idle,713,0.0011660000000119908,0
0,2,idle,714,0.0012080000000196378,0
0,2,idle,715,0.0008749999999508873,0
0,2,idle,716,0.0008749999999508873,0
0,2,idle,717,0.0008750000000645741,0
0,2,idle,718,0.001291999999921245,0
0,2,idle,719,0.0012910000000374566,0
0,2,idle,720,0.0010419999999840002,0
0,2,idle,721,0.0009169999999585343,0
0,2,idle,722,0.0008330000000569271,0
0,2,idle,723,0.0011660000000119908,0
0,2,idle,724,0.001249999999913598,0
0,2,idle,725,0.0009160000000747459,0
0,2,idle,726,0.0008749999999508873,0
0,2,idle,727,0.0008749999999508873,0
0,2,idle,728,0.0010419999999840002,0
0,2,idle,729,0.0009580000000823929,0
0,2,idle,730,0.0008329999999432403,0
0,2,idle,731,0.0008750000000645741,0
0,2,idle,732,0.0008749999999508873,0
0,2,idle,733,0.0008749999999508873,0
0,2,idle,734,0.001125000000001819,0
0,2,idle,735,0.0009999999999763531,0
0,2,idle,736,0.0008340000000544023,0
0,2,idle,737,0.0009589999999661813,0
0,2,idle,738,0.0007920000000467553,0
0,2,idle,739,0.001040999999986525,0
0,2,idle,740,0.0009169999999585343,0
0,2,idle,741,0.0009579999999687061,0
0,2,idle,742,0.0009580000000823929,0
0,2,idle,743,0.0008749999999508873,0
0,2,idle,744,0.0010419999999840002,0
0,2,idle,745,0.0012500000000272848,0
0,2,idle,746,0.0008749999999508873,0
0,2,idle,747,0.0008330000000569271,0
0,2,idle,748,0.0008329999999432403,0
0,2,idle,749,0.001082999999994172,0
0,2,idle,750,0.0008749999999508873,0
0,2,idle,751,0.0008750000000645741,0
0,2,idle,752,0.0009999999999763531,0
0,2,idle,753,0.0008749999999508873,0
0,2,idle,754,0.0009160000000747459,0
0,2,idle,755,0.001082999999994172,0
0,2,idle,756,0.0008329999999432403,0
0,2,idle,757,0.0008330000000569271,0
0,2,idle,758,0.001125000000001819,0
0,2,idle,759,0.0008330000000569271,0
0,2,idle,760,0.0009999999999763531,0
0,2,idle,761,0.0008749999999508873,0
0,2,idle,762,0.0008750000000645741,0
0,2,idle,763,0.001291999999921245,0
0,2,idle,764,0.0009160000000747459,0
0,2,idle,765,0.0010839999999916472,0
0,2,idle,766,0.0012500000000272848,0
0,2,idle,767,0.0009999999999763531,0
0,2,idle,768,0.0009159999999610591,0
0,2,idle,769,0.001167000000009466,0
0,2,idle,770,0.001125000000001819,0
0,2,idle,771,0.001125000000001819,0
0,2,idle,772,0.0009589999999661813,0
0,2,idle,773,0.0008750000000645741,0
0,2,idle,774,0.0007920000000467553,0
0,2,idle,775,0.0009589999999661813,0
0,2,idle,776,0.0010839999999916472,0
0,2,idle,777,0.0012500000000272848,0
0,2,idle,778,0.0008339999999407155,0
0,2,idle,779,0.0008750000000645741,0
0,2,idle,780,0.0008329999999432403,0
0,2,idle,781,0.001082999999994172,0
0,2,idle,782,0.0008330000000569271,0
0,2,idle,783,0.0008329999999432403,0
0,2,idle,784,0.0009169999999585343,0
0,2,idle,785,0.0008340000000544023,0
0,2,idle,786,0.0009999999999763531,0
0,2,idle,787,0.0008329999999432403,0
0,2,idle,788,0.0009580000000823929,0
0,2,idle,789,0.0008749999999508873,0
0,2,idle,790,0.001082999999994172,0
0,2,idle,791,0.0010419999999840002,0
0,2,idle,792,0.0012080000000196378,0
0,2,idle,793,0.0009159999999610591,0
0,2,idle,794,0.0008750000000645741,0
0,2,idle,795,0.0008749999999508873,0
0,2,idle,796,0.0008329999999432403,0
0,2,idle,797,0.001040999999986525,0
0,2,idle,798,0.0009170000000722212,0
0,2,idle,799,0.001082999999994172,0
0,2,idle,800,0.0008329999999432403,0
0,2,idle,801,0.0008330000000569271,0
0,2,idle,802,0.001209000000017113,0
0,2,idle,803,0.0009170000000722212,0
0,2,idle,804,0.0025829999999587017,0
0,2,idle,805,0.0010419999999840002,0
0,2,idle,806,0.0009589999999661813,0
0,2,idle,807,0.0015000000000782165,0
0,2,idle,808,0.001249999999913598,0
0,2,idle,809,0.0008750000000645741,0
0,2,idle,810,0.0008749999999508873,0
0,2,idle,811,0.0008750000000645741,0
0,2,idle,812,0.0008749999999508873,0
0,2,idle,813,0.0010839999999916472,0
0,2,idle,814,0.0013749999999390639,0
0,2,idle,815,0.0008750000000645741,0
0,2,idle,816,0.0008749999999508873,0
0,2,idle,817,0.0009580000000823929,0
0,2,idle,818,0.0011669999998957792,0
0,2,idle,819,0.0009170000000722212,0
0,2,idle,820,0.0009169999999585343,0
0,2,idle,821,0.0012080000000196378,0
0,2,idle,822,0.0009169999999585343,0
0,2,idle,823,0.001082999999994172,0
0,2,idle,824,0.0009160000000747459,0
0,2,idle,825,0.0012500000000272848,0
0,2,idle,826,0.0009170000000722212,0
0,2,idle,827,0.0008339999999407155,0
0,2,idle,828,0.001125000000001819,0
0,2,idle,829,0.0009589999999661813,0
0,2,idle,830,0.0009999999999763531,0
0,2,idle,831,0.0012920000000349319,0
0,2,idle,832,0.001040999999986525,0
0,2,idle,833,0.0008750000000645741,0
0,2,idle,834,0.001042000000097687,0
0,2,idle,835,0.0008749999999508873,0
0,2,idle,836,0.0007919999999330685,0
0,2,idle,837,0.0009590000000798682,0
0,2,idle,838,0.001125000000001819,0
0,2,idle,839,0.001040999999986525,0
0,2,idle,840,0.001167000000009466,0
0,2,idle,841,0.0009169999999585343,0
0,2,idle,842,0.0008749999999508873,0
0,2,idle,843,0.0009160000000747459,0
0,2,idle,844,0.001125000000001819,0
0,2,idle,845,0.0009169999999585343,0
0,2,idle,846,0.0008749999999508873,0
0,2,idle,847,0.0008750000000645741,0
0,2,idle,848,0.0008329999999432403,0
0,2,idle,849,0.0012920000000349319,0
0,2,idle,850,0.0008749999999508873,0
0,2,idle,851,0.0008749999999508873,0
0,2,idle,852,0.0008330000000569271,0
0,2,idle,853,0.0008329999999432403,0
0,2,idle,854,0.0008750000000645741,0
0,2,idle,855,0.001249999999913598,0
0,2,idle,856,0.0008750000000645741,0
0,2,idle,857,0.0008749999999508873,0
0,2,idle,858,0.0009170000000722212,0
0,2,idle,859,0.0009160000000747459,0
0,2,idle,860,0.0010419999999840002,0
0,2,idle,861,0.0008749999999508873,0
0,2,idle,862,0.0008750000000645741,0
0,2,idle,863,0.0008329999999432403,0
0,2,idle,864,0.0008330000000569271,0
0,2,idle,865,0.0012089999999034262,0
0,2,idle,866,0.0009580000000823929,0
0,2,idle,867,0.0009579999999687061,0
0,2,idle,868,0.0008749999999508873,0
0,2,idle,869,0.0008330000000569271,0
0,2,idle,870,0.0009999999999763531,0
0,2,idle,871,0.001209000000017113,0
0,2,idle,872,0.0008749999999508873,0
0,2,idle,873,0.0008749999999508873,0
0,2,idle,874,0.0008750000000645741,0
0,2,idle,875,0.0008749999999508873,0
0,2,idle,876,0.0010419999999840002,0
0,2,idle,877,0.0008750000000645741,0
0,2,idle,878,0.0008749999999508873,0
0,2,idle,879,0.0008340000000544023,0
0,2,idle,880,0.0008749999999508873,0
0,2,idle,881,0.0010839999999916472,0
0,2,idle,882,0.0008749999999508873,0
0,2,idle,883,0.0009590000000798682,0
0,2,idle,884,0.001125000000001819,0
0,2,idle,885,0.0008339999999407155,0
0,2,idle,886,0.0010839999999916472,0
0,2,idle,887,0.001334000000042579,0
0,2,idle,888,0.001125000000001819,0
0,2,idle,889,0.0008339999999407155,0
0,2,idle,890,0.0008339999999407155,0
0,2,idle,891,0.0015840000000935106,0
0,2,idle,892,0.0008340000000544023,0
0,2,idle,893,0.001458999999954358,0
0,2,idle,894,0.0008750000000645741,0
0,2,idle,895,0.0008749999999508873,0
0,2,idle,896,0.0008329999999432403,0
0,2,idle,897,0.001082999999994172,0
0,2,idle,898,0.0009160000000747459,0
0,2,idle,899,0.0009579999999687061,0
0,2,idle,900,0.0008329999999432403,0
0,2,idle,901,0.0009580000000823929,0
0,2,idle,902,0.0009999999999763531,0
0,2,idle,903,0.001125000000001819,0
0,2,idle,904,0.0009169999999585343,0
0,2,idle,905,0.0009579999999687061,0
0,2,idle,906,0.0009170000000722212,0
0,2,idle,907,0.0012089999999034262,0
0,2,idle,908,0.0008750000000645741,0
0,2,idle,909,0.0008749999999508873,0
0,2,idle,910,0.0009159999999610591,0
0,2,idle,911,0.0009170000000722212,0
0,2,idle,912,0.0009169999999585343,0
0,2,idle,913,0.001040999999986525,0
0,2,idle,914,0.0008750000000645741,0
0,2,idle,915,0.0008329999999432403,0
0,2,idle,916,0.0008749999999508873,0
0,2,idle,917,0.0008340000000544023,0
0,2,idle,918,0.001125000000001819,0
0,2,idle,919,0.0008749999999508873,0
0,2,idle,920,0.0008750000000645741,0
0,2,idle,921,0.0008749999999508873,0
0,2,idle,922,0.0009159999999610591,0
0,2,idle,923,0.001082999999994172,0
0,2,idle,924,0.001082999999994172,0
0,2,idle,925,0.0010419999999840002,0
0,2,idle,926,0.0008750000000645741,0
0,2,idle,927,0.0009579999999687061,0
0,2,idle,928,0.001167000000009466,0
0,2,idle,929,0.0009579999999687061,0
0,2,idle,930,0.0009999999999763531,0
0,2,idle,931,0.0008750000000645741,0
0,2,idle,932,0.0009579999999687061,0
0,2,idle,933,0.0012920000000349319,0
0,2,idle,934,0.0013749999999390639,0
0,2,idle,935,0.0009999999999763531,0
0,2,idle,936,0.0009160000000747459,0
0,2,idle,937,0.001207999999905951,0
0,2,idle,938,0.0007920000000467553,0
0,2,idle,939,0.0013330000000451037,0
0,2,idle,940,0.0008750000000645741,0
0,2,idle,941,0.0009169999999585343,0
0,2,idle,942,0.0008750000000645741,0
0,2,idle,943,0.0009590000000798682,0
0,2,idle,944,0.0011660000000119908,0
0,2,idle,945,0.0008329999999432403,0
0,2,idle,946,0.0008329999999432403,0
0,2,idle,947,0.001082999999994172,0
0,2,idle,948,0.0008330000000569271,0
0,2,idle,949,0.001167000000009466,0
0,2,idle,950,0.0008749999999508873,0
0,2,idle,951,0.0008330000000569271,0
0,2,idle,952,0.0008749999999508873,0
0,2,idle,953,0.0008749999999508873,0
0,2,idle,954,0.0008750000000645741,0
0,2,idle,955,0.0013329999999314168,0
0,2,idle,956,0.002375000000029104,0
0,2,idle,957,0.0009169999999585343,0
0,2,idle,958,0.0008330000000569271,0
0,2,idle,959,0.0008329999999432403,0
0,2,idle,960,0.0012080000000196378,0
0,2,idle,961,0.0008749999999508873,0
0,2,idle,962,0.0008750000000645741,0
0,2,idle,963,0.0008749999999508873,0
0,2,idle,964,0.0007909999999355932,0
0,2,idle,965,0.001042000000097687,0
0,2,idle,966,0.0008749999999508873,0
0,2,idle,967,0.0008749999999508873,0
0,2,idle,968,0.0008750000000645741,0
0,2,idle,969,0.0009169999999585343,0
0,2,idle,970,0.0017080000000078144,0
0,2,idle,971,0.0008749999999508873,0
0,2,idle,972,0.0012920000000349319,0
0,2,idle,973,0.0009169999999585343,0
0,2,idle,974,0.0008750000000645741,0
0,2,idle,975,0.001207999999905951,0
0,2,idle,976,0.0008750000000645741,0
0,2,idle,977,0.0008749999999508873,0
0,2,idle,978,0.0008749999999508873,0
0,2,idle,979,0.0009170000000722212,0
0,2,idle,980,0.0008749999999508873,0
0,2,idle,981,0.001040999999986525,0
0,2,idle,982,0.0009170000000722212,0
0,2,idle,983,0.0009999999999763531,0
0,2,idle,984,0.0008339999999407155,0
0,2,idle,985,0.0008750000000645741,0
0,2,idle,986,0.0009999999999763531,0
0,2,idle,987,0.001249999999913598,0
0,2,idle,988,0.00100000000009004,0
0,2,idle,989,0.0008330000000569271,0
0,2,idle,990,0.0008329999999432403,0
0,2,idle,991,0.0012080000000196378,0
0,2,idle,992,0.0009169999999585343,0
0,2,idle,993,0.00100000000009004,0
0,2,idle,994,0.0009169999999585343,0
0,2,idle,995,0.0009169999999585343,0
0,2,idle,996,0.0009999999999763531,0
0,2,idle,997,0.0009170000000722212,0
0,2,idle,998,0.0008749999999508873,0
0,2,idle,999,0.0009999999999763531,0
0,2,event,0,0.007875000000012733,2
0,2,event,1,0.0016249999999899956,0
0,2,event,2,0.0009999999999763531,0
0,2,event,3,0.0009170000000722212,0
0,2,event,4,0.001207999999905951,0
0,2,event,5,0.0008330000000569271,0
0,2,event,6,0.0009159999999610591,0
0,2,event,7,0.0009169999999585343,0
0,2,event,8,0.0008750000000645741,0
0,2,event,9,0.0011660000000119908,0
0,2,event,10,0.0008329999999432403,0
0,2,event,11,0.0008750000000645741,0
0,2,event,12,0.0009580000000823929,0
0,2,event,13,0.0014169999999467109,0
0,2,event,14,0.0011660000000119908,0
0,2,event,15,0.0009999999999763531,0
0,2,event,16,0.0009170000000722212,0
0,2,event,17,0.0008329999999432403,0
0,2,event,18,0.0009159999999610591,0
0,2,event,19,0.0008750000000645741,0
0,2,event,20,0.001082999999994172,0
0,2,event,21,0.0008329999999432403,0
0,2,event,22,0.0009170000000722212,0
0,2,event,23,0.0008340000000544023,0
0,2,event,24,0.0009159999999610591,0
0,2,event,25,0.0009999999999763531,0
0,2,event,26,0.0009160000000747459,0
0,2,event,27,0.0008749999999508873,0
0,2,event,28,0.0008750000000645741,0
0,2,event,29,0.0008330000000569271,0
0,2,event,30,0.001082999999994172,0
0,2,event,31,0.0009169999999585343,0
0,2,event,32,0.0009590000000798682,0
0,2,event,33,0.0008750000000645741,0
0,2,event,34,0.0009169999999585343,0
0,2,event,35,0.001125000000001819,0
0,2,event,36,0.0027079999999841675,0
0,2,event,37,0.001082999999994172,0
0,2,event,38,0.0009170000000722212,0
0,2,event,39,0.0016660000000001673,0
0,2,event,40,0.001125000000001819,0
0,2,event,41,0.001207999999905951,0
0,2,event,42,0.0010419999999840002,0
0,2,event,43,0.0008340000000544023,0
0,2,event,44,0.0009999999999763531,0
0,2,event,45,0.0012500000000272848,0
0,2,event,46,0.001167000000009466,0
0,2,event,47,0.0008339999999407155,0
0,2,event,48,0.0009169999999585343,0
0,2,event,49,0.0008750000000645741,0
0,2,event,50,0.0008749999999508873,0
0,2,event,51,0.0010839999999916472,0
0,2,event,52,0.0013750000000527507,0
0,2,event,53,0.0009159999999610591,0
0,2,event,54,0.0009169999999585343,0
0,2,event,55,0.0008750000000645741,0
0,2,event,56,0.0010839999999916472,0
0,2,event,57,0.0008749999999508873,0
0,2,event,58,0.0009169999999585343,0
0,2,event,59,0.0009580000000823929,0
0,2,event,60,0.007540999999946507,2
0,2,event,61,0.0012080000000196378,0
0,2,event,62,0.0008749999999508873,0
0,2,event,63,0.0008749999999508873,0
0,2,event,64,0.0009170000000722212,0
0,2,event,65,0.0010419999999840002,0
0,2,event,66,0.0010839999999916472,0
0,2,event,67,0.0008749999999508873,0
0,2,event,68,0.0009170000000722212,0
0,2,event,69,0.0008749999999508873,0
0,2,event,70,0.0008339999999407155,0
0,2,event,71,0.001125000000001819,0
0,2,event,72,0.0009170000000722212,0
0,2,event,73,0.0008749999999508873,0
0,2,event,74,0.0009579999999687061,0
0,2,event,75,0.0008750000000645741,0
0,2,event,76,0.0016249999999899956,0
0,2,event,77,0.0009589999999661813,0
0,2,event,78,0.0009159999999610591,0
0,2,event,79,0.0009170000000722212,0
0,2,event,80,0.0008329999999432403,0
0,2,event,81,0.001125000000001819,0
0,2,event,82,0.0018340000000307555,0
0,2,event,83,0.0008749999999508873,0
0,2,event,84,0.0009169999999585343,0
0,2,event,85,0.0008330000000569271,0
0,2,event,86,0.0013749999999390639,0
0,2,event,87,0.001082999999994172,0
0,2,event,88,0.0008330000000569271,0
0,2,event,89,0.0008749999999508873,0
0,2,event,90,0.0009159999999610591,0
0,2,event,91,0.0008330000000569271,0
0,2,event,92,0.0010419999999840002,0
0,2,event,93,0.0009169999999585343,0
0,2,event,94,0.0008330000000569271,0
0,2,event,95,0.0008749999999508873,0
0,2,event,96,0.0007910000000492801,0
0,2,event,97,0.0011669999998957792,0
0,2,event,98,0.0008750000000645741,0
0,2,event,99,0.001167000000009466,0
0,2,event,100,0.001125000000001819,0
0,2,event,101,0.0008749999999508873,0
0,2,event,102,0.0010839999999916472,0
0,2,event,103,0.0009169999999585343,0
0,2,event,104,0.001040999999986525,0
0,2,event,105,0.0008750000000645741,0
0,2,event,106,0.0008749999999508873,0
0,2,event,107,0.0008340000000544023,0
0,2,event,108,0.0015420000000858636,0
0,2,event,109,0.0009159999999610591,0
0,2,event,110,0.0008749999999508873,0
0,2,event,111,0.0012080000000196378,0
0,2,event,112,0.0008749999999508873,0
0,2,event,113,0.001167000000009466,0
0,2,event,114,0.0009170000000722212,0
0,2,event,115,0.0011669999998957792,0
0,2,event,116,0.0009580000000823929,0
0,2,event,117,0.001040999999986525,0
0,2,event,118,0.001291999999921245,0
0,2,event,119,0.0008750000000645741,0
0,2,event,120,0.0064589999999498104,2
0,2,event,121,0.0018330000000332802,0
0,2,event,122,0.0012500000000272848,0
0,2,event,123,0.0013750000000527507,0
0,2,event,124,0.0012080000000196378,0
0,2,event,125,0.0009169999999585343,0
0,2,event,126,0.0009169999999585343,0
0,2,event,127,0.0011660000000119908,0
0,2,event,128,0.0009169999999585343,0
0,2,event,129,0.0009580000000823929,0
0,2,event,130,0.0008749999999508873,0
0,2,event,131,0.0008340000000544023,0
0,2,event,132,0.0009170000000722212,0
0,2,event,133,0.001082999999994172,0
0,2,event,134,0.0009159999999610591,0
0,2,event,135,0.0010419999999840002,0
0,2,event,136,0.0009579999999687061,0
0,2,event,137,0.0009170000000722212,0
0,2,event,138,0.001125000000001819,0
0,2,event,139,0.0013749999999390639,0
0,2,event,140,0.0009579999999687061,0
0,2,event,141,0.0009170000000722212,0
0,2,event,142,0.0008749999999508873,0
0,2,event,143,0.001082999999994172,0
0,2,event,144,0.0008330000000569271,0
0,2,event,145,0.0009159999999610591,0
0,2,event,146,0.0009169999999585343,0
0,2,event,147,0.0010419999999840002,0
0,2,event,148,0.0012920000000349319,0
0,2,event,149,0.0008749999999508873,0
0,2,event,150,0.0016249999999899956,0
0,2,event,151,0.0009170000000722212,0
0,2,event,152,0.0008749999999508873,0
0,2,event,153,0.0008749999999508873,0
0,2,event,154,0.001125000000001819,0
0,2,event,155,0.0008750000000645741,0
0,2,event,156,0.0009169999999585343,0
0,2,event,157,0.0009159999999610591,0
0,2,event,158,0.0008750000000645741,0
0,2,event,159,0.0009579999999687061,0
0,2,event,160,0.0008749999999508873,0
0,2,event,161,0.0008340000000544023,0
0,2,event,162,0.0014999999999645297,0
0,2,event,163,0.0008339999999407155,0
0,2,event,164,0.0010839999999916472,0
0,2,event,165,0.0009590000000798682,0
0,2,event,166,0.001249999999913598,0
0,2,event,167,0.0008750000000645741,0
0,2,event,168,0.0009589999999661813,0
0,2,event,169,0.0014999999999645297,0
0,2,event,170,0.0009589999999661813,0
0,2,event,171,0.001167000000009466,0
0,2,event,172,0.0008330000000569271,0
0,2,event,173,0.0008749999999508873,0
0,2,event,174,0.0009579999999687061,0
0,2,event,175,0.001040999999986525,0
0,2,event,176,0.0009170000000722212,0
0,2,event,177,0.0009169999999585343,0
0,2,event,178,0.0008749999999508873,0
0,2,event,179,0.0008340000000544023,0
0,2,event,180,0.007665999999971973,2
0,2,event,181,0.0012500000000272848,0
0,2,event,182,0.0008329999999432403,0
0,2,event,183,0.0008750000000645741,0
0,2,event,184,0.001042000000097687,0
0,2,event,185,0.0009169999999585343,0
0,2,event,186,0.0007919999999330685,0
0,2,event,187,0.0012500000000272848,0
0,2,event,188,0.0009159999999610591,0
0,2,event,189,0.001125000000001819,0
0,2,event,190,0.0008330000000569271,0
0,2,event,191,0.0008749999999508873,0
0,2,event,192,0.0009160000000747459,0
0,2,event,193,0.0009170000000722212,0
0,2,event,194,0.001040999999986525,0
0,2,event,195,0.0008749999999508873,0
0,2,event,196,0.0008750000000645741,0
0,2,event,197,0.0008749999999508873,0
0,2,event,198,0.0008329999999432403,0
0,2,event,199,0.0009580000000823929,0
0,2,event,200,0.001125000000001819,0
0,2,event,201,0.0009999999999763531,0
0,2,event,202,0.001291999999921245,0
0,2,event,203,0.0008750000000645741,0
0,2,event,204,0.0008749999999508873,0
0,2,event,205,0.001082999999994172,0
0,2,event,206,0.001167000000009466,0
0,2,event,207,0.001167000000009466,0
0,2,event,208,0.0009159999999610591,0
0,2,event,209,0.001167000000009466,0
0,2,event,210,0.001082999999994172,0
0,2,event,211,0.0012080000000196378,0
0,2,event,212,0.0009169999999585343,0
0,2,event,213,0.0009170000000722212,0
0,2,event,214,0.0008330000000569271,0
0,2,event,215,0.001082999999994172,0
0,2,event,216,0.0008329999999432403,0
0,2,event,217,0.0008750000000645741,0
0,2,event,218,0.0009169999999585343,0
0,2,event,219,0.0009159999999610591,0
0,2,event,220,0.0008750000000645741,0
0,2,event,221,0.001125000000001819,0
0,2,event,222,0.0009159999999610591,0
0,2,event,223,0.0012080000000196378,0
0,2,event,224,0.0009169999999585343,0
0,2,event,225,0.001125000000001819,0
0,2,event,226,0.0012500000000272848,0
0,2,event,227,0.0009169999999585343,0
0,2,event,228,0.0011660000000119908,0
0,2,event,229,0.0009169999999585343,0
0,2,event,230,0.0009160000000747459,0
0,2,event,231,0.001167000000009466,0
0,2,event,232,0.001040999999986525,0
0,2,event,233,0.0009999999999763531,0
0,2,event,234,0.001291999999921245,0
0,2,event,235,0.0009170000000722212,0
0,2,event,236,0.001082999999994172,0
0,2,event,237,0.0008749999999508873,0
0,2,event,238,0.0008749999999508873,0
0,2,event,239,0.0008750000000645741,0
0,2,event,240,0.006541999999967629,2
0,2,event,241,0.001209000000017113,0
0,2,event,242,0.0008749999999508873,0
0,2,event,243,0.0008750000000645741,0
0,2,event,244,0.0008750000000645741,0
0,2,event,245,0.0009999999999763531,0
0,2,event,246,0.001125000000001819,0
0,2,event,247,0.0009999999999763531,0
0,2,event,248,0.0008750000000645741,0
0,2,event,249,0.0009999999999763531,0
0,2,event,250,0.001040999999986525,0
0,2,event,251,0.0010419999999840002,0
0,2,event,252,0.0008339999999407155,0
0,2,event,253,0.0009160000000747459,0
0,2,event,254,0.0010419999999840002,0
0,2,event,255,0.0009159999999610591,0
0,2,event,256,0.0014170000000603977,0
0,2,event,257,0.0009579999999687061,0
0,2,event,258,0.0008749999999508873,0
0,2,event,259,0.0010839999999916472,0
0,2,event,260,0.0008749999999508873,0
0,2,event,261,0.001125000000001819,0
0,2,event,262,0.0009580000000823929,0
0,2,event,263,0.0009589999999661813,0
0,2,event,264,0.0008749999999508873,0
0,2,event,265,0.0013750000000527507,0
0,2,event,266,0.0009169999999585343,0
0,2,event,267,0.001125000000001819,0
0,2,event,268,0.0009169999999585343,0
0,2,event,269,0.0008750000000645741,0
0,2,event,270,0.0008749999999508873,0
0,2,event,271,0.0009589999999661813,0
0,2,event,272,0.0010839999999916472,0
0,2,event,273,0.0008750000000645741,0
0,2,event,274,0.0008749999999508873,0
0,2,event,275,0.0008750000000645741,0
0,2,event,276,0.0009169999999585343,0
0,2,event,277,0.001082999999994172,0
0,2,event,278,0.0009579999999687061,0
0,2,event,279,0.0008750000000645741,0
0,2,event,280,0.0008749999999508873,0
0,2,event,281,0.0008339999999407155,0
0,2,event,282,0.0011660000000119908,0
0,2,event,283,0.0008750000000645741,0
0,2,event,284,0.0008749999999508873,0
0,2,event,285,0.001125000000001819,0
0,2,event,286,0.0009159999999610591,0
0,2,event,287,0.0008749999999508873,0
0,2,event,288,0.0012920000000349319,0
0,2,event,289,0.0009580000000823929,0
0,2,event,290,0.0009579999999687061,0
0,2,event,291,0.0012910000000374566,0
0,2,event,292,0.0009169999999585343,0
0,2,event,293,0.0012500000000272848,0
0,2,event,294,0.0008330000000569271,0
0,2,event,295,0.0009579999999687061,0
0,2,event,296,0.001125000000001819,0
0,2,event,297,0.0012500000000272848,0
0,2,event,298,0.001040999999986525,0
0,2,event,299,0.0009579999999687061,0
0,2,event,300,0.00620800000001509,2
0,2,event,301,0.001167000000009466,0
0,2,event,302,0.0012500000000272848,0
0,2,event,303,0.00100000000009004,0
0,2,event,304,0.0009589999999661813,0
0,2,event,305,0.0008749999999508873,0
0,2,event,306,0.0008750000000645741,0
0,2,event,307,0.001040999999986525,0
0,2,event,308,0.0009169999999585343,0
0,2,event,309,0.0009169999999585343,0
0,2,event,310,0.00100000000009004,0
0,2,event,311,0.0008749999999508873,0
0,2,event,312,0.0008749999999508873,0
0,2,event,313,0.001082999999994172,0
0,2,event,314,0.0012920000000349319,0
0,2,event,315,0.0008749999999508873,0
0,2,event,316,0.0008750000000645741,0
0,2,event,317,0.0009159999999610591,0
0,2,event,318,0.001167000000009466,0
0,2,event,319,0.0009579999999687061,0
0,2,event,320,0.0008750000000645741,0
0,2,event,321,0.0009589999999661813,0
0,2,event,322,0.0008750000000645741,0
0,2,event,323,0.001165999999898304,0
0,2,event,324,0.0009170000000722212,0
0,2,event,325,0.0014169999999467109,0
0,2,event,326,0.0008750000000645741,0
0,2,event,327,0.0008750000000645741,0
0,2,event,328,0.0014579999999568827,0
0,2,event,329,0.0009170000000722212,0
0,2,event,330,0.0009580000000823929,0
0,2,event,331,0.0009169999999585343,0
0,2,event,332,0.0012500000000272848,0
0,2,event,333,0.001291999999921245,0
0,2,event,334,0.0010839999999916472,0
0,2,event,335,0.0009580000000823929,0
0,2,event,336,0.0009579999999687061,0
0,2,event,337,0.0009169999999585343,0
0,2,event,338,0.0009170000000722212,0
0,2,event,339,0.001082999999994172,0
0,2,event,340,0.0009159999999610591,0
0,2,event,341,0.0008749999999508873,0
0,2,event,342,0.0008750000000645741,0
0,2,event,343,0.0008749999999508873,0
0,2,event,344,0.001167000000009466,0
0,2,event,345,0.001125000000001819,0
0,2,event,346,0.001167000000009466,0
0,2,event,347,0.0008749999999508873,0
0,2,event,348,0.0008749999999508873,0
0,2,event,349,0.001125000000001819,0
0,2,event,350,0.0009170000000722212,0
0,2,event,351,0.0012080000000196378,0
0,2,event,352,0.0009160000000747459,0
0,2,event,353,0.0008749999999508873,0
0,2,event,354,0.0009579999999687061,0
0,2,event,355,0.0012080000000196378,0
0,2,event,356,0.0009170000000722212,0
0,2,event,357,0.0008750000000645741,0
0,2,event,358,0.0008749999999508873,0
0,2,event,359,0.0008330000000569271,0
0,2,event,360,0.006332999999926869,2
0,2,event,361,0.0011660000000119908,0
0,2,event,362,0.0009589999999661813,0
0,2,event,363,0.0009590000000798682,0
0,2,event,364,0.001249999999913598,0
0,2,event,365,0.0009170000000722212,0
0,2,event,366,0.0008749999999508873,0
0,2,event,367,0.0009579999999687061,0
0,2,event,368,0.0009170000000722212,0
0,2,event,369,0.001125000000001819,0
0,2,event,370,0.0008339999999407155,0
0,2,event,371,0.0010839999999916472,0
0,2,event,372,0.0031669999999621723,0
0,2,event,373,0.0008750000000645741,0
0,2,event,374,0.002416999999923064,0
0,2,event,375,0.0009159999999610591,0
0,2,event,376,0.0008750000000645741,0
0,2,event,377,0.001125000000001819,0
0,2,event,378,0.0009589999999661813,0
0,2,event,379,0.0008749999999508873,0
0,2,event,380,0.0010419999999840002,0
0,2,event,381,0.0008750000000645741,0
0,2,event,382,0.0009169999999585343,0
0,2,event,383,0.0009169999999585343,0
0,2,event,384,0.001125000000001819,0
0,2,event,385,0.0012500000000272848,0
0,2,event,386,0.0009999999999763531,0
0,2,event,387,0.0009169999999585343,0
0,2,event,388,0.0008330000000569271,0
0,2,event,389,0.0008749999999508873,0
0,2,event,390,0.001125000000001819,0
0,2,event,391,0.0014170000000603977,0
0,2,event,392,0.0009999999999763531,0
0,2,event,393,0.0008329999999432403,0
0,2,event,394,0.0009170000000722212,0
0,2,event,395,0.0011669999998957792,0
0,2,event,396,0.0008750000000645741,0
0,2,event,397,0.0009169999999585343,0
0,2,event,398,0.001125000000001819,0
0,2,event,399,0.0008330000000569271,0
0,2,event,400,0.0008750000000645741,0
0,2,event,401,0.001125000000001819,0
0,2,event,402,0.0008749999999508873,0
0,2,event,403,0.0008330000000569271,0
0,2,event,404,0.0010419999999840002,0
0,2,event,405,0.0008749999999508873,0
0,2,event,406,0.001125000000001819,0
0,2,event,407,0.0008749999999508873,0
0,2,event,408,0.0013750000000527507,0
0,2,event,409,0.0008749999999508873,0
0,2,event,410,0.0009999999999763531,0
0,2,event,411,0.001082999999994172,0
0,2,event,412,0.0009170000000722212,0
0,2,event,413,0.0009159999999610591,0
0,2,event,414,0.001167000000009466,0
0,2,event,415,0.0009169999999585343,0
0,2,event,416,0.0013750000000527507,0
0,2,event,417,0.0011669999998957792,0
0,2,event,418,0.0009170000000722212,0
0,2,event,419,0.0008749999999508873,0
0,2,event,420,0.006500000000073669,2
0,2,event,421,0.001291999999921245,0
0,2,event,422,0.0009999999999763531,0
0,2,event,423,0.0013750000000527507,0
0,2,event,424,0.0009159999999610591,0
0,2,event,425,0.0008750000000645741,0
0,2,event,426,0.001165999999898304,0
0,2,event,427,0.0009590000000798682,0
0,2,event,428,0.0009579999999687061,0
0,2,event,429,0.0009169999999585343,0
0,2,event,430,0.0009580000000823929,0
0,2,event,431,0.001207999999905951,0
0,2,event,432,0.00100000000009004,0
0,2,event,433,0.0008749999999508873,0
0,2,event,434,0.0008749999999508873,0
0,2,event,435,0.0008330000000569271,0
0,2,event,436,0.001082999999994172,0
0,2,event,437,0.0009169999999585343,0
0,2,event,438,0.0008749999999508873,0
0,2,event,439,0.0008330000000569271,0
0,2,event,440,0.0012500000000272848,0
0,2,event,441,0.0014159999999492356,0
0,2,event,442,0.0008749999999508873,0
0,2,event,443,0.0009160000000747459,0
0,2,event,444,0.0009589999999661813,0
0,2,event,445,0.0008330000000569271,0
0,2,event,446,0.0009160000000747459,0
0,2,event,447,0.0010419999999840002,0
0,2,event,448,0.0009589999999661813,0
0,2,event,449,0.0008749999999508873,0
0,2,event,450,0.0008750000000645741,0
0,2,event,451,0.0009579999999687061,0
0,2,event,452,0.0012080000000196378,0
0,2,event,453,0.0009999999999763531,0
0,2,event,454,0.0013330000000451037,0
0,2,event,455,0.0009579999999687061,0
0,2,event,456,0.001125000000001819,0
0,2,event,457,0.0012909999999237698,0
0,2,event,458,0.002375000000029104,0
0,2,event,459,0.001040999999986525,0
0,2,event,460,0.0009169999999585343,0
0,2,event,461,0.0009170000000722212,0
0,2,event,462,0.001125000000001819,0
0,2,event,463,0.0008340000000544023,0
0,2,event,464,0.0009170000000722212,0
0,2,event,465,0.0008749999999508873,0
0,2,event,466,0.0009579999999687061,0
0,2,event,467,0.001082999999994172,0
0,2,event,468,0.001125000000001819,0
0,2,event,469,0.0013750000000527507,0
0,2,event,470,0.0008749999999508873,0
0,2,event,471,0.0009160000000747459,0
0,2,event,472,0.0008329999999432403,0
0,2,event,473,0.0009999999999763531,0
0,2,event,474,0.0009579999999687061,0
0,2,event,475,0.0008750000000645741,0
0,2,event,476,0.0010839999999916472,0
0,2,event,477,0.0010839999999916472,0
0,2,event,478,0.001167000000009466,0
0,2,event,479,0.0009579999999687061,0
0,2,event,480,0.006416999999942163,2
0,2,event,481,0.0012080000000196378,0
0,2,event,482,0.001125000000001819,0
0,2,event,483,0.0008749999999508873,0
0,2,event,484,0.0008750000000645741,0
0,2,event,485,0.0009169999999585343,0
0,2,event,486,0.0013750000000527507,0
0,2,event,487,0.001042000000097687,0
0,2,event,488,0.0009169999999585343,0
0,2,event,489,0.0009579999999687061,0
0,2,event,490,0.0008750000000645741,0
0,2,event,491,0.0008750000000645741,0
0,2,event,492,0.0009169999999585343,0
0,2,event,493,0.001082999999994172,0
0,2,event,494,0.0009170000000722212,0
0,2,event,495,0.0010419999999840002,0
0,2,event,496,0.0008749999999508873,0
0,2,event,497,0.0008750000000645741,0
0,2,event,498,0.0010419999999840002,0
0,2,event,499,0.001249999999913598,0
0,2,event,500,0.0009170000000722212,0
0,2,event,501,0.0008339999999407155,0
0,2,event,502,0.0008750000000645741,0
0,2,event,503,0.001167000000009466,0
0,2,event,504,0.001167000000009466,0
0,2,event,505,0.0008750000000645741,0
0,2,event,506,0.0009169999999585343,0
0,2,event,507,0.0009169999999585343,0
0,2,event,508,0.0010839999999916472,0
0,2,event,509,0.0010839999999916472,0
0,2,event,510,0.0008750000000645741,0
0,2,event,511,0.00100000000009004,0
0,2,event,512,0.0009579999999687061,0
0,2,event,513,0.0009589999999661813,0
0,2,event,514,0.0010419999999840002,0
0,2,event,515,0.0009170000000722212,0
0,2,event,516,0.0009589999999661813,0
0,2,event,517,0.0012500000000272848,0
0,2,event,518,0.0012909999999237698,0
0,2,event,519,0.001167000000009466,0
0,2,event,520,0.0008750000000645741,0
0,2,event,521,0.0013749999999390639,0
0,2,event,522,0.0009999999999763531,0
0,2,event,523,0.0008750000000645741,0
0,2,event,524,0.001291999999921245,0
0,2,event,525,0.0009580000000823929,0
0,2,event,526,0.0009999999999763531,0
0,2,event,527,0.0008749999999508873,0
0,2,event,528,0.0009170000000722212,0
0,2,event,529,0.001125000000001819,0
0,2,event,530,0.0009579999999687061,0
0,2,event,531,0.0013329999999314168,0
0,2,event,532,0.0008750000000645741,0
0,2,event,533,0.0009169999999585343,0
0,2,event,534,0.0009579999999687061,0
0,2,event,535,0.0012080000000196378,0
0,2,event,536,0.001040999999986525,0
0,2,event,537,0.0008329999999432403,0
0,2,event,538,0.0009170000000722212,0
0,2,event,539,0.0008339999999407155,0
0,2,event,540,0.0072499999999990905,2
0,2,event,541,0.003249999999979991,0
0,2,event,542,0.0010419999999840002,0
0,2,event,543,0.0009590000000798682,0
0,2,event,544,0.001209000000017113,0
0,2,event,545,0.0009160000000747459,0
0,2,event,546,0.0009589999999661813,0
0,2,event,547,0.0008329999999432403,0
0,2,event,548,0.0009580000000823929,0
0,2,event,549,0.004415999999991982,0
0,2,event,550,0.0009579999999687061,0
0,2,event,551,0.0010419999999840002,0
0,2,event,552,0.0008749999999508873,0
0,2,event,553,0.0008330000000569271,0
0,2,event,554,0.001125000000001819,0
0,2,event,555,0.0008329999999432403,0
0,2,event,556,0.0008750000000645741,0
0,2,event,557,0.0008750000000645741,0
0,2,event,558,0.001040999999986525,0
0,2,event,559,0.0008329999999432403,0
0,2,event,560,0.001042000000097687,0
0,2,event,561,0.0009590000000798682,0
0,2,event,562,0.0008749999999508873,0
0,2,event,563,0.0008749999999508873,0
0,2,event,564,0.0008750000000645741,0
0,2,event,565,0.001040999999986525,0
0,2,event,566,0.0008329999999432403,0
0,2,event,567,0.0010839999999916472,0
0,2,event,568,0.0013750000000527507,0
0,2,event,569,0.0007919999999330685,0
0,2,event,570,0.0011660000000119908,0
0,2,event,571,0.0009579999999687061,0
0,2,event,572,0.0009170000000722212,0
0,2,event,573,0.0008329999999432403,0
0,2,event,574,0.0008750000000645741,0
0,2,event,575,0.0011660000000119908,0
0,2,event,576,0.0009169999999585343,0
0,2,event,577,0.0008329999999432403,0
0,2,event,578,0.0009580000000823929,0
0,2,event,579,0.0008750000000645741,0
0,2,event,580,0.002207999999995991,0
0,2,event,581,0.0014159999999492356,0
0,2,event,582,0.0008750000000645741,0
0,2,event,583,0.0010419999999840002,0
0,2,event,584,0.0008749999999508873,0
0,2,event,585,0.0008750000000645741,0
0,2,event,586,0.0010419999999840002,0
0,2,event,587,0.0008749999999508873,0
0,2,event,588,0.0008340000000544023,0
0,2,event,589,0.0008340000000544023,0
0,2,event,590,0.0008749999999508873,0
0,2,event,591,0.0012080000000196378,0
0,2,event,592,0.001167000000009466,0
0,2,event,593,0.0009159999999610591,0
0,2,event,594,0.0009170000000722212,0
0,2,event,595,0.0008329999999432403,0
0,2,event,596,0.0009999999999763531,0
0,2,event,597,0.0009579999999687061,0
0,2,event,598,0.00100000000009004,0
0,2,event,599,0.0010839999999916472,0
0,2,event,600,0.006624999999985448,2
0,2,event,601,0.001291999999921245,0
0,2,event,602,0.0009589999999661813,0
0,2,event,603,0.0011660000000119908,0
0,2,event,604,0.0008750000000645741,0
0,2,event,605,0.0009579999999687061,0
0,2,event,606,0.001040999999986525,0
0,2,event,607,0.0008329999999432403,0
0,2,event,608,0.0008750000000645741,0
0,2,event,609,0.0008329999999432403,0
0,2,event,610,0.0009999999999763531,0
0,2,event,611,0.001082999999994172,0
0,2,event,612,0.0013330000000451037,0
0,2,event,613,0.0008340000000544023,0
0,2,event,614,0.0007920000000467553,0
0,2,event,615,0.0008749999999508873,0
0,2,event,616,0.0010419999999840002,0
0,2,event,617,0.0008330000000569271,0
0,2,event,618,0.0008749999999508873,0
0,2,event,619,0.0014160000000629225,0
0,2,event,620,0.0008329999999432403,0
0,2,event,621,0.001125000000001819,0
0,2,event,622,0.0008329999999432403,0
0,2,event,623,0.004000000000019099,0
0,2,event,624,0.0013750000000527507,0
0,2,event,625,0.002165999999988344,0
0,2,event,626,0.0009579999999687061,0
0,2,event,627,0.001125000000001819,0
0,2,event,628,0.0009169999999585343,0
0,2,event,629,0.00100000000009004,0
0,2,event,630,0.0009159999999610591,0
0,2,event,631,0.001167000000009466,0
0,2,event,632,0.0012920000000349319,0
0,2,event,633,0.0008749999999508873,0
0,2,event,634,0.0008339999999407155,0
0,2,event,635,0.0009170000000722212,0
0,2,event,636,0.0009579999999687061,0
0,2,event,637,0.0010419999999840002,0
0,2,event,638,0.0009159999999610591,0
0,2,event,639,0.0008749999999508873,0
0,2,event,640,0.0009579999999687061,0
0,2,event,641,0.0009580000000823929,0
0,2,event,642,0.001082999999994172,0
0,2,event,643,0.0013749999999390639,0
0,2,event,644,0.0009159999999610591,0
0,2,event,645,0.0008750000000645741,0
0,2,event,646,0.0009999999999763531,0
0,2,event,647,0.0008749999999508873,0
0,2,event,648,0.001167000000009466,0
0,2,event,649,0.0008330000000569271,0
0,2,event,650,0.0008329999999432403,0
0,2,event,651,0.0009159999999610591,0
0,2,event,652,0.0009590000000798682,0
0,2,event,653,0.001167000000009466,0
0,2,event,654,0.0011669999998957792,0
0,2,event,655,0.0008340000000544023,0
0,2,event,656,0.0009589999999661813,0
0,2,event,657,0.0008750000000645741,0
0,2,event,658,0.001084000000105334,0
0,2,event,659,0.0009590000000798682,0
0,2,event,660,0.008833999999978914,2
0,2,event,661,0.0012909999999237698,0
0,2,event,662,0.0013750000000527507,0
0,2,event,663,0.0009999999999763531,0
0,2,event,664,0.0013750000000527507,0
0,2,event,665,0.0008749999999508873,0
0,2,event,666,0.0014169999999467109,0
0,2,event,667,0.0014160000000629225,0
0,2,event,668,0.0008749999999508873,0
0,2,event,669,0.0008750000000645741,0
0,2,event,670,0.0008749999999508873,0
0,2,event,671,0.0009159999999610591,0
0,2,event,672,0.0008750000000645741,0
0,2,event,673,0.0010419999999840002,0
0,2,event,674,0.0008749999999508873,0
0,2,event,675,0.0008750000000645741,0
0,2,event,676,0.0008329999999432403,0
0,2,event,677,0.0008749999999508873,0
0,2,event,678,0.001082999999994172,0
0,2,event,679,0.00100000000009004,0
0,2,event,680,0.0008340000000544023,0
0,2,event,681,0.001125000000001819,0
0,2,event,682,0.0009999999999763531,0
0,2,event,683,0.001167000000009466,0
0,2,event,684,0.0008749999999508873,0
0,2,event,685,0.0008750000000645741,0
0,2,event,686,0.0009579999999687061,0
0,2,event,687,0.0009169999999585343,0
0,2,event,688,0.001125000000001819,0
0,2,event,689,0.0009589999999661813,0
0,2,event,690,0.0008750000000645741,0
0,2,event,691,0.0009169999999585343,0
0,2,event,692,0.0008339999999407155,0
0,2,event,693,0.0008340000000544023,0
0,2,event,694,0.001333999999928892,0
0,2,event,695,0.0009170000000722212,0
0,2,event,696,0.0013329999999314168,0
0,2,event,697,0.0013750000000527507,0
0,2,event,698,0.0009999999999763531,0
0,2,event,699,0.0010419999999840002,0
0,2,event,700,0.001082999999994172,0
0,2,event,701,0.0008750000000645741,0
0,2,event,702,0.0009170000000722212,0
0,2,event,703,0.001291999999921245,0
0,2,event,704,0.001125000000001819,0
0,2,event,705,0.00100000000009004,0
0,2,event,706,0.011416999999937616,0
0,2,event,707,0.0009579999999687061,0
0,2,event,708,0.0012500000000272848,0
0,2,event,709,0.003041000000052918,0
0,2,event,710,0.0008749999999508873,0
0,2,event,711,0.0007920000000467553,0
0,2,event,712,0.0008340000000544023,0
0,2,event,713,0.0008749999999508873,0
0,2,event,714,0.0010410000001002118,0
0,2,event,715,0.001167000000009466,0
0,2,event,716,0.00100000000009004,0
0,2,event,717,0.0007920000000467553,0
0,2,event,718,0.0008330000000569271,0
0,2,event,719,0.0009999999999763531,0
0,2,event,720,0.017291999999997643,2
0,2,event,721,0.0017500000000154614,0
0,2,event,722,0.0008750000000645741,0
0,2,event,723,0.0013749999999390639,0
0,2,event,724,0.0009590000000798682,0
0,2,event,725,0.0009170000000722212,0
0,2,event,726,0.0009579999999687061,0
0,2,event,727,0.0009169999999585343,0
0,2,event,728,0.0010419999999840002,0
0,2,event,729,0.0013750000000527507,0
0,2,event,730,0.0008329999999432403,0
0,2,event,731,0.0009160000000747459,0
0,2,event,732,0.0007499999999254214,0
0,2,event,733,0.0008750000000645741,0
0,2,event,734,0.001125000000001819,0
0,2,event,735,0.0008339999999407155,0
0,2,event,736,0.0007920000000467553,0
0,2,event,737,0.0008750000000645741,0
0,2,event,738,0.0009159999999610591,0
0,2,event,739,0.0012500000000272848,0
0,2,event,740,0.0009159999999610591,0
0,2,event,741,0.0008750000000645741,0
0,2,event,742,0.0008329999999432403,0
0,2,event,743,0.0009159999999610591,0
0,2,event,744,0.001082999999994172,0
0,2,event,745,0.0007920000000467553,0
0,2,event,746,0.0009589999999661813,0
0,2,event,747,0.0009169999999585343,0
0,2,event,748,0.0008750000000645741,0
0,2,event,749,0.001249999999913598,0
0,2,event,750,0.0007920000000467553,0
0,2,event,751,0.0008329999999432403,0
0,2,event,752,0.0008330000000569271,0
0,2,event,753,0.0007909999999355932,0
0,2,event,754,0.0009170000000722212,0
0,2,event,755,0.001291999999921245,0
0,2,event,756,0.0009169999999585343,0
0,2,event,757,0.001125000000001819,0
0,2,event,758,0.0009579999999687061,0
0,2,event,759,0.0009589999999661813,0
0,2,event,760,0.001125000000001819,0
0,2,event,761,0.0007920000000467553,0
0,2,event,762,0.0009159999999610591,0
0,2,event,763,0.0008749999999508873,0
0,2,event,764,0.0008750000000645741,0
0,2,event,765,0.001082999999994172,0
0,2,event,766,0.0012080000000196378,0
0,2,event,767,0.0007909999999355932,0
0,2,event,768,0.0009169999999585343,0
0,2,event,769,0.0008330000000569271,0
0,2,event,770,0.0009999999999763531,0
0,2,event,771,0.0009159999999610591,0
0,2,event,772,0.0008750000000645741,0
0,2,event,773,0.0008329999999432403,0
0,2,event,774,0.0007500000000391083,0
0,2,event,775,0.0007909999999355932,0
0,2,event,776,0.001082999999994172,0
0,2,event,777,0.001167000000009466,0
0,2,event,778,0.0008750000000645741,0
0,2,event,779,0.0009579999999687061,0
0,2,event,780,0.006957999999940512,2
0,2,event,781,0.0012080000000196378,0
0,2,event,782,0.0009579999999687061,0
0,2,event,783,0.0009170000000722212,0
0,2,event,784,0.0009999999999763531,0
0,2,event,785,0.001082999999994172,0
0,2,event,786,0.0009999999999763531,0
0,2,event,787,0.0008749999999508873,0
0,2,event,788,0.0007920000000467553,0
0,2,event,789,0.0009579999999687061,0
0,2,event,790,0.0010419999999840002,0
0,2,event,791,0.001209000000017113,0
0,2,event,792,0.0013749999999390639,0
0,2,event,793,0.003207999999972344,0
0,2,event,794,0.0008750000000645741,0
0,2,event,795,0.001082999999994172,0
0,2,event,796,0.0007499999999254214,0
0,2,event,797,0.0008340000000544023,0
0,2,event,798,0.0008749999999508873,0
0,2,event,799,0.0009999999999763531,0
0,2,event,800,0.0010839999999916472,0
0,2,event,801,0.0012920000000349319,0
0,2,event,802,0.0008330000000569271,0
0,2,event,803,0.0009169999999585343,0
0,2,event,804,0.0008749999999508873,0
0,2,event,805,0.0008750000000645741,0
0,2,event,806,0.0009579999999687061,0
0,2,event,807,0.0009999999999763531,0
0,2,event,808,0.0008749999999508873,0
0,2,event,809,0.0008330000000569271,0
0,2,event,810,0.0007919999999330685,0
0,2,event,811,0.001209000000017113,0
0,2,event,812,0.0009579999999687061,0
0,2,event,813,0.0008750000000645741,0
0,2,event,814,0.001167000000009466,0
0,2,event,815,0.0007909999999355932,0
0,2,event,816,0.0009579999999687061,0
0,2,event,817,0.0009170000000722212,0
0,2,event,818,0.0007909999999355932,0
0,2,event,819,0.0008750000000645741,0
0,2,event,820,0.0008329999999432403,0
0,2,event,821,0.0010419999999840002,0
0,2,event,822,0.0009999999999763531,0
0,2,event,823,0.0009580000000823929,0
0,2,event,824,0.0007920000000467553,0
0,2,event,825,0.0009579999999687061,0
0,2,event,826,0.0007910000000492801,0
0,2,event,827,0.001249999999913598,0
0,2,event,828,0.0007910000000492801,0
0,2,event,829,0.0008340000000544023,0
0,2,event,830,0.0008750000000645741,0
0,2,event,831,0.0008329999999432403,0
0,2,event,832,0.0009999999999763531,0
0,2,event,833,0.001334000000042579,0
0,2,event,834,0.0009579999999687061,0
0,2,event,835,0.0007910000000492801,0
0,2,event,836,0.0008749999999508873,0
0,2,event,837,0.001082999999994172,0
0,2,event,838,0.0012080000000196378,0
0,2,event,839,0.0009169999999585343,0
0,2,event,840,0.0061249999999972715,2
0,2,event,841,0.0015000000000782165,0
0,2,event,842,0.0008749999999508873,0
0,2,event,843,0.0010419999999840002,0
0,2,event,844,0.0009170000000722212,0
0,2,event,845,0.0008750000000645741,0
0,2,event,846,0.0008329999999432403,0
0,2,event,847,0.0012500000000272848,0
0,2,event,848,0.0008749999999508873,0
0,2,event,849,0.0009160000000747459,0
0,2,event,850,0.0009589999999661813,0
0,2,event,851,0.0009159999999610591,0
0,2,event,852,0.001042000000097687,0
0,2,event,853,0.0009160000000747459,0
0,2,event,854,0.0008339999999407155,0
0,2,event,855,0.0013750000000527507,0
0,2,event,856,0.0008339999999407155,0
0,2,event,857,0.001125000000001819,0
0,2,event,858,0.0009589999999661813,0
0,2,event,859,0.0008750000000645741,0
0,2,event,860,0.0008749999999508873,0
0,2,event,861,0.0007920000000467553,0
0,2,event,862,0.0010419999999840002,0
0,2,event,863,0.0009159999999610591,0
0,2,event,864,0.0008330000000569271,0
0,2,event,865,0.0007500000000391083,0
0,2,event,866,0.0007910000000492801,0
0,2,event,867,0.0008329999999432403,0
0,2,event,868,0.0009999999999763531,0
0,2,event,869,0.0008330000000569271,0
0,2,event,870,0.0007919999999330685,0
0,2,event,871,0.0007920000000467553,0
0,2,event,872,0.0007079999999177744,0
0,2,event,873,0.0013750000000527507,0
0,2,event,874,0.0017090000000052896,0
0,2,event,875,0.0008339999999407155,0
0,2,event,876,0.002250000000003638,0
0,2,event,877,0.0008749999999508873,0
0,2,event,878,0.001084000000105334,0
0,2,event,879,0.0009170000000722212,0
0,2,event,880,0.0008749999999508873,0
0,2,event,881,0.0009159999999610591,0
0,2,event,882,0.0008340000000544023,0
0,2,event,883,0.0010419999999840002,0
0,2,event,884,0.0011660000000119908,0
0,2,event,885,0.0008329999999432403,0
0,2,event,886,0.0008330000000569271,0
0,2,event,887,0.0008339999999407155,0
0,2,event,888,0.0007920000000467553,0
0,2,event,889,0.0009999999999763531,0
0,2,event,890,0.0007919999999330685,0
0,2,event,891,0.0007500000000391083,0
0,2,event,892,0.0007920000000467553,0
0,2,event,893,0.0007910000000492801,0
0,2,event,894,0.0009579999999687061,0
0,2,event,895,0.0008340000000544023,0
0,2,event,896,0.0007919999999330685,0
0,2,event,897,0.0008330000000569271,0
0,2,event,898,0.0007919999999330685,0
0,2,event,899,0.0010419999999840002,0
0,2,event,900,0.006292000000030384,2
0,2,event,901,0.001125000000001819,0
0,2,event,902,0.0007500000000391083,0
0,2,event,903,0.0011660000000119908,0
0,2,event,904,0.0008330000000569271,0
0,2,event,905,0.0009169999999585343,0
0,2,event,906,0.0008330000000569271,0
0,2,event,907,0.0007909999999355932,0
0,2,event,908,0.0010419999999840002,0
0,2,event,909,0.0008749999999508873,0
0,2,event,910,0.0008340000000544023,0
0,2,event,911,0.0007920000000467553,0
0,2,event,912,0.0007500000000391083,0
0,2,event,913,0.0008340000000544023,0
0,2,event,914,0.0009170000000722212,0
0,2,event,915,0.0007909999999355932,0
0,2,event,916,0.0012080000000196378,0
0,2,event,917,0.0008340000000544023,0
0,2,event,918,0.001207999999905951,0
0,2,event,919,0.00100000000009004,0
0,2,event,920,0.0007920000000467553,0
0,2,event,921,0.0007910000000492801,0
0,2,event,922,0.0009169999999585343,0
0,2,event,923,0.0008329999999432403,0
0,2,event,924,0.0009999999999763531,0
0,2,event,925,0.0008330000000569271,0
0,2,event,926,0.0007500000000391083,0
0,2,event,927,0.0007920000000467553,0
0,2,event,928,0.0008330000000569271,0
0,2,event,929,0.0009999999999763531,0
0,2,event,930,0.0007499999999254214,0
0,2,event,931,0.0007910000000492801,0
0,2,event,932,0.0007920000000467553,0
0,2,event,933,0.0007919999999330685,0
0,2,event,934,0.0008749999999508873,0
0,2,event,935,0.001082999999994172,0
0,2,event,936,0.0009580000000823929,0
0,2,event,937,0.0007919999999330685,0
0,2,event,938,0.0008340000000544023,0
0,2,event,939,0.0007919999999330685,0
0,2,event,940,0.0011660000000119908,0
0,2,event,941,0.0008339999999407155,0
0,2,event,942,0.0008330000000569271,0
0,2,event,943,0.0007909999999355932,0
0,2,event,944,0.0007500000000391083,0
0,2,event,945,0.0009999999999763531,0
0,2,event,946,0.0008750000000645741,0
0,2,event,947,0.0008330000000569271,0
0,2,event,948,0.001209000000017113,0
0,2,event,949,0.0007499999999254214,0
0,2,event,950,0.0012920000000349319,0
0,2,event,951,0.0008330000000569271,0
0,2,event,952,0.0008330000000569271,0
0,2,event,953,0.0008329999999432403,0
0,2,event,954,0.0007500000000391083,0
0,2,event,955,0.0007910000000492801,0
0,2,event,956,0.0009999999999763531,0
0,2,event,957,0.0007919999999330685,0
0,2,event,958,0.0010839999999916472,0
0,2,event,959,0.0007920000000467553,0
0,2,event,960,0.007540999999946507,2
0,2,event,961,0.0016249999999899956,0
0,2,event,962,0.0007920000000467553,0
0,2,event,963,0.0008339999999407155,0
0,2,event,964,0.001125000000001819,0
0,2,event,965,0.001082999999994172,0
0,2,event,966,0.0007920000000467553,0
0,2,event,967,0.0009159999999610591,0
0,2,event,968,0.0008339999999407155,0
0,2,event,969,0.0008750000000645741,0
0,2,event,970,0.001125000000001819,0
0,2,event,971,0.0009159999999610591,0
0,2,event,972,0.0008750000000645741,0
0,2,event,973,0.0008749999999508873,0
0,2,event,974,0.0008330000000569271,0
0,2,event,975,0.0009580000000823929,0
0,2,event,976,0.0007499999999254214,0
0,2,event,977,0.0007910000000492801,0
0,2,event,978,0.0008339999999407155,0
0,2,event,979,0.0007920000000467553,0
0,2,event,980,0.0007919999999330685,0
0,2,event,981,0.0012920000000349319,0
0,2,event,982,0.0007910000000492801,0
0,2,event,983,0.0008330000000569271,0
0,2,event,984,0.0008329999999432403,0
0,2,event,985,0.0007500000000391083,0
0,2,event,986,0.0009579999999687061,0
0,2,event,987,0.0008330000000569271,0
0,2,event,988,0.0008329999999432403,0
0,2,event,989,0.0007500000000391083,0
0,2,event,990,0.001249999999913598,0
0,2,event,991,0.0009170000000722212,0
0,2,event,992,0.0008339999999407155,0
0,2,event,993,0.0008340000000544023,0
0,2,event,994,0.0007919999999330685,0
0,2,event,995,0.0007500000000391083,0
0,2,event,996,0.0010839999999916472,0
0,2,event,997,0.0009579999999687061,0
0,2,event,998,0.0008329999999432403,0
0,2,event,999,0.0007500000000391083,0
0,2,burst,0,0.05458299999997962,14
0,2,burst,1,0.056665999999950145,14
0,2,burst,2,0.05216700000005403,14
0,2,burst,3,0.05691600000000108,14
0,2,burst,4,0.05441699999994398,14
0,2,burst,5,0.05562500000007731,14
0,2,burst,6,0.05683400000009442,14
0,2,burst,7,0.0542089999999007,14
0,2,burst,8,0.05529100000001108,14
0,2,burst,9,0.055124999999975444,14
0,2,burst,10,0.0548750000000382,14
0,2,burst,11,0.05329200000005585,14
0,2,burst,12,0.054749999999899046,14
0,2,burst,13,0.057958000000098764,14
0,2,burst,14,0.05608300000005784,14
0,2,burst,15,0.05416700000000674,14
0,2,burst,16,0.05525000000000091,14
0,2,burst,17,0.060334000000011656,14
0,2,burst,18,0.05374999999992269,14
0,2,burst,19,0.05504200000007131,14
0,2,burst,20,0.055959000000029846,14
0,2,burst,21,0.05645900000001802,14
0,2,burst,22,0.05454199999996945,14
0,2,burst,23,0.05420800000001691,14
0,2,burst,24,0.0559170000000222,14
0,2,burst,25,0.05516699999998309,14
0,2,burst,26,0.05320799999992687,14
0,2,burst,27,0.05570799999998144,14
0,2,burst,28,0.05645900000001802,14
0,2,burst,29,0.05445800000006784,14
0,2,burst,30,0.05362499999989723,14
0,2,burst,31,0.05679200000008677,14
0,2,burst,32,0.05641699999989669,14
0,2,burst,33,0.05454100000008566,14
0,2,burst,34,0.05537499999991269,14
0,2,burst,35,0.056290999999987434,14
0,2,burst,36,0.05512500000008913,14
0,2,burst,37,0.06479100000001381,14
0,2,burst,38,0.05679200000008677,14
0,2,burst,39,0.053500000000099135,14
0,2,burst,40,0.05437500000005002,14
0,2,burst,41,0.054082999999991443,14
0,2,burst,42,0.05395799999996598,14
0,2,burst,43,0.05554200000005949,14
0,2,burst,44,0.05583400000000438,14
0,2,burst,45,0.05370899999991252,14
0,2,burst,46,0.05445800000006784,14
0,2,burst,47,0.05374999999992269,14
0,2,burst,48,0.05729200000007495,14
0,2,burst,49,0.055124999999975444,14
0,2,burst,50,0.05533300000001873,14
0,2,burst,51,0.055874999999900865,14
0,2,burst,52,0.05520799999999326,14
0,2,burst,53,0.05450000000007549,14
0,2,burst,54,0.05879099999992832,14
0,2,burst,55,0.05525000000000091,14
0,2,burst,56,0.055749999999989086,14
0,2,burst,57,0.05983400000002348,14
0,2,burst,58,0.05737499999997908,14
0,2,burst,59,0.06258300000001782,14
0,2,burst,60,0.06608299999993505,14
0,2,burst,61,0.059292000000027656,14
0,2,burst,62,0.07695899999998801,14
0,2,burst,63,0.08429200000000492,14
0,2,burst,64,0.10258399999997891,14
0,2,burst,65,0.08395899999993617,14
0,2,burst,66,0.08395900000004985,14
0,2,burst,67,0.08229199999993853,14
0,2,burst,68,0.08079099999997652,14
0,2,burst,69,0.0821250000000191,14
0,2,burst,70,0.08295899999995981,14
0,2,burst,71,0.08275000000003274,14
0,2,burst,72,0.07970799999998235,14
0,2,burst,73,0.08466699999996763,14
0,2,burst,74,0.08125000000006821,14
0,2,burst,75,0.07912499999997635,14
0,2,burst,76,0.15733299999999417,14
0,2,burst,77,0.08058299999993324,14
0,2,burst,78,0.08312499999999545,14
0,2,burst,79,0.08249999999998181,14
0,2,burst,80,0.07650000000001,14
0,2,burst,81,0.08691599999997379,14
0,2,burst,82,0.09025000000008276,14
0,2,burst,83,0.0857499999999618,14
0,2,burst,84,0.07366700000000037,14
0,2,burst,85,0.08274999999991905,14
0,2,burst,86,0.08395900000004985,14
0,2,burst,87,0.08512499999994816,14
0,2,burst,88,0.07816700000000765,14
0,2,burst,89,0.08283400000004804,14
0,2,burst,90,0.07983400000000529,14
0,2,burst,91,0.08866699999998673,14
0,2,burst,92,0.08116600000005292,14
0,2,burst,93,0.08641699999998309,14
0,2,burst,94,0.07825000000002547,14
0,2,burst,95,0.08379199999990306,14
0,2,burst,96,0.08283400000004804,14
0,2,burst,97,0.08654200000000856,14
0,2,burst,98,0.0823329999999487,14
0,2,burst,99,0.08391600000004473,14
0,2,burst,100,0.08541700000000674,14
0,2,burst,101,0.07937500000002728,14
0,2,burst,102,0.08120800000006057,14
0,2,burst,103,0.08383299999991323,14
0,2,burst,104,0.0821250000000191,14
0,2,burst,105,0.08208300000001145,14
0,2,burst,106,0.08124999999995453,14
0,2,burst,107,0.08666700000003402,14
0,2,burst,108,0.08037500000000364,14
0,2,burst,109,0.08891699999992397,14
0,2,burst,110,0.08345900000006168,14
0,2,burst,111,0.08491699999990487,14
0,2,burst,112,0.07854100000008657,14
0,2,burst,113,0.0991670000000795,14
0,2,burst,114,0.11212499999999181,14
0,2,burst,115,0.1230839999999489,14
0,2,burst,116,0.1164169999999558,14
0,2,burst,117,0.12558400000000347,14
0,2,burst,118,0.12287500000002183,14
0,2,burst,119,0.12058300000001054,14
0,2,burst,120,0.11416599999995469,14
0,2,burst,121,0.1360419999999749,14
0,2,burst,122,0.11354200000005221,14
0,2,burst,123,0.12004100000001472,14
0,2,burst,124,0.11583300000006602,14
0,2,burst,125,0.1310000000000855,14
0,2,burst,126,0.11387500000000728,14
0,2,burst,127,0.12554199999999582,14
0,2,burst,128,0.11529200000006767,14
0,2,burst,129,0.12520899999992707,14
0,2,burst,130,0.11862500000006548,14
0,2,burst,131,0.11099999999999,14
0,2,burst,132,0.1207920000000513,14
0,2,burst,133,0.12412499999993543,14
0,2,burst,134,0.12691700000004857,14
0,2,burst,135,0.11037499999997635,14
0,2,burst,136,0.12095799999997325,14
0,2,burst,137,0.12075000000004366,14
0,2,burst,138,0.12341700000001765,14
0,2,burst,139,0.11520900000004985,14
0,2,burst,140,109.1892499999999,14
0,2,burst,141,0.14554099999998016,14
0,2,burst,142,0.07454100000006747,14
0,2,burst,143,0.08129200000007586,14
0,2,burst,144,0.06016599999998107,14
0,2,burst,145,0.05704199999991033,14
0,2,burst,146,0.05520899999999074,14
0,2,burst,147,0.055749999999989086,14
0,2,burst,148,0.05437500000005002,14
0,2,burst,149,0.05279099999995651,14
0,2,burst,150,0.07233400000006895,14
0,2,burst,151,0.05708399999991798,14
0,2,burst,152,0.059000000000082764,14
0,2,burst,153,0.05195900000001075,14
0,2,burst,154,0.05266700000004221,14
0,2,burst,155,0.056207999999969616,14
0,2,burst,156,0.05270800000005238,14
0,2,burst,157,0.0515419999999267,14
0,2,burst,158,0.05299999999999727,14
0,2,burst,159,0.05116699999996399,14
0,2,burst,160,0.05200000000002092,14
0,2,burst,161,0.051832999999987805,14
0,2,burst,162,0.052500000000009095,14
0,2,burst,163,0.05245899999999892,14
0,2,burst,164,0.07416699999998855,14
0,2,burst,165,0.11800000000005184,14
0,2,burst,166,0.09629200000006222,14
0,2,burst,167,0.05737499999997908,14
0,2,burst,168,0.05458299999997962,14
0,2,burst,169,0.062291999999956715,14
0,2,burst,170,0.055667000000084954,14
0,2,burst,171,0.053332999999952335,14
0,2,burst,172,0.05233299999997598,14
0,2,burst,173,112.38162499999999,14
0,2,burst,174,0.10366600000020298,14
0,2,burst,175,0.08400000000006003,14
0,2,burst,176,0.0809590000001208,14
0,2,burst,177,0.08216699999979937,14
0,2,burst,178,0.0809999999999036,14
0,2,burst,179,0.116959000000179,14
0,2,burst,180,0.13229200000000674,14
0,2,burst,181,5.158167000000049,14
0,2,burst,182,9.667249999999967,14
0,2,burst,183,0.14379200000007586,14
0,2,burst,184,3.362875000000031,14
0,2,burst,185,14.202167000000145,14
0,2,burst,186,0.09120800000005147,14
0,2,burst,187,0.07275000000004184,14
0,2,burst,188,0.07483299999989868,14
0,2,burst,189,0.08529099999987011,14
0,2,burst,190,0.06870800000001509,14
0,2,burst,191,0.06904200000008132,14
0,2,burst,192,0.1874169999998685,14
0,2,burst,193,0.14533399999982066,14
0,2,burst,194,2.1050840000000335,14
0,2,burst,195,0.07275000000004184,14
0,2,burst,196,0.05808400000000802,14
0,2,burst,197,0.06345899999996618,14
0,2,burst,198,0.10799999999994725,14
0,2,burst,199,0.06441599999993741,14
0,2,burst,200,0.06387500000005275,14
0,2,burst,201,0.06412500000010368,14
0,2,burst,202,0.06466699999987213,14
0,2,burst,203,0.07062499999983629,14
0,2,burst,204,0.06337500000017826,14
0,2,burst,205,0.06362500000000182,14
0,2,burst,206,0.06200000000012551,14
0,2,burst,207,0.06383400000004258,14
0,2,burst,208,0.06049999999981992,14
0,2,burst,209,0.06304199999999582,14
0,2,burst,210,0.0647919999998976,14
0,2,burst,211,0.06120799999985138,14
0,2,burst,212,0.06575000000020736,14
0,2,burst,213,0.0632909999999356,14
0,2,burst,214,0.06229199999984303,14
0,2,burst,215,0.06425000000012915,14
0,2,burst,216,0.06154199999991761,14
0,2,burst,217,0.06587500000000546,14
0,2,burst,218,4.674874999999929,14
0,2,burst,219,0.20279200000004494,14
0,2,burst,220,3.99799999999982,14
0,2,burst,221,0.18824999999992542,14
0,2,burst,222,0.13029100000017024,14
0,2,burst,223,0.12812499999995453,14
0,2,burst,224,0.13004099999989194,14
0,2,burst,225,0.13274999999998727,14
0,2,burst,226,3.544708000000128,14
0,2,burst,227,0.07570899999996072,14
0,2,burst,228,0.06637500000010732,14
0,2,burst,229,0.06533300000000963,14
0,2,burst,230,0.06258299999990413,14
0,2,burst,231,0.0605830000001788,14
0,2,burst,232,0.061707999999953245,14
0,2,burst,233,0.06375000000002728,14
0,2,burst,234,0.06095800000002782,14
0,2,burst,235,0.060708000000204265,14
0,2,burst,236,0.06145799999990231,14
0,2,burst,237,0.06204200000001947,14
0,2,burst,238,0.07383299999992232,14
0,2,burst,239,0.09816699999987577,14
0,2,burst,240,0.13295799999991686,14
0,2,burst,241,0.13812499999994543,14
0,2,burst,242,0.12983299999996234,14
0,2,burst,243,0.1279580000000351,14
0,2,burst,244,0.1285410000000411,14
0,2,burst,245,0.23699999999985266,14
0,2,burst,246,0.13075000000003456,14
0,2,burst,247,0.12916599999994105,14
0,2,burst,248,0.1584579999998823,14
0,2,burst,249,0.1926250000001346,14
0,2,burst,250,2.063417000000072,14
0,2,burst,251,1.2977079999998296,14
0,2,burst,252,0.14479199999982484,14
0,2,burst,253,0.21100000000001273,14
0,2,burst,254,0.6106670000001486,14
0,2,burst,255,0.16562500000009095,14
0,2,burst,256,0.2180829999999787,14
0,2,burst,257,0.1315830000000915,14
0,2,burst,258,0.13112500000011096,14
0,2,burst,259,0.12858399999981884,14
0,2,burst,260,0.13133300000004056,14
0,2,burst,261,0.12674999999990177,14
0,2,burst,262,0.12720899999999347,14
0,2,burst,263,0.1247089999999389,14
0,2,burst,264,0.1291670000000522,14
0,2,burst,265,0.13208300000019335,14
0,2,burst,266,0.12687499999992724,14
0,2,burst,267,0.12625000000002728,14
0,2,burst,268,0.1280829999998332,14
0,2,burst,269,0.12616699999989578,14
0,2,burst,270,0.13149999999995998,14
0,2,burst,271,0.1267920000000231,14
0,2,burst,272,0.12816700000007586,14
0,2,burst,273,0.15208400000005895,14
0,2,burst,274,0.1330000000000382,14
0,2,burst,275,0.12833299999988412,14
0,2,burst,276,0.12712499999997817,14
0,2,burst,277,0.12879199999997581,14
0,2,burst,278,0.125583000000006,14
0,2,burst,279,0.1258340000001681,14
0,2,burst,280,0.12837500000000546,14
0,2,burst,281,0.2413329999999405,14
0,2,burst,282,0.1643340000000535,14
0,2,burst,283,0.14774999999985994,14
0,2,burst,284,0.14937499999996362,14
0,2,burst,285,0.1358749999999418,14
0,2,burst,286,0.13629199999991215,14
0,2,burst,287,0.1408329999999296,14
0,2,burst,288,0.13420799999994415,14
0,2,burst,289,0.13295899999980065,14
0,2,burst,290,0.1322499999998854,14
0,2,burst,291,0.1592080000000351,14
0,2,burst,292,0.1377500000000964,14
0,2,burst,293,0.1312080000000151,14
0,2,burst,294,0.13133300000004056,14
0,2,burst,295,0.13283400000000256,14
0,2,burst,296,0.1332919999999831,14
0,2,burst,297,0.13124999999990905,14
0,2,burst,298,0.13599999999996726,14
0,2,burst,299,0.15137499999991633,14
0,2,burst,300,0.20949999999993452,14
0,2,burst,301,0.16083400000002257,14
0,2,burst,302,0.14287500000000364,14
0,2,burst,303,0.1410000000000764,14
0,2,burst,304,0.13304199999993216,14
0,2,burst,305,0.1352079999999205,14
0,2,burst,306,9.796416000000136,14
0,2,burst,307,0.2038750000001528,14
0,2,burst,308,23.18470900000011,14
0,2,burst,309,0.12087500000006912,14
0,2,burst,310,0.09187500000007276,14
0,2,burst,311,0.0917500000000473,14
0,2,burst,312,0.08691700000008495,14
0,2,burst,313,0.11962499999981446,14
0,2,burst,314,0.13350000000014006,14
0,2,burst,315,0.1326249999999618,14
0,2,burst,316,0.1326249999999618,14
0,2,burst,317,0.1325409999999465,14
0,2,burst,318,0.13391599999999926,14
0,2,burst,319,0.13387499999998909,14
0,2,burst,320,0.13204200000018318,14
0,2,burst,321,0.13070799999991323,14
0,2,burst,322,0.13525000000004184,14
0,2,burst,323,0.1332919999999831,14
0,2,burst,324,0.13191699999993034,14
0,2,burst,325,0.13924999999994725,14
0,2,burst,326,0.13437500000009095,14
0,2,burst,327,0.13708300000007512,14
0,2,burst,328,0.09799999999995634,14
0,2,burst,329,0.4446250000000873,14
0,2,burst,330,0.31104199999981574,14
0,2,burst,331,0.18358299999999872,14
0,2,burst,332,0.15104100000007747,14
0,2,burst,333,0.13895800000000236,14
0,2,burst,334,0.13841699999989032,14
0,2,burst,335,0.13908299999980045,14
0,2,burst,336,0.1421660000000884,14
0,2,burst,337,32.30254200000013,14
0,2,burst,338,0.13766599999985374,14
0,2,burst,339,0.13604199999986122,14
0,2,burst,340,0.1307920000001559,14
0,2,burst,341,0.13354099999992286,14
0,2,burst,342,0.15612499999997453,14
0,2,burst,343,6.835042000000158,14
0,2,burst,344,0.14508299999988594,14
0,2,burst,345,0.12987500000008367,14
0,2,burst,346,0.12579200000004676,14
0,2,burst,347,0.12120800000002419,14
0,2,burst,348,0.14075000000002547,14
0,2,burst,349,0.14495899999997164,14
0,2,burst,350,0.14008300000000418,14
0,2,burst,351,0.137958000000026,14
0,2,burst,352,0.13279099999999744,14
0,2,burst,353,0.11579099999994469,14
0,2,burst,354,0.1146249999999327,14
0,2,burst,355,0.11299999999982901,14
0,2,burst,356,0.12633299999993142,14
0,2,burst,357,0.11391700000012861,14
0,2,burst,358,0.11504199999990306,14
0,2,burst,359,0.10979199999997036,14
0,2,burst,360,0.12637500000005275,14
0,2,burst,361,0.1329160000000229,14
0,2,burst,362,0.13533300000017334,14
0,2,burst,363,0.11295799999993505,14
0,2,burst,364,0.11445900000012443,14
0,2,burst,365,0.11183299999993324,14
0,2,burst,366,13.831332999999859,14
0,2,burst,367,14.712500000000091,14
0,2,burst,368,0.18579199999999219,14
0,2,burst,369,0.5298749999999472,14
0,2,burst,370,7.189916999999923,14
0,2,burst,371,0.18254099999990103,14
0,2,burst,372,0.13816700000006676,14
0,2,burst,373,0.13912500000014916,14
0,2,burst,374,0.13658299999997325,14
0,2,burst,375,0.1356670000000122,14
0,2,burst,376,0.1324170000000322,14
0,2,burst,377,0.15658299999995506,14
0,2,burst,378,0.12770799999998417,14
0,2,burst,379,0.12637500000005275,14
0,2,burst,380,0.12912499999993088,14
0,2,burst,381,0.13170799999988958,14
0,2,burst,382,0.1278749999999036,14
0,2,burst,383,0.1300829999997859,14
0,2,burst,384,0.12958400000002257,14
0,2,burst,385,0.140041999999994,14
0,2,burst,386,0.1290000000001328,14
0,2,burst,387,0.12850000000003092,14
0,2,burst,388,0.12666600000011385,14
0,2,burst,389,0.1298330000001897,14
0,2,burst,390,0.1263330000001588,14
0,2,burst,391,0.13225000000011278,14
0,2,burst,392,19.90862500000003,14
0,2,burst,393,1.5497080000000096,14
0,2,burst,394,0.5380839999997988,14
0,2,burst,395,0.46337500000004184,14
0,2,burst,396,1.1478750000001128,14
0,2,burst,397,0.16154200000005403,14
0,2,burst,398,0.15241600000013023,14
0,2,burst,399,0.14195799999993142,14
0,2,burst,400,0.13612499999999272,14
0,2,burst,401,0.13483400000018264,14
0,2,burst,402,0.1300420000000031,14
0,2,burst,403,0.17170899999996436,14
0,2,burst,404,0.4727919999997994,14
0,2,burst,405,0.4462499999999636,14
0,2,burst,406,0.2141670000000886,14
0,2,burst,407,0.13279199999988123,14
0,2,burst,408,0.23695900000006986,14
0,2,burst,409,0.2756249999999909,14
0,2,burst,410,0.14574999999990723,14
0,2,burst,411,0.16958400000021356,14
0,2,burst,412,0.23262500000009823,14
0,2,burst,413,1.8446249999999509,14
0,2,burst,414,0.2917090000000826,14
0,2,burst,415,0.16558400000008078,14
0,2,burst,416,0.33008300000005875,14
0,2,burst,417,0.08799999999996544,14
0,2,burst,418,0.0591669999998885,14
0,2,burst,419,0.055000000000063665,14
0,2,burst,420,0.05633299999999508,14
0,2,burst,421,0.05658300000004601,14
0,2,burst,422,0.057792000000063126,14
0,2,burst,423,0.05387499999983447,14
0,2,burst,424,0.05354199999987941,14
0,2,burst,425,0.05379100000004655,14
0,2,burst,426,0.09716700000012679,14
0,2,burst,427,0.14458400000012261,14
0,2,burst,428,0.13491700000008677,14
0,2,burst,429,0.13179199999990487,14
0,2,burst,430,0.14975000000004002,14
0,2,burst,431,0.13437500000009095,14
0,2,burst,432,0.1302499999999327,14
0,2,burst,433,0.1343339999998534,14
0,2,burst,434,0.1315830000000915,14
0,2,burst,435,0.13154100000019753,14
0,2,burst,436,0.12929200000007768,14
0,2,burst,437,0.13370800000006966,14
0,2,burst,438,0.13012499999990723,14
0,2,burst,439,0.1320419999999558,14
0,2,burst,440,0.13033299999983683,14
0,2,burst,441,0.14474999999993088,14
0,2,burst,442,0.13037499999995816,14
0,2,burst,443,0.1322090000001026,14
0,2,burst,444,0.1324170000000322,14
0,2,burst,445,0.1339580000001206,14
0,2,burst,446,0.13479099999995015,14
0,2,burst,447,0.06483300000013514,14
0,2,burst,448,0.055499999999938154,14
0,2,burst,449,0.05562499999996362,14
0,2,burst,450,0.051416999999901236,14
0,2,burst,451,0.05166600000006838,14
0,2,burst,452,0.05195899999989706,14
0,2,burst,453,0.05262500000003456,14
0,2,burst,454,0.05283299999996416,14
0,2,burst,455,0.05233399999997346,14
0,2,burst,456,0.053834000000051674,14
0,2,burst,457,0.0524159999999938,14
0,2,burst,458,0.05166699999995217,14
0,2,burst,459,0.05141600000001745,14
0,2,burst,460,0.05262499999980719,14
0,2,burst,461,0.05120800000008785,14
0,2,burst,462,0.08808300000009694,14
0,2,burst,463,0.13087500000006003,14
0,2,burst,464,0.1325409999999465,14
0,2,burst,465,0.13512500000001637,14
0,2,burst,466,0.14316699999994853,14
0,2,burst,467,0.13179200000013225,14
0,2,burst,468,0.13149999999995998,14
0,2,burst,469,0.1299579999999878,14
0,2,burst,470,0.13633400000003348,14
0,2,burst,471,0.13200000000006185,14
0,2,burst,472,0.13279099999999744,14
0,2,burst,473,0.12895800000001145,14
0,2,burst,474,0.1299589999998716,14
0,2,burst,475,0.1326249999999618,14
0,2,burst,476,0.13637500000004366,14
0,2,burst,477,20.105833000000075,14
0,2,burst,478,0.16958299999987503,14
0,2,burst,479,0.1418340000000171,14
0,2,burst,480,0.1416669999998703,14
0,2,burst,481,0.16029099999991558,14
0,2,burst,482,0.13754100000005565,14
0,2,burst,483,0.15025000000014188,14
0,2,burst,484,0.1442500000000564,14
0,2,burst,485,0.16191600000001927,14
0,2,burst,486,0.13408299999991868,14
0,2,burst,487,0.13441600000010112,14
0,2,burst,488,0.13287500000001273,14
0,2,burst,489,0.1332919999999831,14
0,2,burst,490,0.18174999999996544,14
0,2,burst,491,0.1333750000001146,14
0,2,burst,492,0.1518750000000182,14
0,2,burst,493,0.14225000000010368,14
0,2,burst,494,0.130333999999948,14
0,2,burst,495,0.12933299999986048,14
0,2,burst,496,0.13387499999998909,14
0,2,burst,497,0.1378749999998945,14
0,2,burst,498,0.13683399999990797,14
0,2,burst,499,0.1378340000001117,14
0,2,burst,500,0.1432079999999587,14
0,2,burst,501,0.1300410000001193,14
0,2,burst,502,0.13183299999991505,14
0,2,burst,503,0.13141700000005585,14
0,2,burst,504,13.708833999999797,14
0,2,burst,505,0.1721669999999449,14
0,2,burst,506,0.1324170000000322,14
0,2,burst,507,0.13604099999997743,14
0,2,burst,508,0.13954100000000835,14
0,2,burst,509,0.1321250000000873,14
0,2,burst,510,0.12516599999980826,14
0,2,burst,511,0.16716700000006313,14
0,2,burst,512,0.13191699999993034,14
0,2,burst,513,0.1300410000001193,14
0,2,burst,514,0.18670799999995324,14
0,2,burst,515,0.13241600000014841,14
0,2,burst,516,0.15125000000011823,14
0,2,burst,517,0.15133399999990615,14
0,2,burst,518,0.1286250000000564,14
0,2,burst,519,0.1364579999999478,14
0,2,burst,520,0.14116699999999582,14
0,2,burst,521,0.12912499999993088,14
0,2,burst,522,0.13591700000006313,14
0,2,burst,523,0.12820799999985866,14
0,2,burst,524,0.13129200000003038,14
0,2,burst,525,0.12733299999990777,14
0,2,burst,526,0.13191600000004655,14
0,2,burst,527,0.1277500000001055,14
0,2,burst,528,0.16220799999996416,14
0,2,burst,529,0.1484579999998914,14
0,2,burst,530,0.17583300000001145,14
0,2,burst,531,0.14666699999997945,14
0,2,burst,532,0.14508299999988594,14
0,2,burst,533,0.15212499999984175,14
0,2,burst,534,0.13066600000001927,14
0,2,burst,535,0.13166599999999562,14
0,2,burst,536,0.1312080000000151,14
0,2,burst,537,0.3830830000001697,14
0,2,burst,538,0.13287500000001273,14
0,2,burst,539,0.13791700000001583,14
0,2,burst,540,0.15099999999983993,14
0,2,burst,541,0.15179199999988668,14
0,2,burst,542,0.13083400000004985,14
0,2,burst,543,0.17229199999997036,14
0,2,burst,544,0.7338330000000042,14
0,2,burst,545,0.18925000000012915,14
0,2,burst,546,0.1429160000000138,14
0,2,burst,547,0.13991599999985738,14
0,2,burst,548,0.17137499999989814,14
0,2,burst,549,0.13079199999992852,14
0,2,burst,550,0.1300420000000031,14
0,2,burst,551,0.14804099999992104,14
0,2,burst,552,0.15233299999999872,14
0,2,burst,553,0.13599999999996726,14
0,2,burst,554,0.139458999999988,14
0,2,burst,555,0.12779199999999946,14
0,2,burst,556,0.14887500000008913,14
0,2,burst,557,0.1346249999999145,14
0,2,burst,558,0.2987919999998212,14
0,2,burst,559,0.15212500000006912,14
0,2,burst,560,0.127666999999974,14
0,2,burst,561,0.12600000000020373,14
0,2,burst,562,0.13370800000006966,14
0,2,burst,563,0.14145800000005693,14
0,2,burst,564,0.15562500000010004,14
0,2,burst,565,0.14370900000017173,14
0,2,burst,566,0.13858399999980975,14
0,2,burst,567,0.2569590000000517,14
0,2,burst,568,0.1440829999999096,14
0,2,burst,569,0.14170899999999165,14
0,2,burst,570,0.13387499999998909,14
0,2,burst,571,0.19387499999993452,14
0,2,burst,572,0.18370899999990797,14
0,2,burst,573,0.13791700000001583,14
0,2,burst,574,0.15404199999989032,14
0,2,burst,575,0.13637499999981628,14
0,2,burst,576,0.12841699999989942,14
0,2,burst,577,2.026207999999997,14
0,2,burst,578,1.3796669999999267,14
0,2,burst,579,0.14533299999993687,14
0,2,burst,580,0.23112500000002,14
0,2,burst,581,0.1803749999999127,14
0,2,burst,582,0.17283399999996618,14
0,2,burst,583,0.13274999999998727,14
0,2,burst,584,0.14754100000004655,14
0,2,burst,585,12.261375000000044,14
0,2,burst,586,53.033082999999806,14
0,2,burst,587,0.2289170000001377,14
0,2,burst,588,0.21958300000005693,14
0,2,burst,589,0.38200000000006185,14
0,2,burst,590,0.4502500000000964,14
0,2,burst,591,0.20862499999998363,14
0,2,burst,592,0.2082500000001346,14
0,2,burst,593,0.32416699999998855,14
0,2,burst,594,0.19833399999993162,14
0,2,burst,595,0.1868339999998625,14
0,2,burst,596,0.23379100000011022,14
0,2,burst,597,0.39866699999993216,14
0,2,burst,598,0.1818749999999909,14
0,2,burst,599,0.3590839999999389,14
0,2,burst,600,0.16595900000015718,14
0,2,burst,601,0.16562500000009095,14
0,2,burst,602,0.1481659999999465,14
0,2,burst,603,0.14483300000006238,14
0,2,burst,604,0.15995799999996052,14
0,2,burst,605,0.23700000000008004,14
0,2,burst,606,0.16208399999982248,14
0,2,burst,607,0.1330000000000382,14
0,2,burst,608,0.13745800000015151,14
0,2,burst,609,0.13425000000006548,14
0,2,burst,610,0.13675000000012005,14
0,2,burst,611,0.13970900000003894,14
0,2,burst,612,0.1242090000000644,14
0,2,burst,613,0.11766699999998309,14
0,2,burst,614,0.14112500000010186,14
0,2,burst,615,0.12558400000011716,14
0,2,burst,616,0.12312500000007276,14
0,2,burst,617,0.12333300000000236,14
0,2,burst,618,48.70854099999997,14
0,2,burst,619,0.27558300000009694,14
0,2,burst,620,0.15270799999984774,14
0,2,burst,621,0.13408400000002985,14
0,2,burst,622,0.1332079999999678,14
0,2,burst,623,0.13850000000002183,14
0,2,burst,624,0.13679100000013023,14
0,2,burst,625,0.13295800000014424,14
0,2,burst,626,0.13379100000020117,14
0,2,burst,627,0.13545799999997143,14
0,2,burst,628,0.1330840000000535,14
0,2,burst,629,0.14512500000000728,14
0,2,burst,630,0.14699999999993452,14
0,2,burst,631,0.216666000000032,14
0,2,burst,632,0.1435830000000351,14
0,2,burst,633,0.12799999999992906,14
0,2,burst,634,0.1169999999999618,14
0,2,burst,635,0.11529200000018136,14
0,2,burst,636,0.11583300000006602,14
0,2,burst,637,0.11295799999993505,14
0,2,burst,638,14.51504100000011,14
0,2,burst,639,0.16962499999999636,14
0,2,burst,640,0.19904199999996308,14
0,2,burst,641,0.14045899999996436,14
0,2,burst,642,0.21516700000006495,14
0,2,burst,643,0.15775000000007822,14
0,2,burst,644,4.728833000000122,14
0,2,burst,645,0.20279099999993377,14
0,2,burst,646,0.13108299999998962,14
0,2,burst,647,0.1662499999999909,14
0,2,burst,648,0.13070799999991323,14
0,2,burst,649,0.12870799999996052,14
0,2,burst,650,0.12612500000000182,14
0,2,burst,651,0.13329099999987193,14
0,2,burst,652,0.12837500000000546,14
0,2,burst,653,0.12570900000014262,14
0,2,burst,654,0.13075000000003456,14
0,2,burst,655,0.13204100000007202,14
0,2,burst,656,0.12633299999993142,14
0,2,burst,657,0.12537499999984902,14
0,2,burst,658,0.20929200000000492,14
0,2,burst,659,0.14733299999988958,14
0,2,burst,660,0.11783300000001873,14
0,2,burst,661,0.11625000000003638,14
0,2,burst,662,0.1230000000000473,14
0,2,burst,663,0.11558400000012625,14
0,2,burst,664,0.12754199999994853,14
0,2,burst,665,0.11712499999998727,14
0,2,burst,666,0.11170900000001893,14
0,2,burst,667,0.1142090000000735,14
0,2,burst,668,0.11158300000010968,14
0,2,burst,669,0.11191699999994853,14
0,2,burst,670,0.10883300000000418,14
0,2,burst,671,0.11320799999998599,14
0,2,burst,672,0.10900000000015098,14
0,2,burst,673,0.10904200000004494,14
0,2,burst,674,0.10883399999988796,14
0,2,burst,675,0.11287500000003092,14
0,2,burst,676,0.11495800000011513,14
0,2,burst,677,0.11070799999993142,14
0,2,burst,678,0.10974999999984902,14
0,2,burst,679,0.11270799999988412,14
0,2,burst,680,0.10841600000003382,14
0,2,burst,681,0.11945800000012241,14
0,2,burst,682,0.11062500000002728,14
0,2,burst,683,0.11366599999996652,14
0,2,burst,684,0.10562500000014552,14
0,2,burst,685,0.10829200000011951,14
0,2,burst,686,0.10779100000013386,14
0,2,burst,687,0.11170799999990777,14
0,2,burst,688,0.10854199999994307,14
0,2,burst,689,0.10824999999999818,14
0,2,burst,690,0.11287500000003092,14
0,2,burst,691,0.1095420000001468,14
0,2,burst,692,0.11058400000001711,14
0,2,burst,693,0.11524999999983265,14
0,2,burst,694,0.10991699999999582,14
0,2,burst,695,0.12249999999994543,14
0,2,burst,696,0.1117500000000291,14
0,2,burst,697,0.11041699999987031,14
0,2,burst,698,0.1125409999999647,14
0,2,burst,699,0.11895800000002055,14
0,2,burst,700,0.11020899999994072,14
0,2,burst,701,0.11029200000007222,14
0,2,burst,702,0.11087500000007822,14
0,2,burst,703,0.11050000000000182,14
0,2,burst,704,0.11391699999990124,14
0,2,burst,705,0.11400000000003274,14
0,2,burst,706,0.11133300000005875,14
0,2,burst,707,0.11054100000001199,14
0,2,burst,708,0.10962500000005093,14
0,2,burst,709,0.10987500000010186,14
0,2,burst,710,0.11537500000008549,14
0,2,burst,711,0.1095829999999296,14
0,2,burst,712,0.10941700000012133,14
0,2,burst,713,0.10875000000010004,14
0,2,burst,714,0.1115420000000995,14
0,2,burst,715,0.108791999999994,14
0,2,burst,716,0.10875000000010004,14
0,2,burst,717,0.11387500000000728,14
0,2,burst,718,0.11320899999986977,14
0,2,burst,719,0.1140419999999267,14
0,2,burst,720,0.10829100000000835,14
0,2,burst,721,0.1074580000001788,14
0,2,burst,722,0.11062500000002728,14
0,2,burst,723,0.12279100000000653,14
0,2,burst,724,0.10924999999997453,14
0,2,burst,725,0.11245900000017173,14
0,2,burst,726,0.1139589999997952,14
0,2,burst,727,0.10691700000006676,14
0,2,burst,728,0.11574999999993452,14
0,2,burst,729,0.10895800000002964,14
0,2,burst,730,0.10950000000002547,14
0,2,burst,731,0.1067920000000413,14
0,2,burst,732,0.10679100000015751,14
0,2,burst,733,0.11312500000008185,14
0,2,burst,734,0.1143329999999878,14
0,2,burst,735,0.11079199999994671,14
0,2,burst,736,0.10704099999998107,14
0,2,burst,737,0.11037499999997635,14
0,2,burst,738,0.11129200000004857,14
0,2,burst,739,0.10874999999987267,14
0,2,burst,740,0.10962500000005093,14
0,2,burst,741,0.10654199999999037,14
0,2,burst,742,0.11237500000015643,14
0,2,burst,743,0.10916699999984303,14
0,2,burst,744,0.10770899999988615,14
0,2,burst,745,0.11004199999979392,14
0,2,burst,746,0.11529199999995399,14
0,2,burst,747,0.1122090000001208,14
0,2,burst,748,0.11191699999994853,14
0,2,burst,749,0.11229200000002493,14
0,2,burst,750,0.10683400000016263,14
0,2,burst,751,0.11354200000005221,14
0,2,burst,752,0.10987500000010186,14
0,2,burst,753,0.1165840000001026,14
0,2,burst,754,0.10795800000005329,14
0,2,burst,755,0.11629199999993034,14
0,2,burst,756,0.10762499999987085,14
0,2,burst,757,0.11179199999992306,14
0,2,burst,758,0.10787499999992178,14
0,2,burst,759,0.10933299999987867,14
0,2,burst,760,0.10741600000005747,14
0,2,burst,761,0.10987499999987449,14
0,2,burst,762,0.11329099999989012,14
0,2,burst,763,0.10879100000011022,14
0,2,burst,764,0.11191699999994853,14
0,2,burst,765,0.11016700000004676,14
0,2,burst,766,0.10741700000016863,14
0,2,burst,767,0.10991600000011204,14
0,2,burst,768,0.10741599999983009,14
0,2,burst,769,0.11416600000006838,14
0,2,burst,770,0.10766599999988102,14
0,2,burst,771,0.11066600000003746,14
0,2,burst,772,0.10737499999981992,14
0,2,burst,773,0.11383299999988594,14
0,2,burst,774,0.10950000000002547,14
0,2,burst,775,0.10816699999986668,14
0,2,burst,776,0.11312499999985448,14
0,2,burst,777,0.11025000000017826,14
0,2,burst,778,0.10854199999994307,14
0,2,burst,779,0.10966699999994489,14
0,2,burst,780,0.1089999999999236,14
0,2,burst,781,0.11129200000004857,14
0,2,burst,782,0.1080410000001848,14
0,2,burst,783,0.10866699999996854,14
0,2,burst,784,0.10808399999996254,14
0,2,burst,785,0.11066699999992125,14
0,2,burst,786,0.11362499999995634,14
0,2,burst,787,0.11012499999992542,14
0,2,burst,788,0.11054200000012315,14
0,2,burst,789,0.11166600000001381,14
0,2,burst,790,0.10850000000004911,14
0,2,burst,791,0.11483399999997346,14
0,2,burst,792,0.11070799999993142,14
0,2,burst,793,0.10895800000002964,14
0,2,burst,794,0.10991699999999582,14
0,2,burst,795,0.11008400000014262,14
0,2,burst,796,0.11004200000002129,14
0,2,burst,797,0.10941600000001017,14
0,2,burst,798,0.1092919999998685,14
0,2,burst,799,0.10974999999984902,14
0,2,burst,800,0.11275000000000546,14
0,2,burst,801,0.11129200000004857,14
0,2,burst,802,0.10966699999994489,14
0,2,burst,803,0.11391699999990124,14
0,2,burst,804,0.11291700000015226,14
0,2,burst,805,0.11225000000013097,14
0,2,burst,806,0.10837500000002365,14
0,2,burst,807,0.11075000000005275,14
0,2,burst,808,0.10983299999998053,14
0,2,burst,809,0.10791700000004312,14
0,2,burst,810,0.10933300000010604,14
0,2,burst,811,0.11079200000017408,14
0,2,burst,812,0.11079199999994671,14
0,2,burst,813,0.10808299999985138,14
0,2,burst,814,0.11029099999996106,14
0,2,burst,815,0.10858299999995324,14
0,2,burst,816,0.1101659999999356,14
0,2,burst,817,0.10820799999987685,14
0,2,burst,818,0.11012499999992542,14
0,2,burst,819,0.11062499999979991,14
0,2,burst,820,0.12099999999986721,14
0,2,burst,821,0.11024999999995089,14
0,2,burst,822,0.11004199999979392,14
0,2,burst,823,17.23041699999999,14
0,2,burst,824,0.1518750000000182,14
0,2,burst,825,0.12612500000000182,14
0,2,burst,826,0.11845800000014606,14
0,2,burst,827,0.11991699999998673,14
0,2,burst,828,0.11545799999998962,14
0,2,burst,829,0.11508400000002439,14
0,2,burst,830,0.11658299999999144,14
0,2,burst,831,0.11125000000015461,14
0,2,burst,832,0.11383300000011332,14
0,2,burst,833,0.1127080000001115,14
0,2,burst,834,0.12087500000006912,14
0,2,burst,835,0.11258399999996982,14
0,2,burst,836,0.11850000000004002,14
0,2,burst,837,0.1331249999998363,14
0,2,burst,838,0.11412499999983083,14
0,2,burst,839,0.11070800000015879,14
0,2,burst,840,0.11233399999991889,14
0,2,burst,841,0.11083299999995688,14
0,2,burst,842,0.12566599999991013,14
0,2,burst,843,0.12012499999991633,14
0,2,burst,844,0.11045799999988049,14
0,2,burst,845,0.11149999999997817,14
0,2,burst,846,0.11083299999995688,14
0,2,burst,847,0.11237499999992906,14
0,2,burst,848,0.1125409999999647,14
0,2,burst,849,0.11004200000002129,14
0,2,burst,850,0.11033299999985502,14
0,2,burst,851,0.11712499999998727,14
0,2,burst,852,0.11283400000002075,14
0,2,burst,853,0.11029200000007222,14
0,2,burst,854,0.1205410000000029,14
0,2,burst,855,0.11308299999996052,14
0,2,burst,856,25.99091599999997,14
0,2,burst,857,0.19833299999982046,14
0,2,burst,858,0.1298749999998563,14
0,2,burst,859,0.1254999999998745,14
0,2,burst,860,0.11579200000005585,14
0,2,burst,861,0.11466700000005403,14
0,2,burst,862,0.11662500000011278,14
0,2,burst,863,0.12316699999996672,14
0,2,burst,864,0.1122090000001208,14
0,2,burst,865,0.1110839999998916,14
0,2,burst,866,0.11141699999984667,14
0,2,burst,867,0.11962500000004184,14
0,2,burst,868,0.11208299999998417,14
0,2,burst,869,0.11562499999990905,14
0,2,burst,870,0.11012499999992542,14
0,2,burst,871,0.11408299999993687,14
0,2,burst,872,0.1306250000000091,14
0,2,burst,873,0.11420899999984613,14
0,2,burst,874,0.11108400000011898,14
0,2,burst,875,0.11266699999987395,14
0,2,burst,876,0.11320899999986977,14
0,2,burst,877,0.10958400000004076,14
0,2,burst,878,0.10904200000004494,14
0,2,burst,879,0.11358300000006238,14
0,2,burst,880,0.11004199999979392,14
0,2,burst,881,0.1124170000000504,14
0,2,burst,882,0.10912499999994907,14
0,2,burst,883,0.11374999999998181,14
0,2,burst,884,0.10812499999997272,14
0,2,burst,885,0.11024999999995089,14
0,2,burst,886,0.11020799999982955,14
0,2,burst,887,0.11258399999996982,14
0,2,burst,888,0.11054200000012315,14
0,2,burst,889,0.11574999999993452,14
0,2,burst,890,22.180499999999938,14
0,2,burst,891,0.2095409999999447,14
0,2,burst,892,0.1249159999999847,14
0,2,burst,893,0.12633299999993142,14
0,2,burst,894,0.11516699999992852,14
0,2,burst,895,0.11304199999995035,14
0,2,burst,896,0.1125000000001819,14
0,2,burst,897,0.11050000000000182,14
0,2,burst,898,0.11383299999988594,14
0,2,burst,899,0.11012499999992542,14
0,2,burst,900,0.11200000000008004,14
0,2,burst,901,0.11070799999993142,14
0,2,burst,902,0.1118749999998272,14
0,2,burst,903,0.10912500000017644,14
0,2,burst,904,0.10941699999989396,14
0,2,burst,905,0.11437499999988177,14
0,2,burst,906,0.10950000000002547,14
0,2,burst,907,0.1306250000000091,14
0,2,burst,908,0.11220899999989342,14
0,2,burst,909,0.10879200000022138,14
0,2,burst,910,0.10979199999997036,14
0,2,burst,911,0.10983400000009169,14
0,2,burst,912,0.1087089999998625,14
0,2,burst,913,0.10783299999980045,14
0,2,burst,914,0.11383300000011332,14
0,2,burst,915,0.11095799999998235,14
0,2,burst,916,0.1073750000000473,14
0,2,burst,917,0.10854199999994307,14
0,2,burst,918,0.13045899999997346,14
0,2,burst,919,0.11370799999986048,14
0,2,burst,920,0.10870800000020608,14
0,2,burst,921,0.10637500000007094,14
0,2,burst,922,0.108791999999994,14
0,2,burst,923,0.10837500000002365,14
0,2,burst,924,6.98962500000016,14
0,2,burst,925,0.2782919999999649,14
0,2,burst,926,0.16308299999991505,14
0,2,burst,927,0.1333750000001146,14
0,2,burst,928,0.130333999999948,14
0,2,burst,929,0.12845900000002075,14
0,2,burst,930,0.13629199999991215,14
0,2,burst,931,0.12712499999997817,14
0,2,burst,932,0.13087500000006003,14
0,2,burst,933,0.12824999999998,14
0,2,burst,934,2.6634169999999813,14
0,2,burst,935,0.14895799999999326,14
0,2,burst,936,0.136417000000165,14
0,2,burst,937,0.13916700000004312,14
0,2,burst,938,2.9975839999999607,14
0,2,burst,939,0.14591700000005403,14
0,2,burst,940,0.1222499999998945,14
0,2,burst,941,0.11983399999985522,14
0,2,burst,942,0.1307090000000244,14
0,2,burst,943,0.1218749999998181,14
0,2,burst,944,0.11637500000006185,14
0,2,burst,945,0.1199579999999969,14
0,2,burst,946,0.1123330000000351,14
0,2,burst,947,0.11420800000018971,14
0,2,burst,948,0.11920899999995527,14
0,2,burst,949,0.11295799999993505,14
0,2,burst,950,0.11058300000013332,14
0,2,burst,951,0.11104199999999764,14
0,2,burst,952,0.11024999999995089,14
0,2,burst,953,5.364249999999856,14
0,2,burst,954,0.17954099999997197,14
0,2,burst,955,0.13433299999996962,14
0,2,burst,956,0.13066699999990306,14
0,2,burst,957,0.13008300000001327,14
0,2,burst,958,0.12687499999992724,14
0,2,burst,959,0.14933399999995345,14
0,2,burst,960,0.12779199999999946,14
0,2,burst,961,0.13162499999998545,14
0,2,burst,962,0.1273750000000291,14
0,2,burst,963,0.1366250000000946,14
0,2,burst,964,0.12604099999998652,14
0,2,burst,965,0.12687500000015461,14
0,2,burst,966,0.12683300000003328,14
0,2,burst,967,0.14162500000020373,14
0,2,burst,968,0.1287089999998443,14
0,2,burst,969,0.13374999999996362,14
0,2,burst,970,0.12866699999995035,14
0,2,burst,971,0.1727499999999509,14
0,2,burst,972,0.14420799999993505,14
0,2,burst,973,0.1334999999999127,14
0,2,burst,974,0.14483300000006238,14
0,2,burst,975,0.1314159999999447,14
0,2,burst,976,0.12716699999987213,14
0,2,burst,977,0.1985420000000886,14
0,2,burst,978,0.13745800000015151,14
0,2,burst,979,0.13075000000003456,14
0,2,burst,980,0.12770900000009533,14
0,2,burst,981,0.4366669999999431,14
0,2,burst,982,0.1395830000001297,14
0,2,burst,983,0.12779100000011567,14
0,2,burst,984,0.17249999999989996,14
0,2,burst,985,0.14049999999997453,14
0,2,burst,986,0.13095800000019153,14
0,2,burst,987,0.20391700000004676,14
0,2,burst,988,0.130916999999954,14
0,2,burst,989,0.1327080000000933,14
0,2,burst,990,0.12658299999998235,14
0,2,burst,991,0.1330000000000382,14
0,2,burst,992,0.13954200000011951,14
0,2,burst,993,0.14916700000003402,14
0,2,burst,994,0.15566600000011022,14
0,2,burst,995,0.13733300000012605,14
0,2,burst,996,0.13170799999988958,14
0,2,burst,997,0.12891700000000128,14
0,2,burst,998,0.16145899999992253,14
0,2,burst,999,0.15300000000002,14
0,4,idle,0,0.003125000000181899,0
0,4,idle,1,0.0025829999999587017,0
0,4,idle,2,0.0027500000001055014,0
0,4,idle,3,0.0026250000000800355,0
0,4,idle,4,0.00254199999994853,0
0,4,idle,5,0.003000000000156433,0
0,4,idle,6,0.0027919999999994616,0
0,4,idle,7,0.0025410000000647415,0
0,4,idle,8,0.0026250000000800355,0
0,4,idle,9,0.002708000000211541,0
0,4,idle,10,0.0029999999999290594,0
0,4,idle,11,0.003459000000020751,0
0,4,idle,12,0.0029590000001462613,0
0,4,idle,13,0.0025840000000698637,0
0,4,idle,14,0.0027090000000953296,0
0,4,idle,15,0.002499999999827196,0
0,4,idle,16,0.003041000000166605,0
0,4,idle,17,0.003083000000060565,0
0,4,idle,18,0.0047080000001642475,0
0,4,idle,19,0.0037079999999605207,0
0,4,idle,20,0.00441699999987577,0
0,4,idle,21,0.003249999999979991,0
0,4,idle,22,0.0027919999999994616,0
0,4,idle,23,0.002624999999852662,0
0,4,idle,24,0.0029170000000249274,0
0,4,idle,25,0.00258399999984249,0
0,4,idle,26,0.0030420000000503933,0
0,4,idle,27,0.003540999999813721,0
0,4,idle,28,0.0030420000000503933,0
0,4,idle,29,0.002708999999867956,0
0,4,idle,30,0.0029170000000249274,0
0,4,idle,31,0.003125000000181899,0
0,4,idle,32,0.0027919999999994616,0
0,4,idle,33,0.0025829999999587017,0
0,4,idle,34,0.0026669999999739957,0
0,4,idle,35,0.0025829999999587017,0
0,4,idle,36,0.0027499999998781277,0
0,4,idle,37,0.0027919999999994616,0
0,4,idle,38,0.008125000000063665,0
0,4,idle,39,0.0029170000000249274,0
0,4,idle,40,0.0029170000000249274,0
0,4,idle,41,0.0026660000000902073,0
0,4,idle,42,0.0030420000000503933,0
0,4,idle,43,0.003459000000020751,0
0,4,idle,44,0.0028749999999035936,0
0,4,idle,45,0.0025829999999587017,0
0,4,idle,46,0.0026250000000800355,0
0,4,idle,47,0.0030829999998331914,0
0,4,idle,48,0.0027909999998882995,0
0,4,idle,49,0.0029170000000249274,0
0,4,idle,50,0.002708999999867956,0
0,4,idle,51,0.00254199999994853,0
0,4,idle,52,0.00420799999983501,0
0,4,idle,53,0.0025410000000647415,0
0,4,idle,54,0.007792000000108601,0
0,4,idle,55,0.00258399999984249,0
0,4,idle,56,0.003375000000005457,0
0,4,idle,57,0.003541999999924883,0
0,4,idle,58,0.003167000000075859,0
0,4,idle,59,0.0025410000000647415,0
0,4,idle,60,0.0030420000000503933,0
0,4,idle,61,0.008000000000038199,0
0,4,idle,62,0.0029170000000249274,0
0,4,idle,63,0.0030839999999443535,0
0,4,idle,64,0.0028750000001309672,0
0,4,idle,65,0.0026250000000800355,0
0,4,idle,66,0.0026660000000902073,0
0,4,idle,67,0.0025420000001759036,0
0,4,idle,68,0.0031669999998484855,0
0,4,idle,69,0.002540999999837368,0
0,4,idle,70,0.0027079999999841675,0
0,4,idle,71,0.0025000000000545697,0
0,4,idle,72,0.0028330000000096334,0
0,4,idle,73,0.003249999999979991,0
0,4,idle,74,0.0036250000000563887,0
0,4,idle,75,0.0025830000001860753,0
0,4,idle,76,0.0027499999998781277,0
0,4,idle,77,0.0027090000000953296,0
0,4,idle,78,0.00258399999984249,0
0,4,idle,79,0.0030839999999443535,0
0,4,idle,80,0.0029590000001462613,0
0,4,idle,81,0.0027919999999994616,0
0,4,idle,82,0.0026250000000800355,0
0,4,idle,83,0.003167000000075859,0
0,4,idle,84,0.003249999999979991,0
0,4,idle,85,0.0025000000000545697,0
0,4,idle,86,0.0026659999998628336,0
0,4,idle,87,0.0026669999999739957,0
0,4,idle,88,0.0026669999999739957,0
0,4,idle,89,0.0029580000000350992,0
0,4,idle,90,0.0028749999999035936,0
0,4,idle,91,0.0027090000000953296,0
0,4,idle,92,0.0029999999999290594,0
0,4,idle,93,0.007500000000163709,0
0,4,idle,94,0.0029999999999290594,0
0,4,idle,95,0.003209000000197193,0
0,4,idle,96,0.0028750000001309672,0
0,4,idle,97,0.0026250000000800355,0
0,4,idle,98,0.0027500000001055014,0
0,4,idle,99,0.0026250000000800355,0
0,4,idle,100,0.003083000000060565,0
0,4,idle,101,0.0024580000001606095,0
0,4,idle,102,0.0027500000001055014,0
0,4,idle,103,0.003208000000086031,0
0,4,idle,104,0.0027079999999841675,0
0,4,idle,105,0.007916000000022905,0
0,4,idle,106,0.003917000000001281,0
0,4,idle,107,0.0025420000001759036,0
0,4,idle,108,0.0027499999998781277,0
0,4,idle,109,0.00254199999994853,0
0,4,idle,110,0.0031249999999545253,0
0,4,idle,111,0.0025830000001860753,0
0,4,idle,112,0.0029170000000249274,0
0,4,idle,113,0.0025420000001759036,0
0,4,idle,114,0.0027499999998781277,0
0,4,idle,115,0.00254199999994853,0
0,4,idle,116,0.0031249999999545253,0
0,4,idle,117,0.0025420000001759036,0
0,4,idle,118,0.0028339999998934218,0
0,4,idle,119,0.003249999999979991,0
0,4,idle,120,0.0026669999999739957,0
0,4,idle,121,0.0029170000000249274,0
0,4,idle,122,0.0026250000000800355,0
0,4,idle,123,0.007875000000012733,0
0,4,idle,124,0.0027909999998882995,0
0,4,idle,125,0.0025830000001860753,0
0,4,idle,126,0.0030420000000503933,0
0,4,idle,127,0.002459000000044398,0
0,4,idle,128,0.002708999999867956,0
0,4,idle,129,0.0025840000000698637,0
0,4,idle,130,0.007083999999849766,0
0,4,idle,131,0.0037090000000716827,0
0,4,idle,132,0.0026669999999739957,0
0,4,idle,133,0.002540999999837368,0
0,4,idle,134,0.0026669999999739957,0
0,4,idle,135,0.0026250000000800355,0
0,4,idle,136,0.0026669999999739957,0
0,4,idle,137,0.008624999999938154,0
0,4,idle,138,0.0026669999999739957,0
0,4,idle,139,0.00254199999994853,0
0,4,idle,140,0.0027079999999841675,0
0,4,idle,141,0.002457999999933236,0
0,4,idle,142,0.003165999999964697,0
0,4,idle,143,0.0027079999999841675,0
0,4,idle,144,0.0029999999999290594,0
0,4,idle,145,0.0025829999999587017,0
0,4,idle,146,0.0034160000000156288,0
0,4,idle,147,0.003167000000075859,0
0,4,idle,148,0.0027919999999994616,0
0,4,idle,149,0.0025829999999587017,0
0,4,idle,150,0.0027079999999841675,0
0,4,idle,151,0.0027500000001055014,0
0,4,idle,152,0.0029999999999290594,0
0,4,idle,153,0.002457999999933236,0
0,4,idle,154,0.0027499999998781277,0
0,4,idle,155,0.0027919999999994616,0
0,4,idle,156,0.0028330000000096334,0
0,4,idle,157,0.0025000000000545697,0
0,4,idle,158,0.003249999999979991,0
0,4,idle,159,0.0025829999999587017,0
0,4,idle,160,0.0026250000000800355,0
0,4,idle,161,0.0025829999999587017,0
0,4,idle,162,0.0026659999998628336,0
0,4,idle,163,0.0029170000000249274,0
0,4,idle,164,0.002708999999867956,0
0,4,idle,165,0.0025000000000545697,0
0,4,idle,166,0.004000000000132786,0
0,4,idle,167,0.0025410000000647415,0
0,4,idle,168,0.008958000000120592,0
0,4,idle,169,0.0035830000001624285,0
0,4,idle,170,0.0038750000001073204,0
0,4,idle,171,0.0026660000000902073,0
0,4,idle,172,0.007458000000042375,0
0,4,idle,173,0.0033330000001114968,0
0,4,idle,174,0.0029170000000249274,0
0,4,idle,175,0.003000000000156433,0
0,4,idle,176,0.0026250000000800355,0
0,4,idle,177,0.002791000000115673,0
0,4,idle,178,0.0028330000000096334,0
0,4,idle,179,0.0031249999999545253,0
0,4,idle,180,0.0034580000001369626,0
0,4,idle,181,0.002791000000115673,0
0,4,idle,182,0.0027919999999994616,0
0,4,idle,183,0.0025840000000698637,0
0,4,idle,184,0.0031669999998484855,0
0,4,idle,185,0.007790999999997439,0
0,4,idle,186,0.0029170000000249274,0
0,4,idle,187,0.0037090000000716827,0
0,4,idle,188,0.0028749999999035936,0
0,4,idle,189,0.0029999999999290594,0
0,4,idle,190,0.002916000000141139,0
0,4,idle,191,0.0028330000000096334,0
0,4,idle,192,0.0028749999999035936,0
0,4,idle,193,0.0025829999999587017,0
0,4,idle,194,0.0027079999999841675,0
0,4,idle,195,0.003249999999979991,0
0,4,idle,196,0.003375000000005457,0
0,4,idle,197,0.0029999999999290594,0
0,4,idle,198,0.0027090000000953296,0
0,4,idle,199,0.0026669999999739957,0
0,4,idle,200,0.004040999999915584,0
0,4,idle,201,0.0028749999999035936,0
0,4,idle,202,0.0027079999999841675,0
0,4,idle,203,0.0026660000000902073,0
0,4,idle,204,0.0031249999999545253,0
0,4,idle,205,0.008458999999902517,0
0,4,idle,206,0.0366670000000795,0
0,4,idle,207,0.006625000000212822,0
0,4,idle,208,0.0027919999999994616,0
0,4,idle,209,0.005208000000038737,0
0,4,idle,210,0.004083000000036918,0
0,4,idle,211,0.002459000000044398,0
0,4,idle,212,0.00237499999980173,0
0,4,idle,213,0.002208999999993466,0
0,4,idle,214,0.002083000000084212,0
0,4,idle,215,0.0022910000000138098,0
0,4,idle,216,0.0027919999999994616,0
0,4,idle,217,0.002124999999978172,0
0,4,idle,218,0.002459000000044398,0
0,4,idle,219,0.00204200000007404,0
0,4,idle,220,0.0020839999999680003,0
0,4,idle,221,0.02233299999988958,0
0,4,idle,222,0.002291999999897598,0
0,4,idle,223,0.002416999999923064,0
0,4,idle,224,0.0020419999998466665,0
0,4,idle,225,0.0020839999999680003,0
0,4,idle,226,0.0028339999998934218,0
0,4,idle,227,0.002084000000195374,0
0,4,idle,228,0.00204200000007404,0
0,4,idle,229,0.002124999999978172,0
0,4,idle,230,0.00204200000007404,0
0,4,idle,231,0.0024170000001504377,0
0,4,idle,232,0.003499999999803549,0
0,4,idle,233,0.0019999999999527063,0
0,4,idle,234,0.0020839999999680003,0
0,4,idle,235,0.0019999999999527063,0
0,4,idle,236,0.0019999999999527063,0
0,4,idle,237,0.002708999999867956,0
0,4,idle,238,0.002292000000124972,0
0,4,idle,239,0.008542000000034022,0
0,4,idle,240,0.002416999999923064,0
0,4,idle,241,0.0020839999999680003,0
0,4,idle,242,0.007833000000118773,0
0,4,idle,243,0.0024160000000392756,0
0,4,idle,244,0.002083000000084212,0
0,4,idle,245,0.0020839999999680003,0
0,4,idle,246,0.0020419999998466665,0
0,4,idle,247,0.007375000000138243,0
0,4,idle,248,0.002083000000084212,0
0,4,idle,249,0.002167000000099506,0
0,4,idle,250,0.002292000000124972,0
0,4,idle,251,0.0019170000000485743,0
0,4,idle,252,0.0027919999999994616,0
0,4,idle,253,0.00200000000018008,0
0,4,idle,254,0.0019999999999527063,0
0,4,idle,255,0.0019170000000485743,0
0,4,idle,256,0.00204200000007404,0
0,4,idle,257,0.002040999999962878,0
0,4,idle,258,0.0027919999999994616,0
0,4,idle,259,0.0019999999999527063,0
0,4,idle,260,0.0020419999998466665,0
0,4,idle,261,0.001958000000058746,0
0,4,idle,262,0.0019589999999425345,0
0,4,idle,263,0.003666999999950349,0
0,4,idle,264,0.002124999999978172,0
0,4,idle,265,0.0019589999999425345,0
0,4,idle,266,0.0020839999999680003,0
0,4,idle,267,0.0019999999999527063,0
0,4,idle,268,0.002459000000044398,0
0,4,idle,269,0.0025829999999587017,0
0,4,idle,270,0.0026669999999739957,0
0,4,idle,271,0.017582999999831372,0
0,4,idle,272,0.003249999999979991,0
0,4,idle,273,0.0026660000000902073,0
0,4,idle,274,0.0019999999999527063,0
0,4,idle,275,0.002291999999897598,0
0,4,idle,276,0.002167000000099506,0
0,4,idle,277,0.002083000000084212,0
0,4,idle,278,0.002083000000084212,0
0,4,idle,279,0.008084000000053493,0
0,4,idle,280,0.002208999999993466,0
0,4,idle,281,0.002124999999978172,0
0,4,idle,282,0.002124999999978172,0
0,4,idle,283,0.002040999999962878,0
0,4,idle,284,0.0026670000002013694,0
0,4,idle,285,0.0019169999998212006,0
0,4,idle,286,0.0019589999999425345,0
0,4,idle,287,0.0019170000000485743,0
0,4,idle,288,0.002124999999978172,0
0,4,idle,289,0.002457999999933236,0
0,4,idle,290,0.0019999999999527063,0
0,4,idle,291,0.0019589999999425345,0
0,4,idle,292,0.00204200000007404,0
0,4,idle,293,0.00200000000018008,0
0,4,idle,294,0.0019999999999527063,0
0,4,idle,295,0.0034160000000156288,0
0,4,idle,296,0.002040999999962878,0
0,4,idle,297,0.00204200000007404,0
0,4,idle,298,0.002124999999978172,0
0,4,idle,299,0.00200000000018008,0
0,4,idle,300,0.00254199999994853,0
0,4,idle,301,0.002207999999882304,0
0,4,idle,302,0.0022910000000138098,0
0,4,idle,303,0.0029580000000350992,0
0,4,idle,304,0.002125000000205546,0
0,4,idle,305,0.0075839999999516294,0
0,4,idle,306,0.008916999999883046,0
0,4,idle,307,0.002208999999993466,0
0,4,idle,308,0.0020839999999680003,0
0,4,idle,309,0.005834000000049855,0
0,4,idle,310,0.0025840000000698637,0
0,4,idle,311,0.00204200000007404,0
0,4,idle,312,0.002124999999978172,0
0,4,idle,313,0.002208000000109678,0
0,4,idle,314,0.0028330000000096334,0
0,4,idle,315,0.0019999999999527063,0
0,4,idle,316,0.0062499999999090505,0
0,4,idle,317,0.002499999999827196,0
0,4,idle,318,0.002124999999978172,0
0,4,idle,319,0.002124999999978172,0
0,4,idle,320,0.0019999999999527063,0
0,4,idle,321,0.002457999999933236,0
0,4,idle,322,0.0019999999999527063,0
0,4,idle,323,0.00204200000007404,0
0,4,idle,324,0.0019160000001647859,0
0,4,idle,325,0.0019999999999527063,0
0,4,idle,326,0.003584000000046217,0
0,4,idle,327,0.0020839999999680003,0
0,4,idle,328,0.002292000000124972,0
0,4,idle,329,0.0021669999998721323,0
0,4,idle,330,0.0019999999999527063,0
0,4,idle,331,0.002540999999837368,0
0,4,idle,332,0.002124999999978172,0
0,4,idle,333,0.0024170000001504377,0
0,4,idle,334,0.001958000000058746,0
0,4,idle,335,0.0026250000000800355,0
0,4,idle,336,0.002250000000003638,0
0,4,idle,337,0.0024580000001606095,0
0,4,idle,338,0.002124999999978172,0
0,4,idle,339,0.0019589999999425345,0
0,4,idle,340,0.001958000000058746,0
0,4,idle,341,0.0019999999999527063,0
0,4,idle,342,0.002375000000029104,0
0,4,idle,343,0.001958000000058746,0
0,4,idle,344,0.002124999999978172,0
0,4,idle,345,0.002124999999978172,0
0,4,idle,346,0.0019999999999527063,0
0,4,idle,347,0.0026250000000800355,0
0,4,idle,348,0.002124999999978172,0
0,4,idle,349,0.0019999999999527063,0
0,4,idle,350,0.002040999999962878,0
0,4,idle,351,0.002165999999988344,0
0,4,idle,352,0.0025000000000545697,0
0,4,idle,353,0.002124999999978172,0
0,4,idle,354,0.006957999999940512,0
0,4,idle,355,0.002375000000029104,0
0,4,idle,356,0.0020419999998466665,0
0,4,idle,357,0.0020829999998568383,0
0,4,idle,358,0.003249999999979991,0
0,4,idle,359,0.002083000000084212,0
0,4,idle,360,0.00200000000018008,0
0,4,idle,361,0.0019999999999527063,0
0,4,idle,362,0.001958000000058746,0
0,4,idle,363,0.0026250000000800355,0
0,4,idle,364,0.0019999999999527063,0
0,4,idle,365,0.0026669999999739957,0
0,4,idle,366,0.0019169999998212006,0
0,4,idle,367,0.002165999999988344,0
0,4,idle,368,0.0025000000000545697,0
0,4,idle,369,0.002124999999978172,0
0,4,idle,370,0.0019170000000485743,0
0,4,idle,371,0.005958000000191532,0
0,4,idle,372,0.002125000000205546,0
0,4,idle,373,0.005957999999964159,0
0,4,idle,374,0.002250000000003638,0
0,4,idle,375,0.0019999999999527063,0
0,4,idle,376,0.002208000000109678,0
0,4,idle,377,0.001958000000058746,0
0,4,idle,378,0.002124999999978172,0
0,4,idle,379,0.0025840000000698637,0
0,4,idle,380,0.002124999999978172,0
0,4,idle,381,0.002083000000084212,0
0,4,idle,382,0.002083000000084212,0
0,4,idle,383,0.00200000000018008,0
0,4,idle,384,0.0025840000000698637,0
0,4,idle,385,0.0018749999999272404,0
0,4,idle,386,0.00200000000018008,0
0,4,idle,387,0.0027919999999994616,0
0,4,idle,388,0.005667000000130429,0
0,4,idle,389,0.0033330000001114968,0
0,4,idle,390,0.002083000000084212,0
0,4,idle,391,0.005750000000034561,0
0,4,idle,392,0.002208999999993466,0
0,4,idle,393,0.0020839999999680003,0
0,4,idle,394,0.002124999999978172,0
0,4,idle,395,0.0025829999999587017,0
0,4,idle,396,0.002291999999897598,0
0,4,idle,397,0.002124999999978172,0
0,4,idle,398,0.0027499999998781277,0
0,4,idle,399,0.017665999999962878,0
0,4,idle,400,0.004167000000052212,0
0,4,idle,401,0.00204200000007404,0
0,4,idle,402,0.002083000000084212,0
0,4,idle,403,0.0020410000001902517,0
0,4,idle,404,0.002083000000084212,0
0,4,idle,405,0.002415999999811902,0
0,4,idle,406,0.0020410000001902517,0
0,4,idle,407,0.002291999999897598,0
0,4,idle,408,0.0019170000000485743,0
0,4,idle,409,0.001958000000058746,0
0,4,idle,410,0.0025830000001860753,0
0,4,idle,411,0.001958000000058746,0
0,4,idle,412,0.0019589999999425345,0
0,4,idle,413,0.001958000000058746,0
0,4,idle,414,0.002083000000084212,0
0,4,idle,415,0.0019999999999527063,0
0,4,idle,416,0.002459000000044398,0
0,4,idle,417,0.00200000000018008,0
0,4,idle,418,0.0019999999999527063,0
0,4,idle,419,0.0019999999999527063,0
0,4,idle,420,0.002125000000205546,0
0,4,idle,421,0.003582999999935055,0
0,4,idle,422,0.002207999999882304,0
0,4,idle,423,0.0019169999998212006,0
0,4,idle,424,0.00204200000007404,0
0,4,idle,425,0.002040999999962878,0
0,4,idle,426,0.002540999999837368,0
0,4,idle,427,0.002208000000109678,0
0,4,idle,428,0.007582999999840467,0
0,4,idle,429,0.002457999999933236,0
0,4,idle,430,0.002250000000003638,0
0,4,idle,431,0.0026670000002013694,0
0,4,idle,432,0.002124999999978172,0
0,4,idle,433,0.00620800000001509,0
0,4,idle,434,0.00204200000007404,0
0,4,idle,435,0.002083000000084212,0
0,4,idle,436,0.002124999999978172,0
0,4,idle,437,0.0024589999998170242,0
0,4,idle,438,0.0025420000001759036,0
0,4,idle,439,0.001958000000058746,0
0,4,idle,440,0.005667000000130429,0
0,4,idle,441,0.003000000000156433,0
0,4,idle,442,0.0025829999999587017,0
0,4,idle,443,0.0019999999999527063,0
0,4,idle,444,0.0019579999998313724,0
0,4,idle,445,0.002083000000084212,0
0,4,idle,446,0.00200000000018008,0
0,4,idle,447,0.0033330000001114968,0
0,4,idle,448,0.0019999999999527063,0
0,4,idle,449,0.0019999999999527063,0
0,4,idle,450,0.00200000000018008,0
0,4,idle,451,0.002083000000084212,0
0,4,idle,452,0.003208000000086031,0
0,4,idle,453,0.0020839999999680003,0
0,4,idle,454,0.0019999999999527063,0
0,4,idle,455,0.002083000000084212,0
0,4,idle,456,0.0019160000001647859,0
0,4,idle,457,0.0024580000001606095,0
0,4,idle,458,0.0025000000000545697,0
0,4,idle,459,0.00233299999990777,0
0,4,idle,460,0.0021669999998721323,0
0,4,idle,461,0.0027500000001055014,0
0,4,idle,462,0.002165999999988344,0
0,4,idle,463,0.002416999999923064,0
0,4,idle,464,0.0020839999999680003,0
0,4,idle,465,0.006124999999883585,0
0,4,idle,466,0.002207999999882304,0
0,4,idle,467,0.0020419999998466665,0
0,4,idle,468,0.00254199999994853,0
0,4,idle,469,0.002040999999962878,0
0,4,idle,470,0.002208000000109678,0
0,4,idle,471,0.00204200000007404,0
0,4,idle,472,0.005625000000009095,0
0,4,idle,473,0.002540999999837368,0
0,4,idle,474,0.002083000000084212,0
0,4,idle,475,0.002125000000205546,0
0,4,idle,476,0.0020839999999680003,0
0,4,idle,477,0.0020419999998466665,0
0,4,idle,478,0.002124999999978172,0
0,4,idle,479,0.002291999999897598,0
0,4,idle,480,0.0020839999999680003,0
0,4,idle,481,0.0019999999999527063,0
0,4,idle,482,0.002083000000084212,0
0,4,idle,483,0.0027919999999994616,0
0,4,idle,484,0.003417000000126791,0
0,4,idle,485,0.002124999999978172,0
0,4,idle,486,0.0020839999999680003,0
0,4,idle,487,0.0019999999999527063,0
0,4,idle,488,0.002499999999827196,0
0,4,idle,489,0.0025000000000545697,0
0,4,idle,490,0.00204200000007404,0
0,4,idle,491,0.002250000000003638,0
0,4,idle,492,0.00200000000018008,0
0,4,idle,493,0.0020839999999680003,0
0,4,idle,494,0.0025829999999587017,0
0,4,idle,495,0.005625000000009095,0
0,4,idle,496,0.00204200000007404,0
0,4,idle,497,0.00204200000007404,0
0,4,idle,498,0.00204200000007404,0
0,4,idle,499,0.002124999999978172,0
0,4,idle,500,0.0025829999999587017,0
0,4,idle,501,0.0021669999998721323,0
0,4,idle,502,0.0019999999999527063,0
0,4,idle,503,0.005957999999964159,0
0,4,idle,504,0.00204200000007404,0
0,4,idle,505,0.0026250000000800355,0
0,4,idle,506,0.0020839999999680003,0
0,4,idle,507,0.005291999999826658,0
0,4,idle,508,0.0021669999998721323,0
0,4,idle,509,0.001958000000058746,0
0,4,idle,510,0.0025410000000647415,0
0,4,idle,511,0.0019159999999374122,0
0,4,idle,512,0.002250000000003638,0
0,4,idle,513,0.0019579999998313724,0
0,4,idle,514,0.0020410000001902517,0
0,4,idle,515,0.00254199999994853,0
0,4,idle,516,0.00233299999990777,0
0,4,idle,517,0.001958000000058746,0
0,4,idle,518,0.002208999999993466,0
0,4,idle,519,0.0019169999998212006,0
0,4,idle,520,0.0029170000000249274,0
0,4,idle,521,0.0029999999999290594,0
0,4,idle,522,0.0025000000000545697,0
0,4,idle,523,0.002165999999988344,0
0,4,idle,524,0.0025829999999587017,0
0,4,idle,525,0.002208000000109678,0
0,4,idle,526,0.0025410000000647415,0
0,4,idle,527,0.002207999999882304,0
0,4,idle,528,0.002040999999962878,0
0,4,idle,529,0.0019999999999527063,0
0,4,idle,530,0.001875000000154614,0
0,4,idle,531,0.00254199999994853,0
0,4,idle,532,0.0019170000000485743,0
0,4,idle,533,0.002167000000099506,0
0,4,idle,534,0.002250000000003638,0
0,4,idle,535,0.002124999999978172,0
0,4,idle,536,0.001958000000058746,0
0,4,idle,537,0.0025829999999587017,0
0,4,idle,538,0.0019160000001647859,0
0,4,idle,539,0.002208000000109678,0
0,4,idle,540,0.005666000000019267,0
0,4,idle,541,0.0019999999999527063,0
0,4,idle,542,0.0025000000000545697,0
0,4,idle,543,0.002040999999962878,0
0,4,idle,544,0.001958000000058746,0
0,4,idle,545,0.0020410000001902517,0
0,4,idle,546,0.002040999999962878,0
0,4,idle,547,0.003249999999979991,0
0,4,idle,548,0.0020419999998466665,0
0,4,idle,549,0.0025000000000545697,0
0,4,idle,550,0.00204200000007404,0
0,4,idle,551,0.0020839999999680003,0
0,4,idle,552,0.0023330000001351436,0
0,4,idle,553,0.0019999999999527063,0
0,4,idle,554,0.002250000000003638,0
0,4,idle,555,0.0019579999998313724,0
0,4,idle,556,0.005499999999983629,0
0,4,idle,557,0.005333000000064203,0
0,4,idle,558,0.0025829999999587017,0
0,4,idle,559,0.0019169999998212006,0
0,4,idle,560,0.002040999999962878,0
0,4,idle,561,0.0019159999999374122,0
0,4,idle,562,0.002124999999978172,0
0,4,idle,563,0.002375000000029104,0
0,4,idle,564,0.001958000000058746,0
0,4,idle,565,0.002375000000029104,0
0,4,idle,566,0.0019999999999527063,0
0,4,idle,567,0.0018749999999272404,0
0,4,idle,568,0.002459000000044398,0
0,4,idle,569,0.0019579999998313724,0
0,4,idle,570,0.001958000000058746,0
0,4,idle,571,0.0018749999999272404,0
0,4,idle,572,0.0019999999999527063,0
0,4,idle,573,0.002250000000003638,0
0,4,idle,574,0.005208000000038737,0
0,4,idle,575,0.00204200000007404,0
0,4,idle,576,0.001958000000058746,0
0,4,idle,577,0.005333000000064203,0
0,4,idle,578,0.0029589999999188876,0
0,4,idle,579,0.0025000000000545697,0
0,4,idle,580,0.0019999999999527063,0
0,4,idle,581,0.0019999999999527063,0
0,4,idle,582,0.001958000000058746,0
0,4,idle,583,0.0019159999999374122,0
0,4,idle,584,0.00254199999994853,0
0,4,idle,585,0.002124999999978172,0
0,4,idle,586,0.002083000000084212,0
0,4,idle,587,0.002416999999923064,0
0,4,idle,588,0.002165999999988344,0
0,4,idle,589,0.0025420000001759036,0
0,4,idle,590,0.002084000000195374,0
0,4,idle,591,0.002083000000084212,0
0,4,idle,592,0.00204200000007404,0
0,4,idle,593,0.001958000000058746,0
0,4,idle,594,0.0026250000000800355,0
0,4,idle,595,0.0018749999999272404,0
0,4,idle,596,0.002124999999978172,0
0,4,idle,597,0.001875000000154614,0
0,4,idle,598,0.0019999999999527063,0
0,4,idle,599,0.0019159999999374122,0
0,4,idle,600,0.0026660000000902073,0
0,4,idle,601,0.0025000000000545697,0
0,4,idle,602,0.0019169999998212006,0
0,4,idle,603,0.00204200000007404,0
0,4,idle,604,0.0019999999999527063,0
0,4,idle,605,0.002416999999923064,0
0,4,idle,606,0.003167000000075859,0
0,4,idle,607,0.002040999999962878,0
0,4,idle,608,0.0019999999999527063,0
0,4,idle,609,0.001959000000169908,0
0,4,idle,610,0.0033749999997780833,0
0,4,idle,611,0.0026250000000800355,0
0,4,idle,612,0.002083000000084212,0
0,4,idle,613,0.002083000000084212,0
0,4,idle,614,0.00620800000001509,0
0,4,idle,615,0.002290999999786436,0
0,4,idle,616,0.0025830000001860753,0
0,4,idle,617,0.002375000000029104,0
0,4,idle,618,0.002124999999978172,0
0,4,idle,619,0.005750000000034561,0
0,4,idle,620,0.002208000000109678,0
0,4,idle,621,0.002375000000029104,0
0,4,idle,622,0.002084000000195374,0
0,4,idle,623,0.0019999999999527063,0
0,4,idle,624,0.002040999999962878,0
0,4,idle,625,0.0019999999999527063,0
0,4,idle,626,0.0025000000000545697,0
0,4,idle,627,0.0019999999999527063,0
0,4,idle,628,0.002167000000099506,0
0,4,idle,629,0.0019589999999425345,0
0,4,idle,630,0.00204200000007404,0
0,4,idle,631,0.00233299999990777,0
0,4,idle,632,0.002083000000084212,0
0,4,idle,633,0.0019159999999374122,0
0,4,idle,634,0.0020829999998568383,0
0,4,idle,635,0.00200000000018008,0
0,4,idle,636,0.00200000000018008,0
0,4,idle,637,0.002416999999923064,0
0,4,idle,638,0.00204200000007404,0
0,4,idle,639,0.006083999999873413,0
0,4,idle,640,0.0020839999999680003,0
0,4,idle,641,0.00641700000005585,0
0,4,idle,642,0.0025420000001759036,0
0,4,idle,643,0.00204200000007404,0
0,4,idle,644,0.002124999999978172,0
0,4,idle,645,0.002040999999962878,0
0,4,idle,646,0.002165999999988344,0
0,4,idle,647,0.0023330000001351436,0
0,4,idle,648,0.002208000000109678,0
0,4,idle,649,0.0019999999999527063,0
0,4,idle,650,0.0025410000000647415,0
0,4,idle,651,0.005708000000140601,0
0,4,idle,652,0.0028749999999035936,0
0,4,idle,653,0.00200000000018008,0
0,4,idle,654,0.00204200000007404,0
0,4,idle,655,0.0019589999999425345,0
0,4,idle,656,0.002084000000195374,0
0,4,idle,657,0.00200000000018008,0
0,4,idle,658,0.002375000000029104,0
0,4,idle,659,0.0021669999998721323,0
0,4,idle,660,0.00200000000018008,0
0,4,idle,661,0.002083000000084212,0
0,4,idle,662,0.0019579999998313724,0
0,4,idle,663,0.0025000000000545697,0
0,4,idle,664,0.0020839999999680003,0
0,4,idle,665,0.0019999999999527063,0
0,4,idle,666,0.00200000000018008,0
0,4,idle,667,0.0019999999999527063,0
0,4,idle,668,0.002457999999933236,0
0,4,idle,669,0.0018749999999272404,0
0,4,idle,670,0.0021669999998721323,0
0,4,idle,671,0.0019999999999527063,0
0,4,idle,672,0.001958000000058746,0
0,4,idle,673,0.0029999999999290594,0
0,4,idle,674,0.0019999999999527063,0
0,4,idle,675,0.0019999999999527063,0
0,4,idle,676,0.0020829999998568383,0
0,4,idle,677,0.0019579999998313724,0
0,4,idle,678,0.0019170000000485743,0
0,4,idle,679,0.0025840000000698637,0
0,4,idle,680,0.002291999999897598,0
0,4,idle,681,0.005957999999964159,0
0,4,idle,682,0.002167000000099506,0
0,4,idle,683,0.002040999999962878,0
0,4,idle,684,0.002624999999852662,0
0,4,idle,685,0.002083000000084212,0
0,4,idle,686,0.002040999999962878,0
0,4,idle,687,0.0019999999999527063,0
0,4,idle,688,0.001959000000169908,0
0,4,idle,689,0.00620800000001509,0
0,4,idle,690,0.002083000000084212,0
0,4,idle,691,0.002165999999988344,0
0,4,idle,692,0.002083000000084212,0
0,4,idle,693,0.001958000000058746,0
0,4,idle,694,0.0026250000000800355,0
0,4,idle,695,0.0026669999999739957,0
0,4,idle,696,0.001958000000058746,0
0,4,idle,697,0.00204200000007404,0
0,4,idle,698,0.002416999999923064,0
0,4,idle,699,0.001958000000058746,0
0,4,idle,700,0.002457999999933236,0
0,4,idle,701,0.00204200000007404,0
0,4,idle,702,0.0019579999998313724,0
0,4,idle,703,0.0019589999999425345,0
0,4,idle,704,0.0029589999999188876,0
0,4,idle,705,0.002459000000044398,0
0,4,idle,706,0.0019170000000485743,0
0,4,idle,707,0.0019589999999425345,0
0,4,idle,708,0.005791999999928521,0
0,4,idle,709,0.00204200000007404,0
0,4,idle,710,0.0024160000000392756,0
0,4,idle,711,0.00237499999980173,0
0,4,idle,712,0.002165999999988344,0
0,4,idle,713,0.0026660000000902073,0
0,4,idle,714,0.002083000000084212,0
0,4,idle,715,0.0020829999998568383,0
0,4,idle,716,0.002499999999827196,0
0,4,idle,717,0.00200000000018008,0
0,4,idle,718,0.002124999999978172,0
0,4,idle,719,0.0019579999998313724,0
0,4,idle,720,0.002040999999962878,0
0,4,idle,721,0.002375000000029104,0
0,4,idle,722,0.002624999999852662,0
0,4,idle,723,0.0062499999999090505,0
0,4,idle,724,0.0020419999998466665,0
0,4,idle,725,0.0018749999999272404,0
0,4,idle,726,0.005957999999964159,0
0,4,idle,727,0.002416999999923064,0
0,4,idle,728,0.00200000000018008,0
0,4,idle,729,0.002124999999978172,0
0,4,idle,730,0.0019589999999425345,0
0,4,idle,731,0.0025000000000545697,0
0,4,idle,732,0.0019159999999374122,0
0,4,idle,733,0.0019999999999527063,0
0,4,idle,734,0.0025410000000647415,0
0,4,idle,735,0.0019999999999527063,0
0,4,idle,736,0.0025000000000545697,0
0,4,idle,737,0.0025000000000545697,0
0,4,idle,738,0.00204200000007404,0
0,4,idle,739,0.002124999999978172,0
0,4,idle,740,0.001958000000058746,0
0,4,idle,741,0.0020829999998568383,0
0,4,idle,742,0.0025829999999587017,0
0,4,idle,743,0.0053339999999479915,0
0,4,idle,744,0.0028330000000096334,0
0,4,idle,745,0.002083000000084212,0
0,4,idle,746,0.002167000000099506,0
0,4,idle,747,0.0026669999999739957,0
0,4,idle,748,0.002207999999882304,0
0,4,idle,749,0.0019999999999527063,0
0,4,idle,750,0.0020419999998466665,0
0,4,idle,751,0.0020419999998466665,0
0,4,idle,752,0.002457999999933236,0
0,4,idle,753,0.0019579999998313724,0
0,4,idle,754,0.002124999999978172,0
0,4,idle,755,0.0019589999999425345,0
0,4,idle,756,0.002167000000099506,0
0,4,idle,757,0.0019999999999527063,0
0,4,idle,758,0.0026669999999739957,0
0,4,idle,759,0.0020419999998466665,0
0,4,idle,760,0.0019999999999527063,0
0,4,idle,761,0.002125000000205546,0
0,4,idle,762,0.0019170000000485743,0
0,4,idle,763,0.007166999999981272,0
0,4,idle,764,0.002124999999978172,0
0,4,idle,765,0.00204200000007404,0
0,4,idle,766,0.002250000000003638,0
0,4,idle,767,0.0027499999998781277,0
0,4,idle,768,0.002459000000044398,0
0,4,idle,769,0.0018749999999272404,0
0,4,idle,770,0.002334000000018932,0
0,4,idle,771,0.002459000000044398,0
0,4,idle,772,0.00254199999994853,0
0,4,idle,773,0.0025829999999587017,0
0,4,idle,774,0.002083000000084212,0
0,4,idle,775,0.00620800000001509,0
0,4,idle,776,0.0028339999998934218,0
0,4,idle,777,0.0020829999998568383,0
0,4,idle,778,0.002083000000084212,0
0,4,idle,779,0.0025000000000545697,0
0,4,idle,780,0.001958000000058746,0
0,4,idle,781,0.002040999999962878,0
0,4,idle,782,0.0019579999998313724,0
0,4,idle,783,0.0021669999998721323,0
0,4,idle,784,0.0024170000001504377,0
0,4,idle,785,0.0019170000000485743,0
0,4,idle,786,0.00204200000007404,0
0,4,idle,787,0.002040999999962878,0
0,4,idle,788,0.0019159999999374122,0
0,4,idle,789,0.0025000000000545697,0
0,4,idle,790,0.0019999999999527063,0
0,4,idle,791,0.002124999999978172,0
0,4,idle,792,0.0019589999999425345,0
0,4,idle,793,0.002291999999897598,0
0,4,idle,794,0.002334000000018932,0
0,4,idle,795,0.0020419999998466665,0
0,4,idle,796,0.002624999999852662,0
0,4,idle,797,0.002083000000084212,0
0,4,idle,798,0.00204200000007404,0
0,4,idle,799,0.0028339999998934218,0
0,4,idle,800,0.0062499999999090505,0
0,4,idle,801,0.00233299999990777,0
0,4,idle,802,0.002165999999988344,0
0,4,idle,803,0.002040999999962878,0
0,4,idle,804,0.0019160000001647859,0
0,4,idle,805,0.007915999999795531,0
0,4,idle,806,0.002250000000003638,0
0,4,idle,807,0.006459000000177184,0
0,4,idle,808,0.002124999999978172,0
0,4,idle,809,0.002124999999978172,0
0,4,idle,810,0.002416999999923064,0
0,4,idle,811,0.0019999999999527063,0
0,4,idle,812,0.0019999999999527063,0
0,4,idle,813,0.0019170000000485743,0
0,4,idle,814,0.00200000000018008,0
0,4,idle,815,0.0019999999999527063,0
0,4,idle,816,0.00254199999994853,0
0,4,idle,817,0.002124999999978172,0
0,4,idle,818,0.001958000000058746,0
0,4,idle,819,0.0019999999999527063,0
0,4,idle,820,0.002124999999978172,0
0,4,idle,821,0.0024580000001606095,0
0,4,idle,822,0.0019999999999527063,0
0,4,idle,823,0.0018749999999272404,0
0,4,idle,824,0.00204200000007404,0
0,4,idle,825,0.0018749999999272404,0
0,4,idle,826,0.0024170000001504377,0
0,4,idle,827,0.0019170000000485743,0
0,4,idle,828,0.002208999999993466,0
0,4,idle,829,0.0020419999998466665,0
0,4,idle,830,0.0027909999998882995,0
0,4,idle,831,0.0024160000000392756,0
0,4,idle,832,0.0019169999998212006,0
0,4,idle,833,0.0020829999998568383,0
0,4,idle,834,0.001958000000058746,0
0,4,idle,835,0.0019159999999374122,0
0,4,idle,836,0.0018749999999272404,0
0,4,idle,837,0.002416999999923064,0
0,4,idle,838,0.008000000000038199,0
0,4,idle,839,0.0025829999999587017,0
0,4,idle,840,0.0019999999999527063,0
0,4,idle,841,0.0020410000001902517,0
0,4,idle,842,0.006333000000040556,0
0,4,idle,843,0.002040999999962878,0
0,4,idle,844,0.0019999999999527063,0
0,4,idle,845,0.00204200000007404,0
0,4,idle,846,0.00204200000007404,0
0,4,idle,847,0.0025000000000545697,0
0,4,idle,848,0.002040999999962878,0
0,4,idle,849,0.002124999999978172,0
0,4,idle,850,0.001958000000058746,0
0,4,idle,851,0.0019999999999527063,0
0,4,idle,852,0.002375000000029104,0
0,4,idle,853,0.002083000000084212,0
0,4,idle,854,0.0020410000001902517,0
0,4,idle,855,0.001958000000058746,0
0,4,idle,856,0.0020839999999680003,0
0,4,idle,857,0.0029999999999290594,0
0,4,idle,858,0.0024580000001606095,0
0,4,idle,859,0.001958000000058746,0
0,4,idle,860,0.002083000000084212,0
0,4,idle,861,0.0019999999999527063,0
0,4,idle,862,0.00254199999994853,0
0,4,idle,863,0.002708999999867956,0
0,4,idle,864,0.00204200000007404,0
0,4,idle,865,0.001959000000169908,0
0,4,idle,866,0.0019170000000485743,0
0,4,idle,867,0.007082999999965978,0
0,4,idle,868,0.0025000000000545697,0
0,4,idle,869,0.0021669999998721323,0
0,4,idle,870,0.0021669999998721323,0
0,4,idle,871,0.0019999999999527063,0
0,4,idle,872,0.002040999999962878,0
0,4,idle,873,0.0025000000000545697,0
0,4,idle,874,0.002124999999978172,0
0,4,idle,875,0.006457999999838648,0
0,4,idle,876,0.002083000000084212,0
0,4,idle,877,0.0019170000000485743,0
0,4,idle,878,0.0019999999999527063,0
0,4,idle,879,0.002375000000029104,0
0,4,idle,880,0.002165999999988344,0
0,4,idle,881,0.002083000000084212,0
0,4,idle,882,0.002040999999962878,0
0,4,idle,883,0.0019999999999527063,0
0,4,idle,884,0.0024170000001504377,0
0,4,idle,885,0.0019589999999425345,0
0,4,idle,886,0.001958000000058746,0
0,4,idle,887,0.001958000000058746,0
0,4,idle,888,0.0025829999999587017,0
0,4,idle,889,0.002334000000018932,0
0,4,idle,890,0.006374999999934516,0
0,4,idle,891,0.0019999999999527063,0
0,4,idle,892,0.0019169999998212006,0
0,4,idle,893,0.016624999999976353,0
0,4,idle,894,0.003165999999964697,0
0,4,idle,895,0.002083000000084212,0
0,4,idle,896,0.00200000000018008,0
0,4,idle,897,0.0019999999999527063,0
0,4,idle,898,0.002375000000029104,0
0,4,idle,899,0.00254199999994853,0
0,4,idle,900,0.0023330000001351436,0
0,4,idle,901,0.002040999999962878,0
0,4,idle,902,0.0027499999998781277,0
0,4,idle,903,0.0021669999998721323,0
0,4,idle,904,0.0020419999998466665,0
0,4,idle,905,0.002624999999852662,0
0,4,idle,906,0.00200000000018008,0
0,4,idle,907,0.002167000000099506,0
0,4,idle,908,0.001958000000058746,0
0,4,idle,909,0.007000000000061846,0
0,4,idle,910,0.002916000000141139,0
0,4,idle,911,0.002250000000003638,0
0,4,idle,912,0.0061670000000049185,0
0,4,idle,913,0.002208000000109678,0
0,4,idle,914,0.00204200000007404,0
0,4,idle,915,0.0028330000000096334,0
0,4,idle,916,0.0020419999998466665,0
0,4,idle,917,0.0019999999999527063,0
0,4,idle,918,0.001958000000058746,0
0,4,idle,919,0.00204200000007404,0
0,4,idle,920,0.002457999999933236,0
0,4,idle,921,0.002124999999978172,0
0,4,idle,922,0.001958000000058746,0
0,4,idle,923,0.0020829999998568383,0
0,4,idle,924,0.0020829999998568383,0
0,4,idle,925,0.003290999999990163,0
0,4,idle,926,0.0025830000001860753,0
0,4,idle,927,0.00204200000007404,0
0,4,idle,928,0.0020839999999680003,0
0,4,idle,929,0.006750000000010914,0
0,4,idle,930,0.002040999999962878,0
0,4,idle,931,0.0027919999999994616,0
0,4,idle,932,0.0020419999998466665,0
0,4,idle,933,0.002375000000029104,0
0,4,idle,934,0.002083000000084212,0
0,4,idle,935,0.002165999999988344,0
0,4,idle,936,0.0025410000000647415,0
0,4,idle,937,0.002124999999978172,0
0,4,idle,938,0.0019999999999527063,0
0,4,idle,939,0.002208999999993466,0
0,4,idle,940,0.0020829999998568383,0
0,4,idle,941,0.0030419999998230196,0
0,4,idle,942,0.0020829999998568383,0
0,4,idle,943,0.0028330000000096334,0
0,4,idle,944,0.002040999999962878,0
0,4,idle,945,0.00233299999990777,0
0,4,idle,946,0.002040999999962878,0
0,4,idle,947,0.0025830000001860753,0
0,4,idle,948,0.0019999999999527063,0
0,4,idle,949,0.006709000000000742,0
0,4,idle,950,0.00237499999980173,0
0,4,idle,951,0.002125000000205546,0
0,4,idle,952,0.0025000000000545697,0
0,4,idle,953,0.0019999999999527063,0
0,4,idle,954,0.002165999999988344,0
0,4,idle,955,0.001958000000058746,0
0,4,idle,956,0.003083000000060565,0
0,4,idle,957,0.0026669999999739957,0
0,4,idle,958,0.00200000000018008,0
0,4,idle,959,0.0022499999997762643,0
0,4,idle,960,0.0019999999999527063,0
0,4,idle,961,0.002040999999962878,0
0,4,idle,962,0.0025829999999587017,0
0,4,idle,963,0.002167000000099506,0
0,4,idle,964,0.002208999999993466,0
0,4,idle,965,0.002499999999827196,0
0,4,idle,966,0.002250000000003638,0
0,4,idle,967,0.00200000000018008,0
0,4,idle,968,0.002459000000044398,0
0,4,idle,969,0.002083000000084212,0
0,4,idle,970,0.002375000000029104,0
0,4,idle,971,0.0019579999998313724,0
0,4,idle,972,0.002124999999978172,0
0,4,idle,973,0.0025000000000545697,0
0,4,idle,974,0.006291999999803011,0
0,4,idle,975,0.002208999999993466,0
0,4,idle,976,0.005916999999953987,0
0,4,idle,977,0.002208999999993466,0
0,4,idle,978,0.0026250000000800355,0
0,4,idle,979,0.002291999999897598,0
0,4,idle,980,0.0025830000001860753,0
0,4,idle,981,0.002167000000099506,0
0,4,idle,982,0.0020839999999680003,0
0,4,idle,983,0.002208000000109678,0
0,4,idle,984,0.002415999999811902,0
0,4,idle,985,0.002083000000084212,0
0,4,idle,986,0.0166660000002139,0
0,4,idle,987,0.003375000000005457,0
0,4,idle,988,0.003249999999979991,0
0,4,idle,989,0.0026250000000800355,0
0,4,idle,990,0.002124999999978172,0
0,4,idle,991,0.005709000000024389,0
0,4,idle,992,0.002083000000084212,0
0,4,idle,993,0.002083000000084212,0
0,4,idle,994,0.0027500000001055014,0
0,4,idle,995,0.00200000000018008,0
0,4,idle,996,0.002416999999923064,0
0,4,idle,997,0.002167000000099506,0
0,4,idle,998,0.002167000000099506,0
0,4,idle,999,0.0026250000000800355,0
0,4,event,0,0.03154199999994489,4
0,4,event,1,0.003332999999884123,0
0,4,event,2,0.0022910000000138098,0
0,4,event,3,0.002457999999933236,0
0,4,event,4,0.002040999999962878,0
0,4,event,5,0.0025410000000647415,0
0,4,event,6,0.002083000000084212,0
0,4,event,7,0.001958000000058746,0
0,4,event,8,0.00254199999994853,0
0,4,event,9,0.002040999999962878,0
0,4,event,10,0.0024160000000392756,0
0,4,event,11,0.0020410000001902517,0
0,4,event,12,0.00620800000001509,0
0,4,event,13,0.002207999999882304,0
0,4,event,14,0.003416999999899417,0
0,4,event,15,0.00204200000007404,0
0,4,event,16,0.0027500000001055014,0
0,4,event,17,0.0020839999999680003,0
0,4,event,18,0.0020839999999680003,0
0,4,event,19,0.00233299999990777,0
0,4,event,20,0.00200000000018008,0
0,4,event,21,0.0026250000000800355,0
0,4,event,22,0.0019170000000485743,0
0,4,event,23,0.00204200000007404,0
0,4,event,24,0.002040999999962878,0
0,4,event,25,0.002124999999978172,0
0,4,event,26,0.0025000000000545697,0
0,4,event,27,0.002208000000109678,0
0,4,event,28,0.002165999999988344,0
0,4,event,29,0.00204200000007404,0
0,4,event,30,0.0019999999999527063,0
0,4,event,31,0.0024580000001606095,0
0,4,event,32,0.005875000000060027,0
0,4,event,33,0.00204200000007404,0
0,4,event,34,0.0020839999999680003,0
0,4,event,35,0.00200000000018008,0
0,4,event,36,0.0019999999999527063,0
0,4,event,37,0.00620800000001509,0
0,4,event,38,0.002083000000084212,0
0,4,event,39,0.001958000000058746,0
0,4,event,40,0.002124999999978172,0
0,4,event,41,0.0018749999999272404,0
0,4,event,42,0.0024160000000392756,0
0,4,event,43,0.002083000000084212,0
0,4,event,44,0.0019170000000485743,0
0,4,event,45,0.0026250000000800355,0
0,4,event,46,0.001958000000058746,0
0,4,event,47,0.0027079999999841675,0
0,4,event,48,0.0019170000000485743,0
0,4,event,49,0.002165999999988344,0
0,4,event,50,0.002040999999962878,0
0,4,event,51,0.0018749999999272404,0
0,4,event,52,0.0025830000001860753,0
0,4,event,53,0.00204200000007404,0
0,4,event,54,0.002708999999867956,0
0,4,event,55,0.00204200000007404,0
0,4,event,56,0.00200000000018008,0
0,4,event,57,0.00204200000007404,0
0,4,event,58,0.0024170000001504377,0
0,4,event,59,0.007167000000208645,0
0,4,event,60,0.023957999999993262,4
0,4,event,61,0.0036670000001777225,0
0,4,event,62,0.0022910000000138098,0
0,4,event,63,0.0020419999998466665,0
0,4,event,64,0.0019999999999527063,0
0,4,event,65,0.00200000000018008,0
0,4,event,66,0.003375000000005457,0
0,4,event,67,0.0026669999999739957,0
0,4,event,68,0.006333999999924345,0
0,4,event,69,0.002167000000099506,0
0,4,event,70,0.0019999999999527063,0
0,4,event,71,0.0025000000000545697,0
0,4,event,72,0.002165999999988344,0
0,4,event,73,0.005290999999942869,0
0,4,event,74,0.002040999999962878,0
0,4,event,75,0.002124999999978172,0
0,4,event,76,0.002083000000084212,0
0,4,event,77,0.0038340000000971486,0
0,4,event,78,0.002124999999978172,0
0,4,event,79,0.0020419999998466665,0
0,4,event,80,0.002250000000003638,0
0,4,event,81,0.0019999999999527063,0
0,4,event,82,0.0025420000001759036,0
0,4,event,83,0.0019159999999374122,0
0,4,event,84,0.002124999999978172,0
0,4,event,85,0.0019999999999527063,0
0,4,event,86,0.002083000000084212,0
0,4,event,87,0.0025000000000545697,0
0,4,event,88,0.0029170000000249274,0
0,4,event,89,0.002124999999978172,0
0,4,event,90,0.001958000000058746,0
0,4,event,91,0.0019579999998313724,0
0,4,event,92,0.0028749999999035936,0
0,4,event,93,0.001958000000058746,0
0,4,event,94,0.00204200000007404,0
0,4,event,95,0.0018749999999272404,0
0,4,event,96,0.001958000000058746,0
0,4,event,97,0.0018749999999272404,0
0,4,event,98,0.0027090000000953296,0
0,4,event,99,0.001958000000058746,0
0,4,event,100,0.002040999999962878,0
0,4,event,101,0.0018749999999272404,0
0,4,event,102,0.0019170000000485743,0
0,4,event,103,0.002416999999923064,0
0,4,event,104,0.0020839999999680003,0
0,4,event,105,0.007792000000108601,0
0,4,event,106,0.002208999999993466,0
0,4,event,107,0.001959000000169908,0
0,4,event,108,0.003334000000222659,0
0,4,event,109,0.0019170000000485743,0
0,4,event,110,0.002208999999993466,0
0,4,event,111,0.002291999999897598,0
0,4,event,112,0.0019589999999425345,0
0,4,event,113,0.0024170000001504377,0
0,4,event,114,0.002083000000084212,0
0,4,event,115,0.0019579999998313724,0
0,4,event,116,0.0019999999999527063,0
0,4,event,117,0.0025830000001860753,0
0,4,event,118,0.00204200000007404,0
0,4,event,119,0.006292000000030384,0
0,4,event,120,0.026374999999916326,4
0,4,event,121,0.003417000000126791,0
0,4,event,122,0.0028330000000096334,0
0,4,event,123,0.002040999999962878,0
0,4,event,124,0.00204200000007404,0
0,4,event,125,0.00200000000018008,0
0,4,event,126,0.0019999999999527063,0
0,4,event,127,0.00254199999994853,0
0,4,event,128,0.001958000000058746,0
0,4,event,129,0.0020419999998466665,0
0,4,event,130,0.00204200000007404,0
0,4,event,131,0.0019589999999425345,0
0,4,event,132,0.0024170000001504377,0
0,4,event,133,0.0019999999999527063,0
0,4,event,134,0.007083000000193351,0
0,4,event,135,0.0019589999999425345,0
0,4,event,136,0.0019589999999425345,0
0,4,event,137,0.002124999999978172,0
0,4,event,138,0.0025000000000545697,0
0,4,event,139,0.002167000000099506,0
0,4,event,140,0.0029589999999188876,0
0,4,event,141,0.006125000000110958,0
0,4,event,142,0.002375000000029104,0
0,4,event,143,0.00254199999994853,0
0,4,event,144,0.002124999999978172,0
0,4,event,145,0.0019170000000485743,0
0,4,event,146,0.001958000000058746,0
0,4,event,147,0.0020829999998568383,0
0,4,event,148,0.002334000000018932,0
0,4,event,149,0.0020419999998466665,0
0,4,event,150,0.0020829999998568383,0
0,4,event,151,0.0020839999999680003,0
0,4,event,152,0.001958000000058746,0
0,4,event,153,0.0025000000000545697,0
0,4,event,154,0.0019999999999527063,0
0,4,event,155,0.002040999999962878,0
0,4,event,156,0.0019999999999527063,0
0,4,event,157,0.002292000000124972,0
0,4,event,158,0.0019159999999374122,0
0,4,event,159,0.0025000000000545697,0
0,4,event,160,0.0019589999999425345,0
0,4,event,161,0.0019170000000485743,0
0,4,event,162,0.00204200000007404,0
0,4,event,163,0.00204200000007404,0
0,4,event,164,0.00233299999990777,0
0,4,event,165,0.001958000000058746,0
0,4,event,166,0.002124999999978172,0
0,4,event,167,0.002165999999988344,0
0,4,event,168,0.002167000000099506,0
0,4,event,169,0.00254199999994853,0
0,4,event,170,0.0019170000000485743,0
0,4,event,171,0.0029999999999290594,0
0,4,event,172,0.0019999999999527063,0
0,4,event,173,0.0025000000000545697,0
0,4,event,174,0.0028749999999035936,0
0,4,event,175,0.0025410000000647415,0
0,4,event,176,0.0019159999999374122,0
0,4,event,177,0.002165999999988344,0
0,4,event,178,0.002083000000084212,0
0,4,event,179,0.009292000000186817,0
0,4,event,180,0.024625000000014552,4
0,4,event,181,0.0029170000000249274,0
0,4,event,182,0.002124999999978172,0
0,4,event,183,0.0027500000001055014,0
0,4,event,184,0.002083000000084212,0
0,4,event,185,0.0019170000000485743,0
0,4,event,186,0.0020839999999680003,0
0,4,event,187,0.001958000000058746,0
0,4,event,188,0.0025000000000545697,0
0,4,event,189,0.00204200000007404,0
0,4,event,190,0.0019579999998313724,0
0,4,event,191,0.0019999999999527063,0
0,4,event,192,0.0019589999999425345,0
0,4,event,193,0.0025000000000545697,0
0,4,event,194,0.001958000000058746,0
0,4,event,195,0.006542000000081316,0
0,4,event,196,0.002040999999962878,0
0,4,event,197,0.0019999999999527063,0
0,4,event,198,0.002125000000205546,0
0,4,event,199,0.0025410000000647415,0
0,4,event,200,0.002124999999978172,0
0,4,event,201,0.005541999999877589,0
0,4,event,202,0.002291999999897598,0
0,4,event,203,0.003083000000060565,0
0,4,event,204,0.0025829999999587017,0
0,4,event,205,0.0019999999999527063,0
0,4,event,206,0.0025840000000698637,0
0,4,event,207,0.0019589999999425345,0
0,4,event,208,0.002083000000084212,0
0,4,event,209,0.0024160000000392756,0
0,4,event,210,0.002040999999962878,0
0,4,event,211,0.002083000000084212,0
0,4,event,212,0.002124999999978172,0
0,4,event,213,0.0019999999999527063,0
0,4,event,214,0.0026670000002013694,0
0,4,event,215,0.005957999999964159,0
0,4,event,216,0.002165999999988344,0
0,4,event,217,0.001958000000058746,0
0,4,event,218,0.002124999999978172,0
0,4,event,219,0.0019999999999527063,0
0,4,event,220,0.0025840000000698637,0
0,4,event,221,0.0020419999998466665,0
0,4,event,222,0.0019999999999527063,0
0,4,event,223,0.00200000000018008,0
0,4,event,224,0.00204200000007404,0
0,4,event,225,0.00258399999984249,0
0,4,event,226,0.0019999999999527063,0
0,4,event,227,0.0020410000001902517,0
0,4,event,228,0.002083000000084212,0
0,4,event,229,0.0019579999998313724,0
0,4,event,230,0.002499999999827196,0
0,4,event,231,0.0020410000001902517,0
0,4,event,232,0.002124999999978172,0
0,4,event,233,0.0019170000000485743,0
0,4,event,234,0.0026669999999739957,0
0,4,event,235,0.0024170000001504377,0
0,4,event,236,0.0019999999999527063,0
0,4,event,237,0.0019999999999527063,0
0,4,event,238,0.002207999999882304,0
0,4,event,239,0.005709000000024389,0
0,4,event,240,0.022375000000010914,4
0,4,event,241,0.0026669999999739957,0
0,4,event,242,0.0027500000001055014,0
0,4,event,243,0.002040999999962878,0
0,4,event,244,0.0029170000000249274,0
0,4,event,245,0.0020419999998466665,0
0,4,event,246,0.00204200000007404,0
0,4,event,247,0.002084000000195374,0
0,4,event,248,0.00233299999990777,0
0,4,event,249,0.0027079999999841675,0
0,4,event,250,0.00200000000018008,0
0,4,event,251,0.00641700000005585,0
0,4,event,252,0.0022910000000138098,0
0,4,event,253,0.0019999999999527063,0
0,4,event,254,0.002459000000044398,0
0,4,event,255,0.002250000000003638,0
0,4,event,256,0.02275000000008731,0
0,4,event,257,0.002250000000003638,0
0,4,event,258,0.002083000000084212,0
0,4,event,259,0.003666999999950349,0
0,4,event,260,0.002124999999978172,0
0,4,event,261,0.0019999999999527063,0
0,4,event,262,0.0019170000000485743,0
0,4,event,263,0.0019999999999527063,0
0,4,event,264,0.0026250000000800355,0
0,4,event,265,0.0019160000001647859,0
0,4,event,266,0.002416999999923064,0
0,4,event,267,0.0018749999999272404,0
0,4,event,268,0.0017920000000231084,0
0,4,event,269,0.0019999999999527063,0
0,4,event,270,0.0024160000000392756,0
0,4,event,271,0.0018330000000332802,0
0,4,event,272,0.0019159999999374122,0
0,4,event,273,0.001958000000058746,0
0,4,event,274,0.0018329999998059066,0
0,4,event,275,0.002457999999933236,0
0,4,event,276,0.0018330000000332802,0
0,4,event,277,0.0019170000000485743,0
0,4,event,278,0.0018330000000332802,0
0,4,event,279,0.0019999999999527063,0
0,4,event,280,0.002291999999897598,0
0,4,event,281,0.0020839999999680003,0
0,4,event,282,0.0018749999999272404,0
0,4,event,283,0.006542000000081316,0
0,4,event,284,0.0019589999999425345,0
0,4,event,285,0.00233299999990777,0
0,4,event,286,0.0018749999999272404,0
0,4,event,287,0.0019589999999425345,0
0,4,event,288,0.001875000000154614,0
0,4,event,289,0.005625000000009095,0
0,4,event,290,0.0020419999998466665,0
0,4,event,291,0.00233299999990777,0
0,4,event,292,0.0029169999997975538,0
0,4,event,293,0.0019589999999425345,0
0,4,event,294,0.0019169999998212006,0
0,4,event,295,0.0019170000000485743,0
0,4,event,296,0.002292000000124972,0
0,4,event,297,0.0018330000000332802,0
0,4,event,298,0.002040999999962878,0
0,4,event,299,0.005375000000185537,0
0,4,event,300,0.05170799999996234,4
0,4,event,301,0.0032079999998586572,0
0,4,event,302,0.002375000000029104,0
0,4,event,303,0.0019999999999527063,0
0,4,event,304,0.0026669999999739957,0
0,4,event,305,0.00254199999994853,0
0,4,event,306,0.0019170000000485743,0
0,4,event,307,0.0019589999999425345,0
0,4,event,308,0.0017920000000231084,0
0,4,event,309,0.0025829999999587017,0
0,4,event,310,0.001958000000058746,0
0,4,event,311,0.0018749999999272404,0
0,4,event,312,0.0018330000000332802,0
0,4,event,313,0.0019159999999374122,0
0,4,event,314,0.0018330000000332802,0
0,4,event,315,0.002250000000003638,0
0,4,event,316,0.002250000000003638,0
0,4,event,317,0.01258300000017698,0
0,4,event,318,0.002124999999978172,0
0,4,event,319,0.0019579999998313724,0
0,4,event,320,0.002165999999988344,0
0,4,event,321,0.001875000000154614,0
0,4,event,322,0.0017920000000231084,0
0,4,event,323,0.0018330000000332802,0
0,4,event,324,0.0019999999999527063,0
0,4,event,325,0.0060829999999896245,0
0,4,event,326,0.002165999999988344,0
0,4,event,327,0.001958000000058746,0
0,4,event,328,0.0019169999998212006,0
0,4,event,329,0.001875000000154614,0
0,4,event,330,0.002375000000029104,0
0,4,event,331,0.0018330000000332802,0
0,4,event,332,0.0019589999999425345,0
0,4,event,333,0.001958000000058746,0
0,4,event,334,0.0018749999999272404,0
0,4,event,335,0.0017500000001291482,0
0,4,event,336,0.002250000000003638,0
0,4,event,337,0.0017920000000231084,0
0,4,event,338,0.0017920000000231084,0
0,4,event,339,0.0017920000000231084,0
0,4,event,340,0.0019579999998313724,0
0,4,event,341,0.002457999999933236,0
0,4,event,342,0.0019159999999374122,0
0,4,event,343,0.0024160000000392756,0
0,4,event,344,0.0018329999998059066,0
0,4,event,345,0.0017909999999119464,0
0,4,event,346,0.0029999999999290594,0
0,4,event,347,0.0019999999999527063,0
0,4,event,348,0.0018330000000332802,0
0,4,event,349,0.0019169999998212006,0
0,4,event,350,0.0017499999999017746,0
0,4,event,351,0.002334000000018932,0
0,4,event,352,0.0017920000000231084,0
0,4,event,353,0.00204200000007404,0
0,4,event,354,0.0019999999999527063,0
0,4,event,355,0.0019169999998212006,0
0,4,event,356,0.0018749999999272404,0
0,4,event,357,0.002291999999897598,0
0,4,event,358,0.005750000000034561,0
0,4,event,359,0.002083000000084212,0
0,4,event,360,0.028042000000141343,4
0,4,event,361,0.0069580000001678854,0
0,4,event,362,0.002124999999978172,0
0,4,event,363,0.002207999999882304,0
0,4,event,364,0.005415999999968335,0
0,4,event,365,0.0028330000000096334,0
0,4,event,366,0.0017909999999119464,0
0,4,event,367,0.0019160000001647859,0
0,4,event,368,0.0025829999999587017,0
0,4,event,369,0.001958000000058746,0
0,4,event,370,0.002375000000029104,0
0,4,event,371,0.001959000000169908,0
0,4,event,372,0.001875000000154614,0
0,4,event,373,0.0018749999999272404,0
0,4,event,374,0.0019999999999527063,0
0,4,event,375,0.0019589999999425345,0
0,4,event,376,0.002334000000018932,0
0,4,event,377,0.0018330000000332802,0
0,4,event,378,0.005375000000185537,0
0,4,event,379,0.0019589999999425345,0
0,4,event,380,0.0018330000000332802,0
0,4,event,381,0.0021669999998721323,0
0,4,event,382,0.0018329999998059066,0
0,4,event,383,0.00179100000013932,0
0,4,event,384,0.0018749999999272404,0
0,4,event,385,0.00200000000018008,0
0,4,event,386,0.0025000000000545697,0
0,4,event,387,0.0017920000000231084,0
0,4,event,388,0.0018339999999170686,0
0,4,event,389,0.0019170000000485743,0
0,4,event,390,0.0018330000000332802,0
0,4,event,391,0.002375000000029104,0
0,4,event,392,0.0017920000000231084,0
0,4,event,393,0.0017920000000231084,0
0,4,event,394,0.001959000000169908,0
0,4,event,395,0.0017920000000231084,0
0,4,event,396,0.0018330000000332802,0
0,4,event,397,0.0025000000000545697,0
0,4,event,398,0.005208000000038737,0
0,4,event,399,0.002292000000124972,0
0,4,event,400,0.0019159999999374122,0
0,4,event,401,0.0025410000000647415,0
0,4,event,402,0.00233299999990777,0
0,4,event,403,0.0018749999999272404,0
0,4,event,404,0.0017920000000231084,0
0,4,event,405,0.0018339999999170686,0
0,4,event,406,0.0017500000001291482,0
0,4,event,407,0.002250000000003638,0
0,4,event,408,0.0017499999999017746,0
0,4,event,409,0.001875000000154614,0
0,4,event,410,0.0018330000000332802,0
0,4,event,411,0.0018339999999170686,0
0,4,event,412,0.00233299999990777,0
0,4,event,413,0.0019999999999527063,0
0,4,event,414,0.00200000000018008,0
0,4,event,415,0.0018340000001444423,0
0,4,event,416,0.0018749999999272404,0
0,4,event,417,0.0018329999998059066,0
0,4,event,418,0.005791000000044733,0
0,4,event,419,0.0019579999998313724,0
0,4,event,420,0.021666000000095664,4
0,4,event,421,0.004125000000158252,0
0,4,event,422,0.0019170000000485743,0
0,4,event,423,0.00179100000013932,0
0,4,event,424,0.0027079999999841675,0
0,4,event,425,0.0023330000001351436,0
0,4,event,426,0.002250000000003638,0
0,4,event,427,0.0023330000001351436,0
0,4,event,428,0.001875000000154614,0
0,4,event,429,0.0017500000001291482,0
0,4,event,430,0.0018330000000332802,0
0,4,event,431,0.0029159999999137654,0
0,4,event,432,0.0018749999999272404,0
0,4,event,433,0.0018330000000332802,0
0,4,event,434,0.0019159999999374122,0
0,4,event,435,0.006041000000095664,0
0,4,event,436,0.0019160000001647859,0
0,4,event,437,0.002167000000099506,0
0,4,event,438,0.0019999999999527063,0
0,4,event,439,0.005208999999922526,0
0,4,event,440,0.0019999999999527063,0
0,4,event,441,0.0019160000001647859,0
0,4,event,442,0.002375000000029104,0
0,4,event,443,0.001959000000169908,0
0,4,event,444,0.0017499999999017746,0
0,4,event,445,0.0017920000000231084,0
0,4,event,446,0.005458999999973457,0
0,4,event,447,0.0025829999999587017,0
0,4,event,448,0.0018330000000332802,0
0,4,event,449,0.0019999999999527063,0
0,4,event,450,0.0019160000001647859,0
0,4,event,451,0.0018749999999272404,0
0,4,event,452,0.002165999999988344,0
0,4,event,453,0.0019159999999374122,0
0,4,event,454,0.0017919999997957348,0
0,4,event,455,0.00200000000018008,0
0,4,event,456,0.0018339999999170686,0
0,4,event,457,0.00204200000007404,0
0,4,event,458,0.00237499999980173,0
0,4,event,459,0.0017499999999017746,0
0,4,event,460,0.0019169999998212006,0
0,4,event,461,0.0019170000000485743,0
0,4,event,462,0.0018749999999272404,0
0,4,event,463,0.00233299999990777,0
0,4,event,464,0.0018330000000332802,0
0,4,event,465,0.001958000000058746,0
0,4,event,466,0.0018330000000332802,0
0,4,event,467,0.0019169999998212006,0
0,4,event,468,0.002292000000124972,0
0,4,event,469,0.0019170000000485743,0
0,4,event,470,0.0018330000000332802,0
0,4,event,471,0.0018339999999170686,0
0,4,event,472,0.005709000000024389,0
0,4,event,473,0.0019589999999425345,0
0,4,event,474,0.002292000000124972,0
0,4,event,475,0.00204200000007404,0
0,4,event,476,0.0017920000000231084,0
0,4,event,477,0.0019170000000485743,0
0,4,event,478,0.005499999999983629,0
0,4,event,479,0.002457999999933236,0
0,4,event,480,0.020958000000064203,4
0,4,event,481,0.002415999999811902,0
0,4,event,482,0.0026660000000902073,0
0,4,event,483,0.002457999999933236,0
0,4,event,484,0.0018329999998059066,0
0,4,event,485,0.002124999999978172,0
0,4,event,486,0.0018749999999272404,0
0,4,event,487,0.002375000000029104,0
0,4,event,488,0.0018330000000332802,0
0,4,event,489,0.001875000000154614,0
0,4,event,490,0.0017499999999017746,0
0,4,event,491,0.0017920000000231084,0
0,4,event,492,0.002167000000099506,0
0,4,event,493,0.001875000000154614,0
0,4,event,494,0.0025829999999587017,0
0,4,event,495,0.0019999999999527063,0
0,4,event,496,0.001875000000154614,0
0,4,event,497,0.0018749999999272404,0
0,4,event,498,0.0021669999998721323,0
0,4,event,499,0.0018749999999272404,0
0,4,event,500,0.0060829999999896245,0
0,4,event,501,0.001958000000058746,0
0,4,event,502,0.002124999999978172,0
0,4,event,503,0.00254199999994853,0
0,4,event,504,0.0019160000001647859,0
0,4,event,505,0.0019579999998313724,0
0,4,event,506,0.0018749999999272404,0
0,4,event,507,0.0019170000000485743,0
0,4,event,508,0.005708000000140601,0
0,4,event,509,0.002124999999978172,0
0,4,event,510,0.003125000000181899,0
0,4,event,511,0.0019160000001647859,0
0,4,event,512,0.0017920000000231084,0
0,4,event,513,0.002292000000124972,0
0,4,event,514,0.0018330000000332802,0
0,4,event,515,0.0019160000001647859,0
0,4,event,516,0.0019170000000485743,0
0,4,event,517,0.0018339999999170686,0
0,4,event,518,0.0018329999998059066,0
0,4,event,519,0.002250000000003638,0
0,4,event,520,0.0018749999999272404,0
0,4,event,521,0.0019999999999527063,0
0,4,event,522,0.0018339999999170686,0
0,4,event,523,0.0019170000000485743,0
0,4,event,524,0.0027079999999841675,0
0,4,event,525,0.0018330000000332802,0
0,4,event,526,0.0017909999999119464,0
0,4,event,527,0.001875000000154614,0
0,4,event,528,0.0017920000000231084,0
0,4,event,529,0.006832999999915046,0
0,4,event,530,0.0018749999999272404,0
0,4,event,531,0.0018749999999272404,0
0,4,event,532,0.00179100000013932,0
0,4,event,533,0.0019159999999374122,0
0,4,event,534,0.0017920000000231084,0
0,4,event,535,0.00233299999990777,0
0,4,event,536,0.0019999999999527063,0
0,4,event,537,0.001875000000154614,0
0,4,event,538,0.005333000000064203,0
0,4,event,539,0.0019170000000485743,0
0,4,event,540,0.021707999999989624,4
0,4,event,541,0.002457999999933236,0
0,4,event,542,0.0019999999999527063,0
0,4,event,543,0.0025000000000545697,0
0,4,event,544,0.001958000000058746,0
0,4,event,545,0.0060000000000854925,0
0,4,event,546,0.002083000000084212,0
0,4,event,547,0.0017909999999119464,0
0,4,event,548,0.002375000000029104,0
0,4,event,549,0.0019170000000485743,0
0,4,event,550,0.0017920000000231084,0
0,4,event,551,0.005708999999797015,0
0,4,event,552,0.0019170000000485743,0
0,4,event,553,0.002208999999993466,0
0,4,event,554,0.0018339999999170686,0
0,4,event,555,0.0017920000000231084,0
0,4,event,556,0.0019170000000485743,0
0,4,event,557,0.00870800000006966,0
0,4,event,558,0.00237499999980173,0
0,4,event,559,0.002459000000044398,0
0,4,event,560,0.0019999999999527063,0
0,4,event,561,0.005791999999928521,0
0,4,event,562,0.0019999999999527063,0
0,4,event,563,0.0018330000000332802,0
0,4,event,564,0.00237499999980173,0
0,4,event,565,0.002457999999933236,0
0,4,event,566,0.0017909999999119464,0
0,4,event,567,0.002125000000205546,0
0,4,event,568,0.0017499999999017746,0
0,4,event,569,0.002416999999923064,0
0,4,event,570,0.0018749999999272404,0
0,4,event,571,0.0019170000000485743,0
0,4,event,572,0.0018330000000332802,0
0,4,event,573,0.001875000000154614,0
0,4,event,574,0.0018330000000332802,0
0,4,event,575,0.00233299999990777,0
0,4,event,576,0.0019170000000485743,0
0,4,event,577,0.0017919999997957348,0
0,4,event,578,0.0017920000000231084,0
0,4,event,579,0.0018339999999170686,0
0,4,event,580,0.002375000000029104,0
0,4,event,581,0.0024170000001504377,0
0,4,event,582,0.005542000000104963,0
0,4,event,583,0.001958000000058746,0
0,4,event,584,0.001875000000154614,0
0,4,event,585,0.002292000000124972,0
0,4,event,586,0.0018749999999272404,0
0,4,event,587,0.0018340000001444423,0
0,4,event,588,0.0018330000000332802,0
0,4,event,589,0.0017920000000231084,0
0,4,event,590,0.002167000000099506,0
0,4,event,591,0.0017500000001291482,0
0,4,event,592,0.0017909999999119464,0
0,4,event,593,0.0017499999999017746,0
0,4,event,594,0.002167000000099506,0
0,4,event,595,0.001875000000154614,0
0,4,event,596,0.002334000000018932,0
0,4,event,597,0.00200000000018008,0
0,4,event,598,0.0049579999999878055,0
0,4,event,599,0.0019999999999527063,0
0,4,event,600,0.021707999999989624,4
0,4,event,601,0.0027499999998781277,0
0,4,event,602,0.0019999999999527063,0
0,4,event,603,0.0019160000001647859,0
0,4,event,604,0.002375000000029104,0
0,4,event,605,0.001959000000169908,0
0,4,event,606,0.0019999999999527063,0
0,4,event,607,0.0018330000000332802,0
0,4,event,608,0.0017920000000231084,0
0,4,event,609,0.002250000000003638,0
0,4,event,610,0.006374999999934516,0
0,4,event,611,0.0018749999999272404,0
0,4,event,612,0.0018330000000332802,0
0,4,event,613,0.0019999999999527063,0
0,4,event,614,0.0017920000000231084,0
0,4,event,615,0.0021669999998721323,0
0,4,event,616,0.0018339999999170686,0
0,4,event,617,0.0018330000000332802,0
0,4,event,618,0.005957999999964159,0
0,4,event,619,0.0018749999999272404,0
0,4,event,620,0.003249999999979991,0
0,4,event,621,0.0019169999998212006,0
0,4,event,622,0.005582999999887761,0
0,4,event,623,0.00670799999988958,0
0,4,event,624,0.002250000000003638,0
0,4,event,625,0.0026669999999739957,0
0,4,event,626,0.0019170000000485743,0
0,4,event,627,0.0019159999999374122,0
0,4,event,628,0.0018749999999272404,0
0,4,event,629,0.0019999999999527063,0
0,4,event,630,0.002375000000029104,0
0,4,event,631,0.0019170000000485743,0
0,4,event,632,0.001875000000154614,0
0,4,event,633,0.0017920000000231084,0
0,4,event,634,0.0027500000001055014,0
0,4,event,635,0.0019999999999527063,0
0,4,event,636,0.001958000000058746,0
0,4,event,637,0.0020419999998466665,0
0,4,event,638,0.0018340000001444423,0
0,4,event,639,0.0025829999999587017,0
0,4,event,640,0.00179100000013932,0
0,4,event,641,0.0019170000000485743,0
0,4,event,642,0.0018749999999272404,0
0,4,event,643,0.0018749999999272404,0
0,4,event,644,0.002208000000109678,0
0,4,event,645,0.001875000000154614,0
0,4,event,646,0.0018339999999170686,0
0,4,event,647,0.0018749999999272404,0
0,4,event,648,0.001875000000154614,0
0,4,event,649,0.002459000000044398,0
0,4,event,650,0.0018330000000332802,0
0,4,event,651,0.0018749999999272404,0
0,4,event,652,0.0017499999999017746,0
0,4,event,653,0.0018749999999272404,0
0,4,event,654,0.0017500000001291482,0
0,4,event,655,0.005832999999938693,0
0,4,event,656,0.0021660000002157176,0
0,4,event,657,0.005625000000009095,0
0,4,event,658,0.002084000000195374,0
0,4,event,659,0.0018330000000332802,0
0,4,event,660,0.021666999999979453,4
0,4,event,661,0.0024170000001504377,0
0,4,event,662,0.0018749999999272404,0
0,4,event,663,0.0025000000000545697,0
0,4,event,664,0.0018749999999272404,0
0,4,event,665,0.002208999999993466,0
0,4,event,666,0.001875000000154614,0
0,4,event,667,0.0019159999999374122,0
0,4,event,668,0.002292000000124972,0
0,4,event,669,0.0019170000000485743,0
0,4,event,670,0.0018330000000332802,0
0,4,event,671,0.0018340000001444423,0
0,4,event,672,0.0018339999999170686,0
0,4,event,673,0.002208000000109678,0
0,4,event,674,0.0025410000000647415,0
0,4,event,675,0.002375000000029104,0
0,4,event,676,0.002167000000099506,0
0,4,event,677,0.0019170000000485743,0
0,4,event,678,0.0022499999997762643,0
0,4,event,679,0.0024160000000392756,0
0,4,event,680,0.0019159999999374122,0
0,4,event,681,0.0018749999999272404,0
0,4,event,682,0.0018330000000332802,0
0,4,event,683,0.006709000000000742,0
0,4,event,684,0.0024580000001606095,0
0,4,event,685,0.0018329999998059066,0
0,4,event,686,0.0019159999999374122,0
0,4,event,687,0.0019579999998313724,0
0,4,event,688,0.00179100000013932,0
0,4,event,689,0.002250000000003638,0
0,4,event,690,0.0019170000000485743,0
0,4,event,691,0.001958000000058746,0
0,4,event,692,0.009291999999959444,0
0,4,event,693,0.001958000000058746,0
0,4,event,694,0.002250000000003638,0
0,4,event,695,0.0018749999999272404,0
0,4,event,696,0.0019589999999425345,0
0,4,event,697,0.0018330000000332802,0
0,4,event,698,0.0017920000000231084,0
0,4,event,699,0.0018339999999170686,0
0,4,event,700,0.002375000000029104,0
0,4,event,701,0.0018749999999272404,0
0,4,event,702,0.0017920000000231084,0
0,4,event,703,0.0019169999998212006,0
0,4,event,704,0.0018330000000332802,0
0,4,event,705,0.002208999999993466,0
0,4,event,706,0.0018339999999170686,0
0,4,event,707,0.00200000000018008,0
0,4,event,708,0.0018330000000332802,0
0,4,event,709,0.0018330000000332802,0
0,4,event,710,0.002165999999988344,0
0,4,event,711,0.0018330000000332802,0
0,4,event,712,0.0017920000000231084,0
0,4,event,713,0.0017909999999119464,0
0,4,event,714,0.0018330000000332802,0
0,4,event,715,0.0018330000000332802,0
0,4,event,716,0.0024160000000392756,0
0,4,event,717,0.005916999999953987,0
0,4,event,718,0.00204200000007404,0
0,4,event,719,0.0017920000000231084,0
0,4,event,720,0.0211659999999938,4
0,4,event,721,0.0026250000000800355,0
0,4,event,722,0.001959000000169908,0
0,4,event,723,0.0019170000000485743,0
0,4,event,724,0.002540999999837368,0
0,4,event,725,0.00200000000018008,0
0,4,event,726,0.0019589999999425345,0
0,4,event,727,0.0019170000000485743,0
0,4,event,728,0.0071250000000873115,0
0,4,event,729,0.0024170000001504377,0
0,4,event,730,0.001958000000058746,0
0,4,event,731,0.0018340000001444423,0
0,4,event,732,0.0018330000000332802,0
0,4,event,733,0.0018749999999272404,0
0,4,event,734,0.002124999999978172,0
0,4,event,735,0.0018749999999272404,0
0,4,event,736,0.0017499999999017746,0
0,4,event,737,0.001875000000154614,0
0,4,event,738,0.001958000000058746,0
0,4,event,739,0.001875000000154614,0
0,4,event,740,0.0022910000000138098,0
0,4,event,741,0.0017909999999119464,0
0,4,event,742,0.0018330000000332802,0
0,4,event,743,0.0018330000000332802,0
0,4,event,744,0.005499999999983629,0
0,4,event,745,0.00237499999980173,0
0,4,event,746,0.00254199999994853,0
0,4,event,747,0.0018749999999272404,0
0,4,event,748,0.002040999999962878,0
0,4,event,749,0.0018749999999272404,0
0,4,event,750,0.002250000000003638,0
0,4,event,751,0.002083000000084212,0
0,4,event,752,0.0019170000000485743,0
0,4,event,753,0.0018749999999272404,0
0,4,event,754,0.001958000000058746,0
0,4,event,755,0.0017919999997957348,0
0,4,event,756,0.002291999999897598,0
0,4,event,757,0.0019170000000485743,0
0,4,event,758,0.0018340000001444423,0
0,4,event,759,0.0017500000001291482,0
0,4,event,760,0.0017500000001291482,0
0,4,event,761,0.0021660000002157176,0
0,4,event,762,0.002208000000109678,0
0,4,event,763,0.0019170000000485743,0
0,4,event,764,0.002375000000029104,0
0,4,event,765,0.0059170000001813605,0
0,4,event,766,0.002416999999923064,0
0,4,event,767,0.0019159999999374122,0
0,4,event,768,0.0018330000000332802,0
0,4,event,769,0.00179100000013932,0
0,4,event,770,0.0017499999999017746,0
0,4,event,771,0.002292000000124972,0
0,4,event,772,0.0017920000000231084,0
0,4,event,773,0.001875000000154614,0
0,4,event,774,0.005249999999932697,0
0,4,event,775,0.001958000000058746,0
0,4,event,776,0.0017080000000078144,0
0,4,event,777,0.005624999999781721,0
0,4,event,778,0.002167000000099506,0
0,4,event,779,0.0018330000000332802,0
0,4,event,780,0.02112499999998363,4
0,4,event,781,0.0026669999999739957,0
0,4,event,782,0.001875000000154614,0
0,4,event,783,0.0019999999999527063,0
0,4,event,784,0.0017909999999119464,0
0,4,event,785,0.002457999999933236,0
0,4,event,786,0.0061670000000049185,0
0,4,event,787,0.002167000000099506,0
0,4,event,788,0.0018330000000332802,0
0,4,event,789,0.0019159999999374122,0
0,4,event,790,0.002250000000003638,0
0,4,event,791,0.0018749999999272404,0
0,4,event,792,0.0018749999999272404,0
0,4,event,793,0.0017500000001291482,0
0,4,event,794,0.0018330000000332802,0
0,4,event,795,0.0018330000000332802,0
0,4,event,796,0.00204200000007404,0
0,4,event,797,0.0018330000000332802,0
0,4,event,798,0.0017499999999017746,0
0,4,event,799,0.0018749999999272404,0
0,4,event,800,0.0019170000000485743,0
0,4,event,801,0.002250000000003638,0
0,4,event,802,0.005208000000038737,0
0,4,event,803,0.0019170000000485743,0
0,4,event,804,0.0017920000000231084,0
0,4,event,805,0.005708000000140601,0
0,4,event,806,0.0024170000001504377,0
0,4,event,807,0.002083000000084212,0
0,4,event,808,0.002416999999923064,0
0,4,event,809,0.00254199999994853,0
0,4,event,810,0.002124999999978172,0
0,4,event,811,0.002208999999993466,0
0,4,event,812,0.0018749999999272404,0
0,4,event,813,0.0017499999999017746,0
0,4,event,814,0.0018330000000332802,0
0,4,event,815,0.0017500000001291482,0
0,4,event,816,0.0017499999999017746,0
0,4,event,817,0.0023330000001351436,0
0,4,event,818,0.0019999999999527063,0
0,4,event,819,0.0017920000000231084,0
0,4,event,820,0.0018339999999170686,0
0,4,event,821,0.0017920000000231084,0
0,4,event,822,0.002208999999993466,0
0,4,event,823,0.0017920000000231084,0
0,4,event,824,0.0017920000000231084,0
0,4,event,825,0.0018749999999272404,0
0,4,event,826,0.0017920000000231084,0
0,4,event,827,0.002167000000099506,0
0,4,event,828,0.0018330000000332802,0
0,4,event,829,0.0017920000000231084,0
0,4,event,830,0.0017919999997957348,0
0,4,event,831,0.0017080000000078144,0
0,4,event,832,0.002375000000029104,0
0,4,event,833,0.0017080000000078144,0
0,4,event,834,0.002040999999962878,0
0,4,event,835,0.0017920000000231084,0
0,4,event,836,0.0018749999999272404,0
0,4,event,837,0.005999999999858119,0
0,4,event,838,0.0027499999998781277,0
0,4,event,839,0.005458999999973457,0
0,4,event,840,0.025208999999904336,4
0,4,event,841,0.0038750000001073204,0
0,4,event,842,0.0019579999998313724,0
0,4,event,843,0.0018749999999272404,0
0,4,event,844,0.0019169999998212006,0
0,4,event,845,0.002291999999897598,0
0,4,event,846,0.002250000000003638,0
0,4,event,847,0.0017920000000231084,0
0,4,event,848,0.00200000000018008,0
0,4,event,849,0.0017920000000231084,0
0,4,event,850,0.0018330000000332802,0
0,4,event,851,0.002208000000109678,0
0,4,event,852,0.0019589999999425345,0
0,4,event,853,0.001959000000169908,0
0,4,event,854,0.0017920000000231084,0
0,4,event,855,0.006041999999979453,0
0,4,event,856,0.0018330000000332802,0
0,4,event,857,0.002207999999882304,0
0,4,event,858,0.00233299999990777,0
0,4,event,859,0.0018329999998059066,0
0,4,event,860,0.001958000000058746,0
0,4,event,861,0.0017500000001291482,0
0,4,event,862,0.00237499999980173,0
0,4,event,863,0.002375000000029104,0
0,4,event,864,0.001875000000154614,0
0,4,event,865,0.0017920000000231084,0
0,4,event,866,0.005708000000140601,0
0,4,event,867,0.002208000000109678,0
0,4,event,868,0.0018330000000332802,0
0,4,event,869,0.001958000000058746,0
0,4,event,870,0.001958000000058746,0
0,4,event,871,0.001958000000058746,0
0,4,event,872,0.0028750000001309672,0
0,4,event,873,0.001875000000154614,0
0,4,event,874,0.0018339999999170686,0
0,4,event,875,0.0051249999999072315,0
0,4,event,876,0.0019169999998212006,0
0,4,event,877,0.0017920000000231084,0
0,4,event,878,0.002334000000018932,0
0,4,event,879,0.0019999999999527063,0
0,4,event,880,0.001958000000058746,0
0,4,event,881,0.0017920000000231084,0
0,4,event,882,0.0017920000000231084,0
0,4,event,883,0.002375000000029104,0
0,4,event,884,0.0019170000000485743,0
0,4,event,885,0.0018749999999272404,0
0,4,event,886,0.00179100000013932,0
0,4,event,887,0.0017909999999119464,0
0,4,event,888,0.002291999999897598,0
0,4,event,889,0.0017500000001291482,0
0,4,event,890,0.001875000000154614,0
0,4,event,891,0.0017920000000231084,0
0,4,event,892,0.0017920000000231084,0
0,4,event,893,0.002250000000003638,0
0,4,event,894,0.0019159999999374122,0
0,4,event,895,0.0017920000000231084,0
0,4,event,896,0.002250000000003638,0
0,4,event,897,0.005791999999928521,0
0,4,event,898,0.0019170000000485743,0
0,4,event,899,0.002291999999897598,0
0,4,event,900,0.02041700000017954,4
0,4,event,901,0.0024160000000392756,0
0,4,event,902,0.003083000000060565,0
0,4,event,903,0.0018749999999272404,0
0,4,event,904,0.0017920000000231084,0
0,4,event,905,0.0018749999999272404,0
0,4,event,906,0.0018339999999170686,0
0,4,event,907,0.002207999999882304,0
0,4,event,908,0.0018749999999272404,0
0,4,event,909,0.0019579999998313724,0
0,4,event,910,0.0017909999999119464,0
0,4,event,911,0.0019159999999374122,0
0,4,event,912,0.00620800000001509,0
0,4,event,913,0.0018330000000332802,0
0,4,event,914,0.0019170000000485743,0
0,4,event,915,0.0017090000001189765,0
0,4,event,916,0.0018330000000332802,0
0,4,event,917,0.0017499999999017746,0
0,4,event,918,0.0028330000000096334,0
0,4,event,919,0.002457999999933236,0
0,4,event,920,0.001875000000154614,0
0,4,event,921,0.001958000000058746,0
0,4,event,922,0.0018330000000332802,0
0,4,event,923,0.002250000000003638,0
0,4,event,924,0.0018749999999272404,0
0,4,event,925,0.0018749999999272404,0
0,4,event,926,0.002540999999837368,0
0,4,event,927,0.00666599999999562,0
0,4,event,928,0.002375000000029104,0
0,4,event,929,0.002291999999897598,0
0,4,event,930,0.0019159999999374122,0
0,4,event,931,0.0017500000001291482,0
0,4,event,932,0.002124999999978172,0
0,4,event,933,0.0023330000001351436,0
0,4,event,934,0.0017920000000231084,0
0,4,event,935,0.002334000000018932,0
0,4,event,936,0.0017500000001291482,0
0,4,event,937,0.0017499999999017746,0
0,4,event,938,0.005499999999983629,0
0,4,event,939,0.0024170000001504377,0
0,4,event,940,0.002250000000003638,0
0,4,event,941,0.0019169999998212006,0
0,4,event,942,0.0018340000001444423,0
0,4,event,943,0.0018749999999272404,0
0,4,event,944,0.002250000000003638,0
0,4,event,945,0.0018749999999272404,0
0,4,event,946,0.0019169999998212006,0
0,4,event,947,0.0018749999999272404,0
0,4,event,948,0.0019159999999374122,0
0,4,event,949,0.005875000000060027,0
0,4,event,950,0.0019169999998212006,0
0,4,event,951,0.0017920000000231084,0
0,4,event,952,0.0019159999999374122,0
0,4,event,953,0.0018330000000332802,0
0,4,event,954,0.002375000000029104,0
0,4,event,955,0.0019159999999374122,0
0,4,event,956,0.005083000000013271,0
0,4,event,957,0.0019159999999374122,0
0,4,event,958,0.00179100000013932,0
0,4,event,959,0.0018749999999272404,0
0,4,event,960,0.021083999999973457,4
0,4,event,961,0.0026669999999739957,0
0,4,event,962,0.0018749999999272404,0
0,4,event,963,0.0025829999999587017,0
0,4,event,964,0.0018340000001444423,0
0,4,event,965,0.001875000000154614,0
0,4,event,966,0.00204200000007404,0
0,4,event,967,0.0017909999999119464,0
0,4,event,968,0.002250000000003638,0
0,4,event,969,0.0019170000000485743,0
0,4,event,970,0.0019159999999374122,0
0,4,event,971,0.0019170000000485743,0
0,4,event,972,0.0018339999999170686,0
0,4,event,973,0.0028749999999035936,0
0,4,event,974,0.0018330000000332802,0
0,4,event,975,0.0018749999999272404,0
0,4,event,976,0.0017920000000231084,0
0,4,event,977,0.0019169999998212006,0
0,4,event,978,0.0018330000000332802,0
0,4,event,979,0.0025410000000647415,0
0,4,event,980,0.0018330000000332802,0
0,4,event,981,0.0017920000000231084,0
0,4,event,982,0.0018749999999272404,0
0,4,event,983,0.0018330000000332802,0
0,4,event,984,0.002250000000003638,0
0,4,event,985,0.006041999999979453,0
0,4,event,986,0.0018749999999272404,0
0,4,event,987,0.0017920000000231084,0
0,4,event,988,0.005000000000109139,0
0,4,event,989,0.002207999999882304,0
0,4,event,990,0.0017920000000231084,0
0,4,event,991,0.0020839999999680003,0
0,4,event,992,0.0019999999999527063,0
0,4,event,993,0.001875000000154614,0
0,4,event,994,0.002291999999897598,0
0,4,event,995,0.001875000000154614,0
0,4,event,996,0.0018749999999272404,0
0,4,event,997,0.0018339999999170686,0
0,4,event,998,0.002459000000044398,0
0,4,event,999,0.0019170000000485743,0
0,4,burst,0,0.140625,28
0,4,burst,1,0.1390000000001237,28
0,4,burst,2,0.14229199999999764,28
0,4,burst,3,0.1456670000000031,28
0,4,burst,4,0.14208400000006804,28
0,4,burst,5,0.14712499999995998,28
0,4,burst,6,0.14237499999990177,28
0,4,burst,7,0.1405409999999847,28
0,4,burst,8,0.138541000000032,28
0,4,burst,9,0.13875000000007276,28
0,4,burst,10,0.14170800000010786,28
0,4,burst,11,0.14237499999990177,28
0,4,burst,12,0.14175000000000182,28
0,4,burst,13,0.14758300000016789,28
0,4,burst,14,0.0992079999998623,28
0,4,burst,15,0.0546670000001086,28
0,4,burst,16,0.053625000000010914,28
0,4,burst,17,0.05475000000001273,28
0,4,burst,18,0.056833000000096945,28
0,4,burst,19,0.05758299999979499,28
0,4,burst,20,0.05625000000009095,28
0,4,burst,21,0.05741600000010294,28
0,4,burst,22,12.325875000000224,28
0,4,burst,23,0.15670899999986432,28
0,4,burst,24,0.1461669999998776,28
0,4,burst,25,0.151459000000159,28
0,4,burst,26,0.14841699999988123,28
0,4,burst,27,0.1504170000000613,28
0,4,burst,28,0.14108299999998053,28
0,4,burst,29,0.14104199999997036,28
0,4,burst,30,0.14437499999985448,28
0,4,burst,31,0.15850000000000364,28
0,4,burst,32,0.14233300000000781,28
0,4,burst,33,0.14054100000021208,28
0,4,burst,34,0.14970800000014606,28
0,4,burst,35,0.14029200000004494,28
0,4,burst,36,0.15245900000013535,28
0,4,burst,37,0.13962500000002365,28
0,4,burst,38,0.14508300000011332,28
0,4,burst,39,0.13979100000005928,28
0,4,burst,40,0.13916599999993196,28
0,4,burst,41,0.14437500000008185,28
0,4,burst,42,0.14445800000021336,28
0,4,burst,43,0.13895800000000236,28
0,4,burst,44,0.14154200000007222,28
0,4,burst,45,0.13875000000007276,28
0,4,burst,46,0.14208299999995688,28
0,4,burst,47,0.13858300000015333,28
0,4,burst,48,45.09854199999995,28
0,4,burst,49,0.2071250000001328,28
0,4,burst,50,0.162166999999954,28
0,4,burst,51,0.15116699999998673,28
0,4,burst,52,0.14816700000005767,28
0,4,burst,53,0.17325000000005275,28
0,4,burst,54,0.15220799999997325,28
0,4,burst,55,0.15249999999991815,28
0,4,burst,56,0.14479199999982484,28
0,4,burst,57,0.14379199999984849,28
0,4,burst,58,0.14570899999989706,28
0,4,burst,59,0.1468330000000151,28
0,4,burst,60,0.14020799999980227,28
0,4,burst,61,0.1449999999999818,28
0,4,burst,62,0.1407080000001315,28
0,4,burst,63,0.14770799999996598,28
0,4,burst,64,0.14008400000011534,28
0,4,burst,65,0.14370800000006057,28
0,4,burst,66,0.14458300000001145,28
0,4,burst,67,0.14095900000006623,28
0,4,burst,68,0.1410000000000764,28
0,4,burst,69,0.14395799999988412,28
0,4,burst,70,0.161167000000205,28
0,4,burst,71,0.140625,28
0,4,burst,72,0.14241599999991195,28
0,4,burst,73,0.14745799999991505,28
0,4,burst,74,8.629916999999978,28
0,4,burst,75,0.3473340000000462,28
0,4,burst,76,0.2137920000000122,28
0,4,burst,77,0.37954100000001745,28
0,4,burst,78,1.5868749999999636,28
0,4,burst,79,0.10745899999983521,28
0,4,burst,80,0.10020900000017718,28
0,4,burst,81,0.09920899999997346,28
0,4,burst,82,0.3004169999999249,28
0,4,burst,83,0.9919170000000577,28
0,4,burst,84,0.10349999999993997,28
0,4,burst,85,0.09766600000011749,28
0,4,burst,86,0.1013749999999618,28
0,4,burst,87,0.09754199999997581,28
0,4,burst,88,0.09054100000003018,28
0,4,burst,89,0.43195799999989504,28
0,4,burst,90,0.6554590000000644,28
0,4,burst,91,1.0174999999999272,28
0,4,burst,92,0.19266600000014478,28
0,4,burst,93,0.15591699999981756,28
0,4,burst,94,0.1982909999999265,28
0,4,burst,95,0.1260420000000977,28
0,4,burst,96,0.09999999999990905,28
0,4,burst,97,0.09770800000001145,28
0,4,burst,98,0.09625000000005457,28
0,4,burst,99,0.10049999999978354,28
0,4,burst,100,2.2833340000001954,28
0,4,burst,101,0.19904200000019046,28
0,4,burst,102,0.15095799999994597,28
0,4,burst,103,0.14283399999999347,28
0,4,burst,104,0.4302499999998872,28
0,4,burst,105,0.11883299999999508,28
0,4,burst,106,0.10866699999996854,28
0,4,burst,107,0.15866700000015044,28
0,4,burst,108,0.10658399999988433,28
0,4,burst,109,0.09425000000010186,28
0,4,burst,110,0.08916700000008859,28
0,4,burst,111,0.08750000000009095,28
0,4,burst,112,0.08904099999995196,28
0,4,burst,113,0.08866699999998673,28
0,4,burst,114,0.08570899999995163,28
0,4,burst,115,0.08666700000003402,28
0,4,burst,116,0.08729100000005019,28
0,4,burst,117,0.09474999999997635,28
0,4,burst,118,0.08491600000002109,28
0,4,burst,119,1.043749999999818,28
0,4,burst,120,0.2136249999998654,28
0,4,burst,121,0.08695899999997891,28
0,4,burst,122,0.08479200000010678,28
0,4,burst,123,0.08395800000016607,28
0,4,burst,124,0.08474999999998545,28
0,4,burst,125,0.08449999999993452,28
0,4,burst,126,0.08129200000007586,28
0,4,burst,127,0.08595900000000256,28
0,4,burst,128,0.0854589999999007,28
0,4,burst,129,0.1262090000000171,28
0,4,burst,130,0.21037500000011278,28
0,4,burst,131,0.1148329999998623,28
0,4,burst,132,0.1143329999999878,28
0,4,burst,133,0.08212499999990541,28
0,4,burst,134,0.08670799999981682,28
0,4,burst,135,0.08133299999985866,28
0,4,burst,136,0.08504199999993034,28
0,4,burst,137,0.08229200000005221,28
0,4,burst,138,0.08225000000015825,28
0,4,burst,139,13.653041999999914,28
0,4,burst,140,4.8556250000001455,28
0,4,burst,141,5.781791000000112,28
0,4,burst,142,3.2193749999999,28
0,4,burst,143,13.525750000000016,28
0,4,burst,144,0.21808300000020608,28
0,4,burst,145,0.15533300000015515,28
0,4,burst,146,0.1534999999998945,28
0,4,burst,147,9.457499999999982,28
0,4,burst,148,0.22508300000004056,28
0,4,burst,149,1.7233750000000327,28
0,4,burst,150,0.07124999999996362,28
0,4,burst,151,0.2639169999999922,28
0,4,burst,152,0.06600000000003092,28
0,4,burst,153,0.06175000000007458,28
0,4,burst,154,0.718166999999994,28
0,4,burst,155,0.06104200000004312,28
0,4,burst,156,0.06070799999997689,28
0,4,burst,157,0.057624999999916326,28
0,4,burst,158,0.05837500000006912,28
0,4,burst,159,0.05850000000009459,28
0,4,burst,160,0.058209000000033484,28
0,4,burst,161,0.05724999999983993,28
0,4,burst,162,0.057291000000077474,28
0,4,burst,163,0.06650000000013279,28
0,4,burst,164,0.05604199999993398,28
0,4,burst,165,0.057792000000063126,28
0,4,burst,166,4.7943330000000515,28
0,4,burst,167,0.15954099999999016,28
0,4,burst,168,2.1537499999999454,28
0,4,burst,169,0.18995799999993324,28
0,4,burst,170,0.16483399999992798,28
0,4,burst,171,0.1442500000000564,28
0,4,burst,172,0.1407920000001468,28
0,4,burst,173,0.13754199999993943,28
0,4,burst,174,0.13887500000009823,28
0,4,burst,175,0.16162499999995816,28
0,4,burst,176,2.099749999999858,28
0,4,burst,177,0.2759169999999358,28
0,4,burst,178,0.7398330000000897,28
0,4,burst,179,0.1464579999999387,28
0,4,burst,180,0.14133399999991525,28
0,4,burst,181,0.1482499999999618,28
0,4,burst,182,0.21504099999992832,28
0,4,burst,183,0.15162499999996726,28
0,4,burst,184,0.15333400000008623,28
0,4,burst,185,0.1397500000000491,28
0,4,burst,186,0.14033299999982773,28
0,4,burst,187,0.1527920000000904,28
0,4,burst,188,0.1797079999998914,28
0,4,burst,189,0.26054099999987557,28
0,4,burst,190,0.15733300000010786,28
0,4,burst,191,0.14708300000006602,28
0,4,burst,192,0.16000000000008185,28
0,4,burst,193,3.5034999999998035,28
0,4,burst,194,0.219916000000012,28
0,4,burst,195,0.15558300000020608,28
0,4,burst,196,0.13791599999990467,28
0,4,burst,197,0.15195799999992232,28
0,4,burst,198,0.14049999999997453,28
0,4,burst,199,0.16795900000010988,28
0,4,burst,200,0.1388329999999769,28
0,4,burst,201,0.13670799999999872,28
0,4,burst,202,0.14350000000013097,28
0,4,burst,203,0.13983299999995324,28
0,4,burst,204,0.2428749999999127,28
0,4,burst,205,0.12870799999996052,28
0,4,burst,206,0.0959170000000995,28
0,4,burst,207,0.08141700000010132,28
0,4,burst,208,0.07854100000008657,28
0,4,burst,209,0.10454200000003766,28
0,4,burst,210,0.14533400000004804,28
0,4,burst,211,0.15362499999991996,28
0,4,burst,212,0.14420799999993505,28
0,4,burst,213,0.15183400000000802,28
0,4,burst,214,0.1478749999998854,28
0,4,burst,215,0.14395899999999529,28
0,4,burst,216,0.1173750000000382,28
0,4,burst,217,0.07633299999997689,28
0,4,burst,218,0.08683300000006966,28
0,4,burst,219,0.07770899999991343,28
0,4,burst,220,0.0809590000001208,28
0,4,burst,221,0.07608400000003712,28
0,4,burst,222,0.07995899999991707,28
0,4,burst,223,0.07604199999991579,28
0,4,burst,224,0.14733299999988958,28
0,4,burst,225,7.607583999999861,28
0,4,burst,226,0.12045899999998255,28
0,4,burst,227,0.10875000000010004,28
0,4,burst,228,0.09016700000006495,28
0,4,burst,229,0.10770800000000236,28
0,4,burst,230,0.12329199999999219,28
0,4,burst,231,0.0889159999999265,28
0,4,burst,232,0.10520800000017516,28
0,4,burst,233,0.08416699999997945,28
0,4,burst,234,0.08470899999997528,28
0,4,burst,235,0.08529199999998127,28
0,4,burst,236,0.08616699999993216,28
0,4,burst,237,0.14787500000011278,28
0,4,burst,238,0.14312500000005457,28
0,4,burst,239,0.14175000000000182,28
0,4,burst,240,0.15279100000020662,28
0,4,burst,241,0.1492910000001757,28
0,4,burst,242,0.16345799999999144,28
0,4,burst,243,0.1470839999999498,28
0,4,burst,244,0.1397500000000491,28
0,4,burst,245,0.14237499999990177,28
0,4,burst,246,0.14962500000001455,28
0,4,burst,247,0.14045800000008057,28
0,4,burst,248,0.14837499999998727,28
0,4,burst,249,0.14458300000001145,28
0,4,burst,250,0.1381669999998394,28
0,4,burst,251,0.14512500000000728,28
0,4,burst,252,0.1410409999998592,28
0,4,burst,253,0.1453750000000582,28
0,4,burst,254,0.14533300000016425,28
0,4,burst,255,0.14508299999988594,28
0,4,burst,256,0.49937499999987267,28
0,4,burst,257,0.15650000000005093,28
0,4,burst,258,0.15779199999997218,28
0,4,burst,259,0.14162499999997635,28
0,4,burst,260,1.1889169999999467,28
0,4,burst,261,0.18524999999999636,28
0,4,burst,262,0.15695899999991525,28
0,4,burst,263,0.16808300000002419,28
0,4,burst,264,0.14933300000006966,28
0,4,burst,265,0.1506249999999909,28
0,4,burst,266,0.17174999999997453,28
0,4,burst,267,0.144457999999986,28
0,4,burst,268,0.15212500000006912,28
0,4,burst,269,0.1458749999999327,28
0,4,burst,270,0.1507090000000062,28
0,4,burst,271,0.1505419999998594,28
0,4,burst,272,0.15545899999983703,28
0,4,burst,273,0.17358300000000781,28
0,4,burst,274,0.14670799999998962,28
0,4,burst,275,0.1514999999999418,28
0,4,burst,276,0.14133300000003146,28
0,4,burst,277,0.1447089999999207,28
0,4,burst,278,0.15875000000005457,28
0,4,burst,279,0.14120899999988978,28
0,4,burst,280,26.74712499999987,28
0,4,burst,281,0.21241600000007566,28
0,4,burst,282,0.15954099999999016,28
0,4,burst,283,0.16350000000011278,28
0,4,burst,284,0.15116699999998673,28
0,4,burst,285,5.892624999999953,28
0,4,burst,286,0.14016700000001947,28
0,4,burst,287,0.12120900000013535,28
0,4,burst,288,1.8711249999998927,28
0,4,burst,289,0.26537499999994907,28
0,4,burst,290,0.18437500000004547,28
0,4,burst,291,0.2582079999999678,28
0,4,burst,292,0.27366600000004837,28
0,4,burst,293,0.3872919999998885,28
0,4,burst,294,0.1720420000001468,28
0,4,burst,295,0.11941700000011224,28
0,4,burst,296,0.20304200000009587,28
0,4,burst,297,3.197750000000042,28
0,4,burst,298,0.07899999999995089,28
0,4,burst,299,0.06612500000005639,28
0,4,burst,300,0.06491600000003928,28
0,4,burst,301,0.18387500000017099,28
0,4,burst,302,3.3506250000000364,28
0,4,burst,303,0.16041699999982484,28
0,4,burst,304,5.278166999999939,28
0,4,burst,305,0.17133400000011534,28
0,4,burst,306,0.15333299999997507,28
0,4,burst,307,0.15383300000007694,28
0,4,burst,308,0.578083000000106,28
0,4,burst,309,0.17200000000002547,28
0,4,burst,310,0.17208400000004076,28
0,4,burst,311,0.27074999999990723,28
0,4,burst,312,0.1774169999998776,28
0,4,burst,313,0.15887500000008004,28
0,4,burst,314,0.4728330000000369,28
0,4,burst,315,0.24654099999997925,28
0,4,burst,316,0.12191600000005565,28
0,4,burst,317,0.0752500000000964,28
0,4,burst,318,0.07212500000014188,28
0,4,burst,319,0.06587499999977808,28
0,4,burst,320,0.06395799999995688,28
0,4,burst,321,0.06333299999982955,28
0,4,burst,322,0.16258300000004056,28
0,4,burst,323,0.1534159999998792,28
0,4,burst,324,0.17233299999998053,28
0,4,burst,325,0.13299999999981083,28
0,4,burst,326,0.13095799999996416,28
0,4,burst,327,0.13708300000007512,28
0,4,burst,328,0.13812499999994543,28
0,4,burst,329,0.13554199999975935,28
0,4,burst,330,0.27683399999978064,28
0,4,burst,331,0.48749999999972715,28
0,4,burst,332,0.7405829999997877,28
0,4,burst,333,0.19695799999999508,28
0,4,burst,334,0.24054099999966638,28
0,4,burst,335,0.17179200000009587,28
0,4,burst,336,0.16345900000032998,28
0,4,burst,337,0.15099999999983993,28
0,4,burst,338,0.16033400000014808,28
0,4,burst,339,0.15233299999999872,28
0,4,burst,340,0.285457999999835,28
0,4,burst,341,0.5274580000000242,28
0,4,burst,342,0.1323330000000169,28
0,4,burst,343,0.11958300000014788,28
0,4,burst,344,0.11799999999993815,28
0,4,burst,345,0.11787499999991269,28
0,4,burst,346,0.13020800000003874,28
0,4,burst,347,0.11504099999956452,28
0,4,burst,348,0.10866699999996854,28
0,4,burst,349,0.1247920000000704,28
0,4,burst,350,0.12375000000020009,28
0,4,burst,351,0.11595799999986411,28
0,4,burst,352,0.11354200000005221,28
0,4,burst,353,0.11841700000013589,28
0,4,burst,354,0.11483399999997346,28
0,4,burst,355,0.12154199999986304,28
0,4,burst,356,0.12075000000004366,28
0,4,burst,357,0.11374999999998181,28
0,4,burst,358,4.321292000000085,28
0,4,burst,359,0.21741599999995742,28
0,4,burst,360,0.161750000000211,28
0,4,burst,361,32.17350000000033,28
0,4,burst,362,0.09149999999999636,28
0,4,burst,363,0.0725840000000062,28
0,4,burst,364,0.06879200000003038,28
0,4,burst,365,0.06670799999983501,28
0,4,burst,366,0.06887499999993452,28
0,4,burst,367,0.08100000000013097,28
0,4,burst,368,0.08820799999966766,28
0,4,burst,369,0.0864160000000993,28
0,4,burst,370,0.08654199999955381,28
0,4,burst,371,2.2350839999999152,28
0,4,burst,372,0.16537500000004002,28
0,4,burst,373,0.15633299999990413,28
0,4,burst,374,0.4159999999997126,28
0,4,burst,375,0.0816250000002583,28
0,4,burst,376,0.0654170000002523,28
0,4,burst,377,0.06570800000008603,28
0,4,burst,378,0.06725000000005821,28
0,4,burst,379,0.062374999999974534,28
0,4,burst,380,0.06295799999998053,28
0,4,burst,381,0.06300000000010186,28
0,4,burst,382,3.689791000000241,28
0,4,burst,383,0.17474999999967622,28
0,4,burst,384,0.14883300000019517,28
0,4,burst,385,11.861374999999953,28
0,4,burst,386,3.2344169999996666,28
0,4,burst,387,0.07750000000032742,28
0,4,burst,388,0.06400000000030559,28
0,4,burst,389,0.06399999999985084,28
0,4,burst,390,0.06758300000001327,28
0,4,burst,391,0.05925000000024738,28
0,4,burst,392,0.058624999999665306,28
0,4,burst,393,0.05962499999986903,28
0,4,burst,394,0.05670800000007148,28
0,4,burst,395,0.05787499999996726,28
0,4,burst,396,0.05524999999988722,28
0,4,burst,397,0.06095900000036636,28
0,4,burst,398,0.057000000000243745,28
0,4,burst,399,0.05670800000007148,28
0,4,burst,400,0.056375000000116415,28
0,4,burst,401,0.0656659999999647,28
0,4,burst,402,0.06104200000027049,28
0,4,burst,403,0.057207999999718595,28
0,4,burst,404,0.05908300000010058,28
0,4,burst,405,10.935999999999694,28
0,4,burst,406,0.06662499999993088,28
0,4,burst,407,0.05858399999988251,28
0,4,burst,408,0.05745900000010806,28
0,4,burst,409,0.060124999999970896,28
0,4,burst,410,0.058333000000402535,28
0,4,burst,411,0.060124999999970896,28
0,4,burst,412,0.12229200000001583,28
0,4,burst,413,0.14604199999985212,28
0,4,burst,414,0.1428329999998823,28
0,4,burst,415,0.1408329999999296,28
0,4,burst,416,0.14033299999982773,28
0,4,burst,417,0.14325000000008004,28
0,4,burst,418,0.16504099999974642,28
0,4,burst,419,0.14233299999978044,28
0,4,burst,420,0.14070799999990413,28
0,4,burst,421,16.687790999999834,28
0,4,burst,422,0.3271249999997963,28
0,4,burst,423,0.10837500000025102,28
0,4,burst,424,0.06937500000003638,28
0,4,burst,425,0.062374999999974534,28
0,4,burst,426,0.06533300000000963,28
0,4,burst,427,0.0595419999999649,28
0,4,burst,428,0.05850000000009459,28
0,4,burst,429,0.05937500000027285,28
0,4,burst,430,0.057374999999865395,28
0,4,burst,431,0.056749999999738066,28
0,4,burst,432,0.1334580000002461,28
0,4,burst,433,0.16604199999983393,28
0,4,burst,434,0.0661670000004051,28
0,4,burst,435,0.05650000000014188,28
0,4,burst,436,0.06062500000007276,28
0,4,burst,437,0.07941600000003746,28
0,4,burst,438,0.05858299999999872,28
0,4,burst,439,0.05720800000017334,28
0,4,burst,440,0.059874999999919964,28
0,4,burst,441,0.05595800000037343,28
0,4,burst,442,0.05633299999999508,28
0,4,burst,443,0.05529100000012477,28
0,4,burst,444,0.0571669999999358,28
0,4,burst,445,0.05600000000004002,28
0,4,burst,446,0.055749999999989086,28
0,4,burst,447,0.05862500000012005,28
0,4,burst,448,0.0557080000003225,28
0,4,burst,449,0.05675000000019281,28
0,4,burst,450,0.055749999999989086,28
0,4,burst,451,0.05887499999971624,28
0,4,burst,452,0.05745799999976953,28
0,4,burst,453,0.05412500000011278,28
0,4,burst,454,0.05833299999994779,28
0,4,burst,455,0.056916999999884865,28
0,4,burst,456,0.25212499999997817,28
0,4,burst,457,0.06629199999997581,28
0,4,burst,458,0.061916000000110216,28
0,4,burst,459,0.05812500000001819,28
0,4,burst,460,0.059791000000132044,28
0,4,burst,461,0.5934579999998277,28
0,4,burst,462,0.22933299999976953,28
0,4,burst,463,0.15475000000014916,28
0,4,burst,464,0.2391250000000582,28
0,4,burst,465,4.817959000000428,28
0,4,burst,466,0.22854099999995015,28
0,4,burst,467,0.17079100000000835,28
0,4,burst,468,0.14804199999980483,28
0,4,burst,469,0.1509169999999358,28
0,4,burst,470,0.14379199999984849,28
0,4,burst,471,0.19545800000014424,28
0,4,burst,472,0.18208400000003166,28
0,4,burst,473,0.15341699999999037,28
0,4,burst,474,0.7062500000001819,28
0,4,burst,475,0.186333999999988,28
0,4,burst,476,0.15333300000020245,28
0,4,burst,477,0.14070800000035888,28
0,4,burst,478,0.1983330000002752,28
0,4,burst,479,0.14762500000006185,28
0,4,burst,480,0.19108300000016243,28
0,4,burst,481,0.3140830000002097,28
0,4,burst,482,0.24141599999984464,28
0,4,burst,483,0.18745799999987867,28
0,4,burst,484,0.19420799999988958,28
0,4,burst,485,0.15945799999963128,28
0,4,burst,486,0.13979100000005928,28
0,4,burst,487,0.14199999999982538,28
0,4,burst,488,0.13912500000014916,28
0,4,burst,489,0.16804099999990285,28
0,4,burst,490,22.141000000000076,28
0,4,burst,491,0.22087499999997817,28
0,4,burst,492,0.18325000000004366,28
0,4,burst,493,0.2556659999995645,28
0,4,burst,494,0.2939579999997477,28
0,4,burst,495,0.19116699999995035,28
0,4,burst,496,0.19066699999984849,28
0,4,burst,497,0.18875000000025466,28
0,4,burst,498,0.18537500000002183,28
0,4,burst,499,0.18616599999995742,28
0,4,burst,500,0.2520409999997355,28
0,4,burst,501,3.952374999999847,28
0,4,burst,502,0.19987500000024738,28
0,4,burst,503,0.1851249999999709,28
0,4,burst,504,0.18795799999998053,28
0,4,burst,505,0.17495800000006057,28
0,4,burst,506,0.17254200000024866,28
0,4,burst,507,0.3115410000000338,28
0,4,burst,508,0.18875000000025466,28
0,4,burst,509,0.17362499999990177,28
0,4,burst,510,37.13129200000003,28
0,4,burst,511,7.053750000000036,28
0,4,burst,512,0.27562499999976353,28
0,4,burst,513,0.18416600000000471,28
0,4,burst,514,0.15004099999987375,28
0,4,burst,515,0.30295799999976225,28
0,4,burst,516,0.18687499999987267,28
0,4,burst,517,0.07245899999998073,28
0,4,burst,518,0.07133400000020629,28
0,4,burst,519,0.06558399999994435,28
0,4,burst,520,0.057999999999992724,28
0,4,burst,521,0.05849999999963984,28
0,4,burst,522,0.05954200000041965,28
0,4,burst,523,0.05812500000001819,28
0,4,burst,524,0.05595899999980247,28
0,4,burst,525,0.05604200000016135,28
0,4,burst,526,0.061666000000059285,28
0,4,burst,527,0.05704199999991033,28
0,4,burst,528,0.05616599999984828,28
0,4,burst,529,0.057709000000158994,28
0,4,burst,530,0.058166999999684776,28
0,4,burst,531,0.1254159999998592,28
0,4,burst,532,0.141791000000012,28
0,4,burst,533,0.3276250000003529,28
0,4,burst,534,0.24125000000003638,28
0,4,burst,535,0.2011250000000473,28
0,4,burst,536,0.1605410000001939,28
0,4,burst,537,0.14666600000009566,28
0,4,burst,538,0.14445800000021336,28
0,4,burst,539,0.14466700000002675,28
0,4,burst,540,0.20875000000023647,28
0,4,burst,541,0.07450000000017099,28
0,4,burst,542,0.06979099999989558,28
0,4,burst,543,0.06837499999983265,28
0,4,burst,544,0.06570800000008603,28
0,4,burst,545,0.06479100000024118,28
0,4,burst,546,0.06649999999990541,28
0,4,burst,547,0.0654580000000351,28
0,4,burst,548,0.11887500000011642,28
0,4,burst,549,0.14458300000023883,28
0,4,burst,550,0.1597910000000411,28
0,4,burst,551,0.1465000000002874,28
0,4,burst,552,0.1418749999997999,28
0,4,burst,553,0.1422499999998763,28
0,4,burst,554,10.455707999999959,28
0,4,burst,555,0.14049999999997453,28
0,4,burst,556,0.16183300000011513,28
0,4,burst,557,65.48754199999985,28
0,4,burst,558,0.33379199999990306,28
0,4,burst,559,0.3343750000003638,28
0,4,burst,560,0.392207999999755,28
0,4,burst,561,0.3920419999999467,28
0,4,burst,562,0.13299999999981083,28
0,4,burst,563,0.06574999999975262,28
0,4,burst,564,0.12458299999980227,28
0,4,burst,565,0.09770800000023883,28
0,4,burst,566,0.08720799999991868,28
0,4,burst,567,0.1354580000001988,28
0,4,burst,568,0.6488750000003165,28
0,4,burst,569,0.17987499999981083,28
0,4,burst,570,0.14808399999992616,28
0,4,burst,571,1.8938339999999698,28
0,4,burst,572,0.5788750000001528,28
0,4,burst,573,0.7314580000002024,28
0,4,burst,574,0.7142079999998714,28
0,4,burst,575,0.12075000000004366,28
0,4,burst,576,0.20558399999981702,28
0,4,burst,577,0.15120900000010806,28
0,4,burst,578,0.14629199999990306,28
0,4,burst,579,0.25008299999990413,28
0,4,burst,580,0.17325000000028012,28
0,4,burst,581,0.16116699999975026,28
0,4,burst,582,0.15058300000009694,28
0,4,burst,583,0.17450000000008004,28
0,4,burst,584,0.15041599999995015,28
0,4,burst,585,0.14887499999986176,28
0,4,burst,586,0.14704200000005585,28
0,4,burst,587,0.14345800000000963,28
0,4,burst,588,0.1439170000003287,28
0,4,burst,589,0.14370899999994435,28
0,4,burst,590,0.14904200000000856,28
0,4,burst,591,0.1451670000001286,28
0,4,burst,592,0.1447920000000522,28
0,4,burst,593,0.14383300000008603,28
0,4,burst,594,0.14495799999986048,28
0,4,burst,595,0.14287500000000364,28
0,4,burst,596,0.14058299999987867,28
0,4,burst,597,0.14508400000022448,28
0,4,burst,598,0.15116699999998673,28
0,4,burst,599,0.1430000000000291,28
0,4,burst,600,0.1548330000000533,28
0,4,burst,601,0.14766700000018318,28
0,4,burst,602,0.14441699999997581,28
0,4,burst,603,0.14391699999987395,28
0,4,burst,604,0.14700000000038926,28
0,4,burst,605,0.15062500000021828,28
0,4,burst,606,0.14274999999997817,28
0,4,burst,607,0.1439580000001115,28
0,4,burst,608,0.14325000000008004,28
0,4,burst,609,0.14333299999998417,28
0,4,burst,610,0.1432079999999587,28
0,4,burst,611,0.14525000000003274,28
0,4,burst,612,0.14474999999993088,28
0,4,burst,613,0.1426249999999527,28
0,4,burst,614,0.14408400000002075,28
0,4,burst,615,0.14075000000002547,28
0,4,burst,616,0.14145899999994072,28
0,4,burst,617,0.15316699999993943,28
0,4,burst,618,0.1416669999998703,28
0,4,burst,619,0.14395799999965675,28
0,4,burst,620,0.14174999999977445,28
0,4,burst,621,0.1417500000002292,28
0,4,burst,622,0.14233299999978044,28
0,4,burst,623,0.14029200000004494,28
0,4,burst,624,0.14237500000035652,28
0,4,burst,625,0.1441660000000411,28
0,4,burst,626,0.14662499999985812,28
0,4,burst,627,0.14037499999994907,28
0,4,burst,628,0.14329200000020137,28
0,4,burst,629,0.14129200000024866,28
0,4,burst,630,0.13895899999988615,28
0,4,burst,631,0.14033300000028248,28
0,4,burst,632,0.14354099999991377,28
0,4,burst,633,0.15516600000000835,28
0,4,burst,634,0.14408300000013696,28
0,4,burst,635,0.1420419999999467,28
0,4,burst,636,0.14216700000042692,28
0,4,burst,637,0.14212499999985084,28
0,4,burst,638,0.13991599999963,28
0,4,burst,639,0.13933300000007875,28
0,4,burst,640,0.14737500000001091,28
0,4,burst,641,0.1400829999997768,28
0,4,burst,642,0.13837499999999636,28
0,4,burst,643,0.1414999999997235,28
0,4,burst,644,0.14474999999993088,28
0,4,burst,645,0.1405830000003334,28
0,4,burst,646,0.14237499999990177,28
0,4,burst,647,0.1459999999997308,28
0,4,burst,648,0.1427920000000995,28
0,4,burst,649,0.141917000000376,28
0,4,burst,650,0.14649999999983265,28
0,4,burst,651,0.13924999999971988,28
0,4,burst,652,0.14425000000028376,28
0,4,burst,653,0.1404170000000704,28
0,4,burst,654,0.1406659999997828,28
0,4,burst,655,0.1459999999997308,28
0,4,burst,656,0.1445000000003347,28
0,4,burst,657,0.1389169999997648,28
0,4,burst,658,0.13933399999996254,28
0,4,burst,659,0.13941699999986668,28
0,4,burst,660,0.14216699999997218,28
0,4,burst,661,0.14687499999990905,28
0,4,burst,662,0.1451670000001286,28
0,4,burst,663,0.14120899999988978,28
0,4,burst,664,0.14362500000015643,28
0,4,burst,665,0.1445410000001175,28
0,4,burst,666,0.14191600000003746,28
0,4,burst,667,0.14108299999998053,28
0,4,burst,668,0.14391599999999016,28
0,4,burst,669,0.1457909999999174,28
0,4,burst,670,0.140625,28
0,4,burst,671,0.14274999999997817,28
0,4,burst,672,0.14291699999967022,28
0,4,burst,673,0.1424170000000231,28
0,4,burst,674,0.14033299999982773,28
0,4,burst,675,0.14337499999965075,28
0,4,burst,676,0.14566700000023047,28
0,4,burst,677,0.1425840000001699,28
0,4,burst,678,0.1416669999998703,28
0,4,burst,679,0.14270900000019537,28
0,4,burst,680,0.14112500000010186,28
0,4,burst,681,0.13979199999994307,28
0,4,burst,682,0.14108399999986432,28
0,4,burst,683,0.1529579999996713,28
0,4,burst,684,0.14095799999995506,28
0,4,burst,685,0.14029200000004494,28
0,4,burst,686,0.14254099999971004,28
0,4,burst,687,0.1415830000000824,28
0,4,burst,688,0.14154199999984485,28
0,4,burst,689,0.1466670000004342,28
0,4,burst,690,0.14474999999993088,28
0,4,burst,691,0.14245800000026065,28
0,4,burst,692,0.13999999999987267,28
0,4,burst,693,0.14029200000004494,28
0,4,burst,694,0.1398749999998472,28
0,4,burst,695,0.14104199999974298,28
0,4,burst,696,0.14229199999999764,28
0,4,burst,697,0.1394999999997708,28
0,4,burst,698,0.1520829999999478,28
0,4,burst,699,0.14270800000031159,28
0,4,burst,700,0.14045900000019174,28
0,4,burst,701,0.14216699999997218,28
0,4,burst,702,0.14329200000020137,28
0,4,burst,703,0.1429590000002463,28
0,4,burst,704,0.14095899999983885,28
0,4,burst,705,0.14449999999987995,28
0,4,burst,706,0.14449999999987995,28
0,4,burst,707,0.14374999999972715,28
0,4,burst,708,0.13879199999973935,28
0,4,burst,709,0.13870899999983521,28
0,4,burst,710,0.16570799999999508,28
0,4,burst,711,0.15641599999980826,28
0,4,burst,712,0.1579159999996591,28
0,4,burst,713,0.14658299999973678,28
0,4,burst,714,0.16116699999975026,28
0,4,burst,715,0.17250000000012733,28
0,4,burst,716,0.1656249999996362,28
0,4,burst,717,0.15345799999977316,28
0,4,burst,718,0.160874999999578,28
0,4,burst,719,0.15745799999967858,28
0,4,burst,720,0.14674999999988358,28
0,4,burst,721,0.1444589999996424,28
0,4,burst,722,0.17966699999988123,28
0,4,burst,723,0.14529200000015408,28
0,4,burst,724,0.1564579999999296,28
0,4,burst,725,0.15304199999991397,28
0,4,burst,726,0.16733400000020993,28
0,4,burst,727,0.14600000000018554,28
0,4,burst,728,0.15937499999972715,28
0,4,burst,729,0.15062499999976353,28
0,4,burst,730,0.15966699999989942,28
0,4,burst,731,0.1468750000003638,28
0,4,burst,732,0.15020899999990434,28
0,4,burst,733,0.15475000000014916,28
0,4,burst,734,0.16204199999992852,28
0,4,burst,735,0.15141700000003766,28
0,4,burst,736,0.14933399999972607,28
0,4,burst,737,0.15116699999998673,28
0,4,burst,738,0.15970900000002075,28
0,4,burst,739,0.15116699999998673,28
0,4,burst,740,0.1405830000003334,28
0,4,burst,741,0.15508300000010422,28
0,4,burst,742,0.1641669999999067,28
0,4,burst,743,0.16462500000034197,28
0,4,burst,744,0.14716600000019753,28
0,4,burst,745,0.14962500000001455,28
0,4,burst,746,0.15604199999961565,28
0,4,burst,747,0.1449160000001939,28
0,4,burst,748,0.15837499999997817,28
0,4,burst,749,0.15595800000028248,28
0,4,burst,750,0.15729099999998652,28
0,4,burst,751,0.15579099999968093,28
0,4,burst,752,0.1557079999997768,28
0,4,burst,753,0.1538749999999709,28
0,4,burst,754,0.1573750000002292,28
0,4,burst,755,0.15250000000014552,28
0,4,burst,756,0.14445900000009715,28
0,4,burst,757,0.1574999999997999,28
0,4,burst,758,0.15541700000039782,28
0,4,burst,759,23.889166999999816,28
0,4,burst,760,0.10929200000009587,28
0,4,burst,761,0.10829100000000835,28
0,4,burst,762,0.10729199999968841,28
0,4,burst,763,0.15695800000003146,28
0,4,burst,764,0.15195799999992232,28
0,4,burst,765,0.15949999999975262,28
0,4,burst,766,15.292125000000397,28
0,4,burst,767,0.16537500000004002,28
0,4,burst,768,2.558958000000075,28
0,4,burst,769,6.636665999999877,28
0,4,burst,770,0.274583999999777,28
0,4,burst,771,3.4314580000000205,28
0,4,burst,772,0.24045799999976225,28
0,4,burst,773,0.9512920000001941,28
0,4,burst,774,0.14954200000011042,28
0,4,burst,775,0.8725840000001881,28
0,4,burst,776,0.16083400000024994,28
0,4,burst,777,1.6741250000000036,28
0,4,burst,778,0.16641600000002654,28
0,4,burst,779,0.1608329999999114,28
0,4,burst,780,1.7349170000002232,28
0,4,burst,781,0.18583300000000236,28
0,4,burst,782,0.1639999999997599,28
0,4,burst,783,0.16129099999989194,28
0,4,burst,784,0.1661250000001928,28
0,4,burst,785,0.1696670000001177,28
0,4,burst,786,0.17379200000004857,28
0,4,burst,787,0.1564170000001468,28
0,4,burst,788,0.1586250000000291,28
0,4,burst,789,0.15866700000015044,28
0,4,burst,790,0.1901249999996253,28
0,4,burst,791,0.15333400000008623,28
0,4,burst,792,0.15504199999986668,28
0,4,burst,793,0.1639589999999771,28
0,4,burst,794,0.16191699999990306,28
0,4,burst,795,55.04795800000011,28
0,4,burst,796,0.2797089999999116,28
0,4,burst,797,0.14862500000026557,28
0,4,burst,798,0.14199999999982538,28
0,4,burst,799,0.14291700000012497,28
0,4,burst,800,0.14154099999996106,28
0,4,burst,801,0.14154199999984485,28
0,4,burst,802,0.1402499999999236,28
0,4,burst,803,0.14800000000013824,28
0,4,burst,804,2.3460000000000036,28
0,4,burst,805,0.24920800000018062,28
0,4,burst,806,0.15770800000018426,28
0,4,burst,807,0.4491250000000946,28
0,4,burst,808,0.16183300000011513,28
0,4,burst,809,0.14441600000009203,28
0,4,burst,810,0.15916599999991377,28
0,4,burst,811,0.14629100000001927,28
0,4,burst,812,0.13837499999999636,28
0,4,burst,813,0.14049999999997453,28
0,4,burst,814,0.15466700000024503,28
0,4,burst,815,0.14858400000002803,28
0,4,burst,816,0.13950000000022555,28
0,4,burst,817,0.1577500000003056,28
0,4,burst,818,0.14445800000021336,28
0,4,burst,819,0.14241600000013932,28
0,4,burst,820,0.13708300000007512,28
0,4,burst,821,0.1406659999997828,28
0,4,burst,822,0.14150000000017826,28
0,4,burst,823,0.16154199999982666,28
0,4,burst,824,0.14508399999976973,28
0,4,burst,825,0.15791699999999764,28
0,4,burst,826,0.18820799999957671,28
0,4,burst,827,0.14554099999986647,28
0,4,burst,828,0.1413750000001528,28
0,4,burst,829,0.14054200000009587,28
0,4,burst,830,0.14104199999974298,28
0,4,burst,831,0.14941600000020117,28
0,4,burst,832,0.16791700000021592,28
0,4,burst,833,0.139458999999988,28
0,4,burst,834,0.15116699999998673,28
0,4,burst,835,0.07070799999974042,28
0,4,burst,836,0.06370800000013332,28
0,4,burst,837,0.06020799999987503,28
0,4,burst,838,0.07658300000002782,28
0,4,burst,839,0.06512499999962529,28
0,4,burst,840,0.058457999999973254,28
0,4,burst,841,0.05733299999974406,28
0,4,burst,842,0.060332999999900494,28
0,4,burst,843,0.05749999999989086,28
0,4,burst,844,0.05695800000012241,28
0,4,burst,845,0.05658300000004601,28
0,4,burst,846,0.06125000000020009,28
0,4,burst,847,0.05654099999992468,28
0,4,burst,848,0.056749999999738066,28
0,4,burst,849,0.057374999999865395,28
0,4,burst,850,0.059249999999792635,28
0,4,burst,851,0.057624999999916326,28
0,4,burst,852,0.055957999999918684,28
0,4,burst,853,0.057832999999845924,28
0,4,burst,854,0.06404199999997218,28
0,4,burst,855,0.05537499999991269,28
0,4,burst,856,0.05729199999996126,28
0,4,burst,857,0.056458999999904336,28
0,4,burst,858,0.05929199999991397,28
0,4,burst,859,0.05583299999989322,28
0,4,burst,860,0.058540999999877386,28
0,4,burst,861,0.056125000000065484,28
0,4,burst,862,0.05895799999962037,28
0,4,burst,863,0.0571669999999358,28
0,4,burst,864,0.05729199999996126,28
0,4,burst,865,0.055667000000084954,28
0,4,burst,866,0.05945900000006077,28
0,4,burst,867,0.05908300000010058,28
0,4,burst,868,0.05712499999981446,28
0,4,burst,869,0.056542000000263215,28
0,4,burst,870,0.0628750000000764,28
0,4,burst,871,0.05758299999979499,28
0,4,burst,872,0.05650000000014188,28
0,4,burst,873,0.05937500000027285,28
0,4,burst,874,0.05900000000019645,28
0,4,burst,875,0.05595899999980247,28
0,4,burst,876,0.0559160000002521,28
0,4,burst,877,0.05687500000021828,28
0,4,burst,878,0.05729099999962273,28
0,4,burst,879,0.05787499999996726,28
0,4,burst,880,0.056040999999822816,28
0,4,burst,881,0.057374999999865395,28
0,4,burst,882,0.05925000000024738,28
0,4,burst,883,0.05645800000002055,28
0,4,burst,884,0.05691600000000108,28
0,4,burst,885,0.06362499999977445,28
0,4,burst,886,0.05804100000023027,28
0,4,burst,887,0.05895800000007512,28
0,4,burst,888,0.056125000000065484,28
0,4,burst,889,0.059249999999792635,28
0,4,burst,890,0.05837500000006912,28
0,4,burst,891,0.05595900000025722,28
0,4,burst,892,0.055917000000135886,28
0,4,burst,893,0.059249999999792635,28
0,4,burst,894,0.05587500000001455,28
0,4,burst,895,0.05774999999994179,28
0,4,burst,896,0.05929199999991397,28
0,4,burst,897,0.05812500000001819,28
0,4,burst,898,0.06479200000012497,28
0,4,burst,899,0.060790999999881024,28
0,4,burst,900,0.0592079999996713,28
0,4,burst,901,28.579666999999972,28
0,4,burst,902,0.1790000000000873,28
0,4,burst,903,0.16404199999988123,28
0,4,burst,904,0.15691700000024866,28
0,4,burst,905,0.15537499999982174,28
0,4,burst,906,0.1487090000000535,28
0,4,burst,907,0.14487499999995634,28
0,4,burst,908,0.14420800000016243,28
0,4,burst,909,0.14637500000026193,28
0,4,burst,910,0.1520410000002812,28
0,4,burst,911,0.14679100000012113,28
0,4,burst,912,0.14600000000018554,28
0,4,burst,913,0.14666699999997945,28
0,4,burst,914,0.14624999999978172,28
0,4,burst,915,0.16429100000004837,28
0,4,burst,916,0.1434159999998883,28
0,4,burst,917,0.14474999999993088,28
0,4,burst,918,0.1544579999999769,28
0,4,burst,919,0.14374999999972715,28
0,4,burst,920,0.14812499999970896,28
0,4,burst,921,0.14216599999963364,28
0,4,burst,922,0.14745799999991505,28
0,4,burst,923,0.14487499999995634,28
0,4,burst,924,0.1481250000001637,28
0,4,burst,925,0.14345899999989342,28
0,4,burst,926,11.592667000000347,28
0,4,burst,927,0.2108330000000933,28
0,4,burst,928,0.14845800000011877,28
0,4,burst,929,0.14154199999984485,28
0,4,burst,930,0.3305000000000291,28
0,4,burst,931,0.1735830000002352,28
0,4,burst,932,9.802916000000096,28
0,4,burst,933,0.21462500000006912,28
0,4,burst,934,0.18937499999992724,28
0,4,burst,935,0.21512500000017099,28
0,4,burst,936,7.719165999999859,28
0,4,burst,937,0.17525000000023283,28
0,4,burst,938,0.1586250000000291,28
0,4,burst,939,0.1554999999998472,28
0,4,burst,940,0.15245800000002419,28
0,4,burst,941,0.14708400000017718,28
0,4,burst,942,0.14720799999986411,28
0,4,burst,943,0.14329099999986283,28
0,4,burst,944,0.14791699999977936,28
0,4,burst,945,0.14200000000028012,28
0,4,burst,946,0.16983399999980975,28
0,4,burst,947,0.15591700000004494,28
0,4,burst,948,0.14941700000008495,28
0,4,burst,949,0.14604199999985212,28
0,4,burst,950,0.34333399999968606,28
0,4,burst,951,0.20366699999976845,28
0,4,burst,952,0.15412500000002183,28
0,4,burst,953,0.15895899999986796,28
0,4,burst,954,0.14379199999984849,28
0,4,burst,955,0.1380420000000413,28
0,4,burst,956,0.14291699999967022,28
0,4,burst,957,0.13833299999987503,28
0,4,burst,958,0.14170899999999165,28
0,4,burst,959,0.13924999999971988,28
0,4,burst,960,0.14587500000016007,28
0,4,burst,961,0.14054200000009587,28
0,4,burst,962,0.1553329999997004,28
0,4,burst,963,0.1432089999998425,28
0,4,burst,964,0.14162500000020373,28
0,4,burst,965,0.1392919999998412,28
0,4,burst,966,0.1416669999998703,28
0,4,burst,967,0.27962499999966894,28
0,4,burst,968,0.29737500000010186,28
0,4,burst,969,0.15516699999989214,28
0,4,burst,970,0.1511249999998654,28
0,4,burst,971,0.15212499999961437,28
0,4,burst,972,0.1434169999997721,28
0,4,burst,973,0.14179199999989578,28
0,4,burst,974,0.15537499999982174,28
0,4,burst,975,0.2479590000002645,28
0,4,burst,976,0.1827909999997246,28
0,4,burst,977,0.16170800000008967,28
0,4,burst,978,0.1705419999998412,28
0,4,burst,979,0.1575830000001588,28
0,4,burst,980,0.14862499999981083,28
0,4,burst,981,0.14679200000000492,28
0,4,burst,982,0.15354200000001583,28
0,4,burst,983,0.1470419999996011,28
0,4,burst,984,0.14333399999986796,28
0,4,burst,985,0.14383300000008603,28
0,4,burst,986,0.14541600000029575,28
0,4,burst,987,0.14695800000026793,28
0,4,burst,988,0.14116699999976845,28
0,4,burst,989,0.14712499999995998,28
0,4,burst,990,0.14220800000020972,28
0,4,burst,991,0.14370800000006057,28
0,4,burst,992,0.14045900000019174,28
0,4,burst,993,0.14070899999978792,28
0,4,burst,994,0.14941700000008495,28
0,4,burst,995,0.15679099999988466,28
0,4,burst,996,0.1487499999998363,28
0,4,burst,997,0.14179199999989578,28
0,4,burst,998,0.14133399999991525,28
0,4,burst,999,0.14287500000000364,28
1,1,idle,0,0.002292000000124972,0
1,1,idle,1,0.002167000000099506,0
1,1,idle,2,0.0018749999999272404,0
1,1,idle,3,0.00220900000022084,0
1,1,idle,4,0.0024590000002717716,0
1,1,idle,5,0.002084000000195374,0
1,1,idle,6,0.0019170000000485743,0
1,1,idle,7,0.002207999999882304,0
1,1,idle,8,0.002207999999882304,0
1,1,idle,9,0.002415999999811902,0
1,1,idle,10,0.0019999999999527063,0
1,1,idle,11,0.002207999999882304,0
1,1,idle,12,0.00233299999990777,0
1,1,idle,13,0.0029580000000350992,0
1,1,idle,14,0.004125000000385626,0
1,1,idle,15,0.0024170000001504377,0
1,1,idle,16,0.0019999999999527063,0
1,1,idle,17,0.002124999999978172,0
1,1,idle,18,0.002124999999978172,0
1,1,idle,19,0.002167000000099506,0
1,1,idle,20,0.002624999999625288,0
1,1,idle,21,0.002292000000124972,0
1,1,idle,22,0.0020000000004074536,0
1,1,idle,23,0.00220900000022084,0
1,1,idle,24,0.002084000000195374,0
1,1,idle,25,0.0026250000000800355,0
1,1,idle,26,0.0019999999999527063,0
1,1,idle,27,0.0020830000003115856,0
1,1,idle,28,0.0020000000004074536,0
1,1,idle,29,0.0018749999999272404,0
1,1,idle,30,0.003000000000156433,0
1,1,idle,31,0.0019999999999527063,0
1,1,idle,32,0.002124999999978172,0
1,1,idle,33,0.002749999999650754,0
1,1,idle,34,0.0019580000002861198,0
1,1,idle,35,0.0025000000000545697,0
1,1,idle,36,0.00204200000007404,0
1,1,idle,37,0.002124999999978172,0
1,1,idle,38,0.0020839999997406267,0
1,1,idle,39,0.002124999999978172,0
1,1,idle,40,0.0019999999999527063,0
1,1,idle,41,0.0025420000001759036,0
1,1,idle,42,0.0019160000001647859,0
1,1,idle,43,0.002250000000003638,0
1,1,idle,44,0.00204200000007404,0
1,1,idle,45,0.004667000000154076,0
1,1,idle,46,0.0028330000000096334,0
1,1,idle,47,0.0021250000004329195,0
1,1,idle,48,0.0019170000000485743,0
1,1,idle,49,0.002041999999619293,0
1,1,idle,50,0.0018749999999272404,0
1,1,idle,51,0.0031249999997271516,0
1,1,idle,52,0.002250000000003638,0
1,1,idle,53,0.0020829999998568383,0
1,1,idle,54,0.0020410000001902517,0
1,1,idle,55,0.0026250000000800355,0
1,1,idle,56,0.0019159999997100385,0
1,1,idle,57,0.003208000000086031,0
1,1,idle,58,0.0019999999999527063,0
1,1,idle,59,0.00233299999990777,0
1,1,idle,60,0.0019579999998313724,0
1,1,idle,61,0.0019579999998313724,0
1,1,idle,62,0.003624999999829015,0
1,1,idle,63,0.0019999999999527063,0
1,1,idle,64,0.0020839999997406267,0
1,1,idle,65,0.0019170000000485743,0
1,1,idle,66,0.00179100000013932,0
1,1,idle,67,0.0024160000002666493,0
1,1,idle,68,0.002041999999619293,0
1,1,idle,69,0.0018749999999272404,0
1,1,idle,70,0.002207999999882304,0
1,1,idle,71,0.0019579999998313724,0
1,1,idle,72,0.0025000000000545697,0
1,1,idle,73,0.0020409999997355044,0
1,1,idle,74,0.0018749999999272404,0
1,1,idle,75,0.002124999999978172,0
1,1,idle,76,0.002167000000099506,0
1,1,idle,77,0.0020829999998568383,0
1,1,idle,78,0.002457999999933236,0
1,1,idle,79,0.0020409999997355044,0
1,1,idle,80,0.002124999999978172,0
1,1,idle,81,0.001959000000169908,0
1,1,idle,82,0.002124999999978172,0
1,1,idle,83,0.002457999999933236,0
1,1,idle,84,0.0019999999999527063,0
1,1,idle,85,0.002250000000003638,0
1,1,idle,86,0.0019999999999527063,0
1,1,idle,87,0.002250000000003638,0
1,1,idle,88,0.002415999999811902,0
1,1,idle,89,0.002167000000099506,0
1,1,idle,90,0.00204200000007404,0
1,1,idle,91,0.0020829999998568383,0
1,1,idle,92,0.0021659999997609702,0
1,1,idle,93,0.002292000000124972,0
1,1,idle,94,0.0025840000002972374,0
1,1,idle,95,0.00204200000007404,0
1,1,idle,96,0.0019999999999527063,0
1,1,idle,97,0.0025840000002972374,0
1,1,idle,98,0.0018749999999272404,0
1,1,idle,99,0.0027500000001055014,0
1,1,idle,100,0.0019999999999527063,0
1,1,idle,101,0.002124999999978172,0
1,1,idle,102,0.0019579999998313724,0
1,1,idle,103,0.002167000000099506,0
1,1,idle,104,0.0024590000002717716,0
1,1,idle,105,0.00204200000007404,0
1,1,idle,106,0.0018749999999272404,0
1,1,idle,107,0.004917000000205007,0
1,1,idle,108,0.002167000000099506,0
1,1,idle,109,0.0025829999999587017,0
1,1,idle,110,0.0019580000002861198,0
1,1,idle,111,0.0020409999997355044,0
1,1,idle,112,0.0019999999999527063,0
1,1,idle,113,0.0026659999998628336,0
1,1,idle,114,0.0022919999996702245,0
1,1,idle,115,0.0019999999999527063,0
1,1,idle,116,0.0020829999998568383,0
1,1,idle,117,0.00204200000007404,0
1,1,idle,118,0.0019999999999527063,0
1,1,idle,119,0.00204200000007404,0
1,1,idle,120,0.0024170000001504377,0
1,1,idle,121,0.002124999999978172,0
1,1,idle,122,0.0019999999999527063,0
1,1,idle,123,0.002167000000099506,0
1,1,idle,124,0.0025000000000545697,0
1,1,idle,125,0.0024170000001504377,0
1,1,idle,126,0.0018749999999272404,0
1,1,idle,127,0.0019170000000485743,0
1,1,idle,128,0.0019999999999527063,0
1,1,idle,129,0.0019580000002861198,0
1,1,idle,130,0.002375000000029104,0
1,1,idle,131,0.0019579999998313724,0
1,1,idle,132,0.001958999999715161,0
1,1,idle,133,0.001958999999715161,0
1,1,idle,134,0.0018749999999272404,0
1,1,idle,135,0.002624999999625288,0
1,1,idle,136,0.0021660000002157176,0
1,1,idle,137,0.0020830000003115856,0
1,1,idle,138,0.0019580000002861198,0
1,1,idle,139,0.002666000000317581,0
1,1,idle,140,0.0019580000002861198,0
1,1,idle,141,0.0024999999995998223,0
1,1,idle,142,0.0019579999998313724,0
1,1,idle,143,0.00233299999990777,0
1,1,idle,144,0.001958999999715161,0
1,1,idle,145,0.002167000000099506,0
1,1,idle,146,0.0022080000003370515,0
1,1,idle,147,0.0019580000002861198,0
1,1,idle,148,0.0023339999997915584,0
1,1,idle,149,0.0018749999999272404,0
1,1,idle,150,0.0018749999999272404,0
1,1,idle,151,0.0025829999999587017,0
1,1,idle,152,0.0019580000002861198,0
1,1,idle,153,0.0019160000001647859,0
1,1,idle,154,0.0019170000000485743,0
1,1,idle,155,0.002917000000252301,0
1,1,idle,156,0.0020000000004074536,0
1,1,idle,157,0.0024170000001504377,0
1,1,idle,158,0.0019160000001647859,0
1,1,idle,159,0.002124999999978172,0
1,1,idle,160,0.0019579999998313724,0
1,1,idle,161,0.002124999999978172,0
1,1,idle,162,0.002292000000124972,0
1,1,idle,163,0.002124999999978172,0
1,1,idle,164,0.00204200000007404,0
1,1,idle,165,0.00204200000007404,0
1,1,idle,166,0.0019579999998313724,0
1,1,idle,167,0.002457999999933236,0
1,1,idle,168,0.0020409999997355044,0
1,1,idle,169,0.0028750000001309672,0
1,1,idle,170,0.0032499999997526174,0
1,1,idle,171,0.0021669999996447586,0
1,1,idle,172,0.002457999999933236,0
1,1,idle,173,0.0019160000001647859,0
1,1,idle,174,0.0019999999999527063,0
1,1,idle,175,0.0019580000002861198,0
1,1,idle,176,0.0020410000001902517,0
1,1,idle,177,0.001916999999593827,0
1,1,idle,178,0.0022089999997660925,0
1,1,idle,179,0.002124999999978172,0
1,1,idle,180,0.0018749999999272404,0
1,1,idle,181,0.0033329999996567494,0
1,1,idle,182,0.0019999999999527063,0
1,1,idle,183,0.00258399999984249,0
1,1,idle,184,0.0019170000000485743,0
1,1,idle,185,0.0020410000001902517,0
1,1,idle,186,0.0019580000002861198,0
1,1,idle,187,0.0020830000003115856,0
1,1,idle,188,0.0024160000002666493,0
1,1,idle,189,0.0019999999999527063,0
1,1,idle,190,0.00204200000007404,0
1,1,idle,191,0.002541999999721156,0
1,1,idle,192,0.002124999999978172,0
1,1,idle,193,0.0024169999996956903,0
1,1,idle,194,0.0029159999999137654,0
1,1,idle,195,0.0038749999998799467,0
1,1,idle,196,0.0029159999999137654,0
1,1,idle,197,0.002167000000099506,0
1,1,idle,198,0.001959000000169908,0
1,1,idle,199,0.0025420000001759036,0
1,1,idle,200,0.0019999999999527063,0
1,1,idle,201,0.0035000000002582965,0
1,1,idle,202,0.0018750000003819878,0
1,1,idle,203,0.001958999999715161,0
1,1,idle,204,0.002292000000124972,0
1,1,idle,205,0.002292000000124972,0
1,1,idle,206,0.0019160000001647859,0
1,1,idle,207,0.0019999999999527063,0
1,1,idle,208,0.0019580000002861198,0
1,1,idle,209,0.002415999999811902,0
1,1,idle,210,0.0018329999998059066,0
1,1,idle,211,0.00204200000007404,0
1,1,idle,212,0.0018749999999272404,0
1,1,idle,213,0.00204200000007404,0
1,1,idle,214,0.00220900000022084,0
1,1,idle,215,0.0019999999999527063,0
1,1,idle,216,0.0025000000000545697,0
1,1,idle,217,0.002124999999978172,0
1,1,idle,218,0.001959000000169908,0
1,1,idle,219,0.0021250000004329195,0
1,1,idle,220,0.002250000000003638,0
1,1,idle,221,0.0021660000002157176,0
1,1,idle,222,0.0019170000000485743,0
1,1,idle,223,0.0024589999998170242,0
1,1,idle,224,0.0018750000003819878,0
1,1,idle,225,0.0023330000003625173,0
1,1,idle,226,0.0019580000002861198,0
1,1,idle,227,0.00204200000007404,0
1,1,idle,228,0.001958999999715161,0
1,1,idle,229,0.0022089999997660925,0
1,1,idle,230,0.002375000000029104,0
1,1,idle,231,0.026041999999961263,0
1,1,idle,232,0.002292000000124972,0
1,1,idle,233,0.00204200000007404,0
1,1,idle,234,0.0024999999995998223,0
1,1,idle,235,0.0024170000001504377,0
1,1,idle,236,0.0019580000002861198,0
1,1,idle,237,0.002375000000029104,0
1,1,idle,238,0.0018749999999272404,0
1,1,idle,239,0.0018750000003819878,0
1,1,idle,240,0.0019170000000485743,0
1,1,idle,241,0.002457999999933236,0
1,1,idle,242,0.0020829999998568383,0
1,1,idle,243,0.0019159999997100385,0
1,1,idle,244,0.00204200000007404,0
1,1,idle,245,0.00204200000007404,0
1,1,idle,246,0.002415999999811902,0
1,1,idle,247,0.003125000000181899,0
1,1,idle,248,0.002124999999978172,0
1,1,idle,249,0.002124999999978172,0
1,1,idle,250,0.0019999999999527063,0
1,1,idle,251,0.002457999999933236,0
1,1,idle,252,0.0019160000001647859,0
1,1,idle,253,0.00204200000007404,0
1,1,idle,254,0.0019999999999527063,0
1,1,idle,255,0.0019170000000485743,0
1,1,idle,256,0.0018749999999272404,0
1,1,idle,257,0.0026670000002013694,0
1,1,idle,258,0.0025420000001759036,0
1,1,idle,259,0.002124999999978172,0
1,1,idle,260,0.00204200000007404,0
1,1,idle,261,0.0023340000002463057,0
1,1,idle,262,0.0024170000001504377,0
1,1,idle,263,0.0020829999998568383,0
1,1,idle,264,0.002624999999625288,0
1,1,idle,265,0.002250000000003638,0
1,1,idle,266,0.0019999999999527063,0
1,1,idle,267,0.0025000000000545697,0
1,1,idle,268,0.0020829999998568383,0
1,1,idle,269,0.0020829999998568383,0
1,1,idle,270,0.0019579999998313724,0
1,1,idle,271,0.0018749999999272404,0
1,1,idle,272,0.002250000000003638,0
1,1,idle,273,0.0019999999999527063,0
1,1,idle,274,0.002167000000099506,0
1,1,idle,275,0.0018340000001444423,0
1,1,idle,276,0.0019999999999527063,0
1,1,idle,277,0.0026250000000800355,0
1,1,idle,278,0.002457999999933236,0
1,1,idle,279,0.0019579999998313724,0
1,1,idle,280,0.002540999999837368,0
1,1,idle,281,0.002167000000099506,0
1,1,idle,282,0.002084000000195374,0
1,1,idle,283,0.002292000000124972,0
1,1,idle,284,0.0020409999997355044,0
1,1,idle,285,0.002124999999978172,0
1,1,idle,286,0.0019159999997100385,0
1,1,idle,287,0.0019170000000485743,0
1,1,idle,288,0.002292000000124972,0
1,1,idle,289,0.0019170000000485743,0
1,1,idle,290,0.0019160000001647859,0
1,1,idle,291,0.002167000000099506,0
1,1,idle,292,0.001958999999715161,0
1,1,idle,293,0.005166999999801192,0
1,1,idle,294,0.0020409999997355044,0
1,1,idle,295,0.0020829999998568383,0
1,1,idle,296,0.0019580000002861198,0
1,1,idle,297,0.002124999999978172,0
1,1,idle,298,0.0019579999998313724,0
1,1,idle,299,0.002375000000029104,0
1,1,idle,300,0.0019580000002861198,0
1,1,idle,301,0.0024170000001504377,0
1,1,idle,302,0.0019999999999527063,0
1,1,idle,303,0.0018750000003819878,0
1,1,idle,304,0.0022910000002411834,0
1,1,idle,305,0.002124999999978172,0
1,1,idle,306,0.0029580000000350992,0
1,1,idle,307,0.0018329999998059066,0
1,1,idle,308,0.0019160000001647859,0
1,1,idle,309,0.0025829999999587017,0
1,1,idle,310,0.0019580000002861198,0
1,1,idle,311,0.0020830000003115856,0
1,1,idle,312,0.0019170000000485743,0
1,1,idle,313,0.001958999999715161,0
1,1,idle,314,0.002207999999882304,0
1,1,idle,315,0.0018749999999272404,0
1,1,idle,316,0.0019159999997100385,0
1,1,idle,317,0.002124999999978172,0
1,1,idle,318,0.0019999999999527063,0
1,1,idle,319,0.0019999999999527063,0
1,1,idle,320,0.00233299999990777,0
1,1,idle,321,0.0019579999998313724,0
1,1,idle,322,0.002167000000099506,0
1,1,idle,323,0.0019579999998313724,0
1,1,idle,324,0.0019160000001647859,0
1,1,idle,325,0.003125000000181899,0
1,1,idle,326,0.0019159999997100385,0
1,1,idle,327,0.0020829999998568383,0
1,1,idle,328,0.0019580000002861198,0
1,1,idle,329,0.0019580000002861198,0
1,1,idle,330,0.0025829999999587017,0
1,1,idle,331,0.0018749999999272404,0
1,1,idle,332,0.0019999999999527063,0
1,1,idle,333,0.002124999999978172,0
1,1,idle,334,0.0019170000000485743,0
1,1,idle,335,0.002250000000003638,0
1,1,idle,336,0.0019999999999527063,0
1,1,idle,337,0.0021660000002157176,0
1,1,idle,338,0.0032919999998739513,0
1,1,idle,339,0.0019170000000485743,0
1,1,idle,340,0.0019579999998313724,0
1,1,idle,341,0.002457999999933236,0
1,1,idle,342,0.0020829999998568383,0
1,1,idle,343,0.0018749999999272404,0
1,1,idle,344,0.001958999999715161,0
1,1,idle,345,0.0019999999999527063,0
1,1,idle,346,0.002375000000029104,0
1,1,idle,347,0.0019999999999527063,0
1,1,idle,348,0.0028339999998934218,0
1,1,idle,349,0.004791999999724794,0
1,1,idle,350,0.0018750000003819878,0
1,1,idle,351,0.0025000000000545697,0
1,1,idle,352,0.0018749999999272404,0
1,1,idle,353,0.0022919999996702245,0
1,1,idle,354,0.0019999999999527063,0
1,1,idle,355,0.0030419999998230196,0
1,1,idle,356,0.0020409999997355044,0
1,1,idle,357,0.0026250000000800355,0
1,1,idle,358,0.0018749999999272404,0
1,1,idle,359,0.002167000000099506,0
1,1,idle,360,0.0019999999999527063,0
1,1,idle,361,0.002250000000003638,0
1,1,idle,362,0.0025000000000545697,0
1,1,idle,363,0.0025000000000545697,0
1,1,idle,364,0.002124999999978172,0
1,1,idle,365,0.0020829999998568383,0
1,1,idle,366,0.0019999999999527063,0
1,1,idle,367,0.00233299999990777,0
1,1,idle,368,0.0019159999997100385,0
1,1,idle,369,0.002207999999882304,0
1,1,idle,370,0.0019999999999527063,0
1,1,idle,371,0.0019999999999527063,0
1,1,idle,372,0.0024170000001504377,0
1,1,idle,373,0.002250000000003638,0
1,1,idle,374,0.002167000000099506,0
1,1,idle,375,0.0019579999998313724,0
1,1,idle,376,0.0019999999999527063,0
1,1,idle,377,0.0020830000003115856,0
1,1,idle,378,0.00233299999990777,0
1,1,idle,379,0.0018749999999272404,0
1,1,idle,380,0.002124999999978172,0
1,1,idle,381,0.002041999999619293,0
1,1,idle,382,0.0018749999999272404,0
1,1,idle,383,0.002292000000124972,0
1,1,idle,384,0.0019160000001647859,0
1,1,idle,385,0.00233299999990777,0
1,1,idle,386,0.0018329999998059066,0
1,1,idle,387,0.0018749999999272404,0
1,1,idle,388,0.002375000000029104,0
1,1,idle,389,0.00220900000022084,0
1,1,idle,390,0.0025000000000545697,0
1,1,idle,391,0.0021669999996447586,0
1,1,idle,392,0.002666999999746622,0
1,1,idle,393,0.0026659999998628336,0
1,1,idle,394,0.00204200000007404,0
1,1,idle,395,0.002124999999978172,0
1,1,idle,396,0.001833000000260654,0
1,1,idle,397,0.0018750000003819878,0
1,1,idle,398,0.001833000000260654,0
1,1,idle,399,0.003040999999939231,0
1,1,idle,400,0.00204200000007404,0
1,1,idle,401,0.002167000000099506,0
1,1,idle,402,0.0019999999999527063,0
1,1,idle,403,0.001958999999715161,0
1,1,idle,404,0.0024589999998170242,0
1,1,idle,405,0.002167000000099506,0
1,1,idle,406,0.0021660000002157176,0
1,1,idle,407,0.0020829999998568383,0
1,1,idle,408,0.002124999999978172,0
1,1,idle,409,0.002541000000292115,0
1,1,idle,410,0.002167000000099506,0
1,1,idle,411,0.0020839999997406267,0
1,1,idle,412,0.0019999999999527063,0
1,1,idle,413,0.002041999999619293,0
1,1,idle,414,0.002292000000124972,0
1,1,idle,415,0.0020410000001902517,0
1,1,idle,416,0.0020829999998568383,0
1,1,idle,417,0.004791999999724794,0
1,1,idle,418,0.0019170000000485743,0
1,1,idle,419,0.0018750000003819878,0
1,1,idle,420,0.002375000000029104,0
1,1,idle,421,0.0020829999998568383,0
1,1,idle,422,0.0019999999999527063,0
1,1,idle,423,0.0019999999999527063,0
1,1,idle,424,0.001959000000169908,0
1,1,idle,425,0.0025420000001759036,0
1,1,idle,426,0.0019159999997100385,0
1,1,idle,427,0.0019579999998313724,0
1,1,idle,428,0.001833000000260654,0
1,1,idle,429,0.0019170000000485743,0
1,1,idle,430,0.002375000000029104,0
1,1,idle,431,0.001833000000260654,0
1,1,idle,432,0.002791999999772088,0
1,1,idle,433,0.0018749999999272404,0
1,1,idle,434,0.0019580000002861198,0
1,1,idle,435,0.0022919999996702245,0
1,1,idle,436,0.001958999999715161,0
1,1,idle,437,0.0018749999999272404,0
1,1,idle,438,0.0019579999998313724,0
1,1,idle,439,0.0018329999998059066,0
1,1,idle,440,0.0018329999998059066,0
1,1,idle,441,0.002167000000099506,0
1,1,idle,442,0.0019170000000485743,0
1,1,idle,443,0.0018329999998059066,0
1,1,idle,444,0.0019580000002861198,0
1,1,idle,445,0.0026250000000800355,0
1,1,idle,446,0.002375000000029104,0
1,1,idle,447,0.0026250000000800355,0
1,1,idle,448,0.002124999999978172,0
1,1,idle,449,0.001959000000169908,0
1,1,idle,450,0.0020000000004074536,0
1,1,idle,451,0.002375000000029104,0
1,1,idle,452,0.002540999999837368,0
1,1,idle,453,0.0019999999999527063,0
1,1,idle,454,0.002207999999882304,0
1,1,idle,455,0.0018329999998059066,0
1,1,idle,456,0.0019579999998313724,0
1,1,idle,457,0.0022910000002411834,0
1,1,idle,458,0.0019160000001647859,0
1,1,idle,459,0.0027500000001055014,0
1,1,idle,460,0.0026250000000800355,0
1,1,idle,461,0.002084000000195374,0
1,1,idle,462,0.0024590000002717716,0
1,1,idle,463,0.0018749999999272404,0
1,1,idle,464,0.002124999999978172,0
1,1,idle,465,0.001959000000169908,0
1,1,idle,466,0.002084000000195374,0
1,1,idle,467,0.002292000000124972,0
1,1,idle,468,0.0020410000001902517,0
1,1,idle,469,0.0019999999999527063,0
1,1,idle,470,0.0019160000001647859,0
1,1,idle,471,0.0019580000002861198,0
1,1,idle,472,0.002250000000003638,0
1,1,idle,473,0.002457999999933236,0
1,1,idle,474,0.0018749999999272404,0
1,1,idle,475,0.002167000000099506,0
1,1,idle,476,0.0019999999999527063,0
1,1,idle,477,0.0018749999999272404,0
1,1,idle,478,0.0024169999996956903,0
1,1,idle,479,0.0026670000002013694,0
1,1,idle,480,0.0022910000002411834,0
1,1,idle,481,0.001833000000260654,0
1,1,idle,482,0.002749999999650754,0
1,1,idle,483,0.0024160000002666493,0
1,1,idle,484,0.0019580000002861198,0
1,1,idle,485,0.0020410000001902517,0
1,1,idle,486,0.0019580000002861198,0
1,1,idle,487,0.0018749999999272404,0
1,1,idle,488,0.0022910000002411834,0
1,1,idle,489,0.001916999999593827,0
1,1,idle,490,0.002084000000195374,0
1,1,idle,491,0.0018340000001444423,0
1,1,idle,492,0.0019170000000485743,0
1,1,idle,493,0.002290999999786436,0
1,1,idle,494,0.00204200000007404,0
1,1,idle,495,0.0019999999999527063,0
1,1,idle,496,0.0018749999999272404,0
1,1,idle,497,0.0019999999999527063,0
1,1,idle,498,0.0025829999999587017,0
1,1,idle,499,0.0024170000001504377,0
1,1,idle,500,0.0018340000001444423,0
1,1,idle,501,0.002084000000195374,0
1,1,idle,502,0.001958999999715161,0
1,1,idle,503,0.0018749999999272404,0
1,1,idle,504,0.0022919999996702245,0
1,1,idle,505,0.001958999999715161,0
1,1,idle,506,0.0018340000001444423,0
1,1,idle,507,0.0018340000001444423,0
1,1,idle,508,0.001959000000169908,0
1,1,idle,509,0.002375000000029104,0
1,1,idle,510,0.0018329999998059066,0
1,1,idle,511,0.0019579999998313724,0
1,1,idle,512,0.0019580000002861198,0
1,1,idle,513,0.0019170000000485743,0
1,1,idle,514,0.0023339999997915584,0
1,1,idle,515,0.002749999999650754,0
1,1,idle,516,0.004625000000032742,0
1,1,idle,517,0.0019579999998313724,0
1,1,idle,518,0.0020409999997355044,0
1,1,idle,519,0.00204200000007404,0
1,1,idle,520,0.0024999999995998223,0
1,1,idle,521,0.0027920000002268353,0
1,1,idle,522,0.002084000000195374,0
1,1,idle,523,0.0018340000001444423,0
1,1,idle,524,0.002084000000195374,0
1,1,idle,525,0.002250000000003638,0
1,1,idle,526,0.0025829999999587017,0
1,1,idle,527,0.002124999999978172,0
1,1,idle,528,0.0019999999999527063,0
1,1,idle,529,0.001959000000169908,0
1,1,idle,530,0.002375000000029104,0
1,1,idle,531,0.0025420000001759036,0
1,1,idle,532,0.001959000000169908,0
1,1,idle,533,0.002124999999978172,0
1,1,idle,534,0.0019999999999527063,0
1,1,idle,535,0.002457999999933236,0
1,1,idle,536,0.00287499999967622,0
1,1,idle,537,0.0019999999999527063,0
1,1,idle,538,0.00204200000007404,0
1,1,idle,539,0.0019999999999527063,0
1,1,idle,540,0.0019579999998313724,0
1,1,idle,541,0.0048750000000836735,0
1,1,idle,542,0.0019999999999527063,0
1,1,idle,543,0.002124999999978172,0
1,1,idle,544,0.0019579999998313724,0
1,1,idle,545,0.00204200000007404,0
1,1,idle,546,0.002375000000029104,0
1,1,idle,547,0.0019999999999527063,0
1,1,idle,548,0.0018329999998059066,0
1,1,idle,549,0.0018749999999272404,0
1,1,idle,550,0.001958999999715161,0
1,1,idle,551,0.002250000000003638,0
1,1,idle,552,0.001833000000260654,0
1,1,idle,553,0.0019579999998313724,0
1,1,idle,554,0.0019170000000485743,0
1,1,idle,555,0.0019999999999527063,0
1,1,idle,556,0.0019999999999527063,0
1,1,idle,557,0.0031249999997271516,0
1,1,idle,558,0.002124999999978172,0
1,1,idle,559,0.0020829999998568383,0
1,1,idle,560,0.00204200000007404,0
1,1,idle,561,0.00204200000007404,0
1,1,idle,562,0.0026659999998628336,0
1,1,idle,563,0.002207999999882304,0
1,1,idle,564,0.0031669999998484855,0
1,1,idle,565,0.002084000000195374,0
1,1,idle,566,0.00204200000007404,0
1,1,idle,567,0.002375000000029104,0
1,1,idle,568,0.0019999999999527063,0
1,1,idle,569,0.001916999999593827,0
1,1,idle,570,0.0019160000001647859,0
1,1,idle,571,0.0019579999998313724,0
1,1,idle,572,0.002375000000029104,0
1,1,idle,573,0.0020410000001902517,0
1,1,idle,574,0.0019170000000485743,0
1,1,idle,575,0.00220900000022084,0
1,1,idle,576,0.0018749999999272404,0
1,1,idle,577,0.0020829999998568383,0
1,1,idle,578,0.002375000000029104,0
1,1,idle,579,0.002084000000195374,0
1,1,idle,580,0.0019170000000485743,0
1,1,idle,581,0.0020409999997355044,0
1,1,idle,582,0.0019999999999527063,0
1,1,idle,583,0.002250000000003638,0
1,1,idle,584,0.0019579999998313724,0
1,1,idle,585,0.0019999999999527063,0
1,1,idle,586,0.0019170000000485743,0
1,1,idle,587,0.0018750000003819878,0
1,1,idle,588,0.002292000000124972,0
1,1,idle,589,0.00204200000007404,0
1,1,idle,590,0.002250000000003638,0
1,1,idle,591,0.002041999999619293,0
1,1,idle,592,0.0020410000001902517,0
1,1,idle,593,0.003042000000277767,0
1,1,idle,594,0.002084000000195374,0
1,1,idle,595,0.002084000000195374,0
1,1,idle,596,0.00204200000007404,0
1,1,idle,597,0.001959000000169908,0
1,1,idle,598,0.0019999999999527063,0
1,1,idle,599,0.002917000000252301,0
1,1,idle,600,0.002250000000003638,0
1,1,idle,601,0.0020829999998568383,0
1,1,idle,602,0.00204200000007404,0
1,1,idle,603,0.004750000000058208,0
1,1,idle,604,0.002375000000029104,0
1,1,idle,605,0.0020409999997355044,0
1,1,idle,606,0.0020829999998568383,0
1,1,idle,607,0.002167000000099506,0
1,1,idle,608,0.002167000000099506,0
1,1,idle,609,0.002415999999811902,0
1,1,idle,610,0.0019579999998313724,0
1,1,idle,611,0.0019170000000485743,0
1,1,idle,612,0.002124999999978172,0
1,1,idle,613,0.00204200000007404,0
1,1,idle,614,0.0023340000002463057,0
1,1,idle,615,0.002375000000029104,0
1,1,idle,616,0.0019579999998313724,0
1,1,idle,617,0.002124999999978172,0
1,1,idle,618,0.002124999999978172,0
1,1,idle,619,0.0018750000003819878,0
1,1,idle,620,0.0024170000001504377,0
1,1,idle,621,0.0020839999997406267,0
1,1,idle,622,0.002041999999619293,0
1,1,idle,623,0.001833999999689695,0
1,1,idle,624,0.0019999999999527063,0
1,1,idle,625,0.0033329999996567494,0
1,1,idle,626,0.002290999999786436,0
1,1,idle,627,0.0019999999999527063,0
1,1,idle,628,0.0020829999998568383,0
1,1,idle,629,0.002207999999882304,0
1,1,idle,630,0.0025000000000545697,0
1,1,idle,631,0.002124999999978172,0
1,1,idle,632,0.0019999999999527063,0
1,1,idle,633,0.0019999999999527063,0
1,1,idle,634,0.0021250000004329195,0
1,1,idle,635,0.002292000000124972,0
1,1,idle,636,0.00204200000007404,0
1,1,idle,637,0.0020410000001902517,0
1,1,idle,638,0.0020830000003115856,0
1,1,idle,639,0.0019170000000485743,0
1,1,idle,640,0.0019999999999527063,0
1,1,idle,641,0.0032079999996312836,0
1,1,idle,642,0.002124999999978172,0
1,1,idle,643,0.0029159999999137654,0
1,1,idle,644,0.00233299999990777,0
1,1,idle,645,0.0024169999996956903,0
1,1,idle,646,0.0024589999998170242,0
1,1,idle,647,0.0019170000000485743,0
1,1,idle,648,0.002250000000003638,0
1,1,idle,649,0.002167000000099506,0
1,1,idle,650,0.0020000000004074536,0
1,1,idle,651,0.002292000000124972,0
1,1,idle,652,0.0019580000002861198,0
1,1,idle,653,0.002124999999978172,0
1,1,idle,654,0.002124999999978172,0
1,1,idle,655,0.0019999999999527063,0
1,1,idle,656,0.0018749999999272404,0
1,1,idle,657,0.002375000000029104,0
1,1,idle,658,0.0019579999998313724,0
1,1,idle,659,0.0019999999999527063,0
1,1,idle,660,0.0026250000000800355,0
1,1,idle,661,0.0019999999999527063,0
1,1,idle,662,0.002540999999837368,0
1,1,idle,663,0.0019579999998313724,0
1,1,idle,664,0.0020829999998568383,0
1,1,idle,665,0.0028330000000096334,0
1,1,idle,666,0.002124999999978172,0
1,1,idle,667,0.002250000000003638,0
1,1,idle,668,0.002124999999978172,0
1,1,idle,669,0.002207999999882304,0
1,1,idle,670,0.002167000000099506,0
1,1,idle,671,0.0019999999999527063,0
1,1,idle,672,0.0025000000000545697,0
1,1,idle,673,0.0021659999997609702,0
1,1,idle,674,0.0019999999999527063,0
1,1,idle,675,0.0020829999998568383,0
1,1,idle,676,0.0019159999997100385,0
1,1,idle,677,0.0020829999998568383,0
1,1,idle,678,0.002375000000029104,0
1,1,idle,679,0.0019579999998313724,0
1,1,idle,680,0.002124999999978172,0
1,1,idle,681,0.001959000000169908,0
1,1,idle,682,0.001959000000169908,0
1,1,idle,683,0.0037919999999758147,0
1,1,idle,684,0.0020410000001902517,0
1,1,idle,685,0.0021669999996447586,0
1,1,idle,686,0.002167000000099506,0
1,1,idle,687,0.0019160000001647859,0
1,1,idle,688,0.0024170000001504377,0
1,1,idle,689,0.001959000000169908,0
1,1,idle,690,0.002292000000124972,0
1,1,idle,691,0.0019159999997100385,0
1,1,idle,692,0.002124999999978172,0
1,1,idle,693,0.00233299999990777,0
1,1,idle,694,0.0018749999999272404,0
1,1,idle,695,0.002124999999978172,0
1,1,idle,696,0.0025420000001759036,0
1,1,idle,697,0.0025420000001759036,0
1,1,idle,698,0.002749999999650754,0
1,1,idle,699,0.002708999999867956,0
1,1,idle,700,0.001916999999593827,0
1,1,idle,701,0.002250000000003638,0
1,1,idle,702,0.0019999999999527063,0
1,1,idle,703,0.002124999999978172,0
1,1,idle,704,0.003083000000060565,0
1,1,idle,705,0.0021659999997609702,0
1,1,idle,706,0.0019579999998313724,0
1,1,idle,707,0.002250000000003638,0
1,1,idle,708,0.0018749999999272404,0
1,1,idle,709,0.0024589999998170242,0
1,1,idle,710,0.001833000000260654,0
1,1,idle,711,0.002250000000003638,0
1,1,idle,712,0.0018749999999272404,0
1,1,idle,713,0.0019170000000485743,0
1,1,idle,714,0.0022089999997660925,0
1,1,idle,715,0.00204200000007404,0
1,1,idle,716,0.0020410000001902517,0
1,1,idle,717,0.0019580000002861198,0
1,1,idle,718,0.0019159999997100385,0
1,1,idle,719,0.00204200000007404,0
1,1,idle,720,0.0024170000001504377,0
1,1,idle,721,0.0019159999997100385,0
1,1,idle,722,0.0019579999998313724,0
1,1,idle,723,0.002292000000124972,0
1,1,idle,724,0.0018749999999272404,0
1,1,idle,725,0.0028330000000096334,0
1,1,idle,726,0.0018749999999272404,0
1,1,idle,727,0.0063329999998131825,0
1,1,idle,728,0.0019160000001647859,0
1,1,idle,729,0.0020829999998568383,0
1,1,idle,730,0.0022910000002411834,0
1,1,idle,731,0.002292000000124972,0
1,1,idle,732,0.0018750000003819878,0
1,1,idle,733,0.0022080000003370515,0
1,1,idle,734,0.001833000000260654,0
1,1,idle,735,0.0027079999999841675,0
1,1,idle,736,0.0019999999999527063,0
1,1,idle,737,0.002207999999882304,0
1,1,idle,738,0.0019160000001647859,0
1,1,idle,739,0.002292000000124972,0
1,1,idle,740,0.001958999999715161,0
1,1,idle,741,0.0024589999998170242,0
1,1,idle,742,0.001958999999715161,0
1,1,idle,743,0.0022089999997660925,0
1,1,idle,744,0.0018749999999272404,0
1,1,idle,745,0.0018749999999272404,0
1,1,idle,746,0.002167000000099506,0
1,1,idle,747,0.0019579999998313724,0
1,1,idle,748,0.002124999999978172,0
1,1,idle,749,0.002666999999746622,0
1,1,idle,750,0.0019579999998313724,0
1,1,idle,751,0.0025829999999587017,0
1,1,idle,752,0.0019160000001647859,0
1,1,idle,753,0.0019999999999527063,0
1,1,idle,754,0.0018329999998059066,0
1,1,idle,755,0.0019579999998313724,0
1,1,idle,756,0.0019159999997100385,0
1,1,idle,757,0.00233299999990777,0
1,1,idle,758,0.9276669999999285,0
1,1,idle,759,0.00670799999988958,0
1,1,idle,760,0.0012500000002546585,0
1,1,idle,761,0.0009589999999661813,0
1,1,idle,762,0.001708000000235188,0
1,1,idle,763,0.000875000000178261,0
1,1,idle,764,0.0012920000003759924,0
1,1,idle,765,0.0028750000001309672,0
1,1,idle,766,0.0008339999999407155,0
1,1,idle,767,0.0019999999999527063,0
1,1,idle,768,0.0008330000000569271,0
1,1,idle,769,0.001374999999825377,0
1,1,idle,770,0.0008339999999407155,0
1,1,idle,771,0.000875000000178261,0
1,1,idle,772,0.0011250000002291927,0
1,1,idle,773,0.000875000000178261,0
1,1,idle,774,0.0008339999999407155,0
1,1,idle,775,0.0008339999999407155,0
1,1,idle,776,0.0007919999998193816,0
1,1,idle,777,0.0008330000000569271,0
1,1,idle,778,0.0010419999998703133,0
1,1,idle,779,0.0010419999998703133,0
1,1,idle,780,0.0007080000000314612,0
1,1,idle,781,0.0008330000000569271,0
1,1,idle,782,0.0014999999998508429,0
1,1,idle,783,0.0010830000001078588,0
1,1,idle,784,0.0007499999996980478,0
1,1,idle,785,0.0007919999998193816,0
1,1,idle,786,0.0007909999999355932,0
1,1,idle,787,0.0007919999998193816,0
1,1,idle,788,0.001040999999986525,0
1,1,idle,789,0.005292000000281405,0
1,1,idle,790,0.0008330000000569271,0
1,1,idle,791,0.000792000000274129,0
1,1,idle,792,0.0007499999996980478,0
1,1,idle,793,0.0009999999997489795,0
1,1,idle,794,0.0013330000001587905,0
1,1,idle,795,0.000792000000274129,0
1,1,idle,796,0.0008749999997235136,0
1,1,idle,797,0.0007910000003903406,0
1,1,idle,798,0.0008339999999407155,0
1,1,idle,799,0.0011660000000119908,0
1,1,idle,800,0.0008330000000569271,0
1,1,idle,801,0.0008330000000569271,0
1,1,idle,802,0.0007499999996980478,0
1,1,idle,803,0.0007500000001527951,0
1,1,idle,804,0.0010000000002037268,0
1,1,idle,805,0.0007919999998193816,0
1,1,idle,806,0.0007909999999355932,0
1,1,idle,807,0.0007919999998193816,0
1,1,idle,808,0.0014160000000629225,0
1,1,idle,809,0.0010419999998703133,0
1,1,idle,810,0.0007499999996980478,0
1,1,idle,811,0.0008330000000569271,0
1,1,idle,812,0.0007919999998193816,0
1,1,idle,813,0.0007909999999355932,0
1,1,idle,814,0.0010830000001078588,0
1,1,idle,815,0.000792000000274129,0
1,1,idle,816,0.0007909999999355932,0
1,1,idle,817,0.0007919999998193816,0
1,1,idle,818,0.0007909999999355932,0
1,1,idle,819,0.000792000000274129,0
1,1,idle,820,0.0010000000002037268,0
1,1,idle,821,0.0007499999996980478,0
1,1,idle,822,0.0007500000001527951,0
1,1,idle,823,0.0008339999999407155,0
1,1,idle,824,0.0007909999999355932,0
1,1,idle,825,0.0010419999998703133,0
1,1,idle,826,0.0012080000001333246,0
1,1,idle,827,0.0008330000000569271,0
1,1,idle,828,0.0008330000000569271,0
1,1,idle,829,0.0008749999997235136,0
1,1,idle,830,0.001040999999986525,0
1,1,idle,831,0.0008330000000569271,0
1,1,idle,832,0.0009169999998448475,0
1,1,idle,833,0.0007500000001527951,0
1,1,idle,834,0.0007500000001527951,0
1,1,idle,835,0.0009999999997489795,0
1,1,idle,836,0.0007500000001527951,0
1,1,idle,837,0.0007500000001527951,0
1,1,idle,838,0.0007500000001527951,0
1,1,idle,839,0.0007500000001527951,0
1,1,idle,840,0.0007919999998193816,0
1,1,idle,841,0.0010000000002037268,0
1,1,idle,842,0.0008330000000569271,0
1,1,idle,843,0.0007919999998193816,0
1,1,idle,844,0.0008330000000569271,0
1,1,idle,845,0.0007910000003903406,0
1,1,idle,846,0.0010830000001078588,0
1,1,idle,847,0.0008330000000569271,0
1,1,idle,848,0.0007919999998193816,0
1,1,idle,849,0.0007919999998193816,0
1,1,idle,850,0.0011249999997744453,0
1,1,idle,851,0.0033750000002328306,0
1,1,idle,852,0.0007499999996980478,0
1,1,idle,853,0.0009159999999610591,0
1,1,idle,854,0.0007500000001527951,0
1,1,idle,855,0.0007909999999355932,0
1,1,idle,856,0.0008340000003954628,0
1,1,idle,857,0.0010839999999916472,0
1,1,idle,858,0.0007909999999355932,0
1,1,idle,859,0.0009169999998448475,0
1,1,idle,860,0.0007919999998193816,0
1,1,idle,861,0.0010419999998703133,0
1,1,idle,862,0.0009589999999661813,0
1,1,idle,863,0.0007909999999355932,0
1,1,idle,864,0.0007919999998193816,0
1,1,idle,865,0.0007919999998193816,0
1,1,idle,866,0.0010419999998703133,0
1,1,idle,867,0.0009999999997489795,0
1,1,idle,868,0.0007080000000314612,0
1,1,idle,869,0.0007499999996980478,0
1,1,idle,870,0.0007500000001527951,0
1,1,idle,871,0.001457999999729509,0
1,1,idle,872,0.0010420000003250607,0
1,1,idle,873,0.0008330000000569271,0
1,1,idle,874,0.0009579999996276456,0
1,1,idle,875,0.0008340000003954628,0
1,1,idle,876,0.0007500000001527951,0
1,1,idle,877,0.0007500000001527951,0
1,1,idle,878,0.0010830000001078588,0
1,1,idle,879,0.0008749999997235136,0
1,1,idle,880,0.0009170000002995948,0
1,1,idle,881,0.0008329999996021797,0
1,1,idle,882,0.0007909999999355932,0
1,1,idle,883,0.0010839999999916472,0
1,1,idle,884,0.0007500000001527951,0
1,1,idle,885,0.000792000000274129,0
1,1,idle,886,0.0007500000001527951,0
1,1,idle,887,0.0012500000002546585,0
1,1,idle,888,0.0009589999999661813,0
1,1,idle,889,0.0008339999999407155,0
1,1,idle,890,0.000792000000274129,0
1,1,idle,891,0.0009580000000823929,0
1,1,idle,892,0.0010830000001078588,0
1,1,idle,893,0.0010419999998703133,0
1,1,idle,894,0.0007089999999152496,0
1,1,idle,895,0.000792000000274129,0
1,1,idle,896,0.0007080000000314612,0
1,1,idle,897,0.0007909999999355932,0
1,1,idle,898,0.0007500000001527951,0
1,1,idle,899,0.0010830000001078588,0
1,1,idle,900,0.0007499999996980478,0
1,1,idle,901,0.0007919999998193816,0
1,1,idle,902,0.0007500000001527951,0
1,1,idle,903,0.0007909999999355932,0
1,1,idle,904,0.0010419999998703133,0
1,1,idle,905,0.0008330000000569271,0
1,1,idle,906,0.000875000000178261,0
1,1,idle,907,0.0007499999996980478,0
1,1,idle,908,0.0007500000001527951,0
1,1,idle,909,0.001040999999986525,0
1,1,idle,910,0.0007500000001527951,0
1,1,idle,911,0.0008329999996021797,0
1,1,idle,912,0.0007500000001527951,0
1,1,idle,913,0.0017090000001189765,0
1,1,idle,914,0.0009590000004209287,0
1,1,idle,915,0.0007919999998193816,0
1,1,idle,916,0.0007500000001527951,0
1,1,idle,917,0.000792000000274129,0
1,1,idle,918,0.0007919999998193816,0
1,1,idle,919,0.0007499999996980478,0
1,1,idle,920,0.0009580000000823929,0
1,1,idle,921,0.0007919999998193816,0
1,1,idle,922,0.0008340000003954628,0
1,1,idle,923,0.000875000000178261,0
1,1,idle,924,0.0007500000001527951,0
1,1,idle,925,0.0010829999996531114,0
1,1,idle,926,0.000792000000274129,0
1,1,idle,927,0.0009159999999610591,0
1,1,idle,928,0.0010419999998703133,0
1,1,idle,929,0.0008330000000569271,0
1,1,idle,930,0.0010419999998703133,0
1,1,idle,931,0.0007499999996980478,0
1,1,idle,932,0.000875000000178261,0
1,1,idle,933,0.0007499999996980478,0
1,1,idle,934,0.0014580000001842564,0
1,1,idle,935,0.001040999999986525,0
1,1,idle,936,0.0007500000001527951,0
1,1,idle,937,0.0008330000000569271,0
1,1,idle,938,0.000875000000178261,0
1,1,idle,939,0.0007499999996980478,0
1,1,idle,940,0.0007919999998193816,0
1,1,idle,941,0.0010830000001078588,0
1,1,idle,942,0.0007500000001527951,0
1,1,idle,943,0.000792000000274129,0
1,1,idle,944,0.0007500000001527951,0
1,1,idle,945,0.0007499999996980478,0
1,1,idle,946,0.0010000000002037268,0
1,1,idle,947,0.0012499999997999112,0
1,1,idle,948,0.0008330000000569271,0
1,1,idle,949,0.001209000000017113,0
1,1,idle,950,0.0009589999999661813,0
1,1,idle,951,0.0010419999998703133,0
1,1,idle,952,0.0009159999999610591,0
1,1,idle,953,0.0007919999998193816,0
1,1,idle,954,0.0007919999998193816,0
1,1,idle,955,0.000792000000274129,0
1,1,idle,956,0.0007500000001527951,0
1,1,idle,957,0.0011669999998957792,0
1,1,idle,958,0.0007499999996980478,0
1,1,idle,959,0.0008330000000569271,0
1,1,idle,960,0.0008330000000569271,0
1,1,idle,961,0.0007499999996980478,0
1,1,idle,962,0.0009580000000823929,0
1,1,idle,963,0.0007499999996980478,0
1,1,idle,964,0.0008330000000569271,0
1,1,idle,965,0.0007500000001527951,0
1,1,idle,966,0.0007500000001527951,0
1,1,idle,967,0.0009999999997489795,0
1,1,idle,968,0.0007500000001527951,0
1,1,idle,969,0.0008339999999407155,0
1,1,idle,970,0.0007089999999152496,0
1,1,idle,971,0.0008339999999407155,0
1,1,idle,972,0.0009999999997489795,0
1,1,idle,973,0.0008340000003954628,0
1,1,idle,974,0.0008329999996021797,0
1,1,idle,975,0.0023330000003625173,0
1,1,idle,976,0.0012080000001333246,0
1,1,idle,977,0.0007919999998193816,0
1,1,idle,978,0.0009580000000823929,0
1,1,idle,979,0.0007909999999355932,0
1,1,idle,980,0.0007919999998193816,0
1,1,idle,981,0.0007499999996980478,0
1,1,idle,982,0.0007500000001527951,0
1,1,idle,983,0.0010830000001078588,0
1,1,idle,984,0.0008330000000569271,0
1,1,idle,985,0.000875000000178261,0
1,1,idle,986,0.0007089999999152496,0
1,1,idle,987,0.000792000000274129,0
1,1,idle,988,0.0010000000002037268,0
1,1,idle,989,0.000792000000274129,0
1,1,idle,990,0.0007919999998193816,0
1,1,idle,991,0.0007919999998193816,0
1,1,idle,992,0.0007499999996980478,0
1,1,idle,993,0.0010000000002037268,0
1,1,idle,994,0.0007500000001527951,0
1,1,idle,995,0.0011249999997744453,0
1,1,idle,996,0.0009580000000823929,0
1,1,idle,997,0.0008329999996021797,0
1,1,idle,998,0.0007500000001527951,0
1,1,idle,999,0.0010000000002037268,0
1,1,event,0,0.009000000000014552,1
1,1,event,1,0.0018749999999272404,0
1,1,event,2,0.0009580000000823929,0
1,1,event,3,0.0007499999996980478,0
1,1,event,4,0.0007500000001527951,0
1,1,event,5,0.000792000000274129,0
1,1,event,6,0.0010000000002037268,0
1,1,event,7,0.000792000000274129,0
1,1,event,8,0.0009159999999610591,0
1,1,event,9,0.0007500000001527951,0
1,1,event,10,0.0007080000000314612,0
1,1,event,11,0.0007910000003903406,0
1,1,event,12,0.0009580000000823929,0
1,1,event,13,0.0008330000000569271,0
1,1,event,14,0.0007080000000314612,0
1,1,event,15,0.0007919999998193816,0
1,1,event,16,0.0007500000001527951,0
1,1,event,17,0.0013330000001587905,0
1,1,event,18,0.0007919999998193816,0
1,1,event,19,0.0007500000001527951,0
1,1,event,20,0.000792000000274129,0
1,1,event,21,0.0007919999998193816,0
1,1,event,22,0.0010000000002037268,0
1,1,event,23,0.0008339999999407155,0
1,1,event,24,0.001040999999986525,0
1,1,event,25,0.000875000000178261,0
1,1,event,26,0.0007500000001527951,0
1,1,event,27,0.0010830000001078588,0
1,1,event,28,0.0007910000003903406,0
1,1,event,29,0.0008339999999407155,0
1,1,event,30,0.0007499999996980478,0
1,1,event,31,0.0007919999998193816,0
1,1,event,32,0.000792000000274129,0
1,1,event,33,0.0010000000002037268,0
1,1,event,34,0.000875000000178261,0
1,1,event,35,0.0007919999998193816,0
1,1,event,36,0.0007919999998193816,0
1,1,event,37,0.0007909999999355932,0
1,1,event,38,0.0010000000002037268,0
1,1,event,39,0.0008329999996021797,0
1,1,event,40,0.0009169999998448475,0
1,1,event,41,0.0008330000000569271,0
1,1,event,42,0.0010830000001078588,0
1,1,event,43,0.001040999999986525,0
1,1,event,44,0.0007499999996980478,0
1,1,event,45,0.0007919999998193816,0
1,1,event,46,0.0007500000001527951,0
1,1,event,47,0.0007080000000314612,0
1,1,event,48,0.0007500000001527951,0
1,1,event,49,0.0010000000002037268,0
1,1,event,50,0.0007500000001527951,0
1,1,event,51,0.001291999999921245,0
1,1,event,52,0.000875000000178261,0
1,1,event,53,0.0007919999998193816,0
1,1,event,54,0.0009169999998448475,0
1,1,event,55,0.0007909999999355932,0
1,1,event,56,0.0008339999999407155,0
1,1,event,57,0.000875000000178261,0
1,1,event,58,0.0007500000001527951,0
1,1,event,59,0.001542000000426924,0
1,1,event,60,0.005666999999903055,1
1,1,event,61,0.001291999999921245,0
1,1,event,62,0.000875000000178261,0
1,1,event,63,0.0011660000000119908,0
1,1,event,64,0.0007919999998193816,0
1,1,event,65,0.0009169999998448475,0
1,1,event,66,0.0007499999996980478,0
1,1,event,67,0.0007909999999355932,0
1,1,event,68,0.0008330000000569271,0
1,1,event,69,0.0010419999998703133,0
1,1,event,70,0.0009589999999661813,0
1,1,event,71,0.0007500000001527951,0
1,1,event,72,0.0007919999998193816,0
1,1,event,73,0.0007500000001527951,0
1,1,event,74,0.0009999999997489795,0
1,1,event,75,0.0007500000001527951,0
1,1,event,76,0.0007500000001527951,0
1,1,event,77,0.0008339999999407155,0
1,1,event,78,0.0007500000001527951,0
1,1,event,79,0.0010000000002037268,0
1,1,event,80,0.0007499999996980478,0
1,1,event,81,0.0007500000001527951,0
1,1,event,82,0.0025000000000545697,0
1,1,event,83,0.001457999999729509,0
1,1,event,84,0.0010000000002037268,0
1,1,event,85,0.0008329999996021797,0
1,1,event,86,0.0009170000002995948,0
1,1,event,87,0.0008329999996021797,0
1,1,event,88,0.0008330000000569271,0
1,1,event,89,0.0010839999999916472,0
1,1,event,90,0.0010839999999916472,0
1,1,event,91,0.0007500000001527951,0
1,1,event,92,0.0008330000000569271,0
1,1,event,93,0.0007919999998193816,0
1,1,event,94,0.0007499999996980478,0
1,1,event,95,0.001040999999986525,0
1,1,event,96,0.0016669999999976426,0
1,1,event,97,0.0008330000000569271,0
1,1,event,98,0.0011250000002291927,0
1,1,event,99,0.000792000000274129,0
1,1,event,100,0.001291999999921245,0
1,1,event,101,0.0015410000000883883,0
1,1,event,102,0.0007499999996980478,0
1,1,event,103,0.0007909999999355932,0
1,1,event,104,0.0007080000000314612,0
1,1,event,105,0.0010419999998703133,0
1,1,event,106,0.0007500000001527951,0
1,1,event,107,0.0007909999999355932,0
1,1,event,108,0.0008329999996021797,0
1,1,event,109,0.000792000000274129,0
1,1,event,110,0.0010839999999916472,0
1,1,event,111,0.0010000000002037268,0
1,1,event,112,0.0007500000001527951,0
1,1,event,113,0.0008339999999407155,0
1,1,event,114,0.0008339999999407155,0
1,1,event,115,0.0007919999998193816,0
1,1,event,116,0.0010000000002037268,0
1,1,event,117,0.0007499999996980478,0
1,1,event,118,0.0008749999997235136,0
1,1,event,119,0.000792000000274129,0
1,1,event,120,0.005499999999756255,1
1,1,event,121,0.003000000000156433,0
1,1,event,122,0.000875000000178261,0
1,1,event,123,0.0008329999996021797,0
1,1,event,124,0.0013750000002801244,0
1,1,event,125,0.0010829999996531114,0
1,1,event,126,0.0008339999999407155,0
1,1,event,127,0.0007910000003903406,0
1,1,event,128,0.000792000000274129,0
1,1,event,129,0.0007500000001527951,0
1,1,event,130,0.0007499999996980478,0
1,1,event,131,0.0010000000002037268,0
1,1,event,132,0.0008329999996021797,0
1,1,event,133,0.0008330000000569271,0
1,1,event,134,0.0007909999999355932,0
1,1,event,135,0.0007919999998193816,0
1,1,event,136,0.0010000000002037268,0
1,1,event,137,0.0007500000001527951,0
1,1,event,138,0.0007919999998193816,0
1,1,event,139,0.0007909999999355932,0
1,1,event,140,0.0011249999997744453,0
1,1,event,141,0.0009159999999610591,0
1,1,event,142,0.0007919999998193816,0
1,1,event,143,0.0007919999998193816,0
1,1,event,144,0.0007919999998193816,0
1,1,event,145,0.0008339999999407155,0
1,1,event,146,0.0009589999999661813,0
1,1,event,147,0.0007500000001527951,0
1,1,event,148,0.0007500000001527951,0
1,1,event,149,0.000875000000178261,0
1,1,event,150,0.0007919999998193816,0
1,1,event,151,0.0007909999999355932,0
1,1,event,152,0.0010000000002037268,0
1,1,event,153,0.0007500000001527951,0
1,1,event,154,0.0011670000003505265,0
1,1,event,155,0.0007500000001527951,0
1,1,event,156,0.0007089999999152496,0
1,1,event,157,0.0009170000002995948,0
1,1,event,158,0.0007909999999355932,0
1,1,event,159,0.000792000000274129,0
1,1,event,160,0.0007499999996980478,0
1,1,event,161,0.0007919999998193816,0
1,1,event,162,0.0010830000001078588,0
1,1,event,163,0.0007499999996980478,0
1,1,event,164,0.0007080000000314612,0
1,1,event,165,0.0011660000000119908,0
1,1,event,166,0.0007500000001527951,0
1,1,event,167,0.0007909999999355932,0
1,1,event,168,0.0009579999996276456,0
1,1,event,169,0.0010419999998703133,0
1,1,event,170,0.0008339999999407155,0
1,1,event,171,0.0007499999996980478,0
1,1,event,172,0.0007500000001527951,0
1,1,event,173,0.0009999999997489795,0
1,1,event,174,0.0007500000001527951,0
1,1,event,175,0.0008329999996021797,0
1,1,event,176,0.0007500000001527951,0
1,1,event,177,0.0007909999999355932,0
1,1,event,178,0.0010000000002037268,0
1,1,event,179,0.0008749999997235136,0
1,1,event,180,0.0048750000000836735,1
1,1,event,181,0.001040999999986525,0
1,1,event,182,0.0015830000002097222,0
1,1,event,183,0.0008749999997235136,0
1,1,event,184,0.0010000000002037268,0
1,1,event,185,0.0007919999998193816,0
1,1,event,186,0.0007499999996980478,0
1,1,event,187,0.0007919999998193816,0
1,1,event,188,0.0010839999999916472,0
1,1,event,189,0.0007909999999355932,0
1,1,event,190,0.0007499999996980478,0
1,1,event,191,0.000792000000274129,0
1,1,event,192,0.0007089999999152496,0
1,1,event,193,0.0009999999997489795,0
1,1,event,194,0.0009170000002995948,0
1,1,event,195,0.0007909999999355932,0
1,1,event,196,0.0007499999996980478,0
1,1,event,197,0.0007919999998193816,0
1,1,event,198,0.001040999999986525,0
1,1,event,199,0.000792000000274129,0
1,1,event,200,0.0007499999996980478,0
1,1,event,201,0.0007499999996980478,0
1,1,event,202,0.0007080000000314612,0
1,1,event,203,0.0009580000000823929,0
1,1,event,204,0.0007500000001527951,0
1,1,event,205,0.0008330000000569271,0
1,1,event,206,0.0007919999998193816,0
1,1,event,207,0.0011660000000119908,0
1,1,event,208,0.0007080000000314612,0
1,1,event,209,0.0009580000000823929,0
1,1,event,210,0.0007919999998193816,0
1,1,event,211,0.0007919999998193816,0
1,1,event,212,0.0007500000001527951,0
1,1,event,213,0.0007499999996980478,0
1,1,event,214,0.0010000000002037268,0
1,1,event,215,0.000875000000178261,0
1,1,event,216,0.0007919999998193816,0
1,1,event,217,0.000792000000274129,0
1,1,event,218,0.0007499999996980478,0
1,1,event,219,0.001374999999825377,0
1,1,event,220,0.000792000000274129,0
1,1,event,221,0.0008330000000569271,0
1,1,event,222,0.0007080000000314612,0
1,1,event,223,0.0007500000001527951,0
1,1,event,224,0.0010419999998703133,0
1,1,event,225,0.0007500000001527951,0
1,1,event,226,0.0008330000000569271,0
1,1,event,227,0.0008330000000569271,0
1,1,event,228,0.000792000000274129,0
1,1,event,229,0.0011669999998957792,0
1,1,event,230,0.0009999999997489795,0
1,1,event,231,0.0007500000001527951,0
1,1,event,232,0.0007500000001527951,0
1,1,event,233,0.0007499999996980478,0
1,1,event,234,0.0007499999996980478,0
1,1,event,235,0.0009580000000823929,0
1,1,event,236,0.0007080000000314612,0
1,1,event,237,0.000792000000274129,0
1,1,event,238,0.0007500000001527951,0
1,1,event,239,0.0011249999997744453,0
1,1,event,240,0.004707999999936874,1
1,1,event,241,0.0010830000001078588,0
1,1,event,242,0.0009169999998448475,0
1,1,event,243,0.0009580000000823929,0
1,1,event,244,0.0014590000000680448,0
1,1,event,245,0.000875000000178261,0
1,1,event,246,0.0007919999998193816,0
1,1,event,247,0.002791999999772088,0
1,1,event,248,0.001374999999825377,0
1,1,event,249,0.0008330000000569271,0
1,1,event,250,0.0010000000002037268,0
1,1,event,251,0.0007919999998193816,0
1,1,event,252,0.0007500000001527951,0
1,1,event,253,0.0008330000000569271,0
1,1,event,254,0.0007080000000314612,0
1,1,event,255,0.0009580000000823929,0
1,1,event,256,0.000875000000178261,0
1,1,event,257,0.0008339999999407155,0
1,1,event,258,0.0007089999999152496,0
1,1,event,259,0.0007499999996980478,0
1,1,event,260,0.0009580000000823929,0
1,1,event,261,0.0007919999998193816,0
1,1,event,262,0.0007499999996980478,0
1,1,event,263,0.0007080000000314612,0
1,1,event,264,0.0007499999996980478,0
1,1,event,265,0.0007500000001527951,0
1,1,event,266,0.0010000000002037268,0
1,1,event,267,0.0008339999999407155,0
1,1,event,268,0.001040999999986525,0
1,1,event,269,0.0008339999999407155,0
1,1,event,270,0.0007499999996980478,0
1,1,event,271,0.0009589999999661813,0
1,1,event,272,0.0007499999996980478,0
1,1,event,273,0.0008330000000569271,0
1,1,event,274,0.0007499999996980478,0
1,1,event,275,0.0007080000000314612,0
1,1,event,276,0.0009580000000823929,0
1,1,event,277,0.0007500000001527951,0
1,1,event,278,0.0007919999998193816,0
1,1,event,279,0.0007499999996980478,0
1,1,event,280,0.0007499999996980478,0
1,1,event,281,0.0010000000002037268,0
1,1,event,282,0.0007919999998193816,0
1,1,event,283,0.0007919999998193816,0
1,1,event,284,0.0007500000001527951,0
1,1,event,285,0.0010829999996531114,0
1,1,event,286,0.0007500000001527951,0
1,1,event,287,0.0009999999997489795,0
1,1,event,288,0.0012080000001333246,0
1,1,event,289,0.0011660000000119908,0
1,1,event,290,0.0007080000000314612,0
1,1,event,291,0.0007500000001527951,0
1,1,event,292,0.0012080000001333246,0
1,1,event,293,0.0007499999996980478,0
1,1,event,294,0.0007500000001527951,0
1,1,event,295,0.000792000000274129,0
1,1,event,296,0.0007500000001527951,0
1,1,event,297,0.0010419999998703133,0
1,1,event,298,0.0007909999999355932,0
1,1,event,299,0.0009169999998448475,0
1,1,event,300,0.004750000000058208,1
1,1,event,301,0.0012920000003759924,0
1,1,event,302,0.0008329999996021797,0
1,1,event,303,0.0008340000003954628,0
1,1,event,304,0.0008329999996021797,0
1,1,event,305,0.000792000000274129,0
1,1,event,306,0.002292000000124972,0
1,1,event,307,0.0009580000000823929,0
1,1,event,308,0.0007500000001527951,0
1,1,event,309,0.0007499999996980478,0
1,1,event,310,0.0007500000001527951,0
1,1,event,311,0.0007499999996980478,0
1,1,event,312,0.0010830000001078588,0
1,1,event,313,0.0007910000003903406,0
1,1,event,314,0.0008749999997235136,0
1,1,event,315,0.000792000000274129,0
1,1,event,316,0.0007080000000314612,0
1,1,event,317,0.0009580000000823929,0
1,1,event,318,0.0007499999996980478,0
1,1,event,319,0.0008339999999407155,0
1,1,event,320,0.0007500000001527951,0
1,1,event,321,0.0007080000000314612,0
1,1,event,322,0.0009170000002995948,0
1,1,event,323,0.0007500000001527951,0
1,1,event,324,0.0007919999998193816,0
1,1,event,325,0.0007909999999355932,0
1,1,event,326,0.0007500000001527951,0
1,1,event,327,0.0007500000001527951,0
1,1,event,328,0.0009170000002995948,0
1,1,event,329,0.0007910000003903406,0
1,1,event,330,0.0012499999997999112,0
1,1,event,331,0.0007919999998193816,0
1,1,event,332,0.0006669999997939158,0
1,1,event,333,0.0009580000000823929,0
1,1,event,334,0.0007500000001527951,0
1,1,event,335,0.0009159999999610591,0
1,1,event,336,0.0007500000001527951,0
1,1,event,337,0.0008749999997235136,0
1,1,event,338,0.0009580000000823929,0
1,1,event,339,0.0009589999999661813,0
1,1,event,340,0.0007909999999355932,0
1,1,event,341,0.0007500000001527951,0
1,1,event,342,0.0007080000000314612,0
1,1,event,343,0.0009580000000823929,0
1,1,event,344,0.0009169999998448475,0
1,1,event,345,0.0007499999996980478,0
1,1,event,346,0.0007500000001527951,0
1,1,event,347,0.0012499999997999112,0
1,1,event,348,0.0007500000001527951,0
1,1,event,349,0.0014159999996081751,0
1,1,event,350,0.0010830000001078588,0
1,1,event,351,0.001334000000042579,0
1,1,event,352,0.0012080000001333246,0
1,1,event,353,0.0009169999998448475,0
1,1,event,354,0.0010420000003250607,0
1,1,event,355,0.0007500000001527951,0
1,1,event,356,0.0007500000001527951,0
1,1,event,357,0.0008339999999407155,0
1,1,event,358,0.0007500000001527951,0
1,1,event,359,0.0009589999999661813,0
1,1,event,360,0.004667000000154076,1
1,1,event,361,0.0011669999998957792,0
1,1,event,362,0.000792000000274129,0
1,1,event,363,0.0009999999997489795,0
1,1,event,364,0.0007909999999355932,0
1,1,event,365,0.0007919999998193816,0
1,1,event,366,0.0007919999998193816,0
1,1,event,367,0.0007080000000314612,0
1,1,event,368,0.0011249999997744453,0
1,1,event,369,0.0010000000002037268,0
1,1,event,370,0.0007500000001527951,0
1,1,event,371,0.0008339999999407155,0
1,1,event,372,0.0011250000002291927,0
1,1,event,373,0.0007499999996980478,0
1,1,event,374,0.0010000000002037268,0
1,1,event,375,0.001209000000017113,0
1,1,event,376,0.000792000000274129,0
1,1,event,377,0.0007919999998193816,0
1,1,event,378,0.0007089999999152496,0
1,1,event,379,0.0009170000002995948,0
1,1,event,380,0.0007500000001527951,0
1,1,event,381,0.0011669999998957792,0
1,1,event,382,0.0007919999998193816,0
1,1,event,383,0.0007499999996980478,0
1,1,event,384,0.0007500000001527951,0
1,1,event,385,0.0009999999997489795,0
1,1,event,386,0.000792000000274129,0
1,1,event,387,0.0011250000002291927,0
1,1,event,388,0.0008339999999407155,0
1,1,event,389,0.0008330000000569271,0
1,1,event,390,0.0009999999997489795,0
1,1,event,391,0.000875000000178261,0
1,1,event,392,0.0007089999999152496,0
1,1,event,393,0.0007499999996980478,0
1,1,event,394,0.0007500000001527951,0
1,1,event,395,0.0009999999997489795,0
1,1,event,396,0.0010420000003250607,0
1,1,event,397,0.0008339999999407155,0
1,1,event,398,0.0007919999998193816,0
1,1,event,399,0.0007500000001527951,0
1,1,event,400,0.0009589999999661813,0
1,1,event,401,0.000875000000178261,0
1,1,event,402,0.0008749999997235136,0
1,1,event,403,0.0007909999999355932,0
1,1,event,404,0.0007500000001527951,0
1,1,event,405,0.0007909999999355932,0
1,1,event,406,0.0009170000002995948,0
1,1,event,407,0.000875000000178261,0
1,1,event,408,0.0007500000001527951,0
1,1,event,409,0.0007499999996980478,0
1,1,event,410,0.0007500000001527951,0
1,1,event,411,0.0009999999997489795,0
1,1,event,412,0.0007500000001527951,0
1,1,event,413,0.0027500000001055014,0
1,1,event,414,0.0007499999996980478,0
1,1,event,415,0.0011669999998957792,0
1,1,event,416,0.0009999999997489795,0
1,1,event,417,0.0007500000001527951,0
1,1,event,418,0.0007909999999355932,0
1,1,event,419,0.000792000000274129,0
1,1,event,420,0.004874999999628926,1
1,1,event,421,0.0010839999999916472,0
1,1,event,422,0.000792000000274129,0
1,1,event,423,0.0008330000000569271,0
1,1,event,424,0.0008339999999407155,0
1,1,event,425,0.0007500000001527951,0
1,1,event,426,0.0010419999998703133,0
1,1,event,427,0.0007909999999355932,0
1,1,event,428,0.0007919999998193816,0
1,1,event,429,0.002250000000003638,0
1,1,event,430,0.0010830000001078588,0
1,1,event,431,0.0009999999997489795,0
1,1,event,432,0.0007500000001527951,0
1,1,event,433,0.0007909999999355932,0
1,1,event,434,0.000875000000178261,0
1,1,event,435,0.0007919999998193816,0
1,1,event,436,0.0014580000001842564,0
1,1,event,437,0.0008339999999407155,0
1,1,event,438,0.0008330000000569271,0
1,1,event,439,0.0007500000001527951,0
1,1,event,440,0.0007499999996980478,0
1,1,event,441,0.0009580000000823929,0
1,1,event,442,0.000792000000274129,0
1,1,event,443,0.000792000000274129,0
1,1,event,444,0.0007500000001527951,0
1,1,event,445,0.0007909999999355932,0
1,1,event,446,0.0007500000001527951,0
1,1,event,447,0.0009579999996276456,0
1,1,event,448,0.0007500000001527951,0
1,1,event,449,0.0007499999996980478,0
1,1,event,450,0.0007909999999355932,0
1,1,event,451,0.0007500000001527951,0
1,1,event,452,0.0009580000000823929,0
1,1,event,453,0.0007919999998193816,0
1,1,event,454,0.0007499999996980478,0
1,1,event,455,0.0010419999998703133,0
1,1,event,456,0.000792000000274129,0
1,1,event,457,0.001040999999986525,0
1,1,event,458,0.0008749999997235136,0
1,1,event,459,0.000875000000178261,0
1,1,event,460,0.0007499999996980478,0
1,1,event,461,0.0007500000001527951,0
1,1,event,462,0.0009999999997489795,0
1,1,event,463,0.0008330000000569271,0
1,1,event,464,0.000792000000274129,0
1,1,event,465,0.0007500000001527951,0
1,1,event,466,0.0012499999997999112,0
1,1,event,467,0.0007919999998193816,0
1,1,event,468,0.001040999999986525,0
1,1,event,469,0.0007919999998193816,0
1,1,event,470,0.0007089999999152496,0
1,1,event,471,0.0007909999999355932,0
1,1,event,472,0.0007919999998193816,0
1,1,event,473,0.0009169999998448475,0
1,1,event,474,0.0007499999996980478,0
1,1,event,475,0.0007500000001527951,0
1,1,event,476,0.000792000000274129,0
1,1,event,477,0.0007909999999355932,0
1,1,event,478,0.0009169999998448475,0
1,1,event,479,0.000792000000274129,0
1,1,event,480,0.00483299999996234,1
1,1,event,481,0.0010419999998703133,0
1,1,event,482,0.0009999999997489795,0
1,1,event,483,0.0007500000001527951,0
1,1,event,484,0.000792000000274129,0
1,1,event,485,0.000792000000274129,0
1,1,event,486,0.0007919999998193816,0
1,1,event,487,0.0007499999996980478,0
1,1,event,488,0.0010000000002037268,0
1,1,event,489,0.0007500000001527951,0
1,1,event,490,0.0008330000000569271,0
1,1,event,491,0.0025000000000545697,0
1,1,event,492,0.0007500000001527951,0
1,1,event,493,0.0010000000002037268,0
1,1,event,494,0.0007499999996980478,0
1,1,event,495,0.0007500000001527951,0
1,1,event,496,0.0007500000001527951,0
1,1,event,497,0.0009999999997489795,0
1,1,event,498,0.0012910000000374566,0
1,1,event,499,0.0008339999999407155,0
1,1,event,500,0.0008339999999407155,0
1,1,event,501,0.0007500000001527951,0
1,1,event,502,0.0007499999996980478,0
1,1,event,503,0.0007500000001527951,0
1,1,event,504,0.0009169999998448475,0
1,1,event,505,0.0009159999999610591,0
1,1,event,506,0.0007500000001527951,0
1,1,event,507,0.0008329999996021797,0
1,1,event,508,0.0007500000001527951,0
1,1,event,509,0.001040999999986525,0
1,1,event,510,0.0007500000001527951,0
1,1,event,511,0.0007909999999355932,0
1,1,event,512,0.0007919999998193816,0
1,1,event,513,0.000792000000274129,0
1,1,event,514,0.0009999999997489795,0
1,1,event,515,0.0007919999998193816,0
1,1,event,516,0.0008330000000569271,0
1,1,event,517,0.0008339999999407155,0
1,1,event,518,0.0007089999999152496,0
1,1,event,519,0.001291999999921245,0
1,1,event,520,0.0007500000001527951,0
1,1,event,521,0.0009589999999661813,0
1,1,event,522,0.0007910000003903406,0
1,1,event,523,0.000792000000274129,0
1,1,event,524,0.0011249999997744453,0
1,1,event,525,0.0015410000000883883,0
1,1,event,526,0.0007499999996980478,0
1,1,event,527,0.000792000000274129,0
1,1,event,528,0.0007500000001527951,0
1,1,event,529,0.0007919999998193816,0
1,1,event,530,0.0009999999997489795,0
1,1,event,531,0.0007919999998193816,0
1,1,event,532,0.0007919999998193816,0
1,1,event,533,0.0007919999998193816,0
1,1,event,534,0.0007910000003903406,0
1,1,event,535,0.0010839999999916472,0
1,1,event,536,0.0007499999996980478,0
1,1,event,537,0.0007919999998193816,0
1,1,event,538,0.0007909999999355932,0
1,1,event,539,0.0010419999998703133,0
1,1,event,540,0.004332999999860476,1
1,1,event,541,0.0010000000002037268,0
1,1,event,542,0.0008330000000569271,0
1,1,event,543,0.0008329999996021797,0
1,1,event,544,0.0010839999999916472,0
1,1,event,545,0.0009999999997489795,0
1,1,event,546,0.0008340000003954628,0
1,1,event,547,0.0007500000001527951,0
1,1,event,548,0.000792000000274129,0
1,1,event,549,0.0007500000001527951,0
1,1,event,550,0.0009999999997489795,0
1,1,event,551,0.0008330000000569271,0
1,1,event,552,0.0008330000000569271,0
1,1,event,553,0.0011250000002291927,0
1,1,event,554,0.0007499999996980478,0
1,1,event,555,0.0011669999998957792,0
1,1,event,556,0.000875000000178261,0
1,1,event,557,0.0007910000003903406,0
1,1,event,558,0.000792000000274129,0
1,1,event,559,0.0007089999999152496,0
1,1,event,560,0.0009999999997489795,0
1,1,event,561,0.0007500000001527951,0
1,1,event,562,0.0007499999996980478,0
1,1,event,563,0.0007089999999152496,0
1,1,event,564,0.0007500000001527951,0
1,1,event,565,0.0007919999998193816,0
1,1,event,566,0.0008749999997235136,0
1,1,event,567,0.0009580000000823929,0
1,1,event,568,0.0007079999995767139,0
1,1,event,569,0.0007500000001527951,0
1,1,event,570,0.0007080000000314612,0
1,1,event,571,0.0010419999998703133,0
1,1,event,572,0.0007909999999355932,0
1,1,event,573,0.0007500000001527951,0
1,1,event,574,0.0007080000000314612,0
1,1,event,575,0.0007919999998193816,0
1,1,event,576,0.0009169999998448475,0
1,1,event,577,0.0007909999999355932,0
1,1,event,578,0.0012500000002546585,0
1,1,event,579,0.0008339999999407155,0
1,1,event,580,0.0007909999999355932,0
1,1,event,581,0.0011669999998957792,0
1,1,event,582,0.0007919999998193816,0
1,1,event,583,0.0008339999999407155,0
1,1,event,584,0.0012499999997999112,0
1,1,event,585,0.0008339999999407155,0
1,1,event,586,0.0007909999999355932,0
1,1,event,587,0.0010839999999916472,0
1,1,event,588,0.0007089999999152496,0
1,1,event,589,0.0007909999999355932,0
1,1,event,590,0.0007500000001527951,0
1,1,event,591,0.0007500000001527951,0
1,1,event,592,0.0009999999997489795,0
1,1,event,593,0.0007910000003903406,0
1,1,event,594,0.0007499999996980478,0
1,1,event,595,0.0007080000000314612,0
1,1,event,596,0.0007499999996980478,0
1,1,event,597,0.0009580000000823929,0
1,1,event,598,0.0012909999995827093,0
1,1,event,599,0.0007500000001527951,0
1,1,event,600,0.004707999999936874,1
1,1,event,601,0.0009580000000823929,0
1,1,event,602,0.0012910000000374566,0
1,1,event,603,0.0011249999997744453,0
1,1,event,604,0.0007080000000314612,0
1,1,event,605,0.0007499999996980478,0
1,1,event,606,0.0007499999996980478,0
1,1,event,607,0.0009169999998448475,0
1,1,event,608,0.0008339999999407155,0
1,1,event,609,0.0010839999999916472,0
1,1,event,610,0.0007499999996980478,0
1,1,event,611,0.0007499999996980478,0
1,1,event,612,0.0009589999999661813,0
1,1,event,613,0.0007919999998193816,0
1,1,event,614,0.0008330000000569271,0
1,1,event,615,0.0012910000000374566,0
1,1,event,616,0.0008339999999407155,0
1,1,event,617,0.0011669999998957792,0
1,1,event,618,0.0007500000001527951,0
1,1,event,619,0.0007500000001527951,0
1,1,event,620,0.0007919999998193816,0
1,1,event,621,0.0007919999998193816,0
1,1,event,622,0.0007080000000314612,0
1,1,event,623,0.0024160000002666493,0
1,1,event,624,0.000792000000274129,0
1,1,event,625,0.0007500000001527951,0
1,1,event,626,0.0007499999996980478,0
1,1,event,627,0.0007080000000314612,0
1,1,event,628,0.0009580000000823929,0
1,1,event,629,0.0008330000000569271,0
1,1,event,630,0.0007500000001527951,0
1,1,event,631,0.0008330000000569271,0
1,1,event,632,0.0007500000001527951,0
1,1,event,633,0.0010000000002037268,0
1,1,event,634,0.0010000000002037268,0
1,1,event,635,0.0009170000002995948,0
1,1,event,636,0.0007089999999152496,0
1,1,event,637,0.0007499999996980478,0
1,1,event,638,0.0010000000002037268,0
1,1,event,639,0.0007500000001527951,0
1,1,event,640,0.0007499999996980478,0
1,1,event,641,0.000792000000274129,0
1,1,event,642,0.0007080000000314612,0
1,1,event,643,0.0011660000000119908,0
1,1,event,644,0.0010419999998703133,0
1,1,event,645,0.0007909999999355932,0
1,1,event,646,0.0007919999998193816,0
1,1,event,647,0.0007909999999355932,0
1,1,event,648,0.0007080000000314612,0
1,1,event,649,0.0012499999997999112,0
1,1,event,650,0.0007500000001527951,0
1,1,event,651,0.0008330000000569271,0
1,1,event,652,0.0007499999996980478,0
1,1,event,653,0.0008340000003954628,0
1,1,event,654,0.001040999999986525,0
1,1,event,655,0.000792000000274129,0
1,1,event,656,0.0007089999999152496,0
1,1,event,657,0.0008330000000569271,0
1,1,event,658,0.000792000000274129,0
1,1,event,659,0.0009589999999661813,0
1,1,event,660,0.004167000000052212,1
1,1,event,661,0.0009999999997489795,0
1,1,event,662,0.0008330000000569271,0
1,1,event,663,0.0008330000000569271,0
1,1,event,664,0.0010419999998703133,0
1,1,event,665,0.0012499999997999112,0
1,1,event,666,0.0014589999996132974,0
1,1,event,667,0.000875000000178261,0
1,1,event,668,0.0007500000001527951,0
1,1,event,669,0.0009589999999661813,0
1,1,event,670,0.0007919999998193816,0
1,1,event,671,0.000792000000274129,0
1,1,event,672,0.0007499999996980478,0
1,1,event,673,0.0007499999996980478,0
1,1,event,674,0.0011670000003505265,0
1,1,event,675,0.0009169999998448475,0
1,1,event,676,0.0010000000002037268,0
1,1,event,677,0.0008330000000569271,0
1,1,event,678,0.0009169999998448475,0
1,1,event,679,0.001040999999986525,0
1,1,event,680,0.0007919999998193816,0
1,1,event,681,0.0007909999999355932,0
1,1,event,682,0.0008339999999407155,0
1,1,event,683,0.0007909999999355932,0
1,1,event,684,0.0007080000000314612,0
1,1,event,685,0.0009579999996276456,0
1,1,event,686,0.000792000000274129,0
1,1,event,687,0.0010000000002037268,0
1,1,event,688,0.0007080000000314612,0
1,1,event,689,0.0007919999998193816,0
1,1,event,690,0.0009999999997489795,0
1,1,event,691,0.0007500000001527951,0
1,1,event,692,0.0007909999999355932,0
1,1,event,693,0.0007500000001527951,0
1,1,event,694,0.0007499999996980478,0
1,1,event,695,0.0010419999998703133,0
1,1,event,696,0.000875000000178261,0
1,1,event,697,0.0007499999996980478,0
1,1,event,698,0.0007500000001527951,0
1,1,event,699,0.0007500000001527951,0
1,1,event,700,0.000875000000178261,0
1,1,event,701,0.000792000000274129,0
1,1,event,702,0.0007909999999355932,0
1,1,event,703,0.0008330000000569271,0
1,1,event,704,0.000792000000274129,0
1,1,event,705,0.0007910000003903406,0
1,1,event,706,0.0023330000003625173,0
1,1,event,707,0.0008330000000569271,0
1,1,event,708,0.0007919999998193816,0
1,1,event,709,0.0007499999996980478,0
1,1,event,710,0.000792000000274129,0
1,1,event,711,0.0009999999997489795,0
1,1,event,712,0.0007919999998193816,0
1,1,event,713,0.0007909999999355932,0
1,1,event,714,0.0007499999996980478,0
1,1,event,715,0.0007080000000314612,0
1,1,event,716,0.0009579999996276456,0
1,1,event,717,0.0007500000001527951,0
1,1,event,718,0.000792000000274129,0
1,1,event,719,0.0008749999997235136,0
1,1,event,720,0.004041000000142958,1
1,1,event,721,0.0012920000003759924,0
1,1,event,722,0.000875000000178261,0
1,1,event,723,0.000875000000178261,0
1,1,event,724,0.0007080000000314612,0
1,1,event,725,0.0007080000000314612,0
1,1,event,726,0.0010000000002037268,0
1,1,event,727,0.0007909999999355932,0
1,1,event,728,0.0008329999996021797,0
1,1,event,729,0.000792000000274129,0
1,1,event,730,0.0007500000001527951,0
1,1,event,731,0.0009580000000823929,0
1,1,event,732,0.0007909999999355932,0
1,1,event,733,0.0007919999998193816,0
1,1,event,734,0.0007500000001527951,0
1,1,event,735,0.0007089999999152496,0
1,1,event,736,0.0009169999998448475,0
1,1,event,737,0.000792000000274129,0
1,1,event,738,0.001209000000017113,0
1,1,event,739,0.0011660000000119908,0
1,1,event,740,0.0007919999998193816,0
1,1,event,741,0.0007919999998193816,0
1,1,event,742,0.0009999999997489795,0
1,1,event,743,0.0007499999996980478,0
1,1,event,744,0.0010419999998703133,0
1,1,event,745,0.0007919999998193816,0
1,1,event,746,0.0009159999999610591,0
1,1,event,747,0.0009169999998448475,0
1,1,event,748,0.002250000000003638,0
1,1,event,749,0.0008339999999407155,0
1,1,event,750,0.0007500000001527951,0
1,1,event,751,0.0007499999996980478,0
1,1,event,752,0.0009580000000823929,0
1,1,event,753,0.0008330000000569271,0
1,1,event,754,0.0007499999996980478,0
1,1,event,755,0.0009580000000823929,0
1,1,event,756,0.0007919999998193816,0
1,1,event,757,0.0009169999998448475,0
1,1,event,758,0.0007080000000314612,0
1,1,event,759,0.0007500000001527951,0
1,1,event,760,0.0011669999998957792,0
1,1,event,761,0.0007500000001527951,0
1,1,event,762,0.001209000000017113,0
1,1,event,763,0.0009589999999661813,0
1,1,event,764,0.0007909999999355932,0
1,1,event,765,0.0007919999998193816,0
1,1,event,766,0.0007500000001527951,0
1,1,event,767,0.0007919999998193816,0
1,1,event,768,0.0010000000002037268,0
1,1,event,769,0.0007919999998193816,0
1,1,event,770,0.000792000000274129,0
1,1,event,771,0.001040999999986525,0
1,1,event,772,0.000792000000274129,0
1,1,event,773,0.0011249999997744453,0
1,1,event,774,0.0008339999999407155,0
1,1,event,775,0.0007499999996980478,0
1,1,event,776,0.0007500000001527951,0
1,1,event,777,0.0007919999998193816,0
1,1,event,778,0.0010000000002037268,0
1,1,event,779,0.0007499999996980478,0
1,1,event,780,0.004290999999739142,1
1,1,event,781,0.0010840000004463946,0
1,1,event,782,0.0008329999996021797,0
1,1,event,783,0.0010420000003250607,0
1,1,event,784,0.0008339999999407155,0
1,1,event,785,0.0007499999996980478,0
1,1,event,786,0.0007500000001527951,0
1,1,event,787,0.0007909999999355932,0
1,1,event,788,0.0010000000002037268,0
1,1,event,789,0.000875000000178261,0
1,1,event,790,0.0012910000000374566,0
1,1,event,791,0.0007919999998193816,0
1,1,event,792,0.0007500000001527951,0
1,1,event,793,0.0009999999997489795,0
1,1,event,794,0.0007919999998193816,0
1,1,event,795,0.000792000000274129,0
1,1,event,796,0.000792000000274129,0
1,1,event,797,0.0007500000001527951,0
1,1,event,798,0.0008749999997235136,0
1,1,event,799,0.0007500000001527951,0
1,1,event,800,0.0011250000002291927,0
1,1,event,801,0.000875000000178261,0
1,1,event,802,0.0007499999996980478,0
1,1,event,803,0.0007909999999355932,0
1,1,event,804,0.0013750000002801244,0
1,1,event,805,0.0007500000001527951,0
1,1,event,806,0.0008749999997235136,0
1,1,event,807,0.0007909999999355932,0
1,1,event,808,0.0010830000001078588,0
1,1,event,809,0.0009580000000823929,0
1,1,event,810,0.0008749999997235136,0
1,1,event,811,0.0007500000001527951,0
1,1,event,812,0.0007919999998193816,0
1,1,event,813,0.0007500000001527951,0
1,1,event,814,0.0010000000002037268,0
1,1,event,815,0.0007919999998193816,0
1,1,event,816,0.0007499999996980478,0
1,1,event,817,0.0008339999999407155,0
1,1,event,818,0.0007500000001527951,0
1,1,event,819,0.0008339999999407155,0
1,1,event,820,0.0009589999999661813,0
1,1,event,821,0.004834000000300875,0
1,1,event,822,0.000875000000178261,0
1,1,event,823,0.0007080000000314612,0
1,1,event,824,0.0007500000001527951,0
1,1,event,825,0.0009579999996276456,0
1,1,event,826,0.0007500000001527951,0
1,1,event,827,0.0007089999999152496,0
1,1,event,828,0.0011249999997744453,0
1,1,event,829,0.0007080000000314612,0
1,1,event,830,0.0009580000000823929,0
1,1,event,831,0.000792000000274129,0
1,1,event,832,0.001209000000017113,0
1,1,event,833,0.0007500000001527951,0
1,1,event,834,0.0009580000000823929,0
1,1,event,835,0.0011249999997744453,0
1,1,event,836,0.0007500000001527951,0
1,1,event,837,0.0007909999999355932,0
1,1,event,838,0.0007080000000314612,0
1,1,event,839,0.0007500000001527951,0
1,1,event,840,0.005083000000013271,1
1,1,event,841,0.0011249999997744453,0
1,1,event,842,0.0007500000001527951,0
1,1,event,843,0.0008329999996021797,0
1,1,event,844,0.0007080000000314612,0
1,1,event,845,0.0009169999998448475,0
1,1,event,846,0.0007919999998193816,0
1,1,event,847,0.0007080000000314612,0
1,1,event,848,0.0007909999999355932,0
1,1,event,849,0.0007500000001527951,0
1,1,event,850,0.0009159999999610591,0
1,1,event,851,0.0010839999999916472,0
1,1,event,852,0.0007500000001527951,0
1,1,event,853,0.0009999999997489795,0
1,1,event,854,0.0009580000000823929,0
1,1,event,855,0.0011249999997744453,0
1,1,event,856,0.0007500000001527951,0
1,1,event,857,0.0007499999996980478,0
1,1,event,858,0.0007089999999152496,0
1,1,event,859,0.0007499999996980478,0
1,1,event,860,0.0007080000000314612,0
1,1,event,861,0.0009579999996276456,0
1,1,event,862,0.002167000000099506,0
1,1,event,863,0.0008330000000569271,0
1,1,event,864,0.0007499999996980478,0
1,1,event,865,0.0007919999998193816,0
1,1,event,866,0.0011250000002291927,0
1,1,event,867,0.0007909999999355932,0
1,1,event,868,0.0010000000002037268,0
1,1,event,869,0.0007500000001527951,0
1,1,event,870,0.0011250000002291927,0
1,1,event,871,0.0009589999999661813,0
1,1,event,872,0.0007089999999152496,0
1,1,event,873,0.0010839999999916472,0
1,1,event,874,0.0007500000001527951,0
1,1,event,875,0.000792000000274129,0
1,1,event,876,0.0009159999999610591,0
1,1,event,877,0.0007919999998193816,0
1,1,event,878,0.0007500000001527951,0
1,1,event,879,0.0008749999997235136,0
1,1,event,880,0.0012910000000374566,0
1,1,event,881,0.0011669999998957792,0
1,1,event,882,0.0010000000002037268,0
1,1,event,883,0.0008329999996021797,0
1,1,event,884,0.0007080000000314612,0
1,1,event,885,0.0007919999998193816,0
1,1,event,886,0.0007500000001527951,0
1,1,event,887,0.0009170000002995948,0
1,1,event,888,0.0007500000001527951,0
1,1,event,889,0.0008329999996021797,0
1,1,event,890,0.0007500000001527951,0
1,1,event,891,0.0007500000001527951,0
1,1,event,892,0.0009579999996276456,0
1,1,event,893,0.000792000000274129,0
1,1,event,894,0.0008330000000569271,0
1,1,event,895,0.0007500000001527951,0
1,1,event,896,0.0007089999999152496,0
1,1,event,897,0.0010419999998703133,0
1,1,event,898,0.0007080000000314612,0
1,1,event,899,0.0007909999999355932,0
1,1,event,900,0.00454200000012861,1
1,1,event,901,0.0009589999999661813,0
1,1,event,902,0.0010419999998703133,0
1,1,event,903,0.0009580000000823929,0
1,1,event,904,0.0008339999999407155,0
1,1,event,905,0.0008749999997235136,0
1,1,event,906,0.0009170000002995948,0
1,1,event,907,0.0010419999998703133,0
1,1,event,908,0.0008339999999407155,0
1,1,event,909,0.0010000000002037268,0
1,1,event,910,0.0008339999999407155,0
1,1,event,911,0.0007909999999355932,0
1,1,event,912,0.0010419999998703133,0
1,1,event,913,0.0007909999999355932,0
1,1,event,914,0.0006669999997939158,0
1,1,event,915,0.001291999999921245,0
1,1,event,916,0.0007499999996980478,0
1,1,event,917,0.0009999999997489795,0
1,1,event,918,0.000792000000274129,0
1,1,event,919,0.000875000000178261,0
1,1,event,920,0.0007500000001527951,0
1,1,event,921,0.0007909999999355932,0
1,1,event,922,0.0008339999999407155,0
1,1,event,923,0.0014589999996132974,0
1,1,event,924,0.0009159999999610591,0
1,1,event,925,0.000875000000178261,0
1,1,event,926,0.0008339999999407155,0
1,1,event,927,0.0007909999999355932,0
1,1,event,928,0.0010830000001078588,0
1,1,event,929,0.0008339999999407155,0
1,1,event,930,0.0008330000000569271,0
1,1,event,931,0.0008329999996021797,0
1,1,event,932,0.0007500000001527951,0
1,1,event,933,0.000875000000178261,0
1,1,event,934,0.0007919999998193816,0
1,1,event,935,0.0011249999997744453,0
1,1,event,936,0.0008339999999407155,0
1,1,event,937,0.0007909999999355932,0
1,1,event,938,0.001209000000017113,0
1,1,event,939,0.0007499999996980478,0
1,1,event,940,0.0008330000000569271,0
1,1,event,941,0.0007909999999355932,0
1,1,event,942,0.0008330000000569271,0
1,1,event,943,0.0007499999996980478,0
1,1,event,944,0.0010000000002037268,0
1,1,event,945,0.0007909999999355932,0
1,1,event,946,0.0007919999998193816,0
1,1,event,947,0.0007499999996980478,0
1,1,event,948,0.0007500000001527951,0
1,1,event,949,0.0010419999998703133,0
1,1,event,950,0.0010420000003250607,0
1,1,event,951,0.0007910000003903406,0
1,1,event,952,0.0007500000001527951,0
1,1,event,953,0.0007919999998193816,0
1,1,event,954,0.0009999999997489795,0
1,1,event,955,0.000792000000274129,0
1,1,event,956,0.0008749999997235136,0
1,1,event,957,0.0011250000002291927,0
1,1,event,958,0.0008329999996021797,0
1,1,event,959,0.0010830000001078588,0
1,1,event,960,0.004249999999956344,1
1,1,event,961,0.0010830000001078588,0
1,1,event,962,0.0007919999998193816,0
1,1,event,963,0.0007500000001527951,0
1,1,event,964,0.0010830000001078588,0
1,1,event,965,0.0007500000001527951,0
1,1,event,966,0.0007909999999355932,0
1,1,event,967,0.0007919999998193816,0
1,1,event,968,0.0007500000001527951,0
1,1,event,969,0.0009589999999661813,0
1,1,event,970,0.0008749999997235136,0
1,1,event,971,0.0008339999999407155,0
1,1,event,972,0.0007500000001527951,0
1,1,event,973,0.000792000000274129,0
1,1,event,974,0.0010000000002037268,0
1,1,event,975,0.000875000000178261,0
1,1,event,976,0.0008330000000569271,0
1,1,event,977,0.0009169999998448475,0
1,1,event,978,0.000875000000178261,0
1,1,event,979,0.0007919999998193816,0
1,1,event,980,0.0009169999998448475,0
1,1,event,981,0.0008330000000569271,0
1,1,event,982,0.0007499999996980478,0
1,1,event,983,0.0007500000001527951,0
1,1,event,984,0.0007500000001527951,0
1,1,event,985,0.001374999999825377,0
1,1,event,986,0.0007919999998193816,0
1,1,event,987,0.0008339999999407155,0
1,1,event,988,0.0008330000000569271,0
1,1,event,989,0.0007919999998193816,0
1,1,event,990,0.0009999999997489795,0
1,1,event,991,0.0008339999999407155,0
1,1,event,992,0.0007919999998193816,0
1,1,event,993,0.0007909999999355932,0
1,1,event,994,0.000792000000274129,0
1,1,event,995,0.0010419999998703133,0
1,1,event,996,0.0007909999999355932,0
1,1,event,997,0.000875000000178261,0
1,1,event,998,0.0007500000001527951,0
1,1,event,999,0.0018329999998059066,0
1,1,burst,0,0.05641700000023775,7
1,1,burst,1,0.05045900000004622,7
1,1,burst,2,0.06037499999956708,7
1,1,burst,3,0.052958000000217,7
1,1,burst,4,0.054333000000042375,7
1,1,burst,5,0.05283300000019153,7
1,1,burst,6,0.05787499999996726,7
1,1,burst,7,0.05112500000041109,7
1,1,burst,8,0.05779100000017934,7
1,1,burst,9,0.053625000000010914,7
1,1,burst,10,0.06054100000028484,7
1,1,burst,11,0.050375000000258296,7
1,1,burst,12,0.05474999999978536,7
1,1,burst,13,0.04991699999982302,7
1,1,burst,14,0.05570799999986775,7
1,1,burst,15,0.05216699999982666,7
1,1,burst,16,0.05220899999994799,7
1,1,burst,17,0.055834000000231754,7
1,1,burst,18,0.05304200000000492,7
1,1,burst,19,0.04991599999993923,7
1,1,burst,20,0.05458300000009331,7
1,1,burst,21,0.054166999999779364,7
1,1,burst,22,0.05945800000017698,7
1,1,burst,23,0.052916000000095664,7
1,1,burst,24,0.05537499999991269,7
1,1,burst,25,0.049165999999786436,7
1,1,burst,26,0.05516699999998309,7
1,1,burst,27,0.05333299999983865,7
1,1,burst,28,0.053166000000146596,7
1,1,burst,29,0.05308299999978772,7
1,1,burst,30,0.05708299999969313,7
1,1,burst,31,0.050917000000026746,7
1,1,burst,32,0.0553330000002461,7
1,1,burst,33,0.05033300000013696,7
1,1,burst,34,0.053167000000030384,7
1,1,burst,35,0.05258400000002439,7
1,1,burst,36,0.051666999999724794,7
1,1,burst,37,0.05329200000005585,7
1,1,burst,38,0.06024999999999636,7
1,1,burst,39,0.052000000000134605,7
1,1,burst,40,0.05733399999962785,7
1,1,burst,41,0.05745900000010806,7
1,1,burst,42,12.4543749999998,7
1,1,burst,43,92.53549999999996,7
1,1,burst,44,0.37883400000009715,7
1,1,burst,45,0.3177920000002814,7
1,1,burst,46,0.2341670000000704,7
1,1,burst,47,3.4813340000000608,7
1,1,burst,48,8.692167000000154,7
1,1,burst,49,0.2553749999997308,7
1,1,burst,50,0.8115830000001552,7
1,1,burst,51,1.4225839999999152,7
1,1,burst,52,2.5810420000002523,7
1,1,burst,53,0.17650000000003274,7
1,1,burst,54,0.7529159999999138,7
1,1,burst,55,0.16079099999979007,7
1,1,burst,56,0.1617909999999938,7
1,1,burst,57,4.137792000000445,7
1,1,burst,58,20.134207999999944,7
1,1,burst,59,0.35841599999957907,7
1,1,burst,60,0.5325000000002547,7
1,1,burst,61,0.15104199999996126,7
1,1,burst,62,0.14125000000012733,7
1,1,burst,63,0.13520799999969313,7
1,1,burst,64,0.12562500000012733,7
1,1,burst,65,0.141791000000012,7
1,1,burst,66,0.1303330000000642,7
1,1,burst,67,0.1325000000001637,7
1,1,burst,68,0.1388329999999769,7
1,1,burst,69,0.13112499999988358,7
1,1,burst,70,0.13362499999993815,7
1,1,burst,71,0.13791600000013204,7
1,1,burst,72,0.12637499999982538,7
1,1,burst,73,0.1322920000002341,7
1,1,burst,74,0.1331249999998363,7
1,1,burst,75,0.1422499999998763,7
1,1,burst,76,0.12474999999994907,7
1,1,burst,77,0.15345799999977316,7
1,1,burst,78,0.12824999999975262,7
1,1,burst,79,0.1372919999998885,7
1,1,burst,80,0.12391700000034689,7
1,1,burst,81,0.1323330000000169,7
1,1,burst,82,0.1277500000001055,7
1,1,burst,83,0.1518340000002354,7
1,1,burst,84,0.1953750000002401,7
1,1,burst,85,0.18783299999995506,7
1,1,burst,86,0.14416700000037963,7
1,1,burst,87,0.15191699999968478,7
1,1,burst,88,0.14804099999992104,7
1,1,burst,89,0.13579200000003766,7
1,1,burst,90,0.1402090000001408,7
1,1,burst,91,0.13266599999997197,7
1,1,burst,92,0.14220799999975497,7
1,1,burst,93,0.14029200000004494,7
1,1,burst,94,0.13420900000028269,7
1,1,burst,95,0.14504200000010314,7
1,1,burst,96,0.14541700000017954,7
1,1,burst,97,0.129207999999835,7
1,1,burst,98,0.13937499999974534,7
1,1,burst,99,0.13379200000008495,7
1,1,burst,100,0.13945800000010422,7
1,1,burst,101,0.135291000000052,7
1,1,burst,102,0.14112500000010186,7
1,1,burst,103,0.13695800000004965,7
1,1,burst,104,0.13720800000010058,7
1,1,burst,105,32.6713749999999,7
1,1,burst,106,0.829291000000012,7
1,1,burst,107,0.188083000000006,7
1,1,burst,108,0.1454169999997248,7
1,1,burst,109,0.1386250000000473,7
1,1,burst,110,0.13229099999989558,7
1,1,burst,111,0.12750000000005457,7
1,1,burst,112,0.1307090000000244,7
1,1,burst,113,0.1277919999997721,7
1,1,burst,114,0.1266249999998763,7
1,1,burst,115,0.12887499999987995,7
1,1,burst,116,0.13170900000022812,7
1,1,burst,117,0.1520829999999478,7
1,1,burst,118,0.44041699999979755,7
1,1,burst,119,0.17112500000030195,7
1,1,burst,120,0.1353329999997186,7
1,1,burst,121,0.12987500000008367,7
1,1,burst,122,0.12420800000018062,7
1,1,burst,123,0.1259170000002996,7
1,1,burst,124,0.12637499999982538,7
1,1,burst,125,0.12845800000013696,7
1,1,burst,126,0.12458300000025702,7
1,1,burst,127,0.12354199999981574,7
1,1,burst,128,0.12620800000013332,7
1,1,burst,129,0.1252079999999296,7
1,1,burst,130,0.12495800000033341,7
1,1,burst,131,0.12420800000018062,7
1,1,burst,132,0.13791600000013204,7
1,1,burst,133,0.12304200000016863,7
1,1,burst,134,0.1477500000000873,7
1,1,burst,135,0.12554199999976845,7
1,1,burst,136,0.1269999999999527,7
1,1,burst,137,0.12154099999997925,7
1,1,burst,138,0.12095799999997325,7
1,1,burst,139,0.12341599999990649,7
1,1,burst,140,0.12766699999974662,7
1,1,burst,141,0.12000000000034561,7
1,1,burst,142,0.12125000000014552,7
1,1,burst,143,0.12512500000002547,7
1,1,burst,144,0.1266249999998763,7
1,1,burst,145,0.12195800000017698,7
1,1,burst,146,0.12554199999976845,7
1,1,burst,147,6.486750000000029,7
1,1,burst,148,0.14695799999981318,7
1,1,burst,149,0.13095800000019153,7
1,1,burst,150,0.12837499999977808,7
1,1,burst,151,0.130500000000211,7
1,1,burst,152,0.30145800000036616,7
1,1,burst,153,0.20875000000023647,7
1,1,burst,154,0.1770419999998012,7
1,1,burst,155,0.1455839999998716,7
1,1,burst,156,0.13441699999975754,7
1,1,burst,157,0.12904200000002675,7
1,1,burst,158,0.12837500000023283,7
1,1,burst,159,0.262583000000177,7
1,1,burst,160,0.14920900000015536,7
1,1,burst,161,0.13362499999993815,7
1,1,burst,162,0.13183299999991505,7
1,1,burst,163,0.1410000000000764,7
1,1,burst,164,0.13045899999997346,7
1,1,burst,165,0.1271670000000995,7
1,1,burst,166,0.1283330000001115,7
1,1,burst,167,0.12924999999995634,7
1,1,burst,168,0.1271670000000995,7
1,1,burst,169,0.12437499999987267,7
1,1,burst,170,0.1270409999997355,7
1,1,burst,171,0.14604099999996834,7
1,1,burst,172,0.12595799999962765,7
1,1,burst,173,0.12491699999964112,7
1,1,burst,174,0.12620899999956237,7
1,1,burst,175,0.9802500000000691,7
1,1,burst,176,0.29262500000004366,7
1,1,burst,177,0.1343749999996362,7
1,1,burst,178,0.12316599999985556,7
1,1,burst,179,0.7282079999999951,7
1,1,burst,180,0.4508339999997588,7
1,1,burst,181,0.2622080000001006,7
1,1,burst,182,0.9555409999998119,7
1,1,burst,183,0.17479199999979755,7
1,1,burst,184,0.1352919999999358,7
1,1,burst,185,0.13120799999978772,7
1,1,burst,186,0.12687499999992724,7
1,1,burst,187,0.13616700000011406,7
1,1,burst,188,0.13770900000008623,7
1,1,burst,189,0.13520900000003166,7
1,1,burst,190,0.15941699999984849,7
1,1,burst,191,0.19145800000023883,7
1,1,burst,192,0.39012499999989814,7
1,1,burst,193,8.358625000000302,7
1,1,burst,194,0.14683400000012625,7
1,1,burst,195,0.12912499999993088,7
1,1,burst,196,0.16866600000003018,7
1,1,burst,197,0.14004100000011022,7
1,1,burst,198,0.1267080000002352,7
1,1,burst,199,0.1288329999997586,7
1,1,burst,200,0.12512500000002547,7
1,1,burst,201,0.12162500000022192,7
1,1,burst,202,0.18049999999993815,7
1,1,burst,203,0.1690830000002279,7
1,1,burst,204,0.1336670000000595,7
1,1,burst,205,0.1297090000002754,7
1,1,burst,206,0.13183299999991505,7
1,1,burst,207,0.1449999999999818,7
1,1,burst,208,0.1443330000001879,7
1,1,burst,209,0.12904200000002675,7
1,1,burst,210,0.129207999999835,7
1,1,burst,211,0.12691700000004857,7
1,1,burst,212,0.1255420000002232,7
1,1,burst,213,0.12558399999988978,7
1,1,burst,214,0.12816699999984849,7
1,1,burst,215,0.12554199999976845,7
1,1,burst,216,0.1242090000000644,7
1,1,burst,217,0.12558399999988978,7
1,1,burst,218,0.12808300000006057,7
1,1,burst,219,0.12358300000005329,7
1,1,burst,220,0.13120900000012625,7
1,1,burst,221,0.1251670000001468,7
1,1,burst,222,0.12704200000007404,7
1,1,burst,223,0.12408300000015515,7
1,1,burst,224,0.12337500000012369,7
1,1,burst,225,0.1265000000003056,7
1,1,burst,226,0.1272089999997661,7
1,1,burst,227,0.1352919999999358,7
1,1,burst,228,0.12404100000003382,7
1,1,burst,229,0.12666699999999764,7
1,1,burst,230,0.12933299999986048,7
1,1,burst,231,0.12466600000016115,7
1,1,burst,232,0.12504100000023755,7
1,1,burst,233,0.12762500000008004,7
1,1,burst,234,0.1287080000001879,7
1,1,burst,235,0.12429199999996854,7
1,1,burst,236,0.12625000000025466,7
1,1,burst,237,0.12470899999971152,7
1,1,burst,238,0.12545899999986432,7
1,1,burst,239,0.12350000000014916,7
1,1,burst,240,0.1253750000000764,7
1,1,burst,241,0.1252079999999296,7
1,1,burst,242,0.12625000000025466,7
1,1,burst,243,0.12566700000024866,7
1,1,burst,244,0.12533299999995506,7
1,1,burst,245,0.1352500000002692,7
1,1,burst,246,0.1279170000002523,7
1,1,burst,247,0.12449999999989814,7
1,1,burst,248,0.12466700000004494,7
1,1,burst,249,0.1329169999999067,7
1,1,burst,250,0.12483399999973699,7
1,1,burst,251,0.12508299999990413,7
1,1,burst,252,0.12570899999991525,7
1,1,burst,253,0.1259170000002996,7
1,1,burst,254,0.12416600000005928,7
1,1,burst,255,0.1240829999997004,7
1,1,burst,256,0.12479199999961565,7
1,1,burst,257,0.12691699999959383,7
1,1,burst,258,0.12437499999987267,7
1,1,burst,259,0.12304100000028484,7
1,1,burst,260,0.12400000000025102,7
1,1,burst,261,0.1281250000001819,7
1,1,burst,262,0.12541600000031394,7
1,1,burst,263,0.12433300000020608,7
1,1,burst,264,0.1301250000001346,7
1,1,burst,265,0.13337499999988722,7
1,1,burst,266,0.12579199999981938,7
1,1,burst,267,0.12270900000021356,7
1,1,burst,268,0.12545900000031907,7
1,1,burst,269,0.12583300000005693,7
1,1,burst,270,0.12387500000022555,7
1,1,burst,271,0.12291699999968841,7
1,1,burst,272,0.12466700000004494,7
1,1,burst,273,0.12800000000015643,7
1,1,burst,274,0.12291700000014316,7
1,1,burst,275,0.12308400000028996,7
1,1,burst,276,0.12254200000006676,7
1,1,burst,277,0.12566700000024866,7
1,1,burst,278,0.12912499999993088,7
1,1,burst,279,0.12366599999995742,7
1,1,burst,280,0.12408300000015515,7
1,1,burst,281,0.12887499999987995,7
1,1,burst,282,0.12837499999977808,7
1,1,burst,283,0.12449999999989814,7
1,1,burst,284,0.12483400000019174,7
1,1,burst,285,0.12812499999972715,7
1,1,burst,286,0.12341699999979028,7
1,1,burst,287,0.1269590000001699,7
1,1,burst,288,0.1279170000002523,7
1,1,burst,289,0.1264169999999467,7
1,1,burst,290,0.12762500000008004,7
1,1,burst,291,0.12474999999994907,7
1,1,burst,292,0.12716599999976097,7
1,1,burst,293,0.1244579999997768,7
1,1,burst,294,0.1233340000003409,7
1,1,burst,295,0.12616699999989578,7
1,1,burst,296,0.12691600000016479,7
1,1,burst,297,0.13000000000010914,7
1,1,burst,298,0.12433400000008987,7
1,1,burst,299,0.1265000000003056,7
1,1,burst,300,0.135834000000159,7
1,1,burst,301,0.12762500000008004,7
1,1,burst,302,0.12404199999991761,7
1,1,burst,303,0.12625000000025466,7
1,1,burst,304,0.12620800000013332,7
1,1,burst,305,0.12550000000010186,7
1,1,burst,306,0.12683300000026065,7
1,1,burst,307,0.1301250000001346,7
1,1,burst,308,0.13058300000011513,7
1,1,burst,309,0.12745899999981702,7
1,1,burst,310,0.12541699999974298,7
1,1,burst,311,1.2030830000003334,7
1,1,burst,312,0.16258300000026793,7
1,1,burst,313,0.13866699999971388,7
1,1,burst,314,0.133958999999777,7
1,1,burst,315,0.13279200000033597,7
1,1,burst,316,0.1299579999999878,7
1,1,burst,317,0.13124999999990905,7
1,1,burst,318,0.14691700000003038,7
1,1,burst,319,0.13133400000015172,7
1,1,burst,320,0.13008300000001327,7
1,1,burst,321,0.125583000000006,7
1,1,burst,322,0.12429199999996854,7
1,1,burst,323,0.1269590000001699,7
1,1,burst,324,0.12858400000004622,7
1,1,burst,325,0.12625000000025466,7
1,1,burst,326,23.939208000000235,7
1,1,burst,327,0.1575830000001588,7
1,1,burst,328,0.13691599999992832,7
1,1,burst,329,0.13100000000031287,7
1,1,burst,330,0.1303749999997308,7
1,1,burst,331,0.12933399999974426,7
1,1,burst,332,0.13695800000004965,7
1,1,burst,333,0.1305409999999938,7
1,1,burst,334,0.1308750000002874,7
1,1,burst,335,0.15520900000001348,7
1,1,burst,336,0.1382080000003043,7
1,1,burst,337,0.12804099999993923,7
1,1,burst,338,0.13099999999985812,7
1,1,burst,339,0.12866600000006656,7
1,1,burst,340,30.244374999999764,7
1,1,burst,341,0.15508300000010422,7
1,1,burst,342,0.1324590000003809,7
1,1,burst,343,0.13362499999993815,7
1,1,burst,344,0.12887499999987995,7
1,1,burst,345,11.98575000000028,7
1,1,burst,346,0.18283300000030067,7
1,1,burst,347,0.13000000000010914,7
1,1,burst,348,0.17725000000018554,7
1,1,burst,349,0.34995900000012625,7
1,1,burst,350,0.3781669999998485,7
1,1,burst,351,0.1835839999998825,7
1,1,burst,352,0.2904590000002827,7
1,1,burst,353,0.11395799999991141,7
1,1,burst,354,0.1301659999999174,7
1,1,burst,355,0.16758299999992232,7
1,1,burst,356,0.12387499999977081,7
1,1,burst,357,0.34087499999986903,7
1,1,burst,358,0.3227080000001479,7
1,1,burst,359,0.14404200000035416,7
1,1,burst,360,0.28295799999978044,7
1,1,burst,361,0.5464999999999236,7
1,1,burst,362,7.1590000000001055,7
1,1,burst,363,1.4976670000000922,7
1,1,burst,364,0.3714589999999589,7
1,1,burst,365,0.18562500000007276,7
1,1,burst,366,0.8670830000000933,7
1,1,burst,367,0.212833000000046,7
1,1,burst,368,0.25029200000017227,7
1,1,burst,369,0.3742499999998472,7
1,1,burst,370,0.2599159999999756,7
1,1,burst,371,0.22354200000017954,7
1,1,burst,372,0.12150000000019645,7
1,1,burst,373,0.1121659999998883,7
1,1,burst,374,0.14150000000017826,7
1,1,burst,375,0.19195900000022448,7
1,1,burst,376,0.9975840000001881,7
1,1,burst,377,0.16954200000009223,7
1,1,burst,378,0.5410830000000715,7
1,1,burst,379,0.1402919999995902,7
1,1,burst,380,0.24199999999973443,7
1,1,burst,381,0.8273340000000644,7
1,1,burst,382,0.13629200000013952,7
1,1,burst,383,0.2826250000002801,7
1,1,burst,384,0.2771249999996144,7
1,1,burst,385,0.4447500000001128,7
1,1,burst,386,0.11683399999992616,7
1,1,burst,387,0.2369170000001759,7
1,1,burst,388,0.1398749999998472,7
1,1,burst,389,0.17891700000018318,7
1,1,burst,390,0.16029200000002675,7
1,1,burst,391,0.11758400000007896,7
1,1,burst,392,0.10800000000017462,7
1,1,burst,393,0.11220800000000963,7
1,1,burst,394,0.10754099999985556,7
1,1,burst,395,0.10658299999977316,7
1,1,burst,396,0.10408300000017334,7
1,1,burst,397,0.10529200000019046,7
1,1,burst,398,0.10912499999994907,7
1,1,burst,399,0.10358299999961673,7
1,1,burst,400,0.1044170000000122,7
1,1,burst,401,0.10741699999971388,7
1,1,burst,402,0.10620899999958056,7
1,1,burst,403,0.10391699999991033,7
1,1,burst,404,0.10283400000025722,7
1,1,burst,405,0.1060419999998885,7
1,1,burst,406,0.10504199999968478,7
1,1,burst,407,0.10437499999989086,7
1,1,burst,408,0.12312500000007276,7
1,1,burst,409,0.10379199999988487,7
1,1,burst,410,0.11224999999967622,7
1,1,burst,411,0.1060829999996713,7
1,1,burst,412,0.10525000000006912,7
1,1,burst,413,0.10195799999974042,7
1,1,burst,414,0.10658300000022791,7
1,1,burst,415,0.10266600000022663,7
1,1,burst,416,0.10191600000007384,7
1,1,burst,417,0.10512500000004366,7
1,1,burst,418,0.10570800000004965,7
1,1,burst,419,0.10504099999980099,7
1,1,burst,420,0.10249999999996362,7
1,1,burst,421,0.10729099999980463,7
1,1,burst,422,0.10487499999999272,7
1,1,burst,423,0.10304099999984828,7
1,1,burst,424,0.10050000000001091,7
1,1,burst,425,0.10558300000002419,7
1,1,burst,426,0.10966600000028848,7
1,1,burst,427,0.11670800000001691,7
1,1,burst,428,0.1042499999998654,7
1,1,burst,429,0.10279200000013589,7
1,1,burst,430,0.10750000000007276,7
1,1,burst,431,0.10600000000022192,7
1,1,burst,432,0.10616600000003018,7
1,1,burst,433,0.10395799999969313,7
1,1,burst,434,0.10554099999990285,7
1,1,burst,435,0.10420799999974406,7
1,1,burst,436,0.10270799999989322,7
1,1,burst,437,0.10199999999986176,7
1,1,burst,438,0.1044170000000122,7
1,1,burst,439,0.10370800000009694,7
1,1,burst,440,0.10379200000033961,7
1,1,burst,441,0.1027910000002521,7
1,1,burst,442,0.10474999999996726,7
1,1,burst,443,0.1037079999996422,7
1,1,burst,444,0.109375,7
1,1,burst,445,0.10487499999999272,7
1,1,burst,446,0.10291700000016135,7
1,1,burst,447,0.10254200000008495,7
1,1,burst,448,0.10354200000028868,7
1,1,burst,449,0.10929200000009587,7
1,1,burst,450,0.11229099999991377,7
1,1,burst,451,0.10500000000001819,7
1,1,burst,452,0.11404200000015408,7
1,1,burst,453,0.10866699999996854,7
1,1,burst,454,0.10812499999974534,7
1,1,burst,455,0.10616699999991397,7
1,1,burst,456,0.10570899999993344,7
1,1,burst,457,0.10870900000008987,7
1,1,burst,458,0.10770800000000236,7
1,1,burst,459,0.11354100000016842,7
1,1,burst,460,0.10479200000008859,7
1,1,burst,461,0.11016699999981938,7
1,1,burst,462,0.11320900000009715,7
1,1,burst,463,0.10745900000028996,7
1,1,burst,464,0.1092079999998532,7
1,1,burst,465,0.11083300000018426,7
1,1,burst,466,0.1064169999999649,7
1,1,burst,467,0.10412499999983993,7
1,1,burst,468,0.10999999999967258,7
1,1,burst,469,0.10629199999993943,7
1,1,burst,470,0.10466700000006313,7
1,1,burst,471,0.10399999999981446,7
1,1,burst,472,0.1029169999997066,7
1,1,burst,473,0.10470899999972971,7
1,1,burst,474,0.10425000000032014,7
1,1,burst,475,0.10437500000034561,7
1,1,burst,476,0.10429199999998673,7
1,1,burst,477,0.10412500000029468,7
1,1,burst,478,0.10324999999966167,7
1,1,burst,479,0.1091670000000704,7
1,1,burst,480,0.10825000000022555,7
1,1,burst,481,0.10595800000010058,7
1,1,burst,482,0.10091599999987011,7
1,1,burst,483,0.10254099999974642,7
1,1,burst,484,0.10283299999991868,7
1,1,burst,485,0.10616699999991397,7
1,1,burst,486,0.10566599999992832,7
1,1,burst,487,0.10333300000002055,7
1,1,burst,488,8.916167000000314,7
1,1,burst,489,0.12966699999969933,7
1,1,burst,490,46.75220799999988,7
1,1,burst,491,1.2962090000000899,7
1,1,burst,492,3.5867920000000595,7
1,1,burst,493,10.38616699999966,7
1,1,burst,494,0.13345899999967514,7
1,1,burst,495,0.1303749999997308,7
1,1,burst,496,0.11599999999998545,7
1,1,burst,497,0.11454200000025594,7
1,1,burst,498,0.10962500000005093,7
1,1,burst,499,0.1263330000001588,7
1,1,burst,500,0.11204200000020137,7
1,1,burst,501,0.11129099999971004,7
1,1,burst,502,0.11104199999999764,7
1,1,burst,503,0.10825000000022555,7
1,1,burst,504,0.10904200000004494,7
1,1,burst,505,0.10812500000020009,7
1,1,burst,506,0.10775000000012369,7
1,1,burst,507,0.10820899999998801,7
1,1,burst,508,0.1212919999998121,7
1,1,burst,509,0.11191599999983737,7
1,1,burst,510,11.692125000000033,7
1,1,burst,511,1.465291999999863,7
1,1,burst,512,4.304666999999881,7
1,1,burst,513,0.7776669999998376,7
1,1,burst,514,0.13275000000021464,7
1,1,burst,515,0.13641599999982645,7
1,1,burst,516,0.12429100000008475,7
1,1,burst,517,0.11675000000013824,7
1,1,burst,518,0.10854100000005928,7
1,1,burst,519,0.11054200000035053,7
1,1,burst,520,0.11225000000013097,7
1,1,burst,521,0.11599999999998545,7
1,1,burst,522,0.1102920000002996,7
1,1,burst,523,0.11658400000032998,7
1,1,burst,524,0.10987500000010186,7
1,1,burst,525,0.10758399999986068,7
1,1,burst,526,0.11045899999999165,7
1,1,burst,527,0.11208399999986796,7
1,1,burst,528,0.11479199999985212,7
1,1,burst,529,0.11104199999999764,7
1,1,burst,530,0.15158299999984592,7
1,1,burst,531,0.12750000000005457,7
1,1,burst,532,0.11279199999989942,7
1,1,burst,533,0.10874999999987267,7
1,1,burst,534,0.11666700000023411,7
1,1,burst,535,0.11054100000001199,7
1,1,burst,536,0.18370800000002419,7
1,1,burst,537,0.1689169999999649,7
1,1,burst,538,0.13458399999990434,7
1,1,burst,539,0.22950000000037107,7
1,1,burst,540,0.14812499999970896,7
1,1,burst,541,0.47237500000028376,7
1,1,burst,542,0.22087499999997817,7
1,1,burst,543,0.1491249999999127,7
1,1,burst,544,0.1307499999998072,7
1,1,burst,545,0.0597499999998945,7
1,1,burst,546,0.17508300000008603,7
1,1,burst,547,0.15741700000035053,7
1,1,burst,548,0.16462499999988722,7
1,1,burst,549,0.11245800000006057,7
1,1,burst,550,0.09991600000012113,7
1,1,burst,551,0.10854199999994307,7
1,1,burst,552,0.11087500000030559,7
1,1,burst,553,0.09854100000029575,7
1,1,burst,554,0.10112500000013824,7
1,1,burst,555,0.11441599999989194,7
1,1,burst,556,0.17966699999988123,7
1,1,burst,557,0.09754200000043056,7
1,1,burst,558,0.10341699999980847,7
1,1,burst,559,0.10208299999976589,7
1,1,burst,560,0.108791999999994,7
1,1,burst,561,0.09087499999986903,7
1,1,burst,562,0.10725000000002183,7
1,1,burst,563,0.10174999999981083,7
1,1,burst,564,0.1064169999999649,7
1,1,burst,565,0.09700000000020736,7
1,1,burst,566,0.0992909999999938,7
1,1,burst,567,0.10470800000030067,7
1,1,burst,568,0.100416000000223,7
1,1,burst,569,0.09404100000028848,7
1,1,burst,570,0.1380410000001575,7
1,1,burst,571,0.10516700000016499,7
1,1,burst,572,0.093166999999994,7
1,1,burst,573,0.09937500000023647,7
1,1,burst,574,0.11166700000012497,7
1,1,burst,575,0.11437500000010914,7
1,1,burst,576,0.10649999999986903,7
1,1,burst,577,0.0963329999999587,7
1,1,burst,578,0.10858299999972587,7
1,1,burst,579,0.10333300000002055,7
1,1,burst,580,0.09529199999997218,7
1,1,burst,581,0.10491599999977552,7
1,1,burst,582,0.1018330000001697,7
1,1,burst,583,0.09974999999985812,7
1,1,burst,584,0.09487499999977445,7
1,1,burst,585,0.10683300000027884,7
1,1,burst,586,0.11141600000019025,7
1,1,burst,587,0.11441700000023047,7
1,1,burst,588,0.11579200000005585,7
1,1,burst,589,0.125,7
1,1,burst,590,0.12112500000012005,7
1,1,burst,591,0.12008299999979499,7
1,1,burst,592,0.11929200000031415,7
1,1,burst,593,0.1141669999997248,7
1,1,burst,594,0.12295899999980975,7
1,1,burst,595,20.893958999999995,7
1,1,burst,596,0.15308300000015151,7
1,1,burst,597,0.14154199999984485,7
1,1,burst,598,0.11795899999970061,7
1,1,burst,599,0.13095900000007532,7
1,1,burst,600,0.12629199999992125,7
1,1,burst,601,0.12325000000009823,7
1,1,burst,602,0.12416699999994307,7
1,1,burst,603,0.12191600000005565,7
1,1,burst,604,0.12337500000012369,7
1,1,burst,605,0.12104199999976117,7
1,1,burst,606,0.13945800000010422,7
1,1,burst,607,0.1384170000001177,7
1,1,burst,608,0.10983399999986432,7
1,1,burst,609,0.11233399999991889,7
1,1,burst,610,0.11970900000005713,7
1,1,burst,611,0.11937500000021828,7
1,1,burst,612,0.1115829999998823,7
1,1,burst,613,2.7469999999998436,7
1,1,burst,614,0.19629200000008495,7
1,1,burst,615,0.12212499999986903,7
1,1,burst,616,0.11766699999998309,7
1,1,burst,617,0.11166700000012497,7
1,1,burst,618,0.11370900000019901,7
1,1,burst,619,0.11079199999994671,7
1,1,burst,620,0.11683399999992616,7
1,1,burst,621,0.11179200000015044,7
1,1,burst,622,0.10891700000001947,7
1,1,burst,623,0.1121250000001055,7
1,1,burst,624,0.10933299999987867,7
1,1,burst,625,0.1192919999998594,7
1,1,burst,626,0.118333999999777,7
1,1,burst,627,0.10924999999997453,7
1,1,burst,628,0.10812499999974534,7
1,1,burst,629,0.10933299999987867,7
1,1,burst,630,0.11470799999960946,7
1,1,burst,631,0.11554100000012113,7
1,1,burst,632,0.11274999999977808,7
1,1,burst,633,0.11108299999978044,7
1,1,burst,634,0.11225000000013097,7
1,1,burst,635,0.10983299999998053,7
1,1,burst,636,0.1127080000001115,7
1,1,burst,637,0.1070409999997537,7
1,1,burst,638,0.10991599999988466,7
1,1,burst,639,0.5679579999996349,7
1,1,burst,640,0.17429200000015044,7
1,1,burst,641,0.1336670000000595,7
1,1,burst,642,0.1434169999997721,7
1,1,burst,643,0.14879199999995762,7
1,1,burst,644,0.13062499999978172,7
1,1,burst,645,0.12449999999989814,7
1,1,burst,646,0.12229200000001583,7
1,1,burst,647,0.16391599999997197,7
1,1,burst,648,0.14604199999985212,7
1,1,burst,649,0.12704200000007404,7
1,1,burst,650,0.12783400000034817,7
1,1,burst,651,0.1245840000001408,7
1,1,burst,652,0.12916599999971368,7
1,1,burst,653,0.12804099999993923,7
1,1,burst,654,0.13870800000040617,7
1,1,burst,655,0.12983299999996234,7
1,1,burst,656,0.12304199999971388,7
1,1,burst,657,0.12233400000013717,7
1,1,burst,658,0.13962499999979627,7
1,1,burst,659,0.12649999999985084,7
1,1,burst,660,0.23733400000037363,7
1,1,burst,661,0.13245800000004238,7
1,1,burst,662,0.1319579999999405,7
1,1,burst,663,0.11804200000005949,7
1,1,burst,664,0.11379200000010314,7
1,1,burst,665,0.10691600000018298,7
1,1,burst,666,0.11441700000023047,7
1,1,burst,667,0.11316699999997581,7
1,1,burst,668,0.13895800000000236,7
1,1,burst,669,0.10841699999991761,7
1,1,burst,670,0.11191699999972116,7
1,1,burst,671,0.11779200000000856,7
1,1,burst,672,0.1069999999999709,7
1,1,burst,673,0.10712499999999636,7
1,1,burst,674,0.11258300000008603,7
1,1,burst,675,0.10891599999968093,7
1,1,burst,676,0.1060419999998885,7
1,1,burst,677,0.1062499999998181,7
1,1,burst,678,0.10783300000002782,7
1,1,burst,679,0.11387500000000728,7
1,1,burst,680,0.10550000000012005,7
1,1,burst,681,0.10541700000021592,7
1,1,burst,682,0.10812500000020009,7
1,1,burst,683,0.10933299999987867,7
1,1,burst,684,0.10758299999997689,7
1,1,burst,685,0.10500000000001819,7
1,1,burst,686,0.10849999999982174,7
1,1,burst,687,0.10224999999991269,7
1,1,burst,688,0.10525000000006912,7
1,1,burst,689,0.10562499999969077,7
1,1,burst,690,0.10833300000012969,7
1,1,burst,691,0.1056669999998121,7
1,1,burst,692,0.10595800000010058,7
1,1,burst,693,0.10412499999983993,7
1,1,burst,694,0.1072079999999005,7
1,1,burst,695,0.10562500000014552,7
1,1,burst,696,0.1036669999998594,7
1,1,burst,697,0.11445800000001327,7
1,1,burst,698,0.11074999999982538,7
1,1,burst,699,0.10645800000020245,7
1,1,burst,700,0.1084579999997004,7
1,1,burst,701,0.10579099999995378,7
1,1,burst,702,0.11299999999982901,7
1,1,burst,703,0.10525000000006912,7
1,1,burst,704,0.10595799999964584,7
1,1,burst,705,39.240666999999576,7
1,1,burst,706,0.17412500000000364,7
1,1,burst,707,0.11687499999970896,7
1,1,burst,708,0.12637500000028012,7
1,1,burst,709,0.10979200000019773,7
1,1,burst,710,0.10804199999984121,7
1,1,burst,711,0.11324999999987995,7
1,1,burst,712,0.1040829999997186,7
1,1,burst,713,0.1069590000001881,7
1,1,burst,714,0.1102920000002996,7
1,1,burst,715,0.13379200000008495,7
1,1,burst,716,0.10429099999964819,7
1,1,burst,717,0.10237499999993815,7
1,1,burst,718,0.10791700000027049,7
1,1,burst,719,0.10304200000018682,7
1,1,burst,720,0.10350000000016735,7
1,1,burst,721,0.10337500000014188,7
1,1,burst,722,0.11374999999998181,7
1,1,burst,723,0.10541699999976117,7
1,1,burst,724,0.10337500000014188,7
1,1,burst,725,0.10845800000015515,7
1,1,burst,726,0.10595899999998437,7
1,1,burst,727,0.10504200000013952,7
1,1,burst,728,0.10962500000005093,7
1,1,burst,729,0.11062499999979991,7
1,1,burst,730,0.10799999999971988,7
1,1,burst,731,0.10308299999996962,7
1,1,burst,732,0.10250000000041837,7
1,1,burst,733,0.11458399999992253,7
1,1,burst,734,0.10304199999973207,7
1,1,burst,735,0.10325000000011642,7
1,1,burst,736,0.10133300000006784,7
1,1,burst,737,0.10537500000009459,7
1,1,burst,738,0.10454199999958291,7
1,1,burst,739,0.10358300000007148,7
1,1,burst,740,44.36333400000012,7
1,1,burst,741,0.8035420000001068,7
1,1,burst,742,0.18270799999982046,7
1,1,burst,743,0.1198340000000826,7
1,1,burst,744,0.11374999999998181,7
1,1,burst,745,0.465708000000177,7
1,1,burst,746,0.3164170000000013,7
1,1,burst,747,0.30291699999997945,7
1,1,burst,748,0.16029200000002675,7
1,1,burst,749,0.29358400000000984,7
1,1,burst,750,0.32283400000005713,7
1,1,burst,751,0.5767499999997199,7
1,1,burst,752,0.37079199999971024,7
1,1,burst,753,0.47141700000020137,7
1,1,burst,754,0.24899999999979627,7
1,1,burst,755,0.11579200000005585,7
1,1,burst,756,0.11016700000027413,7
1,1,burst,757,0.11574999999993452,7
1,1,burst,758,0.11162500000000364,7
1,1,burst,759,0.1062090000000353,7
1,1,burst,760,0.10562499999969077,7
1,1,burst,761,0.11124999999992724,7
1,1,burst,762,0.10641700000041965,7
1,1,burst,763,0.10416699999996126,7
1,1,burst,764,0.10779199999979028,7
1,1,burst,765,0.10895800000025702,7
1,1,burst,766,0.10554199999978664,7
1,1,burst,767,0.1031249999996362,7
1,1,burst,768,0.1068329999998241,7
1,1,burst,769,0.12358400000039182,7
1,1,burst,770,0.10833299999967494,7
1,1,burst,771,0.10366700000031415,7
1,1,burst,772,0.10399999999981446,7
1,1,burst,773,0.10462499999994179,7
1,1,burst,774,0.10550000000012005,7
1,1,burst,775,0.10245799999984229,7
1,1,burst,776,0.10520899999983158,7
1,1,burst,777,0.10379199999988487,7
1,1,burst,778,0.10604200000034325,7
1,1,burst,779,0.10266700000011042,7
1,1,burst,780,0.10725000000002183,7
1,1,burst,781,0.10412500000029468,7
1,1,burst,782,0.10470799999984592,7
1,1,burst,783,2.8826249999997344,7
1,1,burst,784,0.1272089999997661,7
1,1,burst,785,0.11229199999979755,7
1,1,burst,786,0.11733400000002803,7
1,1,burst,787,0.10487499999999272,7
1,1,burst,788,0.12645800000018426,7
1,1,burst,789,0.11416600000029575,7
1,1,burst,790,0.10687499999994543,7
1,1,burst,791,0.10358299999961673,7
1,1,burst,792,0.10929099999975733,7
1,1,burst,793,0.10970799999995506,7
1,1,burst,794,0.10775000000012369,7
1,1,burst,795,0.10425000000032014,7
1,1,burst,796,0.10924999999997453,7
1,1,burst,797,0.10500000000001819,7
1,1,burst,798,0.10570899999993344,7
1,1,burst,799,0.10583299999962037,7
1,1,burst,800,0.10637499999984357,7
1,1,burst,801,0.10529199999973571,7
1,1,burst,802,0.11083300000018426,7
1,1,burst,803,0.10625000000027285,7
1,1,burst,804,0.1064579999997477,7
1,1,burst,805,0.1119579999999587,7
1,1,burst,806,0.10679099999970276,7
1,1,burst,807,0.22262499999987995,7
1,1,burst,808,3.121292000000267,7
1,1,burst,809,0.47100000000000364,7
1,1,burst,810,0.46704200000021956,7
1,1,burst,811,6.534500000000207,7
1,1,burst,812,18.29991599999994,7
1,1,burst,813,0.1616249999997308,7
1,1,burst,814,0.11524999999983265,7
1,1,burst,815,0.12104099999987739,7
1,1,burst,816,0.1110409999996591,7
1,1,burst,817,0.11316699999997581,7
1,1,burst,818,0.10920800000030795,7
1,1,burst,819,0.1089999999999236,7
1,1,burst,820,0.10791699999981574,7
1,1,burst,821,0.1224579999998241,7
1,1,burst,822,0.10733299999992596,7
1,1,burst,823,0.10829100000000835,7
1,1,burst,824,0.1095829999999296,7
1,1,burst,825,0.10437499999989086,7
1,1,burst,826,0.10249999999996362,7
1,1,burst,827,0.10712499999999636,7
1,1,burst,828,0.1060829999996713,7
1,1,burst,829,0.10379199999988487,7
1,1,burst,830,0.10508299999992232,7
1,1,burst,831,0.10800000000017462,7
1,1,burst,832,0.10591599999997925,7
1,1,burst,833,0.10725000000002183,7
1,1,burst,834,0.10324999999966167,7
1,1,burst,835,0.10604200000034325,7
1,1,burst,836,0.1036669999998594,7
1,1,burst,837,0.10437500000034561,7
1,1,burst,838,0.10433300000022427,7
1,1,burst,839,0.12162500000022192,7
1,1,burst,840,0.10729200000014316,7
1,1,burst,841,0.10420800000019881,7
1,1,burst,842,0.10633300000017698,7
1,1,burst,843,0.11045799999965311,7
1,1,burst,844,0.10358300000007148,7
1,1,burst,845,0.11008300000003146,7
1,1,burst,846,0.10912499999994907,7
1,1,burst,847,0.10850000000027649,7
1,1,burst,848,0.10645900000008623,7
1,1,burst,849,0.10500000000001819,7
1,1,burst,850,0.1066659999996773,7
1,1,burst,851,34.326750000000175,7
1,1,burst,852,0.23329199999989214,7
1,1,burst,853,0.2143750000000182,7
1,1,burst,854,0.12174999999979264,7
1,1,burst,855,0.11650000000008731,7
1,1,burst,856,0.10979200000019773,7
1,1,burst,857,0.12962500000003274,7
1,1,burst,858,0.1145000000001346,7
1,1,burst,859,0.10870900000008987,7
1,1,burst,860,0.10479200000008859,7
1,1,burst,861,0.10649999999986903,7
1,1,burst,862,0.11104199999999764,7
1,1,burst,863,0.10741699999971388,7
1,1,burst,864,0.11395900000024994,7
1,1,burst,865,0.1073340000002645,7
1,1,burst,866,0.11349999999993088,7
1,1,burst,867,0.10691700000006676,7
1,1,burst,868,0.10470799999984592,7
1,1,burst,869,0.10254100000020117,7
1,1,burst,870,0.10412500000029468,7
1,1,burst,871,0.10599999999976717,7
1,1,burst,872,0.11162500000000364,7
1,1,burst,873,0.10487499999999272,7
1,1,burst,874,0.11362499999995634,7
1,1,burst,875,0.10550000000012005,7
1,1,burst,876,0.10416600000007747,7
1,1,burst,877,0.10495799999989686,7
1,1,burst,878,0.11020899999994072,7
1,1,burst,879,0.1030839999998534,7
1,1,burst,880,0.10516700000016499,7
1,1,burst,881,0.10270900000023175,7
1,1,burst,882,0.10649999999986903,7
1,1,burst,883,0.10308400000030815,7
1,1,burst,884,0.10800000000017462,7
1,1,burst,885,0.10358399999995527,7
1,1,burst,886,0.10670800000025338,7
1,1,burst,887,0.10358300000007148,7
1,1,burst,888,0.10458299999982046,7
1,1,burst,889,0.10454099999969912,7
1,1,burst,890,0.10629199999993943,7
1,1,burst,891,0.102708999999777,7
1,1,burst,892,0.10266700000011042,7
1,1,burst,893,0.10966699999971752,7
1,1,burst,894,0.10683399999970788,7
1,1,burst,895,0.10233399999970061,7
1,1,burst,896,0.10495799999989686,7
1,1,burst,897,0.10249999999996362,7
1,1,burst,898,0.10674999999991996,7
1,1,burst,899,0.10308299999996962,7
1,1,burst,900,0.10141700000031051,7
1,1,burst,901,0.1075420000001941,7
1,1,burst,902,0.1067920000000413,7
1,1,burst,903,0.10387500000024374,7
1,1,burst,904,0.10245799999984229,7
1,1,burst,905,0.1042499999998654,7
1,1,burst,906,0.10570800000004965,7
1,1,burst,907,0.10249999999996362,7
1,1,burst,908,0.10458399999970425,7
1,1,burst,909,0.10408400000005713,7
1,1,burst,910,0.10433400000010806,7
1,1,burst,911,0.10779200000024503,7
1,1,burst,912,0.10254200000008495,7
1,1,burst,913,0.1066659999996773,7
1,1,burst,914,0.10633299999972223,7
1,1,burst,915,0.10408300000017334,7
1,1,burst,916,0.10283300000037343,7
1,1,burst,917,0.10379199999988487,7
1,1,burst,918,0.10795899999993708,7
1,1,burst,919,0.10395900000003166,7
1,1,burst,920,0.10254200000008495,7
1,1,burst,921,0.10316700000021228,7
1,1,burst,922,0.10791699999981574,7
1,1,burst,923,0.10412500000029468,7
1,1,burst,924,0.10241599999972095,7
1,1,burst,925,0.10591599999997925,7
1,1,burst,926,0.10258299999986775,7
1,1,burst,927,0.10537500000009459,7
1,1,burst,928,0.10312500000009095,7
1,1,burst,929,0.1130830000001879,7
1,1,burst,930,0.10541700000021592,7
1,1,burst,931,0.10304200000018682,7
1,1,burst,932,0.10220900000012989,7
1,1,burst,933,0.10637500000029831,7
1,1,burst,934,0.10404100000005201,7
1,1,burst,935,0.103874999999789,7
1,1,burst,936,0.10325000000011642,7
1,1,burst,937,0.10679099999970276,7
1,1,burst,938,0.10404100000005201,7
1,1,burst,939,0.1064169999999649,7
1,1,burst,940,0.10245799999984229,7
1,1,burst,941,0.1060829999996713,7
1,1,burst,942,0.10429199999998673,7
1,1,burst,943,0.10741699999971388,7
1,1,burst,944,0.10283299999991868,7
1,1,burst,945,0.10550000000012005,7
1,1,burst,946,0.10374999999976353,7
1,1,burst,947,0.10262499999998909,7
1,1,burst,948,0.10824999999977081,7
1,1,burst,949,0.1084579999997004,7
1,1,burst,950,0.10579099999995378,7
1,1,burst,951,0.10229200000003402,7
1,1,burst,952,0.10625000000027285,7
1,1,burst,953,0.10508299999992232,7
1,1,burst,954,0.1119579999999587,7
1,1,burst,955,0.10416699999996126,7
1,1,burst,956,0.1084589999995842,7
1,1,burst,957,0.10458299999982046,7
1,1,burst,958,0.10779199999979028,7
1,1,burst,959,0.10308300000042436,7
1,1,burst,960,0.10654100000010658,7
1,1,burst,961,0.10470800000030067,7
1,1,burst,962,0.10249999999996362,7
1,1,burst,963,0.10612499999979264,7
1,1,burst,964,0.10383300000012241,7
1,1,burst,965,0.11779200000000856,7
1,1,burst,966,0.10691700000006676,7
1,1,burst,967,0.11637500000006185,7
1,1,burst,968,0.1069999999999709,7
1,1,burst,969,0.10333300000002055,7
1,1,burst,970,0.10783300000002782,7
1,1,burst,971,0.10224999999991269,7
1,1,burst,972,0.10741599999983009,7
1,1,burst,973,0.10658299999977316,7
1,1,burst,974,0.10725000000002183,7
1,1,burst,975,0.10429199999998673,7
1,1,burst,976,0.10408300000017334,7
1,1,burst,977,0.10179100000004837,7
1,1,burst,978,0.10658299999977316,7
1,1,burst,979,0.1089999999999236,7
1,1,burst,980,0.10766700000021956,7
1,1,burst,981,0.10333300000002055,7
1,1,burst,982,0.10275000000001455,7
1,1,burst,983,0.10304200000018682,7
1,1,burst,984,0.11104100000011385,7
1,1,burst,985,0.10224999999991269,7
1,1,burst,986,0.10325000000011642,7
1,1,burst,987,0.10816599999998289,7
1,1,burst,988,0.10554099999990285,7
1,1,burst,989,0.10441599999967366,7
1,1,burst,990,0.10370800000009694,7
1,1,burst,991,0.10199999999986176,7
1,1,burst,992,0.1060829999996713,7
1,1,burst,993,0.10191699999995762,7
1,1,burst,994,0.10633300000017698,7
1,1,burst,995,0.10454099999969912,7
1,1,burst,996,0.10608300000012605,7
1,1,burst,997,0.10300000000006548,7
1,1,burst,998,0.10883399999966059,7
1,1,burst,999,0.10837499999979627,7
1,2,idle,0,0.0019579999998313724,0
1,2,idle,1,0.0056670000003578025,0
1,2,idle,2,0.002666999999746622,0
1,2,idle,3,0.0020829999998568383,0
1,2,idle,4,0.002124999999978172,0
1,2,idle,5,0.001833999999689695,0
1,2,idle,6,0.002041999999619293,0
1,2,idle,7,0.0025829999999587017,0
1,2,idle,8,0.002250000000003638,0
1,2,idle,9,0.0020830000003115856,0
1,2,idle,10,0.001958999999715161,0
1,2,idle,11,0.0019999999999527063,0
1,2,idle,12,0.0032499999997526174,0
1,2,idle,13,0.002457999999933236,0
1,2,idle,14,0.0031669999998484855,0
1,2,idle,15,0.001958999999715161,0
1,2,idle,16,0.002250000000003638,0
1,2,idle,17,0.0025829999999587017,0
1,2,idle,18,0.0030839999999443535,0
1,2,idle,19,0.0029169999997975538,0
1,2,idle,20,0.0019170000000485743,0
1,2,idle,21,0.0019579999998313724,0
1,2,idle,22,0.0024170000001504377,0
1,2,idle,23,0.0026250000000800355,0
1,2,idle,24,0.0022089999997660925,0
1,2,idle,25,0.001958999999715161,0
1,2,idle,26,0.001959000000169908,0
1,2,idle,27,0.00258399999984249,0
1,2,idle,28,0.0024999999995998223,0
1,2,idle,29,0.0018749999999272404,0
1,2,idle,30,0.0018749999999272404,0
1,2,idle,31,0.0018749999999272404,0
1,2,idle,32,0.0019159999997100385,0
1,2,idle,33,0.002415999999811902,0
1,2,idle,34,0.0019579999998313724,0
1,2,idle,35,0.0019170000000485743,0
1,2,idle,36,0.001959000000169908,0
1,2,idle,37,0.0018750000003819878,0
1,2,idle,38,0.002375000000029104,0
1,2,idle,39,0.00179100000013932,0
1,2,idle,40,0.0020410000001902517,0
1,2,idle,41,0.0018750000003819878,0
1,2,idle,42,0.0019580000002861198,0
1,2,idle,43,0.0019580000002861198,0
1,2,idle,44,0.0027079999999841675,0
1,2,idle,45,0.0019160000001647859,0
1,2,idle,46,0.0018749999999272404,0
1,2,idle,47,0.0018340000001444423,0
1,2,idle,48,0.0017920000000231084,0
1,2,idle,49,0.0027500000001055014,0
1,2,idle,50,0.002167000000099506,0
1,2,idle,51,0.0025420000001759036,0
1,2,idle,52,0.0019170000000485743,0
1,2,idle,53,0.0018749999999272404,0
1,2,idle,54,0.0025000000000545697,0
1,2,idle,55,0.0021660000002157176,0
1,2,idle,56,0.001833000000260654,0
1,2,idle,57,0.0020409999997355044,0
1,2,idle,58,0.0019170000000485743,0
1,2,idle,59,0.0024590000002717716,0
1,2,idle,60,0.00437499999998181,0
1,2,idle,61,0.0019999999999527063,0
1,2,idle,62,0.0019170000000485743,0
1,2,idle,63,0.0027079999999841675,0
1,2,idle,64,0.0019159999997100385,0
1,2,idle,65,0.0025000000000545697,0
1,2,idle,66,0.001959000000169908,0
1,2,idle,67,0.0026250000000800355,0
1,2,idle,68,0.0019170000000485743,0
1,2,idle,69,0.0027500000001055014,0
1,2,idle,70,0.002666999999746622,0
1,2,idle,71,0.005083000000013271,0
1,2,idle,72,0.00204200000007404,0
1,2,idle,73,0.002084000000195374,0
1,2,idle,74,0.0019170000000485743,0
1,2,idle,75,0.0025000000000545697,0
1,2,idle,76,0.0019579999998313724,0
1,2,idle,77,0.002207999999882304,0
1,2,idle,78,0.001959000000169908,0
1,2,idle,79,0.0018749999999272404,0
1,2,idle,80,0.002415999999811902,0
1,2,idle,81,0.0019580000002861198,0
1,2,idle,82,0.0027500000001055014,0
1,2,idle,83,0.0019999999999527063,0
1,2,idle,84,0.0020829999998568383,0
1,2,idle,85,0.00204200000007404,0
1,2,idle,86,0.0030839999999443535,0
1,2,idle,87,0.0018749999999272404,0
1,2,idle,88,0.0018749999999272404,0
1,2,idle,89,0.0019579999998313724,0
1,2,idle,90,0.0018329999998059066,0
1,2,idle,91,0.002375000000029104,0
1,2,idle,92,0.0019170000000485743,0
1,2,idle,93,0.0018749999999272404,0
1,2,idle,94,0.001833000000260654,0
1,2,idle,95,0.0019580000002861198,0
1,2,idle,96,0.002375000000029104,0
1,2,idle,97,0.00287499999967622,0
1,2,idle,98,0.0019170000000485743,0
1,2,idle,99,0.0019170000000485743,0
1,2,idle,100,0.0018749999999272404,0
1,2,idle,101,0.002375000000029104,0
1,2,idle,102,0.01679199999989578,0
1,2,idle,103,0.0025000000000545697,0
1,2,idle,104,0.0019170000000485743,0
1,2,idle,105,0.002124999999978172,0
1,2,idle,106,0.0019999999999527063,0
1,2,idle,107,0.0026250000000800355,0
1,2,idle,108,0.001959000000169908,0
1,2,idle,109,0.0019999999999527063,0
1,2,idle,110,0.0018749999999272404,0
1,2,idle,111,0.0019999999999527063,0
1,2,idle,112,0.002292000000124972,0
1,2,idle,113,0.001959000000169908,0
1,2,idle,114,0.0026670000002013694,0
1,2,idle,115,0.0019170000000485743,0
1,2,idle,116,0.0019579999998313724,0
1,2,idle,117,0.0024170000001504377,0
1,2,idle,118,0.0027920000002268353,0
1,2,idle,119,0.0019159999997100385,0
1,2,idle,120,0.0019999999999527063,0
1,2,idle,121,0.0019579999998313724,0
1,2,idle,122,0.002375000000029104,0
1,2,idle,123,0.0018749999999272404,0
1,2,idle,124,0.0018749999999272404,0
1,2,idle,125,0.00841699999955381,0
1,2,idle,126,0.002250000000003638,0
1,2,idle,127,0.002124999999978172,0
1,2,idle,128,0.002583000000413449,0
1,2,idle,129,0.00204200000007404,0
1,2,idle,130,0.0019170000000485743,0
1,2,idle,131,0.0019999999999527063,0
1,2,idle,132,0.0019999999999527063,0
1,2,idle,133,0.002375000000029104,0
1,2,idle,134,0.0019579999998313724,0
1,2,idle,135,0.0021660000002157176,0
1,2,idle,136,0.007000000000061846,0
1,2,idle,137,0.0019999999999527063,0
1,2,idle,138,0.0029580000000350992,0
1,2,idle,139,0.002124999999978172,0
1,2,idle,140,0.0020829999998568383,0
1,2,idle,141,0.001959000000169908,0
1,2,idle,142,0.001916999999593827,0
1,2,idle,143,0.0019999999999527063,0
1,2,idle,144,0.007083000000420725,0
1,2,idle,145,0.003042000000277767,0
1,2,idle,146,0.0019999999999527063,0
1,2,idle,147,0.0019579999998313724,0
1,2,idle,148,0.0019159999997100385,0
1,2,idle,149,0.003083000000060565,0
1,2,idle,150,0.0019170000000485743,0
1,2,idle,151,0.0019579999998313724,0
1,2,idle,152,0.0020829999998568383,0
1,2,idle,153,0.0019999999999527063,0
1,2,idle,154,0.002415999999811902,0
1,2,idle,155,0.0018749999999272404,0
1,2,idle,156,0.002124999999978172,0
1,2,idle,157,0.0018749999999272404,0
1,2,idle,158,0.0019580000002861198,0
1,2,idle,159,0.0023330000003625173,0
1,2,idle,160,0.0018750000003819878,0
1,2,idle,161,0.001958999999715161,0
1,2,idle,162,0.00204200000007404,0
1,2,idle,163,0.0026250000000800355,0
1,2,idle,164,0.0020839999997406267,0
1,2,idle,165,0.002375000000029104,0
1,2,idle,166,0.0020839999997406267,0
1,2,idle,167,0.0018750000003819878,0
1,2,idle,168,0.0019170000000485743,0
1,2,idle,169,0.0019170000000485743,0
1,2,idle,170,0.0025000000000545697,0
1,2,idle,171,0.00179100000013932,0
1,2,idle,172,0.0019170000000485743,0
1,2,idle,173,0.0019170000000485743,0
1,2,idle,174,0.0019170000000485743,0
1,2,idle,175,0.0024170000001504377,0
1,2,idle,176,0.0019999999999527063,0
1,2,idle,177,0.0027500000001055014,0
1,2,idle,178,0.0019579999998313724,0
1,2,idle,179,0.0017920000000231084,0
1,2,idle,180,0.0025000000000545697,0
1,2,idle,181,0.002708999999867956,0
1,2,idle,182,0.00204200000007404,0
1,2,idle,183,0.0019170000000485743,0
1,2,idle,184,0.001959000000169908,0
1,2,idle,185,0.006124999999883585,0
1,2,idle,186,0.003167000000303233,0
1,2,idle,187,0.005709000000024389,0
1,2,idle,188,0.00204200000007404,0
1,2,idle,189,0.0019160000001647859,0
1,2,idle,190,0.0019999999999527063,0
1,2,idle,191,0.0025000000000545697,0
1,2,idle,192,0.0018749999999272404,0
1,2,idle,193,0.0018749999999272404,0
1,2,idle,194,0.01499999999987267,0
1,2,idle,195,0.002290999999786436,0
1,2,idle,196,0.007957999999689491,0
1,2,idle,197,0.0020409999997355044,0
1,2,idle,198,0.002207999999882304,0
1,2,idle,199,0.0020409999997355044,0
1,2,idle,200,0.0020830000003115856,0
1,2,idle,201,0.002540999999837368,0
1,2,idle,202,0.0019170000000485743,0
1,2,idle,203,0.005834000000049855,0
1,2,idle,204,0.0020839999997406267,0
1,2,idle,205,0.002041999999619293,0
1,2,idle,206,0.002541999999721156,0
1,2,idle,207,0.0020839999997406267,0
1,2,idle,208,0.004041999999571999,0
1,2,idle,209,0.0019999999999527063,0
1,2,idle,210,0.0020829999998568383,0
1,2,idle,211,0.0018749999999272404,0
1,2,idle,212,0.0030419999998230196,0
1,2,idle,213,0.001916999999593827,0
1,2,idle,214,0.0019999999999527063,0
1,2,idle,215,0.00204200000007404,0
1,2,idle,216,0.0019170000000485743,0
1,2,idle,217,0.002791999999772088,0
1,2,idle,218,0.0019579999998313724,0
1,2,idle,219,0.0018750000003819878,0
1,2,idle,220,0.0019999999999527063,0
1,2,idle,221,0.0018749999999272404,0
1,2,idle,222,0.002292000000124972,0
1,2,idle,223,0.0019170000000485743,0
1,2,idle,224,0.0018329999998059066,0
1,2,idle,225,0.0025000000000545697,0
1,2,idle,226,0.0018329999998059066,0
1,2,idle,227,0.006792000000132248,0
1,2,idle,228,0.0025420000001759036,0
1,2,idle,229,0.0020409999997355044,0
1,2,idle,230,0.0019170000000485743,0
1,2,idle,231,0.0019170000000485743,0
1,2,idle,232,0.0017920000000231084,0
1,2,idle,233,0.0025000000000545697,0
1,2,idle,234,0.0020829999998568383,0
1,2,idle,235,0.001833999999689695,0
1,2,idle,236,0.0018750000003819878,0
1,2,idle,237,0.001833000000260654,0
1,2,idle,238,0.002250000000003638,0
1,2,idle,239,0.0020829999998568383,0
1,2,idle,240,0.00287499999967622,0
1,2,idle,241,0.0026250000000800355,0
1,2,idle,242,0.001833999999689695,0
1,2,idle,243,0.0025000000000545697,0
1,2,idle,244,0.0019999999999527063,0
1,2,idle,245,0.001916999999593827,0
1,2,idle,246,0.0018749999999272404,0
1,2,idle,247,0.0018340000001444423,0
1,2,idle,248,0.0022919999996702245,0
1,2,idle,249,0.006292000000030384,0
1,2,idle,250,0.0020409999997355044,0
1,2,idle,251,0.0019999999999527063,0
1,2,idle,252,0.0018749999999272404,0
1,2,idle,253,0.0019170000000485743,0
1,2,idle,254,0.0023749999995743565,0
1,2,idle,255,0.0020830000003115856,0
1,2,idle,256,0.0019999999999527063,0
1,2,idle,257,0.001833999999689695,0
1,2,idle,258,0.0017920000000231084,0
1,2,idle,259,0.0024999999995998223,0
1,2,idle,260,0.001833000000260654,0
1,2,idle,261,0.0022910000002411834,0
1,2,idle,262,0.0019999999999527063,0
1,2,idle,263,0.0023330000003625173,0
1,2,idle,264,0.0034580000001369626,0
1,2,idle,265,0.002250000000003638,0
1,2,idle,266,0.0018749999999272404,0
1,2,idle,267,0.0018749999999272404,0
1,2,idle,268,0.0025420000001759036,0
1,2,idle,269,0.00908400000025722,0
1,2,idle,270,0.006000000000312866,0
1,2,idle,271,0.003165999999964697,0
1,2,idle,272,0.0019579999998313724,0
1,2,idle,273,0.0018329999998059066,0
1,2,idle,274,0.00204200000007404,0
1,2,idle,275,0.0028750000001309672,0
1,2,idle,276,0.001959000000169908,0
1,2,idle,277,0.0019170000000485743,0
1,2,idle,278,0.00204200000007404,0
1,2,idle,279,0.00179100000013932,0
1,2,idle,280,0.0024160000002666493,0
1,2,idle,281,0.0018749999999272404,0
1,2,idle,282,0.0018749999999272404,0
1,2,idle,283,0.0019579999998313724,0
1,2,idle,284,0.0018749999999272404,0
1,2,idle,285,0.0025000000000545697,0
1,2,idle,286,0.0019579999998313724,0
1,2,idle,287,0.0019580000002861198,0
1,2,idle,288,0.0017909999996845727,0
1,2,idle,289,0.0018329999998059066,0
1,2,idle,290,0.002124999999978172,0
1,2,idle,291,0.0024170000001504377,0
1,2,idle,292,0.0020829999998568383,0
1,2,idle,293,0.0018749999999272404,0
1,2,idle,294,0.0019999999999527063,0
1,2,idle,295,0.0019160000001647859,0
1,2,idle,296,0.0024170000001504377,0
1,2,idle,297,0.0018749999999272404,0
1,2,idle,298,0.0023339999997915584,0
1,2,idle,299,0.0018750000003819878,0
1,2,idle,300,0.0019170000000485743,0
1,2,idle,301,0.0023339999997915584,0
1,2,idle,302,0.0019999999999527063,0
1,2,idle,303,0.0027500000001055014,0
1,2,idle,304,0.0018749999999272404,0
1,2,idle,305,0.0019580000002861198,0
1,2,idle,306,0.0025000000000545697,0
1,2,idle,307,0.0018749999999272404,0
1,2,idle,308,0.0019579999998313724,0
1,2,idle,309,0.0018749999999272404,0
1,2,idle,310,0.001959000000169908,0
1,2,idle,311,0.009667000000263215,0
1,2,idle,312,0.00287499999967622,0
1,2,idle,313,0.002124999999978172,0
1,2,idle,314,0.0019170000000485743,0
1,2,idle,315,0.001958999999715161,0
1,2,idle,316,0.001833000000260654,0
1,2,idle,317,0.002457999999933236,0
1,2,idle,318,0.002624999999625288,0
1,2,idle,319,0.0020410000001902517,0
1,2,idle,320,0.0020829999998568383,0
1,2,idle,321,0.0019160000001647859,0
1,2,idle,322,0.006917000000157714,0
1,2,idle,323,0.0019999999999527063,0
1,2,idle,324,0.002290999999786436,0
1,2,idle,325,0.0019159999997100385,0
1,2,idle,326,0.0018329999998059066,0
1,2,idle,327,0.002375000000029104,0
1,2,idle,328,0.001833000000260654,0
1,2,idle,329,0.0019170000000485743,0
1,2,idle,330,0.001833000000260654,0
1,2,idle,331,0.0019999999999527063,0
1,2,idle,332,0.0018749999999272404,0
1,2,idle,333,0.0026250000000800355,0
1,2,idle,334,0.0027500000001055014,0
1,2,idle,335,0.0021660000002157176,0
1,2,idle,336,0.0019999999999527063,0
1,2,idle,337,0.005874999999832653,0
1,2,idle,338,0.003125000000181899,0
1,2,idle,339,0.002207999999882304,0
1,2,idle,340,0.001959000000169908,0
1,2,idle,341,0.00204200000007404,0
1,2,idle,342,0.0019999999999527063,0
1,2,idle,343,0.0026250000000800355,0
1,2,idle,344,0.0019170000000485743,0
1,2,idle,345,0.001958999999715161,0
1,2,idle,346,0.001958999999715161,0
1,2,idle,347,0.0019999999999527063,0
1,2,idle,348,0.0028330000000096334,0
1,2,idle,349,0.0019999999999527063,0
1,2,idle,350,0.001958999999715161,0
1,2,idle,351,0.001958999999715161,0
1,2,idle,352,0.0019170000000485743,0
1,2,idle,353,0.005500000000211003,0
1,2,idle,354,0.0025000000000545697,0
1,2,idle,355,0.00204200000007404,0
1,2,idle,356,0.0019999999999527063,0
1,2,idle,357,0.001833000000260654,0
1,2,idle,358,0.001833000000260654,0
1,2,idle,359,0.00233299999990777,0
1,2,idle,360,0.0019170000000485743,0
1,2,idle,361,0.001958999999715161,0
1,2,idle,362,0.0019999999999527063,0
1,2,idle,363,0.0020410000001902517,0
1,2,idle,364,0.002541999999721156,0
1,2,idle,365,0.0018749999999272404,0
1,2,idle,366,0.0029169999997975538,0
1,2,idle,367,0.001958999999715161,0
1,2,idle,368,0.002666999999746622,0
1,2,idle,369,0.0019999999999527063,0
1,2,idle,370,0.0024160000002666493,0
1,2,idle,371,0.00204200000007404,0
1,2,idle,372,0.001833000000260654,0
1,2,idle,373,0.005540999999993801,0
1,2,idle,374,0.0019579999998313724,0
1,2,idle,375,0.0024170000001504377,0
1,2,idle,376,0.001959000000169908,0
1,2,idle,377,0.0018329999998059066,0
1,2,idle,378,0.002124999999978172,0
1,2,idle,379,0.00204200000007404,0
1,2,idle,380,0.006541000000197528,0
1,2,idle,381,0.00204200000007404,0
1,2,idle,382,0.0019999999999527063,0
1,2,idle,383,0.002124999999978172,0
1,2,idle,384,0.00258399999984249,0
1,2,idle,385,0.0023749999995743565,0
1,2,idle,386,0.0019170000000485743,0
1,2,idle,387,0.0023339999997915584,0
1,2,idle,388,0.0019170000000485743,0
1,2,idle,389,0.002041999999619293,0
1,2,idle,390,0.0019170000000485743,0
1,2,idle,391,0.002250000000003638,0
1,2,idle,392,0.0020830000003115856,0
1,2,idle,393,0.0019160000001647859,0
1,2,idle,394,0.0019999999999527063,0
1,2,idle,395,0.005916999999953987,0
1,2,idle,396,0.0024170000001504377,0
1,2,idle,397,0.0026250000000800355,0
1,2,idle,398,0.0019999999999527063,0
1,2,idle,399,0.0019999999999527063,0
1,2,idle,400,0.0018749999999272404,0
1,2,idle,401,0.0027090000003227033,0
1,2,idle,402,0.0019170000000485743,0
1,2,idle,403,0.0019999999999527063,0
1,2,idle,404,0.005624999999781721,0
1,2,idle,405,0.0019170000000485743,0
1,2,idle,406,0.002250000000003638,0
1,2,idle,407,0.002041999999619293,0
1,2,idle,408,0.0019580000002861198,0
1,2,idle,409,0.0019580000002861198,0
1,2,idle,410,0.0018749999999272404,0
1,2,idle,411,0.0018749999999272404,0
1,2,idle,412,0.002292000000124972,0
1,2,idle,413,0.002124999999978172,0
1,2,idle,414,0.0018329999998059066,0
1,2,idle,415,0.0026250000000800355,0
1,2,idle,416,0.0018749999999272404,0
1,2,idle,417,0.0026250000000800355,0
1,2,idle,418,0.0019160000001647859,0
1,2,idle,419,0.002207999999882304,0
1,2,idle,420,0.00204200000007404,0
1,2,idle,421,0.0019170000000485743,0
1,2,idle,422,0.002375000000029104,0
1,2,idle,423,0.0019999999999527063,0
1,2,idle,424,0.002084000000195374,0
1,2,idle,425,0.0018749999999272404,0
1,2,idle,426,0.0020830000003115856,0
1,2,idle,427,0.0025420000001759036,0
1,2,idle,428,0.00204200000007404,0
1,2,idle,429,0.003000000000156433,0
1,2,idle,430,0.0019579999998313724,0
1,2,idle,431,0.0019159999997100385,0
1,2,idle,432,0.0024590000002717716,0
1,2,idle,433,0.0024589999998170242,0
1,2,idle,434,0.0019170000000485743,0
1,2,idle,435,0.0063329999998131825,0
1,2,idle,436,0.0019159999997100385,0
1,2,idle,437,0.005625000000236469,0
1,2,idle,438,0.002375000000029104,0
1,2,idle,439,0.0018749999999272404,0
1,2,idle,440,0.0020830000003115856,0
1,2,idle,441,0.001916999999593827,0
1,2,idle,442,0.00204200000007404,0
1,2,idle,443,0.0023330000003625173,0
1,2,idle,444,0.0018749999999272404,0
1,2,idle,445,0.002124999999978172,0
1,2,idle,446,0.0019170000000485743,0
1,2,idle,447,0.005916999999953987,0
1,2,idle,448,0.0025420000001759036,0
1,2,idle,449,0.0019579999998313724,0
1,2,idle,450,0.00204200000007404,0
1,2,idle,451,0.0018750000003819878,0
1,2,idle,452,0.00204200000007404,0
1,2,idle,453,0.0019170000000485743,0
1,2,idle,454,0.0024169999996956903,0
1,2,idle,455,0.0019170000000485743,0
1,2,idle,456,0.0019999999999527063,0
1,2,idle,457,0.001916999999593827,0
1,2,idle,458,0.0018329999998059066,0
1,2,idle,459,0.002540999999837368,0
1,2,idle,460,0.002541999999721156,0
1,2,idle,461,0.002583000000413449,0
1,2,idle,462,0.0018749999999272404,0
1,2,idle,463,0.0019170000000485743,0
1,2,idle,464,0.0029580000000350992,0
1,2,idle,465,0.0020829999998568383,0
1,2,idle,466,0.0020410000001902517,0
1,2,idle,467,0.0019580000002861198,0
1,2,idle,468,0.0020829999998568383,0
1,2,idle,469,0.0019999999999527063,0
1,2,idle,470,0.0025000000000545697,0
1,2,idle,471,0.005999999999858119,0
1,2,idle,472,0.002084000000195374,0
1,2,idle,473,0.0018329999998059066,0
1,2,idle,474,0.0020409999997355044,0
1,2,idle,475,0.002250000000003638,0
1,2,idle,476,0.0019170000000485743,0
1,2,idle,477,0.0019159999997100385,0
1,2,idle,478,0.0020409999997355044,0
1,2,idle,479,0.005666999999903055,0
1,2,idle,480,0.0024999999995998223,0
1,2,idle,481,0.001833999999689695,0
1,2,idle,482,0.0022919999996702245,0
1,2,idle,483,0.001833000000260654,0
1,2,idle,484,0.0019999999999527063,0
1,2,idle,485,0.002375000000029104,0
1,2,idle,486,0.002041999999619293,0
1,2,idle,487,0.0019999999999527063,0
1,2,idle,488,0.0019160000001647859,0
1,2,idle,489,0.0019159999997100385,0
1,2,idle,490,0.0019170000000485743,0
1,2,idle,491,0.002457999999933236,0
1,2,idle,492,0.0028330000000096334,0
1,2,idle,493,0.0018750000003819878,0
1,2,idle,494,0.00204200000007404,0
1,2,idle,495,0.001959000000169908,0
1,2,idle,496,0.0025420000001759036,0
1,2,idle,497,0.006290999999691849,0
1,2,idle,498,0.002250000000003638,0
1,2,idle,499,0.0019159999997100385,0
1,2,idle,500,0.0020409999997355044,0
1,2,idle,501,0.0025000000000545697,0
1,2,idle,502,0.0018749999999272404,0
1,2,idle,503,0.0019999999999527063,0
1,2,idle,504,0.001959000000169908,0
1,2,idle,505,0.0020000000004074536,0
1,2,idle,506,0.0024170000001504377,0
1,2,idle,507,0.001833000000260654,0
1,2,idle,508,0.0027500000001055014,0
1,2,idle,509,0.0019579999998313724,0
1,2,idle,510,0.0018749999999272404,0
1,2,idle,511,0.001916999999593827,0
1,2,idle,512,0.0022910000002411834,0
1,2,idle,513,0.0021660000002157176,0
1,2,idle,514,0.0023330000003625173,0
1,2,idle,515,0.0026670000002013694,0
1,2,idle,516,0.002375000000029104,0
1,2,idle,517,0.002457999999933236,0
1,2,idle,518,0.0018329999998059066,0
1,2,idle,519,0.0019999999999527063,0
1,2,idle,520,0.005957999999736785,0
1,2,idle,521,0.0021669999996447586,0
1,2,idle,522,0.002375000000029104,0
1,2,idle,523,0.0027500000001055014,0
1,2,idle,524,0.002124999999978172,0
1,2,idle,525,0.00204200000007404,0
1,2,idle,526,0.0019170000000485743,0
1,2,idle,527,0.0028330000000096334,0
1,2,idle,528,0.0026659999998628336,0
1,2,idle,529,0.0019170000000485743,0
1,2,idle,530,0.00204200000007404,0
1,2,idle,531,0.0019579999998313724,0
1,2,idle,532,0.002124999999978172,0
1,2,idle,533,0.0024170000001504377,0
1,2,idle,534,0.0019579999998313724,0
1,2,idle,535,0.0018329999998059066,0
1,2,idle,536,0.0019170000000485743,0
1,2,idle,537,0.001958999999715161,0
1,2,idle,538,0.006333999999696971,0
1,2,idle,539,0.0019579999998313724,0
1,2,idle,540,0.0024160000002666493,0
1,2,idle,541,0.0019580000002861198,0
1,2,idle,542,0.0018340000001444423,0
1,2,idle,543,0.0025000000000545697,0
1,2,idle,544,0.0019160000001647859,0
1,2,idle,545,0.002207999999882304,0
1,2,idle,546,0.001833000000260654,0
1,2,idle,547,0.0020829999998568383,0
1,2,idle,548,0.0024170000001504377,0
1,2,idle,549,0.00204200000007404,0
1,2,idle,550,0.001959000000169908,0
1,2,idle,551,0.0018329999998059066,0
1,2,idle,552,0.0019999999999527063,0
1,2,idle,553,0.0019999999999527063,0
1,2,idle,554,0.002292000000124972,0
1,2,idle,555,0.0033750000002328306,0
1,2,idle,556,0.0019170000000485743,0
1,2,idle,557,0.0019999999999527063,0
1,2,idle,558,0.0019579999998313724,0
1,2,idle,559,0.007124999999632564,0
1,2,idle,560,0.0026670000002013694,0
1,2,idle,561,0.0019170000000485743,0
1,2,idle,562,0.005583000000115135,0
1,2,idle,563,0.0019999999999527063,0
1,2,idle,564,0.0024999999995998223,0
1,2,idle,565,0.001833000000260654,0
1,2,idle,566,0.0018340000001444423,0
1,2,idle,567,0.0018749999999272404,0
1,2,idle,568,0.0018749999999272404,0
1,2,idle,569,0.0027500000001055014,0
1,2,idle,570,0.0023339999997915584,0
1,2,idle,571,0.0019170000000485743,0
1,2,idle,572,0.0018749999999272404,0
1,2,idle,573,0.005832999999711319,0
1,2,idle,574,0.0018749999999272404,0
1,2,idle,575,0.00233299999990777,0
1,2,idle,576,0.0022089999997660925,0
1,2,idle,577,0.0021669999996447586,0
1,2,idle,578,0.0019999999999527063,0
1,2,idle,579,0.0019170000000485743,0
1,2,idle,580,0.00258399999984249,0
1,2,idle,581,0.00204200000007404,0
1,2,idle,582,0.0018750000003819878,0
1,2,idle,583,0.0019170000000485743,0
1,2,idle,584,0.0018749999999272404,0
1,2,idle,585,0.002541999999721156,0
1,2,idle,586,0.0027500000001055014,0
1,2,idle,587,0.0019580000002861198,0
1,2,idle,588,0.0018749999999272404,0
1,2,idle,589,0.0019579999998313724,0
1,2,idle,590,0.0025000000000545697,0
1,2,idle,591,0.0024170000001504377,0
1,2,idle,592,0.001916999999593827,0
1,2,idle,593,0.00204200000007404,0
1,2,idle,594,0.0019170000000485743,0
1,2,idle,595,0.0020830000003115856,0
1,2,idle,596,0.0022910000002411834,0
1,2,idle,597,0.0019579999998313724,0
1,2,idle,598,0.00179100000013932,0
1,2,idle,599,0.0019579999998313724,0
1,2,idle,600,0.0024170000001504377,0
1,2,idle,601,0.0026670000002013694,0
1,2,idle,602,0.002708999999867956,0
1,2,idle,603,0.00204200000007404,0
1,2,idle,604,0.006292000000030384,0
1,2,idle,605,0.005541999999877589,0
1,2,idle,606,0.0027500000001055014,0
1,2,idle,607,0.0018749999999272404,0
1,2,idle,608,0.002250000000003638,0
1,2,idle,609,0.0019999999999527063,0
1,2,idle,610,0.0019170000000485743,0
1,2,idle,611,0.0019170000000485743,0
1,2,idle,612,0.0025000000000545697,0
1,2,idle,613,0.0018749999999272404,0
1,2,idle,614,0.0018750000003819878,0
1,2,idle,615,0.001833000000260654,0
1,2,idle,616,0.0018749999999272404,0
1,2,idle,617,0.0023330000003625173,0
1,2,idle,618,0.002708999999867956,0
1,2,idle,619,0.00204200000007404,0
1,2,idle,620,0.0018749999999272404,0
1,2,idle,621,0.006208000000242464,0
1,2,idle,622,0.0025000000000545697,0
1,2,idle,623,0.001958999999715161,0
1,2,idle,624,0.00204200000007404,0
1,2,idle,625,0.0018750000003819878,0
1,2,idle,626,0.0019579999998313724,0
1,2,idle,627,0.002250000000003638,0
1,2,idle,628,0.0019999999999527063,0
1,2,idle,629,0.00204200000007404,0
1,2,idle,630,0.0019170000000485743,0
1,2,idle,631,0.0019170000000485743,0
1,2,idle,632,0.0019170000000485743,0
1,2,idle,633,0.0024169999996956903,0
1,2,idle,634,0.0019160000001647859,0
1,2,idle,635,0.0018749999999272404,0
1,2,idle,636,0.001958999999715161,0
1,2,idle,637,0.0018340000001444423,0
1,2,idle,638,0.0023339999997915584,0
1,2,idle,639,0.001959000000169908,0
1,2,idle,640,0.00204200000007404,0
1,2,idle,641,0.001959000000169908,0
1,2,idle,642,0.0018749999999272404,0
1,2,idle,643,0.0024590000002717716,0
1,2,idle,644,0.0019170000000485743,0
1,2,idle,645,0.0019999999999527063,0
1,2,idle,646,0.005749999999807187,0
1,2,idle,647,0.002167000000099506,0
1,2,idle,648,0.0031669999998484855,0
1,2,idle,649,0.0029159999999137654,0
1,2,idle,650,0.002124999999978172,0
1,2,idle,651,0.0019579999998313724,0
1,2,idle,652,0.0019579999998313724,0
1,2,idle,653,0.002457999999933236,0
1,2,idle,654,0.0025000000000545697,0
1,2,idle,655,0.002124999999978172,0
1,2,idle,656,0.001959000000169908,0
1,2,idle,657,0.0019170000000485743,0
1,2,idle,658,0.002124999999978172,0
1,2,idle,659,0.002207999999882304,0
1,2,idle,660,0.0019159999997100385,0
1,2,idle,661,0.0019999999999527063,0
1,2,idle,662,0.001959000000169908,0
1,2,idle,663,0.0017920000000231084,0
1,2,idle,664,0.002292000000124972,0
1,2,idle,665,0.0018749999999272404,0
1,2,idle,666,0.0019999999999527063,0
1,2,idle,667,0.0019160000001647859,0
1,2,idle,668,0.00179100000013932,0
1,2,idle,669,0.0019999999999527063,0
1,2,idle,670,0.0027500000001055014,0
1,2,idle,671,0.0020830000003115856,0
1,2,idle,672,0.005709000000024389,0
1,2,idle,673,0.00204200000007404,0
1,2,idle,674,0.0018749999999272404,0
1,2,idle,675,0.0028330000000096334,0
1,2,idle,676,0.0019999999999527063,0
1,2,idle,677,0.0019999999999527063,0
1,2,idle,678,0.0019170000000485743,0
1,2,idle,679,0.0020829999998568383,0
1,2,idle,680,0.0027090000003227033,0
1,2,idle,681,0.002791999999772088,0
1,2,idle,682,0.0025000000000545697,0
1,2,idle,683,0.00687500000003638,0
1,2,idle,684,0.0020830000003115856,0
1,2,idle,685,0.0026250000000800355,0
1,2,idle,686,0.0019999999999527063,0
1,2,idle,687,0.0018750000003819878,0
1,2,idle,688,0.005415999999968335,0
1,2,idle,689,0.0020829999998568383,0
1,2,idle,690,0.0019170000000485743,0
1,2,idle,691,0.0024170000001504377,0
1,2,idle,692,0.0018340000001444423,0
1,2,idle,693,0.0019999999999527063,0
1,2,idle,694,0.0019170000000485743,0
1,2,idle,695,0.001958999999715161,0
1,2,idle,696,0.0024170000001504377,0
1,2,idle,697,0.0019999999999527063,0
1,2,idle,698,0.0059160000000701984,0
1,2,idle,699,0.0019579999998313724,0
1,2,idle,700,0.001958999999715161,0
1,2,idle,701,0.0024170000001504377,0
1,2,idle,702,0.001916999999593827,0
1,2,idle,703,0.0020410000001902517,0
1,2,idle,704,0.0019999999999527063,0
1,2,idle,705,0.001958999999715161,0
1,2,idle,706,0.0024170000001504377,0
1,2,idle,707,0.0018749999999272404,0
1,2,idle,708,0.0021669999996447586,0
1,2,idle,709,0.0019999999999527063,0
1,2,idle,710,0.0019579999998313724,0
1,2,idle,711,0.0018329999998059066,0
1,2,idle,712,0.0030419999998230196,0
1,2,idle,713,0.002124999999978172,0
1,2,idle,714,0.00179100000013932,0
1,2,idle,715,0.0018749999999272404,0
1,2,idle,716,0.0023340000002463057,0
1,2,idle,717,0.0024170000001504377,0
1,2,idle,718,0.0017920000000231084,0
1,2,idle,719,0.002084000000195374,0
1,2,idle,720,0.0019170000000485743,0
1,2,idle,721,0.001959000000169908,0
1,2,idle,722,0.002375000000029104,0
1,2,idle,723,0.0019160000001647859,0
1,2,idle,724,0.00179100000013932,0
1,2,idle,725,0.0020410000001902517,0
1,2,idle,726,0.001833000000260654,0
1,2,idle,727,0.0022089999997660925,0
1,2,idle,728,0.002124999999978172,0
1,2,idle,729,0.0020829999998568383,0
1,2,idle,730,0.005999999999858119,0
1,2,idle,731,0.0019579999998313724,0
1,2,idle,732,0.001959000000169908,0
1,2,idle,733,0.0024170000001504377,0
1,2,idle,734,0.0023340000002463057,0
1,2,idle,735,0.0019579999998313724,0
1,2,idle,736,0.0020409999997355044,0
1,2,idle,737,0.0019579999998313724,0
1,2,idle,738,0.002375000000029104,0
1,2,idle,739,0.005458000000089669,0
1,2,idle,740,0.0019999999999527063,0
1,2,idle,741,0.0019580000002861198,0
1,2,idle,742,0.0018749999999272404,0
1,2,idle,743,0.003000000000156433,0
1,2,idle,744,0.002791999999772088,0
1,2,idle,745,0.015000000000327418,0
1,2,idle,746,0.002041999999619293,0
1,2,idle,747,0.0019579999998313724,0
1,2,idle,748,0.002457999999933236,0
1,2,idle,749,0.0019580000002861198,0
1,2,idle,750,0.0018749999999272404,0
1,2,idle,751,0.001833000000260654,0
1,2,idle,752,0.0019170000000485743,0
1,2,idle,753,0.0019159999997100385,0
1,2,idle,754,0.002292000000124972,0
1,2,idle,755,0.0018749999999272404,0
1,2,idle,756,0.0018750000003819878,0
1,2,idle,757,0.0019580000002861198,0
1,2,idle,758,0.0017920000000231084,0
1,2,idle,759,0.002457999999933236,0
1,2,idle,760,0.0019580000002861198,0
1,2,idle,761,0.0020839999997406267,0
1,2,idle,762,0.0017920000000231084,0
1,2,idle,763,0.0019999999999527063,0
1,2,idle,764,0.002457999999933236,0
1,2,idle,765,0.002458000000387983,0
1,2,idle,766,0.0025829999999587017,0
1,2,idle,767,0.0022089999997660925,0
1,2,idle,768,0.0019580000002861198,0
1,2,idle,769,0.0019160000001647859,0
1,2,idle,770,0.00287499999967622,0
1,2,idle,771,0.0018750000003819878,0
1,2,idle,772,0.006208000000242464,0
1,2,idle,773,0.0019999999999527063,0
1,2,idle,774,0.0020410000001902517,0
1,2,idle,775,0.003125000000181899,0
1,2,idle,776,0.002124999999978172,0
1,2,idle,777,0.001959000000169908,0
1,2,idle,778,0.0019170000000485743,0
1,2,idle,779,0.002292000000124972,0
1,2,idle,780,0.0025420000001759036,0
1,2,idle,781,0.0019580000002861198,0
1,2,idle,782,0.0019580000002861198,0
1,2,idle,783,0.0019580000002861198,0
1,2,idle,784,0.0020000000004074536,0
1,2,idle,785,0.0022910000002411834,0
1,2,idle,786,0.0019579999998313724,0
1,2,idle,787,0.002041999999619293,0
1,2,idle,788,0.0019999999999527063,0
1,2,idle,789,0.0019579999998313724,0
1,2,idle,790,0.0026670000002013694,0
1,2,idle,791,0.002541999999721156,0
1,2,idle,792,0.001958999999715161,0
1,2,idle,793,0.001916999999593827,0
1,2,idle,794,0.002124999999978172,0
1,2,idle,795,0.0019999999999527063,0
1,2,idle,796,0.002250000000003638,0
1,2,idle,797,0.0019999999999527063,0
1,2,idle,798,0.002167000000099506,0
1,2,idle,799,0.0019999999999527063,0
1,2,idle,800,0.0019159999997100385,0
1,2,idle,801,0.002375000000029104,0
1,2,idle,802,0.0019999999999527063,0
1,2,idle,803,0.0019579999998313724,0
1,2,idle,804,0.0019159999997100385,0
1,2,idle,805,0.0019999999999527063,0
1,2,idle,806,0.006124999999883585,0
1,2,idle,807,0.006291000000146596,0
1,2,idle,808,0.002207999999882304,0
1,2,idle,809,0.0019160000001647859,0
1,2,idle,810,0.0020410000001902517,0
1,2,idle,811,0.0018750000003819878,0
1,2,idle,812,0.002541999999721156,0
1,2,idle,813,0.0025000000000545697,0
1,2,idle,814,0.005707999999685853,0
1,2,idle,815,0.0020829999998568383,0
1,2,idle,816,0.002457999999933236,0
1,2,idle,817,0.002375000000029104,0
1,2,idle,818,0.0018749999999272404,0
1,2,idle,819,0.0019999999999527063,0
1,2,idle,820,0.0019159999997100385,0
1,2,idle,821,0.0018749999999272404,0
1,2,idle,822,0.00233299999990777,0
1,2,idle,823,0.0019159999997100385,0
1,2,idle,824,0.005999999999858119,0
1,2,idle,825,0.0020839999997406267,0
1,2,idle,826,0.001916999999593827,0
1,2,idle,827,0.002375000000029104,0
1,2,idle,828,0.0019160000001647859,0
1,2,idle,829,0.0020829999998568383,0
1,2,idle,830,0.0019170000000485743,0
1,2,idle,831,0.0019579999998313724,0
1,2,idle,832,0.0018749999999272404,0
1,2,idle,833,0.002375000000029104,0
1,2,idle,834,0.0018749999999272404,0
1,2,idle,835,0.0020409999997355044,0
1,2,idle,836,0.0018749999999272404,0
1,2,idle,837,0.0028330000000096334,0
1,2,idle,838,0.003208000000086031,0
1,2,idle,839,0.0019999999999527063,0
1,2,idle,840,0.002124999999978172,0
1,2,idle,841,0.0019579999998313724,0
1,2,idle,842,0.002250000000003638,0
1,2,idle,843,0.0025000000000545697,0
1,2,idle,844,0.0018749999999272404,0
1,2,idle,845,0.00204200000007404,0
1,2,idle,846,0.0018749999999272404,0
1,2,idle,847,0.0019579999998313724,0
1,2,idle,848,0.002290999999786436,0
1,2,idle,849,0.0018749999999272404,0
1,2,idle,850,0.0019579999998313724,0
1,2,idle,851,0.0025000000000545697,0
1,2,idle,852,0.0018749999999272404,0
1,2,idle,853,0.0020409999997355044,0
1,2,idle,854,0.002250000000003638,0
1,2,idle,855,0.0059160000000701984,0
1,2,idle,856,0.0023330000003625173,0
1,2,idle,857,0.0019579999998313724,0
1,2,idle,858,0.001833999999689695,0
1,2,idle,859,0.002292000000124972,0
1,2,idle,860,0.0018749999999272404,0
1,2,idle,861,0.0021669999996447586,0
1,2,idle,862,0.0018749999999272404,0
1,2,idle,863,0.0019170000000485743,0
1,2,idle,864,0.0024590000002717716,0
1,2,idle,865,0.0019999999999527063,0
1,2,idle,866,0.0019999999999527063,0
1,2,idle,867,0.0018329999998059066,0
1,2,idle,868,0.0019170000000485743,0
1,2,idle,869,0.005500000000211003,0
1,2,idle,870,0.003290999999990163,0
1,2,idle,871,0.0020830000003115856,0
1,2,idle,872,0.0019579999998313724,0
1,2,idle,873,0.005540999999993801,0
1,2,idle,874,0.0019159999997100385,0
1,2,idle,875,0.002457999999933236,0
1,2,idle,876,0.0019999999999527063,0
1,2,idle,877,0.0019159999997100385,0
1,2,idle,878,0.0019579999998313724,0
1,2,idle,879,0.0020000000004074536,0
1,2,idle,880,0.002375000000029104,0
1,2,idle,881,0.0021659999997609702,0
1,2,idle,882,0.012416999999913969,0
1,2,idle,883,0.0019579999998313724,0
1,2,idle,884,0.002666000000317581,0
1,2,idle,885,0.0025420000001759036,0
1,2,idle,886,0.0019580000002861198,0
1,2,idle,887,0.0019579999998313724,0
1,2,idle,888,0.0020410000001902517,0
1,2,idle,889,0.0019999999999527063,0
1,2,idle,890,0.0019999999999527063,0
1,2,idle,891,0.002375000000029104,0
1,2,idle,892,0.0024160000002666493,0
1,2,idle,893,0.0019580000002861198,0
1,2,idle,894,0.0019580000002861198,0
1,2,idle,895,0.002375000000029104,0
1,2,idle,896,0.002541000000292115,0
1,2,idle,897,0.005540999999993801,0
1,2,idle,898,0.0020829999998568383,0
1,2,idle,899,0.0019579999998313724,0
1,2,idle,900,0.0019579999998313724,0
1,2,idle,901,0.0033330000001114968,0
1,2,idle,902,0.0018749999999272404,0
1,2,idle,903,0.002124999999978172,0
1,2,idle,904,0.0019999999999527063,0
1,2,idle,905,0.002250000000003638,0
1,2,idle,906,0.0024589999998170242,0
1,2,idle,907,0.0019579999998313724,0
1,2,idle,908,0.00204200000007404,0
1,2,idle,909,0.0019999999999527063,0
1,2,idle,910,0.0019579999998313724,0
1,2,idle,911,0.00204200000007404,0
1,2,idle,912,0.0026250000000800355,0
1,2,idle,913,0.0019170000000485743,0
1,2,idle,914,0.001959000000169908,0
1,2,idle,915,0.002124999999978172,0
1,2,idle,916,0.002124999999978172,0
1,2,idle,917,0.002375000000029104,0
1,2,idle,918,0.0019999999999527063,0
1,2,idle,919,0.0020409999997355044,0
1,2,idle,920,0.0020410000001902517,0
1,2,idle,921,0.0019160000001647859,0
1,2,idle,922,0.0022910000002411834,0
1,2,idle,923,0.00179100000013932,0
1,2,idle,924,0.0021250000004329195,0
1,2,idle,925,0.0019160000001647859,0
1,2,idle,926,0.0019999999999527063,0
1,2,idle,927,0.0022919999996702245,0
1,2,idle,928,0.0019999999999527063,0
1,2,idle,929,0.0020000000004074536,0
1,2,idle,930,0.0019999999999527063,0
1,2,idle,931,0.006792000000132248,0
1,2,idle,932,0.0020409999997355044,0
1,2,idle,933,0.003208000000086031,0
1,2,idle,934,0.002124999999978172,0
1,2,idle,935,0.0023339999997915584,0
1,2,idle,936,0.0019580000002861198,0
1,2,idle,937,0.0019999999999527063,0
1,2,idle,938,0.0025000000000545697,0
1,2,idle,939,0.005625000000236469,0
1,2,idle,940,0.005791999999928521,0
1,2,idle,941,0.002124999999978172,0
1,2,idle,942,0.0018749999999272404,0
1,2,idle,943,0.0025829999999587017,0
1,2,idle,944,0.0018749999999272404,0
1,2,idle,945,0.002124999999978172,0
1,2,idle,946,0.001916999999593827,0
1,2,idle,947,0.002041999999619293,0
1,2,idle,948,0.0022910000002411834,0
1,2,idle,949,0.005916999999953987,0
1,2,idle,950,0.0021669999996447586,0
1,2,idle,951,0.0018749999999272404,0
1,2,idle,952,0.001958999999715161,0
1,2,idle,953,0.0019579999998313724,0
1,2,idle,954,0.0024169999996956903,0
1,2,idle,955,0.00204200000007404,0
1,2,idle,956,0.001959000000169908,0
1,2,idle,957,0.0026250000000800355,0
1,2,idle,958,0.0019999999999527063,0
1,2,idle,959,0.0024589999998170242,0
1,2,idle,960,0.001916999999593827,0
1,2,idle,961,0.0019170000000485743,0
1,2,idle,962,0.0019579999998313724,0
1,2,idle,963,0.0019170000000485743,0
1,2,idle,964,0.0032089999999698193,0
1,2,idle,965,0.0019579999998313724,0
1,2,idle,966,0.002041999999619293,0
1,2,idle,967,0.0022089999997660925,0
1,2,idle,968,0.0022089999997660925,0
1,2,idle,969,0.0019170000000485743,0
1,2,idle,970,0.0025000000000545697,0
1,2,idle,971,0.0019999999999527063,0
1,2,idle,972,0.0017920000000231084,0
1,2,idle,973,0.0020829999998568383,0
1,2,idle,974,0.0019170000000485743,0
1,2,idle,975,0.0023340000002463057,0
1,2,idle,976,0.0018749999999272404,0
1,2,idle,977,0.0019579999998313724,0
1,2,idle,978,0.00204200000007404,0
1,2,idle,979,0.0019160000001647859,0
1,2,idle,980,0.0022910000002411834,0
1,2,idle,981,0.005708000000140601,0
1,2,idle,982,0.0020829999998568383,0
1,2,idle,983,0.00204200000007404,0
1,2,idle,984,0.0018749999999272404,0
1,2,idle,985,0.0024170000001504377,0
1,2,idle,986,0.001959000000169908,0
1,2,idle,987,0.002124999999978172,0
1,2,idle,988,0.0019999999999527063,0
1,2,idle,989,0.0019170000000485743,0
1,2,idle,990,0.0019579999998313724,0
1,2,idle,991,0.002375000000029104,0
1,2,idle,992,0.0019170000000485743,0
1,2,idle,993,0.005417000000306871,0
1,2,idle,994,0.001959000000169908,0
1,2,idle,995,0.001959000000169908,0
1,2,idle,996,0.0029169999997975538,0
1,2,idle,997,0.0030419999998230196,0
1,2,idle,998,0.00220900000022084,0
1,2,idle,999,0.0020000000004074536,0
1,2,event,0,0.016375000000152795,2
1,2,event,1,0.003083000000060565,0
1,2,event,2,0.002457999999933236,0
1,2,event,3,0.0027500000001055014,0
1,2,event,4,0.0018749999999272404,0
1,2,event,5,0.006665999999768246,0
1,2,event,6,0.0020829999998568383,0
1,2,event,7,0.0027500000001055014,0
1,2,event,8,0.0019999999999527063,0
1,2,event,9,0.002457999999933236,0
1,2,event,10,0.0019170000000485743,0
1,2,event,11,0.0020409999997355044,0
1,2,event,12,0.0019159999997100385,0
1,2,event,13,0.0018749999999272404,0
1,2,event,14,0.002457999999933236,0
1,2,event,15,0.006041000000095664,0
1,2,event,16,0.0020410000001902517,0
1,2,event,17,0.0019580000002861198,0
1,2,event,18,0.0020830000003115856,0
1,2,event,19,0.0025829999999587017,0
1,2,event,20,0.0021660000002157176,0
1,2,event,21,0.0019999999999527063,0
1,2,event,22,0.0030839999999443535,0
1,2,event,23,0.002124999999978172,0
1,2,event,24,0.0025420000001759036,0
1,2,event,25,0.0019999999999527063,0
1,2,event,26,0.0020409999997355044,0
1,2,event,27,0.002124999999978172,0
1,2,event,28,0.0019159999997100385,0
1,2,event,29,0.0019579999998313724,0
1,2,event,30,0.0024170000001504377,0
1,2,event,31,0.005415999999968335,0
1,2,event,32,0.0021669999996447586,0
1,2,event,33,0.001958999999715161,0
1,2,event,34,0.001959000000169908,0
1,2,event,35,0.0023340000002463057,0
1,2,event,36,0.0019170000000485743,0
1,2,event,37,0.0019159999997100385,0
1,2,event,38,0.0019999999999527063,0
1,2,event,39,0.0018749999999272404,0
1,2,event,40,0.002375000000029104,0
1,2,event,41,0.00204200000007404,0
1,2,event,42,0.002207999999882304,0
1,2,event,43,0.0019160000001647859,0
1,2,event,44,0.0019999999999527063,0
1,2,event,45,0.0024169999996956903,0
1,2,event,46,0.0020000000004074536,0
1,2,event,47,0.005542000000332337,0
1,2,event,48,0.0019170000000485743,0
1,2,event,49,0.0019170000000485743,0
1,2,event,50,0.001959000000169908,0
1,2,event,51,0.0024170000001504377,0
1,2,event,52,0.0019999999999527063,0
1,2,event,53,0.0026659999998628336,0
1,2,event,54,0.0019170000000485743,0
1,2,event,55,0.0019999999999527063,0
1,2,event,56,0.0025000000000545697,0
1,2,event,57,0.0025000000000545697,0
1,2,event,58,0.0019170000000485743,0
1,2,event,59,0.0019999999999527063,0
1,2,event,60,0.01554100000021208,2
1,2,event,61,0.0027079999999841675,0
1,2,event,62,0.0019999999999527063,0
1,2,event,63,0.0019580000002861198,0
1,2,event,64,0.002124999999978172,0
1,2,event,65,0.002666000000317581,0
1,2,event,66,0.0018750000003819878,0
1,2,event,67,0.0019580000002861198,0
1,2,event,68,0.0019580000002861198,0
1,2,event,69,0.0019170000000485743,0
1,2,event,70,0.0024170000001504377,0
1,2,event,71,0.0019580000002861198,0
1,2,event,72,0.0019159999997100385,0
1,2,event,73,0.002124999999978172,0
1,2,event,74,0.0018329999998059066,0
1,2,event,75,0.0019170000000485743,0
1,2,event,76,0.007082999999965978,0
1,2,event,77,0.00233299999990777,0
1,2,event,78,0.001959000000169908,0
1,2,event,79,0.0019170000000485743,0
1,2,event,80,0.0019170000000485743,0
1,2,event,81,0.0024169999996956903,0
1,2,event,82,0.0020000000004074536,0
1,2,event,83,0.0019580000002861198,0
1,2,event,84,0.0018749999999272404,0
1,2,event,85,0.0028330000000096334,0
1,2,event,86,0.003000000000156433,0
1,2,event,87,0.0019999999999527063,0
1,2,event,88,0.005583999999998923,0
1,2,event,89,0.0022089999997660925,0
1,2,event,90,0.0019170000000485743,0
1,2,event,91,0.002917000000252301,0
1,2,event,92,0.0018749999999272404,0
1,2,event,93,0.0019170000000485743,0
1,2,event,94,0.00179100000013932,0
1,2,event,95,0.005208000000038737,0
1,2,event,96,0.005083000000013271,0
1,2,event,97,0.002415999999811902,0
1,2,event,98,0.0020830000003115856,0
1,2,event,99,0.0019999999999527063,0
1,2,event,100,0.0018329999998059066,0
1,2,event,101,0.0018749999999272404,0
1,2,event,102,0.002375000000029104,0
1,2,event,103,0.0019579999998313724,0
1,2,event,104,0.0021659999997609702,0
1,2,event,105,0.0018749999999272404,0
1,2,event,106,0.0019999999999527063,0
1,2,event,107,0.0025420000001759036,0
1,2,event,108,0.001959000000169908,0
1,2,event,109,0.0019170000000485743,0
1,2,event,110,0.0018750000003819878,0
1,2,event,111,0.0018749999999272404,0
1,2,event,112,0.0022910000002411834,0
1,2,event,113,0.0019170000000485743,0
1,2,event,114,0.002124999999978172,0
1,2,event,115,0.0018749999999272404,0
1,2,event,116,0.002541999999721156,0
1,2,event,117,0.0018749999999272404,0
1,2,event,118,0.0024589999998170242,0
1,2,event,119,0.0018750000003819878,0
1,2,event,120,0.015458999999736989,2
1,2,event,121,0.0028750000001309672,0
1,2,event,122,0.0025000000000545697,0
1,2,event,123,0.001959000000169908,0
1,2,event,124,0.002041999999619293,0
1,2,event,125,0.001833999999689695,0
1,2,event,126,0.0020830000003115856,0
1,2,event,127,0.002541999999721156,0
1,2,event,128,0.0019170000000485743,0
1,2,event,129,0.0019170000000485743,0
1,2,event,130,0.007665999999971973,0
1,2,event,131,0.00204200000007404,0
1,2,event,132,0.002457999999933236,0
1,2,event,133,0.0020409999997355044,0
1,2,event,134,0.0019159999997100385,0
1,2,event,135,0.0019999999999527063,0
1,2,event,136,0.0018749999999272404,0
1,2,event,137,0.0030419999998230196,0
1,2,event,138,0.005749999999807187,0
1,2,event,139,0.002124999999978172,0
1,2,event,140,0.0018749999999272404,0
1,2,event,141,0.0018749999999272404,0
1,2,event,142,0.0018750000003819878,0
1,2,event,143,0.002375000000029104,0
1,2,event,144,0.0020410000001902517,0
1,2,event,145,0.0019999999999527063,0
1,2,event,146,0.0017920000000231084,0
1,2,event,147,0.002124999999978172,0
1,2,event,148,0.0033330000001114968,0
1,2,event,149,0.0018749999999272404,0
1,2,event,150,0.0018340000001444423,0
1,2,event,151,0.0019170000000485743,0
1,2,event,152,0.0019170000000485743,0
1,2,event,153,0.002375000000029104,0
1,2,event,154,0.0019579999998313724,0
1,2,event,155,0.0018329999998059066,0
1,2,event,156,0.0019579999998313724,0
1,2,event,157,0.001958999999715161,0
1,2,event,158,0.0061670000000049185,0
1,2,event,159,0.0020410000001902517,0
1,2,event,160,0.0020000000004074536,0
1,2,event,161,0.0024169999996956903,0
1,2,event,162,0.0019170000000485743,0
1,2,event,163,0.0018749999999272404,0
1,2,event,164,0.00220900000022084,0
1,2,event,165,0.002207999999882304,0
1,2,event,166,0.0018329999998059066,0
1,2,event,167,0.002207999999882304,0
1,2,event,168,0.0025420000001759036,0
1,2,event,169,0.0026659999998628336,0
1,2,event,170,0.0019579999998313724,0
1,2,event,171,0.0019580000002861198,0
1,2,event,172,0.005625000000236469,0
1,2,event,173,0.00204200000007404,0
1,2,event,174,0.002375000000029104,0
1,2,event,175,0.0019170000000485743,0
1,2,event,176,0.0019999999999527063,0
1,2,event,177,0.001958999999715161,0
1,2,event,178,0.001833999999689695,0
1,2,event,179,0.0032089999999698193,0
1,2,event,180,0.014208000000053289,2
1,2,event,181,0.0027079999999841675,0
1,2,event,182,0.0019160000001647859,0
1,2,event,183,0.0032499999997526174,0
1,2,event,184,0.0020410000001902517,0
1,2,event,185,0.0019999999999527063,0
1,2,event,186,0.0019160000001647859,0
1,2,event,187,0.001750000000356522,0
1,2,event,188,0.0019160000001647859,0
1,2,event,189,0.0024169999996956903,0
1,2,event,190,0.002084000000195374,0
1,2,event,191,0.0017499999999017746,0
1,2,event,192,0.001959000000169908,0
1,2,event,193,0.0019170000000485743,0
1,2,event,194,0.0024170000001504377,0
1,2,event,195,0.0019579999998313724,0
1,2,event,196,0.0019170000000485743,0
1,2,event,197,0.002084000000195374,0
1,2,event,198,0.00204200000007404,0
1,2,event,199,0.006833999999798834,0
1,2,event,200,0.0019170000000485743,0
1,2,event,201,0.0017920000000231084,0
1,2,event,202,0.001833999999689695,0
1,2,event,203,0.0019999999999527063,0
1,2,event,204,0.0025000000000545697,0
1,2,event,205,0.0020829999998568383,0
1,2,event,206,0.001916999999593827,0
1,2,event,207,0.001959000000169908,0
1,2,event,208,0.002666999999746622,0
1,2,event,209,0.001958999999715161,0
1,2,event,210,0.0021669999996447586,0
1,2,event,211,0.0028750000001309672,0
1,2,event,212,0.0020830000003115856,0
1,2,event,213,0.005375000000185537,0
1,2,event,214,0.0020829999998568383,0
1,2,event,215,0.002540999999837368,0
1,2,event,216,0.0018749999999272404,0
1,2,event,217,0.0019999999999527063,0
1,2,event,218,0.0026659999998628336,0
1,2,event,219,0.00537499999973079,0
1,2,event,220,0.002541999999721156,0
1,2,event,221,0.0019999999999527063,0
1,2,event,222,0.008792000000084954,0
1,2,event,223,0.002124999999978172,0
1,2,event,224,0.002124999999978172,0
1,2,event,225,0.002375000000029104,0
1,2,event,226,0.001959000000169908,0
1,2,event,227,0.0022089999997660925,0
1,2,event,228,0.0019170000000485743,0
1,2,event,229,0.001958999999715161,0
1,2,event,230,0.0054579999996349216,0
1,2,event,231,0.0026250000000800355,0
1,2,event,232,0.0019170000000485743,0
1,2,event,233,0.0018329999998059066,0
1,2,event,234,0.0019170000000485743,0
1,2,event,235,0.001750000000356522,0
1,2,event,236,0.002457999999933236,0
1,2,event,237,0.0018750000003819878,0
1,2,event,238,0.0019999999999527063,0
1,2,event,239,0.0019999999999527063,0
1,2,event,240,0.01458299999967494,2
1,2,event,241,0.0025829999999587017,0
1,2,event,242,0.002957999999580352,0
1,2,event,243,0.00204200000007404,0
1,2,event,244,0.0019160000001647859,0
1,2,event,245,0.0024160000002666493,0
1,2,event,246,0.0026250000000800355,0
1,2,event,247,0.0019999999999527063,0
1,2,event,248,0.0019579999998313724,0
1,2,event,249,0.00204200000007404,0
1,2,event,250,0.002541999999721156,0
1,2,event,251,0.001958999999715161,0
1,2,event,252,0.0019170000000485743,0
1,2,event,253,0.0024160000002666493,0
1,2,event,254,0.0019999999999527063,0
1,2,event,255,0.006208999999671505,0
1,2,event,256,0.0025000000000545697,0
1,2,event,257,0.0019999999999527063,0
1,2,event,258,0.0022080000003370515,0
1,2,event,259,0.0019580000002861198,0
1,2,event,260,0.00204200000007404,0
1,2,event,261,0.0062499999999090505,0
1,2,event,262,0.0019170000000485743,0
1,2,event,263,0.0019170000000485743,0
1,2,event,264,0.0018750000003819878,0
1,2,event,265,0.0019170000000485743,0
1,2,event,266,0.002375000000029104,0
1,2,event,267,0.0021669999996447586,0
1,2,event,268,0.0020839999997406267,0
1,2,event,269,0.001958999999715161,0
1,2,event,270,0.0018750000003819878,0
1,2,event,271,0.0023339999997915584,0
1,2,event,272,0.0018749999999272404,0
1,2,event,273,0.0021669999996447586,0
1,2,event,274,0.0027079999999841675,0
1,2,event,275,0.0024160000002666493,0
1,2,event,276,0.0018749999999272404,0
1,2,event,277,0.002458000000387983,0
1,2,event,278,0.00179100000013932,0
1,2,event,279,0.002583000000413449,0
1,2,event,280,0.001833000000260654,0
1,2,event,281,0.0019160000001647859,0
1,2,event,282,0.002375000000029104,0
1,2,event,283,0.0019170000000485743,0
1,2,event,284,0.001958999999715161,0
1,2,event,285,0.006041999999979453,0
1,2,event,286,0.0019999999999527063,0
1,2,event,287,0.002292000000124972,0
1,2,event,288,0.001959000000169908,0
1,2,event,289,0.00204200000007404,0
1,2,event,290,0.0019579999998313724,0
1,2,event,291,0.0018749999999272404,0
1,2,event,292,0.0024169999996956903,0
1,2,event,293,0.0018750000003819878,0
1,2,event,294,0.0019170000000485743,0
1,2,event,295,0.0018750000003819878,0
1,2,event,296,0.0018749999999272404,0
1,2,event,297,0.005291999999826658,0
1,2,event,298,0.0024999999995998223,0
1,2,event,299,0.002167000000099506,0
1,2,event,300,0.01375000000007276,2
1,2,event,301,0.0025829999999587017,0
1,2,event,302,0.0027079999999841675,0
1,2,event,303,0.0022089999997660925,0
1,2,event,304,0.0019999999999527063,0
1,2,event,305,0.003040999999939231,0
1,2,event,306,0.0019999999999527063,0
1,2,event,307,0.0024169999996956903,0
1,2,event,308,0.0020410000001902517,0
1,2,event,309,0.0024170000001504377,0
1,2,event,310,0.0020829999998568383,0
1,2,event,311,0.0018749999999272404,0
1,2,event,312,0.00233299999990777,0
1,2,event,313,0.0018329999998059066,0
1,2,event,314,0.0020410000001902517,0
1,2,event,315,0.0018749999999272404,0
1,2,event,316,0.0019170000000485743,0
1,2,event,317,0.0024160000002666493,0
1,2,event,318,0.0018749999999272404,0
1,2,event,319,0.0017920000000231084,0
1,2,event,320,0.002124999999978172,0
1,2,event,321,0.0018749999999272404,0
1,2,event,322,0.006582999999864114,0
1,2,event,323,0.002375000000029104,0
1,2,event,324,0.0019170000000485743,0
1,2,event,325,0.0018749999999272404,0
1,2,event,326,0.001833000000260654,0
1,2,event,327,0.0018749999999272404,0
1,2,event,328,0.0022919999996702245,0
1,2,event,329,0.0019999999999527063,0
1,2,event,330,0.0018329999998059066,0
1,2,event,331,0.0019579999998313724,0
1,2,event,332,0.002375000000029104,0
1,2,event,333,0.002415999999811902,0
1,2,event,334,0.0017920000000231084,0
1,2,event,335,0.002167000000099506,0
1,2,event,336,0.0019159999997100385,0
1,2,event,337,0.0033749999997780833,0
1,2,event,338,0.0059160000000701984,0
1,2,event,339,0.0021660000002157176,0
1,2,event,340,0.0018750000003819878,0
1,2,event,341,0.001959000000169908,0
1,2,event,342,0.0018749999999272404,0
1,2,event,343,0.005625000000236469,0
1,2,event,344,0.0025000000000545697,0
1,2,event,345,0.0024170000001504377,0
1,2,event,346,0.0019580000002861198,0
1,2,event,347,0.0019160000001647859,0
1,2,event,348,0.005415999999968335,0
1,2,event,349,0.0025829999999587017,0
1,2,event,350,0.0019579999998313724,0
1,2,event,351,0.002084000000195374,0
1,2,event,352,0.0019170000000485743,0
1,2,event,353,0.0019999999999527063,0
1,2,event,354,0.002292000000124972,0
1,2,event,355,0.0018750000003819878,0
1,2,event,356,0.001833000000260654,0
1,2,event,357,0.0018749999999272404,0
1,2,event,358,0.0018329999998059066,0
1,2,event,359,0.00233299999990777,0
1,2,event,360,0.015583000000333413,2
1,2,event,361,0.0027500000001055014,0
1,2,event,362,0.0019170000000485743,0
1,2,event,363,0.0026250000000800355,0
1,2,event,364,0.0018749999999272404,0
1,2,event,365,0.001833999999689695,0
1,2,event,366,0.0018329999998059066,0
1,2,event,367,0.0018749999999272404,0
1,2,event,368,0.003040999999939231,0
1,2,event,369,0.002458000000387983,0
1,2,event,370,0.0019580000002861198,0
1,2,event,371,0.0018750000003819878,0
1,2,event,372,0.0024169999996956903,0
1,2,event,373,0.0019580000002861198,0
1,2,event,374,0.0022910000002411834,0
1,2,event,375,0.001916999999593827,0
1,2,event,376,0.0018340000001444423,0
1,2,event,377,0.0018749999999272404,0
1,2,event,378,0.0019170000000485743,0
1,2,event,379,0.002540999999837368,0
1,2,event,380,0.007499999999708962,0
1,2,event,381,0.0019999999999527063,0
1,2,event,382,0.0020830000003115856,0
1,2,event,383,0.001833000000260654,0
1,2,event,384,0.005791999999928521,0
1,2,event,385,0.0019170000000485743,0
1,2,event,386,0.0018329999998059066,0
1,2,event,387,0.0019580000002861198,0
1,2,event,388,0.0018749999999272404,0
1,2,event,389,0.0019170000000485743,0
1,2,event,390,0.003000000000156433,0
1,2,event,391,0.0022080000003370515,0
1,2,event,392,0.0018750000003819878,0
1,2,event,393,0.0019999999999527063,0
1,2,event,394,0.0018329999998059066,0
1,2,event,395,0.002375000000029104,0
1,2,event,396,0.001959000000169908,0
1,2,event,397,0.0018749999999272404,0
1,2,event,398,0.0018749999999272404,0
1,2,event,399,0.0018329999998059066,0
1,2,event,400,0.0027500000001055014,0
1,2,event,401,0.0019579999998313724,0
1,2,event,402,0.0019170000000485743,0
1,2,event,403,0.0018749999999272404,0
1,2,event,404,0.001959000000169908,0
1,2,event,405,0.002250000000003638,0
1,2,event,406,0.0018749999999272404,0
1,2,event,407,0.0019580000002861198,0
1,2,event,408,0.00179100000013932,0
1,2,event,409,0.0018750000003819878,0
1,2,event,410,0.0018329999998059066,0
1,2,event,411,0.0024170000001504377,0
1,2,event,412,0.005957999999736785,0
1,2,event,413,0.0019999999999527063,0
1,2,event,414,0.0020000000004074536,0
1,2,event,415,0.0020829999998568383,0
1,2,event,416,0.0029159999999137654,0
1,2,event,417,0.002167000000099506,0
1,2,event,418,0.002292000000124972,0
1,2,event,419,0.0025000000000545697,0
1,2,event,420,0.014333000000078755,2
1,2,event,421,0.003083000000060565,0
1,2,event,422,0.0061670000000049185,0
1,2,event,423,0.002250000000003638,0
1,2,event,424,0.0019579999998313724,0
1,2,event,425,0.002375000000029104,0
1,2,event,426,0.0019579999998313724,0
1,2,event,427,0.0018749999999272404,0
1,2,event,428,0.0019170000000485743,0
1,2,event,429,0.0017920000000231084,0
1,2,event,430,0.0022089999997660925,0
1,2,event,431,0.00287499999967622,0
1,2,event,432,0.0018749999999272404,0
1,2,event,433,0.0019580000002861198,0
1,2,event,434,0.001833000000260654,0
1,2,event,435,0.0024170000001504377,0
1,2,event,436,0.002457999999933236,0
1,2,event,437,0.001958999999715161,0
1,2,event,438,0.0018749999999272404,0
1,2,event,439,0.0018750000003819878,0
1,2,event,440,0.0018329999998059066,0
1,2,event,441,0.0024170000001504377,0
1,2,event,442,0.0019579999998313724,0
1,2,event,443,0.0018749999999272404,0
1,2,event,444,0.002084000000195374,0
1,2,event,445,0.006499999999959982,0
1,2,event,446,0.002415999999811902,0
1,2,event,447,0.0025829999999587017,0
1,2,event,448,0.0018329999998059066,0
1,2,event,449,0.0019999999999527063,0
1,2,event,450,0.0019579999998313724,0
1,2,event,451,0.0027500000001055014,0
1,2,event,452,0.0019999999999527063,0
1,2,event,453,0.0019999999999527063,0
1,2,event,454,0.0019999999999527063,0
1,2,event,455,0.0018329999998059066,0
1,2,event,456,0.0018749999999272404,0
1,2,event,457,0.0022089999997660925,0
1,2,event,458,0.0018750000003819878,0
1,2,event,459,0.0017920000000231084,0
1,2,event,460,0.0019160000001647859,0
1,2,event,461,0.0017920000000231084,0
1,2,event,462,0.00233299999990777,0
1,2,event,463,0.0025000000000545697,0
1,2,event,464,0.005834000000049855,0
1,2,event,465,0.001959000000169908,0
1,2,event,466,0.005334000000402739,0
1,2,event,467,0.0024169999996956903,0
1,2,event,468,0.0018749999999272404,0
1,2,event,469,0.0018340000001444423,0
1,2,event,470,0.0018749999999272404,0
1,2,event,471,0.0018340000001444423,0
1,2,event,472,0.0019170000000485743,0
1,2,event,473,0.002375000000029104,0
1,2,event,474,0.002250000000003638,0
1,2,event,475,0.005500000000211003,0
1,2,event,476,0.0020000000004074536,0
1,2,event,477,0.0018749999999272404,0
1,2,event,478,0.002415999999811902,0
1,2,event,479,0.0019999999999527063,0
1,2,event,480,0.013249999999970896,2
1,2,event,481,0.0024170000001504377,0
1,2,event,482,0.0026659999998628336,0
1,2,event,483,0.0019999999999527063,0
1,2,event,484,0.0018749999999272404,0
1,2,event,485,0.0018329999998059066,0
1,2,event,486,0.0017499999999017746,0
1,2,event,487,0.002415999999811902,0
1,2,event,488,0.0018749999999272404,0
1,2,event,489,0.0019999999999527063,0
1,2,event,490,0.0019160000001647859,0
1,2,event,491,0.0019170000000485743,0
1,2,event,492,0.0022919999996702245,0
1,2,event,493,0.0019160000001647859,0
1,2,event,494,0.00287499999967622,0
1,2,event,495,0.002457999999933236,0
1,2,event,496,0.0019999999999527063,0
1,2,event,497,0.0025000000000545697,0
1,2,event,498,0.00233299999990777,0
1,2,event,499,0.0019170000000485743,0
1,2,event,500,0.0018749999999272404,0
1,2,event,501,0.0019170000000485743,0
1,2,event,502,0.001833999999689695,0
1,2,event,503,0.002292000000124972,0
1,2,event,504,0.0028330000000096334,0
1,2,event,505,0.006291000000146596,0
1,2,event,506,0.0021660000002157176,0
1,2,event,507,0.005250000000160071,0
1,2,event,508,0.0025000000000545697,0
1,2,event,509,0.001959000000169908,0
1,2,event,510,0.0019579999998313724,0
1,2,event,511,0.002167000000099506,0
1,2,event,512,0.0017499999999017746,0
1,2,event,513,0.002457999999933236,0
1,2,event,514,0.0018749999999272404,0
1,2,event,515,0.002124999999978172,0
1,2,event,516,0.0019160000001647859,0
1,2,event,517,0.0019160000001647859,0
1,2,event,518,0.00233299999990777,0
1,2,event,519,0.001916999999593827,0
1,2,event,520,0.0018749999999272404,0
1,2,event,521,0.0019579999998313724,0
1,2,event,522,0.0019579999998313724,0
1,2,event,523,0.0019170000000485743,0
1,2,event,524,0.002250000000003638,0
1,2,event,525,0.0018749999999272404,0
1,2,event,526,0.002415999999811902,0
1,2,event,527,0.0018329999998059066,0
1,2,event,528,0.0017920000000231084,0
1,2,event,529,0.00220900000022084,0
1,2,event,530,0.00204200000007404,0
1,2,event,531,0.0018340000001444423,0
1,2,event,532,0.0019170000000485743,0
1,2,event,533,0.0019999999999527063,0
1,2,event,534,0.002457999999933236,0
1,2,event,535,0.001833000000260654,0
1,2,event,536,0.0022080000003370515,0
1,2,event,537,0.0018749999999272404,0
1,2,event,538,0.0018749999999272404,0
1,2,event,539,0.006124999999883585,0
1,2,event,540,0.013542000000143162,2
1,2,event,541,0.0024170000001504377,0
1,2,event,542,0.0018749999999272404,0
1,2,event,543,0.0025420000001759036,0
1,2,event,544,0.0019999999999527063,0
1,2,event,545,0.0018340000001444423,0
1,2,event,546,0.0018749999999272404,0
1,2,event,547,0.005957999999736785,0
1,2,event,548,0.0019999999999527063,0
1,2,event,549,0.0024169999996956903,0
1,2,event,550,0.0019160000001647859,0
1,2,event,551,0.001833000000260654,0
1,2,event,552,0.0018749999999272404,0
1,2,event,553,0.00179100000013932,0
1,2,event,554,0.002457999999933236,0
1,2,event,555,0.0018329999998059066,0
1,2,event,556,0.0019579999998313724,0
1,2,event,557,0.002917000000252301,0
1,2,event,558,0.0019160000001647859,0
1,2,event,559,0.0023749999995743565,0
1,2,event,560,0.0018329999998059066,0
1,2,event,561,0.003582999999707681,0
1,2,event,562,0.0020000000004074536,0
1,2,event,563,0.0018749999999272404,0
1,2,event,564,0.002375000000029104,0
1,2,event,565,0.0018749999999272404,0
1,2,event,566,0.0020000000004074536,0
1,2,event,567,0.0020410000001902517,0
1,2,event,568,0.005832999999711319,0
1,2,event,569,0.00204200000007404,0
1,2,event,570,0.0025420000001759036,0
1,2,event,571,0.0018749999999272404,0
1,2,event,572,0.0018329999998059066,0
1,2,event,573,0.0019170000000485743,0
1,2,event,574,0.0018340000001444423,0
1,2,event,575,0.002292000000124972,0
1,2,event,576,0.0018749999999272404,0
1,2,event,577,0.0020410000001902517,0
1,2,event,578,0.0018750000003819878,0
1,2,event,579,0.0018340000001444423,0
1,2,event,580,0.0023339999997915584,0
1,2,event,581,0.001959000000169908,0
1,2,event,582,0.0019170000000485743,0
1,2,event,583,0.0018329999998059066,0
1,2,event,584,0.0019159999997100385,0
1,2,event,585,0.001833000000260654,0
1,2,event,586,0.0022910000002411834,0
1,2,event,587,0.0020830000003115856,0
1,2,event,588,0.0024170000001504377,0
1,2,event,589,0.006334000000151718,0
1,2,event,590,0.005999999999858119,0
1,2,event,591,0.0025000000000545697,0
1,2,event,592,0.0019160000001647859,0
1,2,event,593,0.0019170000000485743,0
1,2,event,594,0.006082999999762251,0
1,2,event,595,0.002167000000099506,0
1,2,event,596,0.0025420000001759036,0
1,2,event,597,0.0018749999999272404,0
1,2,event,598,0.002084000000195374,0
1,2,event,599,0.0018749999999272404,0
1,2,event,600,0.01912499999980355,2
1,2,event,601,0.0028339999998934218,0
1,2,event,602,0.001916999999593827,0
1,2,event,603,0.0019999999999527063,0
1,2,event,604,0.0018749999999272404,0
1,2,event,605,0.0024169999996956903,0
1,2,event,606,0.0018749999999272404,0
1,2,event,607,0.0019580000002861198,0
1,2,event,608,0.0018340000001444423,0
1,2,event,609,0.0020829999998568383,0
1,2,event,610,0.002290999999786436,0
1,2,event,611,0.0018329999998059066,0
1,2,event,612,0.0018749999999272404,0
1,2,event,613,0.0019579999998313724,0
1,2,event,614,0.0018329999998059066,0
1,2,event,615,0.0019160000001647859,0
1,2,event,616,0.0024170000001504377,0
1,2,event,617,0.001958999999715161,0
1,2,event,618,0.0025000000000545697,0
1,2,event,619,0.001833000000260654,0
1,2,event,620,0.0027079999999841675,0
1,2,event,621,0.002290999999786436,0
1,2,event,622,0.0019170000000485743,0
1,2,event,623,0.001958999999715161,0
1,2,event,624,0.002375000000029104,0
1,2,event,625,0.0019160000001647859,0
1,2,event,626,0.002457999999933236,0
1,2,event,627,0.0020410000001902517,0
1,2,event,628,0.00179100000013932,0
1,2,event,629,0.002041999999619293,0
1,2,event,630,0.009499999999661668,0
1,2,event,631,0.0021669999996447586,0
1,2,event,632,0.002457999999933236,0
1,2,event,633,0.0019579999998313724,0
1,2,event,634,0.0018749999999272404,0
1,2,event,635,0.00179100000013932,0
1,2,event,636,0.001916999999593827,0
1,2,event,637,0.0023339999997915584,0
1,2,event,638,0.00204200000007404,0
1,2,event,639,0.0019160000001647859,0
1,2,event,640,0.0018329999998059066,0
1,2,event,641,0.0019159999997100385,0
1,2,event,642,0.002290999999786436,0
1,2,event,643,0.002250000000003638,0
1,2,event,644,0.0017499999999017746,0
1,2,event,645,0.0020410000001902517,0
1,2,event,646,0.0019170000000485743,0
1,2,event,647,0.002375000000029104,0
1,2,event,648,0.0018329999998059066,0
1,2,event,649,0.0019160000001647859,0
1,2,event,650,0.0018329999998059066,0
1,2,event,651,0.0018749999999272404,0
1,2,event,652,0.0024170000001504377,0
1,2,event,653,0.002375000000029104,0
1,2,event,654,0.0019170000000485743,0
1,2,event,655,0.0017920000000231084,0
1,2,event,656,0.001959000000169908,0
1,2,event,657,0.00204200000007404,0
1,2,event,658,0.002375000000029104,0
1,2,event,659,0.0019579999998313724,0
1,2,event,660,0.01779099999976097,2
1,2,event,661,0.002540999999837368,0
1,2,event,662,0.006915999999819178,0
1,2,event,663,0.00204200000007404,0
1,2,event,664,0.0018340000001444423,0
1,2,event,665,0.001959000000169908,0
1,2,event,666,0.001959000000169908,0
1,2,event,667,0.0024170000001504377,0
1,2,event,668,0.001959000000169908,0
1,2,event,669,0.0023340000002463057,0
1,2,event,670,0.00220900000022084,0
1,2,event,671,0.001959000000169908,0
1,2,event,672,0.006292000000030384,0
1,2,event,673,0.0019999999999527063,0
1,2,event,674,0.001833000000260654,0
1,2,event,675,0.0019170000000485743,0
1,2,event,676,0.001958999999715161,0
1,2,event,677,0.0024999999995998223,0
1,2,event,678,0.001833000000260654,0
1,2,event,679,0.001958999999715161,0
1,2,event,680,0.0018329999998059066,0
1,2,event,681,0.0017909999996845727,0
1,2,event,682,0.0017920000000231084,0
1,2,event,683,0.0035000000002582965,0
1,2,event,684,0.0018749999999272404,0
1,2,event,685,0.0019170000000485743,0
1,2,event,686,0.0018749999999272404,0
1,2,event,687,0.0024590000002717716,0
1,2,event,688,0.0024169999996956903,0
1,2,event,689,0.0018749999999272404,0
1,2,event,690,0.0018749999999272404,0
1,2,event,691,0.005749999999807187,0
1,2,event,692,0.001833000000260654,0
1,2,event,693,0.0022919999996702245,0
1,2,event,694,0.002250000000003638,0
1,2,event,695,0.0019999999999527063,0
1,2,event,696,0.0018750000003819878,0
1,2,event,697,0.0019160000001647859,0
1,2,event,698,0.0018749999999272404,0
1,2,event,699,0.002375000000029104,0
1,2,event,700,0.0021659999997609702,0
1,2,event,701,0.002290999999786436,0
1,2,event,702,0.0019160000001647859,0
1,2,event,703,0.0019579999998313724,0
1,2,event,704,0.002375000000029104,0
1,2,event,705,0.0019170000000485743,0
1,2,event,706,0.0017499999999017746,0
1,2,event,707,0.0019159999997100385,0
1,2,event,708,0.0017920000000231084,0
1,2,event,709,0.0021669999996447586,0
1,2,event,710,0.001833999999689695,0
1,2,event,711,0.0018329999998059066,0
1,2,event,712,0.0018750000003819878,0
1,2,event,713,0.005834000000049855,0
1,2,event,714,0.0056670000003578025,0
1,2,event,715,0.002708999999867956,0
1,2,event,716,0.0019580000002861198,0
1,2,event,717,0.0018750000003819878,0
1,2,event,718,0.0018750000003819878,0
1,2,event,719,0.0018749999999272404,0
1,2,event,720,0.013374999999996362,2
1,2,event,721,0.0029169999997975538,0
1,2,event,722,0.002124999999978172,0
1,2,event,723,0.002624999999625288,0
1,2,event,724,5.632624999999734,0
1,2,event,725,0.030459000000064407,0
1,2,event,726,0.0038340000000971486,0
1,2,event,727,0.0032090000004245667,0
1,2,event,728,0.0027500000001055014,0
1,2,event,729,0.004124999999930878,0
1,2,event,730,0.0035410000000410946,0
1,2,event,731,0.0027920000002268353,0
1,2,event,732,0.0027500000001055014,0
1,2,event,733,0.0040829999998095445,0
1,2,event,734,0.0031249999997271516,0
1,2,event,735,0.003125000000181899,0
1,2,event,736,0.0027500000001055014,0
1,2,event,737,0.002541999999721156,0
1,2,event,738,0.0024589999998170242,0
1,2,event,739,0.0031249999997271516,0
1,2,event,740,0.0028330000000096334,0
1,2,event,741,0.002457999999933236,0
1,2,event,742,0.0027500000001055014,0
1,2,event,743,0.002540999999837368,0
1,2,event,744,0.0030419999998230196,0
1,2,event,745,0.0030419999998230196,0
1,2,event,746,0.007916000000022905,0
1,2,event,747,0.0025000000000545697,0
1,2,event,748,0.0024160000002666493,0
1,2,event,749,0.0024169999996956903,0
1,2,event,750,0.00491699999975026,0
1,2,event,751,0.0026250000000800355,0
1,2,event,752,0.002917000000252301,0
1,2,event,753,0.0086660000001757,0
1,2,event,754,0.0025829999999587017,0
1,2,event,755,0.008082999999714957,0
1,2,event,756,0.00483299999996234,0
1,2,event,757,0.0025000000000545697,0
1,2,event,758,0.0024160000002666493,0
1,2,event,759,0.0024999999995998223,0
1,2,event,760,0.0029589999999188876,0
1,2,event,761,0.0024590000002717716,0
1,2,event,762,0.0025840000002972374,0
1,2,event,763,0.00258399999984249,0
1,2,event,764,0.0024589999998170242,0
1,2,event,765,0.0024589999998170242,0
1,2,event,766,0.0029999999997016857,0
1,2,event,767,0.0027500000001055014,0
1,2,event,768,0.002375000000029104,0
1,2,event,769,0.0024170000001504377,0
1,2,event,770,0.0035410000000410946,0
1,2,event,771,0.0029580000000350992,0
1,2,event,772,0.002457999999933236,0
1,2,event,773,0.002375000000029104,0
1,2,event,774,0.0024169999996956903,0
1,2,event,775,0.025375000000167347,0
1,2,event,776,0.003749999999854481,0
1,2,event,777,0.002375000000029104,0
1,2,event,778,0.002457999999933236,0
1,2,event,779,0.002250000000003638,0
1,2,event,780,0.05033400000002075,2
1,2,event,781,0.004167000000052212,0
1,2,event,782,0.0027920000002268353,0
1,2,event,783,0.003125000000181899,0
1,2,event,784,0.002541999999721156,0
1,2,event,785,0.0030839999999443535,0
1,2,event,786,0.0024590000002717716,0
1,2,event,787,0.0024590000002717716,0
1,2,event,788,0.0024590000002717716,0
1,2,event,789,0.00945899999987887,0
1,2,event,790,0.00420799999983501,0
1,2,event,791,0.002749999999650754,0
1,2,event,792,0.0025829999999587017,0
1,2,event,793,0.0025000000000545697,0
1,2,event,794,0.00220900000022084,0
1,2,event,795,0.003000000000156433,0
1,2,event,796,0.0029999999997016857,0
1,2,event,797,0.007625000000189175,0
1,2,event,798,0.0028339999998934218,0
1,2,event,799,0.0028750000001309672,0
1,2,event,800,0.002457999999933236,0
1,2,event,801,0.003125000000181899,0
1,2,event,802,0.002415999999811902,0
1,2,event,803,0.00233299999990777,0
1,2,event,804,0.0027079999999841675,0
1,2,event,805,0.0026250000000800355,0
1,2,event,806,0.0029580000000350992,0
1,2,event,807,0.004417000000103144,0
1,2,event,808,0.002207999999882304,0
1,2,event,809,0.002290999999786436,0
1,2,event,810,0.0024169999996956903,0
1,2,event,811,0.0027500000001055014,0
1,2,event,812,0.0025420000001759036,0
1,2,event,813,0.003499999999803549,0
1,2,event,814,0.007999999999810825,0
1,2,event,815,0.00233299999990777,0
1,2,event,816,0.0027079999999841675,0
1,2,event,817,0.0024999999995998223,0
1,2,event,818,0.002666999999746622,0
1,2,event,819,0.0027500000001055014,0
1,2,event,820,0.0024590000002717716,0
1,2,event,821,0.0025840000002972374,0
1,2,event,822,0.003042000000277767,0
1,2,event,823,0.0028750000001309672,0
1,2,event,824,0.002375000000029104,0
1,2,event,825,0.0024170000001504377,0
1,2,event,826,0.0025000000000545697,0
1,2,event,827,0.0032919999998739513,0
1,2,event,828,0.002375000000029104,0
1,2,event,829,0.0025420000001759036,0
1,2,event,830,0.002250000000003638,0
1,2,event,831,0.002917000000252301,0
1,2,event,832,0.0029169999997975538,0
1,2,event,833,0.002541000000292115,0
1,2,event,834,0.0025829999999587017,0
1,2,event,835,0.0027079999999841675,0
1,2,event,836,0.0027500000001055014,0
1,2,event,837,0.008791000000201166,0
1,2,event,838,0.004292000000077678,0
1,2,event,839,0.008374999999887223,0
1,2,event,840,0.021749999999883585,2
1,2,event,841,0.004540999999790074,0
1,2,event,842,0.0037080000001878943,0
1,2,event,843,0.0027920000002268353,0
1,2,event,844,0.0027920000002268353,0
1,2,event,845,0.002540999999837368,0
1,2,event,846,0.0025829999999587017,0
1,2,event,847,0.00383300000021336,0
1,2,event,848,0.0029159999999137654,0
1,2,event,849,0.00233299999990777,0
1,2,event,850,0.0025000000000545697,0
1,2,event,851,0.0025000000000545697,0
1,2,event,852,0.019792000000052212,0
1,2,event,853,0.002666999999746622,0
1,2,event,854,0.002290999999786436,0
1,2,event,855,0.00233299999990777,0
1,2,event,856,0.00233299999990777,0
1,2,event,857,0.0029169999997975538,0
1,2,event,858,0.002292000000124972,0
1,2,event,859,0.0022910000002411834,0
1,2,event,860,0.0025000000000545697,0
1,2,event,861,0.002250000000003638,0
1,2,event,862,0.0029589999999188876,0
1,2,event,863,0.002375000000029104,0
1,2,event,864,0.00233299999990777,0
1,2,event,865,0.0024170000001504377,0
1,2,event,866,0.002375000000029104,0
1,2,event,867,0.002749999999650754,0
1,2,event,868,0.0025829999999587017,0
1,2,event,869,0.0024590000002717716,0
1,2,event,870,0.00400000000036016,0
1,2,event,871,0.0024170000001504377,0
1,2,event,872,0.002375000000029104,0
1,2,event,873,0.0028750000001309672,0
1,2,event,874,0.0024170000001504377,0
1,2,event,875,0.002541000000292115,0
1,2,event,876,0.00912499999958527,0
1,2,event,877,0.0028330000000096334,0
1,2,event,878,0.003083000000060565,0
1,2,event,879,0.0025000000000545697,0
1,2,event,880,0.002541999999721156,0
1,2,event,881,0.007375000000138243,0
1,2,event,882,0.0026250000000800355,0
1,2,event,883,0.0031669999998484855,0
1,2,event,884,0.0026250000000800355,0
1,2,event,885,0.003040999999939231,0
1,2,event,886,0.0024999999995998223,0
1,2,event,887,0.0025000000000545697,0
1,2,event,888,0.0031249999997271516,0
1,2,event,889,0.0026659999998628336,0
1,2,event,890,0.002292000000124972,0
1,2,event,891,0.0024590000002717716,0
1,2,event,892,0.002457999999933236,0
1,2,event,893,0.0027500000001055014,0
1,2,event,894,0.0029169999997975538,0
1,2,event,895,0.0025000000000545697,0
1,2,event,896,0.0025000000000545697,0
1,2,event,897,0.0024169999996956903,0
1,2,event,898,0.0023339999997915584,0
1,2,event,899,0.0027500000001055014,0
1,2,event,900,0.019874999999956344,2
1,2,event,901,0.004833999999846128,0
1,2,event,902,0.0023340000002463057,0
1,2,event,903,0.002959000000373635,0
1,2,event,904,0.003125000000181899,0
1,2,event,905,0.0023330000003625173,0
1,2,event,906,0.0026250000000800355,0
1,2,event,907,0.002540999999837368,0
1,2,event,908,0.003083000000060565,0
1,2,event,909,0.0024999999995998223,0
1,2,event,910,0.00233299999990777,0
1,2,event,911,0.0022910000002411834,0
1,2,event,912,0.0033750000002328306,0
1,2,event,913,0.0027079999999841675,0
1,2,event,914,0.002457999999933236,0
1,2,event,915,0.007540999999946507,0
1,2,event,916,0.0026670000002013694,0
1,2,event,917,0.002250000000003638,0
1,2,event,918,0.002207999999882304,0
1,2,event,919,0.0027909999998882995,0
1,2,event,920,0.003499999999803549,0
1,2,event,921,0.0031249999997271516,0
1,2,event,922,0.0069589999998243,0
1,2,event,923,0.0032919999998739513,0
1,2,event,924,0.002749999999650754,0
1,2,event,925,0.002666999999746622,0
1,2,event,926,0.002250000000003638,0
1,2,event,927,0.0023339999997915584,0
1,2,event,928,0.002250000000003638,0
1,2,event,929,0.0027500000001055014,0
1,2,event,930,0.002375000000029104,0
1,2,event,931,0.0027500000001055014,0
1,2,event,932,0.0022919999996702245,0
1,2,event,933,0.0033749999997780833,0
1,2,event,934,0.0028330000000096334,0
1,2,event,935,0.002457999999933236,0
1,2,event,936,0.0025000000000545697,0
1,2,event,937,0.009457999999995081,0
1,2,event,938,0.002540999999837368,0
1,2,event,939,0.003083000000060565,0
1,2,event,940,0.0028330000000096334,0
1,2,event,941,0.002250000000003638,0
1,2,event,942,0.00233299999990777,0
1,2,event,943,0.00233299999990777,0
1,2,event,944,0.0022910000002411834,0
1,2,event,945,0.0027920000002268353,0
1,2,event,946,0.00233299999990777,0
1,2,event,947,0.0026250000000800355,0
1,2,event,948,0.002290999999786436,0
1,2,event,949,0.00233299999990777,0
1,2,event,950,0.0029580000000350992,0
1,2,event,951,0.0024170000001504377,0
1,2,event,952,0.00220900000022084,0
1,2,event,953,0.0023340000002463057,0
1,2,event,954,0.0024170000001504377,0
1,2,event,955,0.00287499999967622,0
1,2,event,956,0.0028339999998934218,0
1,2,event,957,0.0024589999998170242,0
1,2,event,958,0.002375000000029104,0
1,2,event,959,0.002375000000029104,0
1,2,event,960,0.02375000000029104,2
1,2,event,961,0.0035000000002582965,0
1,2,event,962,0.003165999999964697,0
1,2,event,963,0.0024170000001504377,0
1,2,event,964,0.008542000000034022,0
1,2,event,965,0.003040999999939231,0
1,2,event,966,0.0025420000001759036,0
1,2,event,967,0.0026250000000800355,0
1,2,event,968,0.0024169999996956903,0
1,2,event,969,0.0025000000000545697,0
1,2,event,970,0.002832999999554886,0
1,2,event,971,0.002375000000029104,0
1,2,event,972,0.002290999999786436,0
1,2,event,973,0.002292000000124972,0
1,2,event,974,0.0024170000001504377,0
1,2,event,975,0.0027079999999841675,0
1,2,event,976,0.002458000000387983,0
1,2,event,977,0.0022910000002411834,0
1,2,event,978,0.0024169999996956903,0
1,2,event,979,0.006916999999702966,0
1,2,event,980,0.0029999999997016857,0
1,2,event,981,0.00233299999990777,0
1,2,event,982,0.0031669999998484855,0
1,2,event,983,0.0024589999998170242,0
1,2,event,984,0.0023339999997915584,0
1,2,event,985,0.0024589999998170242,0
1,2,event,986,0.0028750000001309672,0
1,2,event,987,0.00233299999990777,0
1,2,event,988,0.002250000000003638,0
1,2,event,989,0.002207999999882304,0
1,2,event,990,0.002540999999837368,0
1,2,event,991,0.002666999999746622,0
1,2,event,992,0.0023339999997915584,0
1,2,event,993,0.002457999999933236,0
1,2,event,994,0.002292000000124972,0
1,2,event,995,0.0024170000001504377,0
1,2,event,996,0.0038749999998799467,0
1,2,event,997,0.0023339999997915584,0
1,2,event,998,0.0024170000001504377,0
1,2,event,999,0.007458000000042375,0
1,2,burst,0,0.11000000000012733,14
1,2,burst,1,0.10995899999988978,14
1,2,burst,2,0.11016699999981938,14
1,2,burst,3,0.10962500000005093,14
1,2,burst,4,0.10720900000023903,14
1,2,burst,5,0.12133300000004965,14
1,2,burst,6,0.11408299999993687,14
1,2,burst,7,0.1097909999998592,14
1,2,burst,8,0.10762500000009823,14
1,2,burst,9,0.10929200000009587,14
1,2,burst,10,0.10829199999989214,14
1,2,burst,11,0.12062500000001819,14
1,2,burst,12,0.10779200000024503,14
1,2,burst,13,0.10950000000002547,14
1,2,burst,14,0.10774999999966894,14
1,2,burst,15,0.10962499999959618,14
1,2,burst,16,0.10708299999987503,14
1,2,burst,17,0.11091600000008839,14
1,2,burst,18,0.1084579999997004,14
1,2,burst,19,0.10833400000001348,14
1,2,burst,20,0.11291699999992488,14
1,2,burst,21,0.10908299999982773,14
1,2,burst,22,0.10766700000021956,14
1,2,burst,23,0.10704200000009223,14
1,2,burst,24,0.10774999999966894,14
1,2,burst,25,0.10945899999978792,14
1,2,burst,26,14.629708000000392,14
1,2,burst,27,0.16187500000023647,14
1,2,burst,28,0.3604169999998703,14
1,2,burst,29,0.14458299999978408,14
1,2,burst,30,0.14225000000033106,14
1,2,burst,31,0.1497919999997066,14
1,2,burst,32,0.23066599999992832,14
1,2,burst,33,0.4279999999998836,14
1,2,burst,34,0.13820799999984956,14
1,2,burst,35,0.14091700000017227,14
1,2,burst,36,0.13041699999985212,14
1,2,burst,37,0.13220799999999144,14
1,2,burst,38,0.128458999999566,14
1,2,burst,39,0.12862499999982901,14
1,2,burst,40,0.1293749999999818,14
1,2,burst,41,0.12620799999967858,14
1,2,burst,42,0.15083400000003166,14
1,2,burst,43,0.12716599999976097,14
1,2,burst,44,1.244416000000001,14
1,2,burst,45,0.8995840000002318,14
1,2,burst,46,0.17241599999988466,14
1,2,burst,47,0.13866699999971388,14
1,2,burst,48,0.1321669999997539,14
1,2,burst,49,0.13970800000015515,14
1,2,burst,50,0.14800000000013824,14
1,2,burst,51,2.71679099999983,14
1,2,burst,52,0.14862500000026557,14
1,2,burst,53,0.13512500000024374,14
1,2,burst,54,0.13462500000014188,14
1,2,burst,55,0.1315839999997479,14
1,2,burst,56,0.1363339999998061,14
1,2,burst,57,0.12904200000002675,14
1,2,burst,58,0.13104100000009566,14
1,2,burst,59,0.1333329999997659,14
1,2,burst,60,0.15875000000005457,14
1,2,burst,61,0.12966700000015408,14
1,2,burst,62,0.13083400000004985,14
1,2,burst,63,0.15316700000039418,14
1,2,burst,64,0.12962500000003274,14
1,2,burst,65,0.1338330000003225,14
1,2,burst,66,0.13624999999956344,14
1,2,burst,67,0.13183399999979883,14
1,2,burst,68,0.1580420000000231,14
1,2,burst,69,0.17399999999997817,14
1,2,burst,70,0.23512499999969805,14
1,2,burst,71,0.24516599999969912,14
1,2,burst,72,0.8424580000000788,14
1,2,burst,73,0.5262920000000122,14
1,2,burst,74,1.6044999999999163,14
1,2,burst,75,0.6328750000002401,14
1,2,burst,76,0.14750000000003638,14
1,2,burst,77,0.1332919999999831,14
1,2,burst,78,0.14162500000020373,14
1,2,burst,79,0.1277500000001055,14
1,2,burst,80,0.13016700000025594,14
1,2,burst,81,0.17687500000010914,14
1,2,burst,82,0.33425000000033833,14
1,2,burst,83,0.15066699999988487,14
1,2,burst,84,0.13666700000021592,14
1,2,burst,85,0.20562500000005457,14
1,2,burst,86,0.1356660000001284,14
1,2,burst,87,0.13937499999974534,14
1,2,burst,88,0.12933300000031522,14
1,2,burst,89,0.1352500000002692,14
1,2,burst,90,0.16966699999966295,14
1,2,burst,91,0.1330830000001697,14
1,2,burst,92,0.13937499999974534,14
1,2,burst,93,0.12887499999987995,14
1,2,burst,94,0.12645900000006804,14
1,2,burst,95,0.13112499999988358,14
1,2,burst,96,0.12766599999986283,14
1,2,burst,97,0.1267920000000231,14
1,2,burst,98,0.1669170000000122,14
1,2,burst,99,0.1347499999997126,14
1,2,burst,100,0.12841699999989942,14
1,2,burst,101,1.1305419999998776,14
1,2,burst,102,0.13558400000010806,14
1,2,burst,103,0.12270799999987503,14
1,2,burst,104,0.11479099999996834,14
1,2,burst,105,0.12087500000006912,14
1,2,burst,106,0.12162499999976717,14
1,2,burst,107,0.11604099999976825,14
1,2,burst,108,0.11087499999985084,14
1,2,burst,109,0.1154170000004342,14
1,2,burst,110,0.1167499999996835,14
1,2,burst,111,0.1147080000000642,14
1,2,burst,112,0.11041599999998652,14
1,2,burst,113,0.10933300000033341,14
1,2,burst,114,0.109958000000006,14
1,2,burst,115,0.129207999999835,14
1,2,burst,116,0.11079100000006292,14
1,2,burst,117,0.11133300000028612,14
1,2,burst,118,0.10912499999994907,14
1,2,burst,119,0.1139589999997952,14
1,2,burst,120,0.10962499999959618,14
1,2,burst,121,0.11670800000001691,14
1,2,burst,122,0.11304199999995035,14
1,2,burst,123,0.11274999999977808,14
1,2,burst,124,0.11024999999972351,14
1,2,burst,125,0.11041699999987031,14
1,2,burst,126,0.11116599999968457,14
1,2,burst,127,0.1125000000001819,14
1,2,burst,128,0.11091600000008839,14
1,2,burst,129,0.11095800000020972,14
1,2,burst,130,0.1113749999999527,14
1,2,burst,131,0.12337500000012369,14
1,2,burst,132,0.12520900000026813,14
1,2,burst,133,0.11162500000000364,14
1,2,burst,134,0.10920900000019174,14
1,2,burst,135,0.11533299999973678,14
1,2,burst,136,0.10791700000027049,14
1,2,burst,137,0.11237500000015643,14
1,2,burst,138,0.10970800000040981,14
1,2,burst,139,0.11091600000008839,14
1,2,burst,140,0.11495799999966039,14
1,2,burst,141,0.11083299999972951,14
1,2,burst,142,0.1119579999999587,14
1,2,burst,143,0.11070900000004258,14
1,2,burst,144,0.11158300000033705,14
1,2,burst,145,0.11062500000025466,14
1,2,burst,146,0.11220800000000963,14
1,2,burst,147,0.108791999999994,14
1,2,burst,148,0.11487499999975626,14
1,2,burst,149,0.114165999999841,14
1,2,burst,150,0.11691700000028504,14
1,2,burst,151,0.10766700000021956,14
1,2,burst,152,0.11104100000011385,14
1,2,burst,153,0.10895800000025702,14
1,2,burst,154,0.11033299999962765,14
1,2,burst,155,0.109375,14
1,2,burst,156,0.10837500000025102,14
1,2,burst,157,0.10733299999992596,14
1,2,burst,158,0.10987500000010186,14
1,2,burst,159,0.10900000000037835,14
1,2,burst,160,0.10791699999981574,14
1,2,burst,161,0.10912499999994907,14
1,2,burst,162,0.11041699999987031,14
1,2,burst,163,0.10870799999975134,14
1,2,burst,164,14.967750000000251,14
1,2,burst,165,0.12766599999986283,14
1,2,burst,166,0.12116599999990285,14
1,2,burst,167,0.11595799999986411,14
1,2,burst,168,0.11774999999988722,14
1,2,burst,169,0.1128750000002583,14
1,2,burst,170,0.11599999999998545,14
1,2,burst,171,0.11412500000005821,14
1,2,burst,172,0.11345800000026429,14
1,2,burst,173,0.13187500000003638,14
1,2,burst,174,0.12000000000034561,14
1,2,burst,175,0.11225000000013097,14
1,2,burst,176,0.11058300000013332,14
1,2,burst,177,0.11133299999983137,14
1,2,burst,178,0.11824999999998909,14
1,2,burst,179,0.11354200000005221,14
1,2,burst,180,0.11058400000001711,14
1,2,burst,181,0.10987500000010186,14
1,2,burst,182,0.12287500000002183,14
1,2,burst,183,0.11362499999995634,14
1,2,burst,184,0.11016700000027413,14
1,2,burst,185,0.10958399999981339,14
1,2,burst,186,0.11254199999984849,14
1,2,burst,187,0.10987500000010186,14
1,2,burst,188,0.11124999999992724,14
1,2,burst,189,0.11045800000010786,14
1,2,burst,190,0.11162500000000364,14
1,2,burst,191,0.11258300000008603,14
1,2,burst,192,0.1115829999998823,14
1,2,burst,193,0.11408400000027541,14
1,2,burst,194,0.11374999999998181,14
1,2,burst,195,0.11095799999975497,14
1,2,burst,196,0.10791700000027049,14
1,2,burst,197,0.11124999999992724,14
1,2,burst,198,31.33070799999996,14
1,2,burst,199,0.21666600000025937,14
1,2,burst,200,0.1433750000001055,14
1,2,burst,201,0.12449999999989814,14
1,2,burst,202,0.11870799999996962,14
1,2,burst,203,0.1170830000000933,14
1,2,burst,204,0.11258399999996982,14
1,2,burst,205,0.11612500000001091,14
1,2,burst,206,0.11791700000003402,14
1,2,burst,207,0.11220800000000963,14
1,2,burst,208,0.1115829999998823,14
1,2,burst,209,0.11437500000010914,14
1,2,burst,210,0.1097500000000764,14
1,2,burst,211,0.11154199999964476,14
1,2,burst,212,0.11212499999965075,14
1,2,burst,213,0.11366599999973914,14
1,2,burst,214,0.11079100000006292,14
1,2,burst,215,0.13025000000016007,14
1,2,burst,216,0.11579200000005585,14
1,2,burst,217,0.11516600000004473,14
1,2,burst,218,0.11354100000016842,14
1,2,burst,219,0.11087499999985084,14
1,2,burst,220,0.10991599999988466,14
1,2,burst,221,0.11933300000009694,14
1,2,burst,222,0.11104100000011385,14
1,2,burst,223,0.11033300000008239,14
1,2,burst,224,0.11062499999979991,14
1,2,burst,225,0.1115420000000995,14
1,2,burst,226,0.11187500000005457,14
1,2,burst,227,0.11212499999965075,14
1,2,burst,228,0.10999999999967258,14
1,2,burst,229,0.11237500000015643,14
1,2,burst,230,0.11104100000011385,14
1,2,burst,231,0.11683299999958763,14
1,2,burst,232,0.11149999999997817,14
1,2,burst,233,0.12037499999996726,14
1,2,burst,234,0.11304199999995035,14
1,2,burst,235,0.11612500000001091,14
1,2,burst,236,0.11320799999975861,14
1,2,burst,237,0.11170799999990777,14
1,2,burst,238,0.10945899999978792,14
1,2,burst,239,0.11116700000002311,14
1,2,burst,240,0.11099999999987631,14
1,2,burst,241,0.11099999999987631,14
1,2,burst,242,0.11099999999987631,14
1,2,burst,243,0.1101659999999356,14
1,2,burst,244,0.11133299999983137,14
1,2,burst,245,0.11145900000019537,14
1,2,burst,246,0.10949999999957072,14
1,2,burst,247,0.1101250000001528,14
1,2,burst,248,0.11237499999970169,14
1,2,burst,249,2.647208000000319,14
1,2,burst,250,0.1617919999998776,14
1,2,burst,251,0.17312500000025466,14
1,2,burst,252,0.14600000000018554,14
1,2,burst,253,0.15195800000037707,14
1,2,burst,254,0.14504100000021936,14
1,2,burst,255,0.1462079999996604,14
1,2,burst,256,0.1319579999999405,14
1,2,burst,257,0.13583299999982046,14
1,2,burst,258,3.90887500000008,14
1,2,burst,259,1.2646669999999176,14
1,2,burst,260,0.18758299999990413,14
1,2,burst,261,0.15491700000029596,14
1,2,burst,262,0.24316600000020117,14
1,2,burst,263,9.440000000000055,14
1,2,burst,264,0.4679580000001806,14
1,2,burst,265,0.27091599999994287,14
1,2,burst,266,0.20875000000023647,14
1,2,burst,267,0.21666699999968841,14
1,2,burst,268,0.1705419999998412,14
1,2,burst,269,0.4447920000002341,14
1,2,burst,270,1.4818339999997079,14
1,2,burst,271,0.91537500000004,14
1,2,burst,272,0.196458999999777,14
1,2,burst,273,0.13962499999979627,14
1,2,burst,274,0.3341249999998581,14
1,2,burst,275,0.16720799999984592,14
1,2,burst,276,0.2759579999997186,14
1,2,burst,277,0.28199999999969805,14
1,2,burst,278,1.6123749999997017,14
1,2,burst,279,1.8111659999999574,14
1,2,burst,280,0.4138750000001892,14
1,2,burst,281,0.6631250000000364,14
1,2,burst,282,0.14104200000019773,14
1,2,burst,283,0.12420800000018062,14
1,2,burst,284,0.12320799999997689,14
1,2,burst,285,0.13195900000027905,14
1,2,burst,286,0.11979199999996126,14
1,2,burst,287,0.11629200000015771,14
1,2,burst,288,0.11570900000015172,14
1,2,burst,289,0.1125000000001819,14
1,2,burst,290,0.11358299999983501,14
1,2,burst,291,0.11320900000009715,14
1,2,burst,292,0.11650000000008731,14
1,2,burst,293,0.11345799999980954,14
1,2,burst,294,0.11029099999996106,14
1,2,burst,295,0.11208299999998417,14
1,2,burst,296,0.11104100000011385,14
1,2,burst,297,0.10974999999962165,14
1,2,burst,298,0.11195899999984249,14
1,2,burst,299,0.13866700000016863,14
1,2,burst,300,0.11358400000017355,14
1,2,burst,301,0.11824999999998909,14
1,2,burst,302,0.12183300000015151,14
1,2,burst,303,0.12154199999986304,14
1,2,burst,304,0.11170799999990777,14
1,2,burst,305,0.1115420000000995,14
1,2,burst,306,0.10920900000019174,14
1,2,burst,307,0.11662500000011278,14
1,2,burst,308,0.10995899999988978,14
1,2,burst,309,0.11320900000009715,14
1,2,burst,310,0.10966700000017227,14
1,2,burst,311,0.11445800000001327,14
1,2,burst,312,0.11074999999982538,14
1,2,burst,313,0.11275000000023283,14
1,2,burst,314,0.11099999999987631,14
1,2,burst,315,0.1157919999996011,14
1,2,burst,316,0.11220800000000963,14
1,2,burst,317,0.11312500000030923,14
1,2,burst,318,0.11116600000013932,14
1,2,burst,319,0.12104200000021592,14
1,2,burst,320,0.11391599999979007,14
1,2,burst,321,0.11679199999980483,14
1,2,burst,322,0.11208399999986796,14
1,2,burst,323,0.11641700000018318,14
1,2,burst,324,0.11245800000006057,14
1,2,burst,325,0.11079199999994671,14
1,2,burst,326,0.11324999999987995,14
1,2,burst,327,0.11412500000005821,14
1,2,burst,328,0.11062500000025466,14
1,2,burst,329,0.11437500000010914,14
1,2,burst,330,0.11025000000017826,14
1,2,burst,331,0.11654200000020865,14
1,2,burst,332,0.11091600000008839,14
1,2,burst,333,0.11262499999975262,14
1,2,burst,334,0.11079199999994671,14
1,2,burst,335,0.13516699999991033,14
1,2,burst,336,0.13412500000004002,14
1,2,burst,337,0.12150000000019645,14
1,2,burst,338,0.11670800000001691,14
1,2,burst,339,0.11262500000020736,14
1,2,burst,340,0.11295799999970768,14
1,2,burst,341,0.11404200000015408,14
1,2,burst,342,0.11333400000012261,14
1,2,burst,343,0.11366700000007768,14
1,2,burst,344,0.112833999999566,14
1,2,burst,345,0.11304199999995035,14
1,2,burst,346,0.11470899999994799,14
1,2,burst,347,0.11049999999977445,14
1,2,burst,348,0.1117909999998119,14
1,2,burst,349,0.109375,14
1,2,burst,350,0.11862500000006548,14
1,2,burst,351,0.14591699999982666,14
1,2,burst,352,0.11845799999991868,14
1,2,burst,353,0.12566599999991013,14
1,2,burst,354,0.1360420000000886,14
1,2,burst,355,0.12033299999984592,14
1,2,burst,356,0.1251670000001468,14
1,2,burst,357,0.11208299999998417,14
1,2,burst,358,0.12416600000005928,14
1,2,burst,359,0.11804200000005949,14
1,2,burst,360,0.11841700000013589,14
1,2,burst,361,0.11241599999993923,14
1,2,burst,362,0.20354199999974298,14
1,2,burst,363,0.11720900000000256,14
1,2,burst,364,0.1170830000000933,14
1,2,burst,365,0.11975000000029468,14
1,2,burst,366,0.12308299999995143,14
1,2,burst,367,0.11658299999999144,14
1,2,burst,368,0.1171249999997599,14
1,2,burst,369,0.12537499999962165,14
1,2,burst,370,0.12079199999971024,14
1,2,burst,371,0.12629199999992125,14
1,2,burst,372,0.12233299999979863,14
1,2,burst,373,0.10895799999980227,14
1,2,burst,374,0.12012500000037107,14
1,2,burst,375,0.12008300000024974,14
1,2,burst,376,0.11637500000006185,14
1,2,burst,377,0.11599999999998545,14
1,2,burst,378,0.11904099999992468,14
1,2,burst,379,0.12049999999999272,14
1,2,burst,380,0.12558399999988978,14
1,2,burst,381,0.11524999999983265,14
1,2,burst,382,0.11866700000018682,14
1,2,burst,383,0.11783299999979135,14
1,2,burst,384,0.11541699999997945,14
1,2,burst,385,0.11479099999996834,14
1,2,burst,386,0.11845799999991868,14
1,2,burst,387,0.11479100000042308,14
1,2,burst,388,0.12170800000012605,14
1,2,burst,389,0.12862500000028376,14
1,2,burst,390,0.10983400000031907,14
1,2,burst,391,0.11862500000006548,14
1,2,burst,392,0.11954100000002654,14
1,2,burst,393,0.1259580000000824,14
1,2,burst,394,0.10758399999986068,14
1,2,burst,395,0.11941700000033961,14
1,2,burst,396,0.11104199999999764,14
1,2,burst,397,0.13533400000005713,14
1,2,burst,398,0.11474999999973079,14
1,2,burst,399,0.11883299999999508,14
1,2,burst,400,0.11491699999987759,14
1,2,burst,401,0.1231670000001941,14
1,2,burst,402,0.11787499999991269,14
1,2,burst,403,0.12024999999994179,14
1,2,burst,404,0.11849999999958527,14
1,2,burst,405,0.12762500000008004,14
1,2,burst,406,0.11075000000028012,14
1,2,burst,407,0.1352919999999358,14
1,2,burst,408,0.11262499999975262,14
1,2,burst,409,0.1174170000003869,14
1,2,burst,410,0.11058300000013332,14
1,2,burst,411,0.12587500000017826,14
1,2,burst,412,0.11629100000027393,14
1,2,burst,413,0.13208299999996598,14
1,2,burst,414,0.11112500000035652,14
1,2,burst,415,0.11845799999991868,14
1,2,burst,416,0.12266600000020844,14
1,2,burst,417,0.1257909999999356,14
1,2,burst,418,0.11437499999965439,14
1,2,burst,419,0.12687499999992724,14
1,2,burst,420,0.11687500000016371,14
1,2,burst,421,0.12179100000003018,14
1,2,burst,422,0.11687499999970896,14
1,2,burst,423,0.16149999999970532,14
1,2,burst,424,0.11299999999982901,14
1,2,burst,425,0.12199999999984357,14
1,2,burst,426,33.93858299999965,14
1,2,burst,427,47.006167000000005,14
1,2,burst,428,0.1335409999996955,14
1,2,burst,429,0.11995900000010806,14
1,2,burst,430,0.118916999999783,14
1,2,burst,431,0.11675000000013824,14
1,2,burst,432,0.11170800000036252,14
1,2,burst,433,0.11254199999984849,14
1,2,burst,434,0.11333299999978408,14
1,2,burst,435,0.1132089999996424,14
1,2,burst,436,0.11241699999982302,14
1,2,burst,437,0.11833400000023175,14
1,2,burst,438,0.13179200000013225,14
1,2,burst,439,0.11345900000014808,14
1,2,burst,440,0.11137500000040745,14
1,2,burst,441,1.5941670000001977,14
1,2,burst,442,0.14399999999977808,14
1,2,burst,443,0.14079099999980826,14
1,2,burst,444,0.13612499999999272,14
1,2,burst,445,0.1271670000000995,14
1,2,burst,446,0.12954099999979007,14
1,2,burst,447,0.1577910000000884,14
1,2,burst,448,0.2834170000000995,14
1,2,burst,449,0.14037500000040382,14
1,2,burst,450,0.14166599999998652,14
1,2,burst,451,0.15987499999982901,14
1,2,burst,452,0.23495900000034453,14
1,2,burst,453,0.167833000000428,14
1,2,burst,454,0.14466700000002675,14
1,2,burst,455,0.1463340000000244,14
1,2,burst,456,0.12579200000027413,14
1,2,burst,457,0.12583300000005693,14
1,2,burst,458,0.12662500000033106,14
1,2,burst,459,0.13045800000008967,14
1,2,burst,460,0.12429199999996854,14
1,2,burst,461,0.1264589999996133,14
1,2,burst,462,0.1277919999997721,14
1,2,burst,463,0.12874999999985448,14
1,2,burst,464,0.1404170000000704,14
1,2,burst,465,0.12979100000029575,14
1,2,burst,466,0.1295829999999114,14
1,2,burst,467,0.17599999999993088,14
1,2,burst,468,0.2669999999998254,14
1,2,burst,469,0.12883400000009715,14
1,2,burst,470,0.14454200000000128,14
1,2,burst,471,0.14037499999994907,14
1,2,burst,472,0.1246249999999236,14
1,2,burst,473,0.12845799999968222,14
1,2,burst,474,0.12854199999992488,14
1,2,burst,475,0.12870900000007168,14
1,2,burst,476,0.12649999999985084,14
1,2,burst,477,0.12466700000004494,14
1,2,burst,478,0.13058300000011513,14
1,2,burst,479,0.12829099999999016,14
1,2,burst,480,0.12495799999987867,14
1,2,burst,481,0.126166000000012,14
1,2,burst,482,0.12837500000023283,14
1,2,burst,483,0.1269999999999527,14
1,2,burst,484,0.13049999999975626,14
1,2,burst,485,0.1279170000002523,14
1,2,burst,486,0.12745799999993324,14
1,2,burst,487,0.12766700000020137,14
1,2,burst,488,0.12824999999975262,14
1,2,burst,489,0.14699999999993452,14
1,2,burst,490,0.12779200000022684,14
1,2,burst,491,0.1282920000003287,14
1,2,burst,492,0.1356670000000122,14
1,2,burst,493,0.1295829999999114,14
1,2,burst,494,0.1303330000000642,14
1,2,burst,495,0.1317909999997937,14
1,2,burst,496,0.12791599999991377,14
1,2,burst,497,0.13245800000004238,14
1,2,burst,498,0.1359589999997297,14
1,2,burst,499,0.8094999999998436,14
1,2,burst,500,0.1722500000000764,14
1,2,burst,501,0.12445800000023155,14
1,2,burst,502,0.11958400000003166,14
1,2,burst,503,0.11570800000026793,14
1,2,burst,504,0.11591700000008132,14
1,2,burst,505,0.11083300000018426,14
1,2,burst,506,0.13558299999976953,14
1,2,burst,507,0.11116700000002311,14
1,2,burst,508,0.11120900000014444,14
1,2,burst,509,0.10958400000026813,14
1,2,burst,510,0.11120800000026065,14
1,2,burst,511,0.10820800000010422,14
1,2,burst,512,0.10891599999968093,14
1,2,burst,513,0.11783299999979135,14
1,2,burst,514,0.10929200000009587,14
1,2,burst,515,0.11187500000005457,14
1,2,burst,516,0.10845900000003894,14
1,2,burst,517,0.11195899999984249,14
1,2,burst,518,0.10870900000008987,14
1,2,burst,519,0.10929200000009587,14
1,2,burst,520,0.11150000000043292,14
1,2,burst,521,0.11083300000018426,14
1,2,burst,522,0.1086249999998472,14
1,2,burst,523,0.10758400000031543,14
1,2,burst,524,0.1194590000000062,14
1,2,burst,525,0.11041700000032506,14
1,2,burst,526,0.10950000000002547,14
1,2,burst,527,0.12854199999992488,14
1,2,burst,528,0.10841700000037235,14
1,2,burst,529,0.11000000000012733,14
1,2,burst,530,0.10895800000025702,14
1,2,burst,531,0.10829200000034689,14
1,2,burst,532,0.10924999999997453,14
1,2,burst,533,0.11041599999998652,14
1,2,burst,534,0.11541600000009566,14
1,2,burst,535,0.10762499999964348,14
1,2,burst,536,0.11020899999994072,14
1,2,burst,537,0.11116700000002311,14
1,2,burst,538,0.10891700000001947,14
1,2,burst,539,0.1089999999999236,14
1,2,burst,540,0.11004099999991013,14
1,2,burst,541,0.12333300000000236,14
1,2,burst,542,0.11458300000003874,14
1,2,burst,543,0.1097500000000764,14
1,2,burst,544,0.10849999999982174,14
1,2,burst,545,0.11025000000017826,14
1,2,burst,546,0.108791999999994,14
1,2,burst,547,0.1088329999997768,14
1,2,burst,548,0.10883300000023155,14
1,2,burst,549,0.1102920000002996,14
1,2,burst,550,0.10779099999990649,14
1,2,burst,551,0.11016700000027413,14
1,2,burst,552,0.10929200000009587,14
1,2,burst,553,0.11079199999994671,14
1,2,burst,554,0.10841600000003382,14
1,2,burst,555,0.11037499999974898,14
1,2,burst,556,0.11679099999992104,14
1,2,burst,557,0.10904200000004494,14
1,2,burst,558,0.10779199999979028,14
1,2,burst,559,0.11625000000003638,14
1,2,burst,560,0.11241599999993923,14
1,2,burst,561,0.10749999999961801,14
1,2,burst,562,0.10658299999977316,14
1,2,burst,563,0.11262499999975262,14
1,2,burst,564,0.11329200000000128,14
1,2,burst,565,0.10816699999986668,14
1,2,burst,566,0.1075420000001941,14
1,2,burst,567,0.11187500000005457,14
1,2,burst,568,0.10979199999974298,14
1,2,burst,569,0.11195899999984249,14
1,2,burst,570,0.11679200000025958,14
1,2,burst,571,0.11008399999991525,14
1,2,burst,572,0.10958399999981339,14
1,2,burst,573,0.10891700000001947,14
1,2,burst,574,0.10683300000027884,14
1,2,burst,575,0.1145000000001346,14
1,2,burst,576,0.1113749999999527,14
1,2,burst,577,0.10858300000018062,14
1,2,burst,578,0.10970799999995506,14
1,2,burst,579,0.1097909999998592,14
1,2,burst,580,0.1092079999998532,14
1,2,burst,581,0.10904100000016115,14
1,2,burst,582,0.10783300000002782,14
1,2,burst,583,0.10770800000000236,14
1,2,burst,584,0.11437500000010914,14
1,2,burst,585,0.10891700000001947,14
1,2,burst,586,0.10875000000032742,14
1,2,burst,587,0.10966599999983373,14
1,2,burst,588,0.1086249999998472,14
1,2,burst,589,0.10904200000004494,14
1,2,burst,590,0.10683399999970788,14
1,2,burst,591,0.10670799999979863,14
1,2,burst,592,0.10887499999989814,14
1,2,burst,593,0.11320900000009715,14
1,2,burst,594,0.10958399999981339,14
1,2,burst,595,0.10762500000009823,14
1,2,burst,596,0.11087499999985084,14
1,2,burst,597,0.10720900000023903,14
1,2,burst,598,0.10866699999996854,14
1,2,burst,599,0.11729200000036144,14
1,2,burst,600,0.10983399999986432,14
1,2,burst,601,0.11054199999989578,14
1,2,burst,602,0.10987500000010186,14
1,2,burst,603,0.10983299999998053,14
1,2,burst,604,0.11008300000003146,14
1,2,burst,605,0.10916600000018661,14
1,2,burst,606,0.1089999999999236,14
1,2,burst,607,0.1141669999997248,14
1,2,burst,608,0.11641599999984464,14
1,2,burst,609,0.10766700000021956,14
1,2,burst,610,0.11312499999985448,14
1,2,burst,611,0.10987500000010186,14
1,2,burst,612,0.11058299999967858,14
1,2,burst,613,0.11212499999965075,14
1,2,burst,614,0.11066699999992125,14
1,2,burst,615,0.11054199999989578,14
1,2,burst,616,0.10879099999965547,14
1,2,burst,617,0.10950000000002547,14
1,2,burst,618,0.10891700000001947,14
1,2,burst,619,0.11841700000013589,14
1,2,burst,620,0.10866699999996854,14
1,2,burst,621,0.10916699999961565,14
1,2,burst,622,0.10979100000031394,14
1,2,burst,623,0.11108300000023519,14
1,2,burst,624,0.10795800000005329,14
1,2,burst,625,0.10795899999993708,14
1,2,burst,626,0.11025000000017826,14
1,2,burst,627,0.1147080000000642,14
1,2,burst,628,0.11299999999982901,14
1,2,burst,629,0.10837500000025102,14
1,2,burst,630,0.1085840000000644,14
1,2,burst,631,0.1093340000002172,14
1,2,burst,632,0.10883400000011534,14
1,2,burst,633,0.1067920000000413,14
1,2,burst,634,0.10758299999997689,14
1,2,burst,635,0.11058400000001711,14
1,2,burst,636,0.10641700000041965,14
1,2,burst,637,0.10983399999986432,14
1,2,burst,638,0.10779199999979028,14
1,2,burst,639,0.10962500000005093,14
1,2,burst,640,0.10800000000017462,14
1,2,burst,641,0.1101250000001528,14
1,2,burst,642,0.11245800000006057,14
1,2,burst,643,14.474582999999711,14
1,2,burst,644,15.678415999999743,14
1,2,burst,645,0.13249999999970896,14
1,2,burst,646,0.14350000000013097,14
1,2,burst,647,0.12104200000021592,14
1,2,burst,648,0.11679200000025958,14
1,2,burst,649,0.11458399999992253,14
1,2,burst,650,0.11795899999970061,14
1,2,burst,651,0.11783399999967514,14
1,2,burst,652,0.11504199999990306,14
1,2,burst,653,0.11345900000014808,14
1,2,burst,654,0.11066699999992125,14
1,2,burst,655,0.11208299999998417,14
1,2,burst,656,0.11887500000011642,14
1,2,burst,657,0.1117500000000291,14
1,2,burst,658,0.11091600000008839,14
1,2,burst,659,0.11520800000016607,14
1,2,burst,660,0.1323330000000169,14
1,2,burst,661,0.11374999999998181,14
1,2,burst,662,0.11204200000020137,14
1,2,burst,663,0.11329200000000128,14
1,2,burst,664,0.1102920000002996,14
1,2,burst,665,0.1127080000001115,14
1,2,burst,666,0.11237500000015643,14
1,2,burst,667,0.11066600000003746,14
1,2,burst,668,0.11133300000028612,14
1,2,burst,669,0.11029099999996106,14
1,2,burst,670,0.11379200000010314,14
1,2,burst,671,0.1229590000002645,14
1,2,burst,672,0.11183299999993324,14
1,2,burst,673,0.11287499999980355,14
1,2,burst,674,0.11087500000030559,14
1,2,burst,675,0.11345800000026429,14
1,2,burst,676,27.75229100000024,14
1,2,burst,677,0.20699999999987995,14
1,2,burst,678,0.13758299999972223,14
1,2,burst,679,0.13541699999996126,14
1,2,burst,680,0.3010839999997188,14
1,2,burst,681,0.20537500000000364,14
1,2,burst,682,0.16274999999995998,14
1,2,burst,683,0.12133400000038819,14
1,2,burst,684,14.015542000000096,14
1,2,burst,685,0.13437500000009095,14
1,2,burst,686,0.12466600000016115,14
1,2,burst,687,0.11591699999962657,14
1,2,burst,688,0.11145899999974063,14
1,2,burst,689,0.11291699999992488,14
1,2,burst,690,0.13445799999999508,14
1,2,burst,691,0.11249999999972715,14
1,2,burst,692,0.11112499999990177,14
1,2,burst,693,0.1328750000002401,14
1,2,burst,694,0.11599999999998545,14
1,2,burst,695,0.11516699999992852,14
1,2,burst,696,0.109375,14
1,2,burst,697,0.11108300000023519,14
1,2,burst,698,0.11091699999997218,14
1,2,burst,699,0.11774999999988722,14
1,2,burst,700,0.11041599999998652,14
1,2,burst,701,0.11033300000008239,14
1,2,burst,702,0.11112499999990177,14
1,2,burst,703,0.10904200000004494,14
1,2,burst,704,0.11133300000028612,14
1,2,burst,705,0.10916600000018661,14
1,2,burst,706,3.2802499999997963,14
1,2,burst,707,0.3077499999999418,14
1,2,burst,708,0.14491700000007768,14
1,2,burst,709,0.16566699999975754,14
1,2,burst,710,0.13304199999993216,14
1,2,burst,711,0.1505409999999756,14
1,2,burst,712,0.2463329999995949,14
1,2,burst,713,0.2824580000001333,14
1,2,burst,714,0.3063329999999951,14
1,2,burst,715,0.13641599999982645,14
1,2,burst,716,0.15525000000025102,14
1,2,burst,717,1.486750000000029,14
1,2,burst,718,0.15649999999959618,14
1,2,burst,719,0.13441599999987375,14
1,2,burst,720,0.12858300000016243,14
1,2,burst,721,0.13083300000016607,14
1,2,burst,722,0.130500000000211,14
1,2,burst,723,0.28375000000005457,14
1,2,burst,724,0.14795900000035545,14
1,2,burst,725,0.13354200000003402,14
1,2,burst,726,0.1327499999997599,14
1,2,burst,727,1.4990420000003724,14
1,2,burst,728,0.14733299999988958,14
1,2,burst,729,0.12770799999998417,14
1,2,burst,730,0.1277500000001055,14
1,2,burst,731,0.13066699999990306,14
1,2,burst,732,1.8529579999999441,14
1,2,burst,733,3.3944580000002134,14
1,2,burst,734,14.230000000000018,14
1,2,burst,735,0.15495899999996254,14
1,2,burst,736,0.1338340000002063,14
1,2,burst,737,0.2583340000001044,14
1,2,burst,738,0.23104200000034325,14
1,2,burst,739,0.33791699999983393,14
1,2,burst,740,0.208458999999948,14
1,2,burst,741,0.15991600000006656,14
1,2,burst,742,0.16762500000004366,14
1,2,burst,743,0.1709169999999176,14
1,2,burst,744,0.1814159999998992,14
1,2,burst,745,0.14483400000017355,14
1,2,burst,746,0.15191699999968478,14
1,2,burst,747,0.12945899999976973,14
1,2,burst,748,0.1291670000000522,14
1,2,burst,749,0.13466599999992468,14
1,2,burst,750,0.16458300000022064,14
1,2,burst,751,0.34649999999965075,14
1,2,burst,752,0.31262500000002547,14
1,2,burst,753,0.7264589999999771,14
1,2,burst,754,0.3067919999998594,14
1,2,burst,755,4.308457999999973,14
1,2,burst,756,0.4992499999998472,14
1,2,burst,757,0.20424999999977445,14
1,2,burst,758,0.28329200000007404,14
1,2,burst,759,0.1224579999998241,14
1,2,burst,760,0.1485410000000229,14
1,2,burst,761,0.3638750000000073,14
1,2,burst,762,0.12908400000014808,14
1,2,burst,763,0.2705829999999878,14
1,2,burst,764,0.6139170000001286,14
1,2,burst,765,0.15604199999961565,14
1,2,burst,766,0.13049999999975626,14
1,2,burst,767,0.13558300000022427,14
1,2,burst,768,0.13083300000016607,14
1,2,burst,769,0.30291699999997945,14
1,2,burst,770,0.3818750000000364,14
1,2,burst,771,0.6697909999998046,14
1,2,burst,772,0.3806249999997817,14
1,2,burst,773,0.1878750000000764,14
1,2,burst,774,0.12491599999975733,14
1,2,burst,775,0.11774999999988722,14
1,2,burst,776,0.2932090000003882,14
1,2,burst,777,0.15595799999982773,14
1,2,burst,778,0.15041699999983393,14
1,2,burst,779,0.13183299999991505,14
1,2,burst,780,0.13129200000003038,14
1,2,burst,781,0.1479589999999007,14
1,2,burst,782,0.1499999999996362,14
1,2,burst,783,6.034625000000233,14
1,2,burst,784,0.13829200000009223,14
1,2,burst,785,0.13425000000006548,14
1,2,burst,786,0.11858400000028269,14
1,2,burst,787,0.11700000000018917,14
1,2,burst,788,0.1178330000002461,14
1,2,burst,789,0.11383400000022448,14
1,2,burst,790,0.11395799999991141,14
1,2,burst,791,0.1130830000001879,14
1,2,burst,792,0.11508400000002439,14
1,2,burst,793,0.11312500000030923,14
1,2,burst,794,0.11354200000005221,14
1,2,burst,795,0.11370900000019901,14
1,2,burst,796,0.11512499999980719,14
1,2,burst,797,0.11220800000000963,14
1,2,burst,798,0.14233299999978044,14
1,2,burst,799,0.12195799999972223,14
1,2,burst,800,0.11879199999975754,14
1,2,burst,801,0.1125000000001819,14
1,2,burst,802,0.11491699999987759,14
1,2,burst,803,0.1417500000002292,14
1,2,burst,804,0.13095799999973678,14
1,2,burst,805,0.1214999999997417,14
1,2,burst,806,0.1194590000000062,14
1,2,burst,807,0.11979199999996126,14
1,2,burst,808,0.13020899999992253,14
1,2,burst,809,0.12449999999989814,14
1,2,burst,810,0.11779100000012477,14
1,2,burst,811,0.11979199999996126,14
1,2,burst,812,0.13974999999982174,14
1,2,burst,813,0.1310840000001008,14
1,2,burst,814,0.11641699999972843,14
1,2,burst,815,0.12825000000020736,14
1,2,burst,816,0.12425000000030195,14
1,2,burst,817,0.11500000000023647,14
1,2,burst,818,0.125,14
1,2,burst,819,0.11816700000008495,14
1,2,burst,820,0.11974999999983993,14
1,2,burst,821,0.12562500000012733,14
1,2,burst,822,0.12120800000002419,14
1,2,burst,823,0.1254159999998592,14
1,2,burst,824,0.1172919999999067,14
1,2,burst,825,0.11520900000004985,14
1,2,burst,826,0.12020799999982046,14
1,2,burst,827,0.12383300000010422,14
1,2,burst,828,0.12237500000037471,14
1,2,burst,829,0.11754100000007384,14
1,2,burst,830,0.13370800000029703,14
1,2,burst,831,0.12495899999976245,14
1,2,burst,832,0.11554200000000492,14
1,2,burst,833,0.12249999999994543,14
1,2,burst,834,0.14474999999993088,14
1,2,burst,835,0.12408300000015515,14
1,2,burst,836,0.1167499999996835,14
1,2,burst,837,0.11608299999988958,14
1,2,burst,838,0.11675000000013824,14
1,2,burst,839,0.13225000000011278,14
1,2,burst,840,0.11304100000006656,14
1,2,burst,841,0.11295799999970768,14
1,2,burst,842,0.13658299999997325,14
1,2,burst,843,0.1246249999999236,14
1,2,burst,844,0.11845799999991868,14
1,2,burst,845,0.11654200000020865,14
1,2,burst,846,0.11887500000011642,14
1,2,burst,847,11.26870800000006,14
1,2,burst,848,51.74958400000014,14
1,2,burst,849,0.1485410000000229,14
1,2,burst,850,0.14491700000007768,14
1,2,burst,851,4.159333000000061,14
1,2,burst,852,0.193416999999954,14
1,2,burst,853,0.13908400000036636,14
1,2,burst,854,0.13070799999968585,14
1,2,burst,855,0.17512500000020736,14
1,2,burst,856,0.12108399999988251,14
1,2,burst,857,0.12924999999995634,14
1,2,burst,858,0.12291600000025937,14
1,2,burst,859,0.12245800000027884,14
1,2,burst,860,0.11891599999989921,14
1,2,burst,861,0.11929200000031415,14
1,2,burst,862,0.11658399999987523,14
1,2,burst,863,0.12049999999999272,14
1,2,burst,864,0.10004200000003038,14
1,2,burst,865,0.06341599999996106,14
1,2,burst,866,0.05837500000006912,14
1,2,burst,867,0.05912499999976717,14
1,2,burst,868,0.05304100000012113,14
1,2,burst,869,0.05491699999993216,14
1,2,burst,870,0.05895800000007512,14
1,2,burst,871,0.06129200000032142,14
1,2,burst,872,0.05391700000018318,14
1,2,burst,873,0.055292000000008557,14
1,2,burst,874,0.11091699999997218,14
1,2,burst,875,0.13741600000003018,14
1,2,burst,876,0.11262499999975262,14
1,2,burst,877,0.11558299999978772,14
1,2,burst,878,0.12304100000028484,14
1,2,burst,879,0.11541600000009566,14
1,2,burst,880,0.12241600000015751,14
1,2,burst,881,0.12425000000030195,14
1,2,burst,882,0.12758400000029724,14
1,2,burst,883,0.12058299999989686,14
1,2,burst,884,0.12529199999971752,14
1,2,burst,885,0.12808399999994435,14
1,2,burst,886,0.12145900000041365,14
1,2,burst,887,0.11574999999993452,14
1,2,burst,888,0.1119579999999587,14
1,2,burst,889,0.12208400000008623,14
1,2,burst,890,0.1218340000000353,14
1,2,burst,891,0.12095799999997325,14
1,2,burst,892,0.10599999999976717,14
1,2,burst,893,0.13333400000010442,14
1,2,burst,894,0.11841700000013589,14
1,2,burst,895,0.12791699999979755,14
1,2,burst,896,0.1069999999999709,14
1,2,burst,897,0.14508299999988594,14
1,2,burst,898,0.1152500000002874,14
1,2,burst,899,0.1319170000001577,14
1,2,burst,900,0.1184160000002521,14
1,2,burst,901,0.118916999999783,14
1,2,burst,902,0.12833399999999529,14
1,2,burst,903,0.13245800000004238,14
1,2,burst,904,7.201833000000079,14
1,2,burst,905,0.23225000000002183,14
1,2,burst,906,0.13537500000029468,14
1,2,burst,907,0.1349159999999756,14
1,2,burst,908,0.14091600000028848,14
1,2,burst,909,0.13204199999972843,14
1,2,burst,910,0.12754099999983737,14
1,2,burst,911,0.1307080000001406,14
1,2,burst,912,0.27754200000026685,14
1,2,burst,913,0.28129200000012133,14
1,2,burst,914,0.14174999999977445,14
1,2,burst,915,0.2567500000000109,14
1,2,burst,916,0.15154200000006313,14
1,2,burst,917,0.16858300000012605,14
1,2,burst,918,0.11683300000004238,14
1,2,burst,919,0.12183399999958056,14
1,2,burst,920,0.11795799999981682,14
1,2,burst,921,0.11191599999983737,14
1,2,burst,922,0.11095799999975497,14
1,2,burst,923,0.1121250000001055,14
1,2,burst,924,0.11370800000031522,14
1,2,burst,925,0.11008399999991525,14
1,2,burst,926,0.1108339999996133,14
1,2,burst,927,0.11124999999992724,14
1,2,burst,928,0.11270799999965675,14
1,2,burst,929,0.1125000000001819,14
1,2,burst,930,0.11045800000010786,14
1,2,burst,931,0.10912499999994907,14
1,2,burst,932,0.1259170000002996,14
1,2,burst,933,0.11462500000016007,14
1,2,burst,934,0.10933299999987867,14
1,2,burst,935,0.11270799999965675,14
1,2,burst,936,0.11033300000008239,14
1,2,burst,937,0.109375,14
1,2,burst,938,0.11074999999982538,14
1,2,burst,939,0.10891599999968093,14
1,2,burst,940,0.1092079999998532,14
1,2,burst,941,0.11104100000011385,14
1,2,burst,942,0.10783300000002782,14
1,2,burst,943,0.1122920000002523,14
1,2,burst,944,0.10895800000025702,14
1,2,burst,945,0.108791999999994,14
1,2,burst,946,0.1073750000000473,14
1,2,burst,947,0.11387500000000728,14
1,2,burst,948,0.11345799999980954,14
1,2,burst,949,0.10837499999979627,14
1,2,burst,950,0.10770800000000236,14
1,2,burst,951,0.12104200000021592,14
1,2,burst,952,0.1150830000001406,14
1,2,burst,953,0.10904100000016115,14
1,2,burst,954,0.10874999999987267,14
1,2,burst,955,0.1119579999999587,14
1,2,burst,956,0.11029099999996106,14
1,2,burst,957,0.10833300000012969,14
1,2,burst,958,0.11012499999969805,14
1,2,burst,959,0.11149999999997817,14
1,2,burst,960,0.10683300000027884,14
1,2,burst,961,0.10770800000000236,14
1,2,burst,962,0.11354099999971368,14
1,2,burst,963,0.11129200000004857,14
1,2,burst,964,0.10758400000031543,14
1,2,burst,965,0.11066699999992125,14
1,2,burst,966,0.10787499999969441,14
1,2,burst,967,0.12070799999992232,14
1,2,burst,968,0.10725000000002183,14
1,2,burst,969,0.10799999999971988,14
1,2,burst,970,0.10758399999986068,14
1,2,burst,971,0.11087500000030559,14
1,2,burst,972,0.10791699999981574,14
1,2,burst,973,0.10745900000028996,14
1,2,burst,974,0.1099170000002232,14
1,2,burst,975,0.11029199999984485,14
1,2,burst,976,0.11216699999977209,14
1,2,burst,977,0.10741700000016863,14
1,2,burst,978,0.10912499999994907,14
1,2,burst,979,0.11074999999982538,14
1,2,burst,980,0.10712499999999636,14
1,2,burst,981,0.10716599999977916,14
1,2,burst,982,0.10770800000000236,14
1,2,burst,983,0.11266699999987395,14
1,2,burst,984,0.1113749999999527,14
1,2,burst,985,0.10795800000005329,14
1,2,burst,986,0.10950000000002547,14
1,2,burst,987,0.1097500000000764,14
1,2,burst,988,0.10750000000007276,14
1,2,burst,989,0.11354199999959746,14
1,2,burst,990,0.1097500000000764,14
1,2,burst,991,0.11241699999982302,14
1,2,burst,992,0.11070900000004258,14
1,2,burst,993,0.10454200000003766,14
1,2,burst,994,0.11049999999977445,14
1,2,burst,995,0.1095829999999296,14
1,2,burst,996,0.1086249999998472,14
1,2,burst,997,0.10804200000029596,14
1,2,burst,998,0.11095799999975497,14
1,2,burst,999,0.1069999999999709,14
1,4,idle,0,0.0024170000001504377,0
1,4,idle,1,0.0017920000000231084,0
1,4,idle,2,0.0017920000000231084,0
1,4,idle,3,0.001708999999664229,0
1,4,idle,4,0.0025000000000545697,0
1,4,idle,5,0.001708000000235188,0
1,4,idle,6,0.0015830000002097222,0
1,4,idle,7,0.0017090000001189765,0
1,4,idle,8,0.0016669999999976426,0
1,4,idle,9,0.002167000000099506,0
1,4,idle,10,0.0017499999999017746,0
1,4,idle,11,0.0017079999997804407,0
1,4,idle,12,0.0017079999997804407,0
1,4,idle,13,0.0016249999998763087,0
1,4,idle,14,0.0031669999998484855,0
1,4,idle,15,0.0016249999998763087,0
1,4,idle,16,0.0017920000000231084,0
1,4,idle,17,0.0017920000000231084,0
1,4,idle,18,0.0017499999999017746,0
1,4,idle,19,0.0024589999998170242,0
1,4,idle,20,0.0022919999996702245,0
1,4,idle,21,0.001833999999689695,0
1,4,idle,22,0.0017920000000231084,0
1,4,idle,23,0.001833000000260654,0
1,4,idle,24,0.0017499999999017746,0
1,4,idle,25,0.00220900000022084,0
1,4,idle,26,0.0016249999998763087,0
1,4,idle,27,0.0024170000001504377,0
1,4,idle,28,0.0017079999997804407,0
1,4,idle,29,0.0018329999998059066,0
1,4,idle,30,0.002375000000029104,0
1,4,idle,31,0.0018749999999272404,0
1,4,idle,32,0.0018329999998059066,0
1,4,idle,33,0.0016669999999976426,0
1,4,idle,34,0.0017079999997804407,0
1,4,idle,35,0.0016660000001138542,0
1,4,idle,36,0.002292000000124972,0
1,4,idle,37,0.0016669999999976426,0
1,4,idle,38,0.0016669999999976426,0
1,4,idle,39,0.0017090000001189765,0
1,4,idle,40,0.0017079999997804407,0
1,4,idle,41,0.002167000000099506,0
1,4,idle,42,0.0019579999998313724,0
1,4,idle,43,0.0017079999997804407,0
1,4,idle,44,0.0016249999998763087,0
1,4,idle,45,0.001625000000331056,0
1,4,idle,46,0.002250000000003638,0
1,4,idle,47,0.0018329999998059066,0
1,4,idle,48,0.0017909999996845727,0
1,4,idle,49,0.0017499999999017746,0
1,4,idle,50,0.002540999999837368,0
1,4,idle,51,0.0027079999999841675,0
1,4,idle,52,0.0017920000000231084,0
1,4,idle,53,0.0018749999999272404,0
1,4,idle,54,0.0016659999996591068,0
1,4,idle,55,0.0037080000001878943,0
1,4,idle,56,0.0019160000001647859,0
1,4,idle,57,0.002207999999882304,0
1,4,idle,58,0.002541999999721156,0
1,4,idle,59,0.0017499999999017746,0
1,4,idle,60,0.0017079999997804407,0
1,4,idle,61,0.0017499999999017746,0
1,4,idle,62,0.002124999999978172,0
1,4,idle,63,0.0018749999999272404,0
1,4,idle,64,0.0017920000000231084,0
1,4,idle,65,0.0017499999999017746,0
1,4,idle,66,0.001750000000356522,0
1,4,idle,67,0.00287499999967622,0
1,4,idle,68,0.0017499999999017746,0
1,4,idle,69,0.001916999999593827,0
1,4,idle,70,0.0017499999999017746,0
1,4,idle,71,0.0017499999999017746,0
1,4,idle,72,0.002250000000003638,0
1,4,idle,73,0.0016660000001138542,0
1,4,idle,74,0.0017079999997804407,0
1,4,idle,75,0.0020839999997406267,0
1,4,idle,76,0.001708000000235188,0
1,4,idle,77,0.00179100000013932,0
1,4,idle,78,0.002292000000124972,0
1,4,idle,79,0.0017090000001189765,0
1,4,idle,80,0.0016669999999976426,0
1,4,idle,81,0.0024170000001504377,0
1,4,idle,82,0.001750000000356522,0
1,4,idle,83,0.002250000000003638,0
1,4,idle,84,0.0017499999999017746,0
1,4,idle,85,0.0019170000000485743,0
1,4,idle,86,0.001750000000356522,0
1,4,idle,87,0.0017079999997804407,0
1,4,idle,88,0.0025829999999587017,0
1,4,idle,89,0.0017090000001189765,0
1,4,idle,90,0.0017090000001189765,0
1,4,idle,91,0.001708000000235188,0
1,4,idle,92,0.00179100000013932,0
1,4,idle,93,0.002250000000003638,0
1,4,idle,94,0.001750000000356522,0
1,4,idle,95,0.0018329999998059066,0
1,4,idle,96,0.0017499999999017746,0
1,4,idle,97,0.0016669999999976426,0
1,4,idle,98,0.0016669999999976426,0
1,4,idle,99,0.002375000000029104,0
1,4,idle,100,0.00179100000013932,0
1,4,idle,101,0.001625000000331056,0
1,4,idle,102,0.0017499999999017746,0
1,4,idle,103,0.0017090000001189765,0
1,4,idle,104,0.00220900000022084,0
1,4,idle,105,0.0017090000001189765,0
1,4,idle,106,0.001708000000235188,0
1,4,idle,107,0.0016669999999976426,0
1,4,idle,108,0.0025000000000545697,0
1,4,idle,109,0.002458000000387983,0
1,4,idle,110,0.001750000000356522,0
1,4,idle,111,0.0017920000000231084,0
1,4,idle,112,0.003125000000181899,0
1,4,idle,113,0.001708000000235188,0
1,4,idle,114,0.0022080000003370515,0
1,4,idle,115,0.001833000000260654,0
1,4,idle,116,0.0017920000000231084,0
1,4,idle,117,0.0017079999997804407,0
1,4,idle,118,0.0016660000001138542,0
1,4,idle,119,0.0016660000001138542,0
1,4,idle,120,0.002124999999978172,0
1,4,idle,121,0.0017920000000231084,0
1,4,idle,122,0.0016659999996591068,0
1,4,idle,123,0.0017079999997804407,0
1,4,idle,124,0.0016660000001138542,0
1,4,idle,125,0.0021660000002157176,0
1,4,idle,126,0.0020829999998568383,0
1,4,idle,127,0.00179100000013932,0
1,4,idle,128,0.001708000000235188,0
1,4,idle,129,0.0017499999999017746,0
1,4,idle,130,0.002167000000099506,0
1,4,idle,131,0.0016669999999976426,0
1,4,idle,132,0.0017499999999017746,0
1,4,idle,133,0.0017499999999017746,0
1,4,idle,134,0.002250000000003638,0
1,4,idle,135,0.0018340000001444423,0
1,4,idle,136,0.00233299999990777,0
1,4,idle,137,0.0017499999999017746,0
1,4,idle,138,0.002124999999978172,0
1,4,idle,139,0.0017499999999017746,0
1,4,idle,140,0.0017090000001189765,0
1,4,idle,141,0.0022919999996702245,0
1,4,idle,142,0.0017499999999017746,0
1,4,idle,143,0.00233299999990777,0
1,4,idle,144,0.0016669999999976426,0
1,4,idle,145,0.0016669999999976426,0
1,4,idle,146,0.002167000000099506,0
1,4,idle,147,0.0018340000001444423,0
1,4,idle,148,0.0018329999998059066,0
1,4,idle,149,0.0017499999999017746,0
1,4,idle,150,0.001708999999664229,0
1,4,idle,151,0.002250000000003638,0
1,4,idle,152,0.0016669999999976426,0
1,4,idle,153,0.0017499999999017746,0
1,4,idle,154,0.0017079999997804407,0
1,4,idle,155,0.0017079999997804407,0
1,4,idle,156,0.00179100000013932,0
1,4,idle,157,0.002250000000003638,0
1,4,idle,158,0.001833999999689695,0
1,4,idle,159,0.0017920000000231084,0
1,4,idle,160,0.0016669999999976426,0
1,4,idle,161,0.0017499999999017746,0
1,4,idle,162,0.002457999999933236,0
1,4,idle,163,0.002207999999882304,0
1,4,idle,164,0.0017079999997804407,0
1,4,idle,165,0.0017499999999017746,0
1,4,idle,166,0.001708999999664229,0
1,4,idle,167,0.002124999999978172,0
1,4,idle,168,0.0017499999999017746,0
1,4,idle,169,0.0017079999997804407,0
1,4,idle,170,0.0017920000000231084,0
1,4,idle,171,0.0017090000001189765,0
1,4,idle,172,0.002167000000099506,0
1,4,idle,173,0.0017090000001189765,0
1,4,idle,174,0.002458000000387983,0
1,4,idle,175,0.0016660000001138542,0
1,4,idle,176,0.001708000000235188,0
1,4,idle,177,0.0017920000000231084,0
1,4,idle,178,0.002250000000003638,0
1,4,idle,179,0.0019170000000485743,0
1,4,idle,180,0.0017499999999017746,0
1,4,idle,181,0.0017499999999017746,0
1,4,idle,182,0.0017920000000231084,0
1,4,idle,183,0.0022919999996702245,0
1,4,idle,184,0.0017499999999017746,0
1,4,idle,185,0.0017499999999017746,0
1,4,idle,186,0.0017499999999017746,0
1,4,idle,187,0.0016669999999976426,0
1,4,idle,188,0.002250000000003638,0
1,4,idle,189,0.0017090000001189765,0
1,4,idle,190,0.0018749999999272404,0
1,4,idle,191,0.0017079999997804407,0
1,4,idle,192,0.0018750000003819878,0
1,4,idle,193,0.002250000000003638,0
1,4,idle,194,0.0016669999999976426,0
1,4,idle,195,0.0017079999997804407,0
1,4,idle,196,0.0017079999997804407,0
1,4,idle,197,0.0020410000001902517,0
1,4,idle,198,0.00179100000013932,0
1,4,idle,199,0.002207999999882304,0
1,4,idle,200,0.0024160000002666493,0
1,4,idle,201,0.002207999999882304,0
1,4,idle,202,0.001791999999568361,0
1,4,idle,203,0.0016249999998763087,0
1,4,idle,204,0.0025000000000545697,0
1,4,idle,205,0.002375000000029104,0
1,4,idle,206,0.0017920000000231084,0
1,4,idle,207,0.0017499999999017746,0
1,4,idle,208,0.0017499999999017746,0
1,4,idle,209,0.0021669999996447586,0
1,4,idle,210,0.001708000000235188,0
1,4,idle,211,0.0017920000000231084,0
1,4,idle,212,0.0016249999998763087,0
1,4,idle,213,0.0017079999997804407,0
1,4,idle,214,0.0025840000002972374,0
1,4,idle,215,0.0017499999999017746,0
1,4,idle,216,0.0016669999999976426,0
1,4,idle,217,0.001750000000356522,0
1,4,idle,218,0.001708000000235188,0
1,4,idle,219,0.0024160000002666493,0
1,4,idle,220,0.0020829999998568383,0
1,4,idle,221,0.0019170000000485743,0
1,4,idle,222,0.0018340000001444423,0
1,4,idle,223,0.00220900000022084,0
1,4,idle,224,0.0017499999999017746,0
1,4,idle,225,0.00233299999990777,0
1,4,idle,226,0.001750000000356522,0
1,4,idle,227,0.0025420000001759036,0
1,4,idle,228,0.001750000000356522,0
1,4,idle,229,0.0016249999998763087,0
1,4,idle,230,0.002124999999978172,0
1,4,idle,231,0.0017090000001189765,0
1,4,idle,232,0.0017079999997804407,0
1,4,idle,233,0.0017499999999017746,0
1,4,idle,234,0.0017499999999017746,0
1,4,idle,235,0.0017499999999017746,0
1,4,idle,236,0.002167000000099506,0
1,4,idle,237,0.0022080000003370515,0
1,4,idle,238,0.0017920000000231084,0
1,4,idle,239,0.0017079999997804407,0
1,4,idle,240,0.0017079999997804407,0
1,4,idle,241,0.002084000000195374,0
1,4,idle,242,0.0018329999998059066,0
1,4,idle,243,0.0018329999998059066,0
1,4,idle,244,0.0017499999999017746,0
1,4,idle,245,0.001958999999715161,0
1,4,idle,246,0.0022089999997660925,0
1,4,idle,247,0.0016669999999976426,0
1,4,idle,248,0.0018749999999272404,0
1,4,idle,249,0.002375000000029104,0
1,4,idle,250,0.0017499999999017746,0
1,4,idle,251,0.00220900000022084,0
1,4,idle,252,0.0017499999999017746,0
1,4,idle,253,0.001958999999715161,0
1,4,idle,254,0.0024999999995998223,0
1,4,idle,255,0.0018329999998059066,0
1,4,idle,256,0.0016660000001138542,0
1,4,idle,257,0.002375000000029104,0
1,4,idle,258,0.001708999999664229,0
1,4,idle,259,0.0017090000001189765,0
1,4,idle,260,0.0017920000000231084,0
1,4,idle,261,0.001750000000356522,0
1,4,idle,262,0.002250000000003638,0
1,4,idle,263,0.0017920000000231084,0
1,4,idle,264,0.0019170000000485743,0
1,4,idle,265,0.001708000000235188,0
1,4,idle,266,0.0017079999997804407,0
1,4,idle,267,0.0028750000001309672,0
1,4,idle,268,0.002292000000124972,0
1,4,idle,269,0.0017499999999017746,0
1,4,idle,270,0.0017079999997804407,0
1,4,idle,271,0.0016249999998763087,0
1,4,idle,272,0.002292000000124972,0
1,4,idle,273,0.001833000000260654,0
1,4,idle,274,0.002207999999882304,0
1,4,idle,275,0.001750000000356522,0
1,4,idle,276,0.0017920000000231084,0
1,4,idle,277,0.0017079999997804407,0
1,4,idle,278,0.002207999999882304,0
1,4,idle,279,0.0019999999999527063,0
1,4,idle,280,0.0017090000001189765,0
1,4,idle,281,0.001708000000235188,0
1,4,idle,282,0.0017499999999017746,0
1,4,idle,283,0.002250000000003638,0
1,4,idle,284,0.001708000000235188,0
1,4,idle,285,0.00179100000013932,0
1,4,idle,286,0.0017909999996845727,0
1,4,idle,287,0.0017499999999017746,0
1,4,idle,288,0.002250000000003638,0
1,4,idle,289,0.0016669999999976426,0
1,4,idle,290,0.0017090000001189765,0
1,4,idle,291,0.0016669999999976426,0
1,4,idle,292,0.001708000000235188,0
1,4,idle,293,0.002250000000003638,0
1,4,idle,294,0.0016669999999976426,0
1,4,idle,295,0.0017079999997804407,0
1,4,idle,296,0.0017090000001189765,0
1,4,idle,297,0.001833999999689695,0
1,4,idle,298,0.001708000000235188,0
1,4,idle,299,0.0021669999996447586,0
1,4,idle,300,0.0017499999999017746,0
1,4,idle,301,0.002541999999721156,0
1,4,idle,302,0.0017079999997804407,0
1,4,idle,303,0.002290999999786436,0
1,4,idle,304,0.0028330000000096334,0
1,4,idle,305,0.0017499999999017746,0
1,4,idle,306,0.0020830000003115856,0
1,4,idle,307,0.0017920000000231084,0
1,4,idle,308,0.0016249999998763087,0
1,4,idle,309,0.002250000000003638,0
1,4,idle,310,0.0017079999997804407,0
1,4,idle,311,0.001708999999664229,0
1,4,idle,312,0.002292000000124972,0
1,4,idle,313,0.0018749999999272404,0
1,4,idle,314,0.002250000000003638,0
1,4,idle,315,0.001958999999715161,0
1,4,idle,316,0.0018340000001444423,0
1,4,idle,317,0.0017090000001189765,0
1,4,idle,318,0.0017499999999017746,0
1,4,idle,319,0.0016660000001138542,0
1,4,idle,320,0.00233299999990777,0
1,4,idle,321,0.001708999999664229,0
1,4,idle,322,0.0018340000001444423,0
1,4,idle,323,0.0017920000000231084,0
1,4,idle,324,0.0017079999997804407,0
1,4,idle,325,0.002292000000124972,0
1,4,idle,326,0.001750000000356522,0
1,4,idle,327,0.0017499999999017746,0
1,4,idle,328,0.0017499999999017746,0
1,4,idle,329,0.00233299999990777,0
1,4,idle,330,0.0020410000001902517,0
1,4,idle,331,0.001708000000235188,0
1,4,idle,332,0.0017920000000231084,0
1,4,idle,333,0.0016659999996591068,0
1,4,idle,334,0.0017079999997804407,0
1,4,idle,335,0.0020839999997406267,0
1,4,idle,336,0.0023339999997915584,0
1,4,idle,337,0.0017920000000231084,0
1,4,idle,338,0.001750000000356522,0
1,4,idle,339,0.0016669999999976426,0
1,4,idle,340,0.0017090000001189765,0
1,4,idle,341,0.002167000000099506,0
1,4,idle,342,0.0016669999999976426,0
1,4,idle,343,0.00179100000013932,0
1,4,idle,344,0.0017079999997804407,0
1,4,idle,345,0.0016669999999976426,0
1,4,idle,346,0.002207999999882304,0
1,4,idle,347,0.002084000000195374,0
1,4,idle,348,0.0017499999999017746,0
1,4,idle,349,0.002250000000003638,0
1,4,idle,350,0.0017090000001189765,0
1,4,idle,351,0.0024170000001504377,0
1,4,idle,352,0.001750000000356522,0
1,4,idle,353,0.00179100000013932,0
1,4,idle,354,0.001708000000235188,0
1,4,idle,355,0.001708000000235188,0
1,4,idle,356,0.0019159999997100385,0
1,4,idle,357,0.0020829999998568383,0
1,4,idle,358,0.0018749999999272404,0
1,4,idle,359,0.0017090000001189765,0
1,4,idle,360,0.002458000000387983,0
1,4,idle,361,0.0016249999998763087,0
1,4,idle,362,0.002708000000438915,0
1,4,idle,363,0.0017499999999017746,0
1,4,idle,364,0.001750000000356522,0
1,4,idle,365,0.0016669999999976426,0
1,4,idle,366,0.0018329999998059066,0
1,4,idle,367,0.0020409999997355044,0
1,4,idle,368,0.001708000000235188,0
1,4,idle,369,0.0018749999999272404,0
1,4,idle,370,0.0015839999996387633,0
1,4,idle,371,0.0016669999999976426,0
1,4,idle,372,0.002292000000124972,0
1,4,idle,373,0.0017090000001189765,0
1,4,idle,374,0.0016669999999976426,0
1,4,idle,375,0.001625000000331056,0
1,4,idle,376,0.0016660000001138542,0
1,4,idle,377,0.0015410000000883883,0
1,4,idle,378,0.00233299999990777,0
1,4,idle,379,0.0018340000001444423,0
1,4,idle,380,0.0017499999999017746,0
1,4,idle,381,0.0019160000001647859,0
1,4,idle,382,0.0016660000001138542,0
1,4,idle,383,0.0023749999995743565,0
1,4,idle,384,0.00179100000013932,0
1,4,idle,385,0.0017499999999017746,0
1,4,idle,386,0.002375000000029104,0
1,4,idle,387,0.0018340000001444423,0
1,4,idle,388,0.00204200000007404,0
1,4,idle,389,0.0017079999997804407,0
1,4,idle,390,0.0017090000001189765,0
1,4,idle,391,0.002292000000124972,0
1,4,idle,392,0.0015830000002097222,0
1,4,idle,393,0.0021660000002157176,0
1,4,idle,394,0.0017079999997804407,0
1,4,idle,395,0.0017079999997804407,0
1,4,idle,396,0.0017079999997804407,0
1,4,idle,397,0.0019579999998313724,0
1,4,idle,398,0.0017499999999017746,0
1,4,idle,399,0.002167000000099506,0
1,4,idle,400,0.00179100000013932,0
1,4,idle,401,0.0016660000001138542,0
1,4,idle,402,0.00204200000007404,0
1,4,idle,403,0.0016669999999976426,0
1,4,idle,404,0.002250000000003638,0
1,4,idle,405,0.0016249999998763087,0
1,4,idle,406,0.002250000000003638,0
1,4,idle,407,0.001625000000331056,0
1,4,idle,408,0.0017090000001189765,0
1,4,idle,409,0.00220900000022084,0
1,4,idle,410,0.0017079999997804407,0
1,4,idle,411,0.0018329999998059066,0
1,4,idle,412,0.0018749999999272404,0
1,4,idle,413,0.001708000000235188,0
1,4,idle,414,0.0022080000003370515,0
1,4,idle,415,0.0017499999999017746,0
1,4,idle,416,0.001708000000235188,0
1,4,idle,417,0.0016249999998763087,0
1,4,idle,418,0.0017499999999017746,0
1,4,idle,419,0.001708000000235188,0
1,4,idle,420,0.0022089999997660925,0
1,4,idle,421,0.0016669999999976426,0
1,4,idle,422,0.0016249999998763087,0
1,4,idle,423,0.0019579999998313724,0
1,4,idle,424,0.0015840000000935106,0
1,4,idle,425,0.002250000000003638,0
1,4,idle,426,0.0016669999999976426,0
1,4,idle,427,0.0018749999999272404,0
1,4,idle,428,0.0017079999997804407,0
1,4,idle,429,0.0017079999997804407,0
1,4,idle,430,0.0020829999998568383,0
1,4,idle,431,0.0017079999997804407,0
1,4,idle,432,0.001791999999568361,0
1,4,idle,433,0.0016669999999976426,0
1,4,idle,434,0.0016669999999976426,0
1,4,idle,435,0.0017079999997804407,0
1,4,idle,436,0.002250000000003638,0
1,4,idle,437,0.0018340000001444423,0
1,4,idle,438,0.0017090000001189765,0
1,4,idle,439,0.0016669999999976426,0
1,4,idle,440,0.0015829999997549749,0
1,4,idle,441,0.0020829999998568383,0
1,4,idle,442,0.0017920000000231084,0
1,4,idle,443,0.001708000000235188,0
1,4,idle,444,0.0016660000001138542,0
1,4,idle,445,0.0016669999999976426,0
1,4,idle,446,0.002124999999978172,0
1,4,idle,447,0.0021659999997609702,0
1,4,idle,448,0.0017499999999017746,0
1,4,idle,449,0.0017499999999017746,0
1,4,idle,450,0.0016249999998763087,0
1,4,idle,451,0.002250000000003638,0
1,4,idle,452,0.0017499999999017746,0
1,4,idle,453,0.0024999999995998223,0
1,4,idle,454,0.0016660000001138542,0
1,4,idle,455,0.0016660000001138542,0
1,4,idle,456,0.0017079999997804407,0
1,4,idle,457,0.002167000000099506,0
1,4,idle,458,0.0017090000001189765,0
1,4,idle,459,0.001916999999593827,0
1,4,idle,460,0.001708000000235188,0
1,4,idle,461,0.00204200000007404,0
1,4,idle,462,0.0022080000003370515,0
1,4,idle,463,0.0017920000000231084,0
1,4,idle,464,0.0019579999998313724,0
1,4,idle,465,0.0018329999998059066,0
1,4,idle,466,0.002540999999837368,0
1,4,idle,467,0.002375000000029104,0
1,4,idle,468,0.002124999999978172,0
1,4,idle,469,0.002290999999786436,0
1,4,idle,470,0.002292000000124972,0
1,4,idle,471,0.0017920000000231084,0
1,4,idle,472,0.00233299999990777,0
1,4,idle,473,0.0015840000000935106,0
1,4,idle,474,0.002250000000003638,0
1,4,idle,475,0.0019579999998313724,0
1,4,idle,476,0.001750000000356522,0
1,4,idle,477,0.001833000000260654,0
1,4,idle,478,0.0024160000002666493,0
1,4,idle,479,0.0016669999999976426,0
1,4,idle,480,0.0017499999999017746,0
1,4,idle,481,0.0017920000000231084,0
1,4,idle,482,0.0017090000001189765,0
1,4,idle,483,0.002250000000003638,0
1,4,idle,484,0.001750000000356522,0
1,4,idle,485,0.0016249999998763087,0
1,4,idle,486,0.0016669999999976426,0
1,4,idle,487,0.0017079999997804407,0
1,4,idle,488,0.002207999999882304,0
1,4,idle,489,0.0017909999996845727,0
1,4,idle,490,0.0017920000000231084,0
1,4,idle,491,0.001708999999664229,0
1,4,idle,492,0.001625000000331056,0
1,4,idle,493,0.0022080000003370515,0
1,4,idle,494,0.0017499999999017746,0
1,4,idle,495,0.0017920000000231084,0
1,4,idle,496,0.001708000000235188,0
1,4,idle,497,0.0017079999997804407,0
1,4,idle,498,0.0021660000002157176,0
1,4,idle,499,0.002207999999882304,0
1,4,idle,500,0.0025829999999587017,0
1,4,idle,501,0.001750000000356522,0
1,4,idle,502,0.0017499999999017746,0
1,4,idle,503,0.0017920000000231084,0
1,4,idle,504,0.002167000000099506,0
1,4,idle,505,0.0017090000001189765,0
1,4,idle,506,0.002167000000099506,0
1,4,idle,507,0.0017079999997804407,0
1,4,idle,508,0.0016669999999976426,0
1,4,idle,509,0.0024589999998170242,0
1,4,idle,510,0.0015839999996387633,0
1,4,idle,511,0.0017499999999017746,0
1,4,idle,512,0.0016669999999976426,0
1,4,idle,513,0.0016669999999976426,0
1,4,idle,514,0.002375000000029104,0
1,4,idle,515,0.002292000000124972,0
1,4,idle,516,0.0019579999998313724,0
1,4,idle,517,0.0017079999997804407,0
1,4,idle,518,0.001791999999568361,0
1,4,idle,519,0.0017499999999017746,0
1,4,idle,520,0.0022089999997660925,0
1,4,idle,521,0.0016669999999976426,0
1,4,idle,522,0.0017079999997804407,0
1,4,idle,523,0.0017499999999017746,0
1,4,idle,524,0.0016669999999976426,0
1,4,idle,525,0.00287499999967622,0
1,4,idle,526,0.0016660000001138542,0
1,4,idle,527,0.001708000000235188,0
1,4,idle,528,0.0017499999999017746,0
1,4,idle,529,0.0017499999999017746,0
1,4,idle,530,0.0023340000002463057,0
1,4,idle,531,0.0016249999998763087,0
1,4,idle,532,0.001750000000356522,0
1,4,idle,533,0.001750000000356522,0
1,4,idle,534,0.001625000000331056,0
1,4,idle,535,0.0019999999999527063,0
1,4,idle,536,0.00258399999984249,0
1,4,idle,537,0.0019170000000485743,0
1,4,idle,538,0.0016659999996591068,0
1,4,idle,539,0.0016669999999976426,0
1,4,idle,540,0.001708000000235188,0
1,4,idle,541,0.002292000000124972,0
1,4,idle,542,0.0017920000000231084,0
1,4,idle,543,0.0016249999998763087,0
1,4,idle,544,0.0018329999998059066,0
1,4,idle,545,0.0016659999996591068,0
1,4,idle,546,0.002207999999882304,0
1,4,idle,547,0.0017079999997804407,0
1,4,idle,548,0.001708000000235188,0
1,4,idle,549,0.001708000000235188,0
1,4,idle,550,0.0017499999999017746,0
1,4,idle,551,0.0026670000002013694,0
1,4,idle,552,0.0017079999997804407,0
1,4,idle,553,0.002250000000003638,0
1,4,idle,554,0.0016669999999976426,0
1,4,idle,555,0.0019170000000485743,0
1,4,idle,556,0.0017920000000231084,0
1,4,idle,557,0.0022919999996702245,0
1,4,idle,558,0.001958999999715161,0
1,4,idle,559,0.0017090000001189765,0
1,4,idle,560,0.0018340000001444423,0
1,4,idle,561,0.0017079999997804407,0
1,4,idle,562,0.002207999999882304,0
1,4,idle,563,0.0016660000001138542,0
1,4,idle,564,0.0016669999999976426,0
1,4,idle,565,0.0015829999997549749,0
1,4,idle,566,0.0017909999996845727,0
1,4,idle,567,0.002250000000003638,0
1,4,idle,568,0.0017920000000231084,0
1,4,idle,569,0.0018329999998059066,0
1,4,idle,570,0.0017090000001189765,0
1,4,idle,571,0.0016669999999976426,0
1,4,idle,572,0.0027500000001055014,0
1,4,idle,573,0.001708000000235188,0
1,4,idle,574,0.001708000000235188,0
1,4,idle,575,0.0016669999999976426,0
1,4,idle,576,0.0017090000001189765,0
1,4,idle,577,0.002250000000003638,0
1,4,idle,578,0.002207999999882304,0
1,4,idle,579,0.0017499999999017746,0
1,4,idle,580,0.0016669999999976426,0
1,4,idle,581,0.0022080000003370515,0
1,4,idle,582,0.0017090000001189765,0
1,4,idle,583,0.002375000000029104,0
1,4,idle,584,0.002207999999882304,0
1,4,idle,585,0.001750000000356522,0
1,4,idle,586,0.0017499999999017746,0
1,4,idle,587,0.0016660000001138542,0
1,4,idle,588,0.002250000000003638,0
1,4,idle,589,0.0017090000001189765,0
1,4,idle,590,0.0019170000000485743,0
1,4,idle,591,0.001625000000331056,0
1,4,idle,592,0.0017090000001189765,0
1,4,idle,593,0.002167000000099506,0
1,4,idle,594,0.0018329999998059066,0
1,4,idle,595,0.00179100000013932,0
1,4,idle,596,0.001750000000356522,0
1,4,idle,597,0.001708000000235188,0
1,4,idle,598,0.0017499999999017746,0
1,4,idle,599,0.002124999999978172,0
1,4,idle,600,0.0018329999998059066,0
1,4,idle,601,0.0017079999997804407,0
1,4,idle,602,0.001708999999664229,0
1,4,idle,603,0.0019999999999527063,0
1,4,idle,604,0.0023339999997915584,0
1,4,idle,605,0.0016249999998763087,0
1,4,idle,606,0.0017499999999017746,0
1,4,idle,607,0.0017499999999017746,0
1,4,idle,608,0.001750000000356522,0
1,4,idle,609,0.005958000000191532,0
1,4,idle,610,0.0019170000000485743,0
1,4,idle,611,0.0016660000001138542,0
1,4,idle,612,0.0016659999996591068,0
1,4,idle,613,0.0017499999999017746,0
1,4,idle,614,0.002041999999619293,0
1,4,idle,615,0.001708999999664229,0
1,4,idle,616,0.0016249999998763087,0
1,4,idle,617,0.0017499999999017746,0
1,4,idle,618,0.0017090000001189765,0
1,4,idle,619,0.0017499999999017746,0
1,4,idle,620,0.0021660000002157176,0
1,4,idle,621,0.0020410000001902517,0
1,4,idle,622,0.001708000000235188,0
1,4,idle,623,0.001708000000235188,0
1,4,idle,624,0.0016659999996591068,0
1,4,idle,625,0.002250000000003638,0
1,4,idle,626,0.0016249999998763087,0
1,4,idle,627,0.001708999999664229,0
1,4,idle,628,0.0016669999999976426,0
1,4,idle,629,0.0017090000001189765,0
1,4,idle,630,0.002124999999978172,0
1,4,idle,631,0.0016249999998763087,0
1,4,idle,632,0.0017920000000231084,0
1,4,idle,633,0.0016660000001138542,0
1,4,idle,634,0.0016249999998763087,0
1,4,idle,635,0.0017920000000231084,0
1,4,idle,636,0.002250000000003638,0
1,4,idle,637,0.0017920000000231084,0
1,4,idle,638,0.0016660000001138542,0
1,4,idle,639,0.002250000000003638,0
1,4,idle,640,0.0016660000001138542,0
1,4,idle,641,0.002207999999882304,0
1,4,idle,642,0.00179100000013932,0
1,4,idle,643,0.0017079999997804407,0
1,4,idle,644,0.00233299999990777,0
1,4,idle,645,0.0016669999999976426,0
1,4,idle,646,0.0026670000002013694,0
1,4,idle,647,0.0017499999999017746,0
1,4,idle,648,0.001833000000260654,0
1,4,idle,649,0.002250000000003638,0
1,4,idle,650,0.001708999999664229,0
1,4,idle,651,0.0023339999997915584,0
1,4,idle,652,0.0016249999998763087,0
1,4,idle,653,0.0019160000001647859,0
1,4,idle,654,0.0016659999996591068,0
1,4,idle,655,0.0017079999997804407,0
1,4,idle,656,0.0017499999999017746,0
1,4,idle,657,0.002167000000099506,0
1,4,idle,658,0.0017920000000231084,0
1,4,idle,659,0.0017499999999017746,0
1,4,idle,660,0.0017079999997804407,0
1,4,idle,661,0.0017909999996845727,0
1,4,idle,662,0.0020829999998568383,0
1,4,idle,663,0.0019160000001647859,0
1,4,idle,664,0.0015410000000883883,0
1,4,idle,665,0.001708000000235188,0
1,4,idle,666,0.001750000000356522,0
1,4,idle,667,0.002124999999978172,0
1,4,idle,668,0.0016659999996591068,0
1,4,idle,669,0.0017079999997804407,0
1,4,idle,670,0.0021660000002157176,0
1,4,idle,671,0.0016660000001138542,0
1,4,idle,672,0.0022080000003370515,0
1,4,idle,673,0.001708000000235188,0
1,4,idle,674,0.0020409999997355044,0
1,4,idle,675,0.0017079999997804407,0
1,4,idle,676,0.0017079999997804407,0
1,4,idle,677,0.0016660000001138542,0
1,4,idle,678,0.002250000000003638,0
1,4,idle,679,0.0017499999999017746,0
1,4,idle,680,0.0017079999997804407,0
1,4,idle,681,0.0016669999999976426,0
1,4,idle,682,0.0017499999999017746,0
1,4,idle,683,0.0024169999996956903,0
1,4,idle,684,0.00179100000013932,0
1,4,idle,685,0.001833000000260654,0
1,4,idle,686,0.001708000000235188,0
1,4,idle,687,0.0016660000001138542,0
1,4,idle,688,0.00233299999990777,0
1,4,idle,689,0.0016669999999976426,0
1,4,idle,690,0.0016669999999976426,0
1,4,idle,691,0.001708000000235188,0
1,4,idle,692,0.0016669999999976426,0
1,4,idle,693,0.0028330000000096334,0
1,4,idle,694,0.001750000000356522,0
1,4,idle,695,0.0019170000000485743,0
1,4,idle,696,0.0016249999998763087,0
1,4,idle,697,0.0016669999999976426,0
1,4,idle,698,0.0016669999999976426,0
1,4,idle,699,0.0021669999996447586,0
1,4,idle,700,0.0017920000000231084,0
1,4,idle,701,0.0023339999997915584,0
1,4,idle,702,0.0017079999997804407,0
1,4,idle,703,0.0016660000001138542,0
1,4,idle,704,0.002124999999978172,0
1,4,idle,705,0.0018329999998059066,0
1,4,idle,706,0.0017079999997804407,0
1,4,idle,707,0.0017920000000231084,0
1,4,idle,708,0.001625000000331056,0
1,4,idle,709,0.002124999999978172,0
1,4,idle,710,0.001708000000235188,0
1,4,idle,711,0.0017920000000231084,0
1,4,idle,712,0.0017499999999017746,0
1,4,idle,713,0.001708000000235188,0
1,4,idle,714,0.00233299999990777,0
1,4,idle,715,0.0017090000001189765,0
1,4,idle,716,0.0017920000000231084,0
1,4,idle,717,0.0016249999998763087,0
1,4,idle,718,0.0017079999997804407,0
1,4,idle,719,0.0017090000001189765,0
1,4,idle,720,0.00220900000022084,0
1,4,idle,721,0.002124999999978172,0
1,4,idle,722,0.0018749999999272404,0
1,4,idle,723,0.0017499999999017746,0
1,4,idle,724,0.0017079999997804407,0
1,4,idle,725,0.002666000000317581,0
1,4,idle,726,0.001791999999568361,0
1,4,idle,727,0.0019170000000485743,0
1,4,idle,728,0.0017499999999017746,0
1,4,idle,729,0.0016669999999976426,0
1,4,idle,730,0.002250000000003638,0
1,4,idle,731,0.0016249999998763087,0
1,4,idle,732,0.001625000000331056,0
1,4,idle,733,0.0016249999998763087,0
1,4,idle,734,0.0017920000000231084,0
1,4,idle,735,0.0016669999999976426,0
1,4,idle,736,0.002167000000099506,0
1,4,idle,737,0.0021250000004329195,0
1,4,idle,738,0.0019999999999527063,0
1,4,idle,739,0.0017499999999017746,0
1,4,idle,740,0.0017499999999017746,0
1,4,idle,741,0.002250000000003638,0
1,4,idle,742,0.0016669999999976426,0
1,4,idle,743,0.0017499999999017746,0
1,4,idle,744,0.001708000000235188,0
1,4,idle,745,0.0017920000000231084,0
1,4,idle,746,0.002124999999978172,0
1,4,idle,747,0.0017499999999017746,0
1,4,idle,748,0.0017499999999017746,0
1,4,idle,749,0.0018329999998059066,0
1,4,idle,750,0.0017079999997804407,0
1,4,idle,751,0.002167000000099506,0
1,4,idle,752,0.001625000000331056,0
1,4,idle,753,0.0019999999999527063,0
1,4,idle,754,0.0016249999998763087,0
1,4,idle,755,0.0017079999997804407,0
1,4,idle,756,0.0016660000001138542,0
1,4,idle,757,0.0021659999997609702,0
1,4,idle,758,0.00233299999990777,0
1,4,idle,759,0.0017079999997804407,0
1,4,idle,760,0.0017499999999017746,0
1,4,idle,761,0.0017499999999017746,0
1,4,idle,762,0.0024170000001504377,0
1,4,idle,763,0.0030410000003939786,0
1,4,idle,764,0.0016660000001138542,0
1,4,idle,765,0.0017920000000231084,0
1,4,idle,766,0.0017090000001189765,0
1,4,idle,767,0.002167000000099506,0
1,4,idle,768,0.001959000000169908,0
1,4,idle,769,0.0016669999999976426,0
1,4,idle,770,0.0016669999999976426,0
1,4,idle,771,0.001708000000235188,0
1,4,idle,772,0.0021660000002157176,0
1,4,idle,773,0.0017499999999017746,0
1,4,idle,774,0.0016669999999976426,0
1,4,idle,775,0.0016660000001138542,0
1,4,idle,776,0.001625000000331056,0
1,4,idle,777,0.0016669999999976426,0
1,4,idle,778,0.0021250000004329195,0
1,4,idle,779,0.0019579999998313724,0
1,4,idle,780,0.0017079999997804407,0
1,4,idle,781,0.0016660000001138542,0
1,4,idle,782,0.0021660000002157176,0
1,4,idle,783,0.00233299999990777,0
1,4,idle,784,0.001750000000356522,0
1,4,idle,785,0.0016249999998763087,0
1,4,idle,786,0.0016249999998763087,0
1,4,idle,787,0.0017090000001189765,0
1,4,idle,788,0.002124999999978172,0
1,4,idle,789,0.0016660000001138542,0
1,4,idle,790,0.0017499999999017746,0
1,4,idle,791,0.0016669999999976426,0
1,4,idle,792,0.0020829999998568383,0
1,4,idle,793,0.002375000000029104,0
1,4,idle,794,0.001625000000331056,0
1,4,idle,795,0.002207999999882304,0
1,4,idle,796,0.0016249999998763087,0
1,4,idle,797,0.0017090000001189765,0
1,4,idle,798,0.0016249999998763087,0
1,4,idle,799,0.0019999999999527063,0
1,4,idle,800,0.0017499999999017746,0
1,4,idle,801,0.0017499999999017746,0
1,4,idle,802,0.002124999999978172,0
1,4,idle,803,0.0016249999998763087,0
1,4,idle,804,0.0030419999998230196,0
1,4,idle,805,0.0019999999999527063,0
1,4,idle,806,0.0021659999997609702,0
1,4,idle,807,0.0016659999996591068,0
1,4,idle,808,0.001708000000235188,0
1,4,idle,809,0.002124999999978172,0
1,4,idle,810,0.0017499999999017746,0
1,4,idle,811,0.001958999999715161,0
1,4,idle,812,0.0017090000001189765,0
1,4,idle,813,0.0017499999999017746,0
1,4,idle,814,0.002290999999786436,0
1,4,idle,815,0.0016249999998763087,0
1,4,idle,816,0.001708999999664229,0
1,4,idle,817,0.001708999999664229,0
1,4,idle,818,0.0016669999999976426,0
1,4,idle,819,0.0017090000001189765,0
1,4,idle,820,0.0020829999998568383,0
1,4,idle,821,0.0017499999999017746,0
1,4,idle,822,0.001708999999664229,0
1,4,idle,823,0.0023339999997915584,0
1,4,idle,824,0.001625000000331056,0
1,4,idle,825,0.0025829999999587017,0
1,4,idle,826,0.0016249999998763087,0
1,4,idle,827,0.0016249999998763087,0
1,4,idle,828,0.0017090000001189765,0
1,4,idle,829,0.001708999999664229,0
1,4,idle,830,0.0022080000003370515,0
1,4,idle,831,0.001708000000235188,0
1,4,idle,832,0.002207999999882304,0
1,4,idle,833,0.0017499999999017746,0
1,4,idle,834,0.0017499999999017746,0
1,4,idle,835,0.0016669999999976426,0
1,4,idle,836,0.002041999999619293,0
1,4,idle,837,0.0016249999998763087,0
1,4,idle,838,0.0017499999999017746,0
1,4,idle,839,0.0016669999999976426,0
1,4,idle,840,0.0016659999996591068,0
1,4,idle,841,0.002207999999882304,0
1,4,idle,842,0.0016669999999976426,0
1,4,idle,843,0.0017499999999017746,0
1,4,idle,844,0.0017079999997804407,0
1,4,idle,845,0.0017079999997804407,0
1,4,idle,846,0.002375000000029104,0
1,4,idle,847,0.0017499999999017746,0
1,4,idle,848,0.0017499999999017746,0
1,4,idle,849,0.0016669999999976426,0
1,4,idle,850,0.0016249999998763087,0
1,4,idle,851,0.0021660000002157176,0
1,4,idle,852,0.0016660000001138542,0
1,4,idle,853,0.0019159999997100385,0
1,4,idle,854,0.0016660000001138542,0
1,4,idle,855,0.0018749999999272404,0
1,4,idle,856,0.001708000000235188,0
1,4,idle,857,0.002124999999978172,0
1,4,idle,858,0.0018329999998059066,0
1,4,idle,859,0.0016659999996591068,0
1,4,idle,860,0.0017499999999017746,0
1,4,idle,861,0.0016669999999976426,0
1,4,idle,862,0.0020839999997406267,0
1,4,idle,863,0.001708999999664229,0
1,4,idle,864,0.0016249999998763087,0
1,4,idle,865,0.0016669999999976426,0
1,4,idle,866,0.0016660000001138542,0
1,4,idle,867,0.002124999999978172,0
1,4,idle,868,0.001708999999664229,0
1,4,idle,869,0.002250000000003638,0
1,4,idle,870,0.0016669999999976426,0
1,4,idle,871,0.0019999999999527063,0
1,4,idle,872,0.00204200000007404,0
1,4,idle,873,0.0017499999999017746,0
1,4,idle,874,0.0019170000000485743,0
1,4,idle,875,0.0017499999999017746,0
1,4,idle,876,0.0016660000001138542,0
1,4,idle,877,0.001708000000235188,0
1,4,idle,878,0.002124999999978172,0
1,4,idle,879,0.0017499999999017746,0
1,4,idle,880,0.0016669999999976426,0
1,4,idle,881,0.0016249999998763087,0
1,4,idle,882,0.0021660000002157176,0
1,4,idle,883,0.0020830000003115856,0
1,4,idle,884,0.0017499999999017746,0
1,4,idle,885,0.0019170000000485743,0
1,4,idle,886,0.0016249999998763087,0
1,4,idle,887,0.00233299999990777,0
1,4,idle,888,0.0021659999997609702,0
1,4,idle,889,0.0017079999997804407,0
1,4,idle,890,0.0017079999997804407,0
1,4,idle,891,0.0016660000001138542,0
1,4,idle,892,0.001750000000356522,0
1,4,idle,893,0.0020829999998568383,0
1,4,idle,894,0.0015829999997549749,0
1,4,idle,895,0.0017499999999017746,0
1,4,idle,896,0.0016669999999976426,0
1,4,idle,897,0.0017920000000231084,0
1,4,idle,898,0.001708000000235188,0
1,4,idle,899,0.002290999999786436,0
1,4,idle,900,0.0016249999998763087,0
1,4,idle,901,0.0017090000001189765,0
1,4,idle,902,0.001750000000356522,0
1,4,idle,903,0.001708999999664229,0
1,4,idle,904,0.002124999999978172,0
1,4,idle,905,20.992999999999938,0
1,4,idle,906,0.03116699999964112,0
1,4,idle,907,0.0037919999999758147,0
1,4,idle,908,0.003165999999964697,0
1,4,idle,909,0.0035420000003796304,0
1,4,idle,910,0.0028339999998934218,0
1,4,idle,911,0.0030419999998230196,0
1,4,idle,912,0.002457999999933236,0
1,4,idle,913,0.0020829999998568383,0
1,4,idle,914,0.0027500000001055014,0
1,4,idle,915,0.002292000000124972,0
1,4,idle,916,0.004915999999866472,0
1,4,idle,917,0.0021669999996447586,0
1,4,idle,918,0.0022089999997660925,0
1,4,idle,919,0.002250000000003638,0
1,4,idle,920,0.00287499999967622,0
1,4,idle,921,0.0020410000001902517,0
1,4,idle,922,0.002167000000099506,0
1,4,idle,923,0.0024999999995998223,0
1,4,idle,924,0.002292000000124972,0
1,4,idle,925,0.0025840000002972374,0
1,4,idle,926,0.00220900000022084,0
1,4,idle,927,0.002124999999978172,0
1,4,idle,928,0.002375000000029104,0
1,4,idle,929,0.0019999999999527063,0
1,4,idle,930,0.0024170000001504377,0
1,4,idle,931,0.002124999999978172,0
1,4,idle,932,0.002124999999978172,0
1,4,idle,933,0.0019579999998313724,0
1,4,idle,934,0.0019579999998313724,0
1,4,idle,935,0.00204200000007404,0
1,4,idle,936,0.0038749999998799467,0
1,4,idle,937,0.0025000000000545697,0
1,4,idle,938,0.0035839999995914695,0
1,4,idle,939,0.002084000000195374,0
1,4,idle,940,0.00220900000022084,0
1,4,idle,941,0.0026670000002013694,0
1,4,idle,942,0.003958000000238826,0
1,4,idle,943,0.0022080000003370515,0
1,4,idle,944,0.003125000000181899,0
1,4,idle,945,0.0022089999997660925,0
1,4,idle,946,0.0028339999998934218,0
1,4,idle,947,0.00220900000022084,0
1,4,idle,948,0.0025420000001759036,0
1,4,idle,949,0.004625000000032742,0
1,4,idle,950,0.0022919999996702245,0
1,4,idle,951,0.0029169999997975538,0
1,4,idle,952,0.002207999999882304,0
1,4,idle,953,0.0019579999998313724,0
1,4,idle,954,0.0019999999999527063,0
1,4,idle,955,0.001958999999715161,0
1,4,idle,956,0.0019999999999527063,0
1,4,idle,957,0.002541999999721156,0
1,4,idle,958,0.001958999999715161,0
1,4,idle,959,0.001959000000169908,0
1,4,idle,960,0.00204200000007404,0
1,4,idle,961,0.0018749999999272404,0
1,4,idle,962,0.0025000000000545697,0
1,4,idle,963,0.0020829999998568383,0
1,4,idle,964,0.002124999999978172,0
1,4,idle,965,0.0020409999997355044,0
1,4,idle,966,0.0019999999999527063,0
1,4,idle,967,0.0028330000000096334,0
1,4,idle,968,0.0024999999995998223,0
1,4,idle,969,0.002292000000124972,0
1,4,idle,970,0.005583999999998923,0
1,4,idle,971,0.0019999999999527063,0
1,4,idle,972,0.0025420000001759036,0
1,4,idle,973,0.00204200000007404,0
1,4,idle,974,0.002124999999978172,0
1,4,idle,975,0.002084000000195374,0
1,4,idle,976,0.003333999999995285,0
1,4,idle,977,0.0020839999997406267,0
1,4,idle,978,0.0027500000001055014,0
1,4,idle,979,0.002167000000099506,0
1,4,idle,980,0.002124999999978172,0
1,4,idle,981,0.0026250000000800355,0
1,4,idle,982,0.0019579999998313724,0
1,4,idle,983,0.0027909999998882995,0
1,4,idle,984,0.002124999999978172,0
1,4,idle,985,0.0020829999998568383,0
1,4,idle,986,0.0019160000001647859,0
1,4,idle,987,0.0020830000003115856,0
1,4,idle,988,0.0024170000001504377,0
1,4,idle,989,0.00204200000007404,0
1,4,idle,990,0.002124999999978172,0
1,4,idle,991,0.0020839999997406267,0
1,4,idle,992,0.0021669999996447586,0
1,4,idle,993,0.0024160000002666493,0
1,4,idle,994,0.0019580000002861198,0
1,4,idle,995,0.0020000000004074536,0
1,4,idle,996,0.0020830000003115856,0
1,4,idle,997,0.0019580000002861198,0
1,4,idle,998,0.0020000000004074536,0
1,4,idle,999,0.00258399999984249,0
1,4,event,0,0.0312909999997828,4
1,4,event,1,0.0033749999997780833,0
1,4,event,2,0.0019999999999527063,0
1,4,event,3,0.0018749999999272404,0
1,4,event,4,0.0025000000000545697,0
1,4,event,5,0.001833000000260654,0
1,4,event,6,0.001833000000260654,0
1,4,event,7,0.0031669999998484855,0
1,4,event,8,0.001750000000356522,0
1,4,event,9,0.0017920000000231084,0
1,4,event,10,0.002292000000124972,0
1,4,event,11,0.001833999999689695,0
1,4,event,12,0.0017499999999017746,0
1,4,event,13,0.0017499999999017746,0
1,4,event,14,0.00179100000013932,0
1,4,event,15,0.002124999999978172,0
1,4,event,16,0.0016669999999976426,0
1,4,event,17,0.0016669999999976426,0
1,4,event,18,0.0016669999999976426,0
1,4,event,19,0.0017090000001189765,0
1,4,event,20,0.0020829999998568383,0
1,4,event,21,0.002250000000003638,0
1,4,event,22,0.001708000000235188,0
1,4,event,23,0.001750000000356522,0
1,4,event,24,0.001833999999689695,0
1,4,event,25,0.002250000000003638,0
1,4,event,26,0.0022910000002411834,0
1,4,event,27,0.0018749999999272404,0
1,4,event,28,0.0016669999999976426,0
1,4,event,29,0.0017499999999017746,0
1,4,event,30,0.001750000000356522,0
1,4,event,31,0.002292000000124972,0
1,4,event,32,0.0026250000000800355,0
1,4,event,33,0.0018329999998059066,0
1,4,event,34,0.0017079999997804407,0
1,4,event,35,0.0016659999996591068,0
1,4,event,36,0.002292000000124972,0
1,4,event,37,0.0016249999998763087,0
1,4,event,38,0.001958999999715161,0
1,4,event,39,0.0017499999999017746,0
1,4,event,40,0.0021660000002157176,0
1,4,event,41,0.0021660000002157176,0
1,4,event,42,0.0017079999997804407,0
1,4,event,43,0.0017079999997804407,0
1,4,event,44,0.0017090000001189765,0
1,4,event,45,0.001791999999568361,0
1,4,event,46,0.0022910000002411834,0
1,4,event,47,0.001708000000235188,0
1,4,event,48,0.0017499999999017746,0
1,4,event,49,0.0017920000000231084,0
1,4,event,50,0.0017920000000231084,0
1,4,event,51,0.0020409999997355044,0
1,4,event,52,0.002250000000003638,0
1,4,event,53,0.0020000000004074536,0
1,4,event,54,0.0017499999999017746,0
1,4,event,55,0.001833999999689695,0
1,4,event,56,0.0019999999999527063,0
1,4,event,57,0.002375000000029104,0
1,4,event,58,0.0017499999999017746,0
1,4,event,59,0.0017920000000231084,0
1,4,event,60,0.02525000000014188,4
1,4,event,61,0.0028330000000096334,0
1,4,event,62,0.002540999999837368,0
1,4,event,63,0.0017499999999017746,0
1,4,event,64,0.0017499999999017746,0
1,4,event,65,0.00233299999990777,0
1,4,event,66,0.00179100000013932,0
1,4,event,67,0.002041999999619293,0
1,4,event,68,0.0017090000001189765,0
1,4,event,69,0.0017499999999017746,0
1,4,event,70,0.001750000000356522,0
1,4,event,71,0.002124999999978172,0
1,4,event,72,0.001833999999689695,0
1,4,event,73,0.0018749999999272404,0
1,4,event,74,0.0018329999998059066,0
1,4,event,75,0.0018329999998059066,0
1,4,event,76,0.002124999999978172,0
1,4,event,77,0.0016249999998763087,0
1,4,event,78,0.0017079999997804407,0
1,4,event,79,0.0018749999999272404,0
1,4,event,80,0.0017499999999017746,0
1,4,event,81,0.0027500000001055014,0
1,4,event,82,0.0022919999996702245,0
1,4,event,83,0.0017499999999017746,0
1,4,event,84,0.0016669999999976426,0
1,4,event,85,0.0019999999999527063,0
1,4,event,86,0.00220900000022084,0
1,4,event,87,0.0016669999999976426,0
1,4,event,88,0.001708000000235188,0
1,4,event,89,0.0016669999999976426,0
1,4,event,90,0.001708999999664229,0
1,4,event,91,0.0017499999999017746,0
1,4,event,92,0.002375000000029104,0
1,4,event,93,0.0029999999997016857,0
1,4,event,94,0.0017920000000231084,0
1,4,event,95,0.0019160000001647859,0
1,4,event,96,0.0017499999999017746,0
1,4,event,97,0.00233299999990777,0
1,4,event,98,0.0017090000001189765,0
1,4,event,99,0.002167000000099506,0
1,4,event,100,0.0017090000001189765,0
1,4,event,101,0.0016669999999976426,0
1,4,event,102,0.0023330000003625173,0
1,4,event,103,0.00179100000013932,0
1,4,event,104,0.0017920000000231084,0
1,4,event,105,0.0017499999999017746,0
1,4,event,106,0.0018329999998059066,0
1,4,event,107,0.0017090000001189765,0
1,4,event,108,0.0022919999996702245,0
1,4,event,109,0.0017079999997804407,0
1,4,event,110,0.001833999999689695,0
1,4,event,111,0.0016249999998763087,0
1,4,event,112,0.0016659999996591068,0
1,4,event,113,0.0021659999997609702,0
1,4,event,114,0.00204200000007404,0
1,4,event,115,0.002457999999933236,0
1,4,event,116,0.0017079999997804407,0
1,4,event,117,0.0018749999999272404,0
1,4,event,118,0.002250000000003638,0
1,4,event,119,0.001708999999664229,0
1,4,event,120,0.022666999999728432,4
1,4,event,121,0.0032089999999698193,0
1,4,event,122,0.0018329999998059066,0
1,4,event,123,0.0018749999999272404,0
1,4,event,124,0.0019579999998313724,0
1,4,event,125,0.00179100000013932,0
1,4,event,126,0.0022080000003370515,0
1,4,event,127,0.0016660000001138542,0
1,4,event,128,0.0019580000002861198,0
1,4,event,129,0.0016669999999976426,0
1,4,event,130,0.0016669999999976426,0
1,4,event,131,0.0017090000001189765,0
1,4,event,132,0.002292000000124972,0
1,4,event,133,0.0017920000000231084,0
1,4,event,134,0.0016669999999976426,0
1,4,event,135,0.0031669999998484855,0
1,4,event,136,0.0017499999999017746,0
1,4,event,137,0.002124999999978172,0
1,4,event,138,0.001833999999689695,0
1,4,event,139,0.0017090000001189765,0
1,4,event,140,0.0017090000001189765,0
1,4,event,141,0.002167000000099506,0
1,4,event,142,0.002167000000099506,0
1,4,event,143,0.0017090000001189765,0
1,4,event,144,0.001708000000235188,0
1,4,event,145,0.0016669999999976426,0
1,4,event,146,0.0018749999999272404,0
1,4,event,147,0.002457999999933236,0
1,4,event,148,0.001750000000356522,0
1,4,event,149,0.0017079999997804407,0
1,4,event,150,0.0018329999998059066,0
1,4,event,151,0.002124999999978172,0
1,4,event,152,0.0016669999999976426,0
1,4,event,153,0.0022080000003370515,0
1,4,event,154,0.0024170000001504377,0
1,4,event,155,0.001833999999689695,0
1,4,event,156,0.001750000000356522,0
1,4,event,157,0.0018750000003819878,0
1,4,event,158,0.002124999999978172,0
1,4,event,159,0.0016659999996591068,0
1,4,event,160,0.0017920000000231084,0
1,4,event,161,0.0016669999999976426,0
1,4,event,162,0.0017499999999017746,0
1,4,event,163,0.0022080000003370515,0
1,4,event,164,0.001708000000235188,0
1,4,event,165,0.0018340000001444423,0
1,4,event,166,0.0017499999999017746,0
1,4,event,167,0.0016669999999976426,0
1,4,event,168,0.0016669999999976426,0
1,4,event,169,0.002250000000003638,0
1,4,event,170,0.0017499999999017746,0
1,4,event,171,0.0017079999997804407,0
1,4,event,172,0.0016669999999976426,0
1,4,event,173,0.0027090000003227033,0
1,4,event,174,0.002250000000003638,0
1,4,event,175,0.0018749999999272404,0
1,4,event,176,0.0018329999998059066,0
1,4,event,177,0.0016249999998763087,0
1,4,event,178,0.001708000000235188,0
1,4,event,179,0.0022910000002411834,0
1,4,event,180,0.022249999999985448,4
1,4,event,181,0.002666999999746622,0
1,4,event,182,0.0025829999999587017,0
1,4,event,183,0.00179100000013932,0
1,4,event,184,0.0018750000003819878,0
1,4,event,185,0.001958999999715161,0
1,4,event,186,0.0017079999997804407,0
1,4,event,187,0.002957999999580352,0
1,4,event,188,0.0016669999999976426,0
1,4,event,189,0.00258399999984249,0
1,4,event,190,0.001750000000356522,0
1,4,event,191,0.0018340000001444423,0
1,4,event,192,0.0017090000001189765,0
1,4,event,193,0.002292000000124972,0
1,4,event,194,0.0017079999997804407,0
1,4,event,195,0.0016660000001138542,0
1,4,event,196,0.0017499999999017746,0
1,4,event,197,0.0016669999999976426,0
1,4,event,198,0.002250000000003638,0
1,4,event,199,0.0016249999998763087,0
1,4,event,200,0.0017090000001189765,0
1,4,event,201,0.0021250000004329195,0
1,4,event,202,0.0017079999997804407,0
1,4,event,203,0.002207999999882304,0
1,4,event,204,0.0021660000002157176,0
1,4,event,205,0.002124999999978172,0
1,4,event,206,0.002167000000099506,0
1,4,event,207,0.0019580000002861198,0
1,4,event,208,0.0019580000002861198,0
1,4,event,209,0.0027500000001055014,0
1,4,event,210,0.001708999999664229,0
1,4,event,211,0.0017499999999017746,0
1,4,event,212,0.0016669999999976426,0
1,4,event,213,0.0017499999999017746,0
1,4,event,214,0.002167000000099506,0
1,4,event,215,0.0024170000001504377,0
1,4,event,216,0.0016249999998763087,0
1,4,event,217,0.001708000000235188,0
1,4,event,218,0.001750000000356522,0
1,4,event,219,0.0023339999997915584,0
1,4,event,220,0.0016249999998763087,0
1,4,event,221,0.0018329999998059066,0
1,4,event,222,0.0017499999999017746,0
1,4,event,223,0.001708999999664229,0
1,4,event,224,0.0019999999999527063,0
1,4,event,225,0.0017920000000231084,0
1,4,event,226,0.0017090000001189765,0
1,4,event,227,0.0016249999998763087,0
1,4,event,228,0.0017920000000231084,0
1,4,event,229,0.0017499999999017746,0
1,4,event,230,0.002124999999978172,0
1,4,event,231,0.0016660000001138542,0
1,4,event,232,0.0016659999996591068,0
1,4,event,233,0.0016660000001138542,0
1,4,event,234,0.0017079999997804407,0
1,4,event,235,0.002124999999978172,0
1,4,event,236,0.0016660000001138542,0
1,4,event,237,0.00179100000013932,0
1,4,event,238,0.0016669999999976426,0
1,4,event,239,0.0016249999998763087,0
1,4,event,240,0.02208299999983865,4
1,4,event,241,0.00258399999984249,0
1,4,event,242,0.001750000000356522,0
1,4,event,243,0.002458000000387983,0
1,4,event,244,0.001833000000260654,0
1,4,event,245,0.002250000000003638,0
1,4,event,246,0.001708999999664229,0
1,4,event,247,0.0017920000000231084,0
1,4,event,248,0.0016249999998763087,0
1,4,event,249,0.002167000000099506,0
1,4,event,250,0.0016669999999976426,0
1,4,event,251,0.001750000000356522,0
1,4,event,252,0.002457999999933236,0
1,4,event,253,0.001708000000235188,0
1,4,event,254,0.00233299999990777,0
1,4,event,255,0.00179100000013932,0
1,4,event,256,0.0016669999999976426,0
1,4,event,257,0.0017499999999017746,0
1,4,event,258,0.0018329999998059066,0
1,4,event,259,0.002290999999786436,0
1,4,event,260,0.0017079999997804407,0
1,4,event,261,0.0021669999996447586,0
1,4,event,262,0.001833000000260654,0
1,4,event,263,0.002124999999978172,0
1,4,event,264,0.00233299999990777,0
1,4,event,265,0.001625000000331056,0
1,4,event,266,0.001750000000356522,0
1,4,event,267,0.0017920000000231084,0
1,4,event,268,0.00179100000013932,0
1,4,event,269,0.0017499999999017746,0
1,4,event,270,0.0022919999996702245,0
1,4,event,271,0.00179100000013932,0
1,4,event,272,0.0016669999999976426,0
1,4,event,273,0.0016249999998763087,0
1,4,event,274,0.0017079999997804407,0
1,4,event,275,0.0021250000004329195,0
1,4,event,276,0.00233299999990777,0
1,4,event,277,0.001833000000260654,0
1,4,event,278,0.0016660000001138542,0
1,4,event,279,0.0017079999997804407,0
1,4,event,280,0.002207999999882304,0
1,4,event,281,0.0016669999999976426,0
1,4,event,282,0.0018749999999272404,0
1,4,event,283,0.002167000000099506,0
1,4,event,284,0.00179100000013932,0
1,4,event,285,0.002167000000099506,0
1,4,event,286,0.0017920000000231084,0
1,4,event,287,0.0018749999999272404,0
1,4,event,288,0.0016249999998763087,0
1,4,event,289,0.0017079999997804407,0
1,4,event,290,0.0017079999997804407,0
1,4,event,291,0.0020829999998568383,0
1,4,event,292,0.0017499999999017746,0
1,4,event,293,0.001833000000260654,0
1,4,event,294,0.0016249999998763087,0
1,4,event,295,0.0017079999997804407,0
1,4,event,296,0.0021659999997609702,0
1,4,event,297,0.0017079999997804407,0
1,4,event,298,0.0018329999998059066,0
1,4,event,299,0.001833000000260654,0
1,4,event,300,0.022417000000132248,4
1,4,event,301,0.0024999999995998223,0
1,4,event,302,0.0017920000000231084,0
1,4,event,303,0.0017499999999017746,0
1,4,event,304,0.00233299999990777,0
1,4,event,305,0.00179100000013932,0
1,4,event,306,0.0017920000000231084,0
1,4,event,307,0.0019170000000485743,0
1,4,event,308,0.0017499999999017746,0
1,4,event,309,0.0028330000000096334,0
1,4,event,310,0.002207999999882304,0
1,4,event,311,0.0018329999998059066,0
1,4,event,312,0.0016669999999976426,0
1,4,event,313,0.0016669999999976426,0
1,4,event,314,0.001750000000356522,0
1,4,event,315,0.0020830000003115856,0
1,4,event,316,0.0018340000001444423,0
1,4,event,317,0.0016669999999976426,0
1,4,event,318,0.0017920000000231084,0
1,4,event,319,0.002124999999978172,0
1,4,event,320,0.0025840000002972374,0
1,4,event,321,0.0017499999999017746,0
1,4,event,322,0.0020409999997355044,0
1,4,event,323,0.0016660000001138542,0
1,4,event,324,0.0016249999998763087,0
1,4,event,325,0.002167000000099506,0
1,4,event,326,0.0016249999998763087,0
1,4,event,327,0.0017079999997804407,0
1,4,event,328,0.0018329999998059066,0
1,4,event,329,0.0018750000003819878,0
1,4,event,330,0.001750000000356522,0
1,4,event,331,0.002250000000003638,0
1,4,event,332,0.001791999999568361,0
1,4,event,333,0.0017079999997804407,0
1,4,event,334,0.009874999999738066,0
1,4,event,335,0.0018749999999272404,0
1,4,event,336,0.002250000000003638,0
1,4,event,337,0.011458000000402535,0
1,4,event,338,0.0018329999998059066,0
1,4,event,339,0.0017499999999017746,0
1,4,event,340,0.001750000000356522,0
1,4,event,341,0.00233299999990777,0
1,4,event,342,0.001708000000235188,0
1,4,event,343,0.0018749999999272404,0
1,4,event,344,0.0016249999998763087,0
1,4,event,345,0.0017920000000231084,0
1,4,event,346,0.002250000000003638,0
1,4,event,347,0.001833000000260654,0
1,4,event,348,0.0019999999999527063,0
1,4,event,349,0.0016660000001138542,0
1,4,event,350,0.0024999999995998223,0
1,4,event,351,0.00258399999984249,0
1,4,event,352,0.002124999999978172,0
1,4,event,353,0.001708000000235188,0
1,4,event,354,0.0016660000001138542,0
1,4,event,355,0.0017079999997804407,0
1,4,event,356,0.00233299999990777,0
1,4,event,357,0.002250000000003638,0
1,4,event,358,0.0019170000000485743,0
1,4,event,359,0.0019999999999527063,0
1,4,event,360,0.025375000000167347,4
1,4,event,361,0.002541999999721156,0
1,4,event,362,0.0018329999998059066,0
1,4,event,363,0.0017079999997804407,0
1,4,event,364,0.001708000000235188,0
1,4,event,365,0.002250000000003638,0
1,4,event,366,0.0017090000001189765,0
1,4,event,367,0.002250000000003638,0
1,4,event,368,0.0017920000000231084,0
1,4,event,369,0.0015830000002097222,0
1,4,event,370,0.0017499999999017746,0
1,4,event,371,0.0022919999996702245,0
1,4,event,372,0.0016669999999976426,0
1,4,event,373,0.0017499999999017746,0
1,4,event,374,0.0017079999997804407,0
1,4,event,375,0.00233299999990777,0
1,4,event,376,0.002124999999978172,0
1,4,event,377,0.0017499999999017746,0
1,4,event,378,0.0017499999999017746,0
1,4,event,379,0.00204200000007404,0
1,4,event,380,0.002124999999978172,0
1,4,event,381,0.0022919999996702245,0
1,4,event,382,0.001833999999689695,0
1,4,event,383,0.0017090000001189765,0
1,4,event,384,0.0016669999999976426,0
1,4,event,385,0.0017499999999017746,0
1,4,event,386,0.0020829999998568383,0
1,4,event,387,0.0015830000002097222,0
1,4,event,388,0.0017499999999017746,0
1,4,event,389,0.0017920000000231084,0
1,4,event,390,0.0018749999999272404,0
1,4,event,391,0.002124999999978172,0
1,4,event,392,0.0026250000000800355,0
1,4,event,393,0.0017499999999017746,0
1,4,event,394,0.0017499999999017746,0
1,4,event,395,0.001708999999664229,0
1,4,event,396,0.0016249999998763087,0
1,4,event,397,0.002207999999882304,0
1,4,event,398,0.002250000000003638,0
1,4,event,399,0.001833000000260654,0
1,4,event,400,0.0017499999999017746,0
1,4,event,401,0.0018329999998059066,0
1,4,event,402,0.002250000000003638,0
1,4,event,403,0.0023340000002463057,0
1,4,event,404,0.0018749999999272404,0
1,4,event,405,0.0017079999997804407,0
1,4,event,406,0.001708000000235188,0
1,4,event,407,0.0022080000003370515,0
1,4,event,408,0.001708000000235188,0
1,4,event,409,0.0016249999998763087,0
1,4,event,410,0.0017499999999017746,0
1,4,event,411,0.001708999999664229,0
1,4,event,412,0.0018750000003819878,0
1,4,event,413,0.00204200000007404,0
1,4,event,414,0.0016249999998763087,0
1,4,event,415,0.0016659999996591068,0
1,4,event,416,0.0017079999997804407,0
1,4,event,417,0.0016669999999976426,0
1,4,event,418,0.0022089999997660925,0
1,4,event,419,0.0017920000000231084,0
1,4,event,420,0.021583000000191532,4
1,4,event,421,0.003290999999990163,0
1,4,event,422,0.0018750000003819878,0
1,4,event,423,0.001708000000235188,0
1,4,event,424,0.00204200000007404,0
1,4,event,425,0.0016659999996591068,0
1,4,event,426,0.002124999999978172,0
1,4,event,427,0.001750000000356522,0
1,4,event,428,0.001833000000260654,0
1,4,event,429,0.002167000000099506,0
1,4,event,430,0.0016669999999976426,0
1,4,event,431,0.0016249999998763087,0
1,4,event,432,0.0021659999997609702,0
1,4,event,433,0.0017909999996845727,0
1,4,event,434,0.0016660000001138542,0
1,4,event,435,0.001833000000260654,0
1,4,event,436,0.001708000000235188,0
1,4,event,437,0.0022089999997660925,0
1,4,event,438,0.0016669999999976426,0
1,4,event,439,0.0017079999997804407,0
1,4,event,440,0.002250000000003638,0
1,4,event,441,0.0017079999997804407,0
1,4,event,442,0.002167000000099506,0
1,4,event,443,0.0016249999998763087,0
1,4,event,444,0.0018749999999272404,0
1,4,event,445,0.0017079999997804407,0
1,4,event,446,0.0016249999998763087,0
1,4,event,447,0.002084000000195374,0
1,4,event,448,0.0016669999999976426,0
1,4,event,449,0.0018749999999272404,0
1,4,event,450,0.001708000000235188,0
1,4,event,451,0.0017920000000231084,0
1,4,event,452,0.0017090000001189765,0
1,4,event,453,0.002207999999882304,0
1,4,event,454,0.0017499999999017746,0
1,4,event,455,0.0027500000001055014,0
1,4,event,456,0.0017499999999017746,0
1,4,event,457,0.003499999999803549,0
1,4,event,458,0.0022919999996702245,0
1,4,event,459,0.002250000000003638,0
1,4,event,460,0.001833999999689695,0
1,4,event,461,0.0016249999998763087,0
1,4,event,462,0.0019579999998313724,0
1,4,event,463,0.002124999999978172,0
1,4,event,464,0.0017079999997804407,0
1,4,event,465,0.0017920000000231084,0
1,4,event,466,0.0020830000003115856,0
1,4,event,467,0.001708000000235188,0
1,4,event,468,0.0022080000003370515,0
1,4,event,469,0.0017499999999017746,0
1,4,event,470,0.0017499999999017746,0
1,4,event,471,0.0016669999999976426,0
1,4,event,472,0.001625000000331056,0
1,4,event,473,0.0016660000001138542,0
1,4,event,474,0.002250000000003638,0
1,4,event,475,0.001958999999715161,0
1,4,event,476,0.0017079999997804407,0
1,4,event,477,0.0016249999998763087,0
1,4,event,478,0.001625000000331056,0
1,4,event,479,0.0020829999998568383,0
1,4,event,480,0.03587500000003274,4
1,4,event,481,0.002375000000029104,0
1,4,event,482,0.0025000000000545697,0
1,4,event,483,0.0017499999999017746,0
1,4,event,484,0.0017499999999017746,0
1,4,event,485,0.001708999999664229,0
1,4,event,486,0.0024170000001504377,0
1,4,event,487,0.002250000000003638,0
1,4,event,488,0.0017499999999017746,0
1,4,event,489,0.00179100000013932,0
1,4,event,490,0.0017499999999017746,0
1,4,event,491,0.0018329999998059066,0
1,4,event,492,0.0021659999997609702,0
1,4,event,493,0.001708000000235188,0
1,4,event,494,0.0016669999999976426,0
1,4,event,495,0.0016669999999976426,0
1,4,event,496,0.0019170000000485743,0
1,4,event,497,0.0017079999997804407,0
1,4,event,498,0.002124999999978172,0
1,4,event,499,0.001750000000356522,0
1,4,event,500,0.0020829999998568383,0
1,4,event,501,0.001708000000235188,0
1,4,event,502,0.001958999999715161,0
1,4,event,503,0.002124999999978172,0
1,4,event,504,0.0016669999999976426,0
1,4,event,505,0.0017499999999017746,0
1,4,event,506,0.001708000000235188,0
1,4,event,507,0.001708000000235188,0
1,4,event,508,0.0029580000000350992,0
1,4,event,509,0.0017090000001189765,0
1,4,event,510,0.001708000000235188,0
1,4,event,511,0.0016660000001138542,0
1,4,event,512,0.0018329999998059066,0
1,4,event,513,0.002457999999933236,0
1,4,event,514,0.0017079999997804407,0
1,4,event,515,0.0017499999999017746,0
1,4,event,516,0.0016660000001138542,0
1,4,event,517,0.001708000000235188,0
1,4,event,518,0.001750000000356522,0
1,4,event,519,0.002292000000124972,0
1,4,event,520,0.0025420000001759036,0
1,4,event,521,0.001833000000260654,0
1,4,event,522,0.0017499999999017746,0
1,4,event,523,0.0017079999997804407,0
1,4,event,524,0.0021659999997609702,0
1,4,event,525,0.0017079999997804407,0
1,4,event,526,0.0016249999998763087,0
1,4,event,527,0.00179100000013932,0
1,4,event,528,0.0016660000001138542,0
1,4,event,529,0.002167000000099506,0
1,4,event,530,0.0017920000000231084,0
1,4,event,531,0.002292000000124972,0
1,4,event,532,0.0017499999999017746,0
1,4,event,533,0.0017499999999017746,0
1,4,event,534,0.00233299999990777,0
1,4,event,535,0.0016669999999976426,0
1,4,event,536,0.0017499999999017746,0
1,4,event,537,0.0016249999998763087,0
1,4,event,538,0.0016249999998763087,0
1,4,event,539,0.0016669999999976426,0
1,4,event,540,0.021999999999934516,4
1,4,event,541,0.002624999999625288,0
1,4,event,542,0.0017499999999017746,0
1,4,event,543,0.002375000000029104,0
1,4,event,544,0.001833999999689695,0
1,4,event,545,0.0017499999999017746,0
1,4,event,546,0.0017499999999017746,0
1,4,event,547,0.0017079999997804407,0
1,4,event,548,0.002250000000003638,0
1,4,event,549,0.0017090000001189765,0
1,4,event,550,0.001750000000356522,0
1,4,event,551,0.001708000000235188,0
1,4,event,552,0.0016249999998763087,0
1,4,event,553,0.002207999999882304,0
1,4,event,554,0.0017079999997804407,0
1,4,event,555,0.0017090000001189765,0
1,4,event,556,0.001708999999664229,0
1,4,event,557,0.0016669999999976426,0
1,4,event,558,0.0016249999998763087,0
1,4,event,559,0.002124999999978172,0
1,4,event,560,0.0030839999999443535,0
1,4,event,561,0.0019999999999527063,0
1,4,event,562,0.0016669999999976426,0
1,4,event,563,0.0019579999998313724,0
1,4,event,564,0.002207999999882304,0
1,4,event,565,0.0016249999998763087,0
1,4,event,566,0.001708999999664229,0
1,4,event,567,0.0017090000001189765,0
1,4,event,568,0.0017920000000231084,0
1,4,event,569,0.0020829999998568383,0
1,4,event,570,0.0015840000000935106,0
1,4,event,571,0.001625000000331056,0
1,4,event,572,0.0018749999999272404,0
1,4,event,573,0.0016669999999976426,0
1,4,event,574,0.00220900000022084,0
1,4,event,575,0.0017079999997804407,0
1,4,event,576,0.00233299999990777,0
1,4,event,577,0.0019159999997100385,0
1,4,event,578,0.0017920000000231084,0
1,4,event,579,0.0017090000001189765,0
1,4,event,580,0.0021669999996447586,0
1,4,event,581,0.002375000000029104,0
1,4,event,582,0.001833000000260654,0
1,4,event,583,0.001750000000356522,0
1,4,event,584,0.0016660000001138542,0
1,4,event,585,0.0030419999998230196,0
1,4,event,586,0.0017920000000231084,0
1,4,event,587,0.001833000000260654,0
1,4,event,588,0.0016249999998763087,0
1,4,event,589,0.0016660000001138542,0
1,4,event,590,0.002292000000124972,0
1,4,event,591,0.001708999999664229,0
1,4,event,592,0.0018749999999272404,0
1,4,event,593,0.001708000000235188,0
1,4,event,594,0.0016249999998763087,0
1,4,event,595,0.0016249999998763087,0
1,4,event,596,0.002124999999978172,0
1,4,event,597,0.0016669999999976426,0
1,4,event,598,0.001958999999715161,0
1,4,event,599,0.0017920000000231084,0
1,4,event,600,0.02041700000017954,4
1,4,event,601,0.002167000000099506,0
1,4,event,602,0.0019580000002861198,0
1,4,event,603,0.0017909999996845727,0
1,4,event,604,0.0025000000000545697,0
1,4,event,605,0.0016669999999976426,0
1,4,event,606,0.0017499999999017746,0
1,4,event,607,0.0019580000002861198,0
1,4,event,608,0.0016669999999976426,0
1,4,event,609,0.002250000000003638,0
1,4,event,610,0.001708000000235188,0
1,4,event,611,0.001750000000356522,0
1,4,event,612,0.0029580000000350992,0
1,4,event,613,0.001750000000356522,0
1,4,event,614,0.002124999999978172,0
1,4,event,615,0.0016249999998763087,0
1,4,event,616,0.0018749999999272404,0
1,4,event,617,0.0016669999999976426,0
1,4,event,618,0.0016249999998763087,0
1,4,event,619,0.0019999999999527063,0
1,4,event,620,0.0022089999997660925,0
1,4,event,621,0.0018749999999272404,0
1,4,event,622,0.0016249999998763087,0
1,4,event,623,0.0016669999999976426,0
1,4,event,624,0.0016249999998763087,0
1,4,event,625,0.002124999999978172,0
1,4,event,626,0.0016669999999976426,0
1,4,event,627,0.0016669999999976426,0
1,4,event,628,0.0016249999998763087,0
1,4,event,629,0.0016669999999976426,0
1,4,event,630,0.002124999999978172,0
1,4,event,631,0.001708000000235188,0
1,4,event,632,0.001833000000260654,0
1,4,event,633,0.0017499999999017746,0
1,4,event,634,0.0015830000002097222,0
1,4,event,635,0.0017079999997804407,0
1,4,event,636,0.0022910000002411834,0
1,4,event,637,0.002167000000099506,0
1,4,event,638,0.001708999999664229,0
1,4,event,639,0.0017920000000231084,0
1,4,event,640,0.0017079999997804407,0
1,4,event,641,0.00220900000022084,0
1,4,event,642,0.002375000000029104,0
1,4,event,643,0.0017079999997804407,0
1,4,event,644,0.0017090000001189765,0
1,4,event,645,0.002041999999619293,0
1,4,event,646,0.0022910000002411834,0
1,4,event,647,0.0016669999999976426,0
1,4,event,648,0.0016669999999976426,0
1,4,event,649,0.0019579999998313724,0
1,4,event,650,0.0016249999998763087,0
1,4,event,651,0.002167000000099506,0
1,4,event,652,0.0016660000001138542,0
1,4,event,653,0.001750000000356522,0
1,4,event,654,0.0016669999999976426,0
1,4,event,655,0.0017499999999017746,0
1,4,event,656,0.0017090000001189765,0
1,4,event,657,0.002124999999978172,0
1,4,event,658,0.0019170000000485743,0
1,4,event,659,0.001708000000235188,0
1,4,event,660,0.020833999999922526,4
1,4,event,661,0.002250000000003638,0
1,4,event,662,0.00179100000013932,0
1,4,event,663,0.0019580000002861198,0
1,4,event,664,0.0026670000002013694,0
1,4,event,665,0.0025000000000545697,0
1,4,event,666,0.0018329999998059066,0
1,4,event,667,0.0017499999999017746,0
1,4,event,668,0.0016249999998763087,0
1,4,event,669,0.0017079999997804407,0
1,4,event,670,0.002457999999933236,0
1,4,event,671,0.0016660000001138542,0
1,4,event,672,0.0017909999996845727,0
1,4,event,673,0.001708000000235188,0
1,4,event,674,0.001708000000235188,0
1,4,event,675,0.0021669999996447586,0
1,4,event,676,0.0017920000000231084,0
1,4,event,677,0.0017090000001189765,0
1,4,event,678,0.0016669999999976426,0
1,4,event,679,0.002375000000029104,0
1,4,event,680,0.0017499999999017746,0
1,4,event,681,0.0020829999998568383,0
1,4,event,682,0.0017499999999017746,0
1,4,event,683,0.0016669999999976426,0
1,4,event,684,0.0018340000001444423,0
1,4,event,685,0.0016249999998763087,0
1,4,event,686,0.002290999999786436,0
1,4,event,687,0.0016249999998763087,0
1,4,event,688,0.001708000000235188,0
1,4,event,689,0.001708000000235188,0
1,4,event,690,0.001708000000235188,0
1,4,event,691,0.0020829999998568383,0
1,4,event,692,0.0016659999996591068,0
1,4,event,693,0.0018329999998059066,0
1,4,event,694,0.0016660000001138542,0
1,4,event,695,0.0016249999998763087,0
1,4,event,696,0.0017079999997804407,0
1,4,event,697,0.002292000000124972,0
1,4,event,698,0.0017090000001189765,0
1,4,event,699,0.0016669999999976426,0
1,4,event,700,0.0016669999999976426,0
1,4,event,701,0.0016669999999976426,0
1,4,event,702,0.0022499999995488906,0
1,4,event,703,0.0026250000000800355,0
1,4,event,704,0.0016249999998763087,0
1,4,event,705,0.0017499999999017746,0
1,4,event,706,0.002207999999882304,0
1,4,event,707,0.0027500000001055014,0
1,4,event,708,0.0021250000004329195,0
1,4,event,709,0.0016669999999976426,0
1,4,event,710,0.0020829999998568383,0
1,4,event,711,0.0017079999997804407,0
1,4,event,712,0.002207999999882304,0
1,4,event,713,0.001708000000235188,0
1,4,event,714,0.001750000000356522,0
1,4,event,715,0.0017090000001189765,0
1,4,event,716,0.0017920000000231084,0
1,4,event,717,0.0017499999999017746,0
1,4,event,718,0.0023340000002463057,0
1,4,event,719,0.0017499999999017746,0
1,4,event,720,0.020916999999826658,4
1,4,event,721,0.0030829999996058177,0
1,4,event,722,0.0024160000002666493,0
1,4,event,723,0.00179100000013932,0
1,4,event,724,0.0019999999999527063,0
1,4,event,725,0.001708000000235188,0
1,4,event,726,0.002292000000124972,0
1,4,event,727,0.0017909999996845727,0
1,4,event,728,0.0017499999999017746,0
1,4,event,729,0.001750000000356522,0
1,4,event,730,0.0017499999999017746,0
1,4,event,731,0.002167000000099506,0
1,4,event,732,0.0016669999999976426,0
1,4,event,733,0.0018340000001444423,0
1,4,event,734,0.0017499999999017746,0
1,4,event,735,0.0016249999998763087,0
1,4,event,736,0.001708000000235188,0
1,4,event,737,0.002124999999978172,0
1,4,event,738,0.001708000000235188,0
1,4,event,739,0.00233299999990777,0
1,4,event,740,0.0017499999999017746,0
1,4,event,741,0.0017079999997804407,0
1,4,event,742,0.002084000000195374,0
1,4,event,743,0.0017920000000231084,0
1,4,event,744,0.00179100000013932,0
1,4,event,745,0.001708000000235188,0
1,4,event,746,0.001625000000331056,0
1,4,event,747,0.002250000000003638,0
1,4,event,748,0.0017079999997804407,0
1,4,event,749,0.001833000000260654,0
1,4,event,750,0.0016660000001138542,0
1,4,event,751,0.0016669999999976426,0
1,4,event,752,0.002167000000099506,0
1,4,event,753,0.001708000000235188,0
1,4,event,754,0.0018329999998059066,0
1,4,event,755,0.002124999999978172,0
1,4,event,756,0.0017499999999017746,0
1,4,event,757,0.0017499999999017746,0
1,4,event,758,0.0022089999997660925,0
1,4,event,759,0.002292000000124972,0
1,4,event,760,0.0017920000000231084,0
1,4,event,761,0.0016669999999976426,0
1,4,event,762,0.0017090000001189765,0
1,4,event,763,0.002167000000099506,0
1,4,event,764,0.0026250000000800355,0
1,4,event,765,0.0017909999996845727,0
1,4,event,766,0.0017079999997804407,0
1,4,event,767,0.0018329999998059066,0
1,4,event,768,0.0020829999998568383,0
1,4,event,769,0.0016660000001138542,0
1,4,event,770,0.0016660000001138542,0
1,4,event,771,0.0016669999999976426,0
1,4,event,772,0.0016669999999976426,0
1,4,event,773,0.00233299999990777,0
1,4,event,774,0.0017920000000231084,0
1,4,event,775,0.0017499999999017746,0
1,4,event,776,0.002375000000029104,0
1,4,event,777,0.001625000000331056,0
1,4,event,778,0.0016660000001138542,0
1,4,event,779,0.002250000000003638,0
1,4,event,780,0.019249999999829015,4
1,4,event,781,0.002167000000099506,0
1,4,event,782,0.0024170000001504377,0
1,4,event,783,0.00179100000013932,0
1,4,event,784,0.0017499999999017746,0
1,4,event,785,0.0019160000001647859,0
1,4,event,786,0.0017499999999017746,0
1,4,event,787,0.002290999999786436,0
1,4,event,788,0.001708000000235188,0
1,4,event,789,0.0017499999999017746,0
1,4,event,790,0.0017079999997804407,0
1,4,event,791,0.001708000000235188,0
1,4,event,792,0.002167000000099506,0
1,4,event,793,0.0016669999999976426,0
1,4,event,794,0.0017499999999017746,0
1,4,event,795,0.0026250000000800355,0
1,4,event,796,0.001708000000235188,0
1,4,event,797,0.0018329999998059066,0
1,4,event,798,0.0020829999998568383,0
1,4,event,799,0.0024170000001504377,0
1,4,event,800,0.0017499999999017746,0
1,4,event,801,0.001708000000235188,0
1,4,event,802,0.0016660000001138542,0
1,4,event,803,0.002250000000003638,0
1,4,event,804,0.0018750000003819878,0
1,4,event,805,0.0017079999997804407,0
1,4,event,806,0.0017499999999017746,0
1,4,event,807,0.0015830000002097222,0
1,4,event,808,0.002167000000099506,0
1,4,event,809,0.001625000000331056,0
1,4,event,810,0.0020839999997406267,0
1,4,event,811,0.0016669999999976426,0
1,4,event,812,0.0016669999999976426,0
1,4,event,813,0.00204200000007404,0
1,4,event,814,0.0017090000001189765,0
1,4,event,815,0.001833999999689695,0
1,4,event,816,0.0017090000001189765,0
1,4,event,817,0.0016669999999976426,0
1,4,event,818,0.0017499999999017746,0
1,4,event,819,0.002250000000003638,0
1,4,event,820,0.002457999999933236,0
1,4,event,821,0.0021659999997609702,0
1,4,event,822,0.0016249999998763087,0
1,4,event,823,0.001625000000331056,0
1,4,event,824,0.0022080000003370515,0
1,4,event,825,0.002292000000124972,0
1,4,event,826,0.0017920000000231084,0
1,4,event,827,0.0017079999997804407,0
1,4,event,828,0.001708000000235188,0
1,4,event,829,0.002124999999978172,0
1,4,event,830,0.0016669999999976426,0
1,4,event,831,0.0017079999997804407,0
1,4,event,832,0.0020829999998568383,0
1,4,event,833,0.0017499999999017746,0
1,4,event,834,0.002124999999978172,0
1,4,event,835,0.00179100000013932,0
1,4,event,836,0.0017920000000231084,0
1,4,event,837,0.0017090000001189765,0
1,4,event,838,0.0016249999998763087,0
1,4,event,839,0.0017090000001189765,0
1,4,event,840,0.020375000000058208,4
1,4,event,841,0.002375000000029104,0
1,4,event,842,0.0017920000000231084,0
1,4,event,843,0.00233299999990777,0
1,4,event,844,0.001833000000260654,0
1,4,event,845,0.0016660000001138542,0
1,4,event,846,0.001833000000260654,0
1,4,event,847,0.001708000000235188,0
1,4,event,848,0.002207999999882304,0
1,4,event,849,0.0017499999999017746,0
1,4,event,850,0.0017920000000231084,0
1,4,event,851,0.0016669999999976426,0
1,4,event,852,0.0016669999999976426,0
1,4,event,853,0.0021669999996447586,0
1,4,event,854,0.0017920000000231084,0
1,4,event,855,0.0018340000001444423,0
1,4,event,856,0.0017920000000231084,0
1,4,event,857,0.001708000000235188,0
1,4,event,858,0.001750000000356522,0
1,4,event,859,0.0026250000000800355,0
1,4,event,860,0.0017499999999017746,0
1,4,event,861,0.0020000000004074536,0
1,4,event,862,0.0018749999999272404,0
1,4,event,863,0.0017079999997804407,0
1,4,event,864,0.0021659999997609702,0
1,4,event,865,0.0017079999997804407,0
1,4,event,866,0.0017090000001189765,0
1,4,event,867,0.001708000000235188,0
1,4,event,868,0.0017920000000231084,0
1,4,event,869,0.002791999999772088,0
1,4,event,870,0.001708999999664229,0
1,4,event,871,0.0017499999999017746,0
1,4,event,872,0.0017499999999017746,0
1,4,event,873,0.0019999999999527063,0
1,4,event,874,0.002124999999978172,0
1,4,event,875,0.0017920000000231084,0
1,4,event,876,0.0018329999998059066,0
1,4,event,877,0.0017499999999017746,0
1,4,event,878,0.001750000000356522,0
1,4,event,879,0.0017499999999017746,0
1,4,event,880,0.0028339999998934218,0
1,4,event,881,0.0016249999998763087,0
1,4,event,882,0.0017920000000231084,0
1,4,event,883,0.0017920000000231084,0
1,4,event,884,0.0017499999999017746,0
1,4,event,885,0.0027079999999841675,0
1,4,event,886,0.0020829999998568383,0
1,4,event,887,0.0019999999999527063,0
1,4,event,888,0.0016249999998763087,0
1,4,event,889,0.001708999999664229,0
1,4,event,890,0.002124999999978172,0
1,4,event,891,0.0017079999997804407,0
1,4,event,892,0.0017499999999017746,0
1,4,event,893,0.001625000000331056,0
1,4,event,894,0.00179100000013932,0
1,4,event,895,0.002250000000003638,0
1,4,event,896,0.0016249999998763087,0
1,4,event,897,0.0017499999999017746,0
1,4,event,898,0.0017079999997804407,0
1,4,event,899,0.0016669999999976426,0
1,4,event,900,0.020416999999724794,4
1,4,event,901,0.00220900000022084,0
1,4,event,902,0.0017090000001189765,0
1,4,event,903,0.0016669999999976426,0
1,4,event,904,0.002375000000029104,0
1,4,event,905,0.0026250000000800355,0
1,4,event,906,0.0016669999999976426,0
1,4,event,907,0.0019580000002861198,0
1,4,event,908,0.0015840000000935106,0
1,4,event,909,0.002124999999978172,0
1,4,event,910,0.0017079999997804407,0
1,4,event,911,0.0017090000001189765,0
1,4,event,912,0.0016669999999976426,0
1,4,event,913,0.0016669999999976426,0
1,4,event,914,0.002167000000099506,0
1,4,event,915,0.0018749999999272404,0
1,4,event,916,0.0019579999998313724,0
1,4,event,917,0.0017499999999017746,0
1,4,event,918,0.0020829999998568383,0
1,4,event,919,0.0019170000000485743,0
1,4,event,920,0.00233299999990777,0
1,4,event,921,0.001708000000235188,0
1,4,event,922,0.0017499999999017746,0
1,4,event,923,0.0017090000001189765,0
1,4,event,924,0.0017499999999017746,0
1,4,event,925,0.0020829999998568383,0
1,4,event,926,0.0017090000001189765,0
1,4,event,927,0.0016669999999976426,0
1,4,event,928,0.0017920000000231084,0
1,4,event,929,0.001708000000235188,0
1,4,event,930,0.002084000000195374,0
1,4,event,931,0.0017090000001189765,0
1,4,event,932,0.0017499999999017746,0
1,4,event,933,0.0025840000002972374,0
1,4,event,934,0.001708000000235188,0
1,4,event,935,0.002250000000003638,0
1,4,event,936,0.0016669999999976426,0
1,4,event,937,0.001833999999689695,0
1,4,event,938,0.0017090000001189765,0
1,4,event,939,0.0017499999999017746,0
1,4,event,940,0.0016659999996591068,0
1,4,event,941,0.0028750000001309672,0
1,4,event,942,0.0017499999999017746,0
1,4,event,943,0.0017499999999017746,0
1,4,event,944,0.0016660000001138542,0
1,4,event,945,0.0017499999999017746,0
1,4,event,946,0.0021669999996447586,0
1,4,event,947,0.002124999999978172,0
1,4,event,948,0.001833000000260654,0
1,4,event,949,0.0017909999996845727,0
1,4,event,950,0.002207999999882304,0
1,4,event,951,0.002292000000124972,0
1,4,event,952,0.0019999999999527063,0
1,4,event,953,0.001708000000235188,0
1,4,event,954,0.001708000000235188,0
1,4,event,955,0.0016249999998763087,0
1,4,event,956,0.00233299999990777,0
1,4,event,957,0.0020410000001902517,0
1,4,event,958,0.0018329999998059066,0
1,4,event,959,0.002250000000003638,0
1,4,event,960,0.02016700000012861,4
1,4,event,961,0.002375000000029104,0
1,4,event,962,0.0019170000000485743,0
1,4,event,963,0.0017079999997804407,0
1,4,event,964,0.0017499999999017746,0
1,4,event,965,0.00233299999990777,0
1,4,event,966,0.0017090000001189765,0
1,4,event,967,0.0017499999999017746,0
1,4,event,968,0.0018749999999272404,0
1,4,event,969,0.001916999999593827,0
1,4,event,970,0.002167000000099506,0
1,4,event,971,0.001833000000260654,0
1,4,event,972,0.0016249999998763087,0
1,4,event,973,0.0017499999999017746,0
1,4,event,974,0.0017499999999017746,0
1,4,event,975,0.002124999999978172,0
1,4,event,976,0.0025000000000545697,0
1,4,event,977,0.0019999999999527063,0
1,4,event,978,0.0022080000003370515,0
1,4,event,979,0.001708000000235188,0
1,4,event,980,0.001708000000235188,0
1,4,event,981,0.002084000000195374,0
1,4,event,982,0.0016669999999976426,0
1,4,event,983,0.0016669999999976426,0
1,4,event,984,0.0016669999999976426,0
1,4,event,985,0.001791999999568361,0
1,4,event,986,0.0020830000003115856,0
1,4,event,987,0.001833000000260654,0
1,4,event,988,0.0017920000000231084,0
1,4,event,989,0.0017499999999017746,0
1,4,event,990,0.0017079999997804407,0
1,4,event,991,0.002207999999882304,0
1,4,event,992,0.0017499999999017746,0
1,4,event,993,0.0017499999999017746,0
1,4,event,994,0.0017499999999017746,0
1,4,event,995,0.0017499999999017746,0
1,4,event,996,0.002250000000003638,0
1,4,event,997,0.0017079999997804407,0
1,4,event,998,0.0019160000001647859,0
1,4,event,999,0.0017079999997804407,0
1,4,burst,0,0.3002499999997781,28
1,4,burst,1,0.30608399999982794,28
1,4,burst,2,0.22104200000012497,28
1,4,burst,3,0.1710840000000644,28
1,4,burst,4,0.23779100000001563,28
1,4,burst,5,0.3028749999998581,28
1,4,burst,6,0.313499999999749,28
1,4,burst,7,6.813874999999825,28
1,4,burst,8,0.22104100000024118,28
1,4,burst,9,0.29720799999995506,28
1,4,burst,10,0.18391599999995378,28
1,4,burst,11,0.41270799999983865,28
1,4,burst,12,0.21962500000017826,28
1,4,burst,13,0.21608300000025338,28
1,4,burst,14,0.46012500000006185,28
1,4,burst,15,0.21687500000007276,28
1,4,burst,16,0.1499589999998534,28
1,4,burst,17,0.24658300000010058,28
1,4,burst,18,0.12674999999990177,28
1,4,burst,19,0.1222499999998945,28
1,4,burst,20,0.15141700000003766,28
1,4,burst,21,0.24825000000009823,28
1,4,burst,22,0.22495799999978772,28
1,4,burst,23,0.6629159999997682,28
1,4,burst,24,0.279374999999618,28
1,4,burst,25,0.23600000000033106,28
1,4,burst,26,0.1632089999998243,28
1,4,burst,27,0.15520900000001348,28
1,4,burst,28,0.1613750000001346,28
1,4,burst,29,0.1538330000003043,28
1,4,burst,30,0.15249999999969077,28
1,4,burst,31,0.1449160000001939,28
1,4,burst,32,1.4556250000000546,28
1,4,burst,33,0.20612500000015643,28
1,4,burst,34,0.34162500000002183,28
1,4,burst,35,0.24074999999993452,28
1,4,burst,36,3.8189579999998386,28
1,4,burst,37,0.18662499999982174,28
1,4,burst,38,0.5357090000002245,28
1,4,burst,39,0.28808399999979883,28
1,4,burst,40,0.5439579999997477,28
1,4,burst,41,0.5671670000001541,28
1,4,burst,42,0.35587500000019645,28
1,4,burst,43,0.46683400000028996,28
1,4,burst,44,0.8470420000003287,28
1,4,burst,45,0.3393750000000182,28
1,4,burst,46,0.12537499999962165,28
1,4,burst,47,0.4117909999999938,28
1,4,burst,48,0.18708299999980227,28
1,4,burst,49,0.15183299999989686,28
1,4,burst,50,0.16274999999995998,28
1,4,burst,51,0.22191699999984849,28
1,4,burst,52,0.1487499999998363,28
1,4,burst,53,0.14670799999976225,28
1,4,burst,54,0.17358299999978044,28
1,4,burst,55,0.15108299999974406,28
1,4,burst,56,0.21225000000004002,28
1,4,burst,57,0.17470800000000963,28
1,4,burst,58,0.13208399999984977,28
1,4,burst,59,0.12849999999980355,28
1,4,burst,60,0.14587499999970532,28
1,4,burst,61,0.12733299999990777,28
1,4,burst,62,0.12458300000025702,28
1,4,burst,63,0.12220800000022791,28
1,4,burst,64,0.1274159999998119,28
1,4,burst,65,0.12612499999977445,28
1,4,burst,66,0.11937500000021828,28
1,4,burst,67,0.12279099999977916,28
1,4,burst,68,0.11975000000029468,28
1,4,burst,69,0.11975000000029468,28
1,4,burst,70,0.11816600000020117,28
1,4,burst,71,0.11845800000037343,28
1,4,burst,72,0.12387500000022555,28
1,4,burst,73,0.1193329999996422,28
1,4,burst,74,0.11954100000002654,28
1,4,burst,75,0.1289160000001175,28
1,4,burst,76,0.12125000000014552,28
1,4,burst,77,0.11954100000002654,28
1,4,burst,78,0.1169169999998303,28
1,4,burst,79,0.12712499999997817,28
1,4,burst,80,0.12200000000029831,28
1,4,burst,81,0.12083400000028632,28
1,4,burst,82,0.11779200000000856,28
1,4,burst,83,0.11783400000012989,28
1,4,burst,84,0.12012499999991633,28
1,4,burst,85,0.1174580000001697,28
1,4,burst,86,0.12216600000010658,28
1,4,burst,87,0.11966600000005201,28
1,4,burst,88,0.1259580000000824,28
1,4,burst,89,0.12020799999982046,28
1,4,burst,90,0.11845799999991868,28
1,4,burst,91,0.12345800000002782,28
1,4,burst,92,0.13320800000019517,28
1,4,burst,93,0.1172500000002401,28
1,4,burst,94,0.11900000000014188,28
1,4,burst,95,0.11929200000031415,28
1,4,burst,96,0.12066600000025574,28
1,4,burst,97,0.11787499999991269,28
1,4,burst,98,0.11879199999975754,28
1,4,burst,99,0.12312500000007276,28
1,4,burst,100,0.12141599999995378,28
1,4,burst,101,0.11666699999977936,28
1,4,burst,102,0.11554200000000492,28
1,4,burst,103,0.11774999999988722,28
1,4,burst,104,0.12054199999965931,28
1,4,burst,105,0.11754199999995762,28
1,4,burst,106,0.12270900000021356,28
1,4,burst,107,0.11941699999988487,28
1,4,burst,108,0.13170799999988958,28
1,4,burst,109,0.1187499999996362,28
1,4,burst,110,0.11974999999983993,28
1,4,burst,111,0.12091699999973571,28
1,4,burst,112,0.12166600000000471,28
1,4,burst,113,0.12354199999981574,28
1,4,burst,114,0.11841699999968114,28
1,4,burst,115,0.11900000000014188,28
1,4,burst,116,0.1224579999998241,28
1,4,burst,117,0.13629200000013952,28
1,4,burst,118,0.135124999999789,28
1,4,burst,119,0.14566699999977573,28
1,4,burst,120,0.13195900000027905,28
1,4,burst,121,0.13666700000021592,28
1,4,burst,122,0.14195900000004258,28
1,4,burst,123,0.13562499999989086,28
1,4,burst,124,0.12145800000007512,28
1,4,burst,125,0.12904200000002675,28
1,4,burst,126,0.13729100000000471,28
1,4,burst,127,0.14900000000034197,28
1,4,burst,128,0.13079100000004473,28
1,4,burst,129,0.13200000000006185,28
1,4,burst,130,0.1289999999999054,28
1,4,burst,131,0.1348750000001928,28
1,4,burst,132,0.12154099999997925,28
1,4,burst,133,0.12649999999985084,28
1,4,burst,134,0.1283330000001115,28
1,4,burst,135,0.14441699999997581,28
1,4,burst,136,0.1273340000002463,28
1,4,burst,137,0.13441700000021228,28
1,4,burst,138,0.129207999999835,28
1,4,burst,139,0.13449999999966167,28
1,4,burst,140,0.12108299999999872,28
1,4,burst,141,0.13337500000034197,28
1,4,burst,142,0.12979100000029575,28
1,4,burst,143,0.13266599999997197,28
1,4,burst,144,0.12608300000010786,28
1,4,burst,145,0.1293749999999818,28
1,4,burst,146,0.13387499999998909,28
1,4,burst,147,0.13012499999967986,28
1,4,burst,148,0.125583000000006,28
1,4,burst,149,0.12987499999962893,28
1,4,burst,150,0.13687499999969077,28
1,4,burst,151,0.13075000000026193,28
1,4,burst,152,0.1226249999999709,28
1,4,burst,153,0.13737499999979264,28
1,4,burst,154,0.12429199999996854,28
1,4,burst,155,0.1479580000000169,28
1,4,burst,156,0.12379099999998289,28
1,4,burst,157,0.12066600000025574,28
1,4,burst,158,0.12770800000043891,28
1,4,burst,159,0.13441599999987375,28
1,4,burst,160,0.12466700000004494,28
1,4,burst,161,0.12437500000032742,28
1,4,burst,162,0.1366250000000946,28
1,4,burst,163,0.1325000000001637,28
1,4,burst,164,0.12687499999992724,28
1,4,burst,165,0.19829099999969912,28
1,4,burst,166,0.1254159999998592,28
1,4,burst,167,0.13362499999993815,28
1,4,burst,168,0.12804099999993923,28
1,4,burst,169,0.13383299999986775,28
1,4,burst,170,0.13341700000000856,28
1,4,burst,171,0.13258300000006784,28
1,4,burst,172,0.1251670000001468,28
1,4,burst,173,0.13145899999972244,28
1,4,burst,174,0.13241700000025958,28
1,4,burst,175,0.1265000000003056,28
1,4,burst,176,0.12562500000012733,28
1,4,burst,177,0.13008399999989706,28
1,4,burst,178,0.1246249999999236,28
1,4,burst,179,0.129207999999835,28
1,4,burst,180,0.13558300000022427,28
1,4,burst,181,0.13629200000013952,28
1,4,burst,182,0.1266659999996591,28
1,4,burst,183,0.13108299999976225,28
1,4,burst,184,0.12120800000002419,28
1,4,burst,185,0.12820800000008603,28
1,4,burst,186,0.13229100000035032,28
1,4,burst,187,0.12420800000018062,28
1,4,burst,188,0.12991600000032122,28
1,4,burst,189,0.13691599999992832,28
1,4,burst,190,0.13504100000000108,28
1,4,burst,191,0.12095799999997325,28
1,4,burst,192,0.12875000000030923,28
1,4,burst,193,0.12941700000010314,28
1,4,burst,194,0.7599170000003141,28
1,4,burst,195,0.1411670000002232,28
1,4,burst,196,0.15195800000037707,28
1,4,burst,197,0.1391249999996944,28
1,4,burst,198,0.13929100000041217,28
1,4,burst,199,0.13450000000011642,28
1,4,burst,200,0.134541999999783,28
1,4,burst,201,83.21583400000054,28
1,4,burst,202,0.141208000000006,28
1,4,burst,203,0.11170899999979156,28
1,4,burst,204,0.102708999999777,28
1,4,burst,205,0.10241699999915,28
1,4,burst,206,0.0961250000000291,28
1,4,burst,207,0.09937499999978172,28
1,4,burst,208,0.10241600000063045,28
1,4,burst,209,0.09774999999990541,28
1,4,burst,210,0.09649999999965075,28
1,4,burst,211,0.11408399999982066,28
1,4,burst,212,0.1031249999996362,28
1,4,burst,213,0.09837500000048749,28
1,4,burst,214,0.09324999999989814,28
1,4,burst,215,0.09983400000055553,28
1,4,burst,216,0.09441700000024866,28
1,4,burst,217,0.09520900000006804,28
1,4,burst,218,17.698333999999704,28
1,4,burst,219,0.20504200000050332,28
1,4,burst,220,0.47420899999997346,28
1,4,burst,221,0.09650000000056025,28
1,4,burst,222,0.08316600000034668,28
1,4,burst,223,0.07600000000002183,28
1,4,burst,224,0.07854100000076869,28
1,4,burst,225,0.08670799999981682,28
1,4,burst,226,0.0773749999998472,28
1,4,burst,227,0.07362499999999272,28
1,4,burst,228,0.07437500000014552,28
1,4,burst,229,0.0748329999996713,28
1,4,burst,230,0.07104199999957928,28
1,4,burst,231,0.07074999999986176,28
1,4,burst,232,0.07366699999965931,28
1,4,burst,233,0.0712919999996302,28
1,4,burst,234,0.07233300000007148,28
1,4,burst,235,0.17733300000054442,28
1,4,burst,236,0.2143339999993259,28
1,4,burst,237,0.2980840000000171,28
1,4,burst,238,0.15799999999944703,28
1,4,burst,239,0.14345799999955489,28
1,4,burst,240,0.14941599999929167,28
1,4,burst,241,0.1674169999996593,28
1,4,burst,242,0.1538749999999709,28
1,4,burst,243,0.15266599999995378,28
1,4,burst,244,0.15662499999962165,28
1,4,burst,245,0.1413750000001528,28
1,4,burst,246,0.14116699999976845,28
1,4,burst,247,0.1430000000000291,28
1,4,burst,248,0.37795900000037363,28
1,4,burst,249,0.1959999999999127,28
1,4,burst,250,0.0718750000005457,28
1,4,burst,251,0.06716700000015408,28
1,4,burst,252,0.0614160000004631,28
1,4,burst,253,0.059166999999433756,28
1,4,burst,254,0.05708299999969313,28
1,4,burst,255,0.05895799999962037,28
1,4,burst,256,0.0562500000005457,28
1,4,burst,257,0.056499999999687134,28
1,4,burst,258,0.0720420000006925,28
1,4,burst,259,0.05941700000039418,28
1,4,burst,260,0.056916999999884865,28
1,4,burst,261,0.05762499999946158,28
1,4,burst,262,0.05645800000002055,28
1,4,burst,263,0.05766700000003766,28
1,4,burst,264,0.056375000000116415,28
1,4,burst,265,0.058082999999896856,28
1,4,burst,266,0.05570799999986775,28
1,4,burst,267,0.05633300000044983,28
1,4,burst,268,0.0553330000002461,28
1,4,burst,269,0.056416999999783,28
1,4,burst,270,0.05420800000047166,28
1,4,burst,271,0.057291999999506515,28
1,4,burst,272,0.05795899999975518,28
1,4,burst,273,0.05425000000013824,28
1,4,burst,274,0.06079200000021956,28
1,4,burst,275,0.05737499999941065,28
1,4,burst,276,0.05554200000005949,28
1,4,burst,277,0.05404200000066339,28
1,4,burst,278,0.05516699999952834,28
1,4,burst,279,0.058791000000383065,28
1,4,burst,280,0.05366700000013225,28
1,4,burst,281,0.05483300000014424,28
1,4,burst,282,0.05445800000052259,28
1,4,burst,283,0.0555000000003929,28
1,4,burst,284,0.054707999999664025,28
1,4,burst,285,0.054333000000042375,28
1,4,burst,286,0.05462499999975989,28
1,4,burst,287,0.05812499999956344,28
1,4,burst,288,0.054667000000335975,28
1,4,burst,289,0.0540419999997539,28
1,4,burst,290,0.05575000000044383,28
1,4,burst,291,0.061208999999507796,28
1,4,burst,292,0.05537499999991269,28
1,4,burst,293,0.056207999999969616,28
1,4,burst,294,0.05620900000030815,28
1,4,burst,295,0.059333999999580556,28
1,4,burst,296,0.054333000000042375,28
1,4,burst,297,0.054999999999381544,28
1,4,burst,298,0.055209000000104425,28
1,4,burst,299,0.05720800000017334,28
1,4,burst,300,0.06674999999995634,28
1,4,burst,301,0.06037500000002183,28
1,4,burst,302,0.0571669999999358,28
1,4,burst,303,0.05512499999986176,28
1,4,burst,304,0.054832999999234744,28
1,4,burst,305,0.05520799999976589,28
1,4,burst,306,0.05525000000034197,28
1,4,burst,307,0.05979100000058679,28
1,4,burst,308,0.058708999999907974,28
1,4,burst,309,0.05758299999979499,28
1,4,burst,310,0.05683300000055169,28
1,4,burst,311,0.05583299999943847,28
1,4,burst,312,0.05604200000016135,28
1,4,burst,313,0.15216700000019046,28
1,4,burst,314,0.19562499999938154,28
1,4,burst,315,0.0898750000005748,28
1,4,burst,316,0.0694999999996071,28
1,4,burst,317,0.06858399999964604,28
1,4,burst,318,0.06912499999998545,28
1,4,burst,319,0.0663750000003347,28
1,4,burst,320,0.06716599999981554,28
1,4,burst,321,0.06558400000085385,28
1,4,burst,322,0.06850000000031287,28
1,4,burst,323,0.07866700000067794,28
1,4,burst,324,0.06508299999950395,28
1,4,burst,325,0.0647080000007918,28
1,4,burst,326,0.06787499999973079,28
1,4,burst,327,0.06549999999970169,28
1,4,burst,328,0.06520799999998417,28
1,4,burst,329,0.06708299999991141,28
1,4,burst,330,0.066541999999572,28
1,4,burst,331,0.0648750000000291,28
1,4,burst,332,0.06433300000026065,28
1,4,burst,333,0.06400000000030559,28
1,4,burst,334,0.06629100000009203,28
1,4,burst,335,0.0650420000001759,28
1,4,burst,336,0.06425000000035652,28
1,4,burst,337,0.06899999999950523,28
1,4,burst,338,0.06645800000023883,28
1,4,burst,339,0.06458300000031159,28
1,4,burst,340,0.0694999999996071,28
1,4,burst,341,0.0652090000003227,28
1,4,burst,342,0.06616699999995035,28
1,4,burst,343,0.06429200000002311,28
1,4,burst,344,0.06754200000068522,28
1,4,burst,345,0.06508299999950395,28
1,4,burst,346,0.06458299999940209,28
1,4,burst,347,0.0662080000001879,28
1,4,burst,348,0.06433300000026065,28
1,4,burst,349,0.06629100000009203,28
1,4,burst,350,0.06479200000012497,28
1,4,burst,351,0.0687500000003638,28
1,4,burst,352,0.06529199999931734,28
1,4,burst,353,0.06791700000030687,28
1,4,burst,354,0.06520799999998417,28
1,4,burst,355,0.06400000000030559,28
1,4,burst,356,0.06933399999979883,28
1,4,burst,357,0.0632500000001528,28
1,4,burst,358,0.06533399999989342,28
1,4,burst,359,0.06204200000047422,28
1,4,burst,360,0.0632500000001528,28
1,4,burst,361,0.06337499999972351,28
1,4,burst,362,0.06283299999995506,28
1,4,burst,363,0.06145800000012969,28
1,4,burst,364,0.0625,28
1,4,burst,365,0.06591600000047038,28
1,4,burst,366,0.09349999999994907,28
1,4,burst,367,0.06129200000032142,28
1,4,burst,368,0.06279200000062701,28
1,4,burst,369,0.06358300000010786,28
1,4,burst,370,0.06116600000041217,28
1,4,burst,371,0.06187500000032742,28
1,4,burst,372,0.07562500000040018,28
1,4,burst,373,0.06850000000031287,28
1,4,burst,374,0.06608300000061718,28
1,4,burst,375,0.06316700000024866,28
1,4,burst,376,0.06370900000001711,28
1,4,burst,377,0.06354099999953178,28
1,4,burst,378,0.06199999999989814,28
1,4,burst,379,0.06149999999979627,28
1,4,burst,380,0.06450000000040745,28
1,4,burst,381,0.06258299999990413,28
1,4,burst,382,0.06170899999960966,28
1,4,burst,383,0.06345799999962765,28
1,4,burst,384,0.060833000000457105,28
1,4,burst,385,0.06362499999977445,28
1,4,burst,386,0.06129200000032142,28
1,4,burst,387,0.06354199999987031,28
1,4,burst,388,0.061000000000603904,28
1,4,burst,389,0.06604200000037963,28
1,4,burst,390,0.06145800000012969,28
1,4,burst,391,0.06295800000043528,28
1,4,burst,392,0.0623329999998532,28
1,4,burst,393,0.0641669999995429,28
1,4,burst,394,0.06333399999948597,28
1,4,burst,395,0.062458999999762455,28
1,4,burst,396,0.06149999999979627,28
1,4,burst,397,0.06304200000067794,28
1,4,burst,398,0.06149999999979627,28
1,4,burst,399,0.06312499999967258,28
1,4,burst,400,0.06258299999990413,28
1,4,burst,401,0.06583300000056624,28
1,4,burst,402,0.06145800000012969,28
1,4,burst,403,0.06333300000005693,28
1,4,burst,404,0.062084000000140804,28
1,4,burst,405,0.06483399999979156,28
1,4,burst,406,0.06237499999951979,28
1,4,burst,407,0.06187500000032742,28
1,4,burst,408,0.06633299999975861,28
1,4,burst,409,0.06183299999975134,28
1,4,burst,410,55.49129200000061,28
1,4,burst,411,0.32770799999980227,28
1,4,burst,412,0.3668330000000424,28
1,4,burst,413,0.16833300000052986,28
1,4,burst,414,1.1225410000006377,28
1,4,burst,415,0.2671669999999722,28
1,4,burst,416,0.5367920000007871,28
1,4,burst,417,0.3421669999997903,28
1,4,burst,418,0.30333299999983865,28
1,4,burst,419,0.8141660000001139,28
1,4,burst,420,0.15662499999962165,28
1,4,burst,421,1.5671669999992446,28
1,4,burst,422,0.1796249999997599,28
1,4,burst,423,0.33624999999938154,28
1,4,burst,424,0.8290409999999611,28
1,4,burst,425,0.15654100000028848,28
1,4,burst,426,0.28704099999959,28
1,4,burst,427,0.14945799999986775,28
1,4,burst,428,0.15141700000003766,28
1,4,burst,429,0.20879100000001927,28
1,4,burst,430,0.17562499999985448,28
1,4,burst,431,0.24704100000053586,28
1,4,burst,432,0.1821250000002692,28
1,4,burst,433,0.155957999999373,28
1,4,burst,434,0.15945800000008603,28
1,4,burst,435,0.14674999999988358,28
1,4,burst,436,0.14729200000056153,28
1,4,burst,437,0.15141700000003766,28
1,4,burst,438,0.1672499999995125,28
1,4,burst,439,0.14333299999998417,28
1,4,burst,440,0.14479099999971368,28
1,4,burst,441,0.1457909999999174,28
1,4,burst,442,0.1454169999997248,28
1,4,burst,443,0.1490830000002461,28
1,4,burst,444,0.1474579999994603,28
1,4,burst,445,0.1432089999998425,28
1,4,burst,446,0.14504200000010314,28
1,4,burst,447,0.14112500000010186,28
1,4,burst,448,0.14370799999960582,28
1,4,burst,449,0.14124999999967258,28
1,4,burst,450,0.14816699999937555,28
1,4,burst,451,0.14583400000083202,28
1,4,burst,452,0.14416699999947014,28
1,4,burst,453,0.13966700000037235,28
1,4,burst,454,0.14312499999959982,28
1,4,burst,455,0.1552080000001297,28
1,4,burst,456,0.14129199999933917,28
1,4,burst,457,0.15220899999985704,28
1,4,burst,458,0.14216699999997218,28
1,4,burst,459,0.14495799999986048,28
1,4,burst,460,0.14083299999947485,28
1,4,burst,461,0.14204199999949196,28
1,4,burst,462,0.14112500000010186,28
1,4,burst,463,0.14200000000073487,28
1,4,burst,464,0.14674999999988358,28
1,4,burst,465,0.14233300000068994,28
1,4,burst,466,0.14199999999982538,28
1,4,burst,467,0.1413750000001528,28
1,4,burst,468,0.14054200000009587,28
1,4,burst,469,0.140625,28
1,4,burst,470,0.14037499999994907,28
1,4,burst,471,0.15508299999964947,28
1,4,burst,472,0.14737500000046566,28
1,4,burst,473,0.14533299999948213,28
1,4,burst,474,0.14279100000021572,28
1,4,burst,475,0.14337500000056025,28
1,4,burst,476,0.14145800000005693,28
1,4,burst,477,0.1427079999994021,28
1,4,burst,478,0.14362500000061118,28
1,4,burst,479,0.14341700000022684,28
1,4,burst,480,0.13954199999989214,28
1,4,burst,481,0.14058399999976245,28
1,4,burst,482,0.13941699999941193,28
1,4,burst,483,0.14641700000083802,28
1,4,burst,484,0.1400839999996606,28
1,4,burst,485,0.15454200000021956,28
1,4,burst,486,0.1419160000004922,28
1,4,burst,487,0.1494170000005397,28
1,4,burst,488,0.14320799999950395,28
1,4,burst,489,0.141791000000012,28
1,4,burst,490,0.13858299999992596,28
1,4,burst,491,0.14474999999947613,28
1,4,burst,492,0.1398749999998472,28
1,4,burst,493,0.14770800000042072,28
1,4,burst,494,0.141208000000006,28
1,4,burst,495,0.14254199999959383,28
1,4,burst,496,0.140625,28
1,4,burst,497,0.13920800000050804,28
1,4,burst,498,0.14112500000010186,28
1,4,burst,499,0.14112500000010186,28
1,4,burst,500,0.144959000000199,28
1,4,burst,501,0.14037500000085856,28
1,4,burst,502,0.14579200000025594,28
1,4,burst,503,0.15062499999930878,28
1,4,burst,504,0.14208400000006804,28
1,4,burst,505,0.14112499999919237,28
1,4,burst,506,0.14229100000011385,28
1,4,burst,507,0.1445000000003347,28
1,4,burst,508,0.14487499999995634,28
1,4,burst,509,0.14170800000010786,28
1,4,burst,510,0.14029200000004494,28
1,4,burst,511,0.13983400000051915,28
1,4,burst,512,0.14162499999929423,28
1,4,burst,513,0.14620800000011513,28
1,4,burst,514,0.15012500000011642,28
1,4,burst,515,0.14258300000074087,28
1,4,burst,516,0.13979199999994307,28
1,4,burst,517,0.14033399999971152,28
1,4,burst,518,0.1415420000002996,28
1,4,burst,519,0.14504200000010314,28
1,4,burst,520,0.14574999999967986,28
1,4,burst,521,0.1446250000008149,28
1,4,burst,522,0.1407919999992373,28
1,4,burst,523,0.1373749999993379,28
1,4,burst,524,0.140625,28
1,4,burst,525,0.139166999999361,28
1,4,burst,526,0.14308399999936228,28
1,4,burst,527,0.14037499999994907,28
1,4,burst,528,0.14683399999921676,28
1,4,burst,529,0.13725000000067666,28
1,4,burst,530,0.14445900000009715,28
1,4,burst,531,0.1398749999998472,28
1,4,burst,532,0.1417090000004464,28
1,4,burst,533,0.14112500000010186,28
1,4,burst,534,0.1487909999996191,28
1,4,burst,535,0.1430000000000291,28
1,4,burst,536,0.14783299999999144,28
1,4,burst,537,0.140917000000627,28
1,4,burst,538,0.14595899999949324,28
1,4,burst,539,0.14145800000005693,28
1,4,burst,540,0.14245800000026065,28
1,4,burst,541,0.14562500000010914,28
1,4,burst,542,0.14233299999978044,28
1,4,burst,543,0.145832999999584,28
1,4,burst,544,0.1414999999997235,28
1,4,burst,545,0.1419579999992493,28
1,4,burst,546,0.14579199999934644,28
1,4,burst,547,0.14045900000019174,28
1,4,burst,548,0.15045800000007148,28
1,4,burst,549,0.14174999999977445,28
1,4,burst,550,0.14695899999969697,28
1,4,burst,551,0.1529580000005808,28
1,4,burst,552,0.14204100000006292,28
1,4,burst,553,0.14174999999977445,28
1,4,burst,554,0.1408339999998134,28
1,4,burst,555,0.14070800000081363,28
1,4,burst,556,0.14100000000053114,28
1,4,burst,557,0.14499999999952706,28
1,4,burst,558,0.1413750000001528,28
1,4,burst,559,0.14070799999990413,28
1,4,burst,560,0.14087500000005093,28
1,4,burst,561,0.14229100000011385,28
1,4,burst,562,0.14008300000023155,28
1,4,burst,563,0.14500000000043656,28
1,4,burst,564,0.14512500000000728,28
1,4,burst,565,0.1430000000000291,28
1,4,burst,566,0.13979199999994307,28
1,4,burst,567,0.14045900000019174,28
1,4,burst,568,0.14087500000005093,28
1,4,burst,569,0.14566699999977573,28
1,4,burst,570,0.14041700000052515,28
1,4,burst,571,0.14399999999932334,28
1,4,burst,572,0.13945800000055897,28
1,4,burst,573,0.14091699999971752,28
1,4,burst,574,0.1413330000004862,28
1,4,burst,575,0.1408339999998134,28
1,4,burst,576,0.1384170000001177,28
1,4,burst,577,0.14100000000053114,28
1,4,burst,578,0.13820899999973335,28
1,4,burst,579,0.14383399999951507,28
1,4,burst,580,0.1452080000008209,28
1,4,burst,581,0.14262499999949796,28
1,4,burst,582,0.13995899999918038,28
1,4,burst,583,0.13925000000017462,28
1,4,burst,584,0.13745800000015151,28
1,4,burst,585,0.14070799999990413,28
1,4,burst,586,0.14058399999976245,28
1,4,burst,587,0.1417090000004464,28
1,4,burst,588,0.1398749999998472,28
1,4,burst,589,0.145542000000205,28
1,4,burst,590,0.1391670000002705,28
1,4,burst,591,0.14191699999992125,28
1,4,burst,592,0.14529200000015408,28
1,4,burst,593,0.1461669999998776,28
1,4,burst,594,0.13854199999968841,28
1,4,burst,595,0.140332999999373,28
1,4,burst,596,0.14808300000004238,28
1,4,burst,597,0.14295899999979156,28
1,4,burst,598,0.1397080000006099,28
1,4,burst,599,0.14345799999955489,28
1,4,burst,600,0.14325000000008004,28
1,4,burst,601,0.14012499999989814,28
1,4,burst,602,0.13799999999991996,28
1,4,burst,603,0.14291700000012497,28
1,4,burst,604,0.13983300000018062,28
1,4,burst,605,0.13891599999988102,28
1,4,burst,606,0.13787499999943975,28
1,4,burst,607,0.1470419999996011,28
1,4,burst,608,0.1384170000001177,28
1,4,burst,609,0.14295899999979156,28
1,4,burst,610,0.14033300000028248,28
1,4,burst,611,0.14016700000047422,28
1,4,burst,612,0.13937499999974534,28
1,4,burst,613,0.14320900000075198,28
1,4,burst,614,0.13995799999975134,28
1,4,burst,615,0.14620800000011513,28
1,4,burst,616,0.13875000000007276,28
1,4,burst,617,0.139749999999367,28
1,4,burst,618,0.14174999999977445,28
1,4,burst,619,0.1422499999998763,28
1,4,burst,620,0.1382080000003043,28
1,4,burst,621,0.139166999999361,28
1,4,burst,622,0.16141700000025594,28
1,4,burst,623,0.156833000000006,28
1,4,burst,624,0.15383399999973335,28
1,4,burst,625,0.14716700000008132,28
1,4,burst,626,0.16666699999950652,28
1,4,burst,627,0.14295799999945302,28
1,4,burst,628,0.1663750000006985,28
1,4,burst,629,0.15720800000053714,28
1,4,burst,630,0.15795900000011898,28
1,4,burst,631,0.1428329999998823,28
1,4,burst,632,0.15466700000069977,28
1,4,burst,633,0.14549999999962893,28
1,4,burst,634,0.16904100000010658,28
1,4,burst,635,0.1740829999998823,28
1,4,burst,636,97.75437500000044,28
1,4,burst,637,0.2888750000001892,28
1,4,burst,638,0.24324999999953434,28
1,4,burst,639,0.18041600000015023,28
1,4,burst,640,0.15737499999977445,28
1,4,burst,641,0.15187499999956344,28
1,4,burst,642,2.762249999999767,28
1,4,burst,643,0.27745799999956944,28
1,4,burst,644,1.9070409999994808,28
1,4,burst,645,0.206583999999566,28
1,4,burst,646,0.16150000000016007,28
1,4,burst,647,0.17058300000007875,28
1,4,burst,648,0.16575000000011642,28
1,4,burst,649,0.13962500000070577,28
1,4,burst,650,0.14404199999989942,28
1,4,burst,651,0.1494590000002063,28
1,4,burst,652,0.14579200000025594,28
1,4,burst,653,1.1454160000002958,28
1,4,burst,654,2.6850410000006377,28
1,4,burst,655,0.2702079999999114,28
1,4,burst,656,0.2866249999997308,28
1,4,burst,657,0.2510000000002037,28
1,4,burst,658,0.16225000000031287,28
1,4,burst,659,0.14795800000047166,28
1,4,burst,660,0.1487090000000535,28
1,4,burst,661,0.14325000000008004,28
1,4,burst,662,0.16566700000021228,28
1,4,burst,663,0.14733299999988958,28
1,4,burst,664,0.1398750000007567,28
1,4,burst,665,0.15412500000002183,28
1,4,burst,666,0.15912500000013097,28
1,4,burst,667,0.21741599999950267,28
1,4,burst,668,0.25304099999993923,28
1,4,burst,669,0.3879580000002534,28
1,4,burst,670,0.27624999999989086,28
1,4,burst,671,0.5750830000006317,28
1,4,burst,672,0.22474999999940337,28
1,4,burst,673,0.16220799999973678,28
1,4,burst,674,0.4044160000003103,28
1,4,burst,675,0.28179199999976845,28
1,4,burst,676,0.5642909999996846,28
1,4,burst,677,0.28208399999948597,28
1,4,burst,678,0.4693749999996726,28
1,4,burst,679,0.2913750000006985,28
1,4,burst,680,0.17104199999994307,28
1,4,burst,681,0.14587500000016007,28
1,4,burst,682,0.2819580000004862,28
1,4,burst,683,0.27062500000010914,28
1,4,burst,684,0.1422920000004524,28
1,4,burst,685,0.14191699999992125,28
1,4,burst,686,0.1492500000003929,28
1,4,burst,687,0.15083299999969313,28
1,4,burst,688,0.2952919999997903,28
1,4,burst,689,0.25441700000010314,28
1,4,burst,690,0.21191600000020117,28
1,4,burst,691,0.1427079999994021,28
1,4,burst,692,0.13012499999967986,28
1,4,burst,693,0.12891700000000128,28
1,4,burst,694,0.1343750000005457,28
1,4,burst,695,0.13370799999938754,28
1,4,burst,696,0.12416699999994307,28
1,4,burst,697,0.12895800000023883,28
1,4,burst,698,0.12412500000027649,28
1,4,burst,699,0.12366600000041217,28
1,4,burst,700,0.12033299999984592,28
1,4,burst,701,0.12695799999983137,28
1,4,burst,702,0.12200000000029831,28
1,4,burst,703,0.12158399999952962,28
1,4,burst,704,0.1218749999998181,28
1,4,burst,705,0.1222909999996773,28
1,4,burst,706,0.12070799999946757,28
1,4,burst,707,0.12179100000048493,28
1,4,burst,708,0.12387500000022555,28
1,4,burst,709,0.12133399999947869,28
1,4,burst,710,0.12087499999961437,28
1,4,burst,711,0.12466700000004494,28
1,4,burst,712,0.12791699999979755,28
1,4,burst,713,0.12483400000019174,28
1,4,burst,714,0.12462500000037835,28
1,4,burst,715,0.1240829999997004,28
1,4,burst,716,0.12287500000002183,28
1,4,burst,717,0.12154199999986304,28
1,4,burst,718,0.11983299999974406,28
1,4,burst,719,0.11862500000006548,28
1,4,burst,720,0.12250000000040018,28
1,4,burst,721,0.12258300000030431,28
1,4,burst,722,0.11833300000034797,28
1,4,burst,723,0.12725000000045839,28
1,4,burst,724,0.12083299999994779,28
1,4,burst,725,0.12366599999950267,28
1,4,burst,726,0.12149999999928696,28
1,4,burst,727,0.11916700000074343,28
1,4,burst,728,0.1255410000003394,28
1,4,burst,729,0.12520800000038435,28
1,4,burst,730,0.12416600000051403,28
1,4,burst,731,0.12179199999991397,28
1,4,burst,732,0.12087499999961437,28
1,4,burst,733,0.12191700000039418,28
1,4,burst,734,0.13787499999943975,28
1,4,burst,735,0.12020900000061374,28
1,4,burst,736,0.12020899999970425,28
1,4,burst,737,0.12654199999997218,28
1,4,burst,738,0.11941699999988487,28
1,4,burst,739,0.11829200000011042,28
1,4,burst,740,0.12241600000015751,28
1,4,burst,741,0.12254200000006676,28
1,4,burst,742,0.119499999999789,28
1,4,burst,743,0.12116699999933189,28
1,4,burst,744,0.13099999999940337,28
1,4,burst,745,0.12383399999998801,28
1,4,burst,746,0.12179200000082346,28
1,4,burst,747,0.1212919999998121,28
1,4,burst,748,0.1227919999992082,28
1,4,burst,749,0.12087499999961437,28
1,4,burst,750,0.12062499999956344,28
1,4,burst,751,0.12400000000070577,28
1,4,burst,752,0.12304099999983009,28
1,4,burst,753,0.1196669999999358,28
1,4,burst,754,0.12062500000047294,28
1,4,burst,755,0.12033299999984592,28
1,4,burst,756,0.12799999999970169,28
1,4,burst,757,0.12066700000013952,28
1,4,burst,758,19.322833999999602,28
1,4,burst,759,36.60279199999968,28
1,4,burst,760,0.20250000000032742,28
1,4,burst,761,0.6601670000000013,28
1,4,burst,762,0.16054200000053243,28
1,4,burst,763,0.15116699999998673,28
1,4,burst,764,0.2361670000000231,28
1,4,burst,765,0.1989160000002812,28
1,4,burst,766,0.15008399999987887,28
1,4,burst,767,0.14308299999993324,28
1,4,burst,768,0.31108300000050804,28
1,4,burst,769,0.144959000000199,28
1,4,burst,770,0.14620800000011513,28
1,4,burst,771,0.26033300000017334,28
1,4,burst,772,0.23433299999942392,28
1,4,burst,773,0.16987499999959255,28
1,4,burst,774,0.1415420000002996,28
1,4,burst,775,0.14295800000036252,28
1,4,burst,776,0.17066700000032142,28
1,4,burst,777,0.1428329999998823,28
1,4,burst,778,0.1413330000004862,28
1,4,burst,779,0.20650000000023283,28
1,4,burst,780,0.20324999999957072,28
1,4,burst,781,9.636124999999993,28
1,4,burst,782,0.22158299999955489,28
1,4,burst,783,0.14825000000018917,28
1,4,burst,784,0.14933399999972607,28
1,4,burst,785,0.2141670000000886,28
1,4,burst,786,0.38474999999925785,28
1,4,burst,787,0.17912500000056752,28
1,4,burst,788,0.1546250000001237,28
1,4,burst,789,0.14566600000034668,28
1,4,burst,790,0.20004200000039418,28
1,4,burst,791,0.15750000000025466,28
1,4,burst,792,0.16312500000003638,28
1,4,burst,793,0.14379199999984849,28
1,4,burst,794,0.14937499999996362,28
1,4,burst,795,0.1420829999997295,28
1,4,burst,796,0.14325000000008004,28
1,4,burst,797,0.14629100000001927,28
1,4,burst,798,0.13862499999959255,28
1,4,burst,799,0.14458299999932933,28
1,4,burst,800,0.141208000000006,28
1,4,burst,801,0.1538330000003043,28
1,4,burst,802,0.14379199999984849,28
1,4,burst,803,0.14495800000076997,28
1,4,burst,804,0.1432089999998425,28
1,4,burst,805,0.1421249999993961,28
1,4,burst,806,0.22891600000002654,28
1,4,burst,807,0.19054200000027777,28
1,4,burst,808,0.18520899999930407,28
1,4,burst,809,0.1379590000005919,28
1,4,burst,810,0.12762500000008004,28
1,4,burst,811,0.1291670000000522,28
1,4,burst,812,0.12625000000025466,28
1,4,burst,813,0.12004199999955745,28
1,4,burst,814,0.12200000000029831,28
1,4,burst,815,0.12654100000054314,28
1,4,burst,816,0.125,28
1,4,burst,817,0.12024999999994179,28
1,4,burst,818,0.12175000000024738,28
1,4,burst,819,0.1217079999996713,28
1,4,burst,820,0.11966599999959726,28
1,4,burst,821,0.12100000000009459,28
1,4,burst,822,0.12087500000052387,28
1,4,burst,823,0.12474999999994907,28
1,4,burst,824,0.13254200000028504,28
1,4,burst,825,0.12104199999976117,28
1,4,burst,826,0.12137500000062573,28
1,4,burst,827,0.12333399999988615,28
1,4,burst,828,0.12191700000039418,28
1,4,burst,829,0.12120899999990797,28
1,4,burst,830,0.12541700000019773,28
1,4,burst,831,0.12324999999964348,28
1,4,burst,832,0.12016599999969912,28
1,4,burst,833,0.12062499999956344,28
1,4,burst,834,0.12145799999962037,28
1,4,burst,835,0.12245800000073359,28
1,4,burst,836,0.12054100000023027,28
1,4,burst,837,0.12545800000043528,28
1,4,burst,838,0.4498330000005808,28
1,4,burst,839,0.17079199999989214,28
1,4,burst,840,0.1703749999996944,28
1,4,burst,841,0.14933299999938754,28
1,4,burst,842,0.1442909999996118,28
1,4,burst,843,0.15008300000044983,28
1,4,burst,844,0.15912500000013097,28
1,4,burst,845,0.146125000000211,28
1,4,burst,846,4.275542000000314,28
1,4,burst,847,0.37433299999975134,28
1,4,burst,848,0.1852500000004511,28
1,4,burst,849,0.3040419999997539,28
1,4,burst,850,0.15037500000016735,28
1,4,burst,851,0.152791000000434,28
1,4,burst,852,0.14483300000028976,28
1,4,burst,853,0.14262500000040745,28
1,4,burst,854,0.13933300000007875,28
1,4,burst,855,0.13612499999999272,28
1,4,burst,856,0.161167000000205,28
1,4,burst,857,0.13879199999973935,28
1,4,burst,858,0.14125000000058208,28
1,4,burst,859,0.27429100000063045,28
1,4,burst,860,0.2664999999997235,28
1,4,burst,861,0.15283400000043912,28
1,4,burst,862,0.17654199999924458,28
1,4,burst,863,0.19700000000011642,28
1,4,burst,864,0.13333400000010442,28
1,4,burst,865,0.12654199999997218,28
1,4,burst,866,0.13120900000012625,28
1,4,burst,867,0.12283300000035524,28
1,4,burst,868,0.12312500000007276,28
1,4,burst,869,0.12183399999958056,28
1,4,burst,870,0.12533299999995506,28
1,4,burst,871,0.11808300000029703,28
1,4,burst,872,0.14029200000004494,28
1,4,burst,873,0.12412500000027649,28
1,4,burst,874,0.12316699999973935,28
1,4,burst,875,0.1207909999993717,28
1,4,burst,876,0.1193329999996422,28
1,4,burst,877,0.12162499999976717,28
1,4,burst,878,0.12841699999989942,28
1,4,burst,879,0.11837500000001455,28
1,4,burst,880,0.12208299999929295,28
1,4,burst,881,0.12141700000029232,28
1,4,burst,882,0.12062499999956344,28
1,4,burst,883,0.1193329999996422,28
1,4,burst,884,0.12058400000023539,28
1,4,burst,885,0.11983300000065356,28
1,4,burst,886,0.12658300000020972,28
1,4,burst,887,0.12195800000063173,28
1,4,burst,888,0.11833300000034797,28
1,4,burst,889,0.12795899999946414,28
1,4,burst,890,0.12104199999976117,28
1,4,burst,891,0.11933300000055169,28
1,4,burst,892,0.11899999999968713,28
1,4,burst,893,0.12329200000021956,28
1,4,burst,894,0.1252089999998134,28
1,4,burst,895,0.11841700000059063,28
1,4,burst,896,0.1218749999998181,28
1,4,burst,897,0.12070800000037707,28
1,4,burst,898,0.119499999999789,28
1,4,burst,899,0.1196669999999358,28
1,4,burst,900,0.125875000000633,28
1,4,burst,901,0.11970800000017334,28
1,4,burst,902,0.11804099999972095,28
1,4,burst,903,0.11829200000011042,28
1,4,burst,904,0.12091700000019046,28
1,4,burst,905,0.12749999999959982,28
1,4,burst,906,0.12087499999961437,28
1,4,burst,907,0.12358399999993708,28
1,4,burst,908,0.12016700000003766,28
1,4,burst,909,0.12183399999958056,28
1,4,burst,910,0.11941699999988487,28
1,4,burst,911,0.11970900000051188,28
1,4,burst,912,0.11895800000002055,28
1,4,burst,913,0.1178330000002461,28
1,4,burst,914,0.1236670000007507,28
1,4,burst,915,0.12020799999936571,28
1,4,burst,916,0.11758300000019517,28
1,4,burst,917,0.11920899999950052,28
1,4,burst,918,0.11866699999973207,28
1,4,burst,919,0.12029199999960838,28
1,4,burst,920,0.1181670000005397,28
1,4,burst,921,0.13174999999955617,28
1,4,burst,922,0.11704199999985576,28
1,4,burst,923,0.12012500000037107,28
1,4,burst,924,0.11941599999954633,28
1,4,burst,925,0.11970800000017334,28
1,4,burst,926,0.12016700000003766,28
1,4,burst,927,0.12225000000034925,28
1,4,burst,928,0.12308299999949668,28
1,4,burst,929,0.12300000000050204,28
1,4,burst,930,0.11962500000026921,28
1,4,burst,931,0.11879200000021228,28
1,4,burst,932,0.12004199999955745,28
1,4,burst,933,0.12037499999951251,28
1,4,burst,934,0.11791600000015023,28
1,4,burst,935,0.11775000000034197,28
1,4,burst,936,0.12449999999989814,28
1,4,burst,937,0.12362499999926513,28
1,4,burst,938,0.12158299999919109,28
1,4,burst,939,0.1187500000005457,28
1,4,burst,940,0.11850000000049477,28
1,4,burst,941,0.12220800000068266,28
1,4,burst,942,0.1294159999997646,28
1,4,burst,943,0.12224999999943975,28
1,4,burst,944,0.11862500000006548,28
1,4,burst,945,0.1193329999996422,28
1,4,burst,946,0.11870799999996962,28
1,4,burst,947,0.11804200000005949,28
1,4,burst,948,0.12183300000015151,28
1,4,burst,949,0.11791599999924074,28
1,4,burst,950,0.1242499999998472,28
1,4,burst,951,0.11999999999989086,28
1,4,burst,952,0.12399999999979627,28
1,4,burst,953,0.11837500000001455,28
1,4,burst,954,0.11825000000044383,28
1,4,burst,955,0.11870799999996962,28
1,4,burst,956,0.11991699999998673,28
1,4,burst,957,0.12200000000029831,28
1,4,burst,958,0.11937500000021828,28
1,4,burst,959,0.11979199999950652,28
1,4,burst,960,0.12441599999965547,28
1,4,burst,961,0.12266599999929895,28
1,4,burst,962,0.11945800000012241,28
1,4,burst,963,0.1211250000005748,28
1,4,burst,964,0.12470800000028248,28
1,4,burst,965,0.12062500000047294,28
1,4,burst,966,0.119499999999789,28
1,4,burst,967,0.12091599999985192,28
1,4,burst,968,0.12266600000020844,28
1,4,burst,969,0.12420800000018062,28
1,4,burst,970,0.12179100000048493,28
1,4,burst,971,0.12266600000020844,28
1,4,burst,972,0.12529099999937898,28
1,4,burst,973,0.12016700000003766,28
1,4,burst,974,0.1212919999998121,28
1,4,burst,975,0.11941699999988487,28
1,4,burst,976,0.12354099999993196,28
1,4,burst,977,0.12345800000002782,28
1,4,burst,978,0.12100000000009459,28
1,4,burst,979,0.12537500000053114,28
1,4,burst,980,0.12341699999979028,28
1,4,burst,981,0.12058400000023539,28
1,4,burst,982,0.14662499999940337,28
1,4,burst,983,0.13741700000082346,28
1,4,burst,984,0.13095900000007532,28
1,4,burst,985,0.13608400000066467,28
1,4,burst,986,0.1439170000003287,28
1,4,burst,987,0.130500000000211,28
1,4,burst,988,0.13008300000001327,28
1,4,burst,989,0.12766600000031758,28
1,4,burst,990,0.1275420000001759,28
1,4,burst,991,0.12866700000085984,28
1,4,burst,992,0.14787499999965803,28
1,4,burst,993,36.16779200000019,28
1,4,burst,994,0.21095799999966403,28
1,4,burst,995,0.15195799999946757,28
1,4,burst,996,0.14937499999996362,28
1,4,burst,997,0.15354200000001583,28
1,4,burst,998,0.15174999999999272,28
1,4,burst,999,0.14604200000030687,28
2,1,idle,0,0.002583000000413449,0
2,1,idle,1,0.0015830000002097222,0
2,1,idle,2,0.0016249999998763087,0
2,1,idle,3,0.001750000000356522,0
2,1,idle,4,0.0016250000007858034,0
2,1,idle,5,0.0015000000003055902,0
2,1,idle,6,0.002124999999978172,0
2,1,idle,7,0.0015419999999721767,0
2,1,idle,8,0.0015839999996387633,0
2,1,idle,9,0.0015839999996387633,0
2,1,idle,10,0.0015419999999721767,0
2,1,idle,11,0.002208000000791799,0
2,1,idle,12,0.0016249999998763087,0
2,1,idle,13,0.002457999999933236,0
2,1,idle,14,0.0016249999998763087,0
2,1,idle,15,0.0015410000005431357,0
2,1,idle,16,0.002457999999933236,0
2,1,idle,17,0.001540999999633641,0
2,1,idle,18,0.0017079999997804407,0
2,1,idle,19,0.0015419999999721767,0
2,1,idle,20,0.00166700000045239,0
2,1,idle,21,0.0021670000005542533,0
2,1,idle,22,0.0015830000002097222,0
2,1,idle,23,0.0017080000006899354,0
2,1,idle,24,0.0015419999999721767,0
2,1,idle,25,0.0015410000005431357,0
2,1,idle,26,0.005500000000211003,0
2,1,idle,27,0.0021669999996447586,0
2,1,idle,28,0.0015829999993002275,0
2,1,idle,29,0.0017079999997804407,0
2,1,idle,30,0.0015419999999721767,0
2,1,idle,31,0.0015830000002097222,0
2,1,idle,32,0.003457999999227468,0
2,1,idle,33,0.0015419999999721767,0
2,1,idle,34,0.0024169999996956903,0
2,1,idle,35,0.0015410000005431357,0
2,1,idle,36,0.00204200000007404,0
2,1,idle,37,0.0020839999997406267,0
2,1,idle,38,0.0015419999999721767,0
2,1,idle,39,0.0015419999999721767,0
2,1,idle,40,0.0015000000003055902,0
2,1,idle,41,0.0015830000002097222,0
2,1,idle,42,0.0014590000000680448,0
2,1,idle,43,0.002207999999882304,0
2,1,idle,44,0.0015830000002097222,0
2,1,idle,45,0.0016660000001138542,0
2,1,idle,46,0.001540999999633641,0
2,1,idle,47,0.001457999999729509,0
2,1,idle,48,0.0020409999997355044,0
2,1,idle,49,0.0015830000002097222,0
2,1,idle,50,0.0016249999998763087,0
2,1,idle,51,0.001540999999633641,0
2,1,idle,52,0.0016249999998763087,0
2,1,idle,53,0.002207999999882304,0
2,1,idle,54,0.010166000000026543,0
2,1,idle,55,0.0017080000006899354,0
2,1,idle,56,0.001540999999633641,0
2,1,idle,57,0.0015000000003055902,0
2,1,idle,58,0.0029169999997975538,0
2,1,idle,59,0.0015000000003055902,0
2,1,idle,60,0.0015000000003055902,0
2,1,idle,61,0.0015419999999721767,0
2,1,idle,62,0.0015830000002097222,0
2,1,idle,63,0.0016249999998763087,0
2,1,idle,64,0.0020839999997406267,0
2,1,idle,65,0.0016669999995428952,0
2,1,idle,66,0.0014999999993960955,0
2,1,idle,67,0.0014999999993960955,0
2,1,idle,68,0.0015839999996387633,0
2,1,idle,69,0.0019579999998313724,0
2,1,idle,70,0.001457999999729509,0
2,1,idle,71,0.0015419999999721767,0
2,1,idle,72,0.0016660000001138542,0
2,1,idle,73,0.0021660000002157176,0
2,1,idle,74,0.0020830000003115856,0
2,1,idle,75,0.0016249999998763087,0
2,1,idle,76,0.0017499999994470272,0
2,1,idle,77,0.0015419999999721767,0
2,1,idle,78,0.0017089999992094818,0
2,1,idle,79,0.0020419999991645454,0
2,1,idle,80,0.001457999999729509,0
2,1,idle,81,0.0016659999992043595,0
2,1,idle,82,0.0015000000003055902,0
2,1,idle,83,0.0015000000003055902,0
2,1,idle,84,0.001540999999633641,0
2,1,idle,85,0.0020830000003115856,0
2,1,idle,86,0.0015410000005431357,0
2,1,idle,87,0.0016249999998763087,0
2,1,idle,88,0.0015000000003055902,0
2,1,idle,89,0.001540999999633641,0
2,1,idle,90,0.002082999999402091,0
2,1,idle,91,0.0023329999994530226,0
2,1,idle,92,0.0014999999993960955,0
2,1,idle,93,0.0057500000002619345,0
2,1,idle,94,0.0018749999999272404,0
2,1,idle,95,0.0019579999998313724,0
2,1,idle,96,0.0016660000001138542,0
2,1,idle,97,0.0017910000005940674,0
2,1,idle,98,0.0015830000002097222,0
2,1,idle,99,0.002292000000124972,0
2,1,idle,100,0.00204200000007404,0
2,1,idle,101,0.0016249999998763087,0
2,1,idle,102,0.0017920000000231084,0
2,1,idle,103,0.0015839999996387633,0
2,1,idle,104,0.0015839999996387633,0
2,1,idle,105,0.0017499999994470272,0
2,1,idle,106,0.0019159999992552912,0
2,1,idle,107,0.0015000000003055902,0
2,1,idle,108,0.0015419999999721767,0
2,1,idle,109,0.001540999999633641,0
2,1,idle,110,0.0015000000003055902,0
2,1,idle,111,0.00204200000007404,0
2,1,idle,112,0.0016249999998763087,0
2,1,idle,113,0.0017090000001189765,0
2,1,idle,114,0.0015419999999721767,0
2,1,idle,115,0.001540999999633641,0
2,1,idle,116,0.005666999999448308,0
2,1,idle,117,0.0017920000000231084,0
2,1,idle,118,0.0015419999999721767,0
2,1,idle,119,0.0014590000000680448,0
2,1,idle,120,0.0015000000003055902,0
2,1,idle,121,0.002124999999978172,0
2,1,idle,122,0.001540999999633641,0
2,1,idle,123,0.0015000000003055902,0
2,1,idle,124,0.0015839999996387633,0
2,1,idle,125,0.0022499999995488906,0
2,1,idle,126,0.0015829999993002275,0
2,1,idle,127,0.002207999999882304,0
2,1,idle,128,0.0017079999997804407,0
2,1,idle,129,0.0015410000005431357,0
2,1,idle,130,0.0015419999999721767,0
2,1,idle,131,0.0015419999999721767,0
2,1,idle,132,0.0022500000004583853,0
2,1,idle,133,0.0022500000004583853,0
2,1,idle,134,0.0016249999998763087,0
2,1,idle,135,0.0016249999998763087,0
2,1,idle,136,0.0015410000005431357,0
2,1,idle,137,0.0021660000002157176,0
2,1,idle,138,0.0016249999998763087,0
2,1,idle,139,0.0015830000002097222,0
2,1,idle,140,0.0014590000000680448,0
2,1,idle,141,0.0021669999996447586,0
2,1,idle,142,0.00166700000045239,0
2,1,idle,143,0.002666000000317581,0
2,1,idle,144,0.001750000000356522,0
2,1,idle,145,0.0015419999999721767,0
2,1,idle,146,0.0016669999995428952,0
2,1,idle,147,0.0015000000003055902,0
2,1,idle,148,0.0020830000003115856,0
2,1,idle,149,0.0015420000008816714,0
2,1,idle,150,0.0016669999995428952,0
2,1,idle,151,0.0015839999996387633,0
2,1,idle,152,0.00166700000045239,0
2,1,idle,153,0.0022499999995488906,0
2,1,idle,154,0.0015419999999721767,0
2,1,idle,155,0.0016669999995428952,0
2,1,idle,156,0.0015419999999721767,0
2,1,idle,157,0.0016249999998763087,0
2,1,idle,158,0.0020409999997355044,0
2,1,idle,159,0.001457999999729509,0
2,1,idle,160,0.005957999999736785,0
2,1,idle,161,0.0015830000002097222,0
2,1,idle,162,0.0015830000002097222,0
2,1,idle,163,0.0015830000002097222,0
2,1,idle,164,0.002124999999978172,0
2,1,idle,165,0.0015419999999721767,0
2,1,idle,166,0.001584000000548258,0
2,1,idle,167,0.0015419999999721767,0
2,1,idle,168,0.001540999999633641,0
2,1,idle,169,0.002290999999786436,0
2,1,idle,170,0.0015410000005431357,0
2,1,idle,171,0.0016249999998763087,0
2,1,idle,172,0.0016660000001138542,0
2,1,idle,173,0.0015419999999721767,0
2,1,idle,174,0.001916999999593827,0
2,1,idle,175,0.0015000000003055902,0
2,1,idle,176,0.0017080000006899354,0
2,1,idle,177,0.002292000000124972,0
2,1,idle,178,0.005707999999685853,0
2,1,idle,179,0.002124999999978172,0
2,1,idle,180,0.0015830000002097222,0
2,1,idle,181,0.0017920000000231084,0
2,1,idle,182,0.0022500000004583853,0
2,1,idle,183,0.0016669999995428952,0
2,1,idle,184,0.0016249999998763087,0
2,1,idle,185,0.0021660000002157176,0
2,1,idle,186,0.001457999999729509,0
2,1,idle,187,0.0015000000003055902,0
2,1,idle,188,0.0015830000002097222,0
2,1,idle,189,0.0016659999992043595,0
2,1,idle,190,0.0020830000003115856,0
2,1,idle,191,0.0015000000003055902,0
2,1,idle,192,0.0016249999998763087,0
2,1,idle,193,0.002207999999882304,0
2,1,idle,194,0.0016660000001138542,0
2,1,idle,195,0.002124999999978172,0
2,1,idle,196,0.001540999999633641,0
2,1,idle,197,0.001457999999729509,0
2,1,idle,198,0.0016249999998763087,0
2,1,idle,199,0.0015839999996387633,0
2,1,idle,200,0.002124999999978172,0
2,1,idle,201,0.001999999999497959,0
2,1,idle,202,0.0015419999999721767,0
2,1,idle,203,0.0015410000005431357,0
2,1,idle,204,0.0015000000003055902,0
2,1,idle,205,0.0015419999999721767,0
2,1,idle,206,0.002124999999978172,0
2,1,idle,207,0.001750000000356522,0
2,1,idle,208,0.0015410000005431357,0
2,1,idle,209,0.0015000000003055902,0
2,1,idle,210,0.0016249999998763087,0
2,1,idle,211,0.0020000000004074536,0
2,1,idle,212,0.0015410000005431357,0
2,1,idle,213,0.0015410000005431357,0
2,1,idle,214,0.0015830000002097222,0
2,1,idle,215,0.0016660000001138542,0
2,1,idle,216,0.0020830000003115856,0
2,1,idle,217,0.0015419999999721767,0
2,1,idle,218,0.0015839999996387633,0
2,1,idle,219,0.0016249999998763087,0
2,1,idle,220,0.0014580000006390037,0
2,1,idle,221,0.0020000000004074536,0
2,1,idle,222,0.0015419999999721767,0
2,1,idle,223,0.0020839999997406267,0
2,1,idle,224,0.0015419999999721767,0
2,1,idle,225,0.0017090000001189765,0
2,1,idle,226,0.0015830000002097222,0
2,1,idle,227,0.005583000000115135,0
2,1,idle,228,0.001584000000548258,0
2,1,idle,229,0.0015419999999721767,0
2,1,idle,230,0.0016669999995428952,0
2,1,idle,231,0.001540999999633641,0
2,1,idle,232,0.001999999999497959,0
2,1,idle,233,0.0015839999996387633,0
2,1,idle,234,0.00166700000045239,0
2,1,idle,235,0.0014999999993960955,0
2,1,idle,236,0.0016249999998763087,0
2,1,idle,237,0.00204200000007404,0
2,1,idle,238,0.001833000000260654,0
2,1,idle,239,0.0016660000001138542,0
2,1,idle,240,0.005500000000211003,0
2,1,idle,241,0.0016250000007858034,0
2,1,idle,242,0.0016249999998763087,0
2,1,idle,243,0.002124999999978172,0
2,1,idle,244,0.0016660000001138542,0
2,1,idle,245,0.0014999999993960955,0
2,1,idle,246,0.0016249999998763087,0
2,1,idle,247,0.00166700000045239,0
2,1,idle,248,0.00204200000007404,0
2,1,idle,249,0.0015839999996387633,0
2,1,idle,250,0.0016249999998763087,0
2,1,idle,251,0.001540999999633641,0
2,1,idle,252,0.0020409999997355044,0
2,1,idle,253,0.0020409999997355044,0
2,1,idle,254,0.0017079999997804407,0
2,1,idle,255,0.0017079999997804407,0
2,1,idle,256,0.0015830000002097222,0
2,1,idle,257,0.0015000000003055902,0
2,1,idle,258,0.0019579999998313724,0
2,1,idle,259,0.001540999999633641,0
2,1,idle,260,0.0016660000001138542,0
2,1,idle,261,0.0016250000007858034,0
2,1,idle,262,0.0017079999997804407,0
2,1,idle,263,0.0015830000002097222,0
2,1,idle,264,0.0020840000006501214,0
2,1,idle,265,0.0027920000002268353,0
2,1,idle,266,0.0015000000003055902,0
2,1,idle,267,0.0015830000002097222,0
2,1,idle,268,0.0015000000003055902,0
2,1,idle,269,0.0020000000004074536,0
2,1,idle,270,0.0015410000005431357,0
2,1,idle,271,0.0015829999993002275,0
2,1,idle,272,0.001540999999633641,0
2,1,idle,273,0.001540999999633641,0
2,1,idle,274,0.0020409999997355044,0
2,1,idle,275,0.0015829999993002275,0
2,1,idle,276,0.0015410000005431357,0
2,1,idle,277,0.0014580000006390037,0
2,1,idle,278,0.001540999999633641,0
2,1,idle,279,0.001999999999497959,0
2,1,idle,280,0.0022500000004583853,0
2,1,idle,281,0.001540999999633641,0
2,1,idle,282,0.0018749999999272404,0
2,1,idle,283,0.0015830000002097222,0
2,1,idle,284,0.0015830000002097222,0
2,1,idle,285,0.002334000000701053,0
2,1,idle,286,0.002500000000509317,0
2,1,idle,287,0.0015830000002097222,0
2,1,idle,288,0.0015419999999721767,0
2,1,idle,289,0.0014580000006390037,0
2,1,idle,290,0.0020830000003115856,0
2,1,idle,291,0.002124999999978172,0
2,1,idle,292,0.0015419999999721767,0
2,1,idle,293,0.0014999999993960955,0
2,1,idle,294,0.005790999999589985,0
2,1,idle,295,0.002207999999882304,0
2,1,idle,296,0.0015410000005431357,0
2,1,idle,297,0.0015419999999721767,0
2,1,idle,298,0.0015000000003055902,0
2,1,idle,299,0.0017080000006899354,0
2,1,idle,300,0.0020830000003115856,0
2,1,idle,301,0.0015000000003055902,0
2,1,idle,302,0.005541999999877589,0
2,1,idle,303,0.0015830000002097222,0
2,1,idle,304,0.0015000000003055902,0
2,1,idle,305,0.0015839999996387633,0
2,1,idle,306,0.0027090000003227033,0
2,1,idle,307,0.0019579999998313724,0
2,1,idle,308,0.001540999999633641,0
2,1,idle,309,0.0014999999993960955,0
2,1,idle,310,0.0016249999998763087,0
2,1,idle,311,0.0022500000004583853,0
2,1,idle,312,0.0027920000002268353,0
2,1,idle,313,0.0017910000005940674,0
2,1,idle,314,0.0016249999998763087,0
2,1,idle,315,0.0016250000007858034,0
2,1,idle,316,0.0020000000004074536,0
2,1,idle,317,0.0015419999999721767,0
2,1,idle,318,0.0017499999994470272,0
2,1,idle,319,0.001540999999633641,0
2,1,idle,320,0.0015830000002097222,0
2,1,idle,321,0.0021660000002157176,0
2,1,idle,322,0.0016660000001138542,0
2,1,idle,323,0.0015830000002097222,0
2,1,idle,324,0.0015000000003055902,0
2,1,idle,325,0.0015830000002097222,0
2,1,idle,326,0.0015419999999721767,0
2,1,idle,327,0.002125000000887667,0
2,1,idle,328,0.001457999999729509,0
2,1,idle,329,0.0014999999993960955,0
2,1,idle,330,0.00166700000045239,0
2,1,idle,331,0.001457999999729509,0
2,1,idle,332,0.002124999999978172,0
2,1,idle,333,0.0014590000000680448,0
2,1,idle,334,0.0017499999994470272,0
2,1,idle,335,0.0015839999996387633,0
2,1,idle,336,0.0016249999998763087,0
2,1,idle,337,0.0020830000003115856,0
2,1,idle,338,0.00166700000045239,0
2,1,idle,339,0.0017090000001189765,0
2,1,idle,340,0.0014580000006390037,0
2,1,idle,341,0.00166700000045239,0
2,1,idle,342,0.0016249999998763087,0
2,1,idle,343,0.0021669999996447586,0
2,1,idle,344,0.0015830000002097222,0
2,1,idle,345,0.00166700000045239,0
2,1,idle,346,0.0015419999999721767,0
2,1,idle,347,0.0020830000003115856,0
2,1,idle,348,0.0020409999997355044,0
2,1,idle,349,0.0023329999994530226,0
2,1,idle,350,0.0015830000002097222,0
2,1,idle,351,0.0015000000003055902,0
2,1,idle,352,0.0015839999996387633,0
2,1,idle,353,0.0020000000004074536,0
2,1,idle,354,0.0015419999999721767,0
2,1,idle,355,0.0015410000005431357,0
2,1,idle,356,0.0015830000002097222,0
2,1,idle,357,0.0015000000003055902,0
2,1,idle,358,0.0020839999997406267,0
2,1,idle,359,0.0015419999999721767,0
2,1,idle,360,0.0016660000001138542,0
2,1,idle,361,0.005083000000013271,0
2,1,idle,362,0.0015410000005431357,0
2,1,idle,363,0.0015410000005431357,0
2,1,idle,364,0.005499999999301508,0
2,1,idle,365,0.0019170000005033216,0
2,1,idle,366,0.001540999999633641,0
2,1,idle,367,0.0015829999993002275,0
2,1,idle,368,0.0016249999998763087,0
2,1,idle,369,0.0020000000004074536,0
2,1,idle,370,0.0015000000003055902,0
2,1,idle,371,0.0014999999993960955,0
2,1,idle,372,0.0017079999997804407,0
2,1,idle,373,0.0017920000000231084,0
2,1,idle,374,0.0020839999997406267,0
2,1,idle,375,0.0016250000007858034,0
2,1,idle,376,0.002124999999978172,0
2,1,idle,377,0.0016249999998763087,0
2,1,idle,378,0.0015419999999721767,0
2,1,idle,379,0.0020840000006501214,0
2,1,idle,380,0.001584000000548258,0
2,1,idle,381,0.0017499999994470272,0
2,1,idle,382,0.0015830000002097222,0
2,1,idle,383,0.001540999999633641,0
2,1,idle,384,0.0015830000002097222,0
2,1,idle,385,0.002124999999978172,0
2,1,idle,386,0.0016249999998763087,0
2,1,idle,387,0.0017079999997804407,0
2,1,idle,388,0.002165999999306223,0
2,1,idle,389,0.0017079999997804407,0
2,1,idle,390,0.002082999999402091,0
2,1,idle,391,0.0018340000005991897,0
2,1,idle,392,0.0017920000000231084,0
2,1,idle,393,0.0015419999999721767,0
2,1,idle,394,0.0017090000001189765,0
2,1,idle,395,0.002082999999402091,0
2,1,idle,396,0.0016249999998763087,0
2,1,idle,397,0.001750000000356522,0
2,1,idle,398,0.0015000000003055902,0
2,1,idle,399,0.0016669999995428952,0
2,1,idle,400,0.002124999999978172,0
2,1,idle,401,0.001457999999729509,0
2,1,idle,402,0.0015830000002097222,0
2,1,idle,403,0.0016249999998763087,0
2,1,idle,404,0.0014999999993960955,0
2,1,idle,405,0.0016249999998763087,0
2,1,idle,406,0.0021669999996447586,0
2,1,idle,407,0.0016249999998763087,0
2,1,idle,408,0.0015000000003055902,0
2,1,idle,409,0.002375000000029104,0
2,1,idle,410,0.0016249999998763087,0
2,1,idle,411,0.00204200000007404,0
2,1,idle,412,0.0015829999993002275,0
2,1,idle,413,0.0016669999995428952,0
2,1,idle,414,0.00166700000045239,0
2,1,idle,415,0.0016669999995428952,0
2,1,idle,416,0.0019579999998313724,0
2,1,idle,417,0.0015830000002097222,0
2,1,idle,418,0.00166700000045239,0
2,1,idle,419,0.0015830000002097222,0
2,1,idle,420,0.001750000000356522,0
2,1,idle,421,0.00220900000022084,0
2,1,idle,422,0.0015419999999721767,0
2,1,idle,423,0.0015830000002097222,0
2,1,idle,424,0.006375000000844011,0
2,1,idle,425,0.001584000000548258,0
2,1,idle,426,0.005541999999877589,0
2,1,idle,427,0.0021669999996447586,0
2,1,idle,428,0.005874999999832653,0
2,1,idle,429,0.002207999999882304,0
2,1,idle,430,0.002207999999882304,0
2,1,idle,431,0.0014999999993960955,0
2,1,idle,432,0.0021669999996447586,0
2,1,idle,433,0.0015419999999721767,0
2,1,idle,434,0.00166700000045239,0
2,1,idle,435,0.0015830000002097222,0
2,1,idle,436,0.0014999999993960955,0
2,1,idle,437,0.0020830000003115856,0
2,1,idle,438,0.0015000000003055902,0
2,1,idle,439,0.0015830000002097222,0
2,1,idle,440,0.00166700000045239,0
2,1,idle,441,0.0015419999999721767,0
2,1,idle,442,0.001457999999729509,0
2,1,idle,443,0.0020830000003115856,0
2,1,idle,444,0.001833000000260654,0
2,1,idle,445,0.0015839999996387633,0
2,1,idle,446,0.0016249999998763087,0
2,1,idle,447,0.0015419999999721767,0
2,1,idle,448,0.001999999999497959,0
2,1,idle,449,0.0015419999999721767,0
2,1,idle,450,0.0015829999993002275,0
2,1,idle,451,0.0015830000002097222,0
2,1,idle,452,0.0016249999998763087,0
2,1,idle,453,0.002208000000791799,0
2,1,idle,454,0.001540999999633641,0
2,1,idle,455,0.0016249999998763087,0
2,1,idle,456,0.0015000000003055902,0
2,1,idle,457,0.0015830000002097222,0
2,1,idle,458,0.0019579999998313724,0
2,1,idle,459,0.001540999999633641,0
2,1,idle,460,0.0017079999997804407,0
2,1,idle,461,0.001540999999633641,0
2,1,idle,462,0.0015000000003055902,0
2,1,idle,463,0.0014999999993960955,0
2,1,idle,464,0.001959000000169908,0
2,1,idle,465,0.0016250000007858034,0
2,1,idle,466,0.0016249999998763087,0
2,1,idle,467,0.0014999999993960955,0
2,1,idle,468,0.00204200000007404,0
2,1,idle,469,0.002124999999978172,0
2,1,idle,470,0.001540999999633641,0
2,1,idle,471,0.0026250000000800355,0
2,1,idle,472,0.001584000000548258,0
2,1,idle,473,0.0016669999995428952,0
2,1,idle,474,0.0020840000006501214,0
2,1,idle,475,0.0015419999999721767,0
2,1,idle,476,0.001584000000548258,0
2,1,idle,477,0.0015000000003055902,0
2,1,idle,478,0.0015830000002097222,0
2,1,idle,479,0.0020409999997355044,0
2,1,idle,480,0.0015419999999721767,0
2,1,idle,481,0.001584000000548258,0
2,1,idle,482,0.0015419999999721767,0
2,1,idle,483,0.0016669999995428952,0
2,1,idle,484,0.001540999999633641,0
2,1,idle,485,0.00204200000007404,0
2,1,idle,486,0.00166700000045239,0
2,1,idle,487,0.0015419999999721767,0
2,1,idle,488,0.011375000000043656,0
2,1,idle,489,0.0016249999998763087,0
2,1,idle,490,0.002207999999882304,0
2,1,idle,491,0.0015419999999721767,0
2,1,idle,492,0.001750000000356522,0
2,1,idle,493,0.0015419999999721767,0
2,1,idle,494,0.0016249999998763087,0
2,1,idle,495,0.006167000000459666,0
2,1,idle,496,0.0016249999998763087,0
2,1,idle,497,0.00166700000045239,0
2,1,idle,498,0.0014999999993960955,0
2,1,idle,499,0.0016249999998763087,0
2,1,idle,500,0.0020000000004074536,0
2,1,idle,501,0.0016249999998763087,0
2,1,idle,502,0.0015830000002097222,0
2,1,idle,503,0.0016249999998763087,0
2,1,idle,504,0.0015829999993002275,0
2,1,idle,505,0.001540999999633641,0
2,1,idle,506,0.001999999999497959,0
2,1,idle,507,0.0016249999998763087,0
2,1,idle,508,0.0015830000002097222,0
2,1,idle,509,0.0014590000000680448,0
2,1,idle,510,0.0017090000001189765,0
2,1,idle,511,0.0020000000004074536,0
2,1,idle,512,0.002124999999978172,0
2,1,idle,513,0.0015000000003055902,0
2,1,idle,514,0.001540999999633641,0
2,1,idle,515,0.001540999999633641,0
2,1,idle,516,0.002082999999402091,0
2,1,idle,517,0.0015000000003055902,0
2,1,idle,518,0.0015830000002097222,0
2,1,idle,519,0.0016249999998763087,0
2,1,idle,520,0.0015830000002097222,0
2,1,idle,521,0.001999999999497959,0
2,1,idle,522,0.0015000000003055902,0
2,1,idle,523,0.0017920000000231084,0
2,1,idle,524,0.0016249999998763087,0
2,1,idle,525,0.0015830000002097222,0
2,1,idle,526,0.0016249999998763087,0
2,1,idle,527,0.0021670000005542533,0
2,1,idle,528,0.0021670000005542533,0
2,1,idle,529,0.0015830000002097222,0
2,1,idle,530,0.0015830000002097222,0
2,1,idle,531,0.0015000000003055902,0
2,1,idle,532,0.001999999999497959,0
2,1,idle,533,0.002124999999978172,0
2,1,idle,534,0.0015829999993002275,0
2,1,idle,535,0.0015830000002097222,0
2,1,idle,536,0.002375000000029104,0
2,1,idle,537,0.002124999999978172,0
2,1,idle,538,0.0018749999999272404,0
2,1,idle,539,0.0016249999998763087,0
2,1,idle,540,0.0016249999998763087,0
2,1,idle,541,0.0015829999993002275,0
2,1,idle,542,0.0014999999993960955,0
2,1,idle,543,0.0020830000003115856,0
2,1,idle,544,0.0015419999999721767,0
2,1,idle,545,0.0015830000002097222,0
2,1,idle,546,0.0016249999998763087,0
2,1,idle,547,0.0014580000006390037,0
2,1,idle,548,0.0019160000001647859,0
2,1,idle,549,0.0017499999994470272,0
2,1,idle,550,0.038500000000567525,0
2,1,idle,551,0.00166700000045239,0
2,1,idle,552,0.001584000000548258,0
2,1,idle,553,0.0018749999999272404,0
2,1,idle,554,0.0023339999997915584,0
2,1,idle,555,0.001750000000356522,0
2,1,idle,556,0.0015830000002097222,0
2,1,idle,557,0.0016249999998763087,0
2,1,idle,558,0.002124999999978172,0
2,1,idle,559,0.0015830000002097222,0
2,1,idle,560,0.0017920000000231084,0
2,1,idle,561,0.0015419999999721767,0
2,1,idle,562,0.005707999999685853,0
2,1,idle,563,0.00166700000045239,0
2,1,idle,564,0.0021669999996447586,0
2,1,idle,565,0.0015830000002097222,0
2,1,idle,566,0.0014590000000680448,0
2,1,idle,567,0.0015410000005431357,0
2,1,idle,568,0.0016660000001138542,0
2,1,idle,569,0.001999999999497959,0
2,1,idle,570,0.00166700000045239,0
2,1,idle,571,0.0016249999998763087,0
2,1,idle,572,0.0016249999998763087,0
2,1,idle,573,0.0022499999995488906,0
2,1,idle,574,0.00220900000022084,0
2,1,idle,575,0.0016250000007858034,0
2,1,idle,576,0.001750000000356522,0
2,1,idle,577,0.0016249999998763087,0
2,1,idle,578,0.0015829999993002275,0
2,1,idle,579,0.0020000000004074536,0
2,1,idle,580,0.0015830000002097222,0
2,1,idle,581,0.0016249999998763087,0
2,1,idle,582,0.0015830000002097222,0
2,1,idle,583,0.0016249999998763087,0
2,1,idle,584,0.0015420000008816714,0
2,1,idle,585,0.0022499999995488906,0
2,1,idle,586,0.001750000000356522,0
2,1,idle,587,0.0015000000003055902,0
2,1,idle,588,0.0015419999999721767,0
2,1,idle,589,0.001584000000548258,0
2,1,idle,590,0.0020000000004074536,0
2,1,idle,591,0.0015830000002097222,0
2,1,idle,592,0.0017079999997804407,0
2,1,idle,593,0.0014999999993960955,0
2,1,idle,594,0.0016249999998763087,0
2,1,idle,595,0.002666999999746622,0
2,1,idle,596,0.0017090000001189765,0
2,1,idle,597,0.0014999999993960955,0
2,1,idle,598,0.0016249999998763087,0
2,1,idle,599,0.0015419999999721767,0
2,1,idle,600,0.002375000000029104,0
2,1,idle,601,0.0015419999999721767,0
2,1,idle,602,0.0017920000000231084,0
2,1,idle,603,0.001584000000548258,0
2,1,idle,604,0.0015419999999721767,0
2,1,idle,605,0.0014999999993960955,0
2,1,idle,606,0.0018749999999272404,0
2,1,idle,607,0.0016249999998763087,0
2,1,idle,608,0.0015419999999721767,0
2,1,idle,609,0.0015000000003055902,0
2,1,idle,610,0.001540999999633641,0
2,1,idle,611,0.0020419999991645454,0
2,1,idle,612,0.00537499999973079,0
2,1,idle,613,0.0016660000001138542,0
2,1,idle,614,0.00166700000045239,0
2,1,idle,615,0.0016249999998763087,0
2,1,idle,616,0.00204200000007404,0
2,1,idle,617,0.0017079999997804407,0
2,1,idle,618,0.001750000000356522,0
2,1,idle,619,0.0015410000005431357,0
2,1,idle,620,0.0015410000005431357,0
2,1,idle,621,0.001999999999497959,0
2,1,idle,622,0.0016249999998763087,0
2,1,idle,623,0.0015419999999721767,0
2,1,idle,624,0.0015000000003055902,0
2,1,idle,625,0.001457999999729509,0
2,1,idle,626,0.0016669999995428952,0
2,1,idle,627,0.002374999999119609,0
2,1,idle,628,0.0016249999998763087,0
2,1,idle,629,0.005500000000211003,0
2,1,idle,630,0.0015829999993002275,0
2,1,idle,631,0.0017499999994470272,0
2,1,idle,632,0.001958000000740867,0
2,1,idle,633,0.0016249999998763087,0
2,1,idle,634,0.0016249999998763087,0
2,1,idle,635,0.0015830000002097222,0
2,1,idle,636,0.0016249999998763087,0
2,1,idle,637,0.002583000000413449,0
2,1,idle,638,0.0015419999999721767,0
2,1,idle,639,0.001584000000548258,0
2,1,idle,640,0.0015419999999721767,0
2,1,idle,641,0.0014999999993960955,0
2,1,idle,642,0.00204200000007404,0
2,1,idle,643,0.0020839999997406267,0
2,1,idle,644,0.0015419999999721767,0
2,1,idle,645,0.0015000000003055902,0
2,1,idle,646,0.0015830000002097222,0
2,1,idle,647,0.001999999999497959,0
2,1,idle,648,0.002666999999746622,0
2,1,idle,649,0.001584000000548258,0
2,1,idle,650,0.0016669999995428952,0
2,1,idle,651,0.0016250000007858034,0
2,1,idle,652,0.0014590000000680448,0
2,1,idle,653,0.002124999999978172,0
2,1,idle,654,0.00166700000045239,0
2,1,idle,655,0.00166700000045239,0
2,1,idle,656,0.0014999999993960955,0
2,1,idle,657,0.0015829999993002275,0
2,1,idle,658,0.0020409999997355044,0
2,1,idle,659,0.0015000000003055902,0
2,1,idle,660,0.0015419999999721767,0
2,1,idle,661,0.0016250000007858034,0
2,1,idle,662,0.0015419999999721767,0
2,1,idle,663,0.0015419999999721767,0
2,1,idle,664,0.00220900000022084,0
2,1,idle,665,0.0017090000001189765,0
2,1,idle,666,0.0015419999999721767,0
2,1,idle,667,0.001750000000356522,0
2,1,idle,668,0.0016249999998763087,0
2,1,idle,669,0.001959000000169908,0
2,1,idle,670,0.0015830000002097222,0
2,1,idle,671,0.0015829999993002275,0
2,1,idle,672,0.0015419999999721767,0
2,1,idle,673,0.0014999999993960955,0
2,1,idle,674,0.005624999999781721,0
2,1,idle,675,0.0015419999999721767,0
2,1,idle,676,0.0016249999998763087,0
2,1,idle,677,0.0015830000002097222,0
2,1,idle,678,0.004834000000300875,0
2,1,idle,679,0.002457999999933236,0
2,1,idle,680,0.0016249999998763087,0
2,1,idle,681,0.0017920000000231084,0
2,1,idle,682,0.001540999999633641,0
2,1,idle,683,0.0016250000007858034,0
2,1,idle,684,0.0016669999995428952,0
2,1,idle,685,0.0020000000004074536,0
2,1,idle,686,0.001750000000356522,0
2,1,idle,687,0.0015000000003055902,0
2,1,idle,688,0.0015000000003055902,0
2,1,idle,689,0.0015419999999721767,0
2,1,idle,690,0.002124999999978172,0
2,1,idle,691,0.0015830000002097222,0
2,1,idle,692,0.00166700000045239,0
2,1,idle,693,0.0015839999996387633,0
2,1,idle,694,0.00166700000045239,0
2,1,idle,695,0.0020000000004074536,0
2,1,idle,696,0.00537499999973079,0
2,1,idle,697,0.0016249999998763087,0
2,1,idle,698,0.0015419999999721767,0
2,1,idle,699,0.001584000000548258,0
2,1,idle,700,0.0020830000003115856,0
2,1,idle,701,0.0015410000005431357,0
2,1,idle,702,0.0016249999998763087,0
2,1,idle,703,0.001457999999729509,0
2,1,idle,704,0.0014590000000680448,0
2,1,idle,705,0.0015830000002097222,0
2,1,idle,706,0.001999999999497959,0
2,1,idle,707,0.0016249999998763087,0
2,1,idle,708,0.0024159999993571546,0
2,1,idle,709,0.0015830000002097222,0
2,1,idle,710,0.0015830000002097222,0
2,1,idle,711,0.0020830000003115856,0
2,1,idle,712,0.0015830000002097222,0
2,1,idle,713,0.001750000000356522,0
2,1,idle,714,0.0016249999998763087,0
2,1,idle,715,0.0016249999998763087,0
2,1,idle,716,0.002457999999933236,0
2,1,idle,717,0.0016669999995428952,0
2,1,idle,718,0.0017079999997804407,0
2,1,idle,719,0.0015000000003055902,0
2,1,idle,720,0.005709000000024389,0
2,1,idle,721,0.00204200000007404,0
2,1,idle,722,0.001584000000548258,0
2,1,idle,723,0.0016250000007858034,0
2,1,idle,724,0.0015419999999721767,0
2,1,idle,725,0.0014999999993960955,0
2,1,idle,726,0.0016249999998763087,0
2,1,idle,727,0.0020000000004074536,0
2,1,idle,728,0.0017499999994470272,0
2,1,idle,729,0.0016249999998763087,0
2,1,idle,730,0.0014999999993960955,0
2,1,idle,731,0.0016249999998763087,0
2,1,idle,732,0.002207999999882304,0
2,1,idle,733,0.0015000000003055902,0
2,1,idle,734,0.0016249999998763087,0
2,1,idle,735,0.0017079999997804407,0
2,1,idle,736,0.005624999999781721,0
2,1,idle,737,0.002124999999978172,0
2,1,idle,738,0.0015830000002097222,0
2,1,idle,739,0.0017079999997804407,0
2,1,idle,740,0.0014999999993960955,0
2,1,idle,741,0.0016249999998763087,0
2,1,idle,742,0.0016249999998763087,0
2,1,idle,743,0.0020000000004074536,0
2,1,idle,744,0.0016669999995428952,0
2,1,idle,745,0.0015419999999721767,0
2,1,idle,746,0.001540999999633641,0
2,1,idle,747,0.0015000000003055902,0
2,1,idle,748,0.0021670000005542533,0
2,1,idle,749,0.0015830000002097222,0
2,1,idle,750,0.0015419999999721767,0
2,1,idle,751,0.0016249999998763087,0
2,1,idle,752,0.0015419999999721767,0
2,1,idle,753,0.0018749999999272404,0
2,1,idle,754,0.0015410000005431357,0
2,1,idle,755,0.0017079999997804407,0
2,1,idle,756,0.0016250000007858034,0
2,1,idle,757,0.0015839999996387633,0
2,1,idle,758,0.00204200000007404,0
2,1,idle,759,0.0019579999998313724,0
2,1,idle,760,0.0017920000000231084,0
2,1,idle,761,0.0016249999998763087,0
2,1,idle,762,0.006542000000081316,0
2,1,idle,763,0.005333999999493244,0
2,1,idle,764,0.0020830000003115856,0
2,1,idle,765,0.0015829999993002275,0
2,1,idle,766,0.0016249999998763087,0
2,1,idle,767,0.0017090000001189765,0
2,1,idle,768,0.002124999999978172,0
2,1,idle,769,0.00204200000007404,0
2,1,idle,770,0.001584000000548258,0
2,1,idle,771,0.0015419999999721767,0
2,1,idle,772,0.0016249999998763087,0
2,1,idle,773,0.0015829999993002275,0
2,1,idle,774,0.00204200000007404,0
2,1,idle,775,0.001540999999633641,0
2,1,idle,776,0.0018750000008367351,0
2,1,idle,777,0.0016249999998763087,0
2,1,idle,778,0.0015830000002097222,0
2,1,idle,779,0.002124999999978172,0
2,1,idle,780,0.0017079999997804407,0
2,1,idle,781,0.0016249999998763087,0
2,1,idle,782,0.001540999999633641,0
2,1,idle,783,0.0016249999998763087,0
2,1,idle,784,0.002124999999978172,0
2,1,idle,785,0.0021670000005542533,0
2,1,idle,786,0.001584000000548258,0
2,1,idle,787,0.002124999999978172,0
2,1,idle,788,0.0015830000002097222,0
2,1,idle,789,0.0017080000006899354,0
2,1,idle,790,0.001959000000169908,0
2,1,idle,791,0.00166700000045239,0
2,1,idle,792,0.001750000000356522,0
2,1,idle,793,0.0015839999996387633,0
2,1,idle,794,0.0014590000000680448,0
2,1,idle,795,0.002082999999402091,0
2,1,idle,796,0.0015830000002097222,0
2,1,idle,797,0.0016249999998763087,0
2,1,idle,798,0.005666000000019267,0
2,1,idle,799,0.0015830000002097222,0
2,1,idle,800,0.002124999999978172,0
2,1,idle,801,0.001750000000356522,0
2,1,idle,802,0.0015830000002097222,0
2,1,idle,803,0.0015000000003055902,0
2,1,idle,804,0.00520799999958399,0
2,1,idle,805,0.0017080000006899354,0
2,1,idle,806,0.0020409999997355044,0
2,1,idle,807,0.0018329999993511592,0
2,1,idle,808,0.0015830000002097222,0
2,1,idle,809,0.0015830000002097222,0
2,1,idle,810,0.0015419999999721767,0
2,1,idle,811,0.00204200000007404,0
2,1,idle,812,0.0015000000003055902,0
2,1,idle,813,0.0016669999995428952,0
2,1,idle,814,0.0015420000008816714,0
2,1,idle,815,0.0017079999997804407,0
2,1,idle,816,0.00204200000007404,0
2,1,idle,817,0.0015419999999721767,0
2,1,idle,818,0.0015000000003055902,0
2,1,idle,819,0.0015830000002097222,0
2,1,idle,820,0.0015830000002097222,0
2,1,idle,821,0.0020409999997355044,0
2,1,idle,822,0.0016249999998763087,0
2,1,idle,823,0.0016660000001138542,0
2,1,idle,824,0.0016249999998763087,0
2,1,idle,825,0.001584000000548258,0
2,1,idle,826,0.0016250000007858034,0
2,1,idle,827,0.0020000000004074536,0
2,1,idle,828,0.0022499999995488906,0
2,1,idle,829,0.0015419999999721767,0
2,1,idle,830,0.005167000000255939,0
2,1,idle,831,0.0015839999996387633,0
2,1,idle,832,0.00204200000007404,0
2,1,idle,833,0.001457999999729509,0
2,1,idle,834,0.0015829999993002275,0
2,1,idle,835,0.0015830000002097222,0
2,1,idle,836,0.0015830000002097222,0
2,1,idle,837,0.0019160000001647859,0
2,1,idle,838,0.0015829999993002275,0
2,1,idle,839,0.0017909999996845727,0
2,1,idle,840,0.001457999999729509,0
2,1,idle,841,0.0016660000001138542,0
2,1,idle,842,0.0015419999999721767,0
2,1,idle,843,0.002124999999978172,0
2,1,idle,844,0.0015839999996387633,0
2,1,idle,845,0.0015419999999721767,0
2,1,idle,846,0.005334000000402739,0
2,1,idle,847,0.0016249999998763087,0
2,1,idle,848,0.0020839999997406267,0
2,1,idle,849,0.001584000000548258,0
2,1,idle,850,0.0014999999993960955,0
2,1,idle,851,0.0016250000007858034,0
2,1,idle,852,0.0015419999999721767,0
2,1,idle,853,0.0020830000003115856,0
2,1,idle,854,0.0015419999999721767,0
2,1,idle,855,0.0016249999998763087,0
2,1,idle,856,0.0017080000006899354,0
2,1,idle,857,0.0016249999998763087,0
2,1,idle,858,0.0019579999998313724,0
2,1,idle,859,0.001540999999633641,0
2,1,idle,860,0.00579100000049948,0
2,1,idle,861,0.0015000000003055902,0
2,1,idle,862,0.0016249999998763087,0
2,1,idle,863,0.0015829999993002275,0
2,1,idle,864,0.002082999999402091,0
2,1,idle,865,0.0017079999997804407,0
2,1,idle,866,0.0016250000007858034,0
2,1,idle,867,0.001584000000548258,0
2,1,idle,868,0.0015830000002097222,0
2,1,idle,869,0.0019579999998313724,0
2,1,idle,870,0.0016250000007858034,0
2,1,idle,871,0.0021660000002157176,0
2,1,idle,872,0.0015410000005431357,0
2,1,idle,873,0.001540999999633641,0
2,1,idle,874,0.00204200000007404,0
2,1,idle,875,0.0015419999999721767,0
2,1,idle,876,0.0015419999999721767,0
2,1,idle,877,0.0014999999993960955,0
2,1,idle,878,0.00220900000022084,0
2,1,idle,879,0.001999999999497959,0
2,1,idle,880,0.0014999999993960955,0
2,1,idle,881,0.0014999999993960955,0
2,1,idle,882,0.0015000000003055902,0
2,1,idle,883,0.0015829999993002275,0
2,1,idle,884,0.0016249999998763087,0
2,1,idle,885,0.0020830000003115856,0
2,1,idle,886,0.00166700000045239,0
2,1,idle,887,0.0016249999998763087,0
2,1,idle,888,0.007958000000144239,0
2,1,idle,889,0.0016249999998763087,0
2,1,idle,890,0.002124999999978172,0
2,1,idle,891,0.0016249999998763087,0
2,1,idle,892,0.0016669999995428952,0
2,1,idle,893,0.0015830000002097222,0
2,1,idle,894,0.001750000000356522,0
2,1,idle,895,0.00204200000007404,0
2,1,idle,896,0.0014590000000680448,0
2,1,idle,897,0.004958000000442553,0
2,1,idle,898,0.00166700000045239,0
2,1,idle,899,0.001833000000260654,0
2,1,idle,900,0.0020830000003115856,0
2,1,idle,901,0.0016669999995428952,0
2,1,idle,902,0.0017090000001189765,0
2,1,idle,903,0.0015830000002097222,0
2,1,idle,904,0.0015830000002097222,0
2,1,idle,905,0.001750000000356522,0
2,1,idle,906,0.00204200000007404,0
2,1,idle,907,0.0016249999998763087,0
2,1,idle,908,0.001540999999633641,0
2,1,idle,909,0.0015410000005431357,0
2,1,idle,910,0.0015830000002097222,0
2,1,idle,911,0.002208000000791799,0
2,1,idle,912,0.0015419999999721767,0
2,1,idle,913,0.0015830000002097222,0
2,1,idle,914,0.0015830000002097222,0
2,1,idle,915,0.0016249999998763087,0
2,1,idle,916,0.001999999999497959,0
2,1,idle,917,0.0015419999999721767,0
2,1,idle,918,0.001959000000169908,0
2,1,idle,919,0.00166700000045239,0
2,1,idle,920,0.0015830000002097222,0
2,1,idle,921,0.0020830000003115856,0
2,1,idle,922,0.005000000000109139,0
2,1,idle,923,0.002208000000791799,0
2,1,idle,924,0.0016669999995428952,0
2,1,idle,925,0.0016249999998763087,0
2,1,idle,926,0.004791999999724794,0
2,1,idle,927,0.0022500000004583853,0
2,1,idle,928,0.0016249999998763087,0
2,1,idle,929,0.005208999999922526,0
2,1,idle,930,0.0018749999999272404,0
2,1,idle,931,0.0016249999998763087,0
2,1,idle,932,0.0019579999998313724,0
2,1,idle,933,0.0016660000001138542,0
2,1,idle,934,0.001750000000356522,0
2,1,idle,935,0.0015000000003055902,0
2,1,idle,936,0.0015830000002097222,0
2,1,idle,937,0.002124999999978172,0
2,1,idle,938,0.0017909999996845727,0
2,1,idle,939,0.00166700000045239,0
2,1,idle,940,0.0015839999996387633,0
2,1,idle,941,0.0014999999993960955,0
2,1,idle,942,0.0015410000005431357,0
2,1,idle,943,0.002124999999978172,0
2,1,idle,944,0.0015839999996387633,0
2,1,idle,945,0.0015829999993002275,0
2,1,idle,946,0.0015000000003055902,0
2,1,idle,947,0.0017920000000231084,0
2,1,idle,948,0.001916999999593827,0
2,1,idle,949,0.0017090000001189765,0
2,1,idle,950,0.0015839999996387633,0
2,1,idle,951,0.0016669999995428952,0
2,1,idle,952,0.0015419999999721767,0
2,1,idle,953,0.002082999999402091,0
2,1,idle,954,0.0014999999993960955,0
2,1,idle,955,0.0015829999993002275,0
2,1,idle,956,0.0015830000002097222,0
2,1,idle,957,0.0015830000002097222,0
2,1,idle,958,0.0019579999998313724,0
2,1,idle,959,0.0016249999998763087,0
2,1,idle,960,0.0015000000003055902,0
2,1,idle,961,0.0015419999999721767,0
2,1,idle,962,0.0016660000001138542,0
2,1,idle,963,0.0015829999993002275,0
2,1,idle,964,0.005707999999685853,0
2,1,idle,965,0.0018749999999272404,0
2,1,idle,966,0.0015839999996387633,0
2,1,idle,967,0.00166700000045239,0
2,1,idle,968,0.001584000000548258,0
2,1,idle,969,0.0020840000006501214,0
2,1,idle,970,0.0015839999996387633,0
2,1,idle,971,0.005416999999397376,0
2,1,idle,972,0.0017079999997804407,0
2,1,idle,973,0.0015419999999721767,0
2,1,idle,974,0.002124999999978172,0
2,1,idle,975,0.0015419999999721767,0
2,1,idle,976,0.0014999999993960955,0
2,1,idle,977,0.0021670000005542533,0
2,1,idle,978,0.0015839999996387633,0
2,1,idle,979,0.001958000000740867,0
2,1,idle,980,0.0016249999998763087,0
2,1,idle,981,0.0017079999997804407,0
2,1,idle,982,0.001999999999497959,0
2,1,idle,983,0.0022500000004583853,0
2,1,idle,984,0.005083000000013271,0
2,1,idle,985,0.002124999999978172,0
2,1,idle,986,0.0016250000007858034,0
2,1,idle,987,0.0015419999999721767,0
2,1,idle,988,0.0017089999992094818,0
2,1,idle,989,0.001584000000548258,0
2,1,idle,990,0.001999999999497959,0
2,1,idle,991,0.0015419999999721767,0
2,1,idle,992,0.001584000000548258,0
2,1,idle,993,0.0017089999992094818,0
2,1,idle,994,0.001584000000548258,0
2,1,idle,995,0.0019170000005033216,0
2,1,idle,996,0.0015839999996387633,0
2,1,idle,997,0.0018749999999272404,0
2,1,idle,998,0.0015830000002097222,0
2,1,idle,999,0.0017090000001189765,0
2,1,event,0,0.01341599999977916,1
2,1,event,1,0.0029580000000350992,0
2,1,event,2,0.0017090000001189765,0
2,1,event,3,0.0022500000004583853,0
2,1,event,4,0.0017920000000231084,0
2,1,event,5,0.0015419999999721767,0
2,1,event,6,0.006250000000363798,0
2,1,event,7,0.0015410000005431357,0
2,1,event,8,0.0015830000002097222,0
2,1,event,9,0.002165999999306223,0
2,1,event,10,0.0015419999999721767,0
2,1,event,11,0.0015830000002097222,0
2,1,event,12,0.0015410000005431357,0
2,1,event,13,0.0014999999993960955,0
2,1,event,14,0.00204200000007404,0
2,1,event,15,0.0015419999999721767,0
2,1,event,16,0.0015839999996387633,0
2,1,event,17,0.0016249999998763087,0
2,1,event,18,0.0015830000002097222,0
2,1,event,19,0.0020839999997406267,0
2,1,event,20,0.00166700000045239,0
2,1,event,21,0.0016669999995428952,0
2,1,event,22,0.0014999999993960955,0
2,1,event,23,0.0016249999998763087,0
2,1,event,24,0.0022499999995488906,0
2,1,event,25,0.0017079999997804407,0
2,1,event,26,0.0016249999998763087,0
2,1,event,27,0.0022500000004583853,0
2,1,event,28,0.0017080000006899354,0
2,1,event,29,0.0016249999998763087,0
2,1,event,30,0.0027079999999841675,0
2,1,event,31,0.001540999999633641,0
2,1,event,32,0.001457999999729509,0
2,1,event,33,0.00166700000045239,0
2,1,event,34,0.0015839999996387633,0
2,1,event,35,0.001999999999497959,0
2,1,event,36,0.0016660000001138542,0
2,1,event,37,0.0017079999997804407,0
2,1,event,38,0.0057500000002619345,0
2,1,event,39,0.001750000000356522,0
2,1,event,40,0.002207999999882304,0
2,1,event,41,0.002041000000644999,0
2,1,event,42,0.0015830000002097222,0
2,1,event,43,0.0015419999999721767,0
2,1,event,44,0.0015419999999721767,0
2,1,event,45,0.0020839999997406267,0
2,1,event,46,0.001750000000356522,0
2,1,event,47,0.0015830000002097222,0
2,1,event,48,0.0016249999998763087,0
2,1,event,49,0.0016249999998763087,0
2,1,event,50,0.0016669999995428952,0
2,1,event,51,0.002124999999978172,0
2,1,event,52,0.0017909999996845727,0
2,1,event,53,0.0016249999998763087,0
2,1,event,54,0.0017090000001189765,0
2,1,event,55,0.0014999999993960955,0
2,1,event,56,0.0020409999997355044,0
2,1,event,57,0.001540999999633641,0
2,1,event,58,0.0015410000005431357,0
2,1,event,59,0.0015000000003055902,0
2,1,event,60,0.01574999999957072,1
2,1,event,61,0.0024160000002666493,0
2,1,event,62,0.0016249999998763087,0
2,1,event,63,0.001750000000356522,0
2,1,event,64,0.0015829999993002275,0
2,1,event,65,0.001959000000169908,0
2,1,event,66,0.0017080000006899354,0
2,1,event,67,0.0015000000003055902,0
2,1,event,68,0.006083999999646039,0
2,1,event,69,0.0016249999998763087,0
2,1,event,70,0.002375000000029104,0
2,1,event,71,0.0022499999995488906,0
2,1,event,72,0.0016669999995428952,0
2,1,event,73,0.0016660000001138542,0
2,1,event,74,0.0017080000006899354,0
2,1,event,75,0.0015419999999721767,0
2,1,event,76,0.0022500000004583853,0
2,1,event,77,0.001750000000356522,0
2,1,event,78,0.0015000000003055902,0
2,1,event,79,0.005041999999775726,0
2,1,event,80,0.0018749999999272404,0
2,1,event,81,0.0019589999992604135,0
2,1,event,82,0.00220900000022084,0
2,1,event,83,0.0015419999999721767,0
2,1,event,84,0.0017499999994470272,0
2,1,event,85,0.0016249999998763087,0
2,1,event,86,0.0015000000003055902,0
2,1,event,87,0.002124999999978172,0
2,1,event,88,0.0015000000003055902,0
2,1,event,89,0.001540999999633641,0
2,1,event,90,0.00166700000045239,0
2,1,event,91,0.0016249999998763087,0
2,1,event,92,0.002041000000644999,0
2,1,event,93,0.0015830000002097222,0
2,1,event,94,0.001540999999633641,0
2,1,event,95,0.0015830000002097222,0
2,1,event,96,0.0015830000002097222,0
2,1,event,97,0.002082999999402091,0
2,1,event,98,0.001540999999633641,0
2,1,event,99,0.0016249999998763087,0
2,1,event,100,0.0015419999999721767,0
2,1,event,101,0.0015830000002097222,0
2,1,event,102,0.0020409999997355044,0
2,1,event,103,0.0016249999998763087,0
2,1,event,104,0.0016660000001138542,0
2,1,event,105,0.0016669999995428952,0
2,1,event,106,0.002082999999402091,0
2,1,event,107,0.0016660000001138542,0
2,1,event,108,0.0020000000004074536,0
2,1,event,109,0.001540999999633641,0
2,1,event,110,0.0015000000003055902,0
2,1,event,111,0.0015419999999721767,0
2,1,event,112,0.0015419999999721767,0
2,1,event,113,0.0020830000003115856,0
2,1,event,114,0.001457999999729509,0
2,1,event,115,0.0016249999998763087,0
2,1,event,116,0.0014580000006390037,0
2,1,event,117,0.0015000000003055902,0
2,1,event,118,0.00204200000007404,0
2,1,event,119,0.00145899999915855,0
2,1,event,120,0.01074999999946158,1
2,1,event,121,0.00670799999988958,0
2,1,event,122,0.002583000000413449,0
2,1,event,123,0.00520799999958399,0
2,1,event,124,0.0016249999998763087,0
2,1,event,125,0.0015410000005431357,0
2,1,event,126,0.0016249999998763087,0
2,1,event,127,0.0015419999999721767,0
2,1,event,128,0.0023329999994530226,0
2,1,event,129,0.0017079999997804407,0
2,1,event,130,0.005208999999922526,0
2,1,event,131,0.0015000000003055902,0
2,1,event,132,0.0014590000000680448,0
2,1,event,133,0.002124999999978172,0
2,1,event,134,0.0016660000001138542,0
2,1,event,135,0.0015419999999721767,0
2,1,event,136,0.0015830000002097222,0
2,1,event,137,0.0016669999995428952,0
2,1,event,138,0.0020840000006501214,0
2,1,event,139,0.0015419999999721767,0
2,1,event,140,0.00166700000045239,0
2,1,event,141,0.0017920000000231084,0
2,1,event,142,0.0015839999996387633,0
2,1,event,143,0.0019170000005033216,0
2,1,event,144,0.0016249999998763087,0
2,1,event,145,0.0015419999999721767,0
2,1,event,146,0.0017080000006899354,0
2,1,event,147,0.0015419999999721767,0
2,1,event,148,0.0015419999999721767,0
2,1,event,149,0.0020839999997406267,0
2,1,event,150,0.0016249999998763087,0
2,1,event,151,0.0015829999993002275,0
2,1,event,152,0.001540999999633641,0
2,1,event,153,0.0015829999993002275,0
2,1,event,154,0.001999999999497959,0
2,1,event,155,0.0015000000003055902,0
2,1,event,156,0.0017080000006899354,0
2,1,event,157,0.00166700000045239,0
2,1,event,158,0.0015419999999721767,0
2,1,event,159,0.0018749999999272404,0
2,1,event,160,0.0015410000005431357,0
2,1,event,161,0.00166700000045239,0
2,1,event,162,0.0015000000003055902,0
2,1,event,163,0.005624999999781721,0
2,1,event,164,0.002207999999882304,0
2,1,event,165,0.0016250000007858034,0
2,1,event,166,0.0016249999998763087,0
2,1,event,167,0.0015000000003055902,0
2,1,event,168,0.0015830000002097222,0
2,1,event,169,0.0015410000005431357,0
2,1,event,170,0.001999999999497959,0
2,1,event,171,0.0015000000003055902,0
2,1,event,172,0.0015410000005431357,0
2,1,event,173,0.0015410000005431357,0
2,1,event,174,0.0015410000005431357,0
2,1,event,175,0.002165999999306223,0
2,1,event,176,0.0015830000002097222,0
2,1,event,177,0.0017079999997804407,0
2,1,event,178,0.0016249999998763087,0
2,1,event,179,0.0014999999993960955,0
2,1,event,180,0.010790999999699125,1
2,1,event,181,0.002207999999882304,0
2,1,event,182,0.0015829999993002275,0
2,1,event,183,0.001999999999497959,0
2,1,event,184,0.0020830000003115856,0
2,1,event,185,0.0015829999993002275,0
2,1,event,186,0.002082999999402091,0
2,1,event,187,0.0015830000002097222,0
2,1,event,188,0.0015419999999721767,0
2,1,event,189,0.006916000000273925,0
2,1,event,190,0.002375000000029104,0
2,1,event,191,0.005416999999397376,0
2,1,event,192,0.0015829999993002275,0
2,1,event,193,0.0015000000003055902,0
2,1,event,194,0.0015000000003055902,0
2,1,event,195,0.0020839999997406267,0
2,1,event,196,0.0016249999998763087,0
2,1,event,197,0.0015829999993002275,0
2,1,event,198,0.001457999999729509,0
2,1,event,199,0.002500000000509317,0
2,1,event,200,0.0021669999996447586,0
2,1,event,201,0.0015419999999721767,0
2,1,event,202,0.0014590000000680448,0
2,1,event,203,0.0015839999996387633,0
2,1,event,204,0.0015839999996387633,0
2,1,event,205,0.005500000000211003,0
2,1,event,206,0.002082999999402091,0
2,1,event,207,0.0017090000001189765,0
2,1,event,208,0.001833999999689695,0
2,1,event,209,0.00166700000045239,0
2,1,event,210,0.0015830000002097222,0
2,1,event,211,0.001999999999497959,0
2,1,event,212,0.0015419999999721767,0
2,1,event,213,0.0015419999999721767,0
2,1,event,214,0.0016660000001138542,0
2,1,event,215,0.0015830000002097222,0
2,1,event,216,0.002082999999402091,0
2,1,event,217,0.0020409999997355044,0
2,1,event,218,0.001540999999633641,0
2,1,event,219,0.0016660000001138542,0
2,1,event,220,0.0015419999999721767,0
2,1,event,221,0.0020830000003115856,0
2,1,event,222,0.0014999999993960955,0
2,1,event,223,0.0017920000000231084,0
2,1,event,224,0.0016660000001138542,0
2,1,event,225,0.0015419999999721767,0
2,1,event,226,0.002541999999266409,0
2,1,event,227,0.0020419999991645454,0
2,1,event,228,0.0015419999999721767,0
2,1,event,229,0.0015419999999721767,0
2,1,event,230,0.0017499999994470272,0
2,1,event,231,0.0015419999999721767,0
2,1,event,232,0.001999999999497959,0
2,1,event,233,0.0016669999995428952,0
2,1,event,234,0.0017090000001189765,0
2,1,event,235,0.0015830000002097222,0
2,1,event,236,0.0015000000003055902,0
2,1,event,237,0.0020830000003115856,0
2,1,event,238,0.0015830000002097222,0
2,1,event,239,0.0016660000001138542,0
2,1,event,240,0.00970800000050076,1
2,1,event,241,0.0027079999999841675,0
2,1,event,242,0.0017080000006899354,0
2,1,event,243,0.0016669999995428952,0
2,1,event,244,0.001540999999633641,0
2,1,event,245,0.001457999999729509,0
2,1,event,246,0.0016250000007858034,0
2,1,event,247,0.006542000000081316,0
2,1,event,248,0.0016250000007858034,0
2,1,event,249,0.0015000000003055902,0
2,1,event,250,0.0015419999999721767,0
2,1,event,251,0.0015419999999721767,0
2,1,event,252,0.007000000000516593,0
2,1,event,253,0.0059999999994033715,0
2,1,event,254,0.005541000000448548,0
2,1,event,255,0.001833000000260654,0
2,1,event,256,0.0015830000002097222,0
2,1,event,257,0.002124999999978172,0
2,1,event,258,0.0017079999997804407,0
2,1,event,259,0.0015419999999721767,0
2,1,event,260,0.0017920000000231084,0
2,1,event,261,0.0015829999993002275,0
2,1,event,262,0.0019579999998313724,0
2,1,event,263,0.001959000000169908,0
2,1,event,264,0.00166700000045239,0
2,1,event,265,0.0016249999998763087,0
2,1,event,266,0.0016249999998763087,0
2,1,event,267,0.0015000000003055902,0
2,1,event,268,0.0020000000004074536,0
2,1,event,269,0.0015830000002097222,0
2,1,event,270,0.0016660000001138542,0
2,1,event,271,0.0015830000002097222,0
2,1,event,272,0.0015830000002097222,0
2,1,event,273,0.0021660000002157176,0
2,1,event,274,0.002124999999978172,0
2,1,event,275,0.0016249999998763087,0
2,1,event,276,0.0014999999993960955,0
2,1,event,277,0.001540999999633641,0
2,1,event,278,0.002124999999978172,0
2,1,event,279,0.0015419999999721767,0
2,1,event,280,0.0015000000003055902,0
2,1,event,281,0.001457999999729509,0
2,1,event,282,0.0015830000002097222,0
2,1,event,283,0.0019579999998313724,0
2,1,event,284,0.0015830000002097222,0
2,1,event,285,0.001833000000260654,0
2,1,event,286,0.001457999999729509,0
2,1,event,287,0.0016249999998763087,0
2,1,event,288,0.0020839999997406267,0
2,1,event,289,0.006041999999979453,0
2,1,event,290,0.0016249999998763087,0
2,1,event,291,0.0015419999999721767,0
2,1,event,292,0.0016249999998763087,0
2,1,event,293,0.001457999999729509,0
2,1,event,294,0.001999999999497959,0
2,1,event,295,0.0015839999996387633,0
2,1,event,296,0.0015419999999721767,0
2,1,event,297,0.0015000000003055902,0
2,1,event,298,0.0015419999999721767,0
2,1,event,299,0.001999999999497959,0
2,1,event,300,0.00987500000064756,1
2,1,event,301,0.0021669999996447586,0
2,1,event,302,0.0016249999998763087,0
2,1,event,303,0.002165999999306223,0
2,1,event,304,0.0015830000002097222,0
2,1,event,305,0.0015839999996387633,0
2,1,event,306,0.001584000000548258,0
2,1,event,307,0.0016249999998763087,0
2,1,event,308,0.0015839999996387633,0
2,1,event,309,0.002124999999978172,0
2,1,event,310,0.015292000000044936,0
2,1,event,311,0.0018749999999272404,0
2,1,event,312,0.0018749999999272404,0
2,1,event,313,0.0015830000002097222,0
2,1,event,314,0.0020409999997355044,0
2,1,event,315,0.005000000000109139,0
2,1,event,316,0.0015830000002097222,0
2,1,event,317,0.0015839999996387633,0
2,1,event,318,0.0017090000001189765,0
2,1,event,319,0.005541999999877589,0
2,1,event,320,0.0016249999998763087,0
2,1,event,321,0.0015830000002097222,0
2,1,event,322,0.0017079999997804407,0
2,1,event,323,0.0015410000005431357,0
2,1,event,324,0.0015419999999721767,0
2,1,event,325,0.0020000000004074536,0
2,1,event,326,0.002291000000695931,0
2,1,event,327,0.0016669999995428952,0
2,1,event,328,0.0015419999999721767,0
2,1,event,329,0.001999999999497959,0
2,1,event,330,0.0020839999997406267,0
2,1,event,331,0.005291999999826658,0
2,1,event,332,0.001833000000260654,0
2,1,event,333,0.0015000000003055902,0
2,1,event,334,0.0015419999999721767,0
2,1,event,335,0.0020830000003115856,0
2,1,event,336,0.0015419999999721767,0
2,1,event,337,0.0017079999997804407,0
2,1,event,338,0.0016249999998763087,0
2,1,event,339,0.001584000000548258,0
2,1,event,340,0.0020419999991645454,0
2,1,event,341,0.0015419999999721767,0
2,1,event,342,0.0016249999998763087,0
2,1,event,343,0.0015830000002097222,0
2,1,event,344,0.00166700000045239,0
2,1,event,345,0.0016249999998763087,0
2,1,event,346,0.0019170000005033216,0
2,1,event,347,0.0017090000001189765,0
2,1,event,348,0.0016249999998763087,0
2,1,event,349,0.001540999999633641,0
2,1,event,350,0.00166700000045239,0
2,1,event,351,0.0021669999996447586,0
2,1,event,352,0.0016249999998763087,0
2,1,event,353,0.0015829999993002275,0
2,1,event,354,0.0016249999998763087,0
2,1,event,355,0.0015419999999721767,0
2,1,event,356,0.0020000000004074536,0
2,1,event,357,0.0015410000005431357,0
2,1,event,358,0.0016249999998763087,0
2,1,event,359,0.001584000000548258,0
2,1,event,360,0.010083999999551452,1
2,1,event,361,0.0023339999997915584,0
2,1,event,362,0.0016249999998763087,0
2,1,event,363,0.0017909999996845727,0
2,1,event,364,0.0016249999998763087,0
2,1,event,365,0.0017079999997804407,0
2,1,event,366,0.00204200000007404,0
2,1,event,367,0.0015410000005431357,0
2,1,event,368,0.001540999999633641,0
2,1,event,369,0.0016249999998763087,0
2,1,event,370,0.0015839999996387633,0
2,1,event,371,0.002666999999746622,0
2,1,event,372,0.0015419999999721767,0
2,1,event,373,0.005874999999832653,0
2,1,event,374,0.0015830000002097222,0
2,1,event,375,0.0016669999995428952,0
2,1,event,376,0.00204200000007404,0
2,1,event,377,0.005291999999826658,0
2,1,event,378,0.0016249999998763087,0
2,1,event,379,0.0015419999999721767,0
2,1,event,380,0.0017079999997804407,0
2,1,event,381,0.00204200000007404,0
2,1,event,382,0.0015830000002097222,0
2,1,event,383,0.0016249999998763087,0
2,1,event,384,0.005291999999826658,0
2,1,event,385,0.001540999999633641,0
2,1,event,386,0.001540999999633641,0
2,1,event,387,0.002124999999978172,0
2,1,event,388,0.0016669999995428952,0
2,1,event,389,0.0015419999999721767,0
2,1,event,390,0.0017090000001189765,0
2,1,event,391,0.0015000000003055902,0
2,1,event,392,0.0020840000006501214,0
2,1,event,393,0.0015419999999721767,0
2,1,event,394,0.0017090000001189765,0
2,1,event,395,0.0015830000002097222,0
2,1,event,396,0.0016249999998763087,0
2,1,event,397,0.0020409999997355044,0
2,1,event,398,0.0015830000002097222,0
2,1,event,399,0.0016660000001138542,0
2,1,event,400,0.0015419999999721767,0
2,1,event,401,0.0016249999998763087,0
2,1,event,402,0.00204200000007404,0
2,1,event,403,0.0015419999999721767,0
2,1,event,404,0.0015000000003055902,0
2,1,event,405,0.0015000000003055902,0
2,1,event,406,0.0016249999998763087,0
2,1,event,407,0.0015419999999721767,0
2,1,event,408,0.0020839999997406267,0
2,1,event,409,0.001833000000260654,0
2,1,event,410,0.00166700000045239,0
2,1,event,411,0.0015839999996387633,0
2,1,event,412,0.0015839999996387633,0
2,1,event,413,0.0020000000004074536,0
2,1,event,414,0.005165999999917403,0
2,1,event,415,0.0019579999998313724,0
2,1,event,416,0.001584000000548258,0
2,1,event,417,0.0015000000003055902,0
2,1,event,418,0.001999999999497959,0
2,1,event,419,0.0015419999999721767,0
2,1,event,420,0.009332999999969616,1
2,1,event,421,0.001999999999497959,0
2,1,event,422,0.0015829999993002275,0
2,1,event,423,0.002124999999978172,0
2,1,event,424,0.0015419999999721767,0
2,1,event,425,0.001833999999689695,0
2,1,event,426,0.0016249999998763087,0
2,1,event,427,0.0016249999998763087,0
2,1,event,428,0.00204200000007404,0
2,1,event,429,0.0016249999998763087,0
2,1,event,430,0.0020419999991645454,0
2,1,event,431,0.0015419999999721767,0
2,1,event,432,0.0016660000001138542,0
2,1,event,433,0.0019579999998313724,0
2,1,event,434,0.0015419999999721767,0
2,1,event,435,0.0015419999999721767,0
2,1,event,436,0.0016249999998763087,0
2,1,event,437,0.002292000000124972,0
2,1,event,438,0.006417000000510598,0
2,1,event,439,0.002457999999933236,0
2,1,event,440,0.0019170000005033216,0
2,1,event,441,0.00204200000007404,0
2,1,event,442,0.001540999999633641,0
2,1,event,443,0.0015830000002097222,0
2,1,event,444,0.001999999999497959,0
2,1,event,445,0.001584000000548258,0
2,1,event,446,0.0016669999995428952,0
2,1,event,447,0.0015419999999721767,0
2,1,event,448,0.0015839999996387633,0
2,1,event,449,0.0056670000003578025,0
2,1,event,450,0.0016669999995428952,0
2,1,event,451,0.0015420000008816714,0
2,1,event,452,0.0015830000002097222,0
2,1,event,453,0.0017090000001189765,0
2,1,event,454,0.002292000000124972,0
2,1,event,455,0.0016249999998763087,0
2,1,event,456,0.005291999999826658,0
2,1,event,457,0.001916999999593827,0
2,1,event,458,0.001540999999633641,0
2,1,event,459,0.002207999999882304,0
2,1,event,460,0.0017910000005940674,0
2,1,event,461,0.0015419999999721767,0
2,1,event,462,0.0016249999998763087,0
2,1,event,463,0.0016249999998763087,0
2,1,event,464,0.001540999999633641,0
2,1,event,465,0.002124999999978172,0
2,1,event,466,0.0021669999996447586,0
2,1,event,467,0.0016660000001138542,0
2,1,event,468,0.001750000000356522,0
2,1,event,469,0.0016669999995428952,0
2,1,event,470,0.0021669999996447586,0
2,1,event,471,0.0015829999993002275,0
2,1,event,472,0.0017499999994470272,0
2,1,event,473,0.0015000000003055902,0
2,1,event,474,0.0015419999999721767,0
2,1,event,475,0.002124999999978172,0
2,1,event,476,0.0015830000002097222,0
2,1,event,477,0.0017079999997804407,0
2,1,event,478,0.0016249999998763087,0
2,1,event,479,0.0016249999998763087,0
2,1,event,480,0.010000000000218279,1
2,1,event,481,0.00204200000007404,0
2,1,event,482,0.0015830000002097222,0
2,1,event,483,0.001584000000548258,0
2,1,event,484,0.001584000000548258,0
2,1,event,485,0.002124999999978172,0
2,1,event,486,0.0016669999995428952,0
2,1,event,487,0.0017079999997804407,0
2,1,event,488,0.0015000000003055902,0
2,1,event,489,0.0015839999996387633,0
2,1,event,490,0.0027079999999841675,0
2,1,event,491,0.001833000000260654,0
2,1,event,492,0.0015419999999721767,0
2,1,event,493,0.0016250000007858034,0
2,1,event,494,0.0015829999993002275,0
2,1,event,495,0.002207999999882304,0
2,1,event,496,0.0015419999999721767,0
2,1,event,497,0.0016250000007858034,0
2,1,event,498,0.006124999999883585,0
2,1,event,499,0.0016249999998763087,0
2,1,event,500,0.005874999999832653,0
2,1,event,501,0.0018749999999272404,0
2,1,event,502,0.001916999999593827,0
2,1,event,503,0.0015839999996387633,0
2,1,event,504,0.0014580000006390037,0
2,1,event,505,0.0015830000002097222,0
2,1,event,506,0.0021670000005542533,0
2,1,event,507,0.0016660000001138542,0
2,1,event,508,0.0015410000005431357,0
2,1,event,509,0.0018329999993511592,0
2,1,event,510,0.0016249999998763087,0
2,1,event,511,0.0020830000003115856,0
2,1,event,512,0.0014580000006390037,0
2,1,event,513,0.001540999999633641,0
2,1,event,514,0.0015410000005431357,0
2,1,event,515,0.005500000000211003,0
2,1,event,516,0.0021669999996447586,0
2,1,event,517,0.001584000000548258,0
2,1,event,518,0.001916999999593827,0
2,1,event,519,0.001750000000356522,0
2,1,event,520,0.0015419999999721767,0
2,1,event,521,0.002749999999650754,0
2,1,event,522,0.001540999999633641,0
2,1,event,523,0.0015829999993002275,0
2,1,event,524,0.0015830000002097222,0
2,1,event,525,0.0015839999996387633,0
2,1,event,526,0.0017920000000231084,0
2,1,event,527,0.0021660000002157176,0
2,1,event,528,0.0016249999998763087,0
2,1,event,529,0.0015419999999721767,0
2,1,event,530,0.0016249999998763087,0
2,1,event,531,0.0015000000003055902,0
2,1,event,532,0.0019170000005033216,0
2,1,event,533,0.0015419999999721767,0
2,1,event,534,0.001750000000356522,0
2,1,event,535,0.0020000000004074536,0
2,1,event,536,0.0015830000002097222,0
2,1,event,537,0.0020000000004074536,0
2,1,event,538,0.00166700000045239,0
2,1,event,539,0.001584000000548258,0
2,1,event,540,0.013667000000168628,1
2,1,event,541,0.002500000000509317,0
2,1,event,542,0.002292000000124972,0
2,1,event,543,0.0017079999997804407,0
2,1,event,544,0.0015000000003055902,0
2,1,event,545,0.0016669999995428952,0
2,1,event,546,0.0016660000001138542,0
2,1,event,547,0.0019579999998313724,0
2,1,event,548,0.0016249999998763087,0
2,1,event,549,0.0024159999993571546,0
2,1,event,550,0.0015830000002097222,0
2,1,event,551,0.0015410000005431357,0
2,1,event,552,0.002457999999933236,0
2,1,event,553,0.0017499999994470272,0
2,1,event,554,0.0015000000003055902,0
2,1,event,555,0.0014999999993960955,0
2,1,event,556,0.0015829999993002275,0
2,1,event,557,0.001999999999497959,0
2,1,event,558,0.0014999999993960955,0
2,1,event,559,0.0015000000003055902,0
2,1,event,560,0.0015829999993002275,0
2,1,event,561,0.0015830000002097222,0
2,1,event,562,0.005666999999448308,0
2,1,event,563,0.00220900000022084,0
2,1,event,564,0.0015419999999721767,0
2,1,event,565,0.0016249999998763087,0
2,1,event,566,0.0016249999998763087,0
2,1,event,567,0.0016249999998763087,0
2,1,event,568,0.0020409999997355044,0
2,1,event,569,0.0017079999997804407,0
2,1,event,570,0.0017080000006899354,0
2,1,event,571,0.0017909999996845727,0
2,1,event,572,0.0016669999995428952,0
2,1,event,573,0.0018749999999272404,0
2,1,event,574,0.0016660000001138542,0
2,1,event,575,0.0015000000003055902,0
2,1,event,576,0.0016249999998763087,0
2,1,event,577,0.0015419999999721767,0
2,1,event,578,0.002292000000124972,0
2,1,event,579,0.0016249999998763087,0
2,1,event,580,0.005167000000255939,0
2,1,event,581,0.0016669999995428952,0
2,1,event,582,0.005165999999917403,0
2,1,event,583,0.0015830000002097222,0
2,1,event,584,0.0020409999997355044,0
2,1,event,585,0.0014999999993960955,0
2,1,event,586,0.0016249999998763087,0
2,1,event,587,0.0015829999993002275,0
2,1,event,588,0.0015830000002097222,0
2,1,event,589,0.002124999999978172,0
2,1,event,590,0.0015000000003055902,0
2,1,event,591,0.0016249999998763087,0
2,1,event,592,0.0014999999993960955,0
2,1,event,593,0.0017090000001189765,0
2,1,event,594,0.001999999999497959,0
2,1,event,595,0.0015419999999721767,0
2,1,event,596,0.0017909999996845727,0
2,1,event,597,0.0015000000003055902,0
2,1,event,598,0.0015420000008816714,0
2,1,event,599,0.00204200000007404,0
2,1,event,600,0.008667000000059488,1
2,1,event,601,0.0019160000001647859,0
2,1,event,602,0.0015419999999721767,0
2,1,event,603,0.0015000000003055902,0
2,1,event,604,0.002124999999978172,0
2,1,event,605,0.0015419999999721767,0
2,1,event,606,0.0016249999998763087,0
2,1,event,607,0.0015000000003055902,0
2,1,event,608,0.0022500000004583853,0
2,1,event,609,0.002540999999837368,0
2,1,event,610,0.0015830000002097222,0
2,1,event,611,0.001750000000356522,0
2,1,event,612,0.0016660000001138542,0
2,1,event,613,0.001540999999633641,0
2,1,event,614,0.001916999999593827,0
2,1,event,615,0.0015839999996387633,0
2,1,event,616,0.0015839999996387633,0
2,1,event,617,0.0015419999999721767,0
2,1,event,618,0.0017079999997804407,0
2,1,event,619,0.001999999999497959,0
2,1,event,620,0.0016669999995428952,0
2,1,event,621,0.0016250000007858034,0
2,1,event,622,0.001457999999729509,0
2,1,event,623,0.0016659999992043595,0
2,1,event,624,0.009208000000398897,0
2,1,event,625,0.002207999999882304,0
2,1,event,626,0.0016250000007858034,0
2,1,event,627,0.0016249999998763087,0
2,1,event,628,0.0016250000007858034,0
2,1,event,629,0.0016669999995428952,0
2,1,event,630,0.00204200000007404,0
2,1,event,631,0.0014580000006390037,0
2,1,event,632,0.0015830000002097222,0
2,1,event,633,0.0015000000003055902,0
2,1,event,634,0.0015419999999721767,0
2,1,event,635,0.001959000000169908,0
2,1,event,636,0.0015419999999721767,0
2,1,event,637,0.0015830000002097222,0
2,1,event,638,0.0017909999996845727,0
2,1,event,639,0.0015419999999721767,0
2,1,event,640,0.0014590000000680448,0
2,1,event,641,0.0020000000004074536,0
2,1,event,642,0.0017079999997804407,0
2,1,event,643,0.0015829999993002275,0
2,1,event,644,0.001540999999633641,0
2,1,event,645,0.005124999999679858,0
2,1,event,646,0.002292000000124972,0
2,1,event,647,0.0016669999995428952,0
2,1,event,648,0.0016249999998763087,0
2,1,event,649,0.0015830000002097222,0
2,1,event,650,0.0014999999993960955,0
2,1,event,651,0.001999999999497959,0
2,1,event,652,0.0016249999998763087,0
2,1,event,653,0.0015839999996387633,0
2,1,event,654,0.0015829999993002275,0
2,1,event,655,0.001540999999633641,0
2,1,event,656,0.0020830000003115856,0
2,1,event,657,0.0015419999999721767,0
2,1,event,658,0.001750000000356522,0
2,1,event,659,0.0015000000003055902,0
2,1,event,660,0.008791000000201166,1
2,1,event,661,0.0025420000001759036,0
2,1,event,662,0.0016249999998763087,0
2,1,event,663,0.0015830000002097222,0
2,1,event,664,0.002124999999978172,0
2,1,event,665,0.0015419999999721767,0
2,1,event,666,0.006792000000132248,0
2,1,event,667,0.0016660000001138542,0
2,1,event,668,0.0016249999998763087,0
2,1,event,669,0.0015419999999721767,0
2,1,event,670,0.0016249999998763087,0
2,1,event,671,0.002041000000644999,0
2,1,event,672,0.0017079999997804407,0
2,1,event,673,0.0016660000001138542,0
2,1,event,674,0.0017079999997804407,0
2,1,event,675,0.0015830000002097222,0
2,1,event,676,0.0019579999998313724,0
2,1,event,677,0.0015830000002097222,0
2,1,event,678,0.0015839999996387633,0
2,1,event,679,0.0015419999999721767,0
2,1,event,680,0.0015830000002097222,0
2,1,event,681,0.0016660000001138542,0
2,1,event,682,0.0019160000001647859,0
2,1,event,683,0.0015829999993002275,0
2,1,event,684,0.0015419999999721767,0
2,1,event,685,0.00537499999973079,0
2,1,event,686,0.0015830000002097222,0
2,1,event,687,0.0020000000004074536,0
2,1,event,688,0.0021669999996447586,0
2,1,event,689,0.0016249999998763087,0
2,1,event,690,0.0015419999999721767,0
2,1,event,691,0.0021669999996447586,0
2,1,event,692,0.0020409999997355044,0
2,1,event,693,0.0015419999999721767,0
2,1,event,694,0.0015000000003055902,0
2,1,event,695,0.0015410000005431357,0
2,1,event,696,0.0015829999993002275,0
2,1,event,697,0.0019579999998313724,0
2,1,event,698,0.0015839999996387633,0
2,1,event,699,0.0017090000001189765,0
2,1,event,700,0.0016249999998763087,0
2,1,event,701,0.0016249999998763087,0
2,1,event,702,0.0017090000001189765,0
2,1,event,703,0.0022500000004583853,0
2,1,event,704,0.0016249999998763087,0
2,1,event,705,0.0015419999999721767,0
2,1,event,706,0.001584000000548258,0
2,1,event,707,0.0015419999999721767,0
2,1,event,708,0.005666000000019267,0
2,1,event,709,0.00166700000045239,0
2,1,event,710,0.004834000000300875,0
2,1,event,711,0.001750000000356522,0
2,1,event,712,0.0015830000002097222,0
2,1,event,713,0.00204200000007404,0
2,1,event,714,0.0015830000002097222,0
2,1,event,715,0.0015419999999721767,0
2,1,event,716,0.001540999999633641,0
2,1,event,717,0.001457999999729509,0
2,1,event,718,0.002124999999978172,0
2,1,event,719,0.0015419999999721767,0
2,1,event,720,0.00874999999996362,1
2,1,event,721,0.0018749999999272404,0
2,1,event,722,0.0015419999999721767,0
2,1,event,723,0.002124999999978172,0
2,1,event,724,0.001750000000356522,0
2,1,event,725,0.0016250000007858034,0
2,1,event,726,0.0018749999999272404,0
2,1,event,727,0.001540999999633641,0
2,1,event,728,0.002457999999933236,0
2,1,event,729,0.0015830000002097222,0
2,1,event,730,0.001457999999729509,0
2,1,event,731,0.0016250000007858034,0
2,1,event,732,0.0015829999993002275,0
2,1,event,733,0.001999999999497959,0
2,1,event,734,0.0015000000003055902,0
2,1,event,735,0.0015000000003055902,0
2,1,event,736,0.0017920000000231084,0
2,1,event,737,0.0015419999999721767,0
2,1,event,738,0.001959000000169908,0
2,1,event,739,0.0016250000007858034,0
2,1,event,740,0.001457999999729509,0
2,1,event,741,0.0015419999999721767,0
2,1,event,742,0.0015000000003055902,0
2,1,event,743,0.0016249999998763087,0
2,1,event,744,0.001916999999593827,0
2,1,event,745,0.0014999999993960955,0
2,1,event,746,0.0015830000002097222,0
2,1,event,747,0.0059999999994033715,0
2,1,event,748,0.0016669999995428952,0
2,1,event,749,0.005124999999679858,0
2,1,event,750,0.0024160000002666493,0
2,1,event,751,0.0016669999995428952,0
2,1,event,752,0.0015419999999721767,0
2,1,event,753,0.0015419999999721767,0
2,1,event,754,0.00220900000022084,0
2,1,event,755,0.0015419999999721767,0
2,1,event,756,0.0015420000008816714,0
2,1,event,757,0.001584000000548258,0
2,1,event,758,0.001584000000548258,0
2,1,event,759,0.0015419999999721767,0
2,1,event,760,0.0019589999992604135,0
2,1,event,761,0.0015419999999721767,0
2,1,event,762,0.0014999999993960955,0
2,1,event,763,0.0015830000002097222,0
2,1,event,764,0.0015830000002097222,0
2,1,event,765,0.001916999999593827,0
2,1,event,766,0.0015829999993002275,0
2,1,event,767,0.0016249999998763087,0
2,1,event,768,0.002541999999266409,0
2,1,event,769,0.0016250000007858034,0
2,1,event,770,0.0020000000004074536,0
2,1,event,771,0.0015419999999721767,0
2,1,event,772,0.0016669999995428952,0
2,1,event,773,0.0015829999993002275,0
2,1,event,774,0.0014999999993960955,0
2,1,event,775,0.005957999999736785,0
2,1,event,776,0.002124999999978172,0
2,1,event,777,0.0016669999995428952,0
2,1,event,778,0.00166700000045239,0
2,1,event,779,0.0015419999999721767,0
2,1,event,780,0.009374999999636202,1
2,1,event,781,0.0020000000004074536,0
2,1,event,782,0.0015830000002097222,0
2,1,event,783,0.0014999999993960955,0
2,1,event,784,0.0015830000002097222,0
2,1,event,785,0.0020000000004074536,0
2,1,event,786,0.0015839999996387633,0
2,1,event,787,0.001584000000548258,0
2,1,event,788,0.0016249999998763087,0
2,1,event,789,0.0015419999999721767,0
2,1,event,790,0.001959000000169908,0
2,1,event,791,0.005291999999826658,0
2,1,event,792,0.0017920000000231084,0
2,1,event,793,0.0015829999993002275,0
2,1,event,794,0.001540999999633641,0
2,1,event,795,0.001750000000356522,0
2,1,event,796,0.005000000000109139,0
2,1,event,797,0.0015830000002097222,0
2,1,event,798,0.0016669999995428952,0
2,1,event,799,0.0015829999993002275,0
2,1,event,800,0.0016249999998763087,0
2,1,event,801,0.00204200000007404,0
2,1,event,802,0.0017499999994470272,0
2,1,event,803,0.0016249999998763087,0
2,1,event,804,0.0015419999999721767,0
2,1,event,805,0.0016249999998763087,0
2,1,event,806,0.00204200000007404,0
2,1,event,807,0.0015419999999721767,0
2,1,event,808,0.0014170000004014582,0
2,1,event,809,0.005291999999826658,0
2,1,event,810,0.0017909999996845727,0
2,1,event,811,0.0019159999992552912,0
2,1,event,812,0.0016660000001138542,0
2,1,event,813,0.0017920000000231084,0
2,1,event,814,0.0015000000003055902,0
2,1,event,815,0.001540999999633641,0
2,1,event,816,0.0020000000004074536,0
2,1,event,817,0.0017079999997804407,0
2,1,event,818,0.00145899999915855,0
2,1,event,819,0.0015419999999721767,0
2,1,event,820,0.001584000000548258,0
2,1,event,821,0.0016249999998763087,0
2,1,event,822,0.0019160000001647859,0
2,1,event,823,0.0017079999997804407,0
2,1,event,824,0.0016249999998763087,0
2,1,event,825,0.0016249999998763087,0
2,1,event,826,0.0015000000003055902,0
2,1,event,827,0.001916999999593827,0
2,1,event,828,0.0016249999998763087,0
2,1,event,829,0.0018329999993511592,0
2,1,event,830,0.0017079999997804407,0
2,1,event,831,0.0015420000008816714,0
2,1,event,832,0.001999999999497959,0
2,1,event,833,0.005624999999781721,0
2,1,event,834,0.0016669999995428952,0
2,1,event,835,0.0015000000003055902,0
2,1,event,836,0.0017920000000231084,0
2,1,event,837,0.0020409999997355044,0
2,1,event,838,0.0015419999999721767,0
2,1,event,839,0.0015419999999721767,0
2,1,event,840,0.014167000000270491,1
2,1,event,841,0.002292000000124972,0
2,1,event,842,0.002207999999882304,0
2,1,event,843,0.0016249999998763087,0
2,1,event,844,0.0015830000002097222,0
2,1,event,845,0.0015830000002097222,0
2,1,event,846,0.0015830000002097222,0
2,1,event,847,0.0025829999995039543,0
2,1,event,848,0.0015419999999721767,0
2,1,event,849,0.0016250000007858034,0
2,1,event,850,0.0015000000003055902,0
2,1,event,851,0.0016249999998763087,0
2,1,event,852,0.00204200000007404,0
2,1,event,853,0.0017499999994470272,0
2,1,event,854,0.0015419999999721767,0
2,1,event,855,0.0015419999999721767,0
2,1,event,856,0.0015839999996387633,0
2,1,event,857,0.001959000000169908,0
2,1,event,858,0.0014999999993960955,0
2,1,event,859,0.0015839999996387633,0
2,1,event,860,0.0016669999995428952,0
2,1,event,861,0.001584000000548258,0
2,1,event,862,0.001584000000548258,0
2,1,event,863,0.001999999999497959,0
2,1,event,864,0.0020830000003115856,0
2,1,event,865,0.0016669999995428952,0
2,1,event,866,0.0015419999999721767,0
2,1,event,867,0.0015000000003055902,0
2,1,event,868,0.0020000000004074536,0
2,1,event,869,0.0016249999998763087,0
2,1,event,870,0.0015419999999721767,0
2,1,event,871,0.005417000000306871,0
2,1,event,872,0.0016249999998763087,0
2,1,event,873,0.002124999999978172,0
2,1,event,874,0.001540999999633641,0
2,1,event,875,0.0054579999996349216,0
2,1,event,876,0.0017080000006899354,0
2,1,event,877,0.0015839999996387633,0
2,1,event,878,0.0015830000002097222,0
2,1,event,879,0.0020409999997355044,0
2,1,event,880,0.0017920000000231084,0
2,1,event,881,0.0015419999999721767,0
2,1,event,882,0.00166700000045239,0
2,1,event,883,0.0015410000005431357,0
2,1,event,884,0.00204200000007404,0
2,1,event,885,0.0015839999996387633,0
2,1,event,886,0.0014999999993960955,0
2,1,event,887,0.001999999999497959,0
2,1,event,888,0.001540999999633641,0
2,1,event,889,0.0020830000003115856,0
2,1,event,890,0.0015419999999721767,0
2,1,event,891,0.0016249999998763087,0
2,1,event,892,0.002290999999786436,0
2,1,event,893,0.0015000000003055902,0
2,1,event,894,0.0020840000006501214,0
2,1,event,895,0.0015420000008816714,0
2,1,event,896,0.0017079999997804407,0
2,1,event,897,0.0015410000005431357,0
2,1,event,898,0.001540999999633641,0
2,1,event,899,0.001457999999729509,0
2,1,event,900,0.009125000000494765,1
2,1,event,901,0.002124999999978172,0
2,1,event,902,0.001750000000356522,0
2,1,event,903,0.0015830000002097222,0
2,1,event,904,0.006624999999985448,0
2,1,event,905,0.0017499999994470272,0
2,1,event,906,0.0017090000001189765,0
2,1,event,907,0.0022500000004583853,0
2,1,event,908,0.0016669999995428952,0
2,1,event,909,0.0020000000004074536,0
2,1,event,910,0.00166700000045239,0
2,1,event,911,0.0016249999998763087,0
2,1,event,912,0.0016249999998763087,0
2,1,event,913,0.0015000000003055902,0
2,1,event,914,0.001916999999593827,0
2,1,event,915,0.0015830000002097222,0
2,1,event,916,0.0014590000000680448,0
2,1,event,917,0.004958000000442553,0
2,1,event,918,0.001540999999633641,0
2,1,event,919,0.0015830000002097222,0
2,1,event,920,0.00204200000007404,0
2,1,event,921,0.0016669999995428952,0
2,1,event,922,0.0017499999994470272,0
2,1,event,923,0.0016249999998763087,0
2,1,event,924,0.001457999999729509,0
2,1,event,925,0.001959000000169908,0
2,1,event,926,0.0021669999996447586,0
2,1,event,927,0.0015830000002097222,0
2,1,event,928,0.0016249999998763087,0
2,1,event,929,0.0015830000002097222,0
2,1,event,930,0.00204200000007404,0
2,1,event,931,0.0015410000005431357,0
2,1,event,932,0.005250000000160071,0
2,1,event,933,0.002375000000029104,0
2,1,event,934,0.0016250000007858034,0
2,1,event,935,0.00204200000007404,0
2,1,event,936,0.0015830000002097222,0
2,1,event,937,0.0016669999995428952,0
2,1,event,938,0.0015829999993002275,0
2,1,event,939,0.002124999999978172,0
2,1,event,940,0.0015830000002097222,0
2,1,event,941,0.0020000000004074536,0
2,1,event,942,0.0023330000003625173,0
2,1,event,943,0.0015830000002097222,0
2,1,event,944,0.0016249999998763087,0
2,1,event,945,0.001540999999633641,0
2,1,event,946,0.0020000000004074536,0
2,1,event,947,0.001584000000548258,0
2,1,event,948,0.0015419999999721767,0
2,1,event,949,0.0016249999998763087,0
2,1,event,950,0.005166999999346444,0
2,1,event,951,0.0019579999998313724,0
2,1,event,952,0.0016249999998763087,0
2,1,event,953,0.0017080000006899354,0
2,1,event,954,0.0016660000001138542,0
2,1,event,955,0.0015829999993002275,0
2,1,event,956,0.00204200000007404,0
2,1,event,957,0.0016669999995428952,0
2,1,event,958,0.001833999999689695,0
2,1,event,959,0.004958999999871594,0
2,1,event,960,0.008625000000392902,1
2,1,event,961,0.0026250000000800355,0
2,1,event,962,0.0015829999993002275,0
2,1,event,963,0.0016249999998763087,0
2,1,event,964,0.0015419999999721767,0
2,1,event,965,0.0015419999999721767,0
2,1,event,966,0.0024999999995998223,0
2,1,event,967,0.0018329999993511592,0
2,1,event,968,0.0016249999998763087,0
2,1,event,969,0.0057500000002619345,0
2,1,event,970,0.0016249999998763087,0
2,1,event,971,0.002124999999978172,0
2,1,event,972,0.0015830000002097222,0
2,1,event,973,0.0016249999998763087,0
2,1,event,974,0.0016249999998763087,0
2,1,event,975,0.0015839999996387633,0
2,1,event,976,0.0015839999996387633,0
2,1,event,977,0.0020000000004074536,0
2,1,event,978,0.0016249999998763087,0
2,1,event,979,0.0015000000003055902,0
2,1,event,980,0.0015419999999721767,0
2,1,event,981,0.0015419999999721767,0
2,1,event,982,0.0020000000004074536,0
2,1,event,983,0.001833000000260654,0
2,1,event,984,0.0017090000001189765,0
2,1,event,985,0.0017079999997804407,0
2,1,event,986,0.0016249999998763087,0
2,1,event,987,0.0019160000001647859,0
2,1,event,988,0.0015410000005431357,0
2,1,event,989,0.001457999999729509,0
2,1,event,990,0.0015830000002097222,0
2,1,event,991,0.0015410000005431357,0
2,1,event,992,0.0019160000001647859,0
2,1,event,993,0.0016669999995428952,0
2,1,event,994,0.005541999999877589,0
2,1,event,995,0.004500000000007276,0
2,1,event,996,0.0055409999995390535,0
2,1,event,997,0.0016249999998763087,0
2,1,event,998,0.0020839999997406267,0
2,1,event,999,0.0023330000003625173,0
2,1,burst,0,0.1337920000005397,7
2,1,burst,1,0.1242499999998472,7
2,1,burst,2,0.1314169999996011,7
2,1,burst,3,0.12537500000053114,7
2,1,burst,4,0.1599160000005213,7
2,1,burst,5,0.1577500000003056,7
2,1,burst,6,0.1690840000001117,7
2,1,burst,7,0.25691700000061246,7
2,1,burst,8,0.1877089999998134,7
2,1,burst,9,0.13262499999927968,7
2,1,burst,10,0.13820799999939481,7
2,1,burst,11,0.12987499999962893,7
2,1,burst,12,0.1562080000003334,7
2,1,burst,13,0.12816599999950995,7
2,1,burst,14,0.12533299999995506,7
2,1,burst,15,0.1262910000004922,7
2,1,burst,16,0.12841699999989942,7
2,1,burst,17,0.12850000000071304,7
2,1,burst,18,0.12658300000020972,7
2,1,burst,19,0.12766699999974662,7
2,1,burst,20,0.15008300000044983,7
2,1,burst,21,0.13783300000068266,7
2,1,burst,22,0.39666699999997945,7
2,1,burst,23,0.30024999999932334,7
2,1,burst,24,0.11241700000027777,7
2,1,burst,25,0.10991699999976845,7
2,1,burst,26,0.10595800000010058,7
2,1,burst,27,0.11033299999962765,7
2,1,burst,28,0.1614160000008269,7
2,1,burst,29,0.2134170000008453,7
2,1,burst,30,0.14558300000044255,7
2,1,burst,31,0.13537499999983993,7
2,1,burst,32,0.14199999999982538,7
2,1,burst,33,0.13341700000000856,7
2,1,burst,34,0.13575000000037107,7
2,1,burst,35,0.1291670000000522,7
2,1,burst,36,0.136000000000422,7
2,1,burst,37,0.15858300000036252,7
2,1,burst,38,0.1358749999999418,7
2,1,burst,39,0.12616699999944103,7
2,1,burst,40,0.14079099999980826,7
2,1,burst,41,0.12616700000035053,7
2,1,burst,42,0.12337500000012369,7
2,1,burst,43,0.12891599999966274,7
2,1,burst,44,0.12324999999964348,7
2,1,burst,45,0.12312500000007276,7
2,1,burst,46,0.12291700000059791,7
2,1,burst,47,0.12245900000016263,7
2,1,burst,48,0.1251250000004802,7
2,1,burst,49,0.12316699999973935,7
2,1,burst,50,0.12208400000054098,7
2,1,burst,51,0.12391699999989214,7
2,1,burst,52,0.12412500000027649,7
2,1,burst,53,0.1273750000000291,7
2,1,burst,54,0.12179099999957543,7
2,1,burst,55,0.12674999999944703,7
2,1,burst,56,0.12604099999953178,7
2,1,burst,57,0.1384169999992082,7
2,1,burst,58,0.12183400000049005,7
2,1,burst,59,0.12162500000067666,7
2,1,burst,60,0.12137500000062573,7
2,1,burst,61,0.12166699999943376,7
2,1,burst,62,0.12487500000042928,7
2,1,burst,63,0.12541700000019773,7
2,1,burst,64,0.12525000000005093,7
2,1,burst,65,0.1235000000006039,7
2,1,burst,66,0.12420900000051915,7
2,1,burst,67,0.13025000000016007,7
2,1,burst,68,0.12708300000031159,7
2,1,burst,69,29.5967499999997,7
2,1,burst,70,0.1595420000003287,7
2,1,burst,71,0.12658399999963876,7
2,1,burst,72,0.13025000000016007,7
2,1,burst,73,0.1242499999998472,7
2,1,burst,74,0.12470799999937299,7
2,1,burst,75,0.1222909999996773,7
2,1,burst,76,0.14579200000025594,7
2,1,burst,77,0.2345000000004802,7
2,1,burst,78,3.0586249999996653,7
2,1,burst,79,1.553583000000799,7
2,1,burst,80,21.768041999999696,7
2,1,burst,81,0.9010830000006536,7
2,1,burst,82,0.40625,7
2,1,burst,83,0.6270830000003116,7
2,1,burst,84,0.4947910000000775,7
2,1,burst,85,1.317374999999629,7
2,1,burst,86,18.290125000000444,7
2,1,burst,87,0.4160830000000715,7
2,1,burst,88,0.8050839999996242,7
2,1,burst,89,0.5447500000000218,7
2,1,burst,90,8.690875000000233,7
2,1,burst,91,0.3002919999998994,7
2,1,burst,92,0.6307910000004995,7
2,1,burst,93,0.23312499999974534,7
2,1,burst,94,0.14825000000018917,7
2,1,burst,95,0.12391699999989214,7
2,1,burst,96,0.27387500000077125,7
2,1,burst,97,0.2848340000000462,7
2,1,burst,98,0.1638330000005226,7
2,1,burst,99,0.6655419999997321,7
2,1,burst,100,0.3574170000001686,7
2,1,burst,101,0.15737499999977445,7
2,1,burst,102,0.2687080000005153,7
2,1,burst,103,0.8130000000001019,7
2,1,burst,104,0.0634169999993901,7
2,1,burst,105,0.055292000000008557,7
2,1,burst,106,0.05579100000068138,7
2,1,burst,107,0.051207999999860476,7
2,1,burst,108,0.05229200000030687,7
2,1,burst,109,0.050957999999809545,7
2,1,burst,110,0.051542000000154076,7
2,1,burst,111,0.05270899999959511,7
2,1,burst,112,0.12091700000019046,7
2,1,burst,113,0.11025000000063301,7
2,1,burst,114,0.10612499999933789,7
2,1,burst,115,0.10737499999959255,7
2,1,burst,116,0.10562500000014552,7
2,1,burst,117,0.10799999999926513,7
2,1,burst,118,0.10558399999990797,7
2,1,burst,119,0.10454200000003766,7
2,1,burst,120,0.10320799999954033,7
2,1,burst,121,0.10587500000019645,7
2,1,burst,122,0.10337499999968713,7
2,1,burst,123,0.10300000000006548,7
2,1,burst,124,0.1062499999998181,7
2,1,burst,125,0.11354100000062317,7
2,1,burst,126,0.10541600000033213,7
2,1,burst,127,0.11033299999962765,7
2,1,burst,128,0.11495900000045367,7
2,1,burst,129,0.11045800000010786,7
2,1,burst,130,0.10574999999971624,7
2,1,burst,131,0.10570900000038819,7
2,1,burst,132,0.10595800000010058,7
2,1,burst,133,0.1069999999999709,7
2,1,burst,134,0.10362499999973807,7
2,1,burst,135,0.10416700000041601,7
2,1,burst,136,0.10362500000064756,7
2,1,burst,137,0.10783300000002782,7
2,1,burst,138,0.1035409999994954,7
2,1,burst,139,0.10487499999999272,7
2,1,burst,140,0.10333399999944959,7
2,1,burst,141,0.1053329999995185,7
2,1,burst,142,0.10358300000007148,7
2,1,burst,143,0.10441699999955745,7
2,1,burst,144,0.10562500000014552,7
2,1,burst,145,0.1064169999999649,7
2,1,burst,146,0.1016250000002401,7
2,1,burst,147,0.11074999999982538,7
2,1,burst,148,0.10720800000035524,7
2,1,burst,149,0.10612499999933789,7
2,1,burst,150,0.1064169999999649,7
2,1,burst,151,0.10229200000048877,7
2,1,burst,152,0.10391600000002654,7
2,1,burst,153,0.11283300000013696,7
2,1,burst,154,0.103874999999789,7
2,1,burst,155,0.10441699999955745,7
2,1,burst,156,0.10341700000026322,7
2,1,burst,157,0.10716599999977916,7
2,1,burst,158,0.10291600000073231,7
2,1,burst,159,0.10366599999997561,7
2,1,burst,160,0.10341599999992468,7
2,1,burst,161,0.10654100000010658,7
2,1,burst,162,0.10316599999987375,7
2,1,burst,163,0.10462499999994179,7
2,1,burst,164,0.10933400000067195,7
2,1,burst,165,0.10670900000059191,7
2,1,burst,166,0.10308299999996962,7
2,1,burst,167,0.1051659999993717,7
2,1,burst,168,0.10583299999962037,7
2,1,burst,169,0.10224999999991269,7
2,1,burst,170,0.10099999999965803,7
2,1,burst,171,0.102708999999777,7
2,1,burst,172,0.10554200000024139,7
2,1,burst,173,0.10141600000042672,7
2,1,burst,174,0.10620800000015151,7
2,1,burst,175,0.10241600000063045,7
2,1,burst,176,0.1060830000005808,7
2,1,burst,177,0.10233299999981682,7
2,1,burst,178,0.10391700000036508,7
2,1,burst,179,0.10275000000001455,7
2,1,burst,180,0.10654099999919708,7
2,1,burst,181,0.10170800000014424,7
2,1,burst,182,0.11020900000039546,7
2,1,burst,183,0.10308400000030815,7
2,1,burst,184,0.10300000000006548,7
2,1,burst,185,0.10158300000057352,7
2,1,burst,186,0.10449999999946158,7
2,1,burst,187,0.10241700000005949,7
2,1,burst,188,0.10649999999986903,7
2,1,burst,189,0.10208300000067538,7
2,1,burst,190,0.10300000000006548,7
2,1,burst,191,0.10199999999986176,7
2,1,burst,192,0.104750000000422,7
2,1,burst,193,0.10325000000011642,7
2,1,burst,194,0.1027910000002521,7
2,1,burst,195,0.10116699999980483,7
2,1,burst,196,0.10633399999915127,7
2,1,burst,197,0.10083399999984977,7
2,1,burst,198,0.10429199999998673,7
2,1,burst,199,0.10249999999996362,7
2,1,burst,200,0.11037499999929423,7
2,1,burst,201,0.10266599999977188,7
2,1,burst,202,0.10241600000063045,7
2,1,burst,203,0.1075410000003103,7
2,1,burst,204,0.1060829999996713,7
2,1,burst,205,0.10366700000031415,7
2,1,burst,206,0.10308400000030815,7
2,1,burst,207,0.10266700000011042,7
2,1,burst,208,0.10670900000059191,7
2,1,burst,209,0.1023750000003929,7
2,1,burst,210,0.10441700000046694,7
2,1,burst,211,0.10737499999959255,7
2,1,burst,212,0.1060829999996713,7
2,1,burst,213,0.1044160000001284,7
2,1,burst,214,0.10091600000032486,7
2,1,burst,215,0.10637500000029831,7
2,1,burst,216,0.10400000000026921,7
2,1,burst,217,0.10866700000042329,7
2,1,burst,218,0.10366700000031415,7
2,1,burst,219,0.10433300000022427,7
2,1,burst,220,0.1023750000003929,7
2,1,burst,221,0.10433300000022427,7
2,1,burst,222,4.642792000000554,7
2,1,burst,223,0.14158399999996618,7
2,1,burst,224,0.12495799999942392,7
2,1,burst,225,0.12600000000020373,7
2,1,burst,226,0.12145799999962037,7
2,1,burst,227,0.12304099999983009,7
2,1,burst,228,0.16358299999956216,7
2,1,burst,229,19.68804199999977,7
2,1,burst,230,0.1520829999999478,7
2,1,burst,231,0.1358749999999418,7
2,1,burst,232,0.12862500000028376,7
2,1,burst,233,0.12979100000029575,7
2,1,burst,234,0.1321250000000873,7
2,1,burst,235,0.15470900000036636,7
2,1,burst,236,0.12937499999952706,7
2,1,burst,237,0.12620799999967858,7
2,1,burst,238,0.12750000000050932,7
2,1,burst,239,0.14279199999964476,7
2,1,burst,240,0.12816699999984849,7
2,1,burst,241,0.125583000000006,7
2,1,burst,242,0.12200000000029831,7
2,1,burst,243,3.3018330000004426,7
2,1,burst,244,0.1268340000005992,7
2,1,burst,245,0.11445800000001327,7
2,1,burst,246,0.11095799999930023,7
2,1,burst,247,0.11416700000063429,7
2,1,burst,248,0.11112500000035652,7
2,1,burst,249,0.1132499999994252,7
2,1,burst,250,0.10741599999983009,7
2,1,burst,251,13.55974999999944,7
2,1,burst,252,0.238709000000199,7
2,1,burst,253,0.4306670000005397,7
2,1,burst,254,0.3181670000003578,7
2,1,burst,255,0.1492500000003929,7
2,1,burst,256,0.13537500000074942,7
2,1,burst,257,0.14095799999995506,7
2,1,burst,258,0.1322920000002341,7
2,1,burst,259,0.13020899999992253,7
2,1,burst,260,0.12299999999959255,7
2,1,burst,261,0.16629100000045582,7
2,1,burst,262,0.1413330000004862,7
2,1,burst,263,0.13058300000011513,7
2,1,burst,264,0.1292910000001939,7
2,1,burst,265,42.680083000000195,7
2,1,burst,266,0.20745799999986048,7
2,1,burst,267,0.13062499999978172,7
2,1,burst,268,0.19158299999980954,7
2,1,burst,269,0.13558300000022427,7
2,1,burst,270,0.1485419999999067,7
2,1,burst,271,0.13074999999935244,7
2,1,burst,272,0.12462500000037835,7
2,1,burst,273,0.12858300000061718,7
2,1,burst,274,0.12612499999977445,7
2,1,burst,275,0.12320900000031543,7
2,1,burst,276,0.12566599999991013,7
2,1,burst,277,0.1552080000001297,7
2,1,burst,278,0.1727920000002996,7
2,1,burst,279,0.12341699999979028,7
2,1,burst,280,0.11145800000031159,7
2,1,burst,281,0.11149999999997817,7
2,1,burst,282,0.11133299999983137,7
2,1,burst,283,0.10737500000050204,7
2,1,burst,284,0.11024999999972351,7
2,1,burst,285,0.10595799999919109,7
2,1,burst,286,0.10616599999957543,7
2,1,burst,287,0.1064169999999649,7
2,1,burst,288,0.13233299999956216,7
2,1,burst,289,0.11483299999963492,7
2,1,burst,290,0.11266599999999016,7
2,1,burst,291,0.10637499999938882,7
2,1,burst,292,0.10720899999978428,7
2,1,burst,293,0.1058339999999589,7
2,1,burst,294,0.10904200000004494,7
2,1,burst,295,0.10458399999970425,7
2,1,burst,296,0.1064169999999649,7
2,1,burst,297,0.1120840000003227,7
2,1,burst,298,0.1078750000006039,7
2,1,burst,299,0.10708300000078452,7
2,1,burst,300,0.10479099999975006,7
2,1,burst,301,0.10662500000034925,7
2,1,burst,302,0.10654200000044511,7
2,1,burst,303,0.10566600000038306,7
2,1,burst,304,0.10491599999932077,7
2,1,burst,305,0.11683300000004238,7
2,1,burst,306,0.10787499999969441,7
2,1,burst,307,0.10454099999969912,7
2,1,burst,308,0.10408300000017334,7
2,1,burst,309,0.12841600000047038,7
2,1,burst,310,0.12758299999950395,7
2,1,burst,311,0.1058339999999589,7
2,1,burst,312,0.1229590000002645,7
2,1,burst,313,0.4820419999996375,7
2,1,burst,314,0.1459999999997308,7
2,1,burst,315,0.1258749999997235,7
2,1,burst,316,0.13991700000042329,7
2,1,burst,317,0.1343749999996362,7
2,1,burst,318,0.11225000000013097,7
2,1,burst,319,0.12008299999979499,7
2,1,burst,320,0.12379099999998289,7
2,1,burst,321,0.13012499999967986,7
2,1,burst,322,0.10712499999954161,7
2,1,burst,323,0.1172500000002401,7
2,1,burst,324,0.12562499999967258,7
2,1,burst,325,0.12345899999945686,7
2,1,burst,326,0.11254199999984849,7
2,1,burst,327,0.11312500000076398,7
2,1,burst,328,0.11870799999996962,7
2,1,burst,329,0.1097909999998592,7
2,1,burst,330,0.11112499999944703,7
2,1,burst,331,0.13337500000034197,7
2,1,burst,332,0.11612500000046566,7
2,1,burst,333,0.11837500000001455,7
2,1,burst,334,0.11079200000040146,7
2,1,burst,335,0.12279099999977916,7
2,1,burst,336,0.11783299999933661,7
2,1,burst,337,0.10812499999974534,7
2,1,burst,338,0.11916700000074343,7
2,1,burst,339,0.14141699999981938,7
2,1,burst,340,0.115458000000217,7
2,1,burst,341,0.11470900000040274,7
2,1,burst,342,0.1117500000000291,7
2,1,burst,343,0.1172500000002401,7
2,1,burst,344,0.11300000000028376,7
2,1,burst,345,0.11216700000022684,7
2,1,burst,346,0.1165419999997539,7
2,1,burst,347,0.12279100000068865,7
2,1,burst,348,0.11533300000064628,7
2,1,burst,349,0.12341600000036124,7
2,1,burst,350,0.11495800000011513,7
2,1,burst,351,0.11912500000016735,7
2,1,burst,352,0.113999999999578,7
2,1,burst,353,0.11720900000000256,7
2,1,burst,354,0.11429200000020501,7
2,1,burst,355,0.1134170000004815,7
2,1,burst,356,0.12254200000006676,7
2,1,burst,357,0.1107079999992493,7
2,1,burst,358,0.10750000000007276,7
2,1,burst,359,0.11529199999949924,7
2,1,burst,360,0.11450000000058935,7
2,1,burst,361,0.1170830000000933,7
2,1,burst,362,0.10987500000010186,7
2,1,burst,363,0.11675000000013824,7
2,1,burst,364,0.1175840000005337,7
2,1,burst,365,0.10691700000006676,7
2,1,burst,366,0.10841699999946286,7
2,1,burst,367,0.11008399999991525,7
2,1,burst,368,0.11683300000004238,7
2,1,burst,369,0.10708299999987503,7
2,1,burst,370,0.12066700000013952,7
2,1,burst,371,0.1172500000002401,7
2,1,burst,372,0.11516700000083802,7
2,1,burst,373,0.10804199999984121,7
2,1,burst,374,0.11462499999925058,7
2,1,burst,375,0.10899999999946886,7
2,1,burst,376,0.11666700000023411,7
2,1,burst,377,0.10183400000005349,7
2,1,burst,378,0.12070800000037707,7
2,1,burst,379,0.1170830000000933,7
2,1,burst,380,0.10983399999986432,7
2,1,burst,381,55.27379199999996,7
2,1,burst,382,0.16616700000031415,7
2,1,burst,383,0.1437500000001819,7
2,1,burst,384,0.23308299999916926,7
2,1,burst,385,0.13699999999971624,7
2,1,burst,386,0.14016699999956472,7
2,1,burst,387,0.12633399999958783,7
2,1,burst,388,0.12095899999985704,7
2,1,burst,389,0.11558299999978772,7
2,1,burst,390,0.12787500000013097,7
2,1,burst,391,0.1300839999994423,7
2,1,burst,392,0.12766699999974662,7
2,1,burst,393,0.11974999999983993,7
2,1,burst,394,0.12479100000018661,7
2,1,burst,395,0.11549999999988358,7
2,1,burst,396,0.13745899999958056,7
2,1,burst,397,0.11304199999995035,7
2,1,burst,398,0.12162499999976717,7
2,1,burst,399,0.10687499999949068,7
2,1,burst,400,0.11566599999969185,7
2,1,burst,401,0.11091599999963364,7
2,1,burst,402,0.11833300000034797,7
2,1,burst,403,0.11187499999959982,7
2,1,burst,404,0.11791600000015023,7
2,1,burst,405,0.1130830000001879,7
2,1,burst,406,0.1422499999998763,7
2,1,burst,407,0.11483299999963492,7
2,1,burst,408,0.11645799999951123,7
2,1,burst,409,0.10537500000009459,7
2,1,burst,410,0.13833400000021356,7
2,1,burst,411,0.11454200000025594,7
2,1,burst,412,0.12654199999997218,7
2,1,burst,413,0.1082910000004631,7
2,1,burst,414,0.12920800000028976,7
2,1,burst,415,0.11541699999997945,7
2,1,burst,416,0.11304199999995035,7
2,1,burst,417,0.1110419999995429,7
2,1,burst,418,0.11591600000065228,7
2,1,burst,419,0.11862500000006548,7
2,1,burst,420,0.11475000000064028,7
2,1,burst,421,0.11541699999997945,7
2,1,burst,422,0.10924999999951979,7
2,1,burst,423,0.11733400000048277,7
2,1,burst,424,0.12137499999971624,7
2,1,burst,425,30.206875000000764,7
2,1,burst,426,0.2185829999998532,7
2,1,burst,427,0.11700000000018917,7
2,1,burst,428,0.11245799999960582,7
2,1,burst,429,0.108791999999994,7
2,1,burst,430,0.10925000000042928,7
2,1,burst,431,0.10674999999991996,7
2,1,burst,432,0.10695799999939481,7
2,1,burst,433,0.10704200000054698,7
2,1,burst,434,0.10858399999960966,7
2,1,burst,435,0.10729200000059791,7
2,1,burst,436,0.11687499999970896,7
2,1,burst,437,0.10520900000028632,7
2,1,burst,438,0.1068329999998241,7
2,1,burst,439,0.10354199999983393,7
2,1,burst,440,0.10483399999975518,7
2,1,burst,441,0.10712499999954161,7
2,1,burst,442,0.10654200000044511,7
2,1,burst,443,0.10891699999956472,7
2,1,burst,444,0.10450000000037107,7
2,1,burst,445,0.10558299999956944,7
2,1,burst,446,0.10595900000043912,7
2,1,burst,447,0.10516700000061974,7
2,1,burst,448,0.1034589999999298,7
2,1,burst,449,0.10462499999994179,7
2,1,burst,450,0.1062499999998181,7
2,1,burst,451,0.1032920000006925,7
2,1,burst,452,0.10337499999968713,7
2,1,burst,453,0.1045830000002752,7
2,1,burst,454,0.11741600000004837,7
2,1,burst,455,0.10308299999996962,7
2,1,burst,456,0.10454200000003766,7
2,1,burst,457,0.10262500000044383,7
2,1,burst,458,0.10595799999919109,7
2,1,burst,459,0.1027910000002521,7
2,1,burst,460,0.10416600000007747,7
2,1,burst,461,0.10416600000007747,7
2,1,burst,462,0.10712499999954161,7
2,1,burst,463,0.1016669999999067,7
2,1,burst,464,0.10425000000032014,7
2,1,burst,465,0.10524999999961437,7
2,1,burst,466,0.10383300000012241,7
2,1,burst,467,0.1014580000000933,7
2,1,burst,468,0.10395900000003166,7
2,1,burst,469,0.10495900000023539,7
2,1,burst,470,0.10220900000058464,7
2,1,burst,471,0.10933299999942392,7
2,1,burst,472,0.10320799999954033,7
2,1,burst,473,0.10470799999984592,7
2,1,burst,474,0.10220799999933661,7
2,1,burst,475,0.10179100000004837,7
2,1,burst,476,0.10591699999986304,7
2,1,burst,477,0.10466699999960838,7
2,1,burst,478,0.10283400000025722,7
2,1,burst,479,0.10158300000057352,7
2,1,burst,480,0.10291700000016135,7
2,1,burst,481,0.10841700000037235,7
2,1,burst,482,0.1010839999999007,7
2,1,burst,483,0.10616699999991397,7
2,1,burst,484,0.1034589999999298,7
2,1,burst,485,0.10445900000013353,7
2,1,burst,486,0.10308299999996962,7
2,1,burst,487,0.1020410000000993,7
2,1,burst,488,0.10358300000007148,7
2,1,burst,489,0.11074999999982538,7
2,1,burst,490,0.10249999999996362,7
2,1,burst,491,0.10112500000013824,7
2,1,burst,492,0.10437499999989086,7
2,1,burst,493,0.10337499999968713,7
2,1,burst,494,0.10150000000066939,7
2,1,burst,495,0.10316599999987375,7
2,1,burst,496,0.10245799999938754,7
2,1,burst,497,0.10483299999941664,7
2,1,burst,498,0.10145899999952235,7
2,1,burst,499,0.10158400000000256,7
2,1,burst,500,0.10304199999973207,7
2,1,burst,501,0.10454200000003766,7
2,1,burst,502,0.10116699999980483,7
2,1,burst,503,0.10224999999991269,7
2,1,burst,504,0.10275000000001455,7
2,1,burst,505,0.10433300000022427,7
2,1,burst,506,0.1016250000002401,7
2,1,burst,507,0.10925000000042928,7
2,1,burst,508,0.1014999999997599,7
2,1,burst,509,0.10366700000031415,7
2,1,burst,510,0.1017920000003869,7
2,1,burst,511,0.10108400000081019,7
2,1,burst,512,0.10858400000051915,7
2,1,burst,513,0.10408300000017334,7
2,1,burst,514,0.10191699999995762,7
2,1,burst,515,0.10266700000011042,7
2,1,burst,516,0.10449999999946158,7
2,1,burst,517,0.10195800000019517,7
2,1,burst,518,0.10245899999972607,7
2,1,burst,519,0.1156250000003638,7
2,1,burst,520,0.10900000000037835,7
2,1,burst,521,0.10287499999958527,7
2,1,burst,522,0.10100000000056752,7
2,1,burst,523,0.11820900000020629,7
2,1,burst,524,0.11075000000073487,7
2,1,burst,525,0.10400000000026921,7
2,1,burst,526,0.10337499999968713,7
2,1,burst,527,0.10308299999996962,7
2,1,burst,528,0.10470800000075542,7
2,1,burst,529,0.1022080000002461,7
2,1,burst,530,0.10154099999999744,7
2,1,burst,531,0.10370800000055169,7
2,1,burst,532,0.10541600000033213,7
2,1,burst,533,0.10275000000001455,7
2,1,burst,534,0.09970899999916583,7
2,1,burst,535,0.10508399999980611,7
2,1,burst,536,0.10554200000024139,7
2,1,burst,537,0.10404100000050676,7
2,1,burst,538,0.10029200000008132,7
2,1,burst,539,0.10533399999985704,7
2,1,burst,540,0.11083400000006804,7
2,1,burst,541,0.10387500000069849,7
2,1,burst,542,0.10883300000023155,7
2,1,burst,543,0.10358300000007148,7
2,1,burst,544,0.10450000000037107,7
2,1,burst,545,0.10416700000041601,7
2,1,burst,546,0.1031249999996362,7
2,1,burst,547,0.10370900000089023,7
2,1,burst,548,0.10324999999920692,7
2,1,burst,549,0.10383399999955145,7
2,1,burst,550,0.10424999999941065,7
2,1,burst,551,0.10325000000011642,7
2,1,burst,552,0.10516700000061974,7
2,1,burst,553,0.10212499999943248,7
2,1,burst,554,0.10183299999971496,7
2,1,burst,555,0.10208400000010442,7
2,1,burst,556,0.10325000000011642,7
2,1,burst,557,0.10216600000057952,7
2,1,burst,558,0.10591699999986304,7
2,1,burst,559,0.10587500000019645,7
2,1,burst,560,0.10629200000039418,7
2,1,burst,561,0.10079099999984464,7
2,1,burst,562,0.10208299999976589,7
2,1,burst,563,0.1022080000002461,7
2,1,burst,564,0.10387500000069849,7
2,1,burst,565,0.10329100000035396,7
2,1,burst,566,0.10275000000001455,7
2,1,burst,567,0.10320800000044983,7
2,1,burst,568,0.10308400000030815,7
2,1,burst,569,0.1055000000005748,7
2,1,burst,570,0.10412500000074942,7
2,1,burst,571,0.10366700000031415,7
2,1,burst,572,0.10325000000011642,7
2,1,burst,573,0.1013329999996131,7
2,1,burst,574,0.10245800000029703,7
2,1,burst,575,0.10383300000012241,7
2,1,burst,576,0.10358400000041001,7
2,1,burst,577,0.1071670000001177,7
2,1,burst,578,0.10408300000017334,7
2,1,burst,579,0.10449999999946158,7
2,1,burst,580,0.10316700000021228,7
2,1,burst,581,0.10279199999968114,7
2,1,burst,582,0.10358300000007148,7
2,1,burst,583,0.10337500000059663,7
2,1,burst,584,0.10191699999995762,7
2,1,burst,585,0.10120900000038091,7
2,1,burst,586,0.10300000000006548,7
2,1,burst,587,0.1016669999999067,7
2,1,burst,588,0.10320799999954033,7
2,1,burst,589,0.10137500000018917,7
2,1,burst,590,0.10270800000034797,7
2,1,burst,591,0.10329100000035396,7
2,1,burst,592,0.10429199999998673,7
2,1,burst,593,0.10208400000010442,7
2,1,burst,594,0.1095420000001468,7
2,1,burst,595,0.10487499999999272,7
2,1,burst,596,0.10950000000048021,7
2,1,burst,597,0.10233399999924586,7
2,1,burst,598,0.1069999999999709,7
2,1,burst,599,0.10266700000011042,7
2,1,burst,600,0.1031249999996362,7
2,1,burst,601,0.1029580000003989,7
2,1,burst,602,0.1016669999999067,7
2,1,burst,603,0.10437499999989086,7
2,1,burst,604,0.10362499999973807,7
2,1,burst,605,0.10275000000001455,7
2,1,burst,606,0.10316599999987375,7
2,1,burst,607,0.10570800000004965,7
2,1,burst,608,0.10358300000007148,7
2,1,burst,609,0.10320899999987887,7
2,1,burst,610,0.10262499999953434,7
2,1,burst,611,0.10908300000028248,7
2,1,burst,612,0.10599999999976717,7
2,1,burst,613,0.10304199999973207,7
2,1,burst,614,0.10579099999995378,7
2,1,burst,615,0.10245799999938754,7
2,1,burst,616,0.10208400000010442,7
2,1,burst,617,0.10445900000013353,7
2,1,burst,618,0.10320899999987887,7
2,1,burst,619,0.10283299999991868,7
2,1,burst,620,0.10316599999987375,7
2,1,burst,621,0.10054200000013225,7
2,1,burst,622,0.10308299999996962,7
2,1,burst,623,0.10183299999971496,7
2,1,burst,624,0.10108299999956216,7
2,1,burst,625,0.10183300000062445,7
2,1,burst,626,0.10595899999952962,7
2,1,burst,627,0.1065840000001117,7
2,1,burst,628,0.1016669999999067,7
2,1,burst,629,0.10729199999968841,7
2,1,burst,630,0.10470799999984592,7
2,1,burst,631,0.10404100000050676,7
2,1,burst,632,0.10120800000004238,7
2,1,burst,633,0.1040419999999358,7
2,1,burst,634,0.10479099999975006,7
2,1,burst,635,0.1086249999998472,7
2,1,burst,636,0.10129199999937555,7
2,1,burst,637,0.10258299999986775,7
2,1,burst,638,0.10337500000059663,7
2,1,burst,639,0.10233299999981682,7
2,1,burst,640,0.10424999999941065,7
2,1,burst,641,0.1023750000003929,7
2,1,burst,642,0.10433300000022427,7
2,1,burst,643,0.10270799999943847,7
2,1,burst,644,0.10354199999983393,7
2,1,burst,645,0.10237499999948341,7
2,1,burst,646,0.10358300000007148,7
2,1,burst,647,0.10587500000019645,7
2,1,burst,648,0.10300000000006548,7
2,1,burst,649,0.10262499999953434,7
2,1,burst,650,0.10574999999971624,7
2,1,burst,651,0.10220899999967514,7
2,1,burst,652,0.10375000000021828,7
2,1,burst,653,0.1022080000002461,7
2,1,burst,654,0.10425000000032014,7
2,1,burst,655,0.10683400000016263,7
2,1,burst,656,0.10283399999934772,7
2,1,burst,657,0.10279199999968114,7
2,1,burst,658,0.10470799999984592,7
2,1,burst,659,0.10420800000065356,7
2,1,burst,660,0.10412499999983993,7
2,1,burst,661,0.10112500000013824,7
2,1,burst,662,0.10566600000038306,7
2,1,burst,663,0.10554200000024139,7
2,1,burst,664,0.102708999999777,7
2,1,burst,665,0.10262500000044383,7
2,1,burst,666,0.10229199999957928,7
2,1,burst,667,0.10079200000018318,7
2,1,burst,668,0.10233400000015536,7
2,1,burst,669,0.10591699999986304,7
2,1,burst,670,0.1029580000003989,7
2,1,burst,671,0.10170800000014424,7
2,1,burst,672,0.1010839999999007,7
2,1,burst,673,0.10529200000019046,7
2,1,burst,674,0.1017920000003869,7
2,1,burst,675,0.10166599999956816,7
2,1,burst,676,0.1054999999996653,7
2,1,burst,677,0.10462500000085129,7
2,1,burst,678,0.10083399999984977,7
2,1,burst,679,0.1023750000003929,7
2,1,burst,680,0.10166600000047765,7
2,1,burst,681,0.10808300000007875,7
2,1,burst,682,0.10062500000003638,7
2,1,burst,683,0.10004200000003038,7
2,1,burst,684,0.10695800000030431,7
2,1,burst,685,0.10508300000037707,7
2,1,burst,686,0.10154099999999744,7
2,1,burst,687,0.10341599999992468,7
2,1,burst,688,0.10287499999958527,7
2,1,burst,689,0.10574999999971624,7
2,1,burst,690,0.10191700000086712,7
2,1,burst,691,0.10174999999981083,7
2,1,burst,692,0.10325000000011642,7
2,1,burst,693,0.10679200000049605,7
2,1,burst,694,0.10133399999995163,7
2,1,burst,695,0.10154200000033597,7
2,1,burst,696,0.10229200000048877,7
2,1,burst,697,0.10266700000011042,7
2,1,burst,698,0.10208299999976589,7
2,1,burst,699,0.10141700000076526,7
2,1,burst,700,0.10679199999958655,7
2,1,burst,701,0.10412499999983993,7
2,1,burst,702,0.10241599999972095,7
2,1,burst,703,0.10316700000021228,7
2,1,burst,704,0.1017920000003869,7
2,1,burst,705,0.10441699999955745,7
2,1,burst,706,0.10083399999984977,7
2,1,burst,707,0.1022080000002461,7
2,1,burst,708,0.10329100000035396,7
2,1,burst,709,0.1031249999996362,7
2,1,burst,710,0.1035409999994954,7
2,1,burst,711,0.10224999999991269,7
2,1,burst,712,0.10708299999987503,7
2,1,burst,713,0.10766599999988102,7
2,1,burst,714,0.10025000000041473,7
2,1,burst,715,0.10179199999947741,7
2,1,burst,716,0.10358400000041001,7
2,1,burst,717,0.10604199999943376,7
2,1,burst,718,0.1025420000005397,7
2,1,burst,719,0.10087500000008731,7
2,1,burst,720,0.10479200000008859,7
2,1,burst,721,0.1023750000003929,7
2,1,burst,722,0.10199999999986176,7
2,1,burst,723,0.10216700000000856,7
2,1,burst,724,0.10387500000069849,7
2,1,burst,725,0.10316700000021228,7
2,1,burst,726,0.10191599999961909,7
2,1,burst,727,0.10133300000052259,7
2,1,burst,728,0.10504099999980099,7
2,1,burst,729,0.10200000000077125,7
2,1,burst,730,0.1040419999999358,7
2,1,burst,731,0.10187500000029104,7
2,1,burst,732,0.10462499999994179,7
2,1,burst,733,0.10245800000029703,7
2,1,burst,734,0.10050000000046566,7
2,1,burst,735,0.10174999999981083,7
2,1,burst,736,0.10758299999997689,7
2,1,burst,737,0.10216599999967002,7
2,1,burst,738,0.10141600000042672,7
2,1,burst,739,0.10354199999983393,7
2,1,burst,740,0.10483300000032614,7
2,1,burst,741,0.1054999999996653,7
2,1,burst,742,0.10179199999947741,7
2,1,burst,743,0.10170800000014424,7
2,1,burst,744,0.10324999999920692,7
2,1,burst,745,0.10129099999994651,7
2,1,burst,746,0.10245800000029703,7
2,1,burst,747,0.10345800000050076,7
2,1,burst,748,0.10558399999990797,7
2,1,burst,749,0.09970799999973678,7
2,1,burst,750,0.10275000000001455,7
2,1,burst,751,0.10824999999931606,7
2,1,burst,752,0.10512500000004366,7
2,1,burst,753,0.10099999999965803,7
2,1,burst,754,0.1056669999998121,7
2,1,burst,755,0.10354200000074343,7
2,1,burst,756,0.10633299999972223,7
2,1,burst,757,0.10112499999922875,7
2,1,burst,758,0.10283299999991868,7
2,1,burst,759,0.1078750000006039,7
2,1,burst,760,0.10679199999958655,7
2,1,burst,761,0.10158300000057352,7
2,1,burst,762,0.10020799999983865,7
2,1,burst,763,0.10375000000021828,7
2,1,burst,764,0.10404100000050676,7
2,1,burst,765,0.10195800000019517,7
2,1,burst,766,0.10516700000061974,7
2,1,burst,767,0.10379199999988487,7
2,1,burst,768,0.10191599999961909,7
2,1,burst,769,0.10095799999999144,7
2,1,burst,770,0.10825000000022555,7
2,1,burst,771,0.10912499999994907,7
2,1,burst,772,0.10195800000019517,7
2,1,burst,773,0.10104099999989558,7
2,1,burst,774,0.11454199999934644,7
2,1,burst,775,0.10324999999920692,7
2,1,burst,776,0.10429199999998673,7
2,1,burst,777,0.10095899999942048,7
2,1,burst,778,0.10212500000034197,7
2,1,burst,779,0.1062500000007276,7
2,1,burst,780,0.10070900000027905,7
2,1,burst,781,0.10237499999948341,7
2,1,burst,782,0.10262500000044383,7
2,1,burst,783,0.1040419999999358,7
2,1,burst,784,0.10416600000007747,7
2,1,burst,785,0.10325000000011642,7
2,1,burst,786,0.1049170000005688,7
2,1,burst,787,0.10579200000029232,7
2,1,burst,788,0.10737500000050204,7
2,1,burst,789,0.10779199999979028,7
2,1,burst,790,0.10420800000065356,7
2,1,burst,791,0.10900000000037835,7
2,1,burst,792,0.10562500000014552,7
2,1,burst,793,0.10462499999994179,7
2,1,burst,794,0.10325000000011642,7
2,1,burst,795,0.10587500000019645,7
2,1,burst,796,0.10449999999946158,7
2,1,burst,797,0.10245900000063557,7
2,1,burst,798,0.10474999999951251,7
2,1,burst,799,0.10866700000042329,7
2,1,burst,800,0.1055000000005748,7
2,1,burst,801,0.10449999999946158,7
2,1,burst,802,0.10479099999975006,7
2,1,burst,803,0.10833300000012969,7
2,1,burst,804,0.10454200000003766,7
2,1,burst,805,0.10437499999989086,7
2,1,burst,806,0.10316599999987375,7
2,1,burst,807,0.10662500000034925,7
2,1,burst,808,0.10191699999995762,7
2,1,burst,809,0.1035409999994954,7
2,1,burst,810,0.10304199999973207,7
2,1,burst,811,0.10670899999968242,7
2,1,burst,812,0.10558299999956944,7
2,1,burst,813,0.10341599999992468,7
2,1,burst,814,0.10454099999969912,7
2,1,burst,815,0.10275000000001455,7
2,1,burst,816,0.10383299999921292,7
2,1,burst,817,0.13249999999970896,7
2,1,burst,818,0.11845900000025722,7
2,1,burst,819,0.11712500000066939,7
2,1,burst,820,0.11808300000029703,7
2,1,burst,821,0.11912500000016735,7
2,1,burst,822,0.10249999999996362,7
2,1,burst,823,0.1126670000003287,7
2,1,burst,824,0.11024999999972351,7
2,1,burst,825,0.11887500000011642,7
2,1,burst,826,0.11024999999972351,7
2,1,burst,827,0.11204100000031758,7
2,1,burst,828,0.12133300000004965,7
2,1,burst,829,0.11999999999989086,7
2,1,burst,830,0.1065840000001117,7
2,1,burst,831,0.11283300000013696,7
2,1,burst,832,0.11962499999935972,7
2,1,burst,833,0.1163749999996071,7
2,1,burst,834,0.10616699999991397,7
2,1,burst,835,0.11149999999997817,7
2,1,burst,836,0.11350000000038563,7
2,1,burst,837,0.11912500000016735,7
2,1,burst,838,0.108791999999994,7
2,1,burst,839,0.11079200000040146,7
2,1,burst,840,0.11099999999987631,7
2,1,burst,841,0.13304100000004837,7
2,1,burst,842,0.10604100000000471,7
2,1,burst,843,0.11479099999996834,7
2,1,burst,844,0.11004200000024866,7
2,1,burst,845,0.1382499999999709,7
2,1,burst,846,0.11204200000065612,7
2,1,burst,847,0.11345900000014808,7
2,1,burst,848,0.11245899999994435,7
2,1,burst,849,0.11541699999997945,7
2,1,burst,850,0.11229100000036851,7
2,1,burst,851,0.10420800000065356,7
2,1,burst,852,0.1211249999996653,7
2,1,burst,853,0.10500000000047294,7
2,1,burst,854,0.1163749999996071,7
2,1,burst,855,0.10816699999941193,7
2,1,burst,856,3.7850420000004306,7
2,1,burst,857,96.08562500000062,7
2,1,burst,858,0.3578749999996944,7
2,1,burst,859,0.16658400000051188,7
2,1,burst,860,0.161457999999584,7
2,1,burst,861,0.13208300000042072,7
2,1,burst,862,0.16849999999976717,7
2,1,burst,863,0.1329169999999067,7
2,1,burst,864,0.15783300000020972,7
2,1,burst,865,0.13741600000048493,7
2,1,burst,866,0.30529200000000856,7
2,1,burst,867,0.16991699999925913,7
2,1,burst,868,0.15212499999961437,7
2,1,burst,869,0.1295829999999114,7
2,1,burst,870,0.18483300000025338,7
2,1,burst,871,0.1685829999996713,7
2,1,burst,872,0.33533299999999144,7
2,1,burst,873,0.1351250000006985,7
2,1,burst,874,0.13462500000059663,7
2,1,burst,875,0.15750000000025466,7
2,1,burst,876,0.15212500000052387,7
2,1,burst,877,0.19308300000011513,7
2,1,burst,878,0.1808340000006865,7
2,1,burst,879,0.12912500000038563,7
2,1,burst,880,0.1339590000006865,7
2,1,burst,881,0.11795900000015536,7
2,1,burst,882,0.12454199999956472,7
2,1,burst,883,0.12399999999979627,7
2,1,burst,884,0.11745799999971496,7
2,1,burst,885,0.12045899999975518,7
2,1,burst,886,0.1150420000003578,7
2,1,burst,887,0.11899999999968713,7
2,1,burst,888,0.11262500000066211,7
2,1,burst,889,0.10966699999971752,7
2,1,burst,890,0.12637499999982538,7
2,1,burst,891,0.11958299999969313,7
2,1,burst,892,0.12666600000011385,7
2,1,burst,893,0.11437500000010914,7
2,1,burst,894,0.11708400000043184,7
2,1,burst,895,0.11650000000008731,7
2,1,burst,896,0.11974999999983993,7
2,1,burst,897,0.11529199999949924,7
2,1,burst,898,0.11208299999998417,7
2,1,burst,899,0.11970800000017334,7
2,1,burst,900,0.11587500000041473,7
2,1,burst,901,0.11533400000007532,7
2,1,burst,902,0.1110419999995429,7
2,1,burst,903,0.120958000000428,7
2,1,burst,904,0.11183299999993324,7
2,1,burst,905,0.11070800000015879,7
2,1,burst,906,0.10800000000017462,7
2,1,burst,907,0.12016700000003766,7
2,1,burst,908,0.11483399999997346,7
2,1,burst,909,0.11066699999992125,7
2,1,burst,910,0.1382499999999709,7
2,1,burst,911,0.12299999999959255,7
2,1,burst,912,0.11899999999968713,7
2,1,burst,913,0.11691700000028504,7
2,1,burst,914,0.11254100000041944,7
2,1,burst,915,0.11958299999969313,7
2,1,burst,916,0.12179199999991397,7
2,1,burst,917,0.11204199999974662,7
2,1,burst,918,0.12191699999948469,7
2,1,burst,919,0.11391600000024482,7
2,1,burst,920,0.11133299999983137,7
2,1,burst,921,0.11775000000034197,7
2,1,burst,922,0.11379200000010314,7
2,1,burst,923,0.1126670000003287,7
2,1,burst,924,0.10770899999988615,7
2,1,burst,925,0.11604200000056153,7
2,1,burst,926,0.1334999999999127,7
2,1,burst,927,50.31170899999961,7
2,1,burst,928,0.17633400000067923,7
2,1,burst,929,0.1350830000001224,7
2,1,burst,930,0.12929199999962293,7
2,1,burst,931,0.12833299999965675,7
2,1,burst,932,0.12729200000012497,7
2,1,burst,933,0.2767499999999927,7
2,1,burst,934,0.13716699999986304,7
2,1,burst,935,0.12950000000000728,7
2,1,burst,936,0.12770799999998417,7
2,1,burst,937,0.13100000000031287,7
2,1,burst,938,0.12654100000054314,7
2,1,burst,939,0.1492500000003929,7
2,1,burst,940,0.12420899999960966,7
2,1,burst,941,0.2189170000001468,7
2,1,burst,942,0.12820900000042457,7
2,1,burst,943,0.12550000000010186,7
2,1,burst,944,0.11883300000044983,7
2,1,burst,945,0.11287499999980355,7
2,1,burst,946,0.1084579999997004,7
2,1,burst,947,0.11166600000069593,7
2,1,burst,948,0.10916699999961565,7
2,1,burst,949,0.10466700000051787,7
2,1,burst,950,0.10645899999963149,7
2,1,burst,951,0.109375,7
2,1,burst,952,0.10745899999983521,7
2,1,burst,953,0.10458400000061374,7
2,1,burst,954,0.10708299999987503,7
2,1,burst,955,0.10658299999977316,7
2,1,burst,956,0.13712500000019645,7
2,1,burst,957,0.110833000000639,7
2,1,burst,958,0.10962500000005093,7
2,1,burst,959,0.10745800000040617,7
2,1,burst,960,0.109375,7
2,1,burst,961,0.10420799999974406,7
2,1,burst,962,0.10241599999972095,7
2,1,burst,963,0.10854099999960454,7
2,1,burst,964,0.1031249999996362,7
2,1,burst,965,0.10366700000031415,7
2,1,burst,966,0.10679199999958655,7
2,1,burst,967,0.10262500000044383,7
2,1,burst,968,0.10395800000060262,7
2,1,burst,969,0.10170800000014424,7
2,1,burst,970,0.10587500000019645,7
2,1,burst,971,0.10349999999925785,7
2,1,burst,972,0.10462499999994179,7
2,1,burst,973,0.10254100000020117,7
2,1,burst,974,0.11637500000051659,7
2,1,burst,975,0.10674999999991996,7
2,1,burst,976,0.10916600000018661,7
2,1,burst,977,0.10574999999971624,7
2,1,burst,978,0.10629200000039418,7
2,1,burst,979,0.10424999999941065,7
2,1,burst,980,0.10750000000007276,7
2,1,burst,981,0.10429199999998673,7
2,1,burst,982,0.10537500000009459,7
2,1,burst,983,0.103874999999789,7
2,1,burst,984,0.10412500000074942,7
2,1,burst,985,0.10750000000007276,7
2,1,burst,986,0.10541699999976117,7
2,1,burst,987,0.10279200000059063,7
2,1,burst,988,0.10495799999989686,7
2,1,burst,989,0.10316700000021228,7
2,1,burst,990,0.10579200000029232,7
2,1,burst,991,0.1040419999999358,7
2,1,burst,992,0.11229199999979755,7
2,1,burst,993,0.1016250000002401,7
2,1,burst,994,0.1069999999999709,7
2,1,burst,995,0.104750000000422,7
2,1,burst,996,0.10408400000051188,7
2,1,burst,997,0.10208299999976589,7
2,1,burst,998,0.10487499999999272,7
2,1,burst,999,0.103874999999789,7
2,2,idle,0,0.0017920000000231084,0
2,2,idle,1,0.0019170000005033216,0
2,2,idle,2,0.003374999999323336,0
2,2,idle,3,0.001916999999593827,0
2,2,idle,4,0.0017920000000231084,0
2,2,idle,5,0.001750000000356522,0
2,2,idle,6,0.0018749999999272404,0
2,2,idle,7,0.0023330000003625173,0
2,2,idle,8,0.002666999999746622,0
2,2,idle,9,0.002124999999978172,0
2,2,idle,10,0.0018749999999272404,0
2,2,idle,11,0.0019170000005033216,0
2,2,idle,12,0.0025420000001759036,0
2,2,idle,13,0.0019589999992604135,0
2,2,idle,14,0.0018750000008367351,0
2,2,idle,15,0.0017909999996845727,0
2,2,idle,16,0.001916999999593827,0
2,2,idle,17,0.0026250000000800355,0
2,2,idle,18,0.0017910000005940674,0
2,2,idle,19,0.001833000000260654,0
2,2,idle,20,0.0019579999998313724,0
2,2,idle,21,0.001833000000260654,0
2,2,idle,22,0.001959000000169908,0
2,2,idle,23,0.0024999999995998223,0
2,2,idle,24,0.0019579999998313724,0
2,2,idle,25,0.0017090000001189765,0
2,2,idle,26,0.001916999999593827,0
2,2,idle,27,0.0018749999999272404,0
2,2,idle,28,0.002290999999786436,0
2,2,idle,29,0.001833000000260654,0
2,2,idle,30,0.0017499999994470272,0
2,2,idle,31,0.0017499999994470272,0
2,2,idle,32,0.0017909999996845727,0
2,2,idle,33,0.0031659999995099497,0
2,2,idle,34,0.0019579999998313724,0
2,2,idle,35,0.0019579999998313724,0
2,2,idle,36,0.001916999999593827,0
2,2,idle,37,0.0017920000000231084,0
2,2,idle,38,0.0022500000004583853,0
2,2,idle,39,0.001833000000260654,0
2,2,idle,40,0.0027079999999841675,0
2,2,idle,41,0.0019160000001647859,0
2,2,idle,42,0.001833000000260654,0
2,2,idle,43,0.0018750000008367351,0
2,2,idle,44,0.002417000000605185,0
2,2,idle,45,0.0024160000002666493,0
2,2,idle,46,0.0017910000005940674,0
2,2,idle,47,0.0019170000005033216,0
2,2,idle,48,0.0018340000005991897,0
2,2,idle,49,0.002375000000029104,0
2,2,idle,50,0.0027090000003227033,0
2,2,idle,51,0.0017920000000231084,0
2,2,idle,52,0.001999999999497959,0
2,2,idle,53,0.0017499999994470272,0
2,2,idle,54,0.002375000000029104,0
2,2,idle,55,0.0018749999999272404,0
2,2,idle,56,0.001959000000169908,0
2,2,idle,57,0.001750000000356522,0
2,2,idle,58,0.0016660000001138542,0
2,2,idle,59,0.003042000000277767,0
2,2,idle,60,0.001959000000169908,0
2,2,idle,61,0.0018749999999272404,0
2,2,idle,62,0.0017920000000231084,0
2,2,idle,63,0.0017920000000231084,0
2,2,idle,64,0.002791000000797794,0
2,2,idle,65,0.0022499999995488906,0
2,2,idle,66,0.002125000000887667,0
2,2,idle,67,0.0018749999999272404,0
2,2,idle,68,0.0025410000007468625,0
2,2,idle,69,0.0017079999997804407,0
2,2,idle,70,0.0022499999995488906,0
2,2,idle,71,0.0027909999998882995,0
2,2,idle,72,0.0019170000005033216,0
2,2,idle,73,0.0018750000008367351,0
2,2,idle,74,0.0019160000001647859,0
2,2,idle,75,0.0022500000004583853,0
2,2,idle,76,0.002124999999978172,0
2,2,idle,77,0.0019170000005033216,0
2,2,idle,78,0.003666999999950349,0
2,2,idle,79,0.001833999999689695,0
2,2,idle,80,0.001750000000356522,0
2,2,idle,81,0.0024999999995998223,0
2,2,idle,82,0.0018340000005991897,0
2,2,idle,83,0.0018749999999272404,0
2,2,idle,84,0.001833000000260654,0
2,2,idle,85,0.0019170000005033216,0
2,2,idle,86,0.002457999999933236,0
2,2,idle,87,0.0017920000000231084,0
2,2,idle,88,0.001958000000740867,0
2,2,idle,89,0.001750000000356522,0
2,2,idle,90,0.0017920000000231084,0
2,2,idle,91,0.0022499999995488906,0
2,2,idle,92,0.0017920000000231084,0
2,2,idle,93,0.0017920000000231084,0
2,2,idle,94,0.0019160000001647859,0
2,2,idle,95,0.002291999999215477,0
2,2,idle,96,0.002375000000029104,0
2,2,idle,97,0.0017920000000231084,0
2,2,idle,98,0.0021669999996447586,0
2,2,idle,99,0.001999999999497959,0
2,2,idle,100,0.001750000000356522,0
2,2,idle,101,0.0021669999996447586,0
2,2,idle,102,0.0022500000004583853,0
2,2,idle,103,0.0025420000001759036,0
2,2,idle,104,0.0017909999996845727,0
2,2,idle,105,0.0019579999998313724,0
2,2,idle,106,0.0018749999999272404,0
2,2,idle,107,0.003040999999939231,0
2,2,idle,108,0.0018749999999272404,0
2,2,idle,109,0.0017909999996845727,0
2,2,idle,110,0.0018329999993511592,0
2,2,idle,111,0.0017499999994470272,0
2,2,idle,112,0.002208999999311345,0
2,2,idle,113,0.0017920000000231084,0
2,2,idle,114,0.00166700000045239,0
2,2,idle,115,0.0017499999994470272,0
2,2,idle,116,0.0017499999994470272,0
2,2,idle,117,0.002292000000124972,0
2,2,idle,118,0.0019159999992552912,0
2,2,idle,119,0.0017920000000231084,0
2,2,idle,120,0.001750000000356522,0
2,2,idle,121,0.002375000000029104,0
2,2,idle,122,0.0017920000000231084,0
2,2,idle,123,0.002292000000124972,0
2,2,idle,124,0.001750000000356522,0
2,2,idle,125,0.0017090000001189765,0
2,2,idle,126,0.0024169999996956903,0
2,2,idle,127,0.0017909999996845727,0
2,2,idle,128,0.0022499999995488906,0
2,2,idle,129,0.001916999999593827,0
2,2,idle,130,0.0018749999999272404,0
2,2,idle,131,0.0018750000008367351,0
2,2,idle,132,0.001750000000356522,0
2,2,idle,133,0.002292000000124972,0
2,2,idle,134,0.002375000000029104,0
2,2,idle,135,0.0019160000001647859,0
2,2,idle,136,0.0017909999996845727,0
2,2,idle,137,0.001833000000260654,0
2,2,idle,138,0.0022500000004583853,0
2,2,idle,139,0.0018340000005991897,0
2,2,idle,140,0.0017499999994470272,0
2,2,idle,141,0.0017909999996845727,0
2,2,idle,142,0.008374999999432475,0
2,2,idle,143,0.003042000000277767,0
2,2,idle,144,0.002540999999837368,0
2,2,idle,145,0.0017920000000231084,0
2,2,idle,146,0.001833000000260654,0
2,2,idle,147,0.0017910000005940674,0
2,2,idle,148,0.0017079999997804407,0
2,2,idle,149,0.0024160000002666493,0
2,2,idle,150,0.002041000000644999,0
2,2,idle,151,0.001750000000356522,0
2,2,idle,152,0.0018749999999272404,0
2,2,idle,153,0.0017499999994470272,0
2,2,idle,154,0.0022500000004583853,0
2,2,idle,155,0.0018340000005991897,0
2,2,idle,156,0.0017919999991136137,0
2,2,idle,157,0.0025829999995039543,0
2,2,idle,158,0.0017090000001189765,0
2,2,idle,159,0.0022500000004583853,0
2,2,idle,160,0.00258399999984249,0
2,2,idle,161,0.001958000000740867,0
2,2,idle,162,0.0017910000005940674,0
2,2,idle,163,0.0017080000006899354,0
2,2,idle,164,0.0017499999994470272,0
2,2,idle,165,0.0028330000004643807,0
2,2,idle,166,0.00258399999984249,0
2,2,idle,167,0.0018749999999272404,0
2,2,idle,168,0.0017910000005940674,0
2,2,idle,169,0.0018750000008367351,0
2,2,idle,170,0.0023339999997915584,0
2,2,idle,171,0.0018749999999272404,0
2,2,idle,172,0.002583000000413449,0
2,2,idle,173,0.0017499999994470272,0
2,2,idle,174,0.0018329999993511592,0
2,2,idle,175,0.0021660000002157176,0
2,2,idle,176,0.0017079999997804407,0
2,2,idle,177,0.0017910000005940674,0
2,2,idle,178,0.0016660000001138542,0
2,2,idle,179,0.0017909999996845727,0
2,2,idle,180,0.001833000000260654,0
2,2,idle,181,0.002457999999933236,0
2,2,idle,182,0.0019579999998313724,0
2,2,idle,183,0.0017090000001189765,0
2,2,idle,184,0.002124999999978172,0
2,2,idle,185,0.0017920000000231084,0
2,2,idle,186,0.0024160000002666493,0
2,2,idle,187,0.0024999999995998223,0
2,2,idle,188,0.002292000000124972,0
2,2,idle,189,0.001833000000260654,0
2,2,idle,190,0.001833000000260654,0
2,2,idle,191,0.0027079999999841675,0
2,2,idle,192,0.001959000000169908,0
2,2,idle,193,0.0018329999993511592,0
2,2,idle,194,0.001833000000260654,0
2,2,idle,195,0.0020000000004074536,0
2,2,idle,196,0.0024999999995998223,0
2,2,idle,197,0.002457999999933236,0
2,2,idle,198,0.0018749999999272404,0
2,2,idle,199,0.001750000000356522,0
2,2,idle,200,0.0017499999994470272,0
2,2,idle,201,0.0017499999994470272,0
2,2,idle,202,0.0022500000004583853,0
2,2,idle,203,0.002375000000029104,0
2,2,idle,204,0.0018329999993511592,0
2,2,idle,205,0.001959000000169908,0
2,2,idle,206,0.0017499999994470272,0
2,2,idle,207,0.0022500000004583853,0
2,2,idle,208,0.0017920000000231084,0
2,2,idle,209,0.0018749999999272404,0
2,2,idle,210,0.0022499999995488906,0
2,2,idle,211,0.001833000000260654,0
2,2,idle,212,0.0022499999995488906,0
2,2,idle,213,0.0019170000005033216,0
2,2,idle,214,0.0017090000001189765,0
2,2,idle,215,0.0017499999994470272,0
2,2,idle,216,0.0016660000001138542,0
2,2,idle,217,0.002207999999882304,0
2,2,idle,218,0.0017909999996845727,0
2,2,idle,219,0.0017079999997804407,0
2,2,idle,220,0.001750000000356522,0
2,2,idle,221,0.001833000000260654,0
2,2,idle,222,0.0017079999997804407,0
2,2,idle,223,0.0028750000001309672,0
2,2,idle,224,0.001916999999593827,0
2,2,idle,225,0.001750000000356522,0
2,2,idle,226,0.002082999999402091,0
2,2,idle,227,0.0017920000000231084,0
2,2,idle,228,0.0023329999994530226,0
2,2,idle,229,0.0024169999996956903,0
2,2,idle,230,0.0017090000001189765,0
2,2,idle,231,0.0017079999997804407,0
2,2,idle,232,0.0017499999994470272,0
2,2,idle,233,0.002292000000124972,0
2,2,idle,234,0.001833000000260654,0
2,2,idle,235,0.00166700000045239,0
2,2,idle,236,0.0016669999995428952,0
2,2,idle,237,0.0017499999994470272,0
2,2,idle,238,0.002290999999786436,0
2,2,idle,239,0.0017499999994470272,0
2,2,idle,240,0.0017499999994470272,0
2,2,idle,241,0.0017090000001189765,0
2,2,idle,242,0.001833999999689695,0
2,2,idle,243,0.0017920000000231084,0
2,2,idle,244,0.002292000000124972,0
2,2,idle,245,0.001750000000356522,0
2,2,idle,246,0.0017920000000231084,0
2,2,idle,247,0.0017079999997804407,0
2,2,idle,248,0.0017079999997804407,0
2,2,idle,249,0.002292000000124972,0
2,2,idle,250,0.001750000000356522,0
2,2,idle,251,0.001750000000356522,0
2,2,idle,252,0.0016669999995428952,0
2,2,idle,253,0.0018749999999272404,0
2,2,idle,254,0.0021669999996447586,0
2,2,idle,255,0.001959000000169908,0
2,2,idle,256,0.0019170000005033216,0
2,2,idle,257,0.0018749999999272404,0
2,2,idle,258,0.0017920000000231084,0
2,2,idle,259,0.002292000000124972,0
2,2,idle,260,0.002583000000413449,0
2,2,idle,261,0.0020830000003115856,0
2,2,idle,262,0.001750000000356522,0
2,2,idle,263,0.0017499999994470272,0
2,2,idle,264,0.0022500000004583853,0
2,2,idle,265,0.0028330000004643807,0
2,2,idle,266,0.0017910000005940674,0
2,2,idle,267,0.0017079999997804407,0
2,2,idle,268,0.0019579999998313724,0
2,2,idle,269,0.0017090000001189765,0
2,2,idle,270,0.0021669999996447586,0
2,2,idle,271,0.0024999999995998223,0
2,2,idle,272,0.001833000000260654,0
2,2,idle,273,0.001833000000260654,0
2,2,idle,274,0.0018329999993511592,0
2,2,idle,275,0.002207999999882304,0
2,2,idle,276,0.0018749999999272404,0
2,2,idle,277,0.002124999999978172,0
2,2,idle,278,0.0017499999994470272,0
2,2,idle,279,0.0017920000000231084,0
2,2,idle,280,0.0018340000005991897,0
2,2,idle,281,0.0022500000004583853,0
2,2,idle,282,0.0026659999994080863,0
2,2,idle,283,0.001833000000260654,0
2,2,idle,284,0.001833999999689695,0
2,2,idle,285,0.001833999999689695,0
2,2,idle,286,0.0022499999995488906,0
2,2,idle,287,0.002082999999402091,0
2,2,idle,288,0.0018749999999272404,0
2,2,idle,289,0.0017920000000231084,0
2,2,idle,290,0.0017080000006899354,0
2,2,idle,291,0.002375000000029104,0
2,2,idle,292,0.002375000000029104,0
2,2,idle,293,0.001750000000356522,0
2,2,idle,294,0.0019160000001647859,0
2,2,idle,295,0.001750000000356522,0
2,2,idle,296,0.002292000000124972,0
2,2,idle,297,0.0054579999996349216,0
2,2,idle,298,0.001833000000260654,0
2,2,idle,299,0.0018749999999272404,0
2,2,idle,300,0.0017920000000231084,0
2,2,idle,301,0.0018340000005991897,0
2,2,idle,302,0.0026670000006561168,0
2,2,idle,303,0.0017909999996845727,0
2,2,idle,304,0.0018749999999272404,0
2,2,idle,305,0.001750000000356522,0
2,2,idle,306,0.0017499999994470272,0
2,2,idle,307,0.002291999999215477,0
2,2,idle,308,0.0017499999994470272,0
2,2,idle,309,0.0017919999991136137,0
2,2,idle,310,0.0023339999997915584,0
2,2,idle,311,0.001750000000356522,0
2,2,idle,312,0.0022500000004583853,0
2,2,idle,313,0.001959000000169908,0
2,2,idle,314,0.0017090000001189765,0
2,2,idle,315,0.0017920000000231084,0
2,2,idle,316,0.0016660000001138542,0
2,2,idle,317,0.0023329999994530226,0
2,2,idle,318,0.0017499999994470272,0
2,2,idle,319,0.0024169999996956903,0
2,2,idle,320,0.0018749999999272404,0
2,2,idle,321,0.0017920000000231084,0
2,2,idle,322,0.0018340000005991897,0
2,2,idle,323,0.0034590000004754984,0
2,2,idle,324,0.0017920000000231084,0
2,2,idle,325,0.002290999999786436,0
2,2,idle,326,0.0017499999994470272,0
2,2,idle,327,0.003125000000181899,0
2,2,idle,328,0.0025420000001759036,0
2,2,idle,329,0.0017920000000231084,0
2,2,idle,330,0.0018749999999272404,0
2,2,idle,331,0.0017909999996845727,0
2,2,idle,332,0.0018749999999272404,0
2,2,idle,333,0.0022499999995488906,0
2,2,idle,334,0.001916999999593827,0
2,2,idle,335,0.001833999999689695,0
2,2,idle,336,0.001833999999689695,0
2,2,idle,337,0.001750000000356522,0
2,2,idle,338,0.0022499999995488906,0
2,2,idle,339,0.0020000000004074536,0
2,2,idle,340,0.0027500000005602487,0
2,2,idle,341,0.001750000000356522,0
2,2,idle,342,0.001916999999593827,0
2,2,idle,343,0.0020839999997406267,0
2,2,idle,344,0.0030000000006111804,0
2,2,idle,345,0.0020000000004074536,0
2,2,idle,346,0.0018750000008367351,0
2,2,idle,347,0.001916999999593827,0
2,2,idle,348,0.0020000000004074536,0
2,2,idle,349,0.002291000000695931,0
2,2,idle,350,0.0018749999999272404,0
2,2,idle,351,0.0018329999993511592,0
2,2,idle,352,0.002207999999882304,0
2,2,idle,353,0.001833000000260654,0
2,2,idle,354,0.00258399999984249,0
2,2,idle,355,0.002417000000605185,0
2,2,idle,356,0.0017920000000231084,0
2,2,idle,357,0.001750000000356522,0
2,2,idle,358,0.0018340000005991897,0
2,2,idle,359,0.0022500000004583853,0
2,2,idle,360,0.0020830000003115856,0
2,2,idle,361,0.0017909999996845727,0
2,2,idle,362,0.001833000000260654,0
2,2,idle,363,0.0020409999997355044,0
2,2,idle,364,0.001750000000356522,0
2,2,idle,365,0.0023339999997915584,0
2,2,idle,366,0.001959000000169908,0
2,2,idle,367,0.001959000000169908,0
2,2,idle,368,0.0018329999993511592,0
2,2,idle,369,0.001833000000260654,0
2,2,idle,370,0.0022499999995488906,0
2,2,idle,371,0.0019160000001647859,0
2,2,idle,372,0.0017079999997804407,0
2,2,idle,373,0.001833999999689695,0
2,2,idle,374,0.0017080000006899354,0
2,2,idle,375,0.002208000000791799,0
2,2,idle,376,0.0017920000000231084,0
2,2,idle,377,0.0016660000001138542,0
2,2,idle,378,0.0017079999997804407,0
2,2,idle,379,0.0017910000005940674,0
2,2,idle,380,0.0019160000001647859,0
2,2,idle,381,0.003040999999939231,0
2,2,idle,382,0.0018749999999272404,0
2,2,idle,383,0.001750000000356522,0
2,2,idle,384,0.0020409999997355044,0
2,2,idle,385,0.0018750000008367351,0
2,2,idle,386,0.0029580000000350992,0
2,2,idle,387,0.001833999999689695,0
2,2,idle,388,0.0018750000008367351,0
2,2,idle,389,0.002207999999882304,0
2,2,idle,390,0.0017920000000231084,0
2,2,idle,391,0.0023339999997915584,0
2,2,idle,392,0.001999999999497959,0
2,2,idle,393,0.0018749999999272404,0
2,2,idle,394,0.002207999999882304,0
2,2,idle,395,0.001750000000356522,0
2,2,idle,396,0.002375000000029104,0
2,2,idle,397,0.001750000000356522,0
2,2,idle,398,0.0026250000000800355,0
2,2,idle,399,0.001999999999497959,0
2,2,idle,400,0.00204200000007404,0
2,2,idle,401,0.0017920000000231084,0
2,2,idle,402,0.002375000000029104,0
2,2,idle,403,0.0017920000000231084,0
2,2,idle,404,0.001750000000356522,0
2,2,idle,405,0.0017079999997804407,0
2,2,idle,406,0.0017920000000231084,0
2,2,idle,407,0.0022500000004583853,0
2,2,idle,408,0.002457999999933236,0
2,2,idle,409,0.0017079999997804407,0
2,2,idle,410,0.0018749999999272404,0
2,2,idle,411,0.002082999999402091,0
2,2,idle,412,0.0023329999994530226,0
2,2,idle,413,0.0017920000000231084,0
2,2,idle,414,0.0018340000005991897,0
2,2,idle,415,0.001833000000260654,0
2,2,idle,416,0.0017910000005940674,0
2,2,idle,417,0.002207999999882304,0
2,2,idle,418,0.002540999999837368,0
2,2,idle,419,0.00204200000007404,0
2,2,idle,420,0.001750000000356522,0
2,2,idle,421,0.0017080000006899354,0
2,2,idle,422,0.001750000000356522,0
2,2,idle,423,0.002375000000029104,0
2,2,idle,424,0.0019160000001647859,0
2,2,idle,425,0.0017499999994470272,0
2,2,idle,426,0.0017090000001189765,0
2,2,idle,427,0.0017089999992094818,0
2,2,idle,428,0.0020839999997406267,0
2,2,idle,429,0.001750000000356522,0
2,2,idle,430,0.0017079999997804407,0
2,2,idle,431,0.0017499999994470272,0
2,2,idle,432,0.0017499999994470272,0
2,2,idle,433,0.0024160000002666493,0
2,2,idle,434,0.001833000000260654,0
2,2,idle,435,0.0017080000006899354,0
2,2,idle,436,0.0020839999997406267,0
2,2,idle,437,0.0017920000000231084,0
2,2,idle,438,0.0021670000005542533,0
2,2,idle,439,0.0017499999994470272,0
2,2,idle,440,0.0018340000005991897,0
2,2,idle,441,0.0017499999994470272,0
2,2,idle,442,0.0017499999994470272,0
2,2,idle,443,0.0017499999994470272,0
2,2,idle,444,0.00220900000022084,0
2,2,idle,445,0.002666999999746622,0
2,2,idle,446,0.001750000000356522,0
2,2,idle,447,0.0017910000005940674,0
2,2,idle,448,0.001750000000356522,0
2,2,idle,449,0.0029169999997975538,0
2,2,idle,450,0.001750000000356522,0
2,2,idle,451,0.002165999999306223,0
2,2,idle,452,0.0017920000000231084,0
2,2,idle,453,0.0017920000000231084,0
2,2,idle,454,0.002292000000124972,0
2,2,idle,455,0.0017909999996845727,0
2,2,idle,456,0.0017090000001189765,0
2,2,idle,457,0.0017920000000231084,0
2,2,idle,458,0.0018749999999272404,0
2,2,idle,459,0.0024169999996956903,0
2,2,idle,460,0.0017499999994470272,0
2,2,idle,461,0.0018749999999272404,0
2,2,idle,462,0.0017909999996845727,0
2,2,idle,463,0.0017499999994470272,0
2,2,idle,464,0.0018329999993511592,0
2,2,idle,465,0.0024160000002666493,0
2,2,idle,466,0.0017920000000231084,0
2,2,idle,467,0.0017089999992094818,0
2,2,idle,468,0.001750000000356522,0
2,2,idle,469,0.0017499999994470272,0
2,2,idle,470,0.002207999999882304,0
2,2,idle,471,0.0017909999996845727,0
2,2,idle,472,0.0016660000001138542,0
2,2,idle,473,0.0017079999997804407,0
2,2,idle,474,0.0017920000000231084,0
2,2,idle,475,0.0021670000005542533,0
2,2,idle,476,0.0017920000000231084,0
2,2,idle,477,0.0024160000002666493,0
2,2,idle,478,0.002292000000124972,0
2,2,idle,479,0.0017499999994470272,0
2,2,idle,480,0.0017079999997804407,0
2,2,idle,481,0.0029580000000350992,0
2,2,idle,482,0.0017909999996845727,0
2,2,idle,483,0.0017079999997804407,0
2,2,idle,484,0.0018749999999272404,0
2,2,idle,485,0.0017920000000231084,0
2,2,idle,486,0.002207999999882304,0
2,2,idle,487,0.001833000000260654,0
2,2,idle,488,0.0017920000000231084,0
2,2,idle,489,0.0018340000005991897,0
2,2,idle,490,0.0017920000000231084,0
2,2,idle,491,0.0026670000006561168,0
2,2,idle,492,0.0017909999996845727,0
2,2,idle,493,0.0017499999994470272,0
2,2,idle,494,0.001750000000356522,0
2,2,idle,495,0.001833000000260654,0
2,2,idle,496,0.0021660000002157176,0
2,2,idle,497,0.0018749999999272404,0
2,2,idle,498,0.0018340000005991897,0
2,2,idle,499,0.0017920000000231084,0
2,2,idle,500,0.001750000000356522,0
2,2,idle,501,0.0017920000000231084,0
2,2,idle,502,0.002124999999978172,0
2,2,idle,503,0.0018749999999272404,0
2,2,idle,504,0.001750000000356522,0
2,2,idle,505,0.0016669999995428952,0
2,2,idle,506,0.0017079999997804407,0
2,2,idle,507,0.0020830000003115856,0
2,2,idle,508,0.001750000000356522,0
2,2,idle,509,0.0019579999998313724,0
2,2,idle,510,0.001750000000356522,0
2,2,idle,511,0.0017090000001189765,0
2,2,idle,512,0.0029169999997975538,0
2,2,idle,513,0.0021669999996447586,0
2,2,idle,514,0.002375000000029104,0
2,2,idle,515,0.0017090000001189765,0
2,2,idle,516,0.0017079999997804407,0
2,2,idle,517,0.002124999999978172,0
2,2,idle,518,0.0017499999994470272,0
2,2,idle,519,0.001999999999497959,0
2,2,idle,520,0.001959000000169908,0
2,2,idle,521,0.0017080000006899354,0
2,2,idle,522,0.002375000000029104,0
2,2,idle,523,0.0023339999997915584,0
2,2,idle,524,0.0017920000000231084,0
2,2,idle,525,0.001958000000740867,0
2,2,idle,526,0.0017920000000231084,0
2,2,idle,527,0.0018749999999272404,0
2,2,idle,528,0.002375000000029104,0
2,2,idle,529,0.0018750000008367351,0
2,2,idle,530,0.0017920000000231084,0
2,2,idle,531,0.0017909999996845727,0
2,2,idle,532,0.001833000000260654,0
2,2,idle,533,0.002292000000124972,0
2,2,idle,534,0.001750000000356522,0
2,2,idle,535,0.001750000000356522,0
2,2,idle,536,0.0018749999999272404,0
2,2,idle,537,0.0017090000001189765,0
2,2,idle,538,0.002207999999882304,0
2,2,idle,539,0.0017499999994470272,0
2,2,idle,540,0.0018750000008367351,0
2,2,idle,541,0.001750000000356522,0
2,2,idle,542,0.0017089999992094818,0
2,2,idle,543,0.0017920000000231084,0
2,2,idle,544,0.0028749999992214725,0
2,2,idle,545,0.00220900000022084,0
2,2,idle,546,0.001750000000356522,0
2,2,idle,547,0.00204200000007404,0
2,2,idle,548,0.0017909999996845727,0
2,2,idle,549,0.0022499999995488906,0
2,2,idle,550,0.0018329999993511592,0
2,2,idle,551,0.002124999999978172,0
2,2,idle,552,0.001833000000260654,0
2,2,idle,553,0.0017910000005940674,0
2,2,idle,554,0.002292000000124972,0
2,2,idle,555,0.001833999999689695,0
2,2,idle,556,0.0017079999997804407,0
2,2,idle,557,0.0017909999996845727,0
2,2,idle,558,0.0018749999999272404,0
2,2,idle,559,0.0022499999995488906,0
2,2,idle,560,0.001916999999593827,0
2,2,idle,561,0.002292000000124972,0
2,2,idle,562,0.0017920000000231084,0
2,2,idle,563,0.0017920000000231084,0
2,2,idle,564,0.001833000000260654,0
2,2,idle,565,0.0023330000003625173,0
2,2,idle,566,0.001750000000356522,0
2,2,idle,567,0.0017920000000231084,0
2,2,idle,568,0.0018749999999272404,0
2,2,idle,569,0.001750000000356522,0
2,2,idle,570,0.0026670000006561168,0
2,2,idle,571,0.00204200000007404,0
2,2,idle,572,0.0025840000007519848,0
2,2,idle,573,0.0020840000006501214,0
2,2,idle,574,0.002292000000124972,0
2,2,idle,575,0.0034159999995608814,0
2,2,idle,576,0.0017920000000231084,0
2,2,idle,577,0.001959000000169908,0
2,2,idle,578,0.0017920000000231084,0
2,2,idle,579,0.0017499999994470272,0
2,2,idle,580,0.0017909999996845727,0
2,2,idle,581,0.0024169999996956903,0
2,2,idle,582,0.001750000000356522,0
2,2,idle,583,0.0017910000005940674,0
2,2,idle,584,0.0017079999997804407,0
2,2,idle,585,0.001750000000356522,0
2,2,idle,586,0.0021669999996447586,0
2,2,idle,587,0.001916999999593827,0
2,2,idle,588,0.0017909999996845727,0
2,2,idle,589,0.0017920000000231084,0
2,2,idle,590,0.0017920000000231084,0
2,2,idle,591,0.002375000000029104,0
2,2,idle,592,0.001916999999593827,0
2,2,idle,593,0.0017499999994470272,0
2,2,idle,594,0.0017909999996845727,0
2,2,idle,595,0.0018329999993511592,0
2,2,idle,596,0.0023329999994530226,0
2,2,idle,597,0.0017079999997804407,0
2,2,idle,598,0.001750000000356522,0
2,2,idle,599,0.0017499999994470272,0
2,2,idle,600,0.0017080000006899354,0
2,2,idle,601,0.001833000000260654,0
2,2,idle,602,0.0026250000000800355,0
2,2,idle,603,0.0024999999995998223,0
2,2,idle,604,0.001833999999689695,0
2,2,idle,605,0.0018749999999272404,0
2,2,idle,606,0.0017909999996845727,0
2,2,idle,607,0.0027079999999841675,0
2,2,idle,608,0.0018340000005991897,0
2,2,idle,609,0.0018340000005991897,0
2,2,idle,610,0.001750000000356522,0
2,2,idle,611,0.0017499999994470272,0
2,2,idle,612,0.002749999999650754,0
2,2,idle,613,0.0017909999996845727,0
2,2,idle,614,0.0017079999997804407,0
2,2,idle,615,0.0017079999997804407,0
2,2,idle,616,0.001750000000356522,0
2,2,idle,617,0.002124999999978172,0
2,2,idle,618,0.0017920000000231084,0
2,2,idle,619,0.0017499999994470272,0
2,2,idle,620,0.001750000000356522,0
2,2,idle,621,0.001750000000356522,0
2,2,idle,622,0.0017920000000231084,0
2,2,idle,623,0.002292000000124972,0
2,2,idle,624,0.001750000000356522,0
2,2,idle,625,0.0017920000000231084,0
2,2,idle,626,0.0018340000005991897,0
2,2,idle,627,0.0018750000008367351,0
2,2,idle,628,0.002292000000124972,0
2,2,idle,629,0.001916999999593827,0
2,2,idle,630,0.001750000000356522,0
2,2,idle,631,0.0017909999996845727,0
2,2,idle,632,0.0017499999994470272,0
2,2,idle,633,0.00220900000022084,0
2,2,idle,634,0.001750000000356522,0
2,2,idle,635,0.0018749999999272404,0
2,2,idle,636,0.001833999999689695,0
2,2,idle,637,0.002375000000029104,0
2,2,idle,638,0.0029169999997975538,0
2,2,idle,639,0.0018749999999272404,0
2,2,idle,640,0.0017909999996845727,0
2,2,idle,641,0.0017920000000231084,0
2,2,idle,642,0.0017499999994470272,0
2,2,idle,643,0.0017499999994470272,0
2,2,idle,644,0.0022499999995488906,0
2,2,idle,645,0.002124999999978172,0
2,2,idle,646,0.0016660000001138542,0
2,2,idle,647,0.001833000000260654,0
2,2,idle,648,0.0019159999992552912,0
2,2,idle,649,0.0021669999996447586,0
2,2,idle,650,0.0017499999994470272,0
2,2,idle,651,0.001833000000260654,0
2,2,idle,652,0.0017920000000231084,0
2,2,idle,653,0.0017920000000231084,0
2,2,idle,654,0.0022499999995488906,0
2,2,idle,655,0.0020000000004074536,0
2,2,idle,656,0.0016659999992043595,0
2,2,idle,657,0.0016660000001138542,0
2,2,idle,658,0.0017920000000231084,0
2,2,idle,659,0.0023330000003625173,0
2,2,idle,660,0.0018749999999272404,0
2,2,idle,661,0.0017499999994470272,0
2,2,idle,662,0.0018340000005991897,0
2,2,idle,663,0.0016669999995428952,0
2,2,idle,664,0.00166700000045239,0
2,2,idle,665,0.0021669999996447586,0
2,2,idle,666,0.0018749999999272404,0
2,2,idle,667,0.0017499999994470272,0
2,2,idle,668,0.0017919999991136137,0
2,2,idle,669,0.0017499999994470272,0
2,2,idle,670,0.002832999999554886,0
2,2,idle,671,0.0018340000005991897,0
2,2,idle,672,0.00166700000045239,0
2,2,idle,673,0.001833999999689695,0
2,2,idle,674,0.0017090000001189765,0
2,2,idle,675,0.002375000000029104,0
2,2,idle,676,0.001750000000356522,0
2,2,idle,677,0.0017079999997804407,0
2,2,idle,678,0.0019160000001647859,0
2,2,idle,679,0.002125000000887667,0
2,2,idle,680,0.001750000000356522,0
2,2,idle,681,0.0023329999994530226,0
2,2,idle,682,0.0018749999999272404,0
2,2,idle,683,0.0027079999999841675,0
2,2,idle,684,0.001833000000260654,0
2,2,idle,685,0.0017920000000231084,0
2,2,idle,686,0.0022499999995488906,0
2,2,idle,687,0.0021669999996447586,0
2,2,idle,688,0.001750000000356522,0
2,2,idle,689,0.002375000000029104,0
2,2,idle,690,0.001833999999689695,0
2,2,idle,691,0.0023330000003625173,0
2,2,idle,692,0.0019170000005033216,0
2,2,idle,693,0.002291999999215477,0
2,2,idle,694,0.0017089999992094818,0
2,2,idle,695,0.0021670000005542533,0
2,2,idle,696,0.0021669999996447586,0
2,2,idle,697,0.001833000000260654,0
2,2,idle,698,0.0018749999999272404,0
2,2,idle,699,0.0024169999996956903,0
2,2,idle,700,0.0018329999993511592,0
2,2,idle,701,0.002375000000029104,0
2,2,idle,702,0.0023339999997915584,0
2,2,idle,703,0.0017920000000231084,0
2,2,idle,704,0.0018749999999272404,0
2,2,idle,705,0.0018749999999272404,0
2,2,idle,706,0.0017909999996845727,0
2,2,idle,707,0.002207999999882304,0
2,2,idle,708,0.0018750000008367351,0
2,2,idle,709,0.0017079999997804407,0
2,2,idle,710,0.0017499999994470272,0
2,2,idle,711,0.0017920000000231084,0
2,2,idle,712,0.0024159999993571546,0
2,2,idle,713,0.0017499999994470272,0
2,2,idle,714,0.0022500000004583853,0
2,2,idle,715,0.001750000000356522,0
2,2,idle,716,0.0017920000000231084,0
2,2,idle,717,0.0021669999996447586,0
2,2,idle,718,0.0018749999999272404,0
2,2,idle,719,0.0017089999992094818,0
2,2,idle,720,0.0017920000000231084,0
2,2,idle,721,0.0018329999993511592,0
2,2,idle,722,0.001959000000169908,0
2,2,idle,723,0.0024590000002717716,0
2,2,idle,724,0.0017920000000231084,0
2,2,idle,725,0.0017090000001189765,0
2,2,idle,726,0.0017080000006899354,0
2,2,idle,727,0.0017910000005940674,0
2,2,idle,728,0.0021669999996447586,0
2,2,idle,729,0.0021670000005542533,0
2,2,idle,730,0.0019579999998313724,0
2,2,idle,731,0.001959000000169908,0
2,2,idle,732,0.001833999999689695,0
2,2,idle,733,0.0026670000006561168,0
2,2,idle,734,0.0019579999998313724,0
2,2,idle,735,0.0017909999996845727,0
2,2,idle,736,0.0018749999999272404,0
2,2,idle,737,0.001750000000356522,0
2,2,idle,738,0.0021660000002157176,0
2,2,idle,739,0.0017910000005940674,0
2,2,idle,740,0.001750000000356522,0
2,2,idle,741,0.001833000000260654,0
2,2,idle,742,0.0017079999997804407,0
2,2,idle,743,0.001750000000356522,0
2,2,idle,744,0.002207999999882304,0
2,2,idle,745,0.0017920000000231084,0
2,2,idle,746,0.002292000000124972,0
2,2,idle,747,0.0024590000002717716,0
2,2,idle,748,0.0017920000000231084,0
2,2,idle,749,0.0021669999996447586,0
2,2,idle,750,0.0019160000001647859,0
2,2,idle,751,0.0019160000001647859,0
2,2,idle,752,0.001750000000356522,0
2,2,idle,753,0.0017920000000231084,0
2,2,idle,754,0.0021669999996447586,0
2,2,idle,755,0.001750000000356522,0
2,2,idle,756,0.0017909999996845727,0
2,2,idle,757,0.00166700000045239,0
2,2,idle,758,0.0017079999997804407,0
2,2,idle,759,0.002290999999786436,0
2,2,idle,760,0.0018329999993511592,0
2,2,idle,761,0.002666999999746622,0
2,2,idle,762,0.00166700000045239,0
2,2,idle,763,0.0017920000000231084,0
2,2,idle,764,0.0022500000004583853,0
2,2,idle,765,0.002124999999978172,0
2,2,idle,766,0.0019170000005033216,0
2,2,idle,767,0.0016669999995428952,0
2,2,idle,768,0.0017499999994470272,0
2,2,idle,769,0.001750000000356522,0
2,2,idle,770,0.0022500000004583853,0
2,2,idle,771,0.002124999999978172,0
2,2,idle,772,0.0017079999997804407,0
2,2,idle,773,0.0017909999996845727,0
2,2,idle,774,0.0017499999994470272,0
2,2,idle,775,0.00204200000007404,0
2,2,idle,776,0.0017090000001189765,0
2,2,idle,777,0.001833999999689695,0
2,2,idle,778,0.0017090000001189765,0
2,2,idle,779,0.001750000000356522,0
2,2,idle,780,0.0018749999999272404,0
2,2,idle,781,0.002334000000701053,0
2,2,idle,782,0.0017920000000231084,0
2,2,idle,783,0.0018340000005991897,0
2,2,idle,784,0.0018749999999272404,0
2,2,idle,785,0.0017910000005940674,0
2,2,idle,786,0.002124999999978172,0
2,2,idle,787,0.0018340000005991897,0
2,2,idle,788,0.001750000000356522,0
2,2,idle,789,0.0017080000006899354,0
2,2,idle,790,0.001833000000260654,0
2,2,idle,791,0.002207999999882304,0
2,2,idle,792,0.0017920000000231084,0
2,2,idle,793,0.001833999999689695,0
2,2,idle,794,0.0017920000000231084,0
2,2,idle,795,0.0017090000001189765,0
2,2,idle,796,0.0027079999999841675,0
2,2,idle,797,0.0018329999993511592,0
2,2,idle,798,0.0017079999997804407,0
2,2,idle,799,0.001750000000356522,0
2,2,idle,800,0.0017920000000231084,0
2,2,idle,801,0.0017079999997804407,0
2,2,idle,802,0.002207999999882304,0
2,2,idle,803,0.0017080000006899354,0
2,2,idle,804,0.0017920000000231084,0
2,2,idle,805,0.0023330000003625173,0
2,2,idle,806,0.0017499999994470272,0
2,2,idle,807,0.0022500000004583853,0
2,2,idle,808,0.0017079999997804407,0
2,2,idle,809,0.0017909999996845727,0
2,2,idle,810,0.0018329999993511592,0
2,2,idle,811,0.0018329999993511592,0
2,2,idle,812,0.0025829999995039543,0
2,2,idle,813,0.0025829999995039543,0
2,2,idle,814,0.001833999999689695,0
2,2,idle,815,0.0017920000000231084,0
2,2,idle,816,0.0017079999997804407,0
2,2,idle,817,0.0022500000004583853,0
2,2,idle,818,0.001750000000356522,0
2,2,idle,819,0.0016669999995428952,0
2,2,idle,820,0.0017909999996845727,0
2,2,idle,821,0.0023329999994530226,0
2,2,idle,822,0.0021670000005542533,0
2,2,idle,823,0.0028750000001309672,0
2,2,idle,824,0.0019579999998313724,0
2,2,idle,825,0.002832999999554886,0
2,2,idle,826,0.0017909999996845727,0
2,2,idle,827,0.002290999999786436,0
2,2,idle,828,0.002375000000029104,0
2,2,idle,829,0.0021670000005542533,0
2,2,idle,830,0.0017090000001189765,0
2,2,idle,831,0.0017079999997804407,0
2,2,idle,832,0.001833000000260654,0
2,2,idle,833,0.002207999999882304,0
2,2,idle,834,0.001750000000356522,0
2,2,idle,835,0.001833000000260654,0
2,2,idle,836,0.0018749999999272404,0
2,2,idle,837,0.0016250000007858034,0
2,2,idle,838,0.002666000000317581,0
2,2,idle,839,0.0017920000000231084,0
2,2,idle,840,0.0020830000003115856,0
2,2,idle,841,0.0018749999999272404,0
2,2,idle,842,0.0017920000000231084,0
2,2,idle,843,0.0017920000000231084,0
2,2,idle,844,0.0024999999995998223,0
2,2,idle,845,0.0017920000000231084,0
2,2,idle,846,0.0017090000001189765,0
2,2,idle,847,0.0017920000000231084,0
2,2,idle,848,0.001750000000356522,0
2,2,idle,849,0.0022499999995488906,0
2,2,idle,850,0.0017920000000231084,0
2,2,idle,851,0.0017080000006899354,0
2,2,idle,852,0.0017920000000231084,0
2,2,idle,853,0.001833000000260654,0
2,2,idle,854,0.0027500000005602487,0
2,2,idle,855,0.001916999999593827,0
2,2,idle,856,0.0018749999999272404,0
2,2,idle,857,0.002290999999786436,0
2,2,idle,858,0.0017909999996845727,0
2,2,idle,859,0.0028330000004643807,0
2,2,idle,860,0.0017090000001189765,0
2,2,idle,861,0.0016249999998763087,0
2,2,idle,862,0.001959000000169908,0
2,2,idle,863,0.0024590000002717716,0
2,2,idle,864,0.0017920000000231084,0
2,2,idle,865,0.002292000000124972,0
2,2,idle,866,0.0020000000004074536,0
2,2,idle,867,0.0017499999994470272,0
2,2,idle,868,0.0017919999991136137,0
2,2,idle,869,0.001750000000356522,0
2,2,idle,870,0.0022500000004583853,0
2,2,idle,871,0.0016669999995428952,0
2,2,idle,872,0.0017920000000231084,0
2,2,idle,873,0.0017909999996845727,0
2,2,idle,874,0.001833000000260654,0
2,2,idle,875,0.0021660000002157176,0
2,2,idle,876,0.0018749999999272404,0
2,2,idle,877,0.0017090000001189765,0
2,2,idle,878,0.0017920000000231084,0
2,2,idle,879,0.0017079999997804407,0
2,2,idle,880,0.002374999999119609,0
2,2,idle,881,0.0023330000003625173,0
2,2,idle,882,0.0017910000005940674,0
2,2,idle,883,0.0017079999997804407,0
2,2,idle,884,0.0018749999999272404,0
2,2,idle,885,0.0023339999997915584,0
2,2,idle,886,0.002292000000124972,0
2,2,idle,887,0.0016660000001138542,0
2,2,idle,888,0.0019170000005033216,0
2,2,idle,889,0.0018340000005991897,0
2,2,idle,890,0.002375000000029104,0
2,2,idle,891,0.002292000000124972,0
2,2,idle,892,0.0018749999999272404,0
2,2,idle,893,0.0017499999994470272,0
2,2,idle,894,0.0017909999996845727,0
2,2,idle,895,0.001833000000260654,0
2,2,idle,896,0.0023339999997915584,0
2,2,idle,897,0.001750000000356522,0
2,2,idle,898,0.001833000000260654,0
2,2,idle,899,0.0017909999996845727,0
2,2,idle,900,0.0017079999997804407,0
2,2,idle,901,0.0017079999997804407,0
2,2,idle,902,0.0023339999997915584,0
2,2,idle,903,0.00166700000045239,0
2,2,idle,904,0.00166700000045239,0
2,2,idle,905,0.001750000000356522,0
2,2,idle,906,0.0017499999994470272,0
2,2,idle,907,0.002292000000124972,0
2,2,idle,908,0.0019170000005033216,0
2,2,idle,909,0.0017920000000231084,0
2,2,idle,910,0.0017089999992094818,0
2,2,idle,911,0.0017920000000231084,0
2,2,idle,912,0.0021669999996447586,0
2,2,idle,913,0.0018749999999272404,0
2,2,idle,914,0.001999999999497959,0
2,2,idle,915,0.0024999999995998223,0
2,2,idle,916,0.0017499999994470272,0
2,2,idle,917,0.0022499999995488906,0
2,2,idle,918,0.001833000000260654,0
2,2,idle,919,0.0019579999998313724,0
2,2,idle,920,0.001750000000356522,0
2,2,idle,921,0.0017920000000231084,0
2,2,idle,922,0.0022500000004583853,0
2,2,idle,923,0.0023329999994530226,0
2,2,idle,924,0.0017499999994470272,0
2,2,idle,925,0.0017909999996845727,0
2,2,idle,926,0.001750000000356522,0
2,2,idle,927,0.0018340000005991897,0
2,2,idle,928,0.002082999999402091,0
2,2,idle,929,0.001750000000356522,0
2,2,idle,930,0.0017499999994470272,0
2,2,idle,931,0.001833999999689695,0
2,2,idle,932,0.0017920000000231084,0
2,2,idle,933,0.0023330000003625173,0
2,2,idle,934,0.0017909999996845727,0
2,2,idle,935,0.001833000000260654,0
2,2,idle,936,0.001750000000356522,0
2,2,idle,937,0.002124999999978172,0
2,2,idle,938,0.0026250000000800355,0
2,2,idle,939,0.0018749999999272404,0
2,2,idle,940,0.0017920000000231084,0
2,2,idle,941,0.001750000000356522,0
2,2,idle,942,0.001958000000740867,0
2,2,idle,943,0.001750000000356522,0
2,2,idle,944,0.002207999999882304,0
2,2,idle,945,0.0020000000004074536,0
2,2,idle,946,0.001750000000356522,0
2,2,idle,947,0.0027920000002268353,0
2,2,idle,948,0.0018749999999272404,0
2,2,idle,949,0.0023330000003625173,0
2,2,idle,950,0.001750000000356522,0
2,2,idle,951,0.0018749999999272404,0
2,2,idle,952,0.0017920000000231084,0
2,2,idle,953,0.002375000000029104,0
2,2,idle,954,0.002124999999978172,0
2,2,idle,955,0.00166700000045239,0
2,2,idle,956,0.001750000000356522,0
2,2,idle,957,0.0018749999999272404,0
2,2,idle,958,0.0017499999994470272,0
2,2,idle,959,0.002165999999306223,0
2,2,idle,960,0.0018329999993511592,0
2,2,idle,961,0.0016669999995428952,0
2,2,idle,962,0.0017080000006899354,0
2,2,idle,963,0.0017080000006899354,0
2,2,idle,964,0.001999999999497959,0
2,2,idle,965,0.002207999999882304,0
2,2,idle,966,0.0018340000005991897,0
2,2,idle,967,0.0017499999994470272,0
2,2,idle,968,0.001750000000356522,0
2,2,idle,969,0.001833000000260654,0
2,2,idle,970,0.002208000000791799,0
2,2,idle,971,0.002041000000644999,0
2,2,idle,972,0.001750000000356522,0
2,2,idle,973,0.001833999999689695,0
2,2,idle,974,0.0019579999998313724,0
2,2,idle,975,0.0024169999996956903,0
2,2,idle,976,0.0017920000000231084,0
2,2,idle,977,0.0017920000000231084,0
2,2,idle,978,0.001833999999689695,0
2,2,idle,979,0.0019170000005033216,0
2,2,idle,980,0.0024169999996956903,0
2,2,idle,981,0.002959000000373635,0
2,2,idle,982,0.0026250000000800355,0
2,2,idle,983,0.0017079999997804407,0
2,2,idle,984,0.0018329999993511592,0
2,2,idle,985,0.0024590000002717716,0
2,2,idle,986,0.0022499999995488906,0
2,2,idle,987,0.0017499999994470272,0
2,2,idle,988,0.0017079999997804407,0
2,2,idle,989,0.001750000000356522,0
2,2,idle,990,0.0017910000005940674,0
2,2,idle,991,0.002375000000029104,0
2,2,idle,992,0.0017080000006899354,0
2,2,idle,993,0.0016249999998763087,0
2,2,idle,994,0.0019579999998313724,0
2,2,idle,995,0.001750000000356522,0
2,2,idle,996,0.002375000000029104,0
2,2,idle,997,0.001750000000356522,0
2,2,idle,998,0.001833999999689695,0
2,2,idle,999,0.0018749999999272404,0
2,2,event,0,0.01599999999962165,2
2,2,event,1,0.002832999999554886,0
2,2,event,2,0.0019579999998313724,0
2,2,event,3,0.0022499999995488906,0
2,2,event,4,0.002457999999933236,0
2,2,event,5,0.0018749999999272404,0
2,2,event,6,0.00204200000007404,0
2,2,event,7,0.0017920000000231084,0
2,2,event,8,0.0017920000000231084,0
2,2,event,9,0.002292000000124972,0
2,2,event,10,0.001833999999689695,0
2,2,event,11,0.0030839999999443535,0
2,2,event,12,0.001916999999593827,0
2,2,event,13,0.0019579999998313724,0
2,2,event,14,0.002292000000124972,0
2,2,event,15,0.0019579999998313724,0
2,2,event,16,0.001833999999689695,0
2,2,event,17,0.0018749999999272404,0
2,2,event,18,0.0018749999999272404,0
2,2,event,19,0.00204200000007404,0
2,2,event,20,0.0028749999992214725,0
2,2,event,21,0.0018329999993511592,0
2,2,event,22,0.0019160000001647859,0
2,2,event,23,0.0018329999993511592,0
2,2,event,24,0.0019160000001647859,0
2,2,event,25,0.002583000000413449,0
2,2,event,26,0.0018749999999272404,0
2,2,event,27,0.001833999999689695,0
2,2,event,28,0.0018749999999272404,0
2,2,event,29,0.0017909999996845727,0
2,2,event,30,0.0024169999996956903,0
2,2,event,31,0.0026250000000800355,0
2,2,event,32,0.001750000000356522,0
2,2,event,33,0.0018749999999272404,0
2,2,event,34,0.0017920000000231084,0
2,2,event,35,0.002290999999786436,0
2,2,event,36,0.0017909999996845727,0
2,2,event,37,0.0018749999999272404,0
2,2,event,38,0.0023339999997915584,0
2,2,event,39,0.0017920000000231084,0
2,2,event,40,0.0017909999996845727,0
2,2,event,41,0.002417000000605185,0
2,2,event,42,0.002666999999746622,0
2,2,event,43,0.0018749999999272404,0
2,2,event,44,0.0023329999994530226,0
2,2,event,45,0.0019160000001647859,0
2,2,event,46,0.0022500000004583853,0
2,2,event,47,0.0017920000000231084,0
2,2,event,48,0.0020000000004074536,0
2,2,event,49,0.0018749999999272404,0
2,2,event,50,0.001916999999593827,0
2,2,event,51,0.002375000000029104,0
2,2,event,52,0.0018749999999272404,0
2,2,event,53,0.0019170000005033216,0
2,2,event,54,0.001833999999689695,0
2,2,event,55,0.002417000000605185,0
2,2,event,56,0.0024169999996956903,0
2,2,event,57,0.001959000000169908,0
2,2,event,58,0.0018340000005991897,0
2,2,event,59,0.001833999999689695,0
2,2,event,60,0.015374999999949068,2
2,2,event,61,0.0026250000000800355,0
2,2,event,62,0.001958000000740867,0
2,2,event,63,0.001833000000260654,0
2,2,event,64,0.001750000000356522,0
2,2,event,65,0.0020000000004074536,0
2,2,event,66,0.002375000000029104,0
2,2,event,67,0.0029999999997016857,0
2,2,event,68,3.4387920000008307,0
2,2,event,69,0.05949999999938882,0
2,2,event,70,0.007083000000420725,0
2,2,event,71,0.004625000000487489,0
2,2,event,72,0.0030839999999443535,0
2,2,event,73,0.002959000000373635,0
2,2,event,74,0.008624999999483407,0
2,2,event,75,0.002457999999933236,0
2,2,event,76,0.0031669999998484855,0
2,2,event,77,0.0025420000001759036,0
2,2,event,78,0.002291000000695931,0
2,2,event,79,0.0022499999995488906,0
2,2,event,80,0.0025829999995039543,0
2,2,event,81,0.0027909999998882995,0
2,2,event,82,0.002457999999933236,0
2,2,event,83,0.002375000000029104,0
2,2,event,84,0.005790999999589985,0
2,2,event,85,0.002292000000124972,0
2,2,event,86,0.003666999999950349,0
2,2,event,87,0.07095799999933661,0
2,2,event,88,0.0029580000000350992,0
2,2,event,89,0.002375000000029104,0
2,2,event,90,0.002375000000029104,0
2,2,event,91,0.002500000000509317,0
2,2,event,92,0.004750000000058208,0
2,2,event,93,0.0023339999997915584,0
2,2,event,94,0.002208999999311345,0
2,2,event,95,0.0023339999997915584,0
2,2,event,96,0.0022500000004583853,0
2,2,event,97,0.002749999999650754,0
2,2,event,98,0.0022499999995488906,0
2,2,event,99,0.002749999999650754,0
2,2,event,100,0.0027079999999841675,0
2,2,event,101,0.002292000000124972,0
2,2,event,102,0.003749999999854481,0
2,2,event,103,0.0022500000004583853,0
2,2,event,104,0.002290999999786436,0
2,2,event,105,0.0036249999993742676,0
2,2,event,106,0.0021660000002157176,0
2,2,event,107,0.002207999999882304,0
2,2,event,108,0.0030000000006111804,0
2,2,event,109,0.002375000000029104,0
2,2,event,110,0.002375000000029104,0
2,2,event,111,0.0023330000003625173,0
2,2,event,112,0.002292000000124972,0
2,2,event,113,0.0028339999998934218,0
2,2,event,114,0.003917000000001281,0
2,2,event,115,0.0024160000002666493,0
2,2,event,116,0.002292000000124972,0
2,2,event,117,0.002375000000029104,0
2,2,event,118,0.0027920000002268353,0
2,2,event,119,0.0025840000007519848,0
2,2,event,120,0.054667000000335975,2
2,2,event,121,0.0043750000004365575,0
2,2,event,122,0.0030829999996058177,0
2,2,event,123,0.002375000000029104,0
2,2,event,124,0.002290999999786436,0
2,2,event,125,0.002457999999933236,0
2,2,event,126,0.002292000000124972,0
2,2,event,127,0.0027089999994132086,0
2,2,event,128,0.0030839999999443535,0
2,2,event,129,0.0022499999995488906,0
2,2,event,130,0.0026250000000800355,0
2,2,event,131,0.002375000000029104,0
2,2,event,132,0.0022499999995488906,0
2,2,event,133,0.002832999999554886,0
2,2,event,134,0.002125000000887667,0
2,2,event,135,0.002290999999786436,0
2,2,event,136,0.002375000000029104,0
2,2,event,137,0.004415999999764608,0
2,2,event,138,0.0029580000000350992,0
2,2,event,139,0.002375000000029104,0
2,2,event,140,0.0022500000004583853,0
2,2,event,141,0.002292000000124972,0
2,2,event,142,0.002165999999306223,0
2,2,event,143,0.0028750000001309672,0
2,2,event,144,0.002290999999786436,0
2,2,event,145,0.0021669999996447586,0
2,2,event,146,0.0024169999996956903,0
2,2,event,147,0.002207999999882304,0
2,2,event,148,0.036750000000211,0
2,2,event,149,0.005416999999397376,0
2,2,event,150,0.0027079999999841675,0
2,2,event,151,0.0027500000005602487,0
2,2,event,152,0.002500000000509317,0
2,2,event,153,0.002457999999933236,0
2,2,event,154,0.006207999999787717,0
2,2,event,155,0.002583000000413449,0
2,2,event,156,0.0024169999996956903,0
2,2,event,157,0.00258399999984249,0
2,2,event,158,0.00220900000022084,0
2,2,event,159,0.0028749999992214725,0
2,2,event,160,0.0026250000000800355,0
2,2,event,161,0.002540999999837368,0
2,2,event,162,0.003499999999803549,0
2,2,event,163,0.002666000000317581,0
2,2,event,164,0.0027500000005602487,0
2,2,event,165,0.0030829999996058177,0
2,2,event,166,0.0023329999994530226,0
2,2,event,167,0.002207999999882304,0
2,2,event,168,0.004332999999860476,0
2,2,event,169,0.0030829999996058177,0
2,2,event,170,0.0034159999995608814,0
2,2,event,171,0.002500000000509317,0
2,2,event,172,0.0035410000000410946,0
2,2,event,173,0.0023329999994530226,0
2,2,event,174,0.002207999999882304,0
2,2,event,175,0.0030829999996058177,0
2,2,event,176,0.002207999999882304,0
2,2,event,177,0.0025420000001759036,0
2,2,event,178,0.00204200000007404,0
2,2,event,179,0.0024160000002666493,0
2,2,event,180,0.03279199999997218,2
2,2,event,181,0.0043750000004365575,0
2,2,event,182,0.002292000000124972,0
2,2,event,183,0.0025840000007519848,0
2,2,event,184,0.0030839999999443535,0
2,2,event,185,0.002292000000124972,0
2,2,event,186,0.0024160000002666493,0
2,2,event,187,0.002208000000791799,0
2,2,event,188,0.0022499999995488906,0
2,2,event,189,0.002749999999650754,0
2,2,event,190,0.0021669999996447586,0
2,2,event,191,0.002540999999837368,0
2,2,event,192,0.0026250000000800355,0
2,2,event,193,0.0024159999993571546,0
2,2,event,194,0.002666999999746622,0
2,2,event,195,0.002290999999786436,0
2,2,event,196,0.0023329999994530226,0
2,2,event,197,0.05679199999940465,0
2,2,event,198,0.004750000000058208,0
2,2,event,199,0.0028750000001309672,0
2,2,event,200,0.005666000000019267,0
2,2,event,201,0.0026250000000800355,0
2,2,event,202,0.0026659999994080863,0
2,2,event,203,0.0026250000000800355,0
2,2,event,204,0.0024999999995998223,0
2,2,event,205,0.003125000000181899,0
2,2,event,206,0.0022499999995488906,0
2,2,event,207,0.002375000000029104,0
2,2,event,208,0.002375000000029104,0
2,2,event,209,0.002375000000029104,0
2,2,event,210,0.0027500000005602487,0
2,2,event,211,0.003749999999854481,0
2,2,event,212,0.002540999999837368,0
2,2,event,213,0.003666999999950349,0
2,2,event,214,0.002292000000124972,0
2,2,event,215,0.004041000000142958,0
2,2,event,216,0.002417000000605185,0
2,2,event,217,0.002375000000029104,0
2,2,event,218,0.0023329999994530226,0
2,2,event,219,0.002292000000124972,0
2,2,event,220,0.002417000000605185,0
2,2,event,221,0.002666000000317581,0
2,2,event,222,0.0026250000000800355,0
2,2,event,223,0.002375000000029104,0
2,2,event,224,0.0034590000004754984,0
2,2,event,225,0.002291999999215477,0
2,2,event,226,0.0028339999998934218,0
2,2,event,227,0.003416999999899417,0
2,2,event,228,0.010124999999788997,0
2,2,event,229,0.03366699999969569,0
2,2,event,230,0.004167000000052212,0
2,2,event,231,0.004332999999860476,0
2,2,event,232,0.0026250000000800355,0
2,2,event,233,0.002500000000509317,0
2,2,event,234,0.002457999999933236,0
2,2,event,235,0.002375000000029104,0
2,2,event,236,0.0027079999999841675,0
2,2,event,237,0.0028330000004643807,0
2,2,event,238,0.0037080000001878943,0
2,2,event,239,0.0024169999996956903,0
2,2,event,240,0.03429099999993923,2
2,2,event,241,0.004500000000007276,0
2,2,event,242,0.0023329999994530226,0
2,2,event,243,0.002207999999882304,0
2,2,event,244,0.0023330000003625173,0
2,2,event,245,0.0022500000004583853,0
2,2,event,246,0.0027920000002268353,0
2,2,event,247,0.002375000000029104,0
2,2,event,248,0.0020839999997406267,0
2,2,event,249,0.002124999999978172,0
2,2,event,250,0.0025829999995039543,0
2,2,event,251,0.0027920000002268353,0
2,2,event,252,0.002375000000029104,0
2,2,event,253,0.0032920000003286987,0
2,2,event,254,0.002541999999266409,0
2,2,event,255,0.0021660000002157176,0
2,2,event,256,0.002749999999650754,0
2,2,event,257,0.0022499999995488906,0
2,2,event,258,0.0024169999996956903,0
2,2,event,259,0.002290999999786436,0
2,2,event,260,0.002292000000124972,0
2,2,event,261,0.002749999999650754,0
2,2,event,262,0.0024169999996956903,0
2,2,event,263,0.0039999999999054126,0
2,2,event,264,0.002292000000124972,0
2,2,event,265,0.002292000000124972,0
2,2,event,266,0.002290999999786436,0
2,2,event,267,0.002666999999746622,0
2,2,event,268,0.002291999999215477,0
2,2,event,269,0.002290999999786436,0
2,2,event,270,0.002375000000029104,0
2,2,event,271,0.0022499999995488906,0
2,2,event,272,0.0027920000002268353,0
2,2,event,273,0.002375000000029104,0
2,2,event,274,0.0024169999996956903,0
2,2,event,275,0.002124999999978172,0
2,2,event,276,0.0021670000005542533,0
2,2,event,277,0.003915999999662745,0
2,2,event,278,0.002457999999933236,0
2,2,event,279,0.0022500000004583853,0
2,2,event,280,0.0022499999995488906,0
2,2,event,281,0.0024169999996956903,0
2,2,event,282,0.002832999999554886,0
2,2,event,283,0.0024159999993571546,0
2,2,event,284,0.003208000000086031,0
2,2,event,285,0.002208000000791799,0
2,2,event,286,0.002375000000029104,0
2,2,event,287,0.0023339999997915584,0
2,2,event,288,0.002749999999650754,0
2,2,event,289,0.0021670000005542533,0
2,2,event,290,0.002375000000029104,0
2,2,event,291,0.002207999999882304,0
2,2,event,292,0.004208000000289758,0
2,2,event,293,0.0027920000002268353,0
2,2,event,294,0.003499999999803549,0
2,2,event,295,0.0030830000005153124,0
2,2,event,296,0.002500000000509317,0
2,2,event,297,0.002290999999786436,0
2,2,event,298,0.002832999999554886,0
2,2,event,299,0.0024580000008427305,0
2,2,event,300,0.01900000000023283,2
2,2,event,301,0.0034159999995608814,0
2,2,event,302,0.003291999999419204,0
2,2,event,303,0.0034590000004754984,0
2,2,event,304,0.002375000000029104,0
2,2,event,305,0.002457999999933236,0
2,2,event,306,0.002500000000509317,0
2,2,event,307,0.002749999999650754,0
2,2,event,308,0.002374999999119609,0
2,2,event,309,0.002124999999978172,0
2,2,event,310,0.002375000000029104,0
2,2,event,311,0.002207999999882304,0
2,2,event,312,0.002208000000791799,0
2,2,event,313,0.0025420000001759036,0
2,2,event,314,0.00370900000052643,0
2,2,event,315,0.002541999999266409,0
2,2,event,316,0.0022499999995488906,0
2,2,event,317,0.002375000000029104,0
2,2,event,318,0.0027920000002268353,0
2,2,event,319,0.003042000000277767,0
2,2,event,320,0.0023330000003625173,0
2,2,event,321,0.0021660000002157176,0
2,2,event,322,0.0024999999995998223,0
2,2,event,323,0.0028750000001309672,0
2,2,event,324,0.0024590000002717716,0
2,2,event,325,0.002124999999978172,0
2,2,event,326,0.003749999999854481,0
2,2,event,327,0.0021660000002157176,0
2,2,event,328,0.0029169999997975538,0
2,2,event,329,0.0021669999996447586,0
2,2,event,330,0.0023329999994530226,0
2,2,event,331,0.0023329999994530226,0
2,2,event,332,0.0027079999999841675,0
2,2,event,333,0.0022499999995488906,0
2,2,event,334,0.0027920000002268353,0
2,2,event,335,0.002291000000695931,0
2,2,event,336,0.0029580000000350992,0
2,2,event,337,0.0021670000005542533,0
2,2,event,338,0.0032090000004245667,0
2,2,event,339,0.00258399999984249,0
2,2,event,340,0.0023339999997915584,0
2,2,event,341,0.0022499999995488906,0
2,2,event,342,0.0023330000003625173,0
2,2,event,343,0.0022500000004583853,0
2,2,event,344,0.002666000000317581,0
2,2,event,345,0.002292000000124972,0
2,2,event,346,0.0024999999995998223,0
2,2,event,347,0.002124999999978172,0
2,2,event,348,0.002290999999786436,0
2,2,event,349,0.002541999999266409,0
2,2,event,350,0.002417000000605185,0
2,2,event,351,0.002124999999978172,0
2,2,event,352,0.002375000000029104,0
2,2,event,353,0.0020830000003115856,0
2,2,event,354,0.002207999999882304,0
2,2,event,355,0.0032920000003286987,0
2,2,event,356,0.00220900000022084,0
2,2,event,357,0.00316700000075798,0
2,2,event,358,0.002207999999882304,0
2,2,event,359,0.0021660000002157176,0
2,2,event,360,0.018291999999746622,2
2,2,event,361,0.003499999999803549,0
2,2,event,362,0.0023330000003625173,0
2,2,event,363,0.002292000000124972,0
2,2,event,364,0.0027919999993173406,0
2,2,event,365,0.002207999999882304,0
2,2,event,366,0.002207999999882304,0
2,2,event,367,0.002124999999978172,0
2,2,event,368,0.0021669999996447586,0
2,2,event,369,0.0027079999999841675,0
2,2,event,370,0.002375000000029104,0
2,2,event,371,0.002124999999978172,0
2,2,event,372,0.0021669999996447586,0
2,2,event,373,0.002124999999978172,0
2,2,event,374,0.0027920000002268353,0
2,2,event,375,0.002124999999978172,0
2,2,event,376,0.002207999999882304,0
2,2,event,377,0.0024169999996956903,0
2,2,event,378,0.003125000000181899,0
2,2,event,379,0.002291000000695931,0
2,2,event,380,0.0027079999999841675,0
2,2,event,381,0.0023330000003625173,0
2,2,event,382,0.002417000000605185,0
2,2,event,383,0.0022500000004583853,0
2,2,event,384,0.0027500000005602487,0
2,2,event,385,0.0027079999999841675,0
2,2,event,386,0.002666000000317581,0
2,2,event,387,0.0023330000003625173,0
2,2,event,388,0.0022500000004583853,0
2,2,event,389,0.0034580000001369626,0
2,2,event,390,0.0029580000000350992,0
2,2,event,391,0.0026659999994080863,0
2,2,event,392,0.002124999999978172,0
2,2,event,393,0.0020830000003115856,0
2,2,event,394,0.0023330000003625173,0
2,2,event,395,0.003208000000086031,0
2,2,event,396,0.0023330000003625173,0
2,2,event,397,0.0021660000002157176,0
2,2,event,398,0.0023330000003625173,0
2,2,event,399,0.0022500000004583853,0
2,2,event,400,0.0030830000005153124,0
2,2,event,401,0.0026250000000800355,0
2,2,event,402,0.0023339999997915584,0
2,2,event,403,0.0022499999995488906,0
2,2,event,404,0.003457999999227468,0
2,2,event,405,0.0021669999996447586,0
2,2,event,406,0.0028339999998934218,0
2,2,event,407,0.0022499999995488906,0
2,2,event,408,0.002541999999266409,0
2,2,event,409,0.0030000000006111804,0
2,2,event,410,0.0023330000003625173,0
2,2,event,411,0.0026250000000800355,0
2,2,event,412,0.0022500000004583853,0
2,2,event,413,0.002124999999978172,0
2,2,event,414,0.0023329999994530226,0
2,2,event,415,0.002457999999933236,0
2,2,event,416,0.0028330000004643807,0
2,2,event,417,0.0025420000001759036,0
2,2,event,418,0.0024999999995998223,0
2,2,event,419,0.0033750000002328306,0
2,2,event,420,0.018207999999503954,2
2,2,event,421,0.0034580000001369626,0
2,2,event,422,0.0023329999994530226,0
2,2,event,423,0.002207999999882304,0
2,2,event,424,0.002124999999978172,0
2,2,event,425,0.002082999999402091,0
2,2,event,426,0.0026659999994080863,0
2,2,event,427,0.002124999999978172,0
2,2,event,428,0.0021660000002157176,0
2,2,event,429,0.002207999999882304,0
2,2,event,430,0.002207999999882304,0
2,2,event,431,0.002583000000413449,0
2,2,event,432,0.0021669999996447586,0
2,2,event,433,0.002292000000124972,0
2,2,event,434,0.0023330000003625173,0
2,2,event,435,0.00220900000022084,0
2,2,event,436,0.0024999999995998223,0
2,2,event,437,0.002124999999978172,0
2,2,event,438,0.002375000000029104,0
2,2,event,439,0.002374999999119609,0
2,2,event,440,0.0021669999996447586,0
2,2,event,441,0.0029169999997975538,0
2,2,event,442,0.0023329999994530226,0
2,2,event,443,0.0032499999997526174,0
2,2,event,444,0.0030419999993682723,0
2,2,event,445,0.002165999999306223,0
2,2,event,446,0.002375000000029104,0
2,2,event,447,0.002749999999650754,0
2,2,event,448,0.002417000000605185,0
2,2,event,449,0.002207999999882304,0
2,2,event,450,0.002291000000695931,0
2,2,event,451,0.002292000000124972,0
2,2,event,452,0.003666999999950349,0
2,2,event,453,0.002207999999882304,0
2,2,event,454,0.0025829999995039543,0
2,2,event,455,0.0021660000002157176,0
2,2,event,456,0.0032499999997526174,0
2,2,event,457,0.0026250000000800355,0
2,2,event,458,0.00220900000022084,0
2,2,event,459,0.002292000000124972,0
2,2,event,460,0.002290999999786436,0
2,2,event,461,0.003499999999803549,0
2,2,event,462,0.0026659999994080863,0
2,2,event,463,0.0023329999994530226,0
2,2,event,464,0.0025829999995039543,0
2,2,event,465,0.0023329999994530226,0
2,2,event,466,0.0022499999995488906,0
2,2,event,467,0.002291000000695931,0
2,2,event,468,0.002749999999650754,0
2,2,event,469,0.0024160000002666493,0
2,2,event,470,0.0022499999995488906,0
2,2,event,471,0.002375000000029104,0
2,2,event,472,0.00220900000022084,0
2,2,event,473,0.0026250000000800355,0
2,2,event,474,0.002292000000124972,0
2,2,event,475,0.003042000000277767,0
2,2,event,476,0.0022499999995488906,0
2,2,event,477,0.002375000000029104,0
2,2,event,478,0.003250000000662112,0
2,2,event,479,0.002457999999933236,0
2,2,event,480,0.017582999999831372,2
2,2,event,481,0.003208000000086031,0
2,2,event,482,0.0027500000005602487,0
2,2,event,483,0.003374999999323336,0
2,2,event,484,0.002292000000124972,0
2,2,event,485,0.002292000000124972,0
2,2,event,486,0.0023329999994530226,0
2,2,event,487,0.0031249999992724042,0
2,2,event,488,0.002292000000124972,0
2,2,event,489,0.0021660000002157176,0
2,2,event,490,0.0022499999995488906,0
2,2,event,491,0.002291000000695931,0
2,2,event,492,0.002207999999882304,0
2,2,event,493,0.002666999999746622,0
2,2,event,494,0.0022499999995488906,0
2,2,event,495,0.0022500000004583853,0
2,2,event,496,0.002124999999978172,0
2,2,event,497,0.002124999999978172,0
2,2,event,498,0.0027079999999841675,0
2,2,event,499,0.002082999999402091,0
2,2,event,500,0.0021660000002157176,0
2,2,event,501,0.002292000000124972,0
2,2,event,502,0.00220900000022084,0
2,2,event,503,0.0033750000002328306,0
2,2,event,504,0.0021669999996447586,0
2,2,event,505,0.002208999999311345,0
2,2,event,506,0.0021670000005542533,0
2,2,event,507,0.0027909999998882995,0
2,2,event,508,0.002749999999650754,0
2,2,event,509,0.0024590000002717716,0
2,2,event,510,0.002334000000701053,0
2,2,event,511,0.0024590000002717716,0
2,2,event,512,0.0022499999995488906,0
2,2,event,513,0.002457999999933236,0
2,2,event,514,0.002583000000413449,0
2,2,event,515,0.0029999999997016857,0
2,2,event,516,0.002207999999882304,0
2,2,event,517,0.002457999999933236,0
2,2,event,518,0.0024159999993571546,0
2,2,event,519,0.002666999999746622,0
2,2,event,520,0.0021669999996447586,0
2,2,event,521,0.002375000000029104,0
2,2,event,522,0.0022500000004583853,0
2,2,event,523,0.0029999999997016857,0
2,2,event,524,0.0024999999995998223,0
2,2,event,525,0.002292000000124972,0
2,2,event,526,0.002290999999786436,0
2,2,event,527,0.0022499999995488906,0
2,2,event,528,0.0033329999996567494,0
2,2,event,529,0.0026250000000800355,0
2,2,event,530,0.0023339999997915584,0
2,2,event,531,0.0024590000002717716,0
2,2,event,532,0.002334000000701053,0
2,2,event,533,0.002375000000029104,0
2,2,event,534,0.0024999999995998223,0
2,2,event,535,0.0028750000001309672,0
2,2,event,536,0.002500000000509317,0
2,2,event,537,0.002375000000029104,0
2,2,event,538,0.0023330000003625173,0
2,2,event,539,0.002290999999786436,0
2,2,event,540,0.01641699999981938,2
2,2,event,541,0.003208000000086031,0
2,2,event,542,0.0030000000006111804,0
2,2,event,543,0.002207999999882304,0
2,2,event,544,0.0033329999996567494,0
2,2,event,545,0.002207999999882304,0
2,2,event,546,0.003290999999990163,0
2,2,event,547,0.0022500000004583853,0
2,2,event,548,0.002375000000029104,0
2,2,event,549,0.0027919999993173406,0
2,2,event,550,0.002457999999933236,0
2,2,event,551,0.0022500000004583853,0
2,2,event,552,0.0021669999996447586,0
2,2,event,553,0.0023330000003625173,0
2,2,event,554,0.0028330000004643807,0
2,2,event,555,0.002207999999882304,0
2,2,event,556,0.002124999999978172,0
2,2,event,557,0.00220900000022084,0
2,2,event,558,0.0021669999996447586,0
2,2,event,559,0.0022499999995488906,0
2,2,event,560,0.00258399999984249,0
2,2,event,561,0.002124999999978172,0
2,2,event,562,0.002583000000413449,0
2,2,event,563,0.0023330000003625173,0
2,2,event,564,0.0021669999996447586,0
2,2,event,565,0.0028339999998934218,0
2,2,event,566,0.002292000000124972,0
2,2,event,567,0.002457999999933236,0
2,2,event,568,0.003290999999990163,0
2,2,event,569,0.002375000000029104,0
2,2,event,570,0.0026250000000800355,0
2,2,event,571,0.0023339999997915584,0
2,2,event,572,0.0024169999996956903,0
2,2,event,573,0.002165999999306223,0
2,2,event,574,0.0022499999995488906,0
2,2,event,575,0.0024999999995998223,0
2,2,event,576,0.0022499999995488906,0
2,2,event,577,0.002207999999882304,0
2,2,event,578,0.0030830000005153124,0
2,2,event,579,0.0022500000004583853,0
2,2,event,580,0.002207999999882304,0
2,2,event,581,0.0027500000005602487,0
2,2,event,582,0.0024169999996956903,0
2,2,event,583,0.002290999999786436,0
2,2,event,584,0.003040999999939231,0
2,2,event,585,0.002292000000124972,0
2,2,event,586,0.004042000000481494,0
2,2,event,587,0.0023339999997915584,0
2,2,event,588,0.0021669999996447586,0
2,2,event,589,0.0022499999995488906,0
2,2,event,590,0.0023339999997915584,0
2,2,event,591,0.0027089999994132086,0
2,2,event,592,0.0022500000004583853,0
2,2,event,593,0.002666999999746622,0
2,2,event,594,0.0024590000002717716,0
2,2,event,595,0.0022500000004583853,0
2,2,event,596,0.002124999999978172,0
2,2,event,597,0.0027909999998882995,0
2,2,event,598,0.002292000000124972,0
2,2,event,599,0.002292000000124972,0
2,2,event,600,0.016290999999910127,2
2,2,event,601,0.0034580000001369626,0
2,2,event,602,0.002292000000124972,0
2,2,event,603,0.0021670000005542533,0
2,2,event,604,0.0022500000004583853,0
2,2,event,605,0.002959000000373635,0
2,2,event,606,0.0027089999994132086,0
2,2,event,607,0.002292000000124972,0
2,2,event,608,0.003208000000086031,0
2,2,event,609,0.0032499999997526174,0
2,2,event,610,0.0024169999996956903,0
2,2,event,611,0.0029169999997975538,0
2,2,event,612,0.002165999999306223,0
2,2,event,613,0.002457999999933236,0
2,2,event,614,0.002208000000791799,0
2,2,event,615,0.002375000000029104,0
2,2,event,616,0.0026250000000800355,0
2,2,event,617,0.0023330000003625173,0
2,2,event,618,0.002457999999933236,0
2,2,event,619,0.0028330000004643807,0
2,2,event,620,0.002124999999978172,0
2,2,event,621,0.0025829999995039543,0
2,2,event,622,0.0024159999993571546,0
2,2,event,623,0.002124999999978172,0
2,2,event,624,0.002457999999933236,0
2,2,event,625,0.002291000000695931,0
2,2,event,626,0.0022500000004583853,0
2,2,event,627,0.0027909999998882995,0
2,2,event,628,0.0028330000004643807,0
2,2,event,629,0.0023329999994530226,0
2,2,event,630,0.002290999999786436,0
2,2,event,631,0.002292000000124972,0
2,2,event,632,0.002749999999650754,0
2,2,event,633,0.002207999999882304,0
2,2,event,634,0.002292000000124972,0
2,2,event,635,0.0021669999996447586,0
2,2,event,636,0.002208000000791799,0
2,2,event,637,0.0026250000000800355,0
2,2,event,638,0.002124999999978172,0
2,2,event,639,0.002207999999882304,0
2,2,event,640,0.0021670000005542533,0
2,2,event,641,0.0029999999997016857,0
2,2,event,642,0.0021670000005542533,0
2,2,event,643,0.0027920000002268353,0
2,2,event,644,0.002290999999786436,0
2,2,event,645,0.002207999999882304,0
2,2,event,646,0.0028749999992214725,0
2,2,event,647,0.002207999999882304,0
2,2,event,648,0.0029580000000350992,0
2,2,event,649,0.002207999999882304,0
2,2,event,650,0.0021660000002157176,0
2,2,event,651,0.002375000000029104,0
2,2,event,652,0.003374999999323336,0
2,2,event,653,0.0027090000003227033,0
2,2,event,654,0.002292000000124972,0
2,2,event,655,0.002540999999837368,0
2,2,event,656,0.0021670000005542533,0
2,2,event,657,0.0020840000006501214,0
2,2,event,658,0.0027920000002268353,0
2,2,event,659,0.0022499999995488906,0
2,2,event,660,0.015459000000191736,2
2,2,event,661,0.0031669999998484855,0
2,2,event,662,0.0027909999998882995,0
2,2,event,663,0.002207999999882304,0
2,2,event,664,0.002207999999882304,0
2,2,event,665,0.0022500000004583853,0
2,2,event,666,0.003499999999803549,0
2,2,event,667,0.002749999999650754,0
2,2,event,668,0.0021669999996447586,0
2,2,event,669,0.0032920000003286987,0
2,2,event,670,0.0024999999995998223,0
2,2,event,671,0.002375000000029104,0
2,2,event,672,0.003457999999227468,0
2,2,event,673,0.002666999999746622,0
2,2,event,674,0.002292000000124972,0
2,2,event,675,0.002290999999786436,0
2,2,event,676,0.0021669999996447586,0
2,2,event,677,0.0026250000000800355,0
2,2,event,678,0.0027920000002268353,0
2,2,event,679,0.002292000000124972,0
2,2,event,680,0.002124999999978172,0
2,2,event,681,0.00220900000022084,0
2,2,event,682,0.0022500000004583853,0
2,2,event,683,0.002583000000413449,0
2,2,event,684,0.002375000000029104,0
2,2,event,685,0.002292000000124972,0
2,2,event,686,0.0024999999995998223,0
2,2,event,687,0.0021670000005542533,0
2,2,event,688,0.002666000000317581,0
2,2,event,689,0.002375000000029104,0
2,2,event,690,0.002207999999882304,0
2,2,event,691,0.0022499999995488906,0
2,2,event,692,0.0033750000002328306,0
2,2,event,693,0.002500000000509317,0
2,2,event,694,0.0027909999998882995,0
2,2,event,695,0.002208000000791799,0
2,2,event,696,0.002292000000124972,0
2,2,event,697,0.002208999999311345,0
2,2,event,698,0.0021669999996447586,0
2,2,event,699,0.003333999999995285,0
2,2,event,700,0.002375000000029104,0
2,2,event,701,0.002082999999402091,0
2,2,event,702,0.0023329999994530226,0
2,2,event,703,0.002082999999402091,0
2,2,event,704,0.003499999999803549,0
2,2,event,705,0.002207999999882304,0
2,2,event,706,0.0023329999994530226,0
2,2,event,707,0.002832999999554886,0
2,2,event,708,0.012415999999575433,0
2,2,event,709,0.0027920000002268353,0
2,2,event,710,0.0028339999998934218,0
2,2,event,711,0.0026250000000800355,0
2,2,event,712,0.002292000000124972,0
2,2,event,713,0.002124999999978172,0
2,2,event,714,0.0024169999996956903,0
2,2,event,715,0.0025420000001759036,0
2,2,event,716,0.0022500000004583853,0
2,2,event,717,0.0025420000001759036,0
2,2,event,718,0.002540999999837368,0
2,2,event,719,0.0021670000005542533,0
2,2,event,720,0.018167000000175904,2
2,2,event,721,0.0033750000002328306,0
2,2,event,722,0.0022500000004583853,0
2,2,event,723,0.002375000000029104,0
2,2,event,724,0.0026250000000800355,0
2,2,event,725,0.0020830000003115856,0
2,2,event,726,0.0402909999993426,0
2,2,event,727,0.007499999999708962,0
2,2,event,728,0.002583000000413449,0
2,2,event,729,0.003958000000238826,0
2,2,event,730,0.004166000000623171,0
2,2,event,731,0.002500000000509317,0
2,2,event,732,0.003665999999611813,0
2,2,event,733,0.003957999999329331,0
2,2,event,734,0.00574999999935244,0
2,2,event,735,0.005500000000211003,0
2,2,event,736,0.0027090000003227033,0
2,2,event,737,0.002292000000124972,0
2,2,event,738,0.002290999999786436,0
2,2,event,739,0.017291999999542895,0
2,2,event,740,0.0036249999993742676,0
2,2,event,741,0.033333000000311586,0
2,2,event,742,0.003584000000046217,0
2,2,event,743,0.12395899999955873,0
2,2,event,744,0.004332999999860476,0
2,2,event,745,0.0030419999993682723,0
2,2,event,746,0.05650000000059663,0
2,2,event,747,0.021458000000166066,0
2,2,event,748,0.009207999999489402,0
2,2,event,749,0.0032079999991765362,0
2,2,event,750,0.003582999999707681,0
2,2,event,751,0.013167000000066764,0
2,2,event,752,0.0027090000003227033,0
2,2,event,753,0.0039999999999054126,0
2,2,event,754,0.0025420000001759036,0
2,2,event,755,0.0025420000001759036,0
2,2,event,756,0.003042000000277767,0
2,2,event,757,0.002374999999119609,0
2,2,event,758,0.0027090000003227033,0
2,2,event,759,0.0023339999997915584,0
2,2,event,760,0.00258399999984249,0
2,2,event,761,0.0027920000002268353,0
2,2,event,762,0.002457999999933236,0
2,2,event,763,0.00220900000022084,0
2,2,event,764,0.0027090000003227033,0
2,2,event,765,0.0023339999997915584,0
2,2,event,766,0.0029169999997975538,0
2,2,event,767,0.004791000000295753,0
2,2,event,768,0.002457999999933236,0
2,2,event,769,0.0039999999999054126,0
2,2,event,770,0.002375000000029104,0
2,2,event,771,0.0027090000003227033,0
2,2,event,772,0.002375000000029104,0
2,2,event,773,0.002291999999215477,0
2,2,event,774,0.002500000000509317,0
2,2,event,775,0.0023330000003625173,0
2,2,event,776,0.0023330000003625173,0
2,2,event,777,0.003958000000238826,0
2,2,event,778,0.0024999999995998223,0
2,2,event,779,0.002207999999882304,0
2,2,event,780,0.03891600000042672,2
2,2,event,781,0.004167000000052212,0
2,2,event,782,0.0023339999997915584,0
2,2,event,783,0.0024590000002717716,0
2,2,event,784,0.0022500000004583853,0
2,2,event,785,0.0021670000005542533,0
2,2,event,786,0.0027090000003227033,0
2,2,event,787,0.0021669999996447586,0
2,2,event,788,0.0023330000003625173,0
2,2,event,789,0.0021660000002157176,0
2,2,event,790,0.002375000000029104,0
2,2,event,791,0.002666000000317581,0
2,2,event,792,0.0023330000003625173,0
2,2,event,793,0.002207999999882304,0
2,2,event,794,0.002292000000124972,0
2,2,event,795,0.003792000000430562,0
2,2,event,796,0.002832999999554886,0
2,2,event,797,0.002165999999306223,0
2,2,event,798,0.004374999999527063,0
2,2,event,799,0.0021660000002157176,0
2,2,event,800,0.0024169999996956903,0
2,2,event,801,0.00220900000022084,0
2,2,event,802,0.0026670000006561168,0
2,2,event,803,0.002290999999786436,0
2,2,event,804,0.002375000000029104,0
2,2,event,805,0.0024160000002666493,0
2,2,event,806,0.0024169999996956903,0
2,2,event,807,0.0028339999998934218,0
2,2,event,808,0.0033750000002328306,0
2,2,event,809,0.002124999999978172,0
2,2,event,810,0.002375000000029104,0
2,2,event,811,0.002291999999215477,0
2,2,event,812,0.0027090000003227033,0
2,2,event,813,0.0024169999996956903,0
2,2,event,814,0.002291000000695931,0
2,2,event,815,0.0021669999996447586,0
2,2,event,816,0.002375000000029104,0
2,2,event,817,0.0027920000002268353,0
2,2,event,818,0.0025420000001759036,0
2,2,event,819,0.0021660000002157176,0
2,2,event,820,0.002666999999746622,0
2,2,event,821,0.00220900000022084,0
2,2,event,822,0.002375000000029104,0
2,2,event,823,0.002666999999746622,0
2,2,event,824,0.0024169999996956903,0
2,2,event,825,0.002124999999978172,0
2,2,event,826,0.0023329999994530226,0
2,2,event,827,0.0022499999995488906,0
2,2,event,828,0.002915999999459018,0
2,2,event,829,0.0021669999996447586,0
2,2,event,830,0.004167000000052212,0
2,2,event,831,0.002290999999786436,0
2,2,event,832,0.003374999999323336,0
2,2,event,833,0.0027079999999841675,0
2,2,event,834,0.0021660000002157176,0
2,2,event,835,0.002207999999882304,0
2,2,event,836,0.0028750000001309672,0
2,2,event,837,0.0024999999995998223,0
2,2,event,838,0.0027079999999841675,0
2,2,event,839,0.002292000000124972,0
2,2,event,840,0.018874999999752617,2
2,2,event,841,0.003583000000617176,0
2,2,event,842,0.0036250000002837623,0
2,2,event,843,0.0023330000003625173,0
2,2,event,844,0.002375000000029104,0
2,2,event,845,0.0022499999995488906,0
2,2,event,846,0.002124999999978172,0
2,2,event,847,0.0026250000000800355,0
2,2,event,848,0.0022499999995488906,0
2,2,event,849,0.002208000000791799,0
2,2,event,850,0.0021669999996447586,0
2,2,event,851,0.00220900000022084,0
2,2,event,852,0.00220900000022084,0
2,2,event,853,0.0026250000000800355,0
2,2,event,854,0.002500000000509317,0
2,2,event,855,0.0021660000002157176,0
2,2,event,856,0.0023330000003625173,0
2,2,event,857,0.002207999999882304,0
2,2,event,858,0.002749999999650754,0
2,2,event,859,0.002791000000797794,0
2,2,event,860,0.0025420000001759036,0
2,2,event,861,0.003749999999854481,0
2,2,event,862,0.002291000000695931,0
2,2,event,863,0.0029999999997016857,0
2,2,event,864,0.0023329999994530226,0
2,2,event,865,0.00220900000022084,0
2,2,event,866,0.0023339999997915584,0
2,2,event,867,0.002124999999978172,0
2,2,event,868,0.0030830000005153124,0
2,2,event,869,0.0027500000005602487,0
2,2,event,870,0.002334000000701053,0
2,2,event,871,0.002500000000509317,0
2,2,event,872,0.002457999999933236,0
2,2,event,873,0.0021669999996447586,0
2,2,event,874,0.002749999999650754,0
2,2,event,875,0.0021669999996447586,0
2,2,event,876,0.0024169999996956903,0
2,2,event,877,0.002208000000791799,0
2,2,event,878,0.0029999999997016857,0
2,2,event,879,0.0028750000001309672,0
2,2,event,880,0.002500000000509317,0
2,2,event,881,0.002291999999215477,0
2,2,event,882,0.002375000000029104,0
2,2,event,883,0.0021670000005542533,0
2,2,event,884,0.0027500000005602487,0
2,2,event,885,0.002124999999978172,0
2,2,event,886,0.002500000000509317,0
2,2,event,887,0.0022500000004583853,0
2,2,event,888,0.002375000000029104,0
2,2,event,889,0.002125000000887667,0
2,2,event,890,0.0026250000000800355,0
2,2,event,891,0.002207999999882304,0
2,2,event,892,0.003125000000181899,0
2,2,event,893,0.003125000000181899,0
2,2,event,894,0.002207999999882304,0
2,2,event,895,0.002666999999746622,0
2,2,event,896,0.0024169999996956903,0
2,2,event,897,0.002124999999978172,0
2,2,event,898,0.002292000000124972,0
2,2,event,899,0.002207999999882304,0
2,2,event,900,0.01762499999949796,2
2,2,event,901,0.0036250000002837623,0
2,2,event,902,0.002207999999882304,0
2,2,event,903,0.0023330000003625173,0
2,2,event,904,0.0027079999999841675,0
2,2,event,905,0.0022500000004583853,0
2,2,event,906,0.0023339999997915584,0
2,2,event,907,0.003374999999323336,0
2,2,event,908,0.0024169999996956903,0
2,2,event,909,0.0030839999999443535,0
2,2,event,910,0.002208999999311345,0
2,2,event,911,0.00220900000022084,0
2,2,event,912,0.002374999999119609,0
2,2,event,913,0.0021669999996447586,0
2,2,event,914,0.0022499999995488906,0
2,2,event,915,0.002666999999746622,0
2,2,event,916,0.002292000000124972,0
2,2,event,917,0.002290999999786436,0
2,2,event,918,0.0024169999996956903,0
2,2,event,919,0.0022499999995488906,0
2,2,event,920,0.003291999999419204,0
2,2,event,921,0.002292000000124972,0
2,2,event,922,0.004208000000289758,0
2,2,event,923,0.002375000000029104,0
2,2,event,924,0.003499999999803549,0
2,2,event,925,0.002624999999170541,0
2,2,event,926,0.0023329999994530226,0
2,2,event,927,0.002124999999978172,0
2,2,event,928,0.002375000000029104,0
2,2,event,929,0.0022499999995488906,0
2,2,event,930,0.0027079999999841675,0
2,2,event,931,0.002290999999786436,0
2,2,event,932,0.0024169999996956903,0
2,2,event,933,0.0024169999996956903,0
2,2,event,934,0.0023329999994530226,0
2,2,event,935,0.002124999999978172,0
2,2,event,936,0.0027500000005602487,0
2,2,event,937,0.0021669999996447586,0
2,2,event,938,0.002375000000029104,0
2,2,event,939,0.0020830000003115856,0
2,2,event,940,0.002207999999882304,0
2,2,event,941,0.002749999999650754,0
2,2,event,942,0.0030829999996058177,0
2,2,event,943,0.0022499999995488906,0
2,2,event,944,0.0021669999996447586,0
2,2,event,945,0.002290999999786436,0
2,2,event,946,0.0027500000005602487,0
2,2,event,947,0.002375000000029104,0
2,2,event,948,0.002124999999978172,0
2,2,event,949,0.002292000000124972,0
2,2,event,950,0.002208999999311345,0
2,2,event,951,0.0026250000000800355,0
2,2,event,952,0.002375000000029104,0
2,2,event,953,0.0031659999995099497,0
2,2,event,954,0.002832999999554886,0
2,2,event,955,0.0023330000003625173,0
2,2,event,956,0.0030000000006111804,0
2,2,event,957,0.0027500000005602487,0
2,2,event,958,0.0025420000001759036,0
2,2,event,959,0.0023330000003625173,0
2,2,event,960,0.01658300000053714,2
2,2,event,961,0.004750000000058208,0
2,2,event,962,0.002375000000029104,0
2,2,event,963,0.002500000000509317,0
2,2,event,964,0.0033750000002328306,0
2,2,event,965,0.0020830000003115856,0
2,2,event,966,0.0027090000003227033,0
2,2,event,967,0.00220900000022084,0
2,2,event,968,0.00220900000022084,0
2,2,event,969,0.00220900000022084,0
2,2,event,970,0.002292000000124972,0
2,2,event,971,0.002540999999837368,0
2,2,event,972,0.0021669999996447586,0
2,2,event,973,0.0021669999996447586,0
2,2,event,974,0.002457999999933236,0
2,2,event,975,0.002290999999786436,0
2,2,event,976,0.0025829999995039543,0
2,2,event,977,0.0028750000001309672,0
2,2,event,978,0.002290999999786436,0
2,2,event,979,0.002292000000124972,0
2,2,event,980,0.0028750000001309672,0
2,2,event,981,0.002583000000413449,0
2,2,event,982,0.0027079999999841675,0
2,2,event,983,0.0022500000004583853,0
2,2,event,984,0.002207999999882304,0
2,2,event,985,0.002375000000029104,0
2,2,event,986,0.0027500000005602487,0
2,2,event,987,0.003958000000238826,0
2,2,event,988,0.002417000000605185,0
2,2,event,989,0.0022500000004583853,0
2,2,event,990,0.002290999999786436,0
2,2,event,991,0.002207999999882304,0
2,2,event,992,0.0026250000000800355,0
2,2,event,993,0.002457999999933236,0
2,2,event,994,0.0024160000002666493,0
2,2,event,995,0.002291999999215477,0
2,2,event,996,0.0021670000005542533,0
2,2,event,997,0.0027909999998882995,0
2,2,event,998,0.002375000000029104,0
2,2,event,999,0.002290999999786436,0
2,2,burst,0,0.11112499999944703,14
2,2,burst,1,0.10891699999956472,14
2,2,burst,2,0.11070800000015879,14
2,2,burst,3,0.11608299999988958,14
2,2,burst,4,0.11099999999987631,14
2,2,burst,5,0.113999999999578,14
2,2,burst,6,0.10987500000010186,14
2,2,burst,7,0.11212499999965075,14
2,2,burst,8,0.11149999999997817,14
2,2,burst,9,0.11045799999919836,14
2,2,burst,10,0.10962500000005093,14
2,2,burst,11,0.12320899999940593,14
2,2,burst,12,0.12004200000046694,14
2,2,burst,13,0.11166700000012497,14
2,2,burst,14,0.11350000000038563,14
2,2,burst,15,0.10775000000012369,14
2,2,burst,16,0.11183299999993324,14
2,2,burst,17,0.10941700000057608,14
2,2,burst,18,0.11508400000002439,14
2,2,burst,19,10.333875000000262,14
2,2,burst,20,0.1424170000000231,14
2,2,burst,21,0.13550000000032014,14
2,2,burst,22,0.13891700000021956,14
2,2,burst,23,3.3586670000004233,14
2,2,burst,24,0.2041669999998703,14
2,2,burst,25,0.12712499999997817,14
2,2,burst,26,0.1297500000000582,14
2,2,burst,27,0.11708400000043184,14
2,2,burst,28,0.1334580000002461,14
2,2,burst,29,0.11791599999924074,14
2,2,burst,30,0.1157919999996011,14
2,2,burst,31,0.11541699999997945,14
2,2,burst,32,0.11245800000051531,14
2,2,burst,33,0.11895899999944959,14
2,2,burst,34,0.12049999999999272,14
2,2,burst,35,0.11066599999958271,14
2,2,burst,36,0.11112500000035652,14
2,2,burst,37,0.1104590000004464,14
2,2,burst,38,0.11129200000050332,14
2,2,burst,39,0.10924999999951979,14
2,2,burst,40,0.11008399999991525,14
2,2,burst,41,0.11087500000030559,14
2,2,burst,42,0.11108299999978044,14
2,2,burst,43,0.1110419999995429,14
2,2,burst,44,0.11220800000046438,14
2,2,burst,45,0.11833300000034797,14
2,2,burst,46,1.3769579999998314,14
2,2,burst,47,0.1572919999998703,14
2,2,burst,48,15.795333999999457,14
2,2,burst,49,0.16916700000001583,14
2,2,burst,50,0.12508400000024267,14
2,2,burst,51,0.11529200000040873,14
2,2,burst,52,0.1165419999997539,14
2,2,burst,53,0.11104100000011385,14
2,2,burst,54,0.1123330000000351,14
2,2,burst,55,0.1107079999992493,14
2,2,burst,56,0.11449999999967986,14
2,2,burst,57,0.1119170000001759,14
2,2,burst,58,0.10987500000010186,14
2,2,burst,59,0.10941600000023755,14
2,2,burst,60,0.11016699999981938,14
2,2,burst,61,0.11395799999991141,14
2,2,burst,62,0.11774999999943248,14
2,2,burst,63,0.12858400000004622,14
2,2,burst,64,0.11216699999931734,14
2,2,burst,65,0.11337499999990541,14
2,2,burst,66,0.11095800000020972,14
2,2,burst,67,0.109375,14
2,2,burst,68,0.10945799999990413,14
2,2,burst,69,0.11008299999957671,14
2,2,burst,70,0.11095800000020972,14
2,2,burst,71,0.1092080000007627,14
2,2,burst,72,0.10816699999941193,14
2,2,burst,73,0.1101250000001528,14
2,2,burst,74,0.1089590000001408,14
2,2,burst,75,0.11070899999958783,14
2,2,burst,76,0.11300000000028376,14
2,2,burst,77,7.980000000000473,14
2,2,burst,78,0.14970799999991868,14
2,2,burst,79,0.11929200000031415,14
2,2,burst,80,0.12191600000005565,14
2,2,burst,81,0.11658299999999144,14
2,2,burst,82,0.11004099999991013,14
2,2,burst,83,23.728416999999354,14
2,2,burst,84,1.3916250000002037,14
2,2,burst,85,0.30291699999997945,14
2,2,burst,86,0.3140000000003056,14
2,2,burst,87,0.2633750000004511,14
2,2,burst,88,0.15362499999991996,14
2,2,burst,89,0.2058340000003227,14
2,2,burst,90,0.4161659999999756,14
2,2,burst,91,0.3358750000006694,14
2,2,burst,92,0.4865829999998823,14
2,2,burst,93,0.7406670000000304,14
2,2,burst,94,0.3096669999995356,14
2,2,burst,95,0.6558749999994689,14
2,2,burst,96,0.23162500000034925,14
2,2,burst,97,0.26274999999986903,14
2,2,burst,98,0.3406670000003942,14
2,2,burst,99,0.23116699999991397,14
2,2,burst,100,0.20424999999977445,14
2,2,burst,101,0.28162499999962165,14
2,2,burst,102,0.13608300000032614,14
2,2,burst,103,0.1314169999996011,14
2,2,burst,104,0.19295799999963492,14
2,2,burst,105,0.1328750000002401,14
2,2,burst,106,0.12079199999971024,14
2,2,burst,107,0.11704199999985576,14
2,2,burst,108,0.1187500000005457,14
2,2,burst,109,0.11337499999990541,14
2,2,burst,110,0.1125000000001819,14
2,2,burst,111,0.11016700000072888,14
2,2,burst,112,0.11599999999998545,14
2,2,burst,113,0.11683300000004238,14
2,2,burst,114,0.11425000000053842,14
2,2,burst,115,0.12712499999997817,14
2,2,burst,116,0.11625000000003638,14
2,2,burst,117,0.11016699999981938,14
2,2,burst,118,0.11787499999991269,14
2,2,burst,119,0.11025000000063301,14
2,2,burst,120,0.11254199999984849,14
2,2,burst,121,0.11216699999931734,14
2,2,burst,122,0.11087500000030559,14
2,2,burst,123,0.11129100000016479,14
2,2,burst,124,0.11420799999996234,14
2,2,burst,125,0.11041599999953178,14
2,2,burst,126,0.11083299999972951,14
2,2,burst,127,0.11070800000015879,14
2,2,burst,128,0.11454200000025594,14
2,2,burst,129,0.11254199999984849,14
2,2,burst,130,0.11274999999932334,14
2,2,burst,131,0.11162499999954889,14
2,2,burst,132,0.12445800000023155,14
2,2,burst,133,0.11270800000056624,14
2,2,burst,134,0.11245800000051531,14
2,2,burst,135,0.11033399999996618,14
2,2,burst,136,0.11241700000027777,14
2,2,burst,137,0.11099999999987631,14
2,2,burst,138,0.11791699999957928,14
2,2,burst,139,0.11279099999956088,14
2,2,burst,140,0.11670800000047166,14
2,2,burst,141,0.11166700000012497,14
2,2,burst,142,0.11445800000001327,14
2,2,burst,143,0.11370799999986048,14
2,2,burst,144,0.11541699999997945,14
2,2,burst,145,0.1132500000003347,14
2,2,burst,146,0.11754100000052858,14
2,2,burst,147,0.11337499999990541,14
2,2,burst,148,0.12041700000008859,14
2,2,burst,149,0.11516599999958999,14
2,2,burst,150,0.11287499999980355,14
2,2,burst,151,0.11350000000038563,14
2,2,burst,152,0.11629199999970297,14
2,2,burst,153,0.11450000000058935,14
2,2,burst,154,0.11237500000061118,14
2,2,burst,155,0.1126670000003287,14
2,2,burst,156,0.11495899999954418,14
2,2,burst,157,0.11087500000030559,14
2,2,burst,158,0.10983399999986432,14
2,2,burst,159,53.000042000000576,14
2,2,burst,160,0.16604200000074343,14
2,2,burst,161,0.9802500000005239,14
2,2,burst,162,0.15112499999941065,14
2,2,burst,163,0.1613340000003518,14
2,2,burst,164,0.13754200000039418,14
2,2,burst,165,0.14187500000025466,14
2,2,burst,166,0.1554999999998472,14
2,2,burst,167,0.14641599999958999,14
2,2,burst,168,0.13904200000069977,14
2,2,burst,169,0.1749999999992724,14
2,2,burst,170,0.13745800000015151,14
2,2,burst,171,0.1531249999998181,14
2,2,burst,172,0.1363339999998061,14
2,2,burst,173,0.14100000000053114,14
2,2,burst,174,1.001416000000063,14
2,2,burst,175,0.2264999999997599,14
2,2,burst,176,0.14654200000040873,14
2,2,burst,177,0.12537500000053114,14
2,2,burst,178,0.12995799999953306,14
2,2,burst,179,0.13729100000000471,14
2,2,burst,180,0.12704200000007404,14
2,2,burst,181,0.1202080000002752,14
2,2,burst,182,0.11783299999933661,14
2,2,burst,183,0.1305419999998776,14
2,2,burst,184,0.12712499999997817,14
2,2,burst,185,0.35512500000004366,14
2,2,burst,186,0.15670799999952578,14
2,2,burst,187,0.19970800000010058,14
2,2,burst,188,0.15174999999999272,14
2,2,burst,189,0.14920900000015536,14
2,2,burst,190,0.3540000000002692,14
2,2,burst,191,0.15399999999954161,14
2,2,burst,192,5.2477080000007845,14
2,2,burst,193,0.27804199999991397,14
2,2,burst,194,0.17175000000042928,14
2,2,burst,195,0.15262499999971624,14
2,2,burst,196,0.2185829999998532,14
2,2,burst,197,0.15729099999953178,14
2,2,burst,198,0.14408299999922747,14
2,2,burst,199,0.1586250000000291,14
2,2,burst,200,0.18179199999940465,14
2,2,burst,201,0.30733299999974406,14
2,2,burst,202,0.1760420000000522,14
2,2,burst,203,0.1937499999994543,14
2,2,burst,204,0.19074999999975262,14
2,2,burst,205,0.14529100000072503,14
2,2,burst,206,0.14979200000016135,14
2,2,burst,207,0.14025000000037835,14
2,2,burst,208,0.14683400000012625,14
2,2,burst,209,0.1672920000000886,14
2,2,burst,210,0.15583300000071176,14
2,2,burst,211,0.13383300000077725,14
2,2,burst,212,0.18641699999989214,14
2,2,burst,213,0.14504200000010314,14
2,2,burst,214,0.1757500000003347,14
2,2,burst,215,0.12787500000013097,14
2,2,burst,216,0.1512910000001284,14
2,2,burst,217,0.21908299999995506,14
2,2,burst,218,0.1717079999998532,14
2,2,burst,219,0.1287079999992784,14
2,2,burst,220,0.12537500000053114,14
2,2,burst,221,0.1218750000007276,14
2,2,burst,222,0.13045799999963492,14
2,2,burst,223,0.1325829999996131,14
2,2,burst,224,0.11941699999988487,14
2,2,burst,225,0.12029100000017934,14
2,2,burst,226,0.11924999999973807,14
2,2,burst,227,0.12433299999975134,14
2,2,burst,228,0.13858299999992596,14
2,2,burst,229,0.11666600000080507,14
2,2,burst,230,0.13541600000007747,14
2,2,burst,231,0.1209579999995185,14
2,2,burst,232,0.16216700000040873,14
2,2,burst,233,0.11933399999998073,14
2,2,burst,234,0.11983299999974406,14
2,2,burst,235,0.11924999999973807,14
2,2,burst,236,0.12325000000055297,14
2,2,burst,237,0.11300000000028376,14
2,2,burst,238,0.12450000000080763,14
2,2,burst,239,0.11683300000004238,14
2,2,burst,240,0.12224999999943975,14
2,2,burst,241,0.11904200000026322,14
2,2,burst,242,0.11558400000012625,14
2,2,burst,243,0.11945800000012241,14
2,2,burst,244,0.11804100000063045,14
2,2,burst,245,0.1156250000003638,14
2,2,burst,246,0.11204199999974662,14
2,2,burst,247,0.13341600000057952,14
2,2,burst,248,0.13516700000036508,14
2,2,burst,249,0.11962500000026921,14
2,2,burst,250,0.11887499999920692,14
2,2,burst,251,0.11829099999977188,14
2,2,burst,252,53.93854199999987,14
2,2,burst,253,0.1327499999997599,14
2,2,burst,254,0.1260419999998703,14
2,2,burst,255,0.1181670000005397,14
2,2,burst,256,0.11895800000002055,14
2,2,burst,257,0.11675000000013824,14
2,2,burst,258,0.11404200000015408,14
2,2,burst,259,0.12091599999985192,14
2,2,burst,260,0.11637500000051659,14
2,2,burst,261,0.11574999999993452,14
2,2,burst,262,0.11170899999979156,14
2,2,burst,263,0.13870800000040617,14
2,2,burst,264,0.1125000000001819,14
2,2,burst,265,0.11016599999948085,14
2,2,burst,266,0.11745800000062445,14
2,2,burst,267,0.12058299999989686,14
2,2,burst,268,0.11270799999965675,14
2,2,burst,269,0.11625000000003638,14
2,2,burst,270,0.11316700000043056,14
2,2,burst,271,0.11425000000053842,14
2,2,burst,272,0.11304200000085984,14
2,2,burst,273,0.11049999999977445,14
2,2,burst,274,0.1092079999998532,14
2,2,burst,275,0.11587499999950523,14
2,2,burst,276,0.11162500000045839,14
2,2,burst,277,0.11070800000015879,14
2,2,burst,278,0.11037500000020373,14
2,2,burst,279,0.1218750000007276,14
2,2,burst,280,0.11441700000068522,14
2,2,burst,281,0.11295799999970768,14
2,2,burst,282,0.11183400000027177,14
2,2,burst,283,0.11129199999959383,14
2,2,burst,284,0.1090409999997064,14
2,2,burst,285,0.11129200000050332,14
2,2,burst,286,0.10804199999984121,14
2,2,burst,287,0.11179100000026665,14
2,2,burst,288,0.11062500000025466,14
2,2,burst,289,0.1082910000004631,14
2,2,burst,290,0.11208300000089366,14
2,2,burst,291,0.11004199999933917,14
2,2,burst,292,0.1097909999998592,14
2,2,burst,293,0.10962500000005093,14
2,2,burst,294,0.11112500000035652,14
2,2,burst,295,0.11283300000013696,14
2,2,burst,296,0.10883300000023155,14
2,2,burst,297,0.12083299999994779,14
2,2,burst,298,0.11395799999991141,14
2,2,burst,299,0.11212499999965075,14
2,2,burst,300,0.10916700000052515,14
2,2,burst,301,0.11137499999949796,14
2,2,burst,302,29.48137499999939,14
2,2,burst,303,0.09491700000035053,14
2,2,burst,304,0.05879099999947357,14
2,2,burst,305,0.054166999999324617,14
2,2,burst,306,0.05587500000001455,14
2,2,burst,307,0.05320800000026793,14
2,2,burst,308,0.052333000000544416,14
2,2,burst,309,0.05591700000059063,14
2,2,burst,310,0.05479099999956816,14
2,2,burst,311,0.08112500000061118,14
2,2,burst,312,0.11245899999994435,14
2,2,burst,313,0.11104200000045239,14
2,2,burst,314,0.1269590000001699,14
2,2,burst,315,0.11041699999987031,14
2,2,burst,316,0.11258300000008603,14
2,2,burst,317,0.1108749999993961,14
2,2,burst,318,0.11658299999999144,14
2,2,burst,319,0.109958000000006,14
2,2,burst,320,0.11149999999997817,14
2,2,burst,321,0.1115829999998823,14
2,2,burst,322,0.11312499999985448,14
2,2,burst,323,0.11833300000034797,14
2,2,burst,324,0.11212499999965075,14
2,2,burst,325,0.11087500000030559,14
2,2,burst,326,0.11370799999986048,14
2,2,burst,327,0.11033300000053714,14
2,2,burst,328,0.11129100000016479,14
2,2,burst,329,0.11433300000044255,14
2,2,burst,330,0.11129200000050332,14
2,2,burst,331,0.118333999999777,14
2,2,burst,332,0.13462499999968713,14
2,2,burst,333,0.11258300000008603,14
2,2,burst,334,0.11137500000040745,14
2,2,burst,335,0.11000000000058208,14
2,2,burst,336,0.2932909999999538,14
2,2,burst,337,0.13449999999920692,14
2,2,burst,338,7.625624999999673,14
2,2,burst,339,0.4693750000005821,14
2,2,burst,340,0.13841599999977916,14
2,2,burst,341,0.1285409999991316,14
2,2,burst,342,0.11883300000044983,14
2,2,burst,343,0.12066700000013952,14
2,2,burst,344,0.12087499999961437,14
2,2,burst,345,0.11845799999991868,14
2,2,burst,346,0.11462500000016007,14
2,2,burst,347,0.12983400000030088,14
2,2,burst,348,0.13441700000021228,14
2,2,burst,349,0.11658299999999144,14
2,2,burst,350,0.11366600000019389,14
2,2,burst,351,0.11349999999947613,14
2,2,burst,352,0.1212919999998121,14
2,2,burst,353,0.11595800000031886,14
2,2,burst,354,0.11016699999981938,14
2,2,burst,355,0.1097090000002936,14
2,2,burst,356,0.11233400000037363,14
2,2,burst,357,0.11541699999997945,14
2,2,burst,358,0.11104200000045239,14
2,2,burst,359,0.1836669999993319,14
2,2,burst,360,0.1705419999998412,14
2,2,burst,361,0.5007500000001528,14
2,2,burst,362,0.05900000000019645,14
2,2,burst,363,0.05537499999991269,14
2,2,burst,364,0.058167000000139524,14
2,2,burst,365,0.060416999999688414,14
2,2,burst,366,0.08120799999960582,14
2,2,burst,367,0.07729100000051403,14
2,2,burst,368,0.07883300000048621,14
2,2,burst,369,0.07962500000030559,14
2,2,burst,370,0.07600000000002183,14
2,2,burst,371,0.07766699999956472,14
2,2,burst,372,0.07658300000002782,14
2,2,burst,373,0.08045800000036252,14
2,2,burst,374,0.10120800000004238,14
2,2,burst,375,0.11183299999993324,14
2,2,burst,376,6.188583000000108,14
2,2,burst,377,0.15595800000028248,14
2,2,burst,378,0.12049999999999272,14
2,2,burst,379,0.1226249999999709,14
2,2,burst,380,0.11512500000026193,14
2,2,burst,381,0.1425840000001699,14
2,2,burst,382,0.1001670000005106,14
2,2,burst,383,0.08670900000015536,14
2,2,burst,384,0.09108399999968242,14
2,2,burst,385,0.08900000000085129,14
2,2,burst,386,0.08754099999987375,14
2,2,burst,387,0.0843750000003638,14
2,2,burst,388,0.08758300000044983,14
2,2,burst,389,0.09366600000066683,14
2,2,burst,390,0.11145800000031159,14
2,2,burst,391,0.11166599999978644,14
2,2,burst,392,0.11204199999974662,14
2,2,burst,393,0.10904200000004494,14
2,2,burst,394,0.10929099999975733,14
2,2,burst,395,0.12045799999941664,14
2,2,burst,396,0.11108299999978044,14
2,2,burst,397,0.10912499999994907,14
2,2,burst,398,0.11979199999950652,14
2,2,burst,399,0.11520799999925657,14
2,2,burst,400,0.11445900000035181,14
2,2,burst,401,0.11129199999959383,14
2,2,burst,402,0.11187499999959982,14
2,2,burst,403,0.11358300000028976,14
2,2,burst,404,0.1136659999992844,14
2,2,burst,405,0.1114159999997355,14
2,2,burst,406,0.11333299999932933,14
2,2,burst,407,0.11312499999985448,14
2,2,burst,408,0.11762499999986176,14
2,2,burst,409,0.1152910000000702,14
2,2,burst,410,0.11320800000066811,14
2,2,burst,411,0.109375,14
2,2,burst,412,0.11900000000059663,14
2,2,burst,413,0.10900000000037835,14
2,2,burst,414,0.11687500000061846,14
2,2,burst,415,0.11091699999997218,14
2,2,burst,416,0.11279199999989942,14
2,2,burst,417,0.11108400000011898,14
2,2,burst,418,0.11291699999947014,14
2,2,burst,419,0.1125000000001819,14
2,2,burst,420,0.1130829999992784,14
2,2,burst,421,0.11091599999963364,14
2,2,burst,422,0.11312499999985448,14
2,2,burst,423,0.11033399999996618,14
2,2,burst,424,0.11904200000026322,14
2,2,burst,425,0.11262499999975262,14
2,2,burst,426,0.11333300000023883,14
2,2,burst,427,0.11345799999980954,14
2,2,burst,428,0.11312499999985448,14
2,2,burst,429,0.11058299999967858,14
2,2,burst,430,0.11099999999987631,14
2,2,burst,431,0.10962500000005093,14
2,2,burst,432,0.11920800000007148,14
2,2,burst,433,0.11095900000054826,14
2,2,burst,434,0.11058400000001711,14
2,2,burst,435,0.11008399999991525,14
2,2,burst,436,0.11004200000024866,14
2,2,burst,437,0.1097090000002936,14
2,2,burst,438,0.11329200000000128,14
2,2,burst,439,0.10941699999966659,14
2,2,burst,440,0.11141700000007404,14
2,2,burst,441,0.10908399999971152,14
2,2,burst,442,0.11095899999963876,14
2,2,burst,443,0.11312500000076398,14
2,2,burst,444,0.11424999999962893,14
2,2,burst,445,0.10908300000028248,14
2,2,burst,446,0.11145800000031159,14
2,2,burst,447,0.1156249999994543,14
2,2,burst,448,0.11275000000023283,14
2,2,burst,449,0.11466700000073615,14
2,2,burst,450,0.11187499999959982,14
2,2,burst,451,0.11279099999956088,14
2,2,burst,452,0.11420799999996234,14
2,2,burst,453,0.11691700000028504,14
2,2,burst,454,0.11045800000010786,14
2,2,burst,455,0.1135840000006283,14
2,2,burst,456,0.11049999999977445,14
2,2,burst,457,0.11087500000030559,14
2,2,burst,458,0.11104099999920436,14
2,2,burst,459,0.11187500000050932,14
2,2,burst,460,0.11170799999945302,14
2,2,burst,461,0.11120800000026065,14
2,2,burst,462,0.11095800000020972,14
2,2,burst,463,0.11279100000047038,14
2,2,burst,464,0.10970799999995506,14
2,2,burst,465,0.11033300000053714,14
2,2,burst,466,0.11554099999921164,14
2,2,burst,467,0.11741699999947741,14
2,2,burst,468,0.11099999999987631,14
2,2,burst,469,0.11016699999981938,14
2,2,burst,470,0.11058300000058807,14
2,2,burst,471,25.27387499999986,14
2,2,burst,472,0.06466599999930622,14
2,2,burst,473,0.06162499999936699,14
2,2,burst,474,0.05545799999981682,14
2,2,burst,475,0.05675000000064756,14
2,2,burst,476,0.054125000000567525,14
2,2,burst,477,0.052958000000217,14
2,2,burst,478,0.05133399999976973,14
2,2,burst,479,0.10120899999947142,14
2,2,burst,480,0.11287499999980355,14
2,2,burst,481,0.11970800000017334,14
2,2,burst,482,0.12858400000004622,14
2,2,burst,483,0.11124999999992724,14
2,2,burst,484,0.11349999999947613,14
2,2,burst,485,0.11375000000043656,14
2,2,burst,486,0.11295900000004622,14
2,2,burst,487,0.11062499999934516,14
2,2,burst,488,0.11016699999981938,14
2,2,burst,489,0.11316699999952107,14
2,2,burst,490,0.7387920000001031,14
2,2,burst,491,0.07858399999986432,14
2,2,burst,492,0.11099999999987631,14
2,2,burst,493,0.0537079999994603,14
2,2,burst,494,0.4234999999998763,14
2,2,burst,495,0.3369169999996302,14
2,2,burst,496,0.09250000000065484,14
2,2,burst,497,0.05558299999938754,14
2,2,burst,498,0.05491699999947741,14
2,2,burst,499,0.052999999999883585,14
2,2,burst,500,0.059750000000349246,14
2,2,burst,501,0.05216600000039762,14
2,2,burst,502,0.1345420000006925,14
2,2,burst,503,0.06645900000057736,14
2,2,burst,504,0.2647500000002765,14
2,2,burst,505,0.13408300000082818,14
2,2,burst,506,0.14783299999999144,14
2,2,burst,507,0.24454100000002654,14
2,2,burst,508,0.05670800000007148,14
2,2,burst,509,0.063083000000006,14
2,2,burst,510,0.5742920000002414,14
2,2,burst,511,0.054333000000042375,14
2,2,burst,512,0.16550000000006548,14
2,2,burst,513,0.05479199999990669,14
2,2,burst,514,0.055416000000150234,14
2,2,burst,515,0.05249999999978172,14
2,2,burst,516,0.053249999999934516,14
2,2,burst,517,0.056874999999308784,14
2,2,burst,518,0.053708999999798834,14
2,2,burst,519,0.051916000000346685,14
2,2,burst,520,0.05349999999998545,14
2,2,burst,521,12.62816599999951,14
2,2,burst,522,0.16954199999963748,14
2,2,burst,523,0.1314170000005106,14
2,2,burst,524,3.664332999999715,14
2,2,burst,525,9.392457999999351,14
2,2,burst,526,0.1703749999996944,14
2,2,burst,527,3.260750000000371,14
2,2,burst,528,0.32983300000068994,14
2,2,burst,529,0.14191699999992125,14
2,2,burst,530,0.13558399999965332,14
2,2,burst,531,0.12691700000050332,14
2,2,burst,532,10.892334000000119,14
2,2,burst,533,0.40241599999990285,14
2,2,burst,534,0.1882499999992433,14
2,2,burst,535,0.7302499999996144,14
2,2,burst,536,0.1659589999999298,14
2,2,burst,537,0.1482080000005226,14
2,2,burst,538,0.13245899999947142,14
2,2,burst,539,0.13720899999952962,14
2,2,burst,540,0.15133400000013353,14
2,2,burst,541,0.15024999999968713,14
2,2,burst,542,0.13241699999980483,14
2,2,burst,543,0.13158300000031886,14
2,2,burst,544,0.13345899999967514,14
2,2,burst,545,0.14691700000003038,14
2,2,burst,546,0.06837499999983265,14
2,2,burst,547,0.0592079999996713,14
2,2,burst,548,0.0586250000005748,14
2,2,burst,549,0.05741599999964819,14
2,2,burst,550,0.05479199999990669,14
2,2,burst,551,0.06154100000003382,14
2,2,burst,552,0.07245800000055169,14
2,2,burst,553,0.056542000000263215,14
2,2,burst,554,0.05520799999976589,14
2,2,burst,555,0.053958000000420725,14
2,2,burst,556,0.05516699999952834,14
2,2,burst,557,0.05591699999968114,14
2,2,burst,558,0.052832999999736785,14
2,2,burst,559,0.052832999999736785,14
2,2,burst,560,0.05429100000037579,14
2,2,burst,561,0.053791999999702966,14
2,2,burst,562,0.05462500000066939,14
2,2,burst,563,0.05516700000043784,14
2,2,burst,564,0.053708999999798834,14
2,2,burst,565,0.05650000000059663,14
2,2,burst,566,0.05724999999983993,14
2,2,burst,567,0.054667000000335975,14
2,2,burst,568,0.0538749999996071,14
2,2,burst,569,0.05941699999948469,14
2,2,burst,570,0.05441599999994651,14
2,2,burst,571,0.05462499999975989,14
2,2,burst,572,0.054917000000386906,14
2,2,burst,573,0.05475000000024011,14
2,2,burst,574,0.052875000000312866,14
2,2,burst,575,0.05587499999910506,14
2,2,burst,576,0.052959000000555534,14
2,2,burst,577,0.05366700000013225,14
2,2,burst,578,0.051375000000007276,14
2,2,burst,579,0.05158300000039162,14
2,2,burst,580,0.05645899999944959,14
2,2,burst,581,0.05445899999995163,14
2,2,burst,582,0.05195800000001327,14
2,2,burst,583,0.05320800000026793,14
2,2,burst,584,0.05366700000013225,14
2,2,burst,585,0.05645800000002055,14
2,2,burst,586,0.05150000000048749,14
2,2,burst,587,0.05358399999931862,14
2,2,burst,588,0.053334000000177184,14
2,2,burst,589,0.05154199999924458,14
2,2,burst,590,0.05195800000001327,14
2,2,burst,591,0.05304100000012113,14
2,2,burst,592,0.0522080000000642,14
2,2,burst,593,0.05262499999935244,14
2,2,burst,594,0.05358299999988958,14
2,2,burst,595,0.05145799999991141,14
2,2,burst,596,0.054333000000042375,14
2,2,burst,597,0.05316599999969185,14
2,2,burst,598,0.052625000000261934,14
2,2,burst,599,0.05762499999946158,14
2,2,burst,600,0.05337500000041473,14
2,2,burst,601,0.054333000000042375,14
2,2,burst,602,0.05325000000084401,14
2,2,burst,603,0.052875000000312866,14
2,2,burst,604,0.05399999999917782,14
2,2,burst,605,0.052375000000211,14
2,2,burst,606,0.05241699999987759,14
2,2,burst,607,0.05283300000064628,14
2,2,burst,608,0.0527910000000702,14
2,2,burst,609,0.05433400000038091,14
2,2,burst,610,0.05191700000068522,14
2,2,burst,611,0.05249999999978172,14
2,2,burst,612,0.05337500000041473,14
2,2,burst,613,0.051167000000532425,14
2,2,burst,614,0.05304100000012113,14
2,2,burst,615,0.052417000000787084,14
2,2,burst,616,0.05712500000026921,14
2,2,burst,617,0.05829200000061974,14
2,2,burst,618,0.05175000000053842,14
2,2,burst,619,0.05158300000039162,14
2,2,burst,620,0.05416700000023411,14
2,2,burst,621,0.050916999999572,14
2,2,burst,622,0.05166599999938626,14
2,2,burst,623,0.05341699999917182,14
2,2,burst,624,0.05387500000051659,14
2,2,burst,625,0.05033300000013696,14
2,2,burst,626,0.051542000000154076,14
2,2,burst,627,0.05162500000005821,14
2,2,burst,628,0.05383299999994051,14
2,2,burst,629,0.05162500000005821,14
2,2,burst,630,0.051541000000725035,14
2,2,burst,631,0.05141699999967386,14
2,2,burst,632,0.05329100000017206,14
2,2,burst,633,0.05087500000081491,14
2,2,burst,634,0.055416999999579275,14
2,2,burst,635,0.05358299999988958,14
2,2,burst,636,0.05108300000028976,14
2,2,burst,637,0.05420800000047166,14
2,2,burst,638,0.05254199999944831,14
2,2,burst,639,0.0529579999993075,14
2,2,burst,640,0.051375000000007276,14
2,2,burst,641,0.050833000000238826,14
2,2,burst,642,0.05375000000003638,14
2,2,burst,643,0.05258400000002439,14
2,2,burst,644,13.359582999999475,14
2,2,burst,645,0.1600830000006681,14
2,2,burst,646,0.1437500000001819,14
2,2,burst,647,0.18075000000044383,14
2,2,burst,648,0.1959999999999127,14
2,2,burst,649,0.13549999999941065,14
2,2,burst,650,0.18425000000024738,14
2,2,burst,651,0.18112500000006548,14
2,2,burst,652,0.14237500000035652,14
2,2,burst,653,0.135124999999789,14
2,2,burst,654,0.13045799999963492,14
2,2,burst,655,0.1273750000000291,14
2,2,burst,656,0.13025000000016007,14
2,2,burst,657,0.13150000000041473,14
2,2,burst,658,0.1301659999999174,14
2,2,burst,659,0.1755410000005213,14
2,2,burst,660,0.13683399999990797,14
2,2,burst,661,0.36095900000054826,14
2,2,burst,662,0.13358400000015536,14
2,2,burst,663,0.27345900000000256,14
2,2,burst,664,0.27999999999974534,14
2,2,burst,665,0.33104199999979755,14
2,2,burst,666,0.1477919999997539,14
2,2,burst,667,0.12870900000052643,14
2,2,burst,668,0.12762500000008004,14
2,2,burst,669,6.671250000000327,14
2,2,burst,670,0.25204200000007404,14
2,2,burst,671,0.06462499999997817,14
2,2,burst,672,0.05679199999940465,14
2,2,burst,673,0.05737500000032014,14
2,2,burst,674,0.05295899999964604,14
2,2,burst,675,0.05400000000008731,14
2,2,burst,676,0.05270899999959511,14
2,2,burst,677,0.059083999999529624,14
2,2,burst,678,0.05404100000032486,14
2,2,burst,679,0.05300000000079308,14
2,2,burst,680,0.05983299999934388,14
2,2,burst,681,0.05249999999978172,14
2,2,burst,682,0.05125000000043656,14
2,2,burst,683,0.05162499999914871,14
2,2,burst,684,0.06754200000068522,14
2,2,burst,685,0.052832999999736785,14
2,2,burst,686,0.05158399999982066,14
2,2,burst,687,0.05087499999990541,14
2,2,burst,688,0.05362500000046566,14
2,2,burst,689,0.05187500000010914,14
2,2,burst,690,0.051124999999956344,14
2,2,burst,691,0.05187500000010914,14
2,2,burst,692,0.05291699999997945,14
2,2,burst,693,0.050583999999616935,14
2,2,burst,694,0.04991599999993923,14
2,2,burst,695,0.053374999999505235,14
2,2,burst,696,0.05187500000010914,14
2,2,burst,697,0.0500000000001819,14
2,2,burst,698,0.050750000000334694,14
2,2,burst,699,0.05079100000057224,14
2,2,burst,700,0.05145799999991141,14
2,2,burst,701,0.055416999999579275,14
2,2,burst,702,0.05045900000004622,14
2,2,burst,703,0.050958999999238586,14
2,2,burst,704,0.05216699999982666,14
2,2,burst,705,0.050666000000092026,14
2,2,burst,706,0.05162500000005821,14
2,2,burst,707,0.049874999999701686,14
2,2,burst,708,0.05958299999929295,14
2,2,burst,709,0.05412499999965803,14
2,2,burst,710,0.06287499999962165,14
2,2,burst,711,0.05208299999958399,14
2,2,burst,712,0.06320800000048621,14
2,2,burst,713,0.04995800000051531,14
2,2,burst,714,0.055041999999957625,14
2,2,burst,715,0.05216600000039762,14
2,2,burst,716,0.05912499999976717,14
2,2,burst,717,0.05224999999973079,14
2,2,burst,718,0.056582999999591266,14
2,2,burst,719,0.068583000000217,14
2,2,burst,720,0.061959000000570086,14
2,2,burst,721,0.05908400000043912,14
2,2,burst,722,0.059166999999433756,14
2,2,burst,723,0.06300000000010186,14
2,2,burst,724,0.06625000000076398,14
2,2,burst,725,0.058584000000337255,14
2,2,burst,726,0.05962499999986903,14
2,2,burst,727,0.06304199999976845,14
2,2,burst,728,0.07325000000037107,14
2,2,burst,729,0.056749999999738066,14
2,2,burst,730,0.05887499999971624,14
2,2,burst,731,2.2878749999999854,14
2,2,burst,732,0.06674999999995634,14
2,2,burst,733,0.06058400000074471,14
2,2,burst,734,0.058167000000139524,14
2,2,burst,735,0.058040999999320775,14
2,2,burst,736,0.056916999999884865,14
2,2,burst,737,0.05829199999971024,14
2,2,burst,738,0.056000000000494765,14
2,2,burst,739,0.058209000000715605,14
2,2,burst,740,0.058250000000043656,14
2,2,burst,741,0.057625000000371074,14
2,2,burst,742,0.06620899999961694,14
2,2,burst,743,0.05866700000024139,14
2,2,burst,744,0.05645800000002055,14
2,2,burst,745,0.060666000000310305,14
2,2,burst,746,0.056749999999738066,14
2,2,burst,747,0.058250000000043656,14
2,2,burst,748,0.057084000000031665,14
2,2,burst,749,0.05775000000085129,14
2,2,burst,750,0.05574999999953434,14
2,2,burst,751,0.0559159999993426,14
2,2,burst,752,0.05583299999943847,14
2,2,burst,753,0.0571669999999358,14
2,2,burst,754,0.057041999999455584,14
2,2,burst,755,0.057832999999845924,14
2,2,burst,756,0.05629099999987375,14
2,2,burst,757,0.06666700000005221,14
2,2,burst,758,0.07579099999929895,14
2,2,burst,759,0.0805000000000291,14
2,2,burst,760,0.08424999999988358,14
2,2,burst,761,0.07804200000009587,14
2,2,burst,762,0.07587499999954161,14
2,2,burst,763,0.07666700000027049,14
2,2,burst,764,0.07758400000057009,14
2,2,burst,765,0.0766250000006039,14
2,2,burst,766,0.07504200000039418,14
2,2,burst,767,0.07445900000038819,14
2,2,burst,768,0.07704199999989214,14
2,2,burst,769,0.07608299999992596,14
2,2,burst,770,0.07512499999938882,14
2,2,burst,771,0.07741700000042329,14
2,2,burst,772,0.07583299999987503,14
2,2,burst,773,0.0764580000004571,14
2,2,burst,774,0.0777910000006159,14
2,2,burst,775,0.07529199999953562,14
2,2,burst,776,0.07725000000027649,14
2,2,burst,777,0.08341699999982666,14
2,2,burst,778,0.07616700000016863,14
2,2,burst,779,0.07566600000063772,14
2,2,burst,780,0.07654199999979028,14
2,2,burst,781,0.07537500000034925,14
2,2,burst,782,0.07587500000045111,14
2,2,burst,783,0.07637499999964348,14
2,2,burst,784,0.07625000000007276,14
2,2,burst,785,0.07583299999987503,14
2,2,burst,786,0.0782920000001468,14
2,2,burst,787,0.08400000000074215,14
2,2,burst,788,0.08058299999993324,14
2,2,burst,789,0.07554200000049605,14
2,2,burst,790,0.076083999999355,14
2,2,burst,791,0.07662499999969441,14
2,2,burst,792,0.07683300000007875,14
2,2,burst,793,0.08150000000023283,14
2,2,burst,794,0.07700000000022555,14
2,2,burst,795,0.07587499999954161,14
2,2,burst,796,0.07695800000055897,14
2,2,burst,797,0.07566700000006676,14
2,2,burst,798,0.07420900000033726,14
2,2,burst,799,0.11224999999922147,14
2,2,burst,800,0.1334580000002461,14
2,2,burst,801,0.08699999999953434,14
2,2,burst,802,13.262583000000632,14
2,2,burst,803,0.18595899999945686,14
2,2,burst,804,0.17087499999979627,14
2,2,burst,805,0.16345799999999144,14
2,2,burst,806,0.16170799999963492,14
2,2,burst,807,0.16537500000049477,14
2,2,burst,808,0.16191600000001927,14
2,2,burst,809,0.16341600000032486,14
2,2,burst,810,0.15933299999960582,14
2,2,burst,811,0.198500000000422,14
2,2,burst,812,0.16433299999971496,14
2,2,burst,813,0.1570000000001528,14
2,2,burst,814,0.15820799999983137,14
2,2,burst,815,0.16108299999996234,14
2,2,burst,816,0.1564170000001468,14
2,2,burst,817,0.1628339999997479,14
2,2,burst,818,0.16454200000043784,14
2,2,burst,819,0.16262499999993452,14
2,2,burst,820,0.16254200000003038,14
2,2,burst,821,0.15916599999945902,14
2,2,burst,822,0.16387500000018917,14
2,2,burst,823,0.16020800000023883,14
2,2,burst,824,91.64708300000075,14
2,2,burst,825,13.422333999999864,14
2,2,burst,826,0.24200000000018917,14
2,2,burst,827,0.1614159999999174,14
2,2,burst,828,0.1414999999997235,14
2,2,burst,829,0.13787500000034925,14
2,2,burst,830,0.1367499999996653,14
2,2,burst,831,0.14608300000054442,14
2,2,burst,832,0.1373329999996713,14
2,2,burst,833,0.13608399999975518,14
2,2,burst,834,0.13374999999996362,14
2,2,burst,835,0.1389579999995476,14
2,2,burst,836,0.13500000000021828,14
2,2,burst,837,0.13204199999927368,14
2,2,burst,838,0.13312500000029104,14
2,2,burst,839,0.13450000000011642,14
2,2,burst,840,0.13400000000001455,14
2,2,burst,841,0.13120899999921676,14
2,2,burst,842,0.13612499999999272,14
2,2,burst,843,0.14641699999992852,14
2,2,burst,844,0.1306669999994483,14
2,2,burst,845,0.13733400000000984,14
2,2,burst,846,0.13204199999927368,14
2,2,burst,847,0.1343749999996362,14
2,2,burst,848,0.1324590000003809,14
2,2,burst,849,0.13233299999956216,14
2,2,burst,850,0.13291599999956816,14
2,2,burst,851,0.5223750000004657,14
2,2,burst,852,0.15829200000007404,14
2,2,burst,853,0.13795799999934388,14
2,2,burst,854,0.1462920000003578,14
2,2,burst,855,0.17033300000002782,14
2,2,burst,856,0.1608750000004875,14
2,2,burst,857,0.13858299999992596,14
2,2,burst,858,0.1325829999996131,14
2,2,burst,859,0.13862499999959255,14
2,2,burst,860,0.17033300000002782,14
2,2,burst,861,0.13475000000016735,14
2,2,burst,862,0.17666600000029575,14
2,2,burst,863,0.2180419999995138,14
2,2,burst,864,0.13391599999977188,14
2,2,burst,865,0.13374999999996362,14
2,2,burst,866,0.12637499999982538,14
2,2,burst,867,0.13187500000003638,14
2,2,burst,868,0.12908300000071904,14
2,2,burst,869,0.13516600000002654,14
2,2,burst,870,0.13112500000079308,14
2,2,burst,871,0.13066600000001927,14
2,2,burst,872,0.13137499999993452,14
2,2,burst,873,0.13816599999972823,14
2,2,burst,874,0.13833299999987503,14
2,2,burst,875,0.12933299999986048,14
2,2,burst,876,0.12837500000023283,14
2,2,burst,877,0.15233400000033726,14
2,2,burst,878,16.380583000000115,14
2,2,burst,879,0.2469169999994847,14
2,2,burst,880,0.15824999999949796,14
2,2,burst,881,0.1453750000000582,14
2,2,burst,882,0.1437500000001819,14
2,2,burst,883,0.1397500000002765,14
2,2,burst,884,0.13904100000036124,14
2,2,burst,885,0.1352919999999358,14
2,2,burst,886,0.13816700000006676,14
2,2,burst,887,0.13816700000006676,14
2,2,burst,888,0.14158300000053714,14
2,2,burst,889,0.1327080000000933,14
2,2,burst,890,0.13758400000006077,14
2,2,burst,891,0.13608399999975518,14
2,2,burst,892,0.13104199999997945,14
2,2,burst,893,0.135417000000416,14
2,2,burst,894,0.15424999999959255,14
2,2,burst,895,0.1334579999993366,14
2,2,burst,896,0.13687500000014552,14
2,2,burst,897,0.135707999999795,14
2,2,burst,898,0.1334580000002461,14
2,2,burst,899,0.13483399999950052,14
2,2,burst,900,0.13333300000067538,14
2,2,burst,901,0.1334580000002461,14
2,2,burst,902,0.13412500000049477,14
2,2,burst,903,0.13916599999993196,14
2,2,burst,904,0.13283300000057352,14
2,2,burst,905,12.239958999999544,14
2,2,burst,906,0.1992499999996653,14
2,2,burst,907,0.13162499999998545,14
2,2,burst,908,0.12083299999994779,14
2,2,burst,909,0.11862500000006548,14
2,2,burst,910,0.11616700000013225,14
2,2,burst,911,0.14104200000019773,14
2,2,burst,912,0.11799999999948341,14
2,2,burst,913,0.11329200000000128,14
2,2,burst,914,0.11395799999991141,14
2,2,burst,915,0.11287499999980355,14
2,2,burst,916,0.11054199999944103,14
2,2,burst,917,0.12008400000013353,14
2,2,burst,918,0.11316700000043056,14
2,2,burst,919,0.11658400000032998,14
2,2,burst,920,0.11083299999972951,14
2,2,burst,921,0.11270800000056624,14
2,2,burst,922,0.11283299999922747,14
2,2,burst,923,0.11266599999999016,14
2,2,burst,924,0.11166599999978644,14
2,2,burst,925,0.11345799999980954,14
2,2,burst,926,0.11300000000028376,14
2,2,burst,927,0.11449999999967986,14
2,2,burst,928,0.11924999999973807,14
2,2,burst,929,0.11275000000023283,14
2,2,burst,930,0.11166700000012497,14
2,2,burst,931,0.1117500000000291,14
2,2,burst,932,0.11679199999980483,14
2,2,burst,933,0.11437500000010914,14
2,2,burst,934,0.11345800000071904,14
2,2,burst,935,0.11391699999967386,14
2,2,burst,936,0.11412500000005821,14
2,2,burst,937,0.11350000000038563,14
2,2,burst,938,0.11195899999984249,14
2,2,burst,939,13.35254200000054,14
2,2,burst,940,0.2736670000003869,14
2,2,burst,941,0.1810830000003989,14
2,2,burst,942,0.15041699999983393,14
2,2,burst,943,0.13812500000040018,14
2,2,burst,944,0.135417000000416,14
2,2,burst,945,0.16437499999938154,14
2,2,burst,946,0.14270800000031159,14
2,2,burst,947,0.13045899999997346,14
2,2,burst,948,0.13320800000019517,14
2,2,burst,949,0.14029200000004494,14
2,2,burst,950,0.14649999999983265,14
2,2,burst,951,0.13170799999988958,14
2,2,burst,952,0.13175000000046566,14
2,2,burst,953,0.15720800000053714,14
2,2,burst,954,0.12854200000037963,14
2,2,burst,955,0.1306670000003578,14
2,2,burst,956,0.1288750000003347,14
2,2,burst,957,0.1295829999999114,14
2,2,burst,958,0.12733300000036252,14
2,2,burst,959,0.1312499999994543,14
2,2,burst,960,0.135707999999795,14
2,2,burst,961,0.14691600000060134,14
2,2,burst,962,0.12799999999970169,14
2,2,burst,963,0.12795899999946414,14
2,2,burst,964,0.1291670000000522,14
2,2,burst,965,2.9113750000005894,14
2,2,burst,966,0.17683299999953306,14
2,2,burst,967,0.14799999999922875,14
2,2,burst,968,0.16570799999954033,14
2,2,burst,969,0.13170900000022812,14
2,2,burst,970,0.13008300000001327,14
2,2,burst,971,0.1319999999996071,14
2,2,burst,972,0.12891700000000128,14
2,2,burst,973,0.17266600000039034,14
2,2,burst,974,0.26566600000023755,14
2,2,burst,975,0.14112500000010186,14
2,2,burst,976,0.14112500000010186,14
2,2,burst,977,0.13595799999984592,14
2,2,burst,978,0.145542000000205,14
2,2,burst,979,0.8890830000000278,14
2,2,burst,980,0.16370800000004238,14
2,2,burst,981,0.44370900000012625,14
2,2,burst,982,0.14883300000019517,14
2,2,burst,983,0.14258299999983137,14
2,2,burst,984,0.1394159999999829,14
2,2,burst,985,0.13020800000049348,14
2,2,burst,986,0.12687499999992724,14
2,2,burst,987,0.13991700000042329,14
2,2,burst,988,0.247958999999355,14
2,2,burst,989,0.1431669999992664,14
2,2,burst,990,0.12904100000014296,14
2,2,burst,991,0.1272499999995489,14
2,2,burst,992,2.1995000000006257,14
2,2,burst,993,0.14045900000019174,14
2,2,burst,994,0.15283300000010058,14
2,2,burst,995,0.19716600000083417,14
2,2,burst,996,0.14499999999952706,14
2,2,burst,997,0.26916700000037963,14
2,2,burst,998,0.2301660000002812,14
2,2,burst,999,0.14858300000014424,14
2,4,idle,0,0.0029169999997975538,0
2,4,idle,1,0.002375000000029104,0
2,4,idle,2,0.002458999999362277,0
2,4,idle,3,0.0028750000001309672,0
2,4,idle,4,0.002500000000509317,0
2,4,idle,5,0.002375000000029104,0
2,4,idle,6,0.003333000000566244,0
2,4,idle,7,0.002666000000317581,0
2,4,idle,8,0.0029169999997975538,0
2,4,idle,9,0.0024160000002666493,0
2,4,idle,10,0.002457999999933236,0
2,4,idle,11,0.0031249999992724042,0
2,4,idle,12,0.002457999999933236,0
2,4,idle,13,0.0024160000002666493,0
2,4,idle,14,0.0026670000006561168,0
2,4,idle,15,0.0034590000004754984,0
2,4,idle,16,0.0023339999997915584,0
2,4,idle,17,0.0024169999996956903,0
2,4,idle,18,0.0023330000003625173,0
2,4,idle,19,0.003250000000662112,0
2,4,idle,20,0.0024159999993571546,0
2,4,idle,21,0.0024169999996956903,0
2,4,idle,22,0.0024169999996956903,0
2,4,idle,23,0.0025410000007468625,0
2,4,idle,24,0.0027079999999841675,0
2,4,idle,25,0.002292000000124972,0
2,4,idle,26,0.0024999999995998223,0
2,4,idle,27,0.0024590000002717716,0
2,4,idle,28,0.0023339999997915584,0
2,4,idle,29,0.0028750000001309672,0
2,4,idle,30,0.002458999999362277,0
2,4,idle,31,0.0031669999998484855,0
2,4,idle,32,0.002290999999786436,0
2,4,idle,33,0.0026250000000800355,0
2,4,idle,34,0.0024580000008427305,0
2,4,idle,35,0.002749999999650754,0
2,4,idle,36,0.0058339999995951075,0
2,4,idle,37,0.0027079999999841675,0
2,4,idle,38,0.0033329999996567494,0
2,4,idle,39,0.002457999999933236,0
2,4,idle,40,0.0029169999997975538,0
2,4,idle,41,0.002375000000029104,0
2,4,idle,42,0.002375000000029104,0
2,4,idle,43,0.002583000000413449,0
2,4,idle,44,0.002417000000605185,0
2,4,idle,45,0.0026670000006561168,0
2,4,idle,46,0.0032499999997526174,0
2,4,idle,47,0.002583000000413449,0
2,4,idle,48,0.002457999999933236,0
2,4,idle,49,0.002290999999786436,0
2,4,idle,50,0.0026250000000800355,0
2,4,idle,51,0.002375000000029104,0
2,4,idle,52,0.002292000000124972,0
2,4,idle,53,0.0023330000003625173,0
2,4,idle,54,0.0022500000004583853,0
2,4,idle,55,0.002541999999266409,0
2,4,idle,56,0.0027909999998882995,0
2,4,idle,57,0.002583000000413449,0
2,4,idle,58,0.0023330000003625173,0
2,4,idle,59,0.002457999999933236,0
2,4,idle,60,0.0022499999995488906,0
2,4,idle,61,0.003749999999854481,0
2,4,idle,62,0.0025420000001759036,0
2,4,idle,63,0.002457999999933236,0
2,4,idle,64,0.0026250000000800355,0
2,4,idle,65,0.0024169999996956903,0
2,4,idle,66,0.002791000000797794,0
2,4,idle,67,0.0036250000002837623,0
2,4,idle,68,0.0022499999995488906,0
2,4,idle,69,0.0030839999999443535,0
2,4,idle,70,0.002375000000029104,0
2,4,idle,71,0.0028330000004643807,0
2,4,idle,72,0.002292000000124972,0
2,4,idle,73,0.004958999999871594,0
2,4,idle,74,0.004167000000052212,0
2,4,idle,75,0.0025829999995039543,0
2,4,idle,76,0.0027909999998882995,0
2,4,idle,77,0.0037080000001878943,0
2,4,idle,78,0.0024999999995998223,0
2,4,idle,79,0.002457999999933236,0
2,4,idle,80,0.002290999999786436,0
2,4,idle,81,0.0023330000003625173,0
2,4,idle,82,0.0029170000007070485,0
2,4,idle,83,0.002500000000509317,0
2,4,idle,84,0.0022500000004583853,0
2,4,idle,85,0.0024160000002666493,0
2,4,idle,86,0.002457999999933236,0
2,4,idle,87,0.0030000000006111804,0
2,4,idle,88,0.003208000000086031,0
2,4,idle,89,0.002666000000317581,0
2,4,idle,90,0.0023330000003625173,0
2,4,idle,91,0.002583000000413449,0
2,4,idle,92,0.003749999999854481,0
2,4,idle,93,0.0030829999996058177,0
2,4,idle,94,0.0026250000000800355,0
2,4,idle,95,0.0026250000000800355,0
2,4,idle,96,0.002291999999215477,0
2,4,idle,97,0.0029169999997975538,0
2,4,idle,98,0.002375000000029104,0
2,4,idle,99,0.0026250000000800355,0
2,4,idle,100,0.002500000000509317,0
2,4,idle,101,0.0032920000003286987,0
2,4,idle,102,0.0026250000000800355,0
2,4,idle,103,0.0028340000008029165,0
2,4,idle,104,0.002292000000124972,0
2,4,idle,105,0.0024999999995998223,0
2,4,idle,106,0.002458999999362277,0
2,4,idle,107,0.0027090000003227033,0
2,4,idle,108,0.0027089999994132086,0
2,4,idle,109,0.0024590000002717716,0
2,4,idle,110,0.0029170000007070485,0
2,4,idle,111,0.005583000000115135,0
2,4,idle,112,0.002457999999933236,0
2,4,idle,113,0.003665999999611813,0
2,4,idle,114,0.0024580000008427305,0
2,4,idle,115,0.0025829999995039543,0
2,4,idle,116,0.0024169999996956903,0
2,4,idle,117,0.0022500000004583853,0
2,4,idle,118,0.0028340000008029165,0
2,4,idle,119,0.0024590000002717716,0
2,4,idle,120,0.002458999999362277,0
2,4,idle,121,0.0023339999997915584,0
2,4,idle,122,0.0023339999997915584,0
2,4,idle,123,0.0023339999997915584,0
2,4,idle,124,0.0027920000002268353,0
2,4,idle,125,0.0023330000003625173,0
2,4,idle,126,0.0032499999997526174,0
2,4,idle,127,0.00258399999984249,0
2,4,idle,128,0.002292000000124972,0
2,4,idle,129,0.0034580000001369626,0
2,4,idle,130,0.002375000000029104,0
2,4,idle,131,0.0032920000003286987,0
2,4,idle,132,0.0030830000005153124,0
2,4,idle,133,0.0024160000002666493,0
2,4,idle,134,0.0028750000001309672,0
2,4,idle,135,0.002292000000124972,0
2,4,idle,136,0.0024169999996956903,0
2,4,idle,137,0.003040999999939231,0
2,4,idle,138,0.00258399999984249,0
2,4,idle,139,0.0027500000005602487,0
2,4,idle,140,0.002457999999933236,0
2,4,idle,141,0.002500000000509317,0
2,4,idle,142,0.0024160000002666493,0
2,4,idle,143,0.002500000000509317,0
2,4,idle,144,0.06779100000039762,0
2,4,idle,145,0.010166000000026543,0
2,4,idle,146,0.003749999999854481,0
2,4,idle,147,0.002540999999837368,0
2,4,idle,148,0.0030419999993682723,0
2,4,idle,149,0.0025420000001759036,0
2,4,idle,150,0.003040999999939231,0
2,4,idle,151,0.0025829999995039543,0
2,4,idle,152,0.0028750000001309672,0
2,4,idle,153,0.0036250000002837623,0
2,4,idle,154,0.0026670000006561168,0
2,4,idle,155,0.0028750000001309672,0
2,4,idle,156,0.00258399999984249,0
2,4,idle,157,0.0023339999997915584,0
2,4,idle,158,0.002541999999266409,0
2,4,idle,159,0.0023329999994530226,0
2,4,idle,160,0.0029580000000350992,0
2,4,idle,161,0.0029999999997016857,0
2,4,idle,162,0.0025420000001759036,0
2,4,idle,163,0.002290999999786436,0
2,4,idle,164,0.0040829999998095445,0
2,4,idle,165,0.002500000000509317,0
2,4,idle,166,0.0030000000006111804,0
2,4,idle,167,0.002500000000509317,0
2,4,idle,168,0.002457999999933236,0
2,4,idle,169,0.002374999999119609,0
2,4,idle,170,0.002375000000029104,0
2,4,idle,171,0.0028339999998934218,0
2,4,idle,172,0.0027079999999841675,0
2,4,idle,173,0.0024999999995998223,0
2,4,idle,174,0.0024590000002717716,0
2,4,idle,175,0.002292000000124972,0
2,4,idle,176,0.003125000000181899,0
2,4,idle,177,0.0025420000001759036,0
2,4,idle,178,0.0025420000001759036,0
2,4,idle,179,0.002292000000124972,0
2,4,idle,180,0.002207999999882304,0
2,4,idle,181,0.002290999999786436,0
2,4,idle,182,0.0027920000002268353,0
2,4,idle,183,0.0024169999996956903,0
2,4,idle,184,0.0028750000001309672,0
2,4,idle,185,0.0028750000001309672,0
2,4,idle,186,0.002375000000029104,0
2,4,idle,187,0.0028750000001309672,0
2,4,idle,188,0.0024590000002717716,0
2,4,idle,189,0.002417000000605185,0
2,4,idle,190,0.002457999999933236,0
2,4,idle,191,0.002457999999933236,0
2,4,idle,192,0.0028330000004643807,0
2,4,idle,193,0.0025829999995039543,0
2,4,idle,194,0.03737500000079308,0
2,4,idle,195,0.004249999999956344,0
2,4,idle,196,0.002458999999362277,0
2,4,idle,197,0.0033750000002328306,0
2,4,idle,198,0.0023330000003625173,0
2,4,idle,199,0.002375000000029104,0
2,4,idle,200,0.0031659999995099497,0
2,4,idle,201,0.0024999999995998223,0
2,4,idle,202,0.0027500000005602487,0
2,4,idle,203,0.0025840000007519848,0
2,4,idle,204,0.003333999999995285,0
2,4,idle,205,0.0027079999999841675,0
2,4,idle,206,0.002540999999837368,0
2,4,idle,207,0.002375000000029104,0
2,4,idle,208,0.0029580000000350992,0
2,4,idle,209,0.0024160000002666493,0
2,4,idle,210,0.002583000000413449,0
2,4,idle,211,0.002375000000029104,0
2,4,idle,212,0.002540999999837368,0
2,4,idle,213,0.0029999999997016857,0
2,4,idle,214,0.002624999999170541,0
2,4,idle,215,0.0033750000002328306,0
2,4,idle,216,0.0025420000001759036,0
2,4,idle,217,0.0024590000002717716,0
2,4,idle,218,0.0029169999997975538,0
2,4,idle,219,0.0022499999995488906,0
2,4,idle,220,0.0027079999999841675,0
2,4,idle,221,0.0024159999993571546,0
2,4,idle,222,0.0027920000002268353,0
2,4,idle,223,0.0027920000002268353,0
2,4,idle,224,0.002666000000317581,0
2,4,idle,225,0.002417000000605185,0
2,4,idle,226,0.002458999999362277,0
2,4,idle,227,0.0030839999999443535,0
2,4,idle,228,0.0024999999995998223,0
2,4,idle,229,0.0028749999992214725,0
2,4,idle,230,0.0029580000000350992,0
2,4,idle,231,0.002292000000124972,0
2,4,idle,232,0.002417000000605185,0
2,4,idle,233,0.002375000000029104,0
2,4,idle,234,0.0029999999997016857,0
2,4,idle,235,0.002292000000124972,0
2,4,idle,236,0.0026250000000800355,0
2,4,idle,237,0.0032920000003286987,0
2,4,idle,238,0.002458999999362277,0
2,4,idle,239,0.0027920000002268353,0
2,4,idle,240,0.0023330000003625173,0
2,4,idle,241,0.0024160000002666493,0
2,4,idle,242,0.002375000000029104,0
2,4,idle,243,0.0023329999994530226,0
2,4,idle,244,0.0036250000002837623,0
2,4,idle,245,0.002457999999933236,0
2,4,idle,246,0.002540999999837368,0
2,4,idle,247,0.002417000000605185,0
2,4,idle,248,0.002417000000605185,0
2,4,idle,249,0.002375000000029104,0
2,4,idle,250,0.0027920000002268353,0
2,4,idle,251,0.002375000000029104,0
2,4,idle,252,0.0023339999997915584,0
2,4,idle,253,0.0023339999997915584,0
2,4,idle,254,0.0022499999995488906,0
2,4,idle,255,0.0026670000006561168,0
2,4,idle,256,0.002334000000701053,0
2,4,idle,257,0.002500000000509317,0
2,4,idle,258,0.0032920000003286987,0
2,4,idle,259,0.0022499999995488906,0
2,4,idle,260,0.0032920000003286987,0
2,4,idle,261,0.0024169999996956903,0
2,4,idle,262,0.0031660000004194444,0
2,4,idle,263,0.0030000000006111804,0
2,4,idle,264,0.009458000000449829,0
2,4,idle,265,0.0034159999995608814,0
2,4,idle,266,0.0025829999995039543,0
2,4,idle,267,0.0024169999996956903,0
2,4,idle,268,0.002666999999746622,0
2,4,idle,269,0.0024160000002666493,0
2,4,idle,270,0.0028749999992214725,0
2,4,idle,271,0.003040999999939231,0
2,4,idle,272,0.0026250000000800355,0
2,4,idle,273,0.0024169999996956903,0
2,4,idle,274,0.002375000000029104,0
2,4,idle,275,0.002292000000124972,0
2,4,idle,276,0.0028750000001309672,0
2,4,idle,277,0.0031669999998484855,0
2,4,idle,278,0.0027079999999841675,0
2,4,idle,279,0.0022499999995488906,0
2,4,idle,280,0.002500000000509317,0
2,4,idle,281,0.0029169999997975538,0
2,4,idle,282,0.0024590000002717716,0
2,4,idle,283,0.00220900000022084,0
2,4,idle,284,0.0023339999997915584,0
2,4,idle,285,0.002375000000029104,0
2,4,idle,286,0.0028330000004643807,0
2,4,idle,287,0.002292000000124972,0
2,4,idle,288,0.002458999999362277,0
2,4,idle,289,0.0024169999996956903,0
2,4,idle,290,0.003208000000086031,0
2,4,idle,291,0.002375000000029104,0
2,4,idle,292,0.0028750000001309672,0
2,4,idle,293,0.002375000000029104,0
2,4,idle,294,0.003125000000181899,0
2,4,idle,295,0.002290999999786436,0
2,4,idle,296,0.0023329999994530226,0
2,4,idle,297,0.0035419999994701357,0
2,4,idle,298,0.0026250000000800355,0
2,4,idle,299,0.002375000000029104,0
2,4,idle,300,0.002457999999933236,0
2,4,idle,301,0.0024169999996956903,0
2,4,idle,302,0.0031249999992724042,0
2,4,idle,303,0.002375000000029104,0
2,4,idle,304,0.002457999999933236,0
2,4,idle,305,0.0024159999993571546,0
2,4,idle,306,0.0024169999996956903,0
2,4,idle,307,0.002290999999786436,0
2,4,idle,308,0.002749999999650754,0
2,4,idle,309,0.002500000000509317,0
2,4,idle,310,0.0024999999995998223,0
2,4,idle,311,0.0023330000003625173,0
2,4,idle,312,0.002417000000605185,0
2,4,idle,313,0.0028340000008029165,0
2,4,idle,314,0.002500000000509317,0
2,4,idle,315,0.0022500000004583853,0
2,4,idle,316,0.0024999999995998223,0
2,4,idle,317,0.002375000000029104,0
2,4,idle,318,0.0030000000006111804,0
2,4,idle,319,0.003125000000181899,0
2,4,idle,320,0.00258399999984249,0
2,4,idle,321,0.0031249999992724042,0
2,4,idle,322,0.0027500000005602487,0
2,4,idle,323,0.0028330000004643807,0
2,4,idle,324,0.002292000000124972,0
2,4,idle,325,0.002541999999266409,0
2,4,idle,326,0.002832999999554886,0
2,4,idle,327,0.0023329999994530226,0
2,4,idle,328,0.016749999999774445,0
2,4,idle,329,0.003208999999515072,0
2,4,idle,330,0.0024169999996956903,0
2,4,idle,331,0.002624999999170541,0
2,4,idle,332,0.0025420000001759036,0
2,4,idle,333,0.003125000000181899,0
2,4,idle,334,0.0028750000001309672,0
2,4,idle,335,0.002375000000029104,0
2,4,idle,336,0.002458999999362277,0
2,4,idle,337,0.0024580000008427305,0
2,4,idle,338,0.0024160000002666493,0
2,4,idle,339,0.003749999999854481,0
2,4,idle,340,0.0027500000005602487,0
2,4,idle,341,0.00258399999984249,0
2,4,idle,342,0.002540999999837368,0
2,4,idle,343,0.0023339999997915584,0
2,4,idle,344,0.003040999999939231,0
2,4,idle,345,0.0024169999996956903,0
2,4,idle,346,0.0023339999997915584,0
2,4,idle,347,0.0022499999995488906,0
2,4,idle,348,0.002541999999266409,0
2,4,idle,349,0.0023339999997915584,0
2,4,idle,350,0.003042000000277767,0
2,4,idle,351,0.0024160000002666493,0
2,4,idle,352,0.002417000000605185,0
2,4,idle,353,0.0032920000003286987,0
2,4,idle,354,0.0024160000002666493,0
2,4,idle,355,0.0027500000005602487,0
2,4,idle,356,0.002540999999837368,0
2,4,idle,357,0.002375000000029104,0
2,4,idle,358,0.002457999999933236,0
2,4,idle,359,0.002374999999119609,0
2,4,idle,360,0.0028330000004643807,0
2,4,idle,361,0.002417000000605185,0
2,4,idle,362,0.002500000000509317,0
2,4,idle,363,0.0025420000001759036,0
2,4,idle,364,0.0030839999999443535,0
2,4,idle,365,0.0029589999994641403,0
2,4,idle,366,0.0024169999996956903,0
2,4,idle,367,0.002457999999933236,0
2,4,idle,368,0.002290999999786436,0
2,4,idle,369,0.0023329999994530226,0
2,4,idle,370,0.002375000000029104,0
2,4,idle,371,0.0033750000002328306,0
2,4,idle,372,0.0025840000007519848,0
2,4,idle,373,0.0024590000002717716,0
2,4,idle,374,0.0030839999999443535,0
2,4,idle,375,0.0024169999996956903,0
2,4,idle,376,0.0028330000004643807,0
2,4,idle,377,0.003416000000470376,0
2,4,idle,378,0.002832999999554886,0
2,4,idle,379,0.002375000000029104,0
2,4,idle,380,0.0023330000003625173,0
2,4,idle,381,0.0034580000001369626,0
2,4,idle,382,0.0023330000003625173,0
2,4,idle,383,0.0022500000004583853,0
2,4,idle,384,0.0030839999999443535,0
2,4,idle,385,0.0025420000001759036,0
2,4,idle,386,0.0027909999998882995,0
2,4,idle,387,0.0024999999995998223,0
2,4,idle,388,0.002457999999933236,0
2,4,idle,389,0.0030830000005153124,0
2,4,idle,390,0.002375000000029104,0
2,4,idle,391,0.0024999999995998223,0
2,4,idle,392,0.0028749999992214725,0
2,4,idle,393,0.0027079999999841675,0
2,4,idle,394,0.002540999999837368,0
2,4,idle,395,0.0024169999996956903,0
2,4,idle,396,0.0024169999996956903,0
2,4,idle,397,0.002915999999459018,0
2,4,idle,398,0.0024169999996956903,0
2,4,idle,399,0.002457999999933236,0
2,4,idle,400,0.002290999999786436,0
2,4,idle,401,0.003250000000662112,0
2,4,idle,402,0.003666999999950349,0
2,4,idle,403,0.0025420000001759036,0
2,4,idle,404,0.002583000000413449,0
2,4,idle,405,0.003208000000086031,0
2,4,idle,406,0.002290999999786436,0
2,4,idle,407,0.002457999999933236,0
2,4,idle,408,0.003416999999899417,0
2,4,idle,409,0.0025420000001759036,0
2,4,idle,410,0.002375000000029104,0
2,4,idle,411,0.002500000000509317,0
2,4,idle,412,0.0028340000008029165,0
2,4,idle,413,0.0029170000007070485,0
2,4,idle,414,0.0024999999995998223,0
2,4,idle,415,0.0025420000001759036,0
2,4,idle,416,0.003040999999939231,0
2,4,idle,417,0.0025829999995039543,0
2,4,idle,418,0.002666999999746622,0
2,4,idle,419,0.002458999999362277,0
2,4,idle,420,0.002500000000509317,0
2,4,idle,421,0.002624999999170541,0
2,4,idle,422,0.038500000000567525,0
2,4,idle,423,0.00966599999992468,0
2,4,idle,424,0.003250000000662112,0
2,4,idle,425,0.002749999999650754,0
2,4,idle,426,0.0028750000001309672,0
2,4,idle,427,0.0025420000001759036,0
2,4,idle,428,0.002583000000413449,0
2,4,idle,429,0.0032499999997526174,0
2,4,idle,430,0.002666999999746622,0
2,4,idle,431,0.0024999999995998223,0
2,4,idle,432,0.0024590000002717716,0
2,4,idle,433,0.0024590000002717716,0
2,4,idle,434,0.004249999999956344,0
2,4,idle,435,0.0028750000001309672,0
2,4,idle,436,0.002375000000029104,0
2,4,idle,437,0.002666999999746622,0
2,4,idle,438,0.0023329999994530226,0
2,4,idle,439,0.0028750000001309672,0
2,4,idle,440,0.002500000000509317,0
2,4,idle,441,0.002583000000413449,0
2,4,idle,442,0.0023330000003625173,0
2,4,idle,443,0.0024999999995998223,0
2,4,idle,444,0.002832999999554886,0
2,4,idle,445,0.0034580000001369626,0
2,4,idle,446,0.002457999999933236,0
2,4,idle,447,0.015041000000564964,0
2,4,idle,448,0.006124999999883585,0
2,4,idle,449,0.002832999999554886,0
2,4,idle,450,0.003416000000470376,0
2,4,idle,451,0.0026250000000800355,0
2,4,idle,452,0.003374999999323336,0
2,4,idle,453,0.002749999999650754,0
2,4,idle,454,0.002375000000029104,0
2,4,idle,455,0.003040999999939231,0
2,4,idle,456,0.002624999999170541,0
2,4,idle,457,0.0029580000000350992,0
2,4,idle,458,0.002375000000029104,0
2,4,idle,459,0.00258399999984249,0
2,4,idle,460,0.0029999999997016857,0
2,4,idle,461,0.011958000000049651,0
2,4,idle,462,0.0029999999997016857,0
2,4,idle,463,0.003917000000001281,0
2,4,idle,464,0.002540999999837368,0
2,4,idle,465,0.0033329999996567494,0
2,4,idle,466,0.002541999999266409,0
2,4,idle,467,0.0027090000003227033,0
2,4,idle,468,0.0024999999995998223,0
2,4,idle,469,0.0027079999999841675,0
2,4,idle,470,0.0024999999995998223,0
2,4,idle,471,0.0031249999992724042,0
2,4,idle,472,0.0034590000004754984,0
2,4,idle,473,0.002500000000509317,0
2,4,idle,474,0.002292000000124972,0
2,4,idle,475,0.0024999999995998223,0
2,4,idle,476,0.0029999999997016857,0
2,4,idle,477,0.0027079999999841675,0
2,4,idle,478,0.002417000000605185,0
2,4,idle,479,0.0042920000005324255,0
2,4,idle,480,0.002375000000029104,0
2,4,idle,481,0.003208999999515072,0
2,4,idle,482,0.0031669999998484855,0
2,4,idle,483,0.0024999999995998223,0
2,4,idle,484,0.0023339999997915584,0
2,4,idle,485,0.002666999999746622,0
2,4,idle,486,0.0029580000000350992,0
2,4,idle,487,0.0026670000006561168,0
2,4,idle,488,0.0022500000004583853,0
2,4,idle,489,0.0027079999999841675,0
2,4,idle,490,0.002417000000605185,0
2,4,idle,491,0.002375000000029104,0
2,4,idle,492,0.003749999999854481,0
2,4,idle,493,0.0025420000001759036,0
2,4,idle,494,0.002375000000029104,0
2,4,idle,495,0.0024169999996956903,0
2,4,idle,496,0.0028750000001309672,0
2,4,idle,497,0.002959000000373635,0
2,4,idle,498,0.002292000000124972,0
2,4,idle,499,0.0027079999999841675,0
2,4,idle,500,0.002291999999215477,0
2,4,idle,501,0.0026250000000800355,0
2,4,idle,502,0.0027500000005602487,0
2,4,idle,503,0.002375000000029104,0
2,4,idle,504,0.0022500000004583853,0
2,4,idle,505,0.0024590000002717716,0
2,4,idle,506,0.0021669999996447586,0
2,4,idle,507,0.0023329999994530226,0
2,4,idle,508,0.002749999999650754,0
2,4,idle,509,0.0026250000000800355,0
2,4,idle,510,0.003416999999899417,0
2,4,idle,511,0.00258399999984249,0
2,4,idle,512,0.002292000000124972,0
2,4,idle,513,0.0029580000000350992,0
2,4,idle,514,0.0022500000004583853,0
2,4,idle,515,0.003333999999995285,0
2,4,idle,516,0.0024590000002717716,0
2,4,idle,517,0.003374999999323336,0
2,4,idle,518,0.0028750000001309672,0
2,4,idle,519,0.003208000000086031,0
2,4,idle,520,0.0026250000000800355,0
2,4,idle,521,0.002666000000317581,0
2,4,idle,522,0.002375000000029104,0
2,4,idle,523,0.0028749999992214725,0
2,4,idle,524,0.0032499999997526174,0
2,4,idle,525,0.0037080000001878943,0
2,4,idle,526,0.0025829999995039543,0
2,4,idle,527,0.002457999999933236,0
2,4,idle,528,0.002207999999882304,0
2,4,idle,529,0.0030829999996058177,0
2,4,idle,530,0.002375000000029104,0
2,4,idle,531,0.0024160000002666493,0
2,4,idle,532,0.0023330000003625173,0
2,4,idle,533,0.002457999999933236,0
2,4,idle,534,0.0026670000006561168,0
2,4,idle,535,0.002500000000509317,0
2,4,idle,536,0.0022500000004583853,0
2,4,idle,537,0.002500000000509317,0
2,4,idle,538,0.0023339999997915584,0
2,4,idle,539,0.002959000000373635,0
2,4,idle,540,0.0023339999997915584,0
2,4,idle,541,0.002624999999170541,0
2,4,idle,542,0.003291999999419204,0
2,4,idle,543,0.002500000000509317,0
2,4,idle,544,0.0028339999998934218,0
2,4,idle,545,0.0025840000007519848,0
2,4,idle,546,0.002292000000124972,0
2,4,idle,547,0.002540999999837368,0
2,4,idle,548,0.0023330000003625173,0
2,4,idle,549,0.0032920000003286987,0
2,4,idle,550,0.0027089999994132086,0
2,4,idle,551,0.0026250000000800355,0
2,4,idle,552,0.002417000000605185,0
2,4,idle,553,0.0027079999999841675,0
2,4,idle,554,0.0023329999994530226,0
2,4,idle,555,0.0030000000006111804,0
2,4,idle,556,0.0030000000006111804,0
2,4,idle,557,0.0026670000006561168,0
2,4,idle,558,0.0024160000002666493,0
2,4,idle,559,0.0025420000001759036,0
2,4,idle,560,0.002749999999650754,0
2,4,idle,561,0.0029169999997975538,0
2,4,idle,562,0.002375000000029104,0
2,4,idle,563,0.0024999999995998223,0
2,4,idle,564,0.002291000000695931,0
2,4,idle,565,0.0029999999997016857,0
2,4,idle,566,0.002292000000124972,0
2,4,idle,567,0.002375000000029104,0
2,4,idle,568,0.002207999999882304,0
2,4,idle,569,0.0025420000001759036,0
2,4,idle,570,0.0022500000004583853,0
2,4,idle,571,0.0029169999997975538,0
2,4,idle,572,0.0022500000004583853,0
2,4,idle,573,0.0034580000001369626,0
2,4,idle,574,0.002375000000029104,0
2,4,idle,575,0.002374999999119609,0
2,4,idle,576,0.0027090000003227033,0
2,4,idle,577,0.0026250000000800355,0
2,4,idle,578,0.0027920000002268353,0
2,4,idle,579,0.003125000000181899,0
2,4,idle,580,0.0024169999996956903,0
2,4,idle,581,0.0031249999992724042,0
2,4,idle,582,0.0023329999994530226,0
2,4,idle,583,0.0024999999995998223,0
2,4,idle,584,0.0024159999993571546,0
2,4,idle,585,0.0025829999995039543,0
2,4,idle,586,0.0027500000005602487,0
2,4,idle,587,0.0036250000002837623,0
2,4,idle,588,0.002457999999933236,0
2,4,idle,589,0.0024160000002666493,0
2,4,idle,590,0.0025420000001759036,0
2,4,idle,591,0.0024590000002717716,0
2,4,idle,592,0.0027500000005602487,0
2,4,idle,593,0.003208000000086031,0
2,4,idle,594,0.002375000000029104,0
2,4,idle,595,0.002457999999933236,0
2,4,idle,596,0.002457999999933236,0
2,4,idle,597,0.0028750000001309672,0
2,4,idle,598,0.021499999999832653,0
2,4,idle,599,0.0040829999998095445,0
2,4,idle,600,0.0024580000008427305,0
2,4,idle,601,0.003125000000181899,0
2,4,idle,602,0.0030829999996058177,0
2,4,idle,603,0.0027500000005602487,0
2,4,idle,604,0.002540999999837368,0
2,4,idle,605,0.0035419999994701357,0
2,4,idle,606,0.002375000000029104,0
2,4,idle,607,0.003500000000713044,0
2,4,idle,608,0.0029580000000350992,0
2,4,idle,609,0.002500000000509317,0
2,4,idle,610,0.0022499999995488906,0
2,4,idle,611,0.024917000000641565,0
2,4,idle,612,0.0052080000004934845,0
2,4,idle,613,0.003290999999990163,0
2,4,idle,614,0.0026670000006561168,0
2,4,idle,615,0.003500000000713044,0
2,4,idle,616,0.016083999999864318,0
2,4,idle,617,0.0036670000008598436,0
2,4,idle,618,0.019333000000187894,0
2,4,idle,619,0.0034580000001369626,0
2,4,idle,620,0.0027909999998882995,0
2,4,idle,621,0.0025420000001759036,0
2,4,idle,622,0.00258399999984249,0
2,4,idle,623,0.0027920000002268353,0
2,4,idle,624,0.0027500000005602487,0
2,4,idle,625,0.003917000000001281,0
2,4,idle,626,0.0027909999998882995,0
2,4,idle,627,0.0026250000000800355,0
2,4,idle,628,0.0025829999995039543,0
2,4,idle,629,0.004333000000769971,0
2,4,idle,630,0.0032499999997526174,0
2,4,idle,631,0.0024999999995998223,0
2,4,idle,632,0.0025829999995039543,0
2,4,idle,633,0.0029999999997016857,0
2,4,idle,634,0.003208000000086031,0
2,4,idle,635,0.002457999999933236,0
2,4,idle,636,0.003749999999854481,0
2,4,idle,637,0.002457999999933236,0
2,4,idle,638,0.0024159999993571546,0
2,4,idle,639,0.0029169999997975538,0
2,4,idle,640,0.0025420000001759036,0
2,4,idle,641,0.0032499999997526174,0
2,4,idle,642,0.0024999999995998223,0
2,4,idle,643,0.0024169999996956903,0
2,4,idle,644,0.0030839999999443535,0
2,4,idle,645,0.0023339999997915584,0
2,4,idle,646,0.0024169999996956903,0
2,4,idle,647,0.0027500000005602487,0
2,4,idle,648,0.0024590000002717716,0
2,4,idle,649,0.003584000000046217,0
2,4,idle,650,0.0030419999993682723,0
2,4,idle,651,0.0024999999995998223,0
2,4,idle,652,0.0024590000002717716,0
2,4,idle,653,0.002292000000124972,0
2,4,idle,654,0.0024160000002666493,0
2,4,idle,655,0.0028749999992214725,0
2,4,idle,656,0.002375000000029104,0
2,4,idle,657,0.002417000000605185,0
2,4,idle,658,0.0023330000003625173,0
2,4,idle,659,0.0023330000003625173,0
2,4,idle,660,0.0027909999998882995,0
2,4,idle,661,0.0023329999994530226,0
2,4,idle,662,0.002291999999215477,0
2,4,idle,663,0.0031669999998484855,0
2,4,idle,664,0.002457999999933236,0
2,4,idle,665,0.0033750000002328306,0
2,4,idle,666,0.002375000000029104,0
2,4,idle,667,0.0030829999996058177,0
2,4,idle,668,0.004249999999956344,0
2,4,idle,669,0.0024160000002666493,0
2,4,idle,670,0.0024590000002717716,0
2,4,idle,671,0.0029170000007070485,0
2,4,idle,672,0.002666000000317581,0
2,4,idle,673,0.0021669999996447586,0
2,4,idle,674,0.0024169999996956903,0
2,4,idle,675,0.0024159999993571546,0
2,4,idle,676,0.002749999999650754,0
2,4,idle,677,0.002290999999786436,0
2,4,idle,678,0.0026250000000800355,0
2,4,idle,679,0.0023330000003625173,0
2,4,idle,680,0.0024580000008427305,0
2,4,idle,681,0.0028750000001309672,0
2,4,idle,682,0.0025420000001759036,0
2,4,idle,683,0.0024159999993571546,0
2,4,idle,684,0.0023329999994530226,0
2,4,idle,685,0.002207999999882304,0
2,4,idle,686,0.0028750000001309672,0
2,4,idle,687,0.002457999999933236,0
2,4,idle,688,0.002540999999837368,0
2,4,idle,689,0.0023339999997915584,0
2,4,idle,690,0.0024590000002717716,0
2,4,idle,691,0.002500000000509317,0
2,4,idle,692,0.0026670000006561168,0
2,4,idle,693,0.0024590000002717716,0
2,4,idle,694,0.002375000000029104,0
2,4,idle,695,0.0024999999995998223,0
2,4,idle,696,0.003417000000808912,0
2,4,idle,697,0.0028339999998934218,0
2,4,idle,698,0.002375000000029104,0
2,4,idle,699,0.003374999999323336,0
2,4,idle,700,0.002375000000029104,0
2,4,idle,701,0.0022499999995488906,0
2,4,idle,702,0.0029999999997016857,0
2,4,idle,703,0.0024169999996956903,0
2,4,idle,704,0.0030839999999443535,0
2,4,idle,705,0.00316700000075798,0
2,4,idle,706,0.002457999999933236,0
2,4,idle,707,0.0024160000002666493,0
2,4,idle,708,0.003042000000277767,0
2,4,idle,709,0.0023330000003625173,0
2,4,idle,710,0.002832999999554886,0
2,4,idle,711,0.003291999999419204,0
2,4,idle,712,0.0025420000001759036,0
2,4,idle,713,0.0027079999999841675,0
2,4,idle,714,0.0024159999993571546,0
2,4,idle,715,0.0024590000002717716,0
2,4,idle,716,0.002666999999746622,0
2,4,idle,717,0.002291000000695931,0
2,4,idle,718,0.0028750000001309672,0
2,4,idle,719,0.0026250000000800355,0
2,4,idle,720,0.002749999999650754,0
2,4,idle,721,0.002291999999215477,0
2,4,idle,722,0.002500000000509317,0
2,4,idle,723,0.0040829999998095445,0
2,4,idle,724,0.0025829999995039543,0
2,4,idle,725,0.002457999999933236,0
2,4,idle,726,0.0027079999999841675,0
2,4,idle,727,0.002374999999119609,0
2,4,idle,728,0.0030829999996058177,0
2,4,idle,729,0.0024159999993571546,0
2,4,idle,730,0.0027919999993173406,0
2,4,idle,731,0.0032920000003286987,0
2,4,idle,732,0.002500000000509317,0
2,4,idle,733,0.002375000000029104,0
2,4,idle,734,0.003125000000181899,0
2,4,idle,735,0.0024999999995998223,0
2,4,idle,736,0.0024169999996956903,0
2,4,idle,737,0.003290999999990163,0
2,4,idle,738,0.002500000000509317,0
2,4,idle,739,0.0029589999994641403,0
2,4,idle,740,0.003125000000181899,0
2,4,idle,741,0.002583000000413449,0
2,4,idle,742,0.002749999999650754,0
2,4,idle,743,0.002457999999933236,0
2,4,idle,744,0.0029580000000350992,0
2,4,idle,745,0.002292000000124972,0
2,4,idle,746,0.002666999999746622,0
2,4,idle,747,0.0029999999997016857,0
2,4,idle,748,0.002375000000029104,0
2,4,idle,749,0.002832999999554886,0
2,4,idle,750,0.0025420000001759036,0
2,4,idle,751,0.002624999999170541,0
2,4,idle,752,0.002375000000029104,0
2,4,idle,753,0.0022499999995488906,0
2,4,idle,754,0.002500000000509317,0
2,4,idle,755,0.0027919999993173406,0
2,4,idle,756,0.0026250000000800355,0
2,4,idle,757,0.0022500000004583853,0
2,4,idle,758,0.0026670000006561168,0
2,4,idle,759,0.0025420000001759036,0
2,4,idle,760,0.0029580000000350992,0
2,4,idle,761,0.002375000000029104,0
2,4,idle,762,0.003250000000662112,0
2,4,idle,763,0.0024169999996956903,0
2,4,idle,764,0.002417000000605185,0
2,4,idle,765,0.002749999999650754,0
2,4,idle,766,0.0024999999995998223,0
2,4,idle,767,0.003042000000277767,0
2,4,idle,768,0.00258399999984249,0
2,4,idle,769,0.0023339999997915584,0
2,4,idle,770,0.0029999999997016857,0
2,4,idle,771,0.0024169999996956903,0
2,4,idle,772,0.0027090000003227033,0
2,4,idle,773,0.0033329999996567494,0
2,4,idle,774,0.002500000000509317,0
2,4,idle,775,0.002417000000605185,0
2,4,idle,776,0.0028330000004643807,0
2,4,idle,777,0.002375000000029104,0
2,4,idle,778,0.002458999999362277,0
2,4,idle,779,0.0028750000001309672,0
2,4,idle,780,0.0029580000000350992,0
2,4,idle,781,0.0029999999997016857,0
2,4,idle,782,0.0024160000002666493,0
2,4,idle,783,0.0026670000006561168,0
2,4,idle,784,0.002375000000029104,0
2,4,idle,785,0.0024999999995998223,0
2,4,idle,786,0.0028750000001309672,0
2,4,idle,787,0.002375000000029104,0
2,4,idle,788,0.0023339999997915584,0
2,4,idle,789,0.0023339999997915584,0
2,4,idle,790,0.0024169999996956903,0
2,4,idle,791,0.002457999999933236,0
2,4,idle,792,0.0027500000005602487,0
2,4,idle,793,0.0022500000004583853,0
2,4,idle,794,0.003042000000277767,0
2,4,idle,795,0.002375000000029104,0
2,4,idle,796,0.0022500000004583853,0
2,4,idle,797,0.0027079999999841675,0
2,4,idle,798,0.002500000000509317,0
2,4,idle,799,0.0025420000001759036,0
2,4,idle,800,0.0026659999994080863,0
2,4,idle,801,0.0023329999994530226,0
2,4,idle,802,0.002749999999650754,0
2,4,idle,803,0.002375000000029104,0
2,4,idle,804,0.002666999999746622,0
2,4,idle,805,0.0023329999994530226,0
2,4,idle,806,0.002457999999933236,0
2,4,idle,807,0.0028750000001309672,0
2,4,idle,808,0.0026250000000800355,0
2,4,idle,809,0.0022499999995488906,0
2,4,idle,810,0.002375000000029104,0
2,4,idle,811,0.0031249999992724042,0
2,4,idle,812,0.0024999999995998223,0
2,4,idle,813,0.0027079999999841675,0
2,4,idle,814,0.002540999999837368,0
2,4,idle,815,0.002583000000413449,0
2,4,idle,816,0.003125000000181899,0
2,4,idle,817,0.0023329999994530226,0
2,4,idle,818,0.003040999999939231,0
2,4,idle,819,0.0025829999995039543,0
2,4,idle,820,0.0025829999995039543,0
2,4,idle,821,0.0024169999996956903,0
2,4,idle,822,0.0025420000001759036,0
2,4,idle,823,0.0029999999997016857,0
2,4,idle,824,0.0026250000000800355,0
2,4,idle,825,0.00316700000075798,0
2,4,idle,826,0.0025420000001759036,0
2,4,idle,827,0.0024580000008427305,0
2,4,idle,828,0.0027909999998882995,0
2,4,idle,829,0.0022500000004583853,0
2,4,idle,830,0.0030830000005153124,0
2,4,idle,831,0.003208000000086031,0
2,4,idle,832,0.0025829999995039543,0
2,4,idle,833,0.002375000000029104,0
2,4,idle,834,0.0029580000000350992,0
2,4,idle,835,0.0032499999997526174,0
2,4,idle,836,0.0028330000004643807,0
2,4,idle,837,0.002417000000605185,0
2,4,idle,838,0.00316700000075798,0
2,4,idle,839,0.0028750000001309672,0
2,4,idle,840,0.0024590000002717716,0
2,4,idle,841,0.0024169999996956903,0
2,4,idle,842,0.002500000000509317,0
2,4,idle,843,0.002375000000029104,0
2,4,idle,844,0.0027920000002268353,0
2,4,idle,845,0.002540999999837368,0
2,4,idle,846,0.0025420000001759036,0
2,4,idle,847,0.002375000000029104,0
2,4,idle,848,0.002375000000029104,0
2,4,idle,849,0.0027079999999841675,0
2,4,idle,850,0.002375000000029104,0
2,4,idle,851,0.0024160000002666493,0
2,4,idle,852,0.0028750000001309672,0
2,4,idle,853,0.0030830000005153124,0
2,4,idle,854,0.0023330000003625173,0
2,4,idle,855,0.0028330000004643807,0
2,4,idle,856,0.0025829999995039543,0
2,4,idle,857,0.003290999999990163,0
2,4,idle,858,0.0023330000003625173,0
2,4,idle,859,0.002375000000029104,0
2,4,idle,860,0.0027909999998882995,0
2,4,idle,861,0.0024169999996956903,0
2,4,idle,862,0.002375000000029104,0
2,4,idle,863,0.002500000000509317,0
2,4,idle,864,0.002500000000509317,0
2,4,idle,865,0.0027920000002268353,0
2,4,idle,866,0.0030830000005153124,0
2,4,idle,867,0.002666999999746622,0
2,4,idle,868,0.0026250000000800355,0
2,4,idle,869,0.0023330000003625173,0
2,4,idle,870,0.0029580000000350992,0
2,4,idle,871,0.002457999999933236,0
2,4,idle,872,0.0024169999996956903,0
2,4,idle,873,0.002375000000029104,0
2,4,idle,874,0.002457999999933236,0
2,4,idle,875,0.002457999999933236,0
2,4,idle,876,0.0034580000001369626,0
2,4,idle,877,0.0025420000001759036,0
2,4,idle,878,0.002375000000029104,0
2,4,idle,879,0.002417000000605185,0
2,4,idle,880,0.0029170000007070485,0
2,4,idle,881,0.0029169999997975538,0
2,4,idle,882,0.0024999999995998223,0
2,4,idle,883,0.0024169999996956903,0
2,4,idle,884,0.0023329999994530226,0
2,4,idle,885,0.002540999999837368,0
2,4,idle,886,0.0026670000006561168,0
2,4,idle,887,0.002500000000509317,0
2,4,idle,888,0.0030830000005153124,0
2,4,idle,889,0.002666999999746622,0
2,4,idle,890,0.0030839999999443535,0
2,4,idle,891,0.0026250000000800355,0
2,4,idle,892,0.002832999999554886,0
2,4,idle,893,0.003042000000277767,0
2,4,idle,894,0.0024999999995998223,0
2,4,idle,895,0.0025420000001759036,0
2,4,idle,896,0.0031659999995099497,0
2,4,idle,897,0.0037919999995210674,0
2,4,idle,898,0.0024169999996956903,0
2,4,idle,899,0.0028750000001309672,0
2,4,idle,900,0.002334000000701053,0
2,4,idle,901,0.002375000000029104,0
2,4,idle,902,0.002749999999650754,0
2,4,idle,903,0.002791000000797794,0
2,4,idle,904,0.002457999999933236,0
2,4,idle,905,0.002375000000029104,0
2,4,idle,906,0.002207999999882304,0
2,4,idle,907,0.0028330000004643807,0
2,4,idle,908,0.002290999999786436,0
2,4,idle,909,0.002541999999266409,0
2,4,idle,910,0.002375000000029104,0
2,4,idle,911,0.002457999999933236,0
2,4,idle,912,0.002292000000124972,0
2,4,idle,913,0.0029169999997975538,0
2,4,idle,914,0.0027909999998882995,0
2,4,idle,915,0.002541999999266409,0
2,4,idle,916,0.002375000000029104,0
2,4,idle,917,0.0025829999995039543,0
2,4,idle,918,0.0026250000000800355,0
2,4,idle,919,0.0026659999994080863,0
2,4,idle,920,0.0030829999996058177,0
2,4,idle,921,0.002666999999746622,0
2,4,idle,922,0.0023339999997915584,0
2,4,idle,923,0.0030419999993682723,0
2,4,idle,924,0.002417000000605185,0
2,4,idle,925,0.0028749999992214725,0
2,4,idle,926,0.0022500000004583853,0
2,4,idle,927,0.0033329999996567494,0
2,4,idle,928,0.002666999999746622,0
2,4,idle,929,0.0024999999995998223,0
2,4,idle,930,0.0024999999995998223,0
2,4,idle,931,0.0027909999998882995,0
2,4,idle,932,0.0022499999995488906,0
2,4,idle,933,0.0027079999999841675,0
2,4,idle,934,0.0028330000004643807,0
2,4,idle,935,0.0026250000000800355,0
2,4,idle,936,0.002291999999215477,0
2,4,idle,937,0.002457999999933236,0
2,4,idle,938,0.0022500000004583853,0
2,4,idle,939,0.0031669999998484855,0
2,4,idle,940,0.0023330000003625173,0
2,4,idle,941,0.0026250000000800355,0
2,4,idle,942,0.002458999999362277,0
2,4,idle,943,0.0027090000003227033,0
2,4,idle,944,0.0030000000006111804,0
2,4,idle,945,0.002500000000509317,0
2,4,idle,946,0.0023330000003625173,0
2,4,idle,947,0.0025829999995039543,0
2,4,idle,948,0.0023329999994530226,0
2,4,idle,949,0.0030000000006111804,0
2,4,idle,950,0.0023330000003625173,0
2,4,idle,951,0.003208000000086031,0
2,4,idle,952,0.0024160000002666493,0
2,4,idle,953,0.002375000000029104,0
2,4,idle,954,0.003290999999990163,0
2,4,idle,955,0.003125000000181899,0
2,4,idle,956,0.003040999999939231,0
2,4,idle,957,0.0026250000000800355,0
2,4,idle,958,0.0024160000002666493,0
2,4,idle,959,0.0054579999996349216,0
2,4,idle,960,0.0027500000005602487,0
2,4,idle,961,0.002583000000413449,0
2,4,idle,962,0.002583000000413449,0
2,4,idle,963,0.003416999999899417,0
2,4,idle,964,0.0028330000004643807,0
2,4,idle,965,0.0029160000003685127,0
2,4,idle,966,0.002375000000029104,0
2,4,idle,967,0.002500000000509317,0
2,4,idle,968,0.002375000000029104,0
2,4,idle,969,0.0024159999993571546,0
2,4,idle,970,0.0027079999999841675,0
2,4,idle,971,0.0027079999999841675,0
2,4,idle,972,0.0025420000001759036,0
2,4,idle,973,0.0027090000003227033,0
2,4,idle,974,0.003582999999707681,0
2,4,idle,975,0.0026250000000800355,0
2,4,idle,976,0.0027909999998882995,0
2,4,idle,977,0.0025829999995039543,0
2,4,idle,978,0.002292000000124972,0
2,4,idle,979,0.0026670000006561168,0
2,4,idle,980,0.002290999999786436,0
2,4,idle,981,0.0029579999991256045,0
2,4,idle,982,0.002375000000029104,0
2,4,idle,983,0.0035410000000410946,0
2,4,idle,984,0.0024580000008427305,0
2,4,idle,985,0.002292000000124972,0
2,4,idle,986,0.03083399999923131,0
2,4,idle,987,0.0029580000000350992,0
2,4,idle,988,0.0024999999995998223,0
2,4,idle,989,0.0026250000000800355,0
2,4,idle,990,0.0022500000004583853,0
2,4,idle,991,0.002457999999933236,0
2,4,idle,992,0.002832999999554886,0
2,4,idle,993,0.002375000000029104,0
2,4,idle,994,0.0028750000001309672,0
2,4,idle,995,0.0025829999995039543,0
2,4,idle,996,0.0023329999994530226,0
2,4,idle,997,0.0028749999992214725,0
2,4,idle,998,0.0033750000002328306,0
2,4,idle,999,0.0025829999995039543,0
2,4,event,0,0.02566599999954633,4
2,4,event,1,0.003666999999950349,0
2,4,event,2,0.0024169999996956903,0
2,4,event,3,0.0030829999996058177,0
2,4,event,4,0.0024160000002666493,0
2,4,event,5,0.002375000000029104,0
2,4,event,6,0.0023329999994530226,0
2,4,event,7,0.0031659999995099497,0
2,4,event,8,0.0029169999997975538,0
2,4,event,9,0.004874999999628926,0
2,4,event,10,0.0026250000000800355,0
2,4,event,11,0.0024999999995998223,0
2,4,event,12,0.0025420000001759036,0
2,4,event,13,0.0027079999999841675,0
2,4,event,14,0.0024169999996956903,0
2,4,event,15,0.0024590000002717716,0
2,4,event,16,0.002458999999362277,0
2,4,event,17,0.002666999999746622,0
2,4,event,18,0.002749999999650754,0
2,4,event,19,0.002458999999362277,0
2,4,event,20,0.002500000000509317,0
2,4,event,21,0.002749999999650754,0
2,4,event,22,0.002290999999786436,0
2,4,event,23,0.0023330000003625173,0
2,4,event,24,0.0030000000006111804,0
2,4,event,25,0.002457999999933236,0
2,4,event,26,0.002291000000695931,0
2,4,event,27,0.0029580000000350992,0
2,4,event,28,0.002583000000413449,0
2,4,event,29,0.0028330000004643807,0
2,4,event,30,0.002500000000509317,0
2,4,event,31,0.003040999999939231,0
2,4,event,32,0.0029580000000350992,0
2,4,event,33,0.0022500000004583853,0
2,4,event,34,0.0028750000001309672,0
2,4,event,35,0.002375000000029104,0
2,4,event,36,0.0024590000002717716,0
2,4,event,37,0.002292000000124972,0
2,4,event,38,0.0024159999993571546,0
2,4,event,39,0.003042000000277767,0
2,4,event,40,0.003416000000470376,0
2,4,event,41,0.002417000000605185,0
2,4,event,42,0.0035420000003796304,0
2,4,event,43,0.002375000000029104,0
2,4,event,44,0.003584000000046217,0
2,4,event,45,0.0035419999994701357,0
2,4,event,46,0.0029580000000350992,0
2,4,event,47,0.002540999999837368,0
2,4,event,48,0.0025420000001759036,0
2,4,event,49,0.002291000000695931,0
2,4,event,50,0.0029580000000350992,0
2,4,event,51,0.0022500000004583853,0
2,4,event,52,0.002375000000029104,0
2,4,event,53,0.0022499999995488906,0
2,4,event,54,0.0024169999996956903,0
2,4,event,55,0.0027089999994132086,0
2,4,event,56,0.0024169999996956903,0
2,4,event,57,0.002375000000029104,0
2,4,event,58,0.002624999999170541,0
2,4,event,59,0.002207999999882304,0
2,4,event,60,0.028333000000202446,4
2,4,event,61,0.0037500000007639755,0
2,4,event,62,0.002457999999933236,0
2,4,event,63,0.002457999999933236,0
2,4,event,64,0.0031669999998484855,0
2,4,event,65,0.0025420000001759036,0
2,4,event,66,0.002749999999650754,0
2,4,event,67,0.02033300000039162,0
2,4,event,68,0.0030829999996058177,0
2,4,event,69,0.002832999999554886,0
2,4,event,70,0.002457999999933236,0
2,4,event,71,0.002375000000029104,0
2,4,event,72,0.0036249999993742676,0
2,4,event,73,0.0023329999994530226,0
2,4,event,74,0.0029580000000350992,0
2,4,event,75,0.0026250000000800355,0
2,4,event,76,0.002457999999933236,0
2,4,event,77,0.002292000000124972,0
2,4,event,78,0.0027090000003227033,0
2,4,event,79,0.0028340000008029165,0
2,4,event,80,0.003333999999995285,0
2,4,event,81,0.0023339999997915584,0
2,4,event,82,0.00258399999984249,0
2,4,event,83,0.002375000000029104,0
2,4,event,84,0.0022500000004583853,0
2,4,event,85,0.0035410000000410946,0
2,4,event,86,0.0026670000006561168,0
2,4,event,87,0.0028340000008029165,0
2,4,event,88,0.0024590000002717716,0
2,4,event,89,0.0023339999997915584,0
2,4,event,90,0.0029589999994641403,0
2,4,event,91,0.002457999999933236,0
2,4,event,92,0.0023329999994530226,0
2,4,event,93,0.0023329999994530226,0
2,4,event,94,0.0025829999995039543,0
2,4,event,95,0.0027079999999841675,0
2,4,event,96,0.0024160000002666493,0
2,4,event,97,0.0024999999995998223,0
2,4,event,98,0.002417000000605185,0
2,4,event,99,0.0022499999995488906,0
2,4,event,100,0.0028750000001309672,0
2,4,event,101,0.0023329999994530226,0
2,4,event,102,0.0024999999995998223,0
2,4,event,103,0.0038749999994251993,0
2,4,event,104,0.0025829999995039543,0
2,4,event,105,0.0023329999994530226,0
2,4,event,106,0.0029999999997016857,0
2,4,event,107,0.002291000000695931,0
2,4,event,108,0.0030829999996058177,0
2,4,event,109,0.0024169999996956903,0
2,4,event,110,0.0024999999995998223,0
2,4,event,111,0.002749999999650754,0
2,4,event,112,0.002583000000413449,0
2,4,event,113,0.0022500000004583853,0
2,4,event,114,0.0023339999997915584,0
2,4,event,115,0.003084000000853848,0
2,4,event,116,0.0029170000007070485,0
2,4,event,117,0.0024160000002666493,0
2,4,event,118,0.0024999999995998223,0
2,4,event,119,0.002749999999650754,0
2,4,event,120,0.02599999999983993,4
2,4,event,121,0.003666999999950349,0
2,4,event,122,0.0024590000002717716,0
2,4,event,123,0.002375000000029104,0
2,4,event,124,0.002292000000124972,0
2,4,event,125,0.002666999999746622,0
2,4,event,126,0.002375000000029104,0
2,4,event,127,0.0024590000002717716,0
2,4,event,128,0.002292000000124972,0
2,4,event,129,0.002290999999786436,0
2,4,event,130,0.0035419999994701357,0
2,4,event,131,0.002290999999786436,0
2,4,event,132,0.002457999999933236,0
2,4,event,133,0.002334000000701053,0
2,4,event,134,0.0025420000001759036,0
2,4,event,135,0.003958000000238826,0
2,4,event,136,0.003125000000181899,0
2,4,event,137,0.002374999999119609,0
2,4,event,138,0.0027500000005602487,0
2,4,event,139,0.0024999999995998223,0
2,4,event,140,0.0030000000006111804,0
2,4,event,141,0.0023330000003625173,0
2,4,event,142,0.002583000000413449,0
2,4,event,143,0.002290999999786436,0
2,4,event,144,0.0024169999996956903,0
2,4,event,145,0.0023339999997915584,0
2,4,event,146,0.0028749999992214725,0
2,4,event,147,0.0026250000000800355,0
2,4,event,148,0.002290999999786436,0
2,4,event,149,0.0023329999994530226,0
2,4,event,150,0.0024999999995998223,0
2,4,event,151,0.0027909999998882995,0
2,4,event,152,0.003582999999707681,0
2,4,event,153,0.002375000000029104,0
2,4,event,154,0.002540999999837368,0
2,4,event,155,0.002292000000124972,0
2,4,event,156,0.0028750000001309672,0
2,4,event,157,0.002292000000124972,0
2,4,event,158,0.002540999999837368,0
2,4,event,159,0.0022499999995488906,0
2,4,event,160,0.002290999999786436,0
2,4,event,161,0.0026670000006561168,0
2,4,event,162,0.002500000000509317,0
2,4,event,163,0.002500000000509317,0
2,4,event,164,0.0033750000002328306,0
2,4,event,165,0.002375000000029104,0
2,4,event,166,0.0032920000003286987,0
2,4,event,167,0.003333000000566244,0
2,4,event,168,0.002457999999933236,0
2,4,event,169,0.0024159999993571546,0
2,4,event,170,0.0025829999995039543,0
2,4,event,171,0.002959000000373635,0
2,4,event,172,0.0029170000007070485,0
2,4,event,173,0.002290999999786436,0
2,4,event,174,0.0027079999999841675,0
2,4,event,175,0.002292000000124972,0
2,4,event,176,0.0023339999997915584,0
2,4,event,177,0.002666999999746622,0
2,4,event,178,0.0026250000000800355,0
2,4,event,179,0.0024999999995998223,0
2,4,event,180,0.024457999999867752,4
2,4,event,181,0.003792000000430562,0
2,4,event,182,0.0025420000001759036,0
2,4,event,183,0.002457999999933236,0
2,4,event,184,0.002500000000509317,0
2,4,event,185,0.0030000000006111804,0
2,4,event,186,0.0033750000002328306,0
2,4,event,187,0.003125000000181899,0
2,4,event,188,0.002541999999266409,0
2,4,event,189,0.002375000000029104,0
2,4,event,190,0.002541999999266409,0
2,4,event,191,0.0026659999994080863,0
2,4,event,192,0.0024169999996956903,0
2,4,event,193,0.003333999999995285,0
2,4,event,194,0.002541999999266409,0
2,4,event,195,0.002290999999786436,0
2,4,event,196,0.0029170000007070485,0
2,4,event,197,0.002417000000605185,0
2,4,event,198,0.003582999999707681,0
2,4,event,199,0.002832999999554886,0
2,4,event,200,0.0025829999995039543,0
2,4,event,201,0.0027500000005602487,0
2,4,event,202,0.00258399999984249,0
2,4,event,203,0.002292000000124972,0
2,4,event,204,0.002457999999933236,0
2,4,event,205,0.0023330000003625173,0
2,4,event,206,0.002500000000509317,0
2,4,event,207,0.0027090000003227033,0
2,4,event,208,0.002541999999266409,0
2,4,event,209,0.0024160000002666493,0
2,4,event,210,0.002457999999933236,0
2,4,event,211,0.002207999999882304,0
2,4,event,212,0.0028750000001309672,0
2,4,event,213,0.0022500000004583853,0
2,4,event,214,0.002334000000701053,0
2,4,event,215,0.002292000000124972,0
2,4,event,216,0.0022500000004583853,0
2,4,event,217,0.0027909999998882995,0
2,4,event,218,0.002375000000029104,0
2,4,event,219,0.0022500000004583853,0
2,4,event,220,0.0023330000003625173,0
2,4,event,221,0.0022500000004583853,0
2,4,event,222,0.002624999999170541,0
2,4,event,223,0.0022499999995488906,0
2,4,event,224,0.002832999999554886,0
2,4,event,225,0.0031249999992724042,0
2,4,event,226,0.0024590000002717716,0
2,4,event,227,0.002292000000124972,0
2,4,event,228,0.0029999999997016857,0
2,4,event,229,0.0031669999998484855,0
2,4,event,230,0.0027079999999841675,0
2,4,event,231,0.002375000000029104,0
2,4,event,232,0.0024999999995998223,0
2,4,event,233,0.0027909999998882995,0
2,4,event,234,0.0031249999992724042,0
2,4,event,235,0.002540999999837368,0
2,4,event,236,0.0025420000001759036,0
2,4,event,237,0.002290999999786436,0
2,4,event,238,0.002832999999554886,0
2,4,event,239,0.0026250000000800355,0
2,4,event,240,0.025167000000692497,4
2,4,event,241,0.0042090000006282935,0
2,4,event,242,0.002624999999170541,0
2,4,event,243,0.0024169999996956903,0
2,4,event,244,0.0033750000002328306,0
2,4,event,245,0.0024169999996956903,0
2,4,event,246,0.002583000000413449,0
2,4,event,247,0.002666000000317581,0
2,4,event,248,0.002749999999650754,0
2,4,event,249,0.0024169999996956903,0
2,4,event,250,0.0024169999996956903,0
2,4,event,251,0.0023330000003625173,0
2,4,event,252,0.0027500000005602487,0
2,4,event,253,0.0022500000004583853,0
2,4,event,254,0.002417000000605185,0
2,4,event,255,0.0024590000002717716,0
2,4,event,256,0.002292000000124972,0
2,4,event,257,0.0029160000003685127,0
2,4,event,258,0.0024169999996956903,0
2,4,event,259,0.0027090000003227033,0
2,4,event,260,0.0029589999994641403,0
2,4,event,261,0.003499999999803549,0
2,4,event,262,0.0031669999998484855,0
2,4,event,263,0.002375000000029104,0
2,4,event,264,0.0024159999993571546,0
2,4,event,265,0.0023329999994530226,0
2,4,event,266,0.002541999999266409,0
2,4,event,267,0.0023339999997915584,0
2,4,event,268,0.0029999999997016857,0
2,4,event,269,0.0030829999996058177,0
2,4,event,270,0.002541999999266409,0
2,4,event,271,0.002292000000124972,0
2,4,event,272,0.002375000000029104,0
2,4,event,273,0.0030000000006111804,0
2,4,event,274,0.002500000000509317,0
2,4,event,275,0.002417000000605185,0
2,4,event,276,0.002375000000029104,0
2,4,event,277,0.002375000000029104,0
2,4,event,278,0.0035419999994701357,0
2,4,event,279,0.00258399999984249,0
2,4,event,280,0.0024590000002717716,0
2,4,event,281,0.0030839999999443535,0
2,4,event,282,0.002959000000373635,0
2,4,event,283,0.0024590000002717716,0
2,4,event,284,0.002749999999650754,0
2,4,event,285,0.0024169999996956903,0
2,4,event,286,0.003416999999899417,0
2,4,event,287,0.002457999999933236,0
2,4,event,288,0.002417000000605185,0
2,4,event,289,0.0028750000001309672,0
2,4,event,290,0.002374999999119609,0
2,4,event,291,0.0025829999995039543,0
2,4,event,292,0.0032499999997526174,0
2,4,event,293,0.0027089999994132086,0
2,4,event,294,0.0028339999998934218,0
2,4,event,295,0.003125000000181899,0
2,4,event,296,0.002292000000124972,0
2,4,event,297,0.003749999999854481,0
2,4,event,298,0.002583000000413449,0
2,4,event,299,0.0030839999999443535,0
2,4,event,300,0.03045899999960966,4
2,4,event,301,0.0036250000002837623,0
2,4,event,302,0.0030830000005153124,0
2,4,event,303,0.0024999999995998223,0
2,4,event,304,0.002375000000029104,0
2,4,event,305,0.002624999999170541,0
2,4,event,306,0.0024160000002666493,0
2,4,event,307,0.0024169999996956903,0
2,4,event,308,0.002666999999746622,0
2,4,event,309,0.002290999999786436,0
2,4,event,310,0.003042000000277767,0
2,4,event,311,0.002375000000029104,0
2,4,event,312,0.0024169999996956903,0
2,4,event,313,0.0027079999999841675,0
2,4,event,314,0.0024159999993571546,0
2,4,event,315,0.0026250000000800355,0
2,4,event,316,0.0023330000003625173,0
2,4,event,317,0.002583000000413449,0
2,4,event,318,0.0029580000000350992,0
2,4,event,319,0.002540999999837368,0
2,4,event,320,0.002375000000029104,0
2,4,event,321,0.002583000000413449,0
2,4,event,322,0.002666000000317581,0
2,4,event,323,0.0030830000005153124,0
2,4,event,324,0.0033329999996567494,0
2,4,event,325,0.002541999999266409,0
2,4,event,326,0.002457999999933236,0
2,4,event,327,0.002375000000029104,0
2,4,event,328,0.0023339999997915584,0
2,4,event,329,0.002624999999170541,0
2,4,event,330,0.0024169999996956903,0
2,4,event,331,0.002375000000029104,0
2,4,event,332,0.0022500000004583853,0
2,4,event,333,0.0033329999996567494,0
2,4,event,334,0.003499999999803549,0
2,4,event,335,0.0024169999996956903,0
2,4,event,336,0.002375000000029104,0
2,4,event,337,0.0023339999997915584,0
2,4,event,338,0.002500000000509317,0
2,4,event,339,0.0029169999997975538,0
2,4,event,340,0.0024590000002717716,0
2,4,event,341,0.0025420000001759036,0
2,4,event,342,0.0024159999993571546,0
2,4,event,343,0.00258399999984249,0
2,4,event,344,0.002292000000124972,0
2,4,event,345,0.003583000000617176,0
2,4,event,346,0.0026250000000800355,0
2,4,event,347,0.003499999999803549,0
2,4,event,348,0.002417000000605185,0
2,4,event,349,0.002500000000509317,0
2,4,event,350,0.0028750000001309672,0
2,4,event,351,0.0026250000000800355,0
2,4,event,352,0.0024590000002717716,0
2,4,event,353,0.022208999999747903,0
2,4,event,354,0.005791999999928521,0
2,4,event,355,0.004374999999527063,0
2,4,event,356,0.0026250000000800355,0
2,4,event,357,0.002666999999746622,0
2,4,event,358,0.002541999999266409,0
2,4,event,359,0.002290999999786436,0
2,4,event,360,0.030208000000129687,4
2,4,event,361,0.003957999999329331,0
2,4,event,362,0.002541999999266409,0
2,4,event,363,0.0031669999998484855,0
2,4,event,364,0.0025829999995039543,0
2,4,event,365,0.0026659999994080863,0
2,4,event,366,0.0026250000000800355,0
2,4,event,367,0.002666000000317581,0
2,4,event,368,0.0024999999995998223,0
2,4,event,369,0.0041659999997136765,0
2,4,event,370,0.0024999999995998223,0
2,4,event,371,0.002749999999650754,0
2,4,event,372,0.025040999999873748,0
2,4,event,373,0.0045419999996738625,0
2,4,event,374,0.003499999999803549,0
2,4,event,375,0.0029580000000350992,0
2,4,event,376,0.002500000000509317,0
2,4,event,377,0.0028330000004643807,0
2,4,event,378,0.019166999999470136,0
2,4,event,379,0.003374999999323336,0
2,4,event,380,0.002540999999837368,0
2,4,event,381,0.0027920000002268353,0
2,4,event,382,0.002458999999362277,0
2,4,event,383,0.0029999999997016857,0
2,4,event,384,0.002375000000029104,0
2,4,event,385,0.003333000000566244,0
2,4,event,386,0.002375000000029104,0
2,4,event,387,0.004791999999724794,0
2,4,event,388,0.0022500000004583853,0
2,4,event,389,0.002666999999746622,0
2,4,event,390,0.0030000000006111804,0
2,4,event,391,0.0027090000003227033,0
2,4,event,392,0.002458999999362277,0
2,4,event,393,0.002749999999650754,0
2,4,event,394,0.002417000000605185,0
2,4,event,395,0.0028750000001309672,0
2,4,event,396,0.003416999999899417,0
2,4,event,397,0.002583000000413449,0
2,4,event,398,0.0024160000002666493,0
2,4,event,399,0.0028750000001309672,0
2,4,event,400,0.002791000000797794,0
2,4,event,401,0.002666999999746622,0
2,4,event,402,0.00258399999984249,0
2,4,event,403,0.002749999999650754,0
2,4,event,404,0.0024590000002717716,0
2,4,event,405,0.003374999999323336,0
2,4,event,406,0.0030829999996058177,0
2,4,event,407,0.002375000000029104,0
2,4,event,408,0.0039999999999054126,0
2,4,event,409,0.003749999999854481,0
2,4,event,410,0.0025420000001759036,0
2,4,event,411,0.003042000000277767,0
2,4,event,412,0.002290999999786436,0
2,4,event,413,0.002749999999650754,0
2,4,event,414,0.002375000000029104,0
2,4,event,415,0.0024169999996956903,0
2,4,event,416,0.002749999999650754,0
2,4,event,417,0.0027920000002268353,0
2,4,event,418,0.07016699999985576,0
2,4,event,419,0.0040829999998095445,0
2,4,event,420,0.03450000000066211,4
2,4,event,421,0.004124999999476131,0
2,4,event,422,0.004540999999335327,0
2,4,event,423,0.002749999999650754,0
2,4,event,424,0.0024580000008427305,0
2,4,event,425,0.003040999999939231,0
2,4,event,426,0.002457999999933236,0
2,4,event,427,0.002457999999933236,0
2,4,event,428,0.002375000000029104,0
2,4,event,429,0.0024999999995998223,0
2,4,event,430,0.0029589999994641403,0
2,4,event,431,0.0024590000002717716,0
2,4,event,432,0.0022500000004583853,0
2,4,event,433,0.002457999999933236,0
2,4,event,434,0.024832999999489402,0
2,4,event,435,0.003374999999323336,0
2,4,event,436,0.022124999999505235,0
2,4,event,437,0.0043750000004365575,0
2,4,event,438,0.014666000000033819,0
2,4,event,439,0.003291999999419204,0
2,4,event,440,0.745375000000422,0
2,4,event,441,0.005542000000787084,0
2,4,event,442,0.0026670000006561168,0
2,4,event,443,0.0029160000003685127,0
2,4,event,444,0.003208000000086031,0
2,4,event,445,0.0029580000000350992,0
2,4,event,446,0.0029999999997016857,0
2,4,event,447,0.0024999999995998223,0
2,4,event,448,0.002583000000413449,0
2,4,event,449,0.002583000000413449,0
2,4,event,450,0.005917000000408734,0
2,4,event,451,0.0029169999997975538,0
2,4,event,452,0.0027909999998882995,0
2,4,event,453,0.0027079999999841675,0
2,4,event,454,0.0185830000000351,0
2,4,event,455,0.0028330000004643807,0
2,4,event,456,0.0030839999999443535,0
2,4,event,457,0.0027919999993173406,0
2,4,event,458,0.002583000000413449,0
2,4,event,459,0.002583000000413449,0
2,4,event,460,0.05741699999998673,0
2,4,event,461,0.004042000000481494,0
2,4,event,462,0.002541999999266409,0
2,4,event,463,0.003040999999939231,0
2,4,event,464,0.0024999999995998223,0
2,4,event,465,0.002500000000509317,0
2,4,event,466,0.0024999999995998223,0
2,4,event,467,0.0028339999998934218,0
2,4,event,468,0.0024169999996956903,0
2,4,event,469,0.004207999999380263,0
2,4,event,470,0.0025829999995039543,0
2,4,event,471,0.04099999999925785,0
2,4,event,472,0.0038340000000971486,0
2,4,event,473,0.0027079999999841675,0
2,4,event,474,0.0027920000002268353,0
2,4,event,475,0.0028750000001309672,0
2,4,event,476,0.0024590000002717716,0
2,4,event,477,0.0029999999997016857,0
2,4,event,478,0.0032079999991765362,0
2,4,event,479,0.0025420000001759036,0
2,4,event,480,0.06425000000035652,4
2,4,event,481,0.032334000000446395,0
2,4,event,482,0.0038340000000971486,0
2,4,event,483,0.0029170000007070485,0
2,4,event,484,0.0027079999999841675,0
2,4,event,485,0.0039160000005722395,0
2,4,event,486,0.003582999999707681,0
2,4,event,487,0.0025420000001759036,0
2,4,event,488,0.002540999999837368,0
2,4,event,489,0.002583000000413449,0
2,4,event,490,0.0026250000000800355,0
2,4,event,491,0.0029160000003685127,0
2,4,event,492,0.002583000000413449,0
2,4,event,493,0.0025420000001759036,0
2,4,event,494,0.0027079999999841675,0
2,4,event,495,0.002457999999933236,0
2,4,event,496,0.0029580000000350992,0
2,4,event,497,0.003832999999758613,0
2,4,event,498,0.0029580000000350992,0
2,4,event,499,2.0120829999996204,0
2,4,event,500,0.013624999999592546,0
2,4,event,501,0.004332999999860476,0
2,4,event,502,0.0027500000005602487,0
2,4,event,503,0.003749999999854481,0
2,4,event,504,0.0024590000002717716,0
2,4,event,505,0.002375000000029104,0
2,4,event,506,0.0020000000004074536,0
2,4,event,507,0.0027920000002268353,0
2,4,event,508,0.002292000000124972,0
2,4,event,509,0.0018750000008367351,0
2,4,event,510,0.00204200000007404,0
2,4,event,511,0.002124999999978172,0
2,4,event,512,0.0026250000000800355,0
2,4,event,513,0.010333999999602383,0
2,4,event,514,0.0039999999999054126,0
2,4,event,515,0.0020000000004074536,0
2,4,event,516,0.002124999999978172,0
2,4,event,517,0.0029580000000350992,0
2,4,event,518,0.002124999999978172,0
2,4,event,519,0.002290999999786436,0
2,4,event,520,0.002207999999882304,0
2,4,event,521,0.001959000000169908,0
2,4,event,522,0.002666999999746622,0
2,4,event,523,0.0020840000006501214,0
2,4,event,524,0.002082999999402091,0
2,4,event,525,0.001916999999593827,0
2,4,event,526,0.00204200000007404,0
2,4,event,527,0.0017920000000231084,0
2,4,event,528,0.002540999999837368,0
2,4,event,529,0.0030830000005153124,0
2,4,event,530,0.0032499999997526174,0
2,4,event,531,0.0018749999999272404,0
2,4,event,532,0.001999999999497959,0
2,4,event,533,0.0031669999998484855,0
2,4,event,534,0.003666999999950349,0
2,4,event,535,0.001999999999497959,0
2,4,event,536,0.001833000000260654,0
2,4,event,537,0.002124999999978172,0
2,4,event,538,0.0024999999995998223,0
2,4,event,539,0.0018749999999272404,0
2,4,event,540,0.06387499999982538,4
2,4,event,541,0.0057500000002619345,0
2,4,event,542,0.002457999999933236,0
2,4,event,543,0.002292000000124972,0
2,4,event,544,0.004834000000300875,0
2,4,event,545,0.0020840000006501214,0
2,4,event,546,0.0032090000004245667,0
2,4,event,547,0.0025420000001759036,0
2,4,event,548,0.0039999999999054126,0
2,4,event,549,0.0027079999999841675,0
2,4,event,550,0.0029999999997016857,0
2,4,event,551,0.0019579999998313724,0
2,4,event,552,0.002375000000029104,0
2,4,event,553,0.0020839999997406267,0
2,4,event,554,0.0020830000003115856,0
2,4,event,555,0.002082999999402091,0
2,4,event,556,0.0019170000005033216,0
2,4,event,557,0.0024590000002717716,0
2,4,event,558,0.0020000000004074536,0
2,4,event,559,0.0019579999998313724,0
2,4,event,560,0.0018749999999272404,0
2,4,event,561,0.001916999999593827,0
2,4,event,562,0.002458999999362277,0
2,4,event,563,0.00204200000007404,0
2,4,event,564,0.0020000000004074536,0
2,4,event,565,0.0018749999999272404,0
2,4,event,566,0.002375000000029104,0
2,4,event,567,0.0017920000000231084,0
2,4,event,568,0.0024999999995998223,0
2,4,event,569,0.0018749999999272404,0
2,4,event,570,0.0020000000004074536,0
2,4,event,571,0.0018750000008367351,0
2,4,event,572,0.001916999999593827,0
2,4,event,573,0.0027920000002268353,0
2,4,event,574,0.0019160000001647859,0
2,4,event,575,0.0022500000004583853,0
2,4,event,576,0.0028750000001309672,0
2,4,event,577,0.0019160000001647859,0
2,4,event,578,0.0024999999995998223,0
2,4,event,579,0.0020830000003115856,0
2,4,event,580,0.0018749999999272404,0
2,4,event,581,0.0018340000005991897,0
2,4,event,582,0.001916999999593827,0
2,4,event,583,0.002375000000029104,0
2,4,event,584,0.0017909999996845727,0
2,4,event,585,0.0019170000005033216,0
2,4,event,586,0.0027500000005602487,0
2,4,event,587,0.0019579999998313724,0
2,4,event,588,0.001833999999689695,0
2,4,event,589,0.0022499999995488906,0
2,4,event,590,0.0019579999998313724,0
2,4,event,591,0.0026659999994080863,0
2,4,event,592,0.001750000000356522,0
2,4,event,593,0.0018340000005991897,0
2,4,event,594,0.002375000000029104,0
2,4,event,595,0.001916999999593827,0
2,4,event,596,0.0032920000003286987,0
2,4,event,597,0.0019160000001647859,0
2,4,event,598,0.0018749999999272404,0
2,4,event,599,0.002417000000605185,0
2,4,event,600,0.03045800000018062,4
2,4,event,601,0.0034580000001369626,0
2,4,event,602,0.0029160000003685127,0
2,4,event,603,0.01974999999947613,0
2,4,event,604,0.0023339999997915584,0
2,4,event,605,0.001959000000169908,0
2,4,event,606,0.0019579999998313724,0
2,4,event,607,0.0019579999998313724,0
2,4,event,608,0.002208000000791799,0
2,4,event,609,0.0019160000001647859,0
2,4,event,610,0.0018749999999272404,0
2,4,event,611,0.0028339999998934218,0
2,4,event,612,0.0020000000004074536,0
2,4,event,613,0.0024169999996956903,0
2,4,event,614,0.001959000000169908,0
2,4,event,615,0.001959000000169908,0
2,4,event,616,0.0018749999999272404,0
2,4,event,617,0.0018749999999272404,0
2,4,event,618,0.002457999999933236,0
2,4,event,619,0.0018749999999272404,0
2,4,event,620,0.001916999999593827,0
2,4,event,621,0.0020839999997406267,0
2,4,event,622,0.0027920000002268353,0
2,4,event,623,0.0029999999997016857,0
2,4,event,624,0.0018340000005991897,0
2,4,event,625,0.0019170000005033216,0
2,4,event,626,0.001833999999689695,0
2,4,event,627,0.00204200000007404,0
2,4,event,628,0.001916999999593827,0
2,4,event,629,0.002457999999933236,0
2,4,event,630,0.0017910000005940674,0
2,4,event,631,0.0019160000001647859,0
2,4,event,632,0.001833000000260654,0
2,4,event,633,0.0020409999997355044,0
2,4,event,634,0.002207999999882304,0
2,4,event,635,0.003416000000470376,0
2,4,event,636,0.0019159999992552912,0
2,4,event,637,0.001833000000260654,0
2,4,event,638,0.001999999999497959,0
2,4,event,639,0.0024999999995998223,0
2,4,event,640,0.0020000000004074536,0
2,4,event,641,0.001916999999593827,0
2,4,event,642,0.001999999999497959,0
2,4,event,643,0.001833999999689695,0
2,4,event,644,0.002375000000029104,0
2,4,event,645,0.0023329999994530226,0
2,4,event,646,0.0019579999998313724,0
2,4,event,647,0.0018749999999272404,0
2,4,event,648,0.0019579999998313724,0
2,4,event,649,0.0019170000005033216,0
2,4,event,650,0.002417000000605185,0
2,4,event,651,0.0018749999999272404,0
2,4,event,652,0.002457999999933236,0
2,4,event,653,0.0018749999999272404,0
2,4,event,654,0.0017920000000231084,0
2,4,event,655,0.0026250000000800355,0
2,4,event,656,0.0030000000006111804,0
2,4,event,657,0.0020409999997355044,0
2,4,event,658,0.0019160000001647859,0
2,4,event,659,0.002583000000413449,0
2,4,event,660,0.02775000000019645,4
2,4,event,661,0.0030830000005153124,0
2,4,event,662,0.001999999999497959,0
2,4,event,663,0.002666000000317581,0
2,4,event,664,0.002124999999978172,0
2,4,event,665,0.002041000000644999,0
2,4,event,666,0.003416999999899417,0
2,4,event,667,0.0019170000005033216,0
2,4,event,668,0.00204200000007404,0
2,4,event,669,0.002458999999362277,0
2,4,event,670,0.0017920000000231084,0
2,4,event,671,0.001959000000169908,0
2,4,event,672,0.0018749999999272404,0
2,4,event,673,0.001833000000260654,0
2,4,event,674,0.0030000000006111804,0
2,4,event,675,0.0018749999999272404,0
2,4,event,676,0.0019170000005033216,0
2,4,event,677,0.0018749999999272404,0
2,4,event,678,0.0019579999998313724,0
2,4,event,679,0.0024999999995998223,0
2,4,event,680,0.001958000000740867,0
2,4,event,681,0.0018749999999272404,0
2,4,event,682,0.0017920000000231084,0
2,4,event,683,0.001833999999689695,0
2,4,event,684,0.002417000000605185,0
2,4,event,685,0.0018340000005991897,0
2,4,event,686,0.002749999999650754,0
2,4,event,687,0.0018749999999272404,0
2,4,event,688,0.00204200000007404,0
2,4,event,689,0.0017909999996845727,0
2,4,event,690,0.002375000000029104,0
2,4,event,691,0.001999999999497959,0
2,4,event,692,0.0019579999998313724,0
2,4,event,693,0.001833000000260654,0
2,4,event,694,0.0020000000004074536,0
2,4,event,695,0.0032920000003286987,0
2,4,event,696,0.00220900000022084,0
2,4,event,697,0.001916999999593827,0
2,4,event,698,0.003499999999803549,0
2,4,event,699,0.0018749999999272404,0
2,4,event,700,0.002417000000605185,0
2,4,event,701,0.001959000000169908,0
2,4,event,702,0.0018749999999272404,0
2,4,event,703,0.0020000000004074536,0
2,4,event,704,0.0018749999999272404,0
2,4,event,705,0.0023339999997915584,0
2,4,event,706,0.001958000000740867,0
2,4,event,707,0.002749999999650754,0
2,4,event,708,0.0018749999999272404,0
2,4,event,709,0.001833000000260654,0
2,4,event,710,0.0017910000005940674,0
2,4,event,711,0.0024160000002666493,0
2,4,event,712,0.0020000000004074536,0
2,4,event,713,0.002666000000317581,0
2,4,event,714,0.0019170000005033216,0
2,4,event,715,0.0019589999992604135,0
2,4,event,716,0.002375000000029104,0
2,4,event,717,0.00204200000007404,0
2,4,event,718,0.002749999999650754,0
2,4,event,719,0.0017920000000231084,0
2,4,event,720,0.02375000000029104,4
2,4,event,721,0.0026250000000800355,0
2,4,event,722,0.0021669999996447586,0
2,4,event,723,0.0019170000005033216,0
2,4,event,724,0.002458999999362277,0
2,4,event,725,0.0021669999996447586,0
2,4,event,726,0.0020830000003115856,0
2,4,event,727,0.0018749999999272404,0
2,4,event,728,0.0019170000005033216,0
2,4,event,729,0.002959000000373635,0
2,4,event,730,0.0027920000002268353,0
2,4,event,731,0.0027500000005602487,0
2,4,event,732,0.0020000000004074536,0
2,4,event,733,0.001750000000356522,0
2,4,event,734,0.0019170000005033216,0
2,4,event,735,0.0024169999996956903,0
2,4,event,736,0.0019160000001647859,0
2,4,event,737,0.002666999999746622,0
2,4,event,738,0.001999999999497959,0
2,4,event,739,0.0019579999998313724,0
2,4,event,740,0.0024159999993571546,0
2,4,event,741,0.001916999999593827,0
2,4,event,742,0.0018340000005991897,0
2,4,event,743,0.001833999999689695,0
2,4,event,744,0.001833000000260654,0
2,4,event,745,0.0024160000002666493,0
2,4,event,746,0.002124999999978172,0
2,4,event,747,0.0019589999992604135,0
2,4,event,748,0.0019170000005033216,0
2,4,event,749,0.0022500000004583853,0
2,4,event,750,0.0018749999999272404,0
2,4,event,751,0.002375000000029104,0
2,4,event,752,0.0019579999998313724,0
2,4,event,753,0.002124999999978172,0
2,4,event,754,0.0019160000001647859,0
2,4,event,755,0.0019579999998313724,0
2,4,event,756,0.0026250000000800355,0
2,4,event,757,0.0035420000003796304,0
2,4,event,758,0.001999999999497959,0
2,4,event,759,0.0020409999997355044,0
2,4,event,760,0.0020000000004074536,0
2,4,event,761,0.0034580000001369626,0
2,4,event,762,0.0019579999998313724,0
2,4,event,763,0.00204200000007404,0
2,4,event,764,0.0019160000001647859,0
2,4,event,765,0.0019160000001647859,0
2,4,event,766,0.0019579999998313724,0
2,4,event,767,0.0034580000001369626,0
2,4,event,768,0.0018749999999272404,0
2,4,event,769,0.003499999999803549,0
2,4,event,770,0.002041000000644999,0
2,4,event,771,0.0019160000001647859,0
2,4,event,772,0.0019579999998313724,0
2,4,event,773,0.0026250000000800355,0
2,4,event,774,0.0029160000003685127,0
2,4,event,775,0.0017920000000231084,0
2,4,event,776,0.001916999999593827,0
2,4,event,777,0.0017909999996845727,0
2,4,event,778,0.001999999999497959,0
2,4,event,779,0.0024590000002717716,0
2,4,event,780,0.0242500000003929,4
2,4,event,781,0.0026250000000800355,0
2,4,event,782,0.0027919999993173406,0
2,4,event,783,0.0020000000004074536,0
2,4,event,784,0.002500000000509317,0
2,4,event,785,0.001916999999593827,0
2,4,event,786,0.00204200000007404,0
2,4,event,787,0.0023329999994530226,0
2,4,event,788,0.0019170000005033216,0
2,4,event,789,0.0020000000004074536,0
2,4,event,790,0.0018749999999272404,0
2,4,event,791,0.001959000000169908,0
2,4,event,792,0.003125000000181899,0
2,4,event,793,0.0024160000002666493,0
2,4,event,794,0.0019170000005033216,0
2,4,event,795,0.0019170000005033216,0
2,4,event,796,0.001833000000260654,0
2,4,event,797,0.001958000000740867,0
2,4,event,798,0.0022499999995488906,0
2,4,event,799,0.0018329999993511592,0
2,4,event,800,0.002457999999933236,0
2,4,event,801,0.001833000000260654,0
2,4,event,802,0.0019159999992552912,0
2,4,event,803,0.002375000000029104,0
2,4,event,804,0.0027920000002268353,0
2,4,event,805,0.0019160000001647859,0
2,4,event,806,0.0019160000001647859,0
2,4,event,807,0.002207999999882304,0
2,4,event,808,0.003125000000181899,0
2,4,event,809,0.001959000000169908,0
2,4,event,810,0.0022499999995488906,0
2,4,event,811,0.0018749999999272404,0
2,4,event,812,0.001833999999689695,0
2,4,event,813,0.0019170000005033216,0
2,4,event,814,0.002417000000605185,0
2,4,event,815,0.0018749999999272404,0
2,4,event,816,0.0018749999999272404,0
2,4,event,817,0.001999999999497959,0
2,4,event,818,0.001999999999497959,0
2,4,event,819,0.0024590000002717716,0
2,4,event,820,0.001999999999497959,0
2,4,event,821,0.0019579999998313724,0
2,4,event,822,0.001916999999593827,0
2,4,event,823,0.0020409999997355044,0
2,4,event,824,0.0034580000001369626,0
2,4,event,825,0.001916999999593827,0
2,4,event,826,0.0026250000000800355,0
2,4,event,827,0.0021669999996447586,0
2,4,event,828,0.0019579999998313724,0
2,4,event,829,0.0020000000004074536,0
2,4,event,830,0.0024169999996956903,0
2,4,event,831,0.00204200000007404,0
2,4,event,832,0.001833000000260654,0
2,4,event,833,0.00204200000007404,0
2,4,event,834,0.0020840000006501214,0
2,4,event,835,0.003042000000277767,0
2,4,event,836,0.002124999999978172,0
2,4,event,837,0.00220900000022084,0
2,4,event,838,0.0020839999997406267,0
2,4,event,839,0.001916999999593827,0
2,4,event,840,0.024957999999969616,4
2,4,event,841,0.002666000000317581,0
2,4,event,842,0.00204200000007404,0
2,4,event,843,0.0027919999993173406,0
2,4,event,844,0.002207999999882304,0
2,4,event,845,0.0020000000004074536,0
2,4,event,846,0.0018749999999272404,0
2,4,event,847,0.0020830000003115856,0
2,4,event,848,0.002375000000029104,0
2,4,event,849,0.00204200000007404,0
2,4,event,850,0.0020000000004074536,0
2,4,event,851,0.0022500000004583853,0
2,4,event,852,0.0019589999992604135,0
2,4,event,853,0.0019170000005033216,0
2,4,event,854,0.0025829999995039543,0
2,4,event,855,0.0031669999998484855,0
2,4,event,856,0.002290999999786436,0
2,4,event,857,0.0018749999999272404,0
2,4,event,858,0.003125000000181899,0
2,4,event,859,0.002375000000029104,0
2,4,event,860,0.001959000000169908,0
2,4,event,861,0.00204200000007404,0
2,4,event,862,0.001833000000260654,0
2,4,event,863,0.0025420000001759036,0
2,4,event,864,0.002375000000029104,0
2,4,event,865,0.001916999999593827,0
2,4,event,866,0.0019159999992552912,0
2,4,event,867,0.0018329999993511592,0
2,4,event,868,0.0021660000002157176,0
2,4,event,869,0.0028750000001309672,0
2,4,event,870,0.0018750000008367351,0
2,4,event,871,0.0019170000005033216,0
2,4,event,872,0.0018749999999272404,0
2,4,event,873,0.001833999999689695,0
2,4,event,874,0.0018749999999272404,0
2,4,event,875,0.0025829999995039543,0
2,4,event,876,0.0024999999995998223,0
2,4,event,877,0.001999999999497959,0
2,4,event,878,0.0018749999999272404,0
2,4,event,879,0.002041000000644999,0
2,4,event,880,0.002666999999746622,0
2,4,event,881,0.0020000000004074536,0
2,4,event,882,0.002041000000644999,0
2,4,event,883,0.001833000000260654,0
2,4,event,884,0.0018749999999272404,0
2,4,event,885,0.002375000000029104,0
2,4,event,886,0.0023329999994530226,0
2,4,event,887,0.002749999999650754,0
2,4,event,888,0.0020000000004074536,0
2,4,event,889,0.0185830000000351,0
2,4,event,890,0.002124999999978172,0
2,4,event,891,0.0024999999995998223,0
2,4,event,892,0.0018749999999272404,0
2,4,event,893,0.001999999999497959,0
2,4,event,894,0.0018749999999272404,0
2,4,event,895,0.0017920000000231084,0
2,4,event,896,0.003042000000277767,0
2,4,event,897,0.0018749999999272404,0
2,4,event,898,0.002165999999306223,0
2,4,event,899,0.002207999999882304,0
2,4,event,900,0.024625000000014552,4
2,4,event,901,0.0027079999999841675,0
2,4,event,902,0.00204200000007404,0
2,4,event,903,0.0020000000004074536,0
2,4,event,904,0.0026250000000800355,0
2,4,event,905,0.0022499999995488906,0
2,4,event,906,0.0018749999999272404,0
2,4,event,907,0.002540999999837368,0
2,4,event,908,0.001916999999593827,0
2,4,event,909,0.0024999999995998223,0
2,4,event,910,0.0019170000005033216,0
2,4,event,911,0.001833999999689695,0
2,4,event,912,0.0025420000001759036,0
2,4,event,913,0.0023329999994530226,0
2,4,event,914,0.001999999999497959,0
2,4,event,915,0.0022499999995488906,0
2,4,event,916,0.0018749999999272404,0
2,4,event,917,0.0018749999999272404,0
2,4,event,918,0.0029580000000350992,0
2,4,event,919,0.0018329999993511592,0
2,4,event,920,0.002540999999837368,0
2,4,event,921,0.0018749999999272404,0
2,4,event,922,0.0018749999999272404,0
2,4,event,923,0.001833999999689695,0
2,4,event,924,0.001916999999593827,0
2,4,event,925,0.0024160000002666493,0
2,4,event,926,0.0027079999999841675,0
2,4,event,927,0.00204200000007404,0
2,4,event,928,0.001833999999689695,0
2,4,event,929,0.0021669999996447586,0
2,4,event,930,0.001959000000169908,0
2,4,event,931,0.002500000000509317,0
2,4,event,932,0.001833000000260654,0
2,4,event,933,0.00204200000007404,0
2,4,event,934,0.0019579999998313724,0
2,4,event,935,0.0019170000005033216,0
2,4,event,936,0.0023330000003625173,0
2,4,event,937,0.0020000000004074536,0
2,4,event,938,0.001959000000169908,0
2,4,event,939,0.0018749999999272404,0
2,4,event,940,0.001959000000169908,0
2,4,event,941,0.002375000000029104,0
2,4,event,942,0.0018749999999272404,0
2,4,event,943,0.001999999999497959,0
2,4,event,944,0.001958000000740867,0
2,4,event,945,0.00204200000007404,0
2,4,event,946,0.002458999999362277,0
2,4,event,947,0.001958000000740867,0
2,4,event,948,0.001833000000260654,0
2,4,event,949,0.002500000000509317,0
2,4,event,950,0.0029999999997016857,0
2,4,event,951,0.0018749999999272404,0
2,4,event,952,0.0022499999995488906,0
2,4,event,953,0.0027909999998882995,0
2,4,event,954,0.0018749999999272404,0
2,4,event,955,0.0017920000000231084,0
2,4,event,956,0.0017919999991136137,0
2,4,event,957,0.002915999999459018,0
2,4,event,958,0.0018749999999272404,0
2,4,event,959,0.0027500000005602487,0
2,4,event,960,0.023167000000285043,4
2,4,event,961,0.0027500000005602487,0
2,4,event,962,0.001916999999593827,0
2,4,event,963,0.0019170000005033216,0
2,4,event,964,0.0018749999999272404,0
2,4,event,965,0.0027920000002268353,0
2,4,event,966,0.002041000000644999,0
2,4,event,967,0.001833000000260654,0
2,4,event,968,0.0019170000005033216,0
2,4,event,969,0.0020830000003115856,0
2,4,event,970,0.001833999999689695,0
2,4,event,971,0.002375000000029104,0
2,4,event,972,0.0018329999993511592,0
2,4,event,973,0.0020840000006501214,0
2,4,event,974,0.0018749999999272404,0
2,4,event,975,0.001833000000260654,0
2,4,event,976,0.0022500000004583853,0
2,4,event,977,0.0018749999999272404,0
2,4,event,978,0.0017920000000231084,0
2,4,event,979,0.0018749999999272404,0
2,4,event,980,0.0024169999996956903,0
2,4,event,981,0.003416999999899417,0
2,4,event,982,0.0019160000001647859,0
2,4,event,983,0.001833000000260654,0
2,4,event,984,0.001833000000260654,0
2,4,event,985,0.0019170000005033216,0
2,4,event,986,0.003208000000086031,0
2,4,event,987,0.0018749999999272404,0
2,4,event,988,0.0024999999995998223,0
2,4,event,989,0.002457999999933236,0
2,4,event,990,0.0021660000002157176,0
2,4,event,991,0.001833000000260654,0
2,4,event,992,0.002375000000029104,0
2,4,event,993,0.0018329999993511592,0
2,4,event,994,0.0018329999993511592,0
2,4,event,995,0.0017499999994470272,0
2,4,event,996,0.0017909999996845727,0
2,4,event,997,0.0026250000000800355,0
2,4,event,998,0.0019589999992604135,0
2,4,event,999,0.0018340000005991897,0
2,4,burst,0,0.12799999999970169,28
2,4,burst,1,0.1300840000003518,28
2,4,burst,2,0.12799999999970169,28
2,4,burst,3,0.13041699999939738,28
2,4,burst,4,0.14087500000005093,28
2,4,burst,5,0.12800000000061118,28
2,4,burst,6,0.1421249999993961,28
2,4,burst,7,0.13716699999986304,28
2,4,burst,8,0.12362499999926513,28
2,4,burst,9,0.12083299999994779,28
2,4,burst,10,0.1288750000003347,28
2,4,burst,11,0.1415420000002996,28
2,4,burst,12,0.130500000000211,28
2,4,burst,13,0.12474999999994907,28
2,4,burst,14,0.12729200000012497,28
2,4,burst,15,0.13895899999988615,28
2,4,burst,16,0.12454199999956472,28
2,4,burst,17,0.12312500000007276,28
2,4,burst,18,0.13137499999993452,28
2,4,burst,19,0.13266699999985576,28
2,4,burst,20,0.13683299999956944,28
2,4,burst,21,0.11595800000031886,28
2,4,burst,22,0.13774999999986903,28
2,4,burst,23,0.13479199999983393,28
2,4,burst,24,0.13333400000010442,28
2,4,burst,25,0.12874999999985448,28
2,4,burst,26,0.12862500000028376,28
2,4,burst,27,0.12908299999980954,28
2,4,burst,28,0.12362499999926513,28
2,4,burst,29,0.1291670000000522,28
2,4,burst,30,0.13374999999996362,28
2,4,burst,31,0.13400000000001455,28
2,4,burst,32,0.12874999999985448,28
2,4,burst,33,0.13562499999989086,28
2,4,burst,34,0.14270800000031159,28
2,4,burst,35,0.1251670000001468,28
2,4,burst,36,39.39491699999962,28
2,4,burst,37,0.15083400000003166,28
2,4,burst,38,0.14420799999970768,28
2,4,burst,39,0.1397079999997004,28
2,4,burst,40,0.9406250000001819,28
2,4,burst,41,0.15137500000037107,28
2,4,burst,42,0.1342080000003989,28
2,4,burst,43,0.13991600000008475,28
2,4,burst,44,0.13391700000011042,28
2,4,burst,45,0.12779200000022684,28
2,4,burst,46,0.14383400000042457,28
2,4,burst,47,0.13208399999984977,28
2,4,burst,48,0.12683300000026065,28
2,4,burst,49,0.12454200000047422,28
2,4,burst,50,0.12804199999936827,28
2,4,burst,51,0.12429200000042329,28
2,4,burst,52,0.17670799999996234,28
2,4,burst,53,0.12775000000056025,28
2,4,burst,54,0.12358300000050804,28
2,4,burst,55,0.12412500000027649,28
2,4,burst,56,0.12333399999988615,28
2,4,burst,57,0.12579200000072888,28
2,4,burst,58,0.12008400000013353,28
2,4,burst,59,0.12337500000012369,28
2,4,burst,60,0.12329199999931006,28
2,4,burst,61,0.12212499999986903,28
2,4,burst,62,0.12799999999970169,28
2,4,burst,63,0.12550000000010186,28
2,4,burst,64,0.1303749999997308,28
2,4,burst,65,0.1211249999996653,28
2,4,burst,66,0.12016700000003766,28
2,4,burst,67,0.12300000000050204,28
2,4,burst,68,0.1198339999991731,28
2,4,burst,69,0.1218749999998181,28
2,4,burst,70,0.12279099999977916,28
2,4,burst,71,0.12583300000005693,28
2,4,burst,72,0.12191600000005565,28
2,4,burst,73,0.12237499999991996,28
2,4,burst,74,0.12108299999999872,28
2,4,burst,75,0.12058400000023539,28
2,4,burst,76,0.119499999999789,28
2,4,burst,77,0.1205420000005688,28
2,4,burst,78,0.12491700000009587,28
2,4,burst,79,0.131375000000844,28
2,4,burst,80,0.12024999999994179,28
2,4,burst,81,0.12091600000076141,28
2,4,burst,82,0.11895800000002055,28
2,4,burst,83,0.12070799999946757,28
2,4,burst,84,0.11937499999930878,28
2,4,burst,85,0.12075000000004366,28
2,4,burst,86,0.12287500000002183,28
2,4,burst,87,0.1246659999997064,28
2,4,burst,88,0.11845799999991868,28
2,4,burst,89,0.11987500000032014,28
2,4,burst,90,0.12004199999955745,28
2,4,burst,91,0.12120899999990797,28
2,4,burst,92,0.118916999999783,28
2,4,burst,93,0.1226249999999709,28
2,4,burst,94,0.11837500000001455,28
2,4,burst,95,0.1257500000001528,28
2,4,burst,96,0.11937500000021828,28
2,4,burst,97,0.12024999999994179,28
2,4,burst,98,0.12016599999969912,28
2,4,burst,99,0.12133300000004965,28
2,4,burst,100,0.12366600000041217,28
2,4,burst,101,0.11754199999995762,28
2,4,burst,102,0.11954199999945558,28
2,4,burst,103,0.1185829999994894,28
2,4,burst,104,0.12104200000067067,28
2,4,burst,105,0.12016599999969912,28
2,4,burst,106,0.12333299999954761,28
2,4,burst,107,0.12712499999997817,28
2,4,burst,108,0.11929099999997561,28
2,4,burst,109,0.12058300000080635,28
2,4,burst,110,0.12983299999996234,28
2,4,burst,111,0.12175000000024738,28
2,4,burst,112,0.20520800000031159,28
2,4,burst,113,0.15516699999989214,28
2,4,burst,114,0.14316599999983737,28
2,4,burst,115,0.12862500000028376,28
2,4,burst,116,0.1263330000001588,28
2,4,burst,117,0.12487500000042928,28
2,4,burst,118,0.12429200000042329,28
2,4,burst,119,0.12266700000054698,28
2,4,burst,120,0.12362500000017462,28
2,4,burst,121,0.12379200000032142,28
2,4,burst,122,0.13112499999988358,28
2,4,burst,123,0.12491599999975733,28
2,4,burst,124,0.12358300000050804,28
2,4,burst,125,0.14195899999958783,28
2,4,burst,126,0.13400000000001455,28
2,4,burst,127,0.12995800000044255,28
2,4,burst,128,0.12487499999951979,28
2,4,burst,129,0.1291670000000522,28
2,4,burst,130,0.12712499999997817,28
2,4,burst,131,0.1222090000001117,28
2,4,burst,132,0.12041700000008859,28
2,4,burst,133,0.1229590000002645,28
2,4,burst,134,0.12175000000024738,28
2,4,burst,135,0.12083299999994779,28
2,4,burst,136,0.12758300000041345,28
2,4,burst,137,0.12062499999956344,28
2,4,burst,138,0.12212499999986903,28
2,4,burst,139,0.12058400000023539,28
2,4,burst,140,51.39545899999939,28
2,4,burst,141,0.08933299999989686,28
2,4,burst,142,0.13149999999950523,28
2,4,burst,143,0.13925000000017462,28
2,4,burst,144,0.11679199999980483,28
2,4,burst,145,0.058958000000529864,28
2,4,burst,146,0.059707999999773165,28
2,4,burst,147,3.135957999999846,28
2,4,burst,148,0.08129199999984849,28
2,4,burst,149,0.06404099999963364,28
2,4,burst,150,0.06787499999973079,28
2,4,burst,151,0.06075000000055297,28
2,4,burst,152,0.05679200000031415,28
2,4,burst,153,0.06050000000050204,28
2,4,burst,154,0.05670800000007148,28
2,4,burst,155,0.057083000000602624,28
2,4,burst,156,0.056416999999783,28
2,4,burst,157,0.06999999999970896,28
2,4,burst,158,0.06112500000017462,28
2,4,burst,159,0.05779100000017934,28
2,4,burst,160,0.05779199999960838,28
2,4,burst,161,0.05695800000012241,28
2,4,burst,162,0.05754200000046694,28
2,4,burst,163,0.05620899999939866,28
2,4,burst,164,0.055291000000579515,28
2,4,burst,165,0.06070799999997689,28
2,4,burst,166,0.05462499999975989,28
2,4,burst,167,0.05654199999935372,28
2,4,burst,168,0.05554100000063045,28
2,4,burst,169,0.056999999999789,28
2,4,burst,170,0.056582999999591266,28
2,4,burst,171,0.05562499999996362,28
2,4,burst,172,0.06450000000040745,28
2,4,burst,173,0.056916000000455824,28
2,4,burst,174,0.056749999999738066,28
2,4,burst,175,0.056000000000494765,28
2,4,burst,176,0.05604199999925186,28
2,4,burst,177,0.05866700000024139,28
2,4,burst,178,0.0562499999996362,28
2,4,burst,179,0.05787499999951251,28
2,4,burst,180,0.05629200000021228,28
2,4,burst,181,0.05654199999935372,28
2,4,burst,182,0.08254200000010314,28
2,4,burst,183,0.1196669999999358,28
2,4,burst,184,0.12008299999979499,28
2,4,burst,185,0.12283300000035524,28
2,4,burst,186,0.12533299999995506,28
2,4,burst,187,0.11929099999997561,28
2,4,burst,188,0.125583000000006,28
2,4,burst,189,0.12320799999997689,28
2,4,burst,190,0.12154199999986304,28
2,4,burst,191,0.12145800000052986,28
2,4,burst,192,0.12129100000038306,28
2,4,burst,193,0.1325830000005226,28
2,4,burst,194,0.12058299999989686,28
2,4,burst,195,0.11716599999999744,28
2,4,burst,196,0.12070800000037707,28
2,4,burst,197,0.1233330000004571,28
2,4,burst,198,0.11999999999989086,28
2,4,burst,199,0.1184160000002521,28
2,4,burst,200,0.12058299999989686,28
2,4,burst,201,0.12341699999979028,28
2,4,burst,202,0.11850000000049477,28
2,4,burst,203,0.12387499999931606,28
2,4,burst,204,0.1218749999998181,28
2,4,burst,205,0.12066700000013952,28
2,4,burst,206,0.11658299999999144,28
2,4,burst,207,0.11700000000018917,28
2,4,burst,208,0.1251670000001468,28
2,4,burst,209,0.11808300000029703,28
2,4,burst,210,0.11687499999970896,28
2,4,burst,211,0.11804200000005949,28
2,4,burst,212,0.12079199999971024,28
2,4,burst,213,0.11795900000015536,28
2,4,burst,214,0.11716700000033597,28
2,4,burst,215,0.12304200000016863,28
2,4,burst,216,0.12212499999986903,28
2,4,burst,217,0.11904200000026322,28
2,4,burst,218,0.11845900000025722,28
2,4,burst,219,0.1187499999996362,28
2,4,burst,220,0.12620799999967858,28
2,4,burst,221,0.11945799999921292,28
2,4,burst,222,0.12150000000019645,28
2,4,burst,223,0.11808400000063557,28
2,4,burst,224,0.1214589999999589,28
2,4,burst,225,0.118333999999777,28
2,4,burst,226,1.7770000000000437,28
2,4,burst,227,0.15099999999983993,28
2,4,burst,228,0.15158299999984592,28
2,4,burst,229,0.15304199999991397,28
2,4,burst,230,0.14158399999996618,28
2,4,burst,231,0.14254199999959383,28
2,4,burst,232,0.1459999999997308,28
2,4,burst,233,0.1484999999993306,28
2,4,burst,234,0.3021660000003976,28
2,4,burst,235,0.18575000000055297,28
2,4,burst,236,0.1810829999994894,28
2,4,burst,237,0.3037910000002739,28
2,4,burst,238,0.1507080000001224,28
2,4,burst,239,0.14362499999970169,28
2,4,burst,240,0.14983399999982794,28
2,4,burst,241,0.1431670000001759,28
2,4,burst,242,0.145832999999584,28
2,4,burst,243,0.1453750000000582,28
2,4,burst,244,0.14933300000029703,28
2,4,burst,245,0.14245800000026065,28
2,4,burst,246,0.13799999999991996,28
2,4,burst,247,0.1388329999999769,28
2,4,burst,248,0.14274999999997817,28
2,4,burst,249,0.14237500000035652,28
2,4,burst,250,0.140625,28
2,4,burst,251,15.456583000000137,28
2,4,burst,252,0.2075830000003407,28
2,4,burst,253,0.1672920000000886,28
2,4,burst,254,0.14987500000006548,28
2,4,burst,255,0.1507500000006985,28
2,4,burst,256,0.146125000000211,28
2,4,burst,257,0.14662499999940337,28
2,4,burst,258,0.15408300000035524,28
2,4,burst,259,0.14979200000016135,28
2,4,burst,260,0.1450409999997646,28
2,4,burst,261,0.14400000000023283,28
2,4,burst,262,0.1428329999998823,28
2,4,burst,263,0.14362500000061118,28
2,4,burst,264,0.14354199999979755,28
2,4,burst,265,0.14679199999955017,28
2,4,burst,266,0.12354099999993196,28
2,4,burst,267,0.06379199999992125,28
2,4,burst,268,0.05570900000020629,28
2,4,burst,269,0.057541000000128406,28
2,4,burst,270,0.05658300000050076,28
2,4,burst,271,0.05679199999940465,28
2,4,burst,272,0.05949999999938882,28
2,4,burst,273,0.05587500000001455,28
2,4,burst,274,0.055833000000347965,28
2,4,burst,275,0.10762500000055297,28
2,4,burst,276,0.14208400000006804,28
2,4,burst,277,0.14204199999949196,28
2,4,burst,278,0.14112499999919237,28
2,4,burst,279,0.14512500000000728,28
2,4,burst,280,0.1428749999995489,28
2,4,burst,281,0.14441600000009203,28
2,4,burst,282,0.14325000000008004,28
2,4,burst,283,0.15899999999965075,28
2,4,burst,284,0.14379100000041944,28
2,4,burst,285,0.14325000000008004,28
2,4,burst,286,0.14412499999980355,28
2,4,burst,287,0.15337499999986903,28
2,4,burst,288,0.14270899999974063,28
2,4,burst,289,0.14400000000023283,28
2,4,burst,290,0.14441600000009203,28
2,4,burst,291,0.14458299999932933,28
2,4,burst,292,0.14229100000011385,28
2,4,burst,293,0.14362499999970169,28
2,4,burst,294,0.14591699999982666,28
2,4,burst,295,0.14979200000016135,28
2,4,burst,296,0.14174999999977445,28
2,4,burst,297,0.1431669999992664,28
2,4,burst,298,0.14220900000054826,28
2,4,burst,299,0.1519589999998061,28
2,4,burst,300,47.2627080000002,28
2,4,burst,301,0.1972909999994954,28
2,4,burst,302,0.2541250000003856,28
2,4,burst,303,0.36016600000039034,28
2,4,burst,304,0.5536669999992228,28
2,4,burst,305,0.6527500000001965,28
2,4,burst,306,1.55462499999976,28
2,4,burst,307,0.16479200000048877,28
2,4,burst,308,0.3968750000003638,28
2,4,burst,309,0.3155419999993683,28
2,4,burst,310,0.5631249999996726,28
2,4,burst,311,0.15904200000022684,28
2,4,burst,312,0.1514999999999418,28
2,4,burst,313,0.14458299999932933,28
2,4,burst,314,0.2528330000004644,28
2,4,burst,315,0.7055840000002718,28
2,4,burst,316,0.18833400000039546,28
2,4,burst,317,0.28220799999962765,28
2,4,burst,318,33.18870799999968,28
2,4,burst,319,0.18504200000006676,28
2,4,burst,320,0.15429200000016863,28
2,4,burst,321,0.15591700000004494,28
2,4,burst,322,1.2200839999995878,28
2,4,burst,323,0.1633750000000873,28
2,4,burst,324,0.14499999999952706,28
2,4,burst,325,0.13924999999926513,28
2,4,burst,326,0.14258299999983137,28
2,4,burst,327,0.13616600000023027,28
2,4,burst,328,0.1633750000000873,28
2,4,burst,329,0.6906250000001819,28
2,4,burst,330,0.30545900000015536,28
2,4,burst,331,0.14500000000043656,28
2,4,burst,332,0.7143329999998969,28
2,4,burst,333,0.1639580000000933,28
2,4,burst,334,0.22541700000056153,28
2,4,burst,335,0.8032499999999345,28
2,4,burst,336,0.07604199999968841,28
2,4,burst,337,0.072624999999789,28
2,4,burst,338,0.0648750000000291,28
2,4,burst,339,0.059874999999919964,28
2,4,burst,340,0.05858299999999872,28
2,4,burst,341,0.0595419999999649,28
2,4,burst,342,0.0597090000001117,28
2,4,burst,343,0.05745900000056281,28
2,4,burst,344,0.061625000000276486,28
2,4,burst,345,0.05629200000021228,28
2,4,burst,346,0.06987500000013824,28
2,4,burst,347,0.09704099999999016,28
2,4,burst,348,0.14695800000026793,28
2,4,burst,349,0.14358399999946414,28
2,4,burst,350,21.964582999999948,28
2,4,burst,351,0.3405000000002474,28
2,4,burst,352,0.1579170000004524,28
2,4,burst,353,1.5264160000006086,28
2,4,burst,354,0.9843329999994239,28
2,4,burst,355,0.24970800000028248,28
2,4,burst,356,1.2124579999999696,28
2,4,burst,357,0.15529100000003382,28
2,4,burst,358,0.06624999999985448,28
2,4,burst,359,0.06441600000016479,28
2,4,burst,360,0.06866700000045967,28
2,4,burst,361,0.06429199999911361,28
2,4,burst,362,0.059667000000445114,28
2,4,burst,363,0.058624999999665306,28
2,4,burst,364,0.05766700000003766,28
2,4,burst,365,0.09170800000083545,28
2,4,burst,366,0.1492920000000595,28
2,4,burst,367,0.14887499999986176,28
2,4,burst,368,0.14270800000031159,28
2,4,burst,369,0.1483330000000933,28
2,4,burst,370,0.14362499999970169,28
2,4,burst,371,0.145542000000205,28
2,4,burst,372,0.14104200000019773,28
2,4,burst,373,0.15049999999973807,28
2,4,burst,374,0.14083400000072288,28
2,4,burst,375,0.15112499999941065,28
2,4,burst,376,0.14116700000067794,28
2,4,burst,377,0.144666999999572,28
2,4,burst,378,0.14862499999981083,28
2,4,burst,379,0.1432089999998425,28
2,4,burst,380,0.14787499999965803,28
2,4,burst,381,0.14595900000040274,28
2,4,burst,382,0.1413750000001528,28
2,4,burst,383,0.14266700000007404,28
2,4,burst,384,0.13916599999993196,28
2,4,burst,385,0.1444579999997586,28
2,4,burst,386,0.14012499999989814,28
2,4,burst,387,0.14579199999934644,28
2,4,burst,388,0.14087500000005093,28
2,4,burst,389,0.14337499999965075,28
2,4,burst,390,0.14345899999989342,28
2,4,burst,391,4.810167000000547,28
2,4,burst,392,0.1641670000008162,28
2,4,burst,393,0.16316699999970297,28
2,4,burst,394,1.8302089999997406,28
2,4,burst,395,0.2156249999998181,28
2,4,burst,396,0.1477500000000873,28
2,4,burst,397,0.14674999999988358,28
2,4,burst,398,0.14179200000035053,28
2,4,burst,399,0.1428329999998823,28
2,4,burst,400,0.2590829999999187,28
2,4,burst,401,0.15529200000037235,28
2,4,burst,402,0.25370899999961694,28
2,4,burst,403,0.15037500000016735,28
2,4,burst,404,0.14487499999995634,28
2,4,burst,405,0.14504200000010314,28
2,4,burst,406,3.1139589999993404,28
2,4,burst,407,0.1608329999999114,28
2,4,burst,408,0.18979099999978644,28
2,4,burst,409,0.15720899999996618,28
2,4,burst,410,0.1434159999998883,28
2,4,burst,411,0.1415420000002996,28
2,4,burst,412,0.18591700000069977,28
2,4,burst,413,0.15570800000023155,28
2,4,burst,414,0.7550000000001091,28
2,4,burst,415,0.1803330000002461,28
2,4,burst,416,0.3010409999997137,28
2,4,burst,417,0.14816700000028504,28
2,4,burst,418,0.14345899999989342,28
2,4,burst,419,0.690375000000131,28
2,4,burst,420,0.15633299999990413,28
2,4,burst,421,0.1496659999993426,28
2,4,burst,422,0.16675000000032014,28
2,4,burst,423,0.15979200000037963,28
2,4,burst,424,0.15108299999974406,28
2,4,burst,425,0.1418340000000171,28
2,4,burst,426,0.3931249999995998,28
2,4,burst,427,0.07762499999989814,28
2,4,burst,428,0.06445900000016991,28
2,4,burst,429,0.05979200000001583,28
2,4,burst,430,0.06191599999965547,28
2,4,burst,431,0.5584579999995185,28
2,4,burst,432,4.590832999999293,28
2,4,burst,433,0.2870410000004995,28
2,4,burst,434,0.1805420000000595,28
2,4,burst,435,0.15250000000014552,28
2,4,burst,436,0.1703749999996944,28
2,4,burst,437,0.24812500000007276,28
2,4,burst,438,0.15325000000029831,28
2,4,burst,439,0.14904200000000856,28
2,4,burst,440,0.15841599999930622,28
2,4,burst,441,0.1477500000000873,28
2,4,burst,442,0.14950000000044383,28
2,4,burst,443,0.1484999999993306,28
2,4,burst,444,52.96754099999998,28
2,4,burst,445,0.20029199999953562,28
2,4,burst,446,0.06370799999967858,28
2,4,burst,447,0.06829199999992852,28
2,4,burst,448,0.06070899999940593,28
2,4,burst,449,0.05737500000032014,28
2,4,burst,450,0.05850000000009459,28
2,4,burst,451,0.05787499999951251,28
2,4,burst,452,0.058207999999467575,28
2,4,burst,453,0.05741599999964819,28
2,4,burst,454,0.05916700000034325,28
2,4,burst,455,0.057166000000506756,28
2,4,burst,456,0.05695899999955145,28
2,4,burst,457,0.056125000000065484,28
2,4,burst,458,0.056999999999789,28
2,4,burst,459,0.06224999999994907,28
2,4,burst,460,0.05854099999942264,28
2,4,burst,461,0.10249999999996362,28
2,4,burst,462,0.17120799999975134,28
2,4,burst,463,0.06170800000018062,28
2,4,burst,464,0.05525000000034197,28
2,4,burst,465,0.05466699999942648,28
2,4,burst,466,0.05670800000007148,28
2,4,burst,467,0.056375000000116415,28
2,4,burst,468,0.05883300000004965,28
2,4,burst,469,0.1342079999994894,28
2,4,burst,470,0.1395830000001297,28
2,4,burst,471,0.14087500000005093,28
2,4,burst,472,0.14016600000013568,28
2,4,burst,473,0.1413330000004862,28
2,4,burst,474,0.1395830000001297,28
2,4,burst,475,0.14562500000010914,28
2,4,burst,476,0.05791600000065955,28
2,4,burst,477,0.05525000000034197,28
2,4,burst,478,0.05404100000032486,28
2,4,burst,479,0.05670800000007148,28
2,4,burst,480,0.054667000000335975,28
2,4,burst,481,0.055416999999579275,28
2,4,burst,482,0.05404099999941536,28
2,4,burst,483,0.05924999999933789,28
2,4,burst,484,0.056666999999833934,28
2,4,burst,485,0.05454199999985576,28
2,4,burst,486,0.05504099999961909,28
2,4,burst,487,0.05629200000021228,28
2,4,burst,488,0.0540419999997539,28
2,4,burst,489,0.05458399999952235,28
2,4,burst,490,0.05837500000052387,28
2,4,burst,491,0.05924999999933789,28
2,4,burst,492,0.054375000000618456,28
2,4,burst,493,0.05537499999991269,28
2,4,burst,494,0.05566699999963021,28
2,4,burst,495,0.057166000000506756,28
2,4,burst,496,0.05495900000005349,28
2,4,burst,497,0.05691599999954633,28
2,4,burst,498,0.06570800000008603,28
2,4,burst,499,0.14233300000068994,28
2,4,burst,500,0.13999999999941792,28
2,4,burst,501,0.14366699999936827,28
2,4,burst,502,0.1422919999995429,28
2,4,burst,503,0.14233400000011898,28
2,4,burst,504,0.14841700000033597,28
2,4,burst,505,0.14425000000028376,28
2,4,burst,506,0.1430419999996957,28
2,4,burst,507,0.14629099999910977,28
2,4,burst,508,0.14070799999990413,28
2,4,burst,509,0.14158299999962765,28
2,4,burst,510,0.14504200000010314,28
2,4,burst,511,0.14829199999985576,28
2,4,burst,512,19.644584000000577,28
2,4,burst,513,0.1858330000004571,28
2,4,burst,514,0.1574590000000171,28
2,4,burst,515,0.15287499999976717,28
2,4,burst,516,0.14770900000075926,28
2,4,burst,517,0.15374999999949068,28
2,4,burst,518,0.14904200000000856,28
2,4,burst,519,0.1555419999995138,28
2,4,burst,520,0.1476250000005166,28
2,4,burst,521,0.1483749999997599,28
2,4,burst,522,0.16129199999977573,28
2,4,burst,523,0.09262499999931606,28
2,4,burst,524,0.05866699999933189,28
2,4,burst,525,0.05845899999985704,28
2,4,burst,526,0.06387499999982538,28
2,4,burst,527,0.05670800000007148,28
2,4,burst,528,0.05662500000016735,28
2,4,burst,529,0.05474999999933061,28
2,4,burst,530,0.06054099999983009,28
2,4,burst,531,0.05629200000021228,28
2,4,burst,532,0.05599999999958527,28
2,4,burst,533,0.05754200000046694,28
2,4,burst,534,0.05662500000016735,28
2,4,burst,535,0.09254099999998289,28
2,4,burst,536,0.14391599999999016,28
2,4,burst,537,0.16641700000036508,28
2,4,burst,538,0.1439169999994192,28
2,4,burst,539,1.8606669999999212,28
2,4,burst,540,0.41520799999943847,28
2,4,burst,541,0.16662499999983993,28
2,4,burst,542,1.0746250000001965,28
2,4,burst,543,0.2538750000003347,28
2,4,burst,544,0.18204199999945558,28
2,4,burst,545,0.15708400000039546,28
2,4,burst,546,0.15374999999949068,28
2,4,burst,547,0.1593750000001819,28
2,4,burst,548,0.15024999999968713,28
2,4,burst,549,0.14916700000048877,28
2,4,burst,550,0.14587500000016007,28
2,4,burst,551,0.14383300000008603,28
2,4,burst,552,0.1457910000008269,28
2,4,burst,553,0.1621660000000702,28
2,4,burst,554,0.14816699999937555,28
2,4,burst,555,0.15212500000052387,28
2,4,burst,556,0.14258299999983137,28
2,4,burst,557,0.14483299999938026,28
2,4,burst,558,0.14287500000045839,28
2,4,burst,559,0.140625,28
2,4,burst,560,0.14100000000053114,28
2,4,burst,561,0.14325000000008004,28
2,4,burst,562,0.14666699999997945,28
2,4,burst,563,0.1406669999996666,28
2,4,burst,564,0.14254200000050332,28
2,4,burst,565,0.14216699999997218,28
2,4,burst,566,0.14216699999997218,28
2,4,burst,567,0.14029200000004494,28
2,4,burst,568,0.14216699999997218,28
2,4,burst,569,0.15874999999959982,28
2,4,burst,570,0.15320799999972223,28
2,4,burst,571,0.14350000000013097,28
2,4,burst,572,0.14483299999938026,28
2,4,burst,573,0.14641600000049948,28
2,4,burst,574,0.14454100000057224,28
2,4,burst,575,0.14570800000001327,28
2,4,burst,576,0.1482080000005226,28
2,4,burst,577,0.14699999999993452,28
2,4,burst,578,0.14395899999999529,28
2,4,burst,579,0.14591700000073615,28
2,4,burst,580,0.1415419999993901,28
2,4,burst,581,0.14516600000024482,28
2,4,burst,582,0.14050000000042928,28
2,4,burst,583,0.1479170000002341,28
2,4,burst,584,0.14087500000005093,28
2,4,burst,585,0.1547499999996944,28
2,4,burst,586,0.14295899999979156,28
2,4,burst,587,0.14191699999992125,28
2,4,burst,588,0.14179199999944103,28
2,4,burst,589,0.14858400000048277,28
2,4,burst,590,0.14691700000003038,28
2,4,burst,591,0.14199999999982538,28
2,4,burst,592,0.14012499999989814,28
2,4,burst,593,0.14412499999980355,28
2,4,burst,594,0.14329199999974662,28
2,4,burst,595,0.14000000000032742,28
2,4,burst,596,0.13979199999994307,28
2,4,burst,597,0.1499999999996362,28
2,4,burst,598,0.14658299999973678,28
2,4,burst,599,0.14145899999948597,28
2,4,burst,600,0.14766700000018318,28
2,4,burst,601,0.1421250000003056,28
2,4,burst,602,0.13950000000022555,28
2,4,burst,603,0.14012499999989814,28
2,4,burst,604,0.1420829999997295,28
2,4,burst,605,0.1450830000003407,28
2,4,burst,606,0.14095799999995506,28
2,4,burst,607,0.13979199999994307,28
2,4,burst,608,0.14379099999950995,28
2,4,burst,609,0.14087500000005093,28
2,4,burst,610,0.13991600000008475,28
2,4,burst,611,0.14233299999978044,28
2,4,burst,612,0.15004200000021228,28
2,4,burst,613,0.1418340000000171,28
2,4,burst,614,0.14125000000058208,28
2,4,burst,615,0.14199999999982538,28
2,4,burst,616,0.14875000000029104,28
2,4,burst,617,0.1408339999998134,28
2,4,burst,618,0.1428749999995489,28
2,4,burst,619,0.14479100000062317,28
2,4,burst,620,0.14237500000035652,28
2,4,burst,621,0.12941700000010314,28
2,4,burst,622,0.11733399999957328,28
2,4,burst,623,0.118333999999777,28
2,4,burst,624,0.120375000000422,28
2,4,burst,625,96.300792,28
2,4,burst,626,0.4431249999997817,28
2,4,burst,627,0.3627920000008089,28
2,4,burst,628,0.38545799999974406,28
2,4,burst,629,0.35991699999976845,28
2,4,burst,630,0.6175410000005286,28
2,4,burst,631,0.45437499999934516,28
2,4,burst,632,0.3770830000003116,28
2,4,burst,633,0.3616250000004584,28
2,4,burst,634,58.68187500000022,28
2,4,burst,635,0.39991699999973207,28
2,4,burst,636,0.2553750000006403,28
2,4,burst,637,0.22933300000022427,28
2,4,burst,638,0.2929579999999987,28
2,4,burst,639,0.21137499999986176,28
2,4,burst,640,0.22824999999920692,28
2,4,burst,641,0.22983300000032614,28
2,4,burst,642,0.20600000000013097,28
2,4,burst,643,0.19891700000061974,28
2,4,burst,644,0.23291599999993196,28
2,4,burst,645,0.18116599999939353,28
2,4,burst,646,0.34766600000057224,28
2,4,burst,647,0.4126249999999345,28
2,4,burst,648,0.25508300000001327,28
2,4,burst,649,2.1216669999994338,28
2,4,burst,650,0.41120800000044255,28
2,4,burst,651,3.067374999999629,28
2,4,burst,652,0.23483299999952578,28
2,4,burst,653,0.36233399999946414,28
2,4,burst,654,0.15750000000025466,28
2,4,burst,655,0.161457999999584,28
2,4,burst,656,0.15137500000037107,28
2,4,burst,657,0.14812500000061846,28
2,4,burst,658,0.14474999999947613,28
2,4,burst,659,0.1459999999997308,28
2,4,burst,660,0.35350000000016735,28
2,4,burst,661,0.15924999999970169,28
2,4,burst,662,0.15708400000039546,28
2,4,burst,663,0.16812500000014552,28
2,4,burst,664,0.15116699999998673,28
2,4,burst,665,0.14420900000004622,28
2,4,burst,666,0.14570800000001327,28
2,4,burst,667,0.14337499999965075,28
2,4,burst,668,0.1461669999998776,28
2,4,burst,669,0.14883300000019517,28
2,4,burst,670,0.1419159999995827,28
2,4,burst,671,0.14529200000015408,28
2,4,burst,672,0.140625,28
2,4,burst,673,0.1463340000000244,28
2,4,burst,674,0.7640000000001237,28
2,4,burst,675,46.56304199999977,28
2,4,burst,676,0.15300000000024738,28
2,4,burst,677,0.19779099999959726,28
2,4,burst,678,0.14454200000000128,28
2,4,burst,679,0.20562499999959982,28
2,4,burst,680,0.18920900000011898,28
2,4,burst,681,0.23583399999915855,28
2,4,burst,682,0.17654200000015408,28
2,4,burst,683,0.4503340000001117,28
2,4,burst,684,1.1117920000006052,28
2,4,burst,685,0.6800830000001952,28
2,4,burst,686,0.19458300000042072,28
2,4,burst,687,0.1573340000004464,28
2,4,burst,688,0.14954200000011042,28
2,4,burst,689,0.1505829999996422,28
2,4,burst,690,0.14662500000031287,28
2,4,burst,691,0.23383300000023155,28
2,4,burst,692,0.35345800000050076,28
2,4,burst,693,0.18591600000036124,28
2,4,burst,694,2.486707999999453,28
2,4,burst,695,58.38954199999989,28
2,4,burst,696,0.2139999999999418,28
2,4,burst,697,0.7031669999996666,28
2,4,burst,698,0.5042919999996229,28
2,4,burst,699,0.34408299999995506,28
2,4,burst,700,0.4748749999998836,28
2,4,burst,701,0.31341599999996106,28
2,4,burst,702,0.3104160000002594,28
2,4,burst,703,1.8836670000000595,28
2,4,burst,704,0.0961250000000291,28
2,4,burst,705,0.08929199999965931,28
2,4,burst,706,0.08650000000034197,28
2,4,burst,707,0.08287500000005821,28
2,4,burst,708,0.0803329999998823,28
2,4,burst,709,0.0809159999998883,28
2,4,burst,710,0.09495800000058807,28
2,4,burst,711,0.084208000000217,28
2,4,burst,712,0.08325000000058935,28
2,4,burst,713,0.07941599999958271,28
2,4,burst,714,0.0792090000004464,28
2,4,burst,715,0.08341699999982666,28
2,4,burst,716,0.07987500000035652,28
2,4,burst,717,0.07708399999955873,28
2,4,burst,718,0.07858399999986432,28
2,4,burst,719,0.07699999999931606,28
2,4,burst,720,0.08041700000012497,28
2,4,burst,721,0.07520900000054098,28
2,4,burst,722,0.07820799999990413,28
2,4,burst,723,0.07541700000001583,28
2,4,burst,724,0.07512499999938882,28
2,4,burst,725,0.07724999999936699,28
2,4,burst,726,0.08541599999989558,28
2,4,burst,727,0.08187499999985448,28
2,4,burst,728,0.07666599999993196,28
2,4,burst,729,0.07533299999977316,28
2,4,burst,730,0.07849999999962165,28
2,4,burst,731,0.07554099999924802,28
2,4,burst,732,0.0805000000000291,28
2,4,burst,733,0.0818330000001879,28
2,4,burst,734,0.11200000000008004,28
2,4,burst,735,0.10495900000023539,28
2,4,burst,736,0.10687500000040018,28
2,4,burst,737,0.10474999999951251,28
2,4,burst,738,0.10791700000027049,28
2,4,burst,739,0.10424999999941065,28
2,4,burst,740,0.10674999999991996,28
2,4,burst,741,0.10825000000022555,28
2,4,burst,742,0.11379200000010314,28
2,4,burst,743,0.10374999999930878,28
2,4,burst,744,0.10474999999951251,28
2,4,burst,745,0.109375,28
2,4,burst,746,0.10770900000079564,28
2,4,burst,747,0.10745899999983521,28
2,4,burst,748,0.10970799999995506,28
2,4,burst,749,0.10637500000029831,28
2,4,burst,750,0.105333000000428,28
2,4,burst,751,0.10416600000007747,28
2,4,burst,752,0.10554200000024139,28
2,4,burst,753,0.10520899999937683,28
2,4,burst,754,0.10620900000049005,28
2,4,burst,755,0.10341699999935372,28
2,4,burst,756,0.1073340000002645,28
2,4,burst,757,0.11229199999979755,28
2,4,burst,758,0.1068329999998241,28
2,4,burst,759,0.10304200000064156,28
2,4,burst,760,0.10554099999990285,28
2,4,burst,761,0.10679199999958655,28
2,4,burst,762,0.10495799999989686,28
2,4,burst,763,0.10929200000009587,28
2,4,burst,764,0.10575000000062573,28
2,4,burst,765,0.10637500000029831,28
2,4,burst,766,0.10199999999986176,28
2,4,burst,767,0.10570800000004965,28
2,4,burst,768,0.10524999999961437,28
2,4,burst,769,0.10595800000010058,28
2,4,burst,770,0.11862500000006548,28
2,4,burst,771,0.14204199999949196,28
2,4,burst,772,0.1470419999996011,28
2,4,burst,773,0.14512500000000728,28
2,4,burst,774,0.14312500000050932,28
2,4,burst,775,0.1419580000001588,28
2,4,burst,776,0.1411660000003394,28
2,4,burst,777,0.15174999999999272,28
2,4,burst,778,0.14370899999994435,28
2,4,burst,779,0.1424170000000231,28
2,4,burst,780,0.1413749999992433,28
2,4,burst,781,0.14262499999949796,28
2,4,burst,782,0.14366699999936827,28
2,4,burst,783,0.14370899999994435,28
2,4,burst,784,0.14566699999977573,28
2,4,burst,785,0.14512500000000728,28
2,4,burst,786,0.1398750000007567,28
2,4,burst,787,0.14379100000041944,28
2,4,burst,788,0.14866600000004837,28
2,4,burst,789,0.1538749999999709,28
2,4,burst,790,0.1406669999996666,28
2,4,burst,791,0.14475000000038563,28
2,4,burst,792,0.1413750000001528,28
2,4,burst,793,0.1445000000003347,28
2,4,burst,794,0.1421250000003056,28
2,4,burst,795,0.14016600000013568,28
2,4,burst,796,0.1435830000000351,28
2,4,burst,797,0.14474999999947613,28
2,4,burst,798,0.14579200000025594,28
2,4,burst,799,0.1491249999999127,28
2,4,burst,800,0.14724999999998545,28
2,4,burst,801,0.14395800000056624,28
2,4,burst,802,0.1413330000004862,28
2,4,burst,803,0.14808300000004238,28
2,4,burst,804,0.14558299999953306,28
2,4,burst,805,0.14233299999978044,28
2,4,burst,806,0.14475000000038563,28
2,4,burst,807,0.14083299999947485,28
2,4,burst,808,0.14637500000026193,28
2,4,burst,809,0.14237499999944703,28
2,4,burst,810,0.16154100000039762,28
2,4,burst,811,0.14333299999998417,28
2,4,burst,812,0.14233300000068994,28
2,4,burst,813,0.14683299999978772,28
2,4,burst,814,0.14174999999977445,28
2,4,burst,815,0.1409590000002936,28
2,4,burst,816,0.14237499999944703,28
2,4,burst,817,0.1387909999994008,28
2,4,burst,818,0.1404999999995198,28
2,4,burst,819,0.14129099999991013,28
2,4,burst,820,0.1529580000005808,28
2,4,burst,821,0.14012499999989814,28
2,4,burst,822,0.13991700000042329,28
2,4,burst,823,0.14104200000019773,28
2,4,burst,824,0.14512500000000728,28
2,4,burst,825,0.1453750000000582,28
2,4,burst,826,0.14274999999997817,28
2,4,burst,827,37.95012499999939,28
2,4,burst,828,0.3326250000000073,28
2,4,burst,829,0.18208400000003166,28
2,4,burst,830,0.17983299999923474,28
2,4,burst,831,0.15670800000043528,28
2,4,burst,832,0.17141699999956472,28
2,4,burst,833,0.1517919999996593,28
2,4,burst,834,0.15562500000032742,28
2,4,burst,835,0.15808300000026065,28
2,4,burst,836,0.14625000000069122,28
2,4,burst,837,0.15145900000061374,28
2,4,burst,838,0.17329200000040146,28
2,4,burst,839,0.2167909999998301,28
2,4,burst,840,0.1272499999995489,28
2,4,burst,841,0.11704200000076526,28
2,4,burst,842,0.11979199999950652,28
2,4,burst,843,0.11070899999958783,28
2,4,burst,844,0.10820899999998801,28
2,4,burst,845,0.10854199999994307,28
2,4,burst,846,0.110833000000639,28
2,4,burst,847,0.10529099999985192,28
2,4,burst,848,0.10604200000034325,28
2,4,burst,849,0.11062500000025466,28
2,4,burst,850,0.10916699999961565,28
2,4,burst,851,0.10450000000037107,28
2,4,burst,852,0.10383300000012241,28
2,4,burst,853,0.10566599999947357,28
2,4,burst,854,0.12295799999992596,28
2,4,burst,855,0.10666700000001583,28
2,4,burst,856,0.10958399999981339,28
2,4,burst,857,0.09912499999973079,28
2,4,burst,858,0.08458300000074814,28
2,4,burst,859,0.0845419999996011,28
2,4,burst,860,0.08237499999995634,28
2,4,burst,861,0.0837920000003578,28
2,4,burst,862,0.0878339999999298,28
2,4,burst,863,0.08620900000005349,28
2,4,burst,864,0.0845420000005106,28
2,4,burst,865,0.08612499999981083,28
2,4,burst,866,0.08349999999973079,28
2,4,burst,867,0.08158300000013696,28
2,4,burst,868,0.08270799999991141,28
2,4,burst,869,0.08375000000069122,28
2,4,burst,870,0.08691600000020117,28
2,4,burst,871,0.08566700000028504,28
2,4,burst,872,0.08187499999985448,28
2,4,burst,873,0.08354200000030687,28
2,4,burst,874,0.08204200000000128,28
2,4,burst,875,0.08216600000014296,28
2,4,burst,876,0.08229200000005221,28
2,4,burst,877,0.08187499999985448,28
2,4,burst,878,0.08516700000018318,28
2,4,burst,879,0.08316699999977573,28
2,4,burst,880,0.08687500000087311,28
2,4,burst,881,0.08283399999982066,28
2,4,burst,882,0.0821670000004815,28
2,4,burst,883,0.08312500000010914,28
2,4,burst,884,0.08337499999925058,28
2,4,burst,885,0.0852919999997539,28
2,4,burst,886,0.08658399999967514,28
2,4,burst,887,0.0812500000001819,28
2,4,burst,888,0.08491700000013225,28
2,4,burst,889,0.08408299999973678,28
2,4,burst,890,0.08291599999938626,28
2,4,burst,891,0.08166699999947014,28
2,4,burst,892,0.0847089999997479,28
2,4,burst,893,0.08266699999967386,28
2,4,burst,894,0.0824159999992844,28
2,4,burst,895,0.08062499999959982,28
2,4,burst,896,0.08537499999965803,28
2,4,burst,897,0.08424999999988358,28
2,4,burst,898,0.082749999999578,28
2,4,burst,899,0.08541699999932462,28
2,4,burst,900,0.08458400000017718,28
2,4,burst,901,0.08645900000010442,28
2,4,burst,902,0.08287500000005821,28
2,4,burst,903,0.08316700000068522,28
2,4,burst,904,0.0834580000000642,28
2,4,burst,905,0.08520799999951123,28
2,4,burst,906,0.08637499999986176,28
2,4,burst,907,0.0818330000001879,28
2,4,burst,908,0.08379100000001927,28
2,4,burst,909,0.08354200000030687,28
2,4,burst,910,0.07762500000080763,28
2,4,burst,911,0.07099999999991269,28
2,4,burst,912,0.07137499999953434,28
2,4,burst,913,0.07337499999994179,28
2,4,burst,914,0.0739159999993717,28
2,4,burst,915,0.07220799999959127,28
2,4,burst,916,0.07433299999956944,28
2,4,burst,917,0.07150000000001455,28
2,4,burst,918,0.07091599999967002,28
2,4,burst,919,0.07074999999986176,28
2,4,burst,920,0.07258300000012241,28
2,4,burst,921,0.07241700000031415,28
2,4,burst,922,0.07162500000049477,28
2,4,burst,923,0.07112499999948341,28
2,4,burst,924,0.07141700000011042,28
2,4,burst,925,0.07099999999991269,28
2,4,burst,926,0.07062500000029104,28
2,4,burst,927,0.07100000000082218,28
2,4,burst,928,0.07512499999938882,28
2,4,burst,929,0.07058299999971496,28
2,4,burst,930,0.07758300000023155,28
2,4,burst,931,0.0711250000003929,28
2,4,burst,932,0.08170900000004622,28
2,4,burst,933,0.07020900000043184,28
2,4,burst,934,0.07066699999995762,28
2,4,burst,935,0.07329099999969912,28
2,4,burst,936,0.07154199999968114,28
2,4,burst,937,0.06958399999984977,28
2,4,burst,938,0.06850000000031287,28
2,4,burst,939,0.06937500000003638,28
2,4,burst,940,0.07095799999933661,28
2,4,burst,941,0.06995800000004238,28
2,4,burst,942,0.07179199999973207,28
2,4,burst,943,0.0696669999997539,28
2,4,burst,944,0.07083299999976589,28
2,4,burst,945,0.07087500000034197,28
2,4,burst,946,0.06904200000008132,28
2,4,burst,947,0.07287499999983993,28
2,4,burst,948,44.84533399999964,28
2,4,burst,949,0.07345800000075542,28
2,4,burst,950,0.06937500000003638,28
2,4,burst,951,0.060291000000688655,28
2,4,burst,952,0.0648750000000291,28
2,4,burst,953,0.062458000000333413,28
2,4,burst,954,0.06370800000058807,28
2,4,burst,955,0.06124999999974534,28
2,4,burst,956,0.06404100000054314,28
2,4,burst,957,0.06270899999981339,28
2,4,burst,958,0.06149999999979627,28
2,4,burst,959,0.06170899999960966,28
2,4,burst,960,0.06224999999994907,28
2,4,burst,961,0.061417000000801636,28
2,4,burst,962,0.06783400000040274,28
2,4,burst,963,0.062458999999762455,28
2,4,burst,964,0.06541699999979755,28
2,4,burst,965,0.06199999999989814,28
2,4,burst,966,0.06054099999983009,28
2,4,burst,967,0.06529200000022684,28
2,4,burst,968,0.06258299999990413,28
2,4,burst,969,0.060790999999881024,28
2,4,burst,970,0.06004199999915727,28
2,4,burst,971,0.0648750000000291,28
2,4,burst,972,0.06166699999994307,28
2,4,burst,973,0.060124999999970896,28
2,4,burst,974,0.06300000000010186,28
2,4,burst,975,0.06145900000046822,28
2,4,burst,976,0.06058400000074471,28
2,4,burst,977,0.05941700000039418,28
2,4,burst,978,0.06795800000054442,28
2,4,burst,979,0.06279199999971752,28
2,4,burst,980,0.060833000000457105,28
2,4,burst,981,0.060082999999394815,28
2,4,burst,982,0.06016699999963748,28
2,4,burst,983,0.06162499999936699,28
2,4,burst,984,0.06145800000012969,28
2,4,burst,985,0.061916999999994005,28
2,4,burst,986,0.06212500000037835,28
2,4,burst,987,0.06112500000017462,28
2,4,burst,988,0.062458000000333413,28
2,4,burst,989,0.060583999999835214,28
2,4,burst,990,0.06275000000005093,28
2,4,burst,991,0.06183300000066083,28
2,4,burst,992,0.06058300000040617,28
2,4,burst,993,0.0654580000000351,28
2,4,burst,994,0.060583999999835214,28
2,4,burst,995,0.060666999999739346,28
2,4,burst,996,0.0614160000004631,28
2,4,burst,997,0.05900000000019645,28
2,4,burst,998,0.06004100000063772,28
2,4,burst,999,0.062167000000044936,28
