round,targets,mode,sample,ms,pending
0,1,idle,0,0.003708000000017364,0
0,1,idle,1,0.004458999999997104,0
0,1,idle,2,0.00483299999996234,0
0,1,idle,3,0.004124999999987722,0
0,1,idle,4,0.004500000000007276,0
0,1,idle,5,0.004457999999999629,0
0,1,idle,6,0.004166999999995369,0
0,1,idle,7,0.01274999999998272,0
0,1,idle,8,0.004249999999956344,0
0,1,idle,9,0.0047089999999911925,0
0,1,idle,10,0.005583999999998923,0
0,1,idle,11,0.010249999999984993,0
0,1,idle,12,0.0047089999999911925,0
0,1,idle,13,0.0043330000000310065,0
0,1,idle,14,0.004500000000007276,0
0,1,idle,15,0.005084000000010747,0
0,1,idle,16,0.004166999999995369,0
0,1,idle,17,0.004000000000019099,0
0,1,idle,18,0.004625000000032742,0
0,1,idle,19,0.008709000000010292,0
0,1,idle,20,0.004500000000007276,0
0,1,idle,21,0.006166000000007443,0
0,1,idle,22,0.00591700000001083,0
0,1,idle,23,0.018624999999985903,0
0,1,idle,24,0.005124999999964075,0
0,1,idle,25,0.0038749999999936335,0
0,1,idle,26,0.004082999999980075,0
0,1,idle,27,0.004082999999980075,0
0,1,idle,28,0.004583999999965727,0
0,1,idle,29,0.004082999999980075,0
0,1,idle,30,0.003917000000001281,0
0,1,idle,31,0.01020800000003419,0
0,1,idle,32,0.005249999999989541,0
0,1,idle,33,0.003916000000003805,0
0,1,idle,34,0.010374999999953616,0
0,1,idle,35,0.004874999999969987,0
0,1,idle,36,0.004250000000013188,0
0,1,idle,37,0.0036249999999995453,0
0,1,idle,38,0.004416999999989457,0
0,1,idle,39,0.004792000000009011,0
0,1,idle,40,0.009999999999990905,0
0,1,idle,41,0.004582999999968251,0
0,1,idle,42,0.004291999999963991,0
0,1,idle,43,0.17058399999996254,0
0,1,idle,44,0.009958000000040101,0
0,1,idle,45,0.00466599999998607,0
0,1,idle,46,0.004583999999965727,0
0,1,idle,47,0.004208000000005541,0
0,1,idle,48,0.004125000000044565,0
0,1,idle,49,0.004416000000048825,0
0,1,idle,50,0.005084000000010747,0
0,1,idle,51,0.005666000000019267,0
0,1,idle,52,0.0037499999999681677,0
0,1,idle,53,0.0037090000000148393,0
0,1,idle,54,0.0072499999999990905,0
0,1,idle,55,0.0049999999999954525,0
0,1,idle,56,0.004125000000044565,0
0,1,idle,57,0.004583000000025095,0
0,1,idle,58,0.004625000000032742,0
0,1,idle,59,0.003834000000040305,0
0,1,idle,60,0.004250000000013188,0
0,1,idle,61,0.00383300000004283,0
0,1,idle,62,0.003750000000025011,0
0,1,idle,63,0.007625000000018645,0
0,1,idle,64,0.020832999999981894,0
0,1,idle,65,0.0052090000000362124,0
0,1,idle,66,0.003791000000035183,0
0,1,idle,67,0.003959000000008928,0
0,1,idle,68,0.0036659999999528736,0
0,1,idle,69,0.0038329999999859865,0
0,1,idle,70,0.0036670000000071923,0
0,1,idle,71,0.004207999999948697,0
0,1,idle,72,0.003917000000001281,0
0,1,idle,73,0.005916999999953987,0
0,1,idle,74,0.004415999999991982,0
0,1,idle,75,0.0038749999999936335,0
0,1,idle,76,0.01316700000000992,0
0,1,idle,77,0.008832999999981439,0
0,1,idle,78,0.004917000000034477,0
0,1,idle,79,0.003666000000009717,0
0,1,idle,80,0.0037919999999758147,0
0,1,idle,81,0.004209000000003016,0
0,1,idle,82,0.00583300000005238,0
0,1,idle,83,0.003750000000025011,0
0,1,idle,84,0.0036670000000071923,0
0,1,idle,85,0.00925000000000864,0
0,1,idle,86,0.10291699999999082,0
0,1,idle,87,0.015166999999962627,0
0,1,idle,88,0.006500000000016826,0
0,1,idle,89,0.00454199999995808,0
0,1,idle,90,0.0049579999999878055,0
0,1,idle,91,0.005125000000020918,0
0,1,idle,92,0.006041999999979453,0
0,1,idle,93,0.003958000000011452,0
0,1,idle,94,0.004042000000026746,0
0,1,idle,95,0.004250000000013188,0
0,1,idle,96,0.0049579999999878055,0
0,1,idle,97,0.00454199999995808,0
0,1,idle,98,0.012707999999975073,0
0,1,idle,99,0.005499999999983629,0
0,1,idle,100,0.004292000000020835,0
0,1,idle,101,0.010374999999953616,0
0,1,idle,102,0.0049999999999954525,0
0,1,idle,103,0.004083000000036918,0
0,1,idle,104,0.004166999999995369,0
0,1,idle,105,0.003917000000001281,0
0,1,idle,106,0.004332999999974163,0
0,1,idle,107,0.010666999999955351,0
0,1,idle,108,0.004457999999999629,0
0,1,idle,109,0.005709000000024389,0
0,1,idle,110,0.0050420000000030996,0
0,1,idle,111,0.004624999999975898,0
0,1,idle,112,0.003958000000011452,0
0,1,idle,113,0.005167000000028565,0
0,1,idle,114,0.005499999999983629,0
0,1,idle,115,0.0037090000000148393,0
0,1,idle,116,0.029124999999964984,0
0,1,idle,117,0.004040999999972428,0
0,1,idle,118,0.00437499999998181,0
0,1,idle,119,0.011874999999974989,0
0,1,idle,120,0.004500000000007276,0
0,1,idle,121,0.003917000000001281,0
0,1,idle,122,0.0037499999999681677,0
0,1,idle,123,0.004208000000005541,0
0,1,idle,124,0.004458999999997104,0
0,1,idle,125,0.004040999999972428,0
0,1,idle,126,0.0038749999999936335,0
0,1,idle,127,0.003708999999957996,0
0,1,idle,128,0.0043330000000310065,0
0,1,idle,129,0.0035419999999817264,0
0,1,idle,130,0.0038329999999859865,0
0,1,idle,131,0.008916999999996733,0
0,1,idle,132,0.004415999999991982,0
0,1,idle,133,0.0036670000000071923,0
0,1,idle,134,0.0043330000000310065,0
0,1,idle,135,0.007124999999973625,0
0,1,idle,136,0.009166999999990821,0
0,1,idle,137,0.004125000000044565,0
0,1,idle,138,0.003666000000009717,0
0,1,idle,139,0.010166999999967175,0
0,1,idle,140,0.008874999999989086,0
0,1,idle,141,0.005125000000020918,0
0,1,idle,142,0.00383300000004283,0
0,1,idle,143,0.004166999999995369,0
0,1,idle,144,0.014707999999984622,0
0,1,idle,145,0.006207999999958247,0
0,1,idle,146,0.015207999999972799,0
0,1,idle,147,0.011458000000004631,0
0,1,idle,148,0.004165999999997894,0
0,1,idle,149,0.011082999999985077,0
0,1,idle,150,0.004207999999948697,0
0,1,idle,151,0.012541999999996278,0
0,1,idle,152,0.009624999999971351,0
0,1,idle,153,0.004082999999980075,0
0,1,idle,154,0.011167000000000371,0
0,1,idle,155,0.005625000000009095,0
0,1,idle,156,0.004207999999948697,0
0,1,idle,157,0.010290999999995165,0
0,1,idle,158,0.016250000000013642,0
0,1,idle,159,0.005999999999971806,0
0,1,idle,160,0.005249999999989541,0
0,1,idle,161,0.004000000000019099,0
0,1,idle,162,0.0038329999999859865,0
0,1,idle,163,0.003917000000001281,0
0,1,idle,164,0.012207999999986896,0
0,1,idle,165,0.010124999999959527,0
0,1,idle,166,0.003917000000001281,0
0,1,idle,167,0.0036249999999995453,0
0,1,idle,168,0.010457999999971435,0
0,1,idle,169,0.004624999999975898,0
0,1,idle,170,0.004165999999997894,0
0,1,idle,171,0.0040840000000343935,0
0,1,idle,172,0.003958000000011452,0
0,1,idle,173,0.003540999999984251,0
0,1,idle,174,0.009292000000016287,0
0,1,idle,175,0.004125000000044565,0
0,1,idle,176,0.0049999999999954525,0
0,1,idle,177,0.004541000000017448,0
0,1,idle,178,0.0038749999999936335,0
0,1,idle,179,0.009500000000002728,0
0,1,idle,180,0.004125000000044565,0
0,1,idle,181,0.004250000000013188,0
0,1,idle,182,0.005249999999989541,0
0,1,idle,183,0.0036659999999528736,0
0,1,idle,184,0.005999999999971806,0
0,1,idle,185,0.0038339999999834617,0
0,1,idle,186,0.004250000000013188,0
0,1,idle,187,0.0035829999999918982,0
0,1,idle,188,0.005583000000001448,0
0,1,idle,189,0.0036249999999995453,0
0,1,idle,190,0.00408399999997755,0
0,1,idle,191,0.004332999999974163,0
0,1,idle,192,0.004166999999995369,0
0,1,idle,193,0.0037909999999783395,0
0,1,idle,194,0.006000000000028649,0
0,1,idle,195,0.003792000000032658,0
0,1,idle,196,0.003750000000025011,0
0,1,idle,197,0.004125000000044565,0
0,1,idle,198,0.009666000000038366,0
0,1,idle,199,0.004082999999980075,0
0,1,idle,200,0.038875000000018645,0
0,1,idle,201,0.004042000000026746,0
0,1,idle,202,0.00437499999998181,0
0,1,idle,203,0.009082999999975527,0
0,1,idle,204,0.004750000000001364,0
0,1,idle,205,0.004042000000026746,0
0,1,idle,206,0.004040999999972428,0
0,1,idle,207,0.011874999999974989,0
0,1,idle,208,0.0061670000000049185,0
0,1,idle,209,0.009583000000020547,0
0,1,idle,210,0.003958000000011452,0
0,1,idle,211,0.012250000000051386,0
0,1,idle,212,0.004916999999977634,0
0,1,idle,213,0.004707999999993717,0
0,1,idle,214,0.00454199999995808,0
0,1,idle,215,0.0037919999999758147,0
0,1,idle,216,0.005958000000021002,0
0,1,idle,217,0.005832999999995536,0
0,1,idle,218,0.004333999999971638,0
0,1,idle,219,0.003917000000001281,0
0,1,idle,220,0.0035830000000487416,0
0,1,idle,221,0.003708000000017364,0
0,1,idle,222,0.013875000000041382,0
0,1,idle,223,0.004917000000034477,0
0,1,idle,224,0.004250000000013188,0
0,1,idle,225,0.0047089999999911925,0
0,1,idle,226,0.0042910000000233595,0
0,1,idle,227,0.0037909999999783395,0
0,1,idle,228,0.005458999999973457,0
0,1,idle,229,0.003999999999962256,0
0,1,idle,230,0.004250000000013188,0
0,1,idle,231,0.011208000000010543,0
0,1,idle,232,0.009916000000032454,0
0,1,idle,233,0.01191700000003948,0
0,1,idle,234,0.005125000000020918,0
0,1,idle,235,0.01345800000001418,0
0,1,idle,236,0.003999999999962256,0
0,1,idle,237,0.012333000000012362,0
0,1,idle,238,0.004124999999987722,0
0,1,idle,239,0.005083000000013271,0
0,1,idle,240,0.005417000000022654,0
0,1,idle,241,0.010167000000024018,0
0,1,idle,242,0.01325000000002774,0
0,1,idle,243,0.003791000000035183,0
0,1,idle,244,0.004624999999975898,0
0,1,idle,245,0.004207999999948697,0
0,1,idle,246,0.004332999999974163,0
0,1,idle,247,0.00408399999997755,0
0,1,idle,248,0.00533300000000736,0
0,1,idle,249,0.006333999999981188,0
0,1,idle,250,0.004250000000013188,0
0,1,idle,251,0.0035829999999918982,0
0,1,idle,252,0.0038749999999936335,0
0,1,idle,253,0.004000000000019099,0
0,1,idle,254,0.003834000000040305,0
0,1,idle,255,0.011415999999996984,0
0,1,idle,256,0.005750000000034561,0
0,1,idle,257,0.0038749999999936335,0
0,1,idle,258,0.0049999999999954525,0
0,1,idle,259,0.004041999999969903,0
0,1,idle,260,0.0044999999999504325,0
0,1,idle,261,0.005290999999999713,0
0,1,idle,262,0.009958000000040101,0
0,1,idle,263,0.004166999999995369,0
0,1,idle,264,0.0037919999999758147,0
0,1,idle,265,0.05529100000001108,0
0,1,idle,266,0.0054580000000328255,0
0,1,idle,267,0.004125000000044565,0
0,1,idle,268,0.005499999999983629,0
0,1,idle,269,0.004292000000020835,0
0,1,idle,270,0.004042000000026746,0
0,1,idle,271,0.014000000000010004,0
0,1,idle,272,0.004292000000020835,0
0,1,idle,273,0.0037079999999605207,0
0,1,idle,274,0.011916999999982636,0
0,1,idle,275,0.00483299999996234,0
0,1,idle,276,0.004416999999989457,0
0,1,idle,277,0.0038329999999859865,0
0,1,idle,278,0.00437499999998181,0
0,1,idle,279,0.003834000000040305,0
0,1,idle,280,0.004917000000034477,0
0,1,idle,281,0.0061249999999972715,0
0,1,idle,282,0.004792000000009011,0
0,1,idle,283,0.003666999999950349,0
0,1,idle,284,0.003750000000025011,0
0,1,idle,285,0.003666000000009717,0
0,1,idle,286,0.004249999999956344,0
0,1,idle,287,0.0038339999999834617,0
0,1,idle,288,0.05766699999998082,0
0,1,idle,289,0.004916999999977634,0
0,1,idle,290,0.004458999999997104,0
0,1,idle,291,0.0042910000000233595,0
0,1,idle,292,0.029583999999999833,0
0,1,idle,293,0.003917000000001281,0
0,1,idle,294,0.004250000000013188,0
0,1,idle,295,0.0036670000000071923,0
0,1,idle,296,0.004250000000013188,0
0,1,idle,297,0.004083000000036918,0
0,1,idle,298,0.016417000000046755,0
0,1,idle,299,0.010708000000022366,0
0,1,idle,300,0.004042000000026746,0
0,1,idle,301,0.003958000000011452,0
0,1,idle,302,0.7757079999999519,0
0,1,idle,303,0.00970799999998917,0
0,1,idle,304,0.004624999999975898,0
0,1,idle,305,0.006416999999999007,0
0,1,idle,306,0.004500000000007276,0
0,1,idle,307,0.004750000000001364,0
0,1,idle,308,0.013292000000035387,0
0,1,idle,309,0.005167000000028565,0
0,1,idle,310,0.004416999999989457,0
0,1,idle,311,0.004082999999980075,0
0,1,idle,312,0.0038749999999936335,0
0,1,idle,313,0.004792000000009011,0
0,1,idle,314,0.007790999999997439,0
0,1,idle,315,0.004208000000005541,0
0,1,idle,316,0.0037919999999758147,0
0,1,idle,317,0.004166999999995369,0
0,1,idle,318,0.004750000000001364,0
0,1,idle,319,0.004833000000019183,0
0,1,idle,320,0.0038329999999859865,0
0,1,idle,321,0.004333999999971638,0
0,1,idle,322,0.0042910000000233595,0
0,1,idle,323,0.00458400000002257,0
0,1,idle,324,0.004083000000036918,0
0,1,idle,325,0.004624999999975898,0
0,1,idle,326,0.004457999999999629,0
0,1,idle,327,0.0037919999999758147,0
0,1,idle,328,0.021957999999983713,0
0,1,idle,329,0.006041000000038821,0
0,1,idle,330,0.0047089999999911925,0
0,1,idle,331,0.004082999999980075,0
0,1,idle,332,0.010041999999998552,0
0,1,idle,333,0.015375000000005912,0
0,1,idle,334,0.08816699999999855,0
0,1,idle,335,0.0049999999999954525,0
0,1,idle,336,0.003958000000011452,0
0,1,idle,337,0.004124999999987722,0
0,1,idle,338,0.004083000000036918,0
0,1,idle,339,0.00437499999998181,0
0,1,idle,340,0.0038339999999834617,0
0,1,idle,341,0.003916000000003805,0
0,1,idle,342,0.011208000000010543,0
0,1,idle,343,0.00437499999998181,0
0,1,idle,344,0.00437499999998181,0
0,1,idle,345,0.004165999999997894,0
0,1,idle,346,0.012333000000012362,0
0,1,idle,347,0.041457999999977346,0
0,1,idle,348,0.0040840000000343935,0
0,1,idle,349,0.0042910000000233595,0
0,1,idle,350,0.003999999999962256,0
0,1,idle,351,0.004124999999987722,0
0,1,idle,352,0.003917000000001281,0
0,1,idle,353,0.00437499999998181,0
0,1,idle,354,0.0038329999999859865,0
0,1,idle,355,0.00437499999998181,0
0,1,idle,356,0.0035419999999817264,0
0,1,idle,357,0.004082999999980075,0
0,1,idle,358,0.004292000000020835,0
0,1,idle,359,0.00541699999996581,0
0,1,idle,360,0.004582999999968251,0
0,1,idle,361,0.00437499999998181,0
0,1,idle,362,0.00437499999998181,0
0,1,idle,363,0.004166999999995369,0
0,1,idle,364,0.003750000000025011,0
0,1,idle,365,0.00591700000001083,0
0,1,idle,366,0.01125000000001819,0
0,1,idle,367,0.004624999999975898,0
0,1,idle,368,0.004250000000013188,0
0,1,idle,369,0.010125000000016371,0
0,1,idle,370,0.0043330000000310065,0
0,1,idle,371,0.004124999999987722,0
0,1,idle,372,0.003917000000001281,0
0,1,idle,373,0.004124999999987722,0
0,1,idle,374,0.004040999999972428,0
0,1,idle,375,0.010416000000020631,0
0,1,idle,376,0.004542000000014923,0
0,1,idle,377,0.003875000000050477,0
0,1,idle,378,0.004124999999987722,0
0,1,idle,379,0.00533300000000736,0
0,1,idle,380,0.0038749999999936335,0
0,1,idle,381,0.004624999999975898,0
0,1,idle,382,0.004250000000013188,0
0,1,idle,383,0.004041000000029271,0
0,1,idle,384,0.0036249999999995453,0
0,1,idle,385,0.003959000000008928,0
0,1,idle,386,0.004916000000037002,0
0,1,idle,387,0.010167000000024018,0
0,1,idle,388,0.004083000000036918,0
0,1,idle,389,0.0036249999999995453,0
0,1,idle,390,0.004292000000020835,0
0,1,idle,391,0.00991700000002993,0
0,1,idle,392,0.0049999999999954525,0
0,1,idle,393,0.004082999999980075,0
0,1,idle,394,0.00437499999998181,0
0,1,idle,395,0.00933399999996709,0
0,1,idle,396,0.003999999999962256,0
0,1,idle,397,0.005666000000019267,0
0,1,idle,398,0.004500000000007276,0
0,1,idle,399,0.00941699999998491,0
0,1,idle,400,0.009708000000046013,0
0,1,idle,401,0.003792000000032658,0
0,1,idle,402,0.004292000000020835,0
0,1,idle,403,0.01037500000001046,0
0,1,idle,404,0.004082999999980075,0
0,1,idle,405,0.003666000000009717,0
0,1,idle,406,0.01079200000003766,0
0,1,idle,407,0.0042910000000233595,0
0,1,idle,408,0.0038339999999834617,0
0,1,idle,409,0.003708000000017364,0
0,1,idle,410,0.004042000000026746,0
0,1,idle,411,0.005250000000046384,0
0,1,idle,412,0.004082999999980075,0
0,1,idle,413,0.00437499999998181,0
0,1,idle,414,0.004000000000019099,0
0,1,idle,415,0.003750000000025011,0
0,1,idle,416,0.004040999999972428,0
0,1,idle,417,0.003666999999950349,0
0,1,idle,418,0.004292000000020835,0
0,1,idle,419,0.003666000000009717,0
0,1,idle,420,0.0037079999999605207,0
0,1,idle,421,0.003750000000025011,0
0,1,idle,422,0.004292000000020835,0
0,1,idle,423,0.004000000000019099,0
0,1,idle,424,0.0038749999999936335,0
0,1,idle,425,0.004667000000040389,0
0,1,idle,426,0.0043330000000310065,0
0,1,idle,427,0.04599999999999227,0
0,1,idle,428,0.007124999999973625,0
0,1,idle,429,0.0049999999999954525,0
0,1,idle,430,0.003916000000003805,0
0,1,idle,431,0.0036670000000071923,0
0,1,idle,432,0.0037079999999605207,0
0,1,idle,433,0.015417000000013559,0
0,1,idle,434,0.006250000000022737,0
0,1,idle,435,0.004082999999980075,0
0,1,idle,436,1.399959000000024,0
0,1,idle,437,0.016334000000028936,0
0,1,idle,438,0.006166000000007443,0
0,1,idle,439,0.005499999999983629,0
0,1,idle,440,0.003834000000040305,0
0,1,idle,441,0.003666000000009717,0
0,1,idle,442,0.01483399999995072,0
0,1,idle,443,0.00408399999997755,0
0,1,idle,444,0.008708000000012817,0
0,1,idle,445,0.004000000000019099,0
0,1,idle,446,0.011167000000000371,0
0,1,idle,447,0.003917000000001281,0
0,1,idle,448,0.003999999999962256,0
0,1,idle,449,0.005290999999999713,0
0,1,idle,450,0.003834000000040305,0
0,1,idle,451,0.004124999999987722,0
0,1,idle,452,0.004000000000019099,0
0,1,idle,453,0.003750000000025011,0
0,1,idle,454,0.014333000000021912,0
0,1,idle,455,0.004625000000032742,0
0,1,idle,456,0.0038749999999936335,0
0,1,idle,457,0.009208000000000993,0
0,1,idle,458,0.003917000000001281,0
0,1,idle,459,0.004416999999989457,0
0,1,idle,460,0.0061249999999972715,0
0,1,idle,461,0.0038749999999936335,0
0,1,idle,462,0.003957999999954609,0
0,1,idle,463,0.003958000000011452,0
0,1,idle,464,0.003750000000025011,0
0,1,idle,465,0.004124999999987722,0
0,1,idle,466,0.009666000000038366,0
0,1,idle,467,0.004959000000042124,0
0,1,idle,468,0.003666000000009717,0
0,1,idle,469,0.003708999999957996,0
0,1,idle,470,0.004250000000013188,0
0,1,idle,471,0.003875000000050477,0
0,1,idle,472,0.0036670000000071923,0
0,1,idle,473,0.010833000000047832,0
0,1,idle,474,0.0036249999999995453,0
0,1,idle,475,0.003708000000017364,0
0,1,idle,476,0.006500000000016826,0
0,1,idle,477,0.0043330000000310065,0
0,1,idle,478,0.004165999999997894,0
0,1,idle,479,0.003792000000032658,0
0,1,idle,480,0.003708000000017364,0
0,1,idle,481,0.0044170000000463006,0
0,1,idle,482,0.0036670000000071923,0
0,1,idle,483,0.0037919999999758147,0
0,1,idle,484,0.0035829999999918982,0
0,1,idle,485,0.028583000000026004,0
0,1,idle,486,0.006250000000022737,0
0,1,idle,487,0.004625000000032742,0
0,1,idle,488,0.004165999999997894,0
0,1,idle,489,0.0037909999999783395,0
0,1,idle,490,0.003750000000025011,0
0,1,idle,491,0.005208000000038737,0
0,1,idle,492,0.005625000000009095,0
0,1,idle,493,0.004707999999993717,0
0,1,idle,494,0.0038749999999936335,0
0,1,idle,495,0.003917000000001281,0
0,1,idle,496,0.0036249999999995453,0
0,1,idle,497,0.00437499999998181,0
0,1,idle,498,0.003917000000001281,0
0,1,idle,499,0.00383300000004283,0
0,1,idle,500,0.010750000000030013,0
0,1,idle,501,0.004208000000005541,0
0,1,idle,502,0.00570799999997007,0
0,1,idle,503,0.009208000000000993,0
0,1,idle,504,0.003958000000011452,0
0,1,idle,505,0.0037499999999681677,0
0,1,idle,506,0.0037919999999758147,0
0,1,idle,507,0.004166999999995369,0
0,1,idle,508,0.003916000000003805,0
0,1,idle,509,0.016666999999984,0
0,1,idle,510,0.004583000000025095,0
0,1,idle,511,0.004082999999980075,0
0,1,idle,512,0.00487500000002683,0
0,1,idle,513,0.010249999999984993,0
0,1,idle,514,0.004500000000007276,0
0,1,idle,515,0.0038749999999936335,0
0,1,idle,516,0.004125000000044565,0
0,1,idle,517,0.004874999999969987,0
0,1,idle,518,0.004833999999959815,0
0,1,idle,519,0.018458000000009633,0
0,1,idle,520,0.004500000000007276,0
0,1,idle,521,0.003666000000009717,0
0,1,idle,522,0.004166999999995369,0
0,1,idle,523,0.010874999999998636,0
0,1,idle,524,0.004416999999989457,0
0,1,idle,525,0.0037499999999681677,0
0,1,idle,526,0.00437499999998181,0
0,1,idle,527,0.0037499999999681677,0
0,1,idle,528,0.004583000000025095,0
0,1,idle,529,0.004041000000029271,0
0,1,idle,530,0.004959000000042124,0
0,1,idle,531,0.003708000000017364,0
0,1,idle,532,0.004000000000019099,0
0,1,idle,533,0.010667000000012195,0
0,1,idle,534,0.00487500000002683,0
0,1,idle,535,0.003792000000032658,0
0,1,idle,536,0.004083000000036918,0
0,1,idle,537,0.003750000000025011,0
0,1,idle,538,0.004292000000020835,0
0,1,idle,539,0.004250000000013188,0
0,1,idle,540,0.006624999999985448,0
0,1,idle,541,0.005583999999998923,0
0,1,idle,542,0.005083000000013271,0
0,1,idle,543,0.004208000000005541,0
0,1,idle,544,0.004292000000020835,0
0,1,idle,545,0.004166999999995369,0
0,1,idle,546,0.003958000000011452,0
0,1,idle,547,0.003708000000017364,0
0,1,idle,548,0.0042089999999461725,0
0,1,idle,549,0.004624999999975898,0
0,1,idle,550,0.004165999999997894,0
0,1,idle,551,0.004791999999952168,0
0,1,idle,552,0.004624999999975898,0
0,1,idle,553,0.004041999999969903,0
0,1,idle,554,0.004833000000019183,0
0,1,idle,555,0.005541999999991276,0
0,1,idle,556,0.004040999999972428,0
0,1,idle,557,0.0038749999999936335,0
0,1,idle,558,0.004041999999969903,0
0,1,idle,559,0.004542000000014923,0
0,1,idle,560,0.005083000000013271,0
0,1,idle,561,0.004292000000020835,0
0,1,idle,562,0.004333999999971638,0
0,1,idle,563,0.0038749999999936335,0
0,1,idle,564,0.004041999999969903,0
0,1,idle,565,0.004290999999966516,0
0,1,idle,566,0.014124999999978627,0
0,1,idle,567,0.00987499999996544,0
0,1,idle,568,0.004166999999995369,0
0,1,idle,569,0.004458999999997104,0
0,1,idle,570,0.010333000000002812,0
0,1,idle,571,0.004083000000036918,0
0,1,idle,572,0.015083000000004176,0
0,1,idle,573,0.004124999999987722,0
0,1,idle,574,0.00591700000001083,0
0,1,idle,575,0.004041999999969903,0
0,1,idle,576,0.011124999999992724,0
0,1,idle,577,0.004207999999948697,0
0,1,idle,578,0.0038749999999936335,0
0,1,idle,579,0.011165999999946052,0
0,1,idle,580,0.004750000000001364,0
0,1,idle,581,0.010874999999998636,0
0,1,idle,582,0.00437499999998181,0
0,1,idle,583,0.004124999999987722,0
0,1,idle,584,0.004166999999995369,0
0,1,idle,585,0.0038749999999936335,0
0,1,idle,586,0.0061670000000049185,0
0,1,idle,587,0.004208000000005541,0
0,1,idle,588,0.004209000000003016,0
0,1,idle,589,0.004165999999997894,0
0,1,idle,590,0.0040840000000343935,0
0,1,idle,591,0.004457999999999629,0
0,1,idle,592,0.0038329999999859865,0
0,1,idle,593,0.004624999999975898,0
0,1,idle,594,0.005041000000005624,0
0,1,idle,595,0.00408399999997755,0
0,1,idle,596,0.004165999999997894,0
0,1,idle,597,0.004500000000007276,0
0,1,idle,598,0.004000000000019099,0
0,1,idle,599,0.003666000000009717,0
0,1,idle,600,0.010208999999974822,0
0,1,idle,601,0.004457999999999629,0
0,1,idle,602,0.004958999999985281,0
0,1,idle,603,0.004415999999991982,0
0,1,idle,604,0.003958000000011452,0
0,1,idle,605,0.004166999999995369,0
0,1,idle,606,0.005750000000034561,0
0,1,idle,607,0.004415999999991982,0
0,1,idle,608,0.004209000000003016,0
0,1,idle,609,0.004625000000032742,0
0,1,idle,610,0.004250000000013188,0
0,1,idle,611,0.0036670000000071923,0
0,1,idle,612,0.004750000000001364,0
0,1,idle,613,0.004166999999995369,0
0,1,idle,614,0.004249999999956344,0
0,1,idle,615,0.0038749999999936335,0
0,1,idle,616,0.003999999999962256,0
0,1,idle,617,0.004792000000009011,0
0,1,idle,618,0.005250000000046384,0
0,1,idle,619,0.004042000000026746,0
0,1,idle,620,0.004415999999991982,0
0,1,idle,621,0.003959000000008928,0
0,1,idle,622,0.004000000000019099,0
0,1,idle,623,0.004416999999989457,0
0,1,idle,624,0.0044170000000463006,0
0,1,idle,625,0.004124999999987722,0
0,1,idle,626,0.004583000000025095,0
0,1,idle,627,0.004583000000025095,0
0,1,idle,628,0.004750000000001364,0
0,1,idle,629,0.003999999999962256,0
0,1,idle,630,0.004458999999997104,0
0,1,idle,631,0.004165999999997894,0
0,1,idle,632,0.003792000000032658,0
0,1,idle,633,0.004250000000013188,0
0,1,idle,634,0.009583999999961179,0
0,1,idle,635,0.004291999999963991,0
0,1,idle,636,0.0362920000000031,0
0,1,idle,637,0.013916999999992186,0
0,1,idle,638,0.01133399999997664,0
0,1,idle,639,0.006416999999999007,0
0,1,idle,640,0.003958000000011452,0
0,1,idle,641,0.006624999999985448,0
0,1,idle,642,0.009999999999990905,0
0,1,idle,643,0.014208999999993921,0
0,1,idle,644,0.004541000000017448,0
0,1,idle,645,0.003999999999962256,0
0,1,idle,646,0.005583000000001448,0
0,1,idle,647,0.004082999999980075,0
0,1,idle,648,0.003750000000025011,0
0,1,idle,649,0.0060829999999896245,0
0,1,idle,650,0.004083000000036918,0
0,1,idle,651,0.010290999999995165,0
0,1,idle,652,0.0040840000000343935,0
0,1,idle,653,0.004083000000036918,0
0,1,idle,654,0.009749999999996817,0
0,1,idle,655,0.004457999999999629,0
0,1,idle,656,0.003750000000025011,0
0,1,idle,657,0.0036249999999995453,0
0,1,idle,658,0.0037499999999681677,0
0,1,idle,659,0.00408399999997755,0
0,1,idle,660,0.004457999999999629,0
0,1,idle,661,0.0035829999999918982,0
0,1,idle,662,0.003916999999944437,0
0,1,idle,663,0.0035829999999918982,0
0,1,idle,664,0.0036249999999995453,0
0,1,idle,665,0.004000000000019099,0
0,1,idle,666,0.004332999999974163,0
0,1,idle,667,0.009374999999977263,0
0,1,idle,668,0.004250000000013188,0
0,1,idle,669,0.0036670000000071923,0
0,1,idle,670,0.00458400000002257,0
0,1,idle,671,0.005249999999989541,0
0,1,idle,672,0.003958000000011452,0
0,1,idle,673,0.0035419999999817264,0
0,1,idle,674,0.003999999999962256,0
0,1,idle,675,0.0035419999999817264,0
0,1,idle,676,0.004124999999987722,0
0,1,idle,677,0.012707999999975073,0
0,1,idle,678,0.13908300000002782,0
0,1,idle,679,0.0072499999999990905,0
0,1,idle,680,0.005499999999983629,0
0,1,idle,681,0.014374999999972715,0
0,1,idle,682,0.004124999999987722,0
0,1,idle,683,0.0036249999999995453,0
0,1,idle,684,0.004124999999987722,0
0,1,idle,685,0.0035419999999817264,0
0,1,idle,686,0.004457999999999629,0
0,1,idle,687,0.00354200000003857,0
0,1,idle,688,0.0044170000000463006,0
0,1,idle,689,0.0036670000000071923,0
0,1,idle,690,0.003584000000046217,0
0,1,idle,691,0.0043330000000310065,0
0,1,idle,692,0.003708000000017364,0
0,1,idle,693,0.004042000000026746,0
0,1,idle,694,0.00483299999996234,0
0,1,idle,695,0.003917000000001281,0
0,1,idle,696,0.0038749999999936335,0
0,1,idle,697,0.004250000000013188,0
0,1,idle,698,0.003750000000025011,0
0,1,idle,699,0.004249999999956344,0
0,1,idle,700,0.004165999999997894,0
0,1,idle,701,0.013458999999954813,0
0,1,idle,702,0.004624999999975898,0
0,1,idle,703,0.003666000000009717,0
0,1,idle,704,0.011875000000031832,0
0,1,idle,705,0.014459000000044853,0
0,1,idle,706,0.004041999999969903,0
0,1,idle,707,0.004000000000019099,0
0,1,idle,708,0.003917000000001281,0
0,1,idle,709,0.0038329999999859865,0
0,1,idle,710,0.01333399999998619,0
0,1,idle,711,0.003875000000050477,0
0,1,idle,712,0.005207999999981894,0
0,1,idle,713,0.0035829999999918982,0
0,1,idle,714,0.004041999999969903,0
0,1,idle,715,0.0037079999999605207,0
0,1,idle,716,0.004041999999969903,0
0,1,idle,717,0.003958000000011452,0
0,1,idle,718,0.0043330000000310065,0
0,1,idle,719,0.003917000000001281,0
0,1,idle,720,0.0038749999999936335,0
0,1,idle,721,0.0036670000000071923,0
0,1,idle,722,0.004415999999991982,0
0,1,idle,723,0.004208000000005541,0
0,1,idle,724,0.0036249999999995453,0
0,1,idle,725,0.003666000000009717,0
0,1,idle,726,0.00458400000002257,0
0,1,idle,727,0.0038749999999936335,0
0,1,idle,728,0.004040999999972428,0
0,1,idle,729,0.0036249999999995453,0
0,1,idle,730,0.004209000000003016,0
0,1,idle,731,0.004000000000019099,0
0,1,idle,732,0.003958000000011452,0
0,1,idle,733,0.00408399999997755,0
0,1,idle,734,0.009957999999983258,0
0,1,idle,735,0.004208000000005541,0
0,1,idle,736,0.09316599999999653,0
0,1,idle,737,0.004542000000014923,0
0,1,idle,738,0.004124999999987722,0
0,1,idle,739,0.004250000000013188,0
0,1,idle,740,0.004416999999989457,0
0,1,idle,741,0.003792000000032658,0
0,1,idle,742,0.003958000000011452,0
0,1,idle,743,0.00454199999995808,0
0,1,idle,744,0.005375000000015007,0
0,1,idle,745,0.0038329999999859865,0
0,1,idle,746,0.0037919999999758147,0
0,1,idle,747,0.0038329999999859865,0
0,1,idle,748,0.0038339999999834617,0
0,1,idle,749,0.004208000000005541,0
0,1,idle,750,0.0035839999999893735,0
0,1,idle,751,0.004000000000019099,0
0,1,idle,752,0.005207999999981894,0
0,1,idle,753,0.003750000000025011,0
0,1,idle,754,0.004416999999989457,0
0,1,idle,755,0.004250000000013188,0
0,1,idle,756,0.004000000000019099,0
0,1,idle,757,0.0038749999999936335,0
0,1,idle,758,0.003750000000025011,0
0,1,idle,759,0.003958000000011452,0
0,1,idle,760,0.004624999999975898,0
0,1,idle,761,0.004332999999974163,0
0,1,idle,762,0.0036670000000071923,0
0,1,idle,763,0.003958000000011452,0
0,1,idle,764,0.0038749999999936335,0
0,1,idle,765,0.0040840000000343935,0
0,1,idle,766,0.00383300000004283,0
0,1,idle,767,0.009583000000020547,0
0,1,idle,768,0.009624999999971351,0
0,1,idle,769,0.005375000000015007,0
0,1,idle,770,0.004583999999965727,0
0,1,idle,771,0.009124999999983174,0
0,1,idle,772,0.004165999999997894,0
0,1,idle,773,0.004125000000044565,0
0,1,idle,774,0.003917000000001281,0
0,1,idle,775,0.005374999999958163,0
0,1,idle,776,0.004166999999995369,0
0,1,idle,777,0.009624999999971351,0
0,1,idle,778,0.003917000000001281,0
0,1,idle,779,0.0037090000000148393,0
0,1,idle,780,0.004207999999948697,0
0,1,idle,781,0.004000000000019099,0
0,1,idle,782,0.0042910000000233595,0
0,1,idle,783,0.0038749999999936335,0
0,1,idle,784,0.004125000000044565,0
0,1,idle,785,0.003540999999984251,0
0,1,idle,786,0.004000000000019099,0
0,1,idle,787,0.003500000000030923,0
0,1,idle,788,0.004125000000044565,0
0,1,idle,789,0.014707999999984622,0
0,1,idle,790,0.004124999999987722,0
0,1,idle,791,0.015957999999955064,0
0,1,idle,792,0.004750000000001364,0
0,1,idle,793,0.004083000000036918,0
0,1,idle,794,0.010125000000016371,0
0,1,idle,795,0.0037919999999758147,0
0,1,idle,796,0.003666000000009717,0
0,1,idle,797,0.004124999999987722,0
0,1,idle,798,0.0035419999999817264,0
0,1,idle,799,0.0035419999999817264,0
0,1,idle,800,0.003958000000011452,0
0,1,idle,801,0.00983400000001211,0
0,1,idle,802,0.004958999999985281,0
0,1,idle,803,0.0037919999999758147,0
0,1,idle,804,0.004208000000005541,0
0,1,idle,805,0.004500000000007276,0
0,1,idle,806,0.004542000000014923,0
0,1,idle,807,0.004500000000007276,0
0,1,idle,808,0.004082999999980075,0
0,1,idle,809,0.003666999999950349,0
0,1,idle,810,0.004000000000019099,0
0,1,idle,811,0.003500000000030923,0
0,1,idle,812,0.0043750000000386535,0
0,1,idle,813,0.003750000000025011,0
0,1,idle,814,0.004124999999987722,0
0,1,idle,815,0.0036670000000071923,0
0,1,idle,816,0.004041000000029271,0
0,1,idle,817,0.003750000000025011,0
0,1,idle,818,0.00437499999998181,0
0,1,idle,819,0.003584000000046217,0
0,1,idle,820,0.004083000000036918,0
0,1,idle,821,0.003500000000030923,0
0,1,idle,822,0.0037090000000148393,0
0,1,idle,823,0.004249999999956344,0
0,1,idle,824,0.004500000000007276,0
0,1,idle,825,0.003792000000032658,0
0,1,idle,826,0.004082999999980075,0
0,1,idle,827,0.003834000000040305,0
0,1,idle,828,0.004916000000037002,0
0,1,idle,829,0.008750000000020464,0
0,1,idle,830,0.008916999999996733,0
0,1,idle,831,0.004624999999975898,0
0,1,idle,832,0.004124999999987722,0
0,1,idle,833,0.004082999999980075,0
0,1,idle,834,0.005625000000009095,0
0,1,idle,835,0.01029199999999264,0
0,1,idle,836,0.004040999999972428,0
0,1,idle,837,0.0036249999999995453,0
0,1,idle,838,0.011167000000000371,0
0,1,idle,839,0.00454199999995808,0
0,1,idle,840,0.0042910000000233595,0
0,1,idle,841,0.0035839999999893735,0
0,1,idle,842,0.0035829999999918982,0
0,1,idle,843,0.004291999999963991,0
0,1,idle,844,0.010832999999990989,0
0,1,idle,845,0.0043750000000386535,0
0,1,idle,846,0.003791000000035183,0
0,1,idle,847,0.004042000000026746,0
0,1,idle,848,0.010500000000035925,0
0,1,idle,849,0.004583000000025095,0
0,1,idle,850,0.003792000000032658,0
0,1,idle,851,0.0038749999999936335,0
0,1,idle,852,0.004041999999969903,0
0,1,idle,853,0.0038749999999936335,0
0,1,idle,854,0.004166999999995369,0
0,1,idle,855,0.00383300000004283,0
0,1,idle,856,0.0043330000000310065,0
0,1,idle,857,0.0043750000000386535,0
0,1,idle,858,0.00458400000002257,0
0,1,idle,859,0.0035829999999918982,0
0,1,idle,860,0.004500000000007276,0
0,1,idle,861,0.004000000000019099,0
0,1,idle,862,0.003750000000025011,0
0,1,idle,863,0.003540999999984251,0
0,1,idle,864,0.003917000000001281,0
0,1,idle,865,0.004292000000020835,0
0,1,idle,866,0.004250000000013188,0
0,1,idle,867,0.003916000000003805,0
0,1,idle,868,0.012291000000004715,0
0,1,idle,869,0.005291999999997188,0
0,1,idle,870,0.0049999999999954525,0
0,1,idle,871,0.0036249999999995453,0
0,1,idle,872,0.0037079999999605207,0
0,1,idle,873,0.0037919999999758147,0
0,1,idle,874,0.0037499999999681677,0
0,1,idle,875,0.004500000000007276,0
0,1,idle,876,0.003791000000035183,0
0,1,idle,877,0.003959000000008928,0
0,1,idle,878,0.0035829999999918982,0
0,1,idle,879,0.00354200000003857,0
0,1,idle,880,0.004000000000019099,0
0,1,idle,881,0.004082999999980075,0
0,1,idle,882,0.003708999999957996,0
0,1,idle,883,0.003666000000009717,0
0,1,idle,884,0.003917000000001281,0
0,1,idle,885,0.0037090000000148393,0
0,1,idle,886,0.004125000000044565,0
0,1,idle,887,0.003708000000017364,0
0,1,idle,888,0.003791000000035183,0
0,1,idle,889,0.010334000000000287,0
0,1,idle,890,0.004124999999987722,0
0,1,idle,891,0.010457999999971435,0
0,1,idle,892,0.0037909999999783395,0
0,1,idle,893,0.009958999999980733,0
0,1,idle,894,0.004625000000032742,0
0,1,idle,895,0.0040840000000343935,0
0,1,idle,896,0.004415999999991982,0
0,1,idle,897,0.0038329999999859865,0
0,1,idle,898,0.003917000000001281,0
0,1,idle,899,0.005125000000020918,0
0,1,idle,900,0.004125000000044565,0
0,1,idle,901,0.010625000000004547,0
0,1,idle,902,0.01379199999996672,0
0,1,idle,903,0.003999999999962256,0
0,1,idle,904,0.0035419999999817264,0
0,1,idle,905,0.014124999999978627,0
0,1,idle,906,0.003999999999962256,0
0,1,idle,907,0.009000000000014552,0
0,1,idle,908,0.010416000000020631,0
0,1,idle,909,0.003917000000001281,0
0,1,idle,910,0.003916000000003805,0
0,1,idle,911,0.010000000000047748,0
0,1,idle,912,0.004416999999989457,0
0,1,idle,913,0.0036670000000071923,0
0,1,idle,914,0.003708000000017364,0
0,1,idle,915,0.0035829999999918982,0
0,1,idle,916,0.0037499999999681677,0
0,1,idle,917,0.003959000000008928,0
0,1,idle,918,0.003791000000035183,0
0,1,idle,919,0.0038339999999834617,0
0,1,idle,920,0.003708000000017364,0
0,1,idle,921,0.003708000000017364,0
0,1,idle,922,0.0037499999999681677,0
0,1,idle,923,0.004040999999972428,0
0,1,idle,924,0.003666000000009717,0
0,1,idle,925,0.0037090000000148393,0
0,1,idle,926,0.01258300000000645,0
0,1,idle,927,0.0043330000000310065,0
0,1,idle,928,0.0036670000000071923,0
0,1,idle,929,0.00383300000004283,0
0,1,idle,930,0.0037090000000148393,0
0,1,idle,931,0.005082999999956428,0
0,1,idle,932,0.004332999999974163,0
0,1,idle,933,0.0049999999999954525,0
0,1,idle,934,0.0038749999999936335,0
0,1,idle,935,0.009666999999978998,0
0,1,idle,936,0.004125000000044565,0
0,1,idle,937,0.003791000000035183,0
0,1,idle,938,0.01141699999999446,0
0,1,idle,939,0.003917000000001281,0
0,1,idle,940,0.003916000000003805,0
0,1,idle,941,0.0037499999999681677,0
0,1,idle,942,0.0036249999999995453,0
0,1,idle,943,0.004125000000044565,0
0,1,idle,944,0.00354200000003857,0
0,1,idle,945,0.0061249999999972715,0
0,1,idle,946,0.0036670000000071923,0
0,1,idle,947,0.003708000000017364,0
0,1,idle,948,0.003708000000017364,0
0,1,idle,949,0.003917000000001281,0
0,1,idle,950,0.0038749999999936335,0
0,1,idle,951,0.0036249999999995453,0
0,1,idle,952,0.003792000000032658,0
0,1,idle,953,0.009333000000026459,0
0,1,idle,954,0.004167000000052212,0
0,1,idle,955,0.0036670000000071923,0
0,1,idle,956,0.00874999999996362,0
0,1,idle,957,0.004124999999987722,0
0,1,idle,958,0.0037499999999681677,0
0,1,idle,959,0.004542000000014923,0
0,1,idle,960,0.004250000000013188,0
0,1,idle,961,0.004209000000003016,0
0,1,idle,962,0.004541000000017448,0
0,1,idle,963,0.0036249999999995453,0
0,1,idle,964,0.007125000000030468,0
0,1,idle,965,0.0037919999999758147,0
0,1,idle,966,0.0038329999999859865,0
0,1,idle,967,0.0036249999999995453,0
0,1,idle,968,0.0036670000000071923,0
0,1,idle,969,0.009916000000032454,0
0,1,idle,970,0.004542000000014923,0
0,1,idle,971,0.003708000000017364,0
0,1,idle,972,0.013750000000015916,0
0,1,idle,973,0.01633300000003146,0
0,1,idle,974,0.004583000000025095,0
0,1,idle,975,0.0035839999999893735,0
0,1,idle,976,0.003708000000017364,0
0,1,idle,977,0.003917000000001281,0
0,1,idle,978,0.04816599999998061,0
0,1,idle,979,0.0038749999999936335,0
0,1,idle,980,0.004166999999995369,0
0,1,idle,981,0.003666999999950349,0
0,1,idle,982,0.0038329999999859865,0
0,1,idle,983,0.0035839999999893735,0
0,1,idle,984,0.003915999999946962,0
0,1,idle,985,0.003959000000008928,0
0,1,idle,986,0.0035830000000487416,0
0,1,idle,987,0.0035839999999893735,0
0,1,idle,988,0.003458000000023276,0
0,1,idle,989,0.0036249999999995453,0
0,1,idle,990,0.004041999999969903,0
0,1,idle,991,0.0034999999999740794,0
0,1,idle,992,0.003917000000001281,0
0,1,idle,993,0.0036249999999995453,0
0,1,idle,994,0.0038329999999859865,0
0,1,idle,995,0.004707999999993717,0
0,1,idle,996,0.005709000000024389,0
0,1,idle,997,0.0038329999999859865,0
0,1,idle,998,0.0036670000000071923,0
0,1,idle,999,0.003666000000009717,0
0,1,event,0,0.19795799999997143,1
0,1,event,1,0.08683400000001029,0
0,1,event,2,0.011333000000036009,0
0,1,event,3,0.004250000000013188,0
0,1,event,4,0.0071659999999837964,0
0,1,event,5,0.004582999999968251,0
0,1,event,6,0.9444169999999872,0
0,1,event,7,0.01824999999996635,0
0,1,event,8,0.029291999999998097,0
0,1,event,9,0.005750000000034561,0
0,1,event,10,0.0043330000000310065,0
0,1,event,11,0.004707999999993717,0
0,1,event,12,0.004291999999963991,0
0,1,event,13,0.004250000000013188,0
0,1,event,14,0.005749999999977717,0
0,1,event,15,0.004750000000001364,0
0,1,event,16,0.00483299999996234,0
0,1,event,17,0.00437499999998181,0
0,1,event,18,0.0038749999999936335,0
0,1,event,19,0.004667000000040389,0
0,1,event,20,0.004000000000019099,0
0,1,event,21,0.017874999999946795,0
0,1,event,22,0.00533300000000736,0
0,1,event,23,0.004000000000019099,0
0,1,event,24,0.00437499999998181,0
0,1,event,25,0.009624999999971351,0
0,1,event,26,0.0047089999999911925,0
0,1,event,27,0.003916000000003805,0
0,1,event,28,0.003959000000008928,0
0,1,event,29,0.003791000000035183,0
0,1,event,30,0.0049579999999878055,0
0,1,event,31,0.0037090000000148393,0
0,1,event,32,0.003791000000035183,0
0,1,event,33,0.004917000000034477,0
0,1,event,34,0.004165999999997894,0
0,1,event,35,0.011291999999968994,0
0,1,event,36,0.004500000000007276,0
0,1,event,37,0.010125000000016371,0
0,1,event,38,0.025208000000020547,0
0,1,event,39,0.00454199999995808,0
0,1,event,40,0.00533300000000736,0
0,1,event,41,0.003917000000001281,0
0,1,event,42,0.0038329999999859865,0
0,1,event,43,0.0038749999999936335,0
0,1,event,44,0.00333299999999781,0
0,1,event,45,0.0037499999999681677,0
0,1,event,46,0.003750000000025011,0
0,1,event,47,0.0036249999999995453,0
0,1,event,48,0.0037499999999681677,0
0,1,event,49,0.00333299999999781,0
0,1,event,50,0.003249999999979991,0
0,1,event,51,0.0043750000000386535,0
0,1,event,52,0.0036249999999995453,0
0,1,event,53,0.009666999999978998,0
0,1,event,54,0.00408399999997755,0
0,1,event,55,0.0038749999999936335,0
0,1,event,56,0.00970799999998917,0
0,1,event,57,0.005832999999995536,0
0,1,event,58,0.0036249999999995453,0
0,1,event,59,0.003291999999987638,0
0,1,event,60,0.09491700000000947,1
0,1,event,61,0.012541999999996278,0
0,1,event,62,0.0034999999999740794,0
0,1,event,63,0.004583000000025095,0
0,1,event,64,0.0031669999999621723,0
0,1,event,65,0.010457999999971435,0
0,1,event,66,0.004834000000016658,0
0,1,event,67,0.004166999999995369,0
0,1,event,68,0.0036249999999995453,0
0,1,event,69,0.01008299999995188,0
0,1,event,70,0.004000000000019099,0
0,1,event,71,0.010125000000016371,0
0,1,event,72,0.003540999999984251,0
0,1,event,73,0.008624999999994998,0
0,1,event,74,0.0036249999999995453,0
0,1,event,75,0.003792000000032658,0
0,1,event,76,0.004042000000026746,0
0,1,event,77,0.008915999999999258,0
0,1,event,78,0.003375000000005457,0
0,1,event,79,0.003666000000009717,0
0,1,event,80,0.0031250000000113687,0
0,1,event,81,0.0035830000000487416,0
0,1,event,82,0.0032500000000368345,0
0,1,event,83,0.003750000000025011,0
0,1,event,84,0.0031670000000190157,0
0,1,event,85,0.003375000000005457,0
0,1,event,86,0.003417000000013104,0
0,1,event,87,0.0042910000000233595,0
0,1,event,88,0.029999999999972715,0
0,1,event,89,0.0038749999999936335,0
0,1,event,90,0.005291999999997188,0
0,1,event,91,0.00437499999998181,0
0,1,event,92,0.004000000000019099,0
0,1,event,93,0.0032080000000291875,0
0,1,event,94,0.4872920000000249,0
0,1,event,95,0.02991700000001174,0
0,1,event,96,0.004750000000001364,0
0,1,event,97,0.005291999999997188,0
0,1,event,98,0.004166999999995369,0
0,1,event,99,0.04995799999994688,0
0,1,event,100,0.0332920000000172,0
0,1,event,101,0.008249999999975444,0
0,1,event,102,0.014499999999998181,0
0,1,event,103,0.005125000000020918,0
0,1,event,104,0.004291999999963991,0
0,1,event,105,0.005207999999981894,0
0,1,event,106,0.003708000000017364,0
0,1,event,107,0.004416999999989457,0
0,1,event,108,0.0038749999999936335,0
0,1,event,109,0.003458000000023276,0
0,1,event,110,0.005207999999981894,0
0,1,event,111,0.004166999999995369,0
0,1,event,112,0.0034999999999740794,0
0,1,event,113,0.004582999999968251,0
0,1,event,114,0.004041999999969903,0
0,1,event,115,0.0036670000000071923,0
0,1,event,116,0.003875000000050477,0
0,1,event,117,0.003417000000013104,0
0,1,event,118,0.004165999999997894,0
0,1,event,119,0.003959000000008928,0
0,1,event,120,0.3487910000000056,1
0,1,event,121,0.01758400000005622,0
0,1,event,122,0.005540999999993801,0
0,1,event,123,0.003958000000011452,0
0,1,event,124,0.005250000000046384,0
0,1,event,125,0.0043330000000310065,0
0,1,event,126,0.003958000000011452,0
0,1,event,127,0.004458999999997104,0
0,1,event,128,0.004082999999980075,0
0,1,event,129,0.004458999999997104,0
0,1,event,130,0.004166999999995369,0
0,1,event,131,0.004750000000001364,0
0,1,event,132,0.01295900000002348,0
0,1,event,133,0.009542000000010376,0
0,1,event,134,0.004124999999987722,0
0,1,event,135,0.004250000000013188,0
0,1,event,136,0.02512500000000273,0
0,1,event,137,0.004208000000005541,0
0,1,event,138,0.004750000000001364,0
0,1,event,139,0.004042000000026746,0
0,1,event,140,0.008958000000006905,0
0,1,event,141,0.004332999999974163,0
0,1,event,142,0.003333999999995285,0
0,1,event,143,0.004124999999987722,0
0,1,event,144,0.0035829999999918982,0
0,1,event,145,0.010333000000002812,0
0,1,event,146,0.003917000000001281,0
0,1,event,147,0.004041999999969903,0
0,1,event,148,0.004582999999968251,0
0,1,event,149,0.0036670000000071923,0
0,1,event,150,0.003500000000030923,0
0,1,event,151,0.005832999999995536,0
0,1,event,152,0.0036670000000071923,0
0,1,event,153,0.0038329999999859865,0
0,1,event,154,0.003999999999962256,0
0,1,event,155,0.0037079999999605207,0
0,1,event,156,0.004000000000019099,0
0,1,event,157,0.00333299999999781,0
0,1,event,158,0.004333999999971638,0
0,1,event,159,0.004416999999989457,0
0,1,event,160,0.0038329999999859865,0
0,1,event,161,0.010541999999986729,0
0,1,event,162,0.003958000000011452,0
0,1,event,163,0.00437499999998181,0
0,1,event,164,0.005249999999989541,0
0,1,event,165,0.005959000000018477,0
0,1,event,166,0.0034579999999664324,0
0,1,event,167,0.004082999999980075,0
0,1,event,168,0.004249999999956344,0
0,1,event,169,0.003959000000008928,0
0,1,event,170,0.009457999999995081,0
0,1,event,171,0.0038339999999834617,0
0,1,event,172,0.003458000000023276,0
0,1,event,173,0.003750000000025011,0
0,1,event,174,0.003500000000030923,0
0,1,event,175,0.0040840000000343935,0
0,1,event,176,0.003458000000023276,0
0,1,event,177,0.0034999999999740794,0
0,1,event,178,0.0035830000000487416,0
0,1,event,179,0.004082999999980075,0
0,1,event,180,0.058583999999996195,1
0,1,event,181,0.007124999999973625,0
0,1,event,182,0.012624999999957254,0
0,1,event,183,0.005875000000003183,0
0,1,event,184,0.004708000000050561,0
0,1,event,185,0.004416999999989457,0
0,1,event,186,0.003917000000001281,0
0,1,event,187,0.0036670000000071923,0
0,1,event,188,0.0038329999999859865,0
0,1,event,189,0.003916000000003805,0
0,1,event,190,0.003917000000001281,0
0,1,event,191,0.0036249999999995453,0
0,1,event,192,0.00383300000004283,0
0,1,event,193,0.011292000000025837,0
0,1,event,194,0.0035419999999817264,0
0,1,event,195,0.003917000000001281,0
0,1,event,196,0.0034579999999664324,0
0,1,event,197,0.003249999999979991,0
0,1,event,198,0.006666999999993095,0
0,1,event,199,0.0035410000000410946,0
0,1,event,200,0.0040840000000343935,0
0,1,event,201,0.12691599999999426,0
0,1,event,202,0.005082999999956428,0
0,1,event,203,0.014416999999980362,0
0,1,event,204,0.004707999999993717,0
0,1,event,205,0.004249999999956344,0
0,1,event,206,0.004333999999971638,0
0,1,event,207,0.014374999999972715,0
0,1,event,208,0.0037919999999758147,0
0,1,event,209,0.003375000000005457,0
0,1,event,210,0.004042000000026746,0
0,1,event,211,0.004042000000026746,0
0,1,event,212,0.0035829999999918982,0
0,1,event,213,0.003333999999995285,0
0,1,event,214,0.0060409999999819775,0
0,1,event,215,0.0036670000000071923,0
0,1,event,216,0.0043330000000310065,0
0,1,event,217,0.003375000000005457,0
0,1,event,218,0.0034999999999740794,0
0,1,event,219,0.0035419999999817264,0
0,1,event,220,0.0034999999999740794,0
0,1,event,221,0.00483299999996234,0
0,1,event,222,0.00933399999996709,0
0,1,event,223,0.0037090000000148393,0
0,1,event,224,0.003708000000017364,0
0,1,event,225,0.004000000000019099,0
0,1,event,226,0.004457999999999629,0
0,1,event,227,0.003959000000008928,0
0,1,event,228,0.004332999999974163,0
0,1,event,229,0.003249999999979991,0
0,1,event,230,0.005750000000034561,0
0,1,event,231,0.0034999999999740794,0
0,1,event,232,0.010540999999989253,0
0,1,event,233,0.0036670000000071923,0
0,1,event,234,0.0034999999999740794,0
0,1,event,235,0.00437499999998181,0
0,1,event,236,0.004000000000019099,0
0,1,event,237,0.009334000000023934,0
0,1,event,238,0.0038329999999859865,0
0,1,event,239,0.003958000000011452,0
0,1,event,240,0.06658299999998007,1
0,1,event,241,0.008332999999993262,0
0,1,event,242,0.003708000000017364,0
0,1,event,243,0.009000000000014552,0
0,1,event,244,0.004666999999983545,0
0,1,event,245,0.004749999999944521,0
0,1,event,246,0.0067499999999540705,0
0,1,event,247,0.004041999999969903,0
0,1,event,248,0.003917000000001281,0
0,1,event,249,0.0035829999999918982,0
0,1,event,250,0.004292000000020835,0
0,1,event,251,0.005708999999967546,0
0,1,event,252,0.0035829999999918982,0
0,1,event,253,0.003708000000017364,0
0,1,event,254,0.0035839999999893735,0
0,1,event,255,0.0037499999999681677,0
0,1,event,256,0.004208000000005541,0
0,1,event,257,0.004165999999997894,0
0,1,event,258,0.0035829999999918982,0
0,1,event,259,0.0035419999999817264,0
0,1,event,260,0.0034579999999664324,0
0,1,event,261,0.003417000000013104,0
0,1,event,262,0.0038749999999936335,0
0,1,event,263,0.00591700000001083,0
0,1,event,264,0.00383300000004283,0
0,1,event,265,0.003459000000020751,0
0,1,event,266,0.009916000000032454,0
0,1,event,267,0.004667000000040389,0
0,1,event,268,0.0036670000000071923,0
0,1,event,269,0.0035419999999817264,0
0,1,event,270,0.009124999999983174,0
0,1,event,271,0.004000000000019099,0
0,1,event,272,0.0035829999999918982,0
0,1,event,273,0.0036249999999995453,0
0,1,event,274,0.01695799999998826,0
0,1,event,275,0.003917000000001281,0
0,1,event,276,0.00354200000003857,0
0,1,event,277,0.005041000000005624,0
0,1,event,278,0.0038339999999834617,0
0,1,event,279,0.003708000000017364,0
0,1,event,280,0.0037919999999758147,0
0,1,event,281,0.0035419999999817264,0
0,1,event,282,0.0035829999999918982,0
0,1,event,283,0.003584000000046217,0
0,1,event,284,0.010958000000016455,0
0,1,event,285,0.010500000000035925,0
0,1,event,286,0.0036670000000071923,0
0,1,event,287,0.004124999999987722,0
0,1,event,288,0.0034999999999740794,0
0,1,event,289,0.003458000000023276,0
0,1,event,290,0.0036670000000071923,0
0,1,event,291,0.0034999999999740794,0
0,1,event,292,0.0034169999999562606,0
0,1,event,293,0.003750000000025011,0
0,1,event,294,0.003500000000030923,0
0,1,event,295,0.005417000000022654,0
0,1,event,296,0.0034579999999664324,0
0,1,event,297,0.003333999999995285,0
0,1,event,298,0.004124999999987722,0
0,1,event,299,0.003750000000025011,0
0,1,event,300,0.047458000000005995,1
0,1,event,301,0.040792000000010376,0
0,1,event,302,0.007083000000022821,0
0,1,event,303,0.004042000000026746,0
0,1,event,304,0.017583000000001903,0
0,1,event,305,0.00408399999997755,0
0,1,event,306,0.0031250000000113687,0
0,1,event,307,0.013666000000000622,0
0,1,event,308,0.004500000000007276,0
0,1,event,309,0.005625000000009095,0
0,1,event,310,0.0031670000000190157,0
0,1,event,311,0.0034159999999587853,0
0,1,event,312,0.00304199999999355,0
0,1,event,313,0.0032500000000368345,0
0,1,event,314,0.0038749999999936335,0
0,1,event,315,0.0037919999999758147,0
0,1,event,316,0.00333299999999781,0
0,1,event,317,0.003084000000001197,0
0,1,event,318,0.0030830000000037217,0
0,1,event,319,0.003959000000008928,0
0,1,event,320,0.0030830000000037217,0
0,1,event,321,0.0030409999999960746,0
0,1,event,322,0.003249999999979991,0
0,1,event,323,0.0034169999999562606,0
0,1,event,324,0.0032090000000266627,0
0,1,event,325,0.003792000000032658,0
0,1,event,326,0.0031660000000215405,0
0,1,event,327,0.003999999999962256,0
0,1,event,328,0.005166999999971722,0
0,1,event,329,0.003375000000005457,0
0,1,event,330,0.003916000000003805,0
0,1,event,331,0.010625000000004547,0
0,1,event,332,0.003540999999984251,0
0,1,event,333,0.0032090000000266627,0
0,1,event,334,0.003290999999990163,0
0,1,event,335,0.004041000000029271,0
0,1,event,336,0.0032500000000368345,0
0,1,event,337,0.008916999999996733,0
0,1,event,338,0.004166999999995369,0
0,1,event,339,0.0034579999999664324,0
0,1,event,340,0.004834000000016658,0
0,1,event,341,0.008708000000012817,0
0,1,event,342,0.0036249999999995453,0
0,1,event,343,0.003291999999987638,0
0,1,event,344,0.0031669999999621723,0
0,1,event,345,0.00333299999999781,0
0,1,event,346,0.009249999999951797,0
0,1,event,347,0.0035829999999918982,0
0,1,event,348,0.0030830000000037217,0
0,1,event,349,0.003375000000005457,0
0,1,event,350,0.0031670000000190157,0
0,1,event,351,0.003708000000017364,0
0,1,event,352,0.003249999999979991,0
0,1,event,353,0.0032500000000368345,0
0,1,event,354,0.003290999999990163,0
0,1,event,355,0.00925000000000864,0
0,1,event,356,0.0037919999999758147,0
0,1,event,357,0.00437499999998181,0
0,1,event,358,0.003666999999950349,0
0,1,event,359,0.00820800000002464,0
0,1,event,360,0.050499999999999545,1
0,1,event,361,0.005832999999995536,0
0,1,event,362,0.00333299999999781,0
0,1,event,363,0.0031669999999621723,0
0,1,event,364,0.00304199999999355,0
0,1,event,365,0.0031669999999621723,0
0,1,event,366,0.003666000000009717,0
0,1,event,367,0.0031670000000190157,0
0,1,event,368,0.004292000000020835,0
0,1,event,369,0.0031660000000215405,0
0,1,event,370,0.003249999999979991,0
0,1,event,371,0.008249999999975444,0
0,1,event,372,0.004874999999969987,0
0,1,event,373,0.003249999999979991,0
0,1,event,374,0.0031250000000113687,0
0,1,event,375,0.0031670000000190157,0
0,1,event,376,0.0038329999999859865,0
0,1,event,377,0.00333299999999781,0
0,1,event,378,0.0031670000000190157,0
0,1,event,379,0.0030409999999960746,0
0,1,event,380,0.00304199999999355,0
0,1,event,381,0.0034169999999562606,0
0,1,event,382,0.003708000000017364,0
0,1,event,383,0.003375000000005457,0
0,1,event,384,0.0030830000000037217,0
0,1,event,385,0.0030830000000037217,0
0,1,event,386,0.002999999999985903,0
0,1,event,387,0.00408399999997755,0
0,1,event,388,0.003290999999990163,0
0,1,event,389,0.003417000000013104,0
0,1,event,390,0.0038749999999936335,0
0,1,event,391,0.00687500000003638,0
0,1,event,392,0.00354200000003857,0
0,1,event,393,0.005125000000020918,0
0,1,event,394,0.003375000000005457,0
0,1,event,395,0.0032500000000368345,0
0,1,event,396,0.008167000000014468,0
0,1,event,397,0.003999999999962256,0
0,1,event,398,0.003290999999990163,0
0,1,event,399,0.003333999999995285,0
0,1,event,400,0.0031670000000190157,0
0,1,event,401,0.003207999999972344,0
0,1,event,402,0.0031249999999545253,0
0,1,event,403,0.004833000000019183,0
0,1,event,404,0.009708000000046013,0
0,1,event,405,0.008082999999999174,0
0,1,event,406,0.0036249999999995453,0
0,1,event,407,0.0032090000000266627,0
0,1,event,408,0.012750000000039563,0
0,1,event,409,0.0035419999999817264,0
0,1,event,410,0.003291999999987638,0
0,1,event,411,0.003207999999972344,0
0,1,event,412,0.003249999999979991,0
0,1,event,413,0.0037919999999758147,0
0,1,event,414,0.0031660000000215405,0
0,1,event,415,0.00333299999999781,0
0,1,event,416,0.003249999999979991,0
0,1,event,417,0.0033340000000521286,0
0,1,event,418,0.003540999999984251,0
0,1,event,419,0.0031670000000190157,0
0,1,event,420,11.489292000000034,1
0,1,event,421,0.017459000000030755,0
0,1,event,422,0.004707999999993717,0
0,1,event,423,0.004874999999969987,0
0,1,event,424,0.003917000000001281,0
0,1,event,425,0.00879200000002811,0
0,1,event,426,0.003958000000011452,0
0,1,event,427,0.003291999999987638,0
0,1,event,428,15.525541000000032,0
0,1,event,429,0.04520800000000236,0
0,1,event,430,0.009375000000034106,0
0,1,event,431,0.003417000000013104,0
0,1,event,432,0.0027499999999918145,0
0,1,event,433,0.0026249999999663487,0
0,1,event,434,0.0024589999999875545,0
0,1,event,435,0.0031250000000113687,0
0,1,event,436,0.002625000000023192,0
0,1,event,437,0.002250000000003638,0
0,1,event,438,0.010917000000006283,0
0,1,event,439,0.00333299999999781,0
0,1,event,440,0.0031250000000113687,0
0,1,event,441,0.002417000000036751,0
0,1,event,442,0.0021670000000426626,0
0,1,event,443,0.0024999999999977263,0
0,1,event,444,0.002124999999978172,0
0,1,event,445,0.0031250000000113687,0
0,1,event,446,0.002166999999985819,0
0,1,event,447,0.0020419999999603533,0
0,1,event,448,0.002208999999993466,0
0,1,event,449,0.0020000000000095497,0
0,1,event,450,0.002292000000011285,0
0,1,event,451,0.0026669999999739957,0
0,1,event,452,0.0020420000000171967,0
0,1,event,453,0.002292000000011285,0
0,1,event,454,0.002250000000003638,0
0,1,event,455,0.002124999999978172,0
0,1,event,456,0.0026249999999663487,0
0,1,event,457,0.0020830000000273685,0
0,1,event,458,0.0021670000000426626,0
0,1,event,459,0.0020839999999680003,0
0,1,event,460,0.0024169999999799074,0
0,1,event,461,0.009292000000016287,0
0,1,event,462,0.0024999999999977263,0
0,1,event,463,0.002334000000018932,0
0,1,event,464,0.002207999999995991,0
0,1,event,465,0.002165999999988344,0
0,1,event,466,0.013208000000020093,0
0,1,event,467,0.0024999999999977263,0
0,1,event,468,0.002165999999988344,0
0,1,event,469,0.007625000000018645,0
0,1,event,470,0.0021670000000426626,0
0,1,event,471,0.002292000000011285,0
0,1,event,472,0.0072920000000067375,0
0,1,event,473,0.002250000000003638,0
0,1,event,474,0.002208999999993466,0
0,1,event,475,0.006291999999973541,0
0,1,event,476,0.0020830000000273685,0
0,1,event,477,0.002583000000015545,0
0,1,event,478,0.0020000000000095497,0
0,1,event,479,0.0020830000000273685,0
0,1,event,480,0.1570000000000391,1
0,1,event,481,0.005208000000038737,0
0,1,event,482,0.03308300000003328,0
0,1,event,483,0.016041000000029726,0
0,1,event,484,0.003750000000025011,0
0,1,event,485,0.004707999999993717,0
0,1,event,486,0.0024169999999799074,0
0,1,event,487,15.770582999999988,0
0,1,event,488,0.00591700000001083,0
0,1,event,489,0.0016669999999976426,0
0,1,event,490,0.004040999999972428,0
0,1,event,491,0.0015419999999721767,0
0,1,event,492,0.0013749999999959073,0
0,1,event,493,0.001458000000013726,0
0,1,event,494,0.002124999999978172,0
0,1,event,495,0.0020839999999680003,0
0,1,event,496,0.0014590000000112013,0
0,1,event,497,0.0016669999999976426,0
0,1,event,498,0.0013330000000451037,0
0,1,event,499,0.001541000000031545,0
0,1,event,500,0.0013329999999882602,0
0,1,event,501,0.0018749999999840838,0
0,1,event,502,0.0013749999999959073,0
0,1,event,503,0.0013749999999959073,0
0,1,event,504,0.0014579999999568827,0
0,1,event,505,0.005583000000001448,0
0,1,event,506,0.0019169999999917309,0
0,1,event,507,0.0024579999999900792,0
0,1,event,508,0.0016249999999899956,0
0,1,event,509,0.0013749999999959073,0
0,1,event,510,0.0013749999999959073,0
0,1,event,511,0.0013749999999959073,0
0,1,event,512,0.0016249999999899956,0
0,1,event,513,0.0013339999999857355,0
0,1,event,514,0.0012919999999780885,0
0,1,event,515,0.0013749999999959073,0
0,1,event,516,0.0012919999999780885,0
0,1,event,517,0.0017910000000256332,0
0,1,event,518,0.0012079999999627944,0
0,1,event,519,0.0012920000000349319,0
0,1,event,520,0.0013330000000451037,0
0,1,event,521,0.0012500000000272848,0
0,1,event,522,0.0015839999999798238,0
0,1,event,523,0.0012499999999704414,0
0,1,event,524,0.0014170000000035543,0
0,1,event,525,0.0012919999999780885,0
0,1,event,526,0.005540999999993801,0
0,1,event,527,0.0013329999999882602,0
0,1,event,528,0.0019169999999917309,0
0,1,event,529,0.0013329999999882602,0
0,1,event,530,0.0012500000000272848,0
0,1,event,531,0.004209000000003016,0
0,1,event,532,0.00487500000002683,0
0,1,event,533,0.001791999999966265,0
0,1,event,534,0.0012919999999780885,0
0,1,event,535,0.0012910000000374566,0
0,1,event,536,0.0013330000000451037,0
0,1,event,537,0.0013330000000451037,0
0,1,event,538,0.0017500000000154614,0
0,1,event,539,0.004333999999971638,0
0,1,event,540,0.07554199999998445,1
0,1,event,541,0.0025840000000130203,0
0,1,event,542,0.007166999999981272,0
0,1,event,543,0.001458000000013726,0
0,1,event,544,0.0015420000000290202,0
0,1,event,545,0.001458999999954358,0
0,1,event,546,0.0015000000000213731,0
0,1,event,547,0.0012909999999806132,0
0,1,event,548,0.0018329999999764368,0
0,1,event,549,0.0012919999999780885,0
0,1,event,550,0.0012920000000349319,0
0,1,event,551,0.0016249999999899956,0
0,1,event,552,0.0012919999999780885,0
0,1,event,553,0.0016660000000001673,0
0,1,event,554,0.0013329999999882602,0
0,1,event,555,0.0049579999999878055,0
0,1,event,556,0.001458000000013726,0
0,1,event,557,0.0012919999999780885,0
0,1,event,558,0.004874999999969987,0
0,1,event,559,0.0013329999999882602,0
0,1,event,560,0.0012920000000349319,0
0,1,event,561,0.0012499999999704414,0
0,1,event,562,0.0012499999999704414,0
0,1,event,563,0.0016669999999976426,0
0,1,event,564,0.0012909999999806132,0
0,1,event,565,0.001458000000013726,0
0,1,event,566,0.0012080000000196378,0
0,1,event,567,0.0012910000000374566,0
0,1,event,568,0.005167000000028565,0
0,1,event,569,0.0017500000000154614,0
0,1,event,570,0.0012500000000272848,0
0,1,event,571,0.0012499999999704414,0
0,1,event,572,0.005083000000013271,0
0,1,event,573,0.005290999999999713,0
0,1,event,574,0.0016669999999976426,0
0,1,event,575,0.0012500000000272848,0
0,1,event,576,0.0014170000000035543,0
0,1,event,577,0.005916000000013355,0
0,1,event,578,0.0012499999999704414,0
0,1,event,579,0.0017500000000154614,0
0,1,event,580,0.0013329999999882602,0
0,1,event,581,0.0013329999999882602,0
0,1,event,582,0.0012499999999704414,0
0,1,event,583,0.0012500000000272848,0
0,1,event,584,0.0015840000000366672,0
0,1,event,585,0.0012089999999602696,0
0,1,event,586,0.0014590000000112013,0
0,1,event,587,0.0012919999999780885,0
0,1,event,588,0.0015000000000213731,0
0,1,event,589,0.0012500000000272848,0
0,1,event,590,0.0019169999999917309,0
0,1,event,591,0.00541699999996581,0
0,1,event,592,0.0013329999999882602,0
0,1,event,593,0.005208000000038737,0
0,1,event,594,0.0013749999999959073,0
0,1,event,595,0.0015420000000290202,0
0,1,event,596,0.0012919999999780885,0
0,1,event,597,0.0012499999999704414,0
0,1,event,598,0.0012500000000272848,0
0,1,event,599,0.0012499999999704414,0
0,1,event,600,0.036041000000011536,1
0,1,event,601,0.002124999999978172,0
0,1,event,602,0.0014999999999645297,0
0,1,event,603,0.0012500000000272848,0
0,1,event,604,0.001749999999958618,0
0,1,event,605,0.0014170000000035543,0
0,1,event,606,0.006207999999958247,0
0,1,event,607,0.0014170000000035543,0
0,1,event,608,0.0014590000000112013,0
0,1,event,609,0.0022919999999544416,0
0,1,event,610,0.0018330000000332802,0
0,1,event,611,0.0013330000000451037,0
0,1,event,612,0.001625000000046839,0
0,1,event,613,0.0012910000000374566,0
0,1,event,614,0.0014579999999568827,0
0,1,event,615,0.001583000000039192,0
0,1,event,616,0.0012920000000349319,0
0,1,event,617,0.0012499999999704414,0
0,1,event,618,0.0013329999999882602,0
0,1,event,619,0.0012920000000349319,0
0,1,event,620,0.0018340000000307555,0
0,1,event,621,0.0012919999999780885,0
0,1,event,622,0.0013329999999882602,0
0,1,event,623,0.0012499999999704414,0
0,1,event,624,0.0012920000000349319,0
0,1,event,625,0.0015409999999747015,0
0,1,event,626,0.0012499999999704414,0
0,1,event,627,0.0013749999999959073,0
0,1,event,628,0.0012919999999780885,0
0,1,event,629,0.0012920000000349319,0
0,1,event,630,0.0012500000000272848,0
0,1,event,631,0.0018329999999764368,0
0,1,event,632,0.0014170000000035543,0
0,1,event,633,0.0013339999999857355,0
0,1,event,634,0.0012499999999704414,0
0,1,event,635,0.0012500000000272848,0
0,1,event,636,0.0017909999999687898,0
0,1,event,637,0.0012499999999704414,0
0,1,event,638,0.0012500000000272848,0
0,1,event,639,0.004166999999995369,0
0,1,event,640,0.0014999999999645297,0
0,1,event,641,0.0017500000000154614,0
0,1,event,642,0.0012919999999780885,0
0,1,event,643,0.0012499999999704414,0
0,1,event,644,0.0012500000000272848,0
0,1,event,645,0.0012499999999704414,0
0,1,event,646,0.0016249999999899956,0
0,1,event,647,0.0012919999999780885,0
0,1,event,648,0.0013749999999959073,0
0,1,event,649,0.0013329999999882602,0
0,1,event,650,0.0012920000000349319,0
0,1,event,651,0.0012500000000272848,0
0,1,event,652,0.0017500000000154614,0
0,1,event,653,0.0012500000000272848,0
0,1,event,654,0.0012499999999704414,0
0,1,event,655,0.0042910000000233595,0
0,1,event,656,0.004083000000036918,0
0,1,event,657,0.0016249999999899956,0
0,1,event,658,0.0012920000000349319,0
0,1,event,659,0.0012919999999780885,0
0,1,event,660,0.018832999999972344,1
0,1,event,661,0.002666000000033364,0
0,1,event,662,0.001458000000013726,0
0,1,event,663,0.0013329999999882602,0
0,1,event,664,0.0012909999999806132,0
0,1,event,665,0.0013329999999882602,0
0,1,event,666,0.0018330000000332802,0
0,1,event,667,0.0013329999999882602,0
0,1,event,668,0.0013329999999882602,0
0,1,event,669,0.001416000000006079,0
0,1,event,670,0.0013749999999959073,0
0,1,event,671,0.0012910000000374566,0
0,1,event,672,0.001707999999950971,0
0,1,event,673,0.004457999999999629,0
0,1,event,674,0.0013329999999882602,0
0,1,event,675,0.0013329999999882602,0
0,1,event,676,0.004124999999987722,0
0,1,event,677,0.0015829999999823485,0
0,1,event,678,0.0013329999999882602,0
0,1,event,679,0.0013749999999959073,0
0,1,event,680,0.0013329999999882602,0
0,1,event,681,0.0012499999999704414,0
0,1,event,682,0.0019169999999917309,0
0,1,event,683,0.0013329999999882602,0
0,1,event,684,0.0012080000000196378,0
0,1,event,685,0.0012909999999806132,0
0,1,event,686,0.0012500000000272848,0
0,1,event,687,0.0016660000000001673,0
0,1,event,688,0.004124999999987722,0
0,1,event,689,0.001583000000039192,0
0,1,event,690,0.0012909999999806132,0
0,1,event,691,0.0013329999999882602,0
0,1,event,692,0.0012919999999780885,0
0,1,event,693,0.0016249999999899956,0
0,1,event,694,0.0012500000000272848,0
0,1,event,695,0.0012500000000272848,0
0,1,event,696,0.0013329999999882602,0
0,1,event,697,0.0012499999999704414,0
0,1,event,698,0.0016249999999899956,0
0,1,event,699,0.0012500000000272848,0
0,1,event,700,0.0012920000000349319,0
0,1,event,701,0.0012499999999704414,0
0,1,event,702,0.0012919999999780885,0
0,1,event,703,0.0017500000000154614,0
0,1,event,704,0.0012499999999704414,0
0,1,event,705,0.0012919999999780885,0
0,1,event,706,0.0038749999999936335,0
0,1,event,707,0.0015000000000213731,0
0,1,event,708,0.0012499999999704414,0
0,1,event,709,0.0016669999999976426,0
0,1,event,710,0.001416000000006079,0
0,1,event,711,0.0012919999999780885,0
0,1,event,712,0.0013749999999959073,0
0,1,event,713,0.0012499999999704414,0
0,1,event,714,0.0016249999999899956,0
0,1,event,715,0.0012920000000349319,0
0,1,event,716,0.003750000000025011,0
0,1,event,717,0.0012499999999704414,0
0,1,event,718,0.0013329999999882602,0
0,1,event,719,0.0016249999999899956,0
0,1,event,720,0.01945800000004283,1
0,1,event,721,0.0021250000000350155,0
0,1,event,722,0.0013339999999857355,0
0,1,event,723,0.0020000000000095497,0
0,1,event,724,0.0013330000000451037,0
0,1,event,725,0.0011660000000119908,0
0,1,event,726,0.0012499999999704414,0
0,1,event,727,0.001209000000017113,0
0,1,event,728,0.0012919999999780885,0
0,1,event,729,0.0015409999999747015,0
0,1,event,730,0.0014170000000035543,0
0,1,event,731,0.0012919999999780885,0
0,1,event,732,0.0049999999999954525,0
0,1,event,733,0.0013339999999857355,0
0,1,event,734,0.001791999999966265,0
0,1,event,735,0.0012909999999806132,0
0,1,event,736,0.0012500000000272848,0
0,1,event,737,0.0012909999999806132,0
0,1,event,738,0.0012080000000196378,0
0,1,event,739,0.0016660000000001673,0
0,1,event,740,0.0038329999999859865,0
0,1,event,741,0.001458000000013726,0
0,1,event,742,0.0015829999999823485,0
0,1,event,743,0.004042000000026746,0
0,1,event,744,0.0017080000000078144,0
0,1,event,745,0.0012919999999780885,0
0,1,event,746,0.0012920000000349319,0
0,1,event,747,0.0012920000000349319,0
0,1,event,748,0.0012499999999704414,0
0,1,event,749,0.0012499999999704414,0
0,1,event,750,0.0015000000000213731,0
0,1,event,751,0.001416000000006079,0
0,1,event,752,0.0012910000000374566,0
0,1,event,753,0.0012910000000374566,0
0,1,event,754,0.0012499999999704414,0
0,1,event,755,0.0015829999999823485,0
0,1,event,756,0.0012910000000374566,0
0,1,event,757,0.0012500000000272848,0
0,1,event,758,0.0012499999999704414,0
0,1,event,759,0.0012080000000196378,0
0,1,event,760,0.001583000000039192,0
0,1,event,761,0.0012499999999704414,0
0,1,event,762,0.0013339999999857355,0
0,1,event,763,0.0014170000000035543,0
0,1,event,764,0.0012909999999806132,0
0,1,event,765,0.0016669999999976426,0
0,1,event,766,0.001209000000017113,0
0,1,event,767,0.001209000000017113,0
0,1,event,768,0.0013339999999857355,0
0,1,event,769,0.0012499999999704414,0
0,1,event,770,0.0012500000000272848,0
0,1,event,771,0.0017080000000078144,0
0,1,event,772,0.001458000000013726,0
0,1,event,773,0.0012500000000272848,0
0,1,event,774,0.004834000000016658,0
0,1,event,775,0.0020830000000273685,0
0,1,event,776,0.0024999999999977263,0
0,1,event,777,0.0019580000000019027,0
0,1,event,778,0.00591700000001083,0
0,1,event,779,0.00741699999997536,0
0,1,event,780,0.022707999999965978,1
0,1,event,781,0.0029170000000249274,0
0,1,event,782,0.002166999999985819,0
0,1,event,783,0.0022080000000528344,0
0,1,event,784,0.01954200000000128,0
0,1,event,785,0.0027919999999994616,0
0,1,event,786,0.002082999999970525,0
0,1,event,787,0.0020410000000197215,0
0,1,event,788,0.0020410000000197215,0
0,1,event,789,0.0019580000000019027,0
0,1,event,790,0.0019170000000485743,0
0,1,event,791,0.002375000000029104,0
0,1,event,792,0.002333000000021457,0
0,1,event,793,0.002124999999978172,0
0,1,event,794,0.0020410000000197215,0
0,1,event,795,0.005875000000003183,0
0,1,event,796,0.0024999999999977263,0
0,1,event,797,0.0020000000000095497,0
0,1,event,798,0.0019169999999917309,0
0,1,event,799,0.006000000000028649,0
0,1,event,800,0.0020419999999603533,0
0,1,event,801,0.0027089999999816428,0
0,1,event,802,0.002082999999970525,0
0,1,event,803,0.0020000000000095497,0
0,1,event,804,0.0020000000000095497,0
0,1,event,805,0.0020000000000095497,0
0,1,event,806,0.006249999999965894,0
0,1,event,807,0.006332999999983713,0
0,1,event,808,0.002375000000029104,0
0,1,event,809,0.0101659999999697,0
0,1,event,810,0.005999999999971806,0
0,1,event,811,0.0020830000000273685,0
0,1,event,812,0.002625000000023192,0
0,1,event,813,0.0023329999999646134,0
0,1,event,814,0.0021250000000350155,0
0,1,event,815,0.0020000000000095497,0
0,1,event,816,0.0019580000000019027,0
0,1,event,817,0.0025409999999510546,0
0,1,event,818,0.0019580000000019027,0
0,1,event,819,0.0020839999999680003,0
0,1,event,820,0.0020420000000171967,0
0,1,event,821,0.0020419999999603533,0
0,1,event,822,0.0027089999999816428,0
0,1,event,823,0.0020840000000248438,0
0,1,event,824,0.0019580000000019027,0
0,1,event,825,0.0020830000000273685,0
0,1,event,826,0.001958999999999378,0
0,1,event,827,0.0019580000000019027,0
0,1,event,828,0.0024169999999799074,0
0,1,event,829,0.0020000000000095497,0
0,1,event,830,0.0020000000000095497,0
0,1,event,831,0.002166999999985819,0
0,1,event,832,0.001958999999999378,0
0,1,event,833,0.0025829999999587017,0
0,1,event,834,0.0020830000000273685,0
0,1,event,835,0.001958999999999378,0
0,1,event,836,0.001958999999999378,0
0,1,event,837,0.0020840000000248438,0
0,1,event,838,0.002417000000036751,0
0,1,event,839,0.0018750000000409273,0
0,1,event,840,0.026125000000035925,1
0,1,event,841,0.008457999999961885,0
0,1,event,842,0.0028330000000096334,0
0,1,event,843,0.002709000000038486,0
0,1,event,844,0.0023749999999722604,0
0,1,event,845,0.002082999999970525,0
0,1,event,846,0.0020000000000095497,0
0,1,event,847,0.002040999999962878,0
0,1,event,848,0.0024579999999900792,0
0,1,event,849,0.005875000000003183,0
0,1,event,850,0.009290999999961969,0
0,1,event,851,0.002124999999978172,0
0,1,event,852,0.0020420000000171967,0
0,1,event,853,0.0026659999999765205,0
0,1,event,854,0.002207999999995991,0
0,1,event,855,0.002082999999970525,0
0,1,event,856,0.0023329999999646134,0
0,1,event,857,0.0019580000000019027,0
0,1,event,858,0.0027499999999918145,0
0,1,event,859,0.0019580000000019027,0
0,1,event,860,0.0020000000000095497,0
0,1,event,861,0.0020000000000095497,0
0,1,event,862,0.001958999999999378,0
0,1,event,863,0.0027499999999918145,0
0,1,event,864,0.0019169999999917309,0
0,1,event,865,0.001958999999999378,0
0,1,event,866,0.0019580000000019027,0
0,1,event,867,0.0019159999999942556,0
0,1,event,868,0.0018749999999840838,0
0,1,event,869,0.0024579999999900792,0
0,1,event,870,0.0020410000000197215,0
0,1,event,871,0.001916000000051099,0
0,1,event,872,0.0019159999999942556,0
0,1,event,873,0.0020830000000273685,0
0,1,event,874,0.007000000000005002,0
0,1,event,875,0.002250000000003638,0
0,1,event,876,0.0019169999999917309,0
0,1,event,877,0.007583000000010998,0
0,1,event,878,0.0020410000000197215,0
0,1,event,879,0.0024999999999977263,0
0,1,event,880,0.0020420000000171967,0
0,1,event,881,0.0020000000000095497,0
0,1,event,882,0.0019159999999942556,0
0,1,event,883,0.0018329999999764368,0
0,1,event,884,0.0027499999999918145,0
0,1,event,885,0.0020000000000095497,0
0,1,event,886,0.002040999999962878,0
0,1,event,887,0.0019580000000019027,0
0,1,event,888,0.0020420000000171967,0
0,1,event,889,0.0019169999999917309,0
0,1,event,890,0.004458999999997104,0
0,1,event,891,0.0020000000000095497,0
0,1,event,892,0.0020000000000095497,0
0,1,event,893,0.0020420000000171967,0
0,1,event,894,0.0019999999999527063,0
0,1,event,895,0.002583000000015545,0
0,1,event,896,0.006541999999967629,0
0,1,event,897,0.001958999999999378,0
0,1,event,898,0.0020000000000095497,0
0,1,event,899,0.0020000000000095497,0
0,1,event,900,0.026666999999974905,1
0,1,event,901,0.008709000000010292,0
0,1,event,902,0.0021670000000426626,0
0,1,event,903,0.002166999999985819,0
0,1,event,904,0.002750000000048658,0
0,1,event,905,0.0020830000000273685,0
0,1,event,906,0.0019999999999527063,0
0,1,event,907,0.0020410000000197215,0
0,1,event,908,0.0061249999999972715,0
0,1,event,909,0.0020840000000248438,0
0,1,event,910,0.006457999999952335,0
0,1,event,911,0.0021250000000350155,0
0,1,event,912,0.002334000000018932,0
0,1,event,913,0.0020000000000095497,0
0,1,event,914,0.006291999999973541,0
0,1,event,915,0.0026249999999663487,0
0,1,event,916,0.002124999999978172,0
0,1,event,917,0.002292000000011285,0
0,1,event,918,0.0020839999999680003,0
0,1,event,919,0.002124999999978172,0
0,1,event,920,0.0028750000000172804,0
0,1,event,921,0.0021670000000426626,0
0,1,event,922,0.0021670000000426626,0
0,1,event,923,0.0020840000000248438,0
0,1,event,924,0.0020419999999603533,0
0,1,event,925,0.002250000000003638,0
0,1,event,926,0.0027089999999816428,0
0,1,event,927,0.0020420000000171967,0
0,1,event,928,0.0020840000000248438,0
0,1,event,929,0.0019999999999527063,0
0,1,event,930,0.0020410000000197215,0
0,1,event,931,0.0025409999999510546,0
0,1,event,932,0.0019580000000019027,0
0,1,event,933,0.0018749999999840838,0
0,1,event,934,0.002040999999962878,0
0,1,event,935,0.0019580000000019027,0
0,1,event,936,0.002625000000023192,0
0,1,event,937,0.0020000000000095497,0
0,1,event,938,0.0020830000000273685,0
0,1,event,939,0.0020000000000095497,0
0,1,event,940,0.0019580000000019027,0
0,1,event,941,0.007040999999958331,0
0,1,event,942,0.002207999999995991,0
0,1,event,943,0.0020000000000095497,0
0,1,event,944,0.006291999999973541,0
0,1,event,945,0.002166999999985819,0
0,1,event,946,0.0020419999999603533,0
0,1,event,947,0.002667000000030839,0
0,1,event,948,0.0020420000000171967,0
0,1,event,949,0.0020000000000095497,0
0,1,event,950,0.001958999999999378,0
0,1,event,951,0.0018749999999840838,0
0,1,event,952,0.0024999999999977263,0
0,1,event,953,0.001958999999999378,0
0,1,event,954,0.0020000000000095497,0
0,1,event,955,0.0020420000000171967,0
0,1,event,956,0.0020000000000095497,0
0,1,event,957,0.0026249999999663487,0
0,1,event,958,0.0020000000000095497,0
0,1,event,959,0.002082999999970525,0
0,1,event,960,0.049083999999993466,1
0,1,event,961,0.003750000000025011,0
0,1,event,962,0.0022910000000138098,0
0,1,event,963,0.007915999999966061,0
0,1,event,964,0.002165999999988344,0
0,1,event,965,0.0020410000000197215,0
0,1,event,966,0.0020410000000197215,0
0,1,event,967,0.0024999999999977263,0
0,1,event,968,0.0019999999999527063,0
0,1,event,969,0.0020000000000095497,0
0,1,event,970,0.0020000000000095497,0
0,1,event,971,0.0020000000000095497,0
0,1,event,972,0.002583000000015545,0
0,1,event,973,0.0021670000000426626,0
0,1,event,974,0.0021250000000350155,0
0,1,event,975,0.005916000000013355,0
0,1,event,976,0.002040999999962878,0
0,1,event,977,0.0028750000000172804,0
0,1,event,978,0.002334000000018932,0
0,1,event,979,0.005832999999995536,0
0,1,event,980,0.0019999999999527063,0
0,1,event,981,0.0020000000000095497,0
0,1,event,982,0.002958999999975731,0
0,1,event,983,0.0022919999999544416,0
0,1,event,984,0.002292000000011285,0
0,1,event,985,0.0020000000000095497,0
0,1,event,986,0.0020000000000095497,0
0,1,event,987,0.0020420000000171967,0
0,1,event,988,0.0024999999999977263,0
0,1,event,989,0.0020000000000095497,0
0,1,event,990,0.0019169999999917309,0
0,1,event,991,0.0019169999999917309,0
0,1,event,992,0.0018340000000307555,0
0,1,event,993,24.21191699999997,0
0,1,event,994,0.00866600000000517,0
0,1,event,995,0.0030830000000037217,0
0,1,event,996,0.002333000000021457,0
0,1,event,997,7.5750830000000065,0
0,1,event,998,0.021709000000043943,0
0,1,event,999,0.002292000000011285,0
0,1,burst,0,0.10216700000000856,7
0,1,burst,1,0.09166699999991579,7
0,1,burst,2,11.36850000000004,7
0,1,burst,3,0.09204199999999219,7
0,1,burst,4,0.07370900000000802,7
0,1,burst,5,0.07245899999998073,7
0,1,burst,6,0.0735419999999749,7
0,1,burst,7,0.06483300000002146,7
0,1,burst,8,0.07220800000004601,7
0,1,burst,9,0.06758299999989958,7
0,1,burst,10,0.06941600000004655,7
0,1,burst,11,0.08129199999996217,7
0,1,burst,12,0.07308399999999438,7
0,1,burst,13,0.06854199999997945,7
0,1,burst,14,0.06608300000004874,7
0,1,burst,15,0.06854099999998198,7
0,1,burst,16,0.08224999999993088,7
0,1,burst,17,0.06875000000002274,7
0,1,burst,18,0.06937500000003638,7
0,1,burst,19,48.139332999999965,7
0,1,burst,20,0.12837500000000546,7
0,1,burst,21,0.0678330000000642,7
0,1,burst,22,0.07095800000001873,7
0,1,burst,23,0.06341600000007475,7
0,1,burst,24,0.07345799999995961,7
0,1,burst,25,0.06370800000001964,7
0,1,burst,26,0.07100000000002638,7
0,1,burst,27,0.06370799999990595,7
0,1,burst,28,0.07245799999998326,7
0,1,burst,29,0.06204200000001947,7
0,1,burst,30,0.06662500000004457,7
0,1,burst,31,0.06099999999992178,7
0,1,burst,32,0.06879200000003038,7
0,1,burst,33,0.06470799999999599,7
0,1,burst,34,0.07150000000001455,7
0,1,burst,35,0.07141699999999673,7
0,1,burst,36,0.0701249999999618,7
0,1,burst,37,0.0648750000000291,7
0,1,burst,38,0.06266699999991943,7
0,1,burst,39,0.06454100000007656,7
0,1,burst,40,0.06708299999991141,7
0,1,burst,41,0.06175000000007458,7
0,1,burst,42,0.06770799999992505,7
0,1,burst,43,0.08166700000003857,7
0,1,burst,44,0.08624999999994998,7
0,1,burst,45,0.08487500000001091,7
0,1,burst,46,0.07862499999998818,7
0,1,burst,47,0.07699999999999818,7
0,1,burst,48,0.08929200000000037,7
0,1,burst,49,0.07954100000006292,7
0,1,burst,50,0.12654200000008586,7
0,1,burst,51,0.07258299999989504,7
0,1,burst,52,105.2577500000001,7
0,1,burst,53,0.24066700000003038,7
0,1,burst,54,0.1841670000000022,7
0,1,burst,55,0.16212499999994634,7
0,1,burst,56,0.15995799999996052,7
0,1,burst,57,0.16695800000002237,7
0,1,burst,58,0.1687090000000353,7
0,1,burst,59,0.15658300000006875,7
0,1,burst,60,0.176166999999964,7
0,1,burst,61,0.15462500000001,7
0,1,burst,62,0.15470799999991414,7
0,1,burst,63,0.15045800000007148,7
0,1,burst,64,0.14483399999994617,7
0,1,burst,65,0.15212499999995543,7
0,1,burst,66,0.16158299999995052,7
0,1,burst,67,0.14575000000002092,7
0,1,burst,68,0.141083999999978,7
0,1,burst,69,0.15287499999999454,7
0,1,burst,70,0.14841699999999491,7
0,1,burst,71,0.16737499999999272,7
0,1,burst,72,0.13412499999992633,7
0,1,burst,73,0.15708300000005693,7
0,1,burst,74,0.1346249999999145,7
0,1,burst,75,24.520375000000058,7
0,1,burst,76,0.17629199999998946,7
0,1,burst,77,0.1588330000000724,7
0,1,burst,78,0.14504199999998946,7
0,1,burst,79,0.14820899999995163,7
0,1,burst,80,0.1792920000000322,7
0,1,burst,81,0.1533750000000964,7
0,1,burst,82,0.1345409999998992,7
0,1,burst,83,0.155208000000016,7
0,1,burst,84,0.16637500000001637,7
0,1,burst,85,0.16420899999991434,7
0,1,burst,86,0.14354200000002493,7
0,1,burst,87,0.17525000000000546,7
0,1,burst,88,0.14350000000001728,7
0,1,burst,89,0.1736670000000231,7
0,1,burst,90,0.14270799999997053,7
0,1,burst,91,0.17220800000006875,7
0,1,burst,92,0.14704200000005585,7
0,1,burst,93,0.14699999999993452,7
0,1,burst,94,0.1372079999999869,7
0,1,burst,95,0.1510000000000673,7
0,1,burst,96,0.15733300000010786,7
0,1,burst,97,0.14608300000008967,7
0,1,burst,98,0.14029099999993377,7
0,1,burst,99,114.77020800000003,7
0,1,burst,100,0.26204200000006495,7
0,1,burst,101,0.15391699999997854,7
0,1,burst,102,0.13487499999996544,7
0,1,burst,103,0.1448329999999487,7
0,1,burst,104,0.12712499999997817,7
0,1,burst,105,0.12741699999992306,7
0,1,burst,106,0.12725000000000364,7
0,1,burst,107,0.13074999999992087,7
0,1,burst,108,0.12675000000001546,7
0,1,burst,109,0.1169999999999618,7
0,1,burst,110,0.13162499999998545,7
0,1,burst,111,0.12716599999998834,7
0,1,burst,112,0.126041999999984,7
0,1,burst,113,0.11970899999994344,7
0,1,burst,114,0.11662499999999909,7
0,1,burst,115,0.19683299999996962,7
0,1,burst,116,0.13954199999989214,7
0,1,burst,117,0.1259580000000824,7
0,1,burst,118,0.12350000000003547,7
0,1,burst,119,0.13254200000005767,7
0,1,burst,120,0.13250000000005002,7
0,1,burst,121,0.127666999999974,7
0,1,burst,122,0.12883399999998346,7
0,1,burst,123,0.11387500000000728,7
0,1,burst,124,0.12249999999994543,7
0,1,burst,125,0.12541599999997288,7
0,1,burst,126,0.12095899999997073,7
0,1,burst,127,0.12787500000001728,7
0,1,burst,128,0.13937499999997272,7
0,1,burst,129,0.10687499999994543,7
0,1,burst,130,0.12450000000001182,7
0,1,burst,131,0.1269999999999527,7
0,1,burst,132,0.12858300000004874,7
0,1,burst,133,0.1197500000000673,7
0,1,burst,134,0.1312080000000151,7
0,1,burst,135,0.11341700000002675,7
0,1,burst,136,0.140625,7
0,1,burst,137,0.11449999999990723,7
0,1,burst,138,0.1279580000000351,7
0,1,burst,139,0.12225000000000819,7
0,1,burst,140,0.1315829999999778,7
0,1,burst,141,0.1153749999999718,7
0,1,burst,142,0.11783300000001873,7
0,1,burst,143,0.1269160000000511,7
0,1,burst,144,0.1269159999999374,7
0,1,burst,145,0.1199579999999969,7
0,1,burst,146,0.12020900000004531,7
0,1,burst,147,0.1289999999999054,7
0,1,burst,148,0.12154199999997672,7
0,1,burst,149,0.11512500000003456,7
0,1,burst,150,0.12695799999994506,7
0,1,burst,151,0.11691700000005767,7
0,1,burst,152,0.1304170000000795,7
0,1,burst,153,0.12637500000005275,7
0,1,burst,154,0.12266599999998107,7
0,1,burst,155,0.12645799999995688,7
0,1,burst,156,0.12208299999997507,7
0,1,burst,157,0.12308400000006259,7
0,1,burst,158,0.1207920000000513,7
0,1,burst,159,0.12504200000000765,7
0,1,burst,160,0.13183299999991505,7
0,1,burst,161,0.12304200000005494,7
0,1,burst,162,0.1231670000000804,7
0,1,burst,163,0.12229199999990215,7
0,1,burst,164,0.12116700000001401,7
0,1,burst,165,0.13999999999998636,7
0,1,burst,166,0.11816599999997379,7
0,1,burst,167,43.56787499999996,7
0,1,burst,168,0.18195800000000872,7
0,1,burst,169,0.09991700000000492,7
0,1,burst,170,0.1027080000000069,7
0,1,burst,171,0.0847079999999778,7
0,1,burst,172,0.094333000000006,7
0,1,burst,173,0.09391699999991943,7
0,1,burst,174,0.08154100000001563,7
0,1,burst,175,0.08854199999996126,7
0,1,burst,176,0.07987500000001546,7
0,1,burst,177,0.08591699999999491,7
0,1,burst,178,0.08433300000001509,7
0,1,burst,179,0.10391700000002402,7
0,1,burst,180,0.08704199999999673,7
0,1,burst,181,0.13170900000000074,7
0,1,burst,182,0.11666700000000674,7
0,1,burst,183,0.12716599999998834,7
0,1,burst,184,0.11908300000004601,7
0,1,burst,185,0.38741699999991397,7
0,1,burst,186,0.11508300000002691,7
0,1,burst,187,0.0933749999999236,7
0,1,burst,188,0.10287500000004002,7
0,1,burst,189,0.09408300000006875,7
0,1,burst,190,0.10224999999991269,7
0,1,burst,191,0.09970799999996416,7
0,1,burst,192,0.09600000000000364,7
0,1,burst,193,0.0907080000000633,7
0,1,burst,194,0.09341700000004494,7
0,1,burst,195,0.10145799999997962,7
0,1,burst,196,0.10187499999994998,7
0,1,burst,197,0.09895800000003874,7
0,1,burst,198,0.09754099999997834,7
0,1,burst,199,0.09416699999997036,7
0,1,burst,200,0.09933300000000145,7
0,1,burst,201,0.09724999999991724,7
0,1,burst,202,0.1043329999999969,7
0,1,burst,203,0.38604099999997743,7
0,1,burst,204,0.15287499999999454,7
0,1,burst,205,0.10858299999995324,7
0,1,burst,206,0.09954200000004221,7
0,1,burst,207,0.10345900000004349,7
0,1,burst,208,0.11775000000000091,7
0,1,burst,209,0.1080419999999549,7
0,1,burst,210,0.10541599999999107,7
0,1,burst,211,0.11941699999999855,7
0,1,burst,212,0.10670799999991232,7
0,1,burst,213,0.10829100000000835,7
0,1,burst,214,0.10795900000005076,7
0,1,burst,215,0.11329200000000128,7
0,1,burst,216,0.1150000000000091,7
0,1,burst,217,0.1085409999999456,7
0,1,burst,218,0.10341700000003584,7
0,1,burst,219,0.11070899999992889,7
0,1,burst,220,0.11091699999997218,7
0,1,burst,221,0.10495800000001054,7
0,1,burst,222,0.30120799999997416,7
0,1,burst,223,0.13770800000008876,7
0,1,burst,224,0.12279200000000401,7
0,1,burst,225,0.12129200000003948,7
0,1,burst,226,0.13045900000008714,7
0,1,burst,227,0.13900000000001,7
0,1,burst,228,0.13591599999995196,7
0,1,burst,229,0.11750000000006366,7
0,1,burst,230,0.1338340000000926,7
0,1,burst,231,0.12020800000004783,7
0,1,burst,232,0.14195799999993142,7
0,1,burst,233,0.136916000000042,7
0,1,burst,234,0.1207920000000513,7
0,1,burst,235,0.11633399999993799,7
0,1,burst,236,0.13591599999995196,7
0,1,burst,237,0.12520800000004328,7
0,1,burst,238,27.89300000000003,7
0,1,burst,239,0.14800000000013824,7
0,1,burst,240,0.12704200000007404,7
0,1,burst,241,0.13520800000014788,7
0,1,burst,242,0.130333999999948,7
0,1,burst,243,0.14829199999985576,7
0,1,burst,244,0.1269999999999527,7
0,1,burst,245,0.13162499999998545,7
0,1,burst,246,0.1267920000000231,7
0,1,burst,247,0.12404199999991761,7
0,1,burst,248,0.13270799999986593,7
0,1,burst,249,0.09725000000003092,7
0,1,burst,250,0.09016700000006495,7
0,1,burst,251,0.10083400000007714,7
0,1,burst,252,0.09479199999987031,7
0,1,burst,253,0.09829199999990124,7
0,1,burst,254,0.10224999999991269,7
0,1,burst,255,0.09141700000009223,7
0,1,burst,256,0.10408300000017334,7
0,1,burst,257,0.09049999999979264,7
0,1,burst,258,0.09187500000007276,7
0,1,burst,259,0.09712500000000546,7
0,1,burst,260,0.10337499999991451,7
0,1,burst,261,0.09670799999980773,7
0,1,burst,262,0.0905840000000353,7
0,1,burst,263,0.08887499999991633,7
0,1,burst,264,0.09570800000005875,7
0,1,burst,265,0.09370800000010604,7
0,1,burst,266,0.09733400000004622,7
0,1,burst,267,0.09516699999994671,7
0,1,burst,268,0.09054200000014134,7
0,1,burst,269,0.12750000000005457,7
0,1,burst,270,0.09645799999998417,7
0,1,burst,271,0.09549999999990177,7
0,1,burst,272,0.08987499999989268,7
0,1,burst,273,0.09762499999987995,7
0,1,burst,274,53.07395899999983,7
0,1,burst,275,1.773333999999977,7
0,1,burst,276,1.1018750000000637,7
0,1,burst,277,0.40087500000004184,7
0,1,burst,278,0.2169579999999769,7
0,1,burst,279,0.29749999999989996,7
0,1,burst,280,0.3221659999999247,7
0,1,burst,281,0.19545900000002803,7
0,1,burst,282,0.4862080000000333,7
0,1,burst,283,0.29950000000008004,7
0,1,burst,284,0.19537500000001273,7
0,1,burst,285,0.37333300000000236,7
0,1,burst,286,0.28558300000008785,7
0,1,burst,287,0.1817079999998441,7
0,1,burst,288,0.1648330000000442,7
0,1,burst,289,0.15908300000000963,7
0,1,burst,290,0.1614999999999327,7
0,1,burst,291,0.19337499999983265,7
0,1,burst,292,0.14754100000004655,7
0,1,burst,293,0.16479200000003402,7
0,1,burst,294,0.16766699999993762,7
0,1,burst,295,0.14108299999998053,7
0,1,burst,296,0.15833400000019537,7
0,1,burst,297,0.14508300000011332,7
0,1,burst,298,0.14150000000017826,7
0,1,burst,299,0.15008399999987887,7
0,1,burst,300,0.16037499999993088,7
0,1,burst,301,0.14712499999995998,7
0,1,burst,302,0.14066699999989396,7
0,1,burst,303,0.14308299999993324,7
0,1,burst,304,0.20708300000001145,7
0,1,burst,305,0.15462499999989632,7
0,1,burst,306,0.14875000000006366,7
0,1,burst,307,0.15612499999997453,7
0,1,burst,308,0.14195900000004258,7
0,1,burst,309,0.14529099999981554,7
0,1,burst,310,0.14525000000003274,7
0,1,burst,311,0.9305420000000595,7
0,1,burst,312,0.1637919999998303,7
0,1,burst,313,0.155083999999988,7
0,1,burst,314,0.2414169999999558,7
0,1,burst,315,0.14787500000011278,7
0,1,burst,316,0.17270800000005693,7
0,1,burst,317,0.15541700000017045,7
0,1,burst,318,8.121082999999999,7
0,1,burst,319,0.22187499999995453,7
0,1,burst,320,0.1514159999999265,7
0,1,burst,321,0.14045800000008057,7
0,1,burst,322,0.1432910000000902,7
0,1,burst,323,0.1487080000001697,7
0,1,burst,324,0.19587499999988722,7
0,1,burst,325,0.13670799999999872,7
0,1,burst,326,0.14179200000012315,7
0,1,burst,327,0.14116699999999582,7
0,1,burst,328,0.1356670000000122,7
0,1,burst,329,0.1342090000000553,7
0,1,burst,330,88.02150000000006,7
0,1,burst,331,0.1672080000000733,7
0,1,burst,332,0.13895800000000236,7
0,1,burst,333,0.14916700000003402,7
0,1,burst,334,0.15108399999985522,7
0,1,burst,335,0.13895900000011352,7
0,1,burst,336,0.13970900000003894,7
0,1,burst,337,0.14137499999992542,7
0,1,burst,338,0.14274999999997817,7
0,1,burst,339,0.1446249999999054,7
0,1,burst,340,19.78154100000006,7
0,1,burst,341,0.14516600000001745,7
0,1,burst,342,0.13133300000004056,7
0,1,burst,343,0.12295900000003712,7
0,1,burst,344,0.11124999999992724,7
0,1,burst,345,0.11929099999997561,7
0,1,burst,346,0.11674999999991087,7
0,1,burst,347,0.1522500000000946,7
0,1,burst,348,0.11441600000011931,7
0,1,burst,349,0.12487499999997453,7
0,1,burst,350,0.11341700000002675,7
0,1,burst,351,0.11625000000003638,7
0,1,burst,352,0.11187500000005457,7
0,1,burst,353,0.11449999999990723,7
0,1,burst,354,0.11433400000009897,7
0,1,burst,355,0.11754199999995762,7
0,1,burst,356,0.11249999999995453,7
0,1,burst,357,27.240374999999858,7
0,1,burst,358,0.209041999999954,7
0,1,burst,359,0.13391700000011042,7
0,1,burst,360,0.11808299999984229,7
0,1,burst,361,0.12674999999990177,7
0,1,burst,362,0.12149999999996908,7
0,1,burst,363,0.1197500000000673,7
0,1,burst,364,0.13245800000004238,7
0,1,burst,365,0.12254200000006676,7
0,1,burst,366,0.11604099999999562,7
0,1,burst,367,0.1147080000000642,7
0,1,burst,368,0.1386250000000473,7
0,1,burst,369,0.13562500000011823,7
0,1,burst,370,0.11575000000016189,7
0,1,burst,371,0.11533299999996416,7
0,1,burst,372,0.11316699999997581,7
0,1,burst,373,0.11829200000011042,7
0,1,burst,374,0.10991699999999582,7
0,1,burst,375,0.11374999999998181,7
0,1,burst,376,0.12366700000006858,7
0,1,burst,377,0.11787500000014006,7
0,1,burst,378,0.11275000000000546,7
0,1,burst,379,0.11083299999995688,7
0,1,burst,380,0.11862500000006548,7
0,1,burst,381,0.12608399999999165,7
0,1,burst,382,0.10808300000007875,7
0,1,burst,383,0.11079100000006292,7
0,1,burst,384,0.11187500000005457,7
0,1,burst,385,0.12137499999994361,7
0,1,burst,386,0.1097500000000764,7
0,1,burst,387,0.11208299999998417,7
0,1,burst,388,0.10929200000009587,7
0,1,burst,389,31.041791999999987,7
0,1,burst,390,0.23029099999985192,7
0,1,burst,391,0.1345409999998992,7
0,1,burst,392,5.345708000000059,7
0,1,burst,393,0.16550000000006548,7
0,1,burst,394,4.426666999999952,7
0,1,burst,395,0.09262499999999818,7
0,1,burst,396,0.08216700000002675,7
0,1,burst,397,0.07362499999999272,7
0,1,burst,398,0.07458299999984774,7
0,1,burst,399,0.07208300000002055,7
0,1,burst,400,0.08608300000014424,7
0,1,burst,401,0.07383299999992232,7
0,1,burst,402,0.07212500000014188,7
0,1,burst,403,0.06295799999998053,7
0,1,burst,404,0.0677499999999327,7
0,1,burst,405,0.0675420000000031,7
0,1,burst,406,0.062457999999878666,7
0,1,burst,407,0.060415999999804626,7
0,1,burst,408,0.07162500000004002,7
0,1,burst,409,0.060500000000047294,7
0,1,burst,410,0.06137499999999818,7
0,1,burst,411,0.06387500000005275,7
0,1,burst,412,0.06712500000003274,7
0,1,burst,413,0.06283400000006623,7
0,1,burst,414,0.06354200000009769,7
0,1,burst,415,0.05879099999992832,7
0,1,burst,416,0.06333300000005693,7
0,1,burst,417,0.06633299999998599,7
0,1,burst,418,0.06283299999995506,7
0,1,burst,419,0.06633299999998599,7
0,1,burst,420,0.06379199999992125,7
0,1,burst,421,0.06095800000002782,7
0,1,burst,422,0.06316700000002129,7
0,1,burst,423,0.06170900000006441,7
0,1,burst,424,0.06662499999993088,7
0,1,burst,425,0.06904200000008132,7
0,1,burst,426,0.061916000000110216,7
0,1,burst,427,0.06295899999986432,7
0,1,burst,428,0.06595900000002075,7
0,1,burst,429,0.061666000000059285,7
0,1,burst,430,0.06033300000012787,7
0,1,burst,431,0.06208300000002964,7
0,1,burst,432,0.0629580000002079,7
0,1,burst,433,0.06587500000000546,7
0,1,burst,434,0.059583000000202446,7
0,1,burst,435,0.06562499999995453,7
0,1,burst,436,0.0626670000001468,7
0,1,burst,437,0.0597499999998945,7
0,1,burst,438,0.0682920000001559,7
0,1,burst,439,0.0632500000001528,7
0,1,burst,440,4.68791699999997,7
0,1,burst,441,19.136999999999944,7
0,1,burst,442,19.769416999999976,7
0,1,burst,443,0.15391700000009223,7
0,1,burst,444,0.13170800000011695,7
0,1,burst,445,0.11683300000004238,7
0,1,burst,446,0.1205410000000029,7
0,1,burst,447,0.11774999999988722,7
0,1,burst,448,0.11316699999997581,7
0,1,burst,449,0.1117500000000291,7
0,1,burst,450,0.11212499999987813,7
0,1,burst,451,0.11654199999998127,7
0,1,burst,452,0.11275000000000546,7
0,1,burst,453,0.11858299999994415,7
0,1,burst,454,0.10750000000007276,7
0,1,burst,455,0.11791700000003402,7
0,1,burst,456,0.12216699999999037,7
0,1,burst,457,0.1119579999999587,7
0,1,burst,458,0.10799999999994725,7
0,1,burst,459,0.11566700000003038,7
0,1,burst,460,0.10891700000001947,7
0,1,burst,461,0.11379099999999198,7
0,1,burst,462,0.11474999999995816,7
0,1,burst,463,0.11770799999999326,7
0,1,burst,464,0.10720800000012787,7
0,1,burst,465,0.11058300000013332,7
0,1,burst,466,0.1050830000001497,7
0,1,burst,467,0.11325000000010732,7
0,1,burst,468,0.11141700000007404,7
0,1,burst,469,0.10962500000005093,7
0,1,burst,470,0.10645899999985886,7
0,1,burst,471,0.11820899999997891,7
0,1,burst,472,0.1060419999998885,7
0,1,burst,473,38.380499999999984,7
0,1,burst,474,0.27108399999997346,7
0,1,burst,475,0.20775000000003274,7
0,1,burst,476,0.17891600000007202,7
0,1,burst,477,0.24420899999995527,7
0,1,burst,478,0.18450000000007094,7
0,1,burst,479,0.20716600000014296,7
0,1,burst,480,0.19762500000001637,7
0,1,burst,481,0.6634160000000975,7
0,1,burst,482,21.94383300000004,7
0,1,burst,483,0.3320409999998901,7
0,1,burst,484,0.17191600000001017,7
0,1,burst,485,0.14708299999983865,7
0,1,burst,486,0.13133300000004056,7
0,1,burst,487,0.3302090000001954,7
0,1,burst,488,0.16029200000002675,7
0,1,burst,489,0.1384170000001177,7
0,1,burst,490,0.12820800000008603,7
0,1,burst,491,0.2851670000000013,7
0,1,burst,492,0.13841699999989032,7
0,1,burst,493,0.2197919999998703,7
0,1,burst,494,0.7864999999999327,7
0,1,burst,495,0.41445900000007896,7
0,1,burst,496,0.40283399999998437,7
0,1,burst,497,0.13016700000002857,7
0,1,burst,498,0.14258299999983137,7
0,1,burst,499,0.12933299999986048,7
0,1,burst,500,0.2330410000001848,7
0,1,burst,501,0.21045799999978954,7
0,1,burst,502,0.2206659999999374,7
0,1,burst,503,0.14541600000006838,7
0,1,burst,504,0.15133300000002237,7
0,1,burst,505,0.13400000000001455,7
0,1,burst,506,0.14304200000015044,7
0,1,burst,507,0.1353750000000673,7
0,1,burst,508,0.13233400000012807,7
0,1,burst,509,0.1278749999999036,7
0,1,burst,510,0.14720899999997528,7
0,1,burst,511,0.13254100000017388,7
0,1,burst,512,0.1334999999999127,7
0,1,burst,513,0.14254200000004857,7
0,1,burst,514,0.13120900000012625,7
0,1,burst,515,0.12770899999986796,7
0,1,burst,516,0.1331249999998363,7
0,1,burst,517,0.12824999999998,7
0,1,burst,518,0.12874999999985448,7
0,1,burst,519,0.13508299999989504,7
0,1,burst,520,0.13345800000001873,7
0,1,burst,521,0.1337909999999738,7
0,1,burst,522,0.12929099999996652,7
0,1,burst,523,44.373582999999826,7
0,1,burst,524,0.19437500000003638,7
0,1,burst,525,0.12891700000000128,7
0,1,burst,526,0.131291999999803,7
0,1,burst,527,0.12337499999989632,7
0,1,burst,528,0.16945899999996072,7
0,1,burst,529,0.7397090000001754,7
0,1,burst,530,0.3317500000000564,7
0,1,burst,531,0.1364579999999478,7
0,1,burst,532,0.17124999999987267,7
0,1,burst,533,0.12504100000001017,7
0,1,burst,534,0.13374999999996362,7
0,1,burst,535,0.13841600000000653,7
0,1,burst,536,0.1262499999997999,7
0,1,burst,537,0.21941599999991013,7
0,1,burst,538,0.13724999999999454,7
0,1,burst,539,0.1253750000000764,7
0,1,burst,540,0.13245800000004238,7
0,1,burst,541,0.12479199999984303,7
0,1,burst,542,0.12704199999984667,7
0,1,burst,543,0.13395799999989322,7
0,1,burst,544,0.328125,7
0,1,burst,545,0.13850000000002183,7
0,1,burst,546,0.12770800000021154,7
0,1,burst,547,0.12658300000020972,7
0,1,burst,548,0.13799999999991996,7
0,1,burst,549,0.1273750000000291,7
0,1,burst,550,0.12391600000000835,7
0,1,burst,551,0.17470800000000963,7
0,1,burst,552,0.13658299999997325,7
0,1,burst,553,0.08691699999985758,7
0,1,burst,554,0.08241599999996652,7
0,1,burst,555,0.07849999999984902,7
0,1,burst,556,0.07620799999995143,7
0,1,burst,557,0.07937500000002728,7
0,1,burst,558,0.07974999999987631,7
0,1,burst,559,0.07862499999987449,7
0,1,burst,560,0.07504199999993943,7
0,1,burst,561,0.07983300000000781,7
0,1,burst,562,0.07470800000010058,7
0,1,burst,563,0.07854100000008657,7
0,1,burst,564,0.07641700000021956,7
0,1,burst,565,0.07545900000013717,7
0,1,burst,566,0.07866699999999582,7
0,1,burst,567,0.07558300000005147,7
0,1,burst,568,0.07974999999987631,7
0,1,burst,569,0.09249999999997272,7
0,1,burst,570,0.07329199999981029,7
0,1,burst,571,0.07291700000018864,7
0,1,burst,572,0.07487500000002001,7
0,1,burst,573,0.07945900000004258,7
0,1,burst,574,0.07195899999987887,7
0,1,burst,575,0.07383400000003348,7
0,1,burst,576,0.07237499999996544,7
0,1,burst,577,0.08224999999993088,7
0,1,burst,578,0.07570800000007694,7
0,1,burst,579,0.07391599999982645,7
0,1,burst,580,0.07320800000002237,7
0,1,burst,581,0.07625000000007276,7
0,1,burst,582,0.07670800000005329,7
0,1,burst,583,0.07875000000012733,7
0,1,burst,584,0.07204200000001038,7
0,1,burst,585,0.0756659999999556,7
0,1,burst,586,0.07908300000008239,7
0,1,burst,587,0.08270799999991141,7
0,1,burst,588,0.07716699999991761,7
0,1,burst,589,0.07587499999999636,7
0,1,burst,590,0.07345799999984592,7
0,1,burst,591,0.07349999999996726,7
0,1,burst,592,0.07437500000014552,7
0,1,burst,593,0.07420799999999872,7
0,1,burst,594,0.06729199999995217,7
0,1,burst,595,0.06941699999993034,7
0,1,burst,596,0.06770799999981136,7
0,1,burst,597,0.07241599999997561,7
0,1,burst,598,0.06841699999995399,7
0,1,burst,599,0.06962499999985994,7
0,1,burst,600,0.06862499999988358,7
0,1,burst,601,0.06958299999996598,7
0,1,burst,602,0.06816600000001927,7
0,1,burst,603,0.07370799999989686,7
0,1,burst,604,0.0674579999999878,7
0,1,burst,605,0.06895800000006602,7
0,1,burst,606,0.078708000000006,7
0,1,burst,607,0.06791599999996834,7
0,1,burst,608,0.06733299999996234,7
0,1,burst,609,0.06733299999996234,7
0,1,burst,610,0.06729199999995217,7
0,1,burst,611,0.06745900000009897,7
0,1,burst,612,0.06687499999998181,7
0,1,burst,613,0.06887500000016189,7
0,1,burst,614,0.06725000000005821,7
0,1,burst,615,0.06891700000005585,7
0,1,burst,616,0.06916599999999562,7
0,1,burst,617,0.0650829999999587,7
0,1,burst,618,0.06933300000014242,7
0,1,burst,619,0.06591699999989942,7
0,1,burst,620,0.07108400000015536,7
0,1,burst,621,0.06620899999984431,7
0,1,burst,622,0.06583399999999529,7
0,1,burst,623,0.06870900000012625,7
0,1,burst,624,0.07333399999993162,7
0,1,burst,625,0.07008399999995163,7
0,1,burst,626,0.07320900000013353,7
0,1,burst,627,0.06674999999995634,7
0,1,burst,628,0.07170799999994415,7
0,1,burst,629,0.06766700000002857,7
0,1,burst,630,0.06899999999995998,7
0,1,burst,631,0.0674579999999878,7
0,1,burst,632,11.57162500000004,7
0,1,burst,633,0.08637500000008913,7
0,1,burst,634,0.0811670000000504,7
0,1,burst,635,29.517707999999857,7
0,1,burst,636,0.11870799999996962,7
0,1,burst,637,0.06441700000004857,7
0,1,burst,638,0.06562499999995453,7
0,1,burst,639,0.06087499999989632,7
0,1,burst,640,0.06091599999990649,7
0,1,burst,641,0.05645800000002055,7
0,1,burst,642,0.05787499999996726,7
0,1,burst,643,0.056207999999969616,7
0,1,burst,644,0.05999999999994543,7
0,1,burst,645,0.07658300000002782,7
0,1,burst,646,0.05629099999987375,7
0,1,burst,647,0.05704199999991033,7
0,1,burst,648,0.057542000000012195,7
0,1,burst,649,0.05833299999994779,7
0,1,burst,650,0.05587500000001455,7
0,1,burst,651,0.057792000000063126,7
0,1,burst,652,0.054291000000148415,7
0,1,burst,653,0.06162500000004911,7
0,1,burst,654,0.0574579999999969,7
0,1,burst,655,0.05774999999994179,7
0,1,burst,656,0.05420900000012807,7
0,1,burst,657,0.055250000000114596,7
0,1,burst,658,0.05625000000009095,7
0,1,burst,659,0.05774999999994179,7
0,1,burst,660,0.056166999999959444,7
0,1,burst,661,0.05537500000014006,7
0,1,burst,662,0.05700000000001637,7
0,1,burst,663,0.07024999999998727,7
0,1,burst,664,0.05645800000002055,7
0,1,burst,665,0.05458299999986593,7
0,1,burst,666,0.054124999999885404,7
0,1,burst,667,0.0574579999999969,7
0,1,burst,668,0.055041000000073836,7
0,1,burst,669,0.0705000000000382,7
0,1,burst,670,0.05754099999990103,7
0,1,burst,671,0.055582999999842286,7
0,1,burst,672,0.05833299999994779,7
0,1,burst,673,0.05537499999991269,7
0,1,burst,674,0.055541999999832115,7
0,1,burst,675,0.05583400000000438,7
0,1,burst,676,0.05604200000016135,7
0,1,burst,677,0.06349999999997635,7
0,1,burst,678,0.05625000000009095,7
0,1,burst,679,0.05683399999998073,7
0,1,burst,680,0.05533399999990252,7
0,1,burst,681,0.05625000000009095,7
0,1,burst,682,0.05674999999996544,7
0,1,burst,683,0.05966699999999037,7
0,1,burst,684,0.054500000000189175,7
0,1,burst,685,0.05649999999991451,7
0,1,burst,686,0.05570799999986775,7
0,1,burst,687,0.05533300000001873,7
0,1,burst,688,0.05708300000014788,7
0,1,burst,689,0.055540999999948326,7
0,1,burst,690,0.05591699999990851,7
0,1,burst,691,0.05650000000014188,7
0,1,burst,692,0.06024999999999636,7
0,1,burst,693,0.056375000000116415,7
0,1,burst,694,0.0576659999999265,7
0,1,burst,695,0.058250000000043656,7
0,1,burst,696,84.53500000000008,7
0,1,burst,697,0.21708300000000236,7
0,1,burst,698,0.15258300000004965,7
0,1,burst,699,0.13875000000007276,7
0,1,burst,700,0.14316599999983737,7
0,1,burst,701,0.15404100000000653,7
0,1,burst,702,0.1335830000000442,7
0,1,burst,703,0.13125000000013642,7
0,1,burst,704,0.13449999999988904,7
0,1,burst,705,0.13483399999995527,7
0,1,burst,706,0.1350840000000062,7
0,1,burst,707,0.13295799999991686,7
0,1,burst,708,0.13450000000011642,7
0,1,burst,709,0.12683300000003328,7
0,1,burst,710,0.13637500000004366,7
0,1,burst,711,0.12908300000003692,7
0,1,burst,712,0.13216699999998127,7
0,1,burst,713,0.12708299999985684,7
0,1,burst,714,0.1353750000000673,7
0,1,burst,715,0.1297500000000582,7
0,1,burst,716,0.12837500000000546,7
0,1,burst,717,0.12483300000008057,7
0,1,burst,718,0.13420799999994415,7
0,1,burst,719,0.13320900000007896,7
0,1,burst,720,0.14345800000000963,7
0,1,burst,721,0.13641600000005383,7
0,1,burst,722,0.13004099999989194,7
0,1,burst,723,0.13770800000020245,7
0,1,burst,724,0.1378749999998945,7
0,1,burst,725,0.13462500000014188,7
0,1,burst,726,0.13249999999993634,7
0,1,burst,727,0.13170799999988958,7
0,1,burst,728,0.12958400000002257,7
0,1,burst,729,0.12691700000004857,7
0,1,burst,730,0.1330830000001697,7
0,1,burst,731,0.12762500000008004,7
0,1,burst,732,0.13270799999986593,7
0,1,burst,733,0.12466599999993377,7
0,1,burst,734,0.13858300000015333,7
0,1,burst,735,0.12637500000005275,7
0,1,burst,736,0.1295420000001286,7
0,1,burst,737,0.14858300000014424,7
0,1,burst,738,0.1401250000001255,7
0,1,burst,739,0.13891699999999219,7
0,1,burst,740,0.12545799999998053,7
0,1,burst,741,0.13750000000004547,7
0,1,burst,742,0.13149999999995998,7
0,1,burst,743,0.13154099999997015,7
0,1,burst,744,0.12804099999993923,7
0,1,burst,745,0.1399579999999787,7
0,1,burst,746,0.12437499999987267,7
0,1,burst,747,0.13962500000002365,7
0,1,burst,748,0.13879199999996672,7
0,1,burst,749,0.14187500000002728,7
0,1,burst,750,0.12904100000014296,7
0,1,burst,751,0.125583000000006,7
0,1,burst,752,0.13204100000007202,7
0,1,burst,753,0.13591599999995196,7
0,1,burst,754,0.1458749999999327,7
0,1,burst,755,0.14429199999995035,7
0,1,burst,756,0.1313750000001619,7
0,1,burst,757,0.13916700000004312,7
0,1,burst,758,0.12987500000008367,7
0,1,burst,759,0.1349999999999909,7
0,1,burst,760,0.13695899999993344,7
0,1,burst,761,0.13137499999993452,7
0,1,burst,762,0.13237500000013824,7
0,1,burst,763,0.12754199999994853,7
0,1,burst,764,0.13554199999998673,7
0,1,burst,765,0.1386250000000473,7
0,1,burst,766,0.12883400000009715,7
0,1,burst,767,0.12845900000002075,7
0,1,burst,768,0.1359580000000733,7
0,1,burst,769,0.13291700000013407,7
0,1,burst,770,0.12712499999997817,7
0,1,burst,771,0.13149999999995998,7
0,1,burst,772,0.12912499999993088,7
0,1,burst,773,0.1366249999998672,7
0,1,burst,774,0.14087499999982356,7
0,1,burst,775,0.1270830000000842,7
0,1,burst,776,0.1348750000001928,7
0,1,burst,777,0.13524999999981446,7
0,1,burst,778,0.13591699999983575,7
0,1,burst,779,0.13437499999986358,7
0,1,burst,780,0.13541699999996126,7
0,1,burst,781,0.17525000000000546,7
0,1,burst,782,64.659042,7
0,1,burst,783,1.0080840000000535,7
0,1,burst,784,0.11212499999987813,7
0,1,burst,785,0.06508399999984249,7
0,1,burst,786,0.059166000000004715,7
0,1,burst,787,0.05516699999998309,7
0,1,burst,788,0.24387499999988904,7
0,1,burst,789,0.17020800000000236,7
0,1,burst,790,0.07183299999996962,7
0,1,burst,791,0.057792000000063126,7
0,1,burst,792,0.06612500000005639,7
0,1,burst,793,0.05562499999996362,7
0,1,burst,794,0.060124999999970896,7
0,1,burst,795,0.05399999999985994,7
0,1,burst,796,0.10683300000005147,7
0,1,burst,797,0.12070900000003348,7
0,1,burst,798,0.12320799999997689,7
0,1,burst,799,0.1173750000000382,7
0,1,burst,800,0.12675000000012915,7
0,1,burst,801,0.45183300000007875,7
0,1,burst,802,0.19991699999991397,7
0,1,burst,803,0.06337500000017826,7
0,1,burst,804,0.7966249999999491,7
0,1,burst,805,0.6934579999999642,7
0,1,burst,806,1.1767079999999623,7
0,1,burst,807,0.1826659999999265,7
0,1,burst,808,0.1554999999998472,7
0,1,burst,809,0.15933300000006057,7
0,1,burst,810,0.1782500000001619,7
0,1,burst,811,0.146125000000211,7
0,1,burst,812,59.66033400000015,7
0,1,burst,813,3.342832999999928,7
0,1,burst,814,0.23208299999987503,7
0,1,burst,815,0.17470899999989342,7
0,1,burst,816,0.15295900000000984,7
0,1,burst,817,0.15037499999993997,7
0,1,burst,818,0.14579200000002857,7
0,1,burst,819,4.723624999999856,7
0,1,burst,820,0.19337500000006003,7
0,1,burst,821,0.14762499999983447,7
0,1,burst,822,0.1385419999999158,7
0,1,burst,823,0.13291700000013407,7
0,1,burst,824,0.1273750000000291,7
0,1,burst,825,0.12837500000000546,7
0,1,burst,826,0.13037499999995816,7
0,1,burst,827,0.13999999999987267,7
0,1,burst,828,1.1607919999999012,7
0,1,burst,829,0.4032079999999496,7
0,1,burst,830,0.1671249999999418,7
0,1,burst,831,0.16533400000002985,7
0,1,burst,832,0.1326249999999618,7
0,1,burst,833,0.14116699999999582,7
0,1,burst,834,0.13479099999995015,7
0,1,burst,835,0.14533299999993687,7
0,1,burst,836,0.12787500000013097,7
0,1,burst,837,0.13112499999988358,7
0,1,burst,838,0.1324170000000322,7
0,1,burst,839,0.13066699999990306,7
0,1,burst,840,0.12766700000020137,7
0,1,burst,841,0.12762500000008004,7
0,1,burst,842,0.13374999999996362,7
0,1,burst,843,0.12779199999999946,7
0,1,burst,844,0.12674999999990177,7
0,1,burst,845,0.1267920000000231,7
0,1,burst,846,0.1305409999999938,7
0,1,burst,847,0.12716599999998834,7
0,1,burst,848,0.1432079999999587,7
0,1,burst,849,0.12954199999990124,7
0,1,burst,850,0.1299579999999878,7
0,1,burst,851,0.14020800000002964,7
0,1,burst,852,0.12995900000009897,7
0,1,burst,853,0.12695800000005875,7
0,1,burst,854,0.12974999999983083,7
0,1,burst,855,0.12579200000004676,7
0,1,burst,856,0.125583000000006,7
0,1,burst,857,0.12683300000003328,7
0,1,burst,858,0.12816700000007586,7
0,1,burst,859,0.12437500000010004,7
0,1,burst,860,0.12199999999984357,7
0,1,burst,861,0.13087500000006003,7
0,1,burst,862,0.12654199999997218,7
0,1,burst,863,0.12400000000002365,7
0,1,burst,864,0.12912499999993088,7
0,1,burst,865,0.1260419999998703,7
0,1,burst,866,0.1478749999998854,7
0,1,burst,867,0.12504100000001017,7
0,1,burst,868,0.12566599999991013,7
0,1,burst,869,0.12845800000013696,7
0,1,burst,870,0.12608300000010786,7
0,1,burst,871,0.12354200000004312,7
0,1,burst,872,0.12324999999987085,7
0,1,burst,873,0.12858299999993505,7
0,1,burst,874,0.12395800000012969,7
0,1,burst,875,0.1344169999999849,7
0,1,burst,876,0.13066700000013043,7
0,1,burst,877,0.12612500000000182,7
0,1,burst,878,0.12625000000002728,7
0,1,burst,879,0.12391700000011951,7
0,1,burst,880,0.12691700000004857,7
0,1,burst,881,0.1294589999999971,7
0,1,burst,882,0.125583000000006,7
0,1,burst,883,0.12287500000002183,7
0,1,burst,884,0.1295829999999114,7
0,1,burst,885,0.12629100000003746,7
0,1,burst,886,0.1265410000000884,7
0,1,burst,887,0.12291699999991579,7
0,1,burst,888,0.12162499999999454,7
0,1,burst,889,0.12612500000000182,7
0,1,burst,890,0.12354099999993196,7
0,1,burst,891,0.12416600000005928,7
0,1,burst,892,0.12629100000003746,7
0,1,burst,893,0.12708299999985684,7
0,1,burst,894,0.13175000000001091,7
0,1,burst,895,0.12687499999992724,7
0,1,burst,896,0.12295800000015333,7
0,1,burst,897,0.12704099999996288,7
0,1,burst,898,0.1225409999999556,7
0,1,burst,899,0.12383300000010422,7
0,1,burst,900,0.12512500000002547,7
0,1,burst,901,0.12570800000003146,7
0,1,burst,902,0.12908300000003692,7
0,1,burst,903,0.12470900000016627,7
0,1,burst,904,0.13737500000002,7
0,1,burst,905,0.13816700000006676,7
0,1,burst,906,0.1250840000000153,7
0,1,burst,907,0.12533299999995506,7
0,1,burst,908,0.12483300000008057,7
0,1,burst,909,0.13195900000005167,7
0,1,burst,910,0.12845800000013696,7
0,1,burst,911,0.12437499999987267,7
0,1,burst,912,0.12708299999985684,7
0,1,burst,913,0.12487499999997453,7
0,1,burst,914,0.12433299999997871,7
0,1,burst,915,0.1258749999999509,7
0,1,burst,916,0.1273750000000291,7
0,1,burst,917,0.12316599999985556,7
0,1,burst,918,0.12420799999995324,7
0,1,burst,919,0.12245899999993526,7
0,1,burst,920,0.13216699999998127,7
0,1,burst,921,0.12258300000007694,7
0,1,burst,922,0.12466599999993377,7
0,1,burst,923,0.12358399999993708,7
0,1,burst,924,0.13029199999982666,7
0,1,burst,925,0.1224579999998241,7
0,1,burst,926,0.1421660000000884,7
0,1,burst,927,0.12579200000004676,7
0,1,burst,928,0.12537499999984902,7
0,1,burst,929,0.12474999999994907,7
0,1,burst,930,0.12295799999992596,7
0,1,burst,931,40.142875000000004,7
0,1,burst,932,28.140125000000126,7
0,1,burst,933,5.377709000000095,7
0,1,burst,934,0.09537499999987631,7
0,1,burst,935,0.07829199999991943,7
0,1,burst,936,0.08424999999988358,7
0,1,burst,937,0.07458300000007512,7
0,1,burst,938,0.0859170000001086,7
0,1,burst,939,0.07737500000007458,7
0,1,burst,940,0.07674999999994725,7
0,1,burst,941,11.134708000000046,7
0,1,burst,942,0.13654199999996308,7
0,1,burst,943,5.0833339999999225,7
0,1,burst,944,0.15924999999992906,7
0,1,burst,945,0.12708299999985684,7
0,1,burst,946,4.044208000000026,7
0,1,burst,947,0.09600000000000364,7
0,1,burst,948,0.08362499999998363,7
0,1,burst,949,0.077541999999994,7
0,1,burst,950,0.07720799999992778,7
0,1,burst,951,0.07787499999994907,7
0,1,burst,952,0.07529199999999037,7
0,1,burst,953,0.07712500000002365,7
0,1,burst,954,0.1124170000000504,7
0,1,burst,955,0.14120900000011716,7
0,1,burst,956,0.12891700000000128,7
0,1,burst,957,0.12674999999990177,7
0,1,burst,958,0.12833399999999529,7
0,1,burst,959,0.13112499999988358,7
0,1,burst,960,0.1264169999999467,7
0,1,burst,961,0.12366699999984121,7
0,1,burst,962,0.12579199999981938,7
0,1,burst,963,0.13829099999998107,7
0,1,burst,964,0.13058299999988776,7
0,1,burst,965,0.12466700000004494,7
0,1,burst,966,0.12608399999999165,7
0,1,burst,967,0.0861250000000382,7
0,1,burst,968,0.07291700000018864,7
0,1,burst,969,0.07270900000003166,7
0,1,burst,970,0.07245899999998073,7
0,1,burst,971,0.07425000000012005,7
0,1,burst,972,0.0738330000001497,7
0,1,burst,973,0.07220800000004601,7
0,1,burst,974,0.1333750000001146,7
0,1,burst,975,0.1273750000000291,7
0,1,burst,976,0.12337500000012369,7
0,1,burst,977,0.12320799999997689,7
0,1,burst,978,0.12745799999993324,7
0,1,burst,979,0.12595799999985502,7
0,1,burst,980,0.12562499999989996,7
0,1,burst,981,0.09445800000003146,7
0,1,burst,982,0.07208300000002055,7
0,1,burst,983,0.07329200000003766,7
0,1,burst,984,0.07233399999995527,7
0,1,burst,985,0.0724999999999909,7
0,1,burst,986,0.0734580000000733,7
0,1,burst,987,0.07304199999998673,7
0,1,burst,988,0.07358399999998255,7
0,1,burst,989,0.07270900000003166,7
0,1,burst,990,0.07424999999989268,7
0,1,burst,991,0.0835829999998623,7
0,1,burst,992,0.10466700000006313,7
0,1,burst,993,0.1246249999999236,7
0,1,burst,994,0.1242499999998472,7
0,1,burst,995,0.12508299999990413,7
0,1,burst,996,0.12470800000005511,7
0,1,burst,997,0.12404199999991761,7
0,1,burst,998,0.12420799999995324,7
0,1,burst,999,0.1278749999999036,7
0,2,idle,0,0.003333999999995285,0
0,2,idle,1,0.0022910000000138098,0
0,2,idle,2,0.003916000000117492,0
0,2,idle,3,0.002250000000003638,0
0,2,idle,4,0.0027919999999994616,0
0,2,idle,5,0.002375000000029104,0
0,2,idle,6,0.002250000000003638,0
0,2,idle,7,0.002291999999897598,0
0,2,idle,8,0.002250000000003638,0
0,2,idle,9,0.0027500000001055014,0
0,2,idle,10,0.002292000000124972,0
0,2,idle,11,0.0027090000000953296,0
0,2,idle,12,0.002250000000003638,0
0,2,idle,13,0.0021660000002157176,0
0,2,idle,14,0.0029580000000350992,0
0,2,idle,15,0.002207999999882304,0
0,2,idle,16,0.002250000000003638,0
0,2,idle,17,0.0022910000000138098,0
0,2,idle,18,0.002165999999988344,0
0,2,idle,19,0.0034580000001369626,0
0,2,idle,20,0.0029590000001462613,0
0,2,idle,21,0.003541999999924883,0
0,2,idle,22,0.002207999999882304,0
0,2,idle,23,0.002250000000003638,0
0,2,idle,24,0.003666999999950349,0
0,2,idle,25,0.0029170000000249274,0
0,2,idle,26,0.002459000000044398,0
0,2,idle,27,0.002250000000003638,0
0,2,idle,28,0.002250000000003638,0
0,2,idle,29,0.00437499999998181,0
0,2,idle,30,0.0027499999998781277,0
0,2,idle,31,0.002165999999988344,0
0,2,idle,32,0.002165999999988344,0
0,2,idle,33,0.004500000000007276,0
0,2,idle,34,0.00237499999980173,0
0,2,idle,35,0.0026669999999739957,0
0,2,idle,36,0.002084000000195374,0
0,2,idle,37,0.002457999999933236,0
0,2,idle,38,0.0021669999998721323,0
0,2,idle,39,0.002499999999827196,0
0,2,idle,40,0.002250000000003638,0
0,2,idle,41,0.0028330000000096334,0
0,2,idle,42,0.00204200000007404,0
0,2,idle,43,0.002250000000003638,0
0,2,idle,44,0.0023330000001351436,0
0,2,idle,45,0.0020839999999680003,0
0,2,idle,46,0.0027919999999994616,0
0,2,idle,47,0.002167000000099506,0
0,2,idle,48,0.002250000000003638,0
0,2,idle,49,0.002084000000195374,0
0,2,idle,50,0.002208000000109678,0
0,2,idle,51,0.0027079999999841675,0
0,2,idle,52,0.002207999999882304,0
0,2,idle,53,0.002165999999988344,0
0,2,idle,54,0.003290999999990163,0
0,2,idle,55,0.002207999999882304,0
0,2,idle,56,0.0037090000000716827,0
0,2,idle,57,0.025417000000061307,0
0,2,idle,58,0.0025829999999587017,0
0,2,idle,59,0.00254199999994853,0
0,2,idle,60,0.002292000000124972,0
0,2,idle,61,0.0031249999999545253,0
0,2,idle,62,0.002208999999993466,0
0,2,idle,63,0.0024170000001504377,0
0,2,idle,64,0.002208000000109678,0
0,2,idle,65,0.002250000000003638,0
0,2,idle,66,0.002083000000084212,0
0,2,idle,67,0.003499999999803549,0
0,2,idle,68,0.002291999999897598,0
0,2,idle,69,0.002416999999923064,0
0,2,idle,70,0.002459000000044398,0
0,2,idle,71,0.002208000000109678,0
0,2,idle,72,0.0029159999999137654,0
0,2,idle,73,0.0027079999999841675,0
0,2,idle,74,0.002207999999882304,0
0,2,idle,75,0.002167000000099506,0
0,2,idle,76,0.0021660000002157176,0
0,2,idle,77,0.002708000000211541,0
0,2,idle,78,0.0020839999999680003,0
0,2,idle,79,0.002291999999897598,0
0,2,idle,80,0.002124999999978172,0
0,2,idle,81,0.002250000000003638,0
0,2,idle,82,0.0027500000001055014,0
0,2,idle,83,0.002124999999978172,0
0,2,idle,84,0.002083000000084212,0
0,2,idle,85,0.002124999999978172,0
0,2,idle,86,0.002124999999978172,0
0,2,idle,87,0.004750000000058208,0
0,2,idle,88,0.003582999999935055,0
0,2,idle,89,0.00233299999990777,0
0,2,idle,90,0.0021669999998721323,0
0,2,idle,91,0.002334000000018932,0
0,2,idle,92,0.002207999999882304,0
0,2,idle,93,0.0027499999998781277,0
0,2,idle,94,0.002208999999993466,0
0,2,idle,95,0.004250000000183718,0
0,2,idle,96,0.002375000000029104,0
0,2,idle,97,0.0022910000000138098,0
0,2,idle,98,0.0027499999998781277,0
0,2,idle,99,0.002291999999897598,0
0,2,idle,100,0.002375000000029104,0
0,2,idle,101,0.002167000000099506,0
0,2,idle,102,0.002208000000109678,0
0,2,idle,103,0.0027909999998882995,0
0,2,idle,104,0.002124999999978172,0
0,2,idle,105,0.002207999999882304,0
0,2,idle,106,0.002124999999978172,0
0,2,idle,107,0.0020829999998568383,0
0,2,idle,108,0.002083000000084212,0
0,2,idle,109,0.0027090000000953296,0
0,2,idle,110,0.002208000000109678,0
0,2,idle,111,0.002165999999988344,0
0,2,idle,112,0.0020829999998568383,0
0,2,idle,113,0.0021669999998721323,0
0,2,idle,114,0.002624999999852662,0
0,2,idle,115,0.002250000000003638,0
0,2,idle,116,0.002250000000003638,0
0,2,idle,117,0.002124999999978172,0
0,2,idle,118,0.002083000000084212,0
0,2,idle,119,0.003417000000126791,0
0,2,idle,120,0.002250000000003638,0
0,2,idle,121,0.003332999999884123,0
0,2,idle,122,0.002250000000003638,0
0,2,idle,123,0.0024170000001504377,0
0,2,idle,124,0.002124999999978172,0
0,2,idle,125,0.0027499999998781277,0
0,2,idle,126,0.0023330000001351436,0
0,2,idle,127,0.002124999999978172,0
0,2,idle,128,0.002124999999978172,0
0,2,idle,129,0.0021669999998721323,0
0,2,idle,130,0.0027500000001055014,0
0,2,idle,131,0.0029170000000249274,0
0,2,idle,132,0.0021669999998721323,0
0,2,idle,133,0.0021669999998721323,0
0,2,idle,134,0.0027499999998781277,0
0,2,idle,135,0.002624999999852662,0
0,2,idle,136,0.0021669999998721323,0
0,2,idle,137,0.002334000000018932,0
0,2,idle,138,0.002292000000124972,0
0,2,idle,139,0.002208000000109678,0
0,2,idle,140,0.0026660000000902073,0
0,2,idle,141,0.002083000000084212,0
0,2,idle,142,0.002334000000018932,0
0,2,idle,143,0.0021669999998721323,0
0,2,idle,144,0.002124999999978172,0
0,2,idle,145,0.002207999999882304,0
0,2,idle,146,0.0026669999999739957,0
0,2,idle,147,0.002167000000099506,0
0,2,idle,148,0.002167000000099506,0
0,2,idle,149,0.0029170000000249274,0
0,2,idle,150,0.0030419999998230196,0
0,2,idle,151,0.0031249999999545253,0
0,2,idle,152,0.002124999999978172,0
0,2,idle,153,0.002124999999978172,0
0,2,idle,154,0.002207999999882304,0
0,2,idle,155,0.0027079999999841675,0
0,2,idle,156,0.0027079999999841675,0
0,2,idle,157,0.002208000000109678,0
0,2,idle,158,0.002124999999978172,0
0,2,idle,159,0.002250000000003638,0
0,2,idle,160,0.002290999999786436,0
0,2,idle,161,0.0028330000000096334,0
0,2,idle,162,0.002208999999993466,0
0,2,idle,163,0.0023330000001351436,0
0,2,idle,164,0.002124999999978172,0
0,2,idle,165,0.002083000000084212,0
0,2,idle,166,0.002124999999978172,0
0,2,idle,167,0.0028330000000096334,0
0,2,idle,168,0.002250000000003638,0
0,2,idle,169,0.002250000000003638,0
0,2,idle,170,0.002165999999988344,0
0,2,idle,171,0.002040999999962878,0
0,2,idle,172,0.0026250000000800355,0
0,2,idle,173,0.00204200000007404,0
0,2,idle,174,0.002292000000124972,0
0,2,idle,175,0.002291999999897598,0
0,2,idle,176,0.002208999999993466,0
0,2,idle,177,0.0027919999999994616,0
0,2,idle,178,0.002124999999978172,0
0,2,idle,179,0.0023330000001351436,0
0,2,idle,180,0.002207999999882304,0
0,2,idle,181,0.002124999999978172,0
0,2,idle,182,0.024167000000034022,0
0,2,idle,183,0.0027079999999841675,0
0,2,idle,184,0.002207999999882304,0
0,2,idle,185,0.002375000000029104,0
0,2,idle,186,0.0022910000000138098,0
0,2,idle,187,0.002124999999978172,0
0,2,idle,188,0.003917000000001281,0
0,2,idle,189,0.002208000000109678,0
0,2,idle,190,0.002250000000003638,0
0,2,idle,191,0.002208999999993466,0
0,2,idle,192,0.002124999999978172,0
0,2,idle,193,0.0027500000001055014,0
0,2,idle,194,0.0022910000000138098,0
0,2,idle,195,0.002250000000003638,0
0,2,idle,196,0.002375000000029104,0
0,2,idle,197,0.002165999999988344,0
0,2,idle,198,0.0028330000000096334,0
0,2,idle,199,0.002124999999978172,0
0,2,idle,200,0.002207999999882304,0
0,2,idle,201,0.0030839999999443535,0
0,2,idle,202,0.0022499999997762643,0
0,2,idle,203,0.003584000000046217,0
0,2,idle,204,0.0021669999998721323,0
0,2,idle,205,0.0021669999998721323,0
0,2,idle,206,0.002291999999897598,0
0,2,idle,207,0.002208999999993466,0
0,2,idle,208,0.002167000000099506,0
0,2,idle,209,0.0027499999998781277,0
0,2,idle,210,0.0020839999999680003,0
0,2,idle,211,0.0028330000000096334,0
0,2,idle,212,0.002250000000003638,0
0,2,idle,213,0.0026669999999739957,0
0,2,idle,214,0.0030420000000503933,0
0,2,idle,215,0.002292000000124972,0
0,2,idle,216,0.002708999999867956,0
0,2,idle,217,0.002083000000084212,0
0,2,idle,218,0.002250000000003638,0
0,2,idle,219,0.007542000000057669,0
0,2,idle,220,0.008125000000063665,0
0,2,idle,221,0.0025410000000647415,0
0,2,idle,222,0.0026250000000800355,0
0,2,idle,223,0.002208000000109678,0
0,2,idle,224,0.0022910000000138098,0
0,2,idle,225,0.002791000000115673,0
0,2,idle,226,0.0023330000001351436,0
0,2,idle,227,0.0020829999998568383,0
0,2,idle,228,0.002291999999897598,0
0,2,idle,229,0.0020839999999680003,0
0,2,idle,230,0.0027079999999841675,0
0,2,idle,231,0.002165999999988344,0
0,2,idle,232,0.0022910000000138098,0
0,2,idle,233,0.002124999999978172,0
0,2,idle,234,0.002167000000099506,0
0,2,idle,235,0.0027919999999994616,0
0,2,idle,236,0.0021669999998721323,0
0,2,idle,237,0.002250000000003638,0
0,2,idle,238,0.002083000000084212,0
0,2,idle,239,0.002124999999978172,0
0,2,idle,240,0.0027919999999994616,0
0,2,idle,241,0.0031669999998484855,0
0,2,idle,242,0.0025829999999587017,0
0,2,idle,243,0.002167000000099506,0
0,2,idle,244,0.002167000000099506,0
0,2,idle,245,0.0027079999999841675,0
0,2,idle,246,0.003040999999939231,0
0,2,idle,247,0.002375000000029104,0
0,2,idle,248,0.002124999999978172,0
0,2,idle,249,0.0024170000001504377,0
0,2,idle,250,0.0019999999999527063,0
0,2,idle,251,0.002791000000115673,0
0,2,idle,252,0.002375000000029104,0
0,2,idle,253,0.002084000000195374,0
0,2,idle,254,0.004707999999936874,0
0,2,idle,255,0.0029999999999290594,0
0,2,idle,256,0.0027499999998781277,0
0,2,idle,257,0.0021669999998721323,0
0,2,idle,258,0.002291999999897598,0
0,2,idle,259,0.0020839999999680003,0
0,2,idle,260,0.002208999999993466,0
0,2,idle,261,0.0026250000000800355,0
0,2,idle,262,0.002165999999988344,0
0,2,idle,263,0.002165999999988344,0
0,2,idle,264,0.002124999999978172,0
0,2,idle,265,0.002250000000003638,0
0,2,idle,266,0.002250000000003638,0
0,2,idle,267,0.0027500000001055014,0
0,2,idle,268,0.0026659999998628336,0
0,2,idle,269,0.002208000000109678,0
0,2,idle,270,0.0020839999999680003,0
0,2,idle,271,0.002250000000003638,0
0,2,idle,272,0.0027500000001055014,0
0,2,idle,273,0.0027919999999994616,0
0,2,idle,274,0.002250000000003638,0
0,2,idle,275,0.002208000000109678,0
0,2,idle,276,0.0025840000000698637,0
0,2,idle,277,0.0027919999999994616,0
0,2,idle,278,0.002291999999897598,0
0,2,idle,279,0.002250000000003638,0
0,2,idle,280,0.002375000000029104,0
0,2,idle,281,0.002124999999978172,0
0,2,idle,282,0.003375000000005457,0
0,2,idle,283,0.002250000000003638,0
0,2,idle,284,0.002250000000003638,0
0,2,idle,285,0.002125000000205546,0
0,2,idle,286,0.002290999999786436,0
0,2,idle,287,0.002208000000109678,0
0,2,idle,288,0.0025830000001860753,0
0,2,idle,289,0.0028339999998934218,0
0,2,idle,290,0.002167000000099506,0
0,2,idle,291,0.002250000000003638,0
0,2,idle,292,0.002124999999978172,0
0,2,idle,293,0.0026660000000902073,0
0,2,idle,294,0.003249999999979991,0
0,2,idle,295,0.002334000000018932,0
0,2,idle,296,0.002291999999897598,0
0,2,idle,297,0.002124999999978172,0
0,2,idle,298,0.0027079999999841675,0
0,2,idle,299,0.002250000000003638,0
0,2,idle,300,0.002375000000029104,0
0,2,idle,301,0.002208999999993466,0
0,2,idle,302,0.00200000000018008,0
0,2,idle,303,0.0027090000000953296,0
0,2,idle,304,0.002292000000124972,0
0,2,idle,305,0.002207999999882304,0
0,2,idle,306,0.002165999999988344,0
0,2,idle,307,0.0025410000000647415,0
0,2,idle,308,0.0027500000001055014,0
0,2,idle,309,0.003167000000075859,0
0,2,idle,310,0.002208999999993466,0
0,2,idle,311,0.002250000000003638,0
0,2,idle,312,0.0025000000000545697,0
0,2,idle,313,0.002167000000099506,0
0,2,idle,314,0.0026250000000800355,0
0,2,idle,315,0.002292000000124972,0
0,2,idle,316,0.002208000000109678,0
0,2,idle,317,0.0022910000000138098,0
0,2,idle,318,0.0021660000002157176,0
0,2,idle,319,0.0026250000000800355,0
0,2,idle,320,0.0020829999998568383,0
0,2,idle,321,0.005083000000013271,0
0,2,idle,322,0.0026670000002013694,0
0,2,idle,323,0.002250000000003638,0
0,2,idle,324,0.002124999999978172,0
0,2,idle,325,0.0027919999999994616,0
0,2,idle,326,0.002375000000029104,0
0,2,idle,327,0.002165999999988344,0
0,2,idle,328,0.002165999999988344,0
0,2,idle,329,0.002207999999882304,0
0,2,idle,330,0.002791000000115673,0
0,2,idle,331,0.002167000000099506,0
0,2,idle,332,0.002416999999923064,0
0,2,idle,333,0.0022910000000138098,0
0,2,idle,334,0.002208000000109678,0
0,2,idle,335,0.0037919999999758147,0
0,2,idle,336,0.002167000000099506,0
0,2,idle,337,0.002250000000003638,0
0,2,idle,338,0.002124999999978172,0
0,2,idle,339,0.0028750000001309672,0
0,2,idle,340,0.0026250000000800355,0
0,2,idle,341,0.002499999999827196,0
0,2,idle,342,0.002291999999897598,0
0,2,idle,343,0.002416999999923064,0
0,2,idle,344,0.002708000000211541,0
0,2,idle,345,0.002125000000205546,0
0,2,idle,346,0.003292000000101325,0
0,2,idle,347,0.002207999999882304,0
0,2,idle,348,0.002208000000109678,0
0,2,idle,349,0.002208999999993466,0
0,2,idle,350,0.002208999999993466,0
0,2,idle,351,0.0026669999999739957,0
0,2,idle,352,0.002334000000018932,0
0,2,idle,353,0.002292000000124972,0
0,2,idle,354,0.0028339999998934218,0
0,2,idle,355,0.0023330000001351436,0
0,2,idle,356,0.0031249999999545253,0
0,2,idle,357,0.002250000000003638,0
0,2,idle,358,0.0020839999999680003,0
0,2,idle,359,0.002375000000029104,0
0,2,idle,360,0.002124999999978172,0
0,2,idle,361,0.002540999999837368,0
0,2,idle,362,0.002250000000003638,0
0,2,idle,363,0.002291999999897598,0
0,2,idle,364,0.0020829999998568383,0
0,2,idle,365,0.002165999999988344,0
0,2,idle,366,0.002165999999988344,0
0,2,idle,367,0.0026250000000800355,0
0,2,idle,368,0.002124999999978172,0
0,2,idle,369,0.002124999999978172,0
0,2,idle,370,0.002124999999978172,0
0,2,idle,371,0.0026250000000800355,0
0,2,idle,372,0.0027090000000953296,0
0,2,idle,373,0.002208000000109678,0
0,2,idle,374,0.0022910000000138098,0
0,2,idle,375,0.002250000000003638,0
0,2,idle,376,0.002167000000099506,0
0,2,idle,377,0.002416999999923064,0
0,2,idle,378,0.002124999999978172,0
0,2,idle,379,0.002375000000029104,0
0,2,idle,380,0.002165999999988344,0
0,2,idle,381,0.0021669999998721323,0
0,2,idle,382,0.0027499999998781277,0
0,2,idle,383,0.002208999999993466,0
0,2,idle,384,0.002250000000003638,0
0,2,idle,385,0.002292000000124972,0
0,2,idle,386,0.0023330000001351436,0
0,2,idle,387,0.0020839999999680003,0
0,2,idle,388,0.005167000000028565,0
0,2,idle,389,0.0026669999999739957,0
0,2,idle,390,0.002167000000099506,0
0,2,idle,391,0.002167000000099506,0
0,2,idle,392,0.005541999999877589,0
0,2,idle,393,0.0025420000001759036,0
0,2,idle,394,0.0025000000000545697,0
0,2,idle,395,0.0022910000000138098,0
0,2,idle,396,0.00233299999990777,0
0,2,idle,397,0.003584000000046217,0
0,2,idle,398,0.00233299999990777,0
0,2,idle,399,0.002208000000109678,0
0,2,idle,400,0.002124999999978172,0
0,2,idle,401,0.002457999999933236,0
0,2,idle,402,0.00416599999994105,0
0,2,idle,403,0.002250000000003638,0
0,2,idle,404,0.0023330000001351436,0
0,2,idle,405,0.00233299999990777,0
0,2,idle,406,0.0027499999998781277,0
0,2,idle,407,0.0026669999999739957,0
0,2,idle,408,0.002250000000003638,0
0,2,idle,409,0.002250000000003638,0
0,2,idle,410,0.002207999999882304,0
0,2,idle,411,0.002124999999978172,0
0,2,idle,412,0.002375000000029104,0
0,2,idle,413,0.0027079999999841675,0
0,2,idle,414,0.002165999999988344,0
0,2,idle,415,0.0024160000000392756,0
0,2,idle,416,0.002250000000003638,0
0,2,idle,417,0.002207999999882304,0
0,2,idle,418,0.0027500000001055014,0
0,2,idle,419,0.002208000000109678,0
0,2,idle,420,0.002167000000099506,0
0,2,idle,421,0.002208000000109678,0
0,2,idle,422,0.002207999999882304,0
0,2,idle,423,0.003375000000005457,0
0,2,idle,424,0.002207999999882304,0
0,2,idle,425,0.0023339999997915584,0
0,2,idle,426,0.0021669999998721323,0
0,2,idle,427,0.0020829999998568383,0
0,2,idle,428,0.0026660000000902073,0
0,2,idle,429,0.002250000000003638,0
0,2,idle,430,0.002291999999897598,0
0,2,idle,431,0.002208999999993466,0
0,2,idle,432,0.002334000000018932,0
0,2,idle,433,0.002250000000003638,0
0,2,idle,434,0.003540999999813721,0
0,2,idle,435,0.002165999999988344,0
0,2,idle,436,0.002165999999988344,0
0,2,idle,437,0.0022910000000138098,0
0,2,idle,438,0.0024160000000392756,0
0,2,idle,439,0.0026659999998628336,0
0,2,idle,440,0.0021669999998721323,0
0,2,idle,441,0.002416999999923064,0
0,2,idle,442,0.002291999999897598,0
0,2,idle,443,0.0021669999998721323,0
0,2,idle,444,0.002624999999852662,0
0,2,idle,445,0.002124999999978172,0
0,2,idle,446,0.002250000000003638,0
0,2,idle,447,0.002083000000084212,0
0,2,idle,448,0.002165999999988344,0
0,2,idle,449,0.0026659999998628336,0
0,2,idle,450,0.002165999999988344,0
0,2,idle,451,0.002208000000109678,0
0,2,idle,452,0.002124999999978172,0
0,2,idle,453,0.002124999999978172,0
0,2,idle,454,0.0027919999999994616,0
0,2,idle,455,0.005499999999983629,0
0,2,idle,456,0.0028749999999035936,0
0,2,idle,457,0.002250000000003638,0
0,2,idle,458,0.002250000000003638,0
0,2,idle,459,0.0028750000001309672,0
0,2,idle,460,0.0027500000001055014,0
0,2,idle,461,0.002292000000124972,0
0,2,idle,462,0.002250000000003638,0
0,2,idle,463,0.0025000000000545697,0
0,2,idle,464,0.002208000000109678,0
0,2,idle,465,0.003292000000101325,0
0,2,idle,466,0.003083000000060565,0
0,2,idle,467,0.002334000000018932,0
0,2,idle,468,0.0027919999999994616,0
0,2,idle,469,0.0029170000000249274,0
0,2,idle,470,0.002708999999867956,0
0,2,idle,471,0.007542000000057669,0
0,2,idle,472,0.002375000000029104,0
0,2,idle,473,0.002165999999988344,0
0,2,idle,474,0.002250000000003638,0
0,2,idle,475,0.002291999999897598,0
0,2,idle,476,0.0026669999999739957,0
0,2,idle,477,0.0023330000001351436,0
0,2,idle,478,0.002125000000205546,0
0,2,idle,479,0.002250000000003638,0
0,2,idle,480,0.002250000000003638,0
0,2,idle,481,0.0028340000001207954,0
0,2,idle,482,0.002208999999993466,0
0,2,idle,483,0.002167000000099506,0
0,2,idle,484,0.002292000000124972,0
0,2,idle,485,0.002124999999978172,0
0,2,idle,486,0.0027919999999994616,0
0,2,idle,487,0.002208999999993466,0
0,2,idle,488,0.002208000000109678,0
0,2,idle,489,0.002250000000003638,0
0,2,idle,490,0.0028750000001309672,0
0,2,idle,491,0.0028330000000096334,0
0,2,idle,492,0.0021669999998721323,0
0,2,idle,493,0.002124999999978172,0
0,2,idle,494,0.002165999999988344,0
0,2,idle,495,0.002207999999882304,0
0,2,idle,496,0.0023339999997915584,0
0,2,idle,497,0.0032919999998739513,0
0,2,idle,498,0.002375000000029104,0
0,2,idle,499,0.0023330000001351436,0
0,2,idle,500,0.002375000000029104,0
0,2,idle,501,0.002167000000099506,0
0,2,idle,502,0.002708999999867956,0
0,2,idle,503,0.002124999999978172,0
0,2,idle,504,0.002124999999978172,0
0,2,idle,505,0.002125000000205546,0
0,2,idle,506,0.0021669999998721323,0
0,2,idle,507,0.0027499999998781277,0
0,2,idle,508,0.00233299999990777,0
0,2,idle,509,0.002459000000044398,0
0,2,idle,510,0.0022499999997762643,0
0,2,idle,511,0.002291999999897598,0
0,2,idle,512,0.0021669999998721323,0
0,2,idle,513,0.0028749999999035936,0
0,2,idle,514,0.002207999999882304,0
0,2,idle,515,0.0021669999998721323,0
0,2,idle,516,0.002291999999897598,0
0,2,idle,517,0.002125000000205546,0
0,2,idle,518,0.0027079999999841675,0
0,2,idle,519,0.002250000000003638,0
0,2,idle,520,0.002207999999882304,0
0,2,idle,521,0.002708999999867956,0
0,2,idle,522,0.004667000000154076,0
0,2,idle,523,0.003167000000075859,0
0,2,idle,524,0.002208000000109678,0
0,2,idle,525,0.002167000000099506,0
0,2,idle,526,0.0020839999999680003,0
0,2,idle,527,0.002250000000003638,0
0,2,idle,528,0.0031249999999545253,0
0,2,idle,529,0.0022910000000138098,0
0,2,idle,530,0.0028750000001309672,0
0,2,idle,531,0.002291999999897598,0
0,2,idle,532,0.0021669999998721323,0
0,2,idle,533,0.002207999999882304,0
0,2,idle,534,0.0028750000001309672,0
0,2,idle,535,0.002375000000029104,0
0,2,idle,536,0.0026669999999739957,0
0,2,idle,537,0.002124999999978172,0
0,2,idle,538,0.002124999999978172,0
0,2,idle,539,0.0027499999998781277,0
0,2,idle,540,0.0022910000000138098,0
0,2,idle,541,0.002083000000084212,0
0,2,idle,542,0.002250000000003638,0
0,2,idle,543,0.002208999999993466,0
0,2,idle,544,0.0027499999998781277,0
0,2,idle,545,0.0021669999998721323,0
0,2,idle,546,0.0020839999999680003,0
0,2,idle,547,0.002207999999882304,0
0,2,idle,548,0.002165999999988344,0
0,2,idle,549,0.0025000000000545697,0
0,2,idle,550,0.002416999999923064,0
0,2,idle,551,0.0021669999998721323,0
0,2,idle,552,0.0020419999998466665,0
0,2,idle,553,0.0020419999998466665,0
0,2,idle,554,0.0021669999998721323,0
0,2,idle,555,0.0025829999999587017,0
0,2,idle,556,0.002124999999978172,0
0,2,idle,557,0.0026250000000800355,0
0,2,idle,558,0.002208999999993466,0
0,2,idle,559,0.002208999999993466,0
0,2,idle,560,0.0030839999999443535,0
0,2,idle,561,0.002291999999897598,0
0,2,idle,562,0.0023330000001351436,0
0,2,idle,563,0.0022910000000138098,0
0,2,idle,564,0.0022910000000138098,0
0,2,idle,565,0.0027499999998781277,0
0,2,idle,566,0.002124999999978172,0
0,2,idle,567,0.002167000000099506,0
0,2,idle,568,0.002250000000003638,0
0,2,idle,569,0.002250000000003638,0
0,2,idle,570,0.0027499999998781277,0
0,2,idle,571,0.002083000000084212,0
0,2,idle,572,0.0022910000000138098,0
0,2,idle,573,0.002124999999978172,0
0,2,idle,574,0.002207999999882304,0
0,2,idle,575,0.002124999999978172,0
0,2,idle,576,0.00254199999994853,0
0,2,idle,577,0.0026669999999739957,0
0,2,idle,578,0.002207999999882304,0
0,2,idle,579,0.0020419999998466665,0
0,2,idle,580,0.0020419999998466665,0
0,2,idle,581,0.0027079999999841675,0
0,2,idle,582,0.002208999999993466,0
0,2,idle,583,0.0028750000001309672,0
0,2,idle,584,0.002208000000109678,0
0,2,idle,585,0.002207999999882304,0
0,2,idle,586,0.0027079999999841675,0
0,2,idle,587,0.002250000000003638,0
0,2,idle,588,0.002250000000003638,0
0,2,idle,589,0.004958999999871594,0
0,2,idle,590,0.0025829999999587017,0
0,2,idle,591,0.003208000000086031,0
0,2,idle,592,0.0030839999999443535,0
0,2,idle,593,0.00233299999990777,0
0,2,idle,594,0.0024160000000392756,0
0,2,idle,595,0.003083000000060565,0
0,2,idle,596,0.002250000000003638,0
0,2,idle,597,0.003250000000207365,0
0,2,idle,598,0.002375000000029104,0
0,2,idle,599,0.002250000000003638,0
0,2,idle,600,0.002291999999897598,0
0,2,idle,601,0.002124999999978172,0
0,2,idle,602,0.0025829999999587017,0
0,2,idle,603,0.0030839999999443535,0
0,2,idle,604,0.002207999999882304,0
0,2,idle,605,0.002208000000109678,0
0,2,idle,606,0.002124999999978172,0
0,2,idle,607,0.0025410000000647415,0
0,2,idle,608,0.002375000000029104,0
0,2,idle,609,0.002208000000109678,0
0,2,idle,610,0.002207999999882304,0
0,2,idle,611,0.0020829999998568383,0
0,2,idle,612,0.002124999999978172,0
0,2,idle,613,0.0027909999998882995,0
0,2,idle,614,0.002291999999897598,0
0,2,idle,615,0.002291999999897598,0
0,2,idle,616,0.002083000000084212,0
0,2,idle,617,0.002165999999988344,0
0,2,idle,618,0.0025829999999587017,0
0,2,idle,619,0.0021669999998721323,0
0,2,idle,620,0.002250000000003638,0
0,2,idle,621,0.002291999999897598,0
0,2,idle,622,0.00233299999990777,0
0,2,idle,623,0.003249999999979991,0
0,2,idle,624,0.0025829999999587017,0
0,2,idle,625,0.002124999999978172,0
0,2,idle,626,0.0023330000001351436,0
0,2,idle,627,0.0020829999998568383,0
0,2,idle,628,0.00258399999984249,0
0,2,idle,629,0.0028749999999035936,0
0,2,idle,630,0.002250000000003638,0
0,2,idle,631,0.002334000000018932,0
0,2,idle,632,0.002208000000109678,0
0,2,idle,633,0.002167000000099506,0
0,2,idle,634,0.0026669999999739957,0
0,2,idle,635,0.002292000000124972,0
0,2,idle,636,0.002250000000003638,0
0,2,idle,637,0.002207999999882304,0
0,2,idle,638,0.0020829999998568383,0
0,2,idle,639,0.0026669999999739957,0
0,2,idle,640,0.002250000000003638,0
0,2,idle,641,0.00233299999990777,0
0,2,idle,642,0.002208000000109678,0
0,2,idle,643,0.00204200000007404,0
0,2,idle,644,0.0025840000000698637,0
0,2,idle,645,0.0026250000000800355,0
0,2,idle,646,0.002250000000003638,0
0,2,idle,647,0.002291999999897598,0
0,2,idle,648,0.0021669999998721323,0
0,2,idle,649,0.0027090000000953296,0
0,2,idle,650,0.00204200000007404,0
0,2,idle,651,0.002167000000099506,0
0,2,idle,652,0.002208999999993466,0
0,2,idle,653,0.002083000000084212,0
0,2,idle,654,0.0026660000000902073,0
0,2,idle,655,0.002708999999867956,0
0,2,idle,656,0.0051249999999072315,0
0,2,idle,657,0.0027499999998781277,0
0,2,idle,658,0.002208000000109678,0
0,2,idle,659,0.002250000000003638,0
0,2,idle,660,0.0029169999997975538,0
0,2,idle,661,0.002250000000003638,0
0,2,idle,662,0.002208000000109678,0
0,2,idle,663,0.002124999999978172,0
0,2,idle,664,0.002165999999988344,0
0,2,idle,665,0.0025410000000647415,0
0,2,idle,666,0.002165999999988344,0
0,2,idle,667,0.002375000000029104,0
0,2,idle,668,0.002250000000003638,0
0,2,idle,669,0.0020419999998466665,0
0,2,idle,670,0.0032089999999698193,0
0,2,idle,671,0.002083000000084212,0
0,2,idle,672,0.002124999999978172,0
0,2,idle,673,0.0023330000001351436,0
0,2,idle,674,0.002124999999978172,0
0,2,idle,675,0.0021669999998721323,0
0,2,idle,676,0.0027499999998781277,0
0,2,idle,677,0.002083000000084212,0
0,2,idle,678,0.002124999999978172,0
0,2,idle,679,0.0020419999998466665,0
0,2,idle,680,0.002124999999978172,0
0,2,idle,681,0.0024170000001504377,0
0,2,idle,682,0.002124999999978172,0
0,2,idle,683,0.002207999999882304,0
0,2,idle,684,0.003332999999884123,0
0,2,idle,685,0.0021669999998721323,0
0,2,idle,686,0.0031249999999545253,0
0,2,idle,687,0.002208000000109678,0
0,2,idle,688,0.002167000000099506,0
0,2,idle,689,0.0027919999999994616,0
0,2,idle,690,0.002208999999993466,0
0,2,idle,691,0.003083000000060565,0
0,2,idle,692,0.002207999999882304,0
0,2,idle,693,0.002291999999897598,0
0,2,idle,694,0.002208999999993466,0
0,2,idle,695,0.002124999999978172,0
0,2,idle,696,0.002208999999993466,0
0,2,idle,697,0.002457999999933236,0
0,2,idle,698,0.002207999999882304,0
0,2,idle,699,0.002165999999988344,0
0,2,idle,700,0.002457999999933236,0
0,2,idle,701,0.002083000000084212,0
0,2,idle,702,0.0027919999999994616,0
0,2,idle,703,0.0021660000002157176,0
0,2,idle,704,0.0021660000002157176,0
0,2,idle,705,0.0027500000001055014,0
0,2,idle,706,0.002083000000084212,0
0,2,idle,707,0.003165999999964697,0
0,2,idle,708,0.00233299999990777,0
0,2,idle,709,0.002291999999897598,0
0,2,idle,710,0.0021669999998721323,0
0,2,idle,711,0.002040999999962878,0
0,2,idle,712,0.002250000000003638,0
0,2,idle,713,0.0026669999999739957,0
0,2,idle,714,0.0020829999998568383,0
0,2,idle,715,0.002083000000084212,0
0,2,idle,716,0.002208999999993466,0
0,2,idle,717,0.003500000000030923,0
0,2,idle,718,0.0028330000000096334,0
0,2,idle,719,0.00237499999980173,0
0,2,idle,720,0.002291999999897598,0
0,2,idle,721,0.00254199999994853,0
0,2,idle,722,0.009667000000035841,0
0,2,idle,723,0.004749999999830834,0
0,2,idle,724,0.003416999999899417,0
0,2,idle,725,0.002208999999993466,0
0,2,idle,726,0.0024170000001504377,0
0,2,idle,727,0.002416999999923064,0
0,2,idle,728,0.00254199999994853,0
0,2,idle,729,0.002167000000099506,0
0,2,idle,730,0.0025000000000545697,0
0,2,idle,731,0.002124999999978172,0
0,2,idle,732,0.002165999999988344,0
0,2,idle,733,0.0020829999998568383,0
0,2,idle,734,0.002499999999827196,0
0,2,idle,735,0.002208000000109678,0
0,2,idle,736,0.0020839999999680003,0
0,2,idle,737,0.0025829999999587017,0
0,2,idle,738,0.002124999999978172,0
0,2,idle,739,0.0026669999999739957,0
0,2,idle,740,0.012459000000035303,0
0,2,idle,741,0.0027499999998781277,0
0,2,idle,742,0.0021669999998721323,0
0,2,idle,743,0.0029999999999290594,0
0,2,idle,744,0.0027499999998781277,0
0,2,idle,745,0.002250000000003638,0
0,2,idle,746,0.0025000000000545697,0
0,2,idle,747,0.002167000000099506,0
0,2,idle,748,0.002124999999978172,0
0,2,idle,749,0.0028749999999035936,0
0,2,idle,750,0.0021669999998721323,0
0,2,idle,751,0.002083000000084212,0
0,2,idle,752,0.0025000000000545697,0
0,2,idle,753,0.002208999999993466,0
0,2,idle,754,0.002124999999978172,0
0,2,idle,755,0.0026250000000800355,0
0,2,idle,756,0.002124999999978172,0
0,2,idle,757,0.002208999999993466,0
0,2,idle,758,0.0027919999999994616,0
0,2,idle,759,0.0020419999998466665,0
0,2,idle,760,0.0026669999999739957,0
0,2,idle,761,0.002292000000124972,0
0,2,idle,762,0.002291999999897598,0
0,2,idle,763,0.002250000000003638,0
0,2,idle,764,0.002208000000109678,0
0,2,idle,765,0.0028330000000096334,0
0,2,idle,766,0.002124999999978172,0
0,2,idle,767,0.002208000000109678,0
0,2,idle,768,0.0020829999998568383,0
0,2,idle,769,0.004916999999977634,0
0,2,idle,770,0.0026250000000800355,0
0,2,idle,771,0.0030829999998331914,0
0,2,idle,772,0.00233299999990777,0
0,2,idle,773,0.002375000000029104,0
0,2,idle,774,0.002459000000044398,0
0,2,idle,775,0.002292000000124972,0
0,2,idle,776,0.00254199999994853,0
0,2,idle,777,0.002207999999882304,0
0,2,idle,778,0.002083000000084212,0
0,2,idle,779,0.0030839999999443535,0
0,2,idle,780,0.002334000000018932,0
0,2,idle,781,0.0027090000000953296,0
0,2,idle,782,0.002375000000029104,0
0,2,idle,783,0.002165999999988344,0
0,2,idle,784,0.002207999999882304,0
0,2,idle,785,0.002167000000099506,0
0,2,idle,786,0.0026670000002013694,0
0,2,idle,787,0.002167000000099506,0
0,2,idle,788,0.002167000000099506,0
0,2,idle,789,0.0020839999999680003,0
0,2,idle,790,0.005084000000124433,0
0,2,idle,791,0.003541999999924883,0
0,2,idle,792,0.0021669999998721323,0
0,2,idle,793,0.0025000000000545697,0
0,2,idle,794,0.002207999999882304,0
0,2,idle,795,0.0025829999999587017,0
0,2,idle,796,0.00220900000022084,0
0,2,idle,797,0.0027499999998781277,0
0,2,idle,798,0.002334000000018932,0
0,2,idle,799,0.002167000000099506,0
0,2,idle,800,0.0027079999999841675,0
0,2,idle,801,0.002791000000115673,0
0,2,idle,802,0.0033330000001114968,0
0,2,idle,803,0.0027499999998781277,0
0,2,idle,804,0.0028750000001309672,0
0,2,idle,805,0.0026250000000800355,0
0,2,idle,806,0.002250000000003638,0
0,2,idle,807,0.0028749999999035936,0
0,2,idle,808,0.0029580000000350992,0
0,2,idle,809,0.00233299999990777,0
0,2,idle,810,0.002208999999993466,0
0,2,idle,811,0.002334000000018932,0
0,2,idle,812,0.002375000000029104,0
0,2,idle,813,0.0029170000000249274,0
0,2,idle,814,0.0024170000001504377,0
0,2,idle,815,0.002375000000029104,0
0,2,idle,816,0.002375000000029104,0
0,2,idle,817,0.002250000000003638,0
0,2,idle,818,0.0027909999998882995,0
0,2,idle,819,0.0022910000000138098,0
0,2,idle,820,0.002083000000084212,0
0,2,idle,821,0.0022910000000138098,0
0,2,idle,822,0.002250000000003638,0
0,2,idle,823,0.0027919999999994616,0
0,2,idle,824,0.0026669999999739957,0
0,2,idle,825,0.0025000000000545697,0
0,2,idle,826,0.002250000000003638,0
0,2,idle,827,0.002292000000124972,0
0,2,idle,828,0.0027919999999994616,0
0,2,idle,829,0.002250000000003638,0
0,2,idle,830,0.002167000000099506,0
0,2,idle,831,0.005167000000028565,0
0,2,idle,832,0.002291999999897598,0
0,2,idle,833,0.002334000000018932,0
0,2,idle,834,0.0037919999999758147,0
0,2,idle,835,0.0024170000001504377,0
0,2,idle,836,0.002208999999993466,0
0,2,idle,837,0.002416999999923064,0
0,2,idle,838,0.002375000000029104,0
0,2,idle,839,0.0026669999999739957,0
0,2,idle,840,0.002375000000029104,0
0,2,idle,841,0.0027079999999841675,0
0,2,idle,842,0.002250000000003638,0
0,2,idle,843,0.002165999999988344,0
0,2,idle,844,0.0027079999999841675,0
0,2,idle,845,0.002250000000003638,0
0,2,idle,846,0.0024160000000392756,0
0,2,idle,847,0.0022910000000138098,0
0,2,idle,848,0.0048750000000836735,0
0,2,idle,849,0.0028330000000096334,0
0,2,idle,850,0.002165999999988344,0
0,2,idle,851,0.0025000000000545697,0
0,2,idle,852,0.002291999999897598,0
0,2,idle,853,0.002375000000029104,0
0,2,idle,854,0.002208000000109678,0
0,2,idle,855,0.0027909999998882995,0
0,2,idle,856,0.002457999999933236,0
0,2,idle,857,0.0050420000000030996,0
0,2,idle,858,0.003000000000156433,0
0,2,idle,859,0.002125000000205546,0
0,2,idle,860,0.0028749999999035936,0
0,2,idle,861,0.0025410000000647415,0
0,2,idle,862,0.002250000000003638,0
0,2,idle,863,0.002250000000003638,0
0,2,idle,864,0.002124999999978172,0
0,2,idle,865,0.0026670000002013694,0
0,2,idle,866,0.0028749999999035936,0
0,2,idle,867,0.002208000000109678,0
0,2,idle,868,0.002124999999978172,0
0,2,idle,869,0.002207999999882304,0
0,2,idle,870,0.0025829999999587017,0
0,2,idle,871,0.00254199999994853,0
0,2,idle,872,0.002124999999978172,0
0,2,idle,873,0.002207999999882304,0
0,2,idle,874,0.002207999999882304,0
0,2,idle,875,0.002167000000099506,0
0,2,idle,876,0.0026670000002013694,0
0,2,idle,877,0.002459000000044398,0
0,2,idle,878,0.002124999999978172,0
0,2,idle,879,0.002124999999978172,0
0,2,idle,880,0.00204200000007404,0
0,2,idle,881,0.0025830000001860753,0
0,2,idle,882,0.002083000000084212,0
0,2,idle,883,0.002124999999978172,0
0,2,idle,884,0.002250000000003638,0
0,2,idle,885,0.002167000000099506,0
0,2,idle,886,0.0026250000000800355,0
0,2,idle,887,0.002040999999962878,0
0,2,idle,888,0.002375000000029104,0
0,2,idle,889,0.00204200000007404,0
0,2,idle,890,0.0021669999998721323,0
0,2,idle,891,0.0032919999998739513,0
0,2,idle,892,0.0020829999998568383,0
0,2,idle,893,0.0028330000000096334,0
0,2,idle,894,0.00204200000007404,0
0,2,idle,895,0.002124999999978172,0
0,2,idle,896,0.0020419999998466665,0
0,2,idle,897,0.0032919999998739513,0
0,2,idle,898,0.002250000000003638,0
0,2,idle,899,0.002167000000099506,0
0,2,idle,900,0.002250000000003638,0
0,2,idle,901,0.002250000000003638,0
0,2,idle,902,0.0025829999999587017,0
0,2,idle,903,0.0026250000000800355,0
0,2,idle,904,0.002250000000003638,0
0,2,idle,905,0.0020839999999680003,0
0,2,idle,906,0.0021669999998721323,0
0,2,idle,907,0.0027499999998781277,0
0,2,idle,908,0.00233299999990777,0
0,2,idle,909,0.00254199999994853,0
0,2,idle,910,0.0024580000001606095,0
0,2,idle,911,0.002165999999988344,0
0,2,idle,912,0.0027500000001055014,0
0,2,idle,913,0.0025830000001860753,0
0,2,idle,914,0.0021660000002157176,0
0,2,idle,915,0.002291999999897598,0
0,2,idle,916,0.002125000000205546,0
0,2,idle,917,0.002208000000109678,0
0,2,idle,918,0.0026250000000800355,0
0,2,idle,919,0.002167000000099506,0
0,2,idle,920,0.002167000000099506,0
0,2,idle,921,0.002167000000099506,0
0,2,idle,922,0.0020839999999680003,0
0,2,idle,923,0.0027919999999994616,0
0,2,idle,924,0.015041999999994005,0
0,2,idle,925,0.0036250000000563887,0
0,2,idle,926,0.002250000000003638,0
0,2,idle,927,0.002250000000003638,0
0,2,idle,928,0.0028330000000096334,0
0,2,idle,929,0.0030839999999443535,0
0,2,idle,930,0.00233299999990777,0
0,2,idle,931,0.002250000000003638,0
0,2,idle,932,0.002124999999978172,0
0,2,idle,933,0.002165999999988344,0
0,2,idle,934,0.0026659999998628336,0
0,2,idle,935,0.002291999999897598,0
0,2,idle,936,0.002124999999978172,0
0,2,idle,937,0.0024580000001606095,0
0,2,idle,938,0.0026250000000800355,0
0,2,idle,939,0.0028330000000096334,0
0,2,idle,940,0.00233299999990777,0
0,2,idle,941,0.002124999999978172,0
0,2,idle,942,0.002375000000029104,0
0,2,idle,943,0.002375000000029104,0
0,2,idle,944,0.0028749999999035936,0
0,2,idle,945,0.002167000000099506,0
0,2,idle,946,0.002208000000109678,0
0,2,idle,947,0.0022910000000138098,0
0,2,idle,948,0.0020829999998568383,0
0,2,idle,949,0.0025829999999587017,0
0,2,idle,950,0.002124999999978172,0
0,2,idle,951,0.002375000000029104,0
0,2,idle,952,0.002124999999978172,0
0,2,idle,953,0.0022910000000138098,0
0,2,idle,954,0.002124999999978172,0
0,2,idle,955,0.004042000000026746,0
0,2,idle,956,0.0029999999999290594,0
0,2,idle,957,0.002124999999978172,0
0,2,idle,958,0.0027499999998781277,0
0,2,idle,959,0.0020829999998568383,0
0,2,idle,960,0.003375000000005457,0
0,2,idle,961,0.002250000000003638,0
0,2,idle,962,0.002165999999988344,0
0,2,idle,963,0.002208000000109678,0
0,2,idle,964,0.0025840000000698637,0
0,2,idle,965,0.003208000000086031,0
0,2,idle,966,0.002207999999882304,0
0,2,idle,967,0.0024160000000392756,0
0,2,idle,968,0.002165999999988344,0
0,2,idle,969,0.002165999999988344,0
0,2,idle,970,0.002791000000115673,0
0,2,idle,971,0.002208000000109678,0
0,2,idle,972,0.002124999999978172,0
0,2,idle,973,0.006708000000116954,0
0,2,idle,974,0.00233299999990777,0
0,2,idle,975,0.00233299999990777,0
0,2,idle,976,0.0027919999999994616,0
0,2,idle,977,0.002250000000003638,0
0,2,idle,978,0.002207999999882304,0
0,2,idle,979,0.002250000000003638,0
0,2,idle,980,0.0021669999998721323,0
0,2,idle,981,0.0026669999999739957,0
0,2,idle,982,0.002334000000018932,0
0,2,idle,983,0.002250000000003638,0
0,2,idle,984,0.002250000000003638,0
0,2,idle,985,0.002207999999882304,0
0,2,idle,986,0.0026669999999739957,0
0,2,idle,987,0.002292000000124972,0
0,2,idle,988,0.002250000000003638,0
0,2,idle,989,0.0023330000001351436,0
0,2,idle,990,0.002250000000003638,0
0,2,idle,991,0.004750000000058208,0
0,2,idle,992,0.0031249999999545253,0
0,2,idle,993,0.0023330000001351436,0
0,2,idle,994,0.002415999999811902,0
0,2,idle,995,0.002208000000109678,0
0,2,idle,996,0.002250000000003638,0
0,2,idle,997,0.002624999999852662,0
0,2,idle,998,0.002165999999988344,0
0,2,idle,999,0.002165999999988344,0
0,2,event,0,0.028207999999949607,2
0,2,event,1,0.0037920000002031884,0
0,2,event,2,0.0026669999999739957,0
0,2,event,3,0.0030419999998230196,0
0,2,event,4,0.002457999999933236,0
0,2,event,5,0.002124999999978172,0
0,2,event,6,0.0029999999999290594,0
0,2,event,7,0.002208999999993466,0
0,2,event,8,0.0027079999999841675,0
0,2,event,9,0.002083000000084212,0
0,2,event,10,0.002292000000124972,0
0,2,event,11,0.002250000000003638,0
0,2,event,12,0.002083000000084212,0
0,2,event,13,0.0027919999999994616,0
0,2,event,14,0.002165999999988344,0
0,2,event,15,0.00237499999980173,0
0,2,event,16,0.002250000000003638,0
0,2,event,17,0.002207999999882304,0
0,2,event,18,0.002375000000029104,0
0,2,event,19,0.002624999999852662,0
0,2,event,20,0.0020839999999680003,0
0,2,event,21,0.002124999999978172,0
0,2,event,22,0.002207999999882304,0
0,2,event,23,0.0022910000000138098,0
0,2,event,24,0.003292000000101325,0
0,2,event,25,0.004791999999952168,0
0,2,event,26,0.002207999999882304,0
0,2,event,27,0.002124999999978172,0
0,2,event,28,0.0021669999998721323,0
0,2,event,29,0.003249999999979991,0
0,2,event,30,0.002083000000084212,0
0,2,event,31,0.00204200000007404,0
0,2,event,32,0.0027090000000953296,0
0,2,event,33,0.002165999999988344,0
0,2,event,34,0.0029159999999137654,0
0,2,event,35,0.002250000000003638,0
0,2,event,36,0.00233299999990777,0
0,2,event,37,0.002083000000084212,0
0,2,event,38,0.002208999999993466,0
0,2,event,39,0.0027090000000953296,0
0,2,event,40,0.0027919999999994616,0
0,2,event,41,0.002250000000003638,0
0,2,event,42,0.002165999999988344,0
0,2,event,43,0.0022910000000138098,0
0,2,event,44,0.002165999999988344,0
0,2,event,45,0.0027079999999841675,0
0,2,event,46,0.002167000000099506,0
0,2,event,47,0.002208999999993466,0
0,2,event,48,0.0020829999998568383,0
0,2,event,49,0.002165999999988344,0
0,2,event,50,0.0026250000000800355,0
0,2,event,51,0.0020419999998466665,0
0,2,event,52,0.0020839999999680003,0
0,2,event,53,0.002167000000099506,0
0,2,event,54,0.002292000000124972,0
0,2,event,55,0.0025420000001759036,0
0,2,event,56,0.002207999999882304,0
0,2,event,57,0.0023330000001351436,0
0,2,event,58,0.003000000000156433,0
0,2,event,59,0.002083000000084212,0
0,2,event,60,0.020790999999917403,2
0,2,event,61,0.003040999999939231,0
0,2,event,62,0.002250000000003638,0
0,2,event,63,0.0023330000001351436,0
0,2,event,64,0.0027499999998781277,0
0,2,event,65,0.003290999999990163,0
0,2,event,66,0.00233299999990777,0
0,2,event,67,0.002250000000003638,0
0,2,event,68,0.002083000000084212,0
0,2,event,69,0.002375000000029104,0
0,2,event,70,0.0029999999999290594,0
0,2,event,71,0.0021669999998721323,0
0,2,event,72,0.0019999999999527063,0
0,2,event,73,0.002124999999978172,0
0,2,event,74,0.002124999999978172,0
0,2,event,75,0.0025840000000698637,0
0,2,event,76,0.002208000000109678,0
0,2,event,77,0.002125000000205546,0
0,2,event,78,0.0021669999998721323,0
0,2,event,79,0.002165999999988344,0
0,2,event,80,0.0026659999998628336,0
0,2,event,81,0.002208000000109678,0
0,2,event,82,0.002167000000099506,0
0,2,event,83,0.002250000000003638,0
0,2,event,84,0.002165999999988344,0
0,2,event,85,0.002124999999978172,0
0,2,event,86,0.0027090000000953296,0
0,2,event,87,0.002250000000003638,0
0,2,event,88,0.00204200000007404,0
0,2,event,89,0.002250000000003638,0
0,2,event,90,0.0020410000001902517,0
0,2,event,91,0.0033330000001114968,0
0,2,event,92,0.005250000000160071,0
0,2,event,93,0.0029159999999137654,0
0,2,event,94,0.0024160000000392756,0
0,2,event,95,0.0019999999999527063,0
0,2,event,96,0.0027079999999841675,0
0,2,event,97,0.002250000000003638,0
0,2,event,98,0.002207999999882304,0
0,2,event,99,0.0019999999999527063,0
0,2,event,100,0.0027500000001055014,0
0,2,event,101,0.008790999999973792,0
0,2,event,102,0.002207999999882304,0
0,2,event,103,0.0021669999998721323,0
0,2,event,104,0.0021669999998721323,0
0,2,event,105,0.002040999999962878,0
0,2,event,106,0.002083000000084212,0
0,2,event,107,0.00254199999994853,0
0,2,event,108,0.002124999999978172,0
0,2,event,109,0.0019159999999374122,0
0,2,event,110,0.002124999999978172,0
0,2,event,111,0.00204200000007404,0
0,2,event,112,0.00254199999994853,0
0,2,event,113,0.002165999999988344,0
0,2,event,114,0.002207999999882304,0
0,2,event,115,0.002040999999962878,0
0,2,event,116,0.002165999999988344,0
0,2,event,117,0.0027079999999841675,0
0,2,event,118,0.0020839999999680003,0
0,2,event,119,0.00254199999994853,0
0,2,event,120,0.03208300000005693,2
0,2,event,121,0.00433300000008785,0
0,2,event,122,0.002292000000124972,0
0,2,event,123,0.003083000000060565,0
0,2,event,124,0.007166999999981272,0
0,2,event,125,0.0027919999999994616,0
0,2,event,126,0.0028330000000096334,0
0,2,event,127,0.002291999999897598,0
0,2,event,128,0.002334000000018932,0
0,2,event,129,0.002124999999978172,0
0,2,event,130,0.002165999999988344,0
0,2,event,131,0.0027500000001055014,0
0,2,event,132,0.002208000000109678,0
0,2,event,133,0.002165999999988344,0
0,2,event,134,0.0020829999998568383,0
0,2,event,135,0.002208999999993466,0
0,2,event,136,0.0021669999998721323,0
0,2,event,137,0.0031669999998484855,0
0,2,event,138,0.0021669999998721323,0
0,2,event,139,0.002124999999978172,0
0,2,event,140,0.002124999999978172,0
0,2,event,141,0.002292000000124972,0
0,2,event,142,0.0027500000001055014,0
0,2,event,143,0.0027090000000953296,0
0,2,event,144,0.002167000000099506,0
0,2,event,145,0.0023330000001351436,0
0,2,event,146,0.002165999999988344,0
0,2,event,147,0.0027500000001055014,0
0,2,event,148,0.002208999999993466,0
0,2,event,149,0.002083000000084212,0
0,2,event,150,0.002165999999988344,0
0,2,event,151,0.0020829999998568383,0
0,2,event,152,0.0028750000001309672,0
0,2,event,153,0.00204200000007404,0
0,2,event,154,0.002208999999993466,0
0,2,event,155,0.0019999999999527063,0
0,2,event,156,0.00258399999984249,0
0,2,event,157,0.0021669999998721323,0
0,2,event,158,0.0032919999998739513,0
0,2,event,159,0.004791999999952168,0
0,2,event,160,0.0020839999999680003,0
0,2,event,161,0.002208000000109678,0
0,2,event,162,0.0027079999999841675,0
0,2,event,163,0.0027919999999994616,0
0,2,event,164,0.0021669999998721323,0
0,2,event,165,0.0021669999998721323,0
0,2,event,166,0.002291999999897598,0
0,2,event,167,0.002124999999978172,0
0,2,event,168,0.0027079999999841675,0
0,2,event,169,0.002083000000084212,0
0,2,event,170,0.00204200000007404,0
0,2,event,171,0.002334000000018932,0
0,2,event,172,0.002124999999978172,0
0,2,event,173,0.002208999999993466,0
0,2,event,174,0.00254199999994853,0
0,2,event,175,0.002167000000099506,0
0,2,event,176,0.0019589999999425345,0
0,2,event,177,0.0022499999997762643,0
0,2,event,178,0.00204200000007404,0
0,2,event,179,0.0025840000000698637,0
0,2,event,180,0.017749999999978172,2
0,2,event,181,0.0031249999999545253,0
0,2,event,182,0.0029580000000350992,0
0,2,event,183,0.0031249999999545253,0
0,2,event,184,0.0020419999998466665,0
0,2,event,185,0.002250000000003638,0
0,2,event,186,0.00204200000007404,0
0,2,event,187,0.0028340000001207954,0
0,2,event,188,0.0029170000000249274,0
0,2,event,189,0.00233299999990777,0
0,2,event,190,0.002165999999988344,0
0,2,event,191,0.002207999999882304,0
0,2,event,192,0.0025000000000545697,0
0,2,event,193,0.002708000000211541,0
0,2,event,194,0.002167000000099506,0
0,2,event,195,0.002124999999978172,0
0,2,event,196,0.0019999999999527063,0
0,2,event,197,0.0020829999998568383,0
0,2,event,198,0.0028750000001309672,0
0,2,event,199,0.002250000000003638,0
0,2,event,200,0.002208999999993466,0
0,2,event,201,0.0021669999998721323,0
0,2,event,202,0.0020829999998568383,0
0,2,event,203,0.002207999999882304,0
0,2,event,204,0.002375000000029104,0
0,2,event,205,0.002292000000124972,0
0,2,event,206,0.00204200000007404,0
0,2,event,207,0.002124999999978172,0
0,2,event,208,0.002083000000084212,0
0,2,event,209,0.0026660000000902073,0
0,2,event,210,0.0023330000001351436,0
0,2,event,211,0.002207999999882304,0
0,2,event,212,0.0020839999999680003,0
0,2,event,213,0.002167000000099506,0
0,2,event,214,0.0027079999999841675,0
0,2,event,215,0.002083000000084212,0
0,2,event,216,0.00204200000007404,0
0,2,event,217,0.002208000000109678,0
0,2,event,218,0.002250000000003638,0
0,2,event,219,0.0020419999998466665,0
0,2,event,220,0.003541999999924883,0
0,2,event,221,0.0021669999998721323,0
0,2,event,222,0.002124999999978172,0
0,2,event,223,0.0028750000001309672,0
0,2,event,224,0.002083000000084212,0
0,2,event,225,0.003208000000086031,0
0,2,event,226,0.0028330000000096334,0
0,2,event,227,0.002334000000018932,0
0,2,event,228,0.0021669999998721323,0
0,2,event,229,0.002124999999978172,0
0,2,event,230,0.0025410000000647415,0
0,2,event,231,0.002250000000003638,0
0,2,event,232,0.0019999999999527063,0
0,2,event,233,0.002250000000003638,0
0,2,event,234,0.002040999999962878,0
0,2,event,235,0.0025829999999587017,0
0,2,event,236,0.0020839999999680003,0
0,2,event,237,0.002291999999897598,0
0,2,event,238,0.002208999999993466,0
0,2,event,239,0.002167000000099506,0
0,2,event,240,0.016792000000123153,2
0,2,event,241,0.003125000000181899,0
0,2,event,242,0.0029999999999290594,0
0,2,event,243,0.002208000000109678,0
0,2,event,244,0.0029159999999137654,0
0,2,event,245,0.002165999999988344,0
0,2,event,246,0.002040999999962878,0
0,2,event,247,0.002250000000003638,0
0,2,event,248,0.0021669999998721323,0
0,2,event,249,0.002334000000018932,0
0,2,event,250,0.0026250000000800355,0
0,2,event,251,0.002415999999811902,0
0,2,event,252,0.002083000000084212,0
0,2,event,253,0.0026250000000800355,0
0,2,event,254,0.0025829999999587017,0
0,2,event,255,0.002624999999852662,0
0,2,event,256,0.002208000000109678,0
0,2,event,257,0.0023330000001351436,0
0,2,event,258,0.002124999999978172,0
0,2,event,259,0.0026660000000902073,0
0,2,event,260,0.0029159999999137654,0
0,2,event,261,0.002165999999988344,0
0,2,event,262,0.002124999999978172,0
0,2,event,263,0.002083000000084212,0
0,2,event,264,0.002083000000084212,0
0,2,event,265,0.002124999999978172,0
0,2,event,266,0.0027079999999841675,0
0,2,event,267,0.002084000000195374,0
0,2,event,268,0.002083000000084212,0
0,2,event,269,0.002207999999882304,0
0,2,event,270,0.0020829999998568383,0
0,2,event,271,0.002708999999867956,0
0,2,event,272,0.002207999999882304,0
0,2,event,273,0.002250000000003638,0
0,2,event,274,0.0023330000001351436,0
0,2,event,275,0.002083000000084212,0
0,2,event,276,0.0027079999999841675,0
0,2,event,277,0.002334000000018932,0
0,2,event,278,0.002124999999978172,0
0,2,event,279,0.002292000000124972,0
0,2,event,280,0.002416999999923064,0
0,2,event,281,0.0028749999999035936,0
0,2,event,282,0.0024580000001606095,0
0,2,event,283,0.003083000000060565,0
0,2,event,284,0.00204200000007404,0
0,2,event,285,0.0027090000000953296,0
0,2,event,286,0.002124999999978172,0
0,2,event,287,0.0028339999998934218,0
0,2,event,288,0.0019999999999527063,0
0,2,event,289,0.002124999999978172,0
0,2,event,290,0.0021669999998721323,0
0,2,event,291,0.002124999999978172,0
0,2,event,292,0.003125000000181899,0
0,2,event,293,0.0049579999999878055,0
0,2,event,294,0.002208000000109678,0
0,2,event,295,0.002208999999993466,0
0,2,event,296,0.0020839999999680003,0
0,2,event,297,0.0027919999999994616,0
0,2,event,298,0.002124999999978172,0
0,2,event,299,0.0019999999999527063,0
0,2,event,300,0.017666999999846666,2
0,2,event,301,0.0037079999999605207,0
0,2,event,302,0.0024170000001504377,0
0,2,event,303,0.002208999999993466,0
0,2,event,304,0.0020829999998568383,0
0,2,event,305,0.002250000000003638,0
0,2,event,306,0.0026669999999739957,0
0,2,event,307,0.002208000000109678,0
0,2,event,308,0.0019579999998313724,0
0,2,event,309,0.002208999999993466,0
0,2,event,310,0.00204200000007404,0
0,2,event,311,0.0026669999999739957,0
0,2,event,312,0.00254199999994853,0
0,2,event,313,0.002208000000109678,0
0,2,event,314,0.002124999999978172,0
0,2,event,315,0.0020839999999680003,0
0,2,event,316,0.0028329999997822597,0
0,2,event,317,0.0026250000000800355,0
0,2,event,318,0.002167000000099506,0
0,2,event,319,0.002208999999993466,0
0,2,event,320,0.0020839999999680003,0
0,2,event,321,0.002124999999978172,0
0,2,event,322,0.002459000000044398,0
0,2,event,323,0.0019999999999527063,0
0,2,event,324,0.002040999999962878,0
0,2,event,325,0.0026250000000800355,0
0,2,event,326,0.0023330000001351436,0
0,2,event,327,0.0027500000001055014,0
0,2,event,328,0.002083000000084212,0
0,2,event,329,0.002416999999923064,0
0,2,event,330,0.00204200000007404,0
0,2,event,331,0.002083000000084212,0
0,2,event,332,0.002124999999978172,0
0,2,event,333,0.0027500000001055014,0
0,2,event,334,0.002125000000205546,0
0,2,event,335,0.002083000000084212,0
0,2,event,336,0.0020839999999680003,0
0,2,event,337,0.002167000000099506,0
0,2,event,338,0.0025000000000545697,0
0,2,event,339,0.002167000000099506,0
0,2,event,340,0.002040999999962878,0
0,2,event,341,0.002124999999978172,0
0,2,event,342,0.0019170000000485743,0
0,2,event,343,0.0026669999999739957,0
0,2,event,344,0.0027919999999994616,0
0,2,event,345,0.00204200000007404,0
0,2,event,346,0.003083000000060565,0
0,2,event,347,0.002165999999988344,0
0,2,event,348,0.0025829999999587017,0
0,2,event,349,0.002165999999988344,0
0,2,event,350,0.0028330000000096334,0
0,2,event,351,0.002291999999897598,0
0,2,event,352,0.002207999999882304,0
0,2,event,353,0.002291999999897598,0
0,2,event,354,0.0026669999999739957,0
0,2,event,355,0.002250000000003638,0
0,2,event,356,0.0020419999998466665,0
0,2,event,357,0.0021669999998721323,0
0,2,event,358,0.00204200000007404,0
0,2,event,359,0.003000000000156433,0
0,2,event,360,0.020792000000028565,2
0,2,event,361,0.0031669999998484855,0
0,2,event,362,0.0021669999998721323,0
0,2,event,363,0.003249999999979991,0
0,2,event,364,0.00233299999990777,0
0,2,event,365,0.0025000000000545697,0
0,2,event,366,0.003083000000060565,0
0,2,event,367,0.002207999999882304,0
0,2,event,368,0.0028339999998934218,0
0,2,event,369,0.002125000000205546,0
0,2,event,370,0.002208999999993466,0
0,2,event,371,0.002167000000099506,0
0,2,event,372,0.002125000000205546,0
0,2,event,373,0.0027919999999994616,0
0,2,event,374,0.002334000000018932,0
0,2,event,375,0.006499999999959982,0
0,2,event,376,0.002208999999993466,0
0,2,event,377,0.0019999999999527063,0
0,2,event,378,0.0027090000000953296,0
0,2,event,379,0.0026250000000800355,0
0,2,event,380,0.0023330000001351436,0
0,2,event,381,0.002250000000003638,0
0,2,event,382,0.0020839999999680003,0
0,2,event,383,0.0021669999998721323,0
0,2,event,384,0.0025829999999587017,0
0,2,event,385,0.002124999999978172,0
0,2,event,386,0.002292000000124972,0
0,2,event,387,0.0019999999999527063,0
0,2,event,388,0.002124999999978172,0
0,2,event,389,0.002416999999923064,0
0,2,event,390,0.0020839999999680003,0
0,2,event,391,0.00204200000007404,0
0,2,event,392,0.0025829999999587017,0
0,2,event,393,0.0020829999998568383,0
0,2,event,394,0.002499999999827196,0
0,2,event,395,0.002124999999978172,0
0,2,event,396,0.002292000000124972,0
0,2,event,397,0.0020839999999680003,0
0,2,event,398,0.002124999999978172,0
0,2,event,399,0.002083000000084212,0
0,2,event,400,0.0027090000000953296,0
0,2,event,401,0.002167000000099506,0
0,2,event,402,0.0020839999999680003,0
0,2,event,403,0.002207999999882304,0
0,2,event,404,0.002208000000109678,0
0,2,event,405,0.0029999999999290594,0
0,2,event,406,0.002165999999988344,0
0,2,event,407,0.002040999999962878,0
0,2,event,408,0.0028330000000096334,0
0,2,event,409,0.002124999999978172,0
0,2,event,410,0.003208000000086031,0
0,2,event,411,0.002165999999988344,0
0,2,event,412,0.002083000000084212,0
0,2,event,413,0.002040999999962878,0
0,2,event,414,0.002292000000124972,0
0,2,event,415,0.0025000000000545697,0
0,2,event,416,0.002083000000084212,0
0,2,event,417,0.002083000000084212,0
0,2,event,418,0.002250000000003638,0
0,2,event,419,0.002208000000109678,0
0,2,event,420,0.017250000000103682,2
0,2,event,421,0.0029170000000249274,0
0,2,event,422,0.002416999999923064,0
0,2,event,423,0.002250000000003638,0
0,2,event,424,0.002416999999923064,0
0,2,event,425,0.0028339999998934218,0
0,2,event,426,0.0030419999998230196,0
0,2,event,427,0.0054169999998521234,0
0,2,event,428,0.002250000000003638,0
0,2,event,429,0.002250000000003638,0
0,2,event,430,0.0025829999999587017,0
0,2,event,431,0.002124999999978172,0
0,2,event,432,0.002083000000084212,0
0,2,event,433,0.002124999999978172,0
0,2,event,434,0.00204200000007404,0
0,2,event,435,0.0026669999999739957,0
0,2,event,436,0.002208000000109678,0
0,2,event,437,0.002165999999988344,0
0,2,event,438,0.002083000000084212,0
0,2,event,439,0.0020839999999680003,0
0,2,event,440,0.0026669999999739957,0
0,2,event,441,0.002124999999978172,0
0,2,event,442,0.002167000000099506,0
0,2,event,443,0.002124999999978172,0
0,2,event,444,0.002207999999882304,0
0,2,event,445,0.002208000000109678,0
0,2,event,446,0.0025410000000647415,0
0,2,event,447,0.0022910000000138098,0
0,2,event,448,0.002207999999882304,0
0,2,event,449,0.0019999999999527063,0
0,2,event,450,0.0019579999998313724,0
0,2,event,451,0.002708999999867956,0
0,2,event,452,0.001958000000058746,0
0,2,event,453,0.002207999999882304,0
0,2,event,454,0.002291999999897598,0
0,2,event,455,0.002208000000109678,0
0,2,event,456,0.0025840000000698637,0
0,2,event,457,0.002167000000099506,0
0,2,event,458,0.002124999999978172,0
0,2,event,459,0.0026660000000902073,0
0,2,event,460,0.002167000000099506,0
0,2,event,461,0.00254199999994853,0
0,2,event,462,0.0019579999998313724,0
0,2,event,463,0.0027079999999841675,0
0,2,event,464,0.002083000000084212,0
0,2,event,465,0.0020839999999680003,0
0,2,event,466,0.0019999999999527063,0
0,2,event,467,0.0028340000001207954,0
0,2,event,468,0.0020419999998466665,0
0,2,event,469,0.0028339999998934218,0
0,2,event,470,0.0019579999998313724,0
0,2,event,471,0.002250000000003638,0
0,2,event,472,0.0027500000001055014,0
0,2,event,473,0.0030829999998331914,0
0,2,event,474,0.002624999999852662,0
0,2,event,475,0.002165999999988344,0
0,2,event,476,0.00200000000018008,0
0,2,event,477,0.0025000000000545697,0
0,2,event,478,0.002167000000099506,0
0,2,event,479,0.002334000000018932,0
0,2,event,480,0.016875000000027285,2
0,2,event,481,0.0039590000001226144,0
0,2,event,482,0.002124999999978172,0
0,2,event,483,0.002291999999897598,0
0,2,event,484,0.0021669999998721323,0
0,2,event,485,0.002124999999978172,0
0,2,event,486,0.0027079999999841675,0
0,2,event,487,0.002416999999923064,0
0,2,event,488,0.002124999999978172,0
0,2,event,489,0.0027079999999841675,0
0,2,event,490,0.002083000000084212,0
0,2,event,491,0.0027090000000953296,0
0,2,event,492,0.001958000000058746,0
0,2,event,493,0.003249999999979991,0
0,2,event,494,0.012499999999818101,0
0,2,event,495,0.002416999999923064,0
0,2,event,496,0.002291999999897598,0
0,2,event,497,0.0025420000001759036,0
0,2,event,498,0.0025410000000647415,0
0,2,event,499,0.0019999999999527063,0
0,2,event,500,0.002083000000084212,0
0,2,event,501,0.002040999999962878,0
0,2,event,502,0.002624999999852662,0
0,2,event,503,0.0020829999998568383,0
0,2,event,504,0.002124999999978172,0
0,2,event,505,0.0019999999999527063,0
0,2,event,506,0.002208000000109678,0
0,2,event,507,0.0026660000000902073,0
0,2,event,508,0.002124999999978172,0
0,2,event,509,0.0020839999999680003,0
0,2,event,510,0.00204200000007404,0
0,2,event,511,0.0019170000000485743,0
0,2,event,512,0.0027079999999841675,0
0,2,event,513,0.0025000000000545697,0
0,2,event,514,0.0020839999999680003,0
0,2,event,515,0.002291999999897598,0
0,2,event,516,0.002167000000099506,0
0,2,event,517,0.0019999999999527063,0
0,2,event,518,0.0028750000001309672,0
0,2,event,519,0.00237499999980173,0
0,2,event,520,0.002124999999978172,0
0,2,event,521,0.002084000000195374,0
0,2,event,522,0.0020839999999680003,0
0,2,event,523,0.0028330000000096334,0
0,2,event,524,0.002083000000084212,0
0,2,event,525,0.0021669999998721323,0
0,2,event,526,0.002499999999827196,0
0,2,event,527,0.0020839999999680003,0
0,2,event,528,0.0026250000000800355,0
0,2,event,529,0.002291999999897598,0
0,2,event,530,0.002334000000018932,0
0,2,event,531,0.0027499999998781277,0
0,2,event,532,0.0020419999998466665,0
0,2,event,533,0.002124999999978172,0
0,2,event,534,0.0025420000001759036,0
0,2,event,535,0.002124999999978172,0
0,2,event,536,0.002040999999962878,0
0,2,event,537,0.0032079999998586572,0
0,2,event,538,0.002208999999993466,0
0,2,event,539,0.002457999999933236,0
0,2,event,540,0.016875000000027285,2
0,2,event,541,0.0028750000001309672,0
0,2,event,542,0.002375000000029104,0
0,2,event,543,0.0030420000000503933,0
0,2,event,544,0.002124999999978172,0
0,2,event,545,0.002124999999978172,0
0,2,event,546,0.0020839999999680003,0
0,2,event,547,0.0019999999999527063,0
0,2,event,548,0.0025829999999587017,0
0,2,event,549,0.002292000000124972,0
0,2,event,550,0.00204200000007404,0
0,2,event,551,0.002165999999988344,0
0,2,event,552,0.00204200000007404,0
0,2,event,553,0.0027919999999994616,0
0,2,event,554,0.0019999999999527063,0
0,2,event,555,0.0019999999999527063,0
0,2,event,556,0.0019999999999527063,0
0,2,event,557,0.002084000000195374,0
0,2,event,558,0.002208000000109678,0
0,2,event,559,0.0026250000000800355,0
0,2,event,560,0.0027079999999841675,0
0,2,event,561,0.0048749999998563,0
0,2,event,562,0.0021669999998721323,0
0,2,event,563,0.00233299999990777,0
0,2,event,564,0.0026660000000902073,0
0,2,event,565,0.002208000000109678,0
0,2,event,566,0.0022910000000138098,0
0,2,event,567,0.002165999999988344,0
0,2,event,568,0.002250000000003638,0
0,2,event,569,0.00254199999994853,0
0,2,event,570,0.0019999999999527063,0
0,2,event,571,0.002250000000003638,0
0,2,event,572,0.00200000000018008,0
0,2,event,573,0.002124999999978172,0
0,2,event,574,0.002624999999852662,0
0,2,event,575,0.0021669999998721323,0
0,2,event,576,0.0019589999999425345,0
0,2,event,577,0.002250000000003638,0
0,2,event,578,0.002124999999978172,0
0,2,event,579,0.002375000000029104,0
0,2,event,580,0.0029580000000350992,0
0,2,event,581,0.002292000000124972,0
0,2,event,582,0.002167000000099506,0
0,2,event,583,0.002292000000124972,0
0,2,event,584,0.0019999999999527063,0
0,2,event,585,0.003165999999964697,0
0,2,event,586,0.002040999999962878,0
0,2,event,587,0.0029159999999137654,0
0,2,event,588,0.002083000000084212,0
0,2,event,589,0.002124999999978172,0
0,2,event,590,0.0025840000000698637,0
0,2,event,591,0.002416999999923064,0
0,2,event,592,0.0027079999999841675,0
0,2,event,593,0.0026250000000800355,0
0,2,event,594,0.002124999999978172,0
0,2,event,595,0.0027079999999841675,0
0,2,event,596,0.0029580000000350992,0
0,2,event,597,0.002250000000003638,0
0,2,event,598,0.0020829999998568383,0
0,2,event,599,0.0020839999999680003,0
0,2,event,600,0.01637499999992542,2
0,2,event,601,0.003040999999939231,0
0,2,event,602,0.002083000000084212,0
0,2,event,603,0.002208999999993466,0
0,2,event,604,0.0020419999998466665,0
0,2,event,605,0.0028330000000096334,0
0,2,event,606,0.002165999999988344,0
0,2,event,607,0.0020829999998568383,0
0,2,event,608,0.0021669999998721323,0
0,2,event,609,0.002375000000029104,0
0,2,event,610,0.0025829999999587017,0
0,2,event,611,0.0025000000000545697,0
0,2,event,612,0.002291999999897598,0
0,2,event,613,0.0029589999999188876,0
0,2,event,614,0.002124999999978172,0
0,2,event,615,0.0027500000001055014,0
0,2,event,616,0.0020829999998568383,0
0,2,event,617,0.0021669999998721323,0
0,2,event,618,0.002124999999978172,0
0,2,event,619,0.0020829999998568383,0
0,2,event,620,0.0026669999999739957,0
0,2,event,621,0.002250000000003638,0
0,2,event,622,0.0026669999999739957,0
0,2,event,623,0.002124999999978172,0
0,2,event,624,0.0020829999998568383,0
0,2,event,625,0.002124999999978172,0
0,2,event,626,0.008084000000053493,0
0,2,event,627,0.002250000000003638,0
0,2,event,628,0.0042089999999461725,0
0,2,event,629,0.002083000000084212,0
0,2,event,630,0.002207999999882304,0
0,2,event,631,0.0025829999999587017,0
0,2,event,632,0.002124999999978172,0
0,2,event,633,0.002208000000109678,0
0,2,event,634,0.002124999999978172,0
0,2,event,635,0.0020410000001902517,0
0,2,event,636,0.0025829999999587017,0
0,2,event,637,0.002083000000084212,0
0,2,event,638,0.002124999999978172,0
0,2,event,639,0.002083000000084212,0
0,2,event,640,0.002167000000099506,0
0,2,event,641,0.0026669999999739957,0
0,2,event,642,0.002250000000003638,0
0,2,event,643,0.0020829999998568383,0
0,2,event,644,0.00258399999984249,0
0,2,event,645,0.0020419999998466665,0
0,2,event,646,0.00204200000007404,0
0,2,event,647,0.0025829999999587017,0
0,2,event,648,0.002040999999962878,0
0,2,event,649,0.0019160000001647859,0
0,2,event,650,0.002083000000084212,0
0,2,event,651,0.002084000000195374,0
0,2,event,652,0.0029580000000350992,0
0,2,event,653,0.002124999999978172,0
0,2,event,654,0.0028749999999035936,0
0,2,event,655,0.002124999999978172,0
0,2,event,656,0.002124999999978172,0
0,2,event,657,0.002459000000044398,0
0,2,event,658,0.002167000000099506,0
0,2,event,659,0.002167000000099506,0
0,2,event,660,0.017125000000078217,2
0,2,event,661,0.003417000000126791,0
0,2,event,662,0.0020839999999680003,0
0,2,event,663,0.002207999999882304,0
0,2,event,664,0.002124999999978172,0
0,2,event,665,0.002125000000205546,0
0,2,event,666,0.002375000000029104,0
0,2,event,667,0.0020829999998568383,0
0,2,event,668,0.002165999999988344,0
0,2,event,669,0.002292000000124972,0
0,2,event,670,0.002124999999978172,0
0,2,event,671,0.002083000000084212,0
0,2,event,672,0.0027499999998781277,0
0,2,event,673,0.0026250000000800355,0
0,2,event,674,0.002040999999962878,0
0,2,event,675,0.002165999999988344,0
0,2,event,676,0.002124999999978172,0
0,2,event,677,0.0025829999999587017,0
0,2,event,678,0.002124999999978172,0
0,2,event,679,0.0020419999998466665,0
0,2,event,680,0.00204200000007404,0
0,2,event,681,0.002167000000099506,0
0,2,event,682,0.0027500000001055014,0
0,2,event,683,0.002250000000003638,0
0,2,event,684,0.0020410000001902517,0
0,2,event,685,0.002167000000099506,0
0,2,event,686,0.002124999999978172,0
0,2,event,687,0.0026669999999739957,0
0,2,event,688,0.002083000000084212,0
0,2,event,689,0.002167000000099506,0
0,2,event,690,0.00204200000007404,0
0,2,event,691,0.002165999999988344,0
0,2,event,692,0.002083000000084212,0
0,2,event,693,0.003000000000156433,0
0,2,event,694,0.0019999999999527063,0
0,2,event,695,0.005583000000115135,0
0,2,event,696,0.002208000000109678,0
0,2,event,697,0.002083000000084212,0
0,2,event,698,0.0025000000000545697,0
0,2,event,699,0.002083000000084212,0
0,2,event,700,0.0019999999999527063,0
0,2,event,701,0.002167000000099506,0
0,2,event,702,0.002208000000109678,0
0,2,event,703,0.0026669999999739957,0
0,2,event,704,0.002207999999882304,0
0,2,event,705,0.002499999999827196,0
0,2,event,706,0.002124999999978172,0
0,2,event,707,0.002083000000084212,0
0,2,event,708,0.0026669999999739957,0
0,2,event,709,0.002250000000003638,0
0,2,event,710,0.002165999999988344,0
0,2,event,711,0.0022910000000138098,0
0,2,event,712,0.002165999999988344,0
0,2,event,713,0.0026660000000902073,0
0,2,event,714,0.0027909999998882995,0
0,2,event,715,0.0027500000001055014,0
0,2,event,716,0.0020839999999680003,0
0,2,event,717,0.00204200000007404,0
0,2,event,718,0.002208000000109678,0
0,2,event,719,0.0025830000001860753,0
0,2,event,720,0.015333000000055108,2
0,2,event,721,0.0027919999999994616,0
0,2,event,722,0.002208999999993466,0
0,2,event,723,0.0032919999998739513,0
0,2,event,724,0.002125000000205546,0
0,2,event,725,0.002250000000003638,0
0,2,event,726,0.002040999999962878,0
0,2,event,727,0.0029159999999137654,0
0,2,event,728,0.0029170000000249274,0
0,2,event,729,0.0021669999998721323,0
0,2,event,730,0.0020829999998568383,0
0,2,event,731,0.0020419999998466665,0
0,2,event,732,0.002375000000029104,0
0,2,event,733,0.0027499999998781277,0
0,2,event,734,0.0021669999998721323,0
0,2,event,735,0.002124999999978172,0
0,2,event,736,0.0027079999999841675,0
0,2,event,737,0.002207999999882304,0
0,2,event,738,0.002416999999923064,0
0,2,event,739,0.0027500000001055014,0
0,2,event,740,0.0027909999998882995,0
0,2,event,741,0.002165999999988344,0
0,2,event,742,0.002040999999962878,0
0,2,event,743,0.0020410000001902517,0
0,2,event,744,0.0027500000001055014,0
0,2,event,745,0.002375000000029104,0
0,2,event,746,0.002124999999978172,0
0,2,event,747,0.002165999999988344,0
0,2,event,748,0.002040999999962878,0
0,2,event,749,0.0024170000001504377,0
0,2,event,750,0.002083000000084212,0
0,2,event,751,0.0022910000000138098,0
0,2,event,752,0.002040999999962878,0
0,2,event,753,0.002124999999978172,0
0,2,event,754,0.0025829999999587017,0
0,2,event,755,0.002083000000084212,0
0,2,event,756,0.002124999999978172,0
0,2,event,757,0.002124999999978172,0
0,2,event,758,0.002083000000084212,0
0,2,event,759,0.002124999999978172,0
0,2,event,760,0.0031249999999545253,0
0,2,event,761,0.002040999999962878,0
0,2,event,762,0.004625000000032742,0
0,2,event,763,0.002208000000109678,0
0,2,event,764,0.002165999999988344,0
0,2,event,765,0.0025829999999587017,0
0,2,event,766,0.002334000000018932,0
0,2,event,767,0.002499999999827196,0
0,2,event,768,0.002375000000029104,0
0,2,event,769,0.002083000000084212,0
0,2,event,770,0.002624999999852662,0
0,2,event,771,0.0019579999998313724,0
0,2,event,772,0.0027500000001055014,0
0,2,event,773,0.002124999999978172,0
0,2,event,774,0.0020839999999680003,0
0,2,event,775,0.0028330000000096334,0
0,2,event,776,0.00233299999990777,0
0,2,event,777,0.002916000000141139,0
0,2,event,778,0.002125000000205546,0
0,2,event,779,0.002167000000099506,0
0,2,event,780,0.015417000000070402,2
0,2,event,781,0.0028749999999035936,0
0,2,event,782,0.0020839999999680003,0
0,2,event,783,0.002291999999897598,0
0,2,event,784,0.0021669999998721323,0
0,2,event,785,0.0026250000000800355,0
0,2,event,786,0.002167000000099506,0
0,2,event,787,0.0027500000001055014,0
0,2,event,788,0.002124999999978172,0
0,2,event,789,0.0024160000000392756,0
0,2,event,790,0.002624999999852662,0
0,2,event,791,0.002250000000003638,0
0,2,event,792,0.0019999999999527063,0
0,2,event,793,0.0027499999998781277,0
0,2,event,794,0.0020839999999680003,0
0,2,event,795,0.0026669999999739957,0
0,2,event,796,0.0025420000001759036,0
0,2,event,797,0.002124999999978172,0
0,2,event,798,0.0020829999998568383,0
0,2,event,799,0.002040999999962878,0
0,2,event,800,0.0027079999999841675,0
0,2,event,801,0.0021669999998721323,0
0,2,event,802,0.002124999999978172,0
0,2,event,803,0.002124999999978172,0
0,2,event,804,0.00204200000007404,0
0,2,event,805,0.0027500000001055014,0
0,2,event,806,0.0027090000000953296,0
0,2,event,807,0.002167000000099506,0
0,2,event,808,0.00200000000018008,0
0,2,event,809,0.00204200000007404,0
0,2,event,810,0.0019999999999527063,0
0,2,event,811,0.0025410000000647415,0
0,2,event,812,0.002083000000084212,0
0,2,event,813,0.00204200000007404,0
0,2,event,814,0.002250000000003638,0
0,2,event,815,0.00204200000007404,0
0,2,event,816,0.002499999999827196,0
0,2,event,817,0.0020419999998466665,0
0,2,event,818,0.0019999999999527063,0
0,2,event,819,0.002040999999962878,0
0,2,event,820,0.002083000000084212,0
0,2,event,821,0.00254199999994853,0
0,2,event,822,0.002124999999978172,0
0,2,event,823,0.002207999999882304,0
0,2,event,824,0.0020839999999680003,0
0,2,event,825,0.002167000000099506,0
0,2,event,826,0.0025000000000545697,0
0,2,event,827,0.0026669999999739957,0
0,2,event,828,0.002250000000003638,0
0,2,event,829,0.004999999999881766,0
0,2,event,830,0.003292000000101325,0
0,2,event,831,0.002084000000195374,0
0,2,event,832,0.0025829999999587017,0
0,2,event,833,0.002040999999962878,0
0,2,event,834,0.0022910000000138098,0
0,2,event,835,0.0020419999998466665,0
0,2,event,836,0.0020419999998466665,0
0,2,event,837,0.003083000000060565,0
0,2,event,838,0.0026660000000902073,0
0,2,event,839,0.002207999999882304,0
0,2,event,840,0.015374999999949068,2
0,2,event,841,0.003416999999899417,0
0,2,event,842,0.002291999999897598,0
0,2,event,843,0.002291999999897598,0
0,2,event,844,0.002208999999993466,0
0,2,event,845,0.002291999999897598,0
0,2,event,846,0.002624999999852662,0
0,2,event,847,0.0020419999998466665,0
0,2,event,848,0.0020829999998568383,0
0,2,event,849,0.002083000000084212,0
0,2,event,850,0.0025840000000698637,0
0,2,event,851,0.0020839999999680003,0
0,2,event,852,0.0029579999998077255,0
0,2,event,853,0.0020410000001902517,0
0,2,event,854,0.002290999999786436,0
0,2,event,855,0.002250000000003638,0
0,2,event,856,0.0020839999999680003,0
0,2,event,857,0.0026670000002013694,0
0,2,event,858,0.002250000000003638,0
0,2,event,859,0.00204200000007404,0
0,2,event,860,0.005834000000049855,0
0,2,event,861,0.002083000000084212,0
0,2,event,862,0.0027079999999841675,0
0,2,event,863,0.002083000000084212,0
0,2,event,864,0.002125000000205546,0
0,2,event,865,0.002083000000084212,0
0,2,event,866,0.0022499999997762643,0
0,2,event,867,0.0027079999999841675,0
0,2,event,868,0.002375000000029104,0
0,2,event,869,0.002167000000099506,0
0,2,event,870,0.002167000000099506,0
0,2,event,871,0.00204200000007404,0
0,2,event,872,0.002167000000099506,0
0,2,event,873,0.0026250000000800355,0
0,2,event,874,0.002167000000099506,0
0,2,event,875,0.002124999999978172,0
0,2,event,876,0.002124999999978172,0
0,2,event,877,0.003000000000156433,0
0,2,event,878,0.0027499999998781277,0
0,2,event,879,0.002167000000099506,0
0,2,event,880,0.002083000000084212,0
0,2,event,881,0.00204200000007404,0
0,2,event,882,0.002124999999978172,0
0,2,event,883,0.0026660000000902073,0
0,2,event,884,0.002125000000205546,0
0,2,event,885,0.00204200000007404,0
0,2,event,886,0.00254199999994853,0
0,2,event,887,0.002165999999988344,0
0,2,event,888,0.0026659999998628336,0
0,2,event,889,0.0026250000000800355,0
0,2,event,890,0.002375000000029104,0
0,2,event,891,0.002415999999811902,0
0,2,event,892,0.002165999999988344,0
0,2,event,893,0.0048750000000836735,0
0,2,event,894,0.002708000000211541,0
0,2,event,895,0.002250000000003638,0
0,2,event,896,0.0027499999998781277,0
0,2,event,897,0.002165999999988344,0
0,2,event,898,0.002124999999978172,0
0,2,event,899,0.0027919999999994616,0
0,2,event,900,0.015416999999843028,2
0,2,event,901,0.0028340000001207954,0
0,2,event,902,0.002208000000109678,0
0,2,event,903,0.0027499999998781277,0
0,2,event,904,0.002167000000099506,0
0,2,event,905,0.002124999999978172,0
0,2,event,906,0.0019999999999527063,0
0,2,event,907,0.0021669999998721323,0
0,2,event,908,0.0025829999999587017,0
0,2,event,909,0.00237499999980173,0
0,2,event,910,0.0020839999999680003,0
0,2,event,911,0.002292000000124972,0
0,2,event,912,0.0021669999998721323,0
0,2,event,913,0.0032919999998739513,0
0,2,event,914,0.002124999999978172,0
0,2,event,915,0.0020829999998568383,0
0,2,event,916,0.0026669999999739957,0
0,2,event,917,0.0023330000001351436,0
0,2,event,918,0.002292000000124972,0
0,2,event,919,0.0027090000000953296,0
0,2,event,920,0.0023330000001351436,0
0,2,event,921,0.0021660000002157176,0
0,2,event,922,0.002250000000003638,0
0,2,event,923,0.002292000000124972,0
0,2,event,924,0.0025840000000698637,0
0,2,event,925,0.002124999999978172,0
0,2,event,926,0.002208000000109678,0
0,2,event,927,0.0048750000000836735,0
0,2,event,928,0.002459000000044398,0
0,2,event,929,0.0027499999998781277,0
0,2,event,930,0.002334000000018932,0
0,2,event,931,0.0021669999998721323,0
0,2,event,932,0.0020839999999680003,0
0,2,event,933,0.002083000000084212,0
0,2,event,934,0.0026250000000800355,0
0,2,event,935,0.002167000000099506,0
0,2,event,936,0.002165999999988344,0
0,2,event,937,0.002083000000084212,0
0,2,event,938,0.002208999999993466,0
0,2,event,939,0.002207999999882304,0
0,2,event,940,0.0026660000000902073,0
0,2,event,941,0.002208000000109678,0
0,2,event,942,0.002040999999962878,0
0,2,event,943,0.002292000000124972,0
0,2,event,944,0.002083000000084212,0
0,2,event,945,0.0025830000001860753,0
0,2,event,946,0.002208000000109678,0
0,2,event,947,0.002165999999988344,0
0,2,event,948,0.0028330000000096334,0
0,2,event,949,0.002165999999988344,0
0,2,event,950,0.0025410000000647415,0
0,2,event,951,0.0021660000002157176,0
0,2,event,952,0.002208000000109678,0
0,2,event,953,0.002292000000124972,0
0,2,event,954,0.00200000000018008,0
0,2,event,955,0.0026669999999739957,0
0,2,event,956,0.002125000000205546,0
0,2,event,957,0.002124999999978172,0
0,2,event,958,0.0020829999998568383,0
0,2,event,959,0.002165999999988344,0
0,2,event,960,0.018540999999913765,2
0,2,event,961,0.0037500000000818545,0
0,2,event,962,0.002125000000205546,0
0,2,event,963,0.0028749999999035936,0
0,2,event,964,0.002375000000029104,0
0,2,event,965,0.0027500000001055014,0
0,2,event,966,0.00233299999990777,0
0,2,event,967,0.00220900000022084,0
0,2,event,968,0.002167000000099506,0
0,2,event,969,0.002250000000003638,0
0,2,event,970,0.0026660000000902073,0
0,2,event,971,0.0022910000000138098,0
0,2,event,972,0.002083000000084212,0
0,2,event,973,0.0025410000000647415,0
0,2,event,974,0.002165999999988344,0
0,2,event,975,0.0027079999999841675,0
0,2,event,976,0.0019999999999527063,0
0,2,event,977,0.0027079999999841675,0
0,2,event,978,0.002208999999993466,0
0,2,event,979,0.002292000000124972,0
0,2,event,980,0.0026670000002013694,0
0,2,event,981,0.0022910000000138098,0
0,2,event,982,0.002250000000003638,0
0,2,event,983,0.0027500000001055014,0
0,2,event,984,0.002165999999988344,0
0,2,event,985,0.002250000000003638,0
0,2,event,986,0.00254199999994853,0
0,2,event,987,0.002416999999923064,0
0,2,event,988,0.002334000000018932,0
0,2,event,989,0.002124999999978172,0
0,2,event,990,0.0020839999999680003,0
0,2,event,991,0.0028749999999035936,0
0,2,event,992,0.002040999999962878,0
0,2,event,993,0.002208000000109678,0
0,2,event,994,0.0029589999999188876,0
0,2,event,995,0.0029999999999290594,0
0,2,event,996,0.0027499999998781277,0
0,2,event,997,0.0022910000000138098,0
0,2,event,998,0.002207999999882304,0
0,2,event,999,0.0020839999999680003,0
0,2,burst,0,0.18791700000019773,14
0,2,burst,1,0.141917000000376,14
0,2,burst,2,0.14487499999995634,14
0,2,burst,3,0.1434169999997721,14
0,2,burst,4,0.1362080000003516,14
0,2,burst,5,0.13695899999993344,14
0,2,burst,6,0.1408329999999296,14
0,2,burst,7,0.14258299999983137,14
0,2,burst,8,0.142500000000382,14
0,2,burst,9,0.1520829999999478,14
0,2,burst,10,0.1391670000002705,14
0,2,burst,11,0.1374590000000353,14
0,2,burst,12,5.803334000000177,14
0,2,burst,13,0.14349999999967622,14
0,2,burst,14,0.12570800000003146,14
0,2,burst,15,0.12108299999999872,14
0,2,burst,16,0.11833299999989322,14
0,2,burst,17,0.11383299999988594,14
0,2,burst,18,0.1145409999999174,14
0,2,burst,19,0.11425000000008367,14
0,2,burst,20,0.11112500000035652,14
0,2,burst,21,0.12783300000000963,14
0,2,burst,22,1.4617919999996047,14
0,2,burst,23,0.2056670000001759,14
0,2,burst,24,0.20224999999982174,14
0,2,burst,25,0.13320900000007896,14
0,2,burst,26,21.8810840000001,14
0,2,burst,27,0.24020900000004985,14
0,2,burst,28,0.14333299999998417,14
0,2,burst,29,0.13391699999965567,14
0,2,burst,30,0.24395899999990434,14
0,2,burst,31,0.316541999999572,14
0,2,burst,32,0.13808399999970788,14
0,2,burst,33,0.13145899999972244,14
0,2,burst,34,0.1354590000000826,14
0,2,burst,35,0.15104199999996126,14
0,2,burst,36,2.1965000000000146,14
0,2,burst,37,0.14366699999982302,14
0,2,burst,38,0.17837499999995998,14
0,2,burst,39,0.13620899999978064,14
0,2,burst,40,0.1418749999997999,14
0,2,burst,41,0.131083000000217,14
0,2,burst,42,0.12787500000013097,14
0,2,burst,43,0.1691659999996773,14
0,2,burst,44,0.1319579999999405,14
0,2,burst,45,0.14012500000035288,14
0,2,burst,46,0.13495800000009694,14
0,2,burst,47,0.1402499999999236,14
0,2,burst,48,0.13099999999985812,14
0,2,burst,49,0.1354580000001988,14
0,2,burst,50,0.2588330000003225,14
0,2,burst,51,0.12754199999972116,14
0,2,burst,52,6.544208000000253,14
0,2,burst,53,0.14416699999992488,14
0,2,burst,54,0.12487499999997453,14
0,2,burst,55,0.1382909999997537,14
0,2,burst,56,0.11866599999984828,14
0,2,burst,57,0.11666600000035032,14
0,2,burst,58,0.11958300000014788,14
0,2,burst,59,0.12666699999999764,14
0,2,burst,60,0.11770900000010442,14
0,2,burst,61,0.15491700000029596,14
0,2,burst,62,0.12666699999999764,14
0,2,burst,63,0.12525000000005093,14
0,2,burst,64,0.13124999999990905,14
0,2,burst,65,0.1227920000001177,14
0,2,burst,66,0.12824999999975262,14
0,2,burst,67,0.12016700000003766,14
0,2,burst,68,0.13408399999980247,14
0,2,burst,69,0.1200420000000122,14
0,2,burst,70,0.12637499999982538,14
0,2,burst,71,0.12058299999989686,14
0,2,burst,72,0.11475000000018554,14
0,2,burst,73,0.12270800000032978,14
0,2,burst,74,0.19308300000011513,14
0,2,burst,75,0.12062499999956344,14
0,2,burst,76,0.11979199999996126,14
0,2,burst,77,0.12449999999989814,14
0,2,burst,78,0.1319579999999405,14
0,2,burst,79,0.12883400000009715,14
0,2,burst,80,0.11516699999992852,14
0,2,burst,81,0.11687500000016371,14
0,2,burst,82,0.12249999999994543,14
0,2,burst,83,0.12599999999974898,14
0,2,burst,84,0.12429099999963,14
0,2,burst,85,0.11629200000015771,14
0,2,burst,86,0.12425000000030195,14
0,2,burst,87,0.11875000000009095,14
0,2,burst,88,0.13079100000004473,14
0,2,burst,89,0.11145800000031159,14
0,2,burst,90,0.12533299999995506,14
0,2,burst,91,0.11408299999993687,14
0,2,burst,92,0.12495799999987867,14
0,2,burst,93,0.11583400000017718,14
0,2,burst,94,0.13137499999993452,14
0,2,burst,95,0.11574999999993452,14
0,2,burst,96,0.12395800000012969,14
0,2,burst,97,0.1426249999999527,14
0,2,burst,98,0.119499999999789,14
0,2,burst,99,0.12045899999975518,14
0,2,burst,100,0.12854200000037963,14
0,2,burst,101,0.11933399999998073,14
0,2,burst,102,0.11991699999998673,14
0,2,burst,103,0.12291699999968841,14
0,2,burst,104,0.11837500000001455,14
0,2,burst,105,0.1286670000004051,14
0,2,burst,106,0.1293749999999818,14
0,2,burst,107,0.11687500000016371,14
0,2,burst,108,0.12062500000001819,14
0,2,burst,109,0.1257500000001528,14
0,2,burst,110,0.11666700000023411,14
0,2,burst,111,0.125166000000263,14
0,2,burst,112,0.12095799999997325,14
0,2,burst,113,0.11879099999987375,14
0,2,burst,114,0.12033299999984592,14
0,2,burst,115,0.12745799999993324,14
0,2,burst,116,0.11570900000015172,14
0,2,burst,117,0.11887500000011642,14
0,2,burst,118,0.12312499999961801,14
0,2,burst,119,0.1123330000000351,14
0,2,burst,120,0.1307080000001406,14
0,2,burst,121,0.12783300000000963,14
0,2,burst,122,0.12733399999979156,14
0,2,burst,123,0.11254199999984849,14
0,2,burst,124,0.12512500000002547,14
0,2,burst,125,0.12049999999999272,14
0,2,burst,126,0.12316699999973935,14
0,2,burst,127,0.12387499999977081,14
0,2,burst,128,0.11699999999973443,14
0,2,burst,129,0.1190839999999298,14
0,2,burst,130,0.12329199999976481,14
0,2,burst,131,0.11970900000005713,14
0,2,burst,132,0.11533300000019153,14
0,2,burst,133,0.1273750000000291,14
0,2,burst,134,0.12729200000012497,14
0,2,burst,135,37.13087500000029,14
0,2,burst,136,0.1388329999999769,14
0,2,burst,137,0.13370800000029703,14
0,2,burst,138,0.12987500000008367,14
0,2,burst,139,0.13166700000010678,14
0,2,burst,140,0.2336249999998472,14
0,2,burst,141,0.22174999999970169,14
0,2,burst,142,0.13829200000009223,14
0,2,burst,143,0.13095900000007532,14
0,2,burst,144,0.1314580000002934,14
0,2,burst,145,0.13408299999991868,14
0,2,burst,146,0.12829099999999016,14
0,2,burst,147,0.1266659999996591,14
0,2,burst,148,0.2331659999999829,14
0,2,burst,149,0.15524999999979627,14
0,2,burst,150,0.12525000000005093,14
0,2,burst,151,0.11641700000018318,14
0,2,burst,152,0.118916999999783,14
0,2,burst,153,0.1161669999996775,14
0,2,burst,154,0.11474999999973079,14
0,2,burst,155,0.11349999999993088,14
0,2,burst,156,0.11833299999989322,14
0,2,burst,157,0.11266599999999016,14
0,2,burst,158,0.1130420000004051,14
0,2,burst,159,0.1119579999999587,14
0,2,burst,160,0.11408299999993687,14
0,2,burst,161,0.11429100000032122,14
0,2,burst,162,0.11241599999993923,14
0,2,burst,163,0.13958299999967494,14
0,2,burst,164,0.1155839999996715,14
0,2,burst,165,0.11291699999992488,14
0,2,burst,166,0.11370900000019901,14
0,2,burst,167,0.11170799999990777,14
0,2,burst,168,0.11491699999987759,14
0,2,burst,169,0.11220800000000963,14
0,2,burst,170,0.10991599999988466,14
0,2,burst,171,0.11104100000011385,14
0,2,burst,172,0.11212499999965075,14
0,2,burst,173,0.11033399999996618,14
0,2,burst,174,0.108791999999994,14
0,2,burst,175,0.11016699999981938,14
0,2,burst,176,0.11062500000025466,14
0,2,burst,177,0.11025000000017826,14
0,2,burst,178,0.11429099999986647,14
0,2,burst,179,0.1097500000000764,14
0,2,burst,180,0.10983399999986432,14
0,2,burst,181,0.12387499999977081,14
0,2,burst,182,0.11258299999963128,14
0,2,burst,183,0.10791699999981574,14
0,2,burst,184,0.10958400000026813,14
0,2,burst,185,0.11066699999992125,14
0,2,burst,186,0.11037500000020373,14
0,2,burst,187,0.11149999999997817,14
0,2,burst,188,0.11270799999965675,14
0,2,burst,189,0.1089999999999236,14
0,2,burst,190,0.10970800000040981,14
0,2,burst,191,0.1097909999998592,14
0,2,burst,192,0.11591599999974278,14
0,2,burst,193,0.11091699999997218,14
0,2,burst,194,0.10854199999994307,14
0,2,burst,195,0.10887499999989814,14
0,2,burst,196,0.1115420000000995,14
0,2,burst,197,38.156958999999915,14
0,2,burst,198,0.2149170000002414,14
0,2,burst,199,0.13175000000001091,14
0,2,burst,200,0.12045799999987139,14
0,2,burst,201,0.12099999999963984,14
0,2,burst,202,0.11404199999969933,14
0,2,burst,203,0.11341600000014296,14
0,2,burst,204,0.11320800000021336,14
0,2,burst,205,0.11391700000012861,14
0,2,burst,206,0.11924999999973807,14
0,2,burst,207,8.176249999999982,14
0,2,burst,208,0.15283400000043912,14
0,2,burst,209,0.12579199999981938,14
0,2,burst,210,0.11804199999960474,14
0,2,burst,211,0.11749999999983629,14
0,2,burst,212,0.11699999999973443,14
0,2,burst,213,0.11420799999996234,14
0,2,burst,214,0.11304100000006656,14
0,2,burst,215,0.1325000000001637,14
0,2,burst,216,0.11262500000020736,14
0,2,burst,217,0.1121250000001055,14
0,2,burst,218,0.11400000000003274,14
0,2,burst,219,0.11716700000033597,14
0,2,burst,220,0.11099999999987631,14
0,2,burst,221,0.11937499999976353,14
0,2,burst,222,0.11083300000018426,14
0,2,burst,223,0.11520799999971132,14
0,2,burst,224,0.11183299999993324,14
0,2,burst,225,0.11016700000027413,14
0,2,burst,226,0.11258399999996982,14
0,2,burst,227,0.11445800000001327,14
0,2,burst,228,0.11316699999997581,14
0,2,burst,229,0.11654200000020865,14
0,2,burst,230,0.11366700000007768,14
0,2,burst,231,0.11200000000008004,14
0,2,burst,232,0.11770799999976589,14
0,2,burst,233,0.11408299999993687,14
0,2,burst,234,0.11083299999972951,14
0,2,burst,235,0.11604099999976825,14
0,2,burst,236,0.11091600000008839,14
0,2,burst,237,0.11066700000037599,14
0,2,burst,238,0.11349999999993088,14
0,2,burst,239,0.1123330000000351,14
0,2,burst,240,0.1132500000003347,14
0,2,burst,241,0.1272079999998823,14
0,2,burst,242,0.11099999999987631,14
0,2,burst,243,0.11491700000033234,14
0,2,burst,244,0.11108400000011898,14
0,2,burst,245,0.11262500000020736,14
0,2,burst,246,0.10987500000010186,14
0,2,burst,247,0.11183400000027177,14
0,2,burst,248,0.11074999999982538,14
0,2,burst,249,0.11612500000001091,14
0,2,burst,250,0.11995799999976953,14
0,2,burst,251,0.11191599999983737,14
0,2,burst,252,0.1102920000002996,14
0,2,burst,253,0.11133299999983137,14
0,2,burst,254,0.11224999999967622,14
0,2,burst,255,0.10837499999979627,14
0,2,burst,256,0.11079199999994671,14
0,2,burst,257,0.11087499999985084,14
0,2,burst,258,0.11154100000021572,14
0,2,burst,259,0.11024999999972351,14
0,2,burst,260,0.11066600000003746,14
0,2,burst,261,0.10945799999990413,14
0,2,burst,262,0.11337499999990541,14
0,2,burst,263,0.10958399999981339,14
0,2,burst,264,0.12229200000001583,14
0,2,burst,265,0.11141700000007404,14
0,2,burst,266,0.11320799999975861,14
0,2,burst,267,0.10929099999975733,14
0,2,burst,268,0.12145800000007512,14
0,2,burst,269,0.11304100000006656,14
0,2,burst,270,0.1117909999998119,14
0,2,burst,271,0.11083300000018426,14
0,2,burst,272,0.11008300000003146,14
0,2,burst,273,0.1097500000000764,14
0,2,burst,274,0.1123330000000351,14
0,2,burst,275,0.11116700000002311,14
0,2,burst,276,0.11062499999979991,14
0,2,burst,277,0.11112499999990177,14
0,2,burst,278,0.11654200000020865,14
0,2,burst,279,0.11087499999985084,14
0,2,burst,280,0.10833300000012969,14
0,2,burst,281,0.13716699999986304,14
0,2,burst,282,0.11524999999983265,14
0,2,burst,283,0.11070800000015879,14
0,2,burst,284,0.10904200000004494,14
0,2,burst,285,0.11720800000011877,14
0,2,burst,286,0.11095800000020972,14
0,2,burst,287,0.11045800000010786,14
0,2,burst,288,0.11033399999996618,14
0,2,burst,289,0.10908400000016627,14
0,2,burst,290,0.11362499999995634,14
0,2,burst,291,0.11054100000001199,14
0,2,burst,292,0.1127080000001115,14
0,2,burst,293,0.10966700000017227,14
0,2,burst,294,0.10829100000000835,14
0,2,burst,295,0.1101250000001528,14
0,2,burst,296,0.11808299999984229,14
0,2,burst,297,0.1125409999999647,14
0,2,burst,298,0.11004200000024866,14
0,2,burst,299,0.1097500000000764,14
0,2,burst,300,0.11316599999963728,14
0,2,burst,301,0.12183300000015151,14
0,2,burst,302,0.11200000000008004,14
0,2,burst,303,0.10858300000018062,14
0,2,burst,304,0.11149999999997817,14
0,2,burst,305,0.1172919999999067,14
0,2,burst,306,0.10804200000029596,14
0,2,burst,307,0.11537499999985812,14
0,2,burst,308,0.1097500000000764,14
0,2,burst,309,0.11429099999986647,14
0,2,burst,310,0.10850000000027649,14
0,2,burst,311,0.11095900000009351,14
0,2,burst,312,0.11183400000027177,14
0,2,burst,313,0.11479199999985212,14
0,2,burst,314,0.11374999999998181,14
0,2,burst,315,0.10870799999975134,14
0,2,burst,316,0.11095799999975497,14
0,2,burst,317,0.1156660000001466,14
0,2,burst,318,0.11716700000033597,14
0,2,burst,319,0.11083400000006804,14
0,2,burst,320,0.11200000000008004,14
0,2,burst,321,0.11833400000023175,14
0,2,burst,322,0.10924999999997453,14
0,2,burst,323,0.11466699999982666,14
0,2,burst,324,0.11433300000044255,14
0,2,burst,325,0.11370799999986048,14
0,2,burst,326,0.11083400000006804,14
0,2,burst,327,0.10999999999967258,14
0,2,burst,328,0.11295800000016243,14
0,2,burst,329,0.11345800000026429,14
0,2,burst,330,0.109958000000006,14
0,2,burst,331,0.10883399999966059,14
0,2,burst,332,0.10945899999978792,14
0,2,burst,333,0.11425000000008367,14
0,2,burst,334,0.11066600000003746,14
0,2,burst,335,0.11691599999994651,14
0,2,burst,336,0.12133300000004965,14
0,2,burst,337,0.11229099999991377,14
0,2,burst,338,0.109958000000006,14
0,2,burst,339,0.11079100000006292,14
0,2,burst,340,0.10820800000010422,14
0,2,burst,341,0.11191599999983737,14
0,2,burst,342,0.10983299999998053,14
0,2,burst,343,0.11008300000003146,14
0,2,burst,344,0.10770899999988615,14
0,2,burst,345,0.11124999999992724,14
0,2,burst,346,0.1073750000000473,14
0,2,burst,347,0.11037500000020373,14
0,2,burst,348,0.11216600000034305,14
0,2,burst,349,0.11341600000014296,14
0,2,burst,350,0.10870799999975134,14
0,2,burst,351,0.1084579999997004,14
0,2,burst,352,0.1128750000002583,14
0,2,burst,353,0.10866600000008475,14
0,2,burst,354,0.1092079999998532,14
0,2,burst,355,0.11149999999997817,14
0,2,burst,356,0.11062499999979991,14
0,2,burst,357,0.10912499999994907,14
0,2,burst,358,0.10800000000017462,14
0,2,burst,359,146.23687500000005,14
0,2,burst,360,0.23941699999977573,14
0,2,burst,361,0.2578750000002401,14
0,2,burst,362,0.17250000000012733,14
0,2,burst,363,0.16620800000009694,14
0,2,burst,364,0.19962500000019645,14
0,2,burst,365,0.5951669999999467,14
0,2,burst,366,0.1400829999997768,14
0,2,burst,367,0.14129200000024866,14
0,2,burst,368,0.1463330000001406,14
0,2,burst,369,0.1289160000001175,14
0,2,burst,370,0.16800000000012005,14
0,2,burst,371,0.13041599999996834,14
0,2,burst,372,0.13099999999985812,14
0,2,burst,373,0.20412500000020373,14
0,2,burst,374,0.15204199999971024,14
0,2,burst,375,0.13241700000025958,14
0,2,burst,376,0.13029199999982666,14
0,2,burst,377,0.131666000000223,14
0,2,burst,378,0.13712500000019645,14
0,2,burst,379,0.12820899999996982,14
0,2,burst,380,0.12933300000031522,14
0,2,burst,381,0.1950419999998303,14
0,2,burst,382,0.13020900000037727,14
0,2,burst,383,0.12920900000017355,14
0,2,burst,384,0.12866699999995035,14
0,2,burst,385,0.1390000000001237,14
0,2,burst,386,0.21058399999992616,14
0,2,burst,387,0.16208400000004985,14
0,2,burst,388,0.12712499999997817,14
0,2,burst,389,0.11974999999983993,14
0,2,burst,390,0.11541699999997945,14
0,2,burst,391,0.11549999999988358,14
0,2,burst,392,0.12270800000032978,14
0,2,burst,393,0.11558300000024246,14
0,2,burst,394,0.11308400000007168,14
0,2,burst,395,0.11408400000027541,14
0,2,burst,396,0.11241700000027777,14
0,2,burst,397,0.11462500000016007,14
0,2,burst,398,0.11174999999957436,14
0,2,burst,399,0.11366599999973914,14
0,2,burst,400,0.11095799999975497,14
0,2,burst,401,0.11587499999995998,14
0,2,burst,402,0.11320799999975861,14
0,2,burst,403,0.11812499999996362,14
0,2,burst,404,0.11037500000020373,14
0,2,burst,405,0.11904099999992468,14
0,2,burst,406,0.11554099999966638,14
0,2,burst,407,0.1145000000001346,14
0,2,burst,408,0.109375,14
0,2,burst,409,0.11124999999992724,14
0,2,burst,410,0.10850000000027649,14
0,2,burst,411,0.1143329999999878,14
0,2,burst,412,0.11116700000002311,14
0,2,burst,413,0.11370900000019901,14
0,2,burst,414,0.10883399999966059,14
0,2,burst,415,0.11158399999976609,14
0,2,burst,416,0.10920800000030795,14
0,2,burst,417,0.11358299999983501,14
0,2,burst,418,0.11112500000035652,14
0,2,burst,419,0.11266699999987395,14
0,2,burst,420,0.12124999999969077,14
0,2,burst,421,0.11612500000001091,14
0,2,burst,422,0.12154199999986304,14
0,2,burst,423,0.11158300000033705,14
0,2,burst,424,0.1113749999999527,14
0,2,burst,425,0.11033300000008239,14
0,2,burst,426,0.10891599999968093,14
0,2,burst,427,0.11162500000000364,14
0,2,burst,428,0.11058300000013332,14
0,2,burst,429,0.11329100000011749,14
0,2,burst,430,0.11195800000041345,14
0,2,burst,431,0.1130830000001879,14
0,2,burst,432,0.11049999999977445,14
0,2,burst,433,0.11162500000000364,14
0,2,burst,434,0.11191599999983737,14
0,2,burst,435,0.11675000000013824,14
0,2,burst,436,0.11070900000004258,14
0,2,burst,437,0.11020900000039546,14
0,2,burst,438,0.10904200000004494,14
0,2,burst,439,0.11049999999977445,14
0,2,burst,440,0.113999999999578,14
0,2,burst,441,0.1123330000000351,14
0,2,burst,442,0.11095799999975497,14
0,2,burst,443,0.1114159999997355,14
0,2,burst,444,0.10779200000024503,14
0,2,burst,445,0.10979199999974298,14
0,2,burst,446,0.10991699999976845,14
0,2,burst,447,0.10970799999995506,14
0,2,burst,448,0.11149999999997817,14
0,2,burst,449,0.12062499999956344,14
0,2,burst,450,0.11145799999985684,14
0,2,burst,451,0.1101250000001528,14
0,2,burst,452,0.10979199999974298,14
0,2,burst,453,0.108791999999994,14
0,2,burst,454,0.11345799999980954,14
0,2,burst,455,0.10987500000010186,14
0,2,burst,456,0.11304199999995035,14
0,2,burst,457,0.1101250000001528,14
0,2,burst,458,0.11641600000029939,14
0,2,burst,459,0.10916600000018661,14
0,2,burst,460,0.11066699999992125,14
0,2,burst,461,0.11054199999989578,14
0,2,burst,462,0.11420799999996234,14
0,2,burst,463,0.115458000000217,14
0,2,burst,464,0.12579200000027413,14
0,2,burst,465,0.11208299999998417,14
0,2,burst,466,0.11308299999973315,14
0,2,burst,467,0.10945900000024267,14
0,2,burst,468,0.11004200000024866,14
0,2,burst,469,0.11049999999977445,14
0,2,burst,470,0.11095900000009351,14
0,2,burst,471,0.11091699999997218,14
0,2,burst,472,0.10783399999991161,14
0,2,burst,473,0.11395800000036616,14
0,2,burst,474,0.1282920000003287,14
0,2,burst,475,0.11408400000027541,14
0,2,burst,476,0.11225000000013097,14
0,2,burst,477,0.11000000000012733,14
0,2,burst,478,0.1230000000000473,14
0,2,burst,479,0.11429099999986647,14
0,2,burst,480,0.10904200000004494,14
0,2,burst,481,0.1117090000002463,14
0,2,burst,482,0.10945799999990413,14
0,2,burst,483,0.1102910000004158,14
0,2,burst,484,0.10908299999982773,14
0,2,burst,485,0.11070800000015879,14
0,2,burst,486,0.11808299999984229,14
0,2,burst,487,0.10783399999991161,14
0,2,burst,488,0.10941700000012133,14
0,2,burst,489,0.10929200000009587,14
0,2,burst,490,0.11200000000008004,14
0,2,burst,491,0.11274999999977808,14
0,2,burst,492,0.12029200000006313,14
0,2,burst,493,0.11774999999988722,14
0,2,burst,494,0.11116600000013932,14
0,2,burst,495,0.10979200000019773,14
0,2,burst,496,0.10812500000020009,14
0,2,burst,497,0.11087500000030559,14
0,2,burst,498,0.11758400000007896,14
0,2,burst,499,0.10858300000018062,14
0,2,burst,500,0.10775000000012369,14
0,2,burst,501,0.11304100000006656,14
0,2,burst,502,0.11162500000000364,14
0,2,burst,503,0.11062499999979991,14
0,2,burst,504,0.10874999999987267,14
0,2,burst,505,0.11320799999975861,14
0,2,burst,506,0.10816699999986668,14
0,2,burst,507,0.11670800000001691,14
0,2,burst,508,0.11066699999992125,14
0,2,burst,509,0.11549999999988358,14
0,2,burst,510,0.11487499999975626,14
0,2,burst,511,0.11474999999973079,14
0,2,burst,512,0.11258300000008603,14
0,2,burst,513,0.11783400000012989,14
0,2,burst,514,0.11237500000015643,14
0,2,burst,515,0.11358300000028976,14
0,2,burst,516,0.10966599999983373,14
0,2,burst,517,0.1167499999996835,14
0,2,burst,518,0.11191699999972116,14
0,2,burst,519,0.11400000000003274,14
0,2,burst,520,0.11095800000020972,14
0,2,burst,521,0.12666600000011385,14
0,2,burst,522,0.11179100000026665,14
0,2,burst,523,0.12487499999997453,14
0,2,burst,524,0.11449999999967986,14
0,2,burst,525,0.11645799999996598,14
0,2,burst,526,0.11541699999997945,14
0,2,burst,527,0.11862500000006548,14
0,2,burst,528,0.11312499999985448,14
0,2,burst,529,0.11041599999998652,14
0,2,burst,530,0.1123330000000351,14
0,2,burst,531,0.11429200000020501,14
0,2,burst,532,0.10891700000001947,14
0,2,burst,533,0.1121250000001055,14
0,2,burst,534,0.11470899999994799,14
0,2,burst,535,0.11566700000003038,14
0,2,burst,536,0.11620799999991505,14
0,2,burst,537,0.13154099999974278,14
0,2,burst,538,0.13408299999991868,14
0,2,burst,539,0.11079199999994671,14
0,2,burst,540,0.1171249999997599,14
0,2,burst,541,0.11266699999987395,14
0,2,burst,542,0.12249999999994543,14
0,2,burst,543,0.11445800000001327,14
0,2,burst,544,0.1097909999998592,14
0,2,burst,545,0.1137919999996484,14
0,2,burst,546,0.11420899999984613,14
0,2,burst,547,0.1132089999996424,14
0,2,burst,548,0.11112499999990177,14
0,2,burst,549,0.11925000000019281,14
0,2,burst,550,0.11570800000026793,14
0,2,burst,551,0.11329100000011749,14
0,2,burst,552,0.11608299999988958,14
0,2,burst,553,0.11695800000006784,14
0,2,burst,554,0.11029199999984485,14
0,2,burst,555,0.11908300000004601,14
0,2,burst,556,0.11112499999990177,14
0,2,burst,557,0.11441699999977573,14
0,2,burst,558,0.10900000000037835,14
0,2,burst,559,0.11508400000002439,14
0,2,burst,560,0.11608400000022812,14
0,2,burst,561,0.11587499999995998,14
0,2,burst,562,0.11066600000003746,14
0,2,burst,563,0.11225000000013097,14
0,2,burst,564,0.1145409999999174,14
0,2,burst,565,0.1180000000003929,14
0,2,burst,566,0.10858299999972587,14
0,2,burst,567,0.11204099999986283,14
0,2,burst,568,0.11474999999973079,14
0,2,burst,569,0.11129200000004857,14
0,2,burst,570,0.1112089999996897,14
0,2,burst,571,0.12012499999991633,14
0,2,burst,572,0.11795799999981682,14
0,2,burst,573,0.10983299999998053,14
0,2,burst,574,0.10999999999967258,14
0,2,burst,575,0.13754199999993943,14
0,2,burst,576,0.10841699999991761,14
0,2,burst,577,0.11629099999981918,14
0,2,burst,578,0.10354199999983393,14
0,2,burst,579,0.1139589999997952,14
0,2,burst,580,0.09370899999976245,14
0,2,burst,581,0.10358399999995527,14
0,2,burst,582,0.10745900000028996,14
0,2,burst,583,0.1132500000003347,14
0,2,burst,584,0.1047910000002048,14
0,2,burst,585,0.10158300000011877,14
0,2,burst,586,0.10258299999986775,14
0,2,burst,587,0.11116700000002311,14
0,2,burst,588,0.09783400000014808,14
0,2,burst,589,0.1069590000001881,14
0,2,burst,590,0.10066700000015771,14
0,2,burst,591,0.10399999999981446,14
0,2,burst,592,0.10020799999983865,14
0,2,burst,593,0.11041699999987031,14
0,2,burst,594,0.10037499999998545,14
0,2,burst,595,0.11312499999985448,14
0,2,burst,596,0.10333300000002055,14
0,2,burst,597,0.11654099999987011,14
0,2,burst,598,0.11145799999985684,14
0,2,burst,599,0.10362499999973807,14
0,2,burst,600,0.0963329999999587,14
0,2,burst,601,0.109958000000006,14
0,2,burst,602,0.10512500000004366,14
0,2,burst,603,0.09979199999997945,14
0,2,burst,604,0.10670799999979863,14
0,2,burst,605,0.1610000000000582,14
0,2,burst,606,0.10537500000009459,14
0,2,burst,607,0.1014580000000933,14
0,2,burst,608,0.10287500000004002,14
0,2,burst,609,166.0360840000003,14
0,2,burst,610,0.18008400000007896,14
0,2,burst,611,0.15970799999968222,14
0,2,burst,612,0.1439580000001115,14
0,2,burst,613,0.15483399999993708,14
0,2,burst,614,0.1408339999998134,14
0,2,burst,615,0.1413750000001528,14
0,2,burst,616,0.13704200000029232,14
0,2,burst,617,0.1354999999998654,14
0,2,burst,618,0.13687499999969077,14
0,2,burst,619,0.1358749999999418,14
0,2,burst,620,0.13599999999996726,14
0,2,burst,621,0.14629199999990306,14
0,2,burst,622,0.13558300000022427,14
0,2,burst,623,0.13758300000017698,14
0,2,burst,624,0.13770900000008623,14
0,2,burst,625,0.13466699999980847,14
0,2,burst,626,0.13683299999956944,14
0,2,burst,627,0.13400000000001455,14
0,2,burst,628,0.13720800000010058,14
0,2,burst,629,0.1374999999998181,14
0,2,burst,630,0.136290999999801,14
0,2,burst,631,0.135707999999795,14
0,2,burst,632,0.13466599999992468,14
0,2,burst,633,0.13641599999982645,14
0,2,burst,634,0.13629100000025574,14
0,2,burst,635,0.1392080000000533,14
0,2,burst,636,0.13429200000018682,14
0,2,burst,637,0.13395900000023175,14
0,2,burst,638,0.14970799999991868,14
0,2,burst,639,0.13429199999973207,14
0,2,burst,640,0.1332919999999831,14
0,2,burst,641,0.1321250000000873,14
0,2,burst,642,0.1367089999998825,14
0,2,burst,643,0.13170800000034433,14
0,2,burst,644,0.13412500000004002,14
0,2,burst,645,0.13220900000032998,14
0,2,burst,646,0.13387499999998909,14
0,2,burst,647,0.13500000000021828,14
0,2,burst,648,0.13137499999993452,14
0,2,burst,649,0.13058399999999892,14
0,2,burst,650,0.1337079999998423,14
0,2,burst,651,0.13154099999974278,14
0,2,burst,652,0.13658299999997325,14
0,2,burst,653,0.13162499999998545,14
0,2,burst,654,0.13937499999974534,14
0,2,burst,655,0.13145899999972244,14
0,2,burst,656,0.1330420000003869,14
0,2,burst,657,0.13200000000006185,14
0,2,burst,658,0.13354200000003402,14
0,2,burst,659,0.13279199999988123,14
0,2,burst,660,0.13579200000003766,14
0,2,burst,661,0.13283400000000256,14
0,2,burst,662,0.1336670000000595,14
0,2,burst,663,0.1295420000001286,14
0,2,burst,664,0.1297919999997248,14
0,2,burst,665,0.139332999999624,14
0,2,burst,666,0.13333300000022064,14
0,2,burst,667,0.13520800000014788,14
0,2,burst,668,0.13175000000001091,14
0,2,burst,669,0.13116600000012113,14
0,2,burst,670,0.13637500000004366,14
0,2,burst,671,0.13708300000007512,14
0,2,burst,672,0.13362499999993815,14
0,2,burst,673,0.13441700000021228,14
0,2,burst,674,0.13541699999996126,14
0,2,burst,675,0.13241700000025958,14
0,2,burst,676,0.1348750000001928,14
0,2,burst,677,0.13466699999980847,14
0,2,burst,678,0.130333999999948,14
0,2,burst,679,0.13108299999976225,14
0,2,burst,680,0.13445799999999508,14
0,2,burst,681,0.13895800000000236,14
0,2,burst,682,0.13704199999983757,14
0,2,burst,683,0.13450000000011642,14
0,2,burst,684,0.13287499999978536,14
0,2,burst,685,0.13624999999956344,14
0,2,burst,686,0.13083300000016607,14
0,2,burst,687,0.13241699999980483,14
0,2,burst,688,0.13104199999997945,14
0,2,burst,689,0.1414159999999356,14
0,2,burst,690,0.13175000000001091,14
0,2,burst,691,0.1329169999999067,14
0,2,burst,692,0.1341669999997066,14
0,2,burst,693,0.13337499999988722,14
0,2,burst,694,0.13099999999985812,14
0,2,burst,695,0.13512500000024374,14
0,2,burst,696,0.13391599999977188,14
0,2,burst,697,0.13295800000014424,14
0,2,burst,698,0.13129200000003038,14
0,2,burst,699,0.13112499999988358,14
0,2,burst,700,0.1301669999998012,14
0,2,burst,701,0.13508299999966766,14
0,2,burst,702,0.1297500000000582,14
0,2,burst,703,0.13437500000009095,14
0,2,burst,704,0.13208300000042072,14
0,2,burst,705,0.13412500000004002,14
0,2,burst,706,0.1350830000001224,14
0,2,burst,707,0.1319579999999405,14
0,2,burst,708,0.13041699999985212,14
0,2,burst,709,0.13404099999979735,14
0,2,burst,710,0.13700000000017099,14
0,2,burst,711,0.1303330000000642,14
0,2,burst,712,0.13020800000003874,14
0,2,burst,713,0.13420799999994415,14
0,2,burst,714,0.14645900000004985,14
0,2,burst,715,0.12983299999996234,14
0,2,burst,716,0.13616599999977552,14
0,2,burst,717,0.1345409999998992,14
0,2,burst,718,0.12866600000006656,14
0,2,burst,719,0.13229199999977936,14
0,2,burst,720,0.13079199999992852,14
0,2,burst,721,0.13275000000021464,14
0,2,burst,722,0.13029099999994287,14
0,2,burst,723,0.13000000000010914,14
0,2,burst,724,105.03499999999985,14
0,2,burst,725,0.27312499999970896,14
0,2,burst,726,0.15691599999991013,14
0,2,burst,727,0.14174999999977445,14
0,2,burst,728,0.1430000000000291,14
0,2,burst,729,0.13783399999965695,14
0,2,burst,730,0.13425000000006548,14
0,2,burst,731,0.13683399999990797,14
0,2,burst,732,0.13737500000024738,14
0,2,burst,733,0.134708000000046,14
0,2,burst,734,0.1382090000001881,14
0,2,burst,735,0.13379200000008495,14
0,2,burst,736,0.1358749999999418,14
0,2,burst,737,0.13333300000022064,14
0,2,burst,738,0.13570900000013353,14
0,2,burst,739,0.13837499999999636,14
0,2,burst,740,0.13445899999987887,14
0,2,burst,741,0.15008300000044983,14
0,2,burst,742,0.13641599999982645,14
0,2,burst,743,0.13633299999992232,14
0,2,burst,744,0.13262500000018917,14
0,2,burst,745,0.13475000000016735,14
0,2,burst,746,0.13445900000033362,14
0,2,burst,747,0.13245800000004238,14
0,2,burst,748,0.13333300000022064,14
0,2,burst,749,0.12962500000003274,14
0,2,burst,750,0.1332919999999831,14
0,2,burst,751,0.1329169999999067,14
0,2,burst,752,0.13512500000024374,14
0,2,burst,753,58.09408399999984,14
0,2,burst,754,0.1405830000003334,14
0,2,burst,755,0.12512500000002547,14
0,2,burst,756,0.12212500000032378,14
0,2,burst,757,0.1176250000003165,14
0,2,burst,758,0.11520900000004985,14
0,2,burst,759,0.13520800000014788,14
0,2,burst,760,0.11816600000020117,14
0,2,burst,761,0.11641699999972843,14
0,2,burst,762,0.11524999999983265,14
0,2,burst,763,0.11387500000000728,14
0,2,burst,764,0.11820900000020629,14
0,2,burst,765,0.11374999999998181,14
0,2,burst,766,0.11491699999987759,14
0,2,burst,767,0.11595799999986411,14
0,2,burst,768,0.11412500000005821,14
0,2,burst,769,0.11354200000005221,14
0,2,burst,770,0.11183299999993324,14
0,2,burst,771,0.11170799999990777,14
0,2,burst,772,0.11554100000012113,14
0,2,burst,773,0.11129200000004857,14
0,2,burst,774,0.11104199999999764,14
0,2,burst,775,0.11483399999997346,14
0,2,burst,776,0.12095900000031179,14
0,2,burst,777,0.11158400000022084,14
0,2,burst,778,0.11158400000022084,14
0,2,burst,779,0.11345900000014808,14
0,2,burst,780,0.1099170000002232,14
0,2,burst,781,0.11149999999997817,14
0,2,burst,782,0.1170830000000933,14
0,2,burst,783,0.11462500000016007,14
0,2,burst,784,0.10958400000026813,14
0,2,burst,785,0.11395900000024994,14
0,2,burst,786,0.11504199999990306,14
0,2,burst,787,0.11424999999962893,14
0,2,burst,788,0.11099999999987631,14
0,2,burst,789,0.11141699999961929,14
0,2,burst,790,0.11220899999989342,14
0,2,burst,791,0.1190839999999298,14
0,2,burst,792,0.11199999999962529,14
0,2,burst,793,0.1212919999998121,14
0,2,burst,794,0.11695899999995163,14
0,2,burst,795,0.11499999999978172,14
0,2,burst,796,0.11474999999973079,14
0,2,burst,797,0.11479199999985212,14
0,2,burst,798,0.11087499999985084,14
0,2,burst,799,0.11304199999995035,14
0,2,burst,800,0.11225000000013097,14
0,2,burst,801,0.11383299999988594,14
0,2,burst,802,0.11033300000008239,14
0,2,burst,803,0.11516699999992852,14
0,2,burst,804,0.11062499999979991,14
0,2,burst,805,0.11316599999963728,14
0,2,burst,806,0.11049999999977445,14
0,2,burst,807,0.11287499999980355,14
0,2,burst,808,0.11074999999982538,14
0,2,burst,809,0.11475000000018554,14
0,2,burst,810,0.1240829999997004,14
0,2,burst,811,0.11337499999990541,14
0,2,burst,812,0.11237499999970169,14
0,2,burst,813,0.11245800000006057,14
0,2,burst,814,0.10929100000021208,14
0,2,burst,815,0.11179100000026665,14
0,2,burst,816,0.11112500000035652,14
0,2,burst,817,0.10987500000010186,14
0,2,burst,818,0.11162500000000364,14
0,2,burst,819,0.11162500000000364,14
0,2,burst,820,0.11020800000005693,14
0,2,burst,821,0.11533400000007532,14
0,2,burst,822,0.10929200000009587,14
0,2,burst,823,0.11062499999979991,14
0,2,burst,824,0.11358300000028976,14
0,2,burst,825,0.11320900000009715,14
0,2,burst,826,0.11145799999985684,14
0,2,burst,827,0.11795799999981682,14
0,2,burst,828,0.1101250000001528,14
0,2,burst,829,0.11187500000005457,14
0,2,burst,830,0.11099999999987631,14
0,2,burst,831,0.11295799999970768,14
0,2,burst,832,0.11312499999985448,14
0,2,burst,833,0.11133300000028612,14
0,2,burst,834,0.11129200000004857,14
0,2,burst,835,0.11158400000022084,14
0,2,burst,836,0.11183299999993324,14
0,2,burst,837,0.10954199999969205,14
0,2,burst,838,0.11641700000018318,14
0,2,burst,839,0.1113749999999527,14
0,2,burst,840,0.1119579999999587,14
0,2,burst,841,0.10995900000034453,14
0,2,burst,842,0.11379200000010314,14
0,2,burst,843,0.11637500000006185,14
0,2,burst,844,0.11087499999985084,14
0,2,burst,845,0.11187500000005457,14
0,2,burst,846,0.11241699999982302,14
0,2,burst,847,0.11004200000024866,14
0,2,burst,848,0.11183400000027177,14
0,2,burst,849,0.11112500000035652,14
0,2,burst,850,0.1117909999998119,14
0,2,burst,851,0.1101250000001528,14
0,2,burst,852,0.11408399999982066,14
0,2,burst,853,0.11024999999972351,14
0,2,burst,854,0.11337500000036016,14
0,2,burst,855,0.1097500000000764,14
0,2,burst,856,0.1099170000002232,14
0,2,burst,857,0.11533299999973678,14
0,2,burst,858,0.11183400000027177,14
0,2,burst,859,0.11083300000018426,14
0,2,burst,860,0.11241599999993923,14
0,2,burst,861,0.10950000000002547,14
0,2,burst,862,0.11562499999990905,14
0,2,burst,863,0.11129099999971004,14
0,2,burst,864,0.1097500000000764,14
0,2,burst,865,0.10804200000029596,14
0,2,burst,866,0.11162500000000364,14
0,2,burst,867,0.11370799999986048,14
0,2,burst,868,0.10945799999990413,14
0,2,burst,869,0.1072079999999005,14
0,2,burst,870,0.1113749999999527,14
0,2,burst,871,0.11066600000003746,14
0,2,burst,872,0.11033300000008239,14
0,2,burst,873,0.11054100000001199,14
0,2,burst,874,0.10966699999971752,14
0,2,burst,875,0.10887499999989814,14
0,2,burst,876,0.1097909999998592,14
0,2,burst,877,0.11249999999972715,14
0,2,burst,878,0.11337499999990541,14
0,2,burst,879,0.11095900000009351,14
0,2,burst,880,0.1085840000000644,14
0,2,burst,881,0.11604200000010678,14
0,2,burst,882,0.10808300000007875,14
0,2,burst,883,0.10904200000004494,14
0,2,burst,884,0.10841599999957907,14
0,2,burst,885,0.1101250000001528,14
0,2,burst,886,0.11045899999999165,14
0,2,burst,887,0.10874999999987267,14
0,2,burst,888,0.10770800000000236,14
0,2,burst,889,0.11020800000005693,14
0,2,burst,890,0.10945799999990413,14
0,2,burst,891,0.11274999999977808,14
0,2,burst,892,0.10966700000017227,14
0,2,burst,893,0.11608400000022812,14
0,2,burst,894,0.109375,14
0,2,burst,895,0.11441599999989194,14
0,2,burst,896,0.11170799999990777,14
0,2,burst,897,0.1125000000001819,14
0,2,burst,898,0.10691700000006676,14
0,2,burst,899,0.10837499999979627,14
0,2,burst,900,0.10774999999966894,14
0,2,burst,901,0.11333399999966787,14
0,2,burst,902,0.10829199999989214,14
0,2,burst,903,0.10895800000025702,14
0,2,burst,904,0.10837500000025102,14
0,2,burst,905,0.1121250000001055,14
0,2,burst,906,0.11041700000032506,14
0,2,burst,907,0.10995899999988978,14
0,2,burst,908,0.10941700000012133,14
0,2,burst,909,0.11158399999976609,14
0,2,burst,910,0.11400000000003274,14
0,2,burst,911,0.11054100000001199,14
0,2,burst,912,0.10849999999982174,14
0,2,burst,913,0.11362499999995634,14
0,2,burst,914,0.11441599999989194,14
0,2,burst,915,0.11475000000018554,14
0,2,burst,916,0.10820899999998801,14
0,2,burst,917,0.11420900000030088,14
0,2,burst,918,0.1329169999999067,14
0,2,burst,919,0.11024999999972351,14
0,2,burst,920,0.10891700000001947,14
0,2,burst,921,0.11258399999996982,14
0,2,burst,922,0.10904200000004494,14
0,2,burst,923,0.11050000000022919,14
0,2,burst,924,0.11587499999995998,14
0,2,burst,925,0.11058300000013332,14
0,2,burst,926,0.11116599999968457,14
0,2,burst,927,0.10933299999987867,14
0,2,burst,928,0.1143329999999878,14
0,2,burst,929,0.1170830000000933,14
0,2,burst,930,0.109958000000006,14
0,2,burst,931,0.11549999999988358,14
0,2,burst,932,0.11116600000013932,14
0,2,burst,933,0.1095420000001468,14
0,2,burst,934,0.10904200000004494,14
0,2,burst,935,0.11129199999959383,14
0,2,burst,936,0.11112499999990177,14
0,2,burst,937,0.1091670000000704,14
0,2,burst,938,0.11475000000018554,14
0,2,burst,939,0.11045899999999165,14
0,2,burst,940,0.11066699999992125,14
0,2,burst,941,0.10962500000005093,14
0,2,burst,942,0.11020800000005693,14
0,2,burst,943,0.1091670000000704,14
0,2,burst,944,0.11604200000010678,14
0,2,burst,945,0.10924999999997453,14
0,2,burst,946,0.10808300000007875,14
0,2,burst,947,0.10866600000008475,14
0,2,burst,948,0.11849999999958527,14
0,2,burst,949,0.10941600000023755,14
0,2,burst,950,0.10941699999966659,14
0,2,burst,951,0.10775000000012369,14
0,2,burst,952,0.11075000000028012,14
0,2,burst,953,0.11554100000012113,14
0,2,burst,954,0.11008300000003146,14
0,2,burst,955,0.11000000000012733,14
0,2,burst,956,0.1117090000002463,14
0,2,burst,957,0.11029199999984485,14
0,2,burst,958,0.10829199999989214,14
0,2,burst,959,0.1089590000001408,14
0,2,burst,960,0.11195900000029724,14
0,2,burst,961,0.10816699999986668,14
0,2,burst,962,0.10912499999994907,14
0,2,burst,963,0.10812500000020009,14
0,2,burst,964,0.1114159999997355,14
0,2,burst,965,0.12258299999984956,14
0,2,burst,966,0.11499999999978172,14
0,2,burst,967,0.1157919999996011,14
0,2,burst,968,0.11295799999970768,14
0,2,burst,969,0.1123330000000351,14
0,2,burst,970,0.10870800000020608,14
0,2,burst,971,0.11041599999998652,14
0,2,burst,972,0.1121250000001055,14
0,2,burst,973,0.11033300000008239,14
0,2,burst,974,0.10966699999971752,14
0,2,burst,975,0.11254199999984849,14
0,2,burst,976,0.11162500000000364,14
0,2,burst,977,0.1085840000000644,14
0,2,burst,978,0.12458399999968606,14
0,2,burst,979,0.11408299999993687,14
0,2,burst,980,0.11079100000006292,14
0,2,burst,981,0.11279199999989942,14
0,2,burst,982,0.10950000000002547,14
0,2,burst,983,0.11699999999973443,14
0,2,burst,984,0.1067920000000413,14
0,2,burst,985,0.11149999999997817,14
0,2,burst,986,0.11104199999999764,14
0,2,burst,987,0.11275000000023283,14
0,2,burst,988,0.10787500000014916,14
0,2,burst,989,0.1366250000000946,14
0,2,burst,990,0.11370900000019901,14
0,2,burst,991,0.1265000000003056,14
0,2,burst,992,0.11400000000003274,14
0,2,burst,993,0.11866599999984828,14
0,2,burst,994,0.11116700000002311,14
0,2,burst,995,0.12308299999995143,14
0,2,burst,996,0.1266249999998763,14
0,2,burst,997,0.1325000000001637,14
0,2,burst,998,0.12070900000026086,14
0,2,burst,999,0.12449999999989814,14
0,4,idle,0,0.002250000000003638,0
0,4,idle,1,0.002207999999882304,0
0,4,idle,2,0.0026670000002013694,0
0,4,idle,3,0.002250000000003638,0
0,4,idle,4,0.003582999999707681,0
0,4,idle,5,0.002250000000003638,0
0,4,idle,6,0.0020829999998568383,0
0,4,idle,7,0.0027079999999841675,0
0,4,idle,8,0.00220900000022084,0
0,4,idle,9,0.003917000000001281,0
0,4,idle,10,0.0025829999999587017,0
0,4,idle,11,0.002250000000003638,0
0,4,idle,12,0.002791999999772088,0
0,4,idle,13,0.002207999999882304,0
0,4,idle,14,0.0020829999998568383,0
0,4,idle,15,0.0022919999996702245,0
0,4,idle,16,0.002124999999978172,0
0,4,idle,17,0.0025000000000545697,0
0,4,idle,18,0.0029589999999188876,0
0,4,idle,19,0.002250000000003638,0
0,4,idle,20,0.002292000000124972,0
0,4,idle,21,0.002375000000029104,0
0,4,idle,22,0.002167000000099506,0
0,4,idle,23,0.003416999999899417,0
0,4,idle,24,0.0024170000001504377,0
0,4,idle,25,0.00233299999990777,0
0,4,idle,26,0.002250000000003638,0
0,4,idle,27,0.0026670000002013694,0
0,4,idle,28,0.0028750000001309672,0
0,4,idle,29,0.0021660000002157176,0
0,4,idle,30,0.0028330000000096334,0
0,4,idle,31,0.0022089999997660925,0
0,4,idle,32,0.0021669999996447586,0
0,4,idle,33,0.0027500000001055014,0
0,4,idle,34,0.0021659999997609702,0
0,4,idle,35,0.008041999999932159,0
0,4,idle,36,0.002375000000029104,0
0,4,idle,37,0.002167000000099506,0
0,4,idle,38,0.0022919999996702245,0
0,4,idle,39,0.0025420000001759036,0
0,4,idle,40,0.0023340000002463057,0
0,4,idle,41,0.002167000000099506,0
0,4,idle,42,0.0021659999997609702,0
0,4,idle,43,0.007250000000112777,0
0,4,idle,44,0.003624999999829015,0
0,4,idle,45,0.002124999999978172,0
0,4,idle,46,0.0020829999998568383,0
0,4,idle,47,0.002457999999933236,0
0,4,idle,48,0.0026250000000800355,0
0,4,idle,49,0.002749999999650754,0
0,4,idle,50,0.002250000000003638,0
0,4,idle,51,0.0022919999996702245,0
0,4,idle,52,0.00204200000007404,0
0,4,idle,53,0.00741699999980483,0
0,4,idle,54,0.00233299999990777,0
0,4,idle,55,0.0025000000000545697,0
0,4,idle,56,0.0025000000000545697,0
0,4,idle,57,0.002250000000003638,0
0,4,idle,58,0.002167000000099506,0
0,4,idle,59,0.002290999999786436,0
0,4,idle,60,0.002624999999625288,0
0,4,idle,61,0.0022089999997660925,0
0,4,idle,62,0.0022089999997660925,0
0,4,idle,63,0.002207999999882304,0
0,4,idle,64,0.0022080000003370515,0
0,4,idle,65,0.006542000000081316,0
0,4,idle,66,0.0030839999999443535,0
0,4,idle,67,0.0027090000003227033,0
0,4,idle,68,0.002207999999882304,0
0,4,idle,69,0.002207999999882304,0
0,4,idle,70,0.0027909999998882995,0
0,4,idle,71,0.002250000000003638,0
0,4,idle,72,0.0022919999996702245,0
0,4,idle,73,0.0029589999999188876,0
0,4,idle,74,0.002124999999978172,0
0,4,idle,75,0.002207999999882304,0
0,4,idle,76,0.002540999999837368,0
0,4,idle,77,0.002207999999882304,0
0,4,idle,78,0.002250000000003638,0
0,4,idle,79,0.0023340000002463057,0
0,4,idle,80,0.0025420000001759036,0
0,4,idle,81,0.0025420000001759036,0
0,4,idle,82,0.002167000000099506,0
0,4,idle,83,0.0062499999999090505,0
0,4,idle,84,0.0025000000000545697,0
0,4,idle,85,0.002124999999978172,0
0,4,idle,86,0.002666999999746622,0
0,4,idle,87,0.0022089999997660925,0
0,4,idle,88,0.002124999999978172,0
0,4,idle,89,0.002124999999978172,0
0,4,idle,90,0.0021669999996447586,0
0,4,idle,91,0.0027079999999841675,0
0,4,idle,92,0.002167000000099506,0
0,4,idle,93,0.0021659999997609702,0
0,4,idle,94,0.0020829999998568383,0
0,4,idle,95,0.0021659999997609702,0
0,4,idle,96,0.002250000000003638,0
0,4,idle,97,0.0026250000000800355,0
0,4,idle,98,0.002791999999772088,0
0,4,idle,99,0.0022919999996702245,0
0,4,idle,100,0.0022919999996702245,0
0,4,idle,101,0.0023749999995743565,0
0,4,idle,102,0.0026250000000800355,0
0,4,idle,103,0.002167000000099506,0
0,4,idle,104,0.002292000000124972,0
0,4,idle,105,0.007209000000329979,0
0,4,idle,106,0.002250000000003638,0
0,4,idle,107,0.0026670000002013694,0
0,4,idle,108,0.002167000000099506,0
0,4,idle,109,0.00204200000007404,0
0,4,idle,110,0.002292000000124972,0
0,4,idle,111,0.003000000000156433,0
0,4,idle,112,0.0025000000000545697,0
0,4,idle,113,0.002207999999882304,0
0,4,idle,114,0.006208000000242464,0
0,4,idle,115,0.00233299999990777,0
0,4,idle,116,0.002207999999882304,0
0,4,idle,117,0.002124999999978172,0
0,4,idle,118,0.0025420000001759036,0
0,4,idle,119,0.006334000000151718,0
0,4,idle,120,0.002207999999882304,0
0,4,idle,121,0.002167000000099506,0
0,4,idle,122,0.0020829999998568383,0
0,4,idle,123,0.0026670000002013694,0
0,4,idle,124,0.002167000000099506,0
0,4,idle,125,0.002124999999978172,0
0,4,idle,126,0.002375000000029104,0
0,4,idle,127,0.0028750000001309672,0
0,4,idle,128,0.002666999999746622,0
0,4,idle,129,0.002124999999978172,0
0,4,idle,130,0.003042000000277767,0
0,4,idle,131,0.002124999999978172,0
0,4,idle,132,0.007583000000067841,0
0,4,idle,133,0.002791999999772088,0
0,4,idle,134,0.0020839999997406267,0
0,4,idle,135,0.002375000000029104,0
0,4,idle,136,0.002124999999978172,0
0,4,idle,137,0.0020829999998568383,0
0,4,idle,138,0.00258399999984249,0
0,4,idle,139,0.0027079999999841675,0
0,4,idle,140,0.002207999999882304,0
0,4,idle,141,0.002124999999978172,0
0,4,idle,142,0.002124999999978172,0
0,4,idle,143,0.0025000000000545697,0
0,4,idle,144,0.006374999999934516,0
0,4,idle,145,0.002457999999933236,0
0,4,idle,146,0.002708000000438915,0
0,4,idle,147,0.0022080000003370515,0
0,4,idle,148,0.0022089999997660925,0
0,4,idle,149,0.002749999999650754,0
0,4,idle,150,0.002292000000124972,0
0,4,idle,151,0.002124999999978172,0
0,4,idle,152,0.002375000000029104,0
0,4,idle,153,0.002207999999882304,0
0,4,idle,154,0.00233299999990777,0
0,4,idle,155,0.0025829999999587017,0
0,4,idle,156,0.0021659999997609702,0
0,4,idle,157,0.0024170000001504377,0
0,4,idle,158,0.0022089999997660925,0
0,4,idle,159,0.002084000000195374,0
0,4,idle,160,0.0026250000000800355,0
0,4,idle,161,0.0029999999997016857,0
0,4,idle,162,0.002250000000003638,0
0,4,idle,163,0.00204200000007404,0
0,4,idle,164,0.00220900000022084,0
0,4,idle,165,0.0025829999999587017,0
0,4,idle,166,0.002292000000124972,0
0,4,idle,167,0.008374999999887223,0
0,4,idle,168,0.002290999999786436,0
0,4,idle,169,0.002207999999882304,0
0,4,idle,170,0.0027079999999841675,0
0,4,idle,171,0.002207999999882304,0
0,4,idle,172,0.0020829999998568383,0
0,4,idle,173,0.002167000000099506,0
0,4,idle,174,0.0025000000000545697,0
0,4,idle,175,0.006292000000030384,0
0,4,idle,176,0.0028750000001309672,0
0,4,idle,177,0.0023330000003625173,0
0,4,idle,178,0.002541000000292115,0
0,4,idle,179,0.002415999999811902,0
0,4,idle,180,0.002124999999978172,0
0,4,idle,181,0.0026670000002013694,0
0,4,idle,182,0.0023340000002463057,0
0,4,idle,183,0.002292000000124972,0
0,4,idle,184,0.002084000000195374,0
0,4,idle,185,0.002207999999882304,0
0,4,idle,186,0.0026250000000800355,0
0,4,idle,187,0.002124999999978172,0
0,4,idle,188,0.002124999999978172,0
0,4,idle,189,0.002791999999772088,0
0,4,idle,190,0.0022089999997660925,0
0,4,idle,191,0.002708999999867956,0
0,4,idle,192,0.002250000000003638,0
0,4,idle,193,0.0028750000001309672,0
0,4,idle,194,0.0020409999997355044,0
0,4,idle,195,0.0019999999999527063,0
0,4,idle,196,0.002207999999882304,0
0,4,idle,197,0.0025829999999587017,0
0,4,idle,198,0.0022919999996702245,0
0,4,idle,199,0.0061670000000049185,0
0,4,idle,200,0.0025000000000545697,0
0,4,idle,201,0.002124999999978172,0
0,4,idle,202,0.002832999999554886,0
0,4,idle,203,0.005834000000049855,0
0,4,idle,204,0.00233299999990777,0
0,4,idle,205,0.005874999999832653,0
0,4,idle,206,0.0027500000001055014,0
0,4,idle,207,0.0028330000000096334,0
0,4,idle,208,0.002457999999933236,0
0,4,idle,209,0.002250000000003638,0
0,4,idle,210,0.002250000000003638,0
0,4,idle,211,0.002207999999882304,0
0,4,idle,212,0.0027079999999841675,0
0,4,idle,213,0.002250000000003638,0
0,4,idle,214,0.00233299999990777,0
0,4,idle,215,0.002124999999978172,0
0,4,idle,216,0.002207999999882304,0
0,4,idle,217,0.002290999999786436,0
0,4,idle,218,0.0027079999999841675,0
0,4,idle,219,0.0022080000003370515,0
0,4,idle,220,0.0019999999999527063,0
0,4,idle,221,0.002791000000343047,0
0,4,idle,222,0.0021250000004329195,0
0,4,idle,223,0.0027079999999841675,0
0,4,idle,224,0.002959000000373635,0
0,4,idle,225,0.002207999999882304,0
0,4,idle,226,0.002124999999978172,0
0,4,idle,227,0.002167000000099506,0
0,4,idle,228,0.002708999999867956,0
0,4,idle,229,0.0060840000001007866,0
0,4,idle,230,0.0024170000001504377,0
0,4,idle,231,0.0023339999997915584,0
0,4,idle,232,0.002250000000003638,0
0,4,idle,233,0.002666000000317581,0
0,4,idle,234,0.0022080000003370515,0
0,4,idle,235,0.0020830000003115856,0
0,4,idle,236,0.006374999999934516,0
0,4,idle,237,0.002666000000317581,0
0,4,idle,238,0.002124999999978172,0
0,4,idle,239,0.0026670000002013694,0
0,4,idle,240,0.002167000000099506,0
0,4,idle,241,0.002084000000195374,0
0,4,idle,242,0.002207999999882304,0
0,4,idle,243,0.002167000000099506,0
0,4,idle,244,0.0027079999999841675,0
0,4,idle,245,0.0028330000000096334,0
0,4,idle,246,0.0021669999996447586,0
0,4,idle,247,0.00204200000007404,0
0,4,idle,248,0.0023339999997915584,0
0,4,idle,249,0.002541999999721156,0
0,4,idle,250,0.0028339999998934218,0
0,4,idle,251,0.002250000000003638,0
0,4,idle,252,0.0020829999998568383,0
0,4,idle,253,0.002167000000099506,0
0,4,idle,254,0.002124999999978172,0
0,4,idle,255,0.0026670000002013694,0
0,4,idle,256,0.0028750000001309672,0
0,4,idle,257,0.002250000000003638,0
0,4,idle,258,0.002167000000099506,0
0,4,idle,259,0.002375000000029104,0
0,4,idle,260,0.0033750000002328306,0
0,4,idle,261,0.00287499999967622,0
0,4,idle,262,0.002292000000124972,0
0,4,idle,263,0.002124999999978172,0
0,4,idle,264,0.0021669999996447586,0
0,4,idle,265,0.002791999999772088,0
0,4,idle,266,0.009332999999969616,0
0,4,idle,267,0.002415999999811902,0
0,4,idle,268,0.002207999999882304,0
0,4,idle,269,0.0025829999999587017,0
0,4,idle,270,0.002708999999867956,0
0,4,idle,271,0.002250000000003638,0
0,4,idle,272,0.002124999999978172,0
0,4,idle,273,0.0022919999996702245,0
0,4,idle,274,0.002124999999978172,0
0,4,idle,275,0.0020830000003115856,0
0,4,idle,276,0.0026250000000800355,0
0,4,idle,277,0.0025000000000545697,0
0,4,idle,278,0.0020409999997355044,0
0,4,idle,279,0.002124999999978172,0
0,4,idle,280,0.0020829999998568383,0
0,4,idle,281,0.0025829999999587017,0
0,4,idle,282,0.0023340000002463057,0
0,4,idle,283,0.00220900000022084,0
0,4,idle,284,0.00233299999990777,0
0,4,idle,285,0.002375000000029104,0
0,4,idle,286,0.006542000000081316,0
0,4,idle,287,0.003165999999964697,0
0,4,idle,288,0.002292000000124972,0
0,4,idle,289,0.0022080000003370515,0
0,4,idle,290,0.002124999999978172,0
0,4,idle,291,0.006041000000095664,0
0,4,idle,292,0.002207999999882304,0
0,4,idle,293,0.0025000000000545697,0
0,4,idle,294,0.002167000000099506,0
0,4,idle,295,0.002124999999978172,0
0,4,idle,296,0.005124999999679858,0
0,4,idle,297,0.003125000000181899,0
0,4,idle,298,0.002167000000099506,0
0,4,idle,299,0.002084000000195374,0
0,4,idle,300,0.0027500000001055014,0
0,4,idle,301,0.0021660000002157176,0
0,4,idle,302,0.002457999999933236,0
0,4,idle,303,0.0021669999996447586,0
0,4,idle,304,0.002666999999746622,0
0,4,idle,305,0.002167000000099506,0
0,4,idle,306,0.002250000000003638,0
0,4,idle,307,0.0026250000000800355,0
0,4,idle,308,0.002375000000029104,0
0,4,idle,309,0.002290999999786436,0
0,4,idle,310,0.002375000000029104,0
0,4,idle,311,0.002124999999978172,0
0,4,idle,312,0.0034580000001369626,0
0,4,idle,313,0.002415999999811902,0
0,4,idle,314,0.002124999999978172,0
0,4,idle,315,0.002292000000124972,0
0,4,idle,316,0.00220900000022084,0
0,4,idle,317,0.002207999999882304,0
0,4,idle,318,0.002540999999837368,0
0,4,idle,319,0.003083000000060565,0
0,4,idle,320,0.002124999999978172,0
0,4,idle,321,0.002250000000003638,0
0,4,idle,322,0.0021660000002157176,0
0,4,idle,323,0.0027079999999841675,0
0,4,idle,324,0.002250000000003638,0
0,4,idle,325,0.002292000000124972,0
0,4,idle,326,0.002124999999978172,0
0,4,idle,327,0.006459000000177184,0
0,4,idle,328,0.0027920000002268353,0
0,4,idle,329,0.002292000000124972,0
0,4,idle,330,0.0026670000002013694,0
0,4,idle,331,0.002167000000099506,0
0,4,idle,332,0.0026250000000800355,0
0,4,idle,333,0.006041000000095664,0
0,4,idle,334,0.002375000000029104,0
0,4,idle,335,0.002250000000003638,0
0,4,idle,336,0.002124999999978172,0
0,4,idle,337,0.002375000000029104,0
0,4,idle,338,0.002167000000099506,0
0,4,idle,339,0.0028750000001309672,0
0,4,idle,340,0.00233299999990777,0
0,4,idle,341,0.0024590000002717716,0
0,4,idle,342,0.002207999999882304,0
0,4,idle,343,0.002124999999978172,0
0,4,idle,344,0.00258399999984249,0
0,4,idle,345,0.0021669999996447586,0
0,4,idle,346,0.002124999999978172,0
0,4,idle,347,0.0023330000003625173,0
0,4,idle,348,0.0022910000002411834,0
0,4,idle,349,0.0027079999999841675,0
0,4,idle,350,0.003000000000156433,0
0,4,idle,351,0.00220900000022084,0
0,4,idle,352,0.002084000000195374,0
0,4,idle,353,0.0061670000000049185,0
0,4,idle,354,0.0023340000002463057,0
0,4,idle,355,0.0027500000001055014,0
0,4,idle,356,0.002250000000003638,0
0,4,idle,357,0.005208000000038737,0
0,4,idle,358,0.002458000000387983,0
0,4,idle,359,0.002207999999882304,0
0,4,idle,360,0.002749999999650754,0
0,4,idle,361,0.002250000000003638,0
0,4,idle,362,0.0028330000000096334,0
0,4,idle,363,0.0029159999999137654,0
0,4,idle,364,0.002250000000003638,0
0,4,idle,365,0.002666999999746622,0
0,4,idle,366,0.002207999999882304,0
0,4,idle,367,0.002250000000003638,0
0,4,idle,368,0.0024170000001504377,0
0,4,idle,369,0.002167000000099506,0
0,4,idle,370,0.006207999999787717,0
0,4,idle,371,0.0025000000000545697,0
0,4,idle,372,0.002167000000099506,0
0,4,idle,373,0.002250000000003638,0
0,4,idle,374,0.002207999999882304,0
0,4,idle,375,0.0021660000002157176,0
0,4,idle,376,0.0025000000000545697,0
0,4,idle,377,0.002167000000099506,0
0,4,idle,378,0.002250000000003638,0
0,4,idle,379,0.0025829999999587017,0
0,4,idle,380,0.002124999999978172,0
0,4,idle,381,0.002375000000029104,0
0,4,idle,382,0.002917000000252301,0
0,4,idle,383,0.0024170000001504377,0
0,4,idle,384,0.002250000000003638,0
0,4,idle,385,0.015249999999923602,0
0,4,idle,386,0.0027500000001055014,0
0,4,idle,387,0.002167000000099506,0
0,4,idle,388,0.006334000000151718,0
0,4,idle,389,0.0025829999999587017,0
0,4,idle,390,0.0021660000002157176,0
0,4,idle,391,0.002624999999625288,0
0,4,idle,392,0.002250000000003638,0
0,4,idle,393,0.0022910000002411834,0
0,4,idle,394,0.002250000000003638,0
0,4,idle,395,0.0024590000002717716,0
0,4,idle,396,0.00220900000022084,0
0,4,idle,397,0.002457999999933236,0
0,4,idle,398,0.002250000000003638,0
0,4,idle,399,0.002124999999978172,0
0,4,idle,400,0.006209000000126252,0
0,4,idle,401,0.002292000000124972,0
0,4,idle,402,0.0027920000002268353,0
0,4,idle,403,0.00233299999990777,0
0,4,idle,404,0.002124999999978172,0
0,4,idle,405,0.002250000000003638,0
0,4,idle,406,0.0021660000002157176,0
0,4,idle,407,0.002666999999746622,0
0,4,idle,408,0.0028339999998934218,0
0,4,idle,409,0.002167000000099506,0
0,4,idle,410,0.002250000000003638,0
0,4,idle,411,0.002250000000003638,0
0,4,idle,412,0.002540999999837368,0
0,4,idle,413,0.0030419999998230196,0
0,4,idle,414,0.002124999999978172,0
0,4,idle,415,0.006374999999934516,0
0,4,idle,416,0.0024170000001504377,0
0,4,idle,417,0.002250000000003638,0
0,4,idle,418,0.0062499999999090505,0
0,4,idle,419,0.0027079999999841675,0
0,4,idle,420,0.00233299999990777,0
0,4,idle,421,0.00233299999990777,0
0,4,idle,422,0.0020829999998568383,0
0,4,idle,423,0.0025000000000545697,0
0,4,idle,424,0.002250000000003638,0
0,4,idle,425,0.002375000000029104,0
0,4,idle,426,0.0025420000001759036,0
0,4,idle,427,0.00220900000022084,0
0,4,idle,428,0.0025420000001759036,0
0,4,idle,429,0.00220900000022084,0
0,4,idle,430,0.002124999999978172,0
0,4,idle,431,0.002250000000003638,0
0,4,idle,432,0.0020409999997355044,0
0,4,idle,433,0.002624999999625288,0
0,4,idle,434,0.0023339999997915584,0
0,4,idle,435,0.002749999999650754,0
0,4,idle,436,0.002124999999978172,0
0,4,idle,437,0.0020839999997406267,0
0,4,idle,438,0.0021669999996447586,0
0,4,idle,439,0.0024169999996956903,0
0,4,idle,440,0.002124999999978172,0
0,4,idle,441,0.002124999999978172,0
0,4,idle,442,0.0023339999997915584,0
0,4,idle,443,0.0021669999996447586,0
0,4,idle,444,0.0026659999998628336,0
0,4,idle,445,0.003040999999939231,0
0,4,idle,446,0.0029169999997975538,0
0,4,idle,447,0.0020830000003115856,0
0,4,idle,448,0.0020830000003115856,0
0,4,idle,449,0.006292000000030384,0
0,4,idle,450,0.002375000000029104,0
0,4,idle,451,0.002250000000003638,0
0,4,idle,452,0.002250000000003638,0
0,4,idle,453,0.002124999999978172,0
0,4,idle,454,0.0061670000000049185,0
0,4,idle,455,0.0027500000001055014,0
0,4,idle,456,0.0021660000002157176,0
0,4,idle,457,0.0022080000003370515,0
0,4,idle,458,0.0025829999999587017,0
0,4,idle,459,0.0020829999998568383,0
0,4,idle,460,0.0025840000002972374,0
0,4,idle,461,0.0023340000002463057,0
0,4,idle,462,0.002167000000099506,0
0,4,idle,463,0.002207999999882304,0
0,4,idle,464,0.00204200000007404,0
0,4,idle,465,0.0026250000000800355,0
0,4,idle,466,0.00220900000022084,0
0,4,idle,467,0.005999999999858119,0
0,4,idle,468,0.0025829999999587017,0
0,4,idle,469,0.00233299999990777,0
0,4,idle,470,0.0025420000001759036,0
0,4,idle,471,0.002250000000003638,0
0,4,idle,472,0.00233299999990777,0
0,4,idle,473,0.002666000000317581,0
0,4,idle,474,0.002415999999811902,0
0,4,idle,475,0.002207999999882304,0
0,4,idle,476,0.003290999999990163,0
0,4,idle,477,0.005583000000115135,0
0,4,idle,478,0.002084000000195374,0
0,4,idle,479,0.0061670000000049185,0
0,4,idle,480,0.002541999999721156,0
0,4,idle,481,0.0026659999998628336,0
0,4,idle,482,0.002415999999811902,0
0,4,idle,483,0.002207999999882304,0
0,4,idle,484,0.002124999999978172,0
0,4,idle,485,0.002167000000099506,0
0,4,idle,486,0.00258399999984249,0
0,4,idle,487,0.0022089999997660925,0
0,4,idle,488,0.0021669999996447586,0
0,4,idle,489,0.002624999999625288,0
0,4,idle,490,0.002250000000003638,0
0,4,idle,491,0.0026250000000800355,0
0,4,idle,492,0.002250000000003638,0
0,4,idle,493,0.00220900000022084,0
0,4,idle,494,0.0023340000002463057,0
0,4,idle,495,0.002167000000099506,0
0,4,idle,496,0.002292000000124972,0
0,4,idle,497,0.002708999999867956,0
0,4,idle,498,0.0023749999995743565,0
0,4,idle,499,0.002375000000029104,0
0,4,idle,500,0.0023339999997915584,0
0,4,idle,501,0.002292000000124972,0
0,4,idle,502,0.0025840000002972374,0
0,4,idle,503,0.002250000000003638,0
0,4,idle,504,0.0021659999997609702,0
0,4,idle,505,0.002250000000003638,0
0,4,idle,506,0.0020829999998568383,0
0,4,idle,507,0.0025829999999587017,0
0,4,idle,508,0.0029580000000350992,0
0,4,idle,509,0.002124999999978172,0
0,4,idle,510,0.006124999999883585,0
0,4,idle,511,0.00658400000020265,0
0,4,idle,512,0.003125000000181899,0
0,4,idle,513,0.0027079999999841675,0
0,4,idle,514,0.002290999999786436,0
0,4,idle,515,0.002207999999882304,0
0,4,idle,516,0.002207999999882304,0
0,4,idle,517,0.002207999999882304,0
0,4,idle,518,0.0025829999999587017,0
0,4,idle,519,0.0020409999997355044,0
0,4,idle,520,0.002290999999786436,0
0,4,idle,521,0.0028330000000096334,0
0,4,idle,522,0.0022089999997660925,0
0,4,idle,523,0.002541999999721156,0
0,4,idle,524,0.0021660000002157176,0
0,4,idle,525,0.002250000000003638,0
0,4,idle,526,0.002124999999978172,0
0,4,idle,527,0.0022089999997660925,0
0,4,idle,528,0.002708999999867956,0
0,4,idle,529,0.002292000000124972,0
0,4,idle,530,0.002084000000195374,0
0,4,idle,531,0.0020829999998568383,0
0,4,idle,532,0.002207999999882304,0
0,4,idle,533,0.0026250000000800355,0
0,4,idle,534,0.005957999999736785,0
0,4,idle,535,0.002250000000003638,0
0,4,idle,536,0.002207999999882304,0
0,4,idle,537,0.006124999999883585,0
0,4,idle,538,0.002250000000003638,0
0,4,idle,539,0.006624999999985448,0
0,4,idle,540,0.005666999999903055,0
0,4,idle,541,0.002375000000029104,0
0,4,idle,542,0.00233299999990777,0
0,4,idle,543,0.002207999999882304,0
0,4,idle,544,0.0025000000000545697,0
0,4,idle,545,0.002250000000003638,0
0,4,idle,546,0.002250000000003638,0
0,4,idle,547,0.002292000000124972,0
0,4,idle,548,0.0020830000003115856,0
0,4,idle,549,0.0025000000000545697,0
0,4,idle,550,0.006041999999979453,0
0,4,idle,551,0.0025420000001759036,0
0,4,idle,552,0.0026250000000800355,0
0,4,idle,553,0.0021659999997609702,0
0,4,idle,554,0.002124999999978172,0
0,4,idle,555,0.003165999999964697,0
0,4,idle,556,0.002375000000029104,0
0,4,idle,557,0.00204200000007404,0
0,4,idle,558,0.0028750000001309672,0
0,4,idle,559,0.002167000000099506,0
0,4,idle,560,0.0025829999999587017,0
0,4,idle,561,0.002207999999882304,0
0,4,idle,562,0.002250000000003638,0
0,4,idle,563,0.002292000000124972,0
0,4,idle,564,0.00204200000007404,0
0,4,idle,565,0.0026670000002013694,0
0,4,idle,566,0.002124999999978172,0
0,4,idle,567,0.002124999999978172,0
0,4,idle,568,0.0020829999998568383,0
0,4,idle,569,0.002250000000003638,0
0,4,idle,570,0.0026659999998628336,0
0,4,idle,571,0.00724999999965803,0
0,4,idle,572,0.0022919999996702245,0
0,4,idle,573,0.0024999999995998223,0
0,4,idle,574,0.002124999999978172,0
0,4,idle,575,0.0020829999998568383,0
0,4,idle,576,0.0026250000000800355,0
0,4,idle,577,0.002292000000124972,0
0,4,idle,578,0.002375000000029104,0
0,4,idle,579,0.002207999999882304,0
0,4,idle,580,0.0026250000000800355,0
0,4,idle,581,0.002791999999772088,0
0,4,idle,582,0.0021669999996447586,0
0,4,idle,583,0.0020839999997406267,0
0,4,idle,584,0.002624999999625288,0
0,4,idle,585,0.0027500000001055014,0
0,4,idle,586,0.0026659999998628336,0
0,4,idle,587,0.0022080000003370515,0
0,4,idle,588,0.0022089999997660925,0
0,4,idle,589,0.0021669999996447586,0
0,4,idle,590,0.002292000000124972,0
0,4,idle,591,0.00258399999984249,0
0,4,idle,592,0.0020839999997406267,0
0,4,idle,593,0.002167000000099506,0
0,4,idle,594,0.0022080000003370515,0
0,4,idle,595,0.0020830000003115856,0
0,4,idle,596,0.0021660000002157176,0
0,4,idle,597,0.0027079999999841675,0
0,4,idle,598,0.0023340000002463057,0
0,4,idle,599,0.0020829999998568383,0
0,4,idle,600,0.0025000000000545697,0
0,4,idle,601,0.012584000000060769,0
0,4,idle,602,0.0038749999998799467,0
0,4,idle,603,0.00233299999990777,0
0,4,idle,604,0.002250000000003638,0
0,4,idle,605,0.0021250000004329195,0
0,4,idle,606,0.002124999999978172,0
0,4,idle,607,0.0028750000001309672,0
0,4,idle,608,0.00233299999990777,0
0,4,idle,609,0.002167000000099506,0
0,4,idle,610,0.002084000000195374,0
0,4,idle,611,0.0020829999998568383,0
0,4,idle,612,0.0029159999999137654,0
0,4,idle,613,0.0021659999997609702,0
0,4,idle,614,0.0021659999997609702,0
0,4,idle,615,0.002624999999625288,0
0,4,idle,616,0.0022089999997660925,0
0,4,idle,617,0.002167000000099506,0
0,4,idle,618,0.0027079999999841675,0
0,4,idle,619,0.002250000000003638,0
0,4,idle,620,0.002749999999650754,0
0,4,idle,621,0.0062499999999090505,0
0,4,idle,622,0.0022919999996702245,0
0,4,idle,623,0.0027079999999841675,0
0,4,idle,624,0.002375000000029104,0
0,4,idle,625,0.002292000000124972,0
0,4,idle,626,0.0024170000001504377,0
0,4,idle,627,0.0021660000002157176,0
0,4,idle,628,0.002666999999746622,0
0,4,idle,629,0.002207999999882304,0
0,4,idle,630,0.0022919999996702245,0
0,4,idle,631,0.005583999999998923,0
0,4,idle,632,0.0024170000001504377,0
0,4,idle,633,0.0026250000000800355,0
0,4,idle,634,0.0029169999997975538,0
0,4,idle,635,0.002292000000124972,0
0,4,idle,636,0.002250000000003638,0
0,4,idle,637,0.00233299999990777,0
0,4,idle,638,0.002250000000003638,0
0,4,idle,639,0.0025840000002972374,0
0,4,idle,640,0.0024170000001504377,0
0,4,idle,641,0.002124999999978172,0
0,4,idle,642,0.002124999999978172,0
0,4,idle,643,0.0020829999998568383,0
0,4,idle,644,0.002749999999650754,0
0,4,idle,645,0.002124999999978172,0
0,4,idle,646,0.0022080000003370515,0
0,4,idle,647,0.00287499999967622,0
0,4,idle,648,0.0027500000001055014,0
0,4,idle,649,0.0025840000002972374,0
0,4,idle,650,0.002167000000099506,0
0,4,idle,651,0.002250000000003638,0
0,4,idle,652,0.0029999999997016857,0
0,4,idle,653,0.0021660000002157176,0
0,4,idle,654,0.002292000000124972,0
0,4,idle,655,0.0026250000000800355,0
0,4,idle,656,0.0023340000002463057,0
0,4,idle,657,0.002375000000029104,0
0,4,idle,658,0.002250000000003638,0
0,4,idle,659,0.002167000000099506,0
0,4,idle,660,0.002375000000029104,0
0,4,idle,661,0.002167000000099506,0
0,4,idle,662,0.006124999999883585,0
0,4,idle,663,0.005916999999953987,0
0,4,idle,664,0.002167000000099506,0
0,4,idle,665,0.0032920000003286987,0
0,4,idle,666,0.002250000000003638,0
0,4,idle,667,0.0021659999997609702,0
0,4,idle,668,0.005624999999781721,0
0,4,idle,669,0.0022910000002411834,0
0,4,idle,670,0.002457999999933236,0
0,4,idle,671,0.002167000000099506,0
0,4,idle,672,0.002375000000029104,0
0,4,idle,673,0.0020829999998568383,0
0,4,idle,674,0.002250000000003638,0
0,4,idle,675,0.002250000000003638,0
0,4,idle,676,0.0025829999999587017,0
0,4,idle,677,0.002207999999882304,0
0,4,idle,678,0.002749999999650754,0
0,4,idle,679,0.00233299999990777,0
0,4,idle,680,0.002167000000099506,0
0,4,idle,681,0.0030839999999443535,0
0,4,idle,682,0.0023340000002463057,0
0,4,idle,683,0.002207999999882304,0
0,4,idle,684,0.0021659999997609702,0
0,4,idle,685,0.002250000000003638,0
0,4,idle,686,0.0026250000000800355,0
0,4,idle,687,0.002250000000003638,0
0,4,idle,688,0.0021250000004329195,0
0,4,idle,689,0.0020829999998568383,0
0,4,idle,690,0.002415999999811902,0
0,4,idle,691,0.0024169999996956903,0
0,4,idle,692,0.005959000000075321,0
0,4,idle,693,0.002375000000029104,0
0,4,idle,694,0.002167000000099506,0
0,4,idle,695,0.0021659999997609702,0
0,4,idle,696,0.0020829999998568383,0
0,4,idle,697,0.003790999999637279,0
0,4,idle,698,0.002167000000099506,0
0,4,idle,699,0.0020829999998568383,0
0,4,idle,700,0.002207999999882304,0
0,4,idle,701,0.002292000000124972,0
0,4,idle,702,0.0026670000002013694,0
0,4,idle,703,0.002167000000099506,0
0,4,idle,704,0.002290999999786436,0
0,4,idle,705,0.005957999999736785,0
0,4,idle,706,0.002124999999978172,0
0,4,idle,707,0.003000000000156433,0
0,4,idle,708,0.002167000000099506,0
0,4,idle,709,0.002375000000029104,0
0,4,idle,710,0.0027079999999841675,0
0,4,idle,711,0.002250000000003638,0
0,4,idle,712,0.0027079999999841675,0
0,4,idle,713,0.002207999999882304,0
0,4,idle,714,0.0026250000000800355,0
0,4,idle,715,0.002167000000099506,0
0,4,idle,716,0.002167000000099506,0
0,4,idle,717,0.002124999999978172,0
0,4,idle,718,0.002749999999650754,0
0,4,idle,719,0.002207999999882304,0
0,4,idle,720,0.0020829999998568383,0
0,4,idle,721,0.002250000000003638,0
0,4,idle,722,0.002250000000003638,0
0,4,idle,723,0.005958000000191532,0
0,4,idle,724,0.002375000000029104,0
0,4,idle,725,0.005458999999973457,0
0,4,idle,726,0.0027920000002268353,0
0,4,idle,727,0.002124999999978172,0
0,4,idle,728,0.015750000000025466,0
0,4,idle,729,0.002457999999933236,0
0,4,idle,730,0.0021659999997609702,0
0,4,idle,731,0.00233299999990777,0
0,4,idle,732,0.002250000000003638,0
0,4,idle,733,0.0027079999999841675,0
0,4,idle,734,0.002250000000003638,0
0,4,idle,735,0.005959000000075321,0
0,4,idle,736,0.0024169999996956903,0
0,4,idle,737,0.002207999999882304,0
0,4,idle,738,0.0021669999996447586,0
0,4,idle,739,0.0026250000000800355,0
0,4,idle,740,0.002250000000003638,0
0,4,idle,741,0.002917000000252301,0
0,4,idle,742,0.0024590000002717716,0
0,4,idle,743,0.0030839999999443535,0
0,4,idle,744,0.0026250000000800355,0
0,4,idle,745,0.0020829999998568383,0
0,4,idle,746,0.0023339999997915584,0
0,4,idle,747,0.002124999999978172,0
0,4,idle,748,0.0024160000002666493,0
0,4,idle,749,0.0027079999999841675,0
0,4,idle,750,0.00233299999990777,0
0,4,idle,751,0.002207999999882304,0
0,4,idle,752,0.002167000000099506,0
0,4,idle,753,0.006290999999691849,0
0,4,idle,754,0.0028750000001309672,0
0,4,idle,755,0.00258399999984249,0
0,4,idle,756,0.0022089999997660925,0
0,4,idle,757,0.0021669999996447586,0
0,4,idle,758,0.0023339999997915584,0
0,4,idle,759,0.0023330000003625173,0
0,4,idle,760,0.0035420000003796304,0
0,4,idle,761,0.002457999999933236,0
0,4,idle,762,0.0027079999999841675,0
0,4,idle,763,0.0024160000002666493,0
0,4,idle,764,0.0020830000003115856,0
0,4,idle,765,0.0025829999999587017,0
0,4,idle,766,0.002250000000003638,0
0,4,idle,767,0.002124999999978172,0
0,4,idle,768,0.002124999999978172,0
0,4,idle,769,0.0020829999998568383,0
0,4,idle,770,0.002834000000348169,0
0,4,idle,771,0.002250000000003638,0
0,4,idle,772,0.0020829999998568383,0
0,4,idle,773,0.003042000000277767,0
0,4,idle,774,0.0022919999996702245,0
0,4,idle,775,0.002124999999978172,0
0,4,idle,776,0.002583000000413449,0
0,4,idle,777,0.0021660000002157176,0
0,4,idle,778,0.0022080000003370515,0
0,4,idle,779,0.0020830000003115856,0
0,4,idle,780,0.0020830000003115856,0
0,4,idle,781,0.003250000000207365,0
0,4,idle,782,0.002250000000003638,0
0,4,idle,783,0.0020829999998568383,0
0,4,idle,784,0.0062499999999090505,0
0,4,idle,785,0.0023340000002463057,0
0,4,idle,786,0.0025420000001759036,0
0,4,idle,787,0.005999999999858119,0
0,4,idle,788,0.005542000000332337,0
0,4,idle,789,0.002167000000099506,0
0,4,idle,790,0.002292000000124972,0
0,4,idle,791,0.0034580000001369626,0
0,4,idle,792,0.002084000000195374,0
0,4,idle,793,0.002124999999978172,0
0,4,idle,794,0.002292000000124972,0
0,4,idle,795,0.0021659999997609702,0
0,4,idle,796,0.0020829999998568383,0
0,4,idle,797,0.00287499999967622,0
0,4,idle,798,0.0020829999998568383,0
0,4,idle,799,0.002250000000003638,0
0,4,idle,800,0.0020829999998568383,0
0,4,idle,801,0.002124999999978172,0
0,4,idle,802,0.0062499999999090505,0
0,4,idle,803,0.0024170000001504377,0
0,4,idle,804,0.003250000000207365,0
0,4,idle,805,0.0021660000002157176,0
0,4,idle,806,0.0027079999999841675,0
0,4,idle,807,0.0026670000002013694,0
0,4,idle,808,0.0026250000000800355,0
0,4,idle,809,0.0023749999995743565,0
0,4,idle,810,0.0022910000002411834,0
0,4,idle,811,0.0023330000003625173,0
0,4,idle,812,0.0027920000002268353,0
0,4,idle,813,0.0023340000002463057,0
0,4,idle,814,0.006207999999787717,0
0,4,idle,815,0.002250000000003638,0
0,4,idle,816,0.00220900000022084,0
0,4,idle,817,0.00220900000022084,0
0,4,idle,818,0.0026250000000800355,0
0,4,idle,819,0.002250000000003638,0
0,4,idle,820,0.00204200000007404,0
0,4,idle,821,0.00233299999990777,0
0,4,idle,822,0.0020829999998568383,0
0,4,idle,823,0.003333999999995285,0
0,4,idle,824,0.002292000000124972,0
0,4,idle,825,0.0022089999997660925,0
0,4,idle,826,0.0020839999997406267,0
0,4,idle,827,0.0021669999996447586,0
0,4,idle,828,0.00258399999984249,0
0,4,idle,829,0.002292000000124972,0
0,4,idle,830,0.0021659999997609702,0
0,4,idle,831,0.002124999999978172,0
0,4,idle,832,0.002167000000099506,0
0,4,idle,833,0.0024590000002717716,0
0,4,idle,834,0.002167000000099506,0
0,4,idle,835,0.00220900000022084,0
0,4,idle,836,0.0028750000001309672,0
0,4,idle,837,0.0022910000002411834,0
0,4,idle,838,0.002124999999978172,0
0,4,idle,839,0.0027500000001055014,0
0,4,idle,840,0.0020830000003115856,0
0,4,idle,841,0.0022910000002411834,0
0,4,idle,842,0.00204200000007404,0
0,4,idle,843,0.002167000000099506,0
0,4,idle,844,0.0026250000000800355,0
0,4,idle,845,0.006041999999979453,0
0,4,idle,846,0.002207999999882304,0
0,4,idle,847,0.0020830000003115856,0
0,4,idle,848,0.0026250000000800355,0
0,4,idle,849,0.00633300000026793,0
0,4,idle,850,0.002250000000003638,0
0,4,idle,851,0.002250000000003638,0
0,4,idle,852,0.002124999999978172,0
0,4,idle,853,0.0021250000004329195,0
0,4,idle,854,0.003416999999899417,0
0,4,idle,855,0.00220900000022084,0
0,4,idle,856,0.002124999999978172,0
0,4,idle,857,0.002167000000099506,0
0,4,idle,858,0.0019999999999527063,0
0,4,idle,859,0.002207999999882304,0
0,4,idle,860,0.0028750000001309672,0
0,4,idle,861,0.0021669999996447586,0
0,4,idle,862,0.002124999999978172,0
0,4,idle,863,0.002458000000387983,0
0,4,idle,864,0.002167000000099506,0
0,4,idle,865,0.002666000000317581,0
0,4,idle,866,0.002917000000252301,0
0,4,idle,867,0.0026250000000800355,0
0,4,idle,868,0.0019999999999527063,0
0,4,idle,869,0.005915999999615451,0
0,4,idle,870,0.0028330000000096334,0
0,4,idle,871,0.002167000000099506,0
0,4,idle,872,0.005707999999685853,0
0,4,idle,873,0.002375000000029104,0
0,4,idle,874,0.002167000000099506,0
0,4,idle,875,0.005250000000160071,0
0,4,idle,876,0.003000000000156433,0
0,4,idle,877,0.002207999999882304,0
0,4,idle,878,0.002124999999978172,0
0,4,idle,879,0.0022089999997660925,0
0,4,idle,880,0.002124999999978172,0
0,4,idle,881,0.0026670000002013694,0
0,4,idle,882,0.002167000000099506,0
0,4,idle,883,0.002084000000195374,0
0,4,idle,884,0.002292000000124972,0
0,4,idle,885,0.002207999999882304,0
0,4,idle,886,0.0033750000002328306,0
0,4,idle,887,0.002124999999978172,0
0,4,idle,888,0.002124999999978172,0
0,4,idle,889,0.002250000000003638,0
0,4,idle,890,0.0021660000002157176,0
0,4,idle,891,0.0027079999999841675,0
0,4,idle,892,0.0025000000000545697,0
0,4,idle,893,0.00233299999990777,0
0,4,idle,894,0.00233299999990777,0
0,4,idle,895,0.002124999999978172,0
0,4,idle,896,0.00220900000022084,0
0,4,idle,897,0.0025420000001759036,0
0,4,idle,898,0.0021659999997609702,0
0,4,idle,899,0.0025420000001759036,0
0,4,idle,900,0.002250000000003638,0
0,4,idle,901,0.002124999999978172,0
0,4,idle,902,0.002708999999867956,0
0,4,idle,903,0.002124999999978172,0
0,4,idle,904,0.0021660000002157176,0
0,4,idle,905,0.002124999999978172,0
0,4,idle,906,0.006542000000081316,0
0,4,idle,907,0.002708999999867956,0
0,4,idle,908,0.0024170000001504377,0
0,4,idle,909,0.002167000000099506,0
0,4,idle,910,0.00233299999990777,0
0,4,idle,911,0.005375000000185537,0
0,4,idle,912,0.002666999999746622,0
0,4,idle,913,0.0022919999996702245,0
0,4,idle,914,0.002124999999978172,0
0,4,idle,915,0.0027500000001055014,0
0,4,idle,916,0.002167000000099506,0
0,4,idle,917,0.0029580000000350992,0
0,4,idle,918,0.002624999999625288,0
0,4,idle,919,0.0026250000000800355,0
0,4,idle,920,0.002250000000003638,0
0,4,idle,921,0.0021669999996447586,0
0,4,idle,922,0.002124999999978172,0
0,4,idle,923,0.0025829999999587017,0
0,4,idle,924,0.002290999999786436,0
0,4,idle,925,0.0020410000001902517,0
0,4,idle,926,0.002124999999978172,0
0,4,idle,927,0.0026659999998628336,0
0,4,idle,928,0.0026250000000800355,0
0,4,idle,929,0.002292000000124972,0
0,4,idle,930,0.0025420000001759036,0
0,4,idle,931,0.002250000000003638,0
0,4,idle,932,0.0021660000002157176,0
0,4,idle,933,0.002457999999933236,0
0,4,idle,934,0.002167000000099506,0
0,4,idle,935,0.0021250000004329195,0
0,4,idle,936,0.010000000000218279,0
0,4,idle,937,0.0025000000000545697,0
0,4,idle,938,0.002292000000124972,0
0,4,idle,939,0.0026250000000800355,0
0,4,idle,940,0.002124999999978172,0
0,4,idle,941,0.0021669999996447586,0
0,4,idle,942,0.002250000000003638,0
0,4,idle,943,0.002167000000099506,0
0,4,idle,944,0.002708999999867956,0
0,4,idle,945,0.0021669999996447586,0
0,4,idle,946,0.0024160000002666493,0
0,4,idle,947,0.0020830000003115856,0
0,4,idle,948,0.0020829999998568383,0
0,4,idle,949,0.003416999999899417,0
0,4,idle,950,0.002207999999882304,0
0,4,idle,951,0.0022080000003370515,0
0,4,idle,952,0.0021660000002157176,0
0,4,idle,953,0.0021250000004329195,0
0,4,idle,954,0.00258399999984249,0
0,4,idle,955,0.0023339999997915584,0
0,4,idle,956,0.005792000000383268,0
0,4,idle,957,0.0023340000002463057,0
0,4,idle,958,0.002084000000195374,0
0,4,idle,959,0.00220900000022084,0
0,4,idle,960,0.002541999999721156,0
0,4,idle,961,0.0021669999996447586,0
0,4,idle,962,0.0025829999999587017,0
0,4,idle,963,0.0021250000004329195,0
0,4,idle,964,0.0022919999996702245,0
0,4,idle,965,0.002457999999933236,0
0,4,idle,966,0.005458999999973457,0
0,4,idle,967,0.0024589999998170242,0
0,4,idle,968,0.0022089999997660925,0
0,4,idle,969,0.002250000000003638,0
0,4,idle,970,0.002666000000317581,0
0,4,idle,971,0.0022910000002411834,0
0,4,idle,972,0.002375000000029104,0
0,4,idle,973,0.005542000000332337,0
0,4,idle,974,0.0024589999998170242,0
0,4,idle,975,0.002167000000099506,0
0,4,idle,976,0.0026250000000800355,0
0,4,idle,977,0.002207999999882304,0
0,4,idle,978,0.0020839999997406267,0
0,4,idle,979,0.002250000000003638,0
0,4,idle,980,0.0029159999999137654,0
0,4,idle,981,0.0025420000001759036,0
0,4,idle,982,0.0025840000002972374,0
0,4,idle,983,0.002084000000195374,0
0,4,idle,984,0.002167000000099506,0
0,4,idle,985,0.00220900000022084,0
0,4,idle,986,0.0026250000000800355,0
0,4,idle,987,0.00233299999990777,0
0,4,idle,988,0.0021669999996447586,0
0,4,idle,989,0.002666999999746622,0
0,4,idle,990,0.002207999999882304,0
0,4,idle,991,0.00258399999984249,0
0,4,idle,992,0.002292000000124972,0
0,4,idle,993,0.0025840000002972374,0
0,4,idle,994,0.002375000000029104,0
0,4,idle,995,0.0019999999999527063,0
0,4,idle,996,0.002167000000099506,0
0,4,idle,997,0.00641700000005585,0
0,4,idle,998,0.0025829999999587017,0
0,4,idle,999,0.0023339999997915584,0
0,4,event,0,0.025249999999687134,4
0,4,event,1,0.003499999999803549,0
0,4,event,2,0.0030839999999443535,0
0,4,event,3,0.00220900000022084,0
0,4,event,4,0.002250000000003638,0
0,4,event,5,0.002290999999786436,0
0,4,event,6,0.003290999999990163,0
0,4,event,7,0.002375000000029104,0
0,4,event,8,0.0027500000001055014,0
0,4,event,9,0.002167000000099506,0
0,4,event,10,0.002167000000099506,0
0,4,event,11,0.002167000000099506,0
0,4,event,12,0.0020829999998568383,0
0,4,event,13,0.0029589999999188876,0
0,4,event,14,0.002207999999882304,0
0,4,event,15,0.0021669999996447586,0
0,4,event,16,0.007791999999881227,0
0,4,event,17,0.00233299999990777,0
0,4,event,18,0.0033749999997780833,0
0,4,event,19,0.005874999999832653,0
0,4,event,20,0.00537499999973079,0
0,4,event,21,0.0022919999996702245,0
0,4,event,22,0.002124999999978172,0
0,4,event,23,0.0024589999998170242,0
0,4,event,24,0.002708999999867956,0
0,4,event,25,0.002167000000099506,0
0,4,event,26,0.002207999999882304,0
0,4,event,27,0.002250000000003638,0
0,4,event,28,0.0020409999997355044,0
0,4,event,29,0.0027909999998882995,0
0,4,event,30,0.002207999999882304,0
0,4,event,31,0.002124999999978172,0
0,4,event,32,0.002124999999978172,0
0,4,event,33,0.002167000000099506,0
0,4,event,34,0.0029169999997975538,0
0,4,event,35,0.002124999999978172,0
0,4,event,36,0.0028750000001309672,0
0,4,event,37,0.00204200000007404,0
0,4,event,38,0.002959000000373635,0
0,4,event,39,0.002541999999721156,0
0,4,event,40,0.002457999999933236,0
0,4,event,41,0.0021660000002157176,0
0,4,event,42,0.002375000000029104,0
0,4,event,43,0.002124999999978172,0
0,4,event,44,0.002124999999978172,0
0,4,event,45,0.003000000000156433,0
0,4,event,46,0.005916999999953987,0
0,4,event,47,0.00233299999990777,0
0,4,event,48,0.0022919999996702245,0
0,4,event,49,0.0021669999996447586,0
0,4,event,50,0.003250000000207365,0
0,4,event,51,0.002250000000003638,0
0,4,event,52,0.002124999999978172,0
0,4,event,53,0.0023339999997915584,0
0,4,event,54,0.0021669999996447586,0
0,4,event,55,0.0025000000000545697,0
0,4,event,56,0.006291000000146596,0
0,4,event,57,0.002749999999650754,0
0,4,event,58,0.002124999999978172,0
0,4,event,59,0.0020830000003115856,0
0,4,event,60,0.024083999999675143,4
0,4,event,61,0.003000000000156433,0
0,4,event,62,0.0025000000000545697,0
0,4,event,63,0.002250000000003638,0
0,4,event,64,0.0029580000000350992,0
0,4,event,65,0.0021659999997609702,0
0,4,event,66,0.002124999999978172,0
0,4,event,67,0.00220900000022084,0
0,4,event,68,0.00204200000007404,0
0,4,event,69,0.003584000000046217,0
0,4,event,70,0.0023340000002463057,0
0,4,event,71,0.002167000000099506,0
0,4,event,72,0.002292000000124972,0
0,4,event,73,0.002124999999978172,0
0,4,event,74,0.0029580000000350992,0
0,4,event,75,0.0021660000002157176,0
0,4,event,76,0.006791000000248459,0
0,4,event,77,0.0022919999996702245,0
0,4,event,78,0.0022089999997660925,0
0,4,event,79,0.002666999999746622,0
0,4,event,80,0.005500000000211003,0
0,4,event,81,0.002917000000252301,0
0,4,event,82,0.0022089999997660925,0
0,4,event,83,0.002666999999746622,0
0,4,event,84,0.0022919999996702245,0
0,4,event,85,0.0026250000000800355,0
0,4,event,86,0.002084000000195374,0
0,4,event,87,0.002167000000099506,0
0,4,event,88,0.002084000000195374,0
0,4,event,89,0.002084000000195374,0
0,4,event,90,0.002834000000348169,0
0,4,event,91,0.002124999999978172,0
0,4,event,92,0.002124999999978172,0
0,4,event,93,0.002084000000195374,0
0,4,event,94,0.0024170000001504377,0
0,4,event,95,0.002708999999867956,0
0,4,event,96,0.0022919999996702245,0
0,4,event,97,0.002167000000099506,0
0,4,event,98,0.002250000000003638,0
0,4,event,99,0.002124999999978172,0
0,4,event,100,0.002541999999721156,0
0,4,event,101,0.010500000000320142,0
0,4,event,102,0.0024170000001504377,0
0,4,event,103,0.002124999999978172,0
0,4,event,104,0.0024170000001504377,0
0,4,event,105,0.0021669999996447586,0
0,4,event,106,0.006583000000318862,0
0,4,event,107,0.0023339999997915584,0
0,4,event,108,0.0023339999997915584,0
0,4,event,109,0.0022919999996702245,0
0,4,event,110,0.0020839999997406267,0
0,4,event,111,0.0026670000002013694,0
0,4,event,112,0.0028750000001309672,0
0,4,event,113,0.0022080000003370515,0
0,4,event,114,0.002124999999978172,0
0,4,event,115,0.0021669999996447586,0
0,4,event,116,0.00258399999984249,0
0,4,event,117,0.0058750000002874,0
0,4,event,118,0.002250000000003638,0
0,4,event,119,0.002167000000099506,0
0,4,event,120,0.023958000000220636,4
0,4,event,121,0.0031669999998484855,0
0,4,event,122,0.002375000000029104,0
0,4,event,123,0.0022089999997660925,0
0,4,event,124,0.0022919999996702245,0
0,4,event,125,0.0026659999998628336,0
0,4,event,126,0.002167000000099506,0
0,4,event,127,0.002124999999978172,0
0,4,event,128,0.00220900000022084,0
0,4,event,129,0.002124999999978172,0
0,4,event,130,0.0027090000003227033,0
0,4,event,131,0.0024590000002717716,0
0,4,event,132,0.0032919999998739513,0
0,4,event,133,0.002124999999978172,0
0,4,event,134,0.0020830000003115856,0
0,4,event,135,0.0027500000001055014,0
0,4,event,136,0.006709000000228116,0
0,4,event,137,0.0023340000002463057,0
0,4,event,138,0.00220900000022084,0
0,4,event,139,0.005583999999998923,0
0,4,event,140,0.0029580000000350992,0
0,4,event,141,0.002207999999882304,0
0,4,event,142,0.002124999999978172,0
0,4,event,143,0.004625000000032742,0
0,4,event,144,0.002290999999786436,0
0,4,event,145,0.0026659999998628336,0
0,4,event,146,0.0027079999999841675,0
0,4,event,147,0.002207999999882304,0
0,4,event,148,0.0020829999998568383,0
0,4,event,149,0.002457999999933236,0
0,4,event,150,0.002624999999625288,0
0,4,event,151,0.0027500000001055014,0
0,4,event,152,0.0021659999997609702,0
0,4,event,153,0.002207999999882304,0
0,4,event,154,0.00233299999990777,0
0,4,event,155,0.002124999999978172,0
0,4,event,156,0.0027079999999841675,0
0,4,event,157,0.002250000000003638,0
0,4,event,158,0.002124999999978172,0
0,4,event,159,0.002124999999978172,0
0,4,event,160,0.002167000000099506,0
0,4,event,161,0.0025829999999587017,0
0,4,event,162,0.002250000000003638,0
0,4,event,163,0.002041999999619293,0
0,4,event,164,0.003541999999924883,0
0,4,event,165,0.0025840000002972374,0
0,4,event,166,0.006917000000157714,0
0,4,event,167,0.0028750000001309672,0
0,4,event,168,0.0022080000003370515,0
0,4,event,169,0.0020830000003115856,0
0,4,event,170,0.002375000000029104,0
0,4,event,171,0.0022080000003370515,0
0,4,event,172,0.0027079999999841675,0
0,4,event,173,0.002084000000195374,0
0,4,event,174,0.002124999999978172,0
0,4,event,175,0.0027500000001055014,0
0,4,event,176,0.002124999999978172,0
0,4,event,177,0.0025000000000545697,0
0,4,event,178,0.005666000000019267,0
0,4,event,179,0.0025420000001759036,0
0,4,event,180,0.023250000000189175,4
0,4,event,181,0.0028750000001309672,0
0,4,event,182,0.0072909999998955755,0
0,4,event,183,0.005666000000019267,0
0,4,event,184,0.002250000000003638,0
0,4,event,185,0.0022080000003370515,0
0,4,event,186,0.0028330000000096334,0
0,4,event,187,0.0021659999997609702,0
0,4,event,188,0.002290999999786436,0
0,4,event,189,0.002167000000099506,0
0,4,event,190,0.002207999999882304,0
0,4,event,191,0.0026250000000800355,0
0,4,event,192,0.002375000000029104,0
0,4,event,193,0.002124999999978172,0
0,4,event,194,0.0020830000003115856,0
0,4,event,195,0.0033750000002328306,0
0,4,event,196,0.006334000000151718,0
0,4,event,197,0.0022919999996702245,0
0,4,event,198,0.002167000000099506,0
0,4,event,199,0.005708000000140601,0
0,4,event,200,0.002541000000292115,0
0,4,event,201,0.002917000000252301,0
0,4,event,202,0.002250000000003638,0
0,4,event,203,0.0020829999998568383,0
0,4,event,204,0.002167000000099506,0
0,4,event,205,0.002124999999978172,0
0,4,event,206,0.0027920000002268353,0
0,4,event,207,0.0027920000002268353,0
0,4,event,208,0.0021660000002157176,0
0,4,event,209,0.0022919999996702245,0
0,4,event,210,0.002124999999978172,0
0,4,event,211,0.002124999999978172,0
0,4,event,212,0.00258399999984249,0
0,4,event,213,0.002167000000099506,0
0,4,event,214,0.002167000000099506,0
0,4,event,215,0.002207999999882304,0
0,4,event,216,0.00204200000007404,0
0,4,event,217,0.0034170000003541645,0
0,4,event,218,0.002250000000003638,0
0,4,event,219,0.002250000000003638,0
0,4,event,220,0.002167000000099506,0
0,4,event,221,0.002124999999978172,0
0,4,event,222,0.0027500000001055014,0
0,4,event,223,0.002207999999882304,0
0,4,event,224,0.002124999999978172,0
0,4,event,225,0.002250000000003638,0
0,4,event,226,0.002250000000003638,0
0,4,event,227,0.00641700000005585,0
0,4,event,228,0.002624999999625288,0
0,4,event,229,0.0021659999997609702,0
0,4,event,230,0.0020409999997355044,0
0,4,event,231,0.002207999999882304,0
0,4,event,232,0.002124999999978172,0
0,4,event,233,0.0025420000001759036,0
0,4,event,234,0.0020829999998568383,0
0,4,event,235,0.00220900000022084,0
0,4,event,236,0.002250000000003638,0
0,4,event,237,0.002708999999867956,0
0,4,event,238,0.002541999999721156,0
0,4,event,239,0.005749999999807187,0
0,4,event,240,0.022207999999864114,4
0,4,event,241,0.003832999999758613,0
0,4,event,242,0.002250000000003638,0
0,4,event,243,0.002250000000003638,0
0,4,event,244,0.0021659999997609702,0
0,4,event,245,0.00233299999990777,0
0,4,event,246,0.002167000000099506,0
0,4,event,247,0.0027920000002268353,0
0,4,event,248,0.002207999999882304,0
0,4,event,249,0.00204200000007404,0
0,4,event,250,0.00220900000022084,0
0,4,event,251,0.002124999999978172,0
0,4,event,252,0.002708999999867956,0
0,4,event,253,0.002292000000124972,0
0,4,event,254,0.002666000000317581,0
0,4,event,255,0.0022910000002411834,0
0,4,event,256,0.006458000000293396,0
0,4,event,257,0.0026670000002013694,0
0,4,event,258,0.003333999999995285,0
0,4,event,259,0.005834000000049855,0
0,4,event,260,0.002292000000124972,0
0,4,event,261,0.002084000000195374,0
0,4,event,262,0.0025829999999587017,0
0,4,event,263,0.002207999999882304,0
0,4,event,264,0.002124999999978172,0
0,4,event,265,0.005915999999615451,0
0,4,event,266,0.002250000000003638,0
0,4,event,267,0.003208000000086031,0
0,4,event,268,0.0031669999998484855,0
0,4,event,269,0.002167000000099506,0
0,4,event,270,0.00233299999990777,0
0,4,event,271,0.002290999999786436,0
0,4,event,272,0.002207999999882304,0
0,4,event,273,0.0027500000001055014,0
0,4,event,274,0.002250000000003638,0
0,4,event,275,0.002084000000195374,0
0,4,event,276,0.002250000000003638,0
0,4,event,277,0.002084000000195374,0
0,4,event,278,0.002666999999746622,0
0,4,event,279,0.002292000000124972,0
0,4,event,280,0.00204200000007404,0
0,4,event,281,0.002124999999978172,0
0,4,event,282,0.002124999999978172,0
0,4,event,283,0.0025420000001759036,0
0,4,event,284,0.0027500000001055014,0
0,4,event,285,0.00204200000007404,0
0,4,event,286,0.00204200000007404,0
0,4,event,287,0.0076249999997344275,0
0,4,event,288,0.002292000000124972,0
0,4,event,289,0.0025000000000545697,0
0,4,event,290,0.0029589999999188876,0
0,4,event,291,0.002167000000099506,0
0,4,event,292,0.00204200000007404,0
0,4,event,293,0.002292000000124972,0
0,4,event,294,0.00287499999967622,0
0,4,event,295,0.002250000000003638,0
0,4,event,296,0.002124999999978172,0
0,4,event,297,0.002292000000124972,0
0,4,event,298,0.002167000000099506,0
0,4,event,299,0.002708999999867956,0
0,4,event,300,0.02687500000001819,4
0,4,event,301,0.0029160000003685127,0
0,4,event,302,0.003125000000181899,0
0,4,event,303,0.002167000000099506,0
0,4,event,304,0.002084000000195374,0
0,4,event,305,0.002250000000003638,0
0,4,event,306,0.0021659999997609702,0
0,4,event,307,0.0024170000001504377,0
0,4,event,308,0.0025000000000545697,0
0,4,event,309,0.002207999999882304,0
0,4,event,310,0.0021669999996447586,0
0,4,event,311,0.002124999999978172,0
0,4,event,312,0.002124999999978172,0
0,4,event,313,0.003333999999995285,0
0,4,event,314,0.002124999999978172,0
0,4,event,315,0.00204200000007404,0
0,4,event,316,0.007292000000234111,0
0,4,event,317,0.0024170000001504377,0
0,4,event,318,0.002708999999867956,0
0,4,event,319,0.0054579999996349216,0
0,4,event,320,0.00233299999990777,0
0,4,event,321,0.003208000000086031,0
0,4,event,322,0.002167000000099506,0
0,4,event,323,0.002791000000343047,0
0,4,event,324,0.00233299999990777,0
0,4,event,325,0.002124999999978172,0
0,4,event,326,0.002124999999978172,0
0,4,event,327,0.002292000000124972,0
0,4,event,328,0.002250000000003638,0
0,4,event,329,0.0028750000001309672,0
0,4,event,330,0.002084000000195374,0
0,4,event,331,0.002541999999721156,0
0,4,event,332,0.0021669999996447586,0
0,4,event,333,0.0022919999996702245,0
0,4,event,334,0.002541999999721156,0
0,4,event,335,0.0020830000003115856,0
0,4,event,336,0.0021660000002157176,0
0,4,event,337,0.002167000000099506,0
0,4,event,338,0.0021250000004329195,0
0,4,event,339,0.002541000000292115,0
0,4,event,340,0.002124999999978172,0
0,4,event,341,0.0021660000002157176,0
0,4,event,342,0.0020410000001902517,0
0,4,event,343,0.002124999999978172,0
0,4,event,344,0.0025000000000545697,0
0,4,event,345,0.002124999999978172,0
0,4,event,346,0.002124999999978172,0
0,4,event,347,0.009125000000040018,0
0,4,event,348,0.002250000000003638,0
0,4,event,349,0.002375000000029104,0
0,4,event,350,0.0026670000002013694,0
0,4,event,351,0.0026670000002013694,0
0,4,event,352,0.002167000000099506,0
0,4,event,353,0.003083000000060565,0
0,4,event,354,0.0022089999997660925,0
0,4,event,355,0.0027920000002268353,0
0,4,event,356,0.0021659999997609702,0
0,4,event,357,0.0028330000000096334,0
0,4,event,358,0.0030410000003939786,0
0,4,event,359,0.0023330000003625173,0
0,4,event,360,0.026332999999794993,4
0,4,event,361,0.0028750000001309672,0
0,4,event,362,0.003208000000086031,0
0,4,event,363,0.003582999999707681,0
0,4,event,364,0.002207999999882304,0
0,4,event,365,0.002124999999978172,0
0,4,event,366,0.0021659999997609702,0
0,4,event,367,0.0019999999999527063,0
0,4,event,368,0.00233299999990777,0
0,4,event,369,0.002749999999650754,0
0,4,event,370,0.002250000000003638,0
0,4,event,371,0.0020830000003115856,0
0,4,event,372,0.002167000000099506,0
0,4,event,373,0.0020830000003115856,0
0,4,event,374,0.0026670000002013694,0
0,4,event,375,0.002167000000099506,0
0,4,event,376,0.002167000000099506,0
0,4,event,377,0.00687500000003638,0
0,4,event,378,0.002167000000099506,0
0,4,event,379,0.006583999999747903,0
0,4,event,380,0.0024169999996956903,0
0,4,event,381,0.002207999999882304,0
0,4,event,382,0.002124999999978172,0
0,4,event,383,0.002207999999882304,0
0,4,event,384,0.003624999999829015,0
0,4,event,385,0.002250000000003638,0
0,4,event,386,0.002124999999978172,0
0,4,event,387,0.0023339999997915584,0
0,4,event,388,0.002250000000003638,0
0,4,event,389,0.002124999999978172,0
0,4,event,390,0.002541999999721156,0
0,4,event,391,0.002250000000003638,0
0,4,event,392,0.0023339999997915584,0
0,4,event,393,0.0025420000001759036,0
0,4,event,394,0.002084000000195374,0
0,4,event,395,0.0026250000000800355,0
0,4,event,396,0.002124999999978172,0
0,4,event,397,0.002167000000099506,0
0,4,event,398,0.0023340000002463057,0
0,4,event,399,0.002124999999978172,0
0,4,event,400,0.0025829999999587017,0
0,4,event,401,0.002375000000029104,0
0,4,event,402,0.002124999999978172,0
0,4,event,403,0.0023339999997915584,0
0,4,event,404,0.0021669999996447586,0
0,4,event,405,0.0022919999996702245,0
0,4,event,406,0.00258399999984249,0
0,4,event,407,0.0062499999999090505,0
0,4,event,408,0.00233299999990777,0
0,4,event,409,0.002167000000099506,0
0,4,event,410,0.002167000000099506,0
0,4,event,411,0.0026250000000800355,0
0,4,event,412,0.0027079999999841675,0
0,4,event,413,0.0025000000000545697,0
0,4,event,414,0.002167000000099506,0
0,4,event,415,0.002457999999933236,0
0,4,event,416,0.0037080000001878943,0
0,4,event,417,0.002207999999882304,0
0,4,event,418,0.0027079999999841675,0
0,4,event,419,0.0020829999998568383,0
0,4,event,420,0.027124999999614374,4
0,4,event,421,0.007374999999683496,0
0,4,event,422,0.0022910000002411834,0
0,4,event,423,0.0021660000002157176,0
0,4,event,424,0.0033750000002328306,0
0,4,event,425,0.002375000000029104,0
0,4,event,426,0.0022080000003370515,0
0,4,event,427,0.0022089999997660925,0
0,4,event,428,0.005959000000075321,0
0,4,event,429,0.002292000000124972,0
0,4,event,430,0.002708999999867956,0
0,4,event,431,0.0022919999996702245,0
0,4,event,432,0.002250000000003638,0
0,4,event,433,0.0022089999997660925,0
0,4,event,434,0.0023330000003625173,0
0,4,event,435,0.0025000000000545697,0
0,4,event,436,0.002167000000099506,0
0,4,event,437,0.005625000000236469,0
0,4,event,438,0.0052910000003976165,0
0,4,event,439,0.002292000000124972,0
0,4,event,440,0.0025420000001759036,0
0,4,event,441,0.002124999999978172,0
0,4,event,442,0.002124999999978172,0
0,4,event,443,0.002124999999978172,0
0,4,event,444,0.0020829999998568383,0
0,4,event,445,0.002124999999978172,0
0,4,event,446,0.0025000000000545697,0
0,4,event,447,0.003208000000086031,0
0,4,event,448,0.002250000000003638,0
0,4,event,449,0.0020829999998568383,0
0,4,event,450,0.0023330000003625173,0
0,4,event,451,0.0026250000000800355,0
0,4,event,452,0.002124999999978172,0
0,4,event,453,0.002250000000003638,0
0,4,event,454,0.00233299999990777,0
0,4,event,455,0.002124999999978172,0
0,4,event,456,0.003165999999964697,0
0,4,event,457,0.002250000000003638,0
0,4,event,458,0.002084000000195374,0
0,4,event,459,0.002124999999978172,0
0,4,event,460,0.002124999999978172,0
0,4,event,461,0.0026670000002013694,0
0,4,event,462,0.002250000000003638,0
0,4,event,463,0.0020830000003115856,0
0,4,event,464,0.002124999999978172,0
0,4,event,465,0.002167000000099506,0
0,4,event,466,0.0020830000003115856,0
0,4,event,467,0.00633300000026793,0
0,4,event,468,0.0028330000000096334,0
0,4,event,469,0.002250000000003638,0
0,4,event,470,0.002124999999978172,0
0,4,event,471,0.0020830000003115856,0
0,4,event,472,0.0025000000000545697,0
0,4,event,473,0.0027500000001055014,0
0,4,event,474,0.002292000000124972,0
0,4,event,475,0.002124999999978172,0
0,4,event,476,0.002124999999978172,0
0,4,event,477,0.0026670000002013694,0
0,4,event,478,0.00220900000022084,0
0,4,event,479,0.002791999999772088,0
0,4,event,480,0.02233399999977337,4
0,4,event,481,0.0029169999997975538,0
0,4,event,482,0.006291000000146596,0
0,4,event,483,0.0024170000001504377,0
0,4,event,484,0.0022919999996702245,0
0,4,event,485,0.003290999999990163,0
0,4,event,486,0.002167000000099506,0
0,4,event,487,0.0027920000002268353,0
0,4,event,488,0.0022080000003370515,0
0,4,event,489,0.002124999999978172,0
0,4,event,490,0.002207999999882304,0
0,4,event,491,0.002624999999625288,0
0,4,event,492,0.0022089999997660925,0
0,4,event,493,0.002124999999978172,0
0,4,event,494,0.002124999999978172,0
0,4,event,495,0.002124999999978172,0
0,4,event,496,0.002666999999746622,0
0,4,event,497,0.0058750000002874,0
0,4,event,498,0.005917000000408734,0
0,4,event,499,0.007750000000214641,0
0,4,event,500,0.0026670000002013694,0
0,4,event,501,0.0028750000001309672,0
0,4,event,502,0.002124999999978172,0
0,4,event,503,0.002167000000099506,0
0,4,event,504,0.002167000000099506,0
0,4,event,505,0.002124999999978172,0
0,4,event,506,0.002457999999933236,0
0,4,event,507,0.002583000000413449,0
0,4,event,508,0.0022080000003370515,0
0,4,event,509,0.002167000000099506,0
0,4,event,510,0.006916000000273925,0
0,4,event,511,0.002375000000029104,0
0,4,event,512,0.0026250000000800355,0
0,4,event,513,0.0020829999998568383,0
0,4,event,514,0.0020409999997355044,0
0,4,event,515,0.002290999999786436,0
0,4,event,516,0.00204200000007404,0
0,4,event,517,0.0027079999999841675,0
0,4,event,518,0.0025829999999587017,0
0,4,event,519,0.002167000000099506,0
0,4,event,520,0.002167000000099506,0
0,4,event,521,0.002292000000124972,0
0,4,event,522,0.0027500000001055014,0
0,4,event,523,0.0028330000000096334,0
0,4,event,524,0.002250000000003638,0
0,4,event,525,0.002124999999978172,0
0,4,event,526,0.002124999999978172,0
0,4,event,527,0.005250000000160071,0
0,4,event,528,0.0031669999998484855,0
0,4,event,529,0.00233299999990777,0
0,4,event,530,0.0020410000001902517,0
0,4,event,531,0.0025000000000545697,0
0,4,event,532,0.002084000000195374,0
0,4,event,533,0.0026250000000800355,0
0,4,event,534,0.002124999999978172,0
0,4,event,535,0.002124999999978172,0
0,4,event,536,0.0020829999998568383,0
0,4,event,537,0.002290999999786436,0
0,4,event,538,0.0026250000000800355,0
0,4,event,539,0.0021659999997609702,0
0,4,event,540,0.021917000000030384,4
0,4,event,541,0.003624999999829015,0
0,4,event,542,0.0033750000002328306,0
0,4,event,543,0.006499999999959982,0
0,4,event,544,0.002167000000099506,0
0,4,event,545,0.002375000000029104,0
0,4,event,546,0.002207999999882304,0
0,4,event,547,0.002624999999625288,0
0,4,event,548,0.002292000000124972,0
0,4,event,549,0.0026250000000800355,0
0,4,event,550,0.002124999999978172,0
0,4,event,551,0.002167000000099506,0
0,4,event,552,0.003042000000277767,0
0,4,event,553,0.002167000000099506,0
0,4,event,554,0.002167000000099506,0
0,4,event,555,0.0019999999999527063,0
0,4,event,556,0.002084000000195374,0
0,4,event,557,0.0070420000001831795,0
0,4,event,558,0.005959000000075321,0
0,4,event,559,0.002207999999882304,0
0,4,event,560,0.002290999999786436,0
0,4,event,561,0.0020829999998568383,0
0,4,event,562,0.002540999999837368,0
0,4,event,563,0.0020829999998568383,0
0,4,event,564,0.002124999999978172,0
0,4,event,565,0.0020829999998568383,0
0,4,event,566,0.002124999999978172,0
0,4,event,567,0.002124999999978172,0
0,4,event,568,0.0026670000002013694,0
0,4,event,569,0.0019999999999527063,0
0,4,event,570,0.0021659999997609702,0
0,4,event,571,0.002207999999882304,0
0,4,event,572,0.0021659999997609702,0
0,4,event,573,0.0034580000001369626,0
0,4,event,574,0.002250000000003638,0
0,4,event,575,0.002084000000195374,0
0,4,event,576,0.0022089999997660925,0
0,4,event,577,0.002124999999978172,0
0,4,event,578,0.0025840000002972374,0
0,4,event,579,0.00220900000022084,0
0,4,event,580,0.002292000000124972,0
0,4,event,581,0.0026250000000800355,0
0,4,event,582,0.0025000000000545697,0
0,4,event,583,0.0024589999998170242,0
0,4,event,584,0.002124999999978172,0
0,4,event,585,0.0020839999997406267,0
0,4,event,586,0.002167000000099506,0
0,4,event,587,0.0020839999997406267,0
0,4,event,588,0.0061670000000049185,0
0,4,event,589,0.002791000000343047,0
0,4,event,590,0.0021660000002157176,0
0,4,event,591,0.0020829999998568383,0
0,4,event,592,0.0021669999996447586,0
0,4,event,593,0.005499999999756255,0
0,4,event,594,0.00287499999967622,0
0,4,event,595,0.0022089999997660925,0
0,4,event,596,0.002250000000003638,0
0,4,event,597,0.0020410000001902517,0
0,4,event,598,0.0020830000003115856,0
0,4,event,599,0.0025000000000545697,0
0,4,event,600,0.021416000000044733,4
0,4,event,601,0.002749999999650754,0
0,4,event,602,0.0030419999998230196,0
0,4,event,603,0.002290999999786436,0
0,4,event,604,0.00670799999988958,0
0,4,event,605,0.0033330000001114968,0
0,4,event,606,0.0022080000003370515,0
0,4,event,607,0.0024160000002666493,0
0,4,event,608,0.0026250000000800355,0
0,4,event,609,0.002167000000099506,0
0,4,event,610,0.0020829999998568383,0
0,4,event,611,0.0021660000002157176,0
0,4,event,612,0.002457999999933236,0
0,4,event,613,0.0027500000001055014,0
0,4,event,614,0.00220900000022084,0
0,4,event,615,0.002250000000003638,0
0,4,event,616,0.002290999999786436,0
0,4,event,617,0.005540999999993801,0
0,4,event,618,0.006292000000030384,0
0,4,event,619,0.002749999999650754,0
0,4,event,620,0.0020410000001902517,0
0,4,event,621,0.002207999999882304,0
0,4,event,622,0.0021659999997609702,0
0,4,event,623,0.0027079999999841675,0
0,4,event,624,0.0021659999997609702,0
0,4,event,625,0.002207999999882304,0
0,4,event,626,0.002207999999882304,0
0,4,event,627,0.002124999999978172,0
0,4,event,628,0.00233299999990777,0
0,4,event,629,0.0027079999999841675,0
0,4,event,630,0.002124999999978172,0
0,4,event,631,0.0019170000000485743,0
0,4,event,632,0.0029169999997975538,0
0,4,event,633,0.0021669999996447586,0
0,4,event,634,0.0034579999996822153,0
0,4,event,635,0.002250000000003638,0
0,4,event,636,0.0028330000000096334,0
0,4,event,637,0.002124999999978172,0
0,4,event,638,0.00204200000007404,0
0,4,event,639,0.0027500000001055014,0
0,4,event,640,0.002167000000099506,0
0,4,event,641,0.002250000000003638,0
0,4,event,642,0.0021250000004329195,0
0,4,event,643,0.0026670000002013694,0
0,4,event,644,0.002708999999867956,0
0,4,event,645,0.002124999999978172,0
0,4,event,646,0.0023330000003625173,0
0,4,event,647,0.002167000000099506,0
0,4,event,648,0.0058750000002874,0
0,4,event,649,0.0029160000003685127,0
0,4,event,650,0.002292000000124972,0
0,4,event,651,0.002292000000124972,0
0,4,event,652,0.00204200000007404,0
0,4,event,653,0.00220900000022084,0
0,4,event,654,0.002250000000003638,0
0,4,event,655,0.0027909999998882995,0
0,4,event,656,0.002167000000099506,0
0,4,event,657,0.006041999999979453,0
0,4,event,658,0.0026250000000800355,0
0,4,event,659,0.0021659999997609702,0
0,4,event,660,0.023000000000138243,4
0,4,event,661,0.003125000000181899,0
0,4,event,662,0.00220900000022084,0
0,4,event,663,0.002834000000348169,0
0,4,event,664,0.002292000000124972,0
0,4,event,665,0.006459000000177184,0
0,4,event,666,0.002791999999772088,0
0,4,event,667,0.002375000000029104,0
0,4,event,668,0.0037910000000920263,0
0,4,event,669,0.002207999999882304,0
0,4,event,670,0.002207999999882304,0
0,4,event,671,0.002250000000003638,0
0,4,event,672,0.002124999999978172,0
0,4,event,673,0.0027079999999841675,0
0,4,event,674,0.007333000000016909,0
0,4,event,675,0.002250000000003638,0
0,4,event,676,0.00204200000007404,0
0,4,event,677,0.002124999999978172,0
0,4,event,678,0.009082999999918684,0
0,4,event,679,0.0028330000000096334,0
0,4,event,680,0.00233299999990777,0
0,4,event,681,0.002084000000195374,0
0,4,event,682,0.0024590000002717716,0
0,4,event,683,0.002167000000099506,0
0,4,event,684,0.0026250000000800355,0
0,4,event,685,0.002250000000003638,0
0,4,event,686,0.0025000000000545697,0
0,4,event,687,0.002708999999867956,0
0,4,event,688,0.002250000000003638,0
0,4,event,689,0.0025829999999587017,0
0,4,event,690,0.002167000000099506,0
0,4,event,691,0.002624999999625288,0
0,4,event,692,0.0022089999997660925,0
0,4,event,693,0.0022089999997660925,0
0,4,event,694,0.0026670000002013694,0
0,4,event,695,0.002250000000003638,0
0,4,event,696,0.0021669999996447586,0
0,4,event,697,0.0022910000002411834,0
0,4,event,698,0.0022080000003370515,0
0,4,event,699,0.003042000000277767,0
0,4,event,700,0.0029169999997975538,0
0,4,event,701,0.002124999999978172,0
0,4,event,702,0.0022089999997660925,0
0,4,event,703,0.002292000000124972,0
0,4,event,704,0.0020839999997406267,0
0,4,event,705,0.0027500000001055014,0
0,4,event,706,0.0025829999999587017,0
0,4,event,707,0.002292000000124972,0
0,4,event,708,0.006208000000242464,0
0,4,event,709,0.0022080000003370515,0
0,4,event,710,0.0026250000000800355,0
0,4,event,711,0.002167000000099506,0
0,4,event,712,0.002124999999978172,0
0,4,event,713,0.0020829999998568383,0
0,4,event,714,0.0020410000001902517,0
0,4,event,715,0.002124999999978172,0
0,4,event,716,0.0024589999998170242,0
0,4,event,717,0.002292000000124972,0
0,4,event,718,0.002124999999978172,0
0,4,event,719,0.002167000000099506,0
0,4,event,720,0.025500000000192813,4
0,4,event,721,0.00287499999967622,0
0,4,event,722,0.0021660000002157176,0
0,4,event,723,0.002207999999882304,0
0,4,event,724,0.0029169999997975538,0
0,4,event,725,0.002207999999882304,0
0,4,event,726,0.006665999999768246,0
0,4,event,727,0.002457999999933236,0
0,4,event,728,0.0020409999997355044,0
0,4,event,729,0.0025829999999587017,0
0,4,event,730,0.0020830000003115856,0
0,4,event,731,0.0033750000002328306,0
0,4,event,732,0.002292000000124972,0
0,4,event,733,0.0020829999998568383,0
0,4,event,734,0.0028330000000096334,0
0,4,event,735,0.002124999999978172,0
0,4,event,736,0.002207999999882304,0
0,4,event,737,0.006499999999959982,0
0,4,event,738,0.005916999999953987,0
0,4,event,739,0.0022919999996702245,0
0,4,event,740,0.0025420000001759036,0
0,4,event,741,0.002167000000099506,0
0,4,event,742,0.0027090000003227033,0
0,4,event,743,0.002167000000099506,0
0,4,event,744,0.002167000000099506,0
0,4,event,745,0.0025000000000545697,0
0,4,event,746,0.0021669999996447586,0
0,4,event,747,0.0020829999998568383,0
0,4,event,748,0.00204200000007404,0
0,4,event,749,0.002124999999978172,0
0,4,event,750,0.0025420000001759036,0
0,4,event,751,0.0021660000002157176,0
0,4,event,752,0.0028330000000096334,0
0,4,event,753,0.0025420000001759036,0
0,4,event,754,0.00204200000007404,0
0,4,event,755,0.0020829999998568383,0
0,4,event,756,0.009833000000071479,0
0,4,event,757,0.002292000000124972,0
0,4,event,758,0.002084000000195374,0
0,4,event,759,0.002250000000003638,0
0,4,event,760,0.002458000000387983,0
0,4,event,761,0.002541999999721156,0
0,4,event,762,0.003165999999964697,0
0,4,event,763,0.002250000000003638,0
0,4,event,764,0.002124999999978172,0
0,4,event,765,0.002124999999978172,0
0,4,event,766,0.0026250000000800355,0
0,4,event,767,0.00220900000022084,0
0,4,event,768,0.005916999999953987,0
0,4,event,769,0.002290999999786436,0
0,4,event,770,0.002207999999882304,0
0,4,event,771,0.002457999999933236,0
0,4,event,772,0.002124999999978172,0
0,4,event,773,0.00204200000007404,0
0,4,event,774,0.002124999999978172,0
0,4,event,775,0.0020829999998568383,0
0,4,event,776,0.002124999999978172,0
0,4,event,777,0.0024170000001504377,0
0,4,event,778,0.002124999999978172,0
0,4,event,779,0.002124999999978172,0
0,4,event,780,0.021666999999979453,4
0,4,event,781,0.003000000000156433,0
0,4,event,782,0.002250000000003638,0
0,4,event,783,0.002124999999978172,0
0,4,event,784,0.002124999999978172,0
0,4,event,785,0.0029999999997016857,0
0,4,event,786,0.002167000000099506,0
0,4,event,787,0.00641700000005585,0
0,4,event,788,0.002124999999978172,0
0,4,event,789,0.002250000000003638,0
0,4,event,790,0.002666000000317581,0
0,4,event,791,0.002167000000099506,0
0,4,event,792,0.0021669999996447586,0
0,4,event,793,0.0021660000002157176,0
0,4,event,794,0.003208000000086031,0
0,4,event,795,0.002207999999882304,0
0,4,event,796,0.0025420000001759036,0
0,4,event,797,0.005999999999858119,0
0,4,event,798,0.005125000000134605,0
0,4,event,799,0.0029999999997016857,0
0,4,event,800,0.002791999999772088,0
0,4,event,801,0.0026250000000800355,0
0,4,event,802,0.002207999999882304,0
0,4,event,803,0.00204200000007404,0
0,4,event,804,0.002207999999882304,0
0,4,event,805,0.001959000000169908,0
0,4,event,806,0.0026250000000800355,0
0,4,event,807,0.002292000000124972,0
0,4,event,808,0.002167000000099506,0
0,4,event,809,0.00233299999990777,0
0,4,event,810,0.0020000000004074536,0
0,4,event,811,0.0025829999999587017,0
0,4,event,812,0.002124999999978172,0
0,4,event,813,0.002167000000099506,0
0,4,event,814,0.002250000000003638,0
0,4,event,815,0.002124999999978172,0
0,4,event,816,0.002207999999882304,0
0,4,event,817,0.0027079999999841675,0
0,4,event,818,0.002207999999882304,0
0,4,event,819,0.0020829999998568383,0
0,4,event,820,0.0027500000001055014,0
0,4,event,821,0.002167000000099506,0
0,4,event,822,0.0025840000002972374,0
0,4,event,823,0.002124999999978172,0
0,4,event,824,0.002292000000124972,0
0,4,event,825,0.0025829999999587017,0
0,4,event,826,0.002167000000099506,0
0,4,event,827,0.0026250000000800355,0
0,4,event,828,0.005791999999928521,0
0,4,event,829,0.0023340000002463057,0
0,4,event,830,0.002167000000099506,0
0,4,event,831,0.0025420000001759036,0
0,4,event,832,0.002708000000438915,0
0,4,event,833,0.0022080000003370515,0
0,4,event,834,0.0021660000002157176,0
0,4,event,835,0.002250000000003638,0
0,4,event,836,0.0023330000003625173,0
0,4,event,837,0.002167000000099506,0
0,4,event,838,0.006124999999883585,0
0,4,event,839,0.0021660000002157176,0
0,4,event,840,0.02145799999971132,4
0,4,event,841,0.003749999999854481,0
0,4,event,842,0.002207999999882304,0
0,4,event,843,0.002207999999882304,0
0,4,event,844,0.002250000000003638,0
0,4,event,845,0.0021250000004329195,0
0,4,event,846,0.0027909999998882995,0
0,4,event,847,0.002207999999882304,0
0,4,event,848,0.006374999999934516,0
0,4,event,849,0.002167000000099506,0
0,4,event,850,0.0020829999998568383,0
0,4,event,851,0.0026659999998628336,0
0,4,event,852,0.0031669999998484855,0
0,4,event,853,0.0022919999996702245,0
0,4,event,854,0.0022089999997660925,0
0,4,event,855,0.0022080000003370515,0
0,4,event,856,0.00233299999990777,0
0,4,event,857,0.007750000000214641,0
0,4,event,858,0.005416000000423082,0
0,4,event,859,0.0024170000001504377,0
0,4,event,860,0.002167000000099506,0
0,4,event,861,0.002124999999978172,0
0,4,event,862,0.0033749999997780833,0
0,4,event,863,0.0022089999997660925,0
0,4,event,864,0.00258399999984249,0
0,4,event,865,0.002167000000099506,0
0,4,event,866,0.00204200000007404,0
0,4,event,867,0.0025000000000545697,0
0,4,event,868,0.0021660000002157176,0
0,4,event,869,0.0024170000001504377,0
0,4,event,870,0.002124999999978172,0
0,4,event,871,0.002167000000099506,0
0,4,event,872,0.0025829999999587017,0
0,4,event,873,0.0021659999997609702,0
0,4,event,874,0.002167000000099506,0
0,4,event,875,0.002207999999882304,0
0,4,event,876,0.0019999999999527063,0
0,4,event,877,0.0020829999998568383,0
0,4,event,878,0.0027079999999841675,0
0,4,event,879,0.002375000000029104,0
0,4,event,880,0.0020829999998568383,0
0,4,event,881,0.002207999999882304,0
0,4,event,882,0.002124999999978172,0
0,4,event,883,0.0025829999999587017,0
0,4,event,884,0.002167000000099506,0
0,4,event,885,0.002124999999978172,0
0,4,event,886,0.00233299999990777,0
0,4,event,887,0.0025420000001759036,0
0,4,event,888,0.0032499999997526174,0
0,4,event,889,0.0058330000001660665,0
0,4,event,890,0.0021660000002157176,0
0,4,event,891,0.0019999999999527063,0
0,4,event,892,0.005541999999877589,0
0,4,event,893,0.0030839999999443535,0
0,4,event,894,0.002124999999978172,0
0,4,event,895,0.002375000000029104,0
0,4,event,896,0.0020839999997406267,0
0,4,event,897,0.0022919999996702245,0
0,4,event,898,0.002250000000003638,0
0,4,event,899,0.002791999999772088,0
0,4,event,900,0.02087500000016007,4
0,4,event,901,0.002957999999580352,0
0,4,event,902,0.0028750000001309672,0
0,4,event,903,0.002250000000003638,0
0,4,event,904,0.002124999999978172,0
0,4,event,905,0.00220900000022084,0
0,4,event,906,0.002084000000195374,0
0,4,event,907,0.00287499999967622,0
0,4,event,908,0.002124999999978172,0
0,4,event,909,0.007041999999728432,0
0,4,event,910,0.002541999999721156,0
0,4,event,911,0.002250000000003638,0
0,4,event,912,0.0027079999999841675,0
0,4,event,913,0.0025829999999587017,0
0,4,event,914,0.0021250000004329195,0
0,4,event,915,0.002167000000099506,0
0,4,event,916,0.0023339999997915584,0
0,4,event,917,0.0062499999999090505,0
0,4,event,918,0.00654099999974278,0
0,4,event,919,0.005582999999660387,0
0,4,event,920,0.0034160000000156288,0
0,4,event,921,0.002124999999978172,0
0,4,event,922,0.002292000000124972,0
0,4,event,923,0.0028330000000096334,0
0,4,event,924,0.0026659999998628336,0
0,4,event,925,0.002250000000003638,0
0,4,event,926,0.002292000000124972,0
0,4,event,927,0.002167000000099506,0
0,4,event,928,0.0025829999999587017,0
0,4,event,929,0.002250000000003638,0
0,4,event,930,0.002124999999978172,0
0,4,event,931,0.002207999999882304,0
0,4,event,932,0.0020829999998568383,0
0,4,event,933,0.0027909999998882995,0
0,4,event,934,0.0022080000003370515,0
0,4,event,935,0.0020000000004074536,0
0,4,event,936,0.0023339999997915584,0
0,4,event,937,0.002084000000195374,0
0,4,event,938,0.002124999999978172,0
0,4,event,939,0.0027500000001055014,0
0,4,event,940,0.0022910000002411834,0
0,4,event,941,0.002250000000003638,0
0,4,event,942,0.0023339999997915584,0
0,4,event,943,0.0020830000003115856,0
0,4,event,944,0.0025829999999587017,0
0,4,event,945,0.0020829999998568383,0
0,4,event,946,0.002250000000003638,0
0,4,event,947,0.002124999999978172,0
0,4,event,948,0.0020830000003115856,0
0,4,event,949,0.006750000000010914,0
0,4,event,950,0.002375000000029104,0
0,4,event,951,0.0027500000001055014,0
0,4,event,952,0.002250000000003638,0
0,4,event,953,0.002124999999978172,0
0,4,event,954,0.0033750000002328306,0
0,4,event,955,0.002167000000099506,0
0,4,event,956,0.00258399999984249,0
0,4,event,957,0.002207999999882304,0
0,4,event,958,0.0020829999998568383,0
0,4,event,959,0.002124999999978172,0
0,4,event,960,0.021583000000191532,4
0,4,event,961,0.0035000000002582965,0
0,4,event,962,0.0023340000002463057,0
0,4,event,963,0.0029589999999188876,0
0,4,event,964,0.0022080000003370515,0
0,4,event,965,0.002124999999978172,0
0,4,event,966,0.0021669999996447586,0
0,4,event,967,0.0021669999996447586,0
0,4,event,968,0.0025829999999587017,0
0,4,event,969,0.00204200000007404,0
0,4,event,970,0.006416999999601103,0
0,4,event,971,0.002250000000003638,0
0,4,event,972,0.0020410000001902517,0
0,4,event,973,0.0025000000000545697,0
0,4,event,974,0.002375000000029104,0
0,4,event,975,0.002124999999978172,0
0,4,event,976,0.00204200000007404,0
0,4,event,977,0.005542000000332337,0
0,4,event,978,0.005791999999928521,0
0,4,event,979,0.002917000000252301,0
0,4,event,980,0.0023339999997915584,0
0,4,event,981,0.002041999999619293,0
0,4,event,982,0.0022089999997660925,0
0,4,event,983,0.0032499999997526174,0
0,4,event,984,0.0026659999998628336,0
0,4,event,985,0.002124999999978172,0
0,4,event,986,0.002250000000003638,0
0,4,event,987,0.002540999999837368,0
0,4,event,988,0.0020829999998568383,0
0,4,event,989,0.0027920000002268353,0
0,4,event,990,0.0022910000002411834,0
0,4,event,991,0.0021250000004329195,0
0,4,event,992,0.002124999999978172,0
0,4,event,993,0.002124999999978172,0
0,4,event,994,0.0027500000001055014,0
0,4,event,995,0.002124999999978172,0
0,4,event,996,0.002124999999978172,0
0,4,event,997,0.0022089999997660925,0
0,4,event,998,0.0020839999997406267,0
0,4,event,999,0.0020839999997406267,0
0,4,burst,0,0.11979100000007747,28
0,4,burst,1,0.11524999999983265,28
0,4,burst,2,0.11620900000025358,28
0,4,burst,3,0.11875000000009095,28
0,4,burst,4,0.12341599999990649,28
0,4,burst,5,0.12258300000030431,28
0,4,burst,6,0.11904199999980847,28
0,4,burst,7,0.11808400000018082,28
0,4,burst,8,0.11683400000038091,28
0,4,burst,9,0.11754199999995762,28
0,4,burst,10,0.11683400000038091,28
0,4,burst,11,0.11954199999991033,28
0,4,burst,12,0.12233300000025338,28
0,4,burst,13,0.115458000000217,28
0,4,burst,14,0.11779100000012477,28
0,4,burst,15,0.11791599999969549,28
0,4,burst,16,0.1327499999997599,28
0,4,burst,17,0.11595799999986411,28
0,4,burst,18,0.11766699999998309,28
0,4,burst,19,0.12358300000005329,28
0,4,burst,20,0.1224579999998241,28
0,4,burst,21,0.11733400000002803,28
0,4,burst,22,0.11641699999972843,28
0,4,burst,23,0.12099999999963984,28
0,4,burst,24,0.11720900000000256,28
0,4,burst,25,0.11679199999980483,28
0,4,burst,26,0.12574999999969805,28
0,4,burst,27,0.11954199999991033,28
0,4,burst,28,0.11812499999996362,28
0,4,burst,29,0.11629100000027393,28
0,4,burst,30,0.1172910000000229,28
0,4,burst,31,0.12016599999969912,28
0,4,burst,32,0.11683300000004238,28
0,4,burst,33,0.12129100000038306,28
0,4,burst,34,0.11845799999991868,28
0,4,burst,35,0.1171249999997599,28
0,4,burst,36,0.11749999999983629,28
0,4,burst,37,0.12866699999995035,28
0,4,burst,38,0.11812499999996362,28
0,4,burst,39,0.11745900000005349,28
0,4,burst,40,0.1252079999999296,28
0,4,burst,41,0.11762499999986176,28
0,4,burst,42,0.11908300000004601,28
0,4,burst,43,0.11675000000013824,28
0,4,burst,44,0.11808300000029703,28
0,4,burst,45,0.11750000000029104,28
0,4,burst,46,0.11979199999996126,28
0,4,burst,47,0.11962499999981446,28
0,4,burst,48,0.11770899999964968,28
0,4,burst,49,0.11745900000005349,28
0,4,burst,50,0.11875000000009095,28
0,4,burst,51,0.11720799999966403,28
0,4,burst,52,0.11691599999994651,28
0,4,burst,53,0.11599999999998545,28
0,4,burst,54,0.12770899999986796,28
0,4,burst,55,0.1172919999999067,28
0,4,burst,56,0.11895899999990434,28
0,4,burst,57,0.11724999999978536,28
0,4,burst,58,0.12033400000018446,28
0,4,burst,59,0.11770800000022064,28
0,4,burst,60,0.12266600000020844,28
0,4,burst,61,0.11625000000003638,28
0,4,burst,62,0.12304200000016863,28
0,4,burst,63,0.11908300000004601,28
0,4,burst,64,0.11649999999963256,28
0,4,burst,65,0.11941600000000108,28
0,4,burst,66,0.12049999999999272,28
0,4,burst,67,0.11783400000012989,28
0,4,burst,68,0.11845900000025722,28
0,4,burst,69,0.12083400000028632,28
0,4,burst,70,0.124416999999994,28
0,4,burst,71,0.1174170000003869,28
0,4,burst,72,0.11737499999981083,28
0,4,burst,73,0.11720799999966403,28
0,4,burst,74,0.1216669999998885,28
0,4,burst,75,0.11883299999999508,28
0,4,burst,76,0.1218340000000353,28
0,4,burst,77,0.1194590000000062,28
0,4,burst,78,0.11887499999966167,28
0,4,burst,79,0.12037499999996726,28
0,4,burst,80,0.11858400000028269,28
0,4,burst,81,0.11824999999998909,28
0,4,burst,82,0.11941600000000108,28
0,4,burst,83,0.12070800000037707,28
0,4,burst,84,0.12112500000012005,28
0,4,burst,85,0.12487499999997453,28
0,4,burst,86,0.11816599999974642,28
0,4,burst,87,0.1169169999998303,28
0,4,burst,88,0.11783299999979135,28
0,4,burst,89,0.11945800000012241,28
0,4,burst,90,0.12199999999984357,28
0,4,burst,91,0.11879199999975754,28
0,4,burst,92,0.11841700000013589,28
0,4,burst,93,0.12541699999974298,28
0,4,burst,94,0.11875000000009095,28
0,4,burst,95,0.11808299999984229,28
0,4,burst,96,0.11974999999983993,28
0,4,burst,97,0.12024999999994179,28
0,4,burst,98,0.1214589999999589,28
0,4,burst,99,0.11937500000021828,28
0,4,burst,100,0.12125000000014552,28
0,4,burst,101,0.12054200000011406,28
0,4,burst,102,0.11941600000000108,28
0,4,burst,103,0.11608299999988958,28
0,4,burst,104,0.11879199999975754,28
0,4,burst,105,0.12208300000020245,28
0,4,burst,106,0.11629199999970297,28
0,4,burst,107,0.11554200000000492,28
0,4,burst,108,0.1187089999998534,28
0,4,burst,109,0.11816700000008495,28
0,4,burst,110,0.11683399999992616,28
0,4,burst,111,0.11545900000010079,28
0,4,burst,112,0.12195899999960602,28
0,4,burst,113,0.118916999999783,28
0,4,burst,114,0.11654200000020865,28
0,4,burst,115,0.11875000000009095,28
0,4,burst,116,0.12116599999990285,28
0,4,burst,117,0.11895800000002055,28
0,4,burst,118,0.11537500000031287,28
0,4,burst,119,0.11916700000028868,28
0,4,burst,120,44.444375000000036,28
0,4,burst,121,0.1597500000002583,28
0,4,burst,122,0.13504100000000108,28
0,4,burst,123,0.12670799999978044,28
0,4,burst,124,0.12354099999993196,28
0,4,burst,125,0.12345800000002782,28
0,4,burst,126,0.1343339999998534,28
0,4,burst,127,0.12095799999997325,28
0,4,burst,128,0.12362500000017462,28
0,4,burst,129,0.12037499999996726,28
0,4,burst,130,0.12545800000043528,28
0,4,burst,131,0.1454169999997248,28
0,4,burst,132,0.12358399999993708,28
0,4,burst,133,0.1246249999999236,28
0,4,burst,134,0.1172500000002401,28
0,4,burst,135,0.12637500000028012,28
0,4,burst,136,0.12366699999984121,28
0,4,burst,137,0.11937499999976353,28
0,4,burst,138,0.11870799999996962,28
0,4,burst,139,0.12066600000025574,28
0,4,burst,140,0.1182080000003225,28
0,4,burst,141,0.12170900000000984,28
0,4,burst,142,0.11841700000013589,28
0,4,burst,143,0.11774999999988722,28
0,4,burst,144,0.12045799999987139,28
0,4,burst,145,0.11850000000004002,28
0,4,burst,146,0.1230000000000473,28
0,4,burst,147,0.11841700000013589,28
0,4,burst,148,0.12137500000017099,28
0,4,burst,149,0.11670800000001691,28
0,4,burst,150,0.11612500000001091,28
0,4,burst,151,0.12320900000031543,28
0,4,burst,152,0.11845799999991868,28
0,4,burst,153,0.12291600000025937,28
0,4,burst,154,0.13770800000020245,28
0,4,burst,155,0.13075000000026193,28
0,4,burst,156,0.11954100000002654,28
0,4,burst,157,0.11924999999973807,28
0,4,burst,158,0.11762499999986176,28
0,4,burst,159,0.11666699999977936,28
0,4,burst,160,0.12412500000027649,28
0,4,burst,161,0.11641600000029939,28
0,4,burst,162,0.1334999999999127,28
0,4,burst,163,0.11824999999998909,28
0,4,burst,164,0.11954199999991033,28
0,4,burst,165,0.11704200000031051,28
0,4,burst,166,0.12237499999991996,28
0,4,burst,167,0.11645899999984977,28
0,4,burst,168,0.11995800000022427,28
0,4,burst,169,0.12383299999964947,28
0,4,burst,170,0.1202080000002752,28
0,4,burst,171,0.11687500000016371,28
0,4,burst,172,0.12412500000027649,28
0,4,burst,173,0.1170830000000933,28
0,4,burst,174,0.11612500000001091,28
0,4,burst,175,0.11741600000004837,28
0,4,burst,176,0.1289999999999054,28
0,4,burst,177,0.1171249999997599,28
0,4,burst,178,0.12691599999971004,28
0,4,burst,179,0.12412499999982174,28
0,4,burst,180,0.12304200000016863,28
0,4,burst,181,0.1171249999997599,28
0,4,burst,182,0.11883399999987887,28
0,4,burst,183,0.12329200000021956,28
0,4,burst,184,98.39295799999991,28
0,4,burst,185,0.1509579999997186,28
0,4,burst,186,0.13404200000013589,28
0,4,burst,187,0.12933299999986048,28
0,4,burst,188,0.12933299999986048,28
0,4,burst,189,0.12495799999987867,28
0,4,burst,190,0.1304590000004282,28
0,4,burst,191,0.1516670000000886,28
0,4,burst,192,0.1266249999998763,28
0,4,burst,193,0.12137500000017099,28
0,4,burst,194,0.12183300000015151,28
0,4,burst,195,0.12325000000009823,28
0,4,burst,196,0.12708299999985684,28
0,4,burst,197,0.12204099999962637,28
0,4,burst,198,0.12979200000017954,28
0,4,burst,199,0.1214589999999589,28
0,4,burst,200,0.12570800000003146,28
0,4,burst,201,0.11920800000007148,28
0,4,burst,202,0.1224170000000413,28
0,4,burst,203,0.1338340000002063,28
0,4,burst,204,0.1248329999998532,28
0,4,burst,205,0.13429199999973207,28
0,4,burst,206,0.12249999999994543,28
0,4,burst,207,0.13220899999987523,28
0,4,burst,208,0.12387499999977081,28
0,4,burst,209,0.1267920000000231,28
0,4,burst,210,0.11770900000010442,28
0,4,burst,211,0.12354200000027049,28
0,4,burst,212,0.12633400000004258,28
0,4,burst,213,0.12104199999976117,28
0,4,burst,214,0.1327499999997599,28
0,4,burst,215,0.1276249999996253,28
0,4,burst,216,0.1294169999996484,28
0,4,burst,217,0.12249999999994543,28
0,4,burst,218,0.12270799999987503,28
0,4,burst,219,0.12412499999982174,28
0,4,burst,220,0.12095799999997325,28
0,4,burst,221,0.12429199999996854,28
0,4,burst,222,0.1230000000000473,28
0,4,burst,223,0.12100000000009459,28
0,4,burst,224,0.12441600000011022,28
0,4,burst,225,0.12079099999982645,28
0,4,burst,226,0.12574999999969805,28
0,4,burst,227,0.18133399999987887,28
0,4,burst,228,0.12687499999992724,28
0,4,burst,229,0.11887500000011642,28
0,4,burst,230,0.11895899999990434,28
0,4,burst,231,0.12983399999984613,28
0,4,burst,232,0.12016700000003766,28
0,4,burst,233,0.13095900000007532,28
0,4,burst,234,0.12808399999994435,28
0,4,burst,235,0.12041700000008859,28
0,4,burst,236,0.12583300000005693,28
0,4,burst,237,0.12083299999994779,28
0,4,burst,238,0.1251670000001468,28
0,4,burst,239,0.12441599999965547,28
0,4,burst,240,0.13299999999981083,28
0,4,burst,241,0.12525000000005093,28
0,4,burst,242,0.12933300000031522,28
0,4,burst,243,0.12441600000011022,28
0,4,burst,244,0.11808300000029703,28
0,4,burst,245,0.13141600000017206,28
0,4,burst,246,0.12970800000039162,28
0,4,burst,247,0.12495800000033341,28
0,4,burst,248,0.14012500000035288,28
0,4,burst,249,0.12020799999982046,28
0,4,burst,250,0.12712499999997817,28
0,4,burst,251,0.12962500000003274,28
0,4,burst,252,0.12841599999956088,28
0,4,burst,253,0.12637499999982538,28
0,4,burst,254,0.12116699999978664,28
0,4,burst,255,0.12691700000004857,28
0,4,burst,256,0.12820800000008603,28
0,4,burst,257,0.13191599999981918,28
0,4,burst,258,0.12854099999958635,28
0,4,burst,259,0.11962499999981446,28
0,4,burst,260,0.1242090000000644,28
0,4,burst,261,0.11858299999994415,28
0,4,burst,262,0.12841600000001563,28
0,4,burst,263,0.12162499999976717,28
0,4,burst,264,0.11758299999974042,28
0,4,burst,265,0.12591699999984485,28
0,4,burst,266,0.12358300000005329,28
0,4,burst,267,0.12950000000000728,28
0,4,burst,268,0.11820799999986775,28
0,4,burst,269,0.12133300000004965,28
0,4,burst,270,0.1356670000000122,28
0,4,burst,271,0.11883399999987887,28
0,4,burst,272,0.1262090000000171,28
0,4,burst,273,0.12220799999977316,28
0,4,burst,274,0.12641600000006292,28
0,4,burst,275,0.12391600000000835,28
0,4,burst,276,0.1250409999997828,28
0,4,burst,277,0.1431670000001759,28
0,4,burst,278,0.13024999999970532,28
0,4,burst,279,0.12599999999974898,28
0,4,burst,280,0.12895799999978408,28
0,4,burst,281,0.1200410000001284,28
0,4,burst,282,0.13154100000019753,28
0,4,burst,283,0.12616700000035053,28
0,4,burst,284,0.12591699999984485,28
0,4,burst,285,0.12654199999997218,28
0,4,burst,286,0.1277500000001055,28
0,4,burst,287,0.12854200000037963,28
0,4,burst,288,0.15737499999977445,28
0,4,burst,289,0.12704200000007404,28
0,4,burst,290,0.12783300000000963,28
0,4,burst,291,0.12583300000005693,28
0,4,burst,292,0.14283300000033705,28
0,4,burst,293,0.12508399999978792,28
0,4,burst,294,0.13408399999980247,28
0,4,burst,295,0.1297500000000582,28
0,4,burst,296,0.12358300000005329,28
0,4,burst,297,0.13683300000002419,28
0,4,burst,298,0.1303330000000642,28
0,4,burst,299,0.14049999999997453,28
0,4,burst,300,0.1433750000001055,28
0,4,burst,301,0.1257500000001528,28
0,4,burst,302,0.1267080000002352,28
0,4,burst,303,0.129917000000205,28
0,4,burst,304,0.13175000000001091,28
0,4,burst,305,0.13266699999985576,28
0,4,burst,306,0.1422499999998763,28
0,4,burst,307,0.129917000000205,28
0,4,burst,308,0.1330840000000535,28
0,4,burst,309,0.1327499999997599,28
0,4,burst,310,0.129207999999835,28
0,4,burst,311,0.13666599999987739,28
0,4,burst,312,0.13262499999973443,28
0,4,burst,313,0.13166699999965203,28
0,4,burst,314,0.1321669999997539,28
0,4,burst,315,0.13679099999990285,28
0,4,burst,316,0.13041600000042308,28
0,4,burst,317,0.12491700000009587,28
0,4,burst,318,0.13208299999996598,28
0,4,burst,319,0.13962500000025102,28
0,4,burst,320,0.1475829999999405,28
0,4,burst,321,0.125,28
0,4,burst,322,0.12162500000022192,28
0,4,burst,323,0.12470799999982773,28
0,4,burst,324,0.1529579999996713,28
0,4,burst,325,0.1261250000002292,28
0,4,burst,326,0.13095900000007532,28
0,4,burst,327,0.1289999999999054,28
0,4,burst,328,0.1315839999997479,28
0,4,burst,329,0.1242499999998472,28
0,4,burst,330,0.13079199999992852,28
0,4,burst,331,0.13704200000029232,28
0,4,burst,332,0.12254100000018298,28
0,4,burst,333,0.13149999999995998,28
0,4,burst,334,0.13262499999973443,28
0,4,burst,335,0.13345899999967514,28
0,4,burst,336,0.13062499999978172,28
0,4,burst,337,0.1246249999999236,28
0,4,burst,338,0.13462500000014188,28
0,4,burst,339,0.14133299999957671,28
0,4,burst,340,0.12599999999974898,28
0,4,burst,341,0.13591700000006313,28
0,4,burst,342,0.12979200000017954,28
0,4,burst,343,276.53291599999966,28
0,4,burst,344,0.16208299999971132,28
0,4,burst,345,0.13516700000036508,28
0,4,burst,346,0.12666699999999764,28
0,4,burst,347,0.12966700000015408,28
0,4,burst,348,0.12804199999982302,28
0,4,burst,349,0.1269999999999527,28
0,4,burst,350,0.12295800000038071,28
0,4,burst,351,0.13104199999997945,28
0,4,burst,352,0.12312500000007276,28
0,4,burst,353,0.12416600000005928,28
0,4,burst,354,0.14325000000008004,28
0,4,burst,355,0.12924999999995634,28
0,4,burst,356,0.12875000000030923,28
0,4,burst,357,0.12929200000007768,28
0,4,burst,358,0.12570800000003146,28
0,4,burst,359,0.12449999999989814,28
0,4,burst,360,0.13095800000019153,28
0,4,burst,361,0.1227920000001177,28
0,4,burst,362,0.12249999999994543,28
0,4,burst,363,0.12691599999971004,28
0,4,burst,364,0.12454200000001947,28
0,4,burst,365,0.12416699999994307,28
0,4,burst,366,0.12233299999979863,28
0,4,burst,367,0.12304200000016863,28
0,4,burst,368,0.1228329999999005,28
0,4,burst,369,0.12374999999974534,28
0,4,burst,370,0.12762500000008004,28
0,4,burst,371,0.12454099999968093,28
0,4,burst,372,0.1262499999997999,28
0,4,burst,373,0.1196669999999358,28
0,4,burst,374,0.11904199999980847,28
0,4,burst,375,0.12337499999966894,28
0,4,burst,376,0.1204160000002048,28
0,4,burst,377,0.11808299999984229,28
0,4,burst,378,0.11879099999987375,28
0,4,burst,379,0.12337500000012369,28
0,4,burst,380,0.11941699999988487,28
0,4,burst,381,0.11733300000014424,28
0,4,burst,382,0.11979199999996126,28
0,4,burst,383,0.11720800000011877,28
0,4,burst,384,0.1185830000003989,28
0,4,burst,385,0.11837500000001455,28
0,4,burst,386,0.12820900000042457,28
0,4,burst,387,0.11958299999969313,28
0,4,burst,388,0.11733300000014424,28
0,4,burst,389,0.12029200000006313,28
0,4,burst,390,0.1200410000001284,28
0,4,burst,391,0.11962499999981446,28
0,4,burst,392,0.12091599999985192,28
0,4,burst,393,0.11937499999976353,28
0,4,burst,394,0.1268339999996897,28
0,4,burst,395,0.11850000000004002,28
0,4,burst,396,0.11954199999991033,28
0,4,burst,397,0.11799999999993815,28
0,4,burst,398,0.12075000000004366,28
0,4,burst,399,0.11845799999991868,28
0,4,burst,400,0.12004099999967366,28
0,4,burst,401,0.1222499999998945,28
0,4,burst,402,0.12579200000027413,28
0,4,burst,403,0.11691599999994651,28
0,4,burst,404,0.11925000000019281,28
0,4,burst,405,0.12008299999979499,28
0,4,burst,406,0.12329099999988102,28
0,4,burst,407,0.11766699999998309,28
0,4,burst,408,0.12175000000024738,28
0,4,burst,409,0.11799999999993815,28
0,4,burst,410,0.11941600000000108,28
0,4,burst,411,0.11787499999991269,28
0,4,burst,412,0.11937500000021828,28
0,4,burst,413,0.11749999999983629,28
0,4,burst,414,0.12208400000008623,28
0,4,burst,415,0.12049999999999272,28
0,4,burst,416,0.1187499999996362,28
0,4,burst,417,0.12075000000004366,28
0,4,burst,418,0.12087500000006912,28
0,4,burst,419,0.11758400000007896,28
0,4,burst,420,0.11695899999995163,28
0,4,burst,421,0.11824999999998909,28
0,4,burst,422,0.13612499999999272,28
0,4,burst,423,0.12512500000002547,28
0,4,burst,424,0.11908300000004601,28
0,4,burst,425,0.11658299999999144,28
0,4,burst,426,0.11887500000011642,28
0,4,burst,427,0.11937499999976353,28
0,4,burst,428,0.11766699999998309,28
0,4,burst,429,0.12058399999978064,28
0,4,burst,430,0.12024999999994179,28
0,4,burst,431,0.11816600000020117,28
0,4,burst,432,0.11962500000026921,28
0,4,burst,433,0.12629199999992125,28
0,4,burst,434,0.11712500000021464,28
0,4,burst,435,0.11558400000012625,28
0,4,burst,436,0.11754199999995762,28
0,4,burst,437,0.12566700000024866,28
0,4,burst,438,0.11820900000020629,28
0,4,burst,439,0.11783299999979135,28
0,4,burst,440,0.11679099999992104,28
0,4,burst,441,0.12041699999963384,28
0,4,burst,442,0.11795799999981682,28
0,4,burst,443,0.11858299999994415,28
0,4,burst,444,0.12216600000010658,28
0,4,burst,445,0.11841599999979735,28
0,4,burst,446,0.11970800000017334,28
0,4,burst,447,0.13099999999985812,28
0,4,burst,448,0.12508399999978792,28
0,4,burst,449,0.11841699999968114,28
0,4,burst,450,0.12308299999995143,28
0,4,burst,451,0.12058400000023539,28
0,4,burst,452,0.11912500000016735,28
0,4,burst,453,0.12237499999991996,28
0,4,burst,454,0.1207910000002812,28
0,4,burst,455,0.1176250000003165,28
0,4,burst,456,0.12316699999973935,28
0,4,burst,457,0.1191249999997126,28
0,4,burst,458,0.12425000000030195,28
0,4,burst,459,0.12012499999991633,28
0,4,burst,460,0.11970900000005713,28
0,4,burst,461,0.12383399999998801,28
0,4,burst,462,0.11770900000010442,28
0,4,burst,463,0.11816700000008495,28
0,4,burst,464,0.12550000000010186,28
0,4,burst,465,0.12670799999978044,28
0,4,burst,466,0.1167499999996835,28
0,4,burst,467,0.119499999999789,28
0,4,burst,468,0.1191249999997126,28
0,4,burst,469,0.11945800000012241,28
0,4,burst,470,0.11737499999981083,28
0,4,burst,471,0.11662499999965803,28
0,4,burst,472,0.12174999999979264,28
0,4,burst,473,0.11958400000003166,28
0,4,burst,474,0.11687499999970896,28
0,4,burst,475,0.11758400000007896,28
0,4,burst,476,0.11749999999983629,28
0,4,burst,477,0.12129200000026685,28
0,4,burst,478,0.11787500000036744,28
0,4,burst,479,0.12449999999989814,28
0,4,burst,480,0.11804200000005949,28
0,4,burst,481,0.11870799999996962,28
0,4,burst,482,0.11762499999986176,28
0,4,burst,483,0.11799999999993815,28
0,4,burst,484,0.11908300000004601,28
0,4,burst,485,0.11708299999963856,28
0,4,burst,486,0.12175000000024738,28
0,4,burst,487,0.11666699999977936,28
0,4,burst,488,0.11958400000003166,28
0,4,burst,489,0.12083299999994779,28
0,4,burst,490,0.11829099999977188,28
0,4,burst,491,0.11566599999969185,28
0,4,burst,492,0.11941600000000108,28
0,4,burst,493,0.12120800000002419,28
0,4,burst,494,0.11495800000011513,28
0,4,burst,495,0.12095899999985704,28
0,4,burst,496,0.12116700000024139,28
0,4,burst,497,0.11637500000006185,28
0,4,burst,498,0.11720799999966403,28
0,4,burst,499,0.11699999999973443,28
0,4,burst,500,0.11966599999959726,28
0,4,burst,501,0.12166600000000471,28
0,4,burst,502,0.11795799999981682,28
0,4,burst,503,0.11704099999997197,28
0,4,burst,504,0.07054100000004837,28
0,4,burst,505,0.05499999999983629,28
0,4,burst,506,0.055917000000135886,28
0,4,burst,507,0.055499999999938154,28
0,4,burst,508,0.05970800000022791,28
0,4,burst,509,0.05570899999975154,28
0,4,burst,510,0.05533399999967514,28
0,4,burst,511,0.05883300000004965,28
0,4,burst,512,0.0707910000000993,28
0,4,burst,513,0.12087500000006912,28
0,4,burst,514,0.12087500000006912,28
0,4,burst,515,0.12312500000007276,28
0,4,burst,516,0.12345800000002782,28
0,4,burst,517,43.026374999999916,28
0,4,burst,518,6.372250000000349,28
0,4,burst,519,33.75737499999968,28
0,4,burst,520,65.0217090000001,28
0,4,burst,521,0.10029200000008132,28
0,4,burst,522,0.09625000000005457,28
0,4,burst,523,0.08791699999983393,28
0,4,burst,524,0.10529199999973571,28
0,4,burst,525,0.15145899999970425,28
0,4,burst,526,0.11891700000023775,28
0,4,burst,527,0.09779200000002675,28
0,4,burst,528,0.08762500000011642,28
0,4,burst,529,0.088249999999789,28
0,4,burst,530,0.08374999999978172,28
0,4,burst,531,27.396624999999858,28
0,4,burst,532,0.2175000000002001,28
0,4,burst,533,0.14754100000027393,28
0,4,burst,534,0.14729200000010678,28
0,4,burst,535,0.18033399999967514,28
0,4,burst,536,0.1434169999997721,28
0,4,burst,537,0.15179200000011406,28
0,4,burst,538,2.8595409999998083,28
0,4,burst,539,0.16487499999993815,28
0,4,burst,540,0.14083400000026813,28
0,4,burst,541,0.13179200000013225,28
0,4,burst,542,13.748124999999618,28
0,4,burst,543,0.20108299999992596,28
0,4,burst,544,0.16791599999987739,28
0,4,burst,545,0.21349999999983993,28
0,4,burst,546,0.1845419999999649,28
0,4,burst,547,0.45758299999988594,28
0,4,burst,548,0.18416600000000471,28
0,4,burst,549,0.16066700000010314,28
0,4,burst,550,0.14474999999993088,28
0,4,burst,551,0.15083400000003166,28
0,4,burst,552,0.28937500000029104,28
0,4,burst,553,0.26595899999983885,28
0,4,burst,554,0.1490830000002461,28
0,4,burst,555,0.14212499999985084,28
0,4,burst,556,0.1424170000000231,28
0,4,burst,557,0.14208400000006804,28
0,4,burst,558,0.27312499999970896,28
0,4,burst,559,0.3510830000000169,28
0,4,burst,560,1.1098329999999805,28
0,4,burst,561,0.2043340000000171,28
0,4,burst,562,0.27029099999981554,28
0,4,burst,563,0.15416599999980463,28
0,4,burst,564,1.9772079999997914,28
0,4,burst,565,0.17233399999986432,28
0,4,burst,566,0.14258299999983137,28
0,4,burst,567,0.14858300000014424,28
0,4,burst,568,0.29399999999986903,28
0,4,burst,569,0.16658400000005713,28
0,4,burst,570,0.15433299999995143,28
0,4,burst,571,0.15241699999978664,28
0,4,burst,572,0.1546250000001237,28
0,4,burst,573,0.15316600000005565,28
0,4,burst,574,0.14824999999973443,28
0,4,burst,575,0.14870799999971496,28
0,4,burst,576,0.1616249999997308,28
0,4,burst,577,0.14645799999971132,28
0,4,burst,578,0.14316599999983737,28
0,4,burst,579,0.14274999999997817,28
0,4,burst,580,0.1481250000001637,28
0,4,burst,581,0.14237500000035652,28
0,4,burst,582,0.14487499999995634,28
0,4,burst,583,0.9538750000001528,28
0,4,burst,584,0.6378749999998945,28
0,4,burst,585,0.17558399999961694,28
0,4,burst,586,0.5192080000001624,28
0,4,burst,587,0.16549999999961074,28
0,4,burst,588,0.2580830000001697,28
0,4,burst,589,0.1746250000001055,28
0,4,burst,590,0.24404099999992468,28
0,4,burst,591,0.7600000000002183,28
0,4,burst,592,8.776708999999755,28
0,4,burst,593,2.617541000000074,28
0,4,burst,594,0.4259999999999309,28
0,4,burst,595,0.23670899999979156,28
0,4,burst,596,0.1742500000000291,28
0,4,burst,597,0.151625000000422,28
0,4,burst,598,0.16754199999968478,28
0,4,burst,599,0.14470899999969333,28
0,4,burst,600,0.14079199999969205,28
0,4,burst,601,0.1542500000000473,28
0,4,burst,602,0.14662500000031287,28
0,4,burst,603,0.13966600000003382,28
0,4,burst,604,0.14383300000008603,28
0,4,burst,605,0.14033299999982773,28
0,4,burst,606,0.14012499999989814,28
0,4,burst,607,0.14116599999988466,28
0,4,burst,608,0.14987500000006548,28
0,4,burst,609,0.1392080000000533,28
0,4,burst,610,0.1918749999999818,28
0,4,burst,611,0.24870800000007875,28
0,4,burst,612,0.16437500000029104,28
0,4,burst,613,0.15133400000013353,28
0,4,burst,614,0.1522500000000946,28
0,4,burst,615,0.15374999999994543,28
0,4,burst,616,0.14683400000012625,28
0,4,burst,617,0.14508299999988594,28
0,4,burst,618,0.14737500000001091,28
0,4,burst,619,0.14550000000008367,28
0,4,burst,620,0.14400000000023283,28
0,4,burst,621,0.1509169999999358,28
0,4,burst,622,0.15154200000006313,28
0,4,burst,623,0.14108299999998053,28
0,4,burst,624,0.14716599999974278,28
0,4,burst,625,0.14508299999988594,28
0,4,burst,626,0.14637500000026193,28
0,4,burst,627,0.16483300000027157,28
0,4,burst,628,0.14724999999998545,28
0,4,burst,629,0.15433300000040617,28
0,4,burst,630,0.15304199999991397,28
0,4,burst,631,0.1475829999999405,28
0,4,burst,632,0.14687499999990905,28
0,4,burst,633,0.14979099999982282,28
0,4,burst,634,0.14454200000000128,28
0,4,burst,635,0.14641699999992852,28
0,4,burst,636,0.1483339999999771,28
0,4,burst,637,0.15599999999994907,28
0,4,burst,638,0.14529200000015408,28
0,4,burst,639,0.14545799999996234,28
0,4,burst,640,0.14724999999998545,28
0,4,burst,641,0.14608299999963492,28
0,4,burst,642,0.1487499999998363,28
0,4,burst,643,0.146541999999954,28
0,4,burst,644,0.14975000000004002,28
0,4,burst,645,0.14724999999998545,28
0,4,burst,646,0.144832999999835,28
0,4,burst,647,0.14087500000005093,28
0,4,burst,648,0.14995799999996962,28
0,4,burst,649,0.1449160000001939,28
0,4,burst,650,0.1452910000002703,28
0,4,burst,651,0.1487499999998363,28
0,4,burst,652,0.14699999999993452,28
0,4,burst,653,0.14737500000001091,28
0,4,burst,654,0.14391699999987395,28
0,4,burst,655,0.1426249999999527,28
0,4,burst,656,0.14400000000023283,28
0,4,burst,657,0.1430000000000291,28
0,4,burst,658,0.1564579999999296,28
0,4,burst,659,0.14345800000000963,28
0,4,burst,660,0.14462500000036016,28
0,4,burst,661,0.1430000000000291,28
0,4,burst,662,0.14358400000037363,28
0,4,burst,663,0.14408300000013696,28
0,4,burst,664,0.15012500000011642,28
0,4,burst,665,0.15379200000006676,28
0,4,burst,666,0.14162500000020373,28
0,4,burst,667,0.14483300000028976,28
0,4,burst,668,0.14283300000033705,28
0,4,burst,669,0.1474580000003698,28
0,4,burst,670,0.14495899999974426,28
0,4,burst,671,0.14549999999962893,28
0,4,burst,672,0.15245899999990797,28
0,4,burst,673,0.14420800000016243,28
0,4,burst,674,0.14554099999986647,28
0,4,burst,675,0.14470799999980954,28
0,4,burst,676,0.14212499999985084,28
0,4,burst,677,0.14504100000021936,28
0,4,burst,678,0.14404199999989942,28
0,4,burst,679,0.13991699999996854,28
0,4,burst,680,0.15583300000025702,28
0,4,burst,681,0.14345800000000963,28
0,4,burst,682,0.14583400000037727,28
0,4,burst,683,0.14866699999993216,28
0,4,burst,684,0.1505000000001928,28
0,4,burst,685,0.14587499999970532,28
0,4,burst,686,0.14383399999996982,28
0,4,burst,687,0.15591700000004494,28
0,4,burst,688,0.1477090000003045,28
0,4,burst,689,0.17041699999981574,28
0,4,burst,690,0.17562500000030923,28
0,4,burst,691,0.16133300000001327,28
0,4,burst,692,0.1624589999996715,28
0,4,burst,693,0.15479199999981574,28
0,4,burst,694,0.1878750000000764,28
0,4,burst,695,0.15174999999999272,28
0,4,burst,696,0.15441599999985556,28
0,4,burst,697,0.16066600000021936,28
0,4,burst,698,0.16025000000036016,28
0,4,burst,699,0.15774999999985084,28
0,4,burst,700,0.15087499999981446,28
0,4,burst,701,0.15545799999972587,28
0,4,burst,702,0.16049999999995634,28
0,4,burst,703,0.15358400000013717,28
0,4,burst,704,0.16329200000018318,28
0,4,burst,705,0.15237500000012005,28
0,4,burst,706,0.14866699999993216,28
0,4,burst,707,0.1553750000002765,28
0,4,burst,708,0.165958000000046,28
0,4,burst,709,0.15637500000002547,28
0,4,burst,710,0.1546250000001237,28
0,4,burst,711,0.1619999999998072,28
0,4,burst,712,0.16154099999994287,28
0,4,burst,713,0.1395830000001297,28
0,4,burst,714,0.16008400000009715,28
0,4,burst,715,0.14737500000001091,28
0,4,burst,716,0.1728330000000824,28
0,4,burst,717,0.1516670000000886,28
0,4,burst,718,0.1527089999999589,28
0,4,burst,719,0.16058300000031522,28
0,4,burst,720,0.1691249999998945,28
0,4,burst,721,0.152042000000165,28
0,4,burst,722,0.15083300000014788,28
0,4,burst,723,0.15812499999992724,28
0,4,burst,724,0.15683399999988978,28
0,4,burst,725,0.150749999999789,28
0,4,burst,726,0.1584170000000995,28
0,4,burst,727,0.14858400000002803,28
0,4,burst,728,0.15541699999994307,28
0,4,burst,729,0.16191699999990306,28
0,4,burst,730,0.16416700000036144,28
0,4,burst,731,0.15562500000032742,28
0,4,burst,732,0.15737499999977445,28
0,4,burst,733,0.15220899999985704,28
0,4,burst,734,0.1550000000002001,28
0,4,burst,735,0.15399999999999636,28
0,4,burst,736,0.15133300000024974,28
0,4,burst,737,0.16295899999977337,28
0,4,burst,738,0.16249999999990905,28
0,4,burst,739,0.15208399999983158,28
0,4,burst,740,0.14899999999988722,28
0,4,burst,741,0.1587920000001759,28
0,4,burst,742,0.15770800000018426,28
0,4,burst,743,0.15395900000021356,28
0,4,burst,744,0.15599999999994907,28
0,4,burst,745,0.1546250000001237,28
0,4,burst,746,0.1505829999996422,28
0,4,burst,747,0.16095899999982066,28
0,4,burst,748,0.15174999999999272,28
0,4,burst,749,0.15195799999992232,28
0,4,burst,750,0.15237500000012005,28
0,4,burst,751,0.16970800000035524,28
0,4,burst,752,0.15433399999983521,28
0,4,burst,753,0.1465000000002874,28
0,4,burst,754,0.15483399999993708,28
0,4,burst,755,0.15245800000002419,28
0,4,burst,756,0.16591599999992468,28
0,4,burst,757,0.1487080000001697,28
0,4,burst,758,0.15395799999987503,28
0,4,burst,759,0.16000000000030923,28
0,4,burst,760,0.14804200000025958,28
0,4,burst,761,0.15762499999982538,28
0,4,burst,762,0.16904199999999037,28
0,4,burst,763,0.17145899999968606,28
0,4,burst,764,0.15124999999989086,28
0,4,burst,765,0.18708299999980227,28
0,4,burst,766,0.15595900000016627,28
0,4,burst,767,0.15429200000016863,28
0,4,burst,768,0.1586250000000291,28
0,4,burst,769,0.15516600000000835,28
0,4,burst,770,0.16079100000024482,28
0,4,burst,771,0.1492910000001757,28
0,4,burst,772,0.15708300000005693,28
0,4,burst,773,0.15554199999996854,28
0,4,burst,774,0.161167000000205,28
0,4,burst,775,158.84441700000025,28
0,4,burst,776,0.1443330000001879,28
0,4,burst,777,0.1293749999999818,28
0,4,burst,778,0.12904200000002675,28
0,4,burst,779,0.12808399999994435,28
0,4,burst,780,0.12633400000004258,28
0,4,burst,781,0.1228329999999005,28
0,4,burst,782,0.1289999999999054,28
0,4,burst,783,0.12358399999993708,28
0,4,burst,784,0.12287500000002183,28
0,4,burst,785,0.12779100000034305,28
0,4,burst,786,0.13887500000009823,28
0,4,burst,787,0.12304099999983009,28
0,4,burst,788,0.12299999999959255,28
0,4,burst,789,9.6140419999997,28
0,4,burst,790,0.14770799999996598,28
0,4,burst,791,0.136000000000422,28
0,4,burst,792,0.13029099999994287,28
0,4,burst,793,0.12579199999981938,28
0,4,burst,794,0.1287080000001879,28
0,4,burst,795,0.12816699999984849,28
0,4,burst,796,0.13020800000003874,28
0,4,burst,797,0.12274999999999636,28
0,4,burst,798,0.1275420000001759,28
0,4,burst,799,0.1310840000001008,28
0,4,burst,800,0.1227920000001177,28
0,4,burst,801,0.12799999999970169,28
0,4,burst,802,0.14583300000003874,28
0,4,burst,803,0.12962500000003274,28
0,4,burst,804,0.12012499999991633,28
0,4,burst,805,0.12329199999976481,28
0,4,burst,806,0.12166700000034325,28
0,4,burst,807,0.1200410000001284,28
0,4,burst,808,0.12175000000024738,28
0,4,burst,809,0.12150000000019645,28
0,4,burst,810,0.1253750000000764,28
0,4,burst,811,0.12129200000026685,28
0,4,burst,812,0.12029200000006313,28
0,4,burst,813,0.12183300000015151,28
0,4,burst,814,0.12179100000003018,28
0,4,burst,815,0.12100000000009459,28
0,4,burst,816,0.11937500000021828,28
0,4,burst,817,0.12108400000033726,28
0,4,burst,818,0.13512500000024374,28
0,4,burst,819,0.12033299999984592,28
0,4,burst,820,0.12687499999992724,28
0,4,burst,821,0.1218749999998181,28
0,4,burst,822,0.12120800000002419,28
0,4,burst,823,0.11975000000029468,28
0,4,burst,824,0.11804200000005949,28
0,4,burst,825,0.12583300000005693,28
0,4,burst,826,0.11962500000026921,28
0,4,burst,827,0.12079200000016499,28
0,4,burst,828,0.11920800000007148,28
0,4,burst,829,0.12241600000015751,28
0,4,burst,830,0.12208300000020245,28
0,4,burst,831,0.11941699999988487,28
0,4,burst,832,0.12049999999999272,28
0,4,burst,833,0.12612499999977445,28
0,4,burst,834,0.11833299999989322,28
0,4,burst,835,0.1226659999997537,28
0,4,burst,836,0.11687499999970896,28
0,4,burst,837,0.12374999999974534,28
0,4,burst,838,0.11854099999982282,28
0,4,burst,839,0.12199999999984357,28
0,4,burst,840,0.11816599999974642,28
0,4,burst,841,0.12100000000009459,28
0,4,burst,842,0.118916999999783,28
0,4,burst,843,0.11937499999976353,28
0,4,burst,844,0.11762499999986176,28
0,4,burst,845,0.12175000000024738,28
0,4,burst,846,0.12329099999988102,28
0,4,burst,847,0.11870799999996962,28
0,4,burst,848,0.11799999999993815,28
0,4,burst,849,0.12495800000033341,28
0,4,burst,850,0.11904099999992468,28
0,4,burst,851,0.12037499999996726,28
0,4,burst,852,0.1218749999998181,28
0,4,burst,853,61.260499999999865,28
0,4,burst,854,0.08691700000008495,28
0,4,burst,855,0.06845800000019153,28
0,4,burst,856,0.062290999999731866,28
0,4,burst,857,0.05925000000024738,28
0,4,burst,858,0.06079100000033577,28
0,4,burst,859,0.05704199999991033,28
0,4,burst,860,0.057000000000243745,28
0,4,burst,861,0.062334000000191736,28
0,4,burst,862,0.05629200000021228,28
0,4,burst,863,0.058791999999812106,28
0,4,burst,864,0.07049999999981083,28
0,4,burst,865,0.05916700000034325,28
0,4,burst,866,0.05679099999997561,28
0,4,burst,867,0.056916999999884865,28
0,4,burst,868,0.05900000000019645,28
0,4,burst,869,0.05716600000005201,28
0,4,burst,870,0.05579199999965567,28
0,4,burst,871,0.05679099999997561,28
0,4,burst,872,0.05670800000007148,28
0,4,burst,873,0.06062499999961801,28
0,4,burst,874,0.056125000000065484,28
0,4,burst,875,0.058540999999877386,28
0,4,burst,876,0.05650000000014188,28
0,4,burst,877,0.055666000000201166,28
0,4,burst,878,0.06895799999983865,28
0,4,burst,879,0.057374999999865395,28
0,4,burst,880,0.05625000000009095,28
0,4,burst,881,0.09133299999984956,28
0,4,burst,882,0.12308400000028996,28
0,4,burst,883,0.11875000000009095,28
0,4,burst,884,0.1214589999999589,28
0,4,burst,885,0.11841700000013589,28
0,4,burst,886,0.09295800000018062,28
0,4,burst,887,0.05458300000009331,28
0,4,burst,888,0.056375000000116415,28
0,4,burst,889,0.05708299999969313,28
0,4,burst,890,0.05570799999986775,28
0,4,burst,891,0.05595900000025722,28
0,4,burst,892,0.056542000000263215,28
0,4,burst,893,0.05445800000006784,28
0,4,burst,894,0.05945800000017698,28
0,4,burst,895,0.0562499999996362,28
0,4,burst,896,0.06029100000023391,28
0,4,burst,897,0.05429200000025958,28
0,4,burst,898,0.05525000000034197,28
0,4,burst,899,0.05720800000017334,28
0,4,burst,900,0.05704199999991033,28
0,4,burst,901,0.05508400000007896,28
0,4,burst,902,0.05533399999967514,28
0,4,burst,903,0.058958999999958905,28
0,4,burst,904,0.05683399999998073,28
0,4,burst,905,0.05512499999986176,28
0,4,burst,906,0.055292000000008557,28
0,4,burst,907,0.0571669999999358,28
0,4,burst,908,0.05658300000004601,28
0,4,burst,909,0.06170800000018062,28
0,4,burst,910,0.05783399999972971,28
0,4,burst,911,0.05841600000030667,28
0,4,burst,912,58.05862500000012,28
0,4,burst,913,2.8944579999997586,28
0,4,burst,914,0.35654199999999037,28
0,4,burst,915,1.3854999999998654,28
0,4,burst,916,0.16133300000001327,28
0,4,burst,917,0.1546659999999065,28
0,4,burst,918,0.19870799999989686,28
0,4,burst,919,0.12349999999969441,28
0,4,burst,920,0.10075000000006185,28
0,4,burst,921,0.10170900000002803,28
0,4,burst,922,0.09579200000007404,28
0,4,burst,923,0.1000410000001466,28
0,4,burst,924,0.09516699999994671,28
0,4,burst,925,0.11691700000028504,28
0,4,burst,926,0.09537500000033106,28
0,4,burst,927,0.24658399999998437,28
0,4,burst,928,0.46079199999985576,28
0,4,burst,929,0.1507080000001224,28
0,4,burst,930,0.17983300000014424,28
0,4,burst,931,0.14783299999999144,28
0,4,burst,932,1.577541999999994,28
0,4,burst,933,0.22820799999999508,28
0,4,burst,934,0.14229100000011385,28
0,4,burst,935,0.1485829999996895,28
0,4,burst,936,0.14133300000003146,28
0,4,burst,937,0.16483299999981682,28
0,4,burst,938,0.0884579999997186,28
0,4,burst,939,0.08445799999981318,28
0,4,burst,940,0.07387500000004366,28
0,4,burst,941,0.08683400000018082,28
0,4,burst,942,0.07637500000009823,28
0,4,burst,943,0.07445899999993344,28
0,4,burst,944,0.0704169999999067,28
0,4,burst,945,0.07162500000004002,28
0,4,burst,946,0.07441700000026685,28
0,4,burst,947,0.07408299999997325,28
0,4,burst,948,0.07120799999984229,28
0,4,burst,949,0.07270800000014788,28
0,4,burst,950,0.06999999999970896,28
0,4,burst,951,0.07229199999983393,28
0,4,burst,952,0.07025000000021464,28
0,4,burst,953,0.07504100000005565,28
0,4,burst,954,0.07191699999975754,28
0,4,burst,955,0.07104200000003402,28
0,4,burst,956,0.07154099999979735,28
0,4,burst,957,0.07724999999982174,28
0,4,burst,958,0.06466599999976097,28
0,4,burst,959,0.06341699999984485,28
0,4,burst,960,0.06383400000004258,28
0,4,burst,961,0.06291700000019773,28
0,4,burst,962,0.06408299999975497,28
0,4,burst,963,0.06716700000015408,28
0,4,burst,964,0.06345899999996618,28
0,4,burst,965,0.06541699999979755,28
0,4,burst,966,0.06333300000005693,28
0,4,burst,967,0.06466599999976097,28
0,4,burst,968,0.06333399999994072,28
0,4,burst,969,0.06158400000003894,28
0,4,burst,970,0.06341599999996106,28
0,4,burst,971,0.06387499999982538,28
0,4,burst,972,0.0621659999997064,28
0,4,burst,973,0.06641700000000128,28
0,4,burst,974,0.0634170000002996,28
0,4,burst,975,0.0652909999998883,28
0,4,burst,976,0.06354199999987031,28
0,4,burst,977,0.06175000000030195,28
0,4,burst,978,0.06354200000032506,28
0,4,burst,979,0.06275000000005093,28
0,4,burst,980,0.06149999999979627,28
0,4,burst,981,0.06087500000012369,28
0,4,burst,982,0.06608400000004622,28
0,4,burst,983,0.0621249999999236,28
0,4,burst,984,0.0622920000000704,28
0,4,burst,985,0.06216699999959019,28
0,4,burst,986,0.062374999999974534,28
0,4,burst,987,0.06070799999997689,28
0,4,burst,988,0.06224999999994907,28
0,4,burst,989,0.0644999999999527,28
0,4,burst,990,0.06620900000007168,28
0,4,burst,991,0.062000000000352884,28
0,4,burst,992,0.06179199999996854,28
0,4,burst,993,0.060500000000047294,28
0,4,burst,994,0.06370800000013332,28
0,4,burst,995,0.06512500000008004,28
0,4,burst,996,0.06491600000026665,28
0,4,burst,997,0.06120899999996254,28
0,4,burst,998,0.06345899999996618,28
0,4,burst,999,0.06279200000017227,28
1,1,idle,0,0.0015419999999721767,0
1,1,idle,1,0.0010000000002037268,0
1,1,idle,2,0.0009579999996276456,0
1,1,idle,3,0.0012080000001333246,0
1,1,idle,4,0.0008749999997235136,0
1,1,idle,5,0.0008749999997235136,0
1,1,idle,6,0.0009580000000823929,0
1,1,idle,7,0.0009999999997489795,0
1,1,idle,8,0.0012080000001333246,0
1,1,idle,9,0.001291999999921245,0
1,1,idle,10,0.0009170000002995948,0
1,1,idle,11,0.0009579999996276456,0
1,1,idle,12,0.0010000000002037268,0
1,1,idle,13,0.0012500000002546585,0
1,1,idle,14,0.0009170000002995948,0
1,1,idle,15,0.0010830000001078588,0
1,1,idle,16,0.0009580000000823929,0
1,1,idle,17,0.0011250000002291927,0
1,1,idle,18,0.0009580000000823929,0
1,1,idle,19,0.0011669999998957792,0
1,1,idle,20,0.0011670000003505265,0
1,1,idle,21,0.0008330000000569271,0
1,1,idle,22,0.0009580000000823929,0
1,1,idle,23,0.0009159999999610591,0
1,1,idle,24,0.0011250000002291927,0
1,1,idle,25,0.0009169999998448475,0
1,1,idle,26,0.0010000000002037268,0
1,1,idle,27,0.0009579999996276456,0
1,1,idle,28,0.0009580000000823929,0
1,1,idle,29,0.0011249999997744453,0
1,1,idle,30,0.0009159999999610591,0
1,1,idle,31,0.0009170000002995948,0
1,1,idle,32,0.0009579999996276456,0
1,1,idle,33,0.0009170000002995948,0
1,1,idle,34,0.0011660000000119908,0
1,1,idle,35,0.0008330000000569271,0
1,1,idle,36,0.0008749999997235136,0
1,1,idle,37,0.0009580000000823929,0
1,1,idle,38,0.0009169999998448475,0
1,1,idle,39,0.000875000000178261,0
1,1,idle,40,0.0010420000003250607,0
1,1,idle,41,0.000875000000178261,0
1,1,idle,42,0.0009999999997489795,0
1,1,idle,43,0.0009589999999661813,0
1,1,idle,44,0.0009169999998448475,0
1,1,idle,45,0.0010829999996531114,0
1,1,idle,46,0.000875000000178261,0
1,1,idle,47,0.0009159999999610591,0
1,1,idle,48,0.0008749999997235136,0
1,1,idle,49,0.000875000000178261,0
1,1,idle,50,0.0011669999998957792,0
1,1,idle,51,0.000875000000178261,0
1,1,idle,52,0.0009999999997489795,0
1,1,idle,53,0.0011669999998957792,0
1,1,idle,54,0.0009999999997489795,0
1,1,idle,55,0.0011660000000119908,0
1,1,idle,56,0.0008749999997235136,0
1,1,idle,57,0.0009580000000823929,0
1,1,idle,58,0.0008749999997235136,0
1,1,idle,59,0.0008339999999407155,0
1,1,idle,60,0.0009170000002995948,0
1,1,idle,61,0.0011249999997744453,0
1,1,idle,62,0.0031249999997271516,0
1,1,idle,63,0.0017079999997804407,0
1,1,idle,64,0.0010839999999916472,0
1,1,idle,65,0.0010830000001078588,0
1,1,idle,66,0.0011669999998957792,0
1,1,idle,67,0.0010839999999916472,0
1,1,idle,68,0.0010000000002037268,0
1,1,idle,69,0.0009999999997489795,0
1,1,idle,70,0.000875000000178261,0
1,1,idle,71,0.0012079999996785773,0
1,1,idle,72,0.0009170000002995948,0
1,1,idle,73,0.0009589999999661813,0
1,1,idle,74,0.0009589999999661813,0
1,1,idle,75,0.0010000000002037268,0
1,1,idle,76,0.0012500000002546585,0
1,1,idle,77,0.0011660000000119908,0
1,1,idle,78,0.0009999999997489795,0
1,1,idle,79,0.0009580000000823929,0
1,1,idle,80,0.0009580000000823929,0
1,1,idle,81,0.0009169999998448475,0
1,1,idle,82,0.0011660000000119908,0
1,1,idle,83,0.0009169999998448475,0
1,1,idle,84,0.0010830000001078588,0
1,1,idle,85,0.0009580000000823929,0
1,1,idle,86,0.0008330000000569271,0
1,1,idle,87,0.001374999999825377,0
1,1,idle,88,0.0008749999997235136,0
1,1,idle,89,0.0009169999998448475,0
1,1,idle,90,0.0009589999999661813,0
1,1,idle,91,0.0009159999999610591,0
1,1,idle,92,0.0011249999997744453,0
1,1,idle,93,0.0010420000003250607,0
1,1,idle,94,0.0008749999997235136,0
1,1,idle,95,0.0008749999997235136,0
1,1,idle,96,0.0010000000002037268,0
1,1,idle,97,0.0009159999999610591,0
1,1,idle,98,0.0011670000003505265,0
1,1,idle,99,0.000875000000178261,0
1,1,idle,100,0.0009170000002995948,0
1,1,idle,101,0.0009169999998448475,0
1,1,idle,102,0.0008749999997235136,0
1,1,idle,103,0.0011669999998957792,0
1,1,idle,104,0.000875000000178261,0
1,1,idle,105,0.001040999999986525,0
1,1,idle,106,0.0009999999997489795,0
1,1,idle,107,0.0010420000003250607,0
1,1,idle,108,0.0011669999998957792,0
1,1,idle,109,0.0009170000002995948,0
1,1,idle,110,0.0009159999999610591,0
1,1,idle,111,0.0009580000000823929,0
1,1,idle,112,0.0008330000000569271,0
1,1,idle,113,0.0011670000003505265,0
1,1,idle,114,0.000875000000178261,0
1,1,idle,115,0.000875000000178261,0
1,1,idle,116,0.0008749999997235136,0
1,1,idle,117,0.0009999999997489795,0
1,1,idle,118,0.0009170000002995948,0
1,1,idle,119,0.0011669999998957792,0
1,1,idle,120,0.0012499999997999112,0
1,1,idle,121,0.0009580000000823929,0
1,1,idle,122,0.0009170000002995948,0
1,1,idle,123,0.0009159999999610591,0
1,1,idle,124,0.0015000000003055902,0
1,1,idle,125,0.000875000000178261,0
1,1,idle,126,0.0009169999998448475,0
1,1,idle,127,0.0009169999998448475,0
1,1,idle,128,0.0008339999999407155,0
1,1,idle,129,0.0011670000003505265,0
1,1,idle,130,0.0009169999998448475,0
1,1,idle,131,0.0009999999997489795,0
1,1,idle,132,0.000875000000178261,0
1,1,idle,133,0.0009589999999661813,0
1,1,idle,134,0.0014169999999467109,0
1,1,idle,135,0.0009580000000823929,0
1,1,idle,136,0.0009580000000823929,0
1,1,idle,137,0.001040999999986525,0
1,1,idle,138,0.0008749999997235136,0
1,1,idle,139,0.0009159999999610591,0
1,1,idle,140,0.0010829999996531114,0
1,1,idle,141,0.0009580000000823929,0
1,1,idle,142,0.0009579999996276456,0
1,1,idle,143,0.0015000000003055902,0
1,1,idle,144,0.0008749999997235136,0
1,1,idle,145,0.0011669999998957792,0
1,1,idle,146,0.0007909999999355932,0
1,1,idle,147,0.0009580000000823929,0
1,1,idle,148,0.000875000000178261,0
1,1,idle,149,0.0010000000002037268,0
1,1,idle,150,0.0010839999999916472,0
1,1,idle,151,0.0011249999997744453,0
1,1,idle,152,0.000875000000178261,0
1,1,idle,153,0.0009580000000823929,0
1,1,idle,154,0.0011250000002291927,0
1,1,idle,155,0.0010830000001078588,0
1,1,idle,156,0.0009580000000823929,0
1,1,idle,157,0.0008749999997235136,0
1,1,idle,158,0.0009589999999661813,0
1,1,idle,159,0.0009999999997489795,0
1,1,idle,160,0.0008749999997235136,0
1,1,idle,161,0.0011669999998957792,0
1,1,idle,162,0.0008749999997235136,0
1,1,idle,163,0.0009580000000823929,0
1,1,idle,164,0.0008330000000569271,0
1,1,idle,165,0.000875000000178261,0
1,1,idle,166,0.0010829999996531114,0
1,1,idle,167,0.000875000000178261,0
1,1,idle,168,0.0009170000002995948,0
1,1,idle,169,0.0010830000001078588,0
1,1,idle,170,0.0009580000000823929,0
1,1,idle,171,0.0011250000002291927,0
1,1,idle,172,0.000875000000178261,0
1,1,idle,173,0.0009169999998448475,0
1,1,idle,174,0.001959000000169908,0
1,1,idle,175,0.0009169999998448475,0
1,1,idle,176,0.0009169999998448475,0
1,1,idle,177,0.0011660000000119908,0
1,1,idle,178,0.0009170000002995948,0
1,1,idle,179,0.0012499999997999112,0
1,1,idle,180,0.0009169999998448475,0
1,1,idle,181,0.0009169999998448475,0
1,1,idle,182,0.0011249999997744453,0
1,1,idle,183,0.0009580000000823929,0
1,1,idle,184,0.0010830000001078588,0
1,1,idle,185,0.0009580000000823929,0
1,1,idle,186,0.0012499999997999112,0
1,1,idle,187,0.0014169999999467109,0
1,1,idle,188,0.0008749999997235136,0
1,1,idle,189,0.0009169999998448475,0
1,1,idle,190,0.0009580000000823929,0
1,1,idle,191,0.0010830000001078588,0
1,1,idle,192,0.0012080000001333246,0
1,1,idle,193,0.0009589999999661813,0
1,1,idle,194,0.0009159999999610591,0
1,1,idle,195,0.0010830000001078588,0
1,1,idle,196,0.000875000000178261,0
1,1,idle,197,0.0008749999997235136,0
1,1,idle,198,0.0011669999998957792,0
1,1,idle,199,0.0009159999999610591,0
1,1,idle,200,0.0008749999997235136,0
1,1,idle,201,0.0010000000002037268,0
1,1,idle,202,0.0009580000000823929,0
1,1,idle,203,0.0011660000000119908,0
1,1,idle,204,0.0009170000002995948,0
1,1,idle,205,0.0009589999999661813,0
1,1,idle,206,0.0008749999997235136,0
1,1,idle,207,0.0009580000000823929,0
1,1,idle,208,0.0011669999998957792,0
1,1,idle,209,0.0010830000001078588,0
1,1,idle,210,0.0009580000000823929,0
1,1,idle,211,0.0009159999999610591,0
1,1,idle,212,0.0010419999998703133,0
1,1,idle,213,0.0012500000002546585,0
1,1,idle,214,0.0008339999999407155,0
1,1,idle,215,0.0009169999998448475,0
1,1,idle,216,0.0012910000000374566,0
1,1,idle,217,0.0009170000002995948,0
1,1,idle,218,0.0011249999997744453,0
1,1,idle,219,0.0011249999997744453,0
1,1,idle,220,0.0009169999998448475,0
1,1,idle,221,0.0011669999998957792,0
1,1,idle,222,0.001040999999986525,0
1,1,idle,223,0.000875000000178261,0
1,1,idle,224,0.0011669999998957792,0
1,1,idle,225,0.0009999999997489795,0
1,1,idle,226,0.0009170000002995948,0
1,1,idle,227,0.0008330000000569271,0
1,1,idle,228,0.0009159999999610591,0
1,1,idle,229,0.0010419999998703133,0
1,1,idle,230,0.0008339999999407155,0
1,1,idle,231,0.0012500000002546585,0
1,1,idle,232,0.000875000000178261,0
1,1,idle,233,0.0009580000000823929,0
1,1,idle,234,0.0010000000002037268,0
1,1,idle,235,0.0009589999999661813,0
1,1,idle,236,0.0008749999997235136,0
1,1,idle,237,0.0009170000002995948,0
1,1,idle,238,0.0009169999998448475,0
1,1,idle,239,0.0009159999999610591,0
1,1,idle,240,0.0012500000002546585,0
1,1,idle,241,0.000875000000178261,0
1,1,idle,242,0.0009580000000823929,0
1,1,idle,243,0.0009159999999610591,0
1,1,idle,244,0.0009170000002995948,0
1,1,idle,245,0.0011250000002291927,0
1,1,idle,246,0.000875000000178261,0
1,1,idle,247,0.0008749999997235136,0
1,1,idle,248,0.0012080000001333246,0
1,1,idle,249,0.0009580000000823929,0
1,1,idle,250,0.0010830000001078588,0
1,1,idle,251,0.0009169999998448475,0
1,1,idle,252,0.0009169999998448475,0
1,1,idle,253,0.000875000000178261,0
1,1,idle,254,0.0010830000001078588,0
1,1,idle,255,0.0011249999997744453,0
1,1,idle,256,0.0009589999999661813,0
1,1,idle,257,0.0009159999999610591,0
1,1,idle,258,0.0008330000000569271,0
1,1,idle,259,0.0009170000002995948,0
1,1,idle,260,0.000875000000178261,0
1,1,idle,261,0.0011249999997744453,0
1,1,idle,262,0.001334000000042579,0
1,1,idle,263,0.0010000000002037268,0
1,1,idle,264,0.0009589999999661813,0
1,1,idle,265,0.0009169999998448475,0
1,1,idle,266,0.0010830000001078588,0
1,1,idle,267,0.000875000000178261,0
1,1,idle,268,0.000875000000178261,0
1,1,idle,269,0.0009169999998448475,0
1,1,idle,270,0.0009159999999610591,0
1,1,idle,271,0.0013330000001587905,0
1,1,idle,272,0.000875000000178261,0
1,1,idle,273,0.0009999999997489795,0
1,1,idle,274,0.0009169999998448475,0
1,1,idle,275,0.0010000000002037268,0
1,1,idle,276,0.0011249999997744453,0
1,1,idle,277,0.0012499999997999112,0
1,1,idle,278,0.0009999999997489795,0
1,1,idle,279,0.0008330000000569271,0
1,1,idle,280,0.0015829999997549749,0
1,1,idle,281,0.0010000000002037268,0
1,1,idle,282,0.0010420000003250607,0
1,1,idle,283,0.000875000000178261,0
1,1,idle,284,0.0009170000002995948,0
1,1,idle,285,0.0010839999999916472,0
1,1,idle,286,0.001291999999921245,0
1,1,idle,287,0.0012079999996785773,0
1,1,idle,288,0.0011250000002291927,0
1,1,idle,289,0.0009999999997489795,0
1,1,idle,290,0.0009580000000823929,0
1,1,idle,291,0.0008749999997235136,0
1,1,idle,292,0.0010419999998703133,0
1,1,idle,293,0.0009169999998448475,0
1,1,idle,294,0.0009169999998448475,0
1,1,idle,295,0.000875000000178261,0
1,1,idle,296,0.000875000000178261,0
1,1,idle,297,0.0009999999997489795,0
1,1,idle,298,0.0011250000002291927,0
1,1,idle,299,0.0009999999997489795,0
1,1,idle,300,0.0008330000000569271,0
1,1,idle,301,0.0009169999998448475,0
1,1,idle,302,0.000875000000178261,0
1,1,idle,303,0.0011249999997744453,0
1,1,idle,304,0.000875000000178261,0
1,1,idle,305,0.0009159999999610591,0
1,1,idle,306,0.0009589999999661813,0
1,1,idle,307,0.0009999999997489795,0
1,1,idle,308,0.0010839999999916472,0
1,1,idle,309,0.0009159999999610591,0
1,1,idle,310,0.0012079999996785773,0
1,1,idle,311,0.0009589999999661813,0
1,1,idle,312,0.0009589999999661813,0
1,1,idle,313,0.0010839999999916472,0
1,1,idle,314,0.0009169999998448475,0
1,1,idle,315,0.0009580000000823929,0
1,1,idle,316,0.0008749999997235136,0
1,1,idle,317,0.001040999999986525,0
1,1,idle,318,0.000875000000178261,0
1,1,idle,319,0.0012079999996785773,0
1,1,idle,320,0.000875000000178261,0
1,1,idle,321,0.0011250000002291927,0
1,1,idle,322,0.0008339999999407155,0
1,1,idle,323,0.0008749999997235136,0
1,1,idle,324,0.0011249999997744453,0
1,1,idle,325,0.0008339999999407155,0
1,1,idle,326,0.0010420000003250607,0
1,1,idle,327,0.0009579999996276456,0
1,1,idle,328,0.0010000000002037268,0
1,1,idle,329,0.0011250000002291927,0
1,1,idle,330,0.0009169999998448475,0
1,1,idle,331,0.0009580000000823929,0
1,1,idle,332,0.0008330000000569271,0
1,1,idle,333,0.0009169999998448475,0
1,1,idle,334,0.0010839999999916472,0
1,1,idle,335,0.000875000000178261,0
1,1,idle,336,0.0009589999999661813,0
1,1,idle,337,0.0008749999997235136,0
1,1,idle,338,0.0008330000000569271,0
1,1,idle,339,0.0008749999997235136,0
1,1,idle,340,0.0010830000001078588,0
1,1,idle,341,0.0009589999999661813,0
1,1,idle,342,0.0009580000000823929,0
1,1,idle,343,0.0011669999998957792,0
1,1,idle,344,0.0009170000002995948,0
1,1,idle,345,0.0011660000000119908,0
1,1,idle,346,0.0008749999997235136,0
1,1,idle,347,0.0008749999997235136,0
1,1,idle,348,0.0008330000000569271,0
1,1,idle,349,0.0008749999997235136,0
1,1,idle,350,0.0010839999999916472,0
1,1,idle,351,0.000875000000178261,0
1,1,idle,352,0.001209000000017113,0
1,1,idle,353,0.0009590000004209287,0
1,1,idle,354,0.0009169999998448475,0
1,1,idle,355,0.001374999999825377,0
1,1,idle,356,0.000875000000178261,0
1,1,idle,357,0.000875000000178261,0
1,1,idle,358,0.0008749999997235136,0
1,1,idle,359,0.0010000000002037268,0
1,1,idle,360,0.000875000000178261,0
1,1,idle,361,0.0011249999997744453,0
1,1,idle,362,0.0009169999998448475,0
1,1,idle,363,0.000875000000178261,0
1,1,idle,364,0.0008330000000569271,0
1,1,idle,365,0.0009589999999661813,0
1,1,idle,366,0.0011660000000119908,0
1,1,idle,367,0.000875000000178261,0
1,1,idle,368,0.0009999999997489795,0
1,1,idle,369,0.0009159999999610591,0
1,1,idle,370,0.0008749999997235136,0
1,1,idle,371,0.0011660000000119908,0
1,1,idle,372,0.0012499999997999112,0
1,1,idle,373,0.0009159999999610591,0
1,1,idle,374,0.0008749999997235136,0
1,1,idle,375,0.0009170000002995948,0
1,1,idle,376,0.000875000000178261,0
1,1,idle,377,0.0011250000002291927,0
1,1,idle,378,0.0008749999997235136,0
1,1,idle,379,0.0009580000000823929,0
1,1,idle,380,0.0009580000000823929,0
1,1,idle,381,0.0009169999998448475,0
1,1,idle,382,0.0010830000001078588,0
1,1,idle,383,0.0009160000004158064,0
1,1,idle,384,0.0009580000000823929,0
1,1,idle,385,0.0014580000001842564,0
1,1,idle,386,0.0009169999998448475,0
1,1,idle,387,0.0011249999997744453,0
1,1,idle,388,0.0012080000001333246,0
1,1,idle,389,0.0009589999999661813,0
1,1,idle,390,0.000875000000178261,0
1,1,idle,391,0.0008749999997235136,0
1,1,idle,392,0.0010830000001078588,0
1,1,idle,393,0.0009580000000823929,0
1,1,idle,394,0.0009999999997489795,0
1,1,idle,395,0.0009580000000823929,0
1,1,idle,396,0.0009580000000823929,0
1,1,idle,397,0.0012080000001333246,0
1,1,idle,398,0.0014999999998508429,0
1,1,idle,399,0.0009580000000823929,0
1,1,idle,400,0.000875000000178261,0
1,1,idle,401,0.0009579999996276456,0
1,1,idle,402,0.0009580000000823929,0
1,1,idle,403,0.0011669999998957792,0
1,1,idle,404,0.0008749999997235136,0
1,1,idle,405,0.0009589999999661813,0
1,1,idle,406,0.0009580000000823929,0
1,1,idle,407,0.000875000000178261,0
1,1,idle,408,0.0010839999999916472,0
1,1,idle,409,0.0009159999999610591,0
1,1,idle,410,0.0011669999998957792,0
1,1,idle,411,0.0009159999999610591,0
1,1,idle,412,0.0009589999999661813,0
1,1,idle,413,0.001040999999986525,0
1,1,idle,414,0.0009169999998448475,0
1,1,idle,415,0.0009589999999661813,0
1,1,idle,416,0.0008340000003954628,0
1,1,idle,417,0.0010419999998703133,0
1,1,idle,418,0.0008330000000569271,0
1,1,idle,419,0.0014160000000629225,0
1,1,idle,420,0.000875000000178261,0
1,1,idle,421,0.001040999999986525,0
1,1,idle,422,0.0014169999999467109,0
1,1,idle,423,0.0009160000004158064,0
1,1,idle,424,0.0011250000002291927,0
1,1,idle,425,0.001457999999729509,0
1,1,idle,426,0.0009159999999610591,0
1,1,idle,427,0.0011669999998957792,0
1,1,idle,428,0.0009589999999661813,0
1,1,idle,429,0.0011660000000119908,0
1,1,idle,430,0.0008330000000569271,0
1,1,idle,431,0.0009169999998448475,0
1,1,idle,432,0.001291999999921245,0
1,1,idle,433,0.0008749999997235136,0
1,1,idle,434,0.0015419999999721767,0
1,1,idle,435,0.0010000000002037268,0
1,1,idle,436,0.000875000000178261,0
1,1,idle,437,0.0008330000000569271,0
1,1,idle,438,0.0009589999999661813,0
1,1,idle,439,0.0009159999999610591,0
1,1,idle,440,0.0011669999998957792,0
1,1,idle,441,0.000875000000178261,0
1,1,idle,442,0.0009579999996276456,0
1,1,idle,443,0.000875000000178261,0
1,1,idle,444,0.0009160000004158064,0
1,1,idle,445,0.0015419999999721767,0
1,1,idle,446,0.0008339999999407155,0
1,1,idle,447,0.0009170000002995948,0
1,1,idle,448,0.0009159999999610591,0
1,1,idle,449,0.0009169999998448475,0
1,1,idle,450,0.001040999999986525,0
1,1,idle,451,0.0008330000000569271,0
1,1,idle,452,0.000875000000178261,0
1,1,idle,453,0.000875000000178261,0
1,1,idle,454,0.000875000000178261,0
1,1,idle,455,0.0014169999999467109,0
1,1,idle,456,0.0009170000002995948,0
1,1,idle,457,0.0010000000002037268,0
1,1,idle,458,0.0009589999999661813,0
1,1,idle,459,0.0009169999998448475,0
1,1,idle,460,0.000875000000178261,0
1,1,idle,461,0.0011669999998957792,0
1,1,idle,462,0.0009170000002995948,0
1,1,idle,463,0.0009589999999661813,0
1,1,idle,464,0.0009169999998448475,0
1,1,idle,465,0.0009170000002995948,0
1,1,idle,466,0.0011660000000119908,0
1,1,idle,467,0.000875000000178261,0
1,1,idle,468,0.0009579999996276456,0
1,1,idle,469,0.000875000000178261,0
1,1,idle,470,0.000875000000178261,0
1,1,idle,471,0.0012499999997999112,0
1,1,idle,472,0.0009589999999661813,0
1,1,idle,473,0.0009169999998448475,0
1,1,idle,474,0.000875000000178261,0
1,1,idle,475,0.0009999999997489795,0
1,1,idle,476,0.000875000000178261,0
1,1,idle,477,0.0014159999996081751,0
1,1,idle,478,0.0009170000002995948,0
1,1,idle,479,0.0008749999997235136,0
1,1,idle,480,0.0008749999997235136,0
1,1,idle,481,0.0010420000003250607,0
1,1,idle,482,0.0011669999998957792,0
1,1,idle,483,0.0009159999999610591,0
1,1,idle,484,0.0008329999996021797,0
1,1,idle,485,0.0011250000002291927,0
1,1,idle,486,0.001291999999921245,0
1,1,idle,487,0.0011250000002291927,0
1,1,idle,488,0.0009169999998448475,0
1,1,idle,489,0.0012910000000374566,0
1,1,idle,490,0.0008329999996021797,0
1,1,idle,491,0.0009170000002995948,0
1,1,idle,492,0.0010419999998703133,0
1,1,idle,493,0.0009159999999610591,0
1,1,idle,494,0.0008749999997235136,0
1,1,idle,495,0.0009170000002995948,0
1,1,idle,496,0.001209000000017113,0
1,1,idle,497,0.0008749999997235136,0
1,1,idle,498,0.001209000000017113,0
1,1,idle,499,0.0009159999999610591,0
1,1,idle,500,0.0009169999998448475,0
1,1,idle,501,0.0009169999998448475,0
1,1,idle,502,0.000875000000178261,0
1,1,idle,503,0.0011669999998957792,0
1,1,idle,504,0.000875000000178261,0
1,1,idle,505,0.000875000000178261,0
1,1,idle,506,0.0012499999997999112,0
1,1,idle,507,0.0008749999997235136,0
1,1,idle,508,0.0010830000001078588,0
1,1,idle,509,0.0012079999996785773,0
1,1,idle,510,0.0010000000002037268,0
1,1,idle,511,0.0009999999997489795,0
1,1,idle,512,0.0009999999997489795,0
1,1,idle,513,0.001209000000017113,0
1,1,idle,514,0.001334000000042579,0
1,1,idle,515,0.0009159999999610591,0
1,1,idle,516,0.0008330000000569271,0
1,1,idle,517,0.0009580000000823929,0
1,1,idle,518,0.0008749999997235136,0
1,1,idle,519,0.0011249999997744453,0
1,1,idle,520,0.0009169999998448475,0
1,1,idle,521,0.000875000000178261,0
1,1,idle,522,0.0010419999998703133,0
1,1,idle,523,0.000875000000178261,0
1,1,idle,524,0.0011669999998957792,0
1,1,idle,525,0.0009170000002995948,0
1,1,idle,526,0.0010000000002037268,0
1,1,idle,527,0.0010829999996531114,0
1,1,idle,528,0.0010000000002037268,0
1,1,idle,529,0.0010829999996531114,0
1,1,idle,530,0.000875000000178261,0
1,1,idle,531,0.0009160000004158064,0
1,1,idle,532,0.000875000000178261,0
1,1,idle,533,0.0009159999999610591,0
1,1,idle,534,0.0010420000003250607,0
1,1,idle,535,0.000875000000178261,0
1,1,idle,536,0.0008329999996021797,0
1,1,idle,537,0.0009169999998448475,0
1,1,idle,538,0.000875000000178261,0
1,1,idle,539,0.000875000000178261,0
1,1,idle,540,0.001040999999986525,0
1,1,idle,541,0.0008330000000569271,0
1,1,idle,542,0.000875000000178261,0
1,1,idle,543,0.000875000000178261,0
1,1,idle,544,0.0010830000001078588,0
1,1,idle,545,0.0011250000002291927,0
1,1,idle,546,0.000875000000178261,0
1,1,idle,547,0.0008330000000569271,0
1,1,idle,548,0.0008330000000569271,0
1,1,idle,549,0.0009169999998448475,0
1,1,idle,550,0.0010830000001078588,0
1,1,idle,551,0.0009159999999610591,0
1,1,idle,552,0.0010419999998703133,0
1,1,idle,553,0.001209000000017113,0
1,1,idle,554,0.0009169999998448475,0
1,1,idle,555,0.0011660000000119908,0
1,1,idle,556,0.0011669999998957792,0
1,1,idle,557,0.0009159999999610591,0
1,1,idle,558,0.0012499999997999112,0
1,1,idle,559,0.0009580000000823929,0
1,1,idle,560,0.0009169999998448475,0
1,1,idle,561,0.001040999999986525,0
1,1,idle,562,0.0010419999998703133,0
1,1,idle,563,0.0009159999999610591,0
1,1,idle,564,0.0010419999998703133,0
1,1,idle,565,0.001209000000017113,0
1,1,idle,566,0.001374999999825377,0
1,1,idle,567,0.000875000000178261,0
1,1,idle,568,0.0009589999999661813,0
1,1,idle,569,0.0009159999999610591,0
1,1,idle,570,0.0009169999998448475,0
1,1,idle,571,0.0011249999997744453,0
1,1,idle,572,0.000875000000178261,0
1,1,idle,573,0.0009169999998448475,0
1,1,idle,574,0.0009159999999610591,0
1,1,idle,575,0.0008749999997235136,0
1,1,idle,576,0.0009170000002995948,0
1,1,idle,577,0.0011669999998957792,0
1,1,idle,578,0.000875000000178261,0
1,1,idle,579,0.0009580000000823929,0
1,1,idle,580,0.0009579999996276456,0
1,1,idle,581,0.0009580000000823929,0
1,1,idle,582,0.0012079999996785773,0
1,1,idle,583,0.0010000000002037268,0
1,1,idle,584,0.0008330000000569271,0
1,1,idle,585,0.000875000000178261,0
1,1,idle,586,0.0008329999996021797,0
1,1,idle,587,0.0011250000002291927,0
1,1,idle,588,0.0009170000002995948,0
1,1,idle,589,0.0012499999997999112,0
1,1,idle,590,0.0010000000002037268,0
1,1,idle,591,0.0009159999999610591,0
1,1,idle,592,0.0010830000001078588,0
1,1,idle,593,0.0009169999998448475,0
1,1,idle,594,0.0009159999999610591,0
1,1,idle,595,0.000875000000178261,0
1,1,idle,596,0.000875000000178261,0
1,1,idle,597,0.0008749999997235136,0
1,1,idle,598,0.0010419999998703133,0
1,1,idle,599,0.0008749999997235136,0
1,1,idle,600,0.0009589999999661813,0
1,1,idle,601,0.0009170000002995948,0
1,1,idle,602,0.0009159999999610591,0
1,1,idle,603,0.0010830000001078588,0
1,1,idle,604,0.0009999999997489795,0
1,1,idle,605,0.0009580000000823929,0
1,1,idle,606,0.0009159999999610591,0
1,1,idle,607,0.000875000000178261,0
1,1,idle,608,0.001040999999986525,0
1,1,idle,609,0.0008749999997235136,0
1,1,idle,610,0.0009159999999610591,0
1,1,idle,611,0.0011249999997744453,0
1,1,idle,612,0.0009580000000823929,0
1,1,idle,613,0.0011249999997744453,0
1,1,idle,614,0.0008330000000569271,0
1,1,idle,615,0.0009999999997489795,0
1,1,idle,616,0.0009159999999610591,0
1,1,idle,617,0.000875000000178261,0
1,1,idle,618,0.000875000000178261,0
1,1,idle,619,0.0011250000002291927,0
1,1,idle,620,0.0014169999999467109,0
1,1,idle,621,0.0012500000002546585,0
1,1,idle,622,0.0009580000000823929,0
1,1,idle,623,0.0011250000002291927,0
1,1,idle,624,0.0010830000001078588,0
1,1,idle,625,0.0009169999998448475,0
1,1,idle,626,0.0008749999997235136,0
1,1,idle,627,0.000875000000178261,0
1,1,idle,628,0.0009579999996276456,0
1,1,idle,629,0.0011669999998957792,0
1,1,idle,630,0.0011250000002291927,0
1,1,idle,631,0.0009589999999661813,0
1,1,idle,632,0.0009169999998448475,0
1,1,idle,633,0.0009580000000823929,0
1,1,idle,634,0.0010830000001078588,0
1,1,idle,635,0.000875000000178261,0
1,1,idle,636,0.0010419999998703133,0
1,1,idle,637,0.0010000000002037268,0
1,1,idle,638,0.000875000000178261,0
1,1,idle,639,0.0009589999999661813,0
1,1,idle,640,0.0010420000003250607,0
1,1,idle,641,0.000875000000178261,0
1,1,idle,642,0.0009170000002995948,0
1,1,idle,643,0.0009580000000823929,0
1,1,idle,644,0.0009170000002995948,0
1,1,idle,645,0.0011250000002291927,0
1,1,idle,646,0.0008330000000569271,0
1,1,idle,647,0.0009169999998448475,0
1,1,idle,648,0.0008339999999407155,0
1,1,idle,649,0.0009170000002995948,0
1,1,idle,650,0.001040999999986525,0
1,1,idle,651,0.000875000000178261,0
1,1,idle,652,0.0008329999996021797,0
1,1,idle,653,0.0009159999999610591,0
1,1,idle,654,0.0009169999998448475,0
1,1,idle,655,0.0010839999999916472,0
1,1,idle,656,0.001334000000042579,0
1,1,idle,657,0.0009159999999610591,0
1,1,idle,658,0.0010000000002037268,0
1,1,idle,659,0.0009580000000823929,0
1,1,idle,660,0.0009169999998448475,0
1,1,idle,661,0.0011669999998957792,0
1,1,idle,662,0.0010830000001078588,0
1,1,idle,663,0.0009579999996276456,0
1,1,idle,664,0.000875000000178261,0
1,1,idle,665,0.0008749999997235136,0
1,1,idle,666,0.001040999999986525,0
1,1,idle,667,0.000875000000178261,0
1,1,idle,668,0.0009580000000823929,0
1,1,idle,669,0.0009580000000823929,0
1,1,idle,670,0.000875000000178261,0
1,1,idle,671,0.0010420000003250607,0
1,1,idle,672,0.0009169999998448475,0
1,1,idle,673,0.0010839999999916472,0
1,1,idle,674,0.0008339999999407155,0
1,1,idle,675,0.0008749999997235136,0
1,1,idle,676,0.0016669999999976426,0
1,1,idle,677,0.0011250000002291927,0
1,1,idle,678,0.0011249999997744453,0
1,1,idle,679,0.0009159999999610591,0
1,1,idle,680,0.0010419999998703133,0
1,1,idle,681,0.0010000000002037268,0
1,1,idle,682,0.0014999999998508429,0
1,1,idle,683,0.000875000000178261,0
1,1,idle,684,0.0009580000000823929,0
1,1,idle,685,0.0009999999997489795,0
1,1,idle,686,0.0008749999997235136,0
1,1,idle,687,0.0015000000003055902,0
1,1,idle,688,0.0009579999996276456,0
1,1,idle,689,0.0009170000002995948,0
1,1,idle,690,0.001334000000042579,0
1,1,idle,691,0.0009159999999610591,0
1,1,idle,692,0.0011249999997744453,0
1,1,idle,693,0.0009580000000823929,0
1,1,idle,694,0.0008749999997235136,0
1,1,idle,695,0.0010000000002037268,0
1,1,idle,696,0.0008749999997235136,0
1,1,idle,697,0.0008749999997235136,0
1,1,idle,698,0.0010419999998703133,0
1,1,idle,699,0.0008749999997235136,0
1,1,idle,700,0.000875000000178261,0
1,1,idle,701,0.0009580000000823929,0
1,1,idle,702,0.0009169999998448475,0
1,1,idle,703,0.001040999999986525,0
1,1,idle,704,0.000875000000178261,0
1,1,idle,705,0.0010419999998703133,0
1,1,idle,706,0.0009580000000823929,0
1,1,idle,707,0.000875000000178261,0
1,1,idle,708,0.0011249999997744453,0
1,1,idle,709,0.0009170000002995948,0
1,1,idle,710,0.0009999999997489795,0
1,1,idle,711,0.0009580000000823929,0
1,1,idle,712,0.0009580000000823929,0
1,1,idle,713,0.001209000000017113,0
1,1,idle,714,0.0009169999998448475,0
1,1,idle,715,0.0009580000000823929,0
1,1,idle,716,0.0008330000000569271,0
1,1,idle,717,0.001374999999825377,0
1,1,idle,718,0.0011660000000119908,0
1,1,idle,719,0.0010419999998703133,0
1,1,idle,720,0.0010000000002037268,0
1,1,idle,721,0.0009170000002995948,0
1,1,idle,722,0.0009159999999610591,0
1,1,idle,723,0.0013750000002801244,0
1,1,idle,724,0.0011660000000119908,0
1,1,idle,725,0.0009170000002995948,0
1,1,idle,726,0.0010000000002037268,0
1,1,idle,727,0.0009170000002995948,0
1,1,idle,728,0.0009999999997489795,0
1,1,idle,729,0.0010830000001078588,0
1,1,idle,730,0.0008329999996021797,0
1,1,idle,731,0.0009580000000823929,0
1,1,idle,732,0.0012079999996785773,0
1,1,idle,733,0.0012920000003759924,0
1,1,idle,734,0.0010829999996531114,0
1,1,idle,735,0.0008330000000569271,0
1,1,idle,736,0.0008330000000569271,0
1,1,idle,737,0.0010000000002037268,0
1,1,idle,738,0.0009999999997489795,0
1,1,idle,739,0.0008749999997235136,0
1,1,idle,740,0.0010830000001078588,0
1,1,idle,741,0.0009169999998448475,0
1,1,idle,742,0.0008749999997235136,0
1,1,idle,743,0.0008749999997235136,0
1,1,idle,744,0.0011250000002291927,0
1,1,idle,745,0.0014590000000680448,0
1,1,idle,746,0.0009580000000823929,0
1,1,idle,747,0.0008749999997235136,0
1,1,idle,748,0.0009169999998448475,0
1,1,idle,749,0.0009159999999610591,0
1,1,idle,750,0.0013329999997040431,0
1,1,idle,751,0.0009999999997489795,0
1,1,idle,752,0.0008330000000569271,0
1,1,idle,753,0.0009580000000823929,0
1,1,idle,754,0.0012910000000374566,0
1,1,idle,755,0.0011250000002291927,0
1,1,idle,756,0.0015840000000935106,0
1,1,idle,757,0.0009999999997489795,0
1,1,idle,758,0.0008749999997235136,0
1,1,idle,759,0.0009169999998448475,0
1,1,idle,760,0.0009169999998448475,0
1,1,idle,761,0.0010830000001078588,0
1,1,idle,762,0.0010000000002037268,0
1,1,idle,763,0.0009999999997489795,0
1,1,idle,764,0.0009169999998448475,0
1,1,idle,765,0.0009159999999610591,0
1,1,idle,766,0.0011249999997744453,0
1,1,idle,767,0.0009159999999610591,0
1,1,idle,768,0.0008749999997235136,0
1,1,idle,769,0.000875000000178261,0
1,1,idle,770,0.000875000000178261,0
1,1,idle,771,0.0012079999996785773,0
1,1,idle,772,0.0009580000000823929,0
1,1,idle,773,0.0010419999998703133,0
1,1,idle,774,0.0009159999999610591,0
1,1,idle,775,0.0009169999998448475,0
1,1,idle,776,0.0008330000000569271,0
1,1,idle,777,0.0011249999997744453,0
1,1,idle,778,0.0008749999997235136,0
1,1,idle,779,0.0009170000002995948,0
1,1,idle,780,0.0009169999998448475,0
1,1,idle,781,0.0009170000002995948,0
1,1,idle,782,0.0010829999996531114,0
1,1,idle,783,0.0009580000000823929,0
1,1,idle,784,0.0008749999997235136,0
1,1,idle,785,0.0009589999999661813,0
1,1,idle,786,0.0008749999997235136,0
1,1,idle,787,0.0010839999999916472,0
1,1,idle,788,0.000875000000178261,0
1,1,idle,789,0.0013329999997040431,0
1,1,idle,790,0.0009580000000823929,0
1,1,idle,791,0.0009999999997489795,0
1,1,idle,792,0.0011670000003505265,0
1,1,idle,793,0.0009169999998448475,0
1,1,idle,794,0.0009170000002995948,0
1,1,idle,795,0.0009579999996276456,0
1,1,idle,796,0.0009580000000823929,0
1,1,idle,797,0.0009169999998448475,0
1,1,idle,798,0.0011250000002291927,0
1,1,idle,799,0.0009170000002995948,0
1,1,idle,800,0.000875000000178261,0
1,1,idle,801,0.0009589999999661813,0
1,1,idle,802,0.0008339999999407155,0
1,1,idle,803,0.0010839999999916472,0
1,1,idle,804,0.0009169999998448475,0
1,1,idle,805,0.000875000000178261,0
1,1,idle,806,0.0011250000002291927,0
1,1,idle,807,0.0009169999998448475,0
1,1,idle,808,0.0010830000001078588,0
1,1,idle,809,0.000875000000178261,0
1,1,idle,810,0.001209000000017113,0
1,1,idle,811,0.0009169999998448475,0
1,1,idle,812,0.0011249999997744453,0
1,1,idle,813,0.0011249999997744453,0
1,1,idle,814,0.0008330000000569271,0
1,1,idle,815,0.0010419999998703133,0
1,1,idle,816,0.0009170000002995948,0
1,1,idle,817,0.000875000000178261,0
1,1,idle,818,0.0009169999998448475,0
1,1,idle,819,0.0012080000001333246,0
1,1,idle,820,0.0009170000002995948,0
1,1,idle,821,0.0011669999998957792,0
1,1,idle,822,0.0012080000001333246,0
1,1,idle,823,0.0009159999999610591,0
1,1,idle,824,0.0011250000002291927,0
1,1,idle,825,0.0009169999998448475,0
1,1,idle,826,0.0009169999998448475,0
1,1,idle,827,0.0008749999997235136,0
1,1,idle,828,0.0008339999999407155,0
1,1,idle,829,0.0010839999999916472,0
1,1,idle,830,0.000875000000178261,0
1,1,idle,831,0.0009999999997489795,0
1,1,idle,832,0.0009169999998448475,0
1,1,idle,833,0.0009170000002995948,0
1,1,idle,834,0.0010420000003250607,0
1,1,idle,835,0.0009159999999610591,0
1,1,idle,836,0.0009580000000823929,0
1,1,idle,837,0.0008330000000569271,0
1,1,idle,838,0.0008330000000569271,0
1,1,idle,839,0.000875000000178261,0
1,1,idle,840,0.0011250000002291927,0
1,1,idle,841,0.000875000000178261,0
1,1,idle,842,0.0009169999998448475,0
1,1,idle,843,0.0009170000002995948,0
1,1,idle,844,0.0033330000001114968,0
1,1,idle,845,0.0012499999997999112,0
1,1,idle,846,0.0009580000000823929,0
1,1,idle,847,0.000875000000178261,0
1,1,idle,848,0.000875000000178261,0
1,1,idle,849,0.0011249999997744453,0
1,1,idle,850,0.0011249999997744453,0
1,1,idle,851,0.000875000000178261,0
1,1,idle,852,0.0009170000002995948,0
1,1,idle,853,0.0009159999999610591,0
1,1,idle,854,0.0009589999999661813,0
1,1,idle,855,0.0010839999999916472,0
1,1,idle,856,0.0013330000001587905,0
1,1,idle,857,0.000875000000178261,0
1,1,idle,858,0.0009170000002995948,0
1,1,idle,859,0.0009160000004158064,0
1,1,idle,860,0.0009589999999661813,0
1,1,idle,861,0.0010839999999916472,0
1,1,idle,862,0.0009580000000823929,0
1,1,idle,863,0.0009999999997489795,0
1,1,idle,864,0.0010839999999916472,0
1,1,idle,865,0.0009580000000823929,0
1,1,idle,866,0.0011250000002291927,0
1,1,idle,867,0.000875000000178261,0
1,1,idle,868,0.001291999999921245,0
1,1,idle,869,0.0009580000000823929,0
1,1,idle,870,0.0009159999999610591,0
1,1,idle,871,0.001374999999825377,0
1,1,idle,872,0.0010000000002037268,0
1,1,idle,873,0.0009159999999610591,0
1,1,idle,874,0.0009999999997489795,0
1,1,idle,875,0.0009169999998448475,0
1,1,idle,876,0.000875000000178261,0
1,1,idle,877,0.001209000000017113,0
1,1,idle,878,0.0009579999996276456,0
1,1,idle,879,0.0012910000000374566,0
1,1,idle,880,0.0009999999997489795,0
1,1,idle,881,0.0012910000000374566,0
1,1,idle,882,0.0010829999996531114,0
1,1,idle,883,0.0010000000002037268,0
1,1,idle,884,0.0008749999997235136,0
1,1,idle,885,0.0009159999999610591,0
1,1,idle,886,0.000875000000178261,0
1,1,idle,887,0.0010830000001078588,0
1,1,idle,888,0.0014999999998508429,0
1,1,idle,889,0.0009159999999610591,0
1,1,idle,890,0.0009169999998448475,0
1,1,idle,891,0.0009580000000823929,0
1,1,idle,892,0.0010830000001078588,0
1,1,idle,893,0.0009159999999610591,0
1,1,idle,894,0.0011250000002291927,0
1,1,idle,895,0.0009159999999610591,0
1,1,idle,896,0.0009169999998448475,0
1,1,idle,897,0.000875000000178261,0
1,1,idle,898,0.001209000000017113,0
1,1,idle,899,0.0009589999999661813,0
1,1,idle,900,0.0011249999997744453,0
1,1,idle,901,0.0009169999998448475,0
1,1,idle,902,0.000875000000178261,0
1,1,idle,903,0.0011660000000119908,0
1,1,idle,904,0.0009170000002995948,0
1,1,idle,905,0.0009589999999661813,0
1,1,idle,906,0.0009169999998448475,0
1,1,idle,907,0.0009580000000823929,0
1,1,idle,908,0.0010830000001078588,0
1,1,idle,909,0.0009159999999610591,0
1,1,idle,910,0.0008749999997235136,0
1,1,idle,911,0.0009159999999610591,0
1,1,idle,912,0.000875000000178261,0
1,1,idle,913,0.0010829999996531114,0
1,1,idle,914,0.000875000000178261,0
1,1,idle,915,0.000875000000178261,0
1,1,idle,916,0.000875000000178261,0
1,1,idle,917,0.0008749999997235136,0
1,1,idle,918,0.0008330000000569271,0
1,1,idle,919,0.0012079999996785773,0
1,1,idle,920,0.000875000000178261,0
1,1,idle,921,0.0012499999997999112,0
1,1,idle,922,0.0009589999999661813,0
1,1,idle,923,0.0009999999997489795,0
1,1,idle,924,0.0010839999999916472,0
1,1,idle,925,0.000875000000178261,0
1,1,idle,926,0.0008749999997235136,0
1,1,idle,927,0.0014580000001842564,0
1,1,idle,928,0.0009159999999610591,0
1,1,idle,929,0.0014580000001842564,0
1,1,idle,930,0.0011670000003505265,0
1,1,idle,931,0.001040999999986525,0
1,1,idle,932,0.0009170000002995948,0
1,1,idle,933,0.0009169999998448475,0
1,1,idle,934,0.0010419999998703133,0
1,1,idle,935,0.0008749999997235136,0
1,1,idle,936,0.0009159999999610591,0
1,1,idle,937,0.000875000000178261,0
1,1,idle,938,0.0009169999998448475,0
1,1,idle,939,0.0009580000000823929,0
1,1,idle,940,0.001040999999986525,0
1,1,idle,941,0.000875000000178261,0
1,1,idle,942,0.0008749999997235136,0
1,1,idle,943,0.0008749999997235136,0
1,1,idle,944,0.000875000000178261,0
1,1,idle,945,0.0010830000001078588,0
1,1,idle,946,0.0012080000001333246,0
1,1,idle,947,0.0009580000000823929,0
1,1,idle,948,0.0009580000000823929,0
1,1,idle,949,0.0010830000001078588,0
1,1,idle,950,0.0011249999997744453,0
1,1,idle,951,0.0009589999999661813,0
1,1,idle,952,0.0010000000002037268,0
1,1,idle,953,0.0009999999997489795,0
1,1,idle,954,0.0011250000002291927,0
1,1,idle,955,0.0012499999997999112,0
1,1,idle,956,0.0011250000002291927,0
1,1,idle,957,0.0009579999996276456,0
1,1,idle,958,0.0009580000000823929,0
1,1,idle,959,0.0009169999998448475,0
1,1,idle,960,0.0008330000000569271,0
1,1,idle,961,0.0010829999996531114,0
1,1,idle,962,0.0009580000000823929,0
1,1,idle,963,0.0008749999997235136,0
1,1,idle,964,0.0009589999999661813,0
1,1,idle,965,0.0009170000002995948,0
1,1,idle,966,0.0010830000001078588,0
1,1,idle,967,0.000875000000178261,0
1,1,idle,968,0.0009999999997489795,0
1,1,idle,969,0.0009169999998448475,0
1,1,idle,970,0.0008749999997235136,0
1,1,idle,971,0.0011660000000119908,0
1,1,idle,972,0.000875000000178261,0
1,1,idle,973,0.0009579999996276456,0
1,1,idle,974,0.0009170000002995948,0
1,1,idle,975,0.0009159999999610591,0
1,1,idle,976,0.000875000000178261,0
1,1,idle,977,0.0010829999996531114,0
1,1,idle,978,0.0009580000000823929,0
1,1,idle,979,0.0009159999999610591,0
1,1,idle,980,0.0008749999997235136,0
1,1,idle,981,0.0008749999997235136,0
1,1,idle,982,0.0010000000002037268,0
1,1,idle,983,0.000875000000178261,0
1,1,idle,984,0.0009169999998448475,0
1,1,idle,985,0.0009589999999661813,0
1,1,idle,986,0.0009159999999610591,0
1,1,idle,987,0.0011249999997744453,0
1,1,idle,988,0.001374999999825377,0
1,1,idle,989,0.0009169999998448475,0
1,1,idle,990,0.000875000000178261,0
1,1,idle,991,0.0010000000002037268,0
1,1,idle,992,0.0015829999997549749,0
1,1,idle,993,0.0009159999999610591,0
1,1,idle,994,0.001374999999825377,0
1,1,idle,995,0.000875000000178261,0
1,1,idle,996,0.0008749999997235136,0
1,1,idle,997,0.0008339999999407155,0
1,1,idle,998,0.0010839999999916472,0
1,1,idle,999,0.000875000000178261,0
1,1,event,0,0.00633300000026793,1
1,1,event,1,0.0017079999997804407,0
1,1,event,2,0.0010000000002037268,0
1,1,event,3,0.0008749999997235136,0
1,1,event,4,0.0008330000000569271,0
1,1,event,5,0.0008329999996021797,0
1,1,event,6,0.0010000000002037268,0
1,1,event,7,0.000875000000178261,0
1,1,event,8,0.0007919999998193816,0
1,1,event,9,0.000792000000274129,0
1,1,event,10,0.0008749999997235136,0
1,1,event,11,0.0010830000001078588,0
1,1,event,12,0.000875000000178261,0
1,1,event,13,0.0007909999999355932,0
1,1,event,14,0.0013330000001587905,0
1,1,event,15,0.0008749999997235136,0
1,1,event,16,0.0009999999997489795,0
1,1,event,17,0.0008749999997235136,0
1,1,event,18,0.000792000000274129,0
1,1,event,19,0.0008330000000569271,0
1,1,event,20,0.001040999999986525,0
1,1,event,21,0.0008330000000569271,0
1,1,event,22,0.0010829999996531114,0
1,1,event,23,0.000792000000274129,0
1,1,event,24,0.0008339999999407155,0
1,1,event,25,0.0007919999998193816,0
1,1,event,26,0.0009159999999610591,0
1,1,event,27,0.0009579999996276456,0
1,1,event,28,0.0010000000002037268,0
1,1,event,29,0.0009999999997489795,0
1,1,event,30,0.001040999999986525,0
1,1,event,31,0.0008330000000569271,0
1,1,event,32,0.0010830000001078588,0
1,1,event,33,0.0007919999998193816,0
1,1,event,34,0.0008339999999407155,0
1,1,event,35,0.0008749999997235136,0
1,1,event,36,0.001209000000017113,0
1,1,event,37,0.0010420000003250607,0
1,1,event,38,0.0008330000000569271,0
1,1,event,39,0.0008330000000569271,0
1,1,event,40,0.0009999999997489795,0
1,1,event,41,0.0007909999999355932,0
1,1,event,42,0.0007919999998193816,0
1,1,event,43,0.0011669999998957792,0
1,1,event,44,0.0007909999999355932,0
1,1,event,45,0.0009169999998448475,0
1,1,event,46,0.0008330000000569271,0
1,1,event,47,0.0012079999996785773,0
1,1,event,48,0.0009580000000823929,0
1,1,event,49,0.0009580000000823929,0
1,1,event,50,0.0008749999997235136,0
1,1,event,51,0.0012500000002546585,0
1,1,event,52,0.0007909999999355932,0
1,1,event,53,0.0012080000001333246,0
1,1,event,54,0.0007919999998193816,0
1,1,event,55,0.0009170000002995948,0
1,1,event,56,0.0008329999996021797,0
1,1,event,57,0.0007909999999355932,0
1,1,event,58,0.0010419999998703133,0
1,1,event,59,0.000875000000178261,0
1,1,event,60,0.005250000000160071,1
1,1,event,61,0.001374999999825377,0
1,1,event,62,0.0011669999998957792,0
1,1,event,63,0.0012499999997999112,0
1,1,event,64,0.0009169999998448475,0
1,1,event,65,0.0009159999999610591,0
1,1,event,66,0.0009170000002995948,0
1,1,event,67,0.0007499999996980478,0
1,1,event,68,0.001209000000017113,0
1,1,event,69,0.0007919999998193816,0
1,1,event,70,0.0008330000000569271,0
1,1,event,71,0.0007909999999355932,0
1,1,event,72,0.0007919999998193816,0
1,1,event,73,0.0010830000001078588,0
1,1,event,74,0.0012080000001333246,0
1,1,event,75,0.000792000000274129,0
1,1,event,76,0.0013750000002801244,0
1,1,event,77,0.0008330000000569271,0
1,1,event,78,0.0014169999999467109,0
1,1,event,79,0.0010840000004463946,0
1,1,event,80,0.001040999999986525,0
1,1,event,81,0.0008330000000569271,0
1,1,event,82,0.0007919999998193816,0
1,1,event,83,0.0008749999997235136,0
1,1,event,84,0.0010000000002037268,0
1,1,event,85,0.0008330000000569271,0
1,1,event,86,0.0008330000000569271,0
1,1,event,87,0.0012080000001333246,0
1,1,event,88,0.0008330000000569271,0
1,1,event,89,0.0009999999997489795,0
1,1,event,90,0.0008330000000569271,0
1,1,event,91,0.0007909999999355932,0
1,1,event,92,0.0008749999997235136,0
1,1,event,93,0.0008330000000569271,0
1,1,event,94,0.0009999999997489795,0
1,1,event,95,0.0012910000000374566,0
1,1,event,96,0.0008749999997235136,0
1,1,event,97,0.0008330000000569271,0
1,1,event,98,0.0009159999999610591,0
1,1,event,99,0.0011249999997744453,0
1,1,event,100,0.0007919999998193816,0
1,1,event,101,0.0007919999998193816,0
1,1,event,102,0.000875000000178261,0
1,1,event,103,0.0008339999999407155,0
1,1,event,104,0.0008330000000569271,0
1,1,event,105,0.0009999999997489795,0
1,1,event,106,0.000875000000178261,0
1,1,event,107,0.000792000000274129,0
1,1,event,108,0.000792000000274129,0
1,1,event,109,0.0009159999999610591,0
1,1,event,110,0.0010839999999916472,0
1,1,event,111,0.0008339999999407155,0
1,1,event,112,0.0008340000003954628,0
1,1,event,113,0.0008329999996021797,0
1,1,event,114,0.0011250000002291927,0
1,1,event,115,0.0012500000002546585,0
1,1,event,116,0.0010830000001078588,0
1,1,event,117,0.0007919999998193816,0
1,1,event,118,0.0008749999997235136,0
1,1,event,119,0.0010000000002037268,0
1,1,event,120,0.005582999999660387,1
1,1,event,121,0.0012500000002546585,0
1,1,event,122,0.0009169999998448475,0
1,1,event,123,0.000875000000178261,0
1,1,event,124,0.0008749999997235136,0
1,1,event,125,0.0010830000001078588,0
1,1,event,126,0.0007919999998193816,0
1,1,event,127,0.0008339999999407155,0
1,1,event,128,0.0008339999999407155,0
1,1,event,129,0.000875000000178261,0
1,1,event,130,0.0013339999995878316,0
1,1,event,131,0.000875000000178261,0
1,1,event,132,0.000875000000178261,0
1,1,event,133,0.0007909999999355932,0
1,1,event,134,0.000792000000274129,0
1,1,event,135,0.0010420000003250607,0
1,1,event,136,0.0008329999996021797,0
1,1,event,137,0.0008330000000569271,0
1,1,event,138,0.0011249999997744453,0
1,1,event,139,0.0008330000000569271,0
1,1,event,140,0.0008330000000569271,0
1,1,event,141,0.0010839999999916472,0
1,1,event,142,0.000792000000274129,0
1,1,event,143,0.0007910000003903406,0
1,1,event,144,0.0010420000003250607,0
1,1,event,145,0.0008339999999407155,0
1,1,event,146,0.0011250000002291927,0
1,1,event,147,0.0008339999999407155,0
1,1,event,148,0.0007919999998193816,0
1,1,event,149,0.0008330000000569271,0
1,1,event,150,0.001457999999729509,0
1,1,event,151,0.0010000000002037268,0
1,1,event,152,0.0008330000000569271,0
1,1,event,153,0.0008330000000569271,0
1,1,event,154,0.0017079999997804407,0
1,1,event,155,0.0008330000000569271,0
1,1,event,156,0.0009580000000823929,0
1,1,event,157,0.000875000000178261,0
1,1,event,158,0.0009580000000823929,0
1,1,event,159,0.000875000000178261,0
1,1,event,160,0.0008330000000569271,0
1,1,event,161,0.0008749999997235136,0
1,1,event,162,0.0010420000003250607,0
1,1,event,163,0.0008339999999407155,0
1,1,event,164,0.0007919999998193816,0
1,1,event,165,0.0008330000000569271,0
1,1,event,166,0.0008330000000569271,0
1,1,event,167,0.0010420000003250607,0
1,1,event,168,0.0008339999999407155,0
1,1,event,169,0.0008330000000569271,0
1,1,event,170,0.0008749999997235136,0
1,1,event,171,0.0008330000000569271,0
1,1,event,172,0.0010000000002037268,0
1,1,event,173,0.0007919999998193816,0
1,1,event,174,0.0007909999999355932,0
1,1,event,175,0.0009169999998448475,0
1,1,event,176,0.0007919999998193816,0
1,1,event,177,0.0012080000001333246,0
1,1,event,178,0.0008330000000569271,0
1,1,event,179,0.0009589999999661813,0
1,1,event,180,0.005375000000185537,1
1,1,event,181,0.0016669999999976426,0
1,1,event,182,0.0010830000001078588,0
1,1,event,183,0.0009999999997489795,0
1,1,event,184,0.006583999999747903,0
1,1,event,185,0.0007919999998193816,0
1,1,event,186,0.0012080000001333246,0
1,1,event,187,0.0015829999997549749,0
1,1,event,188,0.0008330000000569271,0
1,1,event,189,0.0008749999997235136,0
1,1,event,190,0.0007909999999355932,0
1,1,event,191,0.0008330000000569271,0
1,1,event,192,0.0010419999998703133,0
1,1,event,193,0.0007909999999355932,0
1,1,event,194,0.0007919999998193816,0
1,1,event,195,0.0007919999998193816,0
1,1,event,196,0.0009579999996276456,0
1,1,event,197,0.0010000000002037268,0
1,1,event,198,0.0008339999999407155,0
1,1,event,199,0.001209000000017113,0
1,1,event,200,0.000792000000274129,0
1,1,event,201,0.0009580000000823929,0
1,1,event,202,0.0009580000000823929,0
1,1,event,203,0.0008330000000569271,0
1,1,event,204,0.000792000000274129,0
1,1,event,205,0.000875000000178261,0
1,1,event,206,0.0008339999999407155,0
1,1,event,207,0.0009159999999610591,0
1,1,event,208,0.0010839999999916472,0
1,1,event,209,0.0007919999998193816,0
1,1,event,210,0.0009580000000823929,0
1,1,event,211,0.0007909999999355932,0
1,1,event,212,0.0009170000002995948,0
1,1,event,213,0.0010000000002037268,0
1,1,event,214,0.000875000000178261,0
1,1,event,215,0.0008339999999407155,0
1,1,event,216,0.0007919999998193816,0
1,1,event,217,0.0009169999998448475,0
1,1,event,218,0.006750000000010914,0
1,1,event,219,0.0011249999997744453,0
1,1,event,220,0.0010419999998703133,0
1,1,event,221,0.0009169999998448475,0
1,1,event,222,0.0009169999998448475,0
1,1,event,223,0.0011249999997744453,0
1,1,event,224,0.0008339999999407155,0
1,1,event,225,0.0007910000003903406,0
1,1,event,226,0.0008330000000569271,0
1,1,event,227,0.0008339999999407155,0
1,1,event,228,0.0009169999998448475,0
1,1,event,229,0.0011660000000119908,0
1,1,event,230,0.0007919999998193816,0
1,1,event,231,0.000875000000178261,0
1,1,event,232,0.000792000000274129,0
1,1,event,233,0.0007500000001527951,0
1,1,event,234,0.0009589999999661813,0
1,1,event,235,0.0008339999999407155,0
1,1,event,236,0.0009589999999661813,0
1,1,event,237,0.0007909999999355932,0
1,1,event,238,0.0008330000000569271,0
1,1,event,239,0.0010419999998703133,0
1,1,event,240,0.005666999999903055,1
1,1,event,241,0.001374999999825377,0
1,1,event,242,0.0008330000000569271,0
1,1,event,243,0.0011249999997744453,0
1,1,event,244,0.0008330000000569271,0
1,1,event,245,0.0012080000001333246,0
1,1,event,246,0.0008339999999407155,0
1,1,event,247,0.0009170000002995948,0
1,1,event,248,0.0011660000000119908,0
1,1,event,249,0.0010839999999916472,0
1,1,event,250,0.0008329999996021797,0
1,1,event,251,0.0009159999999610591,0
1,1,event,252,0.0009580000000823929,0
1,1,event,253,0.0013329999997040431,0
1,1,event,254,0.0010419999998703133,0
1,1,event,255,0.0008339999999407155,0
1,1,event,256,0.0007909999999355932,0
1,1,event,257,0.0008330000000569271,0
1,1,event,258,0.000792000000274129,0
1,1,event,259,0.0011660000000119908,0
1,1,event,260,0.0008330000000569271,0
1,1,event,261,0.0012080000001333246,0
1,1,event,262,0.000792000000274129,0
1,1,event,263,0.000792000000274129,0
1,1,event,264,0.0010419999998703133,0
1,1,event,265,0.0008340000003954628,0
1,1,event,266,0.0007919999998193816,0
1,1,event,267,0.000875000000178261,0
1,1,event,268,0.0007500000001527951,0
1,1,event,269,0.0009580000000823929,0
1,1,event,270,0.0010839999999916472,0
1,1,event,271,0.0008339999999407155,0
1,1,event,272,0.0007499999996980478,0
1,1,event,273,0.0008749999997235136,0
1,1,event,274,0.0008330000000569271,0
1,1,event,275,0.0010830000001078588,0
1,1,event,276,0.0008329999996021797,0
1,1,event,277,0.0011669999998957792,0
1,1,event,278,0.0007919999998193816,0
1,1,event,279,0.0009580000000823929,0
1,1,event,280,0.0010839999999916472,0
1,1,event,281,0.000875000000178261,0
1,1,event,282,0.000792000000274129,0
1,1,event,283,0.0009579999996276456,0
1,1,event,284,0.0008330000000569271,0
1,1,event,285,0.0007499999996980478,0
1,1,event,286,0.00179100000013932,0
1,1,event,287,0.0009169999998448475,0
1,1,event,288,0.000875000000178261,0
1,1,event,289,0.0007909999999355932,0
1,1,event,290,0.0008339999999407155,0
1,1,event,291,0.0011250000002291927,0
1,1,event,292,0.0007919999998193816,0
1,1,event,293,0.0008340000003954628,0
1,1,event,294,0.0007919999998193816,0
1,1,event,295,0.0009580000000823929,0
1,1,event,296,0.0014590000000680448,0
1,1,event,297,0.0007919999998193816,0
1,1,event,298,0.0009159999999610591,0
1,1,event,299,0.0011250000002291927,0
1,1,event,300,0.005165999999917403,1
1,1,event,301,0.001374999999825377,0
1,1,event,302,0.0009169999998448475,0
1,1,event,303,0.0009159999999610591,0
1,1,event,304,0.000792000000274129,0
1,1,event,305,0.0008329999996021797,0
1,1,event,306,0.0009580000000823929,0
1,1,event,307,0.0009159999999610591,0
1,1,event,308,0.0007919999998193816,0
1,1,event,309,0.0008340000003954628,0
1,1,event,310,0.0011249999997744453,0
1,1,event,311,0.0010419999998703133,0
1,1,event,312,0.0008329999996021797,0
1,1,event,313,0.0010000000002037268,0
1,1,event,314,0.0008339999999407155,0
1,1,event,315,0.0010419999998703133,0
1,1,event,316,0.0010830000001078588,0
1,1,event,317,0.0007909999999355932,0
1,1,event,318,0.0007500000001527951,0
1,1,event,319,0.0008329999996021797,0
1,1,event,320,0.0012500000002546585,0
1,1,event,321,0.0010829999996531114,0
1,1,event,322,0.001040999999986525,0
1,1,event,323,0.001374999999825377,0
1,1,event,324,0.0008330000000569271,0
1,1,event,325,0.0008330000000569271,0
1,1,event,326,0.000792000000274129,0
1,1,event,327,0.0010420000003250607,0
1,1,event,328,0.0007910000003903406,0
1,1,event,329,0.001625000000331056,0
1,1,event,330,0.0008329999996021797,0
1,1,event,331,0.0008330000000569271,0
1,1,event,332,0.0014999999998508429,0
1,1,event,333,0.0008330000000569271,0
1,1,event,334,0.0009589999999661813,0
1,1,event,335,0.0009170000002995948,0
1,1,event,336,0.0007919999998193816,0
1,1,event,337,0.0009589999999661813,0
1,1,event,338,0.000792000000274129,0
1,1,event,339,0.0009579999996276456,0
1,1,event,340,0.0008340000003954628,0
1,1,event,341,0.0008339999999407155,0
1,1,event,342,0.001040999999986525,0
1,1,event,343,0.0007500000001527951,0
1,1,event,344,0.0007910000003903406,0
1,1,event,345,0.000792000000274129,0
1,1,event,346,0.000792000000274129,0
1,1,event,347,0.0008330000000569271,0
1,1,event,348,0.0010830000001078588,0
1,1,event,349,0.0008330000000569271,0
1,1,event,350,0.0008749999997235136,0
1,1,event,351,0.0009580000000823929,0
1,1,event,352,0.0007500000001527951,0
1,1,event,353,0.001457999999729509,0
1,1,event,354,0.0008330000000569271,0
1,1,event,355,0.0008749999997235136,0
1,1,event,356,0.0008330000000569271,0
1,1,event,357,0.0007909999999355932,0
1,1,event,358,0.0009999999997489795,0
1,1,event,359,0.0008330000000569271,0
1,1,event,360,0.004582999999911408,1
1,1,event,361,0.0015829999997549749,0
1,1,event,362,0.0011250000002291927,0
1,1,event,363,0.0008330000000569271,0
1,1,event,364,0.0009170000002995948,0
1,1,event,365,0.0007500000001527951,0
1,1,event,366,0.0007919999998193816,0
1,1,event,367,0.000792000000274129,0
1,1,event,368,0.0009579999996276456,0
1,1,event,369,0.0008330000000569271,0
1,1,event,370,0.0008330000000569271,0
1,1,event,371,0.0008749999997235136,0
1,1,event,372,0.0007500000001527951,0
1,1,event,373,0.0013329999997040431,0
1,1,event,374,0.0008330000000569271,0
1,1,event,375,0.0010830000001078588,0
1,1,event,376,0.000875000000178261,0
1,1,event,377,0.000875000000178261,0
1,1,event,378,0.0010830000001078588,0
1,1,event,379,0.0007499999996980478,0
1,1,event,380,0.0008339999999407155,0
1,1,event,381,0.000792000000274129,0
1,1,event,382,0.0011660000000119908,0
1,1,event,383,0.0010000000002037268,0
1,1,event,384,0.0008749999997235136,0
1,1,event,385,0.0012080000001333246,0
1,1,event,386,0.0007919999998193816,0
1,1,event,387,0.0011669999998957792,0
1,1,event,388,0.0008330000000569271,0
1,1,event,389,0.0009579999996276456,0
1,1,event,390,0.000875000000178261,0
1,1,event,391,0.0011660000000119908,0
1,1,event,392,0.0008330000000569271,0
1,1,event,393,0.0007919999998193816,0
1,1,event,394,0.0010419999998703133,0
1,1,event,395,0.0007499999996980478,0
1,1,event,396,0.0008749999997235136,0
1,1,event,397,0.000792000000274129,0
1,1,event,398,0.0008339999999407155,0
1,1,event,399,0.0009999999997489795,0
1,1,event,400,0.0008339999999407155,0
1,1,event,401,0.0007919999998193816,0
1,1,event,402,0.000875000000178261,0
1,1,event,403,0.0009169999998448475,0
1,1,event,404,0.000875000000178261,0
1,1,event,405,0.0010419999998703133,0
1,1,event,406,0.0008749999997235136,0
1,1,event,407,0.0007500000001527951,0
1,1,event,408,0.0008749999997235136,0
1,1,event,409,0.0011660000000119908,0
1,1,event,410,0.0015419999999721767,0
1,1,event,411,0.000875000000178261,0
1,1,event,412,0.0009169999998448475,0
1,1,event,413,0.0007919999998193816,0
1,1,event,414,0.0008330000000569271,0
1,1,event,415,0.0009999999997489795,0
1,1,event,416,0.000792000000274129,0
1,1,event,417,0.0010000000002037268,0
1,1,event,418,0.0008330000000569271,0
1,1,event,419,0.0007919999998193816,0
1,1,event,420,0.004750000000058208,1
1,1,event,421,0.0015839999996387633,0
1,1,event,422,0.000875000000178261,0
1,1,event,423,0.0008339999999407155,0
1,1,event,424,0.0008749999997235136,0
1,1,event,425,0.0012080000001333246,0
1,1,event,426,0.0008330000000569271,0
1,1,event,427,0.0008329999996021797,0
1,1,event,428,0.0009170000002995948,0
1,1,event,429,0.0008330000000569271,0
1,1,event,430,0.0010420000003250607,0
1,1,event,431,0.0008339999999407155,0
1,1,event,432,0.0010000000002037268,0
1,1,event,433,0.0008339999999407155,0
1,1,event,434,0.0007910000003903406,0
1,1,event,435,0.0010830000001078588,0
1,1,event,436,0.0008339999999407155,0
1,1,event,437,0.0007919999998193816,0
1,1,event,438,0.0007909999999355932,0
1,1,event,439,0.0007919999998193816,0
1,1,event,440,0.0014999999998508429,0
1,1,event,441,0.0008749999997235136,0
1,1,event,442,0.000875000000178261,0
1,1,event,443,0.0008329999996021797,0
1,1,event,444,0.0007909999999355932,0
1,1,event,445,0.0007919999998193816,0
1,1,event,446,0.001334000000042579,0
1,1,event,447,0.0009589999999661813,0
1,1,event,448,0.0007910000003903406,0
1,1,event,449,0.0012089999995623657,0
1,1,event,450,0.0007919999998193816,0
1,1,event,451,0.0013339999995878316,0
1,1,event,452,0.0007919999998193816,0
1,1,event,453,0.000875000000178261,0
1,1,event,454,0.001374999999825377,0
1,1,event,455,0.0010000000002037268,0
1,1,event,456,0.001040999999986525,0
1,1,event,457,0.0008330000000569271,0
1,1,event,458,0.0007919999998193816,0
1,1,event,459,0.0007919999998193816,0
1,1,event,460,0.0008330000000569271,0
1,1,event,461,0.0009159999999610591,0
1,1,event,462,0.0011250000002291927,0
1,1,event,463,0.000875000000178261,0
1,1,event,464,0.0007500000001527951,0
1,1,event,465,0.0008340000003954628,0
1,1,event,466,0.0007909999999355932,0
1,1,event,467,0.0010830000001078588,0
1,1,event,468,0.000875000000178261,0
1,1,event,469,0.0009169999998448475,0
1,1,event,470,0.000792000000274129,0
1,1,event,471,0.0008749999997235136,0
1,1,event,472,0.0010830000001078588,0
1,1,event,473,0.0007919999998193816,0
1,1,event,474,0.0008339999999407155,0
1,1,event,475,0.0007500000001527951,0
1,1,event,476,0.0008749999997235136,0
1,1,event,477,0.0011250000002291927,0
1,1,event,478,0.0008329999996021797,0
1,1,event,479,0.0007909999999355932,0
1,1,event,480,0.011916999999812106,1
1,1,event,481,0.0019999999999527063,0
1,1,event,482,0.000875000000178261,0
1,1,event,483,0.000792000000274129,0
1,1,event,484,0.000792000000274129,0
1,1,event,485,0.0008330000000569271,0
1,1,event,486,0.0009580000000823929,0
1,1,event,487,0.0007919999998193816,0
1,1,event,488,0.0011669999998957792,0
1,1,event,489,0.0007909999999355932,0
1,1,event,490,0.0007919999998193816,0
1,1,event,491,0.0009580000000823929,0
1,1,event,492,0.000875000000178261,0
1,1,event,493,0.0008749999997235136,0
1,1,event,494,0.0009169999998448475,0
1,1,event,495,0.0008749999997235136,0
1,1,event,496,0.0008339999999407155,0
1,1,event,497,0.0011250000002291927,0
1,1,event,498,0.000792000000274129,0
1,1,event,499,0.0008330000000569271,0
1,1,event,500,0.0007919999998193816,0
1,1,event,501,0.0007909999999355932,0
1,1,event,502,0.0009999999997489795,0
1,1,event,503,0.000875000000178261,0
1,1,event,504,0.0007919999998193816,0
1,1,event,505,0.001040999999986525,0
1,1,event,506,0.0007919999998193816,0
1,1,event,507,0.0010419999998703133,0
1,1,event,508,0.001040999999986525,0
1,1,event,509,0.0008330000000569271,0
1,1,event,510,0.0008339999999407155,0
1,1,event,511,0.0008339999999407155,0
1,1,event,512,0.0010000000002037268,0
1,1,event,513,0.0008749999997235136,0
1,1,event,514,0.0008339999999407155,0
1,1,event,515,0.0010830000001078588,0
1,1,event,516,0.001040999999986525,0
1,1,event,517,0.0007919999998193816,0
1,1,event,518,0.0010000000002037268,0
1,1,event,519,0.000875000000178261,0
1,1,event,520,0.0012499999997999112,0
1,1,event,521,0.0013750000002801244,0
1,1,event,522,0.0009160000004158064,0
1,1,event,523,0.0010839999999916472,0
1,1,event,524,0.0011249999997744453,0
1,1,event,525,0.0008330000000569271,0
1,1,event,526,0.0007500000001527951,0
1,1,event,527,0.000875000000178261,0
1,1,event,528,0.0010000000002037268,0
1,1,event,529,0.0008329999996021797,0
1,1,event,530,0.0008340000003954628,0
1,1,event,531,0.0008339999999407155,0
1,1,event,532,0.0008339999999407155,0
1,1,event,533,0.0010420000003250607,0
1,1,event,534,0.0008329999996021797,0
1,1,event,535,0.000792000000274129,0
1,1,event,536,0.000875000000178261,0
1,1,event,537,0.0008339999999407155,0
1,1,event,538,0.000875000000178261,0
1,1,event,539,0.0009999999997489795,0
1,1,event,540,0.004915999999866472,1
1,1,event,541,0.0012080000001333246,0
1,1,event,542,0.0008330000000569271,0
1,1,event,543,0.0010839999999916472,0
1,1,event,544,0.0008749999997235136,0
1,1,event,545,0.000875000000178261,0
1,1,event,546,0.0007500000001527951,0
1,1,event,547,0.0008339999999407155,0
1,1,event,548,0.0010419999998703133,0
1,1,event,549,0.000875000000178261,0
1,1,event,550,0.0007500000001527951,0
1,1,event,551,0.0007919999998193816,0
1,1,event,552,0.0008339999999407155,0
1,1,event,553,0.0009589999999661813,0
1,1,event,554,0.0007499999996980478,0
1,1,event,555,0.0011669999998957792,0
1,1,event,556,0.0007919999998193816,0
1,1,event,557,0.0009580000000823929,0
1,1,event,558,0.0007919999998193816,0
1,1,event,559,0.0010419999998703133,0
1,1,event,560,0.0007909999999355932,0
1,1,event,561,0.0007919999998193816,0
1,1,event,562,0.000792000000274129,0
1,1,event,563,0.0007909999999355932,0
1,1,event,564,0.0010420000003250607,0
1,1,event,565,0.0008749999997235136,0
1,1,event,566,0.0007909999999355932,0
1,1,event,567,0.000792000000274129,0
1,1,event,568,0.0007919999998193816,0
1,1,event,569,0.0013750000002801244,0
1,1,event,570,0.0011669999998957792,0
1,1,event,571,0.0011660000000119908,0
1,1,event,572,0.0007919999998193816,0
1,1,event,573,0.0008330000000569271,0
1,1,event,574,0.0010830000001078588,0
1,1,event,575,0.0008339999999407155,0
1,1,event,576,0.001209000000017113,0
1,1,event,577,0.0007919999998193816,0
1,1,event,578,0.0008330000000569271,0
1,1,event,579,0.0009159999999610591,0
1,1,event,580,0.0014589999996132974,0
1,1,event,581,0.0009160000004158064,0
1,1,event,582,0.000792000000274129,0
1,1,event,583,0.0011249999997744453,0
1,1,event,584,0.0007919999998193816,0
1,1,event,585,0.0009999999997489795,0
1,1,event,586,0.0007500000001527951,0
1,1,event,587,0.000792000000274129,0
1,1,event,588,0.0012079999996785773,0
1,1,event,589,0.0007500000001527951,0
1,1,event,590,0.0009589999999661813,0
1,1,event,591,0.0008749999997235136,0
1,1,event,592,0.000875000000178261,0
1,1,event,593,0.0008749999997235136,0
1,1,event,594,0.000792000000274129,0
1,1,event,595,0.0007500000001527951,0
1,1,event,596,0.0009999999997489795,0
1,1,event,597,0.0010000000002037268,0
1,1,event,598,0.0007910000003903406,0
1,1,event,599,0.0008330000000569271,0
1,1,event,600,0.00641700000005585,1
1,1,event,601,0.001374999999825377,0
1,1,event,602,0.000875000000178261,0
1,1,event,603,0.0008339999999407155,0
1,1,event,604,0.0007919999998193816,0
1,1,event,605,0.0010000000002037268,0
1,1,event,606,0.0008329999996021797,0
1,1,event,607,0.0007909999999355932,0
1,1,event,608,0.0008330000000569271,0
1,1,event,609,0.0008330000000569271,0
1,1,event,610,0.0010000000002037268,0
1,1,event,611,0.0007919999998193816,0
1,1,event,612,0.0007919999998193816,0
1,1,event,613,0.0007909999999355932,0
1,1,event,614,0.0008330000000569271,0
1,1,event,615,0.0008339999999407155,0
1,1,event,616,0.0009589999999661813,0
1,1,event,617,0.0007919999998193816,0
1,1,event,618,0.0008330000000569271,0
1,1,event,619,0.0007919999998193816,0
1,1,event,620,0.0007909999999355932,0
1,1,event,621,0.0012499999997999112,0
1,1,event,622,0.0012500000002546585,0
1,1,event,623,0.0009579999996276456,0
1,1,event,624,0.0007909999999355932,0
1,1,event,625,0.0007919999998193816,0
1,1,event,626,0.0010419999998703133,0
1,1,event,627,0.0012080000001333246,0
1,1,event,628,0.0012079999996785773,0
1,1,event,629,0.0009169999998448475,0
1,1,event,630,0.0009159999999610591,0
1,1,event,631,0.0015000000003055902,0
1,1,event,632,0.0011660000000119908,0
1,1,event,633,0.000875000000178261,0
1,1,event,634,0.000875000000178261,0
1,1,event,635,0.000792000000274129,0
1,1,event,636,0.0012499999997999112,0
1,1,event,637,0.0010000000002037268,0
1,1,event,638,0.0007919999998193816,0
1,1,event,639,0.0007500000001527951,0
1,1,event,640,0.000875000000178261,0
1,1,event,641,0.0007919999998193816,0
1,1,event,642,0.001040999999986525,0
1,1,event,643,0.0008339999999407155,0
1,1,event,644,0.0007499999996980478,0
1,1,event,645,0.000792000000274129,0
1,1,event,646,0.0007910000003903406,0
1,1,event,647,0.0010839999999916472,0
1,1,event,648,0.0007500000001527951,0
1,1,event,649,0.0008329999996021797,0
1,1,event,650,0.0012080000001333246,0
1,1,event,651,0.0007919999998193816,0
1,1,event,652,0.0009580000000823929,0
1,1,event,653,0.0007499999996980478,0
1,1,event,654,0.0007919999998193816,0
1,1,event,655,0.0007499999996980478,0
1,1,event,656,0.0011249999997744453,0
1,1,event,657,0.0008340000003954628,0
1,1,event,658,0.0010000000002037268,0
1,1,event,659,0.0008339999999407155,0
1,1,event,660,0.004459000000224478,1
1,1,event,661,0.0011660000000119908,0
1,1,event,662,0.0010420000003250607,0
1,1,event,663,0.0008339999999407155,0
1,1,event,664,0.0007919999998193816,0
1,1,event,665,0.0007909999999355932,0
1,1,event,666,0.0007499999996980478,0
1,1,event,667,0.0009580000000823929,0
1,1,event,668,0.0007909999999355932,0
1,1,event,669,0.0008749999997235136,0
1,1,event,670,0.000792000000274129,0
1,1,event,671,0.0007919999998193816,0
1,1,event,672,0.0009580000000823929,0
1,1,event,673,0.0007909999999355932,0
1,1,event,674,0.0008749999997235136,0
1,1,event,675,0.0007909999999355932,0
1,1,event,676,0.0007919999998193816,0
1,1,event,677,0.0008749999997235136,0
1,1,event,678,0.0010419999998703133,0
1,1,event,679,0.0007919999998193816,0
1,1,event,680,0.0008330000000569271,0
1,1,event,681,0.0008749999997235136,0
1,1,event,682,0.0007909999999355932,0
1,1,event,683,0.0010839999999916472,0
1,1,event,684,0.0008330000000569271,0
1,1,event,685,0.0007909999999355932,0
1,1,event,686,0.0007499999996980478,0
1,1,event,687,0.0007909999999355932,0
1,1,event,688,0.0016249999998763087,0
1,1,event,689,0.0012500000002546585,0
1,1,event,690,0.0007500000001527951,0
1,1,event,691,0.0008339999999407155,0
1,1,event,692,0.0007500000001527951,0
1,1,event,693,0.0012079999996785773,0
1,1,event,694,0.000792000000274129,0
1,1,event,695,0.0007919999998193816,0
1,1,event,696,0.0007500000001527951,0
1,1,event,697,0.0008339999999407155,0
1,1,event,698,0.0008339999999407155,0
1,1,event,699,0.0009590000004209287,0
1,1,event,700,0.0008339999999407155,0
1,1,event,701,0.001209000000017113,0
1,1,event,702,0.0008339999999407155,0
1,1,event,703,0.0010419999998703133,0
1,1,event,704,0.0010830000001078588,0
1,1,event,705,0.0007919999998193816,0
1,1,event,706,0.0007909999999355932,0
1,1,event,707,0.0008339999999407155,0
1,1,event,708,0.0007919999998193816,0
1,1,event,709,0.0010830000001078588,0
1,1,event,710,0.0007919999998193816,0
1,1,event,711,0.0008340000003954628,0
1,1,event,712,0.0008339999999407155,0
1,1,event,713,0.0008339999999407155,0
1,1,event,714,0.0007500000001527951,0
1,1,event,715,0.0009579999996276456,0
1,1,event,716,0.000875000000178261,0
1,1,event,717,0.0011249999997744453,0
1,1,event,718,0.0008330000000569271,0
1,1,event,719,0.0009169999998448475,0
1,1,event,720,0.0045419999996738625,1
1,1,event,721,0.0013330000001587905,0
1,1,event,722,0.0008329999996021797,0
1,1,event,723,0.0012500000002546585,0
1,1,event,724,0.001040999999986525,0
1,1,event,725,0.0008330000000569271,0
1,1,event,726,0.000875000000178261,0
1,1,event,727,0.0008330000000569271,0
1,1,event,728,0.0007909999999355932,0
1,1,event,729,0.0009999999997489795,0
1,1,event,730,0.0008330000000569271,0
1,1,event,731,0.0008339999999407155,0
1,1,event,732,0.0007919999998193816,0
1,1,event,733,0.0008330000000569271,0
1,1,event,734,0.0007919999998193816,0
1,1,event,735,0.001040999999986525,0
1,1,event,736,0.0007500000001527951,0
1,1,event,737,0.0007910000003903406,0
1,1,event,738,0.0012499999997999112,0
1,1,event,739,0.0008330000000569271,0
1,1,event,740,0.0010839999999916472,0
1,1,event,741,0.0011669999998957792,0
1,1,event,742,0.0007500000001527951,0
1,1,event,743,0.000792000000274129,0
1,1,event,744,0.0008330000000569271,0
1,1,event,745,0.0009580000000823929,0
1,1,event,746,0.0009160000004158064,0
1,1,event,747,0.000875000000178261,0
1,1,event,748,0.0008749999997235136,0
1,1,event,749,0.0007909999999355932,0
1,1,event,750,0.0009999999997489795,0
1,1,event,751,0.000875000000178261,0
1,1,event,752,0.000875000000178261,0
1,1,event,753,0.0007910000003903406,0
1,1,event,754,0.0007919999998193816,0
1,1,event,755,0.0011660000000119908,0
1,1,event,756,0.0010000000002037268,0
1,1,event,757,0.0012080000001333246,0
1,1,event,758,0.0008339999999407155,0
1,1,event,759,0.0008330000000569271,0
1,1,event,760,0.0007500000001527951,0
1,1,event,761,0.0011249999997744453,0
1,1,event,762,0.0007919999998193816,0
1,1,event,763,0.0007909999999355932,0
1,1,event,764,0.0008330000000569271,0
1,1,event,765,0.0007919999998193816,0
1,1,event,766,0.0012089999995623657,0
1,1,event,767,0.0008339999999407155,0
1,1,event,768,0.0007919999998193816,0
1,1,event,769,0.0008330000000569271,0
1,1,event,770,0.0007909999999355932,0
1,1,event,771,0.0013330000001587905,0
1,1,event,772,0.0009589999999661813,0
1,1,event,773,0.0007909999999355932,0
1,1,event,774,0.0007919999998193816,0
1,1,event,775,0.0008330000000569271,0
1,1,event,776,0.0007909999999355932,0
1,1,event,777,0.0009579999996276456,0
1,1,event,778,0.0008330000000569271,0
1,1,event,779,0.0008749999997235136,0
1,1,event,780,0.004167000000052212,1
1,1,event,781,0.0012910000000374566,0
1,1,event,782,0.0007919999998193816,0
1,1,event,783,0.0009159999999610591,0
1,1,event,784,0.0010419999998703133,0
1,1,event,785,0.0007919999998193816,0
1,1,event,786,0.0010000000002037268,0
1,1,event,787,0.000875000000178261,0
1,1,event,788,0.000792000000274129,0
1,1,event,789,0.0008339999999407155,0
1,1,event,790,0.001209000000017113,0
1,1,event,791,0.0009580000000823929,0
1,1,event,792,0.0010830000001078588,0
1,1,event,793,0.0009170000002995948,0
1,1,event,794,0.0008329999996021797,0
1,1,event,795,0.0008330000000569271,0
1,1,event,796,0.0007919999998193816,0
1,1,event,797,0.0009999999997489795,0
1,1,event,798,0.000875000000178261,0
1,1,event,799,0.0008330000000569271,0
1,1,event,800,0.0007500000001527951,0
1,1,event,801,0.0007499999996980478,0
1,1,event,802,0.0010830000001078588,0
1,1,event,803,0.0008330000000569271,0
1,1,event,804,0.0008339999999407155,0
1,1,event,805,0.0008339999999407155,0
1,1,event,806,0.0007919999998193816,0
1,1,event,807,0.0010000000002037268,0
1,1,event,808,0.000792000000274129,0
1,1,event,809,0.0007910000003903406,0
1,1,event,810,0.0007919999998193816,0
1,1,event,811,0.0007909999999355932,0
1,1,event,812,0.0008749999997235136,0
1,1,event,813,0.0010419999998703133,0
1,1,event,814,0.0007500000001527951,0
1,1,event,815,0.000792000000274129,0
1,1,event,816,0.0008339999999407155,0
1,1,event,817,0.001334000000042579,0
1,1,event,818,0.0010000000002037268,0
1,1,event,819,0.000875000000178261,0
1,1,event,820,0.0007909999999355932,0
1,1,event,821,0.0008339999999407155,0
1,1,event,822,0.0007499999996980478,0
1,1,event,823,0.0010419999998703133,0
1,1,event,824,0.001334000000042579,0
1,1,event,825,0.0008329999996021797,0
1,1,event,826,0.000875000000178261,0
1,1,event,827,0.0007500000001527951,0
1,1,event,828,0.0009580000000823929,0
1,1,event,829,0.0008330000000569271,0
1,1,event,830,0.0008749999997235136,0
1,1,event,831,0.0018750000003819878,0
1,1,event,832,0.000875000000178261,0
1,1,event,833,0.0010830000001078588,0
1,1,event,834,0.0007910000003903406,0
1,1,event,835,0.0008339999999407155,0
1,1,event,836,0.0007909999999355932,0
1,1,event,837,0.0007919999998193816,0
1,1,event,838,0.0007500000001527951,0
1,1,event,839,0.0011249999997744453,0
1,1,event,840,0.00483299999996234,1
1,1,event,841,0.0010419999998703133,0
1,1,event,842,0.000875000000178261,0
1,1,event,843,0.0011670000003505265,0
1,1,event,844,0.0008329999996021797,0
1,1,event,845,0.0009580000000823929,0
1,1,event,846,0.0008749999997235136,0
1,1,event,847,0.0007919999998193816,0
1,1,event,848,0.0012080000001333246,0
1,1,event,849,0.0008329999996021797,0
1,1,event,850,0.000792000000274129,0
1,1,event,851,0.0011250000002291927,0
1,1,event,852,0.0011250000002291927,0
1,1,event,853,0.0009999999997489795,0
1,1,event,854,0.0007909999999355932,0
1,1,event,855,0.0008330000000569271,0
1,1,event,856,0.0008329999996021797,0
1,1,event,857,0.0012500000002546585,0
1,1,event,858,0.0007500000001527951,0
1,1,event,859,0.0009589999999661813,0
1,1,event,860,0.0007500000001527951,0
1,1,event,861,0.0007500000001527951,0
1,1,event,862,0.0007909999999355932,0
1,1,event,863,0.0007499999996980478,0
1,1,event,864,0.0009580000000823929,0
1,1,event,865,0.0012079999996785773,0
1,1,event,866,0.0008330000000569271,0
1,1,event,867,0.0009169999998448475,0
1,1,event,868,0.000875000000178261,0
1,1,event,869,0.0010420000003250607,0
1,1,event,870,0.0009580000000823929,0
1,1,event,871,0.0009580000000823929,0
1,1,event,872,0.0007919999998193816,0
1,1,event,873,0.0008330000000569271,0
1,1,event,874,0.0008330000000569271,0
1,1,event,875,0.0010000000002037268,0
1,1,event,876,0.0007500000001527951,0
1,1,event,877,0.0007909999999355932,0
1,1,event,878,0.0007499999996980478,0
1,1,event,879,0.0010830000001078588,0
1,1,event,880,0.0009999999997489795,0
1,1,event,881,0.0007500000001527951,0
1,1,event,882,0.0008749999997235136,0
1,1,event,883,0.0008330000000569271,0
1,1,event,884,0.0007500000001527951,0
1,1,event,885,0.0010419999998703133,0
1,1,event,886,0.0008330000000569271,0
1,1,event,887,0.0008330000000569271,0
1,1,event,888,0.0007500000001527951,0
1,1,event,889,0.000875000000178261,0
1,1,event,890,0.0010830000001078588,0
1,1,event,891,0.0011250000002291927,0
1,1,event,892,0.0007910000003903406,0
1,1,event,893,0.0008749999997235136,0
1,1,event,894,0.000792000000274129,0
1,1,event,895,0.0007910000003903406,0
1,1,event,896,0.0010000000002037268,0
1,1,event,897,0.001040999999986525,0
1,1,event,898,0.0008330000000569271,0
1,1,event,899,0.0007919999998193816,0
1,1,event,900,0.0044589999997697305,1
1,1,event,901,0.0011669999998957792,0
1,1,event,902,0.0008330000000569271,0
1,1,event,903,0.0008339999999407155,0
1,1,event,904,0.000792000000274129,0
1,1,event,905,0.0010419999998703133,0
1,1,event,906,0.0007919999998193816,0
1,1,event,907,0.0008330000000569271,0
1,1,event,908,0.0008749999997235136,0
1,1,event,909,0.000875000000178261,0
1,1,event,910,0.0009999999997489795,0
1,1,event,911,0.0007919999998193816,0
1,1,event,912,0.0007499999996980478,0
1,1,event,913,0.0007919999998193816,0
1,1,event,914,0.0007500000001527951,0
1,1,event,915,0.0007500000001527951,0
1,1,event,916,0.0009999999997489795,0
1,1,event,917,0.0007909999999355932,0
1,1,event,918,0.0010419999998703133,0
1,1,event,919,0.000875000000178261,0
1,1,event,920,0.0007919999998193816,0
1,1,event,921,0.0010000000002037268,0
1,1,event,922,0.0007500000001527951,0
1,1,event,923,0.0007919999998193816,0
1,1,event,924,0.0007909999999355932,0
1,1,event,925,0.0012079999996785773,0
1,1,event,926,0.0010000000002037268,0
1,1,event,927,0.0008749999997235136,0
1,1,event,928,0.0008330000000569271,0
1,1,event,929,0.0007909999999355932,0
1,1,event,930,0.0008339999999407155,0
1,1,event,931,0.001040999999986525,0
1,1,event,932,0.0007499999996980478,0
1,1,event,933,0.0008330000000569271,0
1,1,event,934,0.0008749999997235136,0
1,1,event,935,0.0008330000000569271,0
1,1,event,936,0.0008330000000569271,0
1,1,event,937,0.0010419999998703133,0
1,1,event,938,0.0007909999999355932,0
1,1,event,939,0.000792000000274129,0
1,1,event,940,0.0011660000000119908,0
1,1,event,941,0.0008330000000569271,0
1,1,event,942,0.0009999999997489795,0
1,1,event,943,0.0007909999999355932,0
1,1,event,944,0.0008339999999407155,0
1,1,event,945,0.0009159999999610591,0
1,1,event,946,0.0008330000000569271,0
1,1,event,947,0.0010419999998703133,0
1,1,event,948,0.0007909999999355932,0
1,1,event,949,0.0008330000000569271,0
1,1,event,950,0.0007919999998193816,0
1,1,event,951,0.0009169999998448475,0
1,1,event,952,0.0009169999998448475,0
1,1,event,953,0.0007909999999355932,0
1,1,event,954,0.0008749999997235136,0
1,1,event,955,0.0007909999999355932,0
1,1,event,956,0.0007500000001527951,0
1,1,event,957,0.0007910000003903406,0
1,1,event,958,0.003000000000156433,0
1,1,event,959,0.0008330000000569271,0
1,1,event,960,0.00483299999996234,1
1,1,event,961,0.0015830000002097222,0
1,1,event,962,0.0012079999996785773,0
1,1,event,963,0.0011250000002291927,0
1,1,event,964,0.0007910000003903406,0
1,1,event,965,0.000792000000274129,0
1,1,event,966,0.0008339999999407155,0
1,1,event,967,0.0010000000002037268,0
1,1,event,968,0.000792000000274129,0
1,1,event,969,0.0008330000000569271,0
1,1,event,970,0.0009589999999661813,0
1,1,event,971,0.0008749999997235136,0
1,1,event,972,0.0007919999998193816,0
1,1,event,973,0.001040999999986525,0
1,1,event,974,0.0007919999998193816,0
1,1,event,975,0.0009170000002995948,0
1,1,event,976,0.0008330000000569271,0
1,1,event,977,0.0008339999999407155,0
1,1,event,978,0.0009999999997489795,0
1,1,event,979,0.0008749999997235136,0
1,1,event,980,0.000792000000274129,0
1,1,event,981,0.0008329999996021797,0
1,1,event,982,0.000792000000274129,0
1,1,event,983,0.0010000000002037268,0
1,1,event,984,0.0014169999999467109,0
1,1,event,985,0.0010839999999916472,0
1,1,event,986,0.0008330000000569271,0
1,1,event,987,0.0007909999999355932,0
1,1,event,988,0.0010000000002037268,0
1,1,event,989,0.0008330000000569271,0
1,1,event,990,0.000875000000178261,0
1,1,event,991,0.0007919999998193816,0
1,1,event,992,0.0010420000003250607,0
1,1,event,993,0.0007910000003903406,0
1,1,event,994,0.0009580000000823929,0
1,1,event,995,0.0009589999999661813,0
1,1,event,996,0.0007499999996980478,0
1,1,event,997,0.000875000000178261,0
1,1,event,998,0.0007500000001527951,0
1,1,event,999,0.0009999999997489795,0
1,1,burst,0,0.14012499999989814,7
1,1,burst,1,0.13762499999984357,7
1,1,burst,2,0.1317919999996775,7
1,1,burst,3,0.14949999999998909,7
1,1,burst,4,0.12970899999982066,7
1,1,burst,5,0.14029200000004494,7
1,1,burst,6,13.74329200000011,7
1,1,burst,7,0.21279199999935372,7
1,1,burst,8,0.14699999999993452,7
1,1,burst,9,0.16033400000014808,7
1,1,burst,10,0.15129199999955745,7
1,1,burst,11,0.18241699999998673,7
1,1,burst,12,0.13687500000014552,7
1,1,burst,13,0.13479199999983393,7
1,1,burst,14,0.1352500000002692,7
1,1,burst,15,0.15379100000063772,7
1,1,burst,16,0.14466600000014296,7
1,1,burst,17,0.13741699999991397,7
1,1,burst,18,0.1380829999998241,7
1,1,burst,19,0.16995799999949668,7
1,1,burst,20,0.13962499999979627,7
1,1,burst,21,0.22766700000011042,7
1,1,burst,22,45.432833999999275,7
1,1,burst,23,0.19329200000083802,7
1,1,burst,24,0.14549999999962893,7
1,1,burst,25,0.15691699999933917,7
1,1,burst,26,0.15025000000059663,7
1,1,burst,27,0.1442910000005213,7
1,1,burst,28,0.14754099999936443,7
1,1,burst,29,0.14570800000001327,7
1,1,burst,30,0.13658399999985704,7
1,1,burst,31,0.14141700000072888,7
1,1,burst,32,0.13904199999979028,7
1,1,burst,33,0.14116699999976845,7
1,1,burst,34,0.14595900000040274,7
1,1,burst,35,0.14733299999988958,7
1,1,burst,36,0.136000000000422,7
1,1,burst,37,0.13499999999930878,7
1,1,burst,38,0.1334580000002461,7
1,1,burst,39,0.1388329999999769,7
1,1,burst,40,0.1431670000001759,7
1,1,burst,41,0.13795899999968242,7
1,1,burst,42,0.13283300000057352,7
1,1,burst,43,0.14920800000072632,7
1,1,burst,44,0.1300839999994423,7
1,1,burst,45,0.13641700000061974,7
1,1,burst,46,0.14504200000010314,7
1,1,burst,47,0.14249999999992724,7
1,1,burst,48,11.723917000000256,7
1,1,burst,49,0.14012499999989814,7
1,1,burst,50,0.15616599999975733,7
1,1,burst,51,0.13400000000001455,7
1,1,burst,52,0.14516699999967386,7
1,1,burst,53,0.1273750000000291,7
1,1,burst,54,0.1525419999998121,7
1,1,burst,55,0.1475829999999405,7
1,1,burst,56,0.1419159999995827,7
1,1,burst,57,0.12379099999998289,7
1,1,burst,58,0.14141599999948085,7
1,1,burst,59,0.14316599999983737,7
1,1,burst,60,0.24366700000064156,7
1,1,burst,61,0.19491700000071432,7
1,1,burst,62,0.16108399999939138,7
1,1,burst,63,0.1523749999996653,7
1,1,burst,64,0.14804199999980483,7
1,1,burst,65,0.13441700000021228,7
1,1,burst,66,0.14862499999981083,7
1,1,burst,67,0.1419580000001588,7
1,1,burst,68,0.13162499999998545,7
1,1,burst,69,0.13545799999974406,7
1,1,burst,70,0.1601250000003347,7
1,1,burst,71,0.6234999999996944,7
1,1,burst,72,16.992874999999913,7
1,1,burst,73,0.8702910000001793,7
1,1,burst,74,0.26191599999947357,7
1,1,burst,75,0.26745800000026065,7
1,1,burst,76,0.281542000000627,7
1,1,burst,77,0.22291599999971368,7
1,1,burst,78,0.9346670000004451,7
1,1,burst,79,0.192417000000205,7
1,1,burst,80,0.1647499999999127,7
1,1,burst,81,0.14620900000045367,7
1,1,burst,82,0.5565420000002632,7
1,1,burst,83,0.13862499999959255,7
1,1,burst,84,1.8163329999997586,7
1,1,burst,85,1.2857500000000073,7
1,1,burst,86,0.13774999999986903,7
1,1,burst,87,0.13133299999935844,7
1,1,burst,88,0.20079100000020844,7
1,1,burst,89,0.12779200000022684,7
1,1,burst,90,0.12537500000053114,7
1,1,burst,91,0.155374999999367,7
1,1,burst,92,0.1289999999999054,7
1,1,burst,93,0.12454199999956472,7
1,1,burst,94,0.15029100000083417,7
1,1,burst,95,0.1265000000003056,7
1,1,burst,96,0.1262909999995827,7
1,1,burst,97,0.1735419999995429,7
1,1,burst,98,0.4900840000000244,7
1,1,burst,99,0.16137500000058935,7
1,1,burst,100,0.13654099999985192,7
1,1,burst,101,0.14712500000041473,7
1,1,burst,102,0.16529200000059063,7
1,1,burst,103,0.12775000000056025,7
1,1,burst,104,0.5041250000003856,7
1,1,burst,105,0.1491249999999127,7
1,1,burst,106,0.13333400000010442,7
1,1,burst,107,0.13112499999988358,7
1,1,burst,108,0.2352920000002996,7
1,1,burst,109,0.16829200000029232,7
1,1,burst,110,0.1459999999997308,7
1,1,burst,111,0.13737500000024738,7
1,1,burst,112,0.13649999999961437,7
1,1,burst,113,0.1312500000003638,7
1,1,burst,114,0.13537500000074942,7
1,1,burst,115,0.1299169999992955,7
1,1,burst,116,0.13062499999978172,7
1,1,burst,117,0.12950000000000728,7
1,1,burst,118,0.13208300000042072,7
1,1,burst,119,0.14704099999926257,7
1,1,burst,120,0.13683300000047893,7
1,1,burst,121,0.12929199999962293,7
1,1,burst,122,0.13170800000079907,7
1,1,burst,123,0.12941700000010314,7
1,1,burst,124,0.12720899999931135,7
1,1,burst,125,0.1282919999994192,7
1,1,burst,126,0.13204200000018318,7
1,1,burst,127,0.13020800000049348,7
1,1,burst,128,0.12987499999962893,7
1,1,burst,129,0.1382499999999709,7
1,1,burst,130,0.13208299999951123,7
1,1,burst,131,0.12924999999995634,7
1,1,burst,132,0.13174999999955617,7
1,1,burst,133,0.12858299999970768,7
1,1,burst,134,0.13095900000007532,7
1,1,burst,135,0.1279580000000351,7
1,1,burst,136,0.12675000000035652,7
1,1,burst,137,0.1407920000001468,7
1,1,burst,138,0.1343749999996362,7
1,1,burst,139,0.1318329999994603,7
1,1,burst,140,0.1259170000002996,7
1,1,burst,141,0.12745900000027177,7
1,1,burst,142,0.12929199999962293,7
1,1,burst,143,0.1267920000000231,7
1,1,burst,144,0.12712499999997817,7
1,1,burst,145,0.12824999999975262,7
1,1,burst,146,0.12866699999995035,7
1,1,burst,147,0.12637499999982538,7
1,1,burst,148,0.13366599999972095,7
1,1,burst,149,0.12995800000044255,7
1,1,burst,150,0.12712499999997817,7
1,1,burst,151,0.12554199999976845,7
1,1,burst,152,0.13241699999980483,7
1,1,burst,153,0.1314170000005106,7
1,1,burst,154,0.12637499999982538,7
1,1,burst,155,0.12512499999957072,7
1,1,burst,156,0.1390000000001237,7
1,1,burst,157,0.13166700000056153,7
1,1,burst,158,0.1325830000005226,7
1,1,burst,159,0.12708399999974063,7
1,1,burst,160,0.12729200000012497,7
1,1,burst,161,0.1295829999999114,7
1,1,burst,162,0.12774999999965075,7
1,1,burst,163,0.1274169999996957,7
1,1,burst,164,0.12779200000022684,7
1,1,burst,165,0.12879200000043056,7
1,1,burst,166,0.12970899999982066,7
1,1,burst,167,0.1251670000001468,7
1,1,burst,168,0.1329169999999067,7
1,1,burst,169,0.1297919999997248,7
1,1,burst,170,0.12716599999930622,7
1,1,burst,171,0.12716600000021572,7
1,1,burst,172,0.12666600000011385,7
1,1,burst,173,0.13012500000058935,7
1,1,burst,174,0.14937499999996362,7
1,1,burst,175,0.1272499999995489,7
1,1,burst,176,0.12683300000026065,7
1,1,burst,177,0.12954199999967386,7
1,1,burst,178,0.12566700000024866,7
1,1,burst,179,0.12550000000010186,7
1,1,burst,180,0.12579099999948085,7
1,1,burst,181,0.1312500000003638,7
1,1,burst,182,0.1270829999994021,7
1,1,burst,183,0.12691600000016479,7
1,1,burst,184,0.12620799999967858,7
1,1,burst,185,0.12691700000050332,7
1,1,burst,186,0.13062499999978172,7
1,1,burst,187,0.12516599999980826,7
1,1,burst,188,0.1288750000003347,7
1,1,burst,189,0.1334580000002461,7
1,1,burst,190,0.12783299999955489,7
1,1,burst,191,0.12754099999983737,7
1,1,burst,192,0.1334580000002461,7
1,1,burst,193,0.1275420000001759,7
1,1,burst,194,0.12600000000020373,7
1,1,burst,195,0.1272079999998823,7
1,1,burst,196,0.13237499999922875,7
1,1,burst,197,0.12937500000043656,7
1,1,burst,198,0.12525000000005093,7
1,1,burst,199,0.13149999999950523,7
1,1,burst,200,0.12895800000023883,7
1,1,burst,201,0.12700000000040745,7
1,1,burst,202,0.12516599999980826,7
1,1,burst,203,0.12508299999990413,7
1,1,burst,204,39.525792000000365,7
1,1,burst,205,0.17229200000019773,7
1,1,burst,206,60.76466700000037,7
1,1,burst,207,0.07554200000049605,7
1,1,burst,208,0.062291000000186614,7
1,1,burst,209,0.05383399999936955,7
1,1,burst,210,0.05150000000048749,7
1,1,burst,211,0.06620899999961694,7
1,1,burst,212,0.055209000000104425,7
1,1,burst,213,0.05208299999958399,7
1,1,burst,214,0.05300000000079308,7
1,1,burst,215,0.056040999999822816,7
1,1,burst,216,0.05141699999967386,7
1,1,burst,217,0.05037499999980355,7
1,1,burst,218,0.04979200000070705,7
1,1,burst,219,0.05029199999989942,7
1,1,burst,220,0.05141600000024482,7
1,1,burst,221,0.05012499999975262,7
1,1,burst,222,0.05066700000043056,7
1,1,burst,223,0.05016599999999016,7
1,1,burst,224,0.05462499999975989,7
1,1,burst,225,0.05154099999981554,7
1,1,burst,226,0.049624999999650754,7
1,1,burst,227,0.05083299999932933,7
1,1,burst,228,0.05166700000063429,7
1,1,burst,229,0.053541000000222994,7
1,1,burst,230,0.04874999999992724,7
1,1,burst,231,0.05045799999970768,7
1,1,burst,232,0.050583000000187894,7
1,1,burst,233,0.049250000000029104,7
1,1,burst,234,0.0498330000000351,7
1,1,burst,235,0.05104200000005221,7
1,1,burst,236,0.05104200000005221,7
1,1,burst,237,0.04899999999997817,7
1,1,burst,238,0.049666000000797794,7
1,1,burst,239,0.050583000000187894,7
1,1,burst,240,0.05041700000037963,7
1,1,burst,241,0.0495840000003227,7
1,1,burst,242,0.04812500000025466,7
1,1,burst,243,0.05224999999973079,7
1,1,burst,244,0.052875000000312866,7
1,1,burst,245,0.049250000000029104,7
1,1,burst,246,0.049874999999701686,7
1,1,burst,247,0.05516699999952834,7
1,1,burst,248,0.050957999999809545,7
1,1,burst,249,0.05062499999985448,7
1,1,burst,250,0.05066699999952107,7
1,1,burst,251,12.129417000000103,7
1,1,burst,252,49.313208999999915,7
1,1,burst,253,0.21716700000069977,7
1,1,burst,254,0.1788749999996071,7
1,1,burst,255,0.18133299999954033,7
1,1,burst,256,0.16495899999972607,7
1,1,burst,257,101.05433300000004,7
1,1,burst,258,0.16858400000000984,7
1,1,burst,259,0.1485000000002401,7
1,1,burst,260,0.1383750000004511,7
1,1,burst,261,0.13520900000003166,7
1,1,burst,262,0.13279099999999744,7
1,1,burst,263,0.1340410000002521,7
1,1,burst,264,0.13337500000034197,7
1,1,burst,265,0.14691700000003038,7
1,1,burst,266,0.13074999999935244,7
1,1,burst,267,0.13133300000026793,7
1,1,burst,268,0.11391700000058336,7
1,1,burst,269,0.07616700000016863,7
1,1,burst,270,0.07525000000077853,7
1,1,burst,271,0.07733300000018062,7
1,1,burst,272,0.08329200000025594,7
1,1,burst,273,0.07504199999948469,7
1,1,burst,274,0.07475000000067666,7
1,1,burst,275,0.10262500000044383,7
1,1,burst,276,0.12799999999970169,7
1,1,burst,277,49.48191700000007,7
1,1,burst,278,0.18454099999962637,7
1,1,burst,279,0.15133400000013353,7
1,1,burst,280,0.1385420000005979,7
1,1,burst,281,0.13433299999996962,7
1,1,burst,282,0.15095900000051188,7
1,1,burst,283,0.1367500000005748,7
1,1,burst,284,0.13629200000013952,7
1,1,burst,285,0.13004199999977573,7
1,1,burst,286,39.33533299999999,7
1,1,burst,287,0.06954200000018318,7
1,1,burst,288,0.058334000000286323,7
1,1,burst,289,0.0525420000003578,7
1,1,burst,290,0.05420800000047166,7
1,1,burst,291,0.05362500000046566,7
1,1,burst,292,0.051332999999431195,7
1,1,burst,293,0.049500000000080036,7
1,1,burst,294,0.05316599999969185,7
1,1,burst,295,0.05224999999973079,7
1,1,burst,296,0.05099999999947613,7
1,1,burst,297,0.050833000000238826,7
1,1,burst,298,0.05566599999929167,7
1,1,burst,299,0.051582999999482126,7
1,1,burst,300,0.049624999999650754,7
1,1,burst,301,0.068583000000217,7
1,1,burst,302,0.053749999999126885,7
1,1,burst,303,0.05112500000086584,7
1,1,burst,304,0.05050000000028376,7
1,1,burst,305,0.052375000000211,7
1,1,burst,306,0.05116600000019389,7
1,1,burst,307,0.052959000000555534,7
1,1,burst,308,0.050208999999995285,7
1,1,burst,309,0.051459000000249944,7
1,1,burst,310,0.051207999999860476,7
1,1,burst,311,0.051375000000007276,7
1,1,burst,312,0.05054199999995035,7
1,1,burst,313,0.05258299999968585,7
1,1,burst,314,0.05154099999981554,7
1,1,burst,315,0.05233299999963492,7
1,1,burst,316,0.05045799999970768,7
1,1,burst,317,0.05066700000043056,7
1,1,burst,318,0.0531249999994543,7
1,1,burst,319,0.055833000000347965,7
1,1,burst,320,0.05070800000066811,7
1,1,burst,321,0.0531250000003638,7
1,1,burst,322,0.052958000000217,7
1,1,burst,323,0.05141600000024482,7
1,1,burst,324,0.05025000000023283,7
1,1,burst,325,0.05029199999989942,7
1,1,burst,326,0.05083399999966787,7
1,1,burst,327,0.05158399999982066,7
1,1,burst,328,0.049500000000080036,7
1,1,burst,329,0.05054199999995035,7
1,1,burst,330,0.05345800000031886,7
1,1,burst,331,0.05224999999973079,7
1,1,burst,332,0.049874999999701686,7
1,1,burst,333,0.05179099999986647,7
1,1,burst,334,0.05066700000043056,7
1,1,burst,335,0.05270899999959511,7
1,1,burst,336,0.05279199999949924,7
1,1,burst,337,0.0520409999999174,7
1,1,burst,338,0.05125000000043656,7
1,1,burst,339,0.052708000000166066,7
1,1,burst,340,0.0500000000001819,7
1,1,burst,341,0.05912499999976717,7
1,1,burst,342,0.05087499999990541,7
1,1,burst,343,0.051459000000249944,7
1,1,burst,344,0.05025000000023283,7
1,1,burst,345,0.05216599999948812,7
1,1,burst,346,0.0538749999996071,7
1,1,burst,347,0.0500000000001819,7
1,1,burst,348,0.05179200000020501,7
1,1,burst,349,0.050957999999809545,7
1,1,burst,350,0.05195800000001327,7
1,1,burst,351,0.0527090000005046,7
1,1,burst,352,0.05183400000078109,7
1,1,burst,353,0.054667000000335975,7
1,1,burst,354,0.053417000000081316,7
1,1,burst,355,0.05199999999967986,7
1,1,burst,356,0.06350000000020373,7
1,1,burst,357,0.13016700000025594,7
1,1,burst,358,0.1328750000002401,7
1,1,burst,359,0.13616599999932077,7
1,1,burst,360,0.12675000000035652,7
1,1,burst,361,0.12862499999937427,7
1,1,burst,362,0.1251670000001468,7
1,1,burst,363,0.1307090000000244,7
1,1,burst,364,0.1296250000004875,7
1,1,burst,365,0.1288750000003347,7
1,1,burst,366,0.1327080000000933,7
1,1,burst,367,0.13295800000014424,7
1,1,burst,368,0.13187500000003638,7
1,1,burst,369,0.13129100000060134,7
1,1,burst,370,0.12675000000035652,7
1,1,burst,371,0.12837500000023283,7
1,1,burst,372,0.13624999999956344,7
1,1,burst,373,0.13133299999935844,7
1,1,burst,374,0.12941699999919365,7
1,1,burst,375,0.12874999999985448,7
1,1,burst,376,0.12954100000024482,7
1,1,burst,377,0.1297499999991487,7
1,1,burst,378,0.12950000000000728,7
1,1,burst,379,0.1312499999994543,7
1,1,burst,380,0.12950000000000728,7
1,1,burst,381,0.13241699999980483,7
1,1,burst,382,0.12629199999992125,7
1,1,burst,383,0.12625000000025466,7
1,1,burst,384,0.1263330000001588,7
1,1,burst,385,0.12970799999948213,7
1,1,burst,386,0.12862500000028376,7
1,1,burst,387,0.13249999999970896,7
1,1,burst,388,0.12700000000040745,7
1,1,burst,389,0.243916999999783,7
1,1,burst,390,0.17954100000042672,7
1,1,burst,391,0.14183299999967858,7
1,1,burst,392,0.13250000000061846,7
1,1,burst,393,0.13541699999950652,7
1,1,burst,394,0.13654200000019046,7
1,1,burst,395,0.13441700000021228,7
1,1,burst,396,10.668666999999914,7
1,1,burst,397,0.21000000000003638,7
1,1,burst,398,0.14220899999963876,7
1,1,burst,399,0.13670900000033726,7
1,1,burst,400,0.1366249999991851,7
1,1,burst,401,0.1352500000002692,7
1,1,burst,402,0.14674999999988358,7
1,1,burst,403,0.13291599999956816,7
1,1,burst,404,0.14458299999932933,7
1,1,burst,405,0.13770800000020245,7
1,1,burst,406,0.14479100000062317,7
1,1,burst,407,0.13616600000023027,7
1,1,burst,408,0.13237500000013824,7
1,1,burst,409,0.15924999999970169,7
1,1,burst,410,0.13612500000090222,7
1,1,burst,411,24.9829579999996,7
1,1,burst,412,0.1946250000000873,7
1,1,burst,413,0.1395830000001297,7
1,1,burst,414,0.13754100000005565,7
1,1,burst,415,28.911333000000013,7
1,1,burst,416,0.10524999999961437,7
1,1,burst,417,0.07029099999999744,7
1,1,burst,418,0.07333299999936571,7
1,1,burst,419,0.07387500000004366,7
1,1,burst,420,0.06595800000013696,7
1,1,burst,421,0.10270800000034797,7
1,1,burst,422,0.13483399999950052,7
1,1,burst,423,0.13633300000037707,7
1,1,burst,424,0.12987499999962893,7
1,1,burst,425,0.140041999999994,7
1,1,burst,426,0.13241700000071432,7
1,1,burst,427,0.15383299999939481,7
1,1,burst,428,37.90300000000025,7
1,1,burst,429,0.09170799999992596,7
1,1,burst,430,0.07475000000067666,7
1,1,burst,431,0.0724579999996422,7
1,1,burst,432,0.07470800000010058,7
1,1,burst,433,0.21299999999973807,7
1,1,burst,434,0.08641700000043784,7
1,1,burst,435,0.07983299999978044,7
1,1,burst,436,0.5395840000001044,7
1,1,burst,437,0.10062500000003638,7
1,1,burst,438,0.17566700000043056,7
1,1,burst,439,0.33833299999969313,7
1,1,burst,440,0.2690409999995609,7
1,1,burst,441,0.078125,7
1,1,burst,442,0.06962500000008731,7
1,1,burst,443,0.0693330000003698,7
1,1,burst,444,0.06974999999965803,7
1,1,burst,445,0.08162499999980355,7
1,1,burst,446,0.071458999999777,7
1,1,burst,447,0.07191699999930279,7
1,1,burst,448,0.0740829999995185,7
1,1,burst,449,0.0691659999993135,7
1,1,burst,450,0.06662499999947613,7
1,1,burst,451,0.06891600000017206,7
1,1,burst,452,0.0703750000002401,7
1,1,burst,453,2.073374999999942,7
1,1,burst,454,1.9692500000001019,7
1,1,burst,455,0.14145800000005693,7
1,1,burst,456,0.11683399999947142,7
1,1,burst,457,0.11454200000025594,7
1,1,burst,458,0.11854200000016135,7
1,1,burst,459,0.12470800000028248,7
1,1,burst,460,0.11212499999965075,7
1,1,burst,461,0.11495800000011513,7
1,1,burst,462,0.114875000000211,7
1,1,burst,463,0.11299999999937427,7
1,1,burst,464,0.13429199999973207,7
1,1,burst,465,0.11079200000040146,7
1,1,burst,466,0.10945799999990413,7
1,1,burst,467,0.11508400000002439,7
1,1,burst,468,0.11120799999935116,7
1,1,burst,469,0.11029099999996106,7
1,1,burst,470,0.11220799999955489,7
1,1,burst,471,0.10829199999989214,7
1,1,burst,472,0.10704100000020844,7
1,1,burst,473,0.11837500000001455,7
1,1,burst,474,0.10999999999967258,7
1,1,burst,475,0.10604100000000471,7
1,1,burst,476,0.1077499999992142,7
1,1,burst,477,0.10737500000050204,7
1,1,burst,478,0.10854099999960454,7
1,1,burst,479,0.10912500000085856,7
1,1,burst,480,0.1176660000000993,7
1,1,burst,481,0.10958300000038435,7
1,1,burst,482,0.10820800000055897,7
1,1,burst,483,0.10875000000032742,7
1,1,burst,484,0.10575000000062573,7
1,1,burst,485,0.10904200000004494,7
1,1,burst,486,0.108791999999994,7
1,1,burst,487,0.10658299999977316,7
1,1,burst,488,0.11387500000000728,7
1,1,burst,489,0.10725000000002183,7
1,1,burst,490,0.10720799999944575,7
1,1,burst,491,0.10558299999956944,7
1,1,burst,492,0.1089590000001408,7
1,1,burst,493,0.10741700000016863,7
1,1,burst,494,0.10616699999991397,7
1,1,burst,495,0.10737500000050204,7
1,1,burst,496,0.10691600000063772,7
1,1,burst,497,0.10612500000024738,7
1,1,burst,498,0.11595800000031886,7
1,1,burst,499,0.10674999999991996,7
1,1,burst,500,0.11329200000000128,7
1,1,burst,501,0.10712499999954161,7
1,1,burst,502,0.10645900000054098,7
1,1,burst,503,0.13025000000016007,7
1,1,burst,504,0.12058299999989686,7
1,1,burst,505,0.11608400000022812,7
1,1,burst,506,0.11570899999969697,7
1,1,burst,507,0.11420900000030088,7
1,1,burst,508,0.12358299999959854,7
1,1,burst,509,0.11795799999981682,7
1,1,burst,510,0.10979100000076869,7
1,1,burst,511,0.12133300000004965,7
1,1,burst,512,0.1185829999994894,7
1,1,burst,513,0.11733400000048277,7
1,1,burst,514,0.10270800000034797,7
1,1,burst,515,0.1171249999997599,7
1,1,burst,516,0.12912499999947613,7
1,1,burst,517,0.11287499999980355,7
1,1,burst,518,0.10941700000057608,7
1,1,burst,519,0.11541699999997945,7
1,1,burst,520,0.11583299999983865,7
1,1,burst,521,0.12399999999979627,7
1,1,burst,522,0.11033299999962765,7
1,1,burst,523,0.12295799999992596,7
1,1,burst,524,0.11879100000078324,7
1,1,burst,525,0.10975000000053114,7
1,1,burst,526,0.12745900000027177,7
1,1,burst,527,0.12024999999994179,7
1,1,burst,528,0.114875000000211,7
1,1,burst,529,0.11179199999969569,7
1,1,burst,530,0.11862500000006548,7
1,1,burst,531,0.13170799999988958,7
1,1,burst,532,0.10762499999964348,7
1,1,burst,533,0.1240830000006099,7
1,1,burst,534,0.11466600000039762,7
1,1,burst,535,0.11804099999972095,7
1,1,burst,536,0.10912499999994907,7
1,1,burst,537,0.11537499999940337,7
1,1,burst,538,0.11687500000061846,7
1,1,burst,539,0.13887500000055297,7
1,1,burst,540,0.10887499999989814,7
1,1,burst,541,0.12733300000036252,7
1,1,burst,542,0.11791699999957928,7
1,1,burst,543,0.13008300000001327,7
1,1,burst,544,0.11337499999990541,7
1,1,burst,545,0.11062500000025466,7
1,1,burst,546,0.1196669999999358,7
1,1,burst,547,0.11754199999995762,7
1,1,burst,548,0.11862500000006548,7
1,1,burst,549,0.11437500000010914,7
1,1,burst,550,0.11804100000063045,7
1,1,burst,551,0.11412500000005821,7
1,1,burst,552,0.11991699999998673,7
1,1,burst,553,0.1115829999998823,7
1,1,burst,554,0.11724999999933061,7
1,1,burst,555,0.12495799999942392,7
1,1,burst,556,0.11200000000008004,7
1,1,burst,557,0.12091700000019046,7
1,1,burst,558,0.12379099999998289,7
1,1,burst,559,0.1294579999994312,7
1,1,burst,560,0.11570799999935844,7
1,1,burst,561,0.11341600000014296,7
1,1,burst,562,0.11979200000041601,7
1,1,burst,563,0.11716699999942648,7
1,1,burst,564,0.11554200000045967,7
1,1,burst,565,0.11258399999951507,7
1,1,burst,566,0.13737500000024738,7
1,1,burst,567,0.1457910000008269,7
1,1,burst,568,0.13795800000025338,7
1,1,burst,569,0.13612499999999272,7
1,1,burst,570,0.14570800000001327,7
1,1,burst,571,0.14054200000009587,7
1,1,burst,572,0.1454169999997248,7
1,1,burst,573,0.13358400000015536,7
1,1,burst,574,0.141500000000633,7
1,1,burst,575,0.15037499999925785,7
1,1,burst,576,36.98895799999991,7
1,1,burst,577,0.18637500000022555,7
1,1,burst,578,0.1415420000002996,7
1,1,burst,579,0.14808300000004238,7
1,1,burst,580,0.13862499999959255,7
1,1,burst,581,0.13441700000021228,7
1,1,burst,582,0.1312500000003638,7
1,1,burst,583,0.1337919999996302,7
1,1,burst,584,0.13137499999993452,7
1,1,burst,585,0.136000000000422,7
1,1,burst,586,0.13329199999952834,7
1,1,burst,587,0.13133299999935844,7
1,1,burst,588,0.12895800000023883,7
1,1,burst,589,57.51320899999973,7
1,1,burst,590,0.20933299999978772,7
1,1,burst,591,0.12879200000043056,7
1,1,burst,592,0.11708400000043184,7
1,1,burst,593,0.11566700000003038,7
1,1,burst,594,0.11479200000030687,7
1,1,burst,595,0.12195900000006077,7
1,1,burst,596,0.1130830000001879,7
1,1,burst,597,0.10895800000071176,7
1,1,burst,598,0.2205420000000231,7
1,1,burst,599,0.13770800000020245,7
1,1,burst,600,0.11879099999987375,7
1,1,burst,601,0.11412500000005821,7
1,1,burst,602,0.1171249999997599,7
1,1,burst,603,0.11429200000020501,7
1,1,burst,604,0.10900000000037835,7
1,1,burst,605,0.12395799999922019,7
1,1,burst,606,0.13729100000000471,7
1,1,burst,607,0.11466699999982666,7
1,1,burst,608,0.10762500000055297,7
1,1,burst,609,0.11045800000010786,7
1,1,burst,610,0.11054200000035053,7
1,1,burst,611,0.10908300000028248,7
1,1,burst,612,0.10962500000005093,7
1,1,burst,613,0.32537500000034925,7
1,1,burst,614,0.15620799999942392,7
1,1,burst,615,7.7300420000001395,7
1,1,burst,616,0.18499999999949068,7
1,1,burst,617,0.12366699999984121,7
1,1,burst,618,0.12341699999979028,7
1,1,burst,619,0.11762499999986176,7
1,1,burst,620,0.11129199999959383,7
1,1,burst,621,0.11274999999932334,7
1,1,burst,622,0.11041699999987031,7
1,1,burst,623,0.11045800000010786,7
1,1,burst,624,0.11883300000044983,7
1,1,burst,625,0.10883300000023155,7
1,1,burst,626,0.11116599999968457,7
1,1,burst,627,0.10974999999962165,7
1,1,burst,628,0.10645800000020245,7
1,1,burst,629,0.1064169999999649,7
1,1,burst,630,0.12600000000020373,7
1,1,burst,631,0.10783300000002782,7
1,1,burst,632,0.107333999999355,7
1,1,burst,633,0.10758299999997689,7
1,1,burst,634,0.11516600000049948,7
1,1,burst,635,0.10679100000015751,7
1,1,burst,636,0.10758299999997689,7
1,1,burst,637,0.1125000000001819,7
1,1,burst,638,0.1092079999998532,7
1,1,burst,639,0.10562500000014552,7
1,1,burst,640,0.10604100000000471,7
1,1,burst,641,0.10629200000039418,7
1,1,burst,642,0.11458299999958399,7
1,1,burst,643,0.10858300000018062,7
1,1,burst,644,0.10500000000047294,7
1,1,burst,645,0.10649999999986903,7
1,1,burst,646,0.10433300000022427,7
1,1,burst,647,0.10691700000006676,7
1,1,burst,648,0.10683400000016263,7
1,1,burst,649,0.1068329999998241,7
1,1,burst,650,0.10733299999992596,7
1,1,burst,651,0.1042090000000826,7
1,1,burst,652,0.10954099999980826,7
1,1,burst,653,0.1082910000004631,7
1,1,burst,654,0.105333000000428,7
1,1,burst,655,0.11054200000035053,7
1,1,burst,656,0.10662499999943975,7
1,1,burst,657,0.10766599999988102,7
1,1,burst,658,0.10729100000025937,7
1,1,burst,659,0.10587500000019645,7
1,1,burst,660,0.11154200000055425,7
1,1,burst,661,0.10845900000003894,7
1,1,burst,662,0.10866700000042329,7
1,1,burst,663,0.10983399999986432,7
1,1,burst,664,0.10529199999928096,7
1,1,burst,665,0.10741699999925913,7
1,1,burst,666,0.10512500000004366,7
1,1,burst,667,0.10745799999949668,7
1,1,burst,668,0.10579199999938282,7
1,1,burst,669,0.10929200000009587,7
1,1,burst,670,0.10837500000070577,7
1,1,burst,671,0.1056670000007216,7
1,1,burst,672,0.10416600000007747,7
1,1,burst,673,0.10679200000049605,7
1,1,burst,674,0.10554200000024139,7
1,1,burst,675,0.10649999999986903,7
1,1,burst,676,0.10516699999971024,7
1,1,burst,677,0.12633400000049733,7
1,1,burst,678,0.11062500000025466,7
1,1,burst,679,0.14337499999965075,7
1,1,burst,680,0.14262500000040745,7
1,1,burst,681,0.11954200000036508,7
1,1,burst,682,0.115458000000217,7
1,1,burst,683,0.11479200000030687,7
1,1,burst,684,0.1165419999997539,7
1,1,burst,685,0.12487500000042928,7
1,1,burst,686,0.10529200000019046,7
1,1,burst,687,0.10587500000019645,7
1,1,burst,688,0.10633299999972223,7
1,1,burst,689,0.10291700000016135,7
1,1,burst,690,0.10425000000032014,7
1,1,burst,691,0.11491699999987759,7
1,1,burst,692,0.10775000000012369,7
1,1,burst,693,0.10500000000047294,7
1,1,burst,694,0.10224999999991269,7
1,1,burst,695,0.1069999999999709,7
1,1,burst,696,0.11183399999936228,7
1,1,burst,697,0.10354200000074343,7
1,1,burst,698,0.10629200000039418,7
1,1,burst,699,0.10554099999990285,7
1,1,burst,700,0.10829199999989214,7
1,1,burst,701,0.10620800000015151,7
1,1,burst,702,0.10529200000019046,7
1,1,burst,703,0.10441700000046694,7
1,1,burst,704,0.10662499999943975,7
1,1,burst,705,0.10537500000009459,7
1,1,burst,706,0.10416699999950652,7
1,1,burst,707,0.10574999999971624,7
1,1,burst,708,0.1092079999998532,7
1,1,burst,709,0.10324999999920692,7
1,1,burst,710,0.10791700000027049,7
1,1,burst,711,0.10470900000018446,7
1,1,burst,712,0.10754199999973935,7
1,1,burst,713,0.10983399999986432,7
1,1,burst,714,0.10491699999965931,7
1,1,burst,715,0.10637500000029831,7
1,1,burst,716,0.10783300000002782,7
1,1,burst,717,0.10433300000022427,7
1,1,burst,718,0.10429099999964819,7
1,1,burst,719,0.10720800000035524,7
1,1,burst,720,0.11208299999998417,7
1,1,burst,721,0.105333000000428,7
1,1,burst,722,0.10375000000021828,7
1,1,burst,723,0.10583299999962037,7
1,1,burst,724,0.10650000000077853,7
1,1,burst,725,0.10525000000052387,7
1,1,burst,726,0.104750000000422,7
1,1,burst,727,0.10729199999968841,7
1,1,burst,728,0.10720800000035524,7
1,1,burst,729,0.109375,7
1,1,burst,730,0.10633300000063173,7
1,1,burst,731,0.11099999999987631,7
1,1,burst,732,0.10799999999926513,7
1,1,burst,733,0.10454200000003766,7
1,1,burst,734,0.10216700000000856,7
1,1,burst,735,0.10833299999922019,7
1,1,burst,736,0.1045830000002752,7
1,1,burst,737,0.10654199999953562,7
1,1,burst,738,0.10491599999932077,7
1,1,burst,739,0.10733299999992596,7
1,1,burst,740,0.10508300000037707,7
1,1,burst,741,0.10479200000008859,7
1,1,burst,742,0.10437499999989086,7
1,1,burst,743,0.10849999999936699,7
1,1,burst,744,0.10479200000008859,7
1,1,burst,745,0.10487499999999272,7
1,1,burst,746,0.10808400000041729,7
1,1,burst,747,0.1068329999998241,7
1,1,burst,748,0.10429199999998673,7
1,1,burst,749,0.11149999999997817,7
1,1,burst,750,0.10479200000008859,7
1,1,burst,751,0.10654200000044511,7
1,1,burst,752,0.103874999999789,7
1,1,burst,753,0.10487499999999272,7
1,1,burst,754,0.10512500000004366,7
1,1,burst,755,0.10654199999953562,7
1,1,burst,756,0.10495799999989686,7
1,1,burst,757,0.10537500000009459,7
1,1,burst,758,0.10358300000007148,7
1,1,burst,759,0.10775000000012369,7
1,1,burst,760,0.1053329999995185,7
1,1,burst,761,0.10424999999941065,7
1,1,burst,762,0.10687499999949068,7
1,1,burst,763,0.10679200000049605,7
1,1,burst,764,0.10741700000016863,7
1,1,burst,765,0.10487499999999272,7
1,1,burst,766,0.109375,7
1,1,burst,767,0.11612500000046566,7
1,1,burst,768,0.10479200000008859,7
1,1,burst,769,0.10508299999946757,7
1,1,burst,770,0.1045830000002752,7
1,1,burst,771,0.10750000000007276,7
1,1,burst,772,0.10408300000017334,7
1,1,burst,773,0.10524999999961437,7
1,1,burst,774,0.1055000000005748,7
1,1,burst,775,0.10733299999992596,7
1,1,burst,776,0.105916000000434,7
1,1,burst,777,0.11129099999925529,7
1,1,burst,778,0.10737500000050204,7
1,1,burst,779,0.10787499999969441,7
1,1,burst,780,0.10583300000052986,7
1,1,burst,781,0.10479100000065955,7
1,1,burst,782,0.10899999999946886,7
1,1,burst,783,0.10795899999993708,7
1,1,burst,784,0.10429199999998673,7
1,1,burst,785,0.10316599999987375,7
1,1,burst,786,0.1055000000005748,7
1,1,burst,787,0.1054999999996653,7
1,1,burst,788,0.10350000000016735,7
1,1,burst,789,0.10337500000059663,7
1,1,burst,790,0.10649999999986903,7
1,1,burst,791,0.10350000000016735,7
1,1,burst,792,0.10245800000029703,7
1,1,burst,793,0.103291999999783,7
1,1,burst,794,0.10599999999976717,7
1,1,burst,795,0.11395799999991141,7
1,1,burst,796,0.10379199999988487,7
1,1,burst,797,0.10483300000032614,7
1,1,burst,798,0.10487499999999272,7
1,1,burst,799,0.10391699999945558,7
1,1,burst,800,0.1047919999991791,7
1,1,burst,801,0.11016699999981938,7
1,1,burst,802,0.1062500000007276,7
1,1,burst,803,0.10420799999974406,7
1,1,burst,804,0.10725000000002183,7
1,1,burst,805,0.10375000000021828,7
1,1,burst,806,0.11050000000068394,7
1,1,burst,807,0.10379199999988487,7
1,1,burst,808,0.10437499999989086,7
1,1,burst,809,0.10554200000024139,7
1,1,burst,810,0.10687500000040018,7
1,1,burst,811,0.10462499999994179,7
1,1,burst,812,0.10229100000015023,7
1,1,burst,813,0.10275000000001455,7
1,1,burst,814,0.10491600000023027,7
1,1,burst,815,0.10670800000025338,7
1,1,burst,816,0.10408399999960238,7
1,1,burst,817,0.10266700000011042,7
1,1,burst,818,0.10791700000027049,7
1,1,burst,819,0.10712499999954161,7
1,1,burst,820,0.10333400000035908,7
1,1,burst,821,0.1027090000006865,7
1,1,burst,822,0.10462500000085129,7
1,1,burst,823,0.10516699999971024,7
1,1,burst,824,0.10458399999970425,7
1,1,burst,825,0.10433300000022427,7
1,1,burst,826,0.10716599999977916,7
1,1,burst,827,0.10870799999975134,7
1,1,burst,828,0.1037079999996422,7
1,1,burst,829,0.10362500000064756,7
1,1,burst,830,0.10541700000067067,7
1,1,burst,831,0.10529099999985192,7
1,1,burst,832,0.10499999999956344,7
1,1,burst,833,0.10350000000016735,7
1,1,burst,834,0.10758299999997689,7
1,1,burst,835,0.11141700000007404,7
1,1,burst,836,0.10391700000036508,7
1,1,burst,837,0.10645899999963149,7
1,1,burst,838,0.102708999999777,7
1,1,burst,839,0.10620900000049005,7
1,1,burst,840,0.10637499999938882,7
1,1,burst,841,0.10608400000000984,7
1,1,burst,842,160.70291700000053,7
1,1,burst,843,0.15999999999985448,7
1,1,burst,844,0.12216699999953562,7
1,1,burst,845,0.11845799999991868,7
1,1,burst,846,0.11479199999939738,7
1,1,burst,847,0.8579589999999371,7
1,1,burst,848,0.1366250000000946,7
1,1,burst,849,0.12079199999971024,7
1,1,burst,850,0.11366699999962293,7
1,1,burst,851,0.11300000000028376,7
1,1,burst,852,0.10912499999994907,7
1,1,burst,853,0.13020899999992253,7
1,1,burst,854,0.11195799999950395,7
1,1,burst,855,0.10775000000012369,7
1,1,burst,856,0.1117500000000291,7
1,1,burst,857,0.11024999999972351,7
1,1,burst,858,0.11079200000040146,7
1,1,burst,859,0.1073340000002645,7
1,1,burst,860,0.10858299999927112,7
1,1,burst,861,0.10970799999995506,7
1,1,burst,862,0.1069999999999709,7
1,1,burst,863,0.10783400000036636,7
1,1,burst,864,0.1134170000004815,7
1,1,burst,865,0.1101249999992433,7
1,1,burst,866,0.10649999999986903,7
1,1,burst,867,0.10754199999973935,7
1,1,burst,868,0.10266700000011042,7
1,1,burst,869,0.0829169999997248,7
1,1,burst,870,0.08666700000048877,7
1,1,burst,871,0.08708300000034797,7
1,1,burst,872,0.08216600000014296,7
1,1,burst,873,0.08195799999975861,7
1,1,burst,874,0.08674999999948341,7
1,1,burst,875,0.08224999999947613,7
1,1,burst,876,0.08225000000038563,7
1,1,burst,877,0.08358399999997346,7
1,1,burst,878,0.08474999999998545,7
1,1,burst,879,0.08249999999952706,7
1,1,burst,880,0.08120799999960582,7
1,1,burst,881,0.08383299999968585,7
1,1,burst,882,0.08229100000062317,7
1,1,burst,883,0.08083299999998417,7
1,1,burst,884,0.08029199999964476,7
1,1,burst,885,0.08295899999939138,7
1,1,burst,886,0.08179199999995035,7
1,1,burst,887,0.08208400000057736,7
1,1,burst,888,0.08204200000000128,7
1,1,burst,889,0.08737500000006548,7
1,1,burst,890,0.08391699999992852,7
1,1,burst,891,0.08150000000023283,7
1,1,burst,892,0.08554200000071432,7
1,1,burst,893,0.0812500000001819,7
1,1,burst,894,0.08108400000037363,7
1,1,burst,895,0.08058399999936228,7
1,1,burst,896,0.08270900000024994,7
1,1,burst,897,0.0797919999995429,7
1,1,burst,898,0.07999999999992724,7
1,1,burst,899,0.08024999999997817,7
1,1,burst,900,0.08379199999944831,7
1,1,burst,901,0.08266699999967386,7
1,1,burst,902,0.08037499999954889,7
1,1,burst,903,0.082749999999578,7
1,1,burst,904,30.218458000000282,7
1,1,burst,905,0.10395900000003166,7
1,1,burst,906,0.0900419999998121,7
1,1,burst,907,0.10137500000018917,7
1,1,burst,908,0.09499999999934516,7
1,1,burst,909,0.08695799999986775,7
1,1,burst,910,0.089708000000428,7
1,1,burst,911,0.08712500000001455,7
1,1,burst,912,0.08441700000003038,7
1,1,burst,913,0.083625000000211,7
1,1,burst,914,4.100083000000268,7
1,1,burst,915,0.15820800000074087,7
1,1,burst,916,0.14129199999933917,7
1,1,burst,917,0.13316699999995762,7
1,1,burst,918,0.13879199999973935,7
1,1,burst,919,0.12891700000000128,7
1,1,burst,920,0.1306669999994483,7
1,1,burst,921,0.1414999999997235,7
1,1,burst,922,0.12741600000026665,7
1,1,burst,923,0.12858300000061718,7
1,1,burst,924,0.12845800000013696,7
1,1,burst,925,0.14274999999997817,7
1,1,burst,926,0.13150000000041473,7
1,1,burst,927,0.12791699999979755,7
1,1,burst,928,0.12891700000000128,7
1,1,burst,929,0.14204100000006292,7
1,1,burst,930,0.12833300000056624,7
1,1,burst,931,11.678791999999703,7
1,1,burst,932,0.1933339999995951,7
1,1,burst,933,0.13954199999989214,7
1,1,burst,934,44.795875000000706,7
1,1,burst,935,0.06574999999975262,7
1,1,burst,936,0.05525000000034197,7
1,1,burst,937,0.05358299999988958,7
1,1,burst,938,0.051375000000007276,7
1,1,burst,939,0.0525420000003578,7
1,1,burst,940,0.0498330000000351,7
1,1,burst,941,0.06725000000005821,7
1,1,burst,942,0.09349999999994907,7
1,1,burst,943,0.10425000000032014,7
1,1,burst,944,0.09404199999971752,7
1,1,burst,945,0.0948340000004464,7
1,1,burst,946,0.09133400000064285,7
1,1,burst,947,0.09508400000049733,7
1,1,burst,948,0.0902089999999589,7
1,1,burst,949,0.09270900000046822,7
1,1,burst,950,0.10045900000022812,7
1,1,burst,951,0.09537499999987631,7
1,1,burst,952,0.0957909999997355,7
1,1,burst,953,0.09179200000016863,7
1,1,burst,954,0.09041700000034325,7
1,1,burst,955,0.09249999999974534,7
1,1,burst,956,0.09216599999945174,7
1,1,burst,957,0.0912079999998241,7
1,1,burst,958,0.0915420000001177,7
1,1,burst,959,0.09341700000004494,7
1,1,burst,960,0.09120900000016263,7
1,1,burst,961,0.3061250000000655,7
1,1,burst,962,1.9847090000002936,7
1,1,burst,963,0.12366699999984121,7
1,1,burst,964,0.1000000000003638,7
1,1,burst,965,0.10545799999999872,7
1,1,burst,966,0.09766599999966274,7
1,1,burst,967,0.09616700000060519,7
1,1,burst,968,0.09662499999922147,7
1,1,burst,969,0.09558299999935116,7
1,1,burst,970,0.2429999999994834,7
1,1,burst,971,0.09991699999955017,7
1,1,burst,972,0.11329200000000128,7
1,1,burst,973,0.18341599999985192,7
1,1,burst,974,0.109958000000006,7
1,1,burst,975,0.1114159999997355,7
1,1,burst,976,0.10391700000036508,7
1,1,burst,977,0.10099999999965803,7
1,1,burst,978,0.12454200000047422,7
1,1,burst,979,0.1470419999996011,7
1,1,burst,980,0.14129200000024866,7
1,1,burst,981,0.10045799999988958,7
1,1,burst,982,0.10533399999985704,7
1,1,burst,983,0.10083299999951123,7
1,1,burst,984,56.45087499999954,7
1,1,burst,985,0.11391699999967386,7
1,1,burst,986,0.07766600000013568,7
1,1,burst,987,0.07095799999933661,7
1,1,burst,988,0.0650420000001759,7
1,1,burst,989,0.06204099999922619,7
1,1,burst,990,0.059957999999824096,7
1,1,burst,991,0.05591699999968114,7
1,1,burst,992,0.06137499999931606,7
1,1,burst,993,0.050208000000566244,7
1,1,burst,994,0.06087500000012369,7
1,1,burst,995,0.056040999999822816,7
1,1,burst,996,0.06320799999957671,7
1,1,burst,997,0.056749999999738066,7
1,1,burst,998,0.05858299999999872,7
1,1,burst,999,0.056916999999884865,7
1,2,idle,0,0.0010830000001078588,0
1,2,idle,1,0.0012500000002546585,0
1,2,idle,2,0.0009159999999610591,0
1,2,idle,3,0.0010000000002037268,0
1,2,idle,4,0.0009160000008705538,0
1,2,idle,5,0.0009579999996276456,0
1,2,idle,6,0.0012499999993451638,0
1,2,idle,7,0.0010000000002037268,0
1,2,idle,8,0.0009999999992942321,0
1,2,idle,9,0.001208000000588072,0
1,2,idle,10,0.0016249999998763087,0
1,2,idle,11,0.0011669999994410318,0
1,2,idle,12,0.0010000000002037268,0
1,2,idle,13,0.0009589999999661813,0
1,2,idle,14,0.0009589999999661813,0
1,2,idle,15,0.0011660000000119908,0
1,2,idle,16,0.0010000000002037268,0
1,2,idle,17,0.0011660000000119908,0
1,2,idle,18,0.0009999999992942321,0
1,2,idle,19,0.0009580000005371403,0
1,2,idle,20,0.001959000000169908,0
1,2,idle,21,0.0010000000002037268,0
1,2,idle,22,0.0029999999997016857,0
1,2,idle,23,0.0009579999996276456,0
1,2,idle,24,0.003042000000277767,0
1,2,idle,25,0.0009580000005371403,0
1,2,idle,26,0.0008749999997235136,0
1,2,idle,27,0.001209000000017113,0
1,2,idle,28,0.0010000000002037268,0
1,2,idle,29,0.0010000000002037268,0
1,2,idle,30,0.0010000000002037268,0
1,2,idle,31,0.001374999999825377,0
1,2,idle,32,0.0012500000002546585,0
1,2,idle,33,0.0009999999992942321,0
1,2,idle,34,0.0009169999993901001,0
1,2,idle,35,0.0010000000002037268,0
1,2,idle,36,0.0010419999998703133,0
1,2,idle,37,0.0009580000005371403,0
1,2,idle,38,0.0011660000000119908,0
1,2,idle,39,0.003042000000277767,0
1,2,idle,40,0.0010410000004412723,0
1,2,idle,41,0.0011670000003505265,0
1,2,idle,42,0.0009589999999661813,0
1,2,idle,43,0.0012500000002546585,0
1,2,idle,44,0.0010000000002037268,0
1,2,idle,45,0.0009999999992942321,0
1,2,idle,46,0.0010000000002037268,0
1,2,idle,47,0.0009579999996276456,0
1,2,idle,48,0.0012500000002546585,0
1,2,idle,49,0.0010000000002037268,0
1,2,idle,50,0.0009170000002995948,0
1,2,idle,51,0.001291999999921245,0
1,2,idle,52,0.0009579999996276456,0
1,2,idle,53,0.0013330000001587905,0
1,2,idle,54,0.0009170000002995948,0
1,2,idle,55,0.0010419999998703133,0
1,2,idle,56,0.0009159999999610591,0
1,2,idle,57,0.0027919999993173406,0
1,2,idle,58,0.0010419999998703133,0
1,2,idle,59,0.0012500000002546585,0
1,2,idle,60,0.0009579999996276456,0
1,2,idle,61,0.001042000000779808,0
1,2,idle,62,0.0009999999992942321,0
1,2,idle,63,0.0009579999996276456,0
1,2,idle,64,0.0012079999996785773,0
1,2,idle,65,0.0009170000002995948,0
1,2,idle,66,0.0009170000002995948,0
1,2,idle,67,0.0009159999999610591,0
1,2,idle,68,0.0009170000002995948,0
1,2,idle,69,0.0011660000000119908,0
1,2,idle,70,0.0008749999997235136,0
1,2,idle,71,0.0013750000007348717,0
1,2,idle,72,0.0011660000000119908,0
1,2,idle,73,0.0009170000002995948,0
1,2,idle,74,0.0011670000003505265,0
1,2,idle,75,0.0008750000006330083,0
1,2,idle,76,0.0009170000002995948,0
1,2,idle,77,0.0012500000002546585,0
1,2,idle,78,0.0009580000005371403,0
1,2,idle,79,0.0008749999997235136,0
1,2,idle,80,0.0011249999997744453,0
1,2,idle,81,0.0009999999992942321,0
1,2,idle,82,0.0009159999999610591,0
1,2,idle,83,0.001291999999921245,0
1,2,idle,84,0.0012500000002546585,0
1,2,idle,85,0.0011669999994410318,0
1,2,idle,86,0.0009159999999610591,0
1,2,idle,87,0.0009579999996276456,0
1,2,idle,88,0.000959000000875676,0
1,2,idle,89,0.0027500000005602487,0
1,2,idle,90,0.0011670000003505265,0
1,2,idle,91,0.0027920000002268353,0
1,2,idle,92,0.0009580000005371403,0
1,2,idle,93,0.0010000000002037268,0
1,2,idle,94,0.0009159999999610591,0
1,2,idle,95,0.0009170000002995948,0
1,2,idle,96,0.0011249999997744453,0
1,2,idle,97,0.0010419999998703133,0
1,2,idle,98,0.005165999999917403,0
1,2,idle,99,0.0011669999994410318,0
1,2,idle,100,0.0009579999996276456,0
1,2,idle,101,0.0032499999997526174,0
1,2,idle,102,0.0009999999992942321,0
1,2,idle,103,0.0009170000002995948,0
1,2,idle,104,0.0011660000000119908,0
1,2,idle,105,0.0009169999993901001,0
1,2,idle,106,0.0011670000003505265,0
1,2,idle,107,0.0009159999999610591,0
1,2,idle,108,0.0010840000004463946,0
1,2,idle,109,0.0009170000002995948,0
1,2,idle,110,0.0027079999999841675,0
1,2,idle,111,0.0011660000000119908,0
1,2,idle,112,0.0008749999997235136,0
1,2,idle,113,0.0009579999996276456,0
1,2,idle,114,0.0012079999996785773,0
1,2,idle,115,0.0010419999998703133,0
1,2,idle,116,0.0010000000002037268,0
1,2,idle,117,0.0012500000002546585,0
1,2,idle,118,0.0009589999999661813,0
1,2,idle,119,0.0009580000005371403,0
1,2,idle,120,0.010833000000275206,0
1,2,idle,121,0.0010000000002037268,0
1,2,idle,122,0.0012079999996785773,0
1,2,idle,123,0.0009579999996276456,0
1,2,idle,124,0.0033750000002328306,0
1,2,idle,125,0.0010000000002037268,0
1,2,idle,126,0.0009999999992942321,0
1,2,idle,127,0.0011670000003505265,0
1,2,idle,128,0.0009159999999610591,0
1,2,idle,129,0.0009169999993901001,0
1,2,idle,130,0.0009170000002995948,0
1,2,idle,131,0.0009159999999610591,0
1,2,idle,132,0.001457999999729509,0
1,2,idle,133,0.0010419999998703133,0
1,2,idle,134,0.0010000000002037268,0
1,2,idle,135,0.001291000000492204,0
1,2,idle,136,0.0009999999992942321,0
1,2,idle,137,0.000959000000875676,0
1,2,idle,138,0.0011670000003505265,0
1,2,idle,139,0.0009159999999610591,0
1,2,idle,140,0.0009169999993901001,0
1,2,idle,141,0.0010410000004412723,0
1,2,idle,142,0.0008750000006330083,0
1,2,idle,143,0.0012079999996785773,0
1,2,idle,144,0.001209000000017113,0
1,2,idle,145,0.0009589999999661813,0
1,2,idle,146,0.0012499999993451638,0
1,2,idle,147,0.0009589999999661813,0
1,2,idle,148,0.0011669999994410318,0
1,2,idle,149,0.0009159999999610591,0
1,2,idle,150,0.0010000000002037268,0
1,2,idle,151,0.0010000000002037268,0
1,2,idle,152,0.0009579999996276456,0
1,2,idle,153,0.0011669999994410318,0
1,2,idle,154,0.0009580000005371403,0
1,2,idle,155,0.0009169999993901001,0
1,2,idle,156,0.0028750000001309672,0
1,2,idle,157,0.0009580000005371403,0
1,2,idle,158,0.003125000000181899,0
1,2,idle,159,0.001208000000588072,0
1,2,idle,160,0.0010419999998703133,0
1,2,idle,161,0.0010409999995317776,0
1,2,idle,162,0.0008749999997235136,0
1,2,idle,163,0.003749999999854481,0
1,2,idle,164,0.0011670000003505265,0
1,2,idle,165,0.0010000000002037268,0
1,2,idle,166,0.0010000000002037268,0
1,2,idle,167,0.0011660000000119908,0
1,2,idle,168,0.0010000000002037268,0
1,2,idle,169,0.0011249999997744453,0
1,2,idle,170,0.0009589999999661813,0
1,2,idle,171,0.0008749999997235136,0
1,2,idle,172,0.0009169999993901001,0
1,2,idle,173,0.0013339999995878316,0
1,2,idle,174,0.0011249999997744453,0
1,2,idle,175,0.0010000000002037268,0
1,2,idle,176,0.001082999999198364,0
1,2,idle,177,0.0012920000008307397,0
1,2,idle,178,0.0010419999998703133,0
1,2,idle,179,0.0009999999992942321,0
1,2,idle,180,0.001209000000017113,0
1,2,idle,181,0.0009580000005371403,0
1,2,idle,182,0.0009579999996276456,0
1,2,idle,183,0.0009159999999610591,0
1,2,idle,184,0.0008749999997235136,0
1,2,idle,185,0.0010830000001078588,0
1,2,idle,186,0.0008749999997235136,0
1,2,idle,187,0.0010000000002037268,0
1,2,idle,188,0.0010000000002037268,0
1,2,idle,189,0.0009999999992942321,0
1,2,idle,190,0.0012079999996785773,0
1,2,idle,191,0.0032090000004245667,0
1,2,idle,192,0.001042000000779808,0
1,2,idle,193,0.0012909999995827093,0
1,2,idle,194,0.0009579999996276456,0
1,2,idle,195,0.0009169999993901001,0
1,2,idle,196,0.0015839999996387633,0
1,2,idle,197,0.0009589999999661813,0
1,2,idle,198,0.0011670000003505265,0
1,2,idle,199,0.0009589999999661813,0
1,2,idle,200,0.0008750000006330083,0
1,2,idle,201,0.0012079999996785773,0
1,2,idle,202,0.0009579999996276456,0
1,2,idle,203,0.0009169999993901001,0
1,2,idle,204,0.0010000000002037268,0
1,2,idle,205,0.0009579999996276456,0
1,2,idle,206,0.00112500000068394,0
1,2,idle,207,0.0009579999996276456,0
1,2,idle,208,0.0009170000002995948,0
1,2,idle,209,0.001374999999825377,0
1,2,idle,210,0.0009580000005371403,0
1,2,idle,211,0.001457999999729509,0
1,2,idle,212,0.0009170000002995948,0
1,2,idle,213,0.0009579999996276456,0
1,2,idle,214,0.0009579999996276456,0
1,2,idle,215,0.0008749999997235136,0
1,2,idle,216,0.0009589999999661813,0
1,2,idle,217,0.0010840000004463946,0
1,2,idle,218,0.0009169999993901001,0
1,2,idle,219,0.0009159999999610591,0
1,2,idle,220,0.0010000000002037268,0
1,2,idle,221,0.0009159999999610591,0
1,2,idle,222,0.0011670000003505265,0
1,2,idle,223,0.0029999999997016857,0
1,2,idle,224,0.0009580000005371403,0
1,2,idle,225,0.004125000000385626,0
1,2,idle,226,0.001540999999633641,0
1,2,idle,227,0.0011249999997744453,0
1,2,idle,228,0.0010410000004412723,0
1,2,idle,229,0.0009580000005371403,0
1,2,idle,230,0.0012499999993451638,0
1,2,idle,231,0.0009589999999661813,0
1,2,idle,232,0.0011660000000119908,0
1,2,idle,233,0.0009579999996276456,0
1,2,idle,234,0.0010000000002037268,0
1,2,idle,235,0.0009589999999661813,0
1,2,idle,236,0.0029589999994641403,0
1,2,idle,237,0.0009589999999661813,0
1,2,idle,238,0.0011249999997744453,0
1,2,idle,239,0.0009580000005371403,0
1,2,idle,240,0.001208000000588072,0
1,2,idle,241,0.0009579999996276456,0
1,2,idle,242,0.0009169999993901001,0
1,2,idle,243,0.0010840000004463946,0
1,2,idle,244,0.0010000000002037268,0
1,2,idle,245,0.0009170000002995948,0
1,2,idle,246,0.0009589999999661813,0
1,2,idle,247,0.0010830000001078588,0
1,2,idle,248,0.0011249999997744453,0
1,2,idle,249,0.0009170000002995948,0
1,2,idle,250,0.0008749999997235136,0
1,2,idle,251,0.0010419999998703133,0
1,2,idle,252,0.0009170000002995948,0
1,2,idle,253,0.0011249999997744453,0
1,2,idle,254,0.0012500000002546585,0
1,2,idle,255,0.0010830000001078588,0
1,2,idle,256,0.0009579999996276456,0
1,2,idle,257,0.0009580000005371403,0
1,2,idle,258,0.003208000000086031,0
1,2,idle,259,0.0013339999995878316,0
1,2,idle,260,0.0008749999997235136,0
1,2,idle,261,0.0011249999997744453,0
1,2,idle,262,0.0009159999999610591,0
1,2,idle,263,0.0010000000002037268,0
1,2,idle,264,0.00112500000068394,0
1,2,idle,265,0.0009159999999610591,0
1,2,idle,266,0.0009579999996276456,0
1,2,idle,267,0.0009170000002995948,0
1,2,idle,268,0.0008749999997235136,0
1,2,idle,269,0.0011670000003505265,0
1,2,idle,270,0.0009579999996276456,0
1,2,idle,271,0.0014999999993960955,0
1,2,idle,272,0.001209000000017113,0
1,2,idle,273,0.0010419999998703133,0
1,2,idle,274,0.00112500000068394,0
1,2,idle,275,0.0009170000002995948,0
1,2,idle,276,0.0008750000006330083,0
1,2,idle,277,0.0009170000002995948,0
1,2,idle,278,0.0012500000002546585,0
1,2,idle,279,0.0009159999999610591,0
1,2,idle,280,0.0011249999997744453,0
1,2,idle,281,0.0009580000005371403,0
1,2,idle,282,0.0010000000002037268,0
1,2,idle,283,0.0009579999996276456,0
1,2,idle,284,0.0009159999999610591,0
1,2,idle,285,0.0010830000001078588,0
1,2,idle,286,0.0009170000002995948,0
1,2,idle,287,0.0030829999996058177,0
1,2,idle,288,0.0010830000001078588,0
1,2,idle,289,0.0008330000000569271,0
1,2,idle,290,0.0028750000001309672,0
1,2,idle,291,0.0010419999998703133,0
1,2,idle,292,0.0024999999995998223,0
1,2,idle,293,0.0011670000003505265,0
1,2,idle,294,0.0009159999999610591,0
1,2,idle,295,0.0009580000005371403,0
1,2,idle,296,0.0011669999994410318,0
1,2,idle,297,0.0009580000005371403,0
1,2,idle,298,0.0009580000005371403,0
1,2,idle,299,0.0009579999996276456,0
1,2,idle,300,0.0009169999993901001,0
1,2,idle,301,0.001208000000588072,0
1,2,idle,302,0.0009159999999610591,0
1,2,idle,303,0.0012079999996785773,0
1,2,idle,304,0.0009170000002995948,0
1,2,idle,305,0.0009169999993901001,0
1,2,idle,306,0.00112500000068394,0
1,2,idle,307,0.0009579999996276456,0
1,2,idle,308,0.001374999999825377,0
1,2,idle,309,0.0009579999996276456,0
1,2,idle,310,0.0009159999999610591,0
1,2,idle,311,0.0011670000003505265,0
1,2,idle,312,0.0009169999993901001,0
1,2,idle,313,0.0009159999999610591,0
1,2,idle,314,0.0009999999992942321,0
1,2,idle,315,0.001291999999921245,0
1,2,idle,316,0.0009169999993901001,0
1,2,idle,317,0.0011249999997744453,0
1,2,idle,318,0.0010409999995317776,0
1,2,idle,319,0.0009170000002995948,0
1,2,idle,320,0.001208000000588072,0
1,2,idle,321,0.0009159999999610591,0
1,2,idle,322,0.0011669999994410318,0
1,2,idle,323,0.0009159999999610591,0
1,2,idle,324,0.0011249999997744453,0
1,2,idle,325,0.004915999999866472,0
1,2,idle,326,0.0011249999997744453,0
1,2,idle,327,0.0011660000000119908,0
1,2,idle,328,0.0010000000002037268,0
1,2,idle,329,0.0009170000002995948,0
1,2,idle,330,0.0009580000005371403,0
1,2,idle,331,0.0009159999999610591,0
1,2,idle,332,0.0010830000001078588,0
1,2,idle,333,0.0009999999992942321,0
1,2,idle,334,0.0009999999992942321,0
1,2,idle,335,0.001374999999825377,0
1,2,idle,336,0.0009579999996276456,0
1,2,idle,337,0.0008749999997235136,0
1,2,idle,338,0.001208000000588072,0
1,2,idle,339,0.0009999999992942321,0
1,2,idle,340,0.0009579999996276456,0
1,2,idle,341,0.0009160000008705538,0
1,2,idle,342,0.0010839999995368998,0
1,2,idle,343,0.0010419999998703133,0
1,2,idle,344,0.0009159999999610591,0
1,2,idle,345,0.0012079999996785773,0
1,2,idle,346,0.0009589999999661813,0
1,2,idle,347,0.0009159999999610591,0
1,2,idle,348,0.001208000000588072,0
1,2,idle,349,0.0031669999998484855,0
1,2,idle,350,0.0009589999999661813,0
1,2,idle,351,0.0010000000002037268,0
1,2,idle,352,0.001374999999825377,0
1,2,idle,353,0.0011249999997744453,0
1,2,idle,354,0.0010000000002037268,0
1,2,idle,355,0.0009170000002995948,0
1,2,idle,356,0.0011249999997744453,0
1,2,idle,357,0.0025420000001759036,0
1,2,idle,358,0.0010000000002037268,0
1,2,idle,359,0.0027919999993173406,0
1,2,idle,360,0.0010409999995317776,0
1,2,idle,361,0.002457999999933236,0
1,2,idle,362,0.0009579999996276456,0
1,2,idle,363,0.0009589999999661813,0
1,2,idle,364,0.0010840000004463946,0
1,2,idle,365,0.0009159999999610591,0
1,2,idle,366,0.0012500000002546585,0
1,2,idle,367,0.0009159999999610591,0
1,2,idle,368,0.0009169999993901001,0
1,2,idle,369,0.00112500000068394,0
1,2,idle,370,0.0009170000002995948,0
1,2,idle,371,0.0010000000002037268,0
1,2,idle,372,0.0009579999996276456,0
1,2,idle,373,0.0009159999999610591,0
1,2,idle,374,0.00112500000068394,0
1,2,idle,375,0.0009579999996276456,0
1,2,idle,376,0.0010409999995317776,0
1,2,idle,377,0.0010000000002037268,0
1,2,idle,378,0.0010000000002037268,0
1,2,idle,379,0.0009170000002995948,0
1,2,idle,380,0.0010839999995368998,0
1,2,idle,381,0.0009579999996276456,0
1,2,idle,382,0.0009159999999610591,0
1,2,idle,383,0.0009170000002995948,0
1,2,idle,384,0.0009579999996276456,0
1,2,idle,385,0.00112500000068394,0
1,2,idle,386,0.0009579999996276456,0
1,2,idle,387,0.0011249999997744453,0
1,2,idle,388,0.0009169999993901001,0
1,2,idle,389,0.0008749999997235136,0
1,2,idle,390,0.0011660000000119908,0
1,2,idle,391,0.0009170000002995948,0
1,2,idle,392,0.0028330000004643807,0
1,2,idle,393,0.0010419999998703133,0
1,2,idle,394,0.0009999999992942321,0
1,2,idle,395,0.0009170000002995948,0
1,2,idle,396,0.0011249999997744453,0
1,2,idle,397,0.0009589999999661813,0
1,2,idle,398,0.001209000000017113,0
1,2,idle,399,0.0010000000002037268,0
1,2,idle,400,0.0009170000002995948,0
1,2,idle,401,0.0012079999996785773,0
1,2,idle,402,0.0008750000006330083,0
1,2,idle,403,0.0009589999999661813,0
1,2,idle,404,0.0009589999999661813,0
1,2,idle,405,0.0009169999993901001,0
1,2,idle,406,0.0011670000003505265,0
1,2,idle,407,0.0009580000005371403,0
1,2,idle,408,0.0010409999995317776,0
1,2,idle,409,0.0010000000002037268,0
1,2,idle,410,0.0009169999993901001,0
1,2,idle,411,0.0028339999998934218,0
1,2,idle,412,0.0013339999995878316,0
1,2,idle,413,0.001374999999825377,0
1,2,idle,414,0.0009579999996276456,0
1,2,idle,415,0.0009170000002995948,0
1,2,idle,416,0.0010000000002037268,0
1,2,idle,417,0.001291999999921245,0
1,2,idle,418,0.0008749999997235136,0
1,2,idle,419,0.0015000000003055902,0
1,2,idle,420,0.0009170000002995948,0
1,2,idle,421,0.0009589999999661813,0
1,2,idle,422,0.0011660000000119908,0
1,2,idle,423,0.000959000000875676,0
1,2,idle,424,0.002832999999554886,0
1,2,idle,425,0.0009580000005371403,0
1,2,idle,426,0.012291000000004715,0
1,2,idle,427,0.0014169999994919635,0
1,2,idle,428,0.0009579999996276456,0
1,2,idle,429,0.001374999999825377,0
1,2,idle,430,0.0009169999993901001,0
1,2,idle,431,0.0010000000002037268,0
1,2,idle,432,0.0012079999996785773,0
1,2,idle,433,0.0009159999999610591,0
1,2,idle,434,0.0009579999996276456,0
1,2,idle,435,0.0009589999999661813,0
1,2,idle,436,0.0008749999997235136,0
1,2,idle,437,0.0009579999996276456,0
1,2,idle,438,0.0011670000003505265,0
1,2,idle,439,0.0009999999992942321,0
1,2,idle,440,0.000959000000875676,0
1,2,idle,441,0.0008750000006330083,0
1,2,idle,442,0.0009169999993901001,0
1,2,idle,443,0.0011660000000119908,0
1,2,idle,444,0.0010419999998703133,0
1,2,idle,445,0.003499999999803549,0
1,2,idle,446,0.0009589999999661813,0
1,2,idle,447,0.0008749999997235136,0
1,2,idle,448,0.0011670000003505265,0
1,2,idle,449,0.0009580000005371403,0
1,2,idle,450,0.0012079999996785773,0
1,2,idle,451,0.0010000000002037268,0
1,2,idle,452,0.0010830000001078588,0
1,2,idle,453,0.0011670000003505265,0
1,2,idle,454,0.0009159999999610591,0
1,2,idle,455,0.0009170000002995948,0
1,2,idle,456,0.0009589999999661813,0
1,2,idle,457,0.001042000000779808,0
1,2,idle,458,0.0009159999999610591,0
1,2,idle,459,0.0028330000004643807,0
1,2,idle,460,0.0010830000001078588,0
1,2,idle,461,0.0012500000002546585,0
1,2,idle,462,0.0009170000002995948,0
1,2,idle,463,0.0009999999992942321,0
1,2,idle,464,0.0011669999994410318,0
1,2,idle,465,0.0010000000002037268,0
1,2,idle,466,0.0010830000001078588,0
1,2,idle,467,0.0009580000005371403,0
1,2,idle,468,0.0010410000004412723,0
1,2,idle,469,0.0011249999997744453,0
1,2,idle,470,0.0008749999997235136,0
1,2,idle,471,0.0009169999993901001,0
1,2,idle,472,0.0009579999996276456,0
1,2,idle,473,0.0024999999995998223,0
1,2,idle,474,0.0015839999996387633,0
1,2,idle,475,0.0008749999997235136,0
1,2,idle,476,0.0009999999992942321,0
1,2,idle,477,0.001999999999497959,0
1,2,idle,478,0.0010830000001078588,0
1,2,idle,479,0.00112500000068394,0
1,2,idle,480,0.0013750000007348717,0
1,2,idle,481,0.0009170000002995948,0
1,2,idle,482,0.001209000000017113,0
1,2,idle,483,0.0009589999999661813,0
1,2,idle,484,0.0010000000002037268,0
1,2,idle,485,0.0011249999997744453,0
1,2,idle,486,0.0009170000002995948,0
1,2,idle,487,0.0027079999999841675,0
1,2,idle,488,0.0009580000005371403,0
1,2,idle,489,0.0009580000005371403,0
1,2,idle,490,0.0010830000001078588,0
1,2,idle,491,0.002500000000509317,0
1,2,idle,492,0.0015000000003055902,0
1,2,idle,493,0.002375000000029104,0
1,2,idle,494,0.0009999999992942321,0
1,2,idle,495,0.0010000000002037268,0
1,2,idle,496,0.001208000000588072,0
1,2,idle,497,0.0009159999999610591,0
1,2,idle,498,0.0009170000002995948,0
1,2,idle,499,0.0009589999999661813,0
1,2,idle,500,0.0009589999999661813,0
1,2,idle,501,0.0011249999997744453,0
1,2,idle,502,0.0009169999993901001,0
1,2,idle,503,0.0009999999992942321,0
1,2,idle,504,0.0009170000002995948,0
1,2,idle,505,0.0010000000002037268,0
1,2,idle,506,0.0011660000000119908,0
1,2,idle,507,0.0010839999995368998,0
1,2,idle,508,0.0009159999999610591,0
1,2,idle,509,0.0009170000002995948,0
1,2,idle,510,0.0009589999999661813,0
1,2,idle,511,0.0012500000002546585,0
1,2,idle,512,0.0009170000002995948,0
1,2,idle,513,0.0010839999995368998,0
1,2,idle,514,0.0009589999999661813,0
1,2,idle,515,0.0009589999999661813,0
1,2,idle,516,0.001082999999198364,0
1,2,idle,517,0.00112500000068394,0
1,2,idle,518,0.0009580000005371403,0
1,2,idle,519,0.0010409999995317776,0
1,2,idle,520,0.001457999999729509,0
1,2,idle,521,0.0009170000002995948,0
1,2,idle,522,0.0011660000000119908,0
1,2,idle,523,0.0008750000006330083,0
1,2,idle,524,0.001291000000492204,0
1,2,idle,525,0.0009579999996276456,0
1,2,idle,526,0.0027079999999841675,0
1,2,idle,527,0.001291999999921245,0
1,2,idle,528,0.0009580000005371403,0
1,2,idle,529,0.001082999999198364,0
1,2,idle,530,0.0012920000008307397,0
1,2,idle,531,0.0010409999995317776,0
1,2,idle,532,0.0011249999997744453,0
1,2,idle,533,0.0015000000003055902,0
1,2,idle,534,0.0009999999992942321,0
1,2,idle,535,0.0029170000007070485,0
1,2,idle,536,0.001042000000779808,0
1,2,idle,537,0.0010409999995317776,0
1,2,idle,538,0.0011249999997744453,0
1,2,idle,539,0.0009160000008705538,0
1,2,idle,540,0.0009170000002995948,0
1,2,idle,541,0.0009579999996276456,0
1,2,idle,542,0.0009159999999610591,0
1,2,idle,543,0.0011249999997744453,0
1,2,idle,544,0.0010830000001078588,0
1,2,idle,545,0.0012500000002546585,0
1,2,idle,546,0.0014590000000680448,0
1,2,idle,547,0.0009169999993901001,0
1,2,idle,548,0.0011660000000119908,0
1,2,idle,549,0.0009169999993901001,0
1,2,idle,550,0.0009579999996276456,0
1,2,idle,551,0.0009159999999610591,0
1,2,idle,552,0.0009169999993901001,0
1,2,idle,553,0.0011249999997744453,0
1,2,idle,554,0.0008749999997235136,0
1,2,idle,555,0.001291999999921245,0
1,2,idle,556,0.0010000000002037268,0
1,2,idle,557,0.0009159999999610591,0
1,2,idle,558,0.002624999999170541,0
1,2,idle,559,0.0012500000002546585,0
1,2,idle,560,0.002832999999554886,0
1,2,idle,561,0.0009580000005371403,0
1,2,idle,562,0.0010419999998703133,0
1,2,idle,563,0.0009169999993901001,0
1,2,idle,564,0.0011249999997744453,0
1,2,idle,565,0.0009589999999661813,0
1,2,idle,566,0.0008749999997235136,0
1,2,idle,567,0.0009580000005371403,0
1,2,idle,568,0.0009170000002995948,0
1,2,idle,569,0.0010840000004463946,0
1,2,idle,570,0.0009169999993901001,0
1,2,idle,571,0.0009579999996276456,0
1,2,idle,572,0.0009159999999610591,0
1,2,idle,573,0.0009170000002995948,0
1,2,idle,574,0.0010419999998703133,0
1,2,idle,575,0.0010000000002037268,0
1,2,idle,576,0.0010840000004463946,0
1,2,idle,577,0.0009589999999661813,0
1,2,idle,578,0.0009170000002995948,0
1,2,idle,579,0.0009170000002995948,0
1,2,idle,580,0.00112500000068394,0
1,2,idle,581,0.0010000000002037268,0
1,2,idle,582,0.0009580000005371403,0
1,2,idle,583,0.0009159999999610591,0
1,2,idle,584,0.0009170000002995948,0
1,2,idle,585,0.0011669999994410318,0
1,2,idle,586,0.0009580000005371403,0
1,2,idle,587,0.001291999999921245,0
1,2,idle,588,0.0009159999999610591,0
1,2,idle,589,0.0010000000002037268,0
1,2,idle,590,0.0011670000003505265,0
1,2,idle,591,0.0009169999993901001,0
1,2,idle,592,0.0009159999999610591,0
1,2,idle,593,0.0027089999994132086,0
1,2,idle,594,0.00112500000068394,0
1,2,idle,595,0.0009579999996276456,0
1,2,idle,596,0.0015000000003055902,0
1,2,idle,597,0.0027079999999841675,0
1,2,idle,598,0.0009169999993901001,0
1,2,idle,599,0.0010409999995317776,0
1,2,idle,600,0.0010830000001078588,0
1,2,idle,601,0.0010830000001078588,0
1,2,idle,602,0.0009170000002995948,0
1,2,idle,603,0.0009159999999610591,0
1,2,idle,604,0.0010000000002037268,0
1,2,idle,605,0.0010409999995317776,0
1,2,idle,606,0.0010830000001078588,0
1,2,idle,607,0.0010419999998703133,0
1,2,idle,608,0.001374999999825377,0
1,2,idle,609,0.0010000000002037268,0
1,2,idle,610,0.0009170000002995948,0
1,2,idle,611,0.0011669999994410318,0
1,2,idle,612,0.002832999999554886,0
1,2,idle,613,0.0012079999996785773,0
1,2,idle,614,0.000959000000875676,0
1,2,idle,615,0.0010840000004463946,0
1,2,idle,616,0.0009589999999661813,0
1,2,idle,617,0.0012079999996785773,0
1,2,idle,618,0.0013330000001587905,0
1,2,idle,619,0.0010410000004412723,0
1,2,idle,620,0.0009170000002995948,0
1,2,idle,621,0.0009159999999610591,0
1,2,idle,622,0.00112500000068394,0
1,2,idle,623,0.0010000000002037268,0
1,2,idle,624,0.0009589999999661813,0
1,2,idle,625,0.0030000000006111804,0
1,2,idle,626,0.0009579999996276456,0
1,2,idle,627,0.003832999999758613,0
1,2,idle,628,0.0010840000004463946,0
1,2,idle,629,0.0009579999996276456,0
1,2,idle,630,0.0009580000005371403,0
1,2,idle,631,0.0010410000004412723,0
1,2,idle,632,0.0011249999997744453,0
1,2,idle,633,0.0009999999992942321,0
1,2,idle,634,0.0011249999997744453,0
1,2,idle,635,0.0009579999996276456,0
1,2,idle,636,0.0010419999998703133,0
1,2,idle,637,0.0009999999992942321,0
1,2,idle,638,0.001209000000017113,0
1,2,idle,639,0.0011249999997744453,0
1,2,idle,640,0.0010000000002037268,0
1,2,idle,641,0.0010419999998703133,0
1,2,idle,642,0.0014580000006390037,0
1,2,idle,643,0.0011249999997744453,0
1,2,idle,644,0.0009159999999610591,0
1,2,idle,645,0.0009579999996276456,0
1,2,idle,646,0.0009579999996276456,0
1,2,idle,647,0.0008750000006330083,0
1,2,idle,648,0.0012079999996785773,0
1,2,idle,649,0.0009159999999610591,0
1,2,idle,650,0.0013339999995878316,0
1,2,idle,651,0.0009589999999661813,0
1,2,idle,652,0.0009169999993901001,0
1,2,idle,653,0.0011249999997744453,0
1,2,idle,654,0.0010830000001078588,0
1,2,idle,655,0.0013330000001587905,0
1,2,idle,656,0.0009589999999661813,0
1,2,idle,657,0.0012499999993451638,0
1,2,idle,658,0.0009170000002995948,0
1,2,idle,659,0.003040999999939231,0
1,2,idle,660,0.0029580000000350992,0
1,2,idle,661,0.0009999999992942321,0
1,2,idle,662,0.001042000000779808,0
1,2,idle,663,0.0009579999996276456,0
1,2,idle,664,0.0010830000001078588,0
1,2,idle,665,0.0010840000004463946,0
1,2,idle,666,0.00112500000068394,0
1,2,idle,667,0.0010419999998703133,0
1,2,idle,668,0.0009580000005371403,0
1,2,idle,669,0.0013330000001587905,0
1,2,idle,670,0.0009159999999610591,0
1,2,idle,671,0.001082999999198364,0
1,2,idle,672,0.0009170000002995948,0
1,2,idle,673,0.0010409999995317776,0
1,2,idle,674,0.001209000000017113,0
1,2,idle,675,0.0010000000002037268,0
1,2,idle,676,0.0010000000002037268,0
1,2,idle,677,0.0010000000002037268,0
1,2,idle,678,0.0010419999998703133,0
1,2,idle,679,0.0009579999996276456,0
1,2,idle,680,0.001374999999825377,0
1,2,idle,681,0.0013329999992492958,0
1,2,idle,682,0.0009580000005371403,0
1,2,idle,683,0.0009170000002995948,0
1,2,idle,684,0.0009579999996276456,0
1,2,idle,685,0.001082999999198364,0
1,2,idle,686,0.0010000000002037268,0
1,2,idle,687,0.0009589999999661813,0
1,2,idle,688,0.0010419999998703133,0
1,2,idle,689,0.0009170000002995948,0
1,2,idle,690,0.0012499999993451638,0
1,2,idle,691,0.0008749999997235136,0
1,2,idle,692,0.0029160000003685127,0
1,2,idle,693,0.0010000000002037268,0
1,2,idle,694,0.002666999999746622,0
1,2,idle,695,0.0010000000002037268,0
1,2,idle,696,0.00112500000068394,0
1,2,idle,697,0.0009159999999610591,0
1,2,idle,698,0.001042000000779808,0
1,2,idle,699,0.0010000000002037268,0
1,2,idle,700,0.0008750000006330083,0
1,2,idle,701,0.0011660000000119908,0
1,2,idle,702,0.00112500000068394,0
1,2,idle,703,0.0009159999999610591,0
1,2,idle,704,0.0009170000002995948,0
1,2,idle,705,0.0009589999999661813,0
1,2,idle,706,0.0011249999997744453,0
1,2,idle,707,0.0009170000002995948,0
1,2,idle,708,0.0009159999999610591,0
1,2,idle,709,0.0009589999999661813,0
1,2,idle,710,0.0009169999993901001,0
1,2,idle,711,0.00112500000068394,0
1,2,idle,712,0.0011249999997744453,0
1,2,idle,713,0.0013330000001587905,0
1,2,idle,714,0.0009159999999610591,0
1,2,idle,715,0.0008749999997235136,0
1,2,idle,716,0.0010000000002037268,0
1,2,idle,717,0.00112500000068394,0
1,2,idle,718,0.0009159999999610591,0
1,2,idle,719,0.0009170000002995948,0
1,2,idle,720,0.0009589999999661813,0
1,2,idle,721,0.002749999999650754,0
1,2,idle,722,0.0010830000001078588,0
1,2,idle,723,0.0009999999992942321,0
1,2,idle,724,0.0009579999996276456,0
1,2,idle,725,0.0009160000008705538,0
1,2,idle,726,0.0009579999996276456,0
1,2,idle,727,0.002832999999554886,0
1,2,idle,728,0.0015829999993002275,0
1,2,idle,729,0.0010000000002037268,0
1,2,idle,730,0.0009170000002995948,0
1,2,idle,731,0.0009589999999661813,0
1,2,idle,732,0.0010419999998703133,0
1,2,idle,733,0.0009580000005371403,0
1,2,idle,734,0.0010830000001078588,0
1,2,idle,735,0.0009579999996276456,0
1,2,idle,736,0.0009169999993901001,0
1,2,idle,737,0.0009170000002995948,0
1,2,idle,738,0.003040999999939231,0
1,2,idle,739,0.0010000000002037268,0
1,2,idle,740,0.0009159999999610591,0
1,2,idle,741,0.0009170000002995948,0
1,2,idle,742,0.0009589999999661813,0
1,2,idle,743,0.00112500000068394,0
1,2,idle,744,0.0011670000003505265,0
1,2,idle,745,0.0009159999999610591,0
1,2,idle,746,0.0009169999993901001,0
1,2,idle,747,0.001291999999921245,0
1,2,idle,748,0.0010830000001078588,0
1,2,idle,749,0.0009579999996276456,0
1,2,idle,750,0.0009170000002995948,0
1,2,idle,751,0.0009589999999661813,0
1,2,idle,752,0.0009579999996276456,0
1,2,idle,753,0.001540999999633641,0
1,2,idle,754,0.0009589999999661813,0
1,2,idle,755,0.0009589999999661813,0
1,2,idle,756,0.0009169999993901001,0
1,2,idle,757,0.0008749999997235136,0
1,2,idle,758,0.0008749999997235136,0
1,2,idle,759,0.0028330000004643807,0
1,2,idle,760,0.0009170000002995948,0
1,2,idle,761,0.0027089999994132086,0
1,2,idle,762,0.0010000000002037268,0
1,2,idle,763,0.0008749999997235136,0
1,2,idle,764,0.0011660000000119908,0
1,2,idle,765,0.0012500000002546585,0
1,2,idle,766,0.0010830000001078588,0
1,2,idle,767,0.0009170000002995948,0
1,2,idle,768,0.0012500000002546585,0
1,2,idle,769,0.0011249999997744453,0
1,2,idle,770,0.0009159999999610591,0
1,2,idle,771,0.0009579999996276456,0
1,2,idle,772,0.0009580000005371403,0
1,2,idle,773,0.0009170000002995948,0
1,2,idle,774,0.0011669999994410318,0
1,2,idle,775,0.0009580000005371403,0
1,2,idle,776,0.0012500000002546585,0
1,2,idle,777,0.0009159999999610591,0
1,2,idle,778,0.0008750000006330083,0
1,2,idle,779,0.0010830000001078588,0
1,2,idle,780,0.0010830000001078588,0
1,2,idle,781,0.0009999999992942321,0
1,2,idle,782,0.0009159999999610591,0
1,2,idle,783,0.0027920000002268353,0
1,2,idle,784,0.0010000000002037268,0
1,2,idle,785,0.00112500000068394,0
1,2,idle,786,0.0009170000002995948,0
1,2,idle,787,0.0009170000002995948,0
1,2,idle,788,0.0009580000005371403,0
1,2,idle,789,0.0008749999997235136,0
1,2,idle,790,0.0011660000000119908,0
1,2,idle,791,0.0009169999993901001,0
1,2,idle,792,0.0009159999999610591,0
1,2,idle,793,0.0009579999996276456,0
1,2,idle,794,0.0030829999996058177,0
1,2,idle,795,0.0010419999998703133,0
1,2,idle,796,0.0012079999996785773,0
1,2,idle,797,0.0010830000001078588,0
1,2,idle,798,0.0009159999999610591,0
1,2,idle,799,0.0010000000002037268,0
1,2,idle,800,0.0008749999997235136,0
1,2,idle,801,0.0011249999997744453,0
1,2,idle,802,0.0008749999997235136,0
1,2,idle,803,0.0009580000005371403,0
1,2,idle,804,0.0009169999993901001,0
1,2,idle,805,0.0009159999999610591,0
1,2,idle,806,0.0011249999997744453,0
1,2,idle,807,0.0012079999996785773,0
1,2,idle,808,0.0010000000002037268,0
1,2,idle,809,0.0010410000004412723,0
1,2,idle,810,0.0009589999999661813,0
1,2,idle,811,0.0011249999997744453,0
1,2,idle,812,0.0009169999993901001,0
1,2,idle,813,0.0009170000002995948,0
1,2,idle,814,0.001209000000017113,0
1,2,idle,815,0.0009169999993901001,0
1,2,idle,816,0.0009159999999610591,0
1,2,idle,817,0.0010830000001078588,0
1,2,idle,818,0.0009580000005371403,0
1,2,idle,819,0.0009170000002995948,0
1,2,idle,820,0.0009589999999661813,0
1,2,idle,821,0.0009170000002995948,0
1,2,idle,822,0.0010830000001078588,0
1,2,idle,823,0.0009170000002995948,0
1,2,idle,824,0.0009169999993901001,0
1,2,idle,825,0.0009999999992942321,0
1,2,idle,826,0.003125000000181899,0
1,2,idle,827,0.0013339999995878316,0
1,2,idle,828,0.0036250000002837623,0
1,2,idle,829,0.0009580000005371403,0
1,2,idle,830,0.0009589999999661813,0
1,2,idle,831,0.0009170000002995948,0
1,2,idle,832,0.00112500000068394,0
1,2,idle,833,0.0009589999999661813,0
1,2,idle,834,0.0009170000002995948,0
1,2,idle,835,0.001291000000492204,0
1,2,idle,836,0.0010419999998703133,0
1,2,idle,837,0.0009579999996276456,0
1,2,idle,838,0.0011670000003505265,0
1,2,idle,839,0.0012499999993451638,0
1,2,idle,840,0.001374999999825377,0
1,2,idle,841,0.0009159999999610591,0
1,2,idle,842,0.0009580000005371403,0
1,2,idle,843,0.0010830000001078588,0
1,2,idle,844,0.0009589999999661813,0
1,2,idle,845,0.0032499999997526174,0
1,2,idle,846,0.0009579999996276456,0
1,2,idle,847,0.0010000000002037268,0
1,2,idle,848,0.00112500000068394,0
1,2,idle,849,0.0009159999999610591,0
1,2,idle,850,0.0010419999998703133,0
1,2,idle,851,0.0009580000005371403,0
1,2,idle,852,0.0010000000002037268,0
1,2,idle,853,0.0010839999995368998,0
1,2,idle,854,0.0009159999999610591,0
1,2,idle,855,0.0008750000006330083,0
1,2,idle,856,0.0009159999999610591,0
1,2,idle,857,0.0008749999997235136,0
1,2,idle,858,0.0009580000005371403,0
1,2,idle,859,0.0011249999997744453,0
1,2,idle,860,0.001209000000017113,0
1,2,idle,861,0.003374999999323336,0
1,2,idle,862,0.0010000000002037268,0
1,2,idle,863,0.0031249999992724042,0
1,2,idle,864,0.0011660000000119908,0
1,2,idle,865,0.0011249999997744453,0
1,2,idle,866,0.0009579999996276456,0
1,2,idle,867,0.0008750000006330083,0
1,2,idle,868,0.0009169999993901001,0
1,2,idle,869,0.0011249999997744453,0
1,2,idle,870,0.0012909999995827093,0
1,2,idle,871,0.0009999999992942321,0
1,2,idle,872,0.0009159999999610591,0
1,2,idle,873,0.0009580000005371403,0
1,2,idle,874,0.0010830000001078588,0
1,2,idle,875,0.0010000000002037268,0
1,2,idle,876,0.0008750000006330083,0
1,2,idle,877,0.0009589999999661813,0
1,2,idle,878,0.0010410000004412723,0
1,2,idle,879,0.0010000000002037268,0
1,2,idle,880,0.0010410000004412723,0
1,2,idle,881,0.0012500000002546585,0
1,2,idle,882,0.0008750000006330083,0
1,2,idle,883,0.000959000000875676,0
1,2,idle,884,0.0010000000002037268,0
1,2,idle,885,0.0011249999997744453,0
1,2,idle,886,0.0009589999999661813,0
1,2,idle,887,0.00112500000068394,0
1,2,idle,888,0.0009589999999661813,0
1,2,idle,889,0.0010000000002037268,0
1,2,idle,890,0.0011249999997744453,0
1,2,idle,891,0.0011670000003505265,0
1,2,idle,892,0.0009579999996276456,0
1,2,idle,893,0.003499999999803549,0
1,2,idle,894,0.0010000000002037268,0
1,2,idle,895,0.002624999999170541,0
1,2,idle,896,0.001209000000017113,0
1,2,idle,897,0.0010000000002037268,0
1,2,idle,898,0.0008750000006330083,0
1,2,idle,899,0.0009159999999610591,0
1,2,idle,900,0.0009170000002995948,0
1,2,idle,901,0.0015000000003055902,0
1,2,idle,902,0.0012499999993451638,0
1,2,idle,903,0.0009579999996276456,0
1,2,idle,904,0.0010419999998703133,0
1,2,idle,905,0.0009579999996276456,0
1,2,idle,906,0.0010410000004412723,0
1,2,idle,907,0.0029169999997975538,0
1,2,idle,908,0.0010000000002037268,0
1,2,idle,909,0.0009170000002995948,0
1,2,idle,910,0.0009579999996276456,0
1,2,idle,911,0.0011249999997744453,0
1,2,idle,912,0.0009579999996276456,0
1,2,idle,913,0.0010000000002037268,0
1,2,idle,914,0.0009580000005371403,0
1,2,idle,915,0.0009169999993901001,0
1,2,idle,916,0.0010409999995317776,0
1,2,idle,917,0.0012500000002546585,0
1,2,idle,918,0.0008750000006330083,0
1,2,idle,919,0.0009159999999610591,0
1,2,idle,920,0.0009580000005371403,0
1,2,idle,921,0.0009589999999661813,0
1,2,idle,922,0.001209000000017113,0
1,2,idle,923,0.0011660000000119908,0
1,2,idle,924,0.00112500000068394,0
1,2,idle,925,0.0010000000002037268,0
1,2,idle,926,0.0009579999996276456,0
1,2,idle,927,0.0011670000003505265,0
1,2,idle,928,0.0024160000002666493,0
1,2,idle,929,0.0010000000002037268,0
1,2,idle,930,0.0009159999999610591,0
1,2,idle,931,0.0010000000002037268,0
1,2,idle,932,0.0011249999997744453,0
1,2,idle,933,0.0013330000001587905,0
1,2,idle,934,0.0009170000002995948,0
1,2,idle,935,0.0009159999999610591,0
1,2,idle,936,0.0009170000002995948,0
1,2,idle,937,0.0008749999997235136,0
1,2,idle,938,0.0011249999997744453,0
1,2,idle,939,0.0010000000002037268,0
1,2,idle,940,0.0009159999999610591,0
1,2,idle,941,0.0009589999999661813,0
1,2,idle,942,0.0009159999999610591,0
1,2,idle,943,0.0010419999998703133,0
1,2,idle,944,0.0009580000005371403,0
1,2,idle,945,0.0008749999997235136,0
1,2,idle,946,0.0009170000002995948,0
1,2,idle,947,0.0614160000004631,0
1,2,idle,948,0.001457999999729509,0
1,2,idle,949,0.0009169999993901001,0
1,2,idle,950,0.0010000000002037268,0
1,2,idle,951,0.0009589999999661813,0
1,2,idle,952,0.0009169999993901001,0
1,2,idle,953,0.00112500000068394,0
1,2,idle,954,0.0012500000002546585,0
1,2,idle,955,0.0009999999992942321,0
1,2,idle,956,0.0009170000002995948,0
1,2,idle,957,0.0009580000005371403,0
1,2,idle,958,0.0009159999999610591,0
1,2,idle,959,0.0011670000003505265,0
1,2,idle,960,0.0029169999997975538,0
1,2,idle,961,0.0009589999999661813,0
1,2,idle,962,0.003584000000046217,0
1,2,idle,963,0.0010000000002037268,0
1,2,idle,964,0.0011249999997744453,0
1,2,idle,965,0.0013339999995878316,0
1,2,idle,966,0.0010410000004412723,0
1,2,idle,967,0.0009170000002995948,0
1,2,idle,968,0.0009589999999661813,0
1,2,idle,969,0.0029580000000350992,0
1,2,idle,970,0.0008749999997235136,0
1,2,idle,971,0.0008749999997235136,0
1,2,idle,972,0.0008749999997235136,0
1,2,idle,973,0.0009159999999610591,0
1,2,idle,974,0.001291999999921245,0
1,2,idle,975,0.0009589999999661813,0
1,2,idle,976,0.0010409999995317776,0
1,2,idle,977,0.0009579999996276456,0
1,2,idle,978,0.0012920000008307397,0
1,2,idle,979,0.001457999999729509,0
1,2,idle,980,0.0011249999997744453,0
1,2,idle,981,0.0009170000002995948,0
1,2,idle,982,0.0008750000006330083,0
1,2,idle,983,0.0010000000002037268,0
1,2,idle,984,0.0009170000002995948,0
1,2,idle,985,0.0011669999994410318,0
1,2,idle,986,0.0012920000008307397,0
1,2,idle,987,0.0008750000006330083,0
1,2,idle,988,0.0008749999997235136,0
1,2,idle,989,0.00537499999973079,0
1,2,idle,990,0.0015830000002097222,0
1,2,idle,991,0.0010000000002037268,0
1,2,idle,992,0.0010000000002037268,0
1,2,idle,993,0.0009170000002995948,0
1,2,idle,994,0.0009159999999610591,0
1,2,idle,995,0.0026670000006561168,0
1,2,idle,996,0.0016660000001138542,0
1,2,idle,997,0.0010000000002037268,0
1,2,idle,998,0.0009589999999661813,0
1,2,idle,999,0.000959000000875676,0
1,2,event,0,0.008458000000246102,2
1,2,event,1,0.0017079999997804407,0
1,2,event,2,0.0010000000002037268,0
1,2,event,3,0.0014160000000629225,0
1,2,event,4,0.0010000000002037268,0
1,2,event,5,0.0009999999992942321,0
1,2,event,6,0.0009579999996276456,0
1,2,event,7,0.0009579999996276456,0
1,2,event,8,0.0012079999996785773,0
1,2,event,9,0.0009169999993901001,0
1,2,event,10,0.0009589999999661813,0
1,2,event,11,0.003582999999707681,0
1,2,event,12,0.0013330000001587905,0
1,2,event,13,0.0012079999996785773,0
1,2,event,14,0.0009580000005371403,0
1,2,event,15,0.0009170000002995948,0
1,2,event,16,0.0009589999999661813,0
1,2,event,17,0.0009159999999610591,0
1,2,event,18,0.0009579999996276456,0
1,2,event,19,0.00112500000068394,0
1,2,event,20,0.0009579999996276456,0
1,2,event,21,0.0009170000002995948,0
1,2,event,22,0.001374999999825377,0
1,2,event,23,0.0009580000005371403,0
1,2,event,24,0.0010830000001078588,0
1,2,event,25,0.0009170000002995948,0
1,2,event,26,0.0009169999993901001,0
1,2,event,27,0.0010000000002037268,0
1,2,event,28,0.0032079999991765362,0
1,2,event,29,0.0012500000002546585,0
1,2,event,30,0.0010000000002037268,0
1,2,event,31,0.0011249999997744453,0
1,2,event,32,0.0009589999999661813,0
1,2,event,33,0.0010000000002037268,0
1,2,event,34,0.0009170000002995948,0
1,2,event,35,0.0011660000000119908,0
1,2,event,36,0.0009589999999661813,0
1,2,event,37,0.0009169999993901001,0
1,2,event,38,0.0010000000002037268,0
1,2,event,39,0.0009580000005371403,0
1,2,event,40,0.0011660000000119908,0
1,2,event,41,0.0009169999993901001,0
1,2,event,42,0.0009170000002995948,0
1,2,event,43,0.0011660000000119908,0
1,2,event,44,0.0009170000002995948,0
1,2,event,45,0.0011669999994410318,0
1,2,event,46,0.0009580000005371403,0
1,2,event,47,0.0010000000002037268,0
1,2,event,48,0.0013330000001587905,0
1,2,event,49,0.001291999999921245,0
1,2,event,50,0.0010840000004463946,0
1,2,event,51,0.0027920000002268353,0
1,2,event,52,0.0010410000004412723,0
1,2,event,53,0.0027920000002268353,0
1,2,event,54,0.001291999999921245,0
1,2,event,55,0.0009579999996276456,0
1,2,event,56,0.0012079999996785773,0
1,2,event,57,0.0010830000001078588,0
1,2,event,58,0.0010000000002037268,0
1,2,event,59,0.0010000000002037268,0
1,2,event,60,0.007542000000285043,2
1,2,event,61,0.003416999999899417,0
1,2,event,62,0.0010410000004412723,0
1,2,event,63,0.0009170000002995948,0
1,2,event,64,0.0010419999998703133,0
1,2,event,65,0.0011660000000119908,0
1,2,event,66,0.0009170000002995948,0
1,2,event,67,0.0009169999993901001,0
1,2,event,68,0.0009159999999610591,0
1,2,event,69,0.0008749999997235136,0
1,2,event,70,0.0012079999996785773,0
1,2,event,71,0.0009579999996276456,0
1,2,event,72,0.0009579999996276456,0
1,2,event,73,0.0009170000002995948,0
1,2,event,74,0.0009159999999610591,0
1,2,event,75,0.001457999999729509,0
1,2,event,76,0.0009589999999661813,0
1,2,event,77,0.0008749999997235136,0
1,2,event,78,0.0009170000002995948,0
1,2,event,79,0.0009170000002995948,0
1,2,event,80,0.0009579999996276456,0
1,2,event,81,0.0014160000000629225,0
1,2,event,82,0.0010419999998703133,0
1,2,event,83,0.0009159999999610591,0
1,2,event,84,0.0009579999996276456,0
1,2,event,85,0.001374999999825377,0
1,2,event,86,0.00112500000068394,0
1,2,event,87,0.0010000000002037268,0
1,2,event,88,0.0009579999996276456,0
1,2,event,89,0.0009170000002995948,0
1,2,event,90,0.0010409999995317776,0
1,2,event,91,0.0011669999994410318,0
1,2,event,92,0.0009580000005371403,0
1,2,event,93,0.0008750000006330083,0
1,2,event,94,0.001291999999921245,0
1,2,event,95,0.002915999999459018,0
1,2,event,96,0.001209000000017113,0
1,2,event,97,0.0010840000004463946,0
1,2,event,98,0.0009170000002995948,0
1,2,event,99,0.0009159999999610591,0
1,2,event,100,0.0009589999999661813,0
1,2,event,101,0.0009589999999661813,0
1,2,event,102,0.001209000000017113,0
1,2,event,103,0.0010419999998703133,0
1,2,event,104,0.0009579999996276456,0
1,2,event,105,0.0009589999999661813,0
1,2,event,106,0.0010839999995368998,0
1,2,event,107,0.0011670000003505265,0
1,2,event,108,0.0009580000005371403,0
1,2,event,109,0.0009159999999610591,0
1,2,event,110,0.0008750000006330083,0
1,2,event,111,0.0009159999999610591,0
1,2,event,112,0.0011670000003505265,0
1,2,event,113,0.0009579999996276456,0
1,2,event,114,0.0031659999995099497,0
1,2,event,115,0.0025420000001759036,0
1,2,event,116,0.001291999999921245,0
1,2,event,117,0.001457999999729509,0
1,2,event,118,0.0009159999999610591,0
1,2,event,119,0.0010000000002037268,0
1,2,event,120,0.00670799999988958,2
1,2,event,121,0.0016660000001138542,0
1,2,event,122,0.0010000000002037268,0
1,2,event,123,0.0009580000005371403,0
1,2,event,124,0.0009589999999661813,0
1,2,event,125,0.0009169999993901001,0
1,2,event,126,0.0012909999995827093,0
1,2,event,127,0.0009169999993901001,0
1,2,event,128,0.003125000000181899,0
1,2,event,129,0.0010419999998703133,0
1,2,event,130,0.0016660000001138542,0
1,2,event,131,0.0009580000005371403,0
1,2,event,132,0.0011670000003505265,0
1,2,event,133,0.0009579999996276456,0
1,2,event,134,0.0031659999995099497,0
1,2,event,135,0.0009589999999661813,0
1,2,event,136,0.0013339999995878316,0
1,2,event,137,0.0011670000003505265,0
1,2,event,138,0.001291000000492204,0
1,2,event,139,0.0009999999992942321,0
1,2,event,140,0.0009170000002995948,0
1,2,event,141,0.0010830000001078588,0
1,2,event,142,0.0010830000001078588,0
1,2,event,143,0.0009579999996276456,0
1,2,event,144,0.0009579999996276456,0
1,2,event,145,0.0009580000005371403,0
1,2,event,146,0.0009579999996276456,0
1,2,event,147,0.0009579999996276456,0
1,2,event,148,0.0015839999996387633,0
1,2,event,149,0.0009589999999661813,0
1,2,event,150,0.0008749999997235136,0
1,2,event,151,0.0009579999996276456,0
1,2,event,152,0.0008750000006330083,0
1,2,event,153,0.0011249999997744453,0
1,2,event,154,0.0008749999997235136,0
1,2,event,155,0.0009169999993901001,0
1,2,event,156,0.0009170000002995948,0
1,2,event,157,0.0010000000002037268,0
1,2,event,158,0.0011249999997744453,0
1,2,event,159,0.0011249999997744453,0
1,2,event,160,0.0009160000008705538,0
1,2,event,161,0.0009170000002995948,0
1,2,event,162,0.0028750000001309672,0
1,2,event,163,0.0012499999993451638,0
1,2,event,164,0.0008749999997235136,0
1,2,event,165,0.0009589999999661813,0
1,2,event,166,0.0009170000002995948,0
1,2,event,167,0.0010419999998703133,0
1,2,event,168,0.0009589999999661813,0
1,2,event,169,0.001374999999825377,0
1,2,event,170,0.0009589999999661813,0
1,2,event,171,0.0009579999996276456,0
1,2,event,172,0.0008749999997235136,0
1,2,event,173,0.0009169999993901001,0
1,2,event,174,0.0010830000001078588,0
1,2,event,175,0.0009579999996276456,0
1,2,event,176,0.0035420000003796304,0
1,2,event,177,0.0009579999996276456,0
1,2,event,178,0.0026250000000800355,0
1,2,event,179,0.001209000000017113,0
1,2,event,180,0.007083999999849766,2
1,2,event,181,0.001374999999825377,0
1,2,event,182,0.0009999999992942321,0
1,2,event,183,0.0016250000007858034,0
1,2,event,184,0.001082999999198364,0
1,2,event,185,0.0010000000002037268,0
1,2,event,186,0.0009169999993901001,0
1,2,event,187,0.0009589999999661813,0
1,2,event,188,0.0012079999996785773,0
1,2,event,189,0.0010000000002037268,0
1,2,event,190,0.0009580000005371403,0
1,2,event,191,0.0010000000002037268,0
1,2,event,192,0.0009579999996276456,0
1,2,event,193,0.0009999999992942321,0
1,2,event,194,0.0015419999999721767,0
1,2,event,195,0.0036250000002837623,0
1,2,event,196,0.0010419999998703133,0
1,2,event,197,0.0009589999999661813,0
1,2,event,198,0.0010000000002037268,0
1,2,event,199,0.0011670000003505265,0
1,2,event,200,0.0009589999999661813,0
1,2,event,201,0.0012500000002546585,0
1,2,event,202,0.0010000000002037268,0
1,2,event,203,0.0009589999999661813,0
1,2,event,204,0.0014160000000629225,0
1,2,event,205,0.0010419999998703133,0
1,2,event,206,0.0009159999999610591,0
1,2,event,207,0.0009170000002995948,0
1,2,event,208,0.0009589999999661813,0
1,2,event,209,0.0011669999994410318,0
1,2,event,210,0.0009579999996276456,0
1,2,event,211,0.0013750000007348717,0
1,2,event,212,0.0009589999999661813,0
1,2,event,213,0.001291000000492204,0
1,2,event,214,0.0009580000005371403,0
1,2,event,215,0.0011249999997744453,0
1,2,event,216,0.0009579999996276456,0
1,2,event,217,0.0009580000005371403,0
1,2,event,218,0.0010830000001078588,0
1,2,event,219,0.0008749999997235136,0
1,2,event,220,0.001208000000588072,0
1,2,event,221,0.0009999999992942321,0
1,2,event,222,0.0010000000002037268,0
1,2,event,223,0.0009159999999610591,0
1,2,event,224,0.0010000000002037268,0
1,2,event,225,0.001209000000017113,0
1,2,event,226,0.0010409999995317776,0
1,2,event,227,0.0009170000002995948,0
1,2,event,228,0.0035410000000410946,0
1,2,event,229,0.0011249999997744453,0
1,2,event,230,0.001208000000588072,0
1,2,event,231,0.0009579999996276456,0
1,2,event,232,0.00112500000068394,0
1,2,event,233,0.0009579999996276456,0
1,2,event,234,0.0008749999997235136,0
1,2,event,235,0.0009579999996276456,0
1,2,event,236,0.0011660000000119908,0
1,2,event,237,0.0027920000002268353,0
1,2,event,238,0.0009589999999661813,0
1,2,event,239,0.0009579999996276456,0
1,2,event,240,0.009125000000494765,2
1,2,event,241,0.001291999999921245,0
1,2,event,242,0.0009159999999610591,0
1,2,event,243,0.0015000000003055902,0
1,2,event,244,0.0011249999997744453,0
1,2,event,245,0.001208000000588072,0
1,2,event,246,0.0009170000002995948,0
1,2,event,247,0.0008749999997235136,0
1,2,event,248,0.0009170000002995948,0
1,2,event,249,0.0009159999999610591,0
1,2,event,250,0.0015419999999721767,0
1,2,event,251,0.0009170000002995948,0
1,2,event,252,0.0012500000002546585,0
1,2,event,253,0.0009169999993901001,0
1,2,event,254,0.0009579999996276456,0
1,2,event,255,0.00112500000068394,0
1,2,event,256,0.0009159999999610591,0
1,2,event,257,0.0009170000002995948,0
1,2,event,258,0.003042000000277767,0
1,2,event,259,0.0010419999998703133,0
1,2,event,260,0.0009580000005371403,0
1,2,event,261,0.0010830000001078588,0
1,2,event,262,0.003040999999939231,0
1,2,event,263,0.0011249999997744453,0
1,2,event,264,0.001374999999825377,0
1,2,event,265,0.0012079999996785773,0
1,2,event,266,0.001291999999921245,0
1,2,event,267,0.0010419999998703133,0
1,2,event,268,0.0010000000002037268,0
1,2,event,269,0.0009169999993901001,0
1,2,event,270,0.0010000000002037268,0
1,2,event,271,0.0011249999997744453,0
1,2,event,272,0.0010000000002037268,0
1,2,event,273,0.0009170000002995948,0
1,2,event,274,0.001374999999825377,0
1,2,event,275,0.0009170000002995948,0
1,2,event,276,0.0010409999995317776,0
1,2,event,277,0.0009169999993901001,0
1,2,event,278,0.0009589999999661813,0
1,2,event,279,0.0009159999999610591,0
1,2,event,280,0.0029580000000350992,0
1,2,event,281,0.0009999999992942321,0
1,2,event,282,0.0013750000007348717,0
1,2,event,283,0.0009579999996276456,0
1,2,event,284,0.0009170000002995948,0
1,2,event,285,0.0015000000003055902,0
1,2,event,286,0.0009159999999610591,0
1,2,event,287,0.00112500000068394,0
1,2,event,288,0.0010000000002037268,0
1,2,event,289,0.001374999999825377,0
1,2,event,290,0.0010839999995368998,0
1,2,event,291,0.0010419999998703133,0
1,2,event,292,0.0012079999996785773,0
1,2,event,293,0.0010419999998703133,0
1,2,event,294,0.0009579999996276456,0
1,2,event,295,1.2174580000000788,0
1,2,event,296,0.027250000000094587,0
1,2,event,297,0.00574999999935244,0
1,2,event,298,0.0035410000000410946,0
1,2,event,299,0.017875000000458385,0
1,2,event,300,0.05141600000024482,2
1,2,event,301,0.011417000000619737,0
1,2,event,302,0.003584000000046217,0
1,2,event,303,0.0029999999997016857,0
1,2,event,304,0.003208000000086031,0
1,2,event,305,0.003125000000181899,0
1,2,event,306,0.005624999999781721,0
1,2,event,307,0.003416999999899417,0
1,2,event,308,0.0029580000000350992,0
1,2,event,309,0.003040999999939231,0
1,2,event,310,0.002583000000413449,0
1,2,event,311,0.0029170000007070485,0
1,2,event,312,0.0036250000002837623,0
1,2,event,313,0.002959000000373635,0
1,2,event,314,0.004334000000199012,0
1,2,event,315,0.003125000000181899,0
1,2,event,316,0.002749999999650754,0
1,2,event,317,0.004915999999866472,0
1,2,event,318,0.002749999999650754,0
1,2,event,319,0.002959000000373635,0
1,2,event,320,0.0028339999998934218,0
1,2,event,321,0.003042000000277767,0
1,2,event,322,0.0035409999991316,0
1,2,event,323,0.0029999999997016857,0
1,2,event,324,0.002832999999554886,0
1,2,event,325,0.0028750000001309672,0
1,2,event,326,0.0027920000002268353,0
1,2,event,327,0.004041000000142958,0
1,2,event,328,0.003208000000086031,0
1,2,event,329,0.008832999999867752,0
1,2,event,330,0.0027500000005602487,0
1,2,event,331,0.0026250000000800355,0
1,2,event,332,0.002583000000413449,0
1,2,event,333,0.003333000000566244,0
1,2,event,334,0.0025829999995039543,0
1,2,event,335,0.0027079999999841675,0
1,2,event,336,0.002583000000413449,0
1,2,event,337,0.003958000000238826,0
1,2,event,338,0.0030830000005153124,0
1,2,event,339,0.0032499999997526174,0
1,2,event,340,0.0027090000003227033,0
1,2,event,341,0.003042000000277767,0
1,2,event,342,0.0027500000005602487,0
1,2,event,343,0.0030419999993682723,0
1,2,event,344,0.002749999999650754,0
1,2,event,345,0.0029999999997016857,0
1,2,event,346,0.0027079999999841675,0
1,2,event,347,0.004332999999860476,0
1,2,event,348,0.002583000000413449,0
1,2,event,349,0.0036250000002837623,0
1,2,event,350,0.0025420000001759036,0
1,2,event,351,0.002959000000373635,0
1,2,event,352,0.002666999999746622,0
1,2,event,353,0.002666999999746622,0
1,2,event,354,0.0030839999999443535,0
1,2,event,355,0.0027920000002268353,0
1,2,event,356,0.0025410000007468625,0
1,2,event,357,0.0029169999997975538,0
1,2,event,358,0.003042000000277767,0
1,2,event,359,0.0035410000000410946,0
1,2,event,360,0.0277909999995245,2
1,2,event,361,0.0039999999999054126,0
1,2,event,362,0.00795899999957328,0
1,2,event,363,0.5995839999995951,0
1,2,event,364,0.014084000000366359,0
1,2,event,365,0.013209000000642845,0
1,2,event,366,0.0029999999997016857,0
1,2,event,367,0.0031669999998484855,0
1,2,event,368,0.0037910000000920263,0
1,2,event,369,0.022042000000510598,0
1,2,event,370,0.004750000000058208,0
1,2,event,371,0.0034580000001369626,0
1,2,event,372,0.0029170000007070485,0
1,2,event,373,0.003416999999899417,0
1,2,event,374,0.003749999999854481,0
1,2,event,375,0.0029999999997016857,0
1,2,event,376,0.0027500000005602487,0
1,2,event,377,0.007749999999759893,0
1,2,event,378,0.0028330000004643807,0
1,2,event,379,0.0038330000006681075,0
1,2,event,380,0.0031669999998484855,0
1,2,event,381,0.11241700000027777,0
1,2,event,382,0.003915999999662745,0
1,2,event,383,0.001457999999729509,0
1,2,event,384,0.0028330000004643807,0
1,2,event,385,0.0014169999994919635,0
1,2,event,386,0.0012909999995827093,0
1,2,event,387,0.001374999999825377,0
1,2,event,388,0.0012079999996785773,0
1,2,event,389,0.0015000000003055902,0
1,2,event,390,0.0028750000001309672,0
1,2,event,391,0.0013340000004973263,0
1,2,event,392,0.0012500000002546585,0
1,2,event,393,0.0010830000001078588,0
1,2,event,394,0.0011670000003505265,0
1,2,event,395,0.0013330000001587905,0
1,2,event,396,0.004666999999244581,0
1,2,event,397,0.0011660000000119908,0
1,2,event,398,0.001291999999921245,0
1,2,event,399,0.0010830000001078588,0
1,2,event,400,0.002290999999786436,0
1,2,event,401,0.0011669999994410318,0
1,2,event,402,0.0011249999997744453,0
1,2,event,403,0.0013339999995878316,0
1,2,event,404,0.0009170000002995948,0
1,2,event,405,0.0021669999996447586,0
1,2,event,406,0.0010419999998703133,0
1,2,event,407,0.0009580000005371403,0
1,2,event,408,0.0009579999996276456,0
1,2,event,409,0.0009159999999610591,0
1,2,event,410,0.0010830000001078588,0
1,2,event,411,0.0009580000005371403,0
1,2,event,412,0.0010839999995368998,0
1,2,event,413,0.0009589999999661813,0
1,2,event,414,0.0009170000002995948,0
1,2,event,415,0.0010409999995317776,0
1,2,event,416,0.001457999999729509,0
1,2,event,417,0.0010000000002037268,0
1,2,event,418,0.0009589999999661813,0
1,2,event,419,0.0009169999993901001,0
1,2,event,420,0.01974999999947613,2
1,2,event,421,0.006374999999934516,0
1,2,event,422,0.001291999999921245,0
1,2,event,423,0.0011249999997744453,0
1,2,event,424,0.0012500000002546585,0
1,2,event,425,0.0017499999994470272,0
1,2,event,426,0.0010000000002037268,0
1,2,event,427,0.0009579999996276456,0
1,2,event,428,0.0033329999996567494,0
1,2,event,429,0.0030419999993682723,0
1,2,event,430,0.0015419999999721767,0
1,2,event,431,0.0009580000005371403,0
1,2,event,432,0.0019579999998313724,0
1,2,event,433,0.00112500000068394,0
1,2,event,434,0.0010000000002037268,0
1,2,event,435,0.0011670000003505265,0
1,2,event,436,0.0010000000002037268,0
1,2,event,437,0.0009170000002995948,0
1,2,event,438,0.0008749999997235136,0
1,2,event,439,0.0009170000002995948,0
1,2,event,440,0.0009159999999610591,0
1,2,event,441,0.00112500000068394,0
1,2,event,442,0.0010000000002037268,0
1,2,event,443,0.0009169999993901001,0
1,2,event,444,0.0010000000002037268,0
1,2,event,445,0.0008750000006330083,0
1,2,event,446,0.00112500000068394,0
1,2,event,447,0.0009579999996276456,0
1,2,event,448,0.0009170000002995948,0
1,2,event,449,0.0009170000002995948,0
1,2,event,450,0.0010410000004412723,0
1,2,event,451,0.0015839999996387633,0
1,2,event,452,0.0009589999999661813,0
1,2,event,453,0.0013339999995878316,0
1,2,event,454,0.0009589999999661813,0
1,2,event,455,0.0008749999997235136,0
1,2,event,456,0.0010830000001078588,0
1,2,event,457,0.0009579999996276456,0
1,2,event,458,0.0010000000002037268,0
1,2,event,459,0.0008749999997235136,0
1,2,event,460,0.0010830000001078588,0
1,2,event,461,0.0009579999996276456,0
1,2,event,462,0.001209000000017113,0
1,2,event,463,0.004208999999718799,0
1,2,event,464,0.0011249999997744453,0
1,2,event,465,0.0009589999999661813,0
1,2,event,466,0.0009589999999661813,0
1,2,event,467,0.0012499999993451638,0
1,2,event,468,0.0010830000001078588,0
1,2,event,469,0.0009589999999661813,0
1,2,event,470,0.0009170000002995948,0
1,2,event,471,0.0009160000008705538,0
1,2,event,472,0.0012500000002546585,0
1,2,event,473,0.0009579999996276456,0
1,2,event,474,0.0010000000002037268,0
1,2,event,475,0.0009589999999661813,0
1,2,event,476,0.0010839999995368998,0
1,2,event,477,0.0011660000000119908,0
1,2,event,478,0.0009580000005371403,0
1,2,event,479,0.0010000000002037268,0
1,2,event,480,0.010874999999941792,2
1,2,event,481,0.001958000000740867,0
1,2,event,482,0.001082999999198364,0
1,2,event,483,0.003666999999950349,0
1,2,event,484,0.0014590000000680448,0
1,2,event,485,0.0010419999998703133,0
1,2,event,486,0.0009170000002995948,0
1,2,event,487,0.0011669999994410318,0
1,2,event,488,0.0009159999999610591,0
1,2,event,489,0.0009170000002995948,0
1,2,event,490,0.0009579999996276456,0
1,2,event,491,0.0008750000006330083,0
1,2,event,492,0.0030829999996058177,0
1,2,event,493,0.0010830000001078588,0
1,2,event,494,0.0009159999999610591,0
1,2,event,495,0.0015000000003055902,0
1,2,event,496,0.0031660000004194444,0
1,2,event,497,0.0014590000000680448,0
1,2,event,498,0.0009579999996276456,0
1,2,event,499,0.0010830000001078588,0
1,2,event,500,0.0010830000001078588,0
1,2,event,501,0.0010000000002037268,0
1,2,event,502,0.0014160000000629225,0
1,2,event,503,0.0009170000002995948,0
1,2,event,504,0.0010839999995368998,0
1,2,event,505,0.0028339999998934218,0
1,2,event,506,0.0010419999998703133,0
1,2,event,507,0.0009579999996276456,0
1,2,event,508,0.001374999999825377,0
1,2,event,509,0.0009579999996276456,0
1,2,event,510,0.0010840000004463946,0
1,2,event,511,0.0009589999999661813,0
1,2,event,512,0.0009589999999661813,0
1,2,event,513,0.0010840000004463946,0
1,2,event,514,0.0010000000002037268,0
1,2,event,515,0.0009579999996276456,0
1,2,event,516,0.001208000000588072,0
1,2,event,517,0.0010000000002037268,0
1,2,event,518,0.0015410000005431357,0
1,2,event,519,0.0010000000002037268,0
1,2,event,520,0.0010000000002037268,0
1,2,event,521,0.0009169999993901001,0
1,2,event,522,0.0009580000005371403,0
1,2,event,523,0.001291999999921245,0
1,2,event,524,0.0010000000002037268,0
1,2,event,525,0.0010409999995317776,0
1,2,event,526,0.0018340000005991897,0
1,2,event,527,0.0010840000004463946,0
1,2,event,528,0.0009159999999610591,0
1,2,event,529,0.0029580000000350992,0
1,2,event,530,0.0010830000001078588,0
1,2,event,531,0.0009579999996276456,0
1,2,event,532,0.0008749999997235136,0
1,2,event,533,0.0009159999999610591,0
1,2,event,534,0.0011249999997744453,0
1,2,event,535,0.0010000000002037268,0
1,2,event,536,0.001374999999825377,0
1,2,event,537,0.0009589999999661813,0
1,2,event,538,0.0014169999994919635,0
1,2,event,539,0.0011660000000119908,0
1,2,event,540,0.008708000000297034,2
1,2,event,541,0.001291999999921245,0
1,2,event,542,0.0010000000002037268,0
1,2,event,543,0.001208000000588072,0
1,2,event,544,0.0032499999997526174,0
1,2,event,545,0.0010000000002037268,0
1,2,event,546,0.0009159999999610591,0
1,2,event,547,0.0013340000004973263,0
1,2,event,548,0.001291999999921245,0
1,2,event,549,0.0008749999997235136,0
1,2,event,550,0.0010410000004412723,0
1,2,event,551,0.0009170000002995948,0
1,2,event,552,0.0010000000002037268,0
1,2,event,553,0.0010000000002037268,0
1,2,event,554,0.0012079999996785773,0
1,2,event,555,0.003042000000277767,0
1,2,event,556,0.0009589999999661813,0
1,2,event,557,0.0008750000006330083,0
1,2,event,558,0.0014590000000680448,0
1,2,event,559,0.00112500000068394,0
1,2,event,560,0.0009579999996276456,0
1,2,event,561,0.0009579999996276456,0
1,2,event,562,0.0009169999993901001,0
1,2,event,563,0.0028339999998934218,0
1,2,event,564,0.0011669999994410318,0
1,2,event,565,0.0009170000002995948,0
1,2,event,566,0.0009170000002995948,0
1,2,event,567,0.0009169999993901001,0
1,2,event,568,0.0009170000002995948,0
1,2,event,569,0.0010830000001078588,0
1,2,event,570,0.0010410000004412723,0
1,2,event,571,0.0010000000002037268,0
1,2,event,572,0.0015419999999721767,0
1,2,event,573,0.0010000000002037268,0
1,2,event,574,0.0009159999999610591,0
1,2,event,575,0.0012079999996785773,0
1,2,event,576,0.000959000000875676,0
1,2,event,577,0.0008750000006330083,0
1,2,event,578,0.0009999999992942321,0
1,2,event,579,0.0011249999997744453,0
1,2,event,580,0.00112500000068394,0
1,2,event,581,0.0010409999995317776,0
1,2,event,582,0.0009170000002995948,0
1,2,event,583,0.0008749999997235136,0
1,2,event,584,0.0010000000002037268,0
1,2,event,585,0.001374999999825377,0
1,2,event,586,0.0009579999996276456,0
1,2,event,587,0.0009170000002995948,0
1,2,event,588,0.0009159999999610591,0
1,2,event,589,0.0012500000002546585,0
1,2,event,590,0.0011249999997744453,0
1,2,event,591,0.0009579999996276456,0
1,2,event,592,0.0009160000008705538,0
1,2,event,593,0.0009170000002995948,0
1,2,event,594,0.0009999999992942321,0
1,2,event,595,0.0008749999997235136,0
1,2,event,596,0.002959000000373635,0
1,2,event,597,0.0011669999994410318,0
1,2,event,598,0.0009159999999610591,0
1,2,event,599,0.0008749999997235136,0
1,2,event,600,0.010000000000218279,2
1,2,event,601,0.0013329999992492958,0
1,2,event,602,0.0009579999996276456,0
1,2,event,603,0.0009160000008705538,0
1,2,event,604,0.0010000000002037268,0
1,2,event,605,0.0010830000001078588,0
1,2,event,606,0.003333000000566244,0
1,2,event,607,0.0009579999996276456,0
1,2,event,608,0.0009589999999661813,0
1,2,event,609,0.0009170000002995948,0
1,2,event,610,0.001457999999729509,0
1,2,event,611,0.0009579999996276456,0
1,2,event,612,0.0009579999996276456,0
1,2,event,613,0.0009589999999661813,0
1,2,event,614,0.0009170000002995948,0
1,2,event,615,0.001208000000588072,0
1,2,event,616,0.0009169999993901001,0
1,2,event,617,0.0009170000002995948,0
1,2,event,618,0.002666000000317581,0
1,2,event,619,0.001457999999729509,0
1,2,event,620,0.0009579999996276456,0
1,2,event,621,0.00166700000045239,0
1,2,event,622,0.0009999999992942321,0
1,2,event,623,0.0009170000002995948,0
1,2,event,624,0.0010000000002037268,0
1,2,event,625,0.0009170000002995948,0
1,2,event,626,0.0011669999994410318,0
1,2,event,627,0.0010000000002037268,0
1,2,event,628,0.0028339999998934218,0
1,2,event,629,0.0009589999999661813,0
1,2,event,630,0.006167000000459666,0
1,2,event,631,0.001208000000588072,0
1,2,event,632,0.0016249999998763087,0
1,2,event,633,0.0009170000002995948,0
1,2,event,634,0.0009579999996276456,0
1,2,event,635,0.0010409999995317776,0
1,2,event,636,0.001082999999198364,0
1,2,event,637,0.0009579999996276456,0
1,2,event,638,0.0009589999999661813,0
1,2,event,639,0.0009170000002995948,0
1,2,event,640,0.0009579999996276456,0
1,2,event,641,0.0010000000002037268,0
1,2,event,642,0.0014170000004014582,0
1,2,event,643,0.0009580000005371403,0
1,2,event,644,0.0013330000001587905,0
1,2,event,645,0.0009159999999610591,0
1,2,event,646,0.0009579999996276456,0
1,2,event,647,0.0011670000003505265,0
1,2,event,648,0.0012500000002546585,0
1,2,event,649,0.0009589999999661813,0
1,2,event,650,0.0008750000006330083,0
1,2,event,651,0.0010000000002037268,0
1,2,event,652,0.001750000000356522,0
1,2,event,653,0.0009170000002995948,0
1,2,event,654,0.0008750000006330083,0
1,2,event,655,0.0008749999997235136,0
1,2,event,656,0.0009580000005371403,0
1,2,event,657,0.0009170000002995948,0
1,2,event,658,0.0010840000004463946,0
1,2,event,659,0.0009169999993901001,0
1,2,event,660,0.007665999999517226,2
1,2,event,661,0.001750000000356522,0
1,2,event,662,0.0010000000002037268,0
1,2,event,663,0.0035419999994701357,0
1,2,event,664,0.0010830000001078588,0
1,2,event,665,0.0009170000002995948,0
1,2,event,666,0.0010000000002037268,0
1,2,event,667,0.0030419999993682723,0
1,2,event,668,0.0010000000002037268,0
1,2,event,669,0.0009170000002995948,0
1,2,event,670,0.0009170000002995948,0
1,2,event,671,0.0008329999991474324,0
1,2,event,672,0.0012500000002546585,0
1,2,event,673,0.001291999999921245,0
1,2,event,674,0.0009159999999610591,0
1,2,event,675,0.0009170000002995948,0
1,2,event,676,0.0010000000002037268,0
1,2,event,677,0.0012079999996785773,0
1,2,event,678,0.00650000000041473,0
1,2,event,679,0.0011249999997744453,0
1,2,event,680,0.0008750000006330083,0
1,2,event,681,0.0010409999995317776,0
1,2,event,682,0.003666999999950349,0
1,2,event,683,0.0010409999995317776,0
1,2,event,684,0.0014590000000680448,0
1,2,event,685,0.0010000000002037268,0
1,2,event,686,0.0009589999999661813,0
1,2,event,687,0.0010000000002037268,0
1,2,event,688,0.0012079999996785773,0
1,2,event,689,0.0009580000005371403,0
1,2,event,690,0.0009159999999610591,0
1,2,event,691,0.0009170000002995948,0
1,2,event,692,0.0008339999994859681,0
1,2,event,693,0.0010840000004463946,0
1,2,event,694,0.0009579999996276456,0
1,2,event,695,0.0009580000005371403,0
1,2,event,696,0.0009170000002995948,0
1,2,event,697,0.0030000000006111804,0
1,2,event,698,0.0011249999997744453,0
1,2,event,699,0.0010409999995317776,0
1,2,event,700,0.0009589999999661813,0
1,2,event,701,0.0010000000002037268,0
1,2,event,702,0.0017499999994470272,0
1,2,event,703,0.0012500000002546585,0
1,2,event,704,0.0010419999998703133,0
1,2,event,705,0.0033329999996567494,0
1,2,event,706,0.0010410000004412723,0
1,2,event,707,0.0009580000005371403,0
1,2,event,708,0.0009579999996276456,0
1,2,event,709,0.0011249999997744453,0
1,2,event,710,0.0009159999999610591,0
1,2,event,711,0.0009579999996276456,0
1,2,event,712,0.0008749999997235136,0
1,2,event,713,0.0008749999997235136,0
1,2,event,714,0.0012079999996785773,0
1,2,event,715,0.0012920000008307397,0
1,2,event,716,0.0011249999997744453,0
1,2,event,717,0.0008749999997235136,0
1,2,event,718,0.0009169999993901001,0
1,2,event,719,0.001374999999825377,0
1,2,event,720,0.007916999999906693,2
1,2,event,721,0.0014170000004014582,0
1,2,event,722,0.0009579999996276456,0
1,2,event,723,0.0011660000000119908,0
1,2,event,724,0.0010000000002037268,0
1,2,event,725,0.0009159999999610591,0
1,2,event,726,0.0008749999997235136,0
1,2,event,727,0.0009159999999610591,0
1,2,event,728,0.0011249999997744453,0
1,2,event,729,0.0029160000003685127,0
1,2,event,730,0.002457999999933236,0
1,2,event,731,0.0010419999998703133,0
1,2,event,732,0.0009170000002995948,0
1,2,event,733,0.0009999999992942321,0
1,2,event,734,0.001208000000588072,0
1,2,event,735,0.0009159999999610591,0
1,2,event,736,0.0012500000002546585,0
1,2,event,737,0.0015000000003055902,0
1,2,event,738,0.0009159999999610591,0
1,2,event,739,0.0011669999994410318,0
1,2,event,740,0.0009170000002995948,0
1,2,event,741,0.0009999999992942321,0
1,2,event,742,0.0009159999999610591,0
1,2,event,743,0.0009169999993901001,0
1,2,event,744,0.0010409999995317776,0
1,2,event,745,0.002832999999554886,0
1,2,event,746,0.0010840000004463946,0
1,2,event,747,0.005415999999968335,0
1,2,event,748,0.0011249999997744453,0
1,2,event,749,0.0012500000002546585,0
1,2,event,750,0.0009579999996276456,0
1,2,event,751,0.0010419999998703133,0
1,2,event,752,0.0027089999994132086,0
1,2,event,753,0.0009589999999661813,0
1,2,event,754,0.0014169999994919635,0
1,2,event,755,0.001208000000588072,0
1,2,event,756,0.0009170000002995948,0
1,2,event,757,0.0009999999992942321,0
1,2,event,758,0.0010000000002037268,0
1,2,event,759,0.0009579999996276456,0
1,2,event,760,0.0012500000002546585,0
1,2,event,761,0.0009159999999610591,0
1,2,event,762,0.0010419999998703133,0
1,2,event,763,0.0008749999997235136,0
1,2,event,764,0.003042000000277767,0
1,2,event,765,0.0013330000001587905,0
1,2,event,766,0.0009580000005371403,0
1,2,event,767,0.0010410000004412723,0
1,2,event,768,0.0011249999997744453,0
1,2,event,769,0.0009580000005371403,0
1,2,event,770,0.0008749999997235136,0
1,2,event,771,0.0011249999997744453,0
1,2,event,772,0.0009589999999661813,0
1,2,event,773,0.0009579999996276456,0
1,2,event,774,0.0009170000002995948,0
1,2,event,775,0.0009170000002995948,0
1,2,event,776,0.0011670000003505265,0
1,2,event,777,0.001042000000779808,0
1,2,event,778,0.0012079999996785773,0
1,2,event,779,0.0009580000005371403,0
1,2,event,780,0.007083999999849766,2
1,2,event,781,0.001291999999921245,0
1,2,event,782,0.0009159999999610591,0
1,2,event,783,0.0010000000002037268,0
1,2,event,784,0.0010830000001078588,0
1,2,event,785,0.0012500000002546585,0
1,2,event,786,0.0013339999995878316,0
1,2,event,787,0.0009589999999661813,0
1,2,event,788,0.0009579999996276456,0
1,2,event,789,0.0009159999999610591,0
1,2,event,790,0.003416999999899417,0
1,2,event,791,0.0010419999998703133,0
1,2,event,792,0.0009170000002995948,0
1,2,event,793,0.0009579999996276456,0
1,2,event,794,0.0009170000002995948,0
1,2,event,795,0.0012909999995827093,0
1,2,event,796,0.001374999999825377,0
1,2,event,797,0.0027920000002268353,0
1,2,event,798,0.0009579999996276456,0
1,2,event,799,0.001374999999825377,0
1,2,event,800,0.000959000000875676,0
1,2,event,801,0.0010840000004463946,0
1,2,event,802,0.0009999999992942321,0
1,2,event,803,0.0008749999997235136,0
1,2,event,804,0.0009580000005371403,0
1,2,event,805,0.0008749999997235136,0
1,2,event,806,0.0011670000003505265,0
1,2,event,807,0.0009579999996276456,0
1,2,event,808,0.0009170000002995948,0
1,2,event,809,0.0034580000001369626,0
1,2,event,810,0.0015000000003055902,0
1,2,event,811,0.0011660000000119908,0
1,2,event,812,0.0009580000005371403,0
1,2,event,813,0.0009170000002995948,0
1,2,event,814,0.0008749999997235136,0
1,2,event,815,0.0010000000002037268,0
1,2,event,816,0.0008749999997235136,0
1,2,event,817,0.00112500000068394,0
1,2,event,818,0.0008749999997235136,0
1,2,event,819,0.0008749999997235136,0
1,2,event,820,0.0009169999993901001,0
1,2,event,821,0.0008749999997235136,0
1,2,event,822,0.0011669999994410318,0
1,2,event,823,0.0008340000003954628,0
1,2,event,824,0.0009170000002995948,0
1,2,event,825,0.0008750000006330083,0
1,2,event,826,0.0008749999997235136,0
1,2,event,827,0.0011670000003505265,0
1,2,event,828,0.0010000000002037268,0
1,2,event,829,0.0011670000003505265,0
1,2,event,830,0.0026250000000800355,0
1,2,event,831,0.0013330000001587905,0
1,2,event,832,0.0011670000003505265,0
1,2,event,833,0.0010000000002037268,0
1,2,event,834,0.0010000000002037268,0
1,2,event,835,0.0008750000006330083,0
1,2,event,836,0.0009579999996276456,0
1,2,event,837,0.0009579999996276456,0
1,2,event,838,0.001082999999198364,0
1,2,event,839,0.0009579999996276456,0
1,2,event,840,0.006999999999607098,2
1,2,event,841,0.0022499999995488906,0
1,2,event,842,0.0009999999992942321,0
1,2,event,843,0.0009579999996276456,0
1,2,event,844,0.0009580000005371403,0
1,2,event,845,0.0008749999997235136,0
1,2,event,846,0.0009159999999610591,0
1,2,event,847,0.0010830000001078588,0
1,2,event,848,0.0009580000005371403,0
1,2,event,849,0.0009169999993901001,0
1,2,event,850,0.0009580000005371403,0
1,2,event,851,0.0008749999997235136,0
1,2,event,852,0.003499999999803549,0
1,2,event,853,0.001291999999921245,0
1,2,event,854,0.0009159999999610591,0
1,2,event,855,0.0014170000004014582,0
1,2,event,856,0.0009579999996276456,0
1,2,event,857,0.0011249999997744453,0
1,2,event,858,0.0009159999999610591,0
1,2,event,859,0.0009589999999661813,0
1,2,event,860,0.001291999999921245,0
1,2,event,861,0.0009159999999610591,0
1,2,event,862,0.0014170000004014582,0
1,2,event,863,0.0014580000006390037,0
1,2,event,864,0.0029580000000350992,0
1,2,event,865,0.0009580000005371403,0
1,2,event,866,0.0009159999999610591,0
1,2,event,867,0.0009170000002995948,0
1,2,event,868,0.0010410000004412723,0
1,2,event,869,0.0010000000002037268,0
1,2,event,870,0.0009159999999610591,0
1,2,event,871,0.017959000000701053,0
1,2,event,872,0.014834000000519154,0
1,2,event,873,0.0017079999997804407,0
1,2,event,874,0.0010830000001078588,0
1,2,event,875,0.003042000000277767,0
1,2,event,876,0.0010409999995317776,0
1,2,event,877,0.0010000000002037268,0
1,2,event,878,0.0011669999994410318,0
1,2,event,879,0.0010839999995368998,0
1,2,event,880,0.0010410000004412723,0
1,2,event,881,0.0009170000002995948,0
1,2,event,882,0.0010000000002037268,0
1,2,event,883,0.00204200000007404,0
1,2,event,884,0.0009579999996276456,0
1,2,event,885,0.0009159999999610591,0
1,2,event,886,0.0009589999999661813,0
1,2,event,887,0.0009999999992942321,0
1,2,event,888,0.0013340000004973263,0
1,2,event,889,0.0009589999999661813,0
1,2,event,890,0.0014590000000680448,0
1,2,event,891,0.0009579999996276456,0
1,2,event,892,0.0010000000002037268,0
1,2,event,893,0.0011660000000119908,0
1,2,event,894,0.0013330000001587905,0
1,2,event,895,0.0009589999999661813,0
1,2,event,896,0.0009579999996276456,0
1,2,event,897,0.0028330000004643807,0
1,2,event,898,0.0011249999997744453,0
1,2,event,899,0.0011249999997744453,0
1,2,event,900,0.008667000000059488,2
1,2,event,901,0.0015419999999721767,0
1,2,event,902,0.0010840000004463946,0
1,2,event,903,0.001916999999593827,0
1,2,event,904,0.0011249999997744453,0
1,2,event,905,0.0010830000001078588,0
1,2,event,906,0.0010419999998703133,0
1,2,event,907,0.001042000000779808,0
1,2,event,908,0.0010830000001078588,0
1,2,event,909,0.0009579999996276456,0
1,2,event,910,0.0009169999993901001,0
1,2,event,911,0.0009580000005371403,0
1,2,event,912,0.0011669999994410318,0
1,2,event,913,0.0034590000004754984,0
1,2,event,914,0.001374999999825377,0
1,2,event,915,0.0009170000002995948,0
1,2,event,916,0.0009580000005371403,0
1,2,event,917,0.0010000000002037268,0
1,2,event,918,0.0012079999996785773,0
1,2,event,919,0.0009170000002995948,0
1,2,event,920,0.0014590000000680448,0
1,2,event,921,0.0010409999995317776,0
1,2,event,922,0.0009999999992942321,0
1,2,event,923,0.0010000000002037268,0
1,2,event,924,0.0011660000000119908,0
1,2,event,925,0.0011670000003505265,0
1,2,event,926,0.0011249999997744453,0
1,2,event,927,0.0008749999997235136,0
1,2,event,928,0.0009159999999610591,0
1,2,event,929,0.0011249999997744453,0
1,2,event,930,0.0013330000001587905,0
1,2,event,931,0.003125000000181899,0
1,2,event,932,0.0009580000005371403,0
1,2,event,933,0.0009589999999661813,0
1,2,event,934,0.001750000000356522,0
1,2,event,935,0.0028330000004643807,0
1,2,event,936,0.0010419999998703133,0
1,2,event,937,0.0008749999997235136,0
1,2,event,938,0.00112500000068394,0
1,2,event,939,0.0011669999994410318,0
1,2,event,940,0.0009579999996276456,0
1,2,event,941,0.0009159999999610591,0
1,2,event,942,0.0010000000002037268,0
1,2,event,943,0.0009159999999610591,0
1,2,event,944,0.0010000000002037268,0
1,2,event,945,0.0012500000002546585,0
1,2,event,946,0.0011670000003505265,0
1,2,event,947,0.0009159999999610591,0
1,2,event,948,0.0010000000002037268,0
1,2,event,949,0.0010000000002037268,0
1,2,event,950,0.001208000000588072,0
1,2,event,951,0.0009159999999610591,0
1,2,event,952,0.0010000000002037268,0
1,2,event,953,0.0009579999996276456,0
1,2,event,954,0.0009170000002995948,0
1,2,event,955,0.001209000000017113,0
1,2,event,956,0.0010830000001078588,0
1,2,event,957,0.0011669999994410318,0
1,2,event,958,0.0010840000004463946,0
1,2,event,959,0.0009999999992942321,0
1,2,event,960,0.008292000000437838,2
1,2,event,961,0.0014160000000629225,0
1,2,event,962,0.0011249999997744453,0
1,2,event,963,0.0011660000000119908,0
1,2,event,964,0.0035420000003796304,0
1,2,event,965,0.0009999999992942321,0
1,2,event,966,0.0015829999993002275,0
1,2,event,967,0.0010419999998703133,0
1,2,event,968,0.0009579999996276456,0
1,2,event,969,0.0009579999996276456,0
1,2,event,970,0.0011670000003505265,0
1,2,event,971,0.0010840000004463946,0
1,2,event,972,0.005208999999922526,0
1,2,event,973,0.0030830000005153124,0
1,2,event,974,0.0009999999992942321,0
1,2,event,975,0.0034159999995608814,0
1,2,event,976,0.0010419999998703133,0
1,2,event,977,0.0010419999998703133,0
1,2,event,978,0.0009579999996276456,0
1,2,event,979,0.0009159999999610591,0
1,2,event,980,0.0011669999994410318,0
1,2,event,981,0.0009579999996276456,0
1,2,event,982,0.0009579999996276456,0
1,2,event,983,0.0009579999996276456,0
1,2,event,984,0.0008749999997235136,0
1,2,event,985,0.0010830000001078588,0
1,2,event,986,0.0014160000000629225,0
1,2,event,987,0.0010419999998703133,0
1,2,event,988,0.001291999999921245,0
1,2,event,989,0.0009589999999661813,0
1,2,event,990,0.0011670000003505265,0
1,2,event,991,0.0014170000004014582,0
1,2,event,992,0.0012079999996785773,0
1,2,event,993,0.0010000000002037268,0
1,2,event,994,0.0010000000002037268,0
1,2,event,995,0.0009589999999661813,0
1,2,event,996,0.0013750000007348717,0
1,2,event,997,0.0016669999995428952,0
1,2,event,998,0.002959000000373635,0
1,2,event,999,0.004249999999956344,0
1,2,burst,0,0.135124999999789,14
1,2,burst,1,0.1312499999994543,14
1,2,burst,2,0.1397500000002765,14
1,2,burst,3,0.12879199999952107,14
1,2,burst,4,0.12912500000038563,14
1,2,burst,5,0.129334000000199,14
1,2,burst,6,0.15466699999979028,14
1,2,burst,7,0.13504099999954633,14
1,2,burst,8,0.131083000000217,14
1,2,burst,9,0.12954100000024482,14
1,2,burst,10,0.131083000000217,14
1,2,burst,11,0.13083299999925657,14
1,2,burst,12,0.1325830000005226,14
1,2,burst,13,0.12729200000012497,14
1,2,burst,14,0.13166699999965203,14
1,2,burst,15,0.13020899999992253,14
1,2,burst,16,0.1288750000003347,14
1,2,burst,17,0.12891700000000128,14
1,2,burst,18,0.13025000000016007,14
1,2,burst,19,0.12849999999980355,14
1,2,burst,20,0.14604200000030687,14
1,2,burst,21,0.1281250000001819,14
1,2,burst,22,0.13329199999952834,14
1,2,burst,23,0.1282500000006621,14
1,2,burst,24,0.13070799999968585,14
1,2,burst,25,0.13237500000013824,14
1,2,burst,26,0.13258399999995163,14
1,2,burst,27,0.130207999999584,14
1,2,burst,28,0.12950000000000728,14
1,2,burst,29,0.13175000000046566,14
1,2,burst,30,0.13783299999977316,14
1,2,burst,31,0.13162499999998545,14
1,2,burst,32,0.1319579999999405,14
1,2,burst,33,0.13458400000035908,14
1,2,burst,34,0.12849999999980355,14
1,2,burst,35,0.13391700000011042,14
1,2,burst,36,0.13412500000049477,14
1,2,burst,37,0.13337500000034197,14
1,2,burst,38,0.13566699999955745,14
1,2,burst,39,0.13741700000082346,14
1,2,burst,40,0.13262499999927968,14
1,2,burst,41,0.13133300000026793,14
1,2,burst,42,0.12987500000053842,14
1,2,burst,43,0.13162499999998545,14
1,2,burst,44,0.1312499999994543,14
1,2,burst,45,0.13008300000001327,14
1,2,burst,46,0.12845800000013696,14
1,2,burst,47,0.13558300000022427,14
1,2,burst,48,0.12979100000029575,14
1,2,burst,49,0.13770800000020245,14
1,2,burst,50,0.13079199999992852,14
1,2,burst,51,0.1303749999997308,14
1,2,burst,52,0.13174999999955617,14
1,2,burst,53,0.14029200000004494,14
1,2,burst,54,0.13016699999934644,14
1,2,burst,55,0.1297919999997248,14
1,2,burst,56,0.13137499999993452,14
1,2,burst,57,0.13366599999972095,14
1,2,burst,58,0.13062499999978172,14
1,2,burst,59,0.12983299999996234,14
1,2,burst,60,0.13341700000000856,14
1,2,burst,61,0.1332090000005337,14
1,2,burst,62,0.13062499999978172,14
1,2,burst,63,0.13416700000016135,14
1,2,burst,64,0.13016700000025594,14
1,2,burst,65,0.13462499999968713,14
1,2,burst,66,0.13149999999950523,14
1,2,burst,67,0.12912500000038563,14
1,2,burst,68,0.13075000000026193,14
1,2,burst,69,0.13466700000026322,14
1,2,burst,70,0.1295829999999114,14
1,2,burst,71,0.1355840000005628,14
1,2,burst,72,0.13100000000031287,14
1,2,burst,73,0.12987499999962893,14
1,2,burst,74,0.13045799999963492,14
1,2,burst,75,0.13058400000045367,14
1,2,burst,76,0.1327499999997599,14
1,2,burst,77,0.1294579999994312,14
1,2,burst,78,0.13791700000001583,14
1,2,burst,79,0.13175000000046566,14
1,2,burst,80,0.13387499999953434,14
1,2,burst,81,0.13158300000031886,14
1,2,burst,82,0.13008300000001327,14
1,2,burst,83,0.1308339999995951,14
1,2,burst,84,0.13312500000029104,14
1,2,burst,85,0.13170900000022812,14
1,2,burst,86,0.13008300000001327,14
1,2,burst,87,0.13112499999988358,14
1,2,burst,88,0.13908300000002782,14
1,2,burst,89,0.1294580000003407,14
1,2,burst,90,0.12995799999953306,14
1,2,burst,91,0.13637499999913416,14
1,2,burst,92,0.13916599999993196,14
1,2,burst,93,0.12983299999996234,14
1,2,burst,94,0.1324590000003809,14
1,2,burst,95,0.1297500000000582,14
1,2,burst,96,0.1314169999996011,14
1,2,burst,97,0.13141600000017206,14
1,2,burst,98,0.13037500000064028,14
1,2,burst,99,0.13083299999925657,14
1,2,burst,100,0.13850000000002183,14
1,2,burst,101,0.13366599999972095,14
1,2,burst,102,0.13020800000049348,14
1,2,burst,103,0.1279580000000351,14
1,2,burst,104,0.13887500000055297,14
1,2,burst,105,0.12929199999962293,14
1,2,burst,106,0.13699999999971624,14
1,2,burst,107,0.13191600000027393,14
1,2,burst,108,0.13191600000027393,14
1,2,burst,109,0.12970799999948213,14
1,2,burst,110,0.12929199999962293,14
1,2,burst,111,0.12774999999965075,14
1,2,burst,112,0.1303330000000642,14
1,2,burst,113,0.1297499999991487,14
1,2,burst,114,0.12920799999938026,14
1,2,burst,115,0.1272499999995489,14
1,2,burst,116,0.14112499999919237,14
1,2,burst,117,0.1268339999996897,14
1,2,burst,118,0.1297500000000582,14
1,2,burst,119,0.129334000000199,14
1,2,burst,120,0.13533300000017334,14
1,2,burst,121,0.1397080000006099,14
1,2,burst,122,0.13020899999992253,14
1,2,burst,123,0.12870899999961694,14
1,2,burst,124,0.13112499999988358,14
1,2,burst,125,0.12879199999952107,14
1,2,burst,126,0.12816699999984849,14
1,2,burst,127,0.1347089999999298,14
1,2,burst,128,0.13191699999970297,14
1,2,burst,129,0.12833299999965675,14
1,2,burst,130,0.1295829999999114,14
1,2,burst,131,0.13583400000061374,14
1,2,burst,132,0.12966700000015408,14
1,2,burst,133,0.13233299999956216,14
1,2,burst,134,0.13062499999978172,14
1,2,burst,135,0.13166700000056153,14
1,2,burst,136,0.12895900000057736,14
1,2,burst,137,0.13079199999992852,14
1,2,burst,138,0.1319579999999405,14
1,2,burst,139,0.1352500000002692,14
1,2,burst,140,0.12858299999970768,14
1,2,burst,141,0.12854200000037963,14
1,2,burst,142,0.12920800000028976,14
1,2,burst,143,0.14091600000028848,14
1,2,burst,144,0.13087499999983265,14
1,2,burst,145,0.12937500000043656,14
1,2,burst,146,0.15845899999931135,14
1,2,burst,147,0.13554199999998673,14
1,2,burst,148,0.13775000000077853,14
1,2,burst,149,0.13429199999973207,14
1,2,burst,150,0.1354590000000826,14
1,2,burst,151,0.13725000000067666,14
1,2,burst,152,0.13116600000012113,14
1,2,burst,153,0.12845800000013696,14
1,2,burst,154,0.1324590000003809,14
1,2,burst,155,0.19029199999931734,14
1,2,burst,156,0.14174999999977445,14
1,2,burst,157,0.1329169999999067,14
1,2,burst,158,0.13429199999973207,14
1,2,burst,159,157.10416700000042,14
1,2,burst,160,0.22795899999982794,14
1,2,burst,161,0.16466700000000856,14
1,2,burst,162,0.14416699999947014,14
1,2,burst,163,0.14366700000027777,14
1,2,burst,164,0.13983300000018062,14
1,2,burst,165,0.14320800000041345,14
1,2,burst,166,0.1392919999998412,14
1,2,burst,167,0.13745799999924202,14
1,2,burst,168,0.13545799999974406,14
1,2,burst,169,0.13516699999945558,14
1,2,burst,170,0.1374999999998181,14
1,2,burst,171,0.15358300000025338,14
1,2,burst,172,0.13695800000004965,14
1,2,burst,173,0.13729200000034325,14
1,2,burst,174,0.1367499999996653,14
1,2,burst,175,0.13466700000026322,14
1,2,burst,176,0.13566700000046694,14
1,2,burst,177,0.1337919999996302,14
1,2,burst,178,0.13412500000049477,14
1,2,burst,179,0.13445799999954033,14
1,2,burst,180,0.1327499999997599,14
1,2,burst,181,0.12916599999971368,14
1,2,burst,182,0.13316600000052858,14
1,2,burst,183,0.13112499999988358,14
1,2,burst,184,0.13416699999925186,14
1,2,burst,185,0.1297919999997248,14
1,2,burst,186,7.488416999999572,14
1,2,burst,187,0.18195900000046095,14
1,2,burst,188,0.15395799999987503,14
1,2,burst,189,0.15908299999955489,14
1,2,burst,190,0.147291000000223,14
1,2,burst,191,0.140625,14
1,2,burst,192,0.13724999999976717,14
1,2,burst,193,0.13983299999927112,14
1,2,burst,194,0.13812499999949068,14
1,2,burst,195,0.1351250000006985,14
1,2,burst,196,0.1347089999999298,14
1,2,burst,197,0.1343749999996362,14
1,2,burst,198,0.14008400000057009,14
1,2,burst,199,0.1389579999995476,14
1,2,burst,200,0.13770800000020245,14
1,2,burst,201,0.1327500000006694,14
1,2,burst,202,0.13716699999986304,14
1,2,burst,203,0.13724999999976717,14
1,2,burst,204,0.13891700000021956,14
1,2,burst,205,0.13850000000002183,14
1,2,burst,206,0.13945799999964947,14
1,2,burst,207,0.13462500000059663,14
1,2,burst,208,0.13333300000067538,14
1,2,burst,209,0.13337499999943248,14
1,2,burst,210,0.13370799999938754,14
1,2,burst,211,0.13079100000049948,14
1,2,burst,212,0.13391600000068138,14
1,2,burst,213,0.1320000000005166,14
1,2,burst,214,98.33495800000037,14
1,2,burst,215,1.5617079999992711,14
1,2,burst,216,0.2040420000002996,14
1,2,burst,217,0.15637499999957072,14
1,2,burst,218,0.1476249999996071,14
1,2,burst,219,0.14016700000047422,14
1,2,burst,220,17.647791000000325,14
1,2,burst,221,0.14962500000001455,14
1,2,burst,222,0.1269590000001699,14
1,2,burst,223,0.13033399999949324,14
1,2,burst,224,0.12049999999999272,14
1,2,burst,225,0.13158299999940937,14
1,2,burst,226,0.11791700000048877,14
1,2,burst,227,0.11349999999947613,14
1,2,burst,228,0.11966600000050676,14
1,2,burst,229,0.11745799999971496,14
1,2,burst,230,0.1123330000000351,14
1,2,burst,231,0.11812499999996362,14
1,2,burst,232,0.11241699999936827,14
1,2,burst,233,0.12162500000067666,14
1,2,burst,234,0.11004199999933917,14
1,2,burst,235,0.11462499999925058,14
1,2,burst,236,0.11154100000021572,14
1,2,burst,237,0.1129160000000411,14
1,2,burst,238,0.11112500000035652,14
1,2,burst,239,0.11262499999975262,14
1,2,burst,240,0.11991599999964819,14
1,2,burst,241,0.11316700000043056,14
1,2,burst,242,0.11087500000030559,14
1,2,burst,243,95.64816599999995,14
1,2,burst,244,0.3924159999996846,14
1,2,burst,245,0.14991699999973207,14
1,2,burst,246,0.13500000000021828,14
1,2,burst,247,1.2017500000001746,14
1,2,burst,248,0.2912910000004558,14
1,2,burst,249,0.14512500000000728,14
1,2,burst,250,0.13358399999924586,14
1,2,burst,251,0.13095900000007532,14
1,2,burst,252,0.26545900000019174,14
1,2,burst,253,0.4616249999999127,14
1,2,burst,254,0.15095899999960238,14
1,2,burst,255,0.1376669999999649,14
1,2,burst,256,0.13108400000055553,14
1,2,burst,257,0.1867919999995138,14
1,2,burst,258,0.13737500000024738,14
1,2,burst,259,0.13112499999988358,14
1,2,burst,260,0.1299169999992955,14
1,2,burst,261,0.13220799999999144,14
1,2,burst,262,0.1359999999995125,14
1,2,burst,263,0.14183299999967858,14
1,2,burst,264,0.13133400000060647,14
1,2,burst,265,0.13054200000078708,14
1,2,burst,266,0.12754099999983737,14
1,2,burst,267,14.930167000000438,14
1,2,burst,268,0.19604199999957928,14
1,2,burst,269,0.14141699999981938,14
1,2,burst,270,0.12008400000013353,14
1,2,burst,271,0.12075000000004366,14
1,2,burst,272,0.11566599999969185,14
1,2,burst,273,0.11775000000034197,14
1,2,burst,274,0.13541699999950652,14
1,2,burst,275,0.1152090000005046,14
1,2,burst,276,0.12445799999932206,14
1,2,burst,277,0.11658299999999144,14
1,2,burst,278,0.11495799999920564,14
1,2,burst,279,0.11304099999961181,14
1,2,burst,280,0.11570800000026793,14
1,2,burst,281,0.11283300000013696,14
1,2,burst,282,0.11504100000001927,14
1,2,burst,283,0.11091699999997218,14
1,2,burst,284,0.11379200000010314,14
1,2,burst,285,0.1117500000000291,14
1,2,burst,286,0.11270899999999529,14
1,2,burst,287,0.11095800000020972,14
1,2,burst,288,0.11400000000048749,14
1,2,burst,289,0.1115829999998823,14
1,2,burst,290,0.11691599999994651,14
1,2,burst,291,0.1255410000003394,14
1,2,burst,292,0.11920799999916198,14
1,2,burst,293,0.11424999999962893,14
1,2,burst,294,0.11191599999983737,14
1,2,burst,295,0.11079200000040146,14
1,2,burst,296,0.11374999999952706,14
1,2,burst,297,0.11008299999957671,14
1,2,burst,298,0.11220899999989342,14
1,2,burst,299,0.11420900000030088,14
1,2,burst,300,0.1391670000002705,14
1,2,burst,301,22.496624999999767,14
1,2,burst,302,0.16600000000016735,14
1,2,burst,303,0.22699999999986176,14
1,2,burst,304,0.15741700000035053,14
1,2,burst,305,0.3974580000003698,14
1,2,burst,306,0.18550000000050204,14
1,2,burst,307,2.5661669999999503,14
1,2,burst,308,0.4080420000000231,14
1,2,burst,309,0.8308329999999842,14
1,2,burst,310,0.14337500000056025,14
1,2,burst,311,0.12216599999919708,14
1,2,burst,312,0.13054100000044855,14
1,2,burst,313,0.136000000000422,14
1,2,burst,314,0.1220419999999649,14
1,2,burst,315,0.11958400000003166,14
1,2,burst,316,0.12674999999944703,14
1,2,burst,317,0.12470800000028248,14
1,2,burst,318,0.12466700000004494,14
1,2,burst,319,0.12312500000007276,14
1,2,burst,320,0.12108299999999872,14
1,2,burst,321,0.11750000000029104,14
1,2,burst,322,0.12224999999943975,14
1,2,burst,323,0.12087499999961437,14
1,2,burst,324,0.14016699999956472,14
1,2,burst,325,0.11774999999943248,14
1,2,burst,326,0.1253340000002936,14
1,2,burst,327,0.11974999999983993,14
1,2,burst,328,43.20329099999981,14
1,2,burst,329,0.08324999999967986,14
1,2,burst,330,0.05945799999972223,14
1,2,burst,331,0.062458000000333413,14
1,2,burst,332,0.06062500000007276,14
1,2,burst,333,0.06537500000013097,14
1,2,burst,334,0.05533399999967514,14
1,2,burst,335,0.05929199999991397,14
1,2,burst,336,0.06375000000025466,14
1,2,burst,337,0.23787500000071304,14
1,2,burst,338,0.2101250000005166,14
1,2,burst,339,0.11074999999982538,14
1,2,burst,340,0.0597909999996773,14
1,2,burst,341,0.05720800000017334,14
1,2,burst,342,0.0531250000003638,14
1,2,burst,343,0.056666999999833934,14
1,2,burst,344,0.061083000000508036,14
1,2,burst,345,0.057541000000128406,14
1,2,burst,346,0.053167000000030384,14
1,2,burst,347,0.05962499999986903,14
1,2,burst,348,0.11554200000045967,14
1,2,burst,349,0.1211249999996653,14
1,2,burst,350,0.10808300000007875,14
1,2,burst,351,0.11666700000023411,14
1,2,burst,352,0.1260839999995369,14
1,2,burst,353,0.11995800000022427,14
1,2,burst,354,0.11979100000007747,14
1,2,burst,355,0.11833300000034797,14
1,2,burst,356,0.12295800000083545,14
1,2,burst,357,0.12841599999956088,14
1,2,burst,358,0.10766599999988102,14
1,2,burst,359,0.1156250000003638,14
1,2,burst,360,0.12700000000040745,14
1,2,burst,361,0.11762499999986176,14
1,2,burst,362,0.13666699999976117,14
1,2,burst,363,0.11354200000005221,14
1,2,burst,364,0.1187500000005457,14
1,2,burst,365,0.11837500000001455,14
1,2,burst,366,0.11516699999992852,14
1,2,burst,367,0.11237500000061118,14
1,2,burst,368,108.98325000000023,14
1,2,burst,369,12.884125000000495,14
1,2,burst,370,0.4320419999994556,14
1,2,burst,371,0.6969589999998789,14
1,2,burst,372,0.16749999999956344,14
1,2,burst,373,0.25570800000059535,14
1,2,burst,374,0.094333000000006,14
1,2,burst,375,0.34529099999963364,14
1,2,burst,376,0.2622910000000047,14
1,2,burst,377,0.5627080000003843,14
1,2,burst,378,0.9515000000001237,14
1,2,burst,379,0.1983749999999418,14
1,2,burst,380,0.1647080000002461,14
1,2,burst,381,3.2454160000006596,14
1,2,burst,382,1.236624999999549,14
1,2,burst,383,0.07179199999973207,14
1,2,burst,384,0.059583000000202446,14
1,2,burst,385,0.055459000000155356,14
1,2,burst,386,0.0555000000003929,14
1,2,burst,387,0.054917000000386906,14
1,2,burst,388,0.055416999999579275,14
1,2,burst,389,0.05537499999991269,14
1,2,burst,390,0.05362499999955617,14
1,2,burst,391,0.0534589999997479,14
1,2,burst,392,0.053708999999798834,14
1,2,burst,393,0.052375000000211,14
1,2,burst,394,0.06091699999979028,14
1,2,burst,395,0.054667000000335975,14
1,2,burst,396,0.055790999999771884,14
1,2,burst,397,0.051709000000300875,14
1,2,burst,398,0.052999999999883585,14
1,2,burst,399,0.053541999999652035,14
1,2,burst,400,0.05362500000046566,14
1,2,burst,401,0.05179200000020501,14
1,2,burst,402,0.05274999999983265,14
1,2,burst,403,0.052333000000544416,14
1,2,burst,404,0.05237499999930151,14
1,2,burst,405,0.051582999999482126,14
1,2,burst,406,0.05245799999920564,14
1,2,burst,407,0.05320800000026793,14
1,2,burst,408,0.05375000000003638,14
1,2,burst,409,0.06866600000012113,14
1,2,burst,410,0.11520800000016607,14
1,2,burst,411,0.06762499999967986,14
1,2,burst,412,0.058417000000190455,14
1,2,burst,413,0.055292000000008557,14
1,2,burst,414,0.054082999999991443,14
1,2,burst,415,0.05508300000019517,14
1,2,burst,416,0.05195800000001327,14
1,2,burst,417,0.05204200000025594,14
1,2,burst,418,0.05233399999997346,14
1,2,burst,419,0.053958999999849766,14
1,2,burst,420,0.15579199999956472,14
1,2,burst,421,0.05341599999974278,14
1,2,burst,422,0.052875000000312866,14
1,2,burst,423,0.053042000000459666,14
1,2,burst,424,0.050208999999995285,14
1,2,burst,425,0.05554200000005949,14
1,2,burst,426,0.16675000000032014,14
1,2,burst,427,0.0592079999996713,14
1,2,burst,428,0.05029199999989942,14
1,2,burst,429,0.051207999999860476,14
1,2,burst,430,0.050583000000187894,14
1,2,burst,431,0.05525000000034197,14
1,2,burst,432,0.051375000000007276,14
1,2,burst,433,0.05145799999991141,14
1,2,burst,434,0.051542000000154076,14
1,2,burst,435,0.052333000000544416,14
1,2,burst,436,0.049624999999650754,14
1,2,burst,437,0.13995800000066083,14
1,2,burst,438,0.05208299999958399,14
1,2,burst,439,0.05504099999961909,14
1,2,burst,440,0.05083400000057736,14
1,2,burst,441,0.07558400000016263,14
1,2,burst,442,0.05195800000001327,14
1,2,burst,443,0.05249999999978172,14
1,2,burst,444,0.05429199999980483,14
1,2,burst,445,0.05033300000013696,14
1,2,burst,446,0.05183299999953306,14
1,2,burst,447,0.31049999999959255,14
1,2,burst,448,0.0531250000003638,14
1,2,burst,449,0.05283300000064628,14
1,2,burst,450,0.051124999999956344,14
1,2,burst,451,0.05070799999975861,14
1,2,burst,452,0.05066599999918253,14
1,2,burst,453,0.05279199999949924,14
1,2,burst,454,0.05150000000048749,14
1,2,burst,455,0.05116699999962293,14
1,2,burst,456,0.04941600000074686,14
1,2,burst,457,0.04975000000013097,14
1,2,burst,458,0.05183300000044255,14
1,2,burst,459,0.08566599999994651,14
1,2,burst,460,0.05050000000028376,14
1,2,burst,461,0.05425000000013824,14
1,2,burst,462,0.08862499999941065,14
1,2,burst,463,0.050750000000334694,14
1,2,burst,464,0.050917000000481494,14
1,2,burst,465,0.06541700000070705,14
1,2,burst,466,0.05291599999964092,14
1,2,burst,467,0.0501670000003287,14
1,2,burst,468,0.19900000000052387,14
1,2,burst,469,0.05291699999997945,14
1,2,burst,470,0.9855829999996786,14
1,2,burst,471,0.05425000000013824,14
1,2,burst,472,0.050666000000092026,14
1,2,burst,473,0.24691700000039418,14
1,2,burst,474,0.06804100000044855,14
1,2,burst,475,0.05804199999965931,14
1,2,burst,476,0.05583299999943847,14
1,2,burst,477,0.05529099999967002,14
1,2,burst,478,0.05483300000014424,14
1,2,burst,479,0.06433400000059919,14
1,2,burst,480,0.056165999999393534,14
1,2,burst,481,15.685624999999163,14
1,2,burst,482,0.08741699999973207,14
1,2,burst,483,0.06016600000020844,14
1,2,burst,484,0.054500000000189175,14
1,2,burst,485,0.05495800000062445,14
1,2,burst,486,0.05362500000046566,14
1,2,burst,487,0.05375000000003638,14
1,2,burst,488,0.05287499999940337,14
1,2,burst,489,0.05474999999933061,14
1,2,burst,490,0.05283300000064628,14
1,2,burst,491,0.052290999999968335,14
1,2,burst,492,0.05254199999944831,14
1,2,burst,493,0.05304199999955017,14
1,2,burst,494,0.05175000000053842,14
1,2,burst,495,0.05387500000051659,14
1,2,burst,496,0.07325000000037107,14
1,2,burst,497,0.06591699999989942,14
1,2,burst,498,0.053249999999934516,14
1,2,burst,499,0.051666999999724794,14
1,2,burst,500,0.053167000000030384,14
1,2,burst,501,0.05308299999978772,14
1,2,burst,502,0.05079200000000128,14
1,2,burst,503,0.05116600000019389,14
1,2,burst,504,0.05195800000001327,14
1,2,burst,505,0.05291699999997945,14
1,2,burst,506,0.051040999999713677,14
1,2,burst,507,0.052500000000691216,14
1,2,burst,508,0.05087499999990541,14
1,2,burst,509,0.05304199999955017,14
1,2,burst,510,0.05041700000037963,14
1,2,burst,511,0.05449999999927968,14
1,2,burst,512,0.050375000000713044,14
1,2,burst,513,0.05145799999991141,14
1,2,burst,514,0.05850000000009459,14
1,2,burst,515,0.054457999999613094,14
1,2,burst,516,0.0532919999996011,14
1,2,burst,517,0.05124999999952706,14
1,2,burst,518,0.05191700000068522,14
1,2,burst,519,0.050750000000334694,14
1,2,burst,520,0.050666000000092026,14
1,2,burst,521,0.05204200000025594,14
1,2,burst,522,0.051709000000300875,14
1,2,burst,523,0.052083999999922526,14
1,2,burst,524,0.05012499999975262,14
1,2,burst,525,0.05541700000048877,14
1,2,burst,526,0.0501670000003287,14
1,2,burst,527,0.050833000000238826,14
1,2,burst,528,0.05200000000058935,14
1,2,burst,529,0.0522080000000642,14
1,2,burst,530,0.050416000000041095,14
1,2,burst,531,0.05583299999943847,14
1,2,burst,532,0.05037499999980355,14
1,2,burst,533,0.0532920000005106,14
1,2,burst,534,0.05062499999985448,14
1,2,burst,535,0.05125000000043656,14
1,2,burst,536,0.05041700000037963,14
1,2,burst,537,0.05241699999987759,14
1,2,burst,538,0.051375000000007276,14
1,2,burst,539,0.053374999999505235,14
1,2,burst,540,0.05016599999999016,14
1,2,burst,541,0.049707999999554886,14
1,2,burst,542,0.05170799999996234,14
1,2,burst,543,0.05104200000005221,14
1,2,burst,544,0.0520409999999174,14
1,2,burst,545,0.05133399999976973,14
1,2,burst,546,0.04883400000016991,14
1,2,burst,547,0.05062499999985448,14
1,2,burst,548,0.05479199999990669,14
1,2,burst,549,0.05224999999973079,14
1,2,burst,550,0.05116600000019389,14
1,2,burst,551,0.05254199999944831,14
1,2,burst,552,0.053541000000222994,14
1,2,burst,553,0.050916999999572,14
1,2,burst,554,177.86025000000063,14
1,2,burst,555,0.21387499999946158,14
1,2,burst,556,0.15166599999975006,14
1,2,burst,557,0.14249999999992724,14
1,2,burst,558,0.1392919999998412,14
1,2,burst,559,0.1380410000001575,14
1,2,burst,560,0.14087500000005093,14
1,2,burst,561,0.13624999999956344,14
1,2,burst,562,0.13475000000016735,14
1,2,burst,563,0.135124999999789,14
1,2,burst,564,0.1600829999997586,14
1,2,burst,565,0.13408299999991868,14
1,2,burst,566,0.13633300000037707,14
1,2,burst,567,0.1341660000007323,14
1,2,burst,568,0.14233300000068994,14
1,2,burst,569,0.13241699999980483,14
1,2,burst,570,0.13591699999960838,14
1,2,burst,571,0.13245899999947142,14
1,2,burst,572,0.13566700000046694,14
1,2,burst,573,0.13175000000046566,14
1,2,burst,574,0.13450000000011642,14
1,2,burst,575,0.13458300000002055,14
1,2,burst,576,0.13400000000001455,14
1,2,burst,577,0.12904100000014296,14
1,2,burst,578,0.13229099999989558,14
1,2,burst,579,0.13095800000064628,14
1,2,burst,580,0.1358749999999418,14
1,2,burst,581,0.14233300000068994,14
1,2,burst,582,85.59308299999975,14
1,2,burst,583,0.21808299999975134,14
1,2,burst,584,3.515374999999949,14
1,2,burst,585,0.16166700000030687,14
1,2,burst,586,0.14858400000048277,14
1,2,burst,587,0.14500000000043656,14
1,2,burst,588,0.14241599999968457,14
1,2,burst,589,0.14033300000028248,14
1,2,burst,590,0.16004100000009203,14
1,2,burst,591,0.14470800000071904,14
1,2,burst,592,0.24404099999992468,14
1,2,burst,593,0.16624999999930878,14
1,2,burst,594,0.1507500000006985,14
1,2,burst,595,0.14954200000011042,14
1,2,burst,596,0.1520829999999478,14
1,2,burst,597,0.15625,14
1,2,burst,598,0.14437499999985448,14
1,2,burst,599,0.14495799999986048,14
1,2,burst,600,0.13654099999985192,14
1,2,burst,601,0.13450000000011642,14
1,2,burst,602,0.1345839999994496,14
1,2,burst,603,0.13699999999971624,14
1,2,burst,604,0.13320800000019517,14
1,2,burst,605,0.1406669999996666,14
1,2,burst,606,0.13754200000039418,14
1,2,burst,607,13.110625000000255,14
1,2,burst,608,35.66387499999928,14
1,2,burst,609,0.23045799999999872,14
1,2,burst,610,0.15541699999994307,14
1,2,burst,611,0.15304100000048493,14
1,2,burst,612,0.1397500000002765,14
1,2,burst,613,0.14124999999967258,14
1,2,burst,614,0.15449999999964348,14
1,2,burst,615,0.14891699999952834,14
1,2,burst,616,0.13654200000019046,14
1,2,burst,617,0.141500000000633,14
1,2,burst,618,0.13387499999953434,14
1,2,burst,619,0.14087500000005093,14
1,2,burst,620,0.13391599999977188,14
1,2,burst,621,0.13729100000000471,14
1,2,burst,622,0.13383299999986775,14
1,2,burst,623,0.14033300000028248,14
1,2,burst,624,0.1422499999998763,14
1,2,burst,625,0.13670799999999872,14
1,2,burst,626,0.13429100000030303,14
1,2,burst,627,0.13870799999949668,14
1,2,burst,628,0.1334999999999127,14
1,2,burst,629,0.13562499999989086,14
1,2,burst,630,0.13550000000032014,14
1,2,burst,631,0.14412500000071304,14
1,2,burst,632,0.14124999999967258,14
1,2,burst,633,0.13887500000055297,14
1,2,burst,634,40.502292000000125,14
1,2,burst,635,0.2744169999996302,14
1,2,burst,636,0.14000000000032742,14
1,2,burst,637,0.1464589999995951,14
1,2,burst,638,0.9189580000002024,14
1,2,burst,639,0.20929100000012113,14
1,2,burst,640,1.0713749999995343,14
1,2,burst,641,0.1763329999994312,14
1,2,burst,642,0.13520799999969313,14
1,2,burst,643,0.13433299999996962,14
1,2,burst,644,0.1319579999999405,14
1,2,burst,645,0.20233299999927112,14
1,2,burst,646,0.21162500000082218,14
1,2,burst,647,0.1538330000003043,14
1,2,burst,648,0.13316699999995762,14
1,2,burst,649,0.6030419999997321,14
1,2,burst,650,0.1948339999999007,14
1,2,burst,651,0.24033299999973678,14
1,2,burst,652,0.1910410000000411,14
1,2,burst,653,0.20229199999994307,14
1,2,burst,654,0.21141699999952834,14
1,2,burst,655,0.1366250000000946,14
1,2,burst,656,0.1328750000002401,14
1,2,burst,657,0.1291670000000522,14
1,2,burst,658,0.1760420000000522,14
1,2,burst,659,0.15504200000032142,14
1,2,burst,660,0.12120899999990797,14
1,2,burst,661,0.11404200000015408,14
1,2,burst,662,0.11512499999935244,14
1,2,burst,663,0.1125000000001819,14
1,2,burst,664,0.11245799999960582,14
1,2,burst,665,0.11004099999991013,14
1,2,burst,666,0.13387499999953434,14
1,2,burst,667,0.11224999999922147,14
1,2,burst,668,0.11045800000010786,14
1,2,burst,669,0.11108299999978044,14
1,2,burst,670,0.11058299999967858,14
1,2,burst,671,0.11091699999997218,14
1,2,burst,672,0.10816700000032142,14
1,2,burst,673,0.108791999999994,14
1,2,burst,674,0.11137500000040745,14
1,2,burst,675,0.1178330000002461,14
1,2,burst,676,0.11058300000058807,14
1,2,burst,677,0.10962500000005093,14
1,2,burst,678,0.11133299999983137,14
1,2,burst,679,0.11066699999992125,14
1,2,burst,680,0.11187499999959982,14
1,2,burst,681,0.10945799999990413,14
1,2,burst,682,0.11820799999986775,14
1,2,burst,683,0.10958299999947485,14
1,2,burst,684,0.10850000000027649,14
1,2,burst,685,55.847625000000335,14
1,2,burst,686,0.16170800000054442,14
1,2,burst,687,0.1373329999996713,14
1,2,burst,688,34.395415999999386,14
1,2,burst,689,0.17600000000038563,14
1,2,burst,690,0.12708300000031159,14
1,2,burst,691,0.12529100000028848,14
1,2,burst,692,0.11537500000031287,14
1,2,burst,693,0.11741600000004837,14
1,2,burst,694,0.11083299999972951,14
1,2,burst,695,0.12666600000011385,14
1,2,burst,696,0.11245799999960582,14
1,2,burst,697,0.11566599999969185,14
1,2,burst,698,0.11429099999986647,14
1,2,burst,699,0.11658299999999144,14
1,2,burst,700,5.620333000000755,14
1,2,burst,701,0.1691659999996773,14
1,2,burst,702,27.905749999999898,14
1,2,burst,703,0.14487499999995634,14
1,2,burst,704,0.12545899999986432,14
1,2,burst,705,0.09245800000007875,14
1,2,burst,706,0.08533299999999144,14
1,2,burst,707,0.08395800000016607,14
1,2,burst,708,0.0788750000001528,14
1,2,burst,709,0.08549999999922875,14
1,2,burst,710,0.07704199999989214,14
1,2,burst,711,0.08054099999935715,14
1,2,burst,712,0.078125,14
1,2,burst,713,0.08087499999965075,14
1,2,burst,714,0.07858399999986432,14
1,2,burst,715,0.07924999999977445,14
1,2,burst,716,0.17212500000005093,14
1,2,burst,717,0.30420800000047166,14
1,2,burst,718,0.09016599999995378,14
1,2,burst,719,0.08137499999975262,14
1,2,burst,720,0.07883299999957671,14
1,2,burst,721,0.08237499999995634,14
1,2,burst,722,0.07770799999980227,14
1,2,burst,723,0.08412500000031287,14
1,2,burst,724,0.07612500000050204,14
1,2,burst,725,0.08041699999921548,14
1,2,burst,726,49.69725000000017,14
1,2,burst,727,0.074083000000428,14
1,2,burst,728,0.05929199999991397,14
1,2,burst,729,0.058167000000139524,14
1,2,burst,730,0.056040999999822816,14
1,2,burst,731,0.056582999999591266,14
1,2,burst,732,0.05525000000034197,14
1,2,burst,733,0.06141699999989214,14
1,2,burst,734,0.06441600000016479,14
1,2,burst,735,0.06945799999994051,14
1,2,burst,736,0.06712500000048749,14
1,2,burst,737,0.056000000000494765,14
1,2,burst,738,0.05841599999985192,14
1,2,burst,739,0.0537079999994603,14
1,2,burst,740,0.05516700000043784,14
1,2,burst,741,0.05337500000041473,14
1,2,burst,742,0.11025000000063301,14
1,2,burst,743,0.1413750000001528,14
1,2,burst,744,0.06020800000078452,14
1,2,burst,745,0.056125000000065484,14
1,2,burst,746,0.0540419999997539,14
1,2,burst,747,0.05449999999927968,14
1,2,burst,748,0.05308300000069721,14
1,2,burst,749,0.14204199999949196,14
1,2,burst,750,0.053249999999934516,14
1,2,burst,751,0.058250000000043656,14
1,2,burst,752,0.05683300000055169,14
1,2,burst,753,0.0555000000003929,14
1,2,burst,754,0.05304199999955017,14
1,2,burst,755,0.0538749999996071,14
1,2,burst,756,0.05479199999990669,14
1,2,burst,757,0.05420900000081019,14
1,2,burst,758,0.0753340000001117,14
1,2,burst,759,0.060124999999970896,14
1,2,burst,760,0.065958999999566,14
1,2,burst,761,0.05737500000032014,14
1,2,burst,762,0.05766700000003766,14
1,2,burst,763,0.05462499999975989,14
1,2,burst,764,0.05875000000014552,14
1,2,burst,765,0.07404200000019046,14
1,2,burst,766,0.06170800000018062,14
1,2,burst,767,0.06037500000002183,14
1,2,burst,768,0.06141699999989214,14
1,2,burst,769,0.05870799999956944,14
1,2,burst,770,0.05683300000055169,14
1,2,burst,771,0.05462499999975989,14
1,2,burst,772,0.0586250000005748,14
1,2,burst,773,0.05945799999972223,14
1,2,burst,774,0.07854100000076869,14
1,2,burst,775,0.06600000000071304,14
1,2,burst,776,0.06166599999960454,14
1,2,burst,777,0.06075000000055297,14
1,2,burst,778,0.059041000000433996,14
1,2,burst,779,0.17075000000022555,14
1,2,burst,780,0.06379099999958271,14
1,2,burst,781,0.09000000000014552,14
1,2,burst,782,0.07937500000025466,14
1,2,burst,783,0.08266699999967386,14
1,2,burst,784,0.07862500000010186,14
1,2,burst,785,0.0573340000000826,14
1,2,burst,786,0.05891700000029232,14
1,2,burst,787,0.05866599999990285,14
1,2,burst,788,55.00316599999951,14
1,2,burst,789,0.1959999999999127,14
1,2,burst,790,0.15945800000008603,14
1,2,burst,791,0.17179200000009587,14
1,2,burst,792,0.15324999999938882,14
1,2,burst,793,0.14004099999965547,14
1,2,burst,794,0.14958299999943847,14
1,2,burst,795,0.1567090000007738,14
1,2,burst,796,0.15362499999991996,14
1,2,burst,797,0.14454200000000128,14
1,2,burst,798,0.14304200000060519,14
1,2,burst,799,0.14624999999978172,14
1,2,burst,800,0.16437500000029104,14
1,2,burst,801,0.13687499999923602,14
1,2,burst,802,0.1444579999997586,14
1,2,burst,803,0.14970799999991868,14
1,2,burst,804,0.150749999999789,14
1,2,burst,805,0.1492499999994834,14
1,2,burst,806,0.1437500000001819,14
1,2,burst,807,0.14404099999956088,14
1,2,burst,808,0.14683299999978772,14
1,2,burst,809,0.15587500000037835,14
1,2,burst,810,0.13408299999991868,14
1,2,burst,811,0.150749999999789,14
1,2,burst,812,0.15625,14
1,2,burst,813,0.15233299999999872,14
1,2,burst,814,0.13929099999950267,14
1,2,burst,815,0.152208000000428,14
1,2,burst,816,0.14800000000013824,14
1,2,burst,817,0.14041699999961565,14
1,2,burst,818,0.13095799999973678,14
1,2,burst,819,0.14324999999917054,14
1,2,burst,820,0.1617919999998776,14
1,2,burst,821,0.14962500000001455,14
1,2,burst,822,0.14425000000028376,14
1,2,burst,823,0.1414999999997235,14
1,2,burst,824,0.14583399999992253,14
1,2,burst,825,0.14020799999980227,14
1,2,burst,826,0.13412500000049477,14
1,2,burst,827,0.15229199999976117,14
1,2,burst,828,0.14162500000020373,14
1,2,burst,829,0.1392919999998412,14
1,2,burst,830,0.14712499999950523,14
1,2,burst,831,0.14620800000011513,14
1,2,burst,832,14.117833999999675,14
1,2,burst,833,0.18087500000001455,14
1,2,burst,834,34.643708999999944,14
1,2,burst,835,0.17104099999960454,14
1,2,burst,836,35.997582999999395,14
1,2,burst,837,0.192124999999578,14
1,2,burst,838,0.15341699999953562,14
1,2,burst,839,0.15650000000005093,14
1,2,burst,840,0.1390000000001237,14
1,2,burst,841,0.14350000000013097,14
1,2,burst,842,0.4078329999993002,14
1,2,burst,843,0.15654099999937898,14
1,2,burst,844,0.10541699999976117,14
1,2,burst,845,0.11641700000018318,14
1,2,burst,846,0.10424999999941065,14
1,2,burst,847,0.12162499999976717,14
1,2,burst,848,0.3046249999997599,14
1,2,burst,849,0.12537500000053114,14
1,2,burst,850,0.11395799999991141,14
1,2,burst,851,0.12937500000043656,14
1,2,burst,852,0.12020799999936571,14
1,2,burst,853,0.10983400000077381,14
1,2,burst,854,0.10645800000020245,14
1,2,burst,855,0.13004199999977573,14
1,2,burst,856,0.152208000000428,14
1,2,burst,857,0.14437499999985448,14
1,2,burst,858,34.31504099999984,14
1,2,burst,859,0.32224999999925785,14
1,2,burst,860,0.25020799999947485,14
1,2,burst,861,0.15837499999997817,14
1,2,burst,862,0.14941599999929167,14
1,2,burst,863,0.14558300000044255,14
1,2,burst,864,0.13862499999959255,14
1,2,burst,865,0.1344169999993028,14
1,2,burst,866,0.14070800000081363,14
1,2,burst,867,0.11887500000011642,14
1,2,burst,868,0.0542089999999007,14
1,2,burst,869,0.1257500000001528,14
1,2,burst,870,0.07029200000033597,14
1,2,burst,871,0.05812500000047294,14
1,2,burst,872,0.052999999999883585,14
1,2,burst,873,0.05645800000002055,14
1,2,burst,874,0.055249999999432475,14
1,2,burst,875,0.06074999999964348,14
1,2,burst,876,149.93604099999993,14
1,2,burst,877,0.21774999999979627,14
1,2,burst,878,0.1337919999996302,14
1,2,burst,879,0.12858400000004622,14
1,2,burst,880,0.11924999999973807,14
1,2,burst,881,0.11650000000008731,14
1,2,burst,882,0.12020799999936571,14
1,2,burst,883,0.12458399999923131,14
1,2,burst,884,0.11954199999945558,14
1,2,burst,885,0.11574999999993452,14
1,2,burst,886,0.13875000000007276,14
1,2,burst,887,0.1240829999997004,14
1,2,burst,888,0.11495800000011513,14
1,2,burst,889,0.1171249999997599,14
1,2,burst,890,0.11366700000053243,14
1,2,burst,891,0.1141669999997248,14
1,2,burst,892,0.11041699999987031,14
1,2,burst,893,0.11154200000055425,14
1,2,burst,894,0.1121659999998883,14
1,2,burst,895,0.11270800000056624,14
1,2,burst,896,0.10875000000032742,14
1,2,burst,897,0.11162499999954889,14
1,2,burst,898,0.11266599999999016,14
1,2,burst,899,0.1121659999998883,14
1,2,burst,900,0.10962500000005093,14
1,2,burst,901,0.11700000000018917,14
1,2,burst,902,0.11270899999999529,14
1,2,burst,903,0.12008299999979499,14
1,2,burst,904,0.11045800000010786,14
1,2,burst,905,0.11208399999941321,14
1,2,burst,906,0.11508300000059535,14
1,2,burst,907,0.1181670000005397,14
1,2,burst,908,0.11166700000012497,14
1,2,burst,909,0.11054200000035053,14
1,2,burst,910,0.11279199999989942,14
1,2,burst,911,0.10916599999927712,14
1,2,burst,912,0.109375,14
1,2,burst,913,0.10916699999961565,14
1,2,burst,914,0.11000000000058208,14
1,2,burst,915,0.11079100000006292,14
1,2,burst,916,0.11345799999980954,14
1,2,burst,917,0.11008299999957671,14
1,2,burst,918,0.10933300000033341,14
1,2,burst,919,0.11000000000058208,14
1,2,burst,920,0.11016699999981938,14
1,2,burst,921,0.11870900000030815,14
1,2,burst,922,0.11141700000007404,14
1,2,burst,923,0.10924999999951979,14
1,2,burst,924,0.10787499999969441,14
1,2,burst,925,0.11200000000008004,14
1,2,burst,926,0.11195800000041345,14
1,2,burst,927,0.1104589999995369,14
1,2,burst,928,0.11049999999977445,14
1,2,burst,929,0.10999999999967258,14
1,2,burst,930,0.11774999999943248,14
1,2,burst,931,0.10899999999946886,14
1,2,burst,932,0.108791999999994,14
1,2,burst,933,0.1110419999995429,14
1,2,burst,934,0.10945900000024267,14
1,2,burst,935,0.109375,14
1,2,burst,936,0.10854100000051403,14
1,2,burst,937,0.11675000000013824,14
1,2,burst,938,0.1117500000000291,14
1,2,burst,939,0.10912500000085856,14
1,2,burst,940,0.10800000000017462,14
1,2,burst,941,0.11120800000026065,14
1,2,burst,942,0.11137499999949796,14
1,2,burst,943,0.11445899999944231,14
1,2,burst,944,0.10929200000009587,14
1,2,burst,945,0.11716599999999744,14
1,2,burst,946,0.10949999999957072,14
1,2,burst,947,0.11004200000024866,14
1,2,burst,948,0.11091699999997218,14
1,2,burst,949,0.11170899999979156,14
1,2,burst,950,0.10941699999966659,14
1,2,burst,951,0.11129100000016479,14
1,2,burst,952,0.10954100000071776,14
1,2,burst,953,0.11195799999950395,14
1,2,burst,954,0.11508299999968585,14
1,2,burst,955,0.11462500000016007,14
1,2,burst,956,0.10808300000007875,14
1,2,burst,957,0.11220800000046438,14
1,2,burst,958,0.1272079999998823,14
1,2,burst,959,0.1159589999997479,14
1,2,burst,960,0.11137499999949796,14
1,2,burst,961,0.11054100000001199,14
1,2,burst,962,0.109958000000006,14
1,2,burst,963,0.10945799999990413,14
1,2,burst,964,0.1119170000001759,14
1,2,burst,965,0.11587500000041473,14
1,2,burst,966,0.11058400000001711,14
1,2,burst,967,0.11237499999970169,14
1,2,burst,968,0.11004200000024866,14
1,2,burst,969,0.11033300000053714,14
1,2,burst,970,0.10908399999971152,14
1,2,burst,971,0.11574999999993452,14
1,2,burst,972,0.11441599999943719,14
1,2,burst,973,0.11958299999969313,14
1,2,burst,974,0.11274999999932334,14
1,2,burst,975,0.11779199999909906,14
1,2,burst,976,0.10825000000022555,14
1,2,burst,977,0.11108299999978044,14
1,2,burst,978,0.10866700000042329,14
1,2,burst,979,0.11687499999970896,14
1,2,burst,980,0.10958299999947485,14
1,2,burst,981,0.11300000000028376,14
1,2,burst,982,0.1092079999998532,14
1,2,burst,983,0.1123330000000351,14
1,2,burst,984,0.113416999999572,14
1,2,burst,985,0.10800000000017462,14
1,2,burst,986,0.11016700000072888,14
1,2,burst,987,0.12879199999952107,14
1,2,burst,988,0.11566700000003038,14
1,2,burst,989,0.11329099999966274,14
1,2,burst,990,0.10895800000071176,14
1,2,burst,991,0.11170800000036252,14
1,2,burst,992,0.11404200000015408,14
1,2,burst,993,0.1117500000000291,14
1,2,burst,994,0.10791700000027049,14
1,2,burst,995,0.1121659999998883,14
1,2,burst,996,0.1115829999998823,14
1,2,burst,997,0.11029099999996106,14
1,2,burst,998,0.10841699999946286,14
1,2,burst,999,0.10975000000053114,14
1,4,idle,0,0.001750000000356522,0
1,4,idle,1,0.0017499999994470272,0
1,4,idle,2,0.002334000000701053,0
1,4,idle,3,0.0017920000000231084,0
1,4,idle,4,0.0018749999999272404,0
1,4,idle,5,0.0017089999992094818,0
1,4,idle,6,0.0019579999998313724,0
1,4,idle,7,0.002457999999933236,0
1,4,idle,8,0.0017909999996845727,0
1,4,idle,9,0.0030829999996058177,0
1,4,idle,10,0.0025829999995039543,0
1,4,idle,11,0.0018749999999272404,0
1,4,idle,12,0.001750000000356522,0
1,4,idle,13,0.002208000000791799,0
1,4,idle,14,0.001833000000260654,0
1,4,idle,15,0.001833000000260654,0
1,4,idle,16,0.001833000000260654,0
1,4,idle,17,0.0018329999993511592,0
1,4,idle,18,0.0023329999994530226,0
1,4,idle,19,0.0026250000000800355,0
1,4,idle,20,0.0017499999994470272,0
1,4,idle,21,0.0017909999996845727,0
1,4,idle,22,0.0028750000001309672,0
1,4,idle,23,0.0029169999997975538,0
1,4,idle,24,0.0018340000005991897,0
1,4,idle,25,0.0018749999999272404,0
1,4,idle,26,0.0017499999994470272,0
1,4,idle,27,0.0018340000005991897,0
1,4,idle,28,0.001833999999689695,0
1,4,idle,29,0.0024169999996956903,0
1,4,idle,30,0.0017910000005940674,0
1,4,idle,31,0.0018749999999272404,0
1,4,idle,32,0.0018749999999272404,0
1,4,idle,33,0.001916999999593827,0
1,4,idle,34,0.0026250000000800355,0
1,4,idle,35,0.002457999999933236,0
1,4,idle,36,0.0017909999996845727,0
1,4,idle,37,0.0023330000003625173,0
1,4,idle,38,0.0016669999995428952,0
1,4,idle,39,0.0024590000002717716,0
1,4,idle,40,0.001750000000356522,0
1,4,idle,41,0.0017090000001189765,0
1,4,idle,42,0.0017920000000231084,0
1,4,idle,43,0.0017499999994470272,0
1,4,idle,44,0.0023329999994530226,0
1,4,idle,45,0.001833000000260654,0
1,4,idle,46,0.0018749999999272404,0
1,4,idle,47,0.0017909999996845727,0
1,4,idle,48,0.0018749999999272404,0
1,4,idle,49,0.0028330000004643807,0
1,4,idle,50,0.002666000000317581,0
1,4,idle,51,0.001833000000260654,0
1,4,idle,52,0.0017909999996845727,0
1,4,idle,53,0.0022500000004583853,0
1,4,idle,54,0.001833000000260654,0
1,4,idle,55,0.002124999999978172,0
1,4,idle,56,0.001833000000260654,0
1,4,idle,57,0.0019170000005033216,0
1,4,idle,58,0.0017079999997804407,0
1,4,idle,59,0.0016660000001138542,0
1,4,idle,60,0.002292000000124972,0
1,4,idle,61,0.0016669999995428952,0
1,4,idle,62,0.0017920000000231084,0
1,4,idle,63,0.001750000000356522,0
1,4,idle,64,0.0017079999997804407,0
1,4,idle,65,0.002375000000029104,0
1,4,idle,66,0.00166700000045239,0
1,4,idle,67,0.001833999999689695,0
1,4,idle,68,0.0019170000005033216,0
1,4,idle,69,0.0017499999994470272,0
1,4,idle,70,0.001750000000356522,0
1,4,idle,71,0.002290999999786436,0
1,4,idle,72,0.001750000000356522,0
1,4,idle,73,0.0018749999999272404,0
1,4,idle,74,0.0018749999999272404,0
1,4,idle,75,0.0016660000001138542,0
1,4,idle,76,0.002124999999978172,0
1,4,idle,77,0.0017079999997804407,0
1,4,idle,78,0.001833000000260654,0
1,4,idle,79,0.0017080000006899354,0
1,4,idle,80,0.001750000000356522,0
1,4,idle,81,0.0029999999997016857,0
1,4,idle,82,0.0019160000001647859,0
1,4,idle,83,0.0018749999999272404,0
1,4,idle,84,0.0020830000003115856,0
1,4,idle,85,0.0017920000000231084,0
1,4,idle,86,0.0021660000002157176,0
1,4,idle,87,0.0017499999994470272,0
1,4,idle,88,0.0017909999996845727,0
1,4,idle,89,0.0017909999996845727,0
1,4,idle,90,0.0017920000000231084,0
1,4,idle,91,0.0018749999999272404,0
1,4,idle,92,0.002291999999215477,0
1,4,idle,93,0.0023339999997915584,0
1,4,idle,94,0.001750000000356522,0
1,4,idle,95,0.0018749999999272404,0
1,4,idle,96,0.0017090000001189765,0
1,4,idle,97,0.002292000000124972,0
1,4,idle,98,0.001833000000260654,0
1,4,idle,99,0.0018749999999272404,0
1,4,idle,100,0.0018340000005991897,0
1,4,idle,101,0.002292000000124972,0
1,4,idle,102,0.002291999999215477,0
1,4,idle,103,0.0018329999993511592,0
1,4,idle,104,0.0017499999994470272,0
1,4,idle,105,0.0017499999994470272,0
1,4,idle,106,0.0019170000005033216,0
1,4,idle,107,0.002124999999978172,0
1,4,idle,108,0.001750000000356522,0
1,4,idle,109,0.001750000000356522,0
1,4,idle,110,0.001833000000260654,0
1,4,idle,111,0.002457999999933236,0
1,4,idle,112,0.001833000000260654,0
1,4,idle,113,0.002457999999933236,0
1,4,idle,114,0.0024999999995998223,0
1,4,idle,115,0.001833000000260654,0
1,4,idle,116,0.0018749999999272404,0
1,4,idle,117,0.001750000000356522,0
1,4,idle,118,0.0023330000003625173,0
1,4,idle,119,0.0017079999997804407,0
1,4,idle,120,0.0017909999996845727,0
1,4,idle,121,0.0017079999997804407,0
1,4,idle,122,0.0017909999996845727,0
1,4,idle,123,0.0023330000003625173,0
1,4,idle,124,0.0017909999996845727,0
1,4,idle,125,0.001833000000260654,0
1,4,idle,126,0.0017079999997804407,0
1,4,idle,127,0.001959000000169908,0
1,4,idle,128,0.0017920000000231084,0
1,4,idle,129,0.002375000000029104,0
1,4,idle,130,0.0017920000000231084,0
1,4,idle,131,0.001833000000260654,0
1,4,idle,132,0.001750000000356522,0
1,4,idle,133,0.001750000000356522,0
1,4,idle,134,0.0024169999996956903,0
1,4,idle,135,0.001958000000740867,0
1,4,idle,136,0.001833000000260654,0
1,4,idle,137,0.0019579999998313724,0
1,4,idle,138,0.0017920000000231084,0
1,4,idle,139,0.002124999999978172,0
1,4,idle,140,0.002666999999746622,0
1,4,idle,141,0.0020830000003115856,0
1,4,idle,142,0.0017920000000231084,0
1,4,idle,143,0.0017920000000231084,0
1,4,idle,144,0.0021660000002157176,0
1,4,idle,145,0.002457999999933236,0
1,4,idle,146,0.0017910000005940674,0
1,4,idle,147,0.0017080000006899354,0
1,4,idle,148,0.0017920000000231084,0
1,4,idle,149,0.002124999999978172,0
1,4,idle,150,0.0023330000003625173,0
1,4,idle,151,0.001750000000356522,0
1,4,idle,152,0.0017920000000231084,0
1,4,idle,153,0.001959000000169908,0
1,4,idle,154,0.001999999999497959,0
1,4,idle,155,0.0027500000005602487,0
1,4,idle,156,0.0019579999998313724,0
1,4,idle,157,0.001833000000260654,0
1,4,idle,158,0.001750000000356522,0
1,4,idle,159,0.0017920000000231084,0
1,4,idle,160,0.0024169999996956903,0
1,4,idle,161,0.0017910000005940674,0
1,4,idle,162,0.001958000000740867,0
1,4,idle,163,0.0017499999994470272,0
1,4,idle,164,0.0017499999994470272,0
1,4,idle,165,0.002292000000124972,0
1,4,idle,166,0.0018329999993511592,0
1,4,idle,167,0.001750000000356522,0
1,4,idle,168,0.0023329999994530226,0
1,4,idle,169,0.0017909999996845727,0
1,4,idle,170,0.0017909999996845727,0
1,4,idle,171,0.002291999999215477,0
1,4,idle,172,0.0018749999999272404,0
1,4,idle,173,0.0022499999995488906,0
1,4,idle,174,0.0017499999994470272,0
1,4,idle,175,0.002417000000605185,0
1,4,idle,176,0.0028750000001309672,0
1,4,idle,177,0.0021669999996447586,0
1,4,idle,178,0.0018750000008367351,0
1,4,idle,179,0.0017920000000231084,0
1,4,idle,180,0.001959000000169908,0
1,4,idle,181,0.002832999999554886,0
1,4,idle,182,0.001750000000356522,0
1,4,idle,183,0.001750000000356522,0
1,4,idle,184,0.0017920000000231084,0
1,4,idle,185,0.001833999999689695,0
1,4,idle,186,0.00220900000022084,0
1,4,idle,187,0.0018340000005991897,0
1,4,idle,188,0.0017920000000231084,0
1,4,idle,189,0.001999999999497959,0
1,4,idle,190,0.0019170000005033216,0
1,4,idle,191,0.0017079999997804407,0
1,4,idle,192,0.002124999999978172,0
1,4,idle,193,0.0018329999993511592,0
1,4,idle,194,0.0017920000000231084,0
1,4,idle,195,0.0016669999995428952,0
1,4,idle,196,0.001750000000356522,0
1,4,idle,197,0.00220900000022084,0
1,4,idle,198,0.0019170000005033216,0
1,4,idle,199,0.0022499999995488906,0
1,4,idle,200,0.0017090000001189765,0
1,4,idle,201,0.001916999999593827,0
1,4,idle,202,0.002207999999882304,0
1,4,idle,203,0.0017090000001189765,0
1,4,idle,204,0.0019170000005033216,0
1,4,idle,205,0.0023339999997915584,0
1,4,idle,206,0.0020000000004074536,0
1,4,idle,207,0.002292000000124972,0
1,4,idle,208,0.001916999999593827,0
1,4,idle,209,0.001833999999689695,0
1,4,idle,210,0.0018329999993511592,0
1,4,idle,211,0.001750000000356522,0
1,4,idle,212,0.0018329999993511592,0
1,4,idle,213,0.0023330000003625173,0
1,4,idle,214,0.0017499999994470272,0
1,4,idle,215,0.001916999999593827,0
1,4,idle,216,0.0017090000001189765,0
1,4,idle,217,0.0017079999997804407,0
1,4,idle,218,0.002375000000029104,0
1,4,idle,219,0.0016669999995428952,0
1,4,idle,220,0.0017909999996845727,0
1,4,idle,221,0.0017499999994470272,0
1,4,idle,222,0.001833000000260654,0
1,4,idle,223,0.0021660000002157176,0
1,4,idle,224,0.0019160000001647859,0
1,4,idle,225,0.001750000000356522,0
1,4,idle,226,0.0017080000006899354,0
1,4,idle,227,0.001999999999497959,0
1,4,idle,228,0.0018329999993511592,0
1,4,idle,229,0.0022500000004583853,0
1,4,idle,230,0.001916999999593827,0
1,4,idle,231,0.001750000000356522,0
1,4,idle,232,0.001916999999593827,0
1,4,idle,233,0.0017090000001189765,0
1,4,idle,234,0.0023330000003625173,0
1,4,idle,235,0.0028750000001309672,0
1,4,idle,236,0.002292000000124972,0
1,4,idle,237,0.0017910000005940674,0
1,4,idle,238,0.0016669999995428952,0
1,4,idle,239,0.0027919999993173406,0
1,4,idle,240,0.0018749999999272404,0
1,4,idle,241,0.0019589999992604135,0
1,4,idle,242,0.001750000000356522,0
1,4,idle,243,0.001750000000356522,0
1,4,idle,244,0.0021669999996447586,0
1,4,idle,245,0.0019579999998313724,0
1,4,idle,246,0.0018749999999272404,0
1,4,idle,247,0.0017909999996845727,0
1,4,idle,248,0.0017909999996845727,0
1,4,idle,249,0.001750000000356522,0
1,4,idle,250,0.0020839999997406267,0
1,4,idle,251,0.0018329999993511592,0
1,4,idle,252,0.00204200000007404,0
1,4,idle,253,0.0017090000001189765,0
1,4,idle,254,0.001750000000356522,0
1,4,idle,255,0.003499999999803549,0
1,4,idle,256,0.0018329999993511592,0
1,4,idle,257,0.003582999999707681,0
1,4,idle,258,0.002457999999933236,0
1,4,idle,259,0.0017079999997804407,0
1,4,idle,260,0.0030000000006111804,0
1,4,idle,261,0.0025420000001759036,0
1,4,idle,262,0.0017920000000231084,0
1,4,idle,263,0.001750000000356522,0
1,4,idle,264,0.0017909999996845727,0
1,4,idle,265,0.002207999999882304,0
1,4,idle,266,0.002292000000124972,0
1,4,idle,267,0.0020000000004074536,0
1,4,idle,268,0.001750000000356522,0
1,4,idle,269,0.0019589999992604135,0
1,4,idle,270,0.0027920000002268353,0
1,4,idle,271,0.0023330000003625173,0
1,4,idle,272,0.0016669999995428952,0
1,4,idle,273,0.0017920000000231084,0
1,4,idle,274,0.0017909999996845727,0
1,4,idle,275,0.0018749999999272404,0
1,4,idle,276,0.002292000000124972,0
1,4,idle,277,0.0017079999997804407,0
1,4,idle,278,0.0018340000005991897,0
1,4,idle,279,0.0018340000005991897,0
1,4,idle,280,0.0017920000000231084,0
1,4,idle,281,0.0028339999998934218,0
1,4,idle,282,0.0017920000000231084,0
1,4,idle,283,0.0017920000000231084,0
1,4,idle,284,0.0017920000000231084,0
1,4,idle,285,0.0018749999999272404,0
1,4,idle,286,0.0028339999998934218,0
1,4,idle,287,0.002124999999978172,0
1,4,idle,288,0.001959000000169908,0
1,4,idle,289,0.0018749999999272404,0
1,4,idle,290,0.001833000000260654,0
1,4,idle,291,0.0020409999997355044,0
1,4,idle,292,0.0022499999995488906,0
1,4,idle,293,0.001833999999689695,0
1,4,idle,294,0.001999999999497959,0
1,4,idle,295,0.001833000000260654,0
1,4,idle,296,0.0017079999997804407,0
1,4,idle,297,0.0032499999997526174,0
1,4,idle,298,0.001833999999689695,0
1,4,idle,299,0.0017920000000231084,0
1,4,idle,300,0.001750000000356522,0
1,4,idle,301,0.001750000000356522,0
1,4,idle,302,0.00258399999984249,0
1,4,idle,303,0.001750000000356522,0
1,4,idle,304,0.0017920000000231084,0
1,4,idle,305,0.0017499999994470272,0
1,4,idle,306,0.0017499999994470272,0
1,4,idle,307,0.0022499999995488906,0
1,4,idle,308,0.001833000000260654,0
1,4,idle,309,0.001833000000260654,0
1,4,idle,310,0.0017090000001189765,0
1,4,idle,311,0.002124999999978172,0
1,4,idle,312,0.001750000000356522,0
1,4,idle,313,0.002292000000124972,0
1,4,idle,314,0.0018340000005991897,0
1,4,idle,315,0.0017920000000231084,0
1,4,idle,316,0.0017079999997804407,0
1,4,idle,317,0.001750000000356522,0
1,4,idle,318,0.0028339999998934218,0
1,4,idle,319,0.001750000000356522,0
1,4,idle,320,0.001833000000260654,0
1,4,idle,321,0.001750000000356522,0
1,4,idle,322,0.0016659999992043595,0
1,4,idle,323,0.002292000000124972,0
1,4,idle,324,0.0017920000000231084,0
1,4,idle,325,0.0017920000000231084,0
1,4,idle,326,0.0017499999994470272,0
1,4,idle,327,0.0023329999994530226,0
1,4,idle,328,0.0019170000005033216,0
1,4,idle,329,0.002292000000124972,0
1,4,idle,330,0.0018749999999272404,0
1,4,idle,331,0.001750000000356522,0
1,4,idle,332,0.0017920000000231084,0
1,4,idle,333,0.0017079999997804407,0
1,4,idle,334,0.0021670000005542533,0
1,4,idle,335,0.001750000000356522,0
1,4,idle,336,0.001750000000356522,0
1,4,idle,337,0.0019160000001647859,0
1,4,idle,338,0.0017910000005940674,0
1,4,idle,339,0.002207999999882304,0
1,4,idle,340,0.0017499999994470272,0
1,4,idle,341,0.0018749999999272404,0
1,4,idle,342,0.002375000000029104,0
1,4,idle,343,0.0017079999997804407,0
1,4,idle,344,0.0020839999997406267,0
1,4,idle,345,0.001750000000356522,0
1,4,idle,346,0.0019170000005033216,0
1,4,idle,347,0.0017920000000231084,0
1,4,idle,348,0.001833000000260654,0
1,4,idle,349,0.001916999999593827,0
1,4,idle,350,0.0023329999994530226,0
1,4,idle,351,0.0018329999993511592,0
1,4,idle,352,0.0017909999996845727,0
1,4,idle,353,0.0018329999993511592,0
1,4,idle,354,0.001833999999689695,0
1,4,idle,355,0.002207999999882304,0
1,4,idle,356,0.0017909999996845727,0
1,4,idle,357,0.001833000000260654,0
1,4,idle,358,0.00220900000022084,0
1,4,idle,359,0.0024590000002717716,0
1,4,idle,360,0.002207999999882304,0
1,4,idle,361,0.0017079999997804407,0
1,4,idle,362,0.001833000000260654,0
1,4,idle,363,0.0017079999997804407,0
1,4,idle,364,0.0017920000000231084,0
1,4,idle,365,0.002124999999978172,0
1,4,idle,366,0.001833000000260654,0
1,4,idle,367,0.001750000000356522,0
1,4,idle,368,0.0017079999997804407,0
1,4,idle,369,0.002292000000124972,0
1,4,idle,370,0.0018749999999272404,0
1,4,idle,371,0.002375000000029104,0
1,4,idle,372,0.002375000000029104,0
1,4,idle,373,0.001916999999593827,0
1,4,idle,374,0.0017920000000231084,0
1,4,idle,375,0.0016249999998763087,0
1,4,idle,376,0.0022499999995488906,0
1,4,idle,377,0.0025420000001759036,0
1,4,idle,378,0.0018749999999272404,0
1,4,idle,379,0.001833000000260654,0
1,4,idle,380,0.0018329999993511592,0
1,4,idle,381,0.002291999999215477,0
1,4,idle,382,0.0018340000005991897,0
1,4,idle,383,0.0018340000005991897,0
1,4,idle,384,0.0017499999994470272,0
1,4,idle,385,0.0017499999994470272,0
1,4,idle,386,0.0022500000004583853,0
1,4,idle,387,0.0018749999999272404,0
1,4,idle,388,0.0023339999997915584,0
1,4,idle,389,0.001916999999593827,0
1,4,idle,390,0.0020830000003115856,0
1,4,idle,391,0.0018749999999272404,0
1,4,idle,392,0.0022500000004583853,0
1,4,idle,393,0.0018749999999272404,0
1,4,idle,394,0.001833000000260654,0
1,4,idle,395,0.0017909999996845727,0
1,4,idle,396,0.0016660000001138542,0
1,4,idle,397,0.0020830000003115856,0
1,4,idle,398,0.001833000000260654,0
1,4,idle,399,0.0019160000001647859,0
1,4,idle,400,0.0017499999994470272,0
1,4,idle,401,0.001750000000356522,0
1,4,idle,402,0.0022500000004583853,0
1,4,idle,403,0.001833000000260654,0
1,4,idle,404,0.001750000000356522,0
1,4,idle,405,0.001833000000260654,0
1,4,idle,406,0.0016669999995428952,0
1,4,idle,407,0.0022499999995488906,0
1,4,idle,408,0.001750000000356522,0
1,4,idle,409,0.0019170000005033216,0
1,4,idle,410,0.0017920000000231084,0
1,4,idle,411,0.0017920000000231084,0
1,4,idle,412,0.0018340000005991897,0
1,4,idle,413,0.002291999999215477,0
1,4,idle,414,0.0018749999999272404,0
1,4,idle,415,0.0017920000000231084,0
1,4,idle,416,0.0017920000000231084,0
1,4,idle,417,0.0017090000001189765,0
1,4,idle,418,0.0027500000005602487,0
1,4,idle,419,0.0017920000000231084,0
1,4,idle,420,0.0017920000000231084,0
1,4,idle,421,0.0023330000003625173,0
1,4,idle,422,0.001833000000260654,0
1,4,idle,423,0.002375000000029104,0
1,4,idle,424,0.001833000000260654,0
1,4,idle,425,0.002292000000124972,0
1,4,idle,426,0.001833999999689695,0
1,4,idle,427,0.001750000000356522,0
1,4,idle,428,0.001750000000356522,0
1,4,idle,429,0.0024169999996956903,0
1,4,idle,430,0.0017090000001189765,0
1,4,idle,431,86.54316699999981,0
1,4,idle,432,0.01170799999999872,0
1,4,idle,433,0.003208000000086031,0
1,4,idle,434,0.005166999999346444,0
1,4,idle,435,0.0033750000002328306,0
1,4,idle,436,0.007333000000471657,0
1,4,idle,437,0.0033750000002328306,0
1,4,idle,438,0.0028750000001309672,0
1,4,idle,439,0.0036250000002837623,0
1,4,idle,440,0.002457999999933236,0
1,4,idle,441,0.002915999999459018,0
1,4,idle,442,0.002541999999266409,0
1,4,idle,443,0.003042000000277767,0
1,4,idle,444,0.0026250000000800355,0
1,4,idle,445,0.0023339999997915584,0
1,4,idle,446,0.002124999999978172,0
1,4,idle,447,0.002583000000413449,0
1,4,idle,448,0.0022500000004583853,0
1,4,idle,449,0.0037080000001878943,0
1,4,idle,450,0.0027500000005602487,0
1,4,idle,451,0.002500000000509317,0
1,4,idle,452,0.0027920000002268353,0
1,4,idle,453,0.002458999999362277,0
1,4,idle,454,0.00220900000022084,0
1,4,idle,455,0.0029999999997016857,0
1,4,idle,456,0.002207999999882304,0
1,4,idle,457,0.002457999999933236,0
1,4,idle,458,0.0021670000005542533,0
1,4,idle,459,0.002292000000124972,0
1,4,idle,460,0.0026659999994080863,0
1,4,idle,461,0.002666000000317581,0
1,4,idle,462,0.00204200000007404,0
1,4,idle,463,0.002208999999311345,0
1,4,idle,464,0.0021669999996447586,0
1,4,idle,465,0.0025829999995039543,0
1,4,idle,466,0.002290999999786436,0
1,4,idle,467,0.002292000000124972,0
1,4,idle,468,0.0023339999997915584,0
1,4,idle,469,0.002375000000029104,0
1,4,idle,470,0.0022500000004583853,0
1,4,idle,471,0.0028330000004643807,0
1,4,idle,472,0.0024160000002666493,0
1,4,idle,473,0.002375000000029104,0
1,4,idle,474,0.0022500000004583853,0
1,4,idle,475,0.002458999999362277,0
1,4,idle,476,0.002749999999650754,0
1,4,idle,477,0.002292000000124972,0
1,4,idle,478,0.0024169999996956903,0
1,4,idle,479,0.0029169999997975538,0
1,4,idle,480,0.0024999999995998223,0
1,4,idle,481,0.0027909999998882995,0
1,4,idle,482,0.002082999999402091,0
1,4,idle,483,0.006124999999883585,0
1,4,idle,484,0.04470800000035524,0
1,4,idle,485,0.004167000000052212,0
1,4,idle,486,0.006041999999979453,0
1,4,idle,487,0.00220900000022084,0
1,4,idle,488,0.00204200000007404,0
1,4,idle,489,0.002082999999402091,0
1,4,idle,490,0.002082999999402091,0
1,4,idle,491,0.0019160000001647859,0
1,4,idle,492,0.0029999999997016857,0
1,4,idle,493,0.002082999999402091,0
1,4,idle,494,0.001959000000169908,0
1,4,idle,495,0.007375000000138243,0
1,4,idle,496,0.0020830000003115856,0
1,4,idle,497,0.0028749999992214725,0
1,4,idle,498,0.0020419999991645454,0
1,4,idle,499,0.00204200000007404,0
1,4,idle,500,0.0020000000004074536,0
1,4,idle,501,0.0017920000000231084,0
1,4,idle,502,0.0027500000005602487,0
1,4,idle,503,0.003875000000334694,0
1,4,idle,504,0.002082999999402091,0
1,4,idle,505,0.0018329999993511592,0
1,4,idle,506,0.0018749999999272404,0
1,4,idle,507,0.004958999999871594,0
1,4,idle,508,0.0017920000000231084,0
1,4,idle,509,0.004582999999911408,0
1,4,idle,510,0.0018329999993511592,0
1,4,idle,511,0.001833000000260654,0
1,4,idle,512,0.001833000000260654,0
1,4,idle,513,0.002500000000509317,0
1,4,idle,514,0.001833999999689695,0
1,4,idle,515,0.001916999999593827,0
1,4,idle,516,0.0017499999994470272,0
1,4,idle,517,0.0018749999999272404,0
1,4,idle,518,0.0025420000001759036,0
1,4,idle,519,0.0018329999993511592,0
1,4,idle,520,0.001959000000169908,0
1,4,idle,521,0.0018749999999272404,0
1,4,idle,522,0.0020000000004074536,0
1,4,idle,523,0.002292000000124972,0
1,4,idle,524,0.001959000000169908,0
1,4,idle,525,0.0017079999997804407,0
1,4,idle,526,0.0018749999999272404,0
1,4,idle,527,0.0017920000000231084,0
1,4,idle,528,0.001833999999689695,0
1,4,idle,529,0.0022499999995488906,0
1,4,idle,530,0.0017920000000231084,0
1,4,idle,531,0.0019579999998313724,0
1,4,idle,532,0.0017920000000231084,0
1,4,idle,533,0.001833999999689695,0
1,4,idle,534,0.0023339999997915584,0
1,4,idle,535,0.0017080000006899354,0
1,4,idle,536,0.001833000000260654,0
1,4,idle,537,0.0028339999998934218,0
1,4,idle,538,0.0017920000000231084,0
1,4,idle,539,0.002541999999266409,0
1,4,idle,540,0.002375000000029104,0
1,4,idle,541,0.0019579999998313724,0
1,4,idle,542,0.0017090000001189765,0
1,4,idle,543,0.0017920000000231084,0
1,4,idle,544,0.0023339999997915584,0
1,4,idle,545,0.003917000000001281,0
1,4,idle,546,0.0018749999999272404,0
1,4,idle,547,0.0018340000005991897,0
1,4,idle,548,0.0018749999999272404,0
1,4,idle,549,0.001833999999689695,0
1,4,idle,550,0.0023339999997915584,0
1,4,idle,551,0.0017090000001189765,0
1,4,idle,552,0.001750000000356522,0
1,4,idle,553,0.0018749999999272404,0
1,4,idle,554,0.0017909999996845727,0
1,4,idle,555,0.003208000000086031,0
1,4,idle,556,0.0018749999999272404,0
1,4,idle,557,0.0018749999999272404,0
1,4,idle,558,0.0017079999997804407,0
1,4,idle,559,0.001833999999689695,0
1,4,idle,560,0.0023330000003625173,0
1,4,idle,561,0.0017499999994470272,0
1,4,idle,562,0.0018749999999272404,0
1,4,idle,563,0.0017080000006899354,0
1,4,idle,564,0.001750000000356522,0
1,4,idle,565,0.002292000000124972,0
1,4,idle,566,0.001833000000260654,0
1,4,idle,567,0.0017909999996845727,0
1,4,idle,568,0.0017499999994470272,0
1,4,idle,569,0.001833000000260654,0
1,4,idle,570,0.0024999999995998223,0
1,4,idle,571,0.002290999999786436,0
1,4,idle,572,0.001833000000260654,0
1,4,idle,573,0.001833000000260654,0
1,4,idle,574,0.0019579999998313724,0
1,4,idle,575,0.0017920000000231084,0
1,4,idle,576,0.0022499999995488906,0
1,4,idle,577,0.0018749999999272404,0
1,4,idle,578,0.0017920000000231084,0
1,4,idle,579,0.0016249999998763087,0
1,4,idle,580,0.001750000000356522,0
1,4,idle,581,0.00204200000007404,0
1,4,idle,582,0.0017090000001189765,0
1,4,idle,583,0.0019170000005033216,0
1,4,idle,584,0.001750000000356522,0
1,4,idle,585,0.0017909999996845727,0
1,4,idle,586,0.002583000000413449,0
1,4,idle,587,0.0018749999999272404,0
1,4,idle,588,0.0017079999997804407,0
1,4,idle,589,0.0017909999996845727,0
1,4,idle,590,0.001750000000356522,0
1,4,idle,591,0.0017920000000231084,0
1,4,idle,592,0.002124999999978172,0
1,4,idle,593,0.0025420000001759036,0
1,4,idle,594,0.0017499999994470272,0
1,4,idle,595,0.003499999999803549,0
1,4,idle,596,0.001750000000356522,0
1,4,idle,597,0.002208999999311345,0
1,4,idle,598,0.001916999999593827,0
1,4,idle,599,0.0017920000000231084,0
1,4,idle,600,0.001750000000356522,0
1,4,idle,601,0.0024999999995998223,0
1,4,idle,602,0.0023329999994530226,0
1,4,idle,603,0.0021660000002157176,0
1,4,idle,604,0.0017909999996845727,0
1,4,idle,605,0.0027920000002268353,0
1,4,idle,606,0.0019579999998313724,0
1,4,idle,607,0.003374999999323336,0
1,4,idle,608,0.0017920000000231084,0
1,4,idle,609,0.001833999999689695,0
1,4,idle,610,0.0019579999998313724,0
1,4,idle,611,0.001916999999593827,0
1,4,idle,612,0.0019579999998313724,0
1,4,idle,613,0.002207999999882304,0
1,4,idle,614,0.002624999999170541,0
1,4,idle,615,0.0017920000000231084,0
1,4,idle,616,0.0017499999994470272,0
1,4,idle,617,0.0017909999996845727,0
1,4,idle,618,0.002207999999882304,0
1,4,idle,619,0.0017910000005940674,0
1,4,idle,620,0.001750000000356522,0
1,4,idle,621,0.001750000000356522,0
1,4,idle,622,0.0017090000001189765,0
1,4,idle,623,0.002500000000509317,0
1,4,idle,624,0.0017920000000231084,0
1,4,idle,625,0.001833999999689695,0
1,4,idle,626,0.001959000000169908,0
1,4,idle,627,0.0020000000004074536,0
1,4,idle,628,0.001958000000740867,0
1,4,idle,629,0.0024169999996956903,0
1,4,idle,630,0.0017090000001189765,0
1,4,idle,631,0.002583000000413449,0
1,4,idle,632,0.0017910000005940674,0
1,4,idle,633,0.0017080000006899354,0
1,4,idle,634,0.002290999999786436,0
1,4,idle,635,0.001833000000260654,0
1,4,idle,636,0.001959000000169908,0
1,4,idle,637,0.002291999999215477,0
1,4,idle,638,0.0017920000000231084,0
1,4,idle,639,0.002292000000124972,0
1,4,idle,640,0.001750000000356522,0
1,4,idle,641,0.0017499999994470272,0
1,4,idle,642,0.0019170000005033216,0
1,4,idle,643,0.001833000000260654,0
1,4,idle,644,0.002124999999978172,0
1,4,idle,645,0.0017920000000231084,0
1,4,idle,646,0.001750000000356522,0
1,4,idle,647,0.001833000000260654,0
1,4,idle,648,0.0017920000000231084,0
1,4,idle,649,0.001833999999689695,0
1,4,idle,650,0.0025420000001759036,0
1,4,idle,651,0.0016669999995428952,0
1,4,idle,652,0.001916999999593827,0
1,4,idle,653,0.0018749999999272404,0
1,4,idle,654,0.0017920000000231084,0
1,4,idle,655,0.002207999999882304,0
1,4,idle,656,0.0017920000000231084,0
1,4,idle,657,0.001750000000356522,0
1,4,idle,658,0.0017090000001189765,0
1,4,idle,659,0.001916999999593827,0
1,4,idle,660,0.002375000000029104,0
1,4,idle,661,0.0017499999994470272,0
1,4,idle,662,0.002375000000029104,0
1,4,idle,663,0.001833999999689695,0
1,4,idle,664,0.0017920000000231084,0
1,4,idle,665,0.002375000000029104,0
1,4,idle,666,0.001750000000356522,0
1,4,idle,667,0.0017499999994470272,0
1,4,idle,668,0.0018749999999272404,0
1,4,idle,669,0.0025420000001759036,0
1,4,idle,670,0.0019579999998313724,0
1,4,idle,671,0.002375000000029104,0
1,4,idle,672,0.001833000000260654,0
1,4,idle,673,0.002375000000029104,0
1,4,idle,674,0.0017920000000231084,0
1,4,idle,675,0.001750000000356522,0
1,4,idle,676,0.0027500000005602487,0
1,4,idle,677,0.0019170000005033216,0
1,4,idle,678,0.0018749999999272404,0
1,4,idle,679,0.001833000000260654,0
1,4,idle,680,0.0018749999999272404,0
1,4,idle,681,0.0022499999995488906,0
1,4,idle,682,0.001916999999593827,0
1,4,idle,683,0.003125000000181899,0
1,4,idle,684,0.001750000000356522,0
1,4,idle,685,0.0017920000000231084,0
1,4,idle,686,0.002124999999978172,0
1,4,idle,687,0.001833000000260654,0
1,4,idle,688,0.001750000000356522,0
1,4,idle,689,0.0018749999999272404,0
1,4,idle,690,0.0018340000005991897,0
1,4,idle,691,0.001999999999497959,0
1,4,idle,692,0.002915999999459018,0
1,4,idle,693,0.0018749999999272404,0
1,4,idle,694,0.0017090000001189765,0
1,4,idle,695,0.0017499999994470272,0
1,4,idle,696,0.0016249999998763087,0
1,4,idle,697,0.002292000000124972,0
1,4,idle,698,0.0017499999994470272,0
1,4,idle,699,0.0017499999994470272,0
1,4,idle,700,0.00166700000045239,0
1,4,idle,701,0.00166700000045239,0
1,4,idle,702,0.002375000000029104,0
1,4,idle,703,0.0018749999999272404,0
1,4,idle,704,0.0023339999997915584,0
1,4,idle,705,0.0017920000000231084,0
1,4,idle,706,0.002417000000605185,0
1,4,idle,707,0.0021669999996447586,0
1,4,idle,708,0.0017920000000231084,0
1,4,idle,709,0.0017910000005940674,0
1,4,idle,710,0.0017909999996845727,0
1,4,idle,711,0.0017499999994470272,0
1,4,idle,712,0.001833000000260654,0
1,4,idle,713,0.0022500000004583853,0
1,4,idle,714,0.0017910000005940674,0
1,4,idle,715,0.0018749999999272404,0
1,4,idle,716,0.0018750000008367351,0
1,4,idle,717,0.001750000000356522,0
1,4,idle,718,0.002124999999978172,0
1,4,idle,719,0.00166700000045239,0
1,4,idle,720,0.0017090000001189765,0
1,4,idle,721,0.001750000000356522,0
1,4,idle,722,0.001750000000356522,0
1,4,idle,723,0.0027920000002268353,0
1,4,idle,724,0.0017090000001189765,0
1,4,idle,725,0.0017920000000231084,0
1,4,idle,726,0.0018749999999272404,0
1,4,idle,727,0.001750000000356522,0
1,4,idle,728,0.0017499999994470272,0
1,4,idle,729,0.002208000000791799,0
1,4,idle,730,0.0017080000006899354,0
1,4,idle,731,0.002541999999266409,0
1,4,idle,732,0.001916999999593827,0
1,4,idle,733,0.001959000000169908,0
1,4,idle,734,0.002458999999362277,0
1,4,idle,735,0.001750000000356522,0
1,4,idle,736,0.001833000000260654,0
1,4,idle,737,0.0017910000005940674,0
1,4,idle,738,0.001833000000260654,0
1,4,idle,739,0.0022500000004583853,0
1,4,idle,740,0.0019170000005033216,0
1,4,idle,741,0.001959000000169908,0
1,4,idle,742,0.0017920000000231084,0
1,4,idle,743,0.0017920000000231084,0
1,4,idle,744,0.002375000000029104,0
1,4,idle,745,0.001916999999593827,0
1,4,idle,746,0.0017499999994470272,0
1,4,idle,747,0.0017909999996845727,0
1,4,idle,748,0.0018329999993511592,0
1,4,idle,749,0.001833000000260654,0
1,4,idle,750,0.0023339999997915584,0
1,4,idle,751,0.001833999999689695,0
1,4,idle,752,0.0017920000000231084,0
1,4,idle,753,0.002124999999978172,0
1,4,idle,754,0.001750000000356522,0
1,4,idle,755,0.002583000000413449,0
1,4,idle,756,0.0018749999999272404,0
1,4,idle,757,0.0018329999993511592,0
1,4,idle,758,0.0030419999993682723,0
1,4,idle,759,0.0025420000001759036,0
1,4,idle,760,0.0027920000002268353,0
1,4,idle,761,0.001959000000169908,0
1,4,idle,762,0.0017920000000231084,0
1,4,idle,763,0.0019159999992552912,0
1,4,idle,764,0.0019579999998313724,0
1,4,idle,765,0.0022499999995488906,0
1,4,idle,766,0.0020000000004074536,0
1,4,idle,767,0.0020000000004074536,0
1,4,idle,768,0.0017920000000231084,0
1,4,idle,769,0.0017909999996845727,0
1,4,idle,770,0.001750000000356522,0
1,4,idle,771,0.0027500000005602487,0
1,4,idle,772,0.0020000000004074536,0
1,4,idle,773,0.001833000000260654,0
1,4,idle,774,0.0018749999999272404,0
1,4,idle,775,0.0018329999993511592,0
1,4,idle,776,0.0023329999994530226,0
1,4,idle,777,0.001959000000169908,0
1,4,idle,778,0.001833999999689695,0
1,4,idle,779,0.0017920000000231084,0
1,4,idle,780,0.0017079999997804407,0
1,4,idle,781,0.002165999999306223,0
1,4,idle,782,0.0018749999999272404,0
1,4,idle,783,0.0028750000001309672,0
1,4,idle,784,0.0038340000000971486,0
1,4,idle,785,0.0020830000003115856,0
1,4,idle,786,0.0022500000004583853,0
1,4,idle,787,0.0018749999999272404,0
1,4,idle,788,0.0022500000004583853,0
1,4,idle,789,0.001833000000260654,0
1,4,idle,790,0.0017920000000231084,0
1,4,idle,791,0.001750000000356522,0
1,4,idle,792,0.0029999999997016857,0
1,4,idle,793,0.0024159999993571546,0
1,4,idle,794,0.0019160000001647859,0
1,4,idle,795,0.001833000000260654,0
1,4,idle,796,0.0017079999997804407,0
1,4,idle,797,0.0023330000003625173,0
1,4,idle,798,0.001750000000356522,0
1,4,idle,799,0.0017920000000231084,0
1,4,idle,800,0.0017499999994470272,0
1,4,idle,801,0.0016660000001138542,0
1,4,idle,802,0.0022499999995488906,0
1,4,idle,803,0.0017080000006899354,0
1,4,idle,804,0.001750000000356522,0
1,4,idle,805,0.0017079999997804407,0
1,4,idle,806,0.0017909999996845727,0
1,4,idle,807,0.0024999999995998223,0
1,4,idle,808,0.001959000000169908,0
1,4,idle,809,0.0020839999997406267,0
1,4,idle,810,0.0017079999997804407,0
1,4,idle,811,0.0018749999999272404,0
1,4,idle,812,0.0018749999999272404,0
1,4,idle,813,0.002208000000791799,0
1,4,idle,814,0.002207999999882304,0
1,4,idle,815,0.0018749999999272404,0
1,4,idle,816,0.001750000000356522,0
1,4,idle,817,0.0017909999996845727,0
1,4,idle,818,0.014540999999553605,0
1,4,idle,819,0.0024160000002666493,0
1,4,idle,820,0.00204200000007404,0
1,4,idle,821,0.001916999999593827,0
1,4,idle,822,0.0017499999994470272,0
1,4,idle,823,0.0022500000004583853,0
1,4,idle,824,0.001833000000260654,0
1,4,idle,825,0.001750000000356522,0
1,4,idle,826,0.001833000000260654,0
1,4,idle,827,0.00166700000045239,0
1,4,idle,828,0.0017079999997804407,0
1,4,idle,829,0.0022500000004583853,0
1,4,idle,830,0.0020000000004074536,0
1,4,idle,831,0.0017499999994470272,0
1,4,idle,832,0.0017909999996845727,0
1,4,idle,833,0.0017909999996845727,0
1,4,idle,834,0.0023329999994530226,0
1,4,idle,835,0.0017499999994470272,0
1,4,idle,836,0.0018329999993511592,0
1,4,idle,837,0.0019160000001647859,0
1,4,idle,838,0.0023330000003625173,0
1,4,idle,839,0.002375000000029104,0
1,4,idle,840,0.00204200000007404,0
1,4,idle,841,0.001833000000260654,0
1,4,idle,842,0.001750000000356522,0
1,4,idle,843,0.0020000000004074536,0
1,4,idle,844,0.0030839999999443535,0
1,4,idle,845,0.0017499999994470272,0
1,4,idle,846,0.001916999999593827,0
1,4,idle,847,0.001958000000740867,0
1,4,idle,848,0.0017499999994470272,0
1,4,idle,849,0.0017499999994470272,0
1,4,idle,850,0.0022499999995488906,0
1,4,idle,851,0.002666999999746622,0
1,4,idle,852,0.0019170000005033216,0
1,4,idle,853,0.001833999999689695,0
1,4,idle,854,0.0017920000000231084,0
1,4,idle,855,0.0029999999997016857,0
1,4,idle,856,0.0019579999998313724,0
1,4,idle,857,0.0017920000000231084,0
1,4,idle,858,0.0017920000000231084,0
1,4,idle,859,0.0020000000004074536,0
1,4,idle,860,0.002292000000124972,0
1,4,idle,861,0.0017920000000231084,0
1,4,idle,862,0.001750000000356522,0
1,4,idle,863,0.001833000000260654,0
1,4,idle,864,0.0019160000001647859,0
1,4,idle,865,0.002292000000124972,0
1,4,idle,866,0.001750000000356522,0
1,4,idle,867,0.001833000000260654,0
1,4,idle,868,0.0017090000001189765,0
1,4,idle,869,0.0017499999994470272,0
1,4,idle,870,0.001833000000260654,0
1,4,idle,871,0.002375000000029104,0
1,4,idle,872,0.0018749999999272404,0
1,4,idle,873,0.0019579999998313724,0
1,4,idle,874,0.0017909999996845727,0
1,4,idle,875,0.0020409999997355044,0
1,4,idle,876,0.002375000000029104,0
1,4,idle,877,0.0017090000001189765,0
1,4,idle,878,0.0019170000005033216,0
1,4,idle,879,0.0017090000001189765,0
1,4,idle,880,0.001750000000356522,0
1,4,idle,881,0.0023330000003625173,0
1,4,idle,882,0.0017920000000231084,0
1,4,idle,883,0.0018749999999272404,0
1,4,idle,884,0.0017920000000231084,0
1,4,idle,885,0.001833999999689695,0
1,4,idle,886,0.0022499999995488906,0
1,4,idle,887,0.001833000000260654,0
1,4,idle,888,0.0018749999999272404,0
1,4,idle,889,0.0017920000000231084,0
1,4,idle,890,0.0020000000004074536,0
1,4,idle,891,0.001833000000260654,0
1,4,idle,892,0.002207999999882304,0
1,4,idle,893,0.0018749999999272404,0
1,4,idle,894,0.0018329999993511592,0
1,4,idle,895,0.0017090000001189765,0
1,4,idle,896,0.001833999999689695,0
1,4,idle,897,0.002208000000791799,0
1,4,idle,898,0.0017910000005940674,0
1,4,idle,899,0.001958000000740867,0
1,4,idle,900,0.0017499999994470272,0
1,4,idle,901,0.001833000000260654,0
1,4,idle,902,0.002290999999786436,0
1,4,idle,903,0.0019579999998313724,0
1,4,idle,904,0.0018329999993511592,0
1,4,idle,905,0.0027920000002268353,0
1,4,idle,906,0.0018749999999272404,0
1,4,idle,907,0.0023329999994530226,0
1,4,idle,908,0.001833000000260654,0
1,4,idle,909,0.001833000000260654,0
1,4,idle,910,0.0019579999998313724,0
1,4,idle,911,0.0019579999998313724,0
1,4,idle,912,0.0017079999997804407,0
1,4,idle,913,0.0022500000004583853,0
1,4,idle,914,0.0018749999999272404,0
1,4,idle,915,0.0018749999999272404,0
1,4,idle,916,0.0018340000005991897,0
1,4,idle,917,0.002457999999933236,0
1,4,idle,918,0.002375000000029104,0
1,4,idle,919,0.0018749999999272404,0
1,4,idle,920,0.0017499999994470272,0
1,4,idle,921,0.0017909999996845727,0
1,4,idle,922,0.0019579999998313724,0
1,4,idle,923,0.002292000000124972,0
1,4,idle,924,0.001916999999593827,0
1,4,idle,925,0.0019160000001647859,0
1,4,idle,926,0.0017080000006899354,0
1,4,idle,927,0.0017090000001189765,0
1,4,idle,928,0.002541999999266409,0
1,4,idle,929,0.0028750000001309672,0
1,4,idle,930,0.001833000000260654,0
1,4,idle,931,0.001750000000356522,0
1,4,idle,932,0.001750000000356522,0
1,4,idle,933,0.0017909999996845727,0
1,4,idle,934,0.0023330000003625173,0
1,4,idle,935,0.001833000000260654,0
1,4,idle,936,0.002417000000605185,0
1,4,idle,937,0.0017079999997804407,0
1,4,idle,938,0.0017079999997804407,0
1,4,idle,939,0.0021669999996447586,0
1,4,idle,940,0.002624999999170541,0
1,4,idle,941,0.0017079999997804407,0
1,4,idle,942,0.0017920000000231084,0
1,4,idle,943,0.001916999999593827,0
1,4,idle,944,0.0022500000004583853,0
1,4,idle,945,0.0017920000000231084,0
1,4,idle,946,0.001833000000260654,0
1,4,idle,947,0.0017909999996845727,0
1,4,idle,948,0.0017909999996845727,0
1,4,idle,949,0.0018749999999272404,0
1,4,idle,950,0.0024169999996956903,0
1,4,idle,951,0.0017090000001189765,0
1,4,idle,952,0.0017920000000231084,0
1,4,idle,953,0.0017920000000231084,0
1,4,idle,954,0.0017499999994470272,0
1,4,idle,955,0.002207999999882304,0
1,4,idle,956,0.0017499999994470272,0
1,4,idle,957,0.001750000000356522,0
1,4,idle,958,0.001750000000356522,0
1,4,idle,959,0.0017089999992094818,0
1,4,idle,960,0.002207999999882304,0
1,4,idle,961,0.001833000000260654,0
1,4,idle,962,0.001833000000260654,0
1,4,idle,963,0.001750000000356522,0
1,4,idle,964,0.001750000000356522,0
1,4,idle,965,0.0021669999996447586,0
1,4,idle,966,0.002417000000605185,0
1,4,idle,967,0.0017089999992094818,0
1,4,idle,968,0.0018749999999272404,0
1,4,idle,969,0.001916999999593827,0
1,4,idle,970,0.002583000000413449,0
1,4,idle,971,0.002291000000695931,0
1,4,idle,972,0.002207999999882304,0
1,4,idle,973,0.0018750000008367351,0
1,4,idle,974,0.0018749999999272404,0
1,4,idle,975,0.0018749999999272404,0
1,4,idle,976,0.002292000000124972,0
1,4,idle,977,0.0019159999992552912,0
1,4,idle,978,0.0019579999998313724,0
1,4,idle,979,0.002583000000413449,0
1,4,idle,980,0.001750000000356522,0
1,4,idle,981,0.0023330000003625173,0
1,4,idle,982,0.0017499999994470272,0
1,4,idle,983,0.0018749999999272404,0
1,4,idle,984,0.001833000000260654,0
1,4,idle,985,0.00204200000007404,0
1,4,idle,986,0.0021660000002157176,0
1,4,idle,987,0.0017499999994470272,0
1,4,idle,988,0.0018749999999272404,0
1,4,idle,989,0.0019160000001647859,0
1,4,idle,990,0.0019170000005033216,0
1,4,idle,991,0.0018749999999272404,0
1,4,idle,992,0.0024169999996956903,0
1,4,idle,993,0.0019579999998313724,0
1,4,idle,994,0.001833000000260654,0
1,4,idle,995,0.001959000000169908,0
1,4,idle,996,0.0022499999995488906,0
1,4,idle,997,0.0023339999997915584,0
1,4,idle,998,0.001916999999593827,0
1,4,idle,999,0.0018749999999272404,0
1,4,event,0,0.03225000000020373,4
1,4,event,1,0.003333000000566244,0
1,4,event,2,0.0019160000001647859,0
1,4,event,3,0.002666000000317581,0
1,4,event,4,0.0018749999999272404,0
1,4,event,5,0.0018750000008367351,0
1,4,event,6,0.0017920000000231084,0
1,4,event,7,0.0018340000005991897,0
1,4,event,8,0.0023329999994530226,0
1,4,event,9,0.0017920000000231084,0
1,4,event,10,0.0018750000008367351,0
1,4,event,11,0.0017910000005940674,0
1,4,event,12,0.0017080000006899354,0
1,4,event,13,0.0022499999995488906,0
1,4,event,14,0.001833000000260654,0
1,4,event,15,0.0022499999995488906,0
1,4,event,16,0.0017920000000231084,0
1,4,event,17,0.0017499999994470272,0
1,4,event,18,0.0017920000000231084,0
1,4,event,19,0.0024169999996956903,0
1,4,event,20,0.0017079999997804407,0
1,4,event,21,0.0017920000000231084,0
1,4,event,22,0.001833000000260654,0
1,4,event,23,0.0017079999997804407,0
1,4,event,24,0.0024590000002717716,0
1,4,event,25,0.0017920000000231084,0
1,4,event,26,0.001750000000356522,0
1,4,event,27,0.0017920000000231084,0
1,4,event,28,0.0020419999991645454,0
1,4,event,29,0.002290999999786436,0
1,4,event,30,0.0017499999994470272,0
1,4,event,31,0.0018749999999272404,0
1,4,event,32,0.0017920000000231084,0
1,4,event,33,0.001750000000356522,0
1,4,event,34,0.002165999999306223,0
1,4,event,35,0.0017079999997804407,0
1,4,event,36,0.0017920000000231084,0
1,4,event,37,0.0017920000000231084,0
1,4,event,38,0.0017080000006899354,0
1,4,event,39,0.001750000000356522,0
1,4,event,40,0.002292000000124972,0
1,4,event,41,0.0018340000005991897,0
1,4,event,42,0.0018749999999272404,0
1,4,event,43,0.0018749999999272404,0
1,4,event,44,0.0017080000006899354,0
1,4,event,45,0.0023330000003625173,0
1,4,event,46,0.002207999999882304,0
1,4,event,47,0.002291999999215477,0
1,4,event,48,0.0017909999996845727,0
1,4,event,49,0.0018749999999272404,0
1,4,event,50,0.002292000000124972,0
1,4,event,51,0.0019579999998313724,0
1,4,event,52,0.0017090000001189765,0
1,4,event,53,0.0017920000000231084,0
1,4,event,54,0.001750000000356522,0
1,4,event,55,0.002207999999882304,0
1,4,event,56,0.0029580000000350992,0
1,4,event,57,0.00204200000007404,0
1,4,event,58,0.0019170000005033216,0
1,4,event,59,0.001750000000356522,0
1,4,event,60,0.027666999999382824,4
1,4,event,61,0.0033329999996567494,0
1,4,event,62,0.001833999999689695,0
1,4,event,63,0.0018329999993511592,0
1,4,event,64,0.002541999999266409,0
1,4,event,65,0.0017499999994470272,0
1,4,event,66,0.001750000000356522,0
1,4,event,67,0.0020830000003115856,0
1,4,event,68,0.0016659999992043595,0
1,4,event,69,0.0026250000000800355,0
1,4,event,70,0.001833999999689695,0
1,4,event,71,0.0017920000000231084,0
1,4,event,72,0.0018749999999272404,0
1,4,event,73,0.001833000000260654,0
1,4,event,74,0.0023339999997915584,0
1,4,event,75,0.002749999999650754,0
1,4,event,76,0.0017920000000231084,0
1,4,event,77,0.0017079999997804407,0
1,4,event,78,0.001750000000356522,0
1,4,event,79,0.002375000000029104,0
1,4,event,80,0.002666000000317581,0
1,4,event,81,0.0018750000008367351,0
1,4,event,82,0.001833999999689695,0
1,4,event,83,0.0019170000005033216,0
1,4,event,84,0.0020000000004074536,0
1,4,event,85,0.0026250000000800355,0
1,4,event,86,0.0019170000005033216,0
1,4,event,87,0.0021669999996447586,0
1,4,event,88,0.001750000000356522,0
1,4,event,89,0.0017909999996845727,0
1,4,event,90,0.002292000000124972,0
1,4,event,91,0.0017090000001189765,0
1,4,event,92,0.001833999999689695,0
1,4,event,93,0.0017920000000231084,0
1,4,event,94,0.002292000000124972,0
1,4,event,95,0.0023339999997915584,0
1,4,event,96,0.001750000000356522,0
1,4,event,97,0.0017079999997804407,0
1,4,event,98,0.0017920000000231084,0
1,4,event,99,0.0018329999993511592,0
1,4,event,100,0.0017909999996845727,0
1,4,event,101,0.002290999999786436,0
1,4,event,102,0.001750000000356522,0
1,4,event,103,0.001750000000356522,0
1,4,event,104,0.0019170000005033216,0
1,4,event,105,0.002457999999933236,0
1,4,event,106,0.002207999999882304,0
1,4,event,107,0.001750000000356522,0
1,4,event,108,0.0017499999994470272,0
1,4,event,109,0.0026670000006561168,0
1,4,event,110,0.0019160000001647859,0
1,4,event,111,0.002165999999306223,0
1,4,event,112,0.001833000000260654,0
1,4,event,113,0.0017910000005940674,0
1,4,event,114,0.001750000000356522,0
1,4,event,115,0.001916999999593827,0
1,4,event,116,0.0029169999997975538,0
1,4,event,117,0.001750000000356522,0
1,4,event,118,0.0017920000000231084,0
1,4,event,119,0.002417000000605185,0
1,4,event,120,0.024333999999726075,4
1,4,event,121,0.00258399999984249,0
1,4,event,122,0.002541999999266409,0
1,4,event,123,0.001959000000169908,0
1,4,event,124,0.001750000000356522,0
1,4,event,125,0.002500000000509317,0
1,4,event,126,0.001833000000260654,0
1,4,event,127,0.0017079999997804407,0
1,4,event,128,0.001833000000260654,0
1,4,event,129,0.0028750000001309672,0
1,4,event,130,0.0022500000004583853,0
1,4,event,131,0.0017920000000231084,0
1,4,event,132,0.001916999999593827,0
1,4,event,133,0.0017499999994470272,0
1,4,event,134,0.0023339999997915584,0
1,4,event,135,0.0023330000003625173,0
1,4,event,136,0.0019170000005033216,0
1,4,event,137,0.0017499999994470272,0
1,4,event,138,0.002290999999786436,0
1,4,event,139,0.0020409999997355044,0
1,4,event,140,0.001750000000356522,0
1,4,event,141,0.0025420000001759036,0
1,4,event,142,0.0018749999999272404,0
1,4,event,143,0.0017090000001189765,0
1,4,event,144,0.001833000000260654,0
1,4,event,145,0.0017079999997804407,0
1,4,event,146,0.002290999999786436,0
1,4,event,147,0.0017920000000231084,0
1,4,event,148,0.0017090000001189765,0
1,4,event,149,0.0018749999999272404,0
1,4,event,150,0.0017499999994470272,0
1,4,event,151,0.002207999999882304,0
1,4,event,152,0.0017080000006899354,0
1,4,event,153,0.001833000000260654,0
1,4,event,154,0.0017499999994470272,0
1,4,event,155,0.0017499999994470272,0
1,4,event,156,0.0027079999999841675,0
1,4,event,157,0.0028750000001309672,0
1,4,event,158,0.001833000000260654,0
1,4,event,159,0.001833000000260654,0
1,4,event,160,0.002457999999933236,0
1,4,event,161,0.002666999999746622,0
1,4,event,162,0.0023330000003625173,0
1,4,event,163,0.0023339999997915584,0
1,4,event,164,0.0019170000005033216,0
1,4,event,165,0.0022500000004583853,0
1,4,event,166,0.0017079999997804407,0
1,4,event,167,0.002292000000124972,0
1,4,event,168,0.001750000000356522,0
1,4,event,169,0.001916999999593827,0
1,4,event,170,0.0016659999992043595,0
1,4,event,171,0.001833000000260654,0
1,4,event,172,0.002291000000695931,0
1,4,event,173,0.0018749999999272404,0
1,4,event,174,0.0021669999996447586,0
1,4,event,175,0.0021660000002157176,0
1,4,event,176,0.001833000000260654,0
1,4,event,177,0.00220900000022084,0
1,4,event,178,0.001833000000260654,0
1,4,event,179,0.0017079999997804407,0
1,4,event,180,0.02266700000018318,4
1,4,event,181,0.003291999999419204,0
1,4,event,182,0.002124999999978172,0
1,4,event,183,0.0026250000000800355,0
1,4,event,184,0.00204200000007404,0
1,4,event,185,0.0018750000008367351,0
1,4,event,186,0.002292000000124972,0
1,4,event,187,0.0017920000000231084,0
1,4,event,188,0.0017499999994470272,0
1,4,event,189,0.0018749999999272404,0
1,4,event,190,0.0017909999996845727,0
1,4,event,191,0.002290999999786436,0
1,4,event,192,0.0016660000001138542,0
1,4,event,193,0.0017079999997804407,0
1,4,event,194,0.001750000000356522,0
1,4,event,195,0.0026250000000800355,0
1,4,event,196,0.002375000000029104,0
1,4,event,197,0.0018340000005991897,0
1,4,event,198,0.0020000000004074536,0
1,4,event,199,0.001750000000356522,0
1,4,event,200,0.001833000000260654,0
1,4,event,201,0.001833000000260654,0
1,4,event,202,0.0027090000003227033,0
1,4,event,203,0.0020000000004074536,0
1,4,event,204,0.0017909999996845727,0
1,4,event,205,0.0017079999997804407,0
1,4,event,206,0.0026250000000800355,0
1,4,event,207,0.002207999999882304,0
1,4,event,208,0.0017920000000231084,0
1,4,event,209,0.001999999999497959,0
1,4,event,210,0.0017920000000231084,0
1,4,event,211,0.0018749999999272404,0
1,4,event,212,0.002500000000509317,0
1,4,event,213,0.001833000000260654,0
1,4,event,214,0.0017080000006899354,0
1,4,event,215,0.0017920000000231084,0
1,4,event,216,0.0019160000001647859,0
1,4,event,217,0.002417000000605185,0
1,4,event,218,0.0017079999997804407,0
1,4,event,219,0.0018329999993511592,0
1,4,event,220,0.0018749999999272404,0
1,4,event,221,0.001833000000260654,0
1,4,event,222,0.0017920000000231084,0
1,4,event,223,0.0024169999996956903,0
1,4,event,224,0.001833000000260654,0
1,4,event,225,0.002666000000317581,0
1,4,event,226,0.0017499999994470272,0
1,4,event,227,0.0018340000005991897,0
1,4,event,228,0.002291999999215477,0
1,4,event,229,0.0017920000000231084,0
1,4,event,230,0.0018749999999272404,0
1,4,event,231,0.0017499999994470272,0
1,4,event,232,0.0018750000008367351,0
1,4,event,233,0.002457999999933236,0
1,4,event,234,0.0020000000004074536,0
1,4,event,235,0.0024169999996956903,0
1,4,event,236,0.0018749999999272404,0
1,4,event,237,0.001833999999689695,0
1,4,event,238,0.0017499999994470272,0
1,4,event,239,0.0021669999996447586,0
1,4,event,240,0.025666999999884865,4
1,4,event,241,0.002375000000029104,0
1,4,event,242,0.0024999999995998223,0
1,4,event,243,0.0017499999994470272,0
1,4,event,244,0.002375000000029104,0
1,4,event,245,0.0018750000008367351,0
1,4,event,246,0.0024590000002717716,0
1,4,event,247,0.0023330000003625173,0
1,4,event,248,0.001750000000356522,0
1,4,event,249,0.001833999999689695,0
1,4,event,250,0.0017920000000231084,0
1,4,event,251,0.0021669999996447586,0
1,4,event,252,0.002375000000029104,0
1,4,event,253,0.0018749999999272404,0
1,4,event,254,0.002583000000413449,0
1,4,event,255,0.001833000000260654,0
1,4,event,256,0.0018749999999272404,0
1,4,event,257,0.0026659999994080863,0
1,4,event,258,0.0019579999998313724,0
1,4,event,259,0.0019579999998313724,0
1,4,event,260,0.001750000000356522,0
1,4,event,261,0.001833000000260654,0
1,4,event,262,0.001958000000740867,0
1,4,event,263,0.0024999999995998223,0
1,4,event,264,0.001833000000260654,0
1,4,event,265,0.0023330000003625173,0
1,4,event,266,0.0017909999996845727,0
1,4,event,267,0.0017920000000231084,0
1,4,event,268,0.0024169999996956903,0
1,4,event,269,0.0017090000001189765,0
1,4,event,270,0.0017920000000231084,0
1,4,event,271,0.001750000000356522,0
1,4,event,272,0.0018749999999272404,0
1,4,event,273,0.002291999999215477,0
1,4,event,274,0.0017499999994470272,0
1,4,event,275,0.0017079999997804407,0
1,4,event,276,0.0018329999993511592,0
1,4,event,277,0.0018749999999272404,0
1,4,event,278,0.0017920000000231084,0
1,4,event,279,0.002334000000701053,0
1,4,event,280,0.001833000000260654,0
1,4,event,281,0.001833000000260654,0
1,4,event,282,0.0020000000004074536,0
1,4,event,283,0.0017499999994470272,0
1,4,event,284,0.003125000000181899,0
1,4,event,285,0.0018749999999272404,0
1,4,event,286,0.001750000000356522,0
1,4,event,287,0.0017499999994470272,0
1,4,event,288,0.0026250000000800355,0
1,4,event,289,0.002292000000124972,0
1,4,event,290,0.0018749999999272404,0
1,4,event,291,0.00166700000045239,0
1,4,event,292,0.0017499999994470272,0
1,4,event,293,0.0018749999999272404,0
1,4,event,294,0.0022499999995488906,0
1,4,event,295,0.0025829999995039543,0
1,4,event,296,0.0017909999996845727,0
1,4,event,297,0.0018329999993511592,0
1,4,event,298,0.001833000000260654,0
1,4,event,299,0.0017920000000231084,0
1,4,event,300,0.02208299999983865,4
1,4,event,301,0.0027500000005602487,0
1,4,event,302,0.0018749999999272404,0
1,4,event,303,0.0025410000007468625,0
1,4,event,304,0.0019160000001647859,0
1,4,event,305,0.002624999999170541,0
1,4,event,306,0.001916999999593827,0
1,4,event,307,0.0018749999999272404,0
1,4,event,308,0.0024160000002666493,0
1,4,event,309,0.0020830000003115856,0
1,4,event,310,0.0018749999999272404,0
1,4,event,311,0.0017920000000231084,0
1,4,event,312,0.002124999999978172,0
1,4,event,313,0.0028330000004643807,0
1,4,event,314,0.001833000000260654,0
1,4,event,315,0.0020409999997355044,0
1,4,event,316,0.0018329999993511592,0
1,4,event,317,0.0020830000003115856,0
1,4,event,318,0.002124999999978172,0
1,4,event,319,0.0017920000000231084,0
1,4,event,320,0.0020839999997406267,0
1,4,event,321,0.001833000000260654,0
1,4,event,322,0.0021660000002157176,0
1,4,event,323,0.001916999999593827,0
1,4,event,324,0.002500000000509317,0
1,4,event,325,0.0019579999998313724,0
1,4,event,326,0.0020839999997406267,0
1,4,event,327,0.0018749999999272404,0
1,4,event,328,0.0017920000000231084,0
1,4,event,329,0.0024590000002717716,0
1,4,event,330,0.002334000000701053,0
1,4,event,331,0.001750000000356522,0
1,4,event,332,0.001750000000356522,0
1,4,event,333,0.0019160000001647859,0
1,4,event,334,0.0024169999996956903,0
1,4,event,335,0.0017499999994470272,0
1,4,event,336,0.0017499999994470272,0
1,4,event,337,0.0017920000000231084,0
1,4,event,338,0.0018749999999272404,0
1,4,event,339,0.0017920000000231084,0
1,4,event,340,0.002208999999311345,0
1,4,event,341,0.001750000000356522,0
1,4,event,342,0.0017920000000231084,0
1,4,event,343,0.0017499999994470272,0
1,4,event,344,0.002457999999933236,0
1,4,event,345,0.0022500000004583853,0
1,4,event,346,0.0017079999997804407,0
1,4,event,347,0.0019159999992552912,0
1,4,event,348,0.0018329999993511592,0
1,4,event,349,0.0017910000005940674,0
1,4,event,350,0.002292000000124972,0
1,4,event,351,0.001750000000356522,0
1,4,event,352,0.0018749999999272404,0
1,4,event,353,0.001833999999689695,0
1,4,event,354,0.001750000000356522,0
1,4,event,355,0.0029589999994641403,0
1,4,event,356,0.0018340000005991897,0
1,4,event,357,0.0017920000000231084,0
1,4,event,358,0.0017499999994470272,0
1,4,event,359,0.0030830000005153124,0
1,4,event,360,0.02320800000052259,4
1,4,event,361,0.0024169999996956903,0
1,4,event,362,0.0020000000004074536,0
1,4,event,363,0.0025420000001759036,0
1,4,event,364,0.0024169999996956903,0
1,4,event,365,0.0017909999996845727,0
1,4,event,366,0.002375000000029104,0
1,4,event,367,0.00204200000007404,0
1,4,event,368,0.0017499999994470272,0
1,4,event,369,0.0022500000004583853,0
1,4,event,370,0.0018749999999272404,0
1,4,event,371,0.0017920000000231084,0
1,4,event,372,0.001750000000356522,0
1,4,event,373,0.0023330000003625173,0
1,4,event,374,0.0027920000002268353,0
1,4,event,375,0.0018749999999272404,0
1,4,event,376,0.0018750000008367351,0
1,4,event,377,0.0017920000000231084,0
1,4,event,378,0.001750000000356522,0
1,4,event,379,0.001833000000260654,0
1,4,event,380,0.0022499999995488906,0
1,4,event,381,0.0017920000000231084,0
1,4,event,382,0.0017080000006899354,0
1,4,event,383,0.001833000000260654,0
1,4,event,384,0.001833000000260654,0
1,4,event,385,0.002375000000029104,0
1,4,event,386,0.001833000000260654,0
1,4,event,387,0.0023339999997915584,0
1,4,event,388,0.001916999999593827,0
1,4,event,389,0.0018329999993511592,0
1,4,event,390,0.002375000000029104,0
1,4,event,391,0.001833000000260654,0
1,4,event,392,0.0019579999998313724,0
1,4,event,393,0.0017909999996845727,0
1,4,event,394,0.001833000000260654,0
1,4,event,395,0.002292000000124972,0
1,4,event,396,0.0018749999999272404,0
1,4,event,397,0.0017079999997804407,0
1,4,event,398,0.0017079999997804407,0
1,4,event,399,0.001750000000356522,0
1,4,event,400,0.0017920000000231084,0
1,4,event,401,0.002208000000791799,0
1,4,event,402,0.001750000000356522,0
1,4,event,403,0.002375000000029104,0
1,4,event,404,0.0017920000000231084,0
1,4,event,405,0.001750000000356522,0
1,4,event,406,0.0022499999995488906,0
1,4,event,407,0.0017079999997804407,0
1,4,event,408,0.0024159999993571546,0
1,4,event,409,0.0027079999999841675,0
1,4,event,410,0.0018340000005991897,0
1,4,event,411,0.003416999999899417,0
1,4,event,412,0.0018329999993511592,0
1,4,event,413,0.0017920000000231084,0
1,4,event,414,0.002290999999786436,0
1,4,event,415,0.0025829999995039543,0
1,4,event,416,0.002290999999786436,0
1,4,event,417,0.001958000000740867,0
1,4,event,418,0.00204200000007404,0
1,4,event,419,0.0017499999994470272,0
1,4,event,420,0.032040999999480846,4
1,4,event,421,0.002500000000509317,0
1,4,event,422,0.0019170000005033216,0
1,4,event,423,0.0018749999999272404,0
1,4,event,424,0.0018329999993511592,0
1,4,event,425,0.0023339999997915584,0
1,4,event,426,0.001916999999593827,0
1,4,event,427,0.0024169999996956903,0
1,4,event,428,0.0017909999996845727,0
1,4,event,429,0.0019579999998313724,0
1,4,event,430,0.002292000000124972,0
1,4,event,431,0.0017499999994470272,0
1,4,event,432,0.00724999999965803,0
1,4,event,433,0.0021669999996447586,0
1,4,event,434,0.001833999999689695,0
1,4,event,435,0.0024999999995998223,0
1,4,event,436,0.0017079999997804407,0
1,4,event,437,0.001750000000356522,0
1,4,event,438,0.0017499999994470272,0
1,4,event,439,0.0019579999998313724,0
1,4,event,440,0.0020409999997355044,0
1,4,event,441,0.002292000000124972,0
1,4,event,442,0.0017920000000231084,0
1,4,event,443,0.001833999999689695,0
1,4,event,444,0.0017920000000231084,0
1,4,event,445,0.001750000000356522,0
1,4,event,446,0.0029999999997016857,0
1,4,event,447,0.0019589999992604135,0
1,4,event,448,0.0017920000000231084,0
1,4,event,449,0.001750000000356522,0
1,4,event,450,0.0017079999997804407,0
1,4,event,451,0.0022499999995488906,0
1,4,event,452,0.0016660000001138542,0
1,4,event,453,0.0017910000005940674,0
1,4,event,454,0.001750000000356522,0
1,4,event,455,0.0017079999997804407,0
1,4,event,456,0.0021670000005542533,0
1,4,event,457,0.0017090000001189765,0
1,4,event,458,0.0017499999994470272,0
1,4,event,459,0.0017909999996845727,0
1,4,event,460,0.001833000000260654,0
1,4,event,461,0.0017909999996845727,0
1,4,event,462,0.0029580000000350992,0
1,4,event,463,0.0017920000000231084,0
1,4,event,464,0.0018340000005991897,0
1,4,event,465,0.001999999999497959,0
1,4,event,466,0.001750000000356522,0
1,4,event,467,0.0022499999995488906,0
1,4,event,468,0.001833999999689695,0
1,4,event,469,0.0017920000000231084,0
1,4,event,470,0.001750000000356522,0
1,4,event,471,0.0019589999992604135,0
1,4,event,472,0.002666999999746622,0
1,4,event,473,0.0017499999994470272,0
1,4,event,474,0.002375000000029104,0
1,4,event,475,0.0017079999997804407,0
1,4,event,476,0.0018340000005991897,0
1,4,event,477,0.0022500000004583853,0
1,4,event,478,0.0019170000005033216,0
1,4,event,479,0.0020000000004074536,0
1,4,event,480,0.024042000000008557,4
1,4,event,481,0.0032920000003286987,0
1,4,event,482,0.0019170000005033216,0
1,4,event,483,0.002292000000124972,0
1,4,event,484,0.0020000000004074536,0
1,4,event,485,0.0017910000005940674,0
1,4,event,486,0.002457999999933236,0
1,4,event,487,0.0017499999994470272,0
1,4,event,488,0.0023339999997915584,0
1,4,event,489,0.0018340000005991897,0
1,4,event,490,0.0018329999993511592,0
1,4,event,491,0.002457999999933236,0
1,4,event,492,0.0024159999993571546,0
1,4,event,493,0.0017909999996845727,0
1,4,event,494,0.0018329999993511592,0
1,4,event,495,0.001833000000260654,0
1,4,event,496,0.0022500000004583853,0
1,4,event,497,0.0017920000000231084,0
1,4,event,498,0.0023330000003625173,0
1,4,event,499,0.0017910000005940674,0
1,4,event,500,0.0025420000001759036,0
1,4,event,501,0.0017499999994470272,0
1,4,event,502,0.002208000000791799,0
1,4,event,503,0.001750000000356522,0
1,4,event,504,0.0017909999996845727,0
1,4,event,505,0.0017079999997804407,0
1,4,event,506,0.0017499999994470272,0
1,4,event,507,0.0021669999996447586,0
1,4,event,508,0.0018750000008367351,0
1,4,event,509,0.00204200000007404,0
1,4,event,510,0.0018749999999272404,0
1,4,event,511,0.001916999999593827,0
1,4,event,512,0.0024999999995998223,0
1,4,event,513,0.001750000000356522,0
1,4,event,514,0.0018749999999272404,0
1,4,event,515,0.0018329999993511592,0
1,4,event,516,0.0019159999992552912,0
1,4,event,517,0.0024169999996956903,0
1,4,event,518,0.001833000000260654,0
1,4,event,519,0.0017920000000231084,0
1,4,event,520,0.001833999999689695,0
1,4,event,521,0.0017920000000231084,0
1,4,event,522,0.0021670000005542533,0
1,4,event,523,0.002292000000124972,0
1,4,event,524,0.0017090000001189765,0
1,4,event,525,0.0018329999993511592,0
1,4,event,526,0.0017909999996845727,0
1,4,event,527,0.0017910000005940674,0
1,4,event,528,0.0030829999996058177,0
1,4,event,529,0.0017920000000231084,0
1,4,event,530,0.0018340000005991897,0
1,4,event,531,0.0017920000000231084,0
1,4,event,532,0.0018749999999272404,0
1,4,event,533,0.002375000000029104,0
1,4,event,534,0.0020830000003115856,0
1,4,event,535,0.001833000000260654,0
1,4,event,536,0.001750000000356522,0
1,4,event,537,0.0017920000000231084,0
1,4,event,538,0.0023339999997915584,0
1,4,event,539,0.0018749999999272404,0
1,4,event,540,0.021292000000357802,4
1,4,event,541,0.00258399999984249,0
1,4,event,542,0.0028330000004643807,0
1,4,event,543,0.0018749999999272404,0
1,4,event,544,0.0019579999998313724,0
1,4,event,545,0.001916999999593827,0
1,4,event,546,0.0017499999994470272,0
1,4,event,547,0.002292000000124972,0
1,4,event,548,0.0017910000005940674,0
1,4,event,549,0.002291000000695931,0
1,4,event,550,0.001833000000260654,0
1,4,event,551,0.0026659999994080863,0
1,4,event,552,0.002207999999882304,0
1,4,event,553,0.0017079999997804407,0
1,4,event,554,0.001833000000260654,0
1,4,event,555,0.0017090000001189765,0
1,4,event,556,0.0018749999999272404,0
1,4,event,557,0.002375000000029104,0
1,4,event,558,0.001833000000260654,0
1,4,event,559,0.0017499999994470272,0
1,4,event,560,0.001750000000356522,0
1,4,event,561,0.0017080000006899354,0
1,4,event,562,0.0017920000000231084,0
1,4,event,563,0.0024169999996956903,0
1,4,event,564,0.0018749999999272404,0
1,4,event,565,0.0018340000005991897,0
1,4,event,566,0.0019159999992552912,0
1,4,event,567,0.001750000000356522,0
1,4,event,568,0.002375000000029104,0
1,4,event,569,0.0018749999999272404,0
1,4,event,570,0.001833999999689695,0
1,4,event,571,0.0017920000000231084,0
1,4,event,572,0.001750000000356522,0
1,4,event,573,0.0023330000003625173,0
1,4,event,574,0.001750000000356522,0
1,4,event,575,0.001833000000260654,0
1,4,event,576,0.0017499999994470272,0
1,4,event,577,0.001750000000356522,0
1,4,event,578,0.0024169999996956903,0
1,4,event,579,0.0017920000000231084,0
1,4,event,580,0.0017090000001189765,0
1,4,event,581,0.0028330000004643807,0
1,4,event,582,0.0017080000006899354,0
1,4,event,583,0.0017499999994470272,0
1,4,event,584,0.002375000000029104,0
1,4,event,585,0.0017909999996845727,0
1,4,event,586,0.001750000000356522,0
1,4,event,587,0.0018749999999272404,0
1,4,event,588,0.0019579999998313724,0
1,4,event,589,0.002375000000029104,0
1,4,event,590,0.0017920000000231084,0
1,4,event,591,0.0017909999996845727,0
1,4,event,592,0.001833000000260654,0
1,4,event,593,0.0023330000003625173,0
1,4,event,594,0.0027909999998882995,0
1,4,event,595,0.001750000000356522,0
1,4,event,596,0.0017920000000231084,0
1,4,event,597,0.0017090000001189765,0
1,4,event,598,0.001833000000260654,0
1,4,event,599,0.002082999999402091,0
1,4,event,600,0.02137499999935244,4
1,4,event,601,0.00258399999984249,0
1,4,event,602,0.001916999999593827,0
1,4,event,603,0.0026659999994080863,0
1,4,event,604,0.0018749999999272404,0
1,4,event,605,0.0018749999999272404,0
1,4,event,606,0.001833999999689695,0
1,4,event,607,0.0017920000000231084,0
1,4,event,608,0.0021660000002157176,0
1,4,event,609,0.001833000000260654,0
1,4,event,610,0.0023329999994530226,0
1,4,event,611,0.0025829999995039543,0
1,4,event,612,0.001833000000260654,0
1,4,event,613,0.0023329999994530226,0
1,4,event,614,0.0017499999994470272,0
1,4,event,615,0.0017920000000231084,0
1,4,event,616,0.0018749999999272404,0
1,4,event,617,0.0018749999999272404,0
1,4,event,618,0.002375000000029104,0
1,4,event,619,0.0017909999996845727,0
1,4,event,620,0.002165999999306223,0
1,4,event,621,0.0018749999999272404,0
1,4,event,622,0.0019579999998313724,0
1,4,event,623,0.001999999999497959,0
1,4,event,624,0.002500000000509317,0
1,4,event,625,0.0018749999999272404,0
1,4,event,626,0.0017910000005940674,0
1,4,event,627,0.0017920000000231084,0
1,4,event,628,0.00204200000007404,0
1,4,event,629,0.002207999999882304,0
1,4,event,630,0.001916999999593827,0
1,4,event,631,0.0017920000000231084,0
1,4,event,632,0.001750000000356522,0
1,4,event,633,0.00204200000007404,0
1,4,event,634,0.0023330000003625173,0
1,4,event,635,0.0017910000005940674,0
1,4,event,636,0.0017920000000231084,0
1,4,event,637,0.001833999999689695,0
1,4,event,638,0.001833000000260654,0
1,4,event,639,0.002457999999933236,0
1,4,event,640,0.001833999999689695,0
1,4,event,641,0.002375000000029104,0
1,4,event,642,0.002583000000413449,0
1,4,event,643,0.0020830000003115856,0
1,4,event,644,0.0018749999999272404,0
1,4,event,645,0.002457999999933236,0
1,4,event,646,0.0017909999996845727,0
1,4,event,647,0.0019579999998313724,0
1,4,event,648,0.0027079999999841675,0
1,4,event,649,0.0018749999999272404,0
1,4,event,650,0.0022499999995488906,0
1,4,event,651,0.001750000000356522,0
1,4,event,652,0.0017920000000231084,0
1,4,event,653,0.001750000000356522,0
1,4,event,654,0.002207999999882304,0
1,4,event,655,0.002666000000317581,0
1,4,event,656,0.0017909999996845727,0
1,4,event,657,0.0017499999994470272,0
1,4,event,658,0.0021670000005542533,0
1,4,event,659,0.002375000000029104,0
1,4,event,660,0.02179100000012113,4
1,4,event,661,0.0022499999995488906,0
1,4,event,662,0.002791000000797794,0
1,4,event,663,0.0019579999998313724,0
1,4,event,664,0.002541999999266409,0
1,4,event,665,0.002292000000124972,0
1,4,event,666,0.002082999999402091,0
1,4,event,667,0.002124999999978172,0
1,4,event,668,0.0017079999997804407,0
1,4,event,669,0.0024999999995998223,0
1,4,event,670,0.0026670000006561168,0
1,4,event,671,0.0025420000001759036,0
1,4,event,672,0.0017920000000231084,0
1,4,event,673,0.0017499999994470272,0
1,4,event,674,0.0023330000003625173,0
1,4,event,675,0.0018749999999272404,0
1,4,event,676,0.001833000000260654,0
1,4,event,677,0.0019160000001647859,0
1,4,event,678,0.0017920000000231084,0
1,4,event,679,0.0024169999996956903,0
1,4,event,680,0.0018329999993511592,0
1,4,event,681,0.0017909999996845727,0
1,4,event,682,0.0018749999999272404,0
1,4,event,683,0.0017910000005940674,0
1,4,event,684,0.0019579999998313724,0
1,4,event,685,0.0023329999994530226,0
1,4,event,686,0.0018329999993511592,0
1,4,event,687,0.0017920000000231084,0
1,4,event,688,0.0017499999994470272,0
1,4,event,689,0.001999999999497959,0
1,4,event,690,0.0023339999997915584,0
1,4,event,691,0.0017920000000231084,0
1,4,event,692,0.0019579999998313724,0
1,4,event,693,0.001750000000356522,0
1,4,event,694,0.001959000000169908,0
1,4,event,695,0.002375000000029104,0
1,4,event,696,0.0020000000004074536,0
1,4,event,697,0.0019170000005033216,0
1,4,event,698,0.0017920000000231084,0
1,4,event,699,0.001833999999689695,0
1,4,event,700,0.00258399999984249,0
1,4,event,701,0.0019170000005033216,0
1,4,event,702,0.0023339999997915584,0
1,4,event,703,0.0017499999994470272,0
1,4,event,704,0.0017499999994470272,0
1,4,event,705,0.0017079999997804407,0
1,4,event,706,0.002207999999882304,0
1,4,event,707,0.0018749999999272404,0
1,4,event,708,0.0017920000000231084,0
1,4,event,709,0.0017090000001189765,0
1,4,event,710,0.0017079999997804407,0
1,4,event,711,0.002290999999786436,0
1,4,event,712,0.0018749999999272404,0
1,4,event,713,0.0017920000000231084,0
1,4,event,714,0.002292000000124972,0
1,4,event,715,0.001750000000356522,0
1,4,event,716,0.002375000000029104,0
1,4,event,717,0.0019579999998313724,0
1,4,event,718,0.002292000000124972,0
1,4,event,719,0.0017909999996845727,0
1,4,event,720,0.02804199999991397,4
1,4,event,721,0.00316700000075798,0
1,4,event,722,0.00204200000007404,0
1,4,event,723,0.0018749999999272404,0
1,4,event,724,0.0017499999994470272,0
1,4,event,725,90.08862500000032,0
1,4,event,726,0.04179099999964819,0
1,4,event,727,0.0040829999998095445,0
1,4,event,728,0.0028750000001309672,0
1,4,event,729,0.002583000000413449,0
1,4,event,730,0.008417000000008557,0
1,4,event,731,0.0022500000004583853,0
1,4,event,732,0.004582999999911408,0
1,4,event,733,0.002082999999402091,0
1,4,event,734,0.00204200000007404,0
1,4,event,735,0.002832999999554886,0
1,4,event,736,0.001999999999497959,0
1,4,event,737,0.0019579999998313724,0
1,4,event,738,0.001833000000260654,0
1,4,event,739,0.0028750000001309672,0
1,4,event,740,0.00258399999984249,0
1,4,event,741,0.00204200000007404,0
1,4,event,742,0.0019579999998313724,0
1,4,event,743,0.0019579999998313724,0
1,4,event,744,0.001999999999497959,0
1,4,event,745,0.0018749999999272404,0
1,4,event,746,0.003042000000277767,0
1,4,event,747,0.001959000000169908,0
1,4,event,748,0.0018749999999272404,0
1,4,event,749,0.0032920000003286987,0
1,4,event,750,0.0017920000000231084,0
1,4,event,751,0.0023339999997915584,0
1,4,event,752,0.00204200000007404,0
1,4,event,753,0.0017920000000231084,0
1,4,event,754,0.0018749999999272404,0
1,4,event,755,0.001999999999497959,0
1,4,event,756,0.0024169999996956903,0
1,4,event,757,0.0018749999999272404,0
1,4,event,758,0.001916999999593827,0
1,4,event,759,0.001833000000260654,0
1,4,event,760,0.0033750000002328306,0
1,4,event,761,0.0017909999996845727,0
1,4,event,762,0.0025420000001759036,0
1,4,event,763,0.0017920000000231084,0
1,4,event,764,0.0019579999998313724,0
1,4,event,765,0.0018329999993511592,0
1,4,event,766,0.0020409999997355044,0
1,4,event,767,0.002500000000509317,0
1,4,event,768,0.003666999999950349,0
1,4,event,769,0.0017920000000231084,0
1,4,event,770,0.0019160000001647859,0
1,4,event,771,0.0017920000000231084,0
1,4,event,772,0.002457999999933236,0
1,4,event,773,0.0028330000004643807,0
1,4,event,774,0.0017920000000231084,0
1,4,event,775,0.0017920000000231084,0
1,4,event,776,0.0020830000003115856,0
1,4,event,777,0.002417000000605185,0
1,4,event,778,0.0018329999993511592,0
1,4,event,779,0.0017920000000231084,0
1,4,event,780,0.08312500000010914,4
1,4,event,781,0.005167000000255939,0
1,4,event,782,0.0024169999996956903,0
1,4,event,783,0.0031669999998484855,0
1,4,event,784,0.002082999999402091,0
1,4,event,785,0.0018329999993511592,0
1,4,event,786,0.0026250000000800355,0
1,4,event,787,0.00204200000007404,0
1,4,event,788,0.0018749999999272404,0
1,4,event,789,0.0018749999999272404,0
1,4,event,790,0.0027079999999841675,0
1,4,event,791,0.002375000000029104,0
1,4,event,792,0.0018749999999272404,0
1,4,event,793,0.0026250000000800355,0
1,4,event,794,0.00204200000007404,0
1,4,event,795,0.0017499999994470272,0
1,4,event,796,0.002375000000029104,0
1,4,event,797,0.0020830000003115856,0
1,4,event,798,0.001916999999593827,0
1,4,event,799,0.001750000000356522,0
1,4,event,800,0.0018750000008367351,0
1,4,event,801,0.0020409999997355044,0
1,4,event,802,0.0021660000002157176,0
1,4,event,803,0.0018750000008367351,0
1,4,event,804,0.0017079999997804407,0
1,4,event,805,0.0017920000000231084,0
1,4,event,806,0.0027079999999841675,0
1,4,event,807,0.002375000000029104,0
1,4,event,808,0.001833999999689695,0
1,4,event,809,0.001916999999593827,0
1,4,event,810,0.0017920000000231084,0
1,4,event,811,0.0024590000002717716,0
1,4,event,812,0.002500000000509317,0
1,4,event,813,0.0019160000001647859,0
1,4,event,814,0.0017909999996845727,0
1,4,event,815,0.0018329999993511592,0
1,4,event,816,0.0017920000000231084,0
1,4,event,817,0.002375000000029104,0
1,4,event,818,0.0017920000000231084,0
1,4,event,819,0.0017920000000231084,0
1,4,event,820,0.002375000000029104,0
1,4,event,821,0.0019170000005033216,0
1,4,event,822,0.001750000000356522,0
1,4,event,823,0.002457999999933236,0
1,4,event,824,0.0017909999996845727,0
1,4,event,825,0.001750000000356522,0
1,4,event,826,0.0019160000001647859,0
1,4,event,827,0.001750000000356522,0
1,4,event,828,0.0024590000002717716,0
1,4,event,829,0.001833000000260654,0
1,4,event,830,0.001833000000260654,0
1,4,event,831,0.001833000000260654,0
1,4,event,832,0.0017920000000231084,0
1,4,event,833,0.0033750000002328306,0
1,4,event,834,0.001833999999689695,0
1,4,event,835,0.0019579999998313724,0
1,4,event,836,0.0017920000000231084,0
1,4,event,837,0.0018749999999272404,0
1,4,event,838,0.002457999999933236,0
1,4,event,839,0.0018749999999272404,0
1,4,event,840,0.031833999999435036,4
1,4,event,841,0.003875000000334694,0
1,4,event,842,0.002207999999882304,0
1,4,event,843,0.0019579999998313724,0
1,4,event,844,0.0019579999998313724,0
1,4,event,845,0.001750000000356522,0
1,4,event,846,0.0019579999998313724,0
1,4,event,847,0.002457999999933236,0
1,4,event,848,0.001750000000356522,0
1,4,event,849,0.0018749999999272404,0
1,4,event,850,0.0035410000000410946,0
1,4,event,851,0.0017499999994470272,0
1,4,event,852,0.0026659999994080863,0
1,4,event,853,0.0018749999999272404,0
1,4,event,854,0.0025420000001759036,0
1,4,event,855,0.0018749999999272404,0
1,4,event,856,0.0018749999999272404,0
1,4,event,857,0.0022499999995488906,0
1,4,event,858,0.001750000000356522,0
1,4,event,859,0.0018749999999272404,0
1,4,event,860,0.0017499999994470272,0
1,4,event,861,0.0018749999999272404,0
1,4,event,862,0.001833000000260654,0
1,4,event,863,0.002417000000605185,0
1,4,event,864,0.0018329999993511592,0
1,4,event,865,0.0017499999994470272,0
1,4,event,866,0.001959000000169908,0
1,4,event,867,0.001958000000740867,0
1,4,event,868,0.0023330000003625173,0
1,4,event,869,0.0017920000000231084,0
1,4,event,870,0.001750000000356522,0
1,4,event,871,0.0018749999999272404,0
1,4,event,872,0.0018749999999272404,0
1,4,event,873,0.002375000000029104,0
1,4,event,874,0.002749999999650754,0
1,4,event,875,0.0017920000000231084,0
1,4,event,876,0.0019170000005033216,0
1,4,event,877,0.0019160000001647859,0
1,4,event,878,0.002290999999786436,0
1,4,event,879,0.0024169999996956903,0
1,4,event,880,0.0018329999993511592,0
1,4,event,881,0.001833000000260654,0
1,4,event,882,0.0017909999996845727,0
1,4,event,883,0.0017079999997804407,0
1,4,event,884,0.0022499999995488906,0
1,4,event,885,0.0017909999996845727,0
1,4,event,886,0.0017079999997804407,0
1,4,event,887,0.001833000000260654,0
1,4,event,888,0.001750000000356522,0
1,4,event,889,0.002457999999933236,0
1,4,event,890,0.0017499999994470272,0
1,4,event,891,0.0017909999996845727,0
1,4,event,892,0.0018749999999272404,0
1,4,event,893,0.0026250000000800355,0
1,4,event,894,0.002292000000124972,0
1,4,event,895,0.001750000000356522,0
1,4,event,896,0.001833000000260654,0
1,4,event,897,0.0017909999996845727,0
1,4,event,898,0.0018749999999272404,0
1,4,event,899,0.0024169999996956903,0
1,4,event,900,0.024333000000297034,4
1,4,event,901,0.003959000000577362,0
1,4,event,902,0.00220900000022084,0
1,4,event,903,0.0027920000002268353,0
1,4,event,904,0.0018749999999272404,0
1,4,event,905,0.0018749999999272404,0
1,4,event,906,0.0018329999993511592,0
1,4,event,907,0.0017910000005940674,0
1,4,event,908,0.0024160000002666493,0
1,4,event,909,0.002457999999933236,0
1,4,event,910,0.0018329999993511592,0
1,4,event,911,0.001916999999593827,0
1,4,event,912,0.0019170000005033216,0
1,4,event,913,0.004167000000052212,0
1,4,event,914,0.0017920000000231084,0
1,4,event,915,0.002375000000029104,0
1,4,event,916,0.0022500000004583853,0
1,4,event,917,0.001833000000260654,0
1,4,event,918,0.0021669999996447586,0
1,4,event,919,0.0017499999994470272,0
1,4,event,920,0.002207999999882304,0
1,4,event,921,0.001833999999689695,0
1,4,event,922,0.0020830000003115856,0
1,4,event,923,0.001833000000260654,0
1,4,event,924,0.002375000000029104,0
1,4,event,925,0.0018749999999272404,0
1,4,event,926,0.0017910000005940674,0
1,4,event,927,0.0018749999999272404,0
1,4,event,928,0.001833000000260654,0
1,4,event,929,0.002500000000509317,0
1,4,event,930,0.001833999999689695,0
1,4,event,931,0.0017920000000231084,0
1,4,event,932,0.001833000000260654,0
1,4,event,933,0.0017909999996845727,0
1,4,event,934,0.002207999999882304,0
1,4,event,935,0.0018340000005991897,0
1,4,event,936,0.0017079999997804407,0
1,4,event,937,0.001833000000260654,0
1,4,event,938,0.0017920000000231084,0
1,4,event,939,0.0029169999997975538,0
1,4,event,940,0.001833000000260654,0
1,4,event,941,0.001833000000260654,0
1,4,event,942,0.0017920000000231084,0
1,4,event,943,0.0018340000005991897,0
1,4,event,944,0.0017499999994470272,0
1,4,event,945,0.0024159999993571546,0
1,4,event,946,0.0030000000006111804,0
1,4,event,947,0.0030000000006111804,0
1,4,event,948,0.001833000000260654,0
1,4,event,949,0.0020000000004074536,0
1,4,event,950,0.0022499999995488906,0
1,4,event,951,0.0017909999996845727,0
1,4,event,952,0.0018329999993511592,0
1,4,event,953,0.0022500000004583853,0
1,4,event,954,0.001999999999497959,0
1,4,event,955,0.0023329999994530226,0
1,4,event,956,0.0019159999992552912,0
1,4,event,957,0.0017499999994470272,0
1,4,event,958,0.0018329999993511592,0
1,4,event,959,0.0017089999992094818,0
1,4,event,960,0.023791999999957625,4
1,4,event,961,0.00258399999984249,0
1,4,event,962,0.001916999999593827,0
1,4,event,963,0.002124999999978172,0
1,4,event,964,0.002666999999746622,0
1,4,event,965,0.0018749999999272404,0
1,4,event,966,0.0018329999993511592,0
1,4,event,967,0.0019160000001647859,0
1,4,event,968,0.002583000000413449,0
1,4,event,969,0.002500000000509317,0
1,4,event,970,0.0018749999999272404,0
1,4,event,971,0.0017499999994470272,0
1,4,event,972,0.0017499999994470272,0
1,4,event,973,0.0017499999994470272,0
1,4,event,974,0.0024169999996956903,0
1,4,event,975,0.001833000000260654,0
1,4,event,976,0.002666000000317581,0
1,4,event,977,0.001833000000260654,0
1,4,event,978,0.0020000000004074536,0
1,4,event,979,0.002749999999650754,0
1,4,event,980,0.0017079999997804407,0
1,4,event,981,0.001833000000260654,0
1,4,event,982,0.0018750000008367351,0
1,4,event,983,0.001959000000169908,0
1,4,event,984,0.0017499999994470272,0
1,4,event,985,0.0033329999996567494,0
1,4,event,986,0.0018329999993511592,0
1,4,event,987,0.0020409999997355044,0
1,4,event,988,0.0017920000000231084,0
1,4,event,989,0.0018340000005991897,0
1,4,event,990,0.002292000000124972,0
1,4,event,991,0.0017909999996845727,0
1,4,event,992,0.001958000000740867,0
1,4,event,993,0.001750000000356522,0
1,4,event,994,0.0017079999997804407,0
1,4,event,995,0.0023330000003625173,0
1,4,event,996,0.001916999999593827,0
1,4,event,997,0.0018340000005991897,0
1,4,event,998,0.0018340000005991897,0
1,4,event,999,0.002500000000509317,0
1,4,burst,0,0.12870899999961694,28
1,4,burst,1,0.1391249999996944,28
1,4,burst,2,26.985499999999774,28
1,4,burst,3,0.16841699999986304,28
1,4,burst,4,0.15616700000009587,28
1,4,burst,5,0.146125000000211,28
1,4,burst,6,0.14291700000012497,28
1,4,burst,7,0.15174999999999272,28
1,4,burst,8,0.15695899999991525,28
1,4,burst,9,8.888417000000118,28
1,4,burst,10,0.14233299999978044,28
1,4,burst,11,11.073707999999897,28
1,4,burst,12,0.1671249999999418,28
1,4,burst,13,0.1332089999996242,28
1,4,burst,14,0.12966700000015408,28
1,4,burst,15,0.1288750000003347,28
1,4,burst,16,0.125,28
1,4,burst,17,0.14066700000057608,28
1,4,burst,18,0.12537499999962165,28
1,4,burst,19,0.13041599999996834,28
1,4,burst,20,0.12233300000025338,28
1,4,burst,21,0.12158300000010058,28
1,4,burst,22,0.12041700000008859,28
1,4,burst,23,0.12295799999992596,28
1,4,burst,24,0.12158399999952962,28
1,4,burst,25,0.12108299999999872,28
1,4,burst,26,0.12583300000005693,28
1,4,burst,27,0.12404200000037235,28
1,4,burst,28,0.12316700000064884,28
1,4,burst,29,37.234583000000384,28
1,4,burst,30,0.22520900000017718,28
1,4,burst,31,0.14545799999996234,28
1,4,burst,32,0.13612499999999272,28
1,4,burst,33,0.1586669999996957,28
1,4,burst,34,0.1352919999999358,28
1,4,burst,35,0.1297500000000582,28
1,4,burst,36,0.12741700000060519,28
1,4,burst,37,0.12637499999982538,28
1,4,burst,38,0.12875000000076398,28
1,4,burst,39,0.12329199999931006,28
1,4,burst,40,0.12762499999917054,28
1,4,burst,41,0.12208399999963149,28
1,4,burst,42,0.1242499999998472,28
1,4,burst,43,0.12916599999971368,28
1,4,burst,44,0.12416599999960454,28
1,4,burst,45,0.126166000000012,28
1,4,burst,46,0.12358299999959854,28
1,4,burst,47,0.1273750000000291,28
1,4,burst,48,0.13129200000003038,28
1,4,burst,49,0.12141700000029232,28
1,4,burst,50,0.12433299999975134,28
1,4,burst,51,0.12324999999964348,28
1,4,burst,52,0.12145799999962037,28
1,4,burst,53,0.12495899999976245,28
1,4,burst,54,0.12141700000029232,28
1,4,burst,55,0.1297500000000582,28
1,4,burst,56,0.12008299999979499,28
1,4,burst,57,0.11883399999987887,28
1,4,burst,58,0.12320900000031543,28
1,4,burst,59,0.124416999999994,28
1,4,burst,60,55.67183400000067,28
1,4,burst,61,0.08129199999984849,28
1,4,burst,62,0.07266700000036508,28
1,4,burst,63,0.06795799999963492,28
1,4,burst,64,0.0749999999998181,28
1,4,burst,65,0.062124999999468855,28
1,4,burst,66,0.058374999999614374,28
1,4,burst,67,0.06212500000037835,28
1,4,burst,68,0.06483399999979156,28
1,4,burst,69,0.06454200000007404,28
1,4,burst,70,0.0647079999998823,28
1,4,burst,71,0.06300000000010186,28
1,4,burst,72,0.06570800000008603,28
1,4,burst,73,0.0647079999998823,28
1,4,burst,74,0.059874999999919964,28
1,4,burst,75,0.06987500000013824,28
1,4,burst,76,0.06524999999965075,28
1,4,burst,77,0.06491699999969569,28
1,4,burst,78,0.05791700000008859,28
1,4,burst,79,0.06154100000003382,28
1,4,burst,80,0.058374999999614374,28
1,4,burst,81,0.0703750000002401,28
1,4,burst,82,0.06400000000030559,28
1,4,burst,83,0.06491699999969569,28
1,4,burst,84,0.06008300000030431,28
1,4,burst,85,0.06258399999933317,28
1,4,burst,86,0.060209000000213564,28
1,4,burst,87,0.06291699999928824,28
1,4,burst,88,0.05795799999941664,28
1,4,burst,89,0.06275000000005093,28
1,4,burst,90,0.06362500000068394,28
1,4,burst,91,0.062167000000044936,28
1,4,burst,92,0.0592079999996713,28
1,4,burst,93,0.06258299999990413,28
1,4,burst,94,0.05850000000009459,28
1,4,burst,95,0.06462499999997817,28
1,4,burst,96,0.06025000000045111,28
1,4,burst,97,0.06845799999973678,28
1,4,burst,98,0.05737500000032014,28
1,4,burst,99,0.06941600000027393,28
1,4,burst,100,0.06741700000020501,28
1,4,burst,101,0.06308400000034453,28
1,4,burst,102,0.06391700000040146,28
1,4,burst,103,0.06850000000031287,28
1,4,burst,104,0.07212499999968713,28
1,4,burst,105,0.06275000000005093,28
1,4,burst,106,0.06241700000009587,28
1,4,burst,107,0.07004099999994651,28
1,4,burst,108,0.06258299999990413,28
1,4,burst,109,0.06908300000031886,28
1,4,burst,110,0.0625,28
1,4,burst,111,0.06587500000023283,28
1,4,burst,112,0.06425000000035652,28
1,4,burst,113,0.07062500000029104,28
1,4,burst,114,0.06354199999987031,28
1,4,burst,115,0.06574999999975262,28
1,4,burst,116,0.06295899999986432,28
1,4,burst,117,0.06799999999930151,28
1,4,burst,118,0.06529200000022684,28
1,4,burst,119,0.067124999999578,28
1,4,burst,120,0.06474999999954889,28
1,4,burst,121,0.0628340000002936,28
1,4,burst,122,0.06537500000013097,28
1,4,burst,123,0.06662499999947613,28
1,4,burst,124,0.06533299999955489,28
1,4,burst,125,0.06070799999997689,28
1,4,burst,126,0.068000000000211,28
1,4,burst,127,0.06666599999971368,28
1,4,burst,128,0.07095900000058464,28
1,4,burst,129,0.061707999999271124,28
1,4,burst,130,0.06474999999954889,28
1,4,burst,131,0.06033399999978428,28
1,4,burst,132,0.0749999999998181,28
1,4,burst,133,0.06333400000039546,28
1,4,burst,134,0.0639999999993961,28
1,4,burst,135,0.0625,28
1,4,burst,136,0.06962500000008731,28
1,4,burst,137,0.060124999999970896,28
1,4,burst,138,0.0634169999993901,28
1,4,burst,139,0.06016599999929895,28
1,4,burst,140,0.06691700000010314,28
1,4,burst,141,0.06508399999984249,28
1,4,burst,142,0.06504100000074686,28
1,4,burst,143,0.06662499999947613,28
1,4,burst,144,0.0712920000005397,28
1,4,burst,145,0.06191599999965547,28
1,4,burst,146,160.8869590000004,28
1,4,burst,147,0.17420799999945302,28
1,4,burst,148,0.1577500000003056,28
1,4,burst,149,0.152791000000434,28
1,4,burst,150,0.15491599999950267,28
1,4,burst,151,0.15379099999972823,28
1,4,burst,152,0.14933300000029703,28
1,4,burst,153,0.15154199999960838,28
1,4,burst,154,0.15133400000013353,28
1,4,burst,155,0.1507080000001224,28
1,4,burst,156,0.16558299999996962,28
1,4,burst,157,6.310750000000553,28
1,4,burst,158,0.1974159999999756,28
1,4,burst,159,0.16212499999983265,28
1,4,burst,160,0.16254100000060134,28
1,4,burst,161,0.1546249999992142,28
1,4,burst,162,0.15958300000056624,28
1,4,burst,163,0.15362499999991996,28
1,4,burst,164,0.1494170000005397,28
1,4,burst,165,0.15124999999989086,28
1,4,burst,166,0.15479099999993196,28
1,4,burst,167,0.1560829999998532,28
1,4,burst,168,0.14770800000042072,28
1,4,burst,169,0.1510840000000826,28
1,4,burst,170,0.14908400000058464,28
1,4,burst,171,0.14529200000015408,28
1,4,burst,172,0.1564170000001468,28
1,4,burst,173,0.15212499999961437,28
1,4,burst,174,0.15008399999987887,28
1,4,burst,175,0.14191699999992125,28
1,4,burst,176,0.14416700000037963,28
1,4,burst,177,0.15049999999973807,28
1,4,burst,178,0.14604099999996834,28
1,4,burst,179,0.1529580000005808,28
1,4,burst,180,0.14487500000086584,28
1,4,burst,181,0.14954200000011042,28
1,4,burst,182,48.020832999999584,28
1,4,burst,183,0.165791999999783,28
1,4,burst,184,0.13458400000035908,28
1,4,burst,185,0.13429199999973207,28
1,4,burst,186,0.12612500000068394,28
1,4,burst,187,0.1332089999996242,28
1,4,burst,188,0.11000000000058208,28
1,4,burst,189,0.11633299999994051,28
1,4,burst,190,0.10595800000010058,28
1,4,burst,191,0.10612499999933789,28
1,4,burst,192,0.1034589999999298,28
1,4,burst,193,0.11004200000024866,28
1,4,burst,194,0.10400000000026921,28
1,4,burst,195,0.10512500000004366,28
1,4,burst,196,0.10875000000032742,28
1,4,burst,197,0.10779199999979028,28
1,4,burst,198,0.10745899999983521,28
1,4,burst,199,0.10429199999998673,28
1,4,burst,200,9.271999999999935,28
1,4,burst,201,0.13054099999953905,28
1,4,burst,202,0.11541599999964092,28
1,4,burst,203,0.12520800000038435,28
1,4,burst,204,0.11079100000006292,28
1,4,burst,205,0.1092079999998532,28
1,4,burst,206,0.10912499999994907,28
1,4,burst,207,0.10687499999949068,28
1,4,burst,208,0.10645800000020245,28
1,4,burst,209,0.1115829999998823,28
1,4,burst,210,0.10895800000071176,28
1,4,burst,211,0.10400000000026921,28
1,4,burst,212,0.1062499999998181,28
1,4,burst,213,0.10691699999915727,28
1,4,burst,214,0.10554099999990285,28
1,4,burst,215,0.11045800000010786,28
1,4,burst,216,65.90995800000019,28
1,4,burst,217,0.1895409999997355,28
1,4,burst,218,0.1592080000000351,28
1,4,burst,219,0.16645900000003166,28
1,4,burst,220,0.15141700000003766,28
1,4,burst,221,0.14950000000044383,28
1,4,burst,222,0.1455839999998716,28
1,4,burst,223,0.14495799999986048,28
1,4,burst,224,0.15558400000008987,28
1,4,burst,225,0.14691700000003038,28
1,4,burst,226,0.14454100000057224,28
1,4,burst,227,0.144666999999572,28
1,4,burst,228,0.14520899999934045,28
1,4,burst,229,0.14550000000053842,28
1,4,burst,230,0.1422919999995429,28
1,4,burst,231,0.1415419999993901,28
1,4,burst,232,0.15204199999971024,28
1,4,burst,233,0.14454200000000128,28
1,4,burst,234,0.1524170000002414,28
1,4,burst,235,0.13924999999926513,28
1,4,burst,236,0.14495799999986048,28
1,4,burst,237,0.14862499999981083,28
1,4,burst,238,0.1420829999997295,28
1,4,burst,239,0.15195799999946757,28
1,4,burst,240,0.14704100000017206,28
1,4,burst,241,28.806415999999444,28
1,4,burst,242,0.17704200000025594,28
1,4,burst,243,0.17091699999946286,28
1,4,burst,244,0.1615830000000642,28
1,4,burst,245,0.16916700000001583,28
1,4,burst,246,0.2111670000003869,28
1,4,burst,247,0.14487499999995634,28
1,4,burst,248,1.0604590000002645,28
1,4,burst,249,0.1702500000001237,28
1,4,burst,250,0.1790000000000873,28
1,4,burst,251,0.15220899999985704,28
1,4,burst,252,0.15170799999941664,28
1,4,burst,253,0.1550409999999829,28
1,4,burst,254,0.14870799999971496,28
1,4,burst,255,0.15154199999960838,28
1,4,burst,256,0.14750000000003638,28
1,4,burst,257,0.1474580000003698,28
1,4,burst,258,0.1433340000003227,28
1,4,burst,259,0.1479589999999007,28
1,4,burst,260,0.14741699999922275,28
1,4,burst,261,0.14533299999948213,28
1,4,burst,262,0.14812500000061846,28
1,4,burst,263,0.14887499999986176,28
1,4,burst,264,0.14475000000038563,28
1,4,burst,265,0.1494590000002063,28
1,4,burst,266,0.1602499999999054,28
1,4,burst,267,0.14724999999998545,28
1,4,burst,268,30.469457999999577,28
1,4,burst,269,0.5904579999996713,28
1,4,burst,270,1.3934999999992215,28
1,4,burst,271,0.16829200000029232,28
1,4,burst,272,0.21616699999958655,28
1,4,burst,273,0.15179100000023027,28
1,4,burst,274,0.14470800000071904,28
1,4,burst,275,0.1445000000003347,28
1,4,burst,276,0.2041669999998703,28
1,4,burst,277,0.3545000000003711,28
1,4,burst,278,0.14779099999941536,28
1,4,burst,279,0.1630829999994603,28
1,4,burst,280,0.1538749999999709,28
1,4,burst,281,0.22258400000009715,28
1,4,burst,282,43.780165999999554,28
1,4,burst,283,0.18458299999929295,28
1,4,burst,284,0.1733750000003056,28
1,4,burst,285,0.14783299999999144,28
1,4,burst,286,0.14770899999984977,28
1,4,burst,287,0.146125000000211,28
1,4,burst,288,0.15141599999969912,28
1,4,burst,289,0.14479099999971368,28
1,4,burst,290,0.1462920000003578,28
1,4,burst,291,0.23254199999973935,28
1,4,burst,292,0.14916600000015023,28
1,4,burst,293,0.1343749999996362,28
1,4,burst,294,0.12966700000015408,28
1,4,burst,295,0.1337920000005397,28
1,4,burst,296,0.13091699999949924,28
1,4,burst,297,0.150749999999789,28
1,4,burst,298,0.1272079999998823,28
1,4,burst,299,0.1289999999999054,28
1,4,burst,300,0.1265000000003056,28
1,4,burst,301,0.125,28
1,4,burst,302,0.12983299999996234,28
1,4,burst,303,0.12474999999994907,28
1,4,burst,304,0.1250419999996666,28
1,4,burst,305,0.12291699999968841,28
1,4,burst,306,0.12183400000049005,28
1,4,burst,307,0.12341699999979028,28
1,4,burst,308,0.12566700000024866,28
1,4,burst,309,0.1273750000000291,28
1,4,burst,310,0.13041699999939738,28
1,4,burst,311,0.12704200000007404,28
1,4,burst,312,0.12429199999951379,28
1,4,burst,313,0.12516599999980826,28
1,4,burst,314,0.12275000000045111,28
1,4,burst,315,0.11916699999983393,28
1,4,burst,316,0.1292910000001939,28
1,4,burst,317,0.12254099999972823,28
1,4,burst,318,0.1264999999993961,28
1,4,burst,319,0.11866699999973207,28
1,4,burst,320,0.12508299999990413,28
1,4,burst,321,0.12287500000002183,28
1,4,burst,322,0.12791699999979755,28
1,4,burst,323,0.11808300000029703,28
1,4,burst,324,0.12470899999971152,28
1,4,burst,325,0.11895900000035908,28
1,4,burst,326,0.12525000000005093,28
1,4,burst,327,0.1264999999993961,28
1,4,burst,328,0.12341699999979028,28
1,4,burst,329,0.11979200000041601,28
1,4,burst,330,0.1226249999999709,28
1,4,burst,331,0.12520800000038435,28
1,4,burst,332,0.11995899999965332,28
1,4,burst,333,0.11770800000067538,28
1,4,burst,334,0.1226249999999709,28
1,4,burst,335,0.12300000000050204,28
1,4,burst,336,0.12087500000052387,28
1,4,burst,337,0.11920900000041001,28
1,4,burst,338,0.12908299999980954,28
1,4,burst,339,0.11791600000015023,28
1,4,burst,340,0.12087500000052387,28
1,4,burst,341,0.118333999999777,28
1,4,burst,342,0.12308300000040617,28
1,4,burst,343,0.1212919999998121,28
1,4,burst,344,0.12595899999996618,28
1,4,burst,345,0.1227920000001177,28
1,4,burst,346,0.12404200000037235,28
1,4,burst,347,0.12249999999949068,28
1,4,burst,348,0.11729200000081619,28
1,4,burst,349,0.11879199999930279,28
1,4,burst,350,0.12395899999955873,28
1,4,burst,351,0.11904199999935372,28
1,4,burst,352,0.12537499999962165,28
1,4,burst,353,0.11975000000074942,28
1,4,burst,354,0.1268339999996897,28
1,4,burst,355,0.12283399999978428,28
1,4,burst,356,0.12433400000008987,28
1,4,burst,357,0.11941699999988487,28
1,4,burst,358,0.12570899999991525,28
1,4,burst,359,0.13504199999988487,28
1,4,burst,360,0.12333299999954761,28
1,4,burst,361,0.1227920000001177,28
1,4,burst,362,0.12799999999970169,28
1,4,burst,363,0.1211250000005748,28
1,4,burst,364,0.11895800000002055,28
1,4,burst,365,0.12874999999985448,28
1,4,burst,366,0.1217079999996713,28
1,4,burst,367,0.12766600000031758,28
1,4,burst,368,0.12016600000060862,28
1,4,burst,369,0.12362499999926513,28
1,4,burst,370,0.12095899999985704,28
1,4,burst,371,0.12374999999974534,28
1,4,burst,372,0.11916699999983393,28
1,4,burst,373,0.12462499999946886,28
1,4,burst,374,0.12783399999989342,28
1,4,burst,375,0.12833299999965675,28
1,4,burst,376,0.12420799999927112,28
1,4,burst,377,0.1218749999998181,28
1,4,burst,378,0.12125000000014552,28
1,4,burst,379,0.12320900000031543,28
1,4,burst,380,0.1220419999999649,28
1,4,burst,381,0.1267920000000231,28
1,4,burst,382,0.12204099999962637,28
1,4,burst,383,0.12279099999977916,28
1,4,burst,384,0.11762499999986176,28
1,4,burst,385,0.12337500000012369,28
1,4,burst,386,0.1281249999992724,28
1,4,burst,387,0.12024999999994179,28
1,4,burst,388,0.12087499999961437,28
1,4,burst,389,0.12374999999974534,28
1,4,burst,390,0.11683300000004238,28
1,4,burst,391,0.12150000000019645,28
1,4,burst,392,0.11933300000055169,28
1,4,burst,393,0.12108299999999872,28
1,4,burst,394,0.11799999999948341,28
1,4,burst,395,0.12400000000070577,28
1,4,burst,396,0.1202080000002752,28
1,4,burst,397,0.12141599999995378,28
1,4,burst,398,0.1193329999996422,28
1,4,burst,399,0.11920800000007148,28
1,4,burst,400,0.11895800000002055,28
1,4,burst,401,0.12258300000030431,28
1,4,burst,402,0.12233300000025338,28
1,4,burst,403,0.12125000000014552,28
1,4,burst,404,0.12045899999975518,28
1,4,burst,405,0.12083299999994779,28
1,4,burst,406,0.12420800000018062,28
1,4,burst,407,0.11999999999989086,28
1,4,burst,408,0.11849999999958527,28
1,4,burst,409,0.12783399999989342,28
1,4,burst,410,0.11995800000022427,28
1,4,burst,411,0.11837500000001455,28
1,4,burst,412,0.12416699999994307,28
1,4,burst,413,0.1222909999996773,28
1,4,burst,414,0.121541000000434,28
1,4,burst,415,0.11895800000002055,28
1,4,burst,416,0.12554099999942991,28
1,4,burst,417,0.11787499999991269,28
1,4,burst,418,0.11962500000026921,28
1,4,burst,419,0.12245900000016263,28
1,4,burst,420,0.12387500000022555,28
1,4,burst,421,0.12358300000050804,28
1,4,burst,422,0.12108399999942776,28
1,4,burst,423,0.12208300000020245,28
1,4,burst,424,0.12120799999956944,28
1,4,burst,425,0.11716599999999744,28
1,4,burst,426,0.12058300000080635,28
1,4,burst,427,0.11912500000016735,28
1,4,burst,428,0.1231660000003103,28
1,4,burst,429,0.1185829999994894,28
1,4,burst,430,0.12087499999961437,28
1,4,burst,431,0.12254200000006676,28
1,4,burst,432,0.12483400000019174,28
1,4,burst,433,0.11958299999969313,28
1,4,burst,434,0.12075000000004366,28
1,4,burst,435,0.11870799999996962,28
1,4,burst,436,0.1222090000001117,28
1,4,burst,437,0.12125000000014552,28
1,4,burst,438,0.12487500000042928,28
1,4,burst,439,0.11887500000011642,28
1,4,burst,440,0.12029199999960838,28
1,4,burst,441,0.11750000000029104,28
1,4,burst,442,0.1200410000001284,28
1,4,burst,443,0.11791600000015023,28
1,4,burst,444,0.12137499999971624,28
1,4,burst,445,0.12470899999971152,28
1,4,burst,446,0.11825000000044383,28
1,4,burst,447,0.11954199999945558,28
1,4,burst,448,0.12200000000029831,28
1,4,burst,449,0.1209579999995185,28
1,4,burst,450,0.11741600000004837,28
1,4,burst,451,0.12229100000058679,28
1,4,burst,452,0.1327080000000933,28
1,4,burst,453,0.12525000000005093,28
1,4,burst,454,0.12166699999943376,28
1,4,burst,455,0.11704200000076526,28
1,4,burst,456,0.12133300000004965,28
1,4,burst,457,0.12024999999994179,28
1,4,burst,458,0.11854199999925186,28
1,4,burst,459,0.12362500000017462,28
1,4,burst,460,0.12141700000029232,28
1,4,burst,461,0.12091600000076141,28
1,4,burst,462,0.11925000000064756,28
1,4,burst,463,0.1220419999999649,28
1,4,burst,464,0.11870900000030815,28
1,4,burst,465,0.11962500000026921,28
1,4,burst,466,0.12516600000071776,28
1,4,burst,467,0.1184160000002521,28
1,4,burst,468,0.12016700000003766,28
1,4,burst,469,0.11945900000046095,28
1,4,burst,470,0.12154199999986304,28
1,4,burst,471,0.125583000000006,28
1,4,burst,472,0.11899999999968713,28
1,4,burst,473,0.11733399999957328,28
1,4,burst,474,0.12108400000033726,28
1,4,burst,475,0.12304199999925913,28
1,4,burst,476,0.12258399999973335,28
1,4,burst,477,0.11904200000026322,28
1,4,burst,478,0.12237499999991996,28
1,4,burst,479,0.12241699999958655,28
1,4,burst,480,0.11999999999989086,28
1,4,burst,481,0.12791599999945902,28
1,4,burst,482,0.12212499999986903,28
1,4,burst,483,0.12537499999962165,28
1,4,burst,484,0.11974999999983993,28
1,4,burst,485,0.13245800000004238,28
1,4,burst,486,0.12062500000047294,28
1,4,burst,487,0.12054100000023027,28
1,4,burst,488,0.1266249999998763,28
1,4,burst,489,0.11983299999974406,28
1,4,burst,490,0.12570799999957671,28
1,4,burst,491,0.12783299999955489,28
1,4,burst,492,0.12395899999955873,28
1,4,burst,493,0.1226249999999709,28
1,4,burst,494,0.11945900000046095,28
1,4,burst,495,0.12854199999947014,28
1,4,burst,496,0.129041999999572,28
1,4,burst,497,0.12191699999948469,28
1,4,burst,498,0.12016599999969912,28
1,4,burst,499,0.13425000000006548,28
1,4,burst,500,0.12537499999962165,28
1,4,burst,501,0.12704200000007404,28
1,4,burst,502,0.12616700000035053,28
1,4,burst,503,0.1242499999998472,28
1,4,burst,504,0.12108299999999872,28
1,4,burst,505,0.12437500000032742,28
1,4,burst,506,0.12150000000019645,28
1,4,burst,507,0.1245840000001408,28
1,4,burst,508,0.12687499999992724,28
1,4,burst,509,0.12179100000048493,28
1,4,burst,510,0.12091599999985192,28
1,4,burst,511,0.1220419999999649,28
1,4,burst,512,0.11912500000016735,28
1,4,burst,513,0.12212499999986903,28
1,4,burst,514,0.1277090000003227,28
1,4,burst,515,0.12312500000007276,28
1,4,burst,516,0.12391699999989214,28
1,4,burst,517,0.1290420000004815,28
1,4,burst,518,0.12308299999949668,28
1,4,burst,519,0.11737499999981083,28
1,4,burst,520,0.11954100000002654,28
1,4,burst,521,0.11891600000035396,28
1,4,burst,522,0.12175000000024738,28
1,4,burst,523,0.12091700000019046,28
1,4,burst,524,0.12283399999978428,28
1,4,burst,525,0.11883300000044983,28
1,4,burst,526,0.12054100000023027,28
1,4,burst,527,0.11999999999989086,28
1,4,burst,528,0.11991699999998673,28
1,4,burst,529,0.1169579999996131,28
1,4,burst,530,0.12787500000013097,28
1,4,burst,531,0.12195900000006077,28
1,4,burst,532,0.12066700000013952,28
1,4,burst,533,0.11912500000016735,28
1,4,burst,534,0.12208299999929295,28
1,4,burst,535,0.12137499999971624,28
1,4,burst,536,0.12125000000014552,28
1,4,burst,537,0.11979100000007747,28
1,4,burst,538,0.12787500000013097,28
1,4,burst,539,0.11762500000077125,28
1,4,burst,540,0.119499999999789,28
1,4,burst,541,0.12166700000034325,28
1,4,burst,542,0.12079199999971024,28
1,4,burst,543,0.120958000000428,28
1,4,burst,544,0.12437500000032742,28
1,4,burst,545,0.12366699999984121,28
1,4,burst,546,0.11824999999953434,28
1,4,burst,547,0.1231660000003103,28
1,4,burst,548,0.12137500000062573,28
1,4,burst,549,0.11870799999996962,28
1,4,burst,550,0.12345800000002782,28
1,4,burst,551,0.11858399999982794,28
1,4,burst,552,0.14312499999959982,28
1,4,burst,553,0.15662499999962165,28
1,4,burst,554,0.1336249999994834,28
1,4,burst,555,0.12512499999957072,28
1,4,burst,556,0.12787500000013097,28
1,4,burst,557,0.12750000000050932,28
1,4,burst,558,0.13112499999988358,28
1,4,burst,559,0.12712499999997817,28
1,4,burst,560,0.1319579999999405,28
1,4,burst,561,0.1330840000000535,28
1,4,burst,562,0.12529199999971752,28
1,4,burst,563,0.12804200000027777,28
1,4,burst,564,0.12879199999952107,28
1,4,burst,565,0.131083000000217,28
1,4,burst,566,0.11854099999982282,28
1,4,burst,567,0.13099999999940337,28
1,4,burst,568,0.1276659999994081,28
1,4,burst,569,0.13204099999984464,28
1,4,burst,570,0.12224999999943975,28
1,4,burst,571,0.13191700000061246,28
1,4,burst,572,0.1337919999996302,28
1,4,burst,573,0.13337499999943248,28
1,4,burst,574,0.12554200000067794,28
1,4,burst,575,0.12879199999952107,28
1,4,burst,576,0.1327499999997599,28
1,4,burst,577,345.4922080000006,28
1,4,burst,578,1.1263749999998254,28
1,4,burst,579,0.16804100000081235,28
1,4,burst,580,0.15141600000060862,28
1,4,burst,581,0.15345800000068266,28
1,4,burst,582,0.16833299999962037,28
1,4,burst,583,0.16616699999940465,28
1,4,burst,584,0.15529200000128185,28
1,4,burst,585,0.16124999999919964,28
1,4,burst,586,0.42345900000145775,28
1,4,burst,587,0.2391669999997248,28
1,4,burst,588,0.16512499999953434,28
1,4,burst,589,0.1479170000002341,28
1,4,burst,590,0.1483750000006694,28
1,4,burst,591,0.23520900000039546,28
1,4,burst,592,0.19549999999981083,28
1,4,burst,593,0.1852920000001177,28
1,4,burst,594,0.15358299999934388,28
1,4,burst,595,0.1507500000006985,28
1,4,burst,596,0.2110420000008162,28
1,4,burst,597,0.21820900000057009,28
1,4,burst,598,0.2491250000002765,28
1,4,burst,599,0.32150000000001455,28
1,4,burst,600,0.17449999999917054,28
1,4,burst,601,0.16404200000033597,28
1,4,burst,602,0.7608749999999418,28
1,4,burst,603,0.20783300000039162,28
1,4,burst,604,0.1712500000012369,28
1,4,burst,605,0.1546249999992142,28
1,4,burst,606,0.1617499999993015,28
1,4,burst,607,0.15020799999911105,28
1,4,burst,608,0.15408300000126474,28
1,4,burst,609,0.14920900000106485,28
1,4,burst,610,0.14741700000013225,28
1,4,burst,611,0.15587499999855936,28
1,4,burst,612,0.1522499999991851,28
1,4,burst,613,0.15045800000007148,28
1,4,burst,614,0.14695799999935844,28
1,4,burst,615,0.1454169999997248,28
1,4,burst,616,0.1516670000000886,28
1,4,burst,617,0.14329200000065612,28
1,4,burst,618,0.15454200000021956,28
1,4,burst,619,0.14383400000042457,28
1,4,burst,620,0.1470420000005106,28
1,4,burst,621,0.14887500000077125,28
1,4,burst,622,0.14487499999995634,28
1,4,burst,623,0.1453750000000582,28
1,4,burst,624,0.1494170000005397,28
1,4,burst,625,0.1430000000000291,28
1,4,burst,626,0.145249999999578,28
1,4,burst,627,0.14208400000097754,28
1,4,burst,628,0.15241700000115088,28
1,4,burst,629,0.1445000000003347,28
1,4,burst,630,0.1441660000000411,28
1,4,burst,631,0.14458299999932933,28
1,4,burst,632,0.14637500000026193,28
1,4,burst,633,0.14249999999992724,28
1,4,burst,634,0.14283400000022084,28
1,4,burst,635,0.15645799999947485,28
1,4,burst,636,0.14504200000010314,28
1,4,burst,637,0.14249999999992724,28
1,4,burst,638,0.1509170000008453,28
1,4,burst,639,0.1434579999986454,28
1,4,burst,640,0.14429099999870232,28
1,4,burst,641,0.141791000000012,28
1,4,burst,642,0.1461250000011205,28
1,4,burst,643,0.1446250000008149,28
1,4,burst,644,0.14345800000046438,28
1,4,burst,645,0.14237500000126602,28
1,4,burst,646,0.1419580000001588,28
1,4,burst,647,0.14500000000043656,28
1,4,burst,648,0.1430419999996957,28
1,4,burst,649,0.14641699999992852,28
1,4,burst,650,0.14204099999915343,28
1,4,burst,651,0.15066600000136532,28
1,4,burst,652,0.1426659999997355,28
1,4,burst,653,0.1404160000001866,28
1,4,burst,654,0.14258299999892188,28
1,4,burst,655,0.14408300000104646,28
1,4,burst,656,0.1468330000006972,28
1,4,burst,657,0.14145900000039546,28
1,4,burst,658,0.14129200000024866,28
1,4,burst,659,0.14350000000013097,28
1,4,burst,660,0.14195899999867834,28
1,4,burst,661,0.14579199999934644,28
1,4,burst,662,0.14120899999943504,28
1,4,burst,663,0.1435829999991256,28
1,4,burst,664,0.14583300000049348,28
1,4,burst,665,32.33929100000023,28
1,4,burst,666,0.08370800000011513,28
1,4,burst,667,0.07687500000065484,28
1,4,burst,668,0.08562499999970896,28
1,4,burst,669,0.06725000000005821,28
1,4,burst,670,0.0659170000017184,28
1,4,burst,671,0.07333400000061374,28
1,4,burst,672,0.06583399999908579,28
1,4,burst,673,0.06483399999888206,28
1,4,burst,674,0.06395899999915855,28
1,4,burst,675,0.07545899999968242,28
1,4,burst,676,0.0650420000001759,28
1,4,burst,677,0.06316599999991013,28
1,4,burst,678,0.06733400000121037,28
1,4,burst,679,0.06524999999965075,28
1,4,burst,680,0.06370900000001711,28
1,4,burst,681,0.06404199999997218,28
1,4,burst,682,0.06295799999861629,28
1,4,burst,683,0.06558299999960582,28
1,4,burst,684,0.07008300000052259,28
1,4,burst,685,0.0665420000004815,28
1,4,burst,686,0.06479199999921548,28
1,4,burst,687,0.06316700000024866,28
1,4,burst,688,0.06212500000037835,28
1,4,burst,689,0.06529200000113633,28
1,4,burst,690,0.0637910000004922,28
1,4,burst,691,0.06662499999947613,28
1,4,burst,692,0.06429100000059407,28
1,4,burst,693,0.06300000000010186,28
1,4,burst,694,0.06462500000088767,28
1,4,burst,695,0.06241700000100536,28
1,4,burst,696,0.06295800000043528,28
1,4,burst,697,0.06329100000039034,28
1,4,burst,698,0.06624999999985448,28
1,4,burst,699,0.06333300000005693,28
1,4,burst,700,0.0630829999990965,28
1,4,burst,701,0.06733299999905284,28
1,4,burst,702,0.06391700000131095,28
1,4,burst,703,0.06295900000077381,28
1,4,burst,704,0.06291699999928824,28
1,4,burst,705,0.05983300000116287,28
1,4,burst,706,0.05929199999991397,28
1,4,burst,707,0.05887500000062573,28
1,4,burst,708,0.05758400000013353,28
1,4,burst,709,0.057834000001093955,28
1,4,burst,710,0.05999999999949068,28
1,4,burst,711,0.0608330000013666,28
1,4,burst,712,0.061625000000276486,28
1,4,burst,713,0.05783299999893643,28
1,4,burst,714,0.06066599999940081,28
1,4,burst,715,0.05849999999918509,28
1,4,burst,716,0.05925000000024738,28
1,4,burst,717,0.06220899999971152,28
1,4,burst,718,0.059333999999580556,28
1,4,burst,719,0.05850000000100408,28
1,4,burst,720,0.06137499999931606,28
1,4,burst,721,0.05904200000077253,28
1,4,burst,722,0.05949999999938882,28
1,4,burst,723,0.05754199999864795,28
1,4,burst,724,0.05908300000010058,28
1,4,burst,725,0.05783299999893643,28
1,4,burst,726,0.06329200000072888,28
1,4,burst,727,0.061916000000564964,28
1,4,burst,728,0.059708999999202206,28
1,4,burst,729,0.058999999999286956,28
1,4,burst,730,0.06045800000174495,28
1,4,burst,731,0.059957999999824096,28
1,4,burst,732,0.06149999999979627,28
1,4,burst,733,0.05908300000010058,28
1,4,burst,734,0.06312500000058208,28
1,4,burst,735,0.05858299999999872,28
1,4,burst,736,0.059583000000202446,28
1,4,burst,737,0.060166000001117936,28
1,4,burst,738,0.05912499999976717,28
1,4,burst,739,0.05799999999908323,28
1,4,burst,740,0.059416000000055647,28
1,4,burst,741,0.06133299999964947,28
1,4,burst,742,0.059208000000580796,28
1,4,burst,743,0.05812499999956344,28
1,4,burst,744,0.05837500000052387,28
1,4,burst,745,0.060666999999739346,28
1,4,burst,746,0.06145900000046822,28
1,4,burst,747,165.44570899999962,28
1,4,burst,748,0.16300000000046566,28
1,4,burst,749,0.13641699999971024,28
1,4,burst,750,0.13075000000026193,28
1,4,burst,751,0.12658400000145775,28
1,4,burst,752,0.12383399999998801,28
1,4,burst,753,0.12345800000002782,28
1,4,burst,754,0.12087500000052387,28
1,4,burst,755,0.12216699999953562,28
1,4,burst,756,0.12395899999864923,28
1,4,burst,757,0.12429200000042329,28
1,4,burst,758,0.12012500000128057,28
1,4,burst,759,0.12129099999947357,28
1,4,burst,760,0.12329100000170001,28
1,4,burst,761,0.12354099999902246,28
1,4,burst,762,0.1185829999994894,28
1,4,burst,763,0.14875000000029104,28
1,4,burst,764,0.12141700000029232,28
1,4,burst,765,0.12291700000059791,28
1,4,burst,766,0.12024999999994179,28
1,4,burst,767,0.12129100000129256,28
1,4,burst,768,0.12045799999941664,28
1,4,burst,769,0.12216699999953562,28
1,4,burst,770,0.12308399999892572,28
1,4,burst,771,0.12083300000085728,28
1,4,burst,772,0.11887500000011642,28
1,4,burst,773,0.12133399999947869,28
1,4,burst,774,0.11774999999943248,28
1,4,burst,775,0.11983300000065356,28
1,4,burst,776,0.11987500000032014,28
1,4,burst,777,0.12374999999883585,28
1,4,burst,778,66.15124999999898,28
1,4,burst,779,212.8551669999997,28
1,4,burst,780,0.2813750000004802,28
1,4,burst,781,0.1720000000004802,28
1,4,burst,782,0.15524999999979627,28
1,4,burst,783,0.15125000000080036,28
1,4,burst,784,0.15962500000023283,28
1,4,burst,785,0.14945799999986775,28
1,4,burst,786,0.14454099999966274,28
1,4,burst,787,0.14716600000065228,28
1,4,burst,788,0.149874999999156,28
1,4,burst,789,0.14600000000064028,28
1,4,burst,790,0.1459580000009737,28
1,4,burst,791,0.15383400000064285,28
1,4,burst,792,0.1479170000002341,28
1,4,burst,793,0.1486669999994774,28
1,4,burst,794,0.145542000000205,28
1,4,burst,795,0.15979200000037963,28
1,4,burst,796,0.15504200000032142,28
1,4,burst,797,0.1509589999986929,28
1,4,burst,798,0.14479199999914272,28
1,4,burst,799,0.149874999999156,28
1,4,burst,800,0.14908400000058464,28
1,4,burst,801,0.14312500000050932,28
1,4,burst,802,0.15137499999946158,28
1,4,burst,803,0.1446669999986625,28
1,4,burst,804,0.14845799999966403,28
1,4,burst,805,0.1446670000004815,28
1,4,burst,806,0.14983399999982794,28
1,4,burst,807,0.14395800000056624,28
1,4,burst,808,0.14520900000024994,28
1,4,burst,809,0.145542000000205,28
1,4,burst,810,0.14362500000061118,28
1,4,burst,811,0.15725000000020373,28
1,4,burst,812,0.14649999999892316,28
1,4,burst,813,0.15045900000041001,28
1,4,burst,814,0.14387499999975262,28
1,4,burst,815,0.14495899999928952,28
1,4,burst,816,0.1461669999989681,28
1,4,burst,817,0.1416669999998703,28
1,4,burst,818,0.1436249999987922,28
1,4,burst,819,0.14366700000027777,28
1,4,burst,820,0.1479170000002341,28
1,4,burst,821,0.14508399999976973,28
1,4,burst,822,0.14366700000027777,28
1,4,burst,823,0.14337499999965075,28
1,4,burst,824,0.14487500000177533,28
1,4,burst,825,0.13962499999979627,28
1,4,burst,826,0.1421249999984866,28
1,4,burst,827,0.1519590000007156,28
1,4,burst,828,0.14891700000043784,28
1,4,burst,829,0.1486670000012964,28
1,4,burst,830,0.1446670000004815,28
1,4,burst,831,0.14125000000058208,28
1,4,burst,832,0.1437080000014248,28
1,4,burst,833,0.140917000000627,28
1,4,burst,834,0.14666700000088895,28
1,4,burst,835,0.1424590000005992,28
1,4,burst,836,0.14420799999970768,28
1,4,burst,837,0.14249999999992724,28
1,4,burst,838,0.14312499999869033,28
1,4,burst,839,0.14633299999877636,28
1,4,burst,840,0.1441660000000411,28
1,4,burst,841,0.14541599999938626,28
1,4,burst,842,0.14279100000021572,28
1,4,burst,843,0.15079200000036508,28
1,4,burst,844,0.14416699999856064,28
1,4,burst,845,0.14362500000061118,28
1,4,burst,846,0.14083299999947485,28
1,4,burst,847,0.1454169999997248,28
1,4,burst,848,0.14620900000045367,28
1,4,burst,849,0.1404579999998532,28
1,4,burst,850,0.14408300000104646,28
1,4,burst,851,0.14474999999947613,28
1,4,burst,852,0.14224999999896681,28
1,4,burst,853,23.802708999999595,28
1,4,burst,854,0.135707999999795,28
1,4,burst,855,0.1255829999990965,28
1,4,burst,856,0.11241700000027777,28
1,4,burst,857,0.10891699999956472,28
1,4,burst,858,0.10725000000093132,28
1,4,burst,859,0.1266670000004524,28
1,4,burst,860,0.11266599999908067,28
1,4,burst,861,0.10904200000004494,28
1,4,burst,862,0.10854199999994307,28
1,4,burst,863,0.11162499999954889,28
1,4,burst,864,0.10724999999911233,28
1,4,burst,865,0.10520800000085728,28
1,4,burst,866,0.10391700000036508,28
1,4,burst,867,0.1064170000008744,28
1,4,burst,868,0.08341599999948812,28
1,4,burst,869,0.08295800000087183,28
1,4,burst,870,0.08645799999976589,28
1,4,burst,871,0.08654200000091805,28
1,4,burst,872,0.08366700000078708,28
1,4,burst,873,0.08300000000053842,28
1,4,burst,874,0.08337500000016007,28
1,4,burst,875,0.09145800000078452,28
1,4,burst,876,0.08254200000010314,28
1,4,burst,877,0.08537500000056752,28
1,4,burst,878,0.08220799999980954,28
1,4,burst,879,0.08383300000059535,28
1,4,burst,880,0.08187499999985448,28
1,4,burst,881,0.08179099999870232,28
1,4,burst,882,0.08204200000000128,28
1,4,burst,883,0.08316699999886623,28
1,4,burst,884,0.08583299999918381,28
1,4,burst,885,0.08133300000008603,28
1,4,burst,886,0.08375000000160071,28
1,4,burst,887,0.08162500000071304,28
1,4,burst,888,0.08224999999947613,28
1,4,burst,889,0.08233300000028976,28
1,4,burst,890,0.08287500000005821,28
1,4,burst,891,0.08562499999970896,28
1,4,burst,892,0.08662499999991269,28
1,4,burst,893,0.08220900000014808,28
1,4,burst,894,0.0869170000005397,28
1,4,burst,895,0.08300000000053842,28
1,4,burst,896,0.08137499999975262,28
1,4,burst,897,0.08262500000091677,28
1,4,burst,898,0.08550000000104774,28
1,4,burst,899,0.08133300000008603,28
1,4,burst,900,0.08070799999950395,28
1,4,burst,901,0.08212500000081491,28
1,4,burst,902,0.08400000000074215,28
1,4,burst,903,0.08374999999978172,28
1,4,burst,904,0.08266700000058336,28
1,4,burst,905,0.08058400000118127,28
1,4,burst,906,0.08570800000052259,28
1,4,burst,907,0.08091699999931734,28
1,4,burst,908,0.08729200000016135,28
1,4,burst,909,0.08187499999985448,28
1,4,burst,910,0.08337499999834108,28
1,4,burst,911,0.08224999999947613,28
1,4,burst,912,0.08412500000122236,28
1,4,burst,913,0.08845800000017334,28
1,4,burst,914,0.08541700000023411,28
1,4,burst,915,0.08237499999995634,28
1,4,burst,916,0.07604200000059791,28
1,4,burst,917,0.07679099999950267,28
1,4,burst,918,0.07641699999840057,28
1,4,burst,919,0.07599999999911233,28
1,4,burst,920,0.07866700000158744,28
1,4,burst,921,0.07604099999844038,28
1,4,burst,922,0.09554199999911361,28
1,4,burst,923,0.08787500000107684,28
1,4,burst,924,0.08262500000091677,28
1,4,burst,925,0.08287500000005821,28
1,4,burst,926,0.0830839999998716,28
1,4,burst,927,0.0867500000003929,28
1,4,burst,928,0.08358399999997346,28
1,4,burst,929,0.07837499999914144,28
1,4,burst,930,0.08354200000030687,28
1,4,burst,931,0.08066699999835691,28
1,4,burst,932,0.08208299999932933,28
1,4,burst,933,0.08391599999958999,28
1,4,burst,934,0.08237499999995634,28
1,4,burst,935,0.07766599999922619,28
1,4,burst,936,0.08525000000008731,28
1,4,burst,937,0.08412499999940337,28
1,4,burst,938,0.08187499999985448,28
1,4,burst,939,0.07725000000027649,28
1,4,burst,940,0.08895799999845622,28
1,4,burst,941,0.08070799999950395,28
1,4,burst,942,0.078125,28
1,4,burst,943,0.08116700000027777,28
1,4,burst,944,0.08495800000127929,28
1,4,burst,945,0.08408299999973678,28
1,4,burst,946,0.11008299999957671,28
1,4,burst,947,0.07891700000072888,28
1,4,burst,948,0.07920900000135589,28
1,4,burst,949,0.09033400000043912,28
1,4,burst,950,0.0773750000007567,28
1,4,burst,951,0.07845799999995506,28
1,4,burst,952,0.07858300000043528,28
1,4,burst,953,0.08591700000033597,28
1,4,burst,954,0.07945900000049733,28
1,4,burst,955,0.0820000000003347,28
1,4,burst,956,0.0968750000010914,28
1,4,burst,957,0.08429099999921164,28
1,4,burst,958,0.07991699999911361,28
1,4,burst,959,0.07979200000045239,28
1,4,burst,960,0.08320800000001327,28
1,4,burst,961,0.08224999999947613,28
1,4,burst,962,0.07658400000036636,28
1,4,burst,963,0.08445899999969697,28
1,4,burst,964,0.08816699999988487,28
1,4,burst,965,0.08670799999890733,28
1,4,burst,966,0.07749999999941792,28
1,4,burst,967,0.08429200000136916,28
1,4,burst,968,0.08249999999861757,28
1,4,burst,969,0.0784590000002936,28
1,4,burst,970,0.07641700000021956,28
1,4,burst,971,0.07650000000103319,28
1,4,burst,972,0.07937499999934516,28
1,4,burst,973,0.07595800000126474,28
1,4,burst,974,0.06929200000013225,28
1,4,burst,975,0.07687500000065484,28
1,4,burst,976,0.08012500000040745,28
1,4,burst,977,0.07529099999919708,28
1,4,burst,978,0.07329199999912817,28
1,4,burst,979,0.07670899999902758,28
1,4,burst,980,0.0755829999998241,28
1,4,burst,981,0.0724160000008851,28
1,4,burst,982,0.07329199999912817,28
1,4,burst,983,0.07374999999956344,28
1,4,burst,984,0.08004200000141282,28
1,4,burst,985,0.07620899999892572,28
1,4,burst,986,0.07512500000120781,28
1,4,burst,987,0.07558400000016263,28
1,4,burst,988,0.0736670000005688,28
1,4,burst,989,0.07341600000108883,28
1,4,burst,990,0.07595799999944575,28
1,4,burst,991,0.0751670000008744,28
1,4,burst,992,0.0782920000001468,28
1,4,burst,993,0.07854100000076869,28
1,4,burst,994,0.07633300000088639,28
1,4,burst,995,0.076666999999361,28
1,4,burst,996,0.0814169999994192,28
1,4,burst,997,0.07320799999979499,28
1,4,burst,998,0.07212500000059663,28
1,4,burst,999,0.07816700000148558,28
2,1,idle,0,0.00112500000068394,0
2,1,idle,1,0.0010409999995317776,0
2,1,idle,2,0.0010000000002037268,0
2,1,idle,3,0.001332999998339801,0
2,1,idle,4,0.0009579999987181509,0
2,1,idle,5,0.0009999999983847374,0
2,1,idle,6,0.0009589999990566866,0
2,1,idle,7,0.0009589999990566866,0
2,1,idle,8,0.0013339999986783369,0
2,1,idle,9,0.0009169999993901001,0
2,1,idle,10,0.0010409999995317776,0
2,1,idle,11,0.0010000000002037268,0
2,1,idle,12,0.0012079999996785773,0
2,1,idle,13,0.004000000000814907,0
2,1,idle,14,0.0036249999993742676,0
2,1,idle,15,0.0010000000002037268,0
2,1,idle,16,0.0010000000002037268,0
2,1,idle,17,0.0010000000002037268,0
2,1,idle,18,0.0012080000014975667,0
2,1,idle,19,0.0010000000002037268,0
2,1,idle,20,0.00112500000068394,0
2,1,idle,21,0.0010419999998703133,0
2,1,idle,22,0.001082999999198364,0
2,1,idle,23,0.0010419999998703133,0
2,1,idle,24,0.0013330000001587905,0
2,1,idle,25,0.0009580000005371403,0
2,1,idle,26,0.0010000000002037268,0
2,1,idle,27,0.0009589999990566866,0
2,1,idle,28,0.000959000000875676,0
2,1,idle,29,0.001417000001310953,0
2,1,idle,30,0.0014159999991534278,0
2,1,idle,31,0.0010000000002037268,0
2,1,idle,32,0.0009579999987181509,0
2,1,idle,33,0.0010000000002037268,0
2,1,idle,34,0.0014160000009724172,0
2,1,idle,35,0.0009580000005371403,0
2,1,idle,36,0.0010419999998703133,0
2,1,idle,37,0.0010840000013558893,0
2,1,idle,38,0.0010409999995317776,0
2,1,idle,39,0.0012499999993451638,0
2,1,idle,40,0.0010830000010173535,0
2,1,idle,41,0.0010000000002037268,0
2,1,idle,42,0.0014580000006390037,0
2,1,idle,43,0.0009579999987181509,0
2,1,idle,44,0.0009579999987181509,0
2,1,idle,45,0.0013340000004973263,0
2,1,idle,46,0.0009170000012090895,0
2,1,idle,47,0.000959000000875676,0
2,1,idle,48,0.0010840000013558893,0
2,1,idle,49,0.000959000000875676,0
2,1,idle,50,0.0012919999990117503,0
2,1,idle,51,0.0010000000002037268,0
2,1,idle,52,0.0009999999983847374,0
2,1,idle,53,0.0010000000002037268,0
2,1,idle,54,0.0010000000002037268,0
2,1,idle,55,0.0013330000001587905,0
2,1,idle,56,0.0009580000005371403,0
2,1,idle,57,0.0009999999983847374,0
2,1,idle,58,0.0010840000013558893,0
2,1,idle,59,0.0009169999993901001,0
2,1,idle,60,0.0009999999983847374,0
2,1,idle,61,0.001833000000260654,0
2,1,idle,62,0.0016250000007858034,0
2,1,idle,63,0.00112500000068394,0
2,1,idle,64,0.0010419999998703133,0
2,1,idle,65,0.0010419999998703133,0
2,1,idle,66,0.0013339999986783369,0
2,1,idle,67,0.0009589999990566866,0
2,1,idle,68,0.0009589999990566866,0
2,1,idle,69,0.0010000000002037268,0
2,1,idle,70,0.001082999999198364,0
2,1,idle,71,0.0012919999990117503,0
2,1,idle,72,0.0010420000016893027,0
2,1,idle,73,0.0010419999998703133,0
2,1,idle,74,0.0009160000008705538,0
2,1,idle,75,0.0010419999998703133,0
2,1,idle,76,0.0035420000003796304,0
2,1,idle,77,0.0011660000000119908,0
2,1,idle,78,0.0010000000002037268,0
2,1,idle,79,0.0009580000005371403,0
2,1,idle,80,0.0033750000002328306,0
2,1,idle,81,0.0010830000010173535,0
2,1,idle,82,0.0013330000001587905,0
2,1,idle,83,0.0010000000002037268,0
2,1,idle,84,0.0010000000002037268,0
2,1,idle,85,0.0009170000012090895,0
2,1,idle,86,0.0009579999987181509,0
2,1,idle,87,0.0012920000008307397,0
2,1,idle,88,0.000959000000875676,0
2,1,idle,89,0.0010839999995368998,0
2,1,idle,90,0.001041000001350767,0
2,1,idle,91,0.0009580000005371403,0
2,1,idle,92,0.0012919999990117503,0
2,1,idle,93,0.0010839999995368998,0
2,1,idle,94,0.0010409999995317776,0
2,1,idle,95,0.0032090000004245667,0
2,1,idle,96,0.0011670000003505265,0
2,1,idle,97,0.0012920000008307397,0
2,1,idle,98,0.0009169999993901001,0
2,1,idle,99,0.001082999999198364,0
2,1,idle,100,0.0009580000005371403,0
2,1,idle,101,0.0015000000003055902,0
2,1,idle,102,0.0010000000002037268,0
2,1,idle,103,0.0012500000011641532,0
2,1,idle,104,0.0010000000002037268,0
2,1,idle,105,0.0010000000002037268,0
2,1,idle,106,0.000959000000875676,0
2,1,idle,107,0.0009589999990566866,0
2,1,idle,108,0.0017500000012660166,0
2,1,idle,109,0.0010839999995368998,0
2,1,idle,110,0.0010000000002037268,0
2,1,idle,111,0.0009589999990566866,0
2,1,idle,112,0.0010409999995317776,0
2,1,idle,113,0.0013750000016443664,0
2,1,idle,114,0.0009169999993901001,0
2,1,idle,115,0.0010000000002037268,0
2,1,idle,116,0.0009580000005371403,0
2,1,idle,117,0.0010830000010173535,0
2,1,idle,118,0.0012920000008307397,0
2,1,idle,119,0.0009579999987181509,0
2,1,idle,120,0.0010000000002037268,0
2,1,idle,121,0.0009589999990566866,0
2,1,idle,122,0.0009589999990566866,0
2,1,idle,123,0.0010000000002037268,0
2,1,idle,124,0.0012079999996785773,0
2,1,idle,125,0.0010419999998703133,0
2,1,idle,126,0.0009170000012090895,0
2,1,idle,127,0.0009580000005371403,0
2,1,idle,128,0.0009579999987181509,0
2,1,idle,129,0.003500000000713044,0
2,1,idle,130,0.0010409999995317776,0
2,1,idle,131,0.0009579999987181509,0
2,1,idle,132,0.0009999999983847374,0
2,1,idle,133,0.0009579999987181509,0
2,1,idle,134,0.0014159999991534278,0
2,1,idle,135,0.0009170000012090895,0
2,1,idle,136,0.0010000000002037268,0
2,1,idle,137,0.0009169999993901001,0
2,1,idle,138,0.0029589999994641403,0
2,1,idle,139,0.0014159999991534278,0
2,1,idle,140,0.0010419999998703133,0
2,1,idle,141,0.000959000000875676,0
2,1,idle,142,0.0010419999998703133,0
2,1,idle,143,0.0015000000003055902,0
2,1,idle,144,0.0013340000004973263,0
2,1,idle,145,0.0012920000008307397,0
2,1,idle,146,0.0009580000005371403,0
2,1,idle,147,0.0031249999992724042,0
2,1,idle,148,0.0010419999998703133,0
2,1,idle,149,0.0010000000002037268,0
2,1,idle,150,0.0016660000001138542,0
2,1,idle,151,0.0010830000010173535,0
2,1,idle,152,0.0009579999987181509,0
2,1,idle,153,0.0009579999987181509,0
2,1,idle,154,0.0009999999983847374,0
2,1,idle,155,0.0012079999996785773,0
2,1,idle,156,0.0009580000005371403,0
2,1,idle,157,0.0010000000002037268,0
2,1,idle,158,0.0010000000002037268,0
2,1,idle,159,0.0009580000005371403,0
2,1,idle,160,0.0010000000002037268,0
2,1,idle,161,0.001291000000492204,0
2,1,idle,162,0.003333000000566244,0
2,1,idle,163,0.001082999999198364,0
2,1,idle,164,0.0012499999993451638,0
2,1,idle,165,0.0010000000002037268,0
2,1,idle,166,0.0012920000008307397,0
2,1,idle,167,0.0009580000005371403,0
2,1,idle,168,0.001082999999198364,0
2,1,idle,169,0.0010830000010173535,0
2,1,idle,170,0.0010000000002037268,0
2,1,idle,171,0.0012499999993451638,0
2,1,idle,172,0.0010000000002037268,0
2,1,idle,173,0.0010419999998703133,0
2,1,idle,174,0.0010409999995317776,0
2,1,idle,175,0.0010839999995368998,0
2,1,idle,176,0.001291000000492204,0
2,1,idle,177,0.0009170000012090895,0
2,1,idle,178,0.00112500000068394,0
2,1,idle,179,0.0009580000005371403,0
2,1,idle,180,0.0009579999987181509,0
2,1,idle,181,0.0009579999987181509,0
2,1,idle,182,0.0012499999993451638,0
2,1,idle,183,0.0010419999998703133,0
2,1,idle,184,0.0010000000002037268,0
2,1,idle,185,0.0010000000002037268,0
2,1,idle,186,0.0009580000005371403,0
2,1,idle,187,0.0012500000011641532,0
2,1,idle,188,0.001082999999198364,0
2,1,idle,189,0.0009580000005371403,0
2,1,idle,190,0.0009160000008705538,0
2,1,idle,191,0.0010000000002037268,0
2,1,idle,192,0.0012499999993451638,0
2,1,idle,193,0.001041000001350767,0
2,1,idle,194,0.0011669999985315371,0
2,1,idle,195,0.0009579999987181509,0
2,1,idle,196,0.0034159999995608814,0
2,1,idle,197,0.001374999999825377,0
2,1,idle,198,0.0010000000002037268,0
2,1,idle,199,0.0010000000002037268,0
2,1,idle,200,0.0033329999987472547,0
2,1,idle,201,0.0009580000005371403,0
2,1,idle,202,0.0010000000002037268,0
2,1,idle,203,0.0013330000001587905,0
2,1,idle,204,0.001041000001350767,0
2,1,idle,205,0.0009580000005371403,0
2,1,idle,206,0.0015000000003055902,0
2,1,idle,207,0.0009580000005371403,0
2,1,idle,208,0.0012909999986732146,0
2,1,idle,209,0.0010000000002037268,0
2,1,idle,210,0.0009579999987181509,0
2,1,idle,211,0.0009579999987181509,0
2,1,idle,212,0.0011660000000119908,0
2,1,idle,213,0.0016669999986334005,0
2,1,idle,214,0.003291999999419204,0
2,1,idle,215,0.0010830000010173535,0
2,1,idle,216,0.0009580000005371403,0
2,1,idle,217,0.0010419999998703133,0
2,1,idle,218,0.001374999999825377,0
2,1,idle,219,0.0009170000012090895,0
2,1,idle,220,0.000959000000875676,0
2,1,idle,221,0.0010839999995368998,0
2,1,idle,222,0.00112500000068394,0
2,1,idle,223,0.000959000000875676,0
2,1,idle,224,0.001374999999825377,0
2,1,idle,225,0.0009580000005371403,0
2,1,idle,226,0.0017079999997804407,0
2,1,idle,227,0.0012499999993451638,0
2,1,idle,228,0.0009580000005371403,0
2,1,idle,229,0.003290999999080668,0
2,1,idle,230,0.0011249999988649506,0
2,1,idle,231,0.0010000000002037268,0
2,1,idle,232,0.0009589999990566866,0
2,1,idle,233,0.0009589999990566866,0
2,1,idle,234,0.0012500000011641532,0
2,1,idle,235,0.001082999999198364,0
2,1,idle,236,0.0010000000002037268,0
2,1,idle,237,0.0009159999990515644,0
2,1,idle,238,0.0009580000005371403,0
2,1,idle,239,0.0012920000008307397,0
2,1,idle,240,0.000959000000875676,0
2,1,idle,241,0.0009169999993901001,0
2,1,idle,242,0.0009579999987181509,0
2,1,idle,243,0.0014579999988200143,0
2,1,idle,244,0.0010000000002037268,0
2,1,idle,245,0.0013339999986783369,0
2,1,idle,246,0.0010419999998703133,0
2,1,idle,247,0.0010419999998703133,0
2,1,idle,248,0.0010000000002037268,0
2,1,idle,249,0.0009580000005371403,0
2,1,idle,250,0.0011670000003505265,0
2,1,idle,251,0.000959000000875676,0
2,1,idle,252,0.0010000000002037268,0
2,1,idle,253,0.0009580000005371403,0
2,1,idle,254,0.0010000000002037268,0
2,1,idle,255,0.0012500000011641532,0
2,1,idle,256,0.0009169999993901001,0
2,1,idle,257,0.0009159999990515644,0
2,1,idle,258,0.0009170000012090895,0
2,1,idle,259,0.0009589999990566866,0
2,1,idle,260,0.0009169999993901001,0
2,1,idle,261,0.0012080000014975667,0
2,1,idle,262,0.0037080000001878943,0
2,1,idle,263,0.0031660000004194444,0
2,1,idle,264,0.0010000000002037268,0
2,1,idle,265,0.0009580000005371403,0
2,1,idle,266,0.0013330000001587905,0
2,1,idle,267,0.0009580000005371403,0
2,1,idle,268,0.0009159999990515644,0
2,1,idle,269,0.0009170000012090895,0
2,1,idle,270,0.000959000000875676,0
2,1,idle,271,0.0012499999993451638,0
2,1,idle,272,0.0009579999987181509,0
2,1,idle,273,0.0015419999999721767,0
2,1,idle,274,0.0009589999990566866,0
2,1,idle,275,0.0009589999990566866,0
2,1,idle,276,0.0012919999990117503,0
2,1,idle,277,0.0010000000002037268,0
2,1,idle,278,0.0009589999990566866,0
2,1,idle,279,0.0009170000012090895,0
2,1,idle,280,0.0010409999995317776,0
2,1,idle,281,0.0033750000002328306,0
2,1,idle,282,0.0015000000003055902,0
2,1,idle,283,0.0010000000002037268,0
2,1,idle,284,0.0009589999990566866,0
2,1,idle,285,0.000959000000875676,0
2,1,idle,286,0.000959000000875676,0
2,1,idle,287,0.0012500000011641532,0
2,1,idle,288,0.0009169999993901001,0
2,1,idle,289,0.000959000000875676,0
2,1,idle,290,0.000959000000875676,0
2,1,idle,291,0.0009170000012090895,0
2,1,idle,292,0.0020409999997355044,0
2,1,idle,293,0.0009169999993901001,0
2,1,idle,294,0.0010000000002037268,0
2,1,idle,295,0.0012919999990117503,0
2,1,idle,296,0.003500000000713044,0
2,1,idle,297,0.0015000000003055902,0
2,1,idle,298,0.0011670000003505265,0
2,1,idle,299,0.0010839999995368998,0
2,1,idle,300,0.0010000000002037268,0
2,1,idle,301,0.00112500000068394,0
2,1,idle,302,0.0009169999993901001,0
2,1,idle,303,0.0012919999990117503,0
2,1,idle,304,0.0010000000002037268,0
2,1,idle,305,0.0009589999990566866,0
2,1,idle,306,0.0010000000002037268,0
2,1,idle,307,0.0009579999987181509,0
2,1,idle,308,0.0012920000008307397,0
2,1,idle,309,0.0010000000002037268,0
2,1,idle,310,0.0009170000012090895,0
2,1,idle,311,0.001374999999825377,0
2,1,idle,312,0.0010000000002037268,0
2,1,idle,313,0.0012920000008307397,0
2,1,idle,314,0.0010000000002037268,0
2,1,idle,315,0.000959000000875676,0
2,1,idle,316,0.0010000000002037268,0
2,1,idle,317,0.000959000000875676,0
2,1,idle,318,0.0012499999993451638,0
2,1,idle,319,0.0010419999998703133,0
2,1,idle,320,0.0009589999990566866,0
2,1,idle,321,0.0009580000005371403,0
2,1,idle,322,0.0010830000010173535,0
2,1,idle,323,0.0009579999987181509,0
2,1,idle,324,0.00333400000090478,0
2,1,idle,325,0.0016250000007858034,0
2,1,idle,326,0.0010419999998703133,0
2,1,idle,327,0.0010419999998703133,0
2,1,idle,328,0.0009580000005371403,0
2,1,idle,329,0.0012499999993451638,0
2,1,idle,330,306.36904200000026,0
2,1,idle,331,0.028000000000247383,0
2,1,idle,332,0.006207999998878222,0
2,1,idle,333,0.004666999999244581,0
2,1,idle,334,0.004417000000103144,0
2,1,idle,335,0.004124999999476131,0
2,1,idle,336,0.005042000000685221,0
2,1,idle,337,0.004750000000058208,0
2,1,idle,338,0.004041000000142958,0
2,1,idle,339,0.003875000000334694,0
2,1,idle,340,0.0041250000012951205,0
2,1,idle,341,0.004124999999476131,0
2,1,idle,342,0.004832999999052845,0
2,1,idle,343,0.004042000000481494,0
2,1,idle,344,0.003958999999667867,0
2,1,idle,345,0.003749999999854481,0
2,1,idle,346,0.005333999999493244,0
2,1,idle,347,0.004792000001543784,0
2,1,idle,348,0.003749999999854481,0
2,1,idle,349,0.003749999999854481,0
2,1,idle,350,0.003791000001001521,0
2,1,idle,351,0.004000000000814907,0
2,1,idle,352,0.005250000000160071,0
2,1,idle,353,0.003833999999187654,0
2,1,idle,354,0.004500000000916771,0
2,1,idle,355,9.075958000001265,0
2,1,idle,356,0.017749999999068677,0
2,1,idle,357,0.010374999999839929,0
2,1,idle,358,0.0233330000010028,0
2,1,idle,359,0.006541999999171821,0
2,1,idle,360,0.006499999999505235,0
2,1,idle,361,0.009374999999636202,0
2,1,idle,362,0.011292000001049018,0
2,1,idle,363,0.009084000001166714,0
2,1,idle,364,0.006083000000216998,0
2,1,idle,365,0.01224999999976717,0
2,1,idle,366,0.007208000000900938,0
2,1,idle,367,0.004708000000391621,0
2,1,idle,368,0.005625000001600711,0
2,1,idle,369,0.005250000000160071,0
2,1,idle,370,0.004249999999956344,0
2,1,idle,371,0.004417000000103144,0
2,1,idle,372,0.004124999999476131,0
2,1,idle,373,0.005166000000826898,0
2,1,idle,374,0.004582999999911408,0
2,1,idle,375,0.007499999999708962,0
2,1,idle,376,0.2288750000006985,0
2,1,idle,377,0.39900000000125146,0
2,1,idle,378,1.0434999999997672,0
2,1,idle,379,0.02695800000037707,0
2,1,idle,380,0.007416000000375789,0
2,1,idle,381,0.005499999999301508,0
2,1,idle,382,0.04416700000001583,0
2,1,idle,383,0.006209000001035747,0
2,1,idle,384,0.006042000000888947,0
2,1,idle,385,0.005291999999826658,0
2,1,idle,386,0.004875000000538421,0
2,1,idle,387,0.005000000001018634,0
2,1,idle,388,0.003957999999329331,0
2,1,idle,389,0.005417000000306871,0
2,1,idle,390,0.004542000000583357,0
2,1,idle,391,0.054874999999810825,0
2,1,idle,392,0.005375000000640284,0
2,1,idle,393,0.009917000001223641,0
2,1,idle,394,0.006542000000990811,0
2,1,idle,395,0.004500000000916771,0
2,1,idle,396,0.004750000000058208,0
2,1,idle,397,0.007207999999081949,0
2,1,idle,398,0.004583999998430954,0
2,1,idle,399,0.005542000000787084,0
2,1,idle,400,0.004750000000058208,0
2,1,idle,401,0.6061249999984284,0
2,1,idle,402,0.011290999998891493,0
2,1,idle,403,0.006250000000363798,0
2,1,idle,404,0.005291999999826658,0
2,1,idle,405,0.006333999999696971,0
2,1,idle,406,0.004792000001543784,0
2,1,idle,407,0.011916999999812106,0
2,1,idle,408,0.05491699999947741,0
2,1,idle,409,0.005959000000075321,0
2,1,idle,410,0.005499999999301508,0
2,1,idle,411,0.004249999999956344,0
2,1,idle,412,0.004000000000814907,0
2,1,idle,413,0.006208000000697211,0
2,1,idle,414,0.004124999999476131,0
2,1,idle,415,0.005042000000685221,0
2,1,idle,416,0.004167000000961707,0
2,1,idle,417,0.004208000000289758,0
2,1,idle,418,0.004208000000289758,0
2,1,idle,419,0.003999999998995918,0
2,1,idle,420,0.003832999998849118,0
2,1,idle,421,0.005166999999346444,0
2,1,idle,422,0.003999999998995918,0
2,1,idle,423,0.12808299999960582,0
2,1,idle,424,0.008458000000246102,0
2,1,idle,425,0.004833000000871834,0
2,1,idle,426,0.005833000001075561,0
2,1,idle,427,0.004000000000814907,0
2,1,idle,428,0.004417000000103144,0
2,1,idle,429,0.004041999998662504,0
2,1,idle,430,0.004832999999052845,0
2,1,idle,431,0.006374999999025022,0
2,1,idle,432,0.009624999998777639,0
2,1,idle,433,0.0042090000006282935,0
2,1,idle,434,0.003749999999854481,0
2,1,idle,435,0.004249999999956344,0
2,1,idle,436,0.004582999999911408,0
2,1,idle,437,0.0038749999985157046,0
2,1,idle,438,0.008458000000246102,0
2,1,idle,439,0.005041000000346685,0
2,1,idle,440,0.004124999999476131,0
2,1,idle,441,0.007666999999855761,0
2,1,idle,442,0.03779199999917182,0
2,1,idle,443,0.006708999999318621,0
2,1,idle,444,0.005499999999301508,0
2,1,idle,445,0.0042090000006282935,0
2,1,idle,446,0.003917000000001281,0
2,1,idle,447,0.0052080000004934845,0
2,1,idle,448,0.004249999999956344,0
2,1,idle,449,0.004166000000623171,0
2,1,idle,450,0.006083000000216998,0
2,1,idle,451,0.003917000000001281,0
2,1,idle,452,0.004750000000058208,0
2,1,idle,453,0.004708000000391621,0
2,1,idle,454,0.004208999998809304,0
2,1,idle,455,0.005250000000160071,0
2,1,idle,456,0.0037500000016734703,0
2,1,idle,457,0.004957999999533058,0
2,1,idle,458,0.003833999999187654,0
2,1,idle,459,0.0037919999995210674,0
2,1,idle,460,0.003917000000001281,0
2,1,idle,461,0.004208000000289758,0
2,1,idle,462,0.003666000000521308,0
2,1,idle,463,0.004582999999911408,0
2,1,idle,464,0.004584000000249944,0
2,1,idle,465,0.003875000000334694,0
2,1,idle,466,0.003875000000334694,0
2,1,idle,467,0.0035410000000410946,0
2,1,idle,468,0.004791000001205248,0
2,1,idle,469,0.003666000000521308,0
2,1,idle,470,0.004875000000538421,0
2,1,idle,471,0.0038330000006681075,0
2,1,idle,472,0.003875000000334694,0
2,1,idle,473,0.004791999999724794,0
2,1,idle,474,0.0041250000012951205,0
2,1,idle,475,0.04575000000113505,0
2,1,idle,476,0.0057500000002619345,0
2,1,idle,477,0.004000000000814907,0
2,1,idle,478,0.005042000000685221,0
2,1,idle,479,0.0037919999995210674,0
2,1,idle,480,0.003917000000001281,0
2,1,idle,481,0.0044589999997697305,0
2,1,idle,482,0.004041999998662504,0
2,1,idle,483,0.08699999999953434,0
2,1,idle,484,0.008707999999387539,0
2,1,idle,485,0.004208000000289758,0
2,1,idle,486,0.008459000000584638,0
2,1,idle,487,0.0041250000012951205,0
2,1,idle,488,0.003917000000001281,0
2,1,idle,489,0.004958999999871594,0
2,1,idle,490,0.07562499999949068,0
2,1,idle,491,0.010958999999274965,0
2,1,idle,492,2.890332999999373,0
2,1,idle,493,0.01058299999931478,0
2,1,idle,494,0.006665999999313499,0
2,1,idle,495,0.004833000000871834,0
2,1,idle,496,0.0043750000004365575,0
2,1,idle,497,0.008583000000726315,0
2,1,idle,498,0.0041250000012951205,0
2,1,idle,499,0.006541000000652275,0
2,1,idle,500,0.0046249999995779945,0
2,1,idle,501,0.005417000000306871,0
2,1,idle,502,0.003749999999854481,0
2,1,idle,503,0.004290999999284395,0
2,1,idle,504,0.004166000000623171,0
2,1,idle,505,0.004833000000871834,0
2,1,idle,506,0.004500000000916771,0
2,1,idle,507,0.009040999999342603,0
2,1,idle,508,0.004124999999476131,0
2,1,idle,509,0.004541999998764368,0
2,1,idle,510,0.004957999999533058,0
2,1,idle,511,0.003958000001148321,0
2,1,idle,512,0.0042090000006282935,0
2,1,idle,513,0.004249999999956344,0
2,1,idle,514,0.0046249999995779945,0
2,1,idle,515,0.0048749999987194315,0
2,1,idle,516,0.004499999999097781,0
2,1,idle,517,0.009500000000116415,0
2,1,idle,518,0.004000000000814907,0
2,1,idle,519,0.004458000001250184,0
2,1,idle,520,0.0040829999998095445,0
2,1,idle,521,0.005250000000160071,0
2,1,idle,522,0.003832999998849118,0
2,1,idle,523,0.004290999999284395,0
2,1,idle,524,0.0036249999993742676,0
2,1,idle,525,0.005624999999781721,0
2,1,idle,526,0.004917000000205007,0
2,1,idle,527,0.0034999999988940544,0
2,1,idle,528,0.003749999999854481,0
2,1,idle,529,0.003666999999040854,0
2,1,idle,530,0.003999999998995918,0
2,1,idle,531,0.007165999999415362,0
2,1,idle,532,0.003958000001148321,0
2,1,idle,533,0.004167000000961707,0
2,1,idle,534,0.0037919999995210674,0
2,1,idle,535,0.00429200000144192,0
2,1,idle,536,0.004999999999199645,0
2,1,idle,537,0.004458000001250184,0
2,1,idle,538,0.003749999999854481,0
2,1,idle,539,0.0036659999987023184,0
2,1,idle,540,0.003999999998995918,0
2,1,idle,541,0.005917000000408734,0
2,1,idle,542,0.004917000000205007,0
2,1,idle,543,0.004249999999956344,0
2,1,idle,544,0.00370900000052643,0
2,1,idle,545,0.0037919999995210674,0
2,1,idle,546,0.0034580000010464573,0
2,1,idle,547,0.004457999999431195,0
2,1,idle,548,0.0037919999995210674,0
2,1,idle,549,0.003875000000334694,0
2,1,idle,550,0.0037080000001878943,0
2,1,idle,551,0.003749999999854481,0
2,1,idle,552,0.006416999998691608,0
2,1,idle,553,0.004542000000583357,0
2,1,idle,554,0.004167000000961707,0
2,1,idle,555,0.004208000000289758,0
2,1,idle,556,0.005791000001408975,0
2,1,idle,557,0.005041000000346685,0
2,1,idle,558,0.004041000000142958,0
2,1,idle,559,0.004333000000769971,0
2,1,idle,560,0.0037089999987074407,0
2,1,idle,561,0.0043750000004365575,0
2,1,idle,562,0.00370900000052643,0
2,1,idle,563,0.0049580000013520475,0
2,1,idle,564,0.004915999999866472,0
2,1,idle,565,0.004374999998617568,0
2,1,idle,566,0.005499999999301508,0
2,1,idle,567,0.004166999999142718,0
2,1,idle,568,0.0046249999995779945,0
2,1,idle,569,0.00408400000014808,0
2,1,idle,570,0.003749999999854481,0
2,1,idle,571,0.003958999999667867,0
2,1,idle,572,0.007458000000042375,0
2,1,idle,573,0.005332999999154708,0
2,1,idle,574,0.003749999999854481,0
2,1,idle,575,0.003958000001148321,0
2,1,idle,576,0.004042000000481494,0
2,1,idle,577,0.004541999998764368,0
2,1,idle,578,0.004499999999097781,0
2,1,idle,579,0.004124999999476131,0
2,1,idle,580,0.007582999998703599,0
2,1,idle,581,0.010457999998834566,0
2,1,idle,582,0.003584000000046217,0
2,1,idle,583,79.34675000000061,0
2,1,idle,584,0.02866600000015751,0
2,1,idle,585,0.004249999999956344,0
2,1,idle,586,0.022582999999940512,0
2,1,idle,587,0.006708000000799075,0
2,1,idle,588,0.002375000000029104,0
2,1,idle,589,0.003208000000086031,0
2,1,idle,590,0.002540999999837368,0
2,1,idle,591,0.0021660000002157176,0
2,1,idle,592,0.002125000000887667,0
2,1,idle,593,0.0027079999999841675,0
2,1,idle,594,0.002915999999459018,0
2,1,idle,595,0.0022909999988769414,0
2,1,idle,596,0.0020830000012210803,0
2,1,idle,597,0.0021660000002157176,0
2,1,idle,598,0.003749999999854481,0
2,1,idle,599,0.002833999998983927,0
2,1,idle,600,0.00204200000007404,0
2,1,idle,601,0.0021670000005542533,0
2,1,idle,602,0.0020000000004074536,0
2,1,idle,603,0.002165999998396728,0
2,1,idle,604,0.0019579999989218777,0
2,1,idle,605,0.0026659999984985916,0
2,1,idle,606,0.002082999999402091,0
2,1,idle,607,0.00204200000007404,0
2,1,idle,608,0.00204200000007404,0
2,1,idle,609,0.0020839999997406267,0
2,1,idle,610,0.0027090000003227033,0
2,1,idle,611,0.00225000000136788,0
2,1,idle,612,0.002125000000887667,0
2,1,idle,613,0.0020839999997406267,0
2,1,idle,614,0.002082999999402091,0
2,1,idle,615,0.0030000000006111804,0
2,1,idle,616,0.002125000000887667,0
2,1,idle,617,0.0020830000012210803,0
2,1,idle,618,0.0020000000004074536,0
2,1,idle,619,0.00225000000136788,0
2,1,idle,620,0.00204200000007404,0
2,1,idle,621,0.0028750000001309672,0
2,1,idle,622,0.0021249999990686774,0
2,1,idle,623,0.0021249999990686774,0
2,1,idle,624,0.002041000001554494,0
2,1,idle,625,0.004124999999476131,0
2,1,idle,626,0.002624999999170541,0
2,1,idle,627,0.0022499999995488906,0
2,1,idle,628,0.002041000001554494,0
2,1,idle,629,0.0020000000004074536,0
2,1,idle,630,0.00204200000007404,0
2,1,idle,631,0.0031669999989389908,0
2,1,idle,632,0.0021249999990686774,0
2,1,idle,633,0.0032499999997526174,0
2,1,idle,634,0.002041000001554494,0
2,1,idle,635,0.0020000000004074536,0
2,1,idle,636,0.00279200000113633,0
2,1,idle,637,0.0020000000004074536,0
2,1,idle,638,0.0022499999995488906,0
2,1,idle,639,0.0020000000004074536,0
2,1,idle,640,0.0020000000004074536,0
2,1,idle,641,0.0020000000004074536,0
2,1,idle,642,0.0029169999997975538,0
2,1,idle,643,0.002125000000887667,0
2,1,idle,644,0.002082999999402091,0
2,1,idle,645,0.00220900000022084,0
2,1,idle,646,0.0020830000012210803,0
2,1,idle,647,0.0028750000001309672,0
2,1,idle,648,0.002334000000701053,0
2,1,idle,649,0.0024999999986903276,0
2,1,idle,650,0.0020409999997355044,0
2,1,idle,651,0.00204200000007404,0
2,1,idle,652,0.0027500000014697434,0
2,1,idle,653,0.001916999999593827,0
2,1,idle,654,0.0019589999992604135,0
2,1,idle,655,0.0020000000004074536,0
2,1,idle,656,0.0020000000004074536,0
2,1,idle,657,0.0027079999999841675,0
2,1,idle,658,0.0022499999995488906,0
2,1,idle,659,0.0020830000012210803,0
2,1,idle,660,0.002082999999402091,0
2,1,idle,661,0.0020409999997355044,0
2,1,idle,662,0.002125000000887667,0
2,1,idle,663,0.0026250000009895302,0
2,1,idle,664,0.004500000000916771,0
2,1,idle,665,0.004415999999764608,0
2,1,idle,666,0.0034580000010464573,0
2,1,idle,667,0.0021670000005542533,0
2,1,idle,668,0.0026250000009895302,0
2,1,idle,669,0.003042000000277767,0
2,1,idle,670,0.00204200000007404,0
2,1,idle,671,0.0020000000004074536,0
2,1,idle,672,0.004000000000814907,0
2,1,idle,673,0.0027079999999841675,0
2,1,idle,674,0.0021249999990686774,0
2,1,idle,675,0.0020839999997406267,0
2,1,idle,676,0.0020000000004074536,0
2,1,idle,677,0.001916999999593827,0
2,1,idle,678,0.0026250000009895302,0
2,1,idle,679,0.0023330000003625173,0
2,1,idle,680,0.00204200000007404,0
2,1,idle,681,0.0020000000004074536,0
2,1,idle,682,0.0020000000004074536,0
2,1,idle,683,0.0019999999985884642,0
2,1,idle,684,0.00258399999984249,0
2,1,idle,685,0.0020000000004074536,0
2,1,idle,686,0.00204200000007404,0
2,1,idle,687,0.0020000000004074536,0
2,1,idle,688,0.0020000000004074536,0
2,1,idle,689,0.0027079999999841675,0
2,1,idle,690,0.0020000000004074536,0
2,1,idle,691,0.0022499999995488906,0
2,1,idle,692,0.002125000000887667,0
2,1,idle,693,0.00204200000007404,0
2,1,idle,694,0.002749999999650754,0
2,1,idle,695,0.0021249999990686774,0
2,1,idle,696,0.0020000000004074536,0
2,1,idle,697,0.0022089999984018505,0
2,1,idle,698,0.0026670000006561168,0
2,1,idle,699,0.0025420000001759036,0
2,1,idle,700,0.002666000000317581,0
2,1,idle,701,0.0020000000004074536,0
2,1,idle,702,0.00204200000007404,0
2,1,idle,703,0.002082999999402091,0
2,1,idle,704,0.0019579999989218777,0
2,1,idle,705,0.002624999999170541,0
2,1,idle,706,0.002207999999882304,0
2,1,idle,707,0.0020000000004074536,0
2,1,idle,708,0.0019170000014128163,0
2,1,idle,709,0.00204200000007404,0
2,1,idle,710,0.0025829999995039543,0
2,1,idle,711,0.0024580000008427305,0
2,1,idle,712,0.00204200000007404,0
2,1,idle,713,0.0020000000004074536,0
2,1,idle,714,0.0020000000004074536,0
2,1,idle,715,0.0027090000003227033,0
2,1,idle,716,0.0019999999985884642,0
2,1,idle,717,0.00220900000022084,0
2,1,idle,718,0.0022080000017012935,0
2,1,idle,719,0.0020409999997355044,0
2,1,idle,720,0.001958000000740867,0
2,1,idle,721,0.0028330000004643807,0
2,1,idle,722,0.00220900000022084,0
2,1,idle,723,0.0020839999997406267,0
2,1,idle,724,0.0030000000006111804,0
2,1,idle,725,0.002166999998735264,0
2,1,idle,726,0.0027090000003227033,0
2,1,idle,727,0.00204200000007404,0
2,1,idle,728,0.0021249999990686774,0
2,1,idle,729,0.001916999999593827,0
2,1,idle,730,0.0021249999990686774,0
2,1,idle,731,0.0026250000009895302,0
2,1,idle,732,0.002500000000509317,0
2,1,idle,733,0.0020830000012210803,0
2,1,idle,734,0.002166999998735264,0
2,1,idle,735,0.0020000000004074536,0
2,1,idle,736,0.0026250000009895302,0
2,1,idle,737,0.0021660000002157176,0
2,1,idle,738,0.0020000000004074536,0
2,1,idle,739,0.0020419999982550507,0
2,1,idle,740,0.0020839999997406267,0
2,1,idle,741,0.0020000000004074536,0
2,1,idle,742,0.0027090000003227033,0
2,1,idle,743,0.0020000000004074536,0
2,1,idle,744,0.002166999998735264,0
2,1,idle,745,0.0020000000004074536,0
2,1,idle,746,0.002082999999402091,0
2,1,idle,747,0.003290999999080668,0
2,1,idle,748,0.0020409999997355044,0
2,1,idle,749,0.0020409999997355044,0
2,1,idle,750,0.002165999998396728,0
2,1,idle,751,0.00204200000007404,0
2,1,idle,752,0.0029169999997975538,0
2,1,idle,753,0.0019999999985884642,0
2,1,idle,754,0.0021249999990686774,0
2,1,idle,755,0.00204200000007404,0
2,1,idle,756,0.003042000000277767,0
2,1,idle,757,0.002500000000509317,0
2,1,idle,758,0.0030000000006111804,0
2,1,idle,759,0.0021660000002157176,0
2,1,idle,760,0.0021249999990686774,0
2,1,idle,761,0.0021249999990686774,0
2,1,idle,762,0.0019589999992604135,0
2,1,idle,763,0.0025829999995039543,0
2,1,idle,764,0.002125000000887667,0
2,1,idle,765,0.0024590000011812663,0
2,1,idle,766,0.00204200000007404,0
2,1,idle,767,0.0025829999995039543,0
2,1,idle,768,0.0026670000006561168,0
2,1,idle,769,0.002125000000887667,0
2,1,idle,770,0.00220900000022084,0
2,1,idle,771,0.0019579999989218777,0
2,1,idle,772,0.0019579999989218777,0
2,1,idle,773,0.0030000000006111804,0
2,1,idle,774,0.001916999999593827,0
2,1,idle,775,0.0020839999997406267,0
2,1,idle,776,0.0027919999993173406,0
2,1,idle,777,0.0021670000005542533,0
2,1,idle,778,0.0027079999999841675,0
2,1,idle,779,0.00204200000007404,0
2,1,idle,780,0.0020000000004074536,0
2,1,idle,781,0.0020000000004074536,0
2,1,idle,782,0.0019999999985884642,0
2,1,idle,783,0.0019579999989218777,0
2,1,idle,784,0.00258399999984249,0
2,1,idle,785,0.0019999999985884642,0
2,1,idle,786,0.001916999999593827,0
2,1,idle,787,0.0020409999997355044,0
2,1,idle,788,0.0019579999989218777,0
2,1,idle,789,0.00258399999984249,0
2,1,idle,790,0.00204200000007404,0
2,1,idle,791,0.0020000000004074536,0
2,1,idle,792,0.0020000000004074536,0
2,1,idle,793,0.0019579999989218777,0
2,1,idle,794,0.002624999999170541,0
2,1,idle,795,0.0019999999985884642,0
2,1,idle,796,0.002207999999882304,0
2,1,idle,797,0.001958000000740867,0
2,1,idle,798,0.0020419999982550507,0
2,1,idle,799,0.00316700000075798,0
2,1,idle,800,0.0021670000005542533,0
2,1,idle,801,0.0020000000004074536,0
2,1,idle,802,0.0020409999997355044,0
2,1,idle,803,0.002291999999215477,0
2,1,idle,804,0.00204200000007404,0
2,1,idle,805,0.0025420000001759036,0
2,1,idle,806,0.0021660000002157176,0
2,1,idle,807,0.0020830000012210803,0
2,1,idle,808,0.002082999999402091,0
2,1,idle,809,0.0020000000004074536,0
2,1,idle,810,0.002500000000509317,0
2,1,idle,811,0.002125000000887667,0
2,1,idle,812,0.0020000000004074536,0
2,1,idle,813,0.002041000001554494,0
2,1,idle,814,0.0020000000004074536,0
2,1,idle,815,0.0026670000006561168,0
2,1,idle,816,0.0020839999997406267,0
2,1,idle,817,0.002166999998735264,0
2,1,idle,818,0.002082999999402091,0
2,1,idle,819,0.0020839999997406267,0
2,1,idle,820,0.0020830000012210803,0
2,1,idle,821,0.002624999999170541,0
2,1,idle,822,0.00220900000022084,0
2,1,idle,823,0.0028750000001309672,0
2,1,idle,824,0.0020830000012210803,0
2,1,idle,825,0.00204200000007404,0
2,1,idle,826,0.002624999999170541,0
2,1,idle,827,0.002790999998978805,0
2,1,idle,828,0.003500000000713044,0
2,1,idle,829,0.002291999999215477,0
2,1,idle,830,0.0028329999986453913,0
2,1,idle,831,0.0025829999995039543,0
2,1,idle,832,0.0025829999995039543,0
2,1,idle,833,0.0020000000004074536,0
2,1,idle,834,0.0024580000008427305,0
2,1,idle,835,0.0022920000010344665,0
2,1,idle,836,0.0027090000003227033,0
2,1,idle,837,0.0019579999989218777,0
2,1,idle,838,0.0020830000012210803,0
2,1,idle,839,0.002082999999402091,0
2,1,idle,840,0.0019999999985884642,0
2,1,idle,841,0.0021249999990686774,0
2,1,idle,842,0.1252909999984695,0
2,1,idle,843,0.019250000001193257,0
2,1,idle,844,0.003625000001193257,0
2,1,idle,845,0.002624999999170541,0
2,1,idle,846,0.0021660000002157176,0
2,1,idle,847,0.006708000000799075,0
2,1,idle,848,0.0027079999999841675,0
2,1,idle,849,0.0034580000010464573,0
2,1,idle,850,0.0022499999995488906,0
2,1,idle,851,0.00225000000136788,0
2,1,idle,852,0.00316700000075798,0
2,1,idle,853,0.0021249999990686774,0
2,1,idle,854,0.002291999999215477,0
2,1,idle,855,0.002291000000695931,0
2,1,idle,856,0.002958000000944594,0
2,1,idle,857,0.0028750000001309672,0
2,1,idle,858,0.0022920000010344665,0
2,1,idle,859,0.0020839999997406267,0
2,1,idle,860,0.00220900000022084,0
2,1,idle,861,0.0020839999997406267,0
2,1,idle,862,0.0020419999982550507,0
2,1,idle,863,0.003457999999227468,0
2,1,idle,864,0.0024580000008427305,0
2,1,idle,865,0.001958000000740867,0
2,1,idle,866,0.0033750000002328306,0
2,1,idle,867,0.0020000000004074536,0
2,1,idle,868,0.0028330000004643807,0
2,1,idle,869,0.0023330000003625173,0
2,1,idle,870,0.002291999999215477,0
2,1,idle,871,0.0019999999985884642,0
2,1,idle,872,0.002291999999215477,0
2,1,idle,873,0.0026670000006561168,0
2,1,idle,874,0.0021249999990686774,0
2,1,idle,875,0.002375000000029104,0
2,1,idle,876,0.002332999998543528,0
2,1,idle,877,0.10283300000082818,0
2,1,idle,878,0.005917000000408734,0
2,1,idle,879,0.0021249999990686774,0
2,1,idle,880,0.0029579999991256045,0
2,1,idle,881,0.002125000000887667,0
2,1,idle,882,0.002666000000317581,0
2,1,idle,883,0.002375000000029104,0
2,1,idle,884,0.002791000000797794,0
2,1,idle,885,0.001958000000740867,0
2,1,idle,886,0.002500000000509317,0
2,1,idle,887,0.003416999999899417,0
2,1,idle,888,0.002207999999882304,0
2,1,idle,889,0.002416000001176144,0
2,1,idle,890,0.0023330000003625173,0
2,1,idle,891,0.003582999999707681,0
2,1,idle,892,0.002500000000509317,0
2,1,idle,893,0.0020000000004074536,0
2,1,idle,894,0.0029590000012831297,0
2,1,idle,895,0.002375000000029104,0
2,1,idle,896,0.002500000000509317,0
2,1,idle,897,0.003749999999854481,0
2,1,idle,898,0.0024169999996956903,0
2,1,idle,899,0.0033750000002328306,0
2,1,idle,900,0.002500000000509317,0
2,1,idle,901,0.004000000000814907,0
2,1,idle,902,0.0024159999993571546,0
2,1,idle,903,0.0020830000012210803,0
2,1,idle,904,0.002375000000029104,0
2,1,idle,905,0.003208000000086031,0
2,1,idle,906,0.0024159999993571546,0
2,1,idle,907,0.002207999999882304,0
2,1,idle,908,0.01824999999917054,0
2,1,idle,909,0.0024169999996956903,0
2,1,idle,910,0.0027079999999841675,0
2,1,idle,911,0.0022080000017012935,0
2,1,idle,912,0.0021660000002157176,0
2,1,idle,913,0.003917000000001281,0
2,1,idle,914,0.0026250000009895302,0
2,1,idle,915,0.002624999999170541,0
2,1,idle,916,0.0023330000003625173,0
2,1,idle,917,0.0020000000004074536,0
2,1,idle,918,0.0023330000003625173,0
2,1,idle,919,0.002166999998735264,0
2,1,idle,920,0.0025420000001759036,0
2,1,idle,921,0.0029590000012831297,0
2,1,idle,922,0.00220900000022084,0
2,1,idle,923,0.0022499999995488906,0
2,1,idle,924,0.002082999999402091,0
2,1,idle,925,0.0022499999995488906,0
2,1,idle,926,0.0026659999984985916,0
2,1,idle,927,0.002291999999215477,0
2,1,idle,928,0.002125000000887667,0
2,1,idle,929,0.0024169999996956903,0
2,1,idle,930,0.002458999999362277,0
2,1,idle,931,0.002500000000509317,0
2,1,idle,932,0.0023330000003625173,0
2,1,idle,933,0.002500000000509317,0
2,1,idle,934,0.002291000000695931,0
2,1,idle,935,0.002291999999215477,0
2,1,idle,936,0.005791999999928521,0
2,1,idle,937,0.0025829999995039543,0
2,1,idle,938,0.0021660000002157176,0
2,1,idle,939,0.0020409999997355044,0
2,1,idle,940,0.0023330000003625173,0
2,1,idle,941,0.0019579999989218777,0
2,1,idle,942,0.002457999999023741,0
2,1,idle,943,0.0020409999997355044,0
2,1,idle,944,0.0021249999990686774,0
2,1,idle,945,0.002375000000029104,0
2,1,idle,946,0.002291999999215477,0
2,1,idle,947,0.0024159999993571546,0
2,1,idle,948,0.0021670000005542533,0
2,1,idle,949,0.0020000000004074536,0
2,1,idle,950,0.002291000000695931,0
2,1,idle,951,0.002125000000887667,0
2,1,idle,952,0.003416999999899417,0
2,1,idle,953,0.0020000000004074536,0
2,1,idle,954,0.002457999999023741,0
2,1,idle,955,0.0020000000004074536,0
2,1,idle,956,0.002207999999882304,0
2,1,idle,957,0.0024159999993571546,0
2,1,idle,958,0.002291000000695931,0
2,1,idle,959,0.002375000000029104,0
2,1,idle,960,0.0020000000004074536,0
2,1,idle,961,0.0023749999982101144,0
2,1,idle,962,0.0025829999995039543,0
2,1,idle,963,0.002375000000029104,0
2,1,idle,964,0.00225000000136788,0
2,1,idle,965,0.0019589999992604135,0
2,1,idle,966,0.0028750000001309672,0
2,1,idle,967,0.0021249999990686774,0
2,1,idle,968,0.003666999999040854,0
2,1,idle,969,0.002165999998396728,0
2,1,idle,970,0.0022909999988769414,0
2,1,idle,971,0.0021660000002157176,0
2,1,idle,972,0.0021670000005542533,0
2,1,idle,973,0.002458999999362277,0
2,1,idle,974,0.001916999999593827,0
2,1,idle,975,0.001959000001079403,0
2,1,idle,976,0.0021670000005542533,0
2,1,idle,977,0.0022499999995488906,0
2,1,idle,978,0.0027919999993173406,0
2,1,idle,979,0.0019999999985884642,0
2,1,idle,980,0.0029579999991256045,0
2,1,idle,981,0.0022920000010344665,0
2,1,idle,982,0.0022499999995488906,0
2,1,idle,983,0.0020830000012210803,0
2,1,idle,984,0.0029579999991256045,0
2,1,idle,985,0.0021249999990686774,0
2,1,idle,986,0.0021660000002157176,0
2,1,idle,987,0.00204200000007404,0
2,1,idle,988,0.0023339999988820637,0
2,1,idle,989,0.0024999999986903276,0
2,1,idle,990,0.002166999998735264,0
2,1,idle,991,0.0019589999992604135,0
2,1,idle,992,0.0021249999990686774,0
2,1,idle,993,0.002500000000509317,0
2,1,idle,994,0.0031249999992724042,0
2,1,idle,995,0.002125000000887667,0
2,1,idle,996,0.0029169999997975538,0
2,1,idle,997,0.002125000000887667,0
2,1,idle,998,0.0022920000010344665,0
2,1,idle,999,0.0030829999996058177,0
2,1,event,0,0.01483399999960966,1
2,1,event,1,0.003500000000713044,0
2,1,event,2,0.002207999999882304,0
2,1,event,3,0.002666000000317581,0
2,1,event,4,0.00204200000007404,0
2,1,event,5,0.00225000000136788,0
2,1,event,6,0.0020000000004074536,0
2,1,event,7,0.00316700000075798,0
2,1,event,8,0.0040829999998095445,0
2,1,event,9,0.002500000000509317,0
2,1,event,10,0.00204200000007404,0
2,1,event,11,0.00220900000022084,0
2,1,event,12,0.0020000000004074536,0
2,1,event,13,0.0027919999993173406,0
2,1,event,14,0.00204200000007404,0
2,1,event,15,0.002207999999882304,0
2,1,event,16,0.0021660000002157176,0
2,1,event,17,0.002207999999882304,0
2,1,event,18,0.001958000000740867,0
2,1,event,19,0.0024580000008427305,0
2,1,event,20,0.001916999999593827,0
2,1,event,21,0.0024999999986903276,0
2,1,event,22,0.0022499999995488906,0
2,1,event,23,0.0021670000005542533,0
2,1,event,24,0.0024170000015146798,0
2,1,event,25,0.0022499999995488906,0
2,1,event,26,0.00204200000007404,0
2,1,event,27,0.0019579999989218777,0
2,1,event,28,0.00204200000007404,0
2,1,event,29,0.0024159999993571546,0
2,1,event,30,0.0020000000004074536,0
2,1,event,31,0.001958000000740867,0
2,1,event,32,0.0020000000004074536,0
2,1,event,33,0.00279200000113633,0
2,1,event,34,0.0024159999993571546,0
2,1,event,35,0.0020830000012210803,0
2,1,event,36,0.0020000000004074536,0
2,1,event,37,0.002375000000029104,0
2,1,event,38,0.0034580000010464573,0
2,1,event,39,0.0021670000005542533,0
2,1,event,40,0.0025829999995039543,0
2,1,event,41,0.0024169999996956903,0
2,1,event,42,0.0020000000004074536,0
2,1,event,43,0.0021670000005542533,0
2,1,event,44,0.0020839999997406267,0
2,1,event,45,0.002749999999650754,0
2,1,event,46,0.0020000000004074536,0
2,1,event,47,0.002125000000887667,0
2,1,event,48,0.0021670000005542533,0
2,1,event,49,0.0022909999988769414,0
2,1,event,50,0.002375000000029104,0
2,1,event,51,0.5366249999988213,0
2,1,event,52,0.03404200000113633,0
2,1,event,53,0.005790999999589985,0
2,1,event,54,0.0031250000010913936,0
2,1,event,55,0.0043750000004365575,0
2,1,event,56,0.002375000000029104,0
2,1,event,57,0.002540999999837368,0
2,1,event,58,0.002332999998543528,0
2,1,event,59,0.002166999998735264,0
2,1,event,60,0.034166999999797554,1
2,1,event,61,0.004875000000538421,0
2,1,event,62,0.0034580000010464573,0
2,1,event,63,0.003042000000277767,0
2,1,event,64,0.002291999999215477,0
2,1,event,65,0.002915999999459018,0
2,1,event,66,0.0028750000001309672,0
2,1,event,67,0.0021660000002157176,0
2,1,event,68,0.002207999999882304,0
2,1,event,69,0.0036659999987023184,0
2,1,event,70,0.0027919999993173406,0
2,1,event,71,0.002375000000029104,0
2,1,event,72,4.2117920000000595,0
2,1,event,73,0.02974999999969441,0
2,1,event,74,0.00333400000090478,0
2,1,event,75,0.0029169999997975538,0
2,1,event,76,0.004458000001250184,0
2,1,event,77,0.0029579999991256045,0
2,1,event,78,0.002541000001656357,0
2,1,event,79,0.003457999999227468,0
2,1,event,80,0.002375000000029104,0
2,1,event,81,0.0030829999996058177,0
2,1,event,82,0.002375000000029104,0
2,1,event,83,0.00220900000022084,0
2,1,event,84,0.002458999999362277,0
2,1,event,85,0.00220900000022084,0
2,1,event,86,0.0026670000006561168,0
2,1,event,87,0.002125000000887667,0
2,1,event,88,0.0026250000009895302,0
2,1,event,89,0.002082999999402091,0
2,1,event,90,0.00225000000136788,0
2,1,event,91,0.0027079999999841675,0
2,1,event,92,0.0021660000002157176,0
2,1,event,93,0.002291999999215477,0
2,1,event,94,0.00204200000007404,0
2,1,event,95,0.0025829999995039543,0
2,1,event,96,0.00225000000136788,0
2,1,event,97,0.007084000000759261,0
2,1,event,98,0.002375000000029104,0
2,1,event,99,0.0024169999996956903,0
2,1,event,100,0.006541999999171821,0
2,1,event,101,0.002207999999882304,0
2,1,event,102,0.004165999998804182,0
2,1,event,103,0.0022920000010344665,0
2,1,event,104,0.00220900000022084,0
2,1,event,105,0.0021249999990686774,0
2,1,event,106,0.0020000000004074536,0
2,1,event,107,0.0026669999988371274,0
2,1,event,108,0.0020409999997355044,0
2,1,event,109,0.0021249999990686774,0
2,1,event,110,0.002125000000887667,0
2,1,event,111,0.0020839999997406267,0
2,1,event,112,0.0024999999986903276,0
2,1,event,113,0.0021249999990686774,0
2,1,event,114,0.002291000000695931,0
2,1,event,115,0.0020000000004074536,0
2,1,event,116,0.002125000000887667,0
2,1,event,117,0.00220900000022084,0
2,1,event,118,0.0026250000009895302,0
2,1,event,119,0.00204200000007404,0
2,1,event,120,0.056000000000494765,1
2,1,event,121,0.0043750000004365575,0
2,1,event,122,0.0030000000006111804,0
2,1,event,123,0.00204200000007404,0
2,1,event,124,0.0019999999985884642,0
2,1,event,125,0.002332999998543528,0
2,1,event,126,0.001916999999593827,0
2,1,event,127,0.004000000000814907,0
2,1,event,128,0.0021249999990686774,0
2,1,event,129,0.0024159999993571546,0
2,1,event,130,0.003582999999707681,0
2,1,event,131,0.002375000000029104,0
2,1,event,132,0.0043329999989509815,0
2,1,event,133,0.002999999998792191,0
2,1,event,134,0.002291999999215477,0
2,1,event,135,0.0021670000005542533,0
2,1,event,136,0.002125000000887667,0
2,1,event,137,0.0020839999997406267,0
2,1,event,138,0.002833999998983927,0
2,1,event,139,0.0024999999986903276,0
2,1,event,140,0.003291999999419204,0
2,1,event,141,0.002125000000887667,0
2,1,event,142,0.0020000000004074536,0
2,1,event,143,0.002457999999023741,0
2,1,event,144,0.0021249999990686774,0
2,1,event,145,0.0021249999990686774,0
2,1,event,146,0.002125000000887667,0
2,1,event,147,0.00370900000052643,0
2,1,event,148,0.00258399999984249,0
2,1,event,149,0.002166999998735264,0
2,1,event,150,0.002207999999882304,0
2,1,event,151,0.0021660000002157176,0
2,1,event,152,0.0020000000004074536,0
2,1,event,153,0.002666000000317581,0
2,1,event,154,0.0021670000005542533,0
2,1,event,155,0.00204200000007404,0
2,1,event,156,0.001833000000260654,0
2,1,event,157,0.002791000000797794,0
2,1,event,158,0.0018749999999272404,0
2,1,event,159,0.0027090000003227033,0
2,1,event,160,0.0019589999992604135,0
2,1,event,161,0.00220900000022084,0
2,1,event,162,0.001916999999593827,0
2,1,event,163,0.002082999999402091,0
2,1,event,164,0.002332999998543528,0
2,1,event,165,0.0022499999995488906,0
2,1,event,166,0.00204200000007404,0
2,1,event,167,0.002375000000029104,0
2,1,event,168,0.0019589999992604135,0
2,1,event,169,0.0026250000009895302,0
2,1,event,170,0.0018749999999272404,0
2,1,event,171,0.001958000000740867,0
2,1,event,172,0.0019160000010742806,0
2,1,event,173,0.0022499999995488906,0
2,1,event,174,0.002500000000509317,0
2,1,event,175,0.001959000001079403,0
2,1,event,176,0.0019589999992604135,0
2,1,event,177,0.0022499999995488906,0
2,1,event,178,0.0018749999999272404,0
2,1,event,179,0.0020000000004074536,0
2,1,event,180,0.013791999999739346,1
2,1,event,181,0.00316700000075798,0
2,1,event,182,0.00204200000007404,0
2,1,event,183,0.0032499999997526174,0
2,1,event,184,0.0026250000009895302,0
2,1,event,185,0.0021249999990686774,0
2,1,event,186,0.0019589999992604135,0
2,1,event,187,0.0019999999985884642,0
2,1,event,188,0.0019999999985884642,0
2,1,event,189,0.0027079999999841675,0
2,1,event,190,0.0020839999997406267,0
2,1,event,191,0.011708999998518266,0
2,1,event,192,0.002749999999650754,0
2,1,event,193,0.002207999999882304,0
2,1,event,194,0.002125000000887667,0
2,1,event,195,0.0024580000008427305,0
2,1,event,196,0.0022499999995488906,0
2,1,event,197,0.002334000000701053,0
2,1,event,198,0.002334000000701053,0
2,1,event,199,0.002291999999215477,0
2,1,event,200,0.0027500000014697434,0
2,1,event,201,0.002749999999650754,0
2,1,event,202,0.002125000000887667,0
2,1,event,203,0.00204200000007404,0
2,1,event,204,0.0022499999995488906,0
2,1,event,205,0.00258399999984249,0
2,1,event,206,0.0020839999997406267,0
2,1,event,207,0.0020839999997406267,0
2,1,event,208,0.00220900000022084,0
2,1,event,209,0.0020000000004074536,0
2,1,event,210,0.002375000000029104,0
2,1,event,211,0.0018749999999272404,0
2,1,event,212,0.00204200000007404,0
2,1,event,213,0.0019589999992604135,0
2,1,event,214,0.00225000000136788,0
2,1,event,215,0.00204200000007404,0
2,1,event,216,0.0024169999996956903,0
2,1,event,217,0.002041000001554494,0
2,1,event,218,0.002291999999215477,0
2,1,event,219,0.0020839999997406267,0
2,1,event,220,0.003042000000277767,0
2,1,event,221,0.002749999999650754,0
2,1,event,222,0.0020839999997406267,0
2,1,event,223,0.00220900000022084,0
2,1,event,224,0.0022920000010344665,0
2,1,event,225,0.002291000000695931,0
2,1,event,226,0.002624999999170541,0
2,1,event,227,0.002125000000887667,0
2,1,event,228,0.0032499999997526174,0
2,1,event,229,0.005291999999826658,0
2,1,event,230,0.0020830000012210803,0
2,1,event,231,0.003582999999707681,0
2,1,event,232,0.0020000000004074536,0
2,1,event,233,0.0021670000005542533,0
2,1,event,234,0.0024580000008427305,0
2,1,event,235,0.0020000000004074536,0
2,1,event,236,0.002375000000029104,0
2,1,event,237,0.002541000001656357,0
2,1,event,238,0.0020000000004074536,0
2,1,event,239,0.002125000000887667,0
2,1,event,240,0.012666999999055406,1
2,1,event,241,0.003917000000001281,0
2,1,event,242,0.002375000000029104,0
2,1,event,243,0.00204200000007404,0
2,1,event,244,0.00204200000007404,0
2,1,event,245,0.002082999999402091,0
2,1,event,246,0.0023330000003625173,0
2,1,event,247,0.00225000000136788,0
2,1,event,248,0.0018749999999272404,0
2,1,event,249,0.001958000000740867,0
2,1,event,250,0.0021660000002157176,0
2,1,event,251,0.0033750000002328306,0
2,1,event,252,0.002125000000887667,0
2,1,event,253,0.005250000000160071,0
2,1,event,254,0.002207999999882304,0
2,1,event,255,0.0020830000012210803,0
2,1,event,256,0.002125000000887667,0
2,1,event,257,0.0029579999991256045,0
2,1,event,258,0.001958000000740867,0
2,1,event,259,0.002082999999402091,0
2,1,event,260,0.0019159999992552912,0
2,1,event,261,0.00204200000007404,0
2,1,event,262,0.0036249999993742676,0
2,1,event,263,0.002125000000887667,0
2,1,event,264,0.0021249999990686774,0
2,1,event,265,0.0019589999992604135,0
2,1,event,266,0.0022920000010344665,0
2,1,event,267,0.003040999999939231,0
2,1,event,268,0.002125000000887667,0
2,1,event,269,0.00204200000007404,0
2,1,event,270,0.0030000000006111804,0
2,1,event,271,0.0020839999997406267,0
2,1,event,272,0.0025420000001759036,0
2,1,event,273,0.002125000000887667,0
2,1,event,274,0.0020000000004074536,0
2,1,event,275,0.00204200000007404,0
2,1,event,276,0.0021670000005542533,0
2,1,event,277,0.0020409999997355044,0
2,1,event,278,0.0024580000008427305,0
2,1,event,279,0.00204200000007404,0
2,1,event,280,0.002166999998735264,0
2,1,event,281,0.001958000000740867,0
2,1,event,282,0.002125000000887667,0
2,1,event,283,0.0024169999996956903,0
2,1,event,284,0.0020000000004074536,0
2,1,event,285,0.0019999999985884642,0
2,1,event,286,0.0019999999985884642,0
2,1,event,287,0.0021660000002157176,0
2,1,event,288,0.002541999998356914,0
2,1,event,289,0.0019589999992604135,0
2,1,event,290,0.0021249999990686774,0
2,1,event,291,0.0020830000012210803,0
2,1,event,292,0.0020000000004074536,0
2,1,event,293,0.0020409999997355044,0
2,1,event,294,0.0024580000008427305,0
2,1,event,295,0.00204200000007404,0
2,1,event,296,0.00220900000022084,0
2,1,event,297,0.001959000001079403,0
2,1,event,298,0.0021670000005542533,0
2,1,event,299,0.0026250000009895302,0
2,1,event,300,0.012166999998953543,1
2,1,event,301,0.0036659999987023184,0
2,1,event,302,0.002457999999023741,0
2,1,event,303,0.0028750000001309672,0
2,1,event,304,0.002207999999882304,0
2,1,event,305,0.0019579999989218777,0
2,1,event,306,0.0021660000002157176,0
2,1,event,307,0.00225000000136788,0
2,1,event,308,0.0024159999993571546,0
2,1,event,309,0.0020000000004074536,0
2,1,event,310,0.001958000000740867,0
2,1,event,311,0.002082999999402091,0
2,1,event,312,0.0019159999992552912,0
2,1,event,313,0.0019160000010742806,0
2,1,event,314,0.004708000000391621,0
2,1,event,315,0.005124999999679858,0
2,1,event,316,0.0020830000012210803,0
2,1,event,317,0.0020409999997355044,0
2,1,event,318,0.002125000000887667,0
2,1,event,319,0.002666000000317581,0
2,1,event,320,0.002207999999882304,0
2,1,event,321,0.0023330000003625173,0
2,1,event,322,0.0021670000005542533,0
2,1,event,323,0.0027090000003227033,0
2,1,event,324,0.002375000000029104,0
2,1,event,325,0.0022499999995488906,0
2,1,event,326,0.0019159999992552912,0
2,1,event,327,0.00204200000007404,0
2,1,event,328,0.00220900000022084,0
2,1,event,329,0.002375000000029104,0
2,1,event,330,0.001958000000740867,0
2,1,event,331,0.0020000000004074536,0
2,1,event,332,0.002082999999402091,0
2,1,event,333,0.0019999999985884642,0
2,1,event,334,0.0023339999988820637,0
2,1,event,335,0.0024999999986903276,0
2,1,event,336,0.0021249999990686774,0
2,1,event,337,0.002125000000887667,0
2,1,event,338,0.0021670000005542533,0
2,1,event,339,0.0021660000002157176,0
2,1,event,340,0.002749999999650754,0
2,1,event,341,0.0020830000012210803,0
2,1,event,342,0.002624999999170541,0
2,1,event,343,0.0021249999990686774,0
2,1,event,344,0.0021249999990686774,0
2,1,event,345,0.002416000001176144,0
2,1,event,346,0.002082999999402091,0
2,1,event,347,0.0022499999995488906,0
2,1,event,348,0.0020409999997355044,0
2,1,event,349,0.0020000000004074536,0
2,1,event,350,0.0024170000015146798,0
2,1,event,351,0.002082999999402091,0
2,1,event,352,0.002125000000887667,0
2,1,event,353,0.00204200000007404,0
2,1,event,354,0.0020830000012210803,0
2,1,event,355,0.002375000000029104,0
2,1,event,356,0.002500000000509317,0
2,1,event,357,0.0020000000004074536,0
2,1,event,358,0.0020839999997406267,0
2,1,event,359,0.003291999999419204,0
2,1,event,360,0.01337499999863212,1
2,1,event,361,0.0031249999992724042,0
2,1,event,362,0.0020830000012210803,0
2,1,event,363,0.002207999999882304,0
2,1,event,364,0.0020839999997406267,0
2,1,event,365,0.0023339999988820637,0
2,1,event,366,0.00204200000007404,0
2,1,event,367,0.002082999999402091,0
2,1,event,368,0.002540999999837368,0
2,1,event,369,0.002082999999402091,0
2,1,event,370,0.00279200000113633,0
2,1,event,371,0.0020000000004074536,0
2,1,event,372,0.0021670000005542533,0
2,1,event,373,0.00204200000007404,0
2,1,event,374,0.0021660000002157176,0
2,1,event,375,0.00204200000007404,0
2,1,event,376,0.002624999999170541,0
2,1,event,377,0.004957999999533058,0
2,1,event,378,0.002166999998735264,0
2,1,event,379,0.00204200000007404,0
2,1,event,380,0.0022499999995488906,0
2,1,event,381,0.0025829999995039543,0
2,1,event,382,0.002125000000887667,0
2,1,event,383,0.002082999999402091,0
2,1,event,384,0.0020830000012210803,0
2,1,event,385,0.0020409999997355044,0
2,1,event,386,0.0025420000001759036,0
2,1,event,387,0.0021670000005542533,0
2,1,event,388,0.002666000000317581,0
2,1,event,389,0.002125000000887667,0
2,1,event,390,0.002082999999402091,0
2,1,event,391,0.0025829999995039543,0
2,1,event,392,0.0020409999997355044,0
2,1,event,393,0.002125000000887667,0
2,1,event,394,0.002082999999402091,0
2,1,event,395,0.002082999999402091,0
2,1,event,396,0.00220900000022084,0
2,1,event,397,0.0025420000001759036,0
2,1,event,398,0.004124999999476131,0
2,1,event,399,0.00220900000022084,0
2,1,event,400,0.002291999999215477,0
2,1,event,401,0.002540999999837368,0
2,1,event,402,0.0037919999995210674,0
2,1,event,403,0.00220900000022084,0
2,1,event,404,0.002082999999402091,0
2,1,event,405,0.0020000000004074536,0
2,1,event,406,0.0022499999995488906,0
2,1,event,407,0.00258399999984249,0
2,1,event,408,0.002125000000887667,0
2,1,event,409,0.001958000000740867,0
2,1,event,410,0.0020000000004074536,0
2,1,event,411,0.0020839999997406267,0
2,1,event,412,0.0020000000004074536,0
2,1,event,413,0.0024170000015146798,0
2,1,event,414,0.001958000000740867,0
2,1,event,415,0.002082999999402091,0
2,1,event,416,0.001958000000740867,0
2,1,event,417,0.001958000000740867,0
2,1,event,418,0.0025420000001759036,0
2,1,event,419,0.0020839999997406267,0
2,1,event,420,0.012166999998953543,1
2,1,event,421,0.003042000000277767,0
2,1,event,422,0.002540999999837368,0
2,1,event,423,0.0023330000003625173,0
2,1,event,424,0.0020830000012210803,0
2,1,event,425,0.0019579999989218777,0
2,1,event,426,0.0019999999985884642,0
2,1,event,427,0.002749999999650754,0
2,1,event,428,0.001958000000740867,0
2,1,event,429,0.002082999999402091,0
2,1,event,430,0.002125000000887667,0
2,1,event,431,0.002291000000695931,0
2,1,event,432,0.001916999999593827,0
2,1,event,433,0.002375000000029104,0
2,1,event,434,0.0020000000004074536,0
2,1,event,435,0.0028329999986453913,0
2,1,event,436,0.0019999999985884642,0
2,1,event,437,0.00204200000007404,0
2,1,event,438,0.005541000000448548,0
2,1,event,439,0.0023339999988820637,0
2,1,event,440,0.0020839999997406267,0
2,1,event,441,0.0020000000004074536,0
2,1,event,442,0.002207999999882304,0
2,1,event,443,0.0026669999988371274,0
2,1,event,444,0.0019999999985884642,0
2,1,event,445,0.0030829999996058177,0
2,1,event,446,0.0022499999995488906,0
2,1,event,447,0.0020409999997355044,0
2,1,event,448,0.002375000000029104,0
2,1,event,449,0.0020000000004074536,0
2,1,event,450,0.002334000000701053,0
2,1,event,451,0.00204200000007404,0
2,1,event,452,0.001958000000740867,0
2,1,event,453,0.003040999999939231,0
2,1,event,454,0.0027079999999841675,0
2,1,event,455,0.002125000000887667,0
2,1,event,456,0.002082999999402091,0
2,1,event,457,0.002082999999402091,0
2,1,event,458,0.0020409999997355044,0
2,1,event,459,0.002500000000509317,0
2,1,event,460,0.001958000000740867,0
2,1,event,461,0.0020409999997355044,0
2,1,event,462,0.002125000000887667,0
2,1,event,463,0.002207999999882304,0
2,1,event,464,0.002375000000029104,0
2,1,event,465,0.001916999999593827,0
2,1,event,466,0.00204200000007404,0
2,1,event,467,0.0028329999986453913,0
2,1,event,468,0.0020409999997355044,0
2,1,event,469,0.0028750000001309672,0
2,1,event,470,0.002457999999023741,0
2,1,event,471,0.0021249999990686774,0
2,1,event,472,0.0021249999990686774,0
2,1,event,473,0.0020000000004074536,0
2,1,event,474,0.00204200000007404,0
2,1,event,475,0.002457999999023741,0
2,1,event,476,0.0021660000002157176,0
2,1,event,477,0.00204200000007404,0
2,1,event,478,0.0020839999997406267,0
2,1,event,479,0.0025829999995039543,0
2,1,event,480,0.013999999999214197,1
2,1,event,481,0.0031249999992724042,0
2,1,event,482,0.0027090000003227033,0
2,1,event,483,0.002375000000029104,0
2,1,event,484,0.0025829999995039543,0
2,1,event,485,0.002125000000887667,0
2,1,event,486,0.0020000000004074536,0
2,1,event,487,0.002125000000887667,0
2,1,event,488,0.0029579999991256045,0
2,1,event,489,0.0024169999996956903,0
2,1,event,490,0.0020000000004074536,0
2,1,event,491,0.002207999999882304,0
2,1,event,492,0.0020000000004074536,0
2,1,event,493,0.0021249999990686774,0
2,1,event,494,0.00204200000007404,0
2,1,event,495,0.002624999999170541,0
2,1,event,496,0.0019999999985884642,0
2,1,event,497,0.002082999999402091,0
2,1,event,498,0.00204200000007404,0
2,1,event,499,0.002084000001559616,0
2,1,event,500,0.0057500000002619345,0
2,1,event,501,0.002207999999882304,0
2,1,event,502,0.0025830000013229437,0
2,1,event,503,0.002375000000029104,0
2,1,event,504,0.00220900000022084,0
2,1,event,505,0.002749999999650754,0
2,1,event,506,0.0019579999989218777,0
2,1,event,507,0.002207999999882304,0
2,1,event,508,0.002291999999215477,0
2,1,event,509,0.002166999998735264,0
2,1,event,510,0.002375000000029104,0
2,1,event,511,0.0021249999990686774,0
2,1,event,512,0.002082999999402091,0
2,1,event,513,0.002082999999402091,0
2,1,event,514,0.0019999999985884642,0
2,1,event,515,0.0021249999990686774,0
2,1,event,516,0.0025840000016614795,0
2,1,event,517,0.0021249999990686774,0
2,1,event,518,0.0024999999986903276,0
2,1,event,519,0.0022499999995488906,0
2,1,event,520,0.002375000000029104,0
2,1,event,521,0.0025830000013229437,0
2,1,event,522,0.0019579999989218777,0
2,1,event,523,0.002207999999882304,0
2,1,event,524,0.00204200000007404,0
2,1,event,525,0.00204200000007404,0
2,1,event,526,0.0023330000003625173,0
2,1,event,527,0.0021660000002157176,0
2,1,event,528,0.0022920000010344665,0
2,1,event,529,0.0020000000004074536,0
2,1,event,530,0.001916999999593827,0
2,1,event,531,0.0019999999985884642,0
2,1,event,532,0.002749999999650754,0
2,1,event,533,0.002915999999459018,0
2,1,event,534,0.0019579999989218777,0
2,1,event,535,0.00279200000113633,0
2,1,event,536,0.002125000000887667,0
2,1,event,537,0.0024999999986903276,0
2,1,event,538,0.0019579999989218777,0
2,1,event,539,0.0028330000004643807,0
2,1,event,540,0.012916000001496286,1
2,1,event,541,0.0032499999997526174,0
2,1,event,542,0.002125000000887667,0
2,1,event,543,0.002125000000887667,0
2,1,event,544,0.0020000000004074536,0
2,1,event,545,0.0019589999992604135,0
2,1,event,546,0.0026669999988371274,0
2,1,event,547,0.002165999998396728,0
2,1,event,548,0.002999999998792191,0
2,1,event,549,0.0020000000004074536,0
2,1,event,550,0.0020839999997406267,0
2,1,event,551,0.0020839999997406267,0
2,1,event,552,0.0024169999996956903,0
2,1,event,553,0.002082999999402091,0
2,1,event,554,0.002125000000887667,0
2,1,event,555,0.0020839999997406267,0
2,1,event,556,0.0020839999997406267,0
2,1,event,557,0.002334000000701053,0
2,1,event,558,0.0026670000006561168,0
2,1,event,559,0.0022089999984018505,0
2,1,event,560,0.00204200000007404,0
2,1,event,561,0.0021660000002157176,0
2,1,event,562,0.003416999999899417,0
2,1,event,563,0.00204200000007404,0
2,1,event,564,0.0025420000001759036,0
2,1,event,565,0.0021660000002157176,0
2,1,event,566,0.0024580000008427305,0
2,1,event,567,0.0025420000001759036,0
2,1,event,568,0.002125000000887667,0
2,1,event,569,0.0024159999993571546,0
2,1,event,570,0.002375000000029104,0
2,1,event,571,0.002082999999402091,0
2,1,event,572,0.0020000000004074536,0
2,1,event,573,0.0024169999996956903,0
2,1,event,574,0.0021249999990686774,0
2,1,event,575,0.0021249999990686774,0
2,1,event,576,0.0034580000010464573,0
2,1,event,577,0.0020000000004074536,0
2,1,event,578,0.002375000000029104,0
2,1,event,579,0.002125000000887667,0
2,1,event,580,0.0021249999990686774,0
2,1,event,581,0.0021249999990686774,0
2,1,event,582,0.001959000001079403,0
2,1,event,583,0.003042000000277767,0
2,1,event,584,0.0020000000004074536,0
2,1,event,585,0.0020000000004074536,0
2,1,event,586,0.002082999999402091,0
2,1,event,587,0.002207999999882304,0
2,1,event,588,0.002375000000029104,0
2,1,event,589,0.0019589999992604135,0
2,1,event,590,0.002084000001559616,0
2,1,event,591,0.00204200000007404,0
2,1,event,592,0.0020000000004074536,0
2,1,event,593,0.001959000001079403,0
2,1,event,594,0.002375000000029104,0
2,1,event,595,0.0020409999997355044,0
2,1,event,596,0.00204200000007404,0
2,1,event,597,0.0019589999992604135,0
2,1,event,598,0.0020000000004074536,0
2,1,event,599,0.002375000000029104,0
2,1,event,600,0.010834000000613742,1
2,1,event,601,0.0029169999997975538,0
2,1,event,602,0.002624999999170541,0
2,1,event,603,0.002917000001616543,0
2,1,event,604,0.0022499999995488906,0
2,1,event,605,0.002125000000887667,0
2,1,event,606,0.0020000000004074536,0
2,1,event,607,0.002125000000887667,0
2,1,event,608,0.03704199999992852,0
2,1,event,609,0.01675000000068394,0
2,1,event,610,0.0027500000014697434,0
2,1,event,611,0.0022499999995488906,0
2,1,event,612,0.0017920000009326031,0
2,1,event,613,0.0026670000006561168,0
2,1,event,614,0.00225000000136788,0
2,1,event,615,0.0017079999997804407,0
2,1,event,616,0.0015410000014526304,0
2,1,event,617,0.0015000000003055902,0
2,1,event,618,0.0015000000003055902,0
2,1,event,619,0.005333999999493244,0
2,1,event,620,0.0015829999993002275,0
2,1,event,621,0.001583000001119217,0
2,1,event,622,0.0015829999993002275,0
2,1,event,623,0.0015000000003055902,0
2,1,event,624,0.003625000001193257,0
2,1,event,625,0.0016250000007858034,0
2,1,event,626,0.0015000000003055902,0
2,1,event,627,0.0015000000003055902,0
2,1,event,628,0.0015000000003055902,0
2,1,event,629,0.0015000000003055902,0
2,1,event,630,0.00204200000007404,0
2,1,event,631,0.0015829999993002275,0
2,1,event,632,0.0016660000001138542,0
2,1,event,633,0.0016250000007858034,0
2,1,event,634,0.0014580000006390037,0
2,1,event,635,0.002207999999882304,0
2,1,event,636,0.002375000000029104,0
2,1,event,637,0.0015419999999721767,0
2,1,event,638,0.001624999998966814,0
2,1,event,639,0.0015000000003055902,0
2,1,event,640,0.002082999999402091,0
2,1,event,641,0.001540999999633641,0
2,1,event,642,0.0015419999999721767,0
2,1,event,643,0.001374999999825377,0
2,1,event,644,0.0014169999994919635,0
2,1,event,645,0.0019160000010742806,0
2,1,event,646,0.0014160000009724172,0
2,1,event,647,0.0014169999994919635,0
2,1,event,648,0.0014999999984866008,0
2,1,event,649,0.0031249999992724042,0
2,1,event,650,0.0015000000003055902,0
2,1,event,651,0.0020000000004074536,0
2,1,event,652,0.0014580000006390037,0
2,1,event,653,0.001583000001119217,0
2,1,event,654,0.0015000000003055902,0
2,1,event,655,0.0015000000003055902,0
2,1,event,656,0.002207999999882304,0
2,1,event,657,0.0014580000006390037,0
2,1,event,658,0.001540999999633641,0
2,1,event,659,0.0014579999988200143,0
2,1,event,660,0.04295799999999872,1
2,1,event,661,0.003832999998849118,0
2,1,event,662,0.0018749999999272404,0
2,1,event,663,0.0016669999986334005,0
2,1,event,664,0.0018749999999272404,0
2,1,event,665,0.0022499999995488906,0
2,1,event,666,0.0015419999999721767,0
2,1,event,667,0.0015829999993002275,0
2,1,event,668,0.0014999999984866008,0
2,1,event,669,0.0015000000003055902,0
2,1,event,670,0.0020000000004074536,0
2,1,event,671,0.0019170000014128163,0
2,1,event,672,0.0015000000003055902,0
2,1,event,673,0.001624999998966814,0
2,1,event,674,0.0014579999988200143,0
2,1,event,675,0.00220900000022084,0
2,1,event,676,0.0021670000005542533,0
2,1,event,677,0.0014999999984866008,0
2,1,event,678,0.0014579999988200143,0
2,1,event,679,0.0015000000003055902,0
2,1,event,680,0.0015000000003055902,0
2,1,event,681,0.00204200000007404,0
2,1,event,682,0.0015839999996387633,0
2,1,event,683,0.0015839999996387633,0
2,1,event,684,0.0014590000009775395,0
2,1,event,685,0.0019589999992604135,0
2,1,event,686,0.001916999999593827,0
2,1,event,687,0.0014999999984866008,0
2,1,event,688,0.0014999999984866008,0
2,1,event,689,0.0014579999988200143,0
2,1,event,690,0.001624999998966814,0
2,1,event,691,0.0015829999993002275,0
2,1,event,692,0.0020000000004074536,0
2,1,event,693,0.0015420000017911661,0
2,1,event,694,0.0015000000003055902,0
2,1,event,695,0.0015000000003055902,0
2,1,event,696,0.0014580000006390037,0
2,1,event,697,0.0018749999999272404,0
2,1,event,698,0.001540999999633641,0
2,1,event,699,0.0014580000006390037,0
2,1,event,700,0.0014580000006390037,0
2,1,event,701,0.0014580000006390037,0
2,1,event,702,0.001958000000740867,0
2,1,event,703,0.002125000000887667,0
2,1,event,704,0.0015419999999721767,0
2,1,event,705,0.0016250000007858034,0
2,1,event,706,0.0015000000003055902,0
2,1,event,707,0.002500000000509317,0
2,1,event,708,0.001417000001310953,0
2,1,event,709,0.00145899999915855,0
2,1,event,710,0.001624999998966814,0
2,1,event,711,0.0015419999999721767,0
2,1,event,712,0.0014169999994919635,0
2,1,event,713,0.001916999999593827,0
2,1,event,714,0.002416000001176144,0
2,1,event,715,0.0015829999993002275,0
2,1,event,716,0.0015000000003055902,0
2,1,event,717,0.00145899999915855,0
2,1,event,718,0.0028750000001309672,0
2,1,event,719,0.0015829999993002275,0
2,1,event,720,0.013541000000259373,1
2,1,event,721,0.002457999999023741,0
2,1,event,722,0.0023330000003625173,0
2,1,event,723,0.0014999999984866008,0
2,1,event,724,0.0015000000003055902,0
2,1,event,725,0.0015000000003055902,0
2,1,event,726,0.0014169999994919635,0
2,1,event,727,0.001916999999593827,0
2,1,event,728,0.0014580000006390037,0
2,1,event,729,0.0014590000009775395,0
2,1,event,730,0.002500000000509317,0
2,1,event,731,0.001958000000740867,0
2,1,event,732,0.0015000000003055902,0
2,1,event,733,0.0025830000013229437,0
2,1,event,734,0.0015829999993002275,0
2,1,event,735,0.0014580000006390037,0
2,1,event,736,0.001417000001310953,0
2,1,event,737,0.0017090000001189765,0
2,1,event,738,0.0018340000005991897,0
2,1,event,739,0.001583000001119217,0
2,1,event,740,0.0015419999999721767,0
2,1,event,741,0.0015419999999721767,0
2,1,event,742,0.0015839999996387633,0
2,1,event,743,0.0019999999985884642,0
2,1,event,744,0.0015000000003055902,0
2,1,event,745,0.0014580000006390037,0
2,1,event,746,0.0014169999994919635,0
2,1,event,747,0.0019160000010742806,0
2,1,event,748,0.0015000000003055902,0
2,1,event,749,0.0019159999992552912,0
2,1,event,750,0.0014159999991534278,0
2,1,event,751,0.001374999999825377,0
2,1,event,752,0.0014580000006390037,0
2,1,event,753,0.001583000001119217,0
2,1,event,754,0.0019579999989218777,0
2,1,event,755,0.0014579999988200143,0
2,1,event,756,0.0014160000009724172,0
2,1,event,757,0.0015000000003055902,0
2,1,event,758,0.0014160000009724172,0
2,1,event,759,0.0019159999992552912,0
2,1,event,760,0.0015829999993002275,0
2,1,event,761,0.0016250000007858034,0
2,1,event,762,0.0015000000003055902,0
2,1,event,763,0.0014169999994919635,0
2,1,event,764,0.00204200000007404,0
2,1,event,765,0.0014580000006390037,0
2,1,event,766,0.0015829999993002275,0
2,1,event,767,0.0014160000009724172,0
2,1,event,768,0.0015829999993002275,0
2,1,event,769,0.0014999999984866008,0
2,1,event,770,0.0021660000002157176,0
2,1,event,771,0.0014159999991534278,0
2,1,event,772,0.0014999999984866008,0
2,1,event,773,0.0014999999984866008,0
2,1,event,774,0.00145899999915855,0
2,1,event,775,0.0017919999991136137,0
2,1,event,776,0.0014580000006390037,0
2,1,event,777,0.0014160000009724172,0
2,1,event,778,0.0014169999994919635,0
2,1,event,779,0.0019999999985884642,0
2,1,event,780,0.010124999998879503,1
2,1,event,781,0.00204200000007404,0
2,1,event,782,0.0014999999984866008,0
2,1,event,783,0.0015000000003055902,0
2,1,event,784,0.002207999999882304,0
2,1,event,785,0.0014580000006390037,0
2,1,event,786,0.002082999999402091,0
2,1,event,787,0.0014579999988200143,0
2,1,event,788,0.0015000000003055902,0
2,1,event,789,0.0014169999994919635,0
2,1,event,790,0.0021670000005542533,0
2,1,event,791,0.0016250000007858034,0
2,1,event,792,0.001374999999825377,0
2,1,event,793,0.001374999999825377,0
2,1,event,794,0.0015419999999721767,0
2,1,event,795,0.0018749999999272404,0
2,1,event,796,0.0014160000009724172,0
2,1,event,797,0.0014580000006390037,0
2,1,event,798,0.0014579999988200143,0
2,1,event,799,0.0014579999988200143,0
2,1,event,800,0.001833000000260654,0
2,1,event,801,0.001417000001310953,0
2,1,event,802,0.0015000000003055902,0
2,1,event,803,0.0014580000006390037,0
2,1,event,804,0.0020000000004074536,0
2,1,event,805,0.002082999999402091,0
2,1,event,806,0.0014580000006390037,0
2,1,event,807,0.0014580000006390037,0
2,1,event,808,0.0014590000009775395,0
2,1,event,809,0.0022920000010344665,0
2,1,event,810,0.0014590000009775395,0
2,1,event,811,0.0020839999997406267,0
2,1,event,812,0.0014169999994919635,0
2,1,event,813,0.0015419999999721767,0
2,1,event,814,0.00145899999915855,0
2,1,event,815,0.0015000000003055902,0
2,1,event,816,0.002624999999170541,0
2,1,event,817,0.0017919999991136137,0
2,1,event,818,0.0016250000007858034,0
2,1,event,819,0.0014590000009775395,0
2,1,event,820,0.0015839999996387633,0
2,1,event,821,0.00204200000007404,0
2,1,event,822,0.0014159999991534278,0
2,1,event,823,0.0014169999994919635,0
2,1,event,824,0.0014590000009775395,0
2,1,event,825,0.0014590000009775395,0
2,1,event,826,0.0017919999991136137,0
2,1,event,827,0.0014579999988200143,0
2,1,event,828,0.0015000000003055902,0
2,1,event,829,0.0015839999996387633,0
2,1,event,830,0.0014590000009775395,0
2,1,event,831,0.00145899999915855,0
2,1,event,832,0.001916999999593827,0
2,1,event,833,0.0014160000009724172,0
2,1,event,834,0.0015000000003055902,0
2,1,event,835,0.001540999999633641,0
2,1,event,836,0.0015000000003055902,0
2,1,event,837,0.0024580000008427305,0
2,1,event,838,0.001417000001310953,0
2,1,event,839,0.00166700000045239,0
2,1,event,840,0.008958999998867512,1
2,1,event,841,0.002749999999650754,0
2,1,event,842,0.0019160000010742806,0
2,1,event,843,0.0015419999999721767,0
2,1,event,844,0.0015000000003055902,0
2,1,event,845,0.0017499999994470272,0
2,1,event,846,0.0019159999992552912,0
2,1,event,847,0.0014580000006390037,0
2,1,event,848,0.0014580000006390037,0
2,1,event,849,0.0015000000003055902,0
2,1,event,850,0.0015419999999721767,0
2,1,event,851,0.0014580000006390037,0
2,1,event,852,0.001833000000260654,0
2,1,event,853,0.0017500000012660166,0
2,1,event,854,0.001374999999825377,0
2,1,event,855,0.0014580000006390037,0
2,1,event,856,0.0014580000006390037,0
2,1,event,857,0.0019170000014128163,0
2,1,event,858,0.001624999998966814,0
2,1,event,859,0.0014169999994919635,0
2,1,event,860,0.00145899999915855,0
2,1,event,861,0.001374999999825377,0
2,1,event,862,0.0017499999994470272,0
2,1,event,863,0.00145899999915855,0
2,1,event,864,0.0015419999999721767,0
2,1,event,865,0.00145899999915855,0
2,1,event,866,0.0014169999994919635,0
2,1,event,867,0.0014580000006390037,0
2,1,event,868,0.0018339999987802003,0
2,1,event,869,0.0014579999988200143,0
2,1,event,870,0.0017499999994470272,0
2,1,event,871,0.001959000001079403,0
2,1,event,872,0.001374999999825377,0
2,1,event,873,0.0019579999989218777,0
2,1,event,874,0.00220900000022084,0
2,1,event,875,0.0015000000003055902,0
2,1,event,876,0.0014580000006390037,0
2,1,event,877,0.0014580000006390037,0
2,1,event,878,0.0020000000004074536,0
2,1,event,879,0.0014579999988200143,0
2,1,event,880,0.00145899999915855,0
2,1,event,881,0.00145899999915855,0
2,1,event,882,0.00145899999915855,0
2,1,event,883,0.0018749999999272404,0
2,1,event,884,0.0015000000003055902,0
2,1,event,885,0.0014169999994919635,0
2,1,event,886,0.0014169999994919635,0
2,1,event,887,0.0014160000009724172,0
2,1,event,888,0.0020000000004074536,0
2,1,event,889,0.001833000000260654,0
2,1,event,890,0.001417000001310953,0
2,1,event,891,0.0015839999996387633,0
2,1,event,892,0.00145899999915855,0
2,1,event,893,0.001624999998966814,0
2,1,event,894,0.0019160000010742806,0
2,1,event,895,0.0014169999994919635,0
2,1,event,896,0.0017919999991136137,0
2,1,event,897,0.0015410000014526304,0
2,1,event,898,0.0015000000003055902,0
2,1,event,899,0.0018749999999272404,0
2,1,event,900,0.008208000001104665,1
2,1,event,901,0.0024169999996956903,0
2,1,event,902,0.0015000000003055902,0
2,1,event,903,0.0020409999997355044,0
2,1,event,904,0.001916999999593827,0
2,1,event,905,0.0014999999984866008,0
2,1,event,906,0.0015829999993002275,0
2,1,event,907,0.0015000000003055902,0
2,1,event,908,0.0018749999999272404,0
2,1,event,909,0.0017910000005940674,0
2,1,event,910,0.0014579999988200143,0
2,1,event,911,0.0014169999994919635,0
2,1,event,912,0.0015419999999721767,0
2,1,event,913,0.0014169999994919635,0
2,1,event,914,0.0020000000004074536,0
2,1,event,915,0.0015829999993002275,0
2,1,event,916,0.001417000001310953,0
2,1,event,917,0.0014169999994919635,0
2,1,event,918,0.0014160000009724172,0
2,1,event,919,0.001833000000260654,0
2,1,event,920,0.0015000000003055902,0
2,1,event,921,0.0014590000009775395,0
2,1,event,922,0.0015000000003055902,0
2,1,event,923,0.001583000001119217,0
2,1,event,924,0.0018749999999272404,0
2,1,event,925,0.0016250000007858034,0
2,1,event,926,0.0015000000003055902,0
2,1,event,927,0.0014580000006390037,0
2,1,event,928,0.0014169999994919635,0
2,1,event,929,0.0015839999996387633,0
2,1,event,930,0.001916999999593827,0
2,1,event,931,0.001958000000740867,0
2,1,event,932,0.0020839999997406267,0
2,1,event,933,0.0015000000003055902,0
2,1,event,934,0.0014580000006390037,0
2,1,event,935,0.001916999999593827,0
2,1,event,936,0.0015000000003055902,0
2,1,event,937,0.001417000001310953,0
2,1,event,938,0.0018340000005991897,0
2,1,event,939,0.0014169999994919635,0
2,1,event,940,0.0017500000012660166,0
2,1,event,941,0.0014580000006390037,0
2,1,event,942,0.001583000001119217,0
2,1,event,943,0.0014590000009775395,0
2,1,event,944,0.0014590000009775395,0
2,1,event,945,0.0019589999992604135,0
2,1,event,946,0.0014169999994919635,0
2,1,event,947,0.0014579999988200143,0
2,1,event,948,0.0014579999988200143,0
2,1,event,949,0.0016660000001138542,0
2,1,event,950,0.0014159999991534278,0
2,1,event,951,0.0018749999999272404,0
2,1,event,952,0.0014579999988200143,0
2,1,event,953,0.00145899999915855,0
2,1,event,954,0.001374999999825377,0
2,1,event,955,0.0015000000003055902,0
2,1,event,956,0.001959000001079403,0
2,1,event,957,0.0015839999996387633,0
2,1,event,958,0.0015000000003055902,0
2,1,event,959,0.0014159999991534278,0
2,1,event,960,0.008667000000059488,1
2,1,event,961,0.002125000000887667,0
2,1,event,962,0.001624999998966814,0
2,1,event,963,0.0015000000003055902,0
2,1,event,964,0.0014579999988200143,0
2,1,event,965,0.0015000000003055902,0
2,1,event,966,0.0018749999999272404,0
2,1,event,967,0.0016660000001138542,0
2,1,event,968,0.0014579999988200143,0
2,1,event,969,0.0014159999991534278,0
2,1,event,970,0.0015419999999721767,0
2,1,event,971,0.0022499999995488906,0
2,1,event,972,0.001583000001119217,0
2,1,event,973,0.001833000000260654,0
2,1,event,974,0.0015000000003055902,0
2,1,event,975,0.001583000001119217,0
2,1,event,976,0.0019159999992552912,0
2,1,event,977,0.0015000000003055902,0
2,1,event,978,0.0015419999999721767,0
2,1,event,979,0.0015000000003055902,0
2,1,event,980,0.001417000001310953,0
2,1,event,981,0.002207999999882304,0
2,1,event,982,0.0017910000005940674,0
2,1,event,983,0.0015829999993002275,0
2,1,event,984,0.0017079999997804407,0
2,1,event,985,0.0015000000003055902,0
2,1,event,986,0.00166700000045239,0
2,1,event,987,0.0018340000005991897,0
2,1,event,988,0.002458999999362277,0
2,1,event,989,0.0020839999997406267,0
2,1,event,990,0.0014580000006390037,0
2,1,event,991,0.0014159999991534278,0
2,1,event,992,0.001833000000260654,0
2,1,event,993,0.001540999999633641,0
2,1,event,994,0.002125000000887667,0
2,1,event,995,0.001540999999633641,0
2,1,event,996,0.0015419999999721767,0
2,1,event,997,0.0019999999985884642,0
2,1,event,998,0.0014999999984866008,0
2,1,event,999,0.0016250000007858034,0
2,1,burst,0,0.06754200000068522,7
2,1,burst,1,0.0660410000000411,7
2,1,burst,2,0.0669579999994312,7
2,1,burst,3,0.067124999999578,7
2,1,burst,4,0.06741599999986647,7
2,1,burst,5,0.0657919999994192,7
2,1,burst,6,0.06595799999922747,7
2,1,burst,7,0.06758300000001327,7
2,1,burst,8,0.06841699999858974,7
2,1,burst,9,232.05066699999952,7
2,1,burst,10,0.07937500000116415,7
2,1,burst,11,12.819708000000901,7
2,1,burst,12,0.09791699999914272,7
2,1,burst,13,0.05804100000023027,7
2,1,burst,14,0.0558340000006865,7
2,1,burst,15,0.054540999999517226,7
2,1,burst,16,0.05200000000149885,7
2,1,burst,17,0.05174999999871943,7
2,1,burst,18,0.05045900000004622,7
2,1,burst,19,0.05441699999937555,7
2,1,burst,20,0.09554099999877508,7
2,1,burst,21,0.09329199999956472,7
2,1,burst,22,0.09216700000069977,7
2,1,burst,23,0.1017920000012964,7
2,1,burst,24,14.334000000000742,7
2,1,burst,25,0.13612500000090222,7
2,1,burst,26,0.13154199999917182,7
2,1,burst,27,0.15216599999985192,7
2,1,burst,28,0.13120799999887822,7
2,1,burst,29,0.14995799999996962,7
2,1,burst,30,0.25616599999921164,7
2,1,burst,31,0.14887500000077125,7
2,1,burst,32,0.06258299999899464,7
2,1,burst,33,0.05695899999955145,7
2,1,burst,34,0.05516700000043784,7
2,1,burst,35,0.054124999998748535,7
2,1,burst,36,0.05191700000068522,7
2,1,burst,37,0.05341700000099081,7
2,1,burst,38,0.05462500000066939,7
2,1,burst,39,0.056000000000494765,7
2,1,burst,40,0.05724999999983993,7
2,1,burst,41,0.05249999999978172,7
2,1,burst,42,0.05137500000091677,7
2,1,burst,43,0.052458000000115135,7
2,1,burst,44,0.06533300000046438,7
2,1,burst,45,0.051874999999199645,7
2,1,burst,46,0.05270800000107556,7
2,1,burst,47,0.05295799999839801,7
2,1,burst,48,0.052249999998821295,7
2,1,burst,49,0.049833000000944594,7
2,1,burst,50,0.05199999999967986,7
2,1,burst,51,0.051874999999199645,7
2,1,burst,52,0.05120800000076997,7
2,1,burst,53,0.050708999999187654,7
2,1,burst,54,0.05054100000052131,7
2,1,burst,55,0.04975000000013097,7
2,1,burst,56,0.05066600000100152,7
2,1,burst,57,0.049250000000029104,7
2,1,burst,58,0.050000000001091394,7
2,1,burst,59,154.76787499999955,7
2,1,burst,60,0.08179100000052131,7
2,1,burst,61,0.055624999999054126,7
2,1,burst,62,0.055666000000201166,7
2,1,burst,63,0.051874999999199645,7
2,1,burst,64,0.053208000001177425,7
2,1,burst,65,0.054500000000189175,7
2,1,burst,66,20.621875000000728,7
2,1,burst,67,0.18308299999989686,7
2,1,burst,68,0.12358300000050804,7
2,1,burst,69,0.13070900000093388,7
2,1,burst,70,0.11958300000151212,7
2,1,burst,71,0.11570799999935844,7
2,1,burst,72,0.11241599999993923,7
2,1,burst,73,0.11445800000001327,7
2,1,burst,74,0.11700000000018917,7
2,1,burst,75,0.1069999999999709,7
2,1,burst,76,0.10866700000042329,7
2,1,burst,77,0.13083299999925657,7
2,1,burst,78,0.10054099999979371,7
2,1,burst,79,0.10824999999931606,7
2,1,burst,80,0.09829199999876437,7
2,1,burst,81,0.0964590000003227,7
2,1,burst,82,0.09558400000059919,7
2,1,burst,83,0.09616699999969569,7
2,1,burst,84,0.0957909999997355,7
2,1,burst,85,0.09554199999911361,7
2,1,burst,86,0.09441699999842967,7
2,1,burst,87,0.09570799999892188,7
2,1,burst,88,0.09420800000043528,7
2,1,burst,89,0.09408299999995506,7
2,1,burst,90,0.09337500000037835,7
2,1,burst,91,0.09166700000059791,7
2,1,burst,92,0.09479199999987031,7
2,1,burst,93,0.09383300000081363,7
2,1,burst,94,0.09499999999934516,7
2,1,burst,95,0.09279199999946286,7
2,1,burst,96,0.09220900000036636,7
2,1,burst,97,0.10041699999965203,7
2,1,burst,98,23.3504580000008,7
2,1,burst,99,0.14366700000027777,7
2,1,burst,100,0.06624999999985448,7
2,1,burst,101,0.06220899999971152,7
2,1,burst,102,0.06295900000077381,7
2,1,burst,103,0.05908400000043912,7
2,1,burst,104,0.057875000000422006,7
2,1,burst,105,0.05870800000047893,7
2,1,burst,106,0.05724999999983993,7
2,1,burst,107,0.10141599999951723,7
2,1,burst,108,0.13720800000010058,7
2,1,burst,109,0.13170899999931862,7
2,1,burst,110,0.12804199999845878,7
2,1,burst,111,35.34362499999952,7
2,1,burst,112,0.1130830000001879,7
2,1,burst,113,0.07841700000062701,7
2,1,burst,114,0.08641700000043784,7
2,1,burst,115,0.07341599999926984,7
2,1,burst,116,0.07404200000019046,7
2,1,burst,117,0.06862499999988358,7
2,1,burst,118,0.0680000000011205,7
2,1,burst,119,0.0691659999993135,7
2,1,burst,120,0.07212500000059663,7
2,1,burst,121,0.07045899999866378,7
2,1,burst,122,0.06770800000049348,7
2,1,burst,123,0.07004199999937555,7
2,1,burst,124,0.07020900000134134,7
2,1,burst,125,0.06999999999970896,7
2,1,burst,126,0.07545800000116287,7
2,1,burst,127,0.06566700000075798,7
2,1,burst,128,0.06899999999950523,7
2,1,burst,129,0.07104200000139826,7
2,1,burst,130,0.07304099999964819,7
2,1,burst,131,0.06758300000001327,7
2,1,burst,132,0.06804100000044855,7
2,1,burst,133,0.06912499999998545,7
2,1,burst,134,0.06854200000088895,7
2,1,burst,135,0.0668340000011085,7
2,1,burst,136,0.06862499999988358,7
2,1,burst,137,0.06795799999963492,7
2,1,burst,138,0.06516699999883713,7
2,1,burst,139,0.06837499999892316,7
2,1,burst,140,0.07375000000138243,7
2,1,burst,141,0.06766599999900791,7
2,1,burst,142,0.06887500000084401,7
2,1,burst,143,0.06820800000059535,7
2,1,burst,144,0.06716600000072503,7
2,1,burst,145,0.06554200000027777,7
2,1,burst,146,0.06804200000078708,7
2,1,burst,147,0.06591599999956088,7
2,1,burst,148,0.07145800000034797,7
2,1,burst,149,20.15229200000067,7
2,1,burst,150,111.82966699999997,7
2,1,burst,151,5.0807499999991705,7
2,1,burst,152,0.16437500000029104,7
2,1,burst,153,0.13795899999968242,7
2,1,burst,154,0.13408300000082818,7
2,1,burst,155,0.13862500000141154,7
2,1,burst,156,0.13237499999922875,7
2,1,burst,157,0.12883299999884912,7
2,1,burst,158,0.1281249999992724,7
2,1,burst,159,0.1294579999994312,7
2,1,burst,160,0.13079199999992852,7
2,1,burst,161,0.1330419999994774,7
2,1,burst,162,0.13295800000014424,7
2,1,burst,163,0.1344169999993028,7
2,1,burst,164,0.1366249999991851,7
2,1,burst,165,0.13358299999890733,7
2,1,burst,166,0.13845800000126474,7
2,1,burst,167,0.14070799999899464,7
2,1,burst,168,0.13262500000018917,7
2,1,burst,169,0.13112499999988358,7
2,1,burst,170,0.13054099999862956,7
2,1,burst,171,0.1321250000000873,7
2,1,burst,172,0.13320800000110466,7
2,1,burst,173,0.1277909999989788,7
2,1,burst,174,0.12837500000023283,7
2,1,burst,175,0.1287079999983689,7
2,1,burst,176,0.13645899999937683,7
2,1,burst,177,0.13237499999922875,7
2,1,burst,178,0.12537499999962165,7
2,1,burst,179,0.1336250000003929,7
2,1,burst,180,0.1315839999988384,7
2,1,burst,181,0.1323339999999007,7
2,1,burst,182,0.12945800000125018,7
2,1,burst,183,0.13520799999969313,7
2,1,burst,184,0.1385840000002645,7
2,1,burst,185,0.12995799999953306,7
2,1,burst,186,0.1327079999991838,7
2,1,burst,187,0.1277090000003227,7
2,1,burst,188,0.13429200000064156,7
2,1,burst,189,0.1312500000003638,7
2,1,burst,190,0.1262090000000171,7
2,1,burst,191,0.12616700000035053,7
2,1,burst,192,0.12891700000000128,7
2,1,burst,193,0.12787500000013097,7
2,1,burst,194,0.12445800000023155,7
2,1,burst,195,0.12691699999959383,7
2,1,burst,196,0.128459000001385,7
2,1,burst,197,0.1263330000001588,7
2,1,burst,198,0.12337500000103319,7
2,1,burst,199,0.125292000000627,7
2,1,burst,200,0.1290000000008149,7
2,1,burst,201,0.1257500000010623,7
2,1,burst,202,0.12858299999970768,7
2,1,burst,203,0.1265000000003056,7
2,1,burst,204,0.12700000000040745,7
2,1,burst,205,0.12683300000026065,7
2,1,burst,206,0.12674999999944703,7
2,1,burst,207,57.90620800000033,7
2,1,burst,208,0.14395799999874725,7
2,1,burst,209,0.0625,7
2,1,burst,210,0.06016699999963748,7
2,1,burst,211,0.055291000000579515,7
2,1,burst,212,0.05483300000014424,7
2,1,burst,213,0.056542000000263215,7
2,1,burst,214,0.0542909999985568,7
2,1,burst,215,0.053334000000177184,7
2,1,burst,216,0.052458000000115135,7
2,1,burst,217,0.051124999999956344,7
2,1,burst,218,0.05083299999932933,7
2,1,burst,219,0.0531250000003638,7
2,1,burst,220,0.06279200000062701,7
2,1,burst,221,0.05095900000014808,7
2,1,burst,222,0.05025000000023283,7
2,1,burst,223,0.054124999998748535,7
2,1,burst,224,0.056040999999822816,7
2,1,burst,225,0.050957999999809545,7
2,1,burst,226,0.06058400000074471,7
2,1,burst,227,0.058209000000715605,7
2,1,burst,228,0.06687500000043656,7
2,1,burst,229,0.054125000000567525,7
2,1,burst,230,0.05400000000008731,7
2,1,burst,231,0.08829200000036508,7
2,1,burst,232,0.05708299999969313,7
2,1,burst,233,0.05829199999971024,7
2,1,burst,234,0.053750000000945874,7
2,1,burst,235,0.052792000000408734,7
2,1,burst,236,0.05720899999869289,7
2,1,burst,237,0.0523750000011205,7
2,1,burst,238,0.06183299999975134,7
2,1,burst,239,0.057124999999359716,7
2,1,burst,240,0.05933300000106101,7
2,1,burst,241,0.06025000000045111,7
2,1,burst,242,0.058540999998513144,7
2,1,burst,243,0.05645799999911105,7
2,1,burst,244,0.056207999999969616,7
2,1,burst,245,0.054874999999810825,7
2,1,burst,246,0.05379200000061246,7
2,1,burst,247,0.055416999999579275,7
2,1,burst,248,0.05516699999861885,7
2,1,burst,249,0.054165999999895575,7
2,1,burst,250,0.05349999999998545,7
2,1,burst,251,0.055249999999432475,7
2,1,burst,252,0.05662500000107684,7
2,1,burst,253,0.05349999999998545,7
2,1,burst,254,0.07170800000130839,7
2,1,burst,255,0.05154199999924458,7
2,1,burst,256,0.0571669999990263,7
2,1,burst,257,0.05537499999991269,7
2,1,burst,258,0.053416000000652275,7
2,1,burst,259,0.05629200000112178,7
2,1,burst,260,0.057499999998981366,7
2,1,burst,261,0.056375000000116415,7
2,1,burst,262,0.05400000000008731,7
2,1,burst,263,0.05729099999916798,7
2,1,burst,264,0.056207999999969616,7
2,1,burst,265,0.051833999999871594,7
2,1,burst,266,0.054874999999810825,7
2,1,burst,267,0.05516700000043784,7
2,1,burst,268,0.0562499999996362,7
2,1,burst,269,0.0537079999994603,7
2,1,burst,270,0.05724999999983993,7
2,1,burst,271,0.05491699999947741,7
2,1,burst,272,0.0657920000012382,7
2,1,burst,273,0.05158400000073016,7
2,1,burst,274,0.05233399999997346,7
2,1,burst,275,0.05533400000058464,7
2,1,burst,276,0.06300000000010186,7
2,1,burst,277,0.055417000001398264,7
2,1,burst,278,0.057874999998603016,7
2,1,burst,279,0.05270899999959511,7
2,1,burst,280,0.055082999999285676,7
2,1,burst,281,0.056542000000263215,7
2,1,burst,282,0.05274999999892316,7
2,1,burst,283,0.0523750000011205,7
2,1,burst,284,0.05558299999938754,7
2,1,burst,285,0.056582999999591266,7
2,1,burst,286,0.0555000000003929,7
2,1,burst,287,0.0540419999997539,7
2,1,burst,288,0.05841600000167091,7
2,1,burst,289,0.05866699999933189,7
2,1,burst,290,0.05629200000112178,7
2,1,burst,291,0.05795799999941664,7
2,1,burst,292,0.05466599999999744,7
2,1,burst,293,0.058791999999812106,7
2,1,burst,294,0.05254099999910977,7
2,1,burst,295,0.05349999999998545,7
2,1,burst,296,0.05629099999896425,7
2,1,burst,297,0.05266699999992852,7
2,1,burst,298,0.05275000000074215,7
2,1,burst,299,0.06245900000067195,7
2,1,burst,300,0.057125000001178705,7
2,1,burst,301,181.2437919999993,7
2,1,burst,302,22.37208400000054,7
2,1,burst,303,7.359000000000378,7
2,1,burst,304,37.66975000000093,7
2,1,burst,305,0.1843749999989086,7
2,1,burst,306,0.12295799999992596,7
2,1,burst,307,0.12924999999995634,7
2,1,burst,308,0.16762500000004366,7
2,1,burst,309,0.1134170000004815,7
2,1,burst,310,0.11795899999924586,7
2,1,burst,311,0.12120899999899848,7
2,1,burst,312,0.12054199999874982,7
2,1,burst,313,0.11083399999915855,7
2,1,burst,314,0.11912499999925785,7
2,1,burst,315,0.11395799999991141,7
2,1,burst,316,0.11899999999877764,7
2,1,burst,317,0.11354100000062317,7
2,1,burst,318,0.11779200000091805,7
2,1,burst,319,0.11441700000068522,7
2,1,burst,320,0.11308400000052643,7
2,1,burst,321,0.10933400000067195,7
2,1,burst,322,0.10508299999855808,7
2,1,burst,323,0.11362499999995634,7
2,1,burst,324,0.10512500000004366,7
2,1,burst,325,0.10237499999857391,7
2,1,burst,326,0.10945799999899464,7
2,1,burst,327,0.09333299999889277,7
2,1,burst,328,0.09825000000091677,7
2,1,burst,329,0.09775000000081491,7
2,1,burst,330,0.1086250000007567,7
2,1,burst,331,0.09158299999944575,7
2,1,burst,332,0.11104100000011385,7
2,1,burst,333,0.09616699999969569,7
2,1,burst,334,0.10470899999927497,7
2,1,burst,335,0.09516699999949196,7
2,1,burst,336,0.10070799999994051,7
2,1,burst,337,0.1031249999996362,7
2,1,burst,338,0.10037499999998545,7
2,1,burst,339,0.10033399999883841,7
2,1,burst,340,0.1007499999996071,7
2,1,burst,341,0.10704100000111794,7
2,1,burst,342,0.1025420000005397,7
2,1,burst,343,0.0939170000001468,7
2,1,burst,344,0.10437500000080036,7
2,1,burst,345,0.0961250000000291,7
2,1,burst,346,50.942291000001205,7
2,1,burst,347,0.6190000000005966,7
2,1,burst,348,0.2650419999990845,7
2,1,burst,349,0.19904099999985192,7
2,1,burst,350,0.13854100000025937,7
2,1,burst,351,0.3868750000001455,7
2,1,burst,352,0.17433400000118127,7
2,1,burst,353,0.17620899999928952,7
2,1,burst,354,0.1483329999991838,7
2,1,burst,355,0.2630410000001575,7
2,1,burst,356,0.2296249999999418,7
2,1,burst,357,0.21108300000014424,7
2,1,burst,358,0.17495899999994435,7
2,1,burst,359,0.1303330000009737,7
2,1,burst,360,0.36150000000088767,7
2,1,burst,361,10.866874999999709,7
2,1,burst,362,0.17204099999980826,7
2,1,burst,363,0.1477500000000873,7
2,1,burst,364,0.13662500000100408,7
2,1,burst,365,0.14199999999982538,7
2,1,burst,366,0.1336670000000595,7
2,1,burst,367,0.13504200000170385,7
2,1,burst,368,0.1354590000009921,7
2,1,burst,369,0.13574999999946158,7
2,1,burst,370,0.13395799999852898,7
2,1,burst,371,0.13020900000083202,7
2,1,burst,372,0.463832999999795,7
2,1,burst,373,0.2585830000007263,7
2,1,burst,374,0.2029579999998532,7
2,1,burst,375,0.3375420000011218,7
2,1,burst,376,0.2120839999988675,7
2,1,burst,377,0.1900420000001759,7
2,1,burst,378,0.2000000000007276,7
2,1,burst,379,0.35058399999979883,7
2,1,burst,380,0.1319999999996071,7
2,1,burst,381,0.1258750000015425,7
2,1,burst,382,0.19758399999955145,7
2,1,burst,383,0.1270409999997355,7
2,1,burst,384,0.12529100000028848,7
2,1,burst,385,0.11837500000001455,7
2,1,burst,386,0.11054199999853154,7
2,1,burst,387,0.11024999999972351,7
2,1,burst,388,0.11179200000151468,7
2,1,burst,389,0.11020900000039546,7
2,1,burst,390,0.10754199999973935,7
2,1,burst,391,0.1112089999987802,7
2,1,burst,392,0.128166999998939,7
2,1,burst,393,0.06462499999906868,7
2,1,burst,394,0.05233299999963492,7
2,1,burst,395,0.05058400000052643,7
2,1,burst,396,0.05120799999895098,7
2,1,burst,397,0.05008300000008603,7
2,1,burst,398,0.050416000000041095,7
2,1,burst,399,0.050374999998894054,7
2,1,burst,400,0.0527910000000702,7
2,1,burst,401,0.049999999999272404,7
2,1,burst,402,0.04891700000007404,7
2,1,burst,403,0.05020900000090478,7
2,1,burst,404,0.05745799999931478,7
2,1,burst,405,0.051292000000103144,7
2,1,burst,406,0.05033299999922747,7
2,1,burst,407,0.0512910000015836,7
2,1,burst,408,0.05287499999940337,7
2,1,burst,409,0.05579100000068138,7
2,1,burst,410,0.05004200000075798,7
2,1,burst,411,0.057291999999506515,7
2,1,burst,412,0.10908300000119198,7
2,1,burst,413,0.10991699999976845,7
2,1,burst,414,0.10562500000014552,7
2,1,burst,415,0.10850000000027649,7
2,1,burst,416,0.10741699999925913,7
2,1,burst,417,0.10604200000125275,7
2,1,burst,418,0.10387500000069849,7
2,1,burst,419,0.10637499999938882,7
2,1,burst,420,0.10754199999973935,7
2,1,burst,421,0.1044160000001284,7
2,1,burst,422,0.10379199999988487,7
2,1,burst,423,0.10737499999959255,7
2,1,burst,424,0.10804199999984121,7
2,1,burst,425,0.10454100000060862,7
2,1,burst,426,0.10383299999921292,7
2,1,burst,427,0.11900000000059663,7
2,1,burst,428,0.10816699999850243,7
2,1,burst,429,0.10483399999975518,7
2,1,burst,430,0.11675000000104774,7
2,1,burst,431,0.11116600000059407,7
2,1,burst,432,0.11000000000058208,7
2,1,burst,433,0.10575000000062573,7
2,1,burst,434,0.1056669999998121,7
2,1,burst,435,0.10895799999889277,7
2,1,burst,436,0.10720799999944575,7
2,1,burst,437,0.10458399999879475,7
2,1,burst,438,0.10666700000001583,7
2,1,burst,439,0.10783300000002782,7
2,1,burst,440,0.10854199999994307,7
2,1,burst,441,0.1062500000007276,7
2,1,burst,442,0.10470800000075542,7
2,1,burst,443,0.10916600000018661,7
2,1,burst,444,0.12933299999895098,7
2,1,burst,445,0.10791599999902246,7
2,1,burst,446,0.10645800000020245,7
2,1,burst,447,0.10591699999895354,7
2,1,burst,448,0.1054999999996653,7
2,1,burst,449,0.10287500000049477,7
2,1,burst,450,0.10725000000093132,7
2,1,burst,451,0.10470800000075542,7
2,1,burst,452,0.0913749999999709,7
2,1,burst,453,0.08925000000090222,7
2,1,burst,454,0.09741699999904085,7
2,1,burst,455,0.09354199999870616,7
2,1,burst,456,0.0898749999996653,7
2,1,burst,457,0.09112500000082946,7
2,1,burst,458,0.0904580000005808,7
2,1,burst,459,0.09233300000050804,7
2,1,burst,460,0.09087499999986903,7
2,1,burst,461,0.09833400000024994,7
2,1,burst,462,0.09024999999928696,7
2,1,burst,463,0.09879100000034668,7
2,1,burst,464,0.09229100000084145,7
2,1,burst,465,0.09083300000020245,7
2,1,burst,466,0.09091700000135461,7
2,1,burst,467,0.09191699999973935,7
2,1,burst,468,0.0904580000005808,7
2,1,burst,469,0.09308299999975134,7
2,1,burst,470,0.0961250000000291,7
2,1,burst,471,0.09412499999962165,7
2,1,burst,472,0.0913749999999709,7
2,1,burst,473,0.0913749999999709,7
2,1,burst,474,0.09195900000122492,7
2,1,burst,475,0.09120900000016263,7
2,1,burst,476,0.09045900000091933,7
2,1,burst,477,0.09108399999968242,7
2,1,burst,478,0.09208299999954761,7
2,1,burst,479,0.09108300000116287,7
2,1,burst,480,0.09291599999960454,7
2,1,burst,481,0.09787499999947613,7
2,1,burst,482,0.09245800000098825,7
2,1,burst,483,0.09124999999949068,7
2,1,burst,484,0.09441699999842967,7
2,1,burst,485,0.09070900000006077,7
2,1,burst,486,0.09262499999931606,7
2,1,burst,487,0.09170799999992596,7
2,1,burst,488,0.09250000000065484,7
2,1,burst,489,0.090290999998615,7
2,1,burst,490,0.09583299999940209,7
2,1,burst,491,0.09375,7
2,1,burst,492,0.0928330000006099,7
2,1,burst,493,0.09183300000040617,7
2,1,burst,494,32.76912500000071,7
2,1,burst,495,0.11883300000044983,7
2,1,burst,496,0.0696669999997539,7
2,1,burst,497,0.07720899999912945,7
2,1,burst,498,32.445458999998664,7
2,1,burst,499,179.6436250000006,7
2,1,burst,500,0.07216700000026322,7
2,1,burst,501,0.057166000000506756,7
2,1,burst,502,0.05754199999864795,7
2,1,burst,503,0.05500000000029104,7
2,1,burst,504,0.05175000000053842,7
2,1,burst,505,0.05183299999953306,7
2,1,burst,506,0.05266699999992852,7
2,1,burst,507,0.053750000000945874,7
2,1,burst,508,0.04987500000061118,7
2,1,burst,509,0.053167000000030384,7
2,1,burst,510,0.057875000000422006,7
2,1,burst,511,0.1099160000012489,7
2,1,burst,512,0.10679199999867706,7
2,1,burst,513,0.10687499999949068,7
2,1,burst,514,0.09345899999971152,7
2,1,burst,515,0.05083299999932933,7
2,1,burst,516,0.05087499999899592,7
2,1,burst,517,0.051124999999956344,7
2,1,burst,518,0.051833999999871594,7
2,1,burst,519,0.05816699999923003,7
2,1,burst,520,0.049250000000029104,7
2,1,burst,521,0.050708999999187654,7
2,1,burst,522,0.051166000001103384,7
2,1,burst,523,0.049457999999503954,7
2,1,burst,524,0.04954200000065612,7
2,1,burst,525,31.719999999999345,7
2,1,burst,526,14.415124999999534,7
2,1,burst,527,0.06725000000005821,7
2,1,burst,528,0.05554099999972095,7
2,1,burst,529,0.05779199999960838,7
2,1,burst,530,0.05816699999923003,7
2,1,burst,531,0.053416000000652275,7
2,1,burst,532,0.05183299999953306,7
2,1,burst,533,0.05079200000000128,7
2,1,burst,534,0.052249999998821295,7
2,1,burst,535,0.051083999998809304,7
2,1,burst,536,0.051124999999956344,7
2,1,burst,537,0.05020899999908579,7
2,1,burst,538,0.04987499999879219,7
2,1,burst,539,0.04995800000142481,7
2,1,burst,540,0.04899999999906868,7
2,1,burst,541,0.0525420000012673,7
2,1,burst,542,8.334917000000132,7
2,1,burst,543,5.04516700000022,7
2,1,burst,544,0.0729589999991731,7
2,1,burst,545,0.06204200000138371,7
2,1,burst,546,0.05424999999922875,7
2,1,burst,547,0.059000000001105946,7
2,1,burst,548,0.05391599999893515,7
2,1,burst,549,0.061417000000801636,7
2,1,burst,550,0.0520410000008269,7
2,1,burst,551,0.051458999998430954,7
2,1,burst,552,0.10866600000008475,7
2,1,burst,553,0.13058300000011513,7
2,1,burst,554,0.12841699999989942,7
2,1,burst,555,0.12545899999895482,7
2,1,burst,556,0.12987500000053842,7
2,1,burst,557,0.13183399999979883,7
2,1,burst,558,0.12600000000020373,7
2,1,burst,559,0.12749999999869033,7
2,1,burst,560,0.1306669999994483,7
2,1,burst,561,0.13025000000016007,7
2,1,burst,562,0.12679100000059407,7
2,1,burst,563,0.12766600000031758,7
2,1,burst,564,0.12845800000104646,7
2,1,burst,565,0.1291670000009617,7
2,1,burst,566,0.13104200000088895,7
2,1,burst,567,0.1336250000003929,7
2,1,burst,568,0.14441599999918253,7
2,1,burst,569,0.13066600000092876,7
2,1,burst,570,0.1288750000003347,7
2,1,burst,571,0.12474999999903957,7
2,1,burst,572,0.12945899999976973,7
2,1,burst,573,0.1306250000016007,7
2,1,burst,574,0.1256249999987631,7
2,1,burst,575,0.13004200000068522,7
2,1,burst,576,0.13462500000059663,7
2,1,burst,577,0.12800000000061118,7
2,1,burst,578,0.12495800000033341,7
2,1,burst,579,0.12354100000084145,7
2,1,burst,580,0.05229200000030687,7
2,1,burst,581,0.053750000000945874,7
2,1,burst,582,0.05070800000066811,7
2,1,burst,583,0.05154199999924458,7
2,1,burst,584,0.05591699999968114,7
2,1,burst,585,0.05025000000023283,7
2,1,burst,586,0.049624999999650754,7
2,1,burst,587,0.050375000000713044,7
2,1,burst,588,0.04966699999931734,7
2,1,burst,589,0.04941600000165636,7
2,1,burst,590,0.05083399999966787,7
2,1,burst,591,0.049709000000802916,7
2,1,burst,592,0.06695899999976973,7
2,1,burst,593,53.701624999999694,7
2,1,burst,594,0.0816660000000411,7
2,1,burst,595,0.07137499999953434,7
2,1,burst,596,0.06937500000094587,7
2,1,burst,597,0.11920900000041001,7
2,1,burst,598,0.13095799999973678,7
2,1,burst,599,0.13295800000014424,7
2,1,burst,600,0.13170800000079907,7
2,1,burst,601,0.1392919999998412,7
2,1,burst,602,0.1269589999992604,7
2,1,burst,603,0.13029199999982666,7
2,1,burst,604,0.12566700000024866,7
2,1,burst,605,0.13862499999959255,7
2,1,burst,606,0.12550000000010186,7
2,1,burst,607,0.1242500000007567,7
2,1,burst,608,0.12775000000146974,7
2,1,burst,609,0.12620799999967858,7
2,1,burst,610,0.1279579999991256,7
2,1,burst,611,0.1292089999988093,7
2,1,burst,612,0.12624999999934516,7
2,1,burst,613,0.12591600000087055,7
2,1,burst,614,0.12487500000133878,7
2,1,burst,615,0.1288330000006681,7
2,1,burst,616,0.12683300000026065,7
2,1,burst,617,0.1292089999988093,7
2,1,burst,618,0.12758299999950395,7
2,1,burst,619,0.13379100000020117,7
2,1,burst,620,0.12995799999953306,7
2,1,burst,621,0.1283339999990858,7
2,1,burst,622,0.1266670000004524,7
2,1,burst,623,0.12945899999976973,7
2,1,burst,624,12.531042000000525,7
2,1,burst,625,0.06166699999994307,7
2,1,burst,626,0.05500000000029104,7
2,1,burst,627,0.053541999999652035,7
2,1,burst,628,0.0551660000000993,7
2,1,burst,629,0.050916999998662504,7
2,1,burst,630,0.052791999998589745,7
2,1,burst,631,0.05400000000008731,7
2,1,burst,632,0.051499999999577994,7
2,1,burst,633,0.05541599999924074,7
2,1,burst,634,0.05191700000068522,7
2,1,burst,635,0.05329100000017206,7
2,1,burst,636,0.05141700000058336,7
2,1,burst,637,0.05595799999900919,7
2,1,burst,638,0.050957999999809545,7
2,1,burst,639,0.052249999998821295,7
2,1,burst,640,0.052416999998968095,7
2,1,burst,641,0.04987499999879219,7
2,1,burst,642,153.97291600000062,7
2,1,burst,643,0.22716700000091805,7
2,1,burst,644,45.22491600000103,7
2,1,burst,645,0.1711249999989377,7
2,1,burst,646,0.14991699999882258,7
2,1,burst,647,0.13654200000019046,7
2,1,burst,648,0.13191700000061246,7
2,1,burst,649,0.13120900000103575,7
2,1,burst,650,0.13170800000079907,7
2,1,burst,651,0.13179200000013225,7
2,1,burst,652,0.1315840000006574,7
2,1,burst,653,0.12929200000144192,7
2,1,burst,654,0.12750000000050932,7
2,1,burst,655,0.14858300000014424,7
2,1,burst,656,0.12950000000091677,7
2,1,burst,657,0.12804099999993923,7
2,1,burst,658,0.1272079999998823,7
2,1,burst,659,0.12924999999995634,7
2,1,burst,660,0.1272499999995489,7
2,1,burst,661,0.12745799999902374,7
2,1,burst,662,18.52483300000131,7
2,1,burst,663,0.31895799999983865,7
2,1,burst,664,0.1415419999993901,7
2,1,burst,665,0.13370799999938754,7
2,1,burst,666,0.221666000001278,7
2,1,burst,667,0.19512500000018917,7
2,1,burst,668,0.14916699999957928,7
2,1,burst,669,0.1370839999999589,7
2,1,burst,670,0.1343749999996362,7
2,1,burst,671,0.13854199999877892,7
2,1,burst,672,0.16529199999968114,7
2,1,burst,673,0.1580839999987802,7
2,1,burst,674,0.13075000000026193,7
2,1,burst,675,0.13358300000072632,7
2,1,burst,676,0.13724999999976717,7
2,1,burst,677,9.45508300000074,7
2,1,burst,678,0.21745799999916926,7
2,1,burst,679,2.949083999999857,7
2,1,burst,680,20.680624999999054,7
2,1,burst,681,1.0139169999984006,7
2,1,burst,682,0.0722089999999298,7
2,1,burst,683,0.6870830000007118,7
2,1,burst,684,0.17345799999930023,7
2,1,burst,685,3.7964580000007118,7
2,1,burst,686,0.09879200000068522,7
2,1,burst,687,0.062249999999039574,7
2,1,burst,688,0.052832999999736785,7
2,1,burst,689,0.05470900000000256,7
2,1,burst,690,0.052792000000408734,7
2,1,burst,691,0.07258299999921292,7
2,1,burst,692,0.052999999999883585,7
2,1,burst,693,0.05183299999953306,7
2,1,burst,694,0.05125000000043656,7
2,1,burst,695,0.05216599999948812,7
2,1,burst,696,0.05633300000044983,7
2,1,burst,697,0.06095800000002782,7
2,1,burst,698,0.07241699999940465,7
2,1,burst,699,0.07233400000041001,7
2,1,burst,700,0.07041700000081619,7
2,1,burst,701,7.577416000000085,7
2,1,burst,702,0.08783299999959127,7
2,1,burst,703,0.13487499999973807,7
2,1,burst,704,0.0619170000009035,7
2,1,burst,705,0.05479200000081619,7
2,1,burst,706,0.05537499999991269,7
2,1,burst,707,0.05666600000040489,7
2,1,burst,708,0.05987499999901047,7
2,1,burst,709,0.09391599999980826,7
2,1,burst,710,0.05887499999880674,7
2,1,burst,711,0.05650000000059663,7
2,1,burst,712,0.05249999999978172,7
2,1,burst,713,0.059208000000580796,7
2,1,burst,714,0.25733299999956216,7
2,1,burst,715,0.11420899999939138,7
2,1,burst,716,0.14795799999956216,7
2,1,burst,717,0.13624999999956344,7
2,1,burst,718,2.262333000000581,7
2,1,burst,719,0.09383400000115216,7
2,1,burst,720,0.13454099999944447,7
2,1,burst,721,0.07966599999963364,7
2,1,burst,722,0.07599999999911233,7
2,1,burst,723,0.07025000000066939,7
2,1,burst,724,0.07720900000094844,7
2,1,burst,725,0.14879199999995762,7
2,1,burst,726,0.14312500000050932,7
2,1,burst,727,0.13537499999983993,7
2,1,burst,728,0.13337499999943248,7
2,1,burst,729,0.13604099999975006,7
2,1,burst,730,0.13358300000072632,7
2,1,burst,731,0.1316659999993135,7
2,1,burst,732,0.13070800000059535,7
2,1,burst,733,0.1489579999997659,7
2,1,burst,734,0.13404199999968114,7
2,1,burst,735,0.13029199999982666,7
2,1,burst,736,0.12983300000087183,7
2,1,burst,737,0.132540999999037,7
2,1,burst,738,0.13095799999973678,7
2,1,burst,739,0.13024999999834108,7
2,1,burst,740,0.13129099999969185,7
2,1,burst,741,0.13487499999973807,7
2,1,burst,742,0.14454200000000128,7
2,1,burst,743,0.129917000000205,7
2,1,burst,744,0.13270899999952235,7
2,1,burst,745,0.13666699999885168,7
2,1,burst,746,0.13020800000049348,7
2,1,burst,747,0.13383299999986775,7
2,1,burst,748,0.14341699999931734,7
2,1,burst,749,0.12741700000151468,7
2,1,burst,750,0.12783300000046438,7
2,1,burst,751,0.13241700000071432,7
2,1,burst,752,0.1389999999992142,7
2,1,burst,753,0.13062499999978172,7
2,1,burst,754,0.1312499999985448,7
2,1,burst,755,0.13224999999874854,7
2,1,burst,756,0.13224999999874854,7
2,1,burst,757,0.1281249999992724,7
2,1,burst,758,0.13170899999931862,7
2,1,burst,759,0.1399169999986043,7
2,1,burst,760,0.1303329999991547,7
2,1,burst,761,0.13029099999948812,7
2,1,burst,762,0.129917000000205,7
2,1,burst,763,0.13741699999991397,7
2,1,burst,764,0.13112499999988358,7
2,1,burst,765,0.12691699999959383,7
2,1,burst,766,0.13166699999965203,7
2,1,burst,767,0.1275420000001759,7
2,1,burst,768,0.12687499999992724,7
2,1,burst,769,0.1300840000003518,7
2,1,burst,770,0.1343749999996362,7
2,1,burst,771,0.12970900000073016,7
2,1,burst,772,0.13004200000068522,7
2,1,burst,773,0.13095900000007532,7
2,1,burst,774,0.12920799999847077,7
2,1,burst,775,0.14087499999914144,7
2,1,burst,776,0.13020800000049348,7
2,1,burst,777,0.12862499999937427,7
2,1,burst,778,0.12720900000022084,7
2,1,burst,779,0.1272499999995489,7
2,1,burst,780,0.12858299999970768,7
2,1,burst,781,0.12945899999976973,7
2,1,burst,782,0.12850000000071304,7
2,1,burst,783,0.12704200000007404,7
2,1,burst,784,0.12941700000010314,7
2,1,burst,785,0.12891700000000128,7
2,1,burst,786,0.13166699999965203,7
2,1,burst,787,0.12808299999960582,7
2,1,burst,788,0.12924999999995634,7
2,1,burst,789,0.1312500000003638,7
2,1,burst,790,0.12983400000121037,7
2,1,burst,791,0.12629200000083074,7
2,1,burst,792,0.12641700000131095,7
2,1,burst,793,0.13483300000007148,7
2,1,burst,794,0.13979199999994307,7
2,1,burst,795,0.12966600000072503,7
2,1,burst,796,0.1306669999994483,7
2,1,burst,797,0.1290419999986625,7
2,1,burst,798,0.12487499999951979,7
2,1,burst,799,0.12879100000100152,7
2,1,burst,800,0.12741600000117614,7
2,1,burst,801,0.1286660000005213,7
2,1,burst,802,0.12995799999953306,7
2,1,burst,803,0.12787500000013097,7
2,1,burst,804,0.1265000000003056,7
2,1,burst,805,0.1302079999986745,7
2,1,burst,806,0.12816700000075798,7
2,1,burst,807,0.13079199999992852,7
2,1,burst,808,0.12941700000010314,7
2,1,burst,809,0.1328749999993306,7
2,1,burst,810,0.12883399999918765,7
2,1,burst,811,0.1382499999999709,7
2,1,burst,812,0.1329170000008162,7
2,1,burst,813,0.13191699999879347,7
2,1,burst,814,0.12991599999986647,7
2,1,burst,815,0.12987500000053842,7
2,1,burst,816,0.12929199999962293,7
2,1,burst,817,0.12937500000043656,7
2,1,burst,818,0.12645799999882001,7
2,1,burst,819,0.1339159999988624,7
2,1,burst,820,0.12766600000031758,7
2,1,burst,821,0.12599999999838474,7
2,1,burst,822,0.12654199999997218,7
2,1,burst,823,0.12933299999895098,7
2,1,burst,824,0.13187500000094587,7
2,1,burst,825,0.12758299999950395,7
2,1,burst,826,0.1266250000007858,7
2,1,burst,827,0.1329170000008162,7
2,1,burst,828,0.1266250000007858,7
2,1,burst,829,0.12570899999991525,7
2,1,burst,830,0.1632499999996071,7
2,1,burst,831,0.14370799999960582,7
2,1,burst,832,0.15524999999979627,7
2,1,burst,833,0.13616600000023027,7
2,1,burst,834,0.1538749999999709,7
2,1,burst,835,0.15204199999971024,7
2,1,burst,836,0.14087500000096043,7
2,1,burst,837,0.13462500000059663,7
2,1,burst,838,0.1412080000009155,7
2,1,burst,839,0.1447920000009617,7
2,1,burst,840,0.13370799999938754,7
2,1,burst,841,0.13433299999996962,7
2,1,burst,842,0.14641699999992852,7
2,1,burst,843,0.1571250000015425,7
2,1,burst,844,0.14829099999951723,7
2,1,burst,845,0.784458000000086,7
2,1,burst,846,0.16387500000018917,7
2,1,burst,847,0.13895900000170514,7
2,1,burst,848,0.157416000000012,7
2,1,burst,849,0.14024999999855936,7
2,1,burst,850,0.1586250000000291,7
2,1,burst,851,0.13891699999840057,7
2,1,burst,852,0.14383400000042457,7
2,1,burst,853,0.1474580000012793,7
2,1,burst,854,0.160874999999578,7
2,1,burst,855,0.13999999999941792,7
2,1,burst,856,0.14879199999995762,7
2,1,burst,857,0.1376250000012078,7
2,1,burst,858,0.15049999999973807,7
2,1,burst,859,0.146707999998398,7
2,1,burst,860,0.14724999999998545,7
2,1,burst,861,0.13645800000085728,7
2,1,burst,862,0.14637500000026193,7
2,1,burst,863,0.1391249999996944,7
2,1,burst,864,0.16979199999877892,7
2,1,burst,865,131.98754200000076,7
2,1,burst,866,0.24312500000087311,7
2,1,burst,867,0.16124999999919964,7
2,1,burst,868,0.16995800000040617,7
2,1,burst,869,0.17433300000084273,7
2,1,burst,870,0.18629200000032142,7
2,1,burst,871,0.1608329999999114,7
2,1,burst,872,0.1546249999992142,7
2,1,burst,873,0.1412079999990965,7
2,1,burst,874,0.15216599999985192,7
2,1,burst,875,0.15975000000071304,7
2,1,burst,876,118.14587500000016,7
2,1,burst,877,0.18945799999892188,7
2,1,burst,878,0.151332999999795,7
2,1,burst,879,0.13562499999898137,7
2,1,burst,880,0.13720800000010058,7
2,1,burst,881,0.24899999999979627,7
2,1,burst,882,7.361084000000119,7
2,1,burst,883,0.17658400000073016,7
2,1,burst,884,0.15333299999838346,7
2,1,burst,885,0.14120900000125403,7
2,1,burst,886,0.1541670000005979,7
2,1,burst,887,17.57775000000038,7
2,1,burst,888,0.30304199999955017,7
2,1,burst,889,0.15954099999908067,7
2,1,burst,890,0.1413750000010623,7
2,1,burst,891,0.1437499999992724,7
2,1,burst,892,0.13983299999927112,7
2,1,burst,893,0.24445899999955145,7
2,1,burst,894,0.16837499999928696,7
2,1,burst,895,89.07933299999968,7
2,1,burst,896,19.06183400000009,7
2,1,burst,897,3.5603329999994457,7
2,1,burst,898,0.09950000000026193,7
2,1,burst,899,0.08716699999968114,7
2,1,burst,900,0.08670799999890733,7
2,1,burst,901,0.07658300000002782,7
2,1,burst,902,0.07816599999932805,7
2,1,burst,903,0.0845420000005106,7
2,1,burst,904,0.07833399999981339,7
2,1,burst,905,35.46399999999994,7
2,1,burst,906,19.636458000000857,7
2,1,burst,907,0.2900420000005397,7
2,1,burst,908,0.15562499999941792,7
2,1,burst,909,0.13833299999896553,7
2,1,burst,910,0.13704099999995378,7
2,1,burst,911,0.13829100000111794,7
2,1,burst,912,0.12937500000043656,7
2,1,burst,913,0.12862500000119326,7
2,1,burst,914,0.13487499999973807,7
2,1,burst,915,0.13054099999862956,7
2,1,burst,916,0.1321250000000873,7
2,1,burst,917,0.129917000000205,7
2,1,burst,918,0.12691699999959383,7
2,1,burst,919,0.12833299999874725,7
2,1,burst,920,0.12658299999930023,7
2,1,burst,921,0.14462499999899592,7
2,1,burst,922,0.13316600000143808,7
2,1,burst,923,0.1288750000003347,7
2,1,burst,924,0.12691700000141282,7
2,1,burst,925,0.13083300000107556,7
2,1,burst,926,0.12733300000036252,7
2,1,burst,927,0.12816700000075798,7
2,1,burst,928,0.1286660000005213,7
2,1,burst,929,0.12983300000087183,7
2,1,burst,930,0.12600000000020373,7
2,1,burst,931,0.12891700000000128,7
2,1,burst,932,0.12399999999979627,7
2,1,burst,933,0.12820899999860558,7
2,1,burst,934,0.134541999999783,7
2,1,burst,935,0.12691700000141282,7
2,1,burst,936,0.12454199999956472,7
2,1,burst,937,0.12987500000053842,7
2,1,burst,938,0.12454199999956472,7
2,1,burst,939,0.1367499999996653,7
2,1,burst,940,0.12633400000049733,7
2,1,burst,941,0.12729199999921548,7
2,1,burst,942,0.13079199999992852,7
2,1,burst,943,0.12924999999995634,7
2,1,burst,944,0.12449999999989814,7
2,1,burst,945,0.12595800000053714,7
2,1,burst,946,0.12333299999954761,7
2,1,burst,947,0.12891599999966274,7
2,1,burst,948,0.1248329999998532,7
2,1,burst,949,0.12770799999998417,7
2,1,burst,950,0.12549999999828287,7
2,1,burst,951,0.1274169999996957,7
2,1,burst,952,0.1265000000003056,7
2,1,burst,953,0.12920800000028976,7
2,1,burst,954,0.12633400000049733,7
2,1,burst,955,0.12708300000122108,7
2,1,burst,956,0.1239160000004631,7
2,1,burst,957,0.13558300000113377,7
2,1,burst,958,0.12741599999935715,7
2,1,burst,959,0.1273750000000291,7
2,1,burst,960,0.12687500000174623,7
2,1,burst,961,0.12816700000075798,7
2,1,burst,962,0.131375000000844,7
2,1,burst,963,0.12654099999963364,7
2,1,burst,964,0.12645799999882001,7
2,1,burst,965,0.12570899999991525,7
2,1,burst,966,0.12670799999978044,7
2,1,burst,967,0.12379099999998289,7
2,1,burst,968,0.12866700000085984,7
2,1,burst,969,0.12462500000037835,7
2,1,burst,970,0.12762500000098953,7
2,1,burst,971,0.1244170000009035,7
2,1,burst,972,0.12729200000103447,7
2,1,burst,973,0.12854200000037963,7
2,1,burst,974,0.14425000000119326,7
2,1,burst,975,0.13204200000109267,7
2,1,burst,976,0.1275839999998425,7
2,1,burst,977,0.12395800000012969,7
2,1,burst,978,0.12449999999989814,7
2,1,burst,979,0.12554199999976845,7
2,1,burst,980,0.13508299999921292,7
2,1,burst,981,0.1222909999996773,7
2,1,burst,982,0.12449999999989814,7
2,1,burst,983,0.1259170000012091,7
2,1,burst,984,0.13249999999970896,7
2,1,burst,985,0.12487499999951979,7
2,1,burst,986,0.12491699999918637,7
2,1,burst,987,0.12970799999857263,7
2,1,burst,988,0.1272499999995489,7
2,1,burst,989,0.1242500000007567,7
2,1,burst,990,0.1257919999989099,7
2,1,burst,991,0.1319999999996071,7
2,1,burst,992,0.125,7
2,1,burst,993,0.13037500000064028,7
2,1,burst,994,0.12654199999997218,7
2,1,burst,995,0.1254160000007687,7
2,1,burst,996,0.1255410000012489,7
2,1,burst,997,0.12441600000056496,7
2,1,burst,998,0.12299999999959255,7
2,1,burst,999,0.12616700000035053,7
2,2,idle,0,0.0022499999995488906,0
2,2,idle,1,0.002207999999882304,0
2,2,idle,2,0.002291999999215477,0
2,2,idle,3,0.0027090000003227033,0
2,2,idle,4,0.002375000000029104,0
2,2,idle,5,0.002291000000695931,0
2,2,idle,6,0.0022499999995488906,0
2,2,idle,7,0.002375000000029104,0
2,2,idle,8,0.0022499999995488906,0
2,2,idle,9,0.002791000000797794,0
2,2,idle,10,0.0021660000002157176,0
2,2,idle,11,0.0023330000003625173,0
2,2,idle,12,0.002375000000029104,0
2,2,idle,13,0.002082999999402091,0
2,2,idle,14,0.003666999999040854,0
2,2,idle,15,0.0021670000005542533,0
2,2,idle,16,0.0021670000005542533,0
2,2,idle,17,0.002334000000701053,0
2,2,idle,18,0.002166999998735264,0
2,2,idle,19,0.0027919999993173406,0
2,2,idle,20,0.0023339999988820637,0
2,2,idle,21,0.0021670000005542533,0
2,2,idle,22,0.0030839999999443535,0
2,2,idle,23,0.00225000000136788,0
2,2,idle,24,0.0029590000012831297,0
2,2,idle,25,0.0022920000010344665,0
2,2,idle,26,0.00370900000052643,0
2,2,idle,27,0.004042000000481494,0
2,2,idle,28,0.0031250000010913936,0
2,2,idle,29,0.0023330000003625173,0
2,2,idle,30,0.0029579999991256045,0
2,2,idle,31,0.003165999998600455,0
2,2,idle,32,0.0023330000003625173,0
2,2,idle,33,0.0024169999996956903,0
2,2,idle,34,0.0022499999995488906,0
2,2,idle,35,0.002874999998311978,0
2,2,idle,36,0.0024580000008427305,0
2,2,idle,37,0.002375000000029104,0
2,2,idle,38,0.0021670000005542533,0
2,2,idle,39,0.002166999998735264,0
2,2,idle,40,0.0028330000004643807,0
2,2,idle,41,0.002291999999215477,0
2,2,idle,42,0.0022499999995488906,0
2,2,idle,43,0.0023330000003625173,0
2,2,idle,44,0.002291000000695931,0
2,2,idle,45,0.003040999999939231,0
2,2,idle,46,0.003040999999939231,0
2,2,idle,47,0.002207999999882304,0
2,2,idle,48,0.0021660000002157176,0
2,2,idle,49,0.002165999998396728,0
2,2,idle,50,0.0021249999990686774,0
2,2,idle,51,0.0028330000004643807,0
2,2,idle,52,0.0022499999995488906,0
2,2,idle,53,0.0030829999996058177,0
2,2,idle,54,0.0021660000002157176,0
2,2,idle,55,0.002207999999882304,0
2,2,idle,56,0.0029169999997975538,0
2,2,idle,57,0.002833999998983927,0
2,2,idle,58,0.0027919999993173406,0
2,2,idle,59,0.0023339999988820637,0
2,2,idle,60,0.0023330000003625173,0
2,2,idle,61,0.0033750000002328306,0
2,2,idle,62,0.0021249999990686774,0
2,2,idle,63,0.002291999999215477,0
2,2,idle,64,0.002291999999215477,0
2,2,idle,65,0.0022089999984018505,0
2,2,idle,66,0.0027079999999841675,0
2,2,idle,67,0.002500000000509317,0
2,2,idle,68,0.002291000000695931,0
2,2,idle,69,0.002125000000887667,0
2,2,idle,70,0.0022499999995488906,0
2,2,idle,71,0.002165999998396728,0
2,2,idle,72,0.0026669999988371274,0
2,2,idle,73,0.0023330000003625173,0
2,2,idle,74,0.002207999999882304,0
2,2,idle,75,0.0023339999988820637,0
2,2,idle,76,0.002207999999882304,0
2,2,idle,77,0.0035420000003796304,0
2,2,idle,78,0.002125000000887667,0
2,2,idle,79,0.002334000000701053,0
2,2,idle,80,0.002166999998735264,0
2,2,idle,81,0.0022499999995488906,0
2,2,idle,82,0.0030419999984587776,0
2,2,idle,83,0.00220900000022084,0
2,2,idle,84,0.0021670000005542533,0
2,2,idle,85,0.0023339999988820637,0
2,2,idle,86,0.002375000000029104,0
2,2,idle,87,0.0022499999995488906,0
2,2,idle,88,0.0034159999995608814,0
2,2,idle,89,0.002125000000887667,0
2,2,idle,90,0.002541999998356914,0
2,2,idle,91,0.002166999998735264,0
2,2,idle,92,0.0020839999997406267,0
2,2,idle,93,0.002749999999650754,0
2,2,idle,94,0.0022499999995488906,0
2,2,idle,95,0.003291999999419204,0
2,2,idle,96,0.0021249999990686774,0
2,2,idle,97,0.002416000001176144,0
2,2,idle,98,0.002915999999459018,0
2,2,idle,99,0.002457999999023741,0
2,2,idle,100,0.0022499999995488906,0
2,2,idle,101,0.0024170000015146798,0
2,2,idle,102,0.0022499999995488906,0
2,2,idle,103,0.0028329999986453913,0
2,2,idle,104,0.002375000000029104,0
2,2,idle,105,0.002291999999215477,0
2,2,idle,106,0.002166999998735264,0
2,2,idle,107,0.0028340000008029165,0
2,2,idle,108,0.0022499999995488906,0
2,2,idle,109,0.003333000000566244,0
2,2,idle,110,0.0025830000013229437,0
2,2,idle,111,0.003042000000277767,0
2,2,idle,112,0.0024169999996956903,0
2,2,idle,113,0.00220900000022084,0
2,2,idle,114,0.002999999998792191,0
2,2,idle,115,0.0022909999988769414,0
2,2,idle,116,0.002375000000029104,0
2,2,idle,117,0.002207999999882304,0
2,2,idle,118,0.002375000000029104,0
2,2,idle,119,0.0037919999995210674,0
2,2,idle,120,0.0021670000005542533,0
2,2,idle,121,0.0022499999995488906,0
2,2,idle,122,0.002125000000887667,0
2,2,idle,123,0.002291000000695931,0
2,2,idle,124,0.002790999998978805,0
2,2,idle,125,0.002291999999215477,0
2,2,idle,126,0.002166999998735264,0
2,2,idle,127,0.0021670000005542533,0
2,2,idle,128,0.0026670000006561168,0
2,2,idle,129,0.0022920000010344665,0
2,2,idle,130,0.0028330000004643807,0
2,2,idle,131,0.0023330000003625173,0
2,2,idle,132,0.002207999999882304,0
2,2,idle,133,0.0021670000005542533,0
2,2,idle,134,0.0029169999997975538,0
2,2,idle,135,0.0028750000001309672,0
2,2,idle,136,0.002291000000695931,0
2,2,idle,137,0.0021660000002157176,0
2,2,idle,138,0.0020830000012210803,0
2,2,idle,139,0.0024169999996956903,0
2,2,idle,140,0.003500000000713044,0
2,2,idle,141,0.0021660000002157176,0
2,2,idle,142,0.002375000000029104,0
2,2,idle,143,0.002291999999215477,0
2,2,idle,144,0.0022499999995488906,0
2,2,idle,145,0.0027079999999841675,0
2,2,idle,146,0.002207999999882304,0
2,2,idle,147,0.0029169999997975538,0
2,2,idle,148,0.00220900000022084,0
2,2,idle,149,0.0022499999995488906,0
2,2,idle,150,0.002332999998543528,0
2,2,idle,151,0.002749999999650754,0
2,2,idle,152,0.002291000000695931,0
2,2,idle,153,0.0021670000005542533,0
2,2,idle,154,0.0022499999995488906,0
2,2,idle,155,0.0021660000002157176,0
2,2,idle,156,0.0028330000004643807,0
2,2,idle,157,0.00225000000136788,0
2,2,idle,158,0.0022499999995488906,0
2,2,idle,159,0.002082999999402091,0
2,2,idle,160,0.0022499999995488906,0
2,2,idle,161,0.003208000000086031,0
2,2,idle,162,0.0031669999989389908,0
2,2,idle,163,0.002375000000029104,0
2,2,idle,164,0.0022499999995488906,0
2,2,idle,165,0.0024590000011812663,0
2,2,idle,166,0.00279200000113633,0
2,2,idle,167,0.0021670000005542533,0
2,2,idle,168,0.002207999999882304,0
2,2,idle,169,0.0033750000002328306,0
2,2,idle,170,0.0022499999995488906,0
2,2,idle,171,0.0021249999990686774,0
2,2,idle,172,0.0033750000002328306,0
2,2,idle,173,0.00225000000136788,0
2,2,idle,174,0.0021249999990686774,0
2,2,idle,175,0.0022499999995488906,0
2,2,idle,176,0.002125000000887667,0
2,2,idle,177,0.0033750000002328306,0
2,2,idle,178,0.0021670000005542533,0
2,2,idle,179,0.002207999999882304,0
2,2,idle,180,0.0021660000002157176,0
2,2,idle,181,0.002291000000695931,0
2,2,idle,182,0.002749999999650754,0
2,2,idle,183,0.002207999999882304,0
2,2,idle,184,0.0021660000002157176,0
2,2,idle,185,0.0022909999988769414,0
2,2,idle,186,0.0022909999988769414,0
2,2,idle,187,0.0022080000017012935,0
2,2,idle,188,0.0028330000004643807,0
2,2,idle,189,0.0021670000005542533,0
2,2,idle,190,0.0067090000011376105,0
2,2,idle,191,0.0024169999996956903,0
2,2,idle,192,0.0022499999995488906,0
2,2,idle,193,0.003749999999854481,0
2,2,idle,194,0.0022499999995488906,0
2,2,idle,195,0.0027919999993173406,0
2,2,idle,196,0.0025420000001759036,0
2,2,idle,197,0.00220900000022084,0
2,2,idle,198,0.0030419999984587776,0
2,2,idle,199,0.002125000000887667,0
2,2,idle,200,0.002291000000695931,0
2,2,idle,201,0.0021660000002157176,0
2,2,idle,202,0.002375000000029104,0
2,2,idle,203,0.003749999999854481,0
2,2,idle,204,0.0022499999995488906,0
2,2,idle,205,0.0022499999995488906,0
2,2,idle,206,0.0024999999986903276,0
2,2,idle,207,0.002375000000029104,0
2,2,idle,208,0.0028330000004643807,0
2,2,idle,209,0.0030000000006111804,0
2,2,idle,210,0.0022080000017012935,0
2,2,idle,211,0.002291000000695931,0
2,2,idle,212,0.002207999999882304,0
2,2,idle,213,0.002207999999882304,0
2,2,idle,214,0.0027919999993173406,0
2,2,idle,215,0.002166999998735264,0
2,2,idle,216,0.0022499999995488906,0
2,2,idle,217,0.003165999998600455,0
2,2,idle,218,0.0022499999995488906,0
2,2,idle,219,0.002917000001616543,0
2,2,idle,220,0.0022499999995488906,0
2,2,idle,221,0.002457999999023741,0
2,2,idle,222,0.002291000000695931,0
2,2,idle,223,0.00225000000136788,0
2,2,idle,224,0.0025829999995039543,0
2,2,idle,225,0.002375000000029104,0
2,2,idle,226,0.0021670000005542533,0
2,2,idle,227,0.0028750000001309672,0
2,2,idle,228,0.0022499999995488906,0
2,2,idle,229,0.003042000000277767,0
2,2,idle,230,0.002999999998792191,0
2,2,idle,231,0.0022909999988769414,0
2,2,idle,232,0.002457999999023741,0
2,2,idle,233,0.0021249999990686774,0
2,2,idle,234,0.002207999999882304,0
2,2,idle,235,0.003500000000713044,0
2,2,idle,236,0.002291000000695931,0
2,2,idle,237,0.0023330000003625173,0
2,2,idle,238,0.002291999999215477,0
2,2,idle,239,0.002833999998983927,0
2,2,idle,240,0.0030419999984587776,0
2,2,idle,241,0.0022499999995488906,0
2,2,idle,242,0.0021249999990686774,0
2,2,idle,243,0.0021660000002157176,0
2,2,idle,244,0.0023330000003625173,0
2,2,idle,245,0.003584000000046217,0
2,2,idle,246,0.0022499999995488906,0
2,2,idle,247,0.002166999998735264,0
2,2,idle,248,0.002500000000509317,0
2,2,idle,249,0.0022499999995488906,0
2,2,idle,250,0.002207999999882304,0
2,2,idle,251,0.002749999999650754,0
2,2,idle,252,0.002291999999215477,0
2,2,idle,253,0.0022499999995488906,0
2,2,idle,254,0.002166999998735264,0
2,2,idle,255,0.002375000000029104,0
2,2,idle,256,0.0027500000014697434,0
2,2,idle,257,0.0022920000010344665,0
2,2,idle,258,0.0023330000003625173,0
2,2,idle,259,0.002207999999882304,0
2,2,idle,260,0.0022499999995488906,0
2,2,idle,261,0.0028750000001309672,0
2,2,idle,262,0.0027090000003227033,0
2,2,idle,263,0.0022499999995488906,0
2,2,idle,264,0.0022499999995488906,0
2,2,idle,265,0.0021670000005542533,0
2,2,idle,266,0.003582999999707681,0
2,2,idle,267,0.0021660000002157176,0
2,2,idle,268,0.0022499999995488906,0
2,2,idle,269,0.002334000000701053,0
2,2,idle,270,0.0030829999996058177,0
2,2,idle,271,0.0022499999995488906,0
2,2,idle,272,0.0028330000004643807,0
2,2,idle,273,0.003582999999707681,0
2,2,idle,274,0.0030839999999443535,0
2,2,idle,275,0.0022499999995488906,0
2,2,idle,276,0.0029579999991256045,0
2,2,idle,277,0.002624999999170541,0
2,2,idle,278,0.002332999998543528,0
2,2,idle,279,0.00220900000022084,0
2,2,idle,280,0.002207999999882304,0
2,2,idle,281,0.002207999999882304,0
2,2,idle,282,0.0028750000001309672,0
2,2,idle,283,0.0022920000010344665,0
2,2,idle,284,0.0029590000012831297,0
2,2,idle,285,0.0023330000003625173,0
2,2,idle,286,0.002291000000695931,0
2,2,idle,287,0.0023330000003625173,0
2,2,idle,288,0.0030829999996058177,0
2,2,idle,289,0.0022909999988769414,0
2,2,idle,290,0.0022499999995488906,0
2,2,idle,291,0.0021670000005542533,0
2,2,idle,292,0.002082999999402091,0
2,2,idle,293,0.0028750000001309672,0
2,2,idle,294,0.0021670000005542533,0
2,2,idle,295,0.0021670000005542533,0
2,2,idle,296,0.0037080000001878943,0
2,2,idle,297,0.0022499999995488906,0
2,2,idle,298,0.003500000000713044,0
2,2,idle,299,0.0024169999996956903,0
2,2,idle,300,0.0033750000002328306,0
2,2,idle,301,0.002375000000029104,0
2,2,idle,302,0.0022499999995488906,0
2,2,idle,303,0.0027919999993173406,0
2,2,idle,304,0.0024169999996956903,0
2,2,idle,305,0.0023330000003625173,0
2,2,idle,306,0.0022089999984018505,0
2,2,idle,307,0.002375000000029104,0
2,2,idle,308,0.002540999999837368,0
2,2,idle,309,0.0028750000001309672,0
2,2,idle,310,0.0023339999988820637,0
2,2,idle,311,0.0024169999996956903,0
2,2,idle,312,0.0023330000003625173,0
2,2,idle,313,0.002375000000029104,0
2,2,idle,314,0.00279200000113633,0
2,2,idle,315,0.002125000000887667,0
2,2,idle,316,0.00220900000022084,0
2,2,idle,317,0.0024169999996956903,0
2,2,idle,318,0.002375000000029104,0
2,2,idle,319,0.0028330000004643807,0
2,2,idle,320,0.0024169999996956903,0
2,2,idle,321,0.002291000000695931,0
2,2,idle,322,0.002291000000695931,0
2,2,idle,323,0.002416000001176144,0
2,2,idle,324,0.002915999999459018,0
2,2,idle,325,0.0022499999995488906,0
2,2,idle,326,0.002500000000509317,0
2,2,idle,327,0.0023330000003625173,0
2,2,idle,328,0.0023330000003625173,0
2,2,idle,329,0.0033339999990857905,0
2,2,idle,330,0.0029589999994641403,0
2,2,idle,331,0.002332999998543528,0
2,2,idle,332,0.0022499999995488906,0
2,2,idle,333,0.002375000000029104,0
2,2,idle,334,0.002291999999215477,0
2,2,idle,335,0.003040999999939231,0
2,2,idle,336,0.0022499999995488906,0
2,2,idle,337,0.0023339999988820637,0
2,2,idle,338,0.0022499999995488906,0
2,2,idle,339,0.0023339999988820637,0
2,2,idle,340,0.0028750000001309672,0
2,2,idle,341,0.00220900000022084,0
2,2,idle,342,0.002999999998792191,0
2,2,idle,343,0.002207999999882304,0
2,2,idle,344,0.002334000000701053,0
2,2,idle,345,0.00279200000113633,0
2,2,idle,346,0.0023330000003625173,0
2,2,idle,347,0.00225000000136788,0
2,2,idle,348,0.0022499999995488906,0
2,2,idle,349,0.002458999999362277,0
2,2,idle,350,0.0024169999996956903,0
2,2,idle,351,0.0027919999993173406,0
2,2,idle,352,0.002291999999215477,0
2,2,idle,353,0.002541999998356914,0
2,2,idle,354,0.0023330000003625173,0
2,2,idle,355,0.0022499999995488906,0
2,2,idle,356,0.003250000001571607,0
2,2,idle,357,0.0023330000003625173,0
2,2,idle,358,0.0024169999996956903,0
2,2,idle,359,0.0029579999991256045,0
2,2,idle,360,0.002375000000029104,0
2,2,idle,361,0.003500000000713044,0
2,2,idle,362,0.003500000000713044,0
2,2,idle,363,0.002749999999650754,0
2,2,idle,364,0.002291999999215477,0
2,2,idle,365,0.002291999999215477,0
2,2,idle,366,0.0028750000001309672,0
2,2,idle,367,0.0021660000002157176,0
2,2,idle,368,0.002207999999882304,0
2,2,idle,369,0.0022499999995488906,0
2,2,idle,370,0.00225000000136788,0
2,2,idle,371,0.0021660000002157176,0
2,2,idle,372,0.002791000000797794,0
2,2,idle,373,0.0022499999995488906,0
2,2,idle,374,0.0023330000003625173,0
2,2,idle,375,0.002500000000509317,0
2,2,idle,376,0.0021670000005542533,0
2,2,idle,377,0.0027090000003227033,0
2,2,idle,378,0.0022499999995488906,0
2,2,idle,379,0.0022499999995488906,0
2,2,idle,380,0.0024169999996956903,0
2,2,idle,381,0.0023330000003625173,0
2,2,idle,382,0.002749999999650754,0
2,2,idle,383,0.002375000000029104,0
2,2,idle,384,0.0022499999995488906,0
2,2,idle,385,0.0022499999995488906,0
2,2,idle,386,0.0024159999993571546,0
2,2,idle,387,0.002207999999882304,0
2,2,idle,388,0.002749999999650754,0
2,2,idle,389,0.002166999998735264,0
2,2,idle,390,0.0022499999995488906,0
2,2,idle,391,0.00220900000022084,0
2,2,idle,392,0.0028750000001309672,0
2,2,idle,393,0.0027090000003227033,0
2,2,idle,394,0.0022499999995488906,0
2,2,idle,395,0.0023749999982101144,0
2,2,idle,396,0.00258399999984249,0
2,2,idle,397,0.002166999998735264,0
2,2,idle,398,0.0031249999992724042,0
2,2,idle,399,0.002375000000029104,0
2,2,idle,400,0.0030000000006111804,0
2,2,idle,401,0.00220900000022084,0
2,2,idle,402,0.0022920000010344665,0
2,2,idle,403,0.0027090000003227033,0
2,2,idle,404,0.002291999999215477,0
2,2,idle,405,0.002291999999215477,0
2,2,idle,406,0.00220900000022084,0
2,2,idle,407,0.0023339999988820637,0
2,2,idle,408,0.0021670000005542533,0
2,2,idle,409,0.002749999999650754,0
2,2,idle,410,0.00220900000022084,0
2,2,idle,411,0.002375000000029104,0
2,2,idle,412,0.0027500000014697434,0
2,2,idle,413,0.002375000000029104,0
2,2,idle,414,0.0029589999994641403,0
2,2,idle,415,0.0021249999990686774,0
2,2,idle,416,0.00220900000022084,0
2,2,idle,417,0.002291999999215477,0
2,2,idle,418,0.002291999999215477,0
2,2,idle,419,0.0026670000006561168,0
2,2,idle,420,0.00220900000022084,0
2,2,idle,421,0.002332999998543528,0
2,2,idle,422,0.0021249999990686774,0
2,2,idle,423,0.002166999998735264,0
2,2,idle,424,0.004208000000289758,0
2,2,idle,425,0.002207999999882304,0
2,2,idle,426,0.002375000000029104,0
2,2,idle,427,0.0021670000005542533,0
2,2,idle,428,0.002291999999215477,0
2,2,idle,429,0.002624999999170541,0
2,2,idle,430,0.003291999999419204,0
2,2,idle,431,0.002334000000701053,0
2,2,idle,432,0.002375000000029104,0
2,2,idle,433,0.00220900000022084,0
2,2,idle,434,0.002291999999215477,0
2,2,idle,435,0.0028330000004643807,0
2,2,idle,436,0.002207999999882304,0
2,2,idle,437,0.0021660000002157176,0
2,2,idle,438,0.002500000000509317,0
2,2,idle,439,0.00225000000136788,0
2,2,idle,440,0.002790999998978805,0
2,2,idle,441,0.002749999999650754,0
2,2,idle,442,0.002334000000701053,0
2,2,idle,443,0.0022499999995488906,0
2,2,idle,444,0.0021670000005542533,0
2,2,idle,445,0.0027919999993173406,0
2,2,idle,446,0.002291999999215477,0
2,2,idle,447,0.002332999998543528,0
2,2,idle,448,0.002375000000029104,0
2,2,idle,449,0.0021670000005542533,0
2,2,idle,450,0.002125000000887667,0
2,2,idle,451,0.002749999999650754,0
2,2,idle,452,0.0021670000005542533,0
2,2,idle,453,0.00220900000022084,0
2,2,idle,454,0.0023330000003625173,0
2,2,idle,455,0.0034159999995608814,0
2,2,idle,456,0.0029169999997975538,0
2,2,idle,457,0.0022089999984018505,0
2,2,idle,458,0.0030839999999443535,0
2,2,idle,459,0.0024590000011812663,0
2,2,idle,460,0.0022499999995488906,0
2,2,idle,461,0.0027079999999841675,0
2,2,idle,462,0.002375000000029104,0
2,2,idle,463,0.002540999999837368,0
2,2,idle,464,0.0024169999996956903,0
2,2,idle,465,0.002291999999215477,0
2,2,idle,466,0.0029169999997975538,0
2,2,idle,467,0.0022920000010344665,0
2,2,idle,468,0.0029589999994641403,0
2,2,idle,469,0.002291999999215477,0
2,2,idle,470,0.002207999999882304,0
2,2,idle,471,0.002291000000695931,0
2,2,idle,472,0.0028330000004643807,0
2,2,idle,473,0.0021660000002157176,0
2,2,idle,474,0.002207999999882304,0
2,2,idle,475,0.0021660000002157176,0
2,2,idle,476,0.0022499999995488906,0
2,2,idle,477,0.0027079999999841675,0
2,2,idle,478,0.0023330000003625173,0
2,2,idle,479,0.002207999999882304,0
2,2,idle,480,0.00225000000136788,0
2,2,idle,481,0.0024169999996956903,0
2,2,idle,482,0.0028330000004643807,0
2,2,idle,483,0.0023330000003625173,0
2,2,idle,484,0.00225000000136788,0
2,2,idle,485,0.0021660000002157176,0
2,2,idle,486,0.0027500000014697434,0
2,2,idle,487,0.0033750000002328306,0
2,2,idle,488,0.002915999999459018,0
2,2,idle,489,0.00225000000136788,0
2,2,idle,490,0.0022920000010344665,0
2,2,idle,491,0.002334000000701053,0
2,2,idle,492,0.0022499999995488906,0
2,2,idle,493,0.0030839999999443535,0
2,2,idle,494,0.0022499999995488906,0
2,2,idle,495,0.00220900000022084,0
2,2,idle,496,0.002624999999170541,0
2,2,idle,497,0.0027090000003227033,0
2,2,idle,498,0.0029169999997975538,0
2,2,idle,499,0.0021249999990686774,0
2,2,idle,500,0.00225000000136788,0
2,2,idle,501,0.0022920000010344665,0
2,2,idle,502,0.0022920000010344665,0
2,2,idle,503,0.0029169999997975538,0
2,2,idle,504,0.002500000000509317,0
2,2,idle,505,0.002207999999882304,0
2,2,idle,506,0.002291000000695931,0
2,2,idle,507,0.002540999999837368,0
2,2,idle,508,0.002375000000029104,0
2,2,idle,509,0.0029579999991256045,0
2,2,idle,510,0.0023330000003625173,0
2,2,idle,511,0.002291000000695931,0
2,2,idle,512,0.0023330000003625173,0
2,2,idle,513,0.0022499999995488906,0
2,2,idle,514,0.0027079999999841675,0
2,2,idle,515,0.0023330000003625173,0
2,2,idle,516,0.0032499999997526174,0
2,2,idle,517,0.002416000001176144,0
2,2,idle,518,0.0030000000006111804,0
2,2,idle,519,0.0028330000004643807,0
2,2,idle,520,0.0021660000002157176,0
2,2,idle,521,0.0022499999995488906,0
2,2,idle,522,0.002207999999882304,0
2,2,idle,523,0.0033329999987472547,0
2,2,idle,524,0.0029589999994641403,0
2,2,idle,525,0.003333000000566244,0
2,2,idle,526,0.0022499999995488906,0
2,2,idle,527,0.002291999999215477,0
2,2,idle,528,0.0023330000003625173,0
2,2,idle,529,0.002207999999882304,0
2,2,idle,530,0.0031660000004194444,0
2,2,idle,531,0.0023330000003625173,0
2,2,idle,532,0.002291999999215477,0
2,2,idle,533,0.002540999999837368,0
2,2,idle,534,0.00225000000136788,0
2,2,idle,535,0.002624999999170541,0
2,2,idle,536,0.0021670000005542533,0
2,2,idle,537,0.0023330000003625173,0
2,2,idle,538,0.002207999999882304,0
2,2,idle,539,0.002375000000029104,0
2,2,idle,540,0.002500000000509317,0
2,2,idle,541,0.0023330000003625173,0
2,2,idle,542,0.002291999999215477,0
2,2,idle,543,0.002291999999215477,0
2,2,idle,544,0.0021670000005542533,0
2,2,idle,545,0.002749999999650754,0
2,2,idle,546,0.002166999998735264,0
2,2,idle,547,0.0021670000005542533,0
2,2,idle,548,0.0028750000001309672,0
2,2,idle,549,0.002207999999882304,0
2,2,idle,550,0.0029590000012831297,0
2,2,idle,551,0.0029169999997975538,0
2,2,idle,552,0.002375000000029104,0
2,2,idle,553,0.002207999999882304,0
2,2,idle,554,0.0021660000002157176,0
2,2,idle,555,0.002291000000695931,0
2,2,idle,556,0.0027079999999841675,0
2,2,idle,557,0.00220900000022084,0
2,2,idle,558,0.002125000000887667,0
2,2,idle,559,0.0024170000015146798,0
2,2,idle,560,0.00316700000075798,0
2,2,idle,561,0.002915999999459018,0
2,2,idle,562,0.0024580000008427305,0
2,2,idle,563,0.0026250000009895302,0
2,2,idle,564,0.0028750000001309672,0
2,2,idle,565,0.0023330000003625173,0
2,2,idle,566,0.002749999999650754,0
2,2,idle,567,0.00225000000136788,0
2,2,idle,568,0.0022499999995488906,0
2,2,idle,569,0.00316700000075798,0
2,2,idle,570,0.0022499999995488906,0
2,2,idle,571,0.002375000000029104,0
2,2,idle,572,0.0028750000001309672,0
2,2,idle,573,0.002207999999882304,0
2,2,idle,574,0.0022499999995488906,0
2,2,idle,575,0.0021670000005542533,0
2,2,idle,576,0.0022499999995488906,0
2,2,idle,577,0.00279200000113633,0
2,2,idle,578,0.002125000000887667,0
2,2,idle,579,0.002791000000797794,0
2,2,idle,580,0.0021660000002157176,0
2,2,idle,581,0.0028750000001309672,0
2,2,idle,582,0.0031249999992724042,0
2,2,idle,583,0.00220900000022084,0
2,2,idle,584,0.00225000000136788,0
2,2,idle,585,0.002334000000701053,0
2,2,idle,586,0.0025830000013229437,0
2,2,idle,587,0.002291999999215477,0
2,2,idle,588,0.002749999999650754,0
2,2,idle,589,0.00220900000022084,0
2,2,idle,590,0.002458999999362277,0
2,2,idle,591,0.0024169999996956903,0
2,2,idle,592,0.00225000000136788,0
2,2,idle,593,0.002915999999459018,0
2,2,idle,594,0.002375000000029104,0
2,2,idle,595,0.00220900000022084,0
2,2,idle,596,0.002125000000887667,0
2,2,idle,597,0.0027090000003227033,0
2,2,idle,598,0.0027919999993173406,0
2,2,idle,599,0.002375000000029104,0
2,2,idle,600,0.0021670000005542533,0
2,2,idle,601,0.00225000000136788,0
2,2,idle,602,0.0023330000003625173,0
2,2,idle,603,0.002749999999650754,0
2,2,idle,604,0.0023330000003625173,0
2,2,idle,605,0.0022499999995488906,0
2,2,idle,606,0.002457999999023741,0
2,2,idle,607,0.0022909999988769414,0
2,2,idle,608,0.0022909999988769414,0
2,2,idle,609,0.0032499999997526174,0
2,2,idle,610,0.002749999999650754,0
2,2,idle,611,0.0021670000005542533,0
2,2,idle,612,0.002375000000029104,0
2,2,idle,613,0.0030419999984587776,0
2,2,idle,614,0.002749999999650754,0
2,2,idle,615,0.00225000000136788,0
2,2,idle,616,0.002375000000029104,0
2,2,idle,617,0.0022920000010344665,0
2,2,idle,618,0.002334000000701053,0
2,2,idle,619,0.00279200000113633,0
2,2,idle,620,0.0022499999995488906,0
2,2,idle,621,0.0022909999988769414,0
2,2,idle,622,0.0021249999990686774,0
2,2,idle,623,0.0022499999995488906,0
2,2,idle,624,0.0028750000001309672,0
2,2,idle,625,0.0021660000002157176,0
2,2,idle,626,0.002291999999215477,0
2,2,idle,627,0.0022499999995488906,0
2,2,idle,628,0.002458999999362277,0
2,2,idle,629,0.0022499999995488906,0
2,2,idle,630,0.003459000001384993,0
2,2,idle,631,0.0027090000003227033,0
2,2,idle,632,0.0023330000003625173,0
2,2,idle,633,0.002291000000695931,0
2,2,idle,634,0.0023330000003625173,0
2,2,idle,635,0.0028750000001309672,0
2,2,idle,636,0.002291999999215477,0
2,2,idle,637,0.0022499999995488906,0
2,2,idle,638,0.002375000000029104,0
2,2,idle,639,0.002458999999362277,0
2,2,idle,640,0.002749999999650754,0
2,2,idle,641,0.00225000000136788,0
2,2,idle,642,0.002500000000509317,0
2,2,idle,643,0.002375000000029104,0
2,2,idle,644,0.002958000000944594,0
2,2,idle,645,0.002958000000944594,0
2,2,idle,646,0.002334000000701053,0
2,2,idle,647,0.002334000000701053,0
2,2,idle,648,0.002207999999882304,0
2,2,idle,649,0.002332999998543528,0
2,2,idle,650,0.002207999999882304,0
2,2,idle,651,0.0028330000004643807,0
2,2,idle,652,0.0022920000010344665,0
2,2,idle,653,0.0022920000010344665,0
2,2,idle,654,0.00220900000022084,0
2,2,idle,655,0.002166999998735264,0
2,2,idle,656,0.0037919999995210674,0
2,2,idle,657,0.0022499999995488906,0
2,2,idle,658,0.002334000000701053,0
2,2,idle,659,0.00204200000007404,0
2,2,idle,660,0.002375000000029104,0
2,2,idle,661,0.0028750000001309672,0
2,2,idle,662,0.002207999999882304,0
2,2,idle,663,0.003291999999419204,0
2,2,idle,664,0.00220900000022084,0
2,2,idle,665,0.002375000000029104,0
2,2,idle,666,0.002917000001616543,0
2,2,idle,667,0.002334000000701053,0
2,2,idle,668,0.0022920000010344665,0
2,2,idle,669,0.0024580000008427305,0
2,2,idle,670,0.002291000000695931,0
2,2,idle,671,0.0021660000002157176,0
2,2,idle,672,0.003416000001379871,0
2,2,idle,673,0.002500000000509317,0
2,2,idle,674,0.0022499999995488906,0
2,2,idle,675,0.0022909999988769414,0
2,2,idle,676,0.0029579999991256045,0
2,2,idle,677,0.0028750000001309672,0
2,2,idle,678,0.0023330000003625173,0
2,2,idle,679,0.002207999999882304,0
2,2,idle,680,0.002375000000029104,0
2,2,idle,681,0.0022089999984018505,0
2,2,idle,682,0.0028330000004643807,0
2,2,idle,683,0.0023330000003625173,0
2,2,idle,684,0.002334000000701053,0
2,2,idle,685,0.0024170000015146798,0
2,2,idle,686,0.002375000000029104,0
2,2,idle,687,0.002207999999882304,0
2,2,idle,688,0.0027090000003227033,0
2,2,idle,689,0.002207999999882304,0
2,2,idle,690,0.0028330000004643807,0
2,2,idle,691,0.0024159999993571546,0
2,2,idle,692,0.0022499999995488906,0
2,2,idle,693,0.0032920000012381934,0
2,2,idle,694,0.0023330000003625173,0
2,2,idle,695,0.002375000000029104,0
2,2,idle,696,0.002291999999215477,0
2,2,idle,697,0.002624999999170541,0
2,2,idle,698,0.0031250000010913936,0
2,2,idle,699,0.0024590000011812663,0
2,2,idle,700,0.0024170000015146798,0
2,2,idle,701,0.002207999999882304,0
2,2,idle,702,0.002375000000029104,0
2,2,idle,703,0.0027079999999841675,0
2,2,idle,704,0.002375000000029104,0
2,2,idle,705,0.002291999999215477,0
2,2,idle,706,0.0024169999996956903,0
2,2,idle,707,0.0028750000001309672,0
2,2,idle,708,0.0022920000010344665,0
2,2,idle,709,0.0028340000008029165,0
2,2,idle,710,0.002291999999215477,0
2,2,idle,711,0.0024169999996956903,0
2,2,idle,712,0.0025420000001759036,0
2,2,idle,713,0.0024169999996956903,0
2,2,idle,714,0.0028340000008029165,0
2,2,idle,715,0.0022920000010344665,0
2,2,idle,716,0.002375000000029104,0
2,2,idle,717,0.002332999998543528,0
2,2,idle,718,0.0034159999995608814,0
2,2,idle,719,0.002915999999459018,0
2,2,idle,720,0.0024169999996956903,0
2,2,idle,721,0.0024580000008427305,0
2,2,idle,722,0.0021660000002157176,0
2,2,idle,723,0.002416000001176144,0
2,2,idle,724,0.0028330000004643807,0
2,2,idle,725,0.002375000000029104,0
2,2,idle,726,0.002291999999215477,0
2,2,idle,727,0.002207999999882304,0
2,2,idle,728,0.0023330000003625173,0
2,2,idle,729,0.0024580000008427305,0
2,2,idle,730,0.0032499999997526174,0
2,2,idle,731,0.0023330000003625173,0
2,2,idle,732,0.0024999999986903276,0
2,2,idle,733,0.0022499999995488906,0
2,2,idle,734,0.0029589999994641403,0
2,2,idle,735,0.0028329999986453913,0
2,2,idle,736,0.0022499999995488906,0
2,2,idle,737,0.00225000000136788,0
2,2,idle,738,0.0021670000005542533,0
2,2,idle,739,0.0028330000004643807,0
2,2,idle,740,0.0029579999991256045,0
2,2,idle,741,0.0022080000017012935,0
2,2,idle,742,0.0022920000010344665,0
2,2,idle,743,0.003042000000277767,0
2,2,idle,744,0.002375000000029104,0
2,2,idle,745,0.002749999999650754,0
2,2,idle,746,0.002457999999023741,0
2,2,idle,747,0.00225000000136788,0
2,2,idle,748,0.002375000000029104,0
2,2,idle,749,0.0023339999988820637,0
2,2,idle,750,0.0021249999990686774,0
2,2,idle,751,0.0028750000001309672,0
2,2,idle,752,0.0021670000005542533,0
2,2,idle,753,0.00220900000022084,0
2,2,idle,754,0.0022920000010344665,0
2,2,idle,755,0.0022499999995488906,0
2,2,idle,756,0.0028330000004643807,0
2,2,idle,757,0.0021670000005542533,0
2,2,idle,758,0.0021249999990686774,0
2,2,idle,759,0.0022909999988769414,0
2,2,idle,760,0.002207999999882304,0
2,2,idle,761,0.002749999999650754,0
2,2,idle,762,0.002375000000029104,0
2,2,idle,763,0.0022499999995488906,0
2,2,idle,764,0.002624999999170541,0
2,2,idle,765,0.0026250000009895302,0
2,2,idle,766,0.0029589999994641403,0
2,2,idle,767,0.002291999999215477,0
2,2,idle,768,0.002082999999402091,0
2,2,idle,769,0.002457999999023741,0
2,2,idle,770,0.003042000000277767,0
2,2,idle,771,0.0024169999996956903,0
2,2,idle,772,0.0029579999991256045,0
2,2,idle,773,0.0027919999993173406,0
2,2,idle,774,0.00279200000113633,0
2,2,idle,775,0.0028750000001309672,0
2,2,idle,776,0.0028329999986453913,0
2,2,idle,777,0.0028750000001309672,0
2,2,idle,778,0.002500000000509317,0
2,2,idle,779,0.0022499999995488906,0
2,2,idle,780,0.002291999999215477,0
2,2,idle,781,0.0024169999996956903,0
2,2,idle,782,0.0029590000012831297,0
2,2,idle,783,0.0022499999995488906,0
2,2,idle,784,0.002291999999215477,0
2,2,idle,785,0.002334000000701053,0
2,2,idle,786,0.002207999999882304,0
2,2,idle,787,0.0033329999987472547,0
2,2,idle,788,0.002833999998983927,0
2,2,idle,789,0.0021670000005542533,0
2,2,idle,790,0.0021670000005542533,0
2,2,idle,791,0.00225000000136788,0
2,2,idle,792,0.0022499999995488906,0
2,2,idle,793,0.002749999999650754,0
2,2,idle,794,0.002375000000029104,0
2,2,idle,795,0.0022499999995488906,0
2,2,idle,796,0.0029579999991256045,0
2,2,idle,797,0.0027079999999841675,0
2,2,idle,798,0.0028750000001309672,0
2,2,idle,799,0.0024169999996956903,0
2,2,idle,800,0.002416000001176144,0
2,2,idle,801,0.002457999999023741,0
2,2,idle,802,0.0033329999987472547,0
2,2,idle,803,0.0027090000003227033,0
2,2,idle,804,0.00225000000136788,0
2,2,idle,805,0.0022499999995488906,0
2,2,idle,806,0.002375000000029104,0
2,2,idle,807,0.002334000000701053,0
2,2,idle,808,0.002375000000029104,0
2,2,idle,809,0.0028750000001309672,0
2,2,idle,810,0.002291999999215477,0
2,2,idle,811,0.002291999999215477,0
2,2,idle,812,0.002291999999215477,0
2,2,idle,813,0.002291999999215477,0
2,2,idle,814,0.002749999999650754,0
2,2,idle,815,0.0022499999995488906,0
2,2,idle,816,0.002291000000695931,0
2,2,idle,817,0.0021660000002157176,0
2,2,idle,818,0.0023330000003625173,0
2,2,idle,819,0.0028330000004643807,0
2,2,idle,820,0.00220900000022084,0
2,2,idle,821,0.0022920000010344665,0
2,2,idle,822,0.002334000000701053,0
2,2,idle,823,0.0024169999996956903,0
2,2,idle,824,0.0027919999993173406,0
2,2,idle,825,0.002541999998356914,0
2,2,idle,826,0.0022499999995488906,0
2,2,idle,827,0.0022920000010344665,0
2,2,idle,828,0.002334000000701053,0
2,2,idle,829,0.00279200000113633,0
2,2,idle,830,0.0029169999997975538,0
2,2,idle,831,0.003582999999707681,0
2,2,idle,832,0.0026670000006561168,0
2,2,idle,833,0.0030000000006111804,0
2,2,idle,834,0.002375000000029104,0
2,2,idle,835,0.0027919999993173406,0
2,2,idle,836,0.002457999999023741,0
2,2,idle,837,0.0022499999995488906,0
2,2,idle,838,0.0024999999986903276,0
2,2,idle,839,0.0023330000003625173,0
2,2,idle,840,0.0030000000006111804,0
2,2,idle,841,0.002125000000887667,0
2,2,idle,842,0.002291000000695931,0
2,2,idle,843,0.0022920000010344665,0
2,2,idle,844,0.002082999999402091,0
2,2,idle,845,0.0028330000004643807,0
2,2,idle,846,0.0022499999995488906,0
2,2,idle,847,0.002334000000701053,0
2,2,idle,848,0.00225000000136788,0
2,2,idle,849,0.002457999999023741,0
2,2,idle,850,0.0024999999986903276,0
2,2,idle,851,0.0029160000012780074,0
2,2,idle,852,0.0021660000002157176,0
2,2,idle,853,0.002416000001176144,0
2,2,idle,854,0.0022499999995488906,0
2,2,idle,855,0.0021670000005542533,0
2,2,idle,856,0.0026250000009895302,0
2,2,idle,857,0.0024169999996956903,0
2,2,idle,858,0.0027919999993173406,0
2,2,idle,859,0.0023330000003625173,0
2,2,idle,860,0.003291999999419204,0
2,2,idle,861,0.002749999999650754,0
2,2,idle,862,0.0021660000002157176,0
2,2,idle,863,0.002207999999882304,0
2,2,idle,864,0.0026670000006561168,0
2,2,idle,865,0.0029590000012831297,0
2,2,idle,866,0.0028750000001309672,0
2,2,idle,867,0.002291999999215477,0
2,2,idle,868,0.0022089999984018505,0
2,2,idle,869,0.002207999999882304,0
2,2,idle,870,0.002207999999882304,0
2,2,idle,871,0.00220900000022084,0
2,2,idle,872,0.00279200000113633,0
2,2,idle,873,0.0022920000010344665,0
2,2,idle,874,0.00225000000136788,0
2,2,idle,875,0.003500000000713044,0
2,2,idle,876,0.002207999999882304,0
2,2,idle,877,0.00279200000113633,0
2,2,idle,878,0.0023330000003625173,0
2,2,idle,879,0.0024580000008427305,0
2,2,idle,880,0.002125000000887667,0
2,2,idle,881,0.0022499999995488906,0
2,2,idle,882,0.00258399999984249,0
2,2,idle,883,0.002207999999882304,0
2,2,idle,884,0.0021660000002157176,0
2,2,idle,885,0.002125000000887667,0
2,2,idle,886,0.002375000000029104,0
2,2,idle,887,0.002291999999215477,0
2,2,idle,888,0.002999999998792191,0
2,2,idle,889,0.002207999999882304,0
2,2,idle,890,0.00225000000136788,0
2,2,idle,891,0.002291000000695931,0
2,2,idle,892,0.002291000000695931,0
2,2,idle,893,0.0028330000004643807,0
2,2,idle,894,0.002334000000701053,0
2,2,idle,895,0.00225000000136788,0
2,2,idle,896,0.00279200000113633,0
2,2,idle,897,0.00220900000022084,0
2,2,idle,898,0.003457999999227468,0
2,2,idle,899,0.002749999999650754,0
2,2,idle,900,0.00220900000022084,0
2,2,idle,901,0.00225000000136788,0
2,2,idle,902,0.002457999999023741,0
2,2,idle,903,0.0027919999993173406,0
2,2,idle,904,0.00220900000022084,0
2,2,idle,905,0.0023330000003625173,0
2,2,idle,906,0.002125000000887667,0
2,2,idle,907,0.0024169999996956903,0
2,2,idle,908,0.002125000000887667,0
2,2,idle,909,0.00258399999984249,0
2,2,idle,910,0.0023330000003625173,0
2,2,idle,911,0.002291999999215477,0
2,2,idle,912,0.002375000000029104,0
2,2,idle,913,0.00220900000022084,0
2,2,idle,914,0.003666999999040854,0
2,2,idle,915,0.002291000000695931,0
2,2,idle,916,0.0021660000002157176,0
2,2,idle,917,0.0022499999995488906,0
2,2,idle,918,0.003208000000086031,0
2,2,idle,919,0.002790999998978805,0
2,2,idle,920,0.0028329999986453913,0
2,2,idle,921,0.002207999999882304,0
2,2,idle,922,0.0024169999996956903,0
2,2,idle,923,0.00220900000022084,0
2,2,idle,924,0.0028340000008029165,0
2,2,idle,925,0.00225000000136788,0
2,2,idle,926,0.0020839999997406267,0
2,2,idle,927,0.0023330000003625173,0
2,2,idle,928,0.003208000000086031,0
2,2,idle,929,0.002125000000887667,0
2,2,idle,930,0.002958000000944594,0
2,2,idle,931,0.0025829999995039543,0
2,2,idle,932,0.0024169999996956903,0
2,2,idle,933,0.0024169999996956903,0
2,2,idle,934,0.002207999999882304,0
2,2,idle,935,0.002833999998983927,0
2,2,idle,936,0.002332999998543528,0
2,2,idle,937,0.0022909999988769414,0
2,2,idle,938,0.0022909999988769414,0
2,2,idle,939,0.0023330000003625173,0
2,2,idle,940,0.00279200000113633,0
2,2,idle,941,0.0022499999995488906,0
2,2,idle,942,0.002207999999882304,0
2,2,idle,943,0.00220900000022084,0
2,2,idle,944,0.002624999999170541,0
2,2,idle,945,0.002749999999650754,0
2,2,idle,946,0.002207999999882304,0
2,2,idle,947,0.0022920000010344665,0
2,2,idle,948,0.002375000000029104,0
2,2,idle,949,0.0022499999995488906,0
2,2,idle,950,0.0022499999995488906,0
2,2,idle,951,0.0028750000001309672,0
2,2,idle,952,0.002166999998735264,0
2,2,idle,953,0.0022499999995488906,0
2,2,idle,954,0.0024580000008427305,0
2,2,idle,955,0.002291000000695931,0
2,2,idle,956,0.0027500000014697434,0
2,2,idle,957,0.0026670000006561168,0
2,2,idle,958,0.002375000000029104,0
2,2,idle,959,0.0030000000006111804,0
2,2,idle,960,0.0022920000010344665,0
2,2,idle,961,0.0027079999999841675,0
2,2,idle,962,0.00225000000136788,0
2,2,idle,963,0.002207999999882304,0
2,2,idle,964,0.0021660000002157176,0
2,2,idle,965,0.006750000000465661,0
2,2,idle,966,0.003625000001193257,0
2,2,idle,967,0.0022920000010344665,0
2,2,idle,968,0.002375000000029104,0
2,2,idle,969,0.002791000000797794,0
2,2,idle,970,0.00225000000136788,0
2,2,idle,971,0.002291999999215477,0
2,2,idle,972,0.002749999999650754,0
2,2,idle,973,0.0022909999988769414,0
2,2,idle,974,0.0022499999995488906,0
2,2,idle,975,0.002125000000887667,0
2,2,idle,976,0.00220900000022084,0
2,2,idle,977,0.0026669999988371274,0
2,2,idle,978,0.0023330000003625173,0
2,2,idle,979,0.002125000000887667,0
2,2,idle,980,0.002207999999882304,0
2,2,idle,981,0.0024999999986903276,0
2,2,idle,982,0.0033750000002328306,0
2,2,idle,983,0.0024580000008427305,0
2,2,idle,984,0.0022499999995488906,0
2,2,idle,985,0.002207999999882304,0
2,2,idle,986,0.00225000000136788,0
2,2,idle,987,0.0024159999993571546,0
2,2,idle,988,0.0028750000001309672,0
2,2,idle,989,0.0021670000005542533,0
2,2,idle,990,0.00220900000022084,0
2,2,idle,991,0.0030419999984587776,0
2,2,idle,992,0.0026250000009895302,0
2,2,idle,993,0.0027919999993173406,0
2,2,idle,994,0.0021670000005542533,0
2,2,idle,995,0.0022920000010344665,0
2,2,idle,996,0.0022920000010344665,0
2,2,idle,997,0.0022920000010344665,0
2,2,idle,998,0.0032090000004245667,0
2,2,idle,999,0.0022499999995488906,0
2,2,event,0,0.02066699999886623,2
2,2,event,1,0.003875000000334694,0
2,2,event,2,0.0025829999995039543,0
2,2,event,3,0.0024169999996956903,0
2,2,event,4,0.003208000000086031,0
2,2,event,5,0.0030839999999443535,0
2,2,event,6,0.0022499999995488906,0
2,2,event,7,0.002375000000029104,0
2,2,event,8,0.00220900000022084,0
2,2,event,9,0.003291999999419204,0
2,2,event,10,0.002500000000509317,0
2,2,event,11,0.003500000000713044,0
2,2,event,12,0.002375000000029104,0
2,2,event,13,0.0023330000003625173,0
2,2,event,14,0.0022909999988769414,0
2,2,event,15,0.0024999999986903276,0
2,2,event,16,0.002749999999650754,0
2,2,event,17,0.003416000001379871,0
2,2,event,18,0.002291000000695931,0
2,2,event,19,0.0022499999995488906,0
2,2,event,20,0.002375000000029104,0
2,2,event,21,0.002749999999650754,0
2,2,event,22,0.0022909999988769414,0
2,2,event,23,0.0024169999996956903,0
2,2,event,24,0.002207999999882304,0
2,2,event,25,0.0022499999995488906,0
2,2,event,26,0.002334000000701053,0
2,2,event,27,0.002749999999650754,0
2,2,event,28,0.0022499999995488906,0
2,2,event,29,0.002291999999215477,0
2,2,event,30,0.0024580000008427305,0
2,2,event,31,0.002749999999650754,0
2,2,event,32,0.0031669999989389908,0
2,2,event,33,0.002749999999650754,0
2,2,event,34,0.0024999999986903276,0
2,2,event,35,0.002332999998543528,0
2,2,event,36,0.002291999999215477,0
2,2,event,37,0.0029169999997975538,0
2,2,event,38,0.0023339999988820637,0
2,2,event,39,0.0023339999988820637,0
2,2,event,40,0.002375000000029104,0
2,2,event,41,0.00225000000136788,0
2,2,event,42,0.0028750000001309672,0
2,2,event,43,0.002207999999882304,0
2,2,event,44,0.002291999999215477,0
2,2,event,45,0.002166999998735264,0
2,2,event,46,0.002457999999023741,0
2,2,event,47,0.0021660000002157176,0
2,2,event,48,0.0035410000000410946,0
2,2,event,49,0.002291000000695931,0
2,2,event,50,0.002375000000029104,0
2,2,event,51,0.002291999999215477,0
2,2,event,52,0.00220900000022084,0
2,2,event,53,0.0028750000001309672,0
2,2,event,54,0.0022499999995488906,0
2,2,event,55,0.002207999999882304,0
2,2,event,56,0.0021249999990686774,0
2,2,event,57,0.0030000000006111804,0
2,2,event,58,0.0031249999992724042,0
2,2,event,59,0.002207999999882304,0
2,2,event,60,0.01829099999849859,2
2,2,event,61,0.003457999999227468,0
2,2,event,62,0.0033750000002328306,0
2,2,event,63,0.0023330000003625173,0
2,2,event,64,0.003250000001571607,0
2,2,event,65,0.0029579999991256045,0
2,2,event,66,0.002207999999882304,0
2,2,event,67,0.003042000000277767,0
2,2,event,68,0.0022499999995488906,0
2,2,event,69,0.0022499999995488906,0
2,2,event,70,0.002207999999882304,0
2,2,event,71,0.0023330000003625173,0
2,2,event,72,0.002375000000029104,0
2,2,event,73,0.0027919999993173406,0
2,2,event,74,0.002375000000029104,0
2,2,event,75,0.002207999999882304,0
2,2,event,76,0.002291000000695931,0
2,2,event,77,0.00225000000136788,0
2,2,event,78,0.0027079999999841675,0
2,2,event,79,0.00225000000136788,0
2,2,event,80,0.0033750000002328306,0
2,2,event,81,0.0022499999995488906,0
2,2,event,82,0.002291000000695931,0
2,2,event,83,0.00316700000075798,0
2,2,event,84,0.00220900000022084,0
2,2,event,85,0.002291999999215477,0
2,2,event,86,0.00225000000136788,0
2,2,event,87,0.0029590000012831297,0
2,2,event,88,0.002749999999650754,0
2,2,event,89,0.00220900000022084,0
2,2,event,90,0.002375000000029104,0
2,2,event,91,0.0021670000005542533,0
2,2,event,92,0.0022499999995488906,0
2,2,event,93,0.0022499999995488906,0
2,2,event,94,0.00316700000075798,0
2,2,event,95,0.002749999999650754,0
2,2,event,96,0.0023330000003625173,0
2,2,event,97,0.0028329999986453913,0
2,2,event,98,0.002291999999215477,0
2,2,event,99,0.007292000000234111,0
2,2,event,100,0.002375000000029104,0
2,2,event,101,0.002207999999882304,0
2,2,event,102,0.00225000000136788,0
2,2,event,103,0.002500000000509317,0
2,2,event,104,0.00279200000113633,0
2,2,event,105,0.0022499999995488906,0
2,2,event,106,0.002375000000029104,0
2,2,event,107,0.002207999999882304,0
2,2,event,108,0.0021249999990686774,0
2,2,event,109,0.002915999999459018,0
2,2,event,110,0.00225000000136788,0
2,2,event,111,0.0028750000001309672,0
2,2,event,112,0.00220900000022084,0
2,2,event,113,0.002375000000029104,0
2,2,event,114,0.002291999999215477,0
2,2,event,115,0.0029169999997975538,0
2,2,event,116,0.0022920000010344665,0
2,2,event,117,0.00220900000022084,0
2,2,event,118,0.0024169999996956903,0
2,2,event,119,0.0022920000010344665,0
2,2,event,120,0.018292000000656117,2
2,2,event,121,0.0030839999999443535,0
2,2,event,122,0.002500000000509317,0
2,2,event,123,0.002375000000029104,0
2,2,event,124,0.0032499999997526174,0
2,2,event,125,0.002375000000029104,0
2,2,event,126,0.0022499999995488906,0
2,2,event,127,0.003083000001424807,0
2,2,event,128,0.0022499999995488906,0
2,2,event,129,0.0027919999993173406,0
2,2,event,130,0.0023330000003625173,0
2,2,event,131,0.0029590000012831297,0
2,2,event,132,0.0023330000003625173,0
2,2,event,133,0.003208000000086031,0
2,2,event,134,0.0028329999986453913,0
2,2,event,135,0.00220900000022084,0
2,2,event,136,0.0023330000003625173,0
2,2,event,137,0.0022920000010344665,0
2,2,event,138,0.00225000000136788,0
2,2,event,139,0.0024169999996956903,0
2,2,event,140,0.0029589999994641403,0
2,2,event,141,0.002332999998543528,0
2,2,event,142,0.0022499999995488906,0
2,2,event,143,0.0037080000001878943,0
2,2,event,144,0.0021660000002157176,0
2,2,event,145,0.0026250000009895302,0
2,2,event,146,0.00220900000022084,0
2,2,event,147,0.0022499999995488906,0
2,2,event,148,0.002207999999882304,0
2,2,event,149,0.0025420000001759036,0
2,2,event,150,0.0029169999997975538,0
2,2,event,151,0.0022499999995488906,0
2,2,event,152,0.002458999999362277,0
2,2,event,153,0.0021249999990686774,0
2,2,event,154,0.0022499999995488906,0
2,2,event,155,0.002624999999170541,0
2,2,event,156,0.002375000000029104,0
2,2,event,157,0.0022920000010344665,0
2,2,event,158,0.0022920000010344665,0
2,2,event,159,0.0022920000010344665,0
2,2,event,160,0.0022499999995488906,0
2,2,event,161,0.0026669999988371274,0
2,2,event,162,0.0022499999995488906,0
2,2,event,163,0.0022089999984018505,0
2,2,event,164,0.0028750000001309672,0
2,2,event,165,0.0022499999995488906,0
2,2,event,166,0.0030829999996058177,0
2,2,event,167,0.0022909999988769414,0
2,2,event,168,0.0021660000002157176,0
2,2,event,169,0.0022499999995488906,0
2,2,event,170,0.0022920000010344665,0
2,2,event,171,0.0028750000001309672,0
2,2,event,172,0.002332999998543528,0
2,2,event,173,0.0030829999996058177,0
2,2,event,174,0.0028750000001309672,0
2,2,event,175,0.0028330000004643807,0
2,2,event,176,0.0031249999992724042,0
2,2,event,177,0.0024159999993571546,0
2,2,event,178,0.0023330000003625173,0
2,2,event,179,0.0028329999986453913,0
2,2,event,180,0.017374999999447027,2
2,2,event,181,0.003290999999080668,0
2,2,event,182,0.002666000000317581,0
2,2,event,183,0.002375000000029104,0
2,2,event,184,0.0022499999995488906,0
2,2,event,185,0.002375000000029104,0
2,2,event,186,0.002958000000944594,0
2,2,event,187,0.002291000000695931,0
2,2,event,188,0.0028330000004643807,0
2,2,event,189,0.002334000000701053,0
2,2,event,190,0.0024169999996956903,0
2,2,event,191,0.002749999999650754,0
2,2,event,192,0.00225000000136788,0
2,2,event,193,0.002334000000701053,0
2,2,event,194,0.002334000000701053,0
2,2,event,195,0.002125000000887667,0
2,2,event,196,0.0028750000001309672,0
2,2,event,197,0.002624999999170541,0
2,2,event,198,0.0022499999995488906,0
2,2,event,199,0.002125000000887667,0
2,2,event,200,0.002207999999882304,0
2,2,event,201,0.00316700000075798,0
2,2,event,202,0.0021670000005542533,0
2,2,event,203,0.002334000000701053,0
2,2,event,204,0.002166999998735264,0
2,2,event,205,0.0022499999995488906,0
2,2,event,206,0.0032089999986055773,0
2,2,event,207,0.0026669999988371274,0
2,2,event,208,0.0021670000005542533,0
2,2,event,209,0.0021670000005542533,0
2,2,event,210,0.0022499999995488906,0
2,2,event,211,0.002207999999882304,0
2,2,event,212,0.0027079999999841675,0
2,2,event,213,0.00220900000022084,0
2,2,event,214,0.0022920000010344665,0
2,2,event,215,0.0022920000010344665,0
2,2,event,216,0.0022920000010344665,0
2,2,event,217,0.00279200000113633,0
2,2,event,218,0.0024169999996956903,0
2,2,event,219,0.002207999999882304,0
2,2,event,220,0.00225000000136788,0
2,2,event,221,0.002082999999402091,0
2,2,event,222,0.002624999999170541,0
2,2,event,223,0.002166999998735264,0
2,2,event,224,0.00316700000075798,0
2,2,event,225,0.002207999999882304,0
2,2,event,226,0.0022909999988769414,0
2,2,event,227,0.0021670000005542533,0
2,2,event,228,0.0029169999997975538,0
2,2,event,229,0.0021670000005542533,0
2,2,event,230,0.0022499999995488906,0
2,2,event,231,0.0026669999988371274,0
2,2,event,232,0.002291999999215477,0
2,2,event,233,0.0029589999994641403,0
2,2,event,234,0.00220900000022084,0
2,2,event,235,0.002207999999882304,0
2,2,event,236,0.002207999999882304,0
2,2,event,237,0.002915999999459018,0
2,2,event,238,0.0028750000001309672,0
2,2,event,239,0.002207999999882304,0
2,2,event,240,0.018540999999459018,2
2,2,event,241,0.003290999999080668,0
2,2,event,242,0.003040999999939231,0
2,2,event,243,0.002375000000029104,0
2,2,event,244,0.0028329999986453913,0
2,2,event,245,0.002207999999882304,0
2,2,event,246,0.00225000000136788,0
2,2,event,247,0.003290999999080668,0
2,2,event,248,0.002291999999215477,0
2,2,event,249,0.0022920000010344665,0
2,2,event,250,0.0028330000004643807,0
2,2,event,251,0.002500000000509317,0
2,2,event,252,0.0022080000017012935,0
2,2,event,253,0.00333400000090478,0
2,2,event,254,0.0022499999995488906,0
2,2,event,255,0.0022499999995488906,0
2,2,event,256,0.002375000000029104,0
2,2,event,257,0.00220900000022084,0
2,2,event,258,0.0028330000004643807,0
2,2,event,259,0.0022499999995488906,0
2,2,event,260,0.0022909999988769414,0
2,2,event,261,0.00225000000136788,0
2,2,event,262,0.00225000000136788,0
2,2,event,263,0.0036249999993742676,0
2,2,event,264,0.0026669999988371274,0
2,2,event,265,0.0023339999988820637,0
2,2,event,266,0.0021670000005542533,0
2,2,event,267,0.0023330000003625173,0
2,2,event,268,0.002958000000944594,0
2,2,event,269,0.003333000000566244,0
2,2,event,270,0.0023330000003625173,0
2,2,event,271,0.00225000000136788,0
2,2,event,272,0.002291000000695931,0
2,2,event,273,0.0022499999995488906,0
2,2,event,274,0.0028329999986453913,0
2,2,event,275,0.002375000000029104,0
2,2,event,276,0.0022920000010344665,0
2,2,event,277,0.00220900000022084,0
2,2,event,278,0.0021670000005542533,0
2,2,event,279,0.002833999998983927,0
2,2,event,280,0.002207999999882304,0
2,2,event,281,0.0022499999995488906,0
2,2,event,282,0.002375000000029104,0
2,2,event,283,0.002457999999023741,0
2,2,event,284,0.0029169999997975538,0
2,2,event,285,0.0022920000010344665,0
2,2,event,286,0.002291999999215477,0
2,2,event,287,0.002291999999215477,0
2,2,event,288,0.002375000000029104,0
2,2,event,289,0.002791000000797794,0
2,2,event,290,0.002500000000509317,0
2,2,event,291,0.0022499999995488906,0
2,2,event,292,0.0024169999996956903,0
2,2,event,293,0.0024169999996956903,0
2,2,event,294,0.00220900000022084,0
2,2,event,295,0.0028330000004643807,0
2,2,event,296,0.00225000000136788,0
2,2,event,297,0.002334000000701053,0
2,2,event,298,0.003083000001424807,0
2,2,event,299,0.0022499999995488906,0
2,2,event,300,0.017208999999638763,2
2,2,event,301,0.0030000000006111804,0
2,2,event,302,0.0032910000008996576,0
2,2,event,303,0.0024159999993571546,0
2,2,event,304,0.0029579999991256045,0
2,2,event,305,0.002166999998735264,0
2,2,event,306,0.002291999999215477,0
2,2,event,307,0.0029579999991256045,0
2,2,event,308,0.002291000000695931,0
2,2,event,309,0.0027919999993173406,0
2,2,event,310,0.0025420000001759036,0
2,2,event,311,0.00279200000113633,0
2,2,event,312,0.0022920000010344665,0
2,2,event,313,0.002375000000029104,0
2,2,event,314,0.0026670000006561168,0
2,2,event,315,0.0022920000010344665,0
2,2,event,316,0.00225000000136788,0
2,2,event,317,0.002125000000887667,0
2,2,event,318,0.0023330000003625173,0
2,2,event,319,0.003291999999419204,0
2,2,event,320,0.0029590000012831297,0
2,2,event,321,0.002375000000029104,0
2,2,event,322,0.002125000000887667,0
2,2,event,323,0.002334000000701053,0
2,2,event,324,0.002332999998543528,0
2,2,event,325,0.0028750000001309672,0
2,2,event,326,0.0021670000005542533,0
2,2,event,327,0.0021670000005542533,0
2,2,event,328,0.002291999999215477,0
2,2,event,329,0.002334000000701053,0
2,2,event,330,0.002749999999650754,0
2,2,event,331,0.0025420000001759036,0
2,2,event,332,0.003042000000277767,0
2,2,event,333,0.0022920000010344665,0
2,2,event,334,0.0022909999988769414,0
2,2,event,335,0.002790999998978805,0
2,2,event,336,0.0025420000001759036,0
2,2,event,337,0.0021670000005542533,0
2,2,event,338,0.00225000000136788,0
2,2,event,339,0.002334000000701053,0
2,2,event,340,0.0023330000003625173,0
2,2,event,341,0.003042000000277767,0
2,2,event,342,0.0022499999995488906,0
2,2,event,343,0.0026250000009895302,0
2,2,event,344,0.0023330000003625173,0
2,2,event,345,0.00225000000136788,0
2,2,event,346,0.0036249999993742676,0
2,2,event,347,0.002332999998543528,0
2,2,event,348,0.0022909999988769414,0
2,2,event,349,0.0022920000010344665,0
2,2,event,350,0.002375000000029104,0
2,2,event,351,0.003042000000277767,0
2,2,event,352,0.002166999998735264,0
2,2,event,353,0.00220900000022084,0
2,2,event,354,0.0021670000005542533,0
2,2,event,355,0.0024170000015146798,0
2,2,event,356,0.00279200000113633,0
2,2,event,357,0.0021670000005542533,0
2,2,event,358,0.0026670000006561168,0
2,2,event,359,0.0024170000015146798,0
2,2,event,360,0.016707999999198364,2
2,2,event,361,0.003917000000001281,0
2,2,event,362,0.0024590000011812663,0
2,2,event,363,0.0033750000002328306,0
2,2,event,364,0.003541999998560641,0
2,2,event,365,0.0025420000001759036,0
2,2,event,366,0.0032090000004245667,0
2,2,event,367,0.0024169999996956903,0
2,2,event,368,0.0022920000010344665,0
2,2,event,369,0.0024170000015146798,0
2,2,event,370,0.0036670000008598436,0
2,2,event,371,0.002958000000944594,0
2,2,event,372,0.0024169999996956903,0
2,2,event,373,0.0030839999999443535,0
2,2,event,374,0.002207999999882304,0
2,2,event,375,0.002291000000695931,0
2,2,event,376,0.0029169999997975538,0
2,2,event,377,0.0024169999996956903,0
2,2,event,378,0.00225000000136788,0
2,2,event,379,0.0024580000008427305,0
2,2,event,380,0.0023330000003625173,0
2,2,event,381,0.0028750000001309672,0
2,2,event,382,0.002125000000887667,0
2,2,event,383,0.002375000000029104,0
2,2,event,384,0.002500000000509317,0
2,2,event,385,0.0024169999996956903,0
2,2,event,386,0.0024170000015146798,0
2,2,event,387,0.002749999999650754,0
2,2,event,388,0.0024169999996956903,0
2,2,event,389,0.002375000000029104,0
2,2,event,390,0.00225000000136788,0
2,2,event,391,0.002375000000029104,0
2,2,event,392,0.0028330000004643807,0
2,2,event,393,0.0022499999995488906,0
2,2,event,394,0.00225000000136788,0
2,2,event,395,0.0030000000006111804,0
2,2,event,396,0.002500000000509317,0
2,2,event,397,0.0032910000008996576,0
2,2,event,398,0.0025420000001759036,0
2,2,event,399,0.00220900000022084,0
2,2,event,400,0.0023330000003625173,0
2,2,event,401,0.0024580000008427305,0
2,2,event,402,0.0029169999997975538,0
2,2,event,403,0.002291000000695931,0
2,2,event,404,0.00225000000136788,0
2,2,event,405,0.0021670000005542533,0
2,2,event,406,0.0035830000015266705,0
2,2,event,407,0.0023330000003625173,0
2,2,event,408,0.0028340000008029165,0
2,2,event,409,0.0022920000010344665,0
2,2,event,410,0.00225000000136788,0
2,2,event,411,0.0022909999988769414,0
2,2,event,412,0.0027079999999841675,0
2,2,event,413,0.0028750000001309672,0
2,2,event,414,0.0023330000003625173,0
2,2,event,415,0.002457999999023741,0
2,2,event,416,0.002291000000695931,0
2,2,event,417,0.002291000000695931,0
2,2,event,418,0.002958000000944594,0
2,2,event,419,0.0022499999995488906,0
2,2,event,420,0.015625,2
2,2,event,421,0.0032920000012381934,0
2,2,event,422,0.0030000000006111804,0
2,2,event,423,0.0030829999996058177,0
2,2,event,424,0.0022499999995488906,0
2,2,event,425,0.00225000000136788,0
2,2,event,426,0.004000000000814907,0
2,2,event,427,0.0032499999997526174,0
2,2,event,428,0.00220900000022084,0
2,2,event,429,0.002207999999882304,0
2,2,event,430,0.003165999998600455,0
2,2,event,431,0.0023749999982101144,0
2,2,event,432,0.00220900000022084,0
2,2,event,433,0.002958000000944594,0
2,2,event,434,0.003582999999707681,0
2,2,event,435,0.002334000000701053,0
2,2,event,436,0.0022920000010344665,0
2,2,event,437,0.002458999999362277,0
2,2,event,438,0.0032499999997526174,0
2,2,event,439,0.0022089999984018505,0
2,2,event,440,0.0022499999995488906,0
2,2,event,441,0.00225000000136788,0
2,2,event,442,0.0023330000003625173,0
2,2,event,443,0.0028750000001309672,0
2,2,event,444,0.0023330000003625173,0
2,2,event,445,0.002332999998543528,0
2,2,event,446,0.002291999999215477,0
2,2,event,447,0.00220900000022084,0
2,2,event,448,0.0030000000006111804,0
2,2,event,449,0.0023339999988820637,0
2,2,event,450,0.002375000000029104,0
2,2,event,451,0.002334000000701053,0
2,2,event,452,0.002166999998735264,0
2,2,event,453,0.002291999999215477,0
2,2,event,454,0.0029169999997975538,0
2,2,event,455,0.002334000000701053,0
2,2,event,456,0.002375000000029104,0
2,2,event,457,0.002334000000701053,0
2,2,event,458,0.003042000000277767,0
2,2,event,459,0.0028750000001309672,0
2,2,event,460,0.002207999999882304,0
2,2,event,461,0.0024169999996956903,0
2,2,event,462,0.0022499999995488906,0
2,2,event,463,0.0022909999988769414,0
2,2,event,464,0.003208000000086031,0
2,2,event,465,0.0022499999995488906,0
2,2,event,466,0.0022909999988769414,0
2,2,event,467,0.0022499999995488906,0
2,2,event,468,0.00225000000136788,0
2,2,event,469,0.00279200000113633,0
2,2,event,470,0.0022499999995488906,0
2,2,event,471,0.002207999999882304,0
2,2,event,472,0.00220900000022084,0
2,2,event,473,0.002458999999362277,0
2,2,event,474,0.002375000000029104,0
2,2,event,475,0.00316700000075798,0
2,2,event,476,0.002375000000029104,0
2,2,event,477,0.002375000000029104,0
2,2,event,478,0.0022499999995488906,0
2,2,event,479,0.002291999999215477,0
2,2,event,480,0.015750000000480213,2
2,2,event,481,0.003040999999939231,0
2,2,event,482,0.0022920000010344665,0
2,2,event,483,0.0022499999995488906,0
2,2,event,484,0.0032499999997526174,0
2,2,event,485,0.002125000000887667,0
2,2,event,486,0.00225000000136788,0
2,2,event,487,0.0022499999995488906,0
2,2,event,488,0.0022499999995488906,0
2,2,event,489,0.0037920000013400568,0
2,2,event,490,0.00220900000022084,0
2,2,event,491,0.002207999999882304,0
2,2,event,492,0.0022499999995488906,0
2,2,event,493,0.0024169999996956903,0
2,2,event,494,0.0029579999991256045,0
2,2,event,495,0.0021670000005542533,0
2,2,event,496,0.002749999999650754,0
2,2,event,497,0.003625000001193257,0
2,2,event,498,0.002375000000029104,0
2,2,event,499,0.002541999998356914,0
2,2,event,500,0.0028750000001309672,0
2,2,event,501,0.0023330000003625173,0
2,2,event,502,0.0022499999995488906,0
2,2,event,503,0.002375000000029104,0
2,2,event,504,0.002334000000701053,0
2,2,event,505,0.002999999998792191,0
2,2,event,506,0.002291000000695931,0
2,2,event,507,0.0024170000015146798,0
2,2,event,508,0.002291999999215477,0
2,2,event,509,0.0024159999993571546,0
2,2,event,510,0.0029160000012780074,0
2,2,event,511,0.002375000000029104,0
2,2,event,512,0.0024590000011812663,0
2,2,event,513,0.0022499999995488906,0
2,2,event,514,0.0027919999993173406,0
2,2,event,515,0.0028329999986453913,0
2,2,event,516,0.002458999999362277,0
2,2,event,517,0.002207999999882304,0
2,2,event,518,0.0023330000003625173,0
2,2,event,519,0.002291000000695931,0
2,2,event,520,0.0024580000008427305,0
2,2,event,521,0.003416999999899417,0
2,2,event,522,0.0022499999995488906,0
2,2,event,523,0.002375000000029104,0
2,2,event,524,0.0025420000001759036,0
2,2,event,525,0.00220900000022084,0
2,2,event,526,0.0028750000001309672,0
2,2,event,527,0.002375000000029104,0
2,2,event,528,0.0024170000015146798,0
2,2,event,529,0.002291999999215477,0
2,2,event,530,0.002375000000029104,0
2,2,event,531,0.0031669999989389908,0
2,2,event,532,0.002291999999215477,0
2,2,event,533,0.0023339999988820637,0
2,2,event,534,0.002166999998735264,0
2,2,event,535,0.00220900000022084,0
2,2,event,536,0.0030000000006111804,0
2,2,event,537,0.0021670000005542533,0
2,2,event,538,0.00225000000136788,0
2,2,event,539,0.00220900000022084,0
2,2,event,540,0.01729200000045239,2
2,2,event,541,0.0028750000001309672,0
2,2,event,542,0.0024999999986903276,0
2,2,event,543,0.002207999999882304,0
2,2,event,544,0.0022920000010344665,0
2,2,event,545,0.0030000000006111804,0
2,2,event,546,0.0029169999997975538,0
2,2,event,547,0.0022499999995488906,0
2,2,event,548,0.002207999999882304,0
2,2,event,549,0.00225000000136788,0
2,2,event,550,0.0024159999993571546,0
2,2,event,551,0.0029579999991256045,0
2,2,event,552,0.0034589999995660037,0
2,2,event,553,0.0022920000010344665,0
2,2,event,554,0.0024169999996956903,0
2,2,event,555,0.00220900000022084,0
2,2,event,556,0.0028340000008029165,0
2,2,event,557,0.00279200000113633,0
2,2,event,558,0.002375000000029104,0
2,2,event,559,0.002207999999882304,0
2,2,event,560,0.0024159999993571546,0
2,2,event,561,0.0034580000010464573,0
2,2,event,562,0.0024170000015146798,0
2,2,event,563,0.0022920000010344665,0
2,2,event,564,0.0026670000006561168,0
2,2,event,565,0.0022920000010344665,0
2,2,event,566,0.002334000000701053,0
2,2,event,567,0.0029169999997975538,0
2,2,event,568,0.002457999999023741,0
2,2,event,569,0.002291000000695931,0
2,2,event,570,0.002375000000029104,0
2,2,event,571,0.0022499999995488906,0
2,2,event,572,0.0043750000004365575,0
2,2,event,573,0.002207999999882304,0
2,2,event,574,0.0024169999996956903,0
2,2,event,575,0.0022920000010344665,0
2,2,event,576,0.002375000000029104,0
2,2,event,577,0.0028750000001309672,0
2,2,event,578,0.0024169999996956903,0
2,2,event,579,0.002375000000029104,0
2,2,event,580,0.0023330000003625173,0
2,2,event,581,0.002334000000701053,0
2,2,event,582,0.0027090000003227033,0
2,2,event,583,0.002458999999362277,0
2,2,event,584,0.0030000000006111804,0
2,2,event,585,0.008667000000059488,0
2,2,event,586,0.00258399999984249,0
2,2,event,587,0.002291999999215477,0
2,2,event,588,0.002999999998792191,0
2,2,event,589,0.0025420000001759036,0
2,2,event,590,0.00220900000022084,0
2,2,event,591,0.002207999999882304,0
2,2,event,592,0.0021660000002157176,0
2,2,event,593,0.00279200000113633,0
2,2,event,594,0.002334000000701053,0
2,2,event,595,0.002334000000701053,0
2,2,event,596,0.0024169999996956903,0
2,2,event,597,0.002207999999882304,0
2,2,event,598,0.004249999999956344,0
2,2,event,599,0.002291999999215477,0
2,2,event,600,0.0165419999993901,2
2,2,event,601,0.0043329999989509815,0
2,2,event,602,0.0030829999996058177,0
2,2,event,603,0.002375000000029104,0
2,2,event,604,0.002375000000029104,0
2,2,event,605,0.00225000000136788,0
2,2,event,606,0.0023330000003625173,0
2,2,event,607,0.003042000000277767,0
2,2,event,608,0.002291000000695931,0
2,2,event,609,0.0023330000003625173,0
2,2,event,610,0.00225000000136788,0
2,2,event,611,0.002375000000029104,0
2,2,event,612,0.0022089999984018505,0
2,2,event,613,0.0027919999993173406,0
2,2,event,614,0.002291999999215477,0
2,2,event,615,0.0032499999997526174,0
2,2,event,616,0.0023330000003625173,0
2,2,event,617,0.002624999999170541,0
2,2,event,618,0.00279200000113633,0
2,2,event,619,0.002958000000944594,0
2,2,event,620,0.002375000000029104,0
2,2,event,621,0.00220900000022084,0
2,2,event,622,0.0023330000003625173,0
2,2,event,623,0.0031669999989389908,0
2,2,event,624,0.0028750000001309672,0
2,2,event,625,0.00225000000136788,0
2,2,event,626,0.002291999999215477,0
2,2,event,627,0.002375000000029104,0
2,2,event,628,0.0029579999991256045,0
2,2,event,629,0.002291999999215477,0
2,2,event,630,0.0029169999997975538,0
2,2,event,631,0.002166999998735264,0
2,2,event,632,0.002334000000701053,0
2,2,event,633,0.0023330000003625173,0
2,2,event,634,0.002958000000944594,0
2,2,event,635,0.0022499999995488906,0
2,2,event,636,0.003416999999899417,0
2,2,event,637,0.002207999999882304,0
2,2,event,638,0.0022499999995488906,0
2,2,event,639,0.0028340000008029165,0
2,2,event,640,0.0021670000005542533,0
2,2,event,641,0.002166999998735264,0
2,2,event,642,0.002207999999882304,0
2,2,event,643,0.002207999999882304,0
2,2,event,644,0.0028340000008029165,0
2,2,event,645,0.002375000000029104,0
2,2,event,646,0.0023339999988820637,0
2,2,event,647,0.0028750000001309672,0
2,2,event,648,0.0022499999995488906,0
2,2,event,649,0.0022499999995488906,0
2,2,event,650,0.0029589999994641403,0
2,2,event,651,0.0022920000010344665,0
2,2,event,652,0.0022920000010344665,0
2,2,event,653,0.002500000000509317,0
2,2,event,654,0.003042000000277767,0
2,2,event,655,0.002917000001616543,0
2,2,event,656,0.0022499999995488906,0
2,2,event,657,0.0022909999988769414,0
2,2,event,658,0.0022499999995488906,0
2,2,event,659,0.0021670000005542533,0
2,2,event,660,0.015625,2
2,2,event,661,0.0029589999994641403,0
2,2,event,662,0.0024169999996956903,0
2,2,event,663,0.002999999998792191,0
2,2,event,664,0.0032090000004245667,0
2,2,event,665,0.002375000000029104,0
2,2,event,666,0.0022499999995488906,0
2,2,event,667,0.002207999999882304,0
2,2,event,668,0.0022499999995488906,0
2,2,event,669,0.0029169999997975538,0
2,2,event,670,0.002291999999215477,0
2,2,event,671,0.002291999999215477,0
2,2,event,672,0.002500000000509317,0
2,2,event,673,0.002999999998792191,0
2,2,event,674,0.003208000000086031,0
2,2,event,675,0.002375000000029104,0
2,2,event,676,0.002207999999882304,0
2,2,event,677,0.0029579999991256045,0
2,2,event,678,0.003957999999329331,0
2,2,event,679,0.0024169999996956903,0
2,2,event,680,0.003500000000713044,0
2,2,event,681,0.0029589999994641403,0
2,2,event,682,0.002500000000509317,0
2,2,event,683,0.0022920000010344665,0
2,2,event,684,0.0022909999988769414,0
2,2,event,685,0.0028329999986453913,0
2,2,event,686,0.0024159999993571546,0
2,2,event,687,0.0028330000004643807,0
2,2,event,688,0.00220900000022084,0
2,2,event,689,0.002207999999882304,0
2,2,event,690,0.002999999998792191,0
2,2,event,691,0.002291999999215477,0
2,2,event,692,0.002457999999023741,0
2,2,event,693,0.0022909999988769414,0
2,2,event,694,0.002375000000029104,0
2,2,event,695,0.0032499999997526174,0
2,2,event,696,0.002416000001176144,0
2,2,event,697,0.002791000000797794,0
2,2,event,698,0.0022499999995488906,0
2,2,event,699,0.002291999999215477,0
2,2,event,700,0.0033339999990857905,0
2,2,event,701,0.0029169999997975538,0
2,2,event,702,0.002334000000701053,0
2,2,event,703,0.0023330000003625173,0
2,2,event,704,0.0024159999993571546,0
2,2,event,705,0.002207999999882304,0
2,2,event,706,0.0027919999993173406,0
2,2,event,707,0.002291999999215477,0
2,2,event,708,0.0023330000003625173,0
2,2,event,709,0.0021670000005542533,0
2,2,event,710,0.0027919999993173406,0
2,2,event,711,0.002790999998978805,0
2,2,event,712,0.0022909999988769414,0
2,2,event,713,0.0023330000003625173,0
2,2,event,714,0.002332999998543528,0
2,2,event,715,0.002458999999362277,0
2,2,event,716,0.002291999999215477,0
2,2,event,717,0.002749999999650754,0
2,2,event,718,0.0023339999988820637,0
2,2,event,719,0.002457999999023741,0
2,2,event,720,0.015500000001338776,2
2,2,event,721,0.0030839999999443535,0
2,2,event,722,0.002375000000029104,0
2,2,event,723,0.002334000000701053,0
2,2,event,724,0.0023749999982101144,0
2,2,event,725,0.0024169999996956903,0
2,2,event,726,0.0030000000006111804,0
2,2,event,727,0.0022499999995488906,0
2,2,event,728,0.0024590000011812663,0
2,2,event,729,0.00225000000136788,0
2,2,event,730,0.0027919999993173406,0
2,2,event,731,0.003958999999667867,0
2,2,event,732,0.0024169999996956903,0
2,2,event,733,0.002375000000029104,0
2,2,event,734,0.0022080000017012935,0
2,2,event,735,0.0027079999999841675,0
2,2,event,736,0.0027500000014697434,0
2,2,event,737,0.0022499999995488906,0
2,2,event,738,0.0022499999995488906,0
2,2,event,739,0.0021660000002157176,0
2,2,event,740,0.0022909999988769414,0
2,2,event,741,0.004167000000961707,0
2,2,event,742,0.002958000000944594,0
2,2,event,743,0.002375000000029104,0
2,2,event,744,0.002166999998735264,0
2,2,event,745,0.0022499999995488906,0
2,2,event,746,0.002416000001176144,0
2,2,event,747,0.002915999999459018,0
2,2,event,748,0.002332999998543528,0
2,2,event,749,0.002291999999215477,0
2,2,event,750,0.0024169999996956903,0
2,2,event,751,0.0026670000006561168,0
2,2,event,752,0.00279200000113633,0
2,2,event,753,0.002375000000029104,0
2,2,event,754,0.0022499999995488906,0
2,2,event,755,0.002207999999882304,0
2,2,event,756,0.0024159999993571546,0
2,2,event,757,0.002999999998792191,0
2,2,event,758,0.002457999999023741,0
2,2,event,759,0.00225000000136788,0
2,2,event,760,0.0022920000010344665,0
2,2,event,761,0.0022920000010344665,0
2,2,event,762,0.0022920000010344665,0
2,2,event,763,0.0031250000010913936,0
2,2,event,764,0.002500000000509317,0
2,2,event,765,0.0026670000006561168,0
2,2,event,766,0.0035830000015266705,0
2,2,event,767,0.002375000000029104,0
2,2,event,768,0.0028750000001309672,0
2,2,event,769,0.0022499999995488906,0
2,2,event,770,0.0024170000015146798,0
2,2,event,771,0.00258399999984249,0
2,2,event,772,0.002291999999215477,0
2,2,event,773,0.0033749999984138412,0
2,2,event,774,0.0029169999997975538,0
2,2,event,775,0.002375000000029104,0
2,2,event,776,0.0023330000003625173,0
2,2,event,777,0.002334000000701053,0
2,2,event,778,0.002874999998311978,0
2,2,event,779,0.002291999999215477,0
2,2,event,780,0.01483399999960966,2
2,2,event,781,0.0030829999996058177,0
2,2,event,782,0.0031250000010913936,0
2,2,event,783,0.002375000000029104,0
2,2,event,784,0.0021670000005542533,0
2,2,event,785,0.002375000000029104,0
2,2,event,786,0.0024159999993571546,0
2,2,event,787,0.002958000000944594,0
2,2,event,788,0.0028330000004643807,0
2,2,event,789,0.002291000000695931,0
2,2,event,790,0.0025420000001759036,0
2,2,event,791,0.002207999999882304,0
2,2,event,792,0.0022909999988769414,0
2,2,event,793,0.0028750000001309672,0
2,2,event,794,0.0022499999995488906,0
2,2,event,795,0.003500000000713044,0
2,2,event,796,0.002457999999023741,0
2,2,event,797,0.0028750000001309672,0
2,2,event,798,0.0030000000006111804,0
2,2,event,799,0.0022499999995488906,0
2,2,event,800,0.0024159999993571546,0
2,2,event,801,0.0022499999995488906,0
2,2,event,802,0.0021249999990686774,0
2,2,event,803,0.0036249999993742676,0
2,2,event,804,0.003291999999419204,0
2,2,event,805,0.0023330000003625173,0
2,2,event,806,0.002666000000317581,0
2,2,event,807,0.00225000000136788,0
2,2,event,808,0.002500000000509317,0
2,2,event,809,0.0029590000012831297,0
2,2,event,810,0.0023330000003625173,0
2,2,event,811,0.0023330000003625173,0
2,2,event,812,0.0023339999988820637,0
2,2,event,813,0.0022499999995488906,0
2,2,event,814,0.003416000001379871,0
2,2,event,815,0.0022499999995488906,0
2,2,event,816,0.002375000000029104,0
2,2,event,817,0.0022920000010344665,0
2,2,event,818,0.002540999999837368,0
2,2,event,819,0.0028330000004643807,0
2,2,event,820,0.002291999999215477,0
2,2,event,821,0.002833999998983927,0
2,2,event,822,0.0023330000003625173,0
2,2,event,823,0.002291000000695931,0
2,2,event,824,0.002749999999650754,0
2,2,event,825,0.002291999999215477,0
2,2,event,826,0.0022499999995488906,0
2,2,event,827,0.002334000000701053,0
2,2,event,828,0.0022499999995488906,0
2,2,event,829,0.0022499999995488906,0
2,2,event,830,0.0033750000002328306,0
2,2,event,831,0.0022920000010344665,0
2,2,event,832,0.002500000000509317,0
2,2,event,833,0.002416000001176144,0
2,2,event,834,0.0021249999990686774,0
2,2,event,835,0.002624999999170541,0
2,2,event,836,0.003042000000277767,0
2,2,event,837,0.00225000000136788,0
2,2,event,838,0.0021660000002157176,0
2,2,event,839,0.002375000000029104,0
2,2,event,840,0.015750000000480213,2
2,2,event,841,0.0028340000008029165,0
2,2,event,842,0.002375000000029104,0
2,2,event,843,0.002375000000029104,0
2,2,event,844,0.0031249999992724042,0
2,2,event,845,0.00220900000022084,0
2,2,event,846,0.0022920000010344665,0
2,2,event,847,0.002207999999882304,0
2,2,event,848,0.0022909999988769414,0
2,2,event,849,0.003416999999899417,0
2,2,event,850,0.0023330000003625173,0
2,2,event,851,0.002416000001176144,0
2,2,event,852,0.002291000000695931,0
2,2,event,853,0.002207999999882304,0
2,2,event,854,0.0029160000012780074,0
2,2,event,855,0.002207999999882304,0
2,2,event,856,0.0021249999990686774,0
2,2,event,857,0.0023330000003625173,0
2,2,event,858,0.00220900000022084,0
2,2,event,859,0.0022920000010344665,0
2,2,event,860,0.0027079999999841675,0
2,2,event,861,0.0034580000010464573,0
2,2,event,862,0.0022499999995488906,0
2,2,event,863,0.0025829999995039543,0
2,2,event,864,0.0022499999995488906,0
2,2,event,865,0.003749999999854481,0
2,2,event,866,0.002332999998543528,0
2,2,event,867,0.0034999999988940544,0
2,2,event,868,0.002375000000029104,0
2,2,event,869,0.0024159999993571546,0
2,2,event,870,0.002790999998978805,0
2,2,event,871,0.002207999999882304,0
2,2,event,872,0.00220900000022084,0
2,2,event,873,0.002207999999882304,0
2,2,event,874,0.002207999999882304,0
2,2,event,875,0.00220900000022084,0
2,2,event,876,0.00279200000113633,0
2,2,event,877,0.002207999999882304,0
2,2,event,878,0.0027079999999841675,0
2,2,event,879,0.00220900000022084,0
2,2,event,880,0.0022499999995488906,0
2,2,event,881,0.00279200000113633,0
2,2,event,882,0.002207999999882304,0
2,2,event,883,0.0022499999995488906,0
2,2,event,884,0.002375000000029104,0
2,2,event,885,0.002375000000029104,0
2,2,event,886,0.002917000001616543,0
2,2,event,887,0.0022920000010344665,0
2,2,event,888,0.0024169999996956903,0
2,2,event,889,0.00225000000136788,0
2,2,event,890,0.0022920000010344665,0
2,2,event,891,0.0030000000006111804,0
2,2,event,892,0.002291000000695931,0
2,2,event,893,0.002207999999882304,0
2,2,event,894,0.0022499999995488906,0
2,2,event,895,0.002458999999362277,0
2,2,event,896,0.0022920000010344665,0
2,2,event,897,0.00429200000144192,0
2,2,event,898,0.0021670000005542533,0
2,2,event,899,0.003208000000086031,0
2,2,event,900,0.015916999998808024,2
2,2,event,901,0.0029579999991256045,0
2,2,event,902,0.0023330000003625173,0
2,2,event,903,0.002207999999882304,0
2,2,event,904,0.0022499999995488906,0
2,2,event,905,0.0022909999988769414,0
2,2,event,906,0.0028330000004643807,0
2,2,event,907,0.002334000000701053,0
2,2,event,908,0.0022920000010344665,0
2,2,event,909,0.0022920000010344665,0
2,2,event,910,0.002540999999837368,0
2,2,event,911,0.0028330000004643807,0
2,2,event,912,0.002291000000695931,0
2,2,event,913,0.002207999999882304,0
2,2,event,914,0.002291999999215477,0
2,2,event,915,0.00220900000022084,0
2,2,event,916,0.0034589999995660037,0
2,2,event,917,0.002375000000029104,0
2,2,event,918,0.0022920000010344665,0
2,2,event,919,0.00220900000022084,0
2,2,event,920,0.0025840000016614795,0
2,2,event,921,0.0022920000010344665,0
2,2,event,922,0.0027919999993173406,0
2,2,event,923,0.0021670000005542533,0
2,2,event,924,0.00220900000022084,0
2,2,event,925,0.0022920000010344665,0
2,2,event,926,0.0030839999999443535,0
2,2,event,927,0.0027919999993173406,0
2,2,event,928,0.0033750000002328306,0
2,2,event,929,0.00258399999984249,0
2,2,event,930,0.003666999999040854,0
2,2,event,931,0.0022499999995488906,0
2,2,event,932,0.003416999999899417,0
2,2,event,933,0.00225000000136788,0
2,2,event,934,0.0024159999993571546,0
2,2,event,935,0.002207999999882304,0
2,2,event,936,0.002375000000029104,0
2,2,event,937,0.002790999998978805,0
2,2,event,938,0.0026250000009895302,0
2,2,event,939,0.002334000000701053,0
2,2,event,940,0.002332999998543528,0
2,2,event,941,0.002666000000317581,0
2,2,event,942,0.002500000000509317,0
2,2,event,943,0.0028750000001309672,0
2,2,event,944,0.0023330000003625173,0
2,2,event,945,0.0023339999988820637,0
2,2,event,946,0.002291999999215477,0
2,2,event,947,0.0022499999995488906,0
2,2,event,948,0.002749999999650754,0
2,2,event,949,0.002125000000887667,0
2,2,event,950,0.002375000000029104,0
2,2,event,951,0.0023330000003625173,0
2,2,event,952,0.0021249999990686774,0
2,2,event,953,0.0027079999999841675,0
2,2,event,954,0.002125000000887667,0
2,2,event,955,0.002125000000887667,0
2,2,event,956,0.002207999999882304,0
2,2,event,957,0.0022499999995488906,0
2,2,event,958,0.002749999999650754,0
2,2,event,959,0.002207999999882304,0
2,2,event,960,0.014999999999417923,2
2,2,event,961,0.003416999999899417,0
2,2,event,962,0.004124999999476131,0
2,2,event,963,0.0027500000014697434,0
2,2,event,964,0.002291999999215477,0
2,2,event,965,0.0022499999995488906,0
2,2,event,966,0.0022080000017012935,0
2,2,event,967,0.002375000000029104,0
2,2,event,968,0.0028750000001309672,0
2,2,event,969,0.0022499999995488906,0
2,2,event,970,0.002375000000029104,0
2,2,event,971,0.002375000000029104,0
2,2,event,972,0.00220900000022084,0
2,2,event,973,0.0026670000006561168,0
2,2,event,974,0.002207999999882304,0
2,2,event,975,0.002416000001176144,0
2,2,event,976,0.0023330000003625173,0
2,2,event,977,0.002291999999215477,0
2,2,event,978,0.002708999998503714,0
2,2,event,979,0.0022499999995488906,0
2,2,event,980,0.0023339999988820637,0
2,2,event,981,0.002207999999882304,0
2,2,event,982,0.002207999999882304,0
2,2,event,983,0.0032499999997526174,0
2,2,event,984,0.002125000000887667,0
2,2,event,985,0.00225000000136788,0
2,2,event,986,0.002207999999882304,0
2,2,event,987,0.0023339999988820637,0
2,2,event,988,0.0032499999997526174,0
2,2,event,989,0.0027079999999841675,0
2,2,event,990,0.0025420000001759036,0
2,2,event,991,0.0022499999995488906,0
2,2,event,992,0.0022909999988769414,0
2,2,event,993,0.0028329999986453913,0
2,2,event,994,0.0025420000001759036,0
2,2,event,995,0.0022920000010344665,0
2,2,event,996,0.002291000000695931,0
2,2,event,997,0.002915999999459018,0
2,2,event,998,0.0021249999990686774,0
2,2,event,999,0.0025829999995039543,0
2,2,burst,0,0.13375000000087311,14
2,2,burst,1,0.14749999999912689,14
2,2,burst,2,0.13408399999934772,14
2,2,burst,3,0.13249999999970896,14
2,2,burst,4,0.13070800000059535,14
2,2,burst,5,0.1370839999999589,14
2,2,burst,6,0.14529199999924458,14
2,2,burst,7,0.13574999999946158,14
2,2,burst,8,0.14091600000028848,14
2,2,burst,9,0.13908300000002782,14
2,2,burst,10,0.136000000000422,14
2,2,burst,11,0.13774999999986903,14
2,2,burst,12,147.3705829999999,14
2,2,burst,13,0.2273750000003929,14
2,2,burst,14,0.16116599999986647,14
2,2,burst,15,0.1404579999998532,14
2,2,burst,16,0.14420900000004622,14
2,2,burst,17,0.06391699999949196,14
2,2,burst,18,0.055624999999054126,14
2,2,burst,19,0.05383400000027905,14
2,2,burst,20,0.05575000000135333,14
2,2,burst,21,0.05324999999902502,14
2,2,burst,22,0.06420799999978044,14
2,2,burst,23,0.054333000000042375,14
2,2,burst,24,0.06254099999932805,14
2,2,burst,25,0.053374999999505235,14
2,2,burst,26,0.05558299999938754,14
2,2,burst,27,0.053790999998454936,14
2,2,burst,28,0.053207999999358435,14
2,2,burst,29,0.05308300000069721,14
2,2,burst,30,0.051833999999871594,14
2,2,burst,31,0.052042000001165434,14
2,2,burst,32,0.05383299999994051,14
2,2,burst,33,0.08849999999983993,14
2,2,burst,34,0.13845799999944575,14
2,2,burst,35,0.1336250000003929,14
2,2,burst,36,0.14008300000023155,14
2,2,burst,37,0.13541699999950652,14
2,2,burst,38,0.13191700000061246,14
2,2,burst,39,0.13283299999966403,14
2,2,burst,40,0.13329200000043784,14
2,2,burst,41,0.1397500000002765,14
2,2,burst,42,0.1334580000002461,14
2,2,burst,43,0.13658399999985704,14
2,2,burst,44,0.1358749999999418,14
2,2,burst,45,0.1322920000002341,14
2,2,burst,46,0.13095900000007532,14
2,2,burst,47,0.13462500000059663,14
2,2,burst,48,0.13883400000122492,14
2,2,burst,49,0.1327500000006694,14
2,2,burst,50,0.13700000000062573,14
2,2,burst,51,0.13400000000001455,14
2,2,burst,52,0.13474999999925785,14
2,2,burst,53,0.13979099999960454,14
2,2,burst,54,0.13262500000018917,14
2,2,burst,55,0.13337499999943248,14
2,2,burst,56,0.1317090000011376,14
2,2,burst,57,0.13249999999970896,14
2,2,burst,58,0.1339590000006865,14
2,2,burst,59,0.14441699999952107,14
2,2,burst,60,0.13708299999962037,14
2,2,burst,61,0.13649999999870488,14
2,2,burst,62,0.1336670000000595,14
2,2,burst,63,0.14141700000072888,14
2,2,burst,64,0.13612499999908323,14
2,2,burst,65,0.1362089999984164,14
2,2,burst,66,0.13220800000090094,14
2,2,burst,67,0.06333300000005693,14
2,2,burst,68,0.05341699999917182,14
2,2,burst,69,0.0520410000008269,14
2,2,burst,70,0.051459000000249944,14
2,2,burst,71,0.05362499999864667,14
2,2,burst,72,0.050917000000481494,14
2,2,burst,73,0.05666600000040489,14
2,2,burst,74,0.05162500000005821,14
2,2,burst,75,0.05645799999911105,14
2,2,burst,76,0.054500000000189175,14
2,2,burst,77,0.1123330000009446,14
2,2,burst,78,0.13058300000011513,14
2,2,burst,79,0.13620799999989686,14
2,2,burst,80,0.13254199999937555,14
2,2,burst,81,0.13220899999942048,14
2,2,burst,82,0.13354199999957928,14
2,2,burst,83,0.13916700000117999,14
2,2,burst,84,0.14362500000061118,14
2,2,burst,85,0.13524999999935972,14
2,2,burst,86,0.13245800000004238,14
2,2,burst,87,0.10691700000097626,14
2,2,burst,88,0.05158299999857263,14
2,2,burst,89,0.05195800000001327,14
2,2,burst,90,0.05212500000016007,14
2,2,burst,91,0.05579099999886239,14
2,2,burst,92,0.05491699999947741,14
2,2,burst,93,0.053040999999211635,14
2,2,burst,94,0.051666999999724794,14
2,2,burst,95,0.05308399999921676,14
2,2,burst,96,0.051875000001018634,14
2,2,burst,97,0.05079200000000128,14
2,2,burst,98,0.2739590000001044,14
2,2,burst,99,0.8277089999992313,14
2,2,burst,100,82.38545900000099,14
2,2,burst,101,44.44366599999921,14
2,2,burst,102,62.558915999999954,14
2,2,burst,103,33.07512499999939,14
2,2,burst,104,18.993916999999783,14
2,2,burst,105,0.10566600000129256,14
2,2,burst,106,0.06445799999892188,14
2,2,burst,107,0.0619170000009035,14
2,2,burst,108,0.06358299999919836,14
2,2,burst,109,0.05595799999900919,14
2,2,burst,110,0.05783300000075542,14
2,2,burst,111,0.05479200000081619,14
2,2,burst,112,0.053541999999652035,14
2,2,burst,113,0.052999999999883585,14
2,2,burst,114,0.05395899999894027,14
2,2,burst,115,0.055209000000104425,14
2,2,burst,116,0.06062500000007276,14
2,2,burst,117,0.052999999999883585,14
2,2,burst,118,0.07595799999944575,14
2,2,burst,119,0.13945799999964947,14
2,2,burst,120,0.21362500000032014,14
2,2,burst,121,1.8343329999988782,14
2,2,burst,122,0.9828340000003664,14
2,2,burst,123,0.9572079999998095,14
2,2,burst,124,0.18320800000037707,14
2,2,burst,125,10.776292000000467,14
2,2,burst,126,18.074542000000292,14
2,2,burst,127,0.12466700000004494,14
2,2,burst,128,7.507000000001426,14
2,2,burst,129,0.2668340000000171,14
2,2,burst,130,0.47445800000059535,14
2,2,burst,131,0.3259589999997843,14
2,2,burst,132,0.2545410000002448,14
2,2,burst,133,0.16191599999910977,14
2,2,burst,134,0.16512500000135333,14
2,2,burst,135,0.2734999999993306,14
2,2,burst,136,0.18433399999958056,14
2,2,burst,137,0.4148330000007263,14
2,2,burst,138,0.17891600000075414,14
2,2,burst,139,0.1954169999989972,14
2,2,burst,140,2.194375000000946,14
2,2,burst,141,0.1727499999997235,14
2,2,burst,142,0.16020799999932933,14
2,2,burst,143,0.24783399999978428,14
2,2,burst,144,0.14462499999899592,14
2,2,burst,145,0.15999999999985448,14
2,2,burst,146,0.0773750000007567,14
2,2,burst,147,0.06962500000008731,14
2,2,burst,148,0.06541699999979755,14
2,2,burst,149,0.11662500000056752,14
2,2,burst,150,0.0648750000000291,14
2,2,burst,151,0.06566700000075798,14
2,2,burst,152,0.06158299999879091,14
2,2,burst,153,0.062290999998367624,14
2,2,burst,154,0.06099999999969441,14
2,2,burst,155,0.05795799999941664,14
2,2,burst,156,0.0520410000008269,14
2,2,burst,157,0.06750000000101863,14
2,2,burst,158,0.06241699999918637,14
2,2,burst,159,0.05891700000029232,14
2,2,burst,160,0.05479200000081619,14
2,2,burst,161,0.06099999999969441,14
2,2,burst,162,0.06124999999883585,14
2,2,burst,163,0.06329100000039034,14
2,2,burst,164,0.06079200000021956,14
2,2,burst,165,0.0562499999996362,14
2,2,burst,166,0.058250000000043656,14
2,2,burst,167,0.06304099999942991,14
2,2,burst,168,0.05891699999847333,14
2,2,burst,169,0.05474999999933061,14
2,2,burst,170,0.09037500000158616,14
2,2,burst,171,0.1534590000010212,14
2,2,burst,172,0.14362500000061118,14
2,2,burst,173,0.13504199999988487,14
2,2,burst,174,0.1404579999998532,14
2,2,burst,175,0.1532500000012078,14
2,2,burst,176,0.15708300000005693,14
2,2,burst,177,0.14199999999982538,14
2,2,burst,178,0.14858400000048277,14
2,2,burst,179,0.14804200000071432,14
2,2,burst,180,0.14712500000132422,14
2,2,burst,181,0.1507500000006985,14
2,2,burst,182,16.884541999999783,14
2,2,burst,183,0.08204099999966274,14
2,2,burst,184,0.06020800000078452,14
2,2,burst,185,0.06404200000179117,14
2,2,burst,186,0.052959000000555534,14
2,2,burst,187,0.05987499999901047,14
2,2,burst,188,0.061416999998982647,14
2,2,burst,189,70.66291599999931,14
2,2,burst,190,0.2781670000003942,14
2,2,burst,191,0.2154580000005808,14
2,2,burst,192,0.15408299999944575,14
2,2,burst,193,0.15024999999877764,14
2,2,burst,194,0.15979200000037963,14
2,2,burst,195,0.13916700000117999,14
2,2,burst,196,55.0200420000001,14
2,2,burst,197,0.14570800000001327,14
2,2,burst,198,0.1895829999994021,14
2,2,burst,199,0.5160830000004353,14
2,2,burst,200,0.14345800000046438,14
2,2,burst,201,1.7733749999988504,14
2,2,burst,202,0.8177500000001601,14
2,2,burst,203,0.8648750000011205,14
2,2,burst,204,0.9035829999993439,14
2,2,burst,205,6.780124999999316,14
2,2,burst,206,0.15575000000171713,14
2,2,burst,207,0.16970799999944575,14
2,2,burst,208,0.3247080000001006,14
2,2,burst,209,0.17374999999992724,14
2,2,burst,210,0.1492920000000595,14
2,2,burst,211,0.13754200000039418,14
2,2,burst,212,0.18800000000010186,14
2,2,burst,213,4.688792000000831,14
2,2,burst,214,0.20958400000017718,14
2,2,burst,215,0.07699999999931606,14
2,2,burst,216,0.061291000001801876,14
2,2,burst,217,0.06095800000002782,14
2,2,burst,218,0.22949999999946158,14
2,2,burst,219,0.16183300000011513,14
2,2,burst,220,0.1453750000000582,14
2,2,burst,221,0.14679099999921164,14
2,2,burst,222,0.15275000000110595,14
2,2,burst,223,0.13858299999992596,14
2,2,burst,224,0.14366599999993923,14
2,2,burst,225,0.1426659999997355,14
2,2,burst,226,0.13687500000014552,14
2,2,burst,227,0.13666700000067067,14
2,2,burst,228,0.13741699999991397,14
2,2,burst,229,0.1358749999999418,14
2,2,burst,230,0.13295800000014424,14
2,2,burst,231,0.1306669999994483,14
2,2,burst,232,0.13816600000063772,14
2,2,burst,233,0.13545800000065356,14
2,2,burst,234,0.13374999999905413,14
2,2,burst,235,45.34295899999961,14
2,2,burst,236,0.16525000000001455,14
2,2,burst,237,27.42725000000064,14
2,2,burst,238,18.16345899999942,14
2,2,burst,239,11.278792000000976,14
2,2,burst,240,0.16854199999943376,14
2,2,burst,241,0.14966699999968114,14
2,2,burst,242,0.14041700000052515,14
2,2,burst,243,0.22633399999904213,14
2,2,burst,244,0.14400000000023283,14
2,2,burst,245,0.1258749999997235,14
2,2,burst,246,0.12254199999915727,14
2,2,burst,247,0.11679199999889534,14
2,2,burst,248,0.11954100000002654,14
2,2,burst,249,0.11691699999937555,14
2,2,burst,250,0.11629199999879347,14
2,2,burst,251,0.11304199999904085,14
2,2,burst,252,0.11674999999922875,14
2,2,burst,253,0.12600000000020373,14
2,2,burst,254,0.11525000000074215,14
2,2,burst,255,0.11404099999890605,14
2,2,burst,256,0.13370799999938754,14
2,2,burst,257,0.1248329999998532,14
2,2,burst,258,0.11475000000064028,14
2,2,burst,259,0.1117500000000291,14
2,2,burst,260,0.11512500000026193,14
2,2,burst,261,0.11887500000011642,14
2,2,burst,262,0.1194999999988795,14
2,2,burst,263,0.11529199999858974,14
2,2,burst,264,0.11420800000087183,14
2,2,burst,265,0.11062499999934516,14
2,2,burst,266,0.11195899999984249,14
2,2,burst,267,0.11670799999956216,14
2,2,burst,268,0.11454099999900791,14
2,2,burst,269,0.11283299999922747,14
2,2,burst,270,0.11112500000126602,14
2,2,burst,271,0.11195800000132294,14
2,2,burst,272,0.11708299999918381,14
2,2,burst,273,0.11762499999895226,14
2,2,burst,274,0.11408299999857263,14
2,2,burst,275,0.11179099999935715,14
2,2,burst,276,0.1126670000012382,14
2,2,burst,277,0.10912500000085856,14
2,2,burst,278,0.11212499999965075,14
2,2,burst,279,0.11608400000113761,14
2,2,burst,280,12.221042000001034,14
2,2,burst,281,0.1069999999999709,14
2,2,burst,282,0.10837499999979627,14
2,2,burst,283,0.10112500000104774,14
2,2,burst,284,0.10104099999989558,14
2,2,burst,285,0.10279199999968114,14
2,2,burst,286,0.09504200000083074,14
2,2,burst,287,0.09962500000074215,14
2,2,burst,288,0.10062499999912689,14
2,2,burst,289,0.09491700000035053,14
2,2,burst,290,0.10470799999893643,14
2,2,burst,291,0.09979199999906996,14
2,2,burst,292,0.09391599999980826,14
2,2,burst,293,0.11179199999969569,14
2,2,burst,294,0.09354200000052515,14
2,2,burst,295,0.10045800000079907,14
2,2,burst,296,0.09933300000011513,14
2,2,burst,297,0.09454199999890989,14
2,2,burst,298,0.09591600000021572,14
2,2,burst,299,0.09770800000114832,14
2,2,burst,300,0.09354100000018661,14
2,2,burst,301,0.0985419999997248,14
2,2,burst,302,0.09299999999893771,14
2,2,burst,303,0.08566700000119454,14
2,2,burst,304,0.08466700000099081,14
2,2,burst,305,0.08416700000088895,14
2,2,burst,306,0.08395899999959511,14
2,2,burst,307,0.08950000000004366,14
2,2,burst,308,0.08699999999953434,14
2,2,burst,309,0.08474999999998545,14
2,2,burst,310,0.08858300000065356,14
2,2,burst,311,0.08545799999956216,14
2,2,burst,312,0.08479100000113249,14
2,2,burst,313,0.08391699999992852,14
2,2,burst,314,0.08412500000122236,14
2,2,burst,315,0.08625000000029104,14
2,2,burst,316,0.08770799999911105,14
2,2,burst,317,0.08499999999912689,14
2,2,burst,318,0.08579199999985576,14
2,2,burst,319,0.08729200000016135,14
2,2,burst,320,0.08699999999953434,14
2,2,burst,321,0.08662499999991269,14
2,2,burst,322,0.27391700000043784,14
2,2,burst,323,139.73875000000044,14
2,2,burst,324,34.83695799999987,14
2,2,burst,325,40.96337499999936,14
2,2,burst,326,0.1612089999998716,14
2,2,burst,327,31.07629199999974,14
2,2,burst,328,0.15649999999914144,14
2,2,burst,329,0.13174999999864667,14
2,2,burst,330,0.2506659999999101,14
2,2,burst,331,0.40479099999902246,14
2,2,burst,332,28.817417000000205,14
2,2,burst,333,15.777541999999812,14
2,2,burst,334,0.1654579999994894,14
2,2,burst,335,0.15408299999944575,14
2,2,burst,336,0.06674999999995634,14
2,2,burst,337,0.05945900000006077,14
2,2,burst,338,0.05916600000091421,14
2,2,burst,339,0.06962500000008731,14
2,2,burst,340,0.056207999999969616,14
2,2,burst,341,0.05479100000047765,14
2,2,burst,342,0.05479200000081619,14
2,2,burst,343,0.05670800000007148,14
2,2,burst,344,5.747624999999971,14
2,2,burst,345,0.13183400000161782,14
2,2,burst,346,0.07945800000015879,14
2,2,burst,347,6.4944589999995515,14
2,2,burst,348,0.310749999998734,14
2,2,burst,349,0.06687500000043656,14
2,2,burst,350,0.07083299999976589,14
2,2,burst,351,0.05795799999941664,14
2,2,burst,352,0.0555000000003929,14
2,2,burst,353,0.0690840000006574,14
2,2,burst,354,0.05429100000037579,14
2,2,burst,355,0.06454200000007404,14
2,2,burst,356,0.055209000000104425,14
2,2,burst,357,0.3722089999992022,14
2,2,burst,358,0.14995799999996962,14
2,2,burst,359,0.1437499999992724,14
2,2,burst,360,0.14320799999950395,14
2,2,burst,361,0.13483399999859103,14
2,2,burst,362,0.13762499999938882,14
2,2,burst,363,0.1322920000002341,14
2,2,burst,364,0.13225000000056752,14
2,2,burst,365,0.13425000000097498,14
2,2,burst,366,0.13412500000049477,14
2,2,burst,367,0.12862499999937427,14
2,2,burst,368,0.14087499999914144,14
2,2,burst,369,0.1312500000003638,14
2,2,burst,370,0.13174999999864667,14
2,2,burst,371,0.1321669999997539,14
2,2,burst,372,0.14425000000119326,14
2,2,burst,373,0.13762499999938882,14
2,2,burst,374,0.1320000000014261,14
2,2,burst,375,2.1677920000001905,14
2,2,burst,376,0.06658299999980954,14
2,2,burst,377,1.71416599999975,14
2,2,burst,378,1.2138749999994616,14
2,2,burst,379,2.5197919999991427,14
2,2,burst,380,9.65833399999974,14
2,2,burst,381,0.18354100000033213,14
2,2,burst,382,0.14899999999943248,14
2,2,burst,383,1.4306660000002012,14
2,2,burst,384,0.08512500000142609,14
2,2,burst,385,0.06241699999918637,14
2,2,burst,386,0.055791999999200925,14
2,2,burst,387,0.055666000000201166,14
2,2,burst,388,0.0553330000002461,14
2,2,burst,389,0.07266700000036508,14
2,2,burst,390,0.08895900000061374,14
2,2,burst,391,0.05391600000075414,14
2,2,burst,392,0.0547919999989972,14
2,2,burst,393,0.08066600000165636,14
2,2,burst,394,0.053374999999505235,14
2,2,burst,395,0.06741700000020501,14
2,2,burst,396,0.0617500000007567,14
2,2,burst,397,0.053167000000030384,14
2,2,burst,398,0.07004099999903701,14
2,2,burst,399,0.05454199999985576,14
2,2,burst,400,0.05420799999956216,14
2,2,burst,401,0.0538749999996071,14
2,2,burst,402,0.05174999999871943,14
2,2,burst,403,0.052417000000787084,14
2,2,burst,404,0.053041000001030625,14
2,2,burst,405,0.054083999999420485,14
2,2,burst,406,0.05249999999978172,14
2,2,burst,407,0.057875000000422006,14
2,2,burst,408,0.09237500000017462,14
2,2,burst,409,0.13779199999953562,14
2,2,burst,410,0.13908300000002782,14
2,2,burst,411,0.13237500000104774,14
2,2,burst,412,0.13316699999995762,14
2,2,burst,413,0.1362089999984164,14
2,2,burst,414,0.13112499999988358,14
2,2,burst,415,0.13233299999956216,14
2,2,burst,416,12.024332999999388,14
2,2,burst,417,0.08083299999998417,14
2,2,burst,418,0.05895799999962037,14
2,2,burst,419,0.06045799999992596,14
2,2,burst,420,0.056207999999969616,14
2,2,burst,421,0.059375000000727596,14
2,2,burst,422,0.0562499999996362,14
2,2,burst,423,0.06866600000103062,14
2,2,burst,424,0.05512499999895226,14
2,2,burst,425,0.0568329999987327,14
2,2,burst,426,0.053375000001324224,14
2,2,burst,427,0.05537499999991269,14
2,2,burst,428,0.05545900000106485,14
2,2,burst,429,0.055249999999432475,14
2,2,burst,430,0.05162500000005821,14
2,2,burst,431,0.056916999999884865,14
2,2,burst,432,0.05608300000130839,14
2,2,burst,433,0.05462500000066939,14
2,2,burst,434,0.05233399999997346,14
2,2,burst,435,0.05479200000081619,14
2,2,burst,436,0.053791000000273925,14
2,2,burst,437,0.1398750000007567,14
2,2,burst,438,0.1578750000007858,14
2,2,burst,439,0.16570899999896938,14
2,2,burst,440,0.1422919999986334,14
2,2,burst,441,0.056416999999783,14
2,2,burst,442,0.05179099999986647,14
2,2,burst,443,0.05379200000061246,14
2,2,burst,444,0.05229200000030687,14
2,2,burst,445,0.05233299999963492,14
2,2,burst,446,0.054540999999517226,14
2,2,burst,447,0.054834000000482774,14
2,2,burst,448,0.05250000000160071,14
2,2,burst,449,0.05145799999991141,14
2,2,burst,450,0.053749999999126885,14
2,2,burst,451,0.05633300000044983,14
2,2,burst,452,0.05341700000099081,14
2,2,burst,453,0.05087499999899592,14
2,2,burst,454,0.05229200000030687,14
2,2,burst,455,0.05554200000005949,14
2,2,burst,456,0.052665999999589985,14
2,2,burst,457,0.05249999999978172,14
2,2,burst,458,0.0531250000003638,14
2,2,burst,459,0.05612500000097498,14
2,2,burst,460,0.056916999999884865,14
2,2,burst,461,0.05179200000020501,14
2,2,burst,462,0.05241599999862956,14
2,2,burst,463,0.055250000001251465,14
2,2,burst,464,0.05587500000001455,14
2,2,burst,465,0.053958000000420725,14
2,2,burst,466,0.0538749999996071,14
2,2,burst,467,0.08295799999905284,14
2,2,burst,468,0.1633750000000873,14
2,2,burst,469,0.16149999999834108,14
2,2,burst,470,0.16374999999970896,14
2,2,burst,471,0.16062500000043656,14
2,2,burst,472,51.589625000000524,14
2,2,burst,473,0.15287499999976717,14
2,2,burst,474,0.1690420000013546,14
2,2,burst,475,13.092667000000802,14
2,2,burst,476,0.25825000000077125,14
2,2,burst,477,0.15616599999884784,14
2,2,burst,478,0.1523750000014843,14
2,2,burst,479,0.15350000000034925,14
2,2,burst,480,0.14091600000028848,14
2,2,burst,481,0.1350830000010319,14
2,2,burst,482,0.1445000000003347,14
2,2,burst,483,0.13683400000081747,14
2,2,burst,484,0.13858299999992596,14
2,2,burst,485,0.1336250000003929,14
2,2,burst,486,0.13579200000094716,14
2,2,burst,487,0.1358749999999418,14
2,2,burst,488,0.13712499999928696,14
2,2,burst,489,0.1324160000003758,14
2,2,burst,490,0.13299999999981083,14
2,2,burst,491,0.1382080000003043,14
2,2,burst,492,0.16074999999909778,14
2,2,burst,493,0.13329199999861885,14
2,2,burst,494,0.1414169999989099,14
2,2,burst,495,0.1365829999995185,14
2,2,burst,496,0.13312499999847205,14
2,2,burst,497,0.13370799999938754,14
2,2,burst,498,88.51475000000028,14
2,2,burst,499,0.18162500000107684,14
2,2,burst,500,148.14016600000105,14
2,2,burst,501,31.347625000000335,14
2,2,burst,502,0.1586669999996957,14
2,2,burst,503,0.15308299999924202,14
2,2,burst,504,0.14116599999942991,14
2,2,burst,505,0.14516600000024482,14
2,2,burst,506,0.13862500000141154,14
2,2,burst,507,0.1485000000011496,14
2,2,burst,508,0.14770800000042072,14
2,2,burst,509,0.15479100000084145,14
2,2,burst,510,0.1428749999995489,14
2,2,burst,511,0.14133399999991525,14
2,2,burst,512,0.13741699999991397,14
2,2,burst,513,0.1408339999998134,14
2,2,burst,514,0.13483400000041001,14
2,2,burst,515,0.140625,14
2,2,burst,516,0.13562500000080036,14
2,2,burst,517,0.13925000000017462,14
2,2,burst,518,0.13212499999826832,14
2,2,burst,519,0.13595799999893643,14
2,2,burst,520,0.13524999999935972,14
2,2,burst,521,3.480874999999287,14
2,2,burst,522,0.14312500000050932,14
2,2,burst,523,0.1299589999998716,14
2,2,burst,524,0.12175000000024738,14
2,2,burst,525,0.11779199999909906,14
2,2,burst,526,0.11541699999906996,14
2,2,burst,527,0.13020800000049348,14
2,2,burst,528,0.11554100000103062,14
2,2,burst,529,0.11645799999860174,14
2,2,burst,530,0.11962499999935972,14
2,2,burst,531,0.11699999999837019,14
2,2,burst,532,0.11337499999899592,14
2,2,burst,533,0.112833999999566,14
2,2,burst,534,0.1130829999983689,14
2,2,burst,535,0.11887500000011642,14
2,2,burst,536,0.13504199999988487,14
2,2,burst,537,0.1407920000001468,14
2,2,burst,538,0.13474999999925785,14
2,2,burst,539,0.14070799999899464,14
2,2,burst,540,0.13891700000021956,14
2,2,burst,541,0.13554199999998673,14
2,2,burst,542,0.13737500000024738,14
2,2,burst,543,0.14220799999930023,14
2,2,burst,544,0.14624999999978172,14
2,2,burst,545,0.13816600000063772,14
2,2,burst,546,0.13700000000062573,14
2,2,burst,547,0.13654200000019046,14
2,2,burst,548,0.13487500000155705,14
2,2,burst,549,0.13533400000051188,14
2,2,burst,550,0.13412500000049477,14
2,2,burst,551,0.13962499999979627,14
2,2,burst,552,0.13283299999966403,14
2,2,burst,553,0.14037499999903957,14
2,2,burst,554,0.13795799999934388,14
2,2,burst,555,0.13412499999867578,14
2,2,burst,556,0.135707999999795,14
2,2,burst,557,0.1358749999999418,14
2,2,burst,558,0.15049999999973807,14
2,2,burst,559,0.13387500000135333,14
2,2,burst,560,0.13470799999959127,14
2,2,burst,561,0.13666699999885168,14
2,2,burst,562,0.13875000000007276,14
2,2,burst,563,0.13295800000014424,14
2,2,burst,564,0.13820899999882386,14
2,2,burst,565,0.14058399999885296,14
2,2,burst,566,0.13562499999898137,14
2,2,burst,567,0.13500000000021828,14
2,2,burst,568,0.13770800000020245,14
2,2,burst,569,0.1327499999988504,14
2,2,burst,570,0.13875000000007276,14
2,2,burst,571,0.13500000000021828,14
2,2,burst,572,0.13699999999880674,14
2,2,burst,573,0.13416700000016135,14
2,2,burst,574,0.1340829999990092,14
2,2,burst,575,0.1410409999989497,14
2,2,burst,576,0.13704099999995378,14
2,2,burst,577,0.1323339999999007,14
2,2,burst,578,0.13554199999998673,14
2,2,burst,579,0.13491699999940465,14
2,2,burst,580,0.13729199999943376,14
2,2,burst,581,0.13812500000130967,14
2,2,burst,582,0.14383300000008603,14
2,2,burst,583,0.1376670000008744,14
2,2,burst,584,0.14029200000004494,14
2,2,burst,585,0.13941700000032142,14
2,2,burst,586,0.1407500000004802,14
2,2,burst,587,0.13741600000139442,14
2,2,burst,588,0.1389999999992142,14
2,2,burst,589,0.1349580000005517,14
2,2,burst,590,0.13341699999909906,14
2,2,burst,591,0.1415839999990567,14
2,2,burst,592,0.14116699999976845,14
2,2,burst,593,0.13537499999983993,14
2,2,burst,594,0.1417089999995369,14
2,2,burst,595,0.13104199999906996,14
2,2,burst,596,0.13637499999822467,14
2,2,burst,597,0.13354199999957928,14
2,2,burst,598,0.1392919999998412,14
2,2,burst,599,0.13679200000115088,14
2,2,burst,600,0.13550000000032014,14
2,2,burst,601,0.13441700000112178,14
2,2,burst,602,0.13387499999953434,14
2,2,burst,603,0.14041599999836762,14
2,2,burst,604,0.12999999999919964,14
2,2,burst,605,0.1351669999985461,14
2,2,burst,606,0.13112499999988358,14
2,2,burst,607,0.1400000000012369,14
2,2,burst,608,0.1389579999995476,14
2,2,burst,609,0.1315839999988384,14
2,2,burst,610,0.1349579999987327,14
2,2,burst,611,0.1461249999993015,14
2,2,burst,612,0.1337919999987207,14
2,2,burst,613,0.13266699999985576,14
2,2,burst,614,0.1321669999997539,14
2,2,burst,615,0.13441700000112178,14
2,2,burst,616,0.1319999999996071,14
2,2,burst,617,0.13574999999946158,14
2,2,burst,618,0.13520799999969313,14
2,2,burst,619,0.1343750000014552,14
2,2,burst,620,0.131375000000844,14
2,2,burst,621,0.13737500000024738,14
2,2,burst,622,0.13141600000017206,14
2,2,burst,623,0.14245800000026065,14
2,2,burst,624,0.13408399999934772,14
2,2,burst,625,0.14608399999997346,14
2,2,burst,626,0.13324999999895226,14
2,2,burst,627,0.1318329999994603,14
2,2,burst,628,0.12983300000087183,14
2,2,burst,629,0.13579200000094716,14
2,2,burst,630,0.13316699999995762,14
2,2,burst,631,0.13079099999958999,14
2,2,burst,632,0.13045799999963492,14
2,2,burst,633,0.1347909999985859,14
2,2,burst,634,0.1319999999996071,14
2,2,burst,635,0.1318329999994603,14
2,2,burst,636,0.1325830000005226,14
2,2,burst,637,0.14112500000010186,14
2,2,burst,638,0.13170799999898009,14
2,2,burst,639,0.13204199999927368,14
2,2,burst,640,0.13220899999942048,14
2,2,burst,641,0.1400419999990845,14
2,2,burst,642,0.1647499999999127,14
2,2,burst,643,0.15437500000007276,14
2,2,burst,644,0.14070800000081363,14
2,2,burst,645,0.1432089999998425,14
2,2,burst,646,0.14491699999962293,14
2,2,burst,647,0.14491700000144192,14
2,2,burst,648,0.14724999999998545,14
2,2,burst,649,0.13716699999895354,14
2,2,burst,650,0.1527089999999589,14
2,2,burst,651,0.1433340000003227,14
2,2,burst,652,0.15183299999989686,14
2,2,burst,653,0.1404999999995198,14
2,2,burst,654,0.14458299999932933,14
2,2,burst,655,0.1386659999989206,14
2,2,burst,656,0.1437499999992724,14
2,2,burst,657,0.1395829999983107,14
2,2,burst,658,0.13870800000040617,14
2,2,burst,659,0.13795899999968242,14
2,2,burst,660,0.14891700000043784,14
2,2,burst,661,0.14562499999919964,14
2,2,burst,662,0.14404099999956088,14
2,2,burst,663,0.14229100000011385,14
2,2,burst,664,0.15033299999959127,14
2,2,burst,665,0.14387499999975262,14
2,2,burst,666,0.15491599999950267,14
2,2,burst,667,0.13858299999992596,14
2,2,burst,668,0.14533300000039162,14
2,2,burst,669,0.14441599999918253,14
2,2,burst,670,0.14479199999914272,14
2,2,burst,671,0.13708299999962037,14
2,2,burst,672,240.85070799999994,14
2,2,burst,673,0.07016699999985576,14
2,2,burst,674,0.05737500000032014,14
2,2,burst,675,0.0580839999984164,14
2,2,burst,676,0.056709000000410015,14
2,2,burst,677,0.05474999999933061,14
2,2,burst,678,0.07820799999899464,14
2,2,burst,679,0.13979100000142353,14
2,2,burst,680,0.14370799999960582,14
2,2,burst,681,0.13800000000082946,14
2,2,burst,682,0.14979199999834236,14
2,2,burst,683,0.14487499999995634,14
2,2,burst,684,0.140625,14
2,2,burst,685,0.1383750000004511,14
2,2,burst,686,0.14354199999979755,14
2,2,burst,687,0.10649999999986903,14
2,2,burst,688,0.054500000000189175,14
2,2,burst,689,177.31741599999987,14
2,2,burst,690,9.805374999999913,14
2,2,burst,691,0.17758300000059535,14
2,2,burst,692,0.24949999999989814,14
2,2,burst,693,0.08012499999858846,14
2,2,burst,694,0.07566599999881873,14
2,2,burst,695,0.0755829999998241,14
2,2,burst,696,0.05733400000099209,14
2,2,burst,697,0.055209000000104425,14
2,2,burst,698,0.05183300000135205,14
2,2,burst,699,0.062082999998892774,14
2,2,burst,700,0.059958000001643086,14
2,2,burst,701,0.0538749999996071,14
2,2,burst,702,0.051165999999284395,14
2,2,burst,703,0.054499999998370185,14
2,2,burst,704,0.056582999999591266,14
2,2,burst,705,0.0733330000002752,14
2,2,burst,706,18.334625000001324,14
2,2,burst,707,4.7022089999991294,14
2,2,burst,708,2.75366700000086,14
2,2,burst,709,0.47091699999873526,14
2,2,burst,710,0.15379200000097626,14
2,2,burst,711,0.19349999999940337,14
2,2,burst,712,0.14412500000071304,14
2,2,burst,713,0.1322920000002341,14
2,2,burst,714,0.16691700000046694,14
2,2,burst,715,0.1562080000003334,14
2,2,burst,716,0.16833299999962037,14
2,2,burst,717,0.14899999999943248,14
2,2,burst,718,17.35791600000084,14
2,2,burst,719,0.07745799999975134,14
2,2,burst,720,0.05783300000075542,14
2,2,burst,721,0.05500000000029104,14
2,2,burst,722,0.056790999999066116,14
2,2,burst,723,0.05529200000091805,14
2,2,burst,724,0.052999999999883585,14
2,2,burst,725,0.05549999999857391,14
2,2,burst,726,0.053415999998833286,14
2,2,burst,727,0.05512500000077125,14
2,2,burst,728,0.053583000000799075,14
2,2,burst,729,0.05816599999889149,14
2,2,burst,730,0.05329199999869161,14
2,2,burst,731,0.05458399999952235,14
2,2,burst,732,0.06075000000055297,14
2,2,burst,733,0.05379200000061246,14
2,2,burst,734,0.05229200000030687,14
2,2,burst,735,0.10291700000016135,14
2,2,burst,736,0.13391699999920093,14
2,2,burst,737,0.13404199999968114,14
2,2,burst,738,0.13445800000044983,14
2,2,burst,739,0.13558300000113377,14
2,2,burst,740,0.13250000000152795,14
2,2,burst,741,0.10474999999860302,14
2,2,burst,742,0.055082999999285676,14
2,2,burst,743,0.05670800000007148,14
2,2,burst,744,0.05066699999952107,14
2,2,burst,745,0.05179200000020501,14
2,2,burst,746,0.052625000000261934,14
2,2,burst,747,0.05424999999922875,14
2,2,burst,748,0.05141699999876437,14
2,2,burst,749,0.0547500000011496,14
2,2,burst,750,0.05216599999948812,14
2,2,burst,751,0.05345800000031886,14
2,2,burst,752,0.05308300000069721,14
2,2,burst,753,0.05125000000043656,14
2,2,burst,754,0.051165999999284395,14
2,2,burst,755,0.054333000000042375,14
2,2,burst,756,0.05179200000020501,14
2,2,burst,757,0.05066599999918253,14
2,2,burst,758,0.05474999999933061,14
2,2,burst,759,0.052832999999736785,14
2,2,burst,760,0.05341699999917182,14
2,2,burst,761,0.05062499999985448,14
2,2,burst,762,0.050917000000481494,14
2,2,burst,763,0.05291599999873142,14
2,2,burst,764,0.050207999998747255,14
2,2,burst,765,0.05258299999877636,14
2,2,burst,766,0.055625000000873115,14
2,2,burst,767,0.053041000001030625,14
2,2,burst,768,0.05833299999903829,14
2,2,burst,769,0.05212500000016007,14
2,2,burst,770,0.05270799999925657,14
2,2,burst,771,0.052958000000217,14
2,2,burst,772,0.053583000000799075,14
2,2,burst,773,0.051707999999052845,14
2,2,burst,774,0.1292909999992844,14
2,2,burst,775,0.4561250000006112,14
2,2,burst,776,13.36700000000019,14
2,2,burst,777,0.16625000000021828,14
2,2,burst,778,0.15291700000125275,14
2,2,burst,779,0.1407920000001468,14
2,2,burst,780,0.13491699999940465,14
2,2,burst,781,0.23429199999918637,14
2,2,burst,782,0.42316700000083074,14
2,2,burst,783,0.5518750000010186,14
2,2,burst,784,0.13241700000071432,14
2,2,burst,785,0.13162499999998545,14
2,2,burst,786,0.07112499999857391,14
2,2,burst,787,0.05762499999946158,14
2,2,burst,788,0.16879200000039418,14
2,2,burst,789,0.0650420000001759,14
2,2,burst,790,0.05766600000060862,14
2,2,burst,791,0.057125000001178705,14
2,2,burst,792,0.056957999999212916,14
2,2,burst,793,0.0547500000011496,14
2,2,burst,794,0.05512499999895226,14
2,2,burst,795,0.05470900000000256,14
2,2,burst,796,0.054667000000335975,14
2,2,burst,797,0.05633300000044983,14
2,2,burst,798,0.05495800000062445,14
2,2,burst,799,0.11074999999982538,14
2,2,burst,800,0.05820800000037707,14
2,2,burst,801,0.05970800000068266,14
2,2,burst,802,0.05554200000005949,14
2,2,burst,803,0.05512500000077125,14
2,2,burst,804,0.05549999999857391,14
2,2,burst,805,0.06862499999988358,14
2,2,burst,806,0.11691700000119454,14
2,2,burst,807,0.11658399999942048,14
2,2,burst,808,0.517334000000119,14
2,2,burst,809,0.23395799999889277,14
2,2,burst,810,0.15854200000103447,14
2,2,burst,811,0.15129200000046694,14
2,2,burst,812,0.1437080000014248,14
2,2,burst,813,0.14512499999909778,14
2,2,burst,814,35.721332999999504,14
2,2,burst,815,116.73124999999891,14
2,2,burst,816,0.17012500000055297,14
2,2,burst,817,0.15304199999991397,14
2,2,burst,818,0.14500000000043656,14
2,2,burst,819,0.14600000000064028,14
2,2,burst,820,0.14441699999952107,14
2,2,burst,821,0.14754200000061246,14
2,2,burst,822,0.13887500000055297,14
2,2,burst,823,0.13645800000085728,14
2,2,burst,824,0.1401659999992262,14
2,2,burst,825,0.13774999999986903,14
2,2,burst,826,0.13637500000004366,14
2,2,burst,827,0.13612500000090222,14
2,2,burst,828,0.13654200000019046,14
2,2,burst,829,0.142083000000639,14
2,2,burst,830,0.1375000000007276,14
2,2,burst,831,0.1360420000000886,14
2,2,burst,832,0.1486669999994774,14
2,2,burst,833,0.1399169999986043,14
2,2,burst,834,0.13487499999973807,14
2,2,burst,835,0.134249999999156,14
2,2,burst,836,0.13516700000036508,14
2,2,burst,837,0.1351669999985461,14
2,2,burst,838,0.13266699999985576,14
2,2,burst,839,0.13475000000107684,14
2,2,burst,840,0.132541000000856,14
2,2,burst,841,0.14166599999953178,14
2,2,burst,842,0.13095799999973678,14
2,2,burst,843,0.13354200000139826,14
2,2,burst,844,0.14008400000057009,14
2,2,burst,845,0.13420899999982794,14
2,2,burst,846,0.13566700000046694,14
2,2,burst,847,0.13283400000000256,14
2,2,burst,848,0.1333329999997659,14
2,2,burst,849,0.14412500000071304,14
2,2,burst,850,0.13404199999968114,14
2,2,burst,851,0.13500000000021828,14
2,2,burst,852,0.13579200000094716,14
2,2,burst,853,0.13329200000043784,14
2,2,burst,854,0.13158300000031886,14
2,2,burst,855,0.13466599999992468,14
2,2,burst,856,0.13062499999978172,14
2,2,burst,857,0.13245800000004238,14
2,2,burst,858,0.13720800000010058,14
2,2,burst,859,0.13375000000087311,14
2,2,burst,860,0.1349160000008851,14
2,2,burst,861,0.1349580000005517,14
2,2,burst,862,0.13025000000016007,14
2,2,burst,863,0.1348329999982525,14
2,2,burst,864,0.13408399999934772,14
2,2,burst,865,0.13316699999995762,14
2,2,burst,866,0.13083299999925657,14
2,2,burst,867,0.1388330000008864,14
2,2,burst,868,0.13470799999959127,14
2,2,burst,869,0.13204199999927368,14
2,2,burst,870,0.13004100000034668,14
2,2,burst,871,0.13804099999833852,14
2,2,burst,872,0.14204199999949196,14
2,2,burst,873,0.13416599999982282,14
2,2,burst,874,0.13312500000029104,14
2,2,burst,875,0.134541999999783,14
2,2,burst,876,0.13358300000072632,14
2,2,burst,877,0.13316699999995762,14
2,2,burst,878,0.13408400000116671,14
2,2,burst,879,0.13412500000049477,14
2,2,burst,880,0.13574999999946158,14
2,2,burst,881,0.13537499999983993,14
2,2,burst,882,0.1389999999992142,14
2,2,burst,883,0.13774999999986903,14
2,2,burst,884,0.13529100000050676,14
2,2,burst,885,0.13520800000151212,14
2,2,burst,886,0.1385420000005979,14
2,2,burst,887,0.13266700000167475,14
2,2,burst,888,0.1391249999996944,14
2,2,burst,889,0.1361670000005688,14
2,2,burst,890,0.13449999999829743,14
2,2,burst,891,0.13495900000089023,14
2,2,burst,892,0.13541699999950652,14
2,2,burst,893,0.13383299999986775,14
2,2,burst,894,0.13112499999988358,14
2,2,burst,895,0.13320800000110466,14
2,2,burst,896,0.13558399999965332,14
2,2,burst,897,0.13204199999927368,14
2,2,burst,898,0.13295899999866378,14
2,2,burst,899,0.14674999999988358,14
2,2,burst,900,0.13991600000008475,14
2,2,burst,901,0.1319579999999405,14
2,2,burst,902,0.13158300000031886,14
2,2,burst,903,0.13133299999935844,14
2,2,burst,904,0.1367919999993319,14
2,2,burst,905,0.13212499999826832,14
2,2,burst,906,0.1285410000000411,14
2,2,burst,907,0.1331659999996191,14
2,2,burst,908,0.13208299999860174,14
2,2,burst,909,0.13283299999966403,14
2,2,burst,910,0.13025000000016007,14
2,2,burst,911,0.13312499999847205,14
2,2,burst,912,0.13370899999972607,14
2,2,burst,913,0.13591699999960838,14
2,2,burst,914,0.1327080000010028,14
2,2,burst,915,0.14183299999967858,14
2,2,burst,916,0.1294159999997646,14
2,2,burst,917,0.13145799999983865,14
2,2,burst,918,0.12966699999924458,14
2,2,burst,919,0.1337919999987207,14
2,2,burst,920,0.13183399999979883,14
2,2,burst,921,0.13062499999978172,14
2,2,burst,922,0.134541999999783,14
2,2,burst,923,0.1347089999999298,14
2,2,burst,924,0.13079199999992852,14
2,2,burst,925,0.13095799999973678,14
2,2,burst,926,0.1319579999999405,14
2,2,burst,927,0.13891599999988102,14
2,2,burst,928,0.12999999999919964,14
2,2,burst,929,0.13129200000003038,14
2,2,burst,930,0.13075000000026193,14
2,2,burst,931,0.11404100000072503,14
2,2,burst,932,0.11087500000030559,14
2,2,burst,933,0.11658299999908195,14
2,2,burst,934,0.11229099999945902,14
2,2,burst,935,0.11533299999973678,14
2,2,burst,936,0.11137500000040745,14
2,2,burst,937,0.10958299999947485,14
2,2,burst,938,0.11187499999869033,14
2,2,burst,939,0.11295799999970768,14
2,2,burst,940,0.11154100000021572,14
2,2,burst,941,0.1163749999996071,14
2,2,burst,942,0.1119170000001759,14
2,2,burst,943,0.11312499999985448,14
2,2,burst,944,0.11050000000068394,14
2,2,burst,945,0.109375,14
2,2,burst,946,0.1129160000000411,14
2,2,burst,947,0.11454099999900791,14
2,2,burst,948,0.10987499999828287,14
2,2,burst,949,0.11108299999978044,14
2,2,burst,950,0.11762500000077125,14
2,2,burst,951,0.11204100000031758,14
2,2,burst,952,0.1114160000015545,14
2,2,burst,953,0.11079099999915343,14
2,2,burst,954,0.11241599999993923,14
2,2,burst,955,0.11737499999981083,14
2,2,burst,956,0.11158400000022084,14
2,2,burst,957,0.11008399999991525,14
2,2,burst,958,0.11300000000119326,14
2,2,burst,959,0.1115829999998823,14
2,2,burst,960,0.11104200000045239,14
2,2,burst,961,0.1111670000009326,14
2,2,burst,962,0.11070800000015879,14
2,2,burst,963,0.11629200000061246,14
2,2,burst,964,0.10987500000010186,14
2,2,burst,965,0.11225000000013097,14
2,2,burst,966,0.1174170000012964,14
2,2,burst,967,0.11604199999965203,14
2,2,burst,968,0.11016699999890989,14
2,2,burst,969,0.09695900000042457,14
2,2,burst,970,0.09820800000125018,14
2,2,burst,971,0.09450000000106229,14
2,2,burst,972,0.09537499999896681,14
2,2,burst,973,32.09637499999917,14
2,2,burst,974,0.11670799999956216,14
2,2,burst,975,0.06662500000129512,14
2,2,burst,976,0.056375000000116415,14
2,2,burst,977,0.060499999999592546,14
2,2,burst,978,0.05700000000069849,14
2,2,burst,979,0.05333299999983865,14
2,2,burst,980,0.05249999999978172,14
2,2,burst,981,0.053207999999358435,14
2,2,burst,982,0.053416000000652275,14
2,2,burst,983,23.16645900000003,14
2,2,burst,984,0.07191699999930279,14
2,2,burst,985,0.06720800000039162,14
2,2,burst,986,0.057333000000653556,14
2,2,burst,987,0.05670800000007148,14
2,2,burst,988,0.05666700000074343,14
2,2,burst,989,0.056000000000494765,14
2,2,burst,990,0.0538749999996071,14
2,2,burst,991,0.05345800000031886,14
2,2,burst,992,0.052083000000493485,14
2,2,burst,993,0.05479200000081619,14
2,2,burst,994,0.05379200000061246,14
2,2,burst,995,0.0531250000003638,14
2,2,burst,996,0.05433400000038091,14
2,2,burst,997,0.05362500000046566,14
2,2,burst,998,0.05679199999940465,14
2,2,burst,999,0.052625000000261934,14
2,4,idle,0,0.0010000000002037268,0
2,4,idle,1,0.0012909999986732146,0
2,4,idle,2,0.0013340000004973263,0
2,4,idle,3,0.0010000000002037268,0
2,4,idle,4,0.0009170000012090895,0
2,4,idle,5,0.0009580000005371403,0
2,4,idle,6,0.0009999999983847374,0
2,4,idle,7,0.0011249999988649506,0
2,4,idle,8,0.0010000000002037268,0
2,4,idle,9,0.0009580000005371403,0
2,4,idle,10,0.0010409999995317776,0
2,4,idle,11,0.0010000000002037268,0
2,4,idle,12,0.0013330000001587905,0
2,4,idle,13,0.0012080000014975667,0
2,4,idle,14,0.0009589999990566866,0
2,4,idle,15,0.000959000000875676,0
2,4,idle,16,0.0010000000002037268,0
2,4,idle,17,0.0010419999998703133,0
2,4,idle,18,0.0013340000004973263,0
2,4,idle,19,0.0014579999988200143,0
2,4,idle,20,0.0009160000008705538,0
2,4,idle,21,0.0012499999993451638,0
2,4,idle,22,0.0009579999987181509,0
2,4,idle,23,0.0011659999981930014,0
2,4,idle,24,0.0009169999993901001,0
2,4,idle,25,0.0010000000002037268,0
2,4,idle,26,0.0009170000012090895,0
2,4,idle,27,0.0009169999993901001,0
2,4,idle,28,0.0011249999988649506,0
2,4,idle,29,0.0009169999993901001,0
2,4,idle,30,0.001082999999198364,0
2,4,idle,31,0.0012919999990117503,0
2,4,idle,32,0.0010409999995317776,0
2,4,idle,33,0.000959000000875676,0
2,4,idle,34,0.0012079999996785773,0
2,4,idle,35,0.0012500000011641532,0
2,4,idle,36,0.000959000000875676,0
2,4,idle,37,0.0012499999993451638,0
2,4,idle,38,0.0009580000005371403,0
2,4,idle,39,0.0011249999988649506,0
2,4,idle,40,0.0009589999990566866,0
2,4,idle,41,0.0009580000005371403,0
2,4,idle,42,0.0009160000008705538,0
2,4,idle,43,0.0009169999993901001,0
2,4,idle,44,0.001583000001119217,0
2,4,idle,45,0.0009159999990515644,0
2,4,idle,46,0.0009579999987181509,0
2,4,idle,47,0.0010000000002037268,0
2,4,idle,48,0.0010000000002037268,0
2,4,idle,49,0.0010830000010173535,0
2,4,idle,50,0.0010000000002037268,0
2,4,idle,51,0.0010000000002037268,0
2,4,idle,52,0.0009159999990515644,0
2,4,idle,53,0.0011670000003505265,0
2,4,idle,54,0.0008749999997235136,0
2,4,idle,55,0.0011670000003505265,0
2,4,idle,56,0.000959000000875676,0
2,4,idle,57,0.0009579999987181509,0
2,4,idle,58,0.0009159999990515644,0
2,4,idle,59,0.0009170000012090895,0
2,4,idle,60,0.0012920000008307397,0
2,4,idle,61,0.0011249999988649506,0
2,4,idle,62,0.0009580000005371403,0
2,4,idle,63,0.0010409999995317776,0
2,4,idle,64,0.0009579999987181509,0
2,4,idle,65,0.0012499999993451638,0
2,4,idle,66,0.0009580000005371403,0
2,4,idle,67,0.0010000000002037268,0
2,4,idle,68,0.0017499999994470272,0
2,4,idle,69,0.002458999999362277,0
2,4,idle,70,0.0013340000004973263,0
2,4,idle,71,0.0009170000012090895,0
2,4,idle,72,0.0013330000001587905,0
2,4,idle,73,0.0010000000002037268,0
2,4,idle,74,0.0010419999998703133,0
2,4,idle,75,0.001291000000492204,0
2,4,idle,76,0.0012920000008307397,0
2,4,idle,77,0.0009170000012090895,0
2,4,idle,78,0.0011249999988649506,0
2,4,idle,79,0.0010000000002037268,0
2,4,idle,80,0.0009580000005371403,0
2,4,idle,81,0.0011660000000119908,0
2,4,idle,82,0.0010839999995368998,0
2,4,idle,83,0.0012919999990117503,0
2,4,idle,84,0.00112500000068394,0
2,4,idle,85,0.0015000000003055902,0
2,4,idle,86,0.0012079999996785773,0
2,4,idle,87,0.0010000000002037268,0
2,4,idle,88,0.0010000000002037268,0
2,4,idle,89,0.0009169999993901001,0
2,4,idle,90,0.0009160000008705538,0
2,4,idle,91,0.0011670000003505265,0
2,4,idle,92,0.0011670000003505265,0
2,4,idle,93,0.0009580000005371403,0
2,4,idle,94,0.0009579999987181509,0
2,4,idle,95,0.0009579999987181509,0
2,4,idle,96,0.0009170000012090895,0
2,4,idle,97,0.0015419999999721767,0
2,4,idle,98,0.0009580000005371403,0
2,4,idle,99,0.0010419999998703133,0
2,4,idle,100,0.0011660000000119908,0
2,4,idle,101,0.0009580000005371403,0
2,4,idle,102,0.0012500000011641532,0
2,4,idle,103,0.0009999999983847374,0
2,4,idle,104,0.0010419999998703133,0
2,4,idle,105,0.0010419999998703133,0
2,4,idle,106,0.0009580000005371403,0
2,4,idle,107,0.0015000000003055902,0
2,4,idle,108,0.0009580000005371403,0
2,4,idle,109,0.0009159999990515644,0
2,4,idle,110,0.0010419999998703133,0
2,4,idle,111,0.0014580000006390037,0
2,4,idle,112,0.0010000000002037268,0
2,4,idle,113,0.0012079999996785773,0
2,4,idle,114,0.0009159999990515644,0
2,4,idle,115,0.0009580000005371403,0
2,4,idle,116,0.0010830000010173535,0
2,4,idle,117,0.0010000000002037268,0
2,4,idle,118,0.0011660000000119908,0
2,4,idle,119,0.0010419999998703133,0
2,4,idle,120,0.0010420000016893027,0
2,4,idle,121,0.0009159999990515644,0
2,4,idle,122,0.0012080000014975667,0
2,4,idle,123,0.0011249999988649506,0
2,4,idle,124,0.0010409999995317776,0
2,4,idle,125,0.0010419999998703133,0
2,4,idle,126,0.0011670000003505265,0
2,4,idle,127,0.0010000000002037268,0
2,4,idle,128,0.0012500000011641532,0
2,4,idle,129,0.0010419999998703133,0
2,4,idle,130,0.0016660000001138542,0
2,4,idle,131,0.0010000000002037268,0
2,4,idle,132,0.0010000000002037268,0
2,4,idle,133,0.0009580000005371403,0
2,4,idle,134,0.0012499999993451638,0
2,4,idle,135,0.0015829999993002275,0
2,4,idle,136,0.0009580000005371403,0
2,4,idle,137,0.0010000000002037268,0
2,4,idle,138,0.0013340000004973263,0
2,4,idle,139,0.0012079999996785773,0
2,4,idle,140,0.0009580000005371403,0
2,4,idle,141,0.0009169999993901001,0
2,4,idle,142,0.0009589999990566866,0
2,4,idle,143,0.0010000000002037268,0
2,4,idle,144,0.0012499999993451638,0
2,4,idle,145,0.0009580000005371403,0
2,4,idle,146,0.0009580000005371403,0
2,4,idle,147,0.00112500000068394,0
2,4,idle,148,0.0009999999983847374,0
2,4,idle,149,0.0012079999996785773,0
2,4,idle,150,0.0009580000005371403,0
2,4,idle,151,0.0009580000005371403,0
2,4,idle,152,0.0009579999987181509,0
2,4,idle,153,0.0012909999986732146,0
2,4,idle,154,0.0012500000011641532,0
2,4,idle,155,0.0012500000011641532,0
2,4,idle,156,0.0009169999993901001,0
2,4,idle,157,0.0010000000002037268,0
2,4,idle,158,0.0009579999987181509,0
2,4,idle,159,0.0012079999996785773,0
2,4,idle,160,0.00112500000068394,0
2,4,idle,161,0.0009580000005371403,0
2,4,idle,162,0.0010000000002037268,0
2,4,idle,163,0.0009169999993901001,0
2,4,idle,164,0.0009160000008705538,0
2,4,idle,165,0.0011670000003505265,0
2,4,idle,166,0.000959000000875676,0
2,4,idle,167,0.0009580000005371403,0
2,4,idle,168,0.0010409999995317776,0
2,4,idle,169,0.0009170000012090895,0
2,4,idle,170,0.0014169999994919635,0
2,4,idle,171,0.0010000000002037268,0
2,4,idle,172,0.0009580000005371403,0
2,4,idle,173,0.0009160000008705538,0
2,4,idle,174,0.0009169999993901001,0
2,4,idle,175,0.0009589999990566866,0
2,4,idle,176,0.001209000000017113,0
2,4,idle,177,0.0009589999990566866,0
2,4,idle,178,0.0009589999990566866,0
2,4,idle,179,0.0012499999993451638,0
2,4,idle,180,0.0009580000005371403,0
2,4,idle,181,0.001209000000017113,0
2,4,idle,182,0.0009170000012090895,0
2,4,idle,183,0.0012079999996785773,0
2,4,idle,184,0.0009580000005371403,0
2,4,idle,185,0.0009159999990515644,0
2,4,idle,186,0.0011669999985315371,0
2,4,idle,187,0.0009589999990566866,0
2,4,idle,188,0.0009589999990566866,0
2,4,idle,189,0.0009169999993901001,0
2,4,idle,190,0.0009580000005371403,0
2,4,idle,191,0.001082999999198364,0
2,4,idle,192,0.0009580000005371403,0
2,4,idle,193,0.0009170000012090895,0
2,4,idle,194,0.000959000000875676,0
2,4,idle,195,0.001332999998339801,0
2,4,idle,196,0.0010000000002037268,0
2,4,idle,197,0.0011660000000119908,0
2,4,idle,198,0.0014579999988200143,0
2,4,idle,199,0.0010000000002037268,0
2,4,idle,200,0.0010000000002037268,0
2,4,idle,201,0.00166700000045239,0
2,4,idle,202,0.0011660000000119908,0
2,4,idle,203,0.0010000000002037268,0
2,4,idle,204,0.0010419999998703133,0
2,4,idle,205,0.0009589999990566866,0
2,4,idle,206,0.0010409999995317776,0
2,4,idle,207,0.0011670000003505265,0
2,4,idle,208,0.0009580000005371403,0
2,4,idle,209,0.0010830000010173535,0
2,4,idle,210,0.0011669999985315371,0
2,4,idle,211,0.0009579999987181509,0
2,4,idle,212,0.0010000000002037268,0
2,4,idle,213,0.0014580000006390037,0
2,4,idle,214,0.0010000000002037268,0
2,4,idle,215,0.000959000000875676,0
2,4,idle,216,0.0009170000012090895,0
2,4,idle,217,0.0009159999990515644,0
2,4,idle,218,0.001209000000017113,0
2,4,idle,219,0.0013330000001587905,0
2,4,idle,220,0.00112500000068394,0
2,4,idle,221,0.001374999999825377,0
2,4,idle,222,0.0009160000008705538,0
2,4,idle,223,0.0011249999988649506,0
2,4,idle,224,0.0009579999987181509,0
2,4,idle,225,0.0008749999997235136,0
2,4,idle,226,0.0008749999997235136,0
2,4,idle,227,0.0010000000002037268,0
2,4,idle,228,0.0011660000000119908,0
2,4,idle,229,0.0009579999987181509,0
2,4,idle,230,0.0009169999993901001,0
2,4,idle,231,0.0009170000012090895,0
2,4,idle,232,0.001082999999198364,0
2,4,idle,233,0.00166700000045239,0
2,4,idle,234,0.0012079999996785773,0
2,4,idle,235,0.0009160000008705538,0
2,4,idle,236,0.0010000000002037268,0
2,4,idle,237,0.00112500000068394,0
2,4,idle,238,0.0010000000002037268,0
2,4,idle,239,0.0012919999990117503,0
2,4,idle,240,0.0009159999990515644,0
2,4,idle,241,0.001417000001310953,0
2,4,idle,242,0.00112500000068394,0
2,4,idle,243,0.0012919999990117503,0
2,4,idle,244,0.0012500000011641532,0
2,4,idle,245,0.0008749999997235136,0
2,4,idle,246,0.0009170000012090895,0
2,4,idle,247,0.0010000000002037268,0
2,4,idle,248,0.000959000000875676,0
2,4,idle,249,0.00112500000068394,0
2,4,idle,250,0.0009169999993901001,0
2,4,idle,251,0.0009580000005371403,0
2,4,idle,252,0.0009159999990515644,0
2,4,idle,253,0.0010000000002037268,0
2,4,idle,254,0.0009169999993901001,0
2,4,idle,255,0.0011670000003505265,0
2,4,idle,256,0.0009580000005371403,0
2,4,idle,257,0.0009169999993901001,0
2,4,idle,258,0.0010000000002037268,0
2,4,idle,259,0.0009169999993901001,0
2,4,idle,260,0.0012079999996785773,0
2,4,idle,261,0.0009170000012090895,0
2,4,idle,262,0.0010409999995317776,0
2,4,idle,263,0.0009169999993901001,0
2,4,idle,264,0.0012499999993451638,0
2,4,idle,265,0.0015419999999721767,0
2,4,idle,266,0.0008749999997235136,0
2,4,idle,267,0.0009580000005371403,0
2,4,idle,268,0.0010000000002037268,0
2,4,idle,269,0.0010000000002037268,0
2,4,idle,270,0.0011660000000119908,0
2,4,idle,271,0.0010000000002037268,0
2,4,idle,272,0.0009160000008705538,0
2,4,idle,273,0.0014169999994919635,0
2,4,idle,274,0.000959000000875676,0
2,4,idle,275,0.0010000000002037268,0
2,4,idle,276,0.0011249999988649506,0
2,4,idle,277,0.0009169999993901001,0
2,4,idle,278,0.0009160000008705538,0
2,4,idle,279,0.0009580000005371403,0
2,4,idle,280,0.0010419999998703133,0
2,4,idle,281,0.0011670000003505265,0
2,4,idle,282,0.0010000000002037268,0
2,4,idle,283,0.001540999999633641,0
2,4,idle,284,0.0014169999994919635,0
2,4,idle,285,0.0009999999983847374,0
2,4,idle,286,0.0012079999996785773,0
2,4,idle,287,0.0009589999990566866,0
2,4,idle,288,0.0010000000002037268,0
2,4,idle,289,0.0009579999987181509,0
2,4,idle,290,0.000959000000875676,0
2,4,idle,291,0.0010840000013558893,0
2,4,idle,292,0.0009169999993901001,0
2,4,idle,293,0.0010419999998703133,0
2,4,idle,294,0.0009580000005371403,0
2,4,idle,295,0.0009160000008705538,0
2,4,idle,296,0.0011670000003505265,0
2,4,idle,297,0.0010839999995368998,0
2,4,idle,298,0.0009589999990566866,0
2,4,idle,299,0.0009169999993901001,0
2,4,idle,300,0.0009580000005371403,0
2,4,idle,301,0.0009580000005371403,0
2,4,idle,302,0.0011249999988649506,0
2,4,idle,303,0.0012079999996785773,0
2,4,idle,304,0.0010000000002037268,0
2,4,idle,305,0.0010419999998703133,0
2,4,idle,306,0.0013330000001587905,0
2,4,idle,307,0.0011660000000119908,0
2,4,idle,308,0.0009579999987181509,0
2,4,idle,309,0.000959000000875676,0
2,4,idle,310,0.0009170000012090895,0
2,4,idle,311,0.0009580000005371403,0
2,4,idle,312,0.0009579999987181509,0
2,4,idle,313,0.0011670000003505265,0
2,4,idle,314,0.0009589999990566866,0
2,4,idle,315,0.0010420000016893027,0
2,4,idle,316,0.0009159999990515644,0
2,4,idle,317,0.000959000000875676,0
2,4,idle,318,0.001833000000260654,0
2,4,idle,319,0.0009580000005371403,0
2,4,idle,320,0.0009999999983847374,0
2,4,idle,321,0.0012080000014975667,0
2,4,idle,322,0.0008749999997235136,0
2,4,idle,323,0.0011660000000119908,0
2,4,idle,324,0.0010839999995368998,0
2,4,idle,325,0.0009169999993901001,0
2,4,idle,326,0.0010000000002037268,0
2,4,idle,327,0.0012079999996785773,0
2,4,idle,328,0.0012079999996785773,0
2,4,idle,329,0.0010000000002037268,0
2,4,idle,330,0.0014159999991534278,0
2,4,idle,331,0.000959000000875676,0
2,4,idle,332,0.0010000000002037268,0
2,4,idle,333,0.0009169999993901001,0
2,4,idle,334,0.0014160000009724172,0
2,4,idle,335,0.0010419999998703133,0
2,4,idle,336,0.0011249999988649506,0
2,4,idle,337,0.0010419999998703133,0
2,4,idle,338,0.0009169999993901001,0
2,4,idle,339,0.00112500000068394,0
2,4,idle,340,0.0009580000005371403,0
2,4,idle,341,0.0010000000002037268,0
2,4,idle,342,0.0009579999987181509,0
2,4,idle,343,0.0009580000005371403,0
2,4,idle,344,0.00112500000068394,0
2,4,idle,345,0.00112500000068394,0
2,4,idle,346,0.0010000000002037268,0
2,4,idle,347,0.0010409999995317776,0
2,4,idle,348,0.0009589999990566866,0
2,4,idle,349,0.0011670000003505265,0
2,4,idle,350,0.0009159999990515644,0
2,4,idle,351,0.0009580000005371403,0
2,4,idle,352,0.0009170000012090895,0
2,4,idle,353,0.000959000000875676,0
2,4,idle,354,0.0009579999987181509,0
2,4,idle,355,0.0011670000003505265,0
2,4,idle,356,0.000875000001542503,0
2,4,idle,357,0.0009579999987181509,0
2,4,idle,358,0.0010000000002037268,0
2,4,idle,359,0.0012920000008307397,0
2,4,idle,360,0.0010830000010173535,0
2,4,idle,361,0.0009159999990515644,0
2,4,idle,362,0.0009580000005371403,0
2,4,idle,363,0.0008749999997235136,0
2,4,idle,364,0.0012080000014975667,0
2,4,idle,365,0.0011249999988649506,0
2,4,idle,366,0.0009579999987181509,0
2,4,idle,367,0.0009579999987181509,0
2,4,idle,368,0.00112500000068394,0
2,4,idle,369,0.0009170000012090895,0
2,4,idle,370,0.0014580000006390037,0
2,4,idle,371,0.0009579999987181509,0
2,4,idle,372,0.0009159999990515644,0
2,4,idle,373,0.0009580000005371403,0
2,4,idle,374,0.0009170000012090895,0
2,4,idle,375,0.0009169999993901001,0
2,4,idle,376,0.0012080000014975667,0
2,4,idle,377,0.0010419999998703133,0
2,4,idle,378,0.0009169999993901001,0
2,4,idle,379,0.0010000000002037268,0
2,4,idle,380,0.0009580000005371403,0
2,4,idle,381,0.0011670000003505265,0
2,4,idle,382,0.0009580000005371403,0
2,4,idle,383,0.0009580000005371403,0
2,4,idle,384,0.0009579999987181509,0
2,4,idle,385,0.0009579999987181509,0
2,4,idle,386,0.0012500000011641532,0
2,4,idle,387,0.0011660000000119908,0
2,4,idle,388,0.0009169999993901001,0
2,4,idle,389,0.0010419999998703133,0
2,4,idle,390,0.0013330000001587905,0
2,4,idle,391,0.00112500000068394,0
2,4,idle,392,0.0009579999987181509,0
2,4,idle,393,0.0008749999997235136,0
2,4,idle,394,0.0010000000002037268,0
2,4,idle,395,0.0010830000010173535,0
2,4,idle,396,0.0008749999997235136,0
2,4,idle,397,0.0012079999996785773,0
2,4,idle,398,0.0010409999995317776,0
2,4,idle,399,0.001082999999198364,0
2,4,idle,400,0.0010419999998703133,0
2,4,idle,401,0.0009579999987181509,0
2,4,idle,402,0.0012499999993451638,0
2,4,idle,403,0.0009580000005371403,0
2,4,idle,404,0.0011669999985315371,0
2,4,idle,405,0.0009589999990566866,0
2,4,idle,406,0.001041000001350767,0
2,4,idle,407,0.001374999999825377,0
2,4,idle,408,0.0010000000002037268,0
2,4,idle,409,0.001082999999198364,0
2,4,idle,410,0.0009580000005371403,0
2,4,idle,411,0.0009580000005371403,0
2,4,idle,412,0.0009580000005371403,0
2,4,idle,413,0.0012499999993451638,0
2,4,idle,414,0.0017500000012660166,0
2,4,idle,415,0.0009579999987181509,0
2,4,idle,416,0.0010420000016893027,0
2,4,idle,417,0.0014159999991534278,0
2,4,idle,418,0.0012500000011641532,0
2,4,idle,419,0.0009580000005371403,0
2,4,idle,420,0.0009999999983847374,0
2,4,idle,421,0.0008749999997235136,0
2,4,idle,422,0.001209000000017113,0
2,4,idle,423,0.0011249999988649506,0
2,4,idle,424,0.0009169999993901001,0
2,4,idle,425,0.0012079999996785773,0
2,4,idle,426,0.0009160000008705538,0
2,4,idle,427,0.0009579999987181509,0
2,4,idle,428,0.001209000000017113,0
2,4,idle,429,0.0010000000002037268,0
2,4,idle,430,0.0009169999993901001,0
2,4,idle,431,0.00112500000068394,0
2,4,idle,432,0.0009170000012090895,0
2,4,idle,433,0.0009579999987181509,0
2,4,idle,434,0.00112500000068394,0
2,4,idle,435,0.0009160000008705538,0
2,4,idle,436,0.0009589999990566866,0
2,4,idle,437,0.0009160000008705538,0
2,4,idle,438,0.0009589999990566866,0
2,4,idle,439,0.001209000000017113,0
2,4,idle,440,0.0009159999990515644,0
2,4,idle,441,0.0009580000005371403,0
2,4,idle,442,0.0010830000010173535,0
2,4,idle,443,0.0010419999998703133,0
2,4,idle,444,0.0011670000003505265,0
2,4,idle,445,0.0009580000005371403,0
2,4,idle,446,0.0009580000005371403,0
2,4,idle,447,0.0009580000005371403,0
2,4,idle,448,0.0010000000002037268,0
2,4,idle,449,0.0011670000003505265,0
2,4,idle,450,0.0010419999998703133,0
2,4,idle,451,0.0010000000002037268,0
2,4,idle,452,0.0009160000008705538,0
2,4,idle,453,0.0012079999996785773,0
2,4,idle,454,0.0011670000003505265,0
2,4,idle,455,0.0014580000006390037,0
2,4,idle,456,0.0010409999995317776,0
2,4,idle,457,0.0015419999999721767,0
2,4,idle,458,0.0010419999998703133,0
2,4,idle,459,0.0009159999990515644,0
2,4,idle,460,0.0010419999998703133,0
2,4,idle,461,0.0009589999990566866,0
2,4,idle,462,0.0010839999995368998,0
2,4,idle,463,0.000959000000875676,0
2,4,idle,464,0.000959000000875676,0
2,4,idle,465,0.0017910000005940674,0
2,4,idle,466,0.0010839999995368998,0
2,4,idle,467,0.0009579999987181509,0
2,4,idle,468,0.0009579999987181509,0
2,4,idle,469,0.0012080000014975667,0
2,4,idle,470,0.0012079999996785773,0
2,4,idle,471,0.0010839999995368998,0
2,4,idle,472,0.0009169999993901001,0
2,4,idle,473,0.0010000000002037268,0
2,4,idle,474,0.0009580000005371403,0
2,4,idle,475,0.0009159999990515644,0
2,4,idle,476,0.001082999999198364,0
2,4,idle,477,0.0009580000005371403,0
2,4,idle,478,0.0009580000005371403,0
2,4,idle,479,0.0010000000002037268,0
2,4,idle,480,0.0010419999998703133,0
2,4,idle,481,0.0013330000001587905,0
2,4,idle,482,0.0009169999993901001,0
2,4,idle,483,0.00112500000068394,0
2,4,idle,484,0.001624999998966814,0
2,4,idle,485,0.0012919999990117503,0
2,4,idle,486,0.0017910000005940674,0
2,4,idle,487,0.000959000000875676,0
2,4,idle,488,0.0012920000008307397,0
2,4,idle,489,0.0009579999987181509,0
2,4,idle,490,0.0009159999990515644,0
2,4,idle,491,0.0011670000003505265,0
2,4,idle,492,0.0010000000002037268,0
2,4,idle,493,0.0009169999993901001,0
2,4,idle,494,0.00112500000068394,0
2,4,idle,495,0.0012499999993451638,0
2,4,idle,496,0.0009580000005371403,0
2,4,idle,497,0.00112500000068394,0
2,4,idle,498,0.0009160000008705538,0
2,4,idle,499,0.0011670000003505265,0
2,4,idle,500,0.001374999999825377,0
2,4,idle,501,0.0009580000005371403,0
2,4,idle,502,0.0011670000003505265,0
2,4,idle,503,0.000959000000875676,0
2,4,idle,504,0.0009580000005371403,0
2,4,idle,505,0.0010000000002037268,0
2,4,idle,506,0.000959000000875676,0
2,4,idle,507,0.0011249999988649506,0
2,4,idle,508,0.0009169999993901001,0
2,4,idle,509,0.0009160000008705538,0
2,4,idle,510,0.0015000000003055902,0
2,4,idle,511,0.0010000000002037268,0
2,4,idle,512,0.000959000000875676,0
2,4,idle,513,0.0012079999996785773,0
2,4,idle,514,0.0010419999998703133,0
2,4,idle,515,0.0010000000002037268,0
2,4,idle,516,0.0014590000009775395,0
2,4,idle,517,0.0009169999993901001,0
2,4,idle,518,0.0011660000000119908,0
2,4,idle,519,0.0009170000012090895,0
2,4,idle,520,0.0010409999995317776,0
2,4,idle,521,0.0012080000014975667,0
2,4,idle,522,0.0009169999993901001,0
2,4,idle,523,0.001209000000017113,0
2,4,idle,524,0.0009580000005371403,0
2,4,idle,525,0.0013330000001587905,0
2,4,idle,526,0.0010839999995368998,0
2,4,idle,527,0.0010419999998703133,0
2,4,idle,528,0.0012079999996785773,0
2,4,idle,529,0.0014580000006390037,0
2,4,idle,530,0.0009580000005371403,0
2,4,idle,531,0.0013330000001587905,0
2,4,idle,532,0.0009580000005371403,0
2,4,idle,533,0.0009169999993901001,0
2,4,idle,534,0.001209000000017113,0
2,4,idle,535,0.0010830000010173535,0
2,4,idle,536,0.0009580000005371403,0
2,4,idle,537,0.0010419999998703133,0
2,4,idle,538,0.0010000000002037268,0
2,4,idle,539,0.00112500000068394,0
2,4,idle,540,0.0009580000005371403,0
2,4,idle,541,0.0010419999998703133,0
2,4,idle,542,0.0009159999990515644,0
2,4,idle,543,0.0015419999999721767,0
2,4,idle,544,0.0012080000014975667,0
2,4,idle,545,0.0009580000005371403,0
2,4,idle,546,0.001374999999825377,0
2,4,idle,547,0.0010000000002037268,0
2,4,idle,548,0.0014159999991534278,0
2,4,idle,549,0.0012499999993451638,0
2,4,idle,550,0.0010409999995317776,0
2,4,idle,551,0.0009580000005371403,0
2,4,idle,552,0.0009580000005371403,0
2,4,idle,553,0.0010839999995368998,0
2,4,idle,554,0.0008749999997235136,0
2,4,idle,555,0.0012920000008307397,0
2,4,idle,556,0.0009589999990566866,0
2,4,idle,557,0.00112500000068394,0
2,4,idle,558,0.0009170000012090895,0
2,4,idle,559,0.0008749999997235136,0
2,4,idle,560,0.0011669999985315371,0
2,4,idle,561,0.0009170000012090895,0
2,4,idle,562,0.0010000000002037268,0
2,4,idle,563,0.0010000000002037268,0
2,4,idle,564,0.0015000000003055902,0
2,4,idle,565,0.0032499999997526174,0
2,4,idle,566,0.0022920000010344665,0
2,4,idle,567,0.002500000000509317,0
2,4,idle,568,0.0023330000003625173,0
2,4,idle,569,0.003582999999707681,0
2,4,idle,570,0.003040999999939231,0
2,4,idle,571,0.0030000000006111804,0
2,4,idle,572,0.0029589999994641403,0
2,4,idle,573,0.0023330000003625173,0
2,4,idle,574,0.002540999999837368,0
2,4,idle,575,0.002500000000509317,0
2,4,idle,576,0.008083999999143998,0
2,4,idle,577,0.002749999999650754,0
2,4,idle,578,0.00258399999984249,0
2,4,idle,579,0.003208000000086031,0
2,4,idle,580,0.002416000001176144,0
2,4,idle,581,0.0032499999997526174,0
2,4,idle,582,0.0024999999986903276,0
2,4,idle,583,0.0024999999986903276,0
2,4,idle,584,0.0025829999995039543,0
2,4,idle,585,0.0024999999986903276,0
2,4,idle,586,0.0031669999989389908,0
2,4,idle,587,0.002500000000509317,0
2,4,idle,588,0.0036249999993742676,0
2,4,idle,589,0.0024999999986903276,0
2,4,idle,590,0.0025420000001759036,0
2,4,idle,591,0.0032499999997526174,0
2,4,idle,592,0.0025830000013229437,0
2,4,idle,593,0.0030839999999443535,0
2,4,idle,594,0.002500000000509317,0
2,4,idle,595,0.002500000000509317,0
2,4,idle,596,0.002375000000029104,0
2,4,idle,597,0.0028329999986453913,0
2,4,idle,598,0.002540999999837368,0
2,4,idle,599,0.0024580000008427305,0
2,4,idle,600,0.0028750000001309672,0
2,4,idle,601,0.002457999999023741,0
2,4,idle,602,0.0030839999999443535,0
2,4,idle,603,0.0025420000001759036,0
2,4,idle,604,0.002624999999170541,0
2,4,idle,605,0.002416000001176144,0
2,4,idle,606,0.003333000000566244,0
2,4,idle,607,0.0028750000001309672,0
2,4,idle,608,0.002540999999837368,0
2,4,idle,609,0.0024580000008427305,0
2,4,idle,610,0.002500000000509317,0
2,4,idle,611,0.003083000001424807,0
2,4,idle,612,0.002375000000029104,0
2,4,idle,613,0.0028750000001309672,0
2,4,idle,614,0.002457999999023741,0
2,4,idle,615,0.0025829999995039543,0
2,4,idle,616,0.0024999999986903276,0
2,4,idle,617,0.0024159999993571546,0
2,4,idle,618,0.0031250000010913936,0
2,4,idle,619,0.0022920000010344665,0
2,4,idle,620,0.002917000001616543,0
2,4,idle,621,0.002500000000509317,0
2,4,idle,622,0.002500000000509317,0
2,4,idle,623,0.0030000000006111804,0
2,4,idle,624,0.0024169999996956903,0
2,4,idle,625,0.0024580000008427305,0
2,4,idle,626,0.002375000000029104,0
2,4,idle,627,0.0026669999988371274,0
2,4,idle,628,0.00316700000075798,0
2,4,idle,629,0.0023330000003625173,0
2,4,idle,630,0.003666000000521308,0
2,4,idle,631,0.0026250000009895302,0
2,4,idle,632,0.0024580000008427305,0
2,4,idle,633,0.0025420000001759036,0
2,4,idle,634,0.002999999998792191,0
2,4,idle,635,0.002500000000509317,0
2,4,idle,636,0.002790999998978805,0
2,4,idle,637,0.002457999999023741,0
2,4,idle,638,0.0024169999996956903,0
2,4,idle,639,0.002999999998792191,0
2,4,idle,640,0.0028750000001309672,0
2,4,idle,641,0.002458999999362277,0
2,4,idle,642,0.003208000000086031,0
2,4,idle,643,0.0023330000003625173,0
2,4,idle,644,0.002915999999459018,0
2,4,idle,645,0.0024159999993571546,0
2,4,idle,646,0.0025420000001759036,0
2,4,idle,647,0.002375000000029104,0
2,4,idle,648,0.0024590000011812663,0
2,4,idle,649,0.0028750000001309672,0
2,4,idle,650,0.0027090000003227033,0
2,4,idle,651,0.0031249999992724042,0
2,4,idle,652,0.0027079999999841675,0
2,4,idle,653,0.002790999998978805,0
2,4,idle,654,0.0026669999988371274,0
2,4,idle,655,0.004208000000289758,0
2,4,idle,656,0.0027079999999841675,0
2,4,idle,657,0.002749999999650754,0
2,4,idle,658,0.002540999999837368,0
2,4,idle,659,0.002540999999837368,0
2,4,idle,660,0.003040999999939231,0
2,4,idle,661,0.0025830000013229437,0
2,4,idle,662,0.002500000000509317,0
2,4,idle,663,0.0024169999996956903,0
2,4,idle,664,0.0025829999995039543,0
2,4,idle,665,0.003040999999939231,0
2,4,idle,666,0.003208000000086031,0
2,4,idle,667,0.002375000000029104,0
2,4,idle,668,0.002500000000509317,0
2,4,idle,669,0.0026250000009895302,0
2,4,idle,670,0.0030839999999443535,0
2,4,idle,671,0.0025420000001759036,0
2,4,idle,672,0.002458999999362277,0
2,4,idle,673,0.003582999999707681,0
2,4,idle,674,0.0031250000010913936,0
2,4,idle,675,0.0024169999996956903,0
2,4,idle,676,0.0030000000006111804,0
2,4,idle,677,0.002457999999023741,0
2,4,idle,678,0.00258399999984249,0
2,4,idle,679,0.0025420000001759036,0
2,4,idle,680,0.0025829999995039543,0
2,4,idle,681,0.003040999999939231,0
2,4,idle,682,0.002666000000317581,0
2,4,idle,683,0.003040999999939231,0
2,4,idle,684,0.0024159999993571546,0
2,4,idle,685,0.0025830000013229437,0
2,4,idle,686,0.0030000000006111804,0
2,4,idle,687,0.0026670000006561168,0
2,4,idle,688,0.00258399999984249,0
2,4,idle,689,0.002749999999650754,0
2,4,idle,690,0.0024159999993571546,0
2,4,idle,691,0.003040999999939231,0
2,4,idle,692,0.002666000000317581,0
2,4,idle,693,0.0024580000008427305,0
2,4,idle,694,0.002457999999023741,0
2,4,idle,695,0.002540999999837368,0
2,4,idle,696,0.003291999999419204,0
2,4,idle,697,0.0031669999989389908,0
2,4,idle,698,0.002791000000797794,0
2,4,idle,699,0.0025830000013229437,0
2,4,idle,700,0.002500000000509317,0
2,4,idle,701,0.002624999999170541,0
2,4,idle,702,0.0029169999997975538,0
2,4,idle,703,0.002458999999362277,0
2,4,idle,704,0.002457999999023741,0
2,4,idle,705,0.003333000000566244,0
2,4,idle,706,0.00258399999984249,0
2,4,idle,707,0.003208000000086031,0
2,4,idle,708,0.0024169999996956903,0
2,4,idle,709,0.0025420000001759036,0
2,4,idle,710,0.0027079999999841675,0
2,4,idle,711,0.002540999999837368,0
2,4,idle,712,0.002457999999023741,0
2,4,idle,713,0.0031249999992724042,0
2,4,idle,714,0.0030829999996058177,0
2,4,idle,715,0.0024999999986903276,0
2,4,idle,716,0.003541999998560641,0
2,4,idle,717,0.003042000000277767,0
2,4,idle,718,0.0030000000006111804,0
2,4,idle,719,0.002540999999837368,0
2,4,idle,720,0.0025420000001759036,0
2,4,idle,721,0.0035420000003796304,0
2,4,idle,722,0.002917000001616543,0
2,4,idle,723,0.003208000000086031,0
2,4,idle,724,0.002500000000509317,0
2,4,idle,725,0.0024999999986903276,0
2,4,idle,726,0.003208000000086031,0
2,4,idle,727,0.0026670000006561168,0
2,4,idle,728,0.003208000000086031,0
2,4,idle,729,0.0025420000001759036,0
2,4,idle,730,0.0025420000001759036,0
2,4,idle,731,0.002500000000509317,0
2,4,idle,732,0.0027079999999841675,0
2,4,idle,733,0.0026670000006561168,0
2,4,idle,734,0.00333400000090478,0
2,4,idle,735,0.0026250000009895302,0
2,4,idle,736,0.0026670000006561168,0
2,4,idle,737,0.0031660000004194444,0
2,4,idle,738,0.002500000000509317,0
2,4,idle,739,0.003333000000566244,0
2,4,idle,740,0.0025829999995039543,0
2,4,idle,741,0.0026250000009895302,0
2,4,idle,742,0.0026250000009895302,0
2,4,idle,743,0.0025420000001759036,0
2,4,idle,744,0.0028750000001309672,0
2,4,idle,745,0.002500000000509317,0
2,4,idle,746,0.0029160000012780074,0
2,4,idle,747,0.002457999999023741,0
2,4,idle,748,0.002749999999650754,0
2,4,idle,749,0.003042000000277767,0
2,4,idle,750,0.0024169999996956903,0
2,4,idle,751,0.0029169999997975538,0
2,4,idle,752,0.002334000000701053,0
2,4,idle,753,0.0025420000001759036,0
2,4,idle,754,0.0025829999995039543,0
2,4,idle,755,0.0030000000006111804,0
2,4,idle,756,0.003042000000277767,0
2,4,idle,757,0.0026669999988371274,0
2,4,idle,758,0.0029169999997975538,0
2,4,idle,759,0.003250000001571607,0
2,4,idle,760,0.0030829999996058177,0
2,4,idle,761,0.0023339999988820637,0
2,4,idle,762,0.0025829999995039543,0
2,4,idle,763,0.002540999999837368,0
2,4,idle,764,0.002500000000509317,0
2,4,idle,765,0.002833999998983927,0
2,4,idle,766,0.0025420000001759036,0
2,4,idle,767,0.0026250000009895302,0
2,4,idle,768,0.003333000000566244,0
2,4,idle,769,0.0024159999993571546,0
2,4,idle,770,0.0028329999986453913,0
2,4,idle,771,0.0024169999996956903,0
2,4,idle,772,0.002458999999362277,0
2,4,idle,773,0.0027079999999841675,0
2,4,idle,774,0.002375000000029104,0
2,4,idle,775,0.0025420000001759036,0
2,4,idle,776,0.0030839999999443535,0
2,4,idle,777,0.0027079999999841675,0
2,4,idle,778,0.0024159999993571546,0
2,4,idle,779,0.0034580000010464573,0
2,4,idle,780,0.0024169999996956903,0
2,4,idle,781,0.0030829999996058177,0
2,4,idle,782,0.0024580000008427305,0
2,4,idle,783,0.002457999999023741,0
2,4,idle,784,0.002375000000029104,0
2,4,idle,785,0.0024580000008427305,0
2,4,idle,786,0.003749999999854481,0
2,4,idle,787,0.002540999999837368,0
2,4,idle,788,0.0025420000001759036,0
2,4,idle,789,0.0031669999989389908,0
2,4,idle,790,0.002457999999023741,0
2,4,idle,791,0.0028750000001309672,0
2,4,idle,792,0.002500000000509317,0
2,4,idle,793,0.002334000000701053,0
2,4,idle,794,0.0022920000010344665,0
2,4,idle,795,0.0024590000011812663,0
2,4,idle,796,0.0022920000010344665,0
2,4,idle,797,0.002958000000944594,0
2,4,idle,798,0.002291000000695931,0
2,4,idle,799,0.0024580000008427305,0
2,4,idle,800,0.003749999999854481,0
2,4,idle,801,0.0025829999995039543,0
2,4,idle,802,0.001209000000017113,0
2,4,idle,803,0.0009589999990566866,0
2,4,idle,804,0.0009160000008705538,0
2,4,idle,805,0.0008330000000569271,0
2,4,idle,806,0.0008749999997235136,0
2,4,idle,807,0.0011660000000119908,0
2,4,idle,808,0.000959000000875676,0
2,4,idle,809,0.00112500000068394,0
2,4,idle,810,0.0009169999993901001,0
2,4,idle,811,0.001082999999198364,0
2,4,idle,812,0.0009160000008705538,0
2,4,idle,813,0.001209000000017113,0
2,4,idle,814,0.0014579999988200143,0
2,4,idle,815,0.0009580000005371403,0
2,4,idle,816,0.0012500000011641532,0
2,4,idle,817,0.0010000000002037268,0
2,4,idle,818,0.0011660000000119908,0
2,4,idle,819,0.0009169999993901001,0
2,4,idle,820,0.001540999999633641,0
2,4,idle,821,0.0009169999993901001,0
2,4,idle,822,0.0009170000012090895,0
2,4,idle,823,0.0015000000003055902,0
2,4,idle,824,0.0009579999987181509,0
2,4,idle,825,0.0009580000005371403,0
2,4,idle,826,0.0009160000008705538,0
2,4,idle,827,0.0009169999993901001,0
2,4,idle,828,0.0011249999988649506,0
2,4,idle,829,0.0009169999993901001,0
2,4,idle,830,0.0010000000002037268,0
2,4,idle,831,0.0012920000008307397,0
2,4,idle,832,0.0010419999998703133,0
2,4,idle,833,0.0009169999993901001,0
2,4,idle,834,0.0011249999988649506,0
2,4,idle,835,0.0010000000002037268,0
2,4,idle,836,0.0009169999993901001,0
2,4,idle,837,0.0010000000002037268,0
2,4,idle,838,0.000959000000875676,0
2,4,idle,839,0.0012500000011641532,0
2,4,idle,840,0.0011669999985315371,0
2,4,idle,841,0.001374999999825377,0
2,4,idle,842,0.0009579999987181509,0
2,4,idle,843,0.0009580000005371403,0
2,4,idle,844,0.0012079999996785773,0
2,4,idle,845,0.0009169999993901001,0
2,4,idle,846,0.0014580000006390037,0
2,4,idle,847,0.0009159999990515644,0
2,4,idle,848,0.0013340000004973263,0
2,4,idle,849,0.0012500000011641532,0
2,4,idle,850,0.0010000000002037268,0
2,4,idle,851,0.0009580000005371403,0
2,4,idle,852,0.0008749999997235136,0
2,4,idle,853,0.0009580000005371403,0
2,4,idle,854,0.0010409999995317776,0
2,4,idle,855,0.0012500000011641532,0
2,4,idle,856,0.0013339999986783369,0
2,4,idle,857,0.0010000000002037268,0
2,4,idle,858,0.0009169999993901001,0
2,4,idle,859,0.0009160000008705538,0
2,4,idle,860,0.0011249999988649506,0
2,4,idle,861,0.0009579999987181509,0
2,4,idle,862,0.0009580000005371403,0
2,4,idle,863,0.0016250000007858034,0
2,4,idle,864,0.0010840000013558893,0
2,4,idle,865,0.0012499999993451638,0
2,4,idle,866,0.0009170000012090895,0
2,4,idle,867,0.0010419999998703133,0
2,4,idle,868,0.0009160000008705538,0
2,4,idle,869,0.0009580000005371403,0
2,4,idle,870,0.0011670000003505265,0
2,4,idle,871,0.0010000000002037268,0
2,4,idle,872,0.0012499999993451638,0
2,4,idle,873,0.00112500000068394,0
2,4,idle,874,0.0009579999987181509,0
2,4,idle,875,0.0009159999990515644,0
2,4,idle,876,0.0015839999996387633,0
2,4,idle,877,0.0009589999990566866,0
2,4,idle,878,0.0009589999990566866,0
2,4,idle,879,0.000959000000875676,0
2,4,idle,880,0.0009580000005371403,0
2,4,idle,881,0.0012079999996785773,0
2,4,idle,882,0.0010419999998703133,0
2,4,idle,883,0.0010000000002037268,0
2,4,idle,884,0.0009170000012090895,0
2,4,idle,885,0.0009159999990515644,0
2,4,idle,886,0.0011669999985315371,0
2,4,idle,887,0.0009589999990566866,0
2,4,idle,888,0.0010000000002037268,0
2,4,idle,889,0.0009169999993901001,0
2,4,idle,890,0.0010000000002037268,0
2,4,idle,891,0.001209000000017113,0
2,4,idle,892,0.0009580000005371403,0
2,4,idle,893,0.0010000000002037268,0
2,4,idle,894,0.001374999999825377,0
2,4,idle,895,0.0010419999998703133,0
2,4,idle,896,0.0009170000012090895,0
2,4,idle,897,0.001082999999198364,0
2,4,idle,898,0.0009159999990515644,0
2,4,idle,899,0.0009170000012090895,0
2,4,idle,900,0.0009169999993901001,0
2,4,idle,901,0.0009160000008705538,0
2,4,idle,902,0.0011670000003505265,0
2,4,idle,903,0.0015000000003055902,0
2,4,idle,904,0.0009169999993901001,0
2,4,idle,905,0.001374999999825377,0
2,4,idle,906,0.0010419999998703133,0
2,4,idle,907,0.0016660000001138542,0
2,4,idle,908,0.0009169999993901001,0
2,4,idle,909,0.000959000000875676,0
2,4,idle,910,0.0010409999995317776,0
2,4,idle,911,0.0010000000002037268,0
2,4,idle,912,0.0010419999998703133,0
2,4,idle,913,0.0011660000000119908,0
2,4,idle,914,0.0010000000002037268,0
2,4,idle,915,0.0009580000005371403,0
2,4,idle,916,0.00166700000045239,0
2,4,idle,917,0.0011670000003505265,0
2,4,idle,918,0.0012079999996785773,0
2,4,idle,919,0.0009159999990515644,0
2,4,idle,920,0.0011670000003505265,0
2,4,idle,921,0.000959000000875676,0
2,4,idle,922,0.0009170000012090895,0
2,4,idle,923,0.0013330000001587905,0
2,4,idle,924,0.0009159999990515644,0
2,4,idle,925,0.0009579999987181509,0
2,4,idle,926,0.0012079999996785773,0
2,4,idle,927,0.0010000000002037268,0
2,4,idle,928,0.0011249999988649506,0
2,4,idle,929,0.0009159999990515644,0
2,4,idle,930,0.0009170000012090895,0
2,4,idle,931,0.000959000000875676,0
2,4,idle,932,0.0009159999990515644,0
2,4,idle,933,0.0009170000012090895,0
2,4,idle,934,0.001209000000017113,0
2,4,idle,935,0.0015000000003055902,0
2,4,idle,936,0.0010000000002037268,0
2,4,idle,937,0.0014580000006390037,0
2,4,idle,938,0.0009169999993901001,0
2,4,idle,939,0.0011670000003505265,0
2,4,idle,940,0.0009159999990515644,0
2,4,idle,941,0.000959000000875676,0
2,4,idle,942,0.000959000000875676,0
2,4,idle,943,0.0010419999998703133,0
2,4,idle,944,0.0012079999996785773,0
2,4,idle,945,0.000959000000875676,0
2,4,idle,946,0.0010409999995317776,0
2,4,idle,947,0.0009580000005371403,0
2,4,idle,948,0.0009169999993901001,0
2,4,idle,949,0.00112500000068394,0
2,4,idle,950,0.0010000000002037268,0
2,4,idle,951,0.0010000000002037268,0
2,4,idle,952,0.0010000000002037268,0
2,4,idle,953,0.0009170000012090895,0
2,4,idle,954,0.0009159999990515644,0
2,4,idle,955,0.0011670000003505265,0
2,4,idle,956,0.0009170000012090895,0
2,4,idle,957,0.0011660000000119908,0
2,4,idle,958,0.0009580000005371403,0
2,4,idle,959,0.0009169999993901001,0
2,4,idle,960,0.0011660000000119908,0
2,4,idle,961,0.0009579999987181509,0
2,4,idle,962,0.0009170000012090895,0
2,4,idle,963,0.0009170000012090895,0
2,4,idle,964,0.0009999999983847374,0
2,4,idle,965,0.0017079999997804407,0
2,4,idle,966,0.0012079999996785773,0
2,4,idle,967,0.0010000000002037268,0
2,4,idle,968,0.0009580000005371403,0
2,4,idle,969,0.0010419999998703133,0
2,4,idle,970,0.0012079999996785773,0
2,4,idle,971,0.0010000000002037268,0
2,4,idle,972,0.0012079999996785773,0
2,4,idle,973,0.0011670000003505265,0
2,4,idle,974,0.0012499999993451638,0
2,4,idle,975,0.0009169999993901001,0
2,4,idle,976,0.0011249999988649506,0
2,4,idle,977,0.0010000000002037268,0
2,4,idle,978,0.000959000000875676,0
2,4,idle,979,0.0009170000012090895,0
2,4,idle,980,0.0009579999987181509,0
2,4,idle,981,0.001583000001119217,0
2,4,idle,982,0.0009580000005371403,0
2,4,idle,983,0.0009589999990566866,0
2,4,idle,984,0.0009589999990566866,0
2,4,idle,985,0.0010000000002037268,0
2,4,idle,986,0.0011660000000119908,0
2,4,idle,987,0.0009580000005371403,0
2,4,idle,988,0.0009580000005371403,0
2,4,idle,989,0.0013339999986783369,0
2,4,idle,990,0.0013340000004973263,0
2,4,idle,991,0.0012919999990117503,0
2,4,idle,992,0.0010420000016893027,0
2,4,idle,993,0.0009999999983847374,0
2,4,idle,994,0.0010000000002037268,0
2,4,idle,995,0.0014160000009724172,0
2,4,idle,996,0.0009580000005371403,0
2,4,idle,997,0.0012919999990117503,0
2,4,idle,998,0.00112500000068394,0
2,4,idle,999,0.001209000000017113,0
2,4,event,0,0.01266600000053586,4
2,4,event,1,0.00166700000045239,0
2,4,event,2,0.000959000000875676,0
2,4,event,3,0.001209000000017113,0
2,4,event,4,0.0009170000012090895,0
2,4,event,5,0.0009580000005371403,0
2,4,event,6,0.0009169999993901001,0
2,4,event,7,0.0009170000012090895,0
2,4,event,8,0.0011660000000119908,0
2,4,event,9,0.0009580000005371403,0
2,4,event,10,0.0009580000005371403,0
2,4,event,11,0.0012919999990117503,0
2,4,event,12,0.0012080000014975667,0
2,4,event,13,0.0011669999985315371,0
2,4,event,14,0.0009169999993901001,0
2,4,event,15,0.0014160000009724172,0
2,4,event,16,0.0009169999993901001,0
2,4,event,17,0.0009589999990566866,0
2,4,event,18,0.0011249999988649506,0
2,4,event,19,0.0010000000002037268,0
2,4,event,20,0.000875000001542503,0
2,4,event,21,0.0009589999990566866,0
2,4,event,22,0.0010000000002037268,0
2,4,event,23,0.0011670000003505265,0
2,4,event,24,0.0012909999986732146,0
2,4,event,25,0.0012919999990117503,0
2,4,event,26,0.0009999999983847374,0
2,4,event,27,0.0009169999993901001,0
2,4,event,28,0.0008749999997235136,0
2,4,event,29,0.0012079999996785773,0
2,4,event,30,0.0009169999993901001,0
2,4,event,31,0.0009169999993901001,0
2,4,event,32,0.0009580000005371403,0
2,4,event,33,0.0009160000008705538,0
2,4,event,34,0.0012499999993451638,0
2,4,event,35,0.0010419999998703133,0
2,4,event,36,0.0009580000005371403,0
2,4,event,37,0.0009169999993901001,0
2,4,event,38,0.0010000000002037268,0
2,4,event,39,0.0009580000005371403,0
2,4,event,40,0.0014160000009724172,0
2,4,event,41,0.0009580000005371403,0
2,4,event,42,0.0010409999995317776,0
2,4,event,43,0.0009170000012090895,0
2,4,event,44,0.0009169999993901001,0
2,4,event,45,0.001833000000260654,0
2,4,event,46,0.0012499999993451638,0
2,4,event,47,0.0009170000012090895,0
2,4,event,48,0.0012079999996785773,0
2,4,event,49,0.0009160000008705538,0
2,4,event,50,0.0011670000003505265,0
2,4,event,51,0.0010409999995317776,0
2,4,event,52,0.0009169999993901001,0
2,4,event,53,0.0009169999993901001,0
2,4,event,54,0.001291000000492204,0
2,4,event,55,0.00112500000068394,0
2,4,event,56,0.0010409999995317776,0
2,4,event,57,0.000875000001542503,0
2,4,event,58,0.0014579999988200143,0
2,4,event,59,0.0010000000002037268,0
2,4,event,60,0.011207999999896856,4
2,4,event,61,0.001374999999825377,0
2,4,event,62,0.001082999999198364,0
2,4,event,63,0.0009580000005371403,0
2,4,event,64,0.0012500000011641532,0
2,4,event,65,0.0009169999993901001,0
2,4,event,66,0.0009170000012090895,0
2,4,event,67,0.000959000000875676,0
2,4,event,68,0.0009169999993901001,0
2,4,event,69,0.0011249999988649506,0
2,4,event,70,0.001374999999825377,0
2,4,event,71,0.0009169999993901001,0
2,4,event,72,0.0009999999983847374,0
2,4,event,73,0.0009169999993901001,0
2,4,event,74,0.00112500000068394,0
2,4,event,75,0.0009169999993901001,0
2,4,event,76,0.0009580000005371403,0
2,4,event,77,0.0009580000005371403,0
2,4,event,78,0.001374999999825377,0
2,4,event,79,0.0010830000010173535,0
2,4,event,80,0.001209000000017113,0
2,4,event,81,0.0009589999990566866,0
2,4,event,82,0.0009580000005371403,0
2,4,event,83,0.0015000000003055902,0
2,4,event,84,0.0010419999998703133,0
2,4,event,85,0.0014169999994919635,0
2,4,event,86,0.000959000000875676,0
2,4,event,87,0.0012920000008307397,0
2,4,event,88,0.0009579999987181509,0
2,4,event,89,0.0009169999993901001,0
2,4,event,90,0.00112500000068394,0
2,4,event,91,0.0009169999993901001,0
2,4,event,92,0.0013330000001587905,0
2,4,event,93,0.0010419999998703133,0
2,4,event,94,0.0009589999990566866,0
2,4,event,95,0.0011249999988649506,0
2,4,event,96,0.000875000001542503,0
2,4,event,97,0.0009159999990515644,0
2,4,event,98,0.0009170000012090895,0
2,4,event,99,0.000959000000875676,0
2,4,event,100,0.0015000000003055902,0
2,4,event,101,0.0011670000003505265,0
2,4,event,102,0.0010000000002037268,0
2,4,event,103,0.000959000000875676,0
2,4,event,104,0.0010000000002037268,0
2,4,event,105,0.0013340000004973263,0
2,4,event,106,0.0011670000003505265,0
2,4,event,107,0.0009580000005371403,0
2,4,event,108,0.0009579999987181509,0
2,4,event,109,0.0014999999984866008,0
2,4,event,110,0.0009580000005371403,0
2,4,event,111,0.001583000001119217,0
2,4,event,112,0.0010000000002037268,0
2,4,event,113,0.0010000000002037268,0
2,4,event,114,0.0009159999990515644,0
2,4,event,115,0.0009169999993901001,0
2,4,event,116,0.0012499999993451638,0
2,4,event,117,0.0011669999985315371,0
2,4,event,118,0.0009579999987181509,0
2,4,event,119,0.0009580000005371403,0
2,4,event,120,0.011749999999665306,4
2,4,event,121,0.0012920000008307397,0
2,4,event,122,0.001082999999198364,0
2,4,event,123,0.0009159999990515644,0
2,4,event,124,0.0010830000010173535,0
2,4,event,125,0.001209000000017113,0
2,4,event,126,0.000959000000875676,0
2,4,event,127,0.0009589999990566866,0
2,4,event,128,0.0010419999998703133,0
2,4,event,129,0.0009580000005371403,0
2,4,event,130,0.00166700000045239,0
2,4,event,131,0.0009589999990566866,0
2,4,event,132,0.0009169999993901001,0
2,4,event,133,0.001041000001350767,0
2,4,event,134,0.0009169999993901001,0
2,4,event,135,0.0010840000013558893,0
2,4,event,136,0.0009159999990515644,0
2,4,event,137,0.0009170000012090895,0
2,4,event,138,0.000959000000875676,0
2,4,event,139,0.0008749999997235136,0
2,4,event,140,0.0009170000012090895,0
2,4,event,141,0.00166700000045239,0
2,4,event,142,0.001291000000492204,0
2,4,event,143,0.0009580000005371403,0
2,4,event,144,0.0011249999988649506,0
2,4,event,145,0.0009159999990515644,0
2,4,event,146,0.0012079999996785773,0
2,4,event,147,0.0010000000002037268,0
2,4,event,148,0.0011670000003505265,0
2,4,event,149,0.0009580000005371403,0
2,4,event,150,0.0010419999998703133,0
2,4,event,151,0.0013340000004973263,0
2,4,event,152,0.0008749999997235136,0
2,4,event,153,0.0010000000002037268,0
2,4,event,154,0.0009579999987181509,0
2,4,event,155,0.0009579999987181509,0
2,4,event,156,0.0012079999996785773,0
2,4,event,157,0.0010000000002037268,0
2,4,event,158,0.0010000000002037268,0
2,4,event,159,0.0009999999983847374,0
2,4,event,160,0.0012079999996785773,0
2,4,event,161,0.0010000000002037268,0
2,4,event,162,0.0012499999993451638,0
2,4,event,163,0.001041000001350767,0
2,4,event,164,0.0011249999988649506,0
2,4,event,165,0.0009580000005371403,0
2,4,event,166,0.0013330000001587905,0
2,4,event,167,0.00112500000068394,0
2,4,event,168,0.0009160000008705538,0
2,4,event,169,0.0008749999997235136,0
2,4,event,170,0.0014160000009724172,0
2,4,event,171,0.0009589999990566866,0
2,4,event,172,0.0014169999994919635,0
2,4,event,173,0.0010000000002037268,0
2,4,event,174,0.0009160000008705538,0
2,4,event,175,0.0010000000002037268,0
2,4,event,176,0.0009579999987181509,0
2,4,event,177,0.0012909999986732146,0
2,4,event,178,0.0009579999987181509,0
2,4,event,179,0.0011670000003505265,0
2,4,event,180,0.010209000000031665,4
2,4,event,181,0.0017090000001189765,0
2,4,event,182,0.0010000000002037268,0
2,4,event,183,0.0010000000002037268,0
2,4,event,184,0.0009580000005371403,0
2,4,event,185,0.0009580000005371403,0
2,4,event,186,0.0012500000011641532,0
2,4,event,187,0.0010409999995317776,0
2,4,event,188,0.0009589999990566866,0
2,4,event,189,0.0010000000002037268,0
2,4,event,190,0.0012919999990117503,0
2,4,event,191,0.0012499999993451638,0
2,4,event,192,0.0010409999995317776,0
2,4,event,193,0.0009580000005371403,0
2,4,event,194,0.0009580000005371403,0
2,4,event,195,0.0009169999993901001,0
2,4,event,196,0.0015419999999721767,0
2,4,event,197,0.0010000000002037268,0
2,4,event,198,0.0009159999990515644,0
2,4,event,199,0.0010000000002037268,0
2,4,event,200,0.0010000000002037268,0
2,4,event,201,0.0009160000008705538,0
2,4,event,202,0.0012920000008307397,0
2,4,event,203,0.0009579999987181509,0
2,4,event,204,0.001833000000260654,0
2,4,event,205,0.0010000000002037268,0
2,4,event,206,0.0010000000002037268,0
2,4,event,207,0.0014580000006390037,0
2,4,event,208,0.0010419999998703133,0
2,4,event,209,0.0009580000005371403,0
2,4,event,210,0.0011670000003505265,0
2,4,event,211,0.0009169999993901001,0
2,4,event,212,0.0012079999996785773,0
2,4,event,213,0.0009579999987181509,0
2,4,event,214,0.0010000000002037268,0
2,4,event,215,0.0009579999987181509,0
2,4,event,216,0.0010000000002037268,0
2,4,event,217,0.0011660000000119908,0
2,4,event,218,0.0010419999998703133,0
2,4,event,219,0.0009579999987181509,0
2,4,event,220,0.0010000000002037268,0
2,4,event,221,0.001374999999825377,0
2,4,event,222,0.0037919999995210674,0
2,4,event,223,0.0012079999996785773,0
2,4,event,224,0.0012079999996785773,0
2,4,event,225,0.0010000000002037268,0
2,4,event,226,0.0014590000009775395,0
2,4,event,227,0.0010000000002037268,0
2,4,event,228,0.00112500000068394,0
2,4,event,229,0.0010000000002037268,0
2,4,event,230,0.0009579999987181509,0
2,4,event,231,0.001374999999825377,0
2,4,event,232,0.0010000000002037268,0
2,4,event,233,0.00112500000068394,0
2,4,event,234,0.0010000000002037268,0
2,4,event,235,0.0012919999990117503,0
2,4,event,236,0.0010000000002037268,0
2,4,event,237,0.0009579999987181509,0
2,4,event,238,0.0011669999985315371,0
2,4,event,239,0.0010000000002037268,0
2,4,event,240,0.010874999999941792,4
2,4,event,241,0.0015829999993002275,0
2,4,event,242,0.001916999999593827,0
2,4,event,243,0.0010419999998703133,0
2,4,event,244,0.0009160000008705538,0
2,4,event,245,0.0011670000003505265,0
2,4,event,246,0.0009170000012090895,0
2,4,event,247,0.0012499999993451638,0
2,4,event,248,0.0009580000005371403,0
2,4,event,249,0.0009160000008705538,0
2,4,event,250,0.0013330000001587905,0
2,4,event,251,0.0009169999993901001,0
2,4,event,252,0.0012499999993451638,0
2,4,event,253,0.001082999999198364,0
2,4,event,254,0.000959000000875676,0
2,4,event,255,0.0010000000002037268,0
2,4,event,256,0.0010830000010173535,0
2,4,event,257,0.0012499999993451638,0
2,4,event,258,0.0009580000005371403,0
2,4,event,259,0.0010830000010173535,0
2,4,event,260,0.0009169999993901001,0
2,4,event,261,0.0009589999990566866,0
2,4,event,262,0.0009169999993901001,0
2,4,event,263,0.0012499999993451638,0
2,4,event,264,0.0010000000002037268,0
2,4,event,265,0.0009169999993901001,0
2,4,event,266,0.0009580000005371403,0
2,4,event,267,0.0015000000003055902,0
2,4,event,268,0.00112500000068394,0
2,4,event,269,0.0009579999987181509,0
2,4,event,270,0.001041000001350767,0
2,4,event,271,0.0010839999995368998,0
2,4,event,272,0.000959000000875676,0
2,4,event,273,0.001374999999825377,0
2,4,event,274,0.0009580000005371403,0
2,4,event,275,0.0009170000012090895,0
2,4,event,276,0.0010419999998703133,0
2,4,event,277,0.0009580000005371403,0
2,4,event,278,0.0011670000003505265,0
2,4,event,279,0.0011249999988649506,0
2,4,event,280,0.0011660000000119908,0
2,4,event,281,0.0013750000016443664,0
2,4,event,282,0.0011249999988649506,0
2,4,event,283,0.0011670000003505265,0
2,4,event,284,0.0012500000011641532,0
2,4,event,285,0.0009589999990566866,0
2,4,event,286,0.0010000000002037268,0
2,4,event,287,0.0010000000002037268,0
2,4,event,288,0.0016660000001138542,0
2,4,event,289,0.0012500000011641532,0
2,4,event,290,0.0010000000002037268,0
2,4,event,291,0.0009159999990515644,0
2,4,event,292,0.0012500000011641532,0
2,4,event,293,0.0009160000008705538,0
2,4,event,294,0.0011249999988649506,0
2,4,event,295,0.0010000000002037268,0
2,4,event,296,0.0010830000010173535,0
2,4,event,297,0.0009580000005371403,0
2,4,event,298,0.0012919999990117503,0
2,4,event,299,0.0012079999996785773,0
2,4,event,300,0.009958000000551692,4
2,4,event,301,0.0014169999994919635,0
2,4,event,302,0.0010409999995317776,0
2,4,event,303,0.0012499999993451638,0
2,4,event,304,0.0012079999996785773,0
2,4,event,305,0.0016250000007858034,0
2,4,event,306,0.0010419999998703133,0
2,4,event,307,0.0010419999998703133,0
2,4,event,308,0.0013340000004973263,0
2,4,event,309,0.0012500000011641532,0
2,4,event,310,0.0009580000005371403,0
2,4,event,311,0.00145899999915855,0
2,4,event,312,0.0009169999993901001,0
2,4,event,313,0.00112500000068394,0
2,4,event,314,0.000959000000875676,0
2,4,event,315,0.0010409999995317776,0
2,4,event,316,0.0009169999993901001,0
2,4,event,317,0.0020000000004074536,0
2,4,event,318,0.0012079999996785773,0
2,4,event,319,0.0009999999983847374,0
2,4,event,320,0.0009580000005371403,0
2,4,event,321,0.0009160000008705538,0
2,4,event,322,0.0008749999997235136,0
2,4,event,323,0.0009160000008705538,0
2,4,event,324,0.0011670000003505265,0
2,4,event,325,0.000959000000875676,0
2,4,event,326,0.0016660000001138542,0
2,4,event,327,0.0009580000005371403,0
2,4,event,328,0.0009169999993901001,0
2,4,event,329,0.0011670000003505265,0
2,4,event,330,0.001291000000492204,0
2,4,event,331,0.0010830000010173535,0
2,4,event,332,0.0009589999990566866,0
2,4,event,333,0.0010839999995368998,0
2,4,event,334,0.0012079999996785773,0
2,4,event,335,0.00112500000068394,0
2,4,event,336,0.0010000000002037268,0
2,4,event,337,0.0009169999993901001,0
2,4,event,338,0.0010000000002037268,0
2,4,event,339,0.0011670000003505265,0
2,4,event,340,0.001291000000492204,0
2,4,event,341,0.0014999999984866008,0
2,4,event,342,0.0010000000002037268,0
2,4,event,343,0.0011660000000119908,0
2,4,event,344,0.0009169999993901001,0
2,4,event,345,0.0011669999985315371,0
2,4,event,346,0.001374999999825377,0
2,4,event,347,0.000959000000875676,0
2,4,event,348,0.0010839999995368998,0
2,4,event,349,0.0009589999990566866,0
2,4,event,350,0.0010840000013558893,0
2,4,event,351,0.0009169999993901001,0
2,4,event,352,0.0009159999990515644,0
2,4,event,353,0.0012920000008307397,0
2,4,event,354,0.0009170000012090895,0
2,4,event,355,0.0012909999986732146,0
2,4,event,356,0.0009579999987181509,0
2,4,event,357,0.0009169999993901001,0
2,4,event,358,0.000959000000875676,0
2,4,event,359,0.001082999999198364,0
2,4,event,360,0.010708000001613982,4
2,4,event,361,0.001916999999593827,0
2,4,event,362,0.0010839999995368998,0
2,4,event,363,0.0009589999990566866,0
2,4,event,364,0.0018749999999272404,0
2,4,event,365,0.0010000000002037268,0
2,4,event,366,0.001209000000017113,0
2,4,event,367,0.001082999999198364,0
2,4,event,368,0.0009580000005371403,0
2,4,event,369,0.001209000000017113,0
2,4,event,370,0.0009169999993901001,0
2,4,event,371,0.0012499999993451638,0
2,4,event,372,0.0009170000012090895,0
2,4,event,373,0.0010000000002037268,0
2,4,event,374,0.0012499999993451638,0
2,4,event,375,0.0009160000008705538,0
2,4,event,376,0.0009579999987181509,0
2,4,event,377,0.0015840000014577527,0
2,4,event,378,0.0009579999987181509,0
2,4,event,379,0.0011249999988649506,0
2,4,event,380,0.0008749999997235136,0
2,4,event,381,0.0009580000005371403,0
2,4,event,382,0.0009999999983847374,0
2,4,event,383,0.000959000000875676,0
2,4,event,384,0.0010409999995317776,0
2,4,event,385,0.0012920000008307397,0
2,4,event,386,0.0009160000008705538,0
2,4,event,387,0.0009169999993901001,0
2,4,event,388,0.0010419999998703133,0
2,4,event,389,0.0009580000005371403,0
2,4,event,390,0.0012080000014975667,0
2,4,event,391,0.0009579999987181509,0
2,4,event,392,0.0009169999993901001,0
2,4,event,393,0.0016250000007858034,0
2,4,event,394,0.0010000000002037268,0
2,4,event,395,0.001209000000017113,0
2,4,event,396,0.0009169999993901001,0
2,4,event,397,0.0009159999990515644,0
2,4,event,398,0.0010830000010173535,0
2,4,event,399,0.001082999999198364,0
2,4,event,400,0.00112500000068394,0
2,4,event,401,0.0012499999993451638,0
2,4,event,402,0.000959000000875676,0
2,4,event,403,0.0015000000003055902,0
2,4,event,404,0.00112500000068394,0
2,4,event,405,0.0009589999990566866,0
2,4,event,406,0.0011249999988649506,0
2,4,event,407,0.0009170000012090895,0
2,4,event,408,0.0010419999998703133,0
2,4,event,409,0.00166700000045239,0
2,4,event,410,0.0010000000002037268,0
2,4,event,411,0.0012079999996785773,0
2,4,event,412,0.0009160000008705538,0
2,4,event,413,0.0009169999993901001,0
2,4,event,414,0.0017499999994470272,0
2,4,event,415,0.0010000000002037268,0
2,4,event,416,0.0012079999996785773,0
2,4,event,417,0.000959000000875676,0
2,4,event,418,0.001082999999198364,0
2,4,event,419,0.0010000000002037268,0
2,4,event,420,0.010707999999794993,4
2,4,event,421,0.0014580000006390037,0
2,4,event,422,0.0009580000005371403,0
2,4,event,423,0.0009580000005371403,0
2,4,event,424,0.0014160000009724172,0
2,4,event,425,0.0012079999996785773,0
2,4,event,426,0.0009580000005371403,0
2,4,event,427,0.0010839999995368998,0
2,4,event,428,0.0010000000002037268,0
2,4,event,429,0.0011249999988649506,0
2,4,event,430,0.0011660000000119908,0
2,4,event,431,0.0012920000008307397,0
2,4,event,432,0.0009160000008705538,0
2,4,event,433,0.0009579999987181509,0
2,4,event,434,0.0011670000003505265,0
2,4,event,435,0.00112500000068394,0
2,4,event,436,0.0009170000012090895,0
2,4,event,437,0.0009169999993901001,0
2,4,event,438,0.000959000000875676,0
2,4,event,439,0.0009160000008705538,0
2,4,event,440,0.0012079999996785773,0
2,4,event,441,0.0008749999997235136,0
2,4,event,442,0.0009160000008705538,0
2,4,event,443,0.0010419999998703133,0
2,4,event,444,0.0014169999994919635,0
2,4,event,445,0.0010419999998703133,0
2,4,event,446,0.0012920000008307397,0
2,4,event,447,0.0014579999988200143,0
2,4,event,448,0.0009169999993901001,0
2,4,event,449,0.0009170000012090895,0
2,4,event,450,0.0009159999990515644,0
2,4,event,451,0.0011669999985315371,0
2,4,event,452,0.0009589999990566866,0
2,4,event,453,0.0010830000010173535,0
2,4,event,454,0.0008749999997235136,0
2,4,event,455,0.0010840000013558893,0
2,4,event,456,0.001374999999825377,0
2,4,event,457,0.0010000000002037268,0
2,4,event,458,0.0010000000002037268,0
2,4,event,459,0.0009160000008705538,0
2,4,event,460,0.0010419999998703133,0
2,4,event,461,0.0012500000011641532,0
2,4,event,462,0.001209000000017113,0
2,4,event,463,0.0010000000002037268,0
2,4,event,464,0.0008749999997235136,0
2,4,event,465,0.0010000000002037268,0
2,4,event,466,0.0009160000008705538,0
2,4,event,467,0.0011670000003505265,0
2,4,event,468,0.001417000001310953,0
2,4,event,469,0.0014579999988200143,0
2,4,event,470,0.0009580000005371403,0
2,4,event,471,0.0009580000005371403,0
2,4,event,472,0.0012500000011641532,0
2,4,event,473,0.0019579999989218777,0
2,4,event,474,0.0010830000010173535,0
2,4,event,475,0.0012079999996785773,0
2,4,event,476,0.0010830000010173535,0
2,4,event,477,0.0012919999990117503,0
2,4,event,478,0.001041000001350767,0
2,4,event,479,0.0009580000005371403,0
2,4,event,480,0.01133300000037707,4
2,4,event,481,0.0015000000003055902,0
2,4,event,482,0.0010000000002037268,0
2,4,event,483,0.0009579999987181509,0
2,4,event,484,0.001417000001310953,0
2,4,event,485,0.000959000000875676,0
2,4,event,486,0.001209000000017113,0
2,4,event,487,0.0013340000004973263,0
2,4,event,488,0.000959000000875676,0
2,4,event,489,0.0009170000012090895,0
2,4,event,490,0.0009579999987181509,0
2,4,event,491,0.0017090000001189765,0
2,4,event,492,0.0009589999990566866,0
2,4,event,493,0.0010409999995317776,0
2,4,event,494,0.0009579999987181509,0
2,4,event,495,0.0009580000005371403,0
2,4,event,496,0.0010830000010173535,0
2,4,event,497,0.0009169999993901001,0
2,4,event,498,0.0010419999998703133,0
2,4,event,499,0.0009159999990515644,0
2,4,event,500,0.0010000000002037268,0
2,4,event,501,0.0015000000003055902,0
2,4,event,502,0.0009589999990566866,0
2,4,event,503,0.0009580000005371403,0
2,4,event,504,0.0009160000008705538,0
2,4,event,505,0.0008749999997235136,0
2,4,event,506,0.000875000001542503,0
2,4,event,507,0.001209000000017113,0
2,4,event,508,0.0010000000002037268,0
2,4,event,509,0.000959000000875676,0
2,4,event,510,0.0008749999997235136,0
2,4,event,511,0.0009170000012090895,0
2,4,event,512,0.001209000000017113,0
2,4,event,513,0.0009160000008705538,0
2,4,event,514,0.0009579999987181509,0
2,4,event,515,0.0009169999993901001,0
2,4,event,516,0.0010840000013558893,0
2,4,event,517,0.0013340000004973263,0
2,4,event,518,0.0026670000006561168,0
2,4,event,519,0.0032920000012381934,0
2,4,event,520,0.0031250000010913936,0
2,4,event,521,0.002500000000509317,0
2,4,event,522,0.00316700000075798,0
2,4,event,523,0.0034589999995660037,0
2,4,event,524,0.0024169999996956903,0
2,4,event,525,0.0025420000001759036,0
2,4,event,526,0.0022920000010344665,0
2,4,event,527,0.0023330000003625173,0
2,4,event,528,0.003040999999939231,0
2,4,event,529,0.002332999998543528,0
2,4,event,530,0.002500000000509317,0
2,4,event,531,0.0024169999996956903,0
2,4,event,532,0.003291999999419204,0
2,4,event,533,0.003042000000277767,0
2,4,event,534,0.0025420000001759036,0
2,4,event,535,0.002334000000701053,0
2,4,event,536,0.003042000000277767,0
2,4,event,537,0.0024999999986903276,0
2,4,event,538,0.0035830000015266705,0
2,4,event,539,0.002500000000509317,0
2,4,event,540,0.024542000001019915,4
2,4,event,541,0.004291999999622931,0
2,4,event,542,0.0025420000001759036,0
2,4,event,543,0.002500000000509317,0
2,4,event,544,0.0024580000008427305,0
2,4,event,545,0.0025840000016614795,0
2,4,event,546,0.002375000000029104,0
2,4,event,547,0.002958000000944594,0
2,4,event,548,0.0244170000005397,0
2,4,event,549,0.0029589999994641403,0
2,4,event,550,0.0026670000006561168,0
2,4,event,551,0.0031250000010913936,0
2,4,event,552,0.003333000000566244,0
2,4,event,553,0.002375000000029104,0
2,4,event,554,0.003457999999227468,0
2,4,event,555,0.0024169999996956903,0
2,4,event,556,0.002334000000701053,0
2,4,event,557,0.0028750000001309672,0
2,4,event,558,0.002500000000509317,0
2,4,event,559,0.0025829999995039543,0
2,4,event,560,0.003582999999707681,0
2,4,event,561,0.0028750000001309672,0
2,4,event,562,0.0024580000008427305,0
2,4,event,563,0.0030829999996058177,0
2,4,event,564,0.002457999999023741,0
2,4,event,565,0.00258399999984249,0
2,4,event,566,0.0024999999986903276,0
2,4,event,567,0.0025830000013229437,0
2,4,event,568,0.003625000001193257,0
2,4,event,569,0.002666000000317581,0
2,4,event,570,0.002749999999650754,0
2,4,event,571,0.002500000000509317,0
2,4,event,572,0.002500000000509317,0
2,4,event,573,0.0029160000012780074,0
2,4,event,574,0.0024999999986903276,0
2,4,event,575,0.002500000000509317,0
2,4,event,576,0.0024580000008427305,0
2,4,event,577,0.0024169999996956903,0
2,4,event,578,131.3925419999996,0
2,4,event,579,0.017625000000407454,0
2,4,event,580,0.003958000001148321,0
2,4,event,581,0.007375000001047738,0
2,4,event,582,0.0057500000002619345,0
2,4,event,583,0.006459000000177184,0
2,4,event,584,0.003291999999419204,0
2,4,event,585,0.00520900000083202,0
2,4,event,586,0.003208000000086031,0
2,4,event,587,0.0027079999999841675,0
2,4,event,588,0.003208000000086031,0
2,4,event,589,0.002500000000509317,0
2,4,event,590,0.0027079999999841675,0
2,4,event,591,0.0028750000001309672,0
2,4,event,592,0.0027500000014697434,0
2,4,event,593,0.002999999998792191,0
2,4,event,594,0.0031249999992724042,0
2,4,event,595,0.0024999999986903276,0
2,4,event,596,0.0032910000008996576,0
2,4,event,597,0.004249999999956344,0
2,4,event,598,0.0029589999994641403,0
2,4,event,599,0.0038340000010066433,0
2,4,event,600,0.10924999999951979,4
2,4,event,601,0.006042000000888947,0
2,4,event,602,0.00429200000144192,0
2,4,event,603,0.0029169999997975538,0
2,4,event,604,0.0027079999999841675,0
2,4,event,605,0.002500000000509317,0
2,4,event,606,0.002624999999170541,0
2,4,event,607,0.0029169999997975538,0
2,4,event,608,0.0032499999997526174,0
2,4,event,609,0.0025420000001759036,0
2,4,event,610,0.0028750000001309672,0
2,4,event,611,0.004625000001396984,0
2,4,event,612,0.0032499999997526174,0
2,4,event,613,0.0029169999997975538,0
2,4,event,614,0.002915999999459018,0
2,4,event,615,0.0024580000008427305,0
2,4,event,616,0.0046249999995779945,0
2,4,event,617,0.0030000000006111804,0
2,4,event,618,0.002375000000029104,0
2,4,event,619,0.0028330000004643807,0
2,4,event,620,0.0026250000009895302,0
2,4,event,621,0.0029579999991256045,0
2,4,event,622,0.0028329999986453913,0
2,4,event,623,0.0031249999992724042,0
2,4,event,624,0.002749999999650754,0
2,4,event,625,0.002207999999882304,0
2,4,event,626,0.002749999999650754,0
2,4,event,627,0.002749999999650754,0
2,4,event,628,0.002958000000944594,0
2,4,event,629,0.004041999998662504,0
2,4,event,630,0.0026669999988371274,0
2,4,event,631,0.002666000000317581,0
2,4,event,632,0.002624999999170541,0
2,4,event,633,0.0031250000010913936,0
2,4,event,634,0.004042000000481494,0
2,4,event,635,0.0026250000009895302,0
2,4,event,636,0.002666000000317581,0
2,4,event,637,0.0024580000008427305,0
2,4,event,638,0.0026670000006561168,0
2,4,event,639,0.003416999999899417,0
2,4,event,640,0.002958000000944594,0
2,4,event,641,0.002500000000509317,0
2,4,event,642,0.004499999999097781,0
2,4,event,643,0.002375000000029104,0
2,4,event,644,0.0046249999995779945,0
2,4,event,645,0.002375000000029104,0
2,4,event,646,0.0032499999997526174,0
2,4,event,647,0.0024169999996956903,0
2,4,event,648,0.0033329999987472547,0
2,4,event,649,0.003040999999939231,0
2,4,event,650,0.0024169999996956903,0
2,4,event,651,0.0025420000001759036,0
2,4,event,652,0.003291999999419204,0
2,4,event,653,0.002749999999650754,0
2,4,event,654,0.003957999999329331,0
2,4,event,655,0.003875000000334694,0
2,4,event,656,0.002666000000317581,0
2,4,event,657,0.0028750000001309672,0
2,4,event,658,0.004165999998804182,0
2,4,event,659,0.0028330000004643807,0
2,4,event,660,0.03541700000096171,4
2,4,event,661,0.0046249999995779945,0
2,4,event,662,0.0027079999999841675,0
2,4,event,663,0.0031249999992724042,0
2,4,event,664,0.0024999999986903276,0
2,4,event,665,0.0026669999988371274,0
2,4,event,666,0.0029169999997975538,0
2,4,event,667,0.0025420000001759036,0
2,4,event,668,0.0029160000012780074,0
2,4,event,669,0.002624999999170541,0
2,4,event,670,0.0024999999986903276,0
2,4,event,671,0.002458999999362277,0
2,4,event,672,12.448750000001382,0
2,4,event,673,0.007416000000375789,0
2,4,event,674,0.0020000000004074536,0
2,4,event,675,0.0014579999988200143,0
2,4,event,676,0.0009579999987181509,0
2,4,event,677,0.000959000000875676,0
2,4,event,678,0.002375000000029104,0
2,4,event,679,0.003917000000001281,0
2,4,event,680,0.0009580000005371403,0
2,4,event,681,0.0015000000003055902,0
2,4,event,682,0.0012500000011641532,0
2,4,event,683,0.0010419999998703133,0
2,4,event,684,0.001624999998966814,0
2,4,event,685,0.0012079999996785773,0
2,4,event,686,0.0008749999997235136,0
2,4,event,687,0.0010830000010173535,0
2,4,event,688,0.0010409999995317776,0
2,4,event,689,0.0011670000003505265,0
2,4,event,690,0.0008749999997235136,0
2,4,event,691,0.0008749999997235136,0
2,4,event,692,0.0010000000002037268,0
2,4,event,693,0.0008749999997235136,0
2,4,event,694,0.0011669999985315371,0
2,4,event,695,0.0008749999997235136,0
2,4,event,696,0.0008340000003954628,0
2,4,event,697,0.0008749999997235136,0
2,4,event,698,0.0009579999987181509,0
2,4,event,699,0.0007919999989098869,0
2,4,event,700,0.0011669999985315371,0
2,4,event,701,0.0008749999997235136,0
2,4,event,702,0.007958000000144239,0
2,4,event,703,0.0017079999997804407,0
2,4,event,704,0.0010830000010173535,0
2,4,event,705,0.0027079999999841675,0
2,4,event,706,0.0009589999990566866,0
2,4,event,707,0.0010000000002037268,0
2,4,event,708,0.000875000001542503,0
2,4,event,709,0.0009169999993901001,0
2,4,event,710,0.0017090000001189765,0
2,4,event,711,0.0009589999990566866,0
2,4,event,712,0.0009160000008705538,0
2,4,event,713,0.0009580000005371403,0
2,4,event,714,0.0009169999993901001,0
2,4,event,715,0.00112500000068394,0
2,4,event,716,0.0009169999993901001,0
2,4,event,717,0.0009170000012090895,0
2,4,event,718,0.0008330000000569271,0
2,4,event,719,0.004166000000623171,0
2,4,event,720,0.05216699999982666,4
2,4,event,721,0.002540999999837368,0
2,4,event,722,0.0010839999995368998,0
2,4,event,723,0.002500000000509317,0
2,4,event,724,0.001417000001310953,0
2,4,event,725,0.0009159999990515644,0
2,4,event,726,0.0009170000012090895,0
2,4,event,727,0.0010409999995317776,0
2,4,event,728,0.0017079999997804407,0
2,4,event,729,0.0012499999993451638,0
2,4,event,730,0.0009580000005371403,0
2,4,event,731,0.0009999999983847374,0
2,4,event,732,0.003749999999854481,0
2,4,event,733,0.0010000000002037268,0
2,4,event,734,0.00112500000068394,0
2,4,event,735,0.0008330000000569271,0
2,4,event,736,0.0009169999993901001,0
2,4,event,737,0.0018750000017462298,0
2,4,event,738,0.0008340000003954628,0
2,4,event,739,0.0008340000003954628,0
2,4,event,740,0.0010839999995368998,0
2,4,event,741,0.00145899999915855,0
2,4,event,742,0.0008749999997235136,0
2,4,event,743,0.0010839999995368998,0
2,4,event,744,0.0007920000007288763,0
2,4,event,745,0.0012079999996785773,0
2,4,event,746,0.0010000000002037268,0
2,4,event,747,0.0008749999997235136,0
2,4,event,748,0.0008749999997235136,0
2,4,event,749,0.0009169999993901001,0
2,4,event,750,0.0011249999988649506,0
2,4,event,751,0.0008749999997235136,0
2,4,event,752,0.0008749999997235136,0
2,4,event,753,0.0008330000000569271,0
2,4,event,754,0.001583000001119217,0
2,4,event,755,0.001082999999198364,0
2,4,event,756,0.0008330000000569271,0
2,4,event,757,0.0009580000005371403,0
2,4,event,758,0.0009579999987181509,0
2,4,event,759,0.0008330000000569271,0
2,4,event,760,0.0009579999987181509,0
2,4,event,761,0.0010830000010173535,0
2,4,event,762,0.003457999999227468,0
2,4,event,763,0.0010419999998703133,0
2,4,event,764,0.0010000000002037268,0
2,4,event,765,0.0009159999990515644,0
2,4,event,766,0.001209000000017113,0
2,4,event,767,0.0009169999993901001,0
2,4,event,768,0.0009580000005371403,0
2,4,event,769,0.0014159999991534278,0
2,4,event,770,0.0009170000012090895,0
2,4,event,771,0.0009159999990515644,0
2,4,event,772,0.0008330000000569271,0
2,4,event,773,0.0012499999993451638,0
2,4,event,774,0.001082999999198364,0
2,4,event,775,0.0008330000000569271,0
2,4,event,776,0.0007910000003903406,0
2,4,event,777,0.0009169999993901001,0
2,4,event,778,0.0009169999993901001,0
2,4,event,779,0.00112500000068394,0
2,4,event,780,0.022124999999505235,4
2,4,event,781,0.001583000001119217,0
2,4,event,782,0.0014169999994919635,0
2,4,event,783,0.0009160000008705538,0
2,4,event,784,0.0009580000005371403,0
2,4,event,785,0.0009169999993901001,0
2,4,event,786,0.0009160000008705538,0
2,4,event,787,0.0010419999998703133,0
2,4,event,788,0.0009160000008705538,0
2,4,event,789,0.0008749999997235136,0
2,4,event,790,0.0008749999997235136,0
2,4,event,791,0.0008749999997235136,0
2,4,event,792,0.004208000000289758,0
2,4,event,793,0.0012079999996785773,0
2,4,event,794,0.000875000001542503,0
2,4,event,795,0.0008749999997235136,0
2,4,event,796,0.0009579999987181509,0
2,4,event,797,0.0008749999997235136,0
2,4,event,798,0.0011249999988649506,0
2,4,event,799,0.00145899999915855,0
2,4,event,800,0.0008339999985764734,0
2,4,event,801,0.0008749999997235136,0
2,4,event,802,0.0007920000007288763,0
2,4,event,803,0.00112500000068394,0
2,4,event,804,0.0014169999994919635,0
2,4,event,805,0.0008330000000569271,0
2,4,event,806,0.0008749999997235136,0
2,4,event,807,0.0007919999989098869,0
2,4,event,808,0.0012499999993451638,0
2,4,event,809,0.0008340000003954628,0
2,4,event,810,0.000875000001542503,0
2,4,event,811,0.0009169999993901001,0
2,4,event,812,0.0012919999990117503,0
2,4,event,813,0.0007910000003903406,0
2,4,event,814,0.0010419999998703133,0
2,4,event,815,0.0009160000008705538,0
2,4,event,816,0.0018749999999272404,0
2,4,event,817,0.0008749999997235136,0
2,4,event,818,0.0008330000000569271,0
2,4,event,819,0.001082999999198364,0
2,4,event,820,0.0008330000000569271,0
2,4,event,821,0.0009169999993901001,0
2,4,event,822,0.0031249999992724042,0
2,4,event,823,0.00112500000068394,0
2,4,event,824,0.001082999999198364,0
2,4,event,825,0.0008749999997235136,0
2,4,event,826,0.0009580000005371403,0
2,4,event,827,0.0007919999989098869,0
2,4,event,828,0.0008330000000569271,0
2,4,event,829,0.000875000001542503,0
2,4,event,830,0.001082999999198364,0
2,4,event,831,0.0008330000000569271,0
2,4,event,832,0.0008749999997235136,0
2,4,event,833,0.0009999999983847374,0
2,4,event,834,0.0008749999997235136,0
2,4,event,835,0.0020839999997406267,0
2,4,event,836,0.0008340000003954628,0
2,4,event,837,0.0009169999993901001,0
2,4,event,838,0.0009160000008705538,0
2,4,event,839,0.0008330000000569271,0
2,4,event,840,0.017416999999113614,4
2,4,event,841,0.0015000000003055902,0
2,4,event,842,0.0009169999993901001,0
2,4,event,843,0.0012079999996785773,0
2,4,event,844,0.001374999999825377,0
2,4,event,845,0.0008749999997235136,0
2,4,event,846,0.0010000000002037268,0
2,4,event,847,0.0008749999997235136,0
2,4,event,848,0.0011670000003505265,0
2,4,event,849,0.0008339999985764734,0
2,4,event,850,0.0008339999985764734,0
2,4,event,851,0.0008340000003954628,0
2,4,event,852,0.006083000000216998,0
2,4,event,853,0.0009159999990515644,0
2,4,event,854,0.0010830000010173535,0
2,4,event,855,0.0007920000007288763,0
2,4,event,856,0.0008340000003954628,0
2,4,event,857,0.0009159999990515644,0
2,4,event,858,0.0008330000000569271,0
2,4,event,859,0.0012079999996785773,0
2,4,event,860,0.0010000000002037268,0
2,4,event,861,0.0007919999989098869,0
2,4,event,862,0.0009169999993901001,0
2,4,event,863,0.0009580000005371403,0
2,4,event,864,0.0011660000000119908,0
2,4,event,865,0.0009580000005371403,0
2,4,event,866,0.0032499999997526174,0
2,4,event,867,0.0022499999995488906,0
2,4,event,868,0.0020839999997406267,0
2,4,event,869,0.002749999999650754,0
2,4,event,870,0.0021670000005542533,0
2,4,event,871,0.002291000000695931,0
2,4,event,872,0.012582999999722233,0
2,4,event,873,0.002291999999215477,0
2,4,event,874,0.0021670000005542533,0
2,4,event,875,0.00279200000113633,0
2,4,event,876,0.00220900000022084,0
2,4,event,877,0.002166999998735264,0
2,4,event,878,0.0022499999995488906,0
2,4,event,879,0.00204200000007404,0
2,4,event,880,0.0028750000001309672,0
2,4,event,881,0.002125000000887667,0
2,4,event,882,0.002207999999882304,0
2,4,event,883,0.007625000000189175,0
2,4,event,884,0.002500000000509317,0
2,4,event,885,0.0027919999993173406,0
2,4,event,886,0.002375000000029104,0
2,4,event,887,0.002375000000029104,0
2,4,event,888,0.00225000000136788,0
2,4,event,889,0.002207999999882304,0
2,4,event,890,0.002291999999215477,0
2,4,event,891,0.002708999998503714,0
2,4,event,892,0.0022499999995488906,0
2,4,event,893,0.0021660000002157176,0
2,4,event,894,0.002165999998396728,0
2,4,event,895,0.0027079999999841675,0
2,4,event,896,0.0029590000012831297,0
2,4,event,897,0.002125000000887667,0
2,4,event,898,0.0027090000003227033,0
2,4,event,899,0.002166999998735264,0
2,4,event,900,0.036041999999724794,4
2,4,event,901,0.009582999999111053,0
2,4,event,902,0.0024580000008427305,0
2,4,event,903,0.0022499999995488906,0
2,4,event,904,0.0031250000010913936,0
2,4,event,905,0.002375000000029104,0
2,4,event,906,0.002291000000695931,0
2,4,event,907,0.002207999999882304,0
2,4,event,908,0.002624999999170541,0
2,4,event,909,0.004374999998617568,0
2,4,event,910,0.002291999999215477,0
2,4,event,911,0.0022499999995488906,0
2,4,event,912,0.0072089999994204845,0
2,4,event,913,0.0025829999995039543,0
2,4,event,914,0.002207999999882304,0
2,4,event,915,0.002749999999650754,0
2,4,event,916,0.0021670000005542533,0
2,4,event,917,0.002291999999215477,0
2,4,event,918,0.002207999999882304,0
2,4,event,919,0.002082999999402091,0
2,4,event,920,0.0027919999993173406,0
2,4,event,921,0.00220900000022084,0
2,4,event,922,0.0023330000003625173,0
2,4,event,923,0.002291000000695931,0
2,4,event,924,0.002291000000695931,0
2,4,event,925,0.0027500000014697434,0
2,4,event,926,0.0024169999996956903,0
2,4,event,927,0.002207999999882304,0
2,4,event,928,0.0020830000012210803,0
2,4,event,929,0.0029589999994641403,0
2,4,event,930,0.002207999999882304,0
2,4,event,931,0.002958000000944594,0
2,4,event,932,0.002125000000887667,0
2,4,event,933,0.002540999999837368,0
2,4,event,934,0.0024159999993571546,0
2,4,event,935,0.0021249999990686774,0
2,4,event,936,0.0029579999991256045,0
2,4,event,937,0.00225000000136788,0
2,4,event,938,0.002334000000701053,0
2,4,event,939,0.0022920000010344665,0
2,4,event,940,0.0021670000005542533,0
2,4,event,941,0.0028330000004643807,0
2,4,event,942,0.002207999999882304,0
2,4,event,943,0.007166999999753898,0
2,4,event,944,0.0023339999988820637,0
2,4,event,945,0.0021670000005542533,0
2,4,event,946,0.0028750000001309672,0
2,4,event,947,0.0022499999995488906,0
2,4,event,948,0.0022499999995488906,0
2,4,event,949,0.0020839999997406267,0
2,4,event,950,0.002166999998735264,0
2,4,event,951,0.002291999999215477,0
2,4,event,952,0.003917000000001281,0
2,4,event,953,0.0022920000010344665,0
2,4,event,954,0.003040999999939231,0
2,4,event,955,0.0021660000002157176,0
2,4,event,956,0.002457999999023741,0
2,4,event,957,0.0028750000001309672,0
2,4,event,958,0.0023330000003625173,0
2,4,event,959,0.002375000000029104,0
2,4,event,960,0.040750000000116415,4
2,4,event,961,0.004291999999622931,0
2,4,event,962,0.007499999999708962,0
2,4,event,963,0.0023330000003625173,0
2,4,event,964,0.0023339999988820637,0
2,4,event,965,0.002999999998792191,0
2,4,event,966,0.0032499999997526174,0
2,4,event,967,0.00225000000136788,0
2,4,event,968,0.0021670000005542533,0
2,4,event,969,0.002166999998735264,0
2,4,event,970,0.0021249999990686774,0
2,4,event,971,0.0027090000003227033,0
2,4,event,972,0.00316700000075798,0
2,4,event,973,0.007166999999753898,0
2,4,event,974,0.0037500000016734703,0
2,4,event,975,0.0021670000005542533,0
2,4,event,976,0.007542000001194538,0
2,4,event,977,0.002375000000029104,0
2,4,event,978,0.0021660000002157176,0
2,4,event,979,0.003083000001424807,0
2,4,event,980,0.0021660000002157176,0
2,4,event,981,0.0028330000004643807,0
2,4,event,982,0.0021249999990686774,0
2,4,event,983,0.00225000000136788,0
2,4,event,984,0.0024580000008427305,0
2,4,event,985,0.002207999999882304,0
2,4,event,986,0.0029169999997975538,0
2,4,event,987,0.0023330000003625173,0
2,4,event,988,0.00220900000022084,0
2,4,event,989,0.002291999999215477,0
2,4,event,990,0.002291999999215477,0
2,4,event,991,0.0021670000005542533,0
2,4,event,992,0.003416999999899417,0
2,4,event,993,0.002207999999882304,0
2,4,event,994,0.0021249999990686774,0
2,4,event,995,0.0021670000005542533,0
2,4,event,996,0.00220900000022084,0
2,4,event,997,0.002874999998311978,0
2,4,event,998,0.0022499999995488906,0
2,4,event,999,0.0022499999995488906,0
2,4,burst,0,0.21829199999956472,28
2,4,burst,1,0.16362499999922875,28
2,4,burst,2,0.2869169999994483,28
2,4,burst,3,5.002125000000888,28
2,4,burst,4,0.07383300000037707,28
2,4,burst,5,0.06291699999928824,28
2,4,burst,6,0.06833399999959511,28
2,4,burst,7,0.06262500000048021,28
2,4,burst,8,33.42566599999918,28
2,4,burst,9,14.814500000000407,28
2,4,burst,10,28.150915999998688,28
2,4,burst,11,0.07891699999890989,28
2,4,burst,12,0.06645800000114832,28
2,4,burst,13,0.36908299999959127,28
2,4,burst,14,0.5935410000001866,28
2,4,burst,15,3.1913750000003347,28
2,4,burst,16,0.21737500000017462,28
2,4,burst,17,0.42120799999975134,28
2,4,burst,18,4.310375000000931,28
2,4,burst,19,0.22016699999949196,28
2,4,burst,20,20.297458000000915,28
2,4,burst,21,0.14154099999905156,28
2,4,burst,22,0.08937499999956344,28
2,4,burst,23,0.07999999999992724,28
2,4,burst,24,0.07554200000049605,28
2,4,burst,25,0.08441700000003038,28
2,4,burst,26,0.08229199999914272,28
2,4,burst,27,0.07354099999975006,28
2,4,burst,28,0.07354200000008859,28
2,4,burst,29,0.07075000000077125,28
2,4,burst,30,0.07379199999923003,28
2,4,burst,31,0.08145899999908579,28
2,4,burst,32,0.07583399999930407,28
2,4,burst,33,0.07304199999998673,28
2,4,burst,34,0.07208299999911105,28
2,4,burst,35,0.07345800000075542,28
2,4,burst,36,0.07062500000029104,28
2,4,burst,37,0.0726249999988795,28
2,4,burst,38,0.0718749999996362,28
2,4,burst,39,0.07312500000080036,28
2,4,burst,40,0.07229199999892444,28
2,4,burst,41,0.07358399999975518,28
2,4,burst,42,0.07237499999973807,28
2,4,burst,43,0.07174999999915599,28
2,4,burst,44,0.07116599999972095,28
2,4,burst,45,0.07237499999973807,28
2,4,burst,46,0.07991699999911361,28
2,4,burst,47,0.07145899999886751,28
2,4,burst,48,0.07054199999947741,28
2,4,burst,49,0.07241699999940465,28
2,4,burst,50,0.07120899999972607,28
2,4,burst,51,0.07037499999933061,28
2,4,burst,52,0.06995800000004238,28
2,4,burst,53,0.07458299999962037,28
2,4,burst,54,0.07420799999999872,28
2,4,burst,55,0.07241700000122364,28
2,4,burst,56,0.06987499999922875,28
2,4,burst,57,0.0707090000014432,28
2,4,burst,58,0.07270900000003166,28
2,4,burst,59,0.06995900000038091,28
2,4,burst,60,0.06920899999931862,28
2,4,burst,61,0.07945800000015879,28
2,4,burst,62,0.07116599999972095,28
2,4,burst,63,0.07087500000125146,28
2,4,burst,64,0.06945799999994051,28
2,4,burst,65,0.07125000000087311,28
2,4,burst,66,0.0874999999996362,28
2,4,burst,67,0.07225000000107684,28
2,4,burst,68,0.0731660000001284,28
2,4,burst,69,0.11525000000074215,28
2,4,burst,70,0.08799999999973807,28
2,4,burst,71,0.07037499999933061,28
2,4,burst,72,0.07087499999943248,28
2,4,burst,73,0.07295800000065356,28
2,4,burst,74,0.0751670000008744,28
2,4,burst,75,0.07675000000017462,28
2,4,burst,76,0.07749999999941792,28
2,4,burst,77,0.07204100000126346,28
2,4,burst,78,0.07062500000029104,28
2,4,burst,79,0.07083299999976589,28
2,4,burst,80,0.07216700000026322,28
2,4,burst,81,0.07270799999969313,28
2,4,burst,82,0.07487500000024738,28
2,4,burst,83,0.07029199999851699,28
2,4,burst,84,0.06849999999940337,28
2,4,burst,85,0.07075000000077125,28
2,4,burst,86,0.07312499999898137,28
2,4,burst,87,0.06974999999874854,28
2,4,burst,88,0.07579100000111794,28
2,4,burst,89,0.06975000000056752,28
2,4,burst,90,0.070583999999144,28
2,4,burst,91,0.07062500000029104,28
2,4,burst,92,0.07708300000012969,28
2,4,burst,93,0.07162500000049477,28
2,4,burst,94,0.07224999999925785,28
2,4,burst,95,0.07349999999860302,28
2,4,burst,96,0.0745839999999589,28
2,4,burst,97,0.07049999999981083,28
2,4,burst,98,0.07220799999959127,28
2,4,burst,99,0.07099999999991269,28
2,4,burst,100,0.07295799999883457,28
2,4,burst,101,0.07137500000135333,28
2,4,burst,102,0.07445799999914016,28
2,4,burst,103,0.06975000000056752,28
2,4,burst,104,0.07274999999935972,28
2,4,burst,105,0.07029200000033597,28
2,4,burst,106,0.07670800000050804,28
2,4,burst,107,0.0718749999996362,28
2,4,burst,108,0.0738340000007156,28
2,4,burst,109,0.0755829999998241,28
2,4,burst,110,0.07300000000032014,28
2,4,burst,111,0.07104200000139826,28
2,4,burst,112,0.07191599999896425,28
2,4,burst,113,0.07270799999969313,28
2,4,burst,114,0.07391699999971024,28
2,4,burst,115,0.07154200000150013,28
2,4,burst,116,0.07374999999956344,28
2,4,burst,117,0.07041700000081619,28
2,4,burst,118,0.07283300000017334,28
2,4,burst,119,0.07583300000078452,28
2,4,burst,120,0.07062500000029104,28
2,4,burst,121,0.07175000000097498,28
2,4,burst,122,0.07354200000008859,28
2,4,burst,123,0.07099999999991269,28
2,4,burst,124,0.07345800000075542,28
2,4,burst,125,0.07133299999986775,28
2,4,burst,126,0.07279200000084529,28
2,4,burst,127,0.072041999999783,28
2,4,burst,128,0.07333299999845622,28
2,4,burst,129,0.07295799999883457,28
2,4,burst,130,0.07195800000044983,28
2,4,burst,131,0.07387500000004366,28
2,4,burst,132,0.07099999999991269,28
2,4,burst,133,0.06991700000071432,28
2,4,burst,134,0.06954199999927368,28
2,4,burst,135,0.07720799999879091,28
2,4,burst,136,0.06895799999983865,28
2,4,burst,137,0.07162499999867578,28
2,4,burst,138,0.0718749999996362,28
2,4,burst,139,0.07058300000062445,28
2,4,burst,140,0.07020799999918381,28
2,4,burst,141,0.06970799999908195,28
2,4,burst,142,0.07120800000120653,28
2,4,burst,143,0.07045800000014424,28
2,4,burst,144,0.06816699999944831,28
2,4,burst,145,0.0737089999984164,28
2,4,burst,146,0.06970899999942048,28
2,4,burst,147,0.072041999999783,28
2,4,burst,148,0.06899999999950523,28
2,4,burst,149,0.06900000000132422,28
2,4,burst,150,0.06783299999915471,28
2,4,burst,151,0.0753340000010212,28
2,4,burst,152,0.07233300000007148,28
2,4,burst,153,0.07054199999947741,28
2,4,burst,154,0.07008400000086112,28
2,4,burst,155,0.06975000000056752,28
2,4,burst,156,0.0705420000012964,28
2,4,burst,157,0.06991699999889534,28
2,4,burst,158,0.06895800000165764,28
2,4,burst,159,0.07412499999918509,28
2,4,burst,160,0.06883300000117742,28
2,4,burst,161,0.06925000000046566,28
2,4,burst,162,0.06866699999955017,28
2,4,burst,163,0.07200000000011642,28
2,4,burst,164,0.07049999999981083,28
2,4,burst,165,0.06962499999826832,28
2,4,burst,166,0.07083400000010442,28
2,4,burst,167,0.07766699999956472,28
2,4,burst,168,0.07054099999913888,28
2,4,burst,169,0.07049999999981083,28
2,4,burst,170,0.07049999999981083,28
2,4,burst,171,0.07083400000010442,28
2,4,burst,172,0.07008400000086112,28
2,4,burst,173,0.0694999999996071,28
2,4,burst,174,0.07524999999986903,28
2,4,burst,175,0.07237499999973807,28
2,4,burst,176,0.07025000000066939,28
2,4,burst,177,0.06908300000031886,28
2,4,burst,178,0.06970800000090094,28
2,4,burst,179,0.07245800000055169,28
2,4,burst,180,0.07058299999880546,28
2,4,burst,181,0.0749999999989086,28
2,4,burst,182,0.0740830000013375,28
2,4,burst,183,0.07145800000034797,28
2,4,burst,184,0.07016599999951723,28
2,4,burst,185,0.06975000000056752,28
2,4,burst,186,0.07445800000095915,28
2,4,burst,187,0.06941600000027393,28
2,4,burst,188,0.0727919999990263,28
2,4,burst,189,0.07029200000033597,28
2,4,burst,190,0.07120900000154506,28
2,4,burst,191,0.07037499999933061,28
2,4,burst,192,0.06912499999998545,28
2,4,burst,193,0.06987499999922875,28
2,4,burst,194,0.07150000000001455,28
2,4,burst,195,0.0705420000012964,28
2,4,burst,196,0.07066599999961909,28
2,4,burst,197,0.06837500000074215,28
2,4,burst,198,0.07487500000024738,28
2,4,burst,199,0.06991700000071432,28
2,4,burst,200,0.0693329999994603,28
2,4,burst,201,0.06849999999940337,28
2,4,burst,202,0.07354200000008859,28
2,4,burst,203,0.07000000000152795,28
2,4,burst,204,0.06879200000003038,28
2,4,burst,205,0.06816699999944831,28
2,4,burst,206,0.06958399999894027,28
2,4,burst,207,0.07049999999981083,28
2,4,burst,208,0.06941600000027393,28
2,4,burst,209,0.06820800000059535,28
2,4,burst,210,0.08150000000023283,28
2,4,burst,211,0.06954100000075414,28
2,4,burst,212,0.07045800000014424,28
2,4,burst,213,0.06895799999983865,28
2,4,burst,214,0.07908399999905669,28
2,4,burst,215,0.08924999999908323,28
2,4,burst,216,0.07658300000002782,28
2,4,burst,217,0.06899999999950523,28
2,4,burst,218,0.07754100000056496,28
2,4,burst,219,0.06854199999906996,28
2,4,burst,220,0.06850000000122236,28
2,4,burst,221,0.06820900000093388,28
2,4,burst,222,0.07120899999972607,28
2,4,burst,223,0.07179100000030303,28
2,4,burst,224,0.06958300000042072,28
2,4,burst,225,0.09145800000078452,28
2,4,burst,226,0.09395799999947485,28
2,4,burst,227,0.08945800000037707,28
2,4,burst,228,0.08995800000047893,28
2,4,burst,229,0.09083300000020245,28
2,4,burst,230,0.09679200000027777,28
2,4,burst,231,0.09499999999934516,28
2,4,burst,232,0.0910409999996773,28
2,4,burst,233,0.0919579999990674,28
2,4,burst,234,0.09179200000107812,28
2,4,burst,235,0.09266700000080164,28
2,4,burst,236,0.09200000000055297,28
2,4,burst,237,0.09100000000034925,28
2,4,burst,238,0.10316600000078324,28
2,4,burst,239,0.09262499999931606,28
2,4,burst,240,0.08975000000100408,28
2,4,burst,241,0.09329199999956472,28
2,4,burst,242,0.09000000000014552,28
2,4,burst,243,0.09087499999986903,28
2,4,burst,244,0.09145800000078452,28
2,4,burst,245,0.09545799999978044,28
2,4,burst,246,0.09066600000005565,28
2,4,burst,247,0.09141599999929895,28
2,4,burst,248,0.09387500000048021,28
2,4,burst,249,0.0913749999999709,28
2,4,burst,250,0.09208399999988615,28
2,4,burst,251,0.09158399999978428,28
2,4,burst,252,0.09337499999855936,28
2,4,burst,253,0.09370799999851442,28
2,4,burst,254,0.09058299999924202,28
2,4,burst,255,0.09025000000110595,28
2,4,burst,256,0.09016599999995378,28
2,4,burst,257,0.09245799999916926,28
2,4,burst,258,0.09099999999853026,28
2,4,burst,259,0.09641599999849859,28
2,4,burst,260,0.09099999999853026,28
2,4,burst,261,0.09308299999975134,28
2,4,burst,262,0.09112499999901047,28
2,4,burst,263,0.09254200000032142,28
2,4,burst,264,0.09587500000088767,28
2,4,burst,265,0.09354100000018661,28
2,4,burst,266,0.09404200000062701,28
2,4,burst,267,0.0907920000008744,28
2,4,burst,268,0.09112499999901047,28
2,4,burst,269,0.09333399999923131,28
2,4,burst,270,0.09308299999975134,28
2,4,burst,271,0.09733299999970768,28
2,4,burst,272,0.14087499999914144,28
2,4,burst,273,0.1412499999987631,28
2,4,burst,274,0.1453750000000582,28
2,4,burst,275,0.14104199999928824,28
2,4,burst,276,0.1389579999995476,28
2,4,burst,277,0.14587499999834108,28
2,4,burst,278,0.14920899999924586,28
2,4,burst,279,0.13941700000032142,28
2,4,burst,280,0.14587500000016007,28
2,4,burst,281,0.14804199999889534,28
2,4,burst,282,0.1472089999988384,28
2,4,burst,283,0.14387499999975262,28
2,4,burst,284,0.1470419999986916,28
2,4,burst,285,0.14962500000001455,28
2,4,burst,286,0.14904100000057952,28
2,4,burst,287,0.14329100000031758,28
2,4,burst,288,0.15029099999992468,28
2,4,burst,289,0.14883299999928568,28
2,4,burst,290,0.14591699999982666,28
2,4,burst,291,0.14387499999975262,28
2,4,burst,292,0.14383399999860558,28
2,4,burst,293,0.14291699999921548,28
2,4,burst,294,0.1492920000000595,28
2,4,burst,295,0.14487499999995634,28
2,4,burst,296,0.14533400000073016,28
2,4,burst,297,0.1424169999991136,28
2,4,burst,298,0.1443329999983689,28
2,4,burst,299,0.14662499999940337,28
2,4,burst,300,0.14691700000003038,28
2,4,burst,301,0.14679100000103062,28
2,4,burst,302,0.14954199999920093,28
2,4,burst,303,0.1424590000005992,28
2,4,burst,304,0.14570800000001327,28
2,4,burst,305,0.1466660000005504,28
2,4,burst,306,0.1430000000000291,28
2,4,burst,307,0.14370899999994435,28
2,4,burst,308,0.14379200000075798,28
2,4,burst,309,0.15625,28
2,4,burst,310,0.14408299999922747,28
2,4,burst,311,0.1415839999990567,28
2,4,burst,312,0.14516699999876437,28
2,4,burst,313,0.14333299999998417,28
2,4,burst,314,0.14575000000149885,28
2,4,burst,315,0.14279200000055425,28
2,4,burst,316,0.1475829999999405,28
2,4,burst,317,0.14570800000001327,28
2,4,burst,318,0.14262499999858846,28
2,4,burst,319,0.13937500000065484,28
2,4,burst,320,0.1449590000011085,28
2,4,burst,321,0.14870800000062445,28
2,4,burst,322,0.1474159999997937,28
2,4,burst,323,0.1436249999987922,28
2,4,burst,324,0.15562499999941792,28
2,4,burst,325,0.14416700000037963,28
2,4,burst,326,0.1424590000005992,28
2,4,burst,327,0.14191700000083074,28
2,4,burst,328,0.14516700000058336,28
2,4,burst,329,0.14366699999845878,28
2,4,burst,330,0.14354199999979755,28
2,4,burst,331,0.14879199999995762,28
2,4,burst,332,0.14158299999871815,28
2,4,burst,333,102.00437500000044,28
2,4,burst,334,0.16075000000091677,28
2,4,burst,335,0.13108400000055553,28
2,4,burst,336,0.145249999999578,28
2,4,burst,337,0.13299999999981083,28
2,4,burst,338,0.14037499999903957,28
2,4,burst,339,0.1361670000005688,28
2,4,burst,340,0.1306669999994483,28
2,4,burst,341,0.12687499999992724,28
2,4,burst,342,0.1244170000009035,28
2,4,burst,343,0.1259170000012091,28
2,4,burst,344,0.12104200000067067,28
2,4,burst,345,0.1277090000003227,28
2,4,burst,346,0.12208400000054098,28
2,4,burst,347,0.12729200000103447,28
2,4,burst,348,0.12270800000078452,28
2,4,burst,349,0.13595799999893643,28
2,4,burst,350,0.13479199999892444,28
2,4,burst,351,0.13991600000008475,28
2,4,burst,352,0.17433299999902374,28
2,4,burst,353,0.19958299999962037,28
2,4,burst,354,0.18624999999883585,28
2,4,burst,355,0.16466700000091805,28
2,4,burst,356,0.13879199999973935,28
2,4,burst,357,0.14445799999884912,28
2,4,burst,358,0.12645799999882001,28
2,4,burst,359,0.13166699999965203,28
2,4,burst,360,162.0900419999998,28
2,4,burst,361,151.4311660000003,28
2,4,burst,362,0.2373749999987922,28
2,4,burst,363,0.07758299999841256,28
2,4,burst,364,0.06633299999884912,28
2,4,burst,365,0.06870800000069721,28
2,4,burst,366,11.031750000000102,28
2,4,burst,367,0.3096660000010161,28
2,4,burst,368,1.7506669999984297,28
2,4,burst,369,0.16462499999943248,28
2,4,burst,370,0.15408299999944575,28
2,4,burst,371,0.13500000000021828,28
2,4,burst,372,0.1483750000006694,28
2,4,burst,373,0.15316700000039418,28
2,4,burst,374,0.165791999999783,28
2,4,burst,375,0.15450000000055297,28
2,4,burst,376,0.16966599999977916,28
2,4,burst,377,0.16274999999950523,28
2,4,burst,378,0.15487500000017462,28
2,4,burst,379,0.11641599999893515,28
2,4,burst,380,0.06441700000141282,28
2,4,burst,381,0.30670900000041,28
2,4,burst,382,0.0641250000007858,28
2,4,burst,383,0.06208300000071176,28
2,4,burst,384,0.06829199999992852,28
2,4,burst,385,0.05987500000082946,28
2,4,burst,386,0.06820800000059535,28
2,4,burst,387,0.05816699999923003,28
2,4,burst,388,37.00733299999956,28
2,4,burst,389,0.26433299999916926,28
2,4,burst,390,0.20412500000020373,28
2,4,burst,391,0.18154200000026322,28
2,4,burst,392,0.1838339999994787,28
2,4,burst,393,0.14995799999996962,28
2,4,burst,394,0.15854200000103447,28
2,4,burst,395,0.15583300000071176,28
2,4,burst,396,0.17104199999994307,28
2,4,burst,397,21.071458000000348,28
2,4,burst,398,0.09445799999957671,28
2,4,burst,399,0.06137499999931606,28
2,4,burst,400,0.08175000000119326,28
2,4,burst,401,0.06920799999898009,28
2,4,burst,402,0.065959000001385,28
2,4,burst,403,0.0742499999996653,28
2,4,burst,404,0.06704200000058336,28
2,4,burst,405,0.061042000001179986,28
2,4,burst,406,2.3132910000003903,28
2,4,burst,407,0.16883400000006077,28
2,4,burst,408,0.17324999999982538,28
2,4,burst,409,0.17595799999980954,28
2,4,burst,410,0.1656249999996362,28
2,4,burst,411,0.15958300000056624,28
2,4,burst,412,0.1547500000015134,28
2,4,burst,413,0.15616600000066683,28
2,4,burst,414,0.16116599999986647,28
2,4,burst,415,0.15354200000001583,28
2,4,burst,416,0.163791000000856,28
2,4,burst,417,0.15487500000017462,28
2,4,burst,418,0.1582090000010794,28
2,4,burst,419,0.1540000000004511,28
2,4,burst,420,0.15416600000025937,28
2,4,burst,421,0.15841600000021572,28
2,4,burst,422,0.15625,28
2,4,burst,423,0.1531250000007276,28
2,4,burst,424,0.16612499999973807,28
2,4,burst,425,0.15674999999828287,28
2,4,burst,426,0.15620900000067195,28
2,4,burst,427,0.22125000000050932,28
2,4,burst,428,0.6199169999999867,28
2,4,burst,429,0.25004100000114704,28
2,4,burst,430,0.19466599999941536,28
2,4,burst,431,0.21433299999989686,28
2,4,burst,432,0.08866699999998673,28
2,4,burst,433,0.06304099999942991,28
2,4,burst,434,0.06187499999941792,28
2,4,burst,435,0.09074999999938882,28
2,4,burst,436,0.07395799999903829,28
2,4,burst,437,0.06916699999965203,28
2,4,burst,438,0.09679200000027777,28
2,4,burst,439,0.06695899999976973,28
2,4,burst,440,0.06524999999965075,28
2,4,burst,441,0.06516700000065612,28
2,4,burst,442,0.07520800000020245,28
2,4,burst,443,0.06641599999966274,28
2,4,burst,444,0.06229200000052515,28
2,4,burst,445,0.08262500000091677,28
2,4,burst,446,0.07091699999909906,28
2,4,burst,447,0.06483399999888206,28
2,4,burst,448,0.06550000000061118,28
2,4,burst,449,0.06574999999975262,28
2,4,burst,450,0.07120899999972607,28
2,4,burst,451,0.06295900000077381,28
2,4,burst,452,0.08591700000033597,28
2,4,burst,453,0.06758300000001327,28
2,4,burst,454,0.07495799999924202,28
2,4,burst,455,0.06462499999906868,28
2,4,burst,456,0.05662500000107684,28
2,4,burst,457,0.060875000001033186,28
2,4,burst,458,0.057666999999128166,28
2,4,burst,459,0.055416999999579275,28
2,4,burst,460,0.05574999999953434,28
2,4,burst,461,0.05683399999907124,28
2,4,burst,462,0.05925000000024738,28
2,4,burst,463,0.05591699999968114,28
2,4,burst,464,0.06004200000097626,28
2,4,burst,465,0.12124999999832653,28
2,4,burst,466,0.14133299999957671,28
2,4,burst,467,0.1428749999995489,28
2,4,burst,468,0.14216699999997218,28
2,4,burst,469,0.1445000000003347,28
2,4,burst,470,0.1407500000004802,28
2,4,burst,471,0.14695799999935844,28
2,4,burst,472,66.85416600000099,28
2,4,burst,473,0.13949999999931606,28
2,4,burst,474,0.12049999999908323,28
2,4,burst,475,0.10941699999966659,28
2,4,burst,476,0.1101249999992433,28
2,4,burst,477,18.81195900000057,28
2,4,burst,478,32.1362079999999,28
2,4,burst,479,0.10591699999895354,28
2,4,burst,480,0.0650420000001759,28
2,4,burst,481,0.061792000000423286,28
2,4,burst,482,0.05979200000001583,28
2,4,burst,483,0.05762499999946158,28
2,4,burst,484,0.06120799999916926,28
2,4,burst,485,0.06725000000005821,28
2,4,burst,486,0.05941700000039418,28
2,4,burst,487,14.000667000000249,28
2,4,burst,488,0.1741249999995489,28
2,4,burst,489,0.1663750000006985,28
2,4,burst,490,10.682709000000614,28
2,4,burst,491,13.204625000000306,28
2,4,burst,492,10.145416999999725,28
2,4,burst,493,90.4897089999995,28
2,4,burst,494,0.11491600000044855,28
2,4,burst,495,0.09637500000098953,28
2,4,burst,496,0.09562499999992724,28
2,4,burst,497,0.08666699999957928,28
2,4,burst,498,0.15920899999946414,28
2,4,burst,499,0.1499999999996362,28
2,4,burst,500,0.16079100000024482,28
2,4,burst,501,0.16591599999992468,28
2,4,burst,502,0.14825000000018917,28
2,4,burst,503,0.14570800000001327,28
2,4,burst,504,0.14995799999996962,28
2,4,burst,505,0.14362500000061118,28
2,4,burst,506,0.1523750000014843,28
2,4,burst,507,0.1542910000007396,28
2,4,burst,508,0.14950000000135333,28
2,4,burst,509,0.15529199999946286,28
2,4,burst,510,0.1486669999994774,28
2,4,burst,511,0.1463339999991149,28
2,4,burst,512,0.14512499999909778,28
2,4,burst,513,0.14379100000041944,28
2,4,burst,514,0.15329099999871687,28
2,4,burst,515,0.14633299999877636,28
2,4,burst,516,0.14341699999931734,28
2,4,burst,517,0.14204199999949196,28
2,4,burst,518,0.14670899999873654,28
2,4,burst,519,0.14674999999988358,28
2,4,burst,520,0.15050000000155705,28
2,4,burst,521,0.14224999999896681,28
2,4,burst,522,0.14683299999887822,28
2,4,burst,523,0.14633300000059535,28
2,4,burst,524,0.14270899999974063,28
2,4,burst,525,0.15666700000110723,28
2,4,burst,526,0.14741700000013225,28
2,4,burst,527,0.1568749999987631,28
2,4,burst,528,0.14591699999982666,28
2,4,burst,529,0.14433399999870744,28
2,4,burst,530,0.14633299999877636,28
2,4,burst,531,0.14474999999947613,28
2,4,burst,532,0.14633299999877636,28
2,4,burst,533,0.14383300000008603,28
2,4,burst,534,0.14962500000001455,28
2,4,burst,535,0.14512499999909778,28
2,4,burst,536,0.14395799999874725,28
2,4,burst,537,0.1458329999986745,28
2,4,burst,538,0.14662499999940337,28
2,4,burst,539,0.14987500000097498,28
2,4,burst,540,0.14608399999997346,28
2,4,burst,541,0.1514580000002752,28
2,4,burst,542,0.14437499999985448,28
2,4,burst,543,0.1468330000006972,28
2,4,burst,544,0.14570800000001327,28
2,4,burst,545,0.14637500000026193,28
2,4,burst,546,0.14254200000141282,28
2,4,burst,547,0.14662499999940337,28
2,4,burst,548,0.14691700000003038,28
2,4,burst,549,0.14325000000098953,28
2,4,burst,550,0.14358399999946414,28
2,4,burst,551,0.14633300000059535,28
2,4,burst,552,0.14825000000018917,28
2,4,burst,553,0.14970800000082818,28
2,4,burst,554,0.14350000000013097,28
2,4,burst,555,0.14716699999917182,28
2,4,burst,556,0.14454200000000128,28
2,4,burst,557,0.14191700000083074,28
2,4,burst,558,0.14329200000065612,28
2,4,burst,559,0.1464589999995951,28
2,4,burst,560,0.1424170000009326,28
2,4,burst,561,0.14045900000019174,28
2,4,burst,562,0.14104199999928824,28
2,4,burst,563,0.1505829999987327,28
2,4,burst,564,0.14116599999942991,28
2,4,burst,565,0.14033300000119198,28
2,4,burst,566,0.14337499999965075,28
2,4,burst,567,0.14162500000020373,28
2,4,burst,568,0.13904200000069977,28
2,4,burst,569,0.14770900000075926,28
2,4,burst,570,0.15025000000059663,28
2,4,burst,571,0.14083300000129384,28
2,4,burst,572,0.14141600000039034,28
2,4,burst,573,0.13925000000017462,28
2,4,burst,574,0.14574999999967986,28
2,4,burst,575,0.1389579999995476,28
2,4,burst,576,0.14041699999870616,28
2,4,burst,577,0.145542000000205,28
2,4,burst,578,0.14512500000091677,28
2,4,burst,579,0.14458399999966787,28
2,4,burst,580,0.14545799999905284,28
2,4,burst,581,0.14191700000083074,28
2,4,burst,582,0.14445900000100664,28
2,4,burst,583,0.1400420000009035,28
2,4,burst,584,0.14637500000026193,28
2,4,burst,585,0.14562499999919964,28
2,4,burst,586,0.14383300000008603,28
2,4,burst,587,0.140332999999373,28
2,4,burst,588,0.14054199999918637,28
2,4,burst,589,0.1400419999990845,28
2,4,burst,590,0.14574999999967986,28
2,4,burst,591,0.14624999999978172,28
2,4,burst,592,0.14070899999933317,28
2,4,burst,593,0.14012499999989814,28
2,4,burst,594,0.14466600000014296,28
2,4,burst,595,0.14079099999980826,28
2,4,burst,596,0.14474999999947613,28
2,4,burst,597,0.14041700000052515,28
2,4,burst,598,0.14887500000077125,28
2,4,burst,599,0.15099999999983993,28
2,4,burst,600,0.1522499999991851,28
2,4,burst,601,0.14120899999943504,28
2,4,burst,602,0.14983399999982794,28
2,4,burst,603,0.14158300000053714,28
2,4,burst,604,0.1461250000011205,28
2,4,burst,605,0.14174999999886495,28
2,4,burst,606,0.15141699999912817,28
2,4,burst,607,0.14462499999899592,28
2,4,burst,608,0.15158299999893643,28
2,4,burst,609,0.1404579999998532,28
2,4,burst,610,0.14770900000075926,28
2,4,burst,611,0.14550000000053842,28
2,4,burst,612,0.1439169999994192,28
2,4,burst,613,0.14737500000046566,28
2,4,burst,614,0.1483749999988504,28
2,4,burst,615,0.1414999999997235,28
2,4,burst,616,0.1468330000006972,28
2,4,burst,617,0.14474999999947613,28
2,4,burst,618,0.1444999999985157,28
2,4,burst,619,0.13925000000017462,28
2,4,burst,620,0.14624999999978172,28
2,4,burst,621,0.14337499999965075,28
2,4,burst,622,0.14529100000072503,28
2,4,burst,623,0.13937500000065484,28
2,4,burst,624,0.14229100000011385,28
2,4,burst,625,0.14245800000026065,28
2,4,burst,626,0.15012500000011642,28
2,4,burst,627,0.14437499999985448,28
2,4,burst,628,0.14191699999901175,28
2,4,burst,629,0.142083000000639,28
2,4,burst,630,0.14395800000056624,28
2,4,burst,631,0.1397500000002765,28
2,4,burst,632,76.52583300000151,28
2,4,burst,633,76.69837499999994,28
2,4,burst,634,30.587541999999303,28
2,4,burst,635,29.237082999999984,28
2,4,burst,636,5.213874999999462,28
2,4,burst,637,11.191291999999521,28
2,4,burst,638,0.07141699999920093,28
2,4,burst,639,0.06258300000081363,28
2,4,burst,640,0.05866699999933189,28
2,4,burst,641,0.058417000000190455,28
2,4,burst,642,0.06645799999932933,28
2,4,burst,643,49.3784169999999,28
2,4,burst,644,0.2405830000006972,28
2,4,burst,645,25.59779200000048,28
2,4,burst,646,0.18387499999880674,28
2,4,burst,647,0.06975000000056752,28
2,4,burst,648,0.5083329999997659,28
2,4,burst,649,0.1665000000011787,28
2,4,burst,650,4.991500000000087,28
2,4,burst,651,0.08070899999984249,28
2,4,burst,652,0.19504199999937555,28
2,4,burst,653,0.07587500000045111,28
2,4,burst,654,0.07529199999953562,28
2,4,burst,655,0.08316700000068522,28
2,4,burst,656,0.07454200000029232,28
2,4,burst,657,0.06258299999899464,28
2,4,burst,658,0.0617919999986043,28
2,4,burst,659,0.05654099999992468,28
2,4,burst,660,0.10270800000034797,28
2,4,burst,661,0.10966700000062701,28
2,4,burst,662,0.35708299999896553,28
2,4,burst,663,0.06866599999921164,28
2,4,burst,664,0.07237499999973807,28
2,4,burst,665,0.08820899999955145,28
2,4,burst,666,0.059916999998677056,28
2,4,burst,667,0.05841600000167091,28
2,4,burst,668,5.077499999999418,28
2,4,burst,669,0.10262499999953434,28
2,4,burst,670,0.06945799999994051,28
2,4,burst,671,0.06241700000100536,28
2,4,burst,672,0.060459000000264496,28
2,4,burst,673,0.060666999999739346,28
2,4,burst,674,0.1257080000013957,28
2,4,burst,675,0.1427079999994021,28
2,4,burst,676,0.14624999999978172,28
2,4,burst,677,0.1453750000000582,28
2,4,burst,678,0.14070899999933317,28
2,4,burst,679,41.77599999999984,28
2,4,burst,680,0.1897080000017013,28
2,4,burst,681,0.16066700000010314,28
2,4,burst,682,7.3521660000005795,28
2,4,burst,683,0.2031669999996666,28
2,4,burst,684,0.19920799999999872,28
2,4,burst,685,0.18245899999965332,28
2,4,burst,686,0.16966599999977916,28
2,4,burst,687,0.17437500000050932,28
2,4,burst,688,0.19037500000013097,28
2,4,burst,689,0.21804100000008475,28
2,4,burst,690,1.0651669999988371,28
2,4,burst,691,0.2007080000003043,28
2,4,burst,692,0.16862500000024738,28
2,4,burst,693,6.291290999999546,28
2,4,burst,694,0.10504100000071048,28
2,4,burst,695,0.10562500000014552,28
2,4,burst,696,0.08541700000023411,28
2,4,burst,697,0.082749999999578,28
2,4,burst,698,0.14345900000080292,28
2,4,burst,699,0.15033300000141026,28
2,4,burst,700,0.15191700000104902,28
2,4,burst,701,0.14712499999950523,28
2,4,burst,702,0.15470800000002782,28
2,4,burst,703,0.1473340000011376,28
2,4,burst,704,0.11429200000020501,28
2,4,burst,705,0.08737499999915599,28
2,4,burst,706,0.09025000000110595,28
2,4,burst,707,0.08762500000011642,28
2,4,burst,708,0.08741700000064156,28
2,4,burst,709,0.08562499999970896,28
2,4,burst,710,0.09070900000006077,28
2,4,burst,711,0.13508399999955145,28
2,4,burst,712,0.13470799999959127,28
2,4,burst,713,0.08599999999933061,28
2,4,burst,714,0.08616599999913888,28
2,4,burst,715,7.512291999999434,28
2,4,burst,716,0.659749999998894,28
2,4,burst,717,0.08237499999995634,28
2,4,burst,718,0.06716700000106357,28
2,4,burst,719,0.06429099999877508,28
2,4,burst,720,0.06866699999955017,28
2,4,burst,721,0.06424999999944703,28
2,4,burst,722,0.06108400000084657,28
2,4,burst,723,0.059000000001105946,28
2,4,burst,724,0.06474999999954889,28
2,4,burst,725,0.06208300000071176,28
2,4,burst,726,0.05925000000024738,28
2,4,burst,727,0.0626670000001468,28
2,4,burst,728,12.429125000000568,28
2,4,burst,729,12.257832999999664,28
2,4,burst,730,7.485875000000306,28
2,4,burst,731,0.17791700000088895,28
2,4,burst,732,0.06979200000023411,28
2,4,burst,733,0.06304099999942991,28
2,4,burst,734,0.1955420000012964,28
2,4,burst,735,0.06149999999979627,28
2,4,burst,736,0.05795800000123563,28
2,4,burst,737,0.06133299999964947,28
2,4,burst,738,0.13450000000011642,28
2,4,burst,739,0.4076249999998254,28
2,4,burst,740,0.06450000000040745,28
2,4,burst,741,0.06729099999938626,28
2,4,burst,742,0.07045800000014424,28
2,4,burst,743,0.07612499999959255,28
2,4,burst,744,0.058209000000715605,28
2,4,burst,745,0.1437500000010914,28
2,4,burst,746,0.06683300000076997,28
2,4,burst,747,0.06133299999964947,28
2,4,burst,748,0.06929200000013225,28
2,4,burst,749,0.0625,28
2,4,burst,750,0.06016700000145647,28
2,4,burst,751,0.06479099999887694,28
2,4,burst,752,0.06612499999937427,28
2,4,burst,753,0.5375000000003638,28
2,4,burst,754,0.06754200000068522,28
2,4,burst,755,0.06666600000062317,28
2,4,burst,756,0.06704200000058336,28
2,4,burst,757,0.06295900000077381,28
2,4,burst,758,0.06404199999997218,28
2,4,burst,759,0.06433300000026065,28
2,4,burst,760,0.06020800000078452,28
2,4,burst,761,0.06633299999884912,28
2,4,burst,762,0.06274999999914144,28
2,4,burst,763,0.06320799999957671,28
2,4,burst,764,0.06599999999889405,28
2,4,burst,765,49.099458999999115,28
2,4,burst,766,24.037874999999985,28
2,4,burst,767,10.164415999999619,28
2,4,burst,768,10.20720799999981,28
2,4,burst,769,14.130499999999302,28
2,4,burst,770,0.21395799999845622,28
2,4,burst,771,96.68558299999859,28
2,4,burst,772,0.19800000000032014,28
2,4,burst,773,0.17345799999930023,28
2,4,burst,774,18.123625000000175,28
2,4,burst,775,0.123541999999361,28
2,4,burst,776,0.06395899999915855,28
2,4,burst,777,0.07120899999972607,28
2,4,burst,778,0.06520799999998417,28
2,4,burst,779,0.06925000000046566,28
2,4,burst,780,0.05999999999949068,28
2,4,burst,781,0.059750000000349246,28
2,4,burst,782,0.06604200000037963,28
2,4,burst,783,0.06454200000007404,28
2,4,burst,784,0.0647079999998823,28
2,4,burst,785,0.07549999999901047,28
2,4,burst,786,0.06154200000128185,28
2,4,burst,787,0.059750000000349246,28
2,4,burst,788,0.06337499999972351,28
2,4,burst,789,0.10170800000014424,28
2,4,burst,790,0.15816600000107428,28
2,4,burst,791,0.15395800000078452,28
2,4,burst,792,0.1495840000006865,28
2,4,burst,793,0.1253340000002936,28
2,4,burst,794,0.1389579999995476,28
2,4,burst,795,0.1288330000006681,28
2,4,burst,796,0.131375000000844,28
2,4,burst,797,0.14550000000053842,28
2,4,burst,798,0.15470800000002782,28
2,4,burst,799,0.1566660000007687,28
2,4,burst,800,0.1553330000006099,28
2,4,burst,801,0.1547499999996944,28
2,4,burst,802,10.843957999999475,28
2,4,burst,803,0.2585830000007263,28
2,4,burst,804,0.18333400000119582,28
2,4,burst,805,0.15979200000037963,28
2,4,burst,806,0.17216699999880802,28
2,4,burst,807,0.16024999999899592,28
2,4,burst,808,0.15737499999886495,28
2,4,burst,809,0.14941600000020117,28
2,4,burst,810,0.16504100000020117,28
2,4,burst,811,0.1615830000009737,28
2,4,burst,812,0.1536660000001575,28
2,4,burst,813,0.15241600000081235,28
2,4,burst,814,0.1547499999996944,28
2,4,burst,815,0.17270800000005693,28
2,4,burst,816,0.16841700000077253,28
2,4,burst,817,0.1479589999999007,28
2,4,burst,818,7.630541999998968,28
2,4,burst,819,2.2279579999994894,28
2,4,burst,820,0.18774999999914144,28
2,4,burst,821,0.15779199999997218,28
2,4,burst,822,0.1662080000005517,28
2,4,burst,823,0.15879099999983737,28
2,4,burst,824,0.16116599999986647,28
2,4,burst,825,0.15316700000039418,28
2,4,burst,826,0.16316700000061246,28
2,4,burst,827,68.74387500000012,28
2,4,burst,828,1.6874580000003334,28
2,4,burst,829,0.08625000000029104,28
2,4,burst,830,0.07137499999953434,28
2,4,burst,831,0.06895900000017718,28
2,4,burst,832,0.06016699999963748,28
2,4,burst,833,0.07133299999986775,28
2,4,burst,834,3.0012079999996786,28
2,4,burst,835,0.19883299999855808,28
2,4,burst,836,0.1718330000003334,28
2,4,burst,837,0.16500000000087311,28
2,4,burst,838,19.51695800000016,28
2,4,burst,839,0.16220900000007532,28
2,4,burst,840,0.07041700000081619,28
2,4,burst,841,0.06433300000026065,28
2,4,burst,842,0.06333300000005693,28
2,4,burst,843,0.05983399999968242,28
2,4,burst,844,0.05904200000077253,28
2,4,burst,845,0.05858299999999872,28
2,4,burst,846,0.06116600000132166,28
2,4,burst,847,0.05800000000090222,28
2,4,burst,848,0.11095799999930023,28
2,4,burst,849,0.07108399999924586,28
2,4,burst,850,0.06441699999959383,28
2,4,burst,851,0.06054100000073959,28
2,4,burst,852,0.059374999998908606,28
2,4,burst,853,0.06062500000007276,28
2,4,burst,854,0.060790999999881024,28
2,4,burst,855,0.059374999998908606,28
2,4,burst,856,0.05758300000161398,28
2,4,burst,857,0.05716700000084529,28
2,4,burst,858,0.060084000000642845,28
2,4,burst,859,0.05837500000052387,28
2,4,burst,860,0.06095900000036636,28
2,4,burst,861,0.057124999999359716,28
2,4,burst,862,0.058833000000959146,28
2,4,burst,863,0.06029099999977916,28
2,4,burst,864,0.056749999999738066,28
2,4,burst,865,0.05737500000032014,28
2,4,burst,866,0.057125000001178705,28
2,4,burst,867,0.05799999999908323,28
2,4,burst,868,0.05500000000029104,28
2,4,burst,869,0.05816600000071048,28
2,4,burst,870,0.05595799999900919,28
2,4,burst,871,0.055791999999200925,28
2,4,burst,872,0.05662499999925785,28
2,4,burst,873,0.08795800000007148,28
2,4,burst,874,0.14650000000074215,28
2,4,burst,875,0.14420799999970768,28
2,4,burst,876,0.14037500000085856,28
2,4,burst,877,0.1477500000000873,28
2,4,burst,878,0.1422920000004524,28
2,4,burst,879,0.1492920000000595,28
2,4,burst,880,0.14712500000132422,28
2,4,burst,881,0.14674999999988358,28
2,4,burst,882,0.14116699999976845,28
2,4,burst,883,0.14183299999967858,28
2,4,burst,884,0.8037500000009459,28
2,4,burst,885,0.15904200000113633,28
2,4,burst,886,0.23020800000085728,28
2,4,burst,887,0.27166699999906996,28
2,4,burst,888,0.16550000000097498,28
2,4,burst,889,0.16404200000033597,28
2,4,burst,890,0.15079200000036508,28
2,4,burst,891,0.14141700000072888,28
2,4,burst,892,0.2134170000008453,28
2,4,burst,893,0.1578750000007858,28
2,4,burst,894,0.1446670000004815,28
2,4,burst,895,0.2337920000009035,28
2,4,burst,896,0.24445799999921292,28
2,4,burst,897,0.14695799999935844,28
2,4,burst,898,0.1385420000005979,28
2,4,burst,899,0.228292000001602,28
2,4,burst,900,0.1556670000009035,28
2,4,burst,901,0.1509169999990263,28
2,4,burst,902,0.14437499999985448,28
2,4,burst,903,0.2758330000015121,28
2,4,burst,904,0.2027909999997064,28
2,4,burst,905,0.15558400000008987,28
2,4,burst,906,0.14841700000033597,28
2,4,burst,907,0.14433400000052643,28
2,4,burst,908,0.14620800000011513,28
2,4,burst,909,3.5684999999994034,28
2,4,burst,910,0.07787500000085856,28
2,4,burst,911,0.067124999999578,28
2,4,burst,912,0.0663749999985157,28
2,4,burst,913,0.0625,28
2,4,burst,914,0.05891699999847333,28
2,4,burst,915,39.33654100000058,28
2,4,burst,916,0.23220799999944575,28
2,4,burst,917,0.17087499999979627,28
2,4,burst,918,0.14949999999953434,28
2,4,burst,919,0.15116699999998673,28
2,4,burst,920,0.1489160000000993,28
2,4,burst,921,0.15174999999908323,28
2,4,burst,922,0.15095800000017334,28
2,4,burst,923,0.1444580000006681,28
2,4,burst,924,0.14595900000131223,28
2,4,burst,925,0.1492920000000595,28
2,4,burst,926,0.14608299999963492,28
2,4,burst,927,0.15720900000087568,28
2,4,burst,928,0.15204199999971024,28
2,4,burst,929,0.14550000000053842,28
2,4,burst,930,0.1461249999993015,28
2,4,burst,931,0.14437500000167347,28
2,4,burst,932,0.15308299999924202,28
2,4,burst,933,0.143791999998939,28
2,4,burst,934,0.14191599999867321,28
2,4,burst,935,0.1416669999998703,28
2,4,burst,936,0.14512500000091677,28
2,4,burst,937,0.14262500000040745,28
2,4,burst,938,69.97716600000058,28
2,4,burst,939,33.43316699999923,28
2,4,burst,940,0.24616599999899336,28
2,4,burst,941,0.16237499999988358,28
2,4,burst,942,0.15050000000155705,28
2,4,burst,943,0.14545899999939138,28
2,4,burst,944,81.95149999999921,28
2,4,burst,945,4.073959000001196,28
2,4,burst,946,0.15829200000007404,28
2,4,burst,947,6.028416000001016,28
2,4,burst,948,0.18837499999790452,28
2,4,burst,949,4.406459000001632,28
2,4,burst,950,0.20770799999809242,28
2,4,burst,951,0.16374999999970896,28
2,4,burst,952,0.15845899999840185,28
2,4,burst,953,0.1706670000021404,28
2,4,burst,954,0.1490830000002461,28
2,4,burst,955,0.1504160000004049,28
2,4,burst,956,0.15141600000060862,28
2,4,burst,957,0.14479100000244216,28
2,4,burst,958,28.458166999997047,28
2,4,burst,959,0.1843750000007276,28
2,4,burst,960,12.710791999998037,28
2,4,burst,961,0.19024999999965075,28
2,4,burst,962,0.1593749999992724,28
2,4,burst,963,0.1755410000005213,28
2,4,burst,964,0.16970800000126474,28
2,4,burst,965,0.14949999999953434,28
2,4,burst,966,0.1483750000006694,28
2,4,burst,967,0.15141600000060862,28
2,4,burst,968,0.15420799999992596,28
2,4,burst,969,0.14754200000243145,28
2,4,burst,970,0.19358400000055553,28
2,4,burst,971,0.1556669999990845,28
2,4,burst,972,0.1491249999999127,28
2,4,burst,973,0.16516699999920093,28
2,4,burst,974,0.1510420000013255,28
2,4,burst,975,0.15429199999925913,28
2,4,burst,976,0.15204199999789125,28
2,4,burst,977,0.14591700000164565,28
2,4,burst,978,0.1458329999986745,28
2,4,burst,979,0.14445899999918765,28
2,4,burst,980,0.14666700000088895,28
2,4,burst,981,3.8359159999999974,28
2,4,burst,982,0.882499999999709,28
2,4,burst,983,9.011749999997846,28
2,4,burst,984,0.19708300000274903,28
2,4,burst,985,0.16645900000003166,28
2,4,burst,986,0.1534170000013546,28
2,4,burst,987,0.1749999999992724,28
2,4,burst,988,0.15304100000139442,28
2,4,burst,989,2.727041999998619,28
2,4,burst,990,0.8843749999978172,28
2,4,burst,991,0.17874999999912689,28
2,4,burst,992,0.22304199999780394,28
2,4,burst,993,15.321499999998196,28
2,4,burst,994,0.22891700000036508,28
2,4,burst,995,0.17041700000117999,28
2,4,burst,996,0.16616699999940465,28
2,4,burst,997,0.1491249999999127,28
2,4,burst,998,0.1474160000034317,28
2,4,burst,999,0.17191599999932805,28
